timestamp,apparent_db,calibrated_db_a
2026-08-22T00:00:05,149.68,84.43
2026-08-22T00:00:06,116.83,52.04
2026-08-22T00:00:07,117.93,53.13
2026-08-22T00:00:08,119.95,55.12
2026-08-22T00:00:09,122.11,57.25
2026-08-22T00:00:10,124.56,59.66
2026-08-22T00:00:11,128.56,63.61
2026-08-22T00:00:12,129.5,64.54
2026-08-22T00:00:13,127.41,62.48
2026-08-22T00:00:14,121.09,56.25
2026-08-22T00:00:15,118.41,53.6
2026-08-22T00:00:16,117.25,52.46
2026-08-22T00:00:17,116.34,51.56
2026-08-22T00:00:18,115.57,50.8
2026-08-22T00:00:19,115.98,51.21
2026-08-22T00:00:20,115.87,51.1
2026-08-22T00:00:21,115.18,50.42
2026-08-22T00:00:22,115.14,50.38
2026-08-22T00:00:23,115.56,50.79
2026-08-22T00:00:24,115.41,50.65
2026-08-22T00:00:25,114.99,50.23
2026-08-22T00:00:26,115.51,50.74
2026-08-22T00:00:27,114.9,50.14
2026-08-22T00:00:28,114.92,50.17
2026-08-22T00:00:29,115.01,50.25
2026-08-22T00:00:30,115.38,50.61
2026-08-22T00:00:31,114.91,50.15
2026-08-22T00:00:32,115.44,50.68
2026-08-22T00:00:33,115.39,50.62
2026-08-22T00:00:34,115.21,50.44
2026-08-22T00:00:35,115.33,50.57
2026-08-22T00:00:36,115.29,50.53
2026-08-22T00:00:37,115.22,50.46
2026-08-22T00:00:38,115.96,51.18
2026-08-22T00:00:39,116.28,51.5
2026-08-22T00:00:40,115.69,50.92
2026-08-22T00:00:41,115.39,50.62
2026-08-22T00:00:42,115.56,50.79
2026-08-22T00:00:43,116.29,51.51
2026-08-22T00:00:44,116.14,51.37
2026-08-22T00:00:45,115.89,51.12
2026-08-22T00:00:46,116.32,51.54
2026-08-22T00:00:47,116.56,51.78
2026-08-22T00:00:48,116.18,51.4
2026-08-22T00:00:49,115.87,51.1
2026-08-22T00:00:50,115.92,51.15
2026-08-22T00:00:51,116.5,51.72
2026-08-22T00:00:52,116.82,52.04
2026-08-22T00:00:53,115.91,51.14
2026-08-22T00:00:54,115.86,51.09
2026-08-22T00:00:55,116.17,51.39
2026-08-22T00:00:56,116.64,51.86
2026-08-22T00:00:57,116.32,51.54
2026-08-22T00:00:58,115.82,51.05
2026-08-22T00:00:59,115.26,50.5
2026-08-22T00:01:00,116.13,51.35
2026-08-22T00:01:01,115.69,50.92
2026-08-22T00:01:02,115.16,50.4
2026-08-22T00:01:03,115.86,51.09
2026-08-22T00:01:04,115.65,50.88
2026-08-22T00:01:05,115.8,51.03
2026-08-22T00:01:06,115.22,50.46
2026-08-22T00:01:07,115.57,50.8
2026-08-22T00:01:08,115.67,50.9
2026-08-22T00:01:09,116.05,51.28
2026-08-22T00:01:10,116.21,51.44
2026-08-22T00:01:11,116.41,51.63
2026-08-22T00:01:12,116.75,51.97
2026-08-22T00:01:13,117.4,52.61
2026-08-22T00:01:14,119.56,54.74
2026-08-22T00:01:15,119.97,55.14
2026-08-22T00:01:16,120.46,55.63
2026-08-22T00:01:17,122.03,57.17
2026-08-22T00:01:18,123.57,58.69
2026-08-22T00:01:19,123.9,59.02
2026-08-22T00:01:20,122.04,57.19
2026-08-22T00:01:21,120.91,56.06
2026-08-22T00:01:22,119.7,54.88
2026-08-22T00:01:23,118.96,54.15
2026-08-22T00:01:24,118.4,53.59
2026-08-22T00:01:25,118.02,53.22
2026-08-22T00:01:26,116.03,51.26
2026-08-22T00:01:27,116.11,51.33
2026-08-22T00:01:28,116.35,51.58
2026-08-22T00:01:29,116.37,51.59
2026-08-22T00:01:30,116.55,51.77
2026-08-22T00:01:31,115.55,50.79
2026-08-22T00:01:32,115.7,50.94
2026-08-22T00:01:33,115.69,50.92
2026-08-22T00:01:34,116.14,51.37
2026-08-22T00:01:35,116.26,51.48
2026-08-22T00:01:36,116.46,51.68
2026-08-22T00:01:37,116.42,51.64
2026-08-22T00:01:38,117.15,52.36
2026-08-22T00:01:39,116.77,51.98
2026-08-22T00:01:40,117.53,52.73
2026-08-22T00:01:41,117.55,52.75
2026-08-22T00:01:42,118.25,53.45
2026-08-22T00:01:43,120.42,55.58
2026-08-22T00:01:44,123.95,59.06
2026-08-22T00:01:45,126.23,61.31
2026-08-22T00:01:46,129.17,64.21
2026-08-22T00:01:47,129.06,64.1
2026-08-22T00:01:48,124.07,59.18
2026-08-22T00:01:49,121.16,56.32
2026-08-22T00:01:50,118.81,54.0
2026-08-22T00:01:51,117.83,53.03
2026-08-22T00:01:52,117.09,52.3
2026-08-22T00:01:53,116.96,52.17
2026-08-22T00:01:54,116.26,51.49
2026-08-22T00:01:55,116.09,51.32
2026-08-22T00:01:56,116.17,51.39
2026-08-22T00:01:57,116.53,51.75
2026-08-22T00:01:58,115.93,51.16
2026-08-22T00:01:59,116.44,51.66
2026-08-22T00:02:00,116.82,52.04
2026-08-22T00:02:01,117.19,52.4
2026-08-22T00:02:02,115.6,50.83
2026-08-22T00:02:03,115.84,51.07
2026-08-22T00:02:04,116.44,51.66
2026-08-22T00:02:05,116.2,51.43
2026-08-22T00:02:06,115.82,51.05
2026-08-22T00:02:07,115.6,50.83
2026-08-22T00:02:08,115.42,50.66
2026-08-22T00:02:09,115.42,50.66
2026-08-22T00:02:10,115.31,50.55
2026-08-22T00:02:11,115.74,50.97
2026-08-22T00:02:12,116.15,51.37
2026-08-22T00:02:13,116.49,51.71
2026-08-22T00:02:14,116.03,51.26
2026-08-22T00:02:15,115.48,50.71
2026-08-22T00:02:16,115.57,50.81
2026-08-22T00:02:17,115.91,51.14
2026-08-22T00:02:18,115.99,51.22
2026-08-22T00:02:19,115.73,50.96
2026-08-22T00:02:20,115.21,50.45
2026-08-22T00:02:21,115.61,50.84
2026-08-22T00:02:22,116.09,51.32
2026-08-22T00:02:23,116.2,51.42
2026-08-22T00:02:24,115.87,51.1
2026-08-22T00:02:25,115.07,50.32
2026-08-22T00:02:26,115.18,50.42
2026-08-22T00:02:27,114.99,50.24
2026-08-22T00:02:28,115.39,50.62
2026-08-22T00:02:29,115.38,50.62
2026-08-22T00:02:30,115.13,50.37
2026-08-22T00:02:31,115.81,51.04
2026-08-22T00:02:32,115.07,50.31
2026-08-22T00:02:33,115.67,50.9
2026-08-22T00:02:34,115.6,50.84
2026-08-22T00:02:35,115.27,50.51
2026-08-22T00:02:36,115.08,50.32
2026-08-22T00:02:37,114.91,50.15
2026-08-22T00:02:38,115.65,50.89
2026-08-22T00:02:39,114.9,50.15
2026-08-22T00:02:40,115.22,50.46
2026-08-22T00:02:41,115.05,50.29
2026-08-22T00:02:42,115.14,50.38
2026-08-22T00:02:43,115.71,50.94
2026-08-22T00:02:44,116.13,51.36
2026-08-22T00:02:45,115.61,50.84
2026-08-22T00:02:46,115.17,50.41
2026-08-22T00:02:47,115.03,50.28
2026-08-22T00:02:48,115.4,50.64
2026-08-22T00:02:49,115.17,50.41
2026-08-22T00:02:50,115.3,50.54
2026-08-22T00:02:51,114.8,50.04
2026-08-22T00:02:52,115.15,50.39
2026-08-22T00:02:53,114.6,49.84
2026-08-22T00:02:54,115.02,50.27
2026-08-22T00:02:55,115.56,50.79
2026-08-22T00:02:56,115.65,50.88
2026-08-22T00:02:57,115.1,50.34
2026-08-22T00:02:58,115.09,50.33
2026-08-22T00:02:59,115.36,50.6
2026-08-22T00:03:00,114.74,49.98
2026-08-22T00:03:01,115.36,50.6
2026-08-22T00:03:02,115.01,50.26
2026-08-22T00:03:03,115.0,50.24
2026-08-22T00:03:04,115.13,50.37
2026-08-22T00:03:05,115.1,50.34
2026-08-22T00:03:06,114.73,49.98
2026-08-22T00:03:07,115.02,50.26
2026-08-22T00:03:08,115.48,50.72
2026-08-22T00:03:09,115.03,50.27
2026-08-22T00:03:10,115.27,50.51
2026-08-22T00:03:11,115.87,51.1
2026-08-22T00:03:12,115.37,50.61
2026-08-22T00:03:13,115.31,50.54
2026-08-22T00:03:14,114.92,50.17
2026-08-22T00:03:15,115.35,50.59
2026-08-22T00:03:16,115.45,50.69
2026-08-22T00:03:17,115.65,50.89
2026-08-22T00:03:18,115.4,50.64
2026-08-22T00:03:19,115.9,51.13
2026-08-22T00:03:20,116.52,51.74
2026-08-22T00:03:21,117.6,52.81
2026-08-22T00:03:22,118.61,53.8
2026-08-22T00:03:23,120.84,56.0
2026-08-22T00:03:24,125.52,60.61
2026-08-22T00:03:25,128.42,63.47
2026-08-22T00:03:26,129.23,64.27
2026-08-22T00:03:27,130.01,65.04
2026-08-22T00:03:28,129.23,64.27
2026-08-22T00:03:29,128.34,63.39
2026-08-22T00:03:30,129.56,64.6
2026-08-22T00:03:31,131.07,66.08
2026-08-22T00:03:32,128.84,63.89
2026-08-22T00:03:33,125.82,60.91
2026-08-22T00:03:34,121.46,56.61
2026-08-22T00:03:35,118.91,54.1
2026-08-22T00:03:36,117.83,53.03
2026-08-22T00:03:37,117.28,52.49
2026-08-22T00:03:38,116.62,51.84
2026-08-22T00:03:39,117.07,52.29
2026-08-22T00:03:40,116.83,52.04
2026-08-22T00:03:41,117.78,52.99
2026-08-22T00:03:42,118.15,53.34
2026-08-22T00:03:43,120.6,55.76
2026-08-22T00:03:44,122.25,57.39
2026-08-22T00:03:45,124.01,59.12
2026-08-22T00:03:46,125.15,60.25
2026-08-22T00:03:47,126.93,62.0
2026-08-22T00:03:48,128.51,63.56
2026-08-22T00:03:49,128.53,63.58
2026-08-22T00:03:50,128.36,63.41
2026-08-22T00:03:51,128.18,63.23
2026-08-22T00:03:52,127.15,62.22
2026-08-22T00:03:53,125.78,60.87
2026-08-22T00:03:54,123.72,58.84
2026-08-22T00:03:55,121.77,56.92
2026-08-22T00:03:56,120.38,55.55
2026-08-22T00:03:57,119.22,54.4
2026-08-22T00:03:58,118.66,53.85
2026-08-22T00:03:59,119.15,54.34
2026-08-22T00:04:00,118.18,53.38
2026-08-22T00:04:01,117.64,52.85
2026-08-22T00:04:02,117.42,52.62
2026-08-22T00:04:03,116.92,52.14
2026-08-22T00:04:04,116.33,51.56
2026-08-22T00:04:05,116.43,51.65
2026-08-22T00:04:06,115.85,51.08
2026-08-22T00:04:07,116.14,51.36
2026-08-22T00:04:08,115.81,51.04
2026-08-22T00:04:09,115.64,50.87
2026-08-22T00:04:10,116.25,51.47
2026-08-22T00:04:11,116.14,51.37
2026-08-22T00:04:12,115.63,50.87
2026-08-22T00:04:13,116.48,51.7
2026-08-22T00:04:14,115.03,50.28
2026-08-22T00:04:15,115.68,50.91
2026-08-22T00:04:16,115.47,50.71
2026-08-22T00:04:17,115.86,51.09
2026-08-22T00:04:18,115.39,50.63
2026-08-22T00:04:19,115.19,50.43
2026-08-22T00:04:20,115.18,50.42
2026-08-22T00:04:21,114.95,50.19
2026-08-22T00:04:22,115.49,50.72
2026-08-22T00:04:23,115.82,51.05
2026-08-22T00:04:24,115.67,50.91
2026-08-22T00:04:25,115.39,50.63
2026-08-22T00:04:26,116.2,51.42
2026-08-22T00:04:27,115.77,51.0
2026-08-22T00:04:28,116.1,51.32
2026-08-22T00:04:29,116.45,51.67
2026-08-22T00:04:30,117.63,52.84
2026-08-22T00:04:31,118.23,53.43
2026-08-22T00:04:32,119.01,54.2
2026-08-22T00:04:33,120.04,55.21
2026-08-22T00:04:34,122.82,57.95
2026-08-22T00:04:35,123.66,58.78
2026-08-22T00:04:36,127.14,62.21
2026-08-22T00:04:37,127.12,62.19
2026-08-22T00:04:38,129.74,64.77
2026-08-22T00:04:39,122.74,57.87
2026-08-22T00:04:40,120.25,55.42
2026-08-22T00:04:41,117.03,52.25
2026-08-22T00:04:42,116.43,51.65
2026-08-22T00:04:43,115.84,51.07
2026-08-22T00:04:44,115.66,50.89
2026-08-22T00:04:45,115.55,50.79
2026-08-22T00:04:46,115.36,50.6
2026-08-22T00:04:47,115.5,50.73
2026-08-22T00:04:48,115.29,50.53
2026-08-22T00:04:49,115.57,50.81
2026-08-22T00:04:50,115.33,50.57
2026-08-22T00:04:51,116.64,51.86
2026-08-22T00:04:52,116.28,51.5
2026-08-22T00:04:53,114.96,50.2
2026-08-22T00:04:54,115.08,50.32
2026-08-22T00:04:55,115.05,50.29
2026-08-22T00:04:56,115.18,50.42
2026-08-22T00:04:57,115.88,51.11
2026-08-22T00:04:58,115.7,50.93
2026-08-22T00:04:59,115.82,51.05
2026-08-22T00:05:00,115.83,51.06
2026-08-22T00:05:01,115.54,50.77
2026-08-22T00:05:02,116.01,51.24
2026-08-22T00:05:03,115.41,50.64
2026-08-22T00:05:04,117.09,52.3
2026-08-22T00:05:05,117.47,52.68
2026-08-22T00:05:06,116.91,52.13
2026-08-22T00:05:07,117.29,52.5
2026-08-22T00:05:08,119.38,54.56
2026-08-22T00:05:09,117.9,53.1
2026-08-22T00:05:10,117.77,52.97
2026-08-22T00:05:11,118.46,53.65
2026-08-22T00:05:12,121.22,56.38
2026-08-22T00:05:13,122.94,58.07
2026-08-22T00:05:14,124.74,59.84
2026-08-22T00:05:15,125.21,60.3
2026-08-22T00:05:16,129.1,64.14
2026-08-22T00:05:17,130.96,65.98
2026-08-22T00:05:18,134.52,69.49
2026-08-22T00:05:19,134.79,69.75
2026-08-22T00:05:20,137.41,72.33
2026-08-22T00:05:21,133.84,68.81
2026-08-22T00:05:22,132.13,67.13
2026-08-22T00:05:23,129.03,64.08
2026-08-22T00:05:24,126.16,61.24
2026-08-22T00:05:25,122.41,57.55
2026-08-22T00:05:26,120.1,55.27
2026-08-22T00:05:27,123.67,58.79
2026-08-22T00:05:28,123.65,58.77
2026-08-22T00:05:29,127.63,62.69
2026-08-22T00:05:30,128.6,63.65
2026-08-22T00:05:31,130.02,65.05
2026-08-22T00:05:32,123.18,58.3
2026-08-22T00:05:33,119.33,54.51
2026-08-22T00:05:34,117.2,52.41
2026-08-22T00:05:35,116.75,51.97
2026-08-22T00:05:36,116.0,51.23
2026-08-22T00:05:37,116.87,52.09
2026-08-22T00:05:38,116.08,51.3
2026-08-22T00:05:39,115.94,51.17
2026-08-22T00:05:40,116.04,51.27
2026-08-22T00:05:41,116.29,51.51
2026-08-22T00:05:42,115.44,50.67
2026-08-22T00:05:43,115.53,50.77
2026-08-22T00:05:44,115.81,51.04
2026-08-22T00:05:45,116.34,51.57
2026-08-22T00:05:46,116.38,51.61
2026-08-22T00:05:47,116.56,51.78
2026-08-22T00:05:48,114.84,50.08
2026-08-22T00:05:49,114.93,50.18
2026-08-22T00:05:50,115.38,50.62
2026-08-22T00:05:51,115.37,50.61
2026-08-22T00:05:52,115.85,51.08
2026-08-22T00:05:53,115.24,50.47
2026-08-22T00:05:54,115.2,50.44
2026-08-22T00:05:55,115.31,50.55
2026-08-22T00:05:56,115.94,51.17
2026-08-22T00:05:57,115.16,50.4
2026-08-22T00:05:58,115.63,50.86
2026-08-22T00:05:59,115.15,50.39
2026-08-22T00:06:00,115.46,50.7
2026-08-22T00:06:01,115.8,51.03
2026-08-22T00:06:02,118.38,53.57
2026-08-22T00:06:03,117.17,52.38
2026-08-22T00:06:04,116.59,51.81
2026-08-22T00:06:05,116.29,51.51
2026-08-22T00:06:06,115.1,50.34
2026-08-22T00:06:07,114.99,50.23
2026-08-22T00:06:08,114.95,50.19
2026-08-22T00:06:09,115.26,50.5
2026-08-22T00:06:10,114.55,49.8
2026-08-22T00:06:11,114.68,49.93
2026-08-22T00:06:12,114.84,50.08
2026-08-22T00:06:13,115.02,50.26
2026-08-22T00:06:14,114.97,50.22
2026-08-22T00:06:15,115.18,50.42
2026-08-22T00:06:16,115.12,50.36
2026-08-22T00:06:17,114.9,50.14
2026-08-22T00:06:18,114.88,50.12
2026-08-22T00:06:19,114.88,50.13
2026-08-22T00:06:20,115.36,50.6
2026-08-22T00:06:21,115.57,50.8
2026-08-22T00:06:22,115.23,50.47
2026-08-22T00:06:23,115.51,50.74
2026-08-22T00:06:24,115.59,50.82
2026-08-22T00:06:25,115.36,50.6
2026-08-22T00:06:26,115.81,51.04
2026-08-22T00:06:27,115.6,50.83
2026-08-22T00:06:28,116.17,51.4
2026-08-22T00:06:29,115.27,50.51
2026-08-22T00:06:30,115.16,50.4
2026-08-22T00:06:31,114.81,50.06
2026-08-22T00:06:32,115.72,50.96
2026-08-22T00:06:33,114.49,49.74
2026-08-22T00:06:34,115.46,50.7
2026-08-22T00:06:35,115.18,50.42
2026-08-22T00:06:36,115.17,50.41
2026-08-22T00:06:37,115.01,50.25
2026-08-22T00:06:38,115.41,50.64
2026-08-22T00:06:39,115.11,50.36
2026-08-22T00:06:40,115.79,51.02
2026-08-22T00:06:41,114.69,49.93
2026-08-22T00:06:42,115.2,50.44
2026-08-22T00:06:43,115.43,50.67
2026-08-22T00:06:44,115.72,50.95
2026-08-22T00:06:45,115.8,51.03
2026-08-22T00:06:46,116.48,51.7
2026-08-22T00:06:47,117.16,52.37
2026-08-22T00:06:48,116.42,51.64
2026-08-22T00:06:49,117.02,52.24
2026-08-22T00:06:50,117.91,53.11
2026-08-22T00:06:51,119.9,55.07
2026-08-22T00:06:52,121.43,56.58
2026-08-22T00:06:53,122.22,57.36
2026-08-22T00:06:54,123.21,58.33
2026-08-22T00:06:55,123.39,58.52
2026-08-22T00:06:56,124.91,60.01
2026-08-22T00:06:57,124.07,59.18
2026-08-22T00:06:58,120.5,55.67
2026-08-22T00:06:59,119.03,54.22
2026-08-22T00:07:00,118.7,53.89
2026-08-22T00:07:01,118.13,53.32
2026-08-22T00:07:02,117.93,53.13
2026-08-22T00:07:03,118.03,53.23
2026-08-22T00:07:04,118.74,53.93
2026-08-22T00:07:05,116.81,52.02
2026-08-22T00:07:06,115.91,51.14
2026-08-22T00:07:07,115.89,51.12
2026-08-22T00:07:08,115.49,50.72
2026-08-22T00:07:09,115.74,50.97
2026-08-22T00:07:10,115.18,50.42
2026-08-22T00:07:11,115.06,50.3
2026-08-22T00:07:12,114.71,49.95
2026-08-22T00:07:13,115.35,50.58
2026-08-22T00:07:14,114.91,50.16
2026-08-22T00:07:15,114.96,50.2
2026-08-22T00:07:16,115.54,50.78
2026-08-22T00:07:17,115.41,50.65
2026-08-22T00:07:18,115.06,50.3
2026-08-22T00:07:19,114.89,50.14
2026-08-22T00:07:20,115.26,50.5
2026-08-22T00:07:21,115.44,50.67
2026-08-22T00:07:22,115.36,50.6
2026-08-22T00:07:23,115.47,50.71
2026-08-22T00:07:24,115.09,50.33
2026-08-22T00:07:25,115.72,50.96
2026-08-22T00:07:26,115.14,50.38
2026-08-22T00:07:27,115.35,50.59
2026-08-22T00:07:28,114.74,49.98
2026-08-22T00:07:29,114.78,50.02
2026-08-22T00:07:30,114.87,50.11
2026-08-22T00:07:31,115.02,50.27
2026-08-22T00:07:32,115.06,50.3
2026-08-22T00:07:33,115.01,50.25
2026-08-22T00:07:34,114.78,50.03
2026-08-22T00:07:35,114.51,49.76
2026-08-22T00:07:36,115.47,50.71
2026-08-22T00:07:37,115.37,50.61
2026-08-22T00:07:38,115.38,50.62
2026-08-22T00:07:39,114.97,50.22
2026-08-22T00:07:40,115.17,50.41
2026-08-22T00:07:41,115.69,50.92
2026-08-22T00:07:42,115.25,50.49
2026-08-22T00:07:43,114.8,50.05
2026-08-22T00:07:44,114.73,49.98
2026-08-22T00:07:45,115.16,50.4
2026-08-22T00:07:46,115.16,50.4
2026-08-22T00:07:47,114.92,50.17
2026-08-22T00:07:48,115.03,50.27
2026-08-22T00:07:49,115.28,50.52
2026-08-22T00:07:50,114.7,49.95
2026-08-22T00:07:51,114.76,50.01
2026-08-22T00:07:52,115.29,50.53
2026-08-22T00:07:53,115.12,50.36
2026-08-22T00:07:54,115.1,50.34
2026-08-22T00:07:55,115.21,50.45
2026-08-22T00:07:56,114.99,50.24
2026-08-22T00:07:57,115.26,50.5
2026-08-22T00:07:58,115.74,50.97
2026-08-22T00:07:59,115.07,50.31
2026-08-22T00:08:00,115.32,50.56
2026-08-22T00:08:01,115.14,50.38
2026-08-22T00:08:02,115.4,50.64
2026-08-22T00:08:03,115.68,50.92
2026-08-22T00:08:04,115.8,51.03
2026-08-22T00:08:05,115.61,50.85
2026-08-22T00:08:06,115.39,50.63
2026-08-22T00:08:07,115.62,50.85
2026-08-22T00:08:08,115.71,50.94
2026-08-22T00:08:09,115.45,50.69
2026-08-22T00:08:10,116.56,51.78
2026-08-22T00:08:11,117.78,52.98
2026-08-22T00:08:12,119.65,54.83
2026-08-22T00:08:13,122.54,57.67
2026-08-22T00:08:14,125.46,60.56
2026-08-22T00:08:15,130.32,65.34
2026-08-22T00:08:16,131.08,66.09
2026-08-22T00:08:17,125.11,60.21
2026-08-22T00:08:18,120.99,56.14
2026-08-22T00:08:19,118.17,53.36
2026-08-22T00:08:20,116.59,51.81
2026-08-22T00:08:21,116.48,51.7
2026-08-22T00:08:22,115.44,50.67
2026-08-22T00:08:23,115.35,50.59
2026-08-22T00:08:24,114.96,50.2
2026-08-22T00:08:25,115.2,50.44
2026-08-22T00:08:26,114.83,50.08
2026-08-22T00:08:27,115.27,50.51
2026-08-22T00:08:28,115.18,50.42
2026-08-22T00:08:29,115.07,50.32
2026-08-22T00:08:30,114.65,49.9
2026-08-22T00:08:31,115.31,50.55
2026-08-22T00:08:32,115.4,50.63
2026-08-22T00:08:33,115.47,50.71
2026-08-22T00:08:34,115.23,50.47
2026-08-22T00:08:35,115.47,50.7
2026-08-22T00:08:36,115.74,50.98
2026-08-22T00:08:37,115.52,50.76
2026-08-22T00:08:38,115.08,50.32
2026-08-22T00:08:39,115.22,50.46
2026-08-22T00:08:40,115.56,50.8
2026-08-22T00:08:41,114.78,50.03
2026-08-22T00:08:42,115.23,50.47
2026-08-22T00:08:43,115.65,50.88
2026-08-22T00:08:44,116.26,51.48
2026-08-22T00:08:45,115.43,50.66
2026-08-22T00:08:46,115.11,50.36
2026-08-22T00:08:47,115.64,50.87
2026-08-22T00:08:48,115.51,50.74
2026-08-22T00:08:49,115.43,50.67
2026-08-22T00:08:50,115.52,50.75
2026-08-22T00:08:51,115.53,50.77
2026-08-22T00:08:52,115.64,50.87
2026-08-22T00:08:53,115.27,50.51
2026-08-22T00:08:54,115.13,50.37
2026-08-22T00:08:55,115.2,50.44
2026-08-22T00:08:56,115.22,50.46
2026-08-22T00:08:57,115.52,50.76
2026-08-22T00:08:58,114.96,50.2
2026-08-22T00:08:59,115.1,50.34
2026-08-22T00:09:00,115.59,50.82
2026-08-22T00:09:01,115.21,50.45
2026-08-22T00:09:02,115.16,50.4
2026-08-22T00:09:03,115.2,50.44
2026-08-22T00:09:04,115.37,50.61
2026-08-22T00:09:05,115.07,50.31
2026-08-22T00:09:06,114.8,50.04
2026-08-22T00:09:07,115.06,50.3
2026-08-22T00:09:08,115.26,50.49
2026-08-22T00:09:09,115.0,50.24
2026-08-22T00:09:10,115.14,50.38
2026-08-22T00:09:11,115.83,51.06
2026-08-22T00:09:12,115.48,50.71
2026-08-22T00:09:13,115.64,50.87
2026-08-22T00:09:14,115.59,50.82
2026-08-22T00:09:15,115.67,50.9
2026-08-22T00:09:16,115.02,50.26
2026-08-22T00:09:17,114.97,50.21
2026-08-22T00:09:18,115.9,51.12
2026-08-22T00:09:19,116.22,51.45
2026-08-22T00:09:20,115.55,50.78
2026-08-22T00:09:21,116.75,51.97
2026-08-22T00:09:22,116.26,51.48
2026-08-22T00:09:23,115.59,50.82
2026-08-22T00:09:24,116.29,51.52
2026-08-22T00:09:25,116.33,51.56
2026-08-22T00:09:26,115.84,51.07
2026-08-22T00:09:27,115.67,50.91
2026-08-22T00:09:28,116.29,51.51
2026-08-22T00:09:29,117.5,52.71
2026-08-22T00:09:30,118.4,53.59
2026-08-22T00:09:31,120.05,55.22
2026-08-22T00:09:32,121.7,56.85
2026-08-22T00:09:33,122.95,58.08
2026-08-22T00:09:34,125.55,60.64
2026-08-22T00:09:35,125.82,60.91
2026-08-22T00:09:36,123.07,58.19
2026-08-22T00:09:37,122.08,57.23
2026-08-22T00:09:38,121.34,56.5
2026-08-22T00:09:39,122.1,57.24
2026-08-22T00:09:40,123.05,58.18
2026-08-22T00:09:41,122.73,57.87
2026-08-22T00:09:42,123.42,58.54
2026-08-22T00:09:43,124.07,59.19
2026-08-22T00:09:44,123.52,58.64
2026-08-22T00:09:45,121.6,56.75
2026-08-22T00:09:46,120.15,55.32
2026-08-22T00:09:47,119.69,54.86
2026-08-22T00:09:48,119.47,54.65
2026-08-22T00:09:49,121.1,56.26
2026-08-22T00:09:50,122.32,57.46
2026-08-22T00:09:51,127.47,62.53
2026-08-22T00:09:52,129.09,64.13
2026-08-22T00:09:53,128.33,63.39
2026-08-22T00:09:54,121.58,56.73
2026-08-22T00:09:55,119.11,54.3
2026-08-22T00:09:56,117.29,52.5
2026-08-22T00:09:57,116.78,52.0
2026-08-22T00:09:58,116.09,51.32
2026-08-22T00:09:59,115.73,50.97
2026-08-22T00:10:00,115.58,50.82
2026-08-22T00:10:01,115.12,50.36
2026-08-22T00:10:02,114.65,49.89
2026-08-22T00:10:03,115.42,50.65
2026-08-22T00:10:04,115.04,50.28
2026-08-22T00:10:05,115.58,50.82
2026-08-22T00:10:06,114.91,50.15
2026-08-22T00:10:07,115.45,50.68
2026-08-22T00:10:08,114.67,49.91
2026-08-22T00:10:09,115.29,50.53
2026-08-22T00:10:10,114.53,49.78
2026-08-22T00:10:11,115.2,50.44
2026-08-22T00:10:12,115.39,50.63
2026-08-22T00:10:13,115.24,50.48
2026-08-22T00:10:14,115.37,50.61
2026-08-22T00:10:15,115.5,50.74
2026-08-22T00:10:16,114.96,50.2
2026-08-22T00:10:17,115.58,50.82
2026-08-22T00:10:18,115.49,50.73
2026-08-22T00:10:19,115.47,50.7
2026-08-22T00:10:20,115.2,50.44
2026-08-22T00:10:21,115.0,50.24
2026-08-22T00:10:22,115.18,50.42
2026-08-22T00:10:23,115.22,50.46
2026-08-22T00:10:24,115.36,50.59
2026-08-22T00:10:25,115.44,50.67
2026-08-22T00:10:26,115.36,50.6
2026-08-22T00:10:27,115.55,50.79
2026-08-22T00:10:28,115.29,50.53
2026-08-22T00:10:29,115.47,50.7
2026-08-22T00:10:30,115.15,50.39
2026-08-22T00:10:31,114.95,50.19
2026-08-22T00:10:32,115.25,50.49
2026-08-22T00:10:33,115.33,50.57
2026-08-22T00:10:34,115.02,50.26
2026-08-22T00:10:35,115.47,50.71
2026-08-22T00:10:36,115.4,50.63
2026-08-22T00:10:37,115.53,50.76
2026-08-22T00:10:38,115.51,50.75
2026-08-22T00:10:39,115.18,50.42
2026-08-22T00:10:40,114.96,50.21
2026-08-22T00:10:41,115.24,50.48
2026-08-22T00:10:42,115.02,50.26
2026-08-22T00:10:43,115.12,50.36
2026-08-22T00:10:44,115.67,50.9
2026-08-22T00:10:45,115.1,50.34
2026-08-22T00:10:46,115.48,50.72
2026-08-22T00:10:47,115.35,50.59
2026-08-22T00:10:48,115.08,50.32
2026-08-22T00:10:49,115.91,51.14
2026-08-22T00:10:50,115.66,50.89
2026-08-22T00:10:51,115.64,50.87
2026-08-22T00:10:52,116.14,51.36
2026-08-22T00:10:53,116.68,51.89
2026-08-22T00:10:54,116.49,51.71
2026-08-22T00:10:55,115.83,51.06
2026-08-22T00:10:56,115.27,50.51
2026-08-22T00:10:57,115.21,50.45
2026-08-22T00:10:58,115.83,51.06
2026-08-22T00:10:59,115.66,50.9
2026-08-22T00:11:00,116.69,51.91
2026-08-22T00:11:01,115.72,50.95
2026-08-22T00:11:02,115.67,50.9
2026-08-22T00:11:03,115.54,50.78
2026-08-22T00:11:04,115.5,50.74
2026-08-22T00:11:05,115.48,50.72
2026-08-22T00:11:06,115.05,50.29
2026-08-22T00:11:07,115.14,50.38
2026-08-22T00:11:08,115.18,50.42
2026-08-22T00:11:09,115.27,50.51
2026-08-22T00:11:10,115.23,50.46
2026-08-22T00:11:11,116.09,51.32
2026-08-22T00:11:12,116.02,51.25
2026-08-22T00:11:13,116.31,51.54
2026-08-22T00:11:14,116.21,51.43
2026-08-22T00:11:15,116.49,51.71
2026-08-22T00:11:16,116.72,51.94
2026-08-22T00:11:17,116.33,51.55
2026-08-22T00:11:18,116.74,51.95
2026-08-22T00:11:19,116.43,51.66
2026-08-22T00:11:20,116.6,51.82
2026-08-22T00:11:21,116.4,51.62
2026-08-22T00:11:22,116.25,51.47
2026-08-22T00:11:23,116.29,51.52
2026-08-22T00:11:24,116.47,51.69
2026-08-22T00:11:25,116.84,52.06
2026-08-22T00:11:26,119.09,54.28
2026-08-22T00:11:27,121.95,57.1
2026-08-22T00:11:28,123.93,59.04
2026-08-22T00:11:29,125.13,60.23
2026-08-22T00:11:30,125.56,60.65
2026-08-22T00:11:31,126.47,61.55
2026-08-22T00:11:32,126.34,61.42
2026-08-22T00:11:33,125.23,60.32
2026-08-22T00:11:34,122.7,57.84
2026-08-22T00:11:35,121.42,56.57
2026-08-22T00:11:36,119.82,55.0
2026-08-22T00:11:37,118.91,54.1
2026-08-22T00:11:38,120.33,55.49
2026-08-22T00:11:39,122.1,57.24
2026-08-22T00:11:40,124.41,59.51
2026-08-22T00:11:41,128.19,63.24
2026-08-22T00:11:42,129.54,64.57
2026-08-22T00:11:43,123.84,58.95
2026-08-22T00:11:44,120.11,55.28
2026-08-22T00:11:45,118.02,53.22
2026-08-22T00:11:46,116.9,52.11
2026-08-22T00:11:47,116.04,51.27
2026-08-22T00:11:48,115.91,51.14
2026-08-22T00:11:49,116.19,51.41
2026-08-22T00:11:50,115.91,51.14
2026-08-22T00:11:51,116.3,51.52
2026-08-22T00:11:52,115.82,51.05
2026-08-22T00:11:53,115.38,50.62
2026-08-22T00:11:54,115.89,51.12
2026-08-22T00:11:55,115.83,51.06
2026-08-22T00:11:56,115.41,50.65
2026-08-22T00:11:57,115.34,50.58
2026-08-22T00:11:58,115.25,50.49
2026-08-22T00:11:59,115.27,50.51
2026-08-22T00:12:00,115.22,50.46
2026-08-22T00:12:01,115.18,50.42
2026-08-22T00:12:02,115.28,50.52
2026-08-22T00:12:03,115.2,50.44
2026-08-22T00:12:04,115.04,50.28
2026-08-22T00:12:05,114.95,50.2
2026-08-22T00:12:06,115.39,50.62
2026-08-22T00:12:07,115.39,50.62
2026-08-22T00:12:08,115.38,50.61
2026-08-22T00:12:09,116.19,51.42
2026-08-22T00:12:10,116.33,51.56
2026-08-22T00:12:11,117.53,52.74
2026-08-22T00:12:12,118.15,53.35
2026-08-22T00:12:13,119.63,54.81
2026-08-22T00:12:14,121.39,56.54
2026-08-22T00:12:15,125.21,60.31
2026-08-22T00:12:16,126.99,62.07
2026-08-22T00:12:17,129.72,64.75
2026-08-22T00:12:18,131.22,66.23
2026-08-22T00:12:19,128.47,63.52
2026-08-22T00:12:20,121.99,57.13
2026-08-22T00:12:21,119.67,54.84
2026-08-22T00:12:22,118.13,53.32
2026-08-22T00:12:23,117.11,52.32
2026-08-22T00:12:24,115.98,51.2
2026-08-22T00:12:25,116.0,51.23
2026-08-22T00:12:26,115.73,50.96
2026-08-22T00:12:27,115.42,50.66
2026-08-22T00:12:28,114.95,50.19
2026-08-22T00:12:29,115.29,50.52
2026-08-22T00:12:30,115.49,50.72
2026-08-22T00:12:31,115.62,50.85
2026-08-22T00:12:32,115.14,50.38
2026-08-22T00:12:33,114.94,50.19
2026-08-22T00:12:34,115.36,50.6
2026-08-22T00:12:35,114.72,49.97
2026-08-22T00:12:36,115.59,50.82
2026-08-22T00:12:37,115.41,50.64
2026-08-22T00:12:38,114.6,49.85
2026-08-22T00:12:39,114.98,50.22
2026-08-22T00:12:40,114.7,49.94
2026-08-22T00:12:41,115.11,50.35
2026-08-22T00:12:42,115.08,50.32
2026-08-22T00:12:43,115.31,50.54
2026-08-22T00:12:44,115.44,50.67
2026-08-22T00:12:45,115.12,50.36
2026-08-22T00:12:46,115.09,50.33
2026-08-22T00:12:47,115.4,50.64
2026-08-22T00:12:48,115.21,50.45
2026-08-22T00:12:49,115.57,50.8
2026-08-22T00:12:50,115.07,50.31
2026-08-22T00:12:51,115.95,51.18
2026-08-22T00:12:52,116.26,51.48
2026-08-22T00:12:53,115.92,51.15
2026-08-22T00:12:54,115.41,50.65
2026-08-22T00:12:55,115.07,50.31
2026-08-22T00:12:56,115.12,50.36
2026-08-22T00:12:57,115.23,50.47
2026-08-22T00:12:58,115.79,51.02
2026-08-22T00:12:59,116.07,51.29
2026-08-22T00:13:00,115.63,50.86
2026-08-22T00:13:01,115.46,50.69
2026-08-22T00:13:02,115.77,51.0
2026-08-22T00:13:03,115.9,51.13
2026-08-22T00:13:04,115.06,50.3
2026-08-22T00:13:05,115.62,50.86
2026-08-22T00:13:06,115.48,50.71
2026-08-22T00:13:07,115.81,51.04
2026-08-22T00:13:08,115.72,50.95
2026-08-22T00:13:09,115.77,51.0
2026-08-22T00:13:10,115.44,50.67
2026-08-22T00:13:11,115.44,50.68
2026-08-22T00:13:12,115.36,50.6
2026-08-22T00:13:13,115.5,50.74
2026-08-22T00:13:14,115.5,50.74
2026-08-22T00:13:15,115.49,50.73
2026-08-22T00:13:16,115.29,50.53
2026-08-22T00:13:17,115.47,50.71
2026-08-22T00:13:18,115.09,50.33
2026-08-22T00:13:19,115.14,50.38
2026-08-22T00:13:20,115.61,50.84
2026-08-22T00:13:21,114.85,50.09
2026-08-22T00:13:22,115.23,50.47
2026-08-22T00:13:23,115.89,51.12
2026-08-22T00:13:24,115.25,50.48
2026-08-22T00:13:25,114.99,50.24
2026-08-22T00:13:26,115.66,50.89
2026-08-22T00:13:27,115.49,50.72
2026-08-22T00:13:28,115.61,50.85
2026-08-22T00:13:29,115.54,50.77
2026-08-22T00:13:30,115.42,50.66
2026-08-22T00:13:31,116.09,51.32
2026-08-22T00:13:32,115.79,51.02
2026-08-22T00:13:33,115.72,50.96
2026-08-22T00:13:34,117.01,52.22
2026-08-22T00:13:35,117.33,52.54
2026-08-22T00:13:36,116.38,51.6
2026-08-22T00:13:37,116.3,51.52
2026-08-22T00:13:38,116.73,51.94
2026-08-22T00:13:39,116.88,52.1
2026-08-22T00:13:40,116.24,51.47
2026-08-22T00:13:41,116.7,51.91
2026-08-22T00:13:42,116.42,51.64
2026-08-22T00:13:43,116.09,51.31
2026-08-22T00:13:44,116.0,51.23
2026-08-22T00:13:45,116.93,52.15
2026-08-22T00:13:46,117.12,52.33
2026-08-22T00:13:47,115.87,51.1
2026-08-22T00:13:48,115.58,50.81
2026-08-22T00:13:49,116.15,51.37
2026-08-22T00:13:50,115.78,51.01
2026-08-22T00:13:51,115.16,50.4
2026-08-22T00:13:52,115.72,50.95
2026-08-22T00:13:53,115.62,50.86
2026-08-22T00:13:54,115.65,50.88
2026-08-22T00:13:55,115.35,50.59
2026-08-22T00:13:56,115.47,50.7
2026-08-22T00:13:57,115.38,50.61
2026-08-22T00:13:58,114.97,50.21
2026-08-22T00:13:59,115.07,50.31
2026-08-22T00:14:00,115.34,50.58
2026-08-22T00:14:01,115.64,50.87
2026-08-22T00:14:02,116.02,51.25
2026-08-22T00:14:03,115.64,50.87
2026-08-22T00:14:04,115.89,51.12
2026-08-22T00:14:05,115.85,51.08
2026-08-22T00:14:06,114.78,50.02
2026-08-22T00:14:07,115.1,50.34
2026-08-22T00:14:08,115.69,50.92
2026-08-22T00:14:09,115.13,50.37
2026-08-22T00:14:10,116.11,51.33
2026-08-22T00:14:11,115.74,50.97
2026-08-22T00:14:12,115.31,50.54
2026-08-22T00:14:13,114.66,49.9
2026-08-22T00:14:14,115.35,50.58
2026-08-22T00:14:15,115.26,50.5
2026-08-22T00:14:16,115.35,50.59
2026-08-22T00:14:17,115.6,50.83
2026-08-22T00:14:18,115.18,50.42
2026-08-22T00:14:19,115.24,50.48
2026-08-22T00:14:20,115.09,50.33
2026-08-22T00:14:21,115.14,50.38
2026-08-22T00:14:22,115.65,50.88
2026-08-22T00:14:23,115.49,50.73
2026-08-22T00:14:24,115.42,50.66
2026-08-22T00:14:25,115.37,50.6
2026-08-22T00:14:26,115.93,51.16
2026-08-22T00:14:27,114.86,50.1
2026-08-22T00:14:28,115.84,51.07
2026-08-22T00:14:29,115.38,50.61
2026-08-22T00:14:30,115.05,50.29
2026-08-22T00:14:31,115.12,50.36
2026-08-22T00:14:32,115.34,50.58
2026-08-22T00:14:33,115.41,50.65
2026-08-22T00:14:34,115.15,50.39
2026-08-22T00:14:35,115.05,50.29
2026-08-22T00:14:36,114.68,49.93
2026-08-22T00:14:37,115.03,50.27
2026-08-22T00:14:38,114.35,49.6
2026-08-22T00:14:39,114.91,50.15
2026-08-22T00:14:40,115.6,50.84
2026-08-22T00:14:41,115.77,51.0
2026-08-22T00:14:42,115.27,50.51
2026-08-22T00:14:43,114.64,49.88
2026-08-22T00:14:44,115.14,50.38
2026-08-22T00:14:45,115.75,50.98
2026-08-22T00:14:46,115.02,50.26
2026-08-22T00:14:47,115.41,50.65
2026-08-22T00:14:48,114.97,50.21
2026-08-22T00:14:49,114.85,50.09
2026-08-22T00:14:50,114.8,50.04
2026-08-22T00:14:51,115.16,50.4
2026-08-22T00:14:52,114.89,50.14
2026-08-22T00:14:53,115.31,50.55
2026-08-22T00:14:54,115.17,50.41
2026-08-22T00:14:55,115.18,50.42
2026-08-22T00:14:56,115.27,50.51
2026-08-22T00:14:57,115.37,50.6
2026-08-22T00:14:58,115.45,50.69
2026-08-22T00:14:59,115.29,50.53
2026-08-22T00:15:00,115.03,50.27
2026-08-22T00:15:01,115.32,50.56
2026-08-22T00:15:02,115.32,50.56
2026-08-22T00:15:03,115.28,50.52
2026-08-22T00:15:04,115.19,50.43
2026-08-22T00:15:05,114.41,49.66
2026-08-22T00:15:06,114.61,49.86
2026-08-22T00:15:07,115.22,50.45
2026-08-22T00:15:08,115.81,51.04
2026-08-22T00:15:09,115.2,50.44
2026-08-22T00:15:10,115.38,50.62
2026-08-22T00:15:11,114.82,50.07
2026-08-22T00:15:12,115.11,50.35
2026-08-22T00:15:13,115.43,50.66
2026-08-22T00:15:14,115.53,50.76
2026-08-22T00:15:15,115.05,50.29
2026-08-22T00:15:16,114.62,49.86
2026-08-22T00:15:17,114.78,50.03
2026-08-22T00:15:18,114.78,50.02
2026-08-22T00:15:19,115.34,50.58
2026-08-22T00:15:20,115.34,50.58
2026-08-22T00:15:21,115.29,50.52
2026-08-22T00:15:22,114.91,50.15
2026-08-22T00:15:23,115.17,50.41
2026-08-22T00:15:24,115.34,50.58
2026-08-22T00:15:25,115.48,50.72
2026-08-22T00:15:26,115.05,50.29
2026-08-22T00:15:27,115.01,50.25
2026-08-22T00:15:28,114.93,50.17
2026-08-22T00:15:29,114.97,50.21
2026-08-22T00:15:30,115.13,50.37
2026-08-22T00:15:31,115.1,50.34
2026-08-22T00:15:32,115.42,50.66
2026-08-22T00:15:33,115.17,50.41
2026-08-22T00:15:34,115.78,51.01
2026-08-22T00:15:35,115.5,50.74
2026-08-22T00:15:36,114.81,50.05
2026-08-22T00:15:37,115.15,50.39
2026-08-22T00:15:38,115.73,50.96
2026-08-22T00:15:39,115.33,50.57
2026-08-22T00:15:40,115.55,50.78
2026-08-22T00:15:41,115.59,50.83
2026-08-22T00:15:42,115.42,50.66
2026-08-22T00:15:43,115.0,50.24
2026-08-22T00:15:44,115.41,50.65
2026-08-22T00:15:45,115.55,50.78
2026-08-22T00:15:46,115.34,50.57
2026-08-22T00:15:47,115.71,50.94
2026-08-22T00:15:48,115.37,50.61
2026-08-22T00:15:49,115.92,51.15
2026-08-22T00:15:50,116.11,51.33
2026-08-22T00:15:51,116.66,51.88
2026-08-22T00:15:52,117.01,52.22
2026-08-22T00:15:53,116.76,51.98
2026-08-22T00:15:54,117.81,53.02
2026-08-22T00:15:55,118.68,53.87
2026-08-22T00:15:56,121.59,56.74
2026-08-22T00:15:57,123.84,58.96
2026-08-22T00:15:58,125.35,60.44
2026-08-22T00:15:59,127.75,62.81
2026-08-22T00:16:00,128.05,63.1
2026-08-22T00:16:01,127.33,62.4
2026-08-22T00:16:02,125.7,60.79
2026-08-22T00:16:03,123.79,58.91
2026-08-22T00:16:04,124.83,59.94
2026-08-22T00:16:05,126.53,61.61
2026-08-22T00:16:06,130.11,65.13
2026-08-22T00:16:07,131.96,66.97
2026-08-22T00:16:08,125.96,61.04
2026-08-22T00:16:09,123.19,58.32
2026-08-22T00:16:10,123.71,58.83
2026-08-22T00:16:11,125.88,60.97
2026-08-22T00:16:12,129.2,64.24
2026-08-22T00:16:13,129.77,64.8
2026-08-22T00:16:14,128.31,63.37
2026-08-22T00:16:15,123.27,58.39
2026-08-22T00:16:16,120.23,55.4
2026-08-22T00:16:17,118.01,53.21
2026-08-22T00:16:18,116.91,52.12
2026-08-22T00:16:19,116.71,51.92
2026-08-22T00:16:20,116.84,52.05
2026-08-22T00:16:21,116.08,51.31
2026-08-22T00:16:22,115.72,50.96
2026-08-22T00:16:23,115.42,50.66
2026-08-22T00:16:24,115.44,50.68
2026-08-22T00:16:25,115.07,50.31
2026-08-22T00:16:26,115.17,50.41
2026-08-22T00:16:27,115.81,51.04
2026-08-22T00:16:28,115.53,50.76
2026-08-22T00:16:29,115.4,50.64
2026-08-22T00:16:30,115.53,50.76
2026-08-22T00:16:31,115.03,50.27
2026-08-22T00:16:32,115.74,50.98
2026-08-22T00:16:33,116.37,51.59
2026-08-22T00:16:34,115.24,50.47
2026-08-22T00:16:35,115.18,50.42
2026-08-22T00:16:36,115.38,50.61
2026-08-22T00:16:37,115.35,50.59
2026-08-22T00:16:38,115.08,50.32
2026-08-22T00:16:39,115.5,50.73
2026-08-22T00:16:40,115.03,50.27
2026-08-22T00:16:41,115.51,50.75
2026-08-22T00:16:42,115.63,50.87
2026-08-22T00:16:43,115.91,51.14
2026-08-22T00:16:44,115.51,50.75
2026-08-22T00:16:45,115.21,50.45
2026-08-22T00:16:46,115.72,50.95
2026-08-22T00:16:47,115.0,50.24
2026-08-22T00:16:48,115.53,50.77
2026-08-22T00:16:49,115.12,50.36
2026-08-22T00:16:50,115.21,50.45
2026-08-22T00:16:51,115.34,50.58
2026-08-22T00:16:52,115.15,50.39
2026-08-22T00:16:53,115.58,50.81
2026-08-22T00:16:54,115.72,50.95
2026-08-22T00:16:55,115.99,51.22
2026-08-22T00:16:56,116.1,51.32
2026-08-22T00:16:57,115.96,51.19
2026-08-22T00:16:58,115.59,50.83
2026-08-22T00:16:59,115.21,50.44
2026-08-22T00:17:00,115.29,50.53
2026-08-22T00:17:01,114.86,50.11
2026-08-22T00:17:02,115.49,50.72
2026-08-22T00:17:03,115.62,50.85
2026-08-22T00:17:04,116.24,51.46
2026-08-22T00:17:05,116.96,52.18
2026-08-22T00:17:06,117.91,53.11
2026-08-22T00:17:07,116.82,52.03
2026-08-22T00:17:08,116.37,51.59
2026-08-22T00:17:09,115.92,51.15
2026-08-22T00:17:10,116.46,51.68
2026-08-22T00:17:11,116.31,51.54
2026-08-22T00:17:12,116.63,51.85
2026-08-22T00:17:13,116.14,51.37
2026-08-22T00:17:14,116.3,51.52
2026-08-22T00:17:15,116.53,51.75
2026-08-22T00:17:16,115.89,51.12
2026-08-22T00:17:17,115.72,50.95
2026-08-22T00:17:18,115.97,51.2
2026-08-22T00:17:19,115.52,50.75
2026-08-22T00:17:20,115.47,50.7
2026-08-22T00:17:21,115.61,50.84
2026-08-22T00:17:22,115.62,50.85
2026-08-22T00:17:23,115.16,50.4
2026-08-22T00:17:24,114.89,50.13
2026-08-22T00:17:25,115.24,50.48
2026-08-22T00:17:26,115.95,51.18
2026-08-22T00:17:27,115.61,50.84
2026-08-22T00:17:28,115.71,50.94
2026-08-22T00:17:29,115.66,50.9
2026-08-22T00:17:30,115.48,50.71
2026-08-22T00:17:31,116.03,51.25
2026-08-22T00:17:32,115.56,50.8
2026-08-22T00:17:33,115.54,50.77
2026-08-22T00:17:34,115.67,50.9
2026-08-22T00:17:35,115.18,50.42
2026-08-22T00:17:36,115.11,50.35
2026-08-22T00:17:37,115.59,50.82
2026-08-22T00:17:38,115.85,51.08
2026-08-22T00:17:39,116.14,51.37
2026-08-22T00:17:40,116.23,51.45
2026-08-22T00:17:41,116.39,51.61
2026-08-22T00:17:42,116.19,51.42
2026-08-22T00:17:43,116.3,51.53
2026-08-22T00:17:44,116.07,51.3
2026-08-22T00:17:45,116.35,51.57
2026-08-22T00:17:46,115.32,50.55
2026-08-22T00:17:47,116.15,51.38
2026-08-22T00:17:48,115.67,50.9
2026-08-22T00:17:49,115.36,50.6
2026-08-22T00:17:50,116.02,51.25
2026-08-22T00:17:51,115.94,51.17
2026-08-22T00:17:52,116.02,51.25
2026-08-22T00:17:53,115.84,51.07
2026-08-22T00:17:54,116.05,51.28
2026-08-22T00:17:55,116.34,51.56
2026-08-22T00:17:56,116.26,51.49
2026-08-22T00:17:57,115.81,51.04
2026-08-22T00:17:58,115.94,51.17
2026-08-22T00:17:59,115.66,50.9
2026-08-22T00:18:00,115.88,51.11
2026-08-22T00:18:01,115.84,51.07
2026-08-22T00:18:02,116.1,51.32
2026-08-22T00:18:03,117.92,53.12
2026-08-22T00:18:04,116.12,51.35
2026-08-22T00:18:05,115.26,50.5
2026-08-22T00:18:06,115.48,50.71
2026-08-22T00:18:07,115.13,50.37
2026-08-22T00:18:08,115.4,50.63
2026-08-22T00:18:09,115.69,50.92
2026-08-22T00:18:10,115.38,50.62
2026-08-22T00:18:11,115.76,50.99
2026-08-22T00:18:12,116.03,51.26
2026-08-22T00:18:13,116.24,51.46
2026-08-22T00:18:14,115.3,50.54
2026-08-22T00:18:15,115.23,50.46
2026-08-22T00:18:16,115.78,51.01
2026-08-22T00:18:17,115.73,50.96
2026-08-22T00:18:18,116.33,51.56
2026-08-22T00:18:19,117.07,52.29
2026-08-22T00:18:20,116.35,51.57
2026-08-22T00:18:21,115.92,51.15
2026-08-22T00:18:22,115.76,50.99
2026-08-22T00:18:23,116.34,51.56
2026-08-22T00:18:24,116.26,51.48
2026-08-22T00:18:25,116.09,51.32
2026-08-22T00:18:26,116.11,51.34
2026-08-22T00:18:27,115.51,50.74
2026-08-22T00:18:28,115.83,51.06
2026-08-22T00:18:29,115.32,50.56
2026-08-22T00:18:30,115.83,51.06
2026-08-22T00:18:31,115.4,50.63
2026-08-22T00:18:32,115.29,50.53
2026-08-22T00:18:33,115.09,50.33
2026-08-22T00:18:34,115.76,50.99
2026-08-22T00:18:35,116.0,51.23
2026-08-22T00:18:36,115.78,51.01
2026-08-22T00:18:37,115.78,51.01
2026-08-22T00:18:38,115.76,50.99
2026-08-22T00:18:39,115.64,50.87
2026-08-22T00:18:40,115.39,50.63
2026-08-22T00:18:41,115.33,50.57
2026-08-22T00:18:42,115.66,50.9
2026-08-22T00:18:43,115.6,50.84
2026-08-22T00:18:44,115.75,50.98
2026-08-22T00:18:45,115.93,51.16
2026-08-22T00:18:46,115.1,50.34
2026-08-22T00:18:47,115.89,51.12
2026-08-22T00:18:48,116.27,51.49
2026-08-22T00:18:49,116.13,51.35
2026-08-22T00:18:50,115.89,51.12
2026-08-22T00:18:51,115.57,50.8
2026-08-22T00:18:52,115.86,51.09
2026-08-22T00:18:53,116.0,51.22
2026-08-22T00:18:54,116.21,51.43
2026-08-22T00:18:55,115.62,50.86
2026-08-22T00:18:56,115.86,51.09
2026-08-22T00:18:57,115.84,51.07
2026-08-22T00:18:58,116.26,51.48
2026-08-22T00:18:59,116.07,51.3
2026-08-22T00:19:00,115.93,51.16
2026-08-22T00:19:01,115.37,50.61
2026-08-22T00:19:02,115.65,50.88
2026-08-22T00:19:03,115.59,50.82
2026-08-22T00:19:04,115.16,50.4
2026-08-22T00:19:05,115.53,50.76
2026-08-22T00:19:06,115.33,50.57
2026-08-22T00:19:07,115.54,50.77
2026-08-22T00:19:08,115.72,50.95
2026-08-22T00:19:09,115.39,50.63
2026-08-22T00:19:10,115.03,50.27
2026-08-22T00:19:11,115.43,50.67
2026-08-22T00:19:12,115.47,50.71
2026-08-22T00:19:13,115.99,51.22
2026-08-22T00:19:14,115.52,50.76
2026-08-22T00:19:15,115.25,50.49
2026-08-22T00:19:16,115.3,50.54
2026-08-22T00:19:17,115.49,50.73
2026-08-22T00:19:18,115.48,50.72
2026-08-22T00:19:19,115.77,51.0
2026-08-22T00:19:20,115.24,50.48
2026-08-22T00:19:21,115.57,50.81
2026-08-22T00:19:22,115.68,50.92
2026-08-22T00:19:23,115.67,50.9
2026-08-22T00:19:24,115.33,50.57
2026-08-22T00:19:25,115.21,50.45
2026-08-22T00:19:26,115.65,50.89
2026-08-22T00:19:27,115.19,50.43
2026-08-22T00:19:28,115.5,50.74
2026-08-22T00:19:29,115.56,50.8
2026-08-22T00:19:30,115.74,50.97
2026-08-22T00:19:31,115.14,50.38
2026-08-22T00:19:32,115.5,50.73
2026-08-22T00:19:33,115.31,50.55
2026-08-22T00:19:34,115.54,50.77
2026-08-22T00:19:35,115.49,50.73
2026-08-22T00:19:36,116.33,51.55
2026-08-22T00:19:37,116.23,51.45
2026-08-22T00:19:38,115.59,50.83
2026-08-22T00:19:39,116.09,51.31
2026-08-22T00:19:40,115.57,50.8
2026-08-22T00:19:41,115.83,51.06
2026-08-22T00:19:42,116.37,51.6
2026-08-22T00:19:43,115.71,50.94
2026-08-22T00:19:44,115.95,51.18
2026-08-22T00:19:45,116.46,51.68
2026-08-22T00:19:46,116.02,51.25
2026-08-22T00:19:47,116.62,51.84
2026-08-22T00:19:48,117.5,52.7
2026-08-22T00:19:49,119.22,54.4
2026-08-22T00:19:50,122.19,57.33
2026-08-22T00:19:51,123.43,58.55
2026-08-22T00:19:52,126.35,61.44
2026-08-22T00:19:53,126.11,61.19
2026-08-22T00:19:54,124.09,59.2
2026-08-22T00:19:55,121.52,56.67
2026-08-22T00:19:56,119.94,55.11
2026-08-22T00:19:57,118.16,53.36
2026-08-22T00:19:58,117.13,52.35
2026-08-22T00:19:59,116.07,51.3
2026-08-22T00:20:00,115.45,50.69
2026-08-22T00:20:01,115.76,50.99
2026-08-22T00:20:02,115.9,51.13
2026-08-22T00:20:03,115.75,50.99
2026-08-22T00:20:04,115.17,50.41
2026-08-22T00:20:05,115.52,50.76
2026-08-22T00:20:06,114.99,50.23
2026-08-22T00:20:07,114.82,50.06
2026-08-22T00:20:08,115.15,50.39
2026-08-22T00:20:09,115.23,50.47
2026-08-22T00:20:10,115.0,50.24
2026-08-22T00:20:11,115.44,50.68
2026-08-22T00:20:12,115.34,50.58
2026-08-22T00:20:13,115.0,50.24
2026-08-22T00:20:14,114.94,50.18
2026-08-22T00:20:15,115.21,50.44
2026-08-22T00:20:16,115.41,50.65
2026-08-22T00:20:17,114.85,50.1
2026-08-22T00:20:18,115.3,50.54
2026-08-22T00:20:19,115.29,50.52
2026-08-22T00:20:20,116.06,51.29
2026-08-22T00:20:21,115.84,51.07
2026-08-22T00:20:22,115.76,50.99
2026-08-22T00:20:23,116.46,51.68
2026-08-22T00:20:24,116.19,51.41
2026-08-22T00:20:25,116.78,52.0
2026-08-22T00:20:26,117.08,52.29
2026-08-22T00:20:27,119.19,54.37
2026-08-22T00:20:28,122.04,57.18
2026-08-22T00:20:29,124.0,59.11
2026-08-22T00:20:30,124.26,59.37
2026-08-22T00:20:31,124.93,60.03
2026-08-22T00:20:32,124.7,59.81
2026-08-22T00:20:33,123.73,58.85
2026-08-22T00:20:34,121.26,56.41
2026-08-22T00:20:35,118.94,54.13
2026-08-22T00:20:36,118.62,53.81
2026-08-22T00:20:37,117.46,52.67
2026-08-22T00:20:38,116.46,51.68
2026-08-22T00:20:39,116.4,51.62
2026-08-22T00:20:40,116.0,51.23
2026-08-22T00:20:41,115.97,51.2
2026-08-22T00:20:42,115.82,51.05
2026-08-22T00:20:43,116.2,51.43
2026-08-22T00:20:44,116.53,51.75
2026-08-22T00:20:45,116.31,51.53
2026-08-22T00:20:46,115.91,51.14
2026-08-22T00:20:47,115.63,50.87
2026-08-22T00:20:48,115.69,50.92
2026-08-22T00:20:49,115.91,51.14
2026-08-22T00:20:50,116.24,51.46
2026-08-22T00:20:51,116.05,51.27
2026-08-22T00:20:52,116.2,51.42
2026-08-22T00:20:53,117.29,52.5
2026-08-22T00:20:54,117.71,52.91
2026-08-22T00:20:55,120.25,55.41
2026-08-22T00:20:56,122.23,57.37
2026-08-22T00:20:57,124.38,59.49
2026-08-22T00:20:58,125.07,60.17
2026-08-22T00:20:59,126.19,61.27
2026-08-22T00:21:00,125.08,60.18
2026-08-22T00:21:01,123.54,58.66
2026-08-22T00:21:02,121.25,56.4
2026-08-22T00:21:03,119.32,54.5
2026-08-22T00:21:04,118.6,53.79
2026-08-22T00:21:05,118.25,53.44
2026-08-22T00:21:06,117.53,52.73
2026-08-22T00:21:07,117.58,52.79
2026-08-22T00:21:08,116.42,51.64
2026-08-22T00:21:09,116.22,51.45
2026-08-22T00:21:10,115.73,50.96
2026-08-22T00:21:11,115.76,50.99
2026-08-22T00:21:12,116.06,51.28
2026-08-22T00:21:13,115.56,50.79
2026-08-22T00:21:14,115.41,50.65
2026-08-22T00:21:15,115.5,50.73
2026-08-22T00:21:16,115.48,50.71
2026-08-22T00:21:17,115.84,51.07
2026-08-22T00:21:18,115.57,50.81
2026-08-22T00:21:19,116.05,51.27
2026-08-22T00:21:20,115.51,50.74
2026-08-22T00:21:21,116.32,51.54
2026-08-22T00:21:22,116.44,51.66
2026-08-22T00:21:23,116.78,51.99
2026-08-22T00:21:24,116.82,52.04
2026-08-22T00:21:25,117.71,52.91
2026-08-22T00:21:26,119.04,54.22
2026-08-22T00:21:27,121.57,56.72
2026-08-22T00:21:28,123.07,58.2
2026-08-22T00:21:29,126.69,61.77
2026-08-22T00:21:30,128.79,63.84
2026-08-22T00:21:31,128.87,63.92
2026-08-22T00:21:32,120.78,55.94
2026-08-22T00:21:33,118.53,53.73
2026-08-22T00:21:34,117.24,52.45
2026-08-22T00:21:35,116.47,51.69
2026-08-22T00:21:36,116.14,51.37
2026-08-22T00:21:37,115.98,51.21
2026-08-22T00:21:38,115.77,51.0
2026-08-22T00:21:39,115.98,51.21
2026-08-22T00:21:40,115.93,51.16
2026-08-22T00:21:41,115.55,50.78
2026-08-22T00:21:42,115.24,50.48
2026-08-22T00:21:43,115.42,50.65
2026-08-22T00:21:44,115.09,50.33
2026-08-22T00:21:45,115.72,50.95
2026-08-22T00:21:46,115.83,51.06
2026-08-22T00:21:47,115.9,51.13
2026-08-22T00:21:48,116.63,51.85
2026-08-22T00:21:49,116.45,51.67
2026-08-22T00:21:50,116.97,52.19
2026-08-22T00:21:51,117.06,52.28
2026-08-22T00:21:52,116.72,51.94
2026-08-22T00:21:53,117.02,52.24
2026-08-22T00:21:54,117.64,52.84
2026-08-22T00:21:55,117.65,52.85
2026-08-22T00:21:56,118.78,53.97
2026-08-22T00:21:57,116.52,51.74
2026-08-22T00:21:58,116.46,51.68
2026-08-22T00:21:59,115.94,51.17
2026-08-22T00:22:00,115.78,51.01
2026-08-22T00:22:01,116.59,51.8
2026-08-22T00:22:02,116.88,52.09
2026-08-22T00:22:03,116.41,51.63
2026-08-22T00:22:04,116.71,51.92
2026-08-22T00:22:05,116.6,51.82
2026-08-22T00:22:06,117.57,52.77
2026-08-22T00:22:07,117.81,53.02
2026-08-22T00:22:08,118.82,54.01
2026-08-22T00:22:09,119.96,55.13
2026-08-22T00:22:10,123.26,58.39
2026-08-22T00:22:11,125.5,60.6
2026-08-22T00:22:12,129.75,64.79
2026-08-22T00:22:13,131.97,66.97
2026-08-22T00:22:14,127.23,62.3
2026-08-22T00:22:15,121.97,57.11
2026-08-22T00:22:16,119.38,54.56
2026-08-22T00:22:17,117.97,53.17
2026-08-22T00:22:18,116.87,52.09
2026-08-22T00:22:19,117.1,52.31
2026-08-22T00:22:20,117.0,52.21
2026-08-22T00:22:21,117.88,53.08
2026-08-22T00:22:22,116.62,51.84
2026-08-22T00:22:23,116.37,51.6
2026-08-22T00:22:24,116.16,51.39
2026-08-22T00:22:25,115.84,51.07
2026-08-22T00:22:26,115.96,51.19
2026-08-22T00:22:27,115.92,51.15
2026-08-22T00:22:28,116.17,51.39
2026-08-22T00:22:29,115.92,51.15
2026-08-22T00:22:30,115.32,50.56
2026-08-22T00:22:31,115.91,51.14
2026-08-22T00:22:32,115.68,50.91
2026-08-22T00:22:33,115.3,50.54
2026-08-22T00:22:34,115.19,50.43
2026-08-22T00:22:35,114.63,49.88
2026-08-22T00:22:36,115.57,50.8
2026-08-22T00:22:37,115.48,50.71
2026-08-22T00:22:38,115.29,50.52
2026-08-22T00:22:39,115.24,50.48
2026-08-22T00:22:40,115.39,50.63
2026-08-22T00:22:41,115.21,50.45
2026-08-22T00:22:42,115.81,51.04
2026-08-22T00:22:43,115.6,50.83
2026-08-22T00:22:44,115.6,50.84
2026-08-22T00:22:45,115.32,50.55
2026-08-22T00:22:46,115.22,50.45
2026-08-22T00:22:47,115.16,50.4
2026-08-22T00:22:48,115.26,50.5
2026-08-22T00:22:49,115.21,50.45
2026-08-22T00:22:50,115.43,50.66
2026-08-22T00:22:51,114.96,50.21
2026-08-22T00:22:52,115.11,50.35
2026-08-22T00:22:53,115.11,50.35
2026-08-22T00:22:54,115.63,50.86
2026-08-22T00:22:55,115.63,50.87
2026-08-22T00:22:56,115.62,50.85
2026-08-22T00:22:57,115.25,50.49
2026-08-22T00:22:58,116.13,51.36
2026-08-22T00:22:59,114.99,50.23
2026-08-22T00:23:00,115.55,50.78
2026-08-22T00:23:01,114.87,50.12
2026-08-22T00:23:02,115.14,50.38
2026-08-22T00:23:03,115.02,50.26
2026-08-22T00:23:04,114.92,50.16
2026-08-22T00:23:05,115.63,50.87
2026-08-22T00:23:06,115.67,50.9
2026-08-22T00:23:07,116.18,51.4
2026-08-22T00:23:08,116.35,51.57
2026-08-22T00:23:09,116.49,51.71
2026-08-22T00:23:10,117.39,52.6
2026-08-22T00:23:11,120.68,55.85
2026-08-22T00:23:12,123.57,58.69
2026-08-22T00:23:13,125.02,60.12
2026-08-22T00:23:14,126.5,61.58
2026-08-22T00:23:15,127.71,62.78
2026-08-22T00:23:16,126.96,62.03
2026-08-22T00:23:17,123.74,58.85
2026-08-22T00:23:18,121.23,56.38
2026-08-22T00:23:19,119.42,54.6
2026-08-22T00:23:20,118.3,53.5
2026-08-22T00:23:21,117.41,52.62
2026-08-22T00:23:22,117.63,52.83
2026-08-22T00:23:23,118.24,53.44
2026-08-22T00:23:24,116.99,52.2
2026-08-22T00:23:25,116.51,51.73
2026-08-22T00:23:26,116.18,51.4
2026-08-22T00:23:27,116.1,51.33
2026-08-22T00:23:28,115.76,50.99
2026-08-22T00:23:29,115.98,51.21
2026-08-22T00:23:30,115.54,50.78
2026-08-22T00:23:31,115.92,51.15
2026-08-22T00:23:32,115.91,51.14
2026-08-22T00:23:33,115.55,50.78
2026-08-22T00:23:34,114.93,50.17
2026-08-22T00:23:35,114.97,50.21
2026-08-22T00:23:36,114.55,49.8
2026-08-22T00:23:37,114.59,49.84
2026-08-22T00:23:38,115.15,50.39
2026-08-22T00:23:39,115.03,50.28
2026-08-22T00:23:40,115.13,50.37
2026-08-22T00:23:41,115.1,50.34
2026-08-22T00:23:42,114.4,49.65
2026-08-22T00:23:43,115.11,50.35
2026-08-22T00:23:44,115.1,50.34
2026-08-22T00:23:45,115.16,50.4
2026-08-22T00:23:46,115.73,50.96
2026-08-22T00:23:47,115.5,50.73
2026-08-22T00:23:48,115.3,50.53
2026-08-22T00:23:49,115.04,50.28
2026-08-22T00:23:50,114.62,49.87
2026-08-22T00:23:51,114.72,49.96
2026-08-22T00:23:52,115.21,50.45
2026-08-22T00:23:53,115.02,50.26
2026-08-22T00:23:54,114.68,49.92
2026-08-22T00:23:55,114.89,50.14
2026-08-22T00:23:56,114.99,50.23
2026-08-22T00:23:57,115.38,50.62
2026-08-22T00:23:58,114.87,50.12
2026-08-22T00:23:59,114.58,49.83
2026-08-22T00:24:00,114.72,49.97
2026-08-22T00:24:01,114.75,50.0
2026-08-22T00:24:02,115.25,50.49
2026-08-22T00:24:03,115.0,50.24
2026-08-22T00:24:04,114.76,50.0
2026-08-22T00:24:05,114.69,49.93
2026-08-22T00:24:06,115.24,50.48
2026-08-22T00:24:07,114.89,50.13
2026-08-22T00:24:08,114.46,49.71
2026-08-22T00:24:09,115.62,50.85
2026-08-22T00:24:10,115.22,50.46
2026-08-22T00:24:11,114.47,49.72
2026-08-22T00:24:12,114.68,49.92
2026-08-22T00:24:13,115.08,50.32
2026-08-22T00:24:14,115.55,50.78
2026-08-22T00:24:15,115.48,50.72
2026-08-22T00:24:16,115.48,50.72
2026-08-22T00:24:17,114.98,50.22
2026-08-22T00:24:18,115.14,50.38
2026-08-22T00:24:19,115.05,50.29
2026-08-22T00:24:20,115.54,50.78
2026-08-22T00:24:21,115.21,50.45
2026-08-22T00:24:22,115.71,50.94
2026-08-22T00:24:23,115.95,51.18
2026-08-22T00:24:24,115.38,50.62
2026-08-22T00:24:25,115.28,50.52
2026-08-22T00:24:26,115.6,50.83
2026-08-22T00:24:27,115.39,50.62
2026-08-22T00:24:28,115.74,50.97
2026-08-22T00:24:29,115.58,50.81
2026-08-22T00:24:30,115.54,50.78
2026-08-22T00:24:31,115.59,50.82
2026-08-22T00:24:32,115.54,50.77
2026-08-22T00:24:33,116.48,51.7
2026-08-22T00:24:34,117.14,52.35
2026-08-22T00:24:35,117.77,52.97
2026-08-22T00:24:36,118.23,53.43
2026-08-22T00:24:37,119.79,54.97
2026-08-22T00:24:38,123.16,58.29
2026-08-22T00:24:39,125.11,60.2
2026-08-22T00:24:40,128.54,63.59
2026-08-22T00:24:41,129.34,64.38
2026-08-22T00:24:42,130.48,65.51
2026-08-22T00:24:43,122.41,57.55
2026-08-22T00:24:44,119.3,54.49
2026-08-22T00:24:45,117.55,52.75
2026-08-22T00:24:46,115.84,51.07
2026-08-22T00:24:47,115.75,50.98
2026-08-22T00:24:48,116.23,51.45
2026-08-22T00:24:49,115.76,50.99
2026-08-22T00:24:50,115.68,50.91
2026-08-22T00:24:51,115.79,51.02
2026-08-22T00:24:52,115.51,50.74
2026-08-22T00:24:53,115.62,50.85
2026-08-22T00:24:54,115.67,50.9
2026-08-22T00:24:55,115.44,50.67
2026-08-22T00:24:56,115.21,50.45
2026-08-22T00:24:57,115.43,50.66
2026-08-22T00:24:58,115.14,50.38
2026-08-22T00:24:59,115.39,50.63
2026-08-22T00:25:00,115.43,50.66
2026-08-22T00:25:01,114.8,50.05
2026-08-22T00:25:02,114.77,50.02
2026-08-22T00:25:03,114.62,49.87
2026-08-22T00:25:04,114.9,50.14
2026-08-22T00:25:05,115.18,50.42
2026-08-22T00:25:06,115.21,50.45
2026-08-22T00:25:07,115.23,50.47
2026-08-22T00:25:08,114.9,50.15
2026-08-22T00:25:09,115.03,50.28
2026-08-22T00:25:10,114.93,50.17
2026-08-22T00:25:11,114.82,50.06
2026-08-22T00:25:12,114.47,49.72
2026-08-22T00:25:13,115.37,50.61
2026-08-22T00:25:14,115.45,50.68
2026-08-22T00:25:15,114.88,50.12
2026-08-22T00:25:16,115.04,50.28
2026-08-22T00:25:17,114.87,50.11
2026-08-22T00:25:18,115.04,50.28
2026-08-22T00:25:19,115.12,50.36
2026-08-22T00:25:20,115.05,50.29
2026-08-22T00:25:21,114.5,49.75
2026-08-22T00:25:22,114.74,49.99
2026-08-22T00:25:23,114.69,49.94
2026-08-22T00:25:24,114.61,49.86
2026-08-22T00:25:25,115.39,50.62
2026-08-22T00:25:26,115.43,50.67
2026-08-22T00:25:27,115.26,50.5
2026-08-22T00:25:28,115.62,50.85
2026-08-22T00:25:29,114.87,50.11
2026-08-22T00:25:30,114.77,50.01
2026-08-22T00:25:31,114.76,50.01
2026-08-22T00:25:32,114.57,49.82
2026-08-22T00:25:33,114.97,50.21
2026-08-22T00:25:34,114.93,50.18
2026-08-22T00:25:35,115.08,50.33
2026-08-22T00:25:36,114.81,50.05
2026-08-22T00:25:37,114.8,50.05
2026-08-22T00:25:38,114.71,49.95
2026-08-22T00:25:39,115.16,50.4
2026-08-22T00:25:40,115.24,50.47
2026-08-22T00:25:41,114.8,50.05
2026-08-22T00:25:42,115.21,50.45
2026-08-22T00:25:43,114.85,50.09
2026-08-22T00:25:44,115.07,50.31
2026-08-22T00:25:45,114.75,49.99
2026-08-22T00:25:46,115.15,50.39
2026-08-22T00:25:47,115.01,50.25
2026-08-22T00:25:48,115.53,50.77
2026-08-22T00:25:49,114.84,50.09
2026-08-22T00:25:50,115.5,50.74
2026-08-22T00:25:51,114.95,50.19
2026-08-22T00:25:52,114.78,50.02
2026-08-22T00:25:53,114.59,49.84
2026-08-22T00:25:54,114.48,49.73
2026-08-22T00:25:55,114.54,49.78
2026-08-22T00:25:56,114.8,50.04
2026-08-22T00:25:57,114.47,49.72
2026-08-22T00:25:58,114.55,49.8
2026-08-22T00:25:59,114.74,49.99
2026-08-22T00:26:00,115.48,50.71
2026-08-22T00:26:01,114.6,49.85
2026-08-22T00:26:02,114.77,50.02
2026-08-22T00:26:03,114.75,49.99
2026-08-22T00:26:04,114.63,49.88
2026-08-22T00:26:05,115.67,50.91
2026-08-22T00:26:06,115.23,50.47
2026-08-22T00:26:07,115.23,50.46
2026-08-22T00:26:08,114.76,50.0
2026-08-22T00:26:09,115.66,50.9
2026-08-22T00:26:10,114.98,50.22
2026-08-22T00:26:11,115.17,50.41
2026-08-22T00:26:12,114.76,50.0
2026-08-22T00:26:13,115.39,50.62
2026-08-22T00:26:14,115.36,50.6
2026-08-22T00:26:15,115.19,50.43
2026-08-22T00:26:16,115.24,50.48
2026-08-22T00:26:17,116.2,51.43
2026-08-22T00:26:18,116.57,51.79
2026-08-22T00:26:19,117.35,52.56
2026-08-22T00:26:20,119.28,54.47
2026-08-22T00:26:21,121.37,56.52
2026-08-22T00:26:22,126.28,61.37
2026-08-22T00:26:23,128.87,63.92
2026-08-22T00:26:24,129.13,64.17
2026-08-22T00:26:25,130.37,65.39
2026-08-22T00:26:26,129.81,64.84
2026-08-22T00:26:27,127.08,62.15
2026-08-22T00:26:28,126.06,61.14
2026-08-22T00:26:29,122.07,57.21
2026-08-22T00:26:30,120.44,55.6
2026-08-22T00:26:31,121.51,56.66
2026-08-22T00:26:32,120.14,55.31
2026-08-22T00:26:33,121.92,57.07
2026-08-22T00:26:34,125.02,60.12
2026-08-22T00:26:35,126.91,61.99
2026-08-22T00:26:36,127.21,62.28
2026-08-22T00:26:37,127.77,62.84
2026-08-22T00:26:38,125.67,60.76
2026-08-22T00:26:39,121.75,56.9
2026-08-22T00:26:40,119.74,54.92
2026-08-22T00:26:41,118.53,53.72
2026-08-22T00:26:42,118.03,53.23
2026-08-22T00:26:43,117.37,52.58
2026-08-22T00:26:44,117.49,52.7
2026-08-22T00:26:45,117.01,52.23
2026-08-22T00:26:46,116.11,51.33
2026-08-22T00:26:47,116.03,51.26
2026-08-22T00:26:48,115.49,50.72
2026-08-22T00:26:49,115.18,50.42
2026-08-22T00:26:50,115.11,50.35
2026-08-22T00:26:51,114.79,50.04
2026-08-22T00:26:52,115.05,50.29
2026-08-22T00:26:53,115.77,51.0
2026-08-22T00:26:54,115.78,51.01
2026-08-22T00:26:55,115.17,50.41
2026-08-22T00:26:56,114.98,50.23
2026-08-22T00:26:57,115.28,50.52
2026-08-22T00:26:58,115.49,50.73
2026-08-22T00:26:59,115.34,50.58
2026-08-22T00:27:00,115.78,51.01
2026-08-22T00:27:01,115.39,50.63
2026-08-22T00:27:02,115.44,50.67
2026-08-22T00:27:03,115.27,50.51
2026-08-22T00:27:04,115.21,50.45
2026-08-22T00:27:05,115.77,51.0
2026-08-22T00:27:06,115.35,50.58
2026-08-22T00:27:07,115.54,50.78
2026-08-22T00:27:08,115.9,51.13
2026-08-22T00:27:09,116.25,51.48
2026-08-22T00:27:10,117.3,52.51
2026-08-22T00:27:11,116.14,51.36
2026-08-22T00:27:12,115.95,51.18
2026-08-22T00:27:13,115.74,50.97
2026-08-22T00:27:14,115.77,51.0
2026-08-22T00:27:15,116.12,51.35
2026-08-22T00:27:16,115.96,51.18
2026-08-22T00:27:17,116.2,51.42
2026-08-22T00:27:18,116.31,51.53
2026-08-22T00:27:19,116.61,51.83
2026-08-22T00:27:20,117.04,52.25
2026-08-22T00:27:21,117.32,52.52
2026-08-22T00:27:22,118.25,53.44
2026-08-22T00:27:23,119.2,54.38
2026-08-22T00:27:24,120.27,55.44
2026-08-22T00:27:25,122.3,57.44
2026-08-22T00:27:26,124.08,59.19
2026-08-22T00:27:27,126.92,61.99
2026-08-22T00:27:28,129.99,65.02
2026-08-22T00:27:29,132.23,67.23
2026-08-22T00:27:30,136.79,71.72
2026-08-22T00:27:31,138.51,73.41
2026-08-22T00:27:32,138.44,73.35
2026-08-22T00:27:33,140.35,75.24
2026-08-22T00:27:34,142.81,77.66
2026-08-22T00:27:35,142.3,77.15
2026-08-22T00:27:36,139.29,74.19
2026-08-22T00:27:37,132.59,67.58
2026-08-22T00:27:38,128.74,63.79
2026-08-22T00:27:39,126.46,61.54
2026-08-22T00:27:40,122.74,57.87
2026-08-22T00:27:41,121.97,57.12
2026-08-22T00:27:42,120.61,55.77
2026-08-22T00:27:43,119.5,54.67
2026-08-22T00:27:44,117.43,52.63
2026-08-22T00:27:45,117.26,52.47
2026-08-22T00:27:46,116.25,51.47
2026-08-22T00:27:47,116.28,51.5
2026-08-22T00:27:48,115.71,50.94
2026-08-22T00:27:49,116.51,51.74
2026-08-22T00:27:50,115.38,50.62
2026-08-22T00:27:51,116.1,51.33
2026-08-22T00:27:52,115.9,51.13
2026-08-22T00:27:53,116.05,51.27
2026-08-22T00:27:54,115.79,51.02
2026-08-22T00:27:55,116.81,52.03
2026-08-22T00:27:56,117.19,52.4
2026-08-22T00:27:57,118.23,53.43
2026-08-22T00:27:58,119.54,54.72
2026-08-22T00:27:59,122.43,57.57
2026-08-22T00:28:00,124.88,59.98
2026-08-22T00:28:01,127.92,62.97
2026-08-22T00:28:02,128.08,63.14
2026-08-22T00:28:03,125.9,60.99
2026-08-22T00:28:04,121.94,57.08
2026-08-22T00:28:05,118.94,54.13
2026-08-22T00:28:06,117.04,52.25
2026-08-22T00:28:07,116.05,51.27
2026-08-22T00:28:08,115.71,50.94
2026-08-22T00:28:09,116.26,51.48
2026-08-22T00:28:10,115.48,50.72
2026-08-22T00:28:11,115.0,50.24
2026-08-22T00:28:12,115.26,50.5
2026-08-22T00:28:13,115.31,50.55
2026-08-22T00:28:14,114.95,50.2
2026-08-22T00:28:15,115.11,50.36
2026-08-22T00:28:16,115.41,50.65
2026-08-22T00:28:17,115.32,50.56
2026-08-22T00:28:18,115.38,50.62
2026-08-22T00:28:19,115.18,50.42
2026-08-22T00:28:20,115.47,50.7
2026-08-22T00:28:21,116.0,51.22
2026-08-22T00:28:22,116.39,51.61
2026-08-22T00:28:23,116.54,51.76
2026-08-22T00:28:24,117.47,52.68
2026-08-22T00:28:25,119.19,54.37
2026-08-22T00:28:26,121.05,56.21
2026-08-22T00:28:27,123.57,58.69
2026-08-22T00:28:28,125.6,60.69
2026-08-22T00:28:29,124.92,60.02
2026-08-22T00:28:30,121.34,56.49
2026-08-22T00:28:31,118.61,53.8
2026-08-22T00:28:32,116.63,51.85
2026-08-22T00:28:33,116.45,51.67
2026-08-22T00:28:34,115.5,50.74
2026-08-22T00:28:35,115.08,50.32
2026-08-22T00:28:36,115.35,50.58
2026-08-22T00:28:37,115.21,50.45
2026-08-22T00:28:38,115.09,50.33
2026-08-22T00:28:39,114.76,50.0
2026-08-22T00:28:40,115.24,50.48
2026-08-22T00:28:41,114.6,49.85
2026-08-22T00:28:42,114.83,50.07
2026-08-22T00:28:43,114.49,49.74
2026-08-22T00:28:44,114.76,50.01
2026-08-22T00:28:45,115.17,50.41
2026-08-22T00:28:46,115.2,50.44
2026-08-22T00:28:47,114.96,50.2
2026-08-22T00:28:48,114.9,50.14
2026-08-22T00:28:49,115.25,50.48
2026-08-22T00:28:50,114.95,50.19
2026-08-22T00:28:51,115.17,50.41
2026-08-22T00:28:52,114.72,49.97
2026-08-22T00:28:53,115.19,50.43
2026-08-22T00:28:54,114.88,50.12
2026-08-22T00:28:55,114.77,50.02
2026-08-22T00:28:56,115.13,50.37
2026-08-22T00:28:57,115.04,50.28
2026-08-22T00:28:58,115.03,50.27
2026-08-22T00:28:59,114.53,49.77
2026-08-22T00:29:00,114.89,50.13
2026-08-22T00:29:01,115.32,50.56
2026-08-22T00:29:02,115.25,50.49
2026-08-22T00:29:03,115.35,50.58
2026-08-22T00:29:04,114.47,49.72
2026-08-22T00:29:05,115.45,50.68
2026-08-22T00:29:06,115.1,50.34
2026-08-22T00:29:07,114.6,49.85
2026-08-22T00:29:08,115.22,50.46
2026-08-22T00:29:09,114.83,50.07
2026-08-22T00:29:10,114.9,50.14
2026-08-22T00:29:11,114.74,49.99
2026-08-22T00:29:12,114.89,50.13
2026-08-22T00:29:13,115.21,50.45
2026-08-22T00:29:14,115.46,50.7
2026-08-22T00:29:15,115.09,50.33
2026-08-22T00:29:16,115.13,50.37
2026-08-22T00:29:17,114.71,49.96
2026-08-22T00:29:18,114.98,50.22
2026-08-22T00:29:19,114.56,49.81
2026-08-22T00:29:20,114.82,50.06
2026-08-22T00:29:21,114.95,50.2
2026-08-22T00:29:22,114.72,49.97
2026-08-22T00:29:23,115.19,50.43
2026-08-22T00:29:24,114.7,49.95
2026-08-22T00:29:25,115.24,50.48
2026-08-22T00:29:26,114.88,50.12
2026-08-22T00:29:27,115.43,50.67
2026-08-22T00:29:28,115.41,50.64
2026-08-22T00:29:29,115.65,50.88
2026-08-22T00:29:30,115.14,50.38
2026-08-22T00:29:31,114.6,49.84
2026-08-22T00:29:32,114.96,50.2
2026-08-22T00:29:33,114.71,49.96
2026-08-22T00:29:34,114.72,49.96
2026-08-22T00:29:35,114.63,49.87
2026-08-22T00:29:36,114.55,49.8
2026-08-22T00:29:37,115.38,50.62
2026-08-22T00:29:38,115.14,50.38
2026-08-22T00:29:39,114.52,49.77
2026-08-22T00:29:40,114.84,50.09
2026-08-22T00:29:41,114.59,49.84
2026-08-22T00:29:42,115.21,50.45
2026-08-22T00:29:43,114.73,49.98
2026-08-22T00:29:44,114.78,50.03
2026-08-22T00:29:45,115.03,50.27
2026-08-22T00:29:46,115.35,50.59
2026-08-22T00:29:47,115.13,50.37
2026-08-22T00:29:48,115.2,50.44
2026-08-22T00:29:49,114.91,50.15
2026-08-22T00:29:50,115.84,51.07
2026-08-22T00:29:51,114.71,49.96
2026-08-22T00:29:52,115.24,50.47
2026-08-22T00:29:53,115.4,50.63
2026-08-22T00:29:54,115.41,50.65
2026-08-22T00:29:55,115.18,50.42
2026-08-22T00:29:56,114.85,50.09
2026-08-22T00:29:57,115.1,50.34
2026-08-22T00:29:58,114.9,50.15
2026-08-22T00:29:59,115.31,50.54
2026-08-22T00:30:00,115.0,50.24
2026-08-22T00:30:01,115.22,50.45
2026-08-22T00:30:02,115.51,50.74
2026-08-22T00:30:03,114.42,49.67
2026-08-22T00:30:04,114.94,50.18
2026-08-22T00:30:05,115.37,50.61
2026-08-22T00:30:06,114.94,50.18
2026-08-22T00:30:07,114.66,49.91
2026-08-22T00:30:08,115.25,50.49
2026-08-22T00:30:09,115.58,50.81
2026-08-22T00:30:10,115.19,50.43
2026-08-22T00:30:11,114.93,50.17
2026-08-22T00:30:12,115.46,50.7
2026-08-22T00:30:13,115.17,50.41
2026-08-22T00:30:14,115.23,50.47
2026-08-22T00:30:15,115.23,50.46
2026-08-22T00:30:16,114.86,50.11
2026-08-22T00:30:17,115.36,50.6
2026-08-22T00:30:18,115.51,50.75
2026-08-22T00:30:19,115.1,50.34
2026-08-22T00:30:20,115.82,51.05
2026-08-22T00:30:21,114.58,49.83
2026-08-22T00:30:22,114.74,49.99
2026-08-22T00:30:23,114.75,50.0
2026-08-22T00:30:24,115.44,50.67
2026-08-22T00:30:25,115.18,50.41
2026-08-22T00:30:26,115.18,50.42
2026-08-22T00:30:27,115.09,50.33
2026-08-22T00:30:28,114.52,49.77
2026-08-22T00:30:29,115.08,50.32
2026-08-22T00:30:30,114.94,50.18
2026-08-22T00:30:31,115.01,50.26
2026-08-22T00:30:32,115.34,50.57
2026-08-22T00:30:33,115.23,50.47
2026-08-22T00:30:34,115.49,50.73
2026-08-22T00:30:35,115.18,50.42
2026-08-22T00:30:36,115.13,50.37
2026-08-22T00:30:37,115.83,51.06
2026-08-22T00:30:38,115.09,50.33
2026-08-22T00:30:39,115.23,50.47
2026-08-22T00:30:40,115.49,50.73
2026-08-22T00:30:41,115.37,50.61
2026-08-22T00:30:42,115.54,50.77
2026-08-22T00:30:43,115.17,50.41
2026-08-22T00:30:44,115.62,50.85
2026-08-22T00:30:45,115.35,50.58
2026-08-22T00:30:46,115.01,50.26
2026-08-22T00:30:47,115.23,50.47
2026-08-22T00:30:48,115.84,51.07
2026-08-22T00:30:49,115.75,50.98
2026-08-22T00:30:50,115.45,50.68
2026-08-22T00:30:51,114.79,50.04
2026-08-22T00:30:52,116.14,51.37
2026-08-22T00:30:53,116.36,51.59
2026-08-22T00:30:54,116.52,51.74
2026-08-22T00:30:55,115.95,51.18
2026-08-22T00:30:56,115.54,50.78
2026-08-22T00:30:57,117.04,52.26
2026-08-22T00:30:58,115.79,51.02
2026-08-22T00:30:59,115.57,50.81
2026-08-22T00:31:00,115.11,50.35
2026-08-22T00:31:01,114.96,50.21
2026-08-22T00:31:02,115.03,50.27
2026-08-22T00:31:03,115.2,50.44
2026-08-22T00:31:04,114.86,50.1
2026-08-22T00:31:05,115.02,50.27
2026-08-22T00:31:06,115.17,50.41
2026-08-22T00:31:07,114.9,50.14
2026-08-22T00:31:08,115.08,50.32
2026-08-22T00:31:09,115.7,50.93
2026-08-22T00:31:10,114.97,50.21
2026-08-22T00:31:11,115.54,50.78
2026-08-22T00:31:12,115.09,50.33
2026-08-22T00:31:13,115.12,50.36
2026-08-22T00:31:14,115.03,50.27
2026-08-22T00:31:15,115.32,50.56
2026-08-22T00:31:16,114.86,50.11
2026-08-22T00:31:17,115.15,50.39
2026-08-22T00:31:18,115.18,50.42
2026-08-22T00:31:19,115.39,50.63
2026-08-22T00:31:20,115.67,50.91
2026-08-22T00:31:21,115.29,50.53
2026-08-22T00:31:22,115.3,50.54
2026-08-22T00:31:23,115.31,50.55
2026-08-22T00:31:24,115.27,50.51
2026-08-22T00:31:25,115.47,50.71
2026-08-22T00:31:26,114.92,50.17
2026-08-22T00:31:27,115.29,50.53
2026-08-22T00:31:28,115.88,51.11
2026-08-22T00:31:29,115.48,50.71
2026-08-22T00:31:30,115.22,50.45
2026-08-22T00:31:31,115.07,50.31
2026-08-22T00:31:32,114.82,50.06
2026-08-22T00:31:33,115.5,50.74
2026-08-22T00:31:34,114.99,50.23
2026-08-22T00:31:35,114.55,49.8
2026-08-22T00:31:36,114.63,49.87
2026-08-22T00:31:37,114.8,50.04
2026-08-22T00:31:38,114.96,50.2
2026-08-22T00:31:39,114.81,50.05
2026-08-22T00:31:40,114.99,50.23
2026-08-22T00:31:41,115.13,50.37
2026-08-22T00:31:42,114.4,49.65
2026-08-22T00:31:43,114.82,50.07
2026-08-22T00:31:44,115.2,50.44
2026-08-22T00:31:45,115.49,50.73
2026-08-22T00:31:46,115.39,50.62
2026-08-22T00:31:47,115.67,50.9
2026-08-22T00:31:48,115.48,50.71
2026-08-22T00:31:49,114.91,50.15
2026-08-22T00:31:50,115.31,50.55
2026-08-22T00:31:51,114.88,50.13
2026-08-22T00:31:52,114.87,50.11
2026-08-22T00:31:53,114.95,50.2
2026-08-22T00:31:54,115.39,50.62
2026-08-22T00:31:55,116.39,51.61
2026-08-22T00:31:56,115.99,51.22
2026-08-22T00:31:57,116.55,51.77
2026-08-22T00:31:58,116.69,51.91
2026-08-22T00:31:59,117.38,52.59
2026-08-22T00:32:00,115.62,50.85
2026-08-22T00:32:01,115.87,51.1
2026-08-22T00:32:02,114.78,50.02
2026-08-22T00:32:03,115.04,50.28
2026-08-22T00:32:04,114.92,50.17
2026-08-22T00:32:05,115.08,50.32
2026-08-22T00:32:06,115.08,50.32
2026-08-22T00:32:07,115.43,50.66
2026-08-22T00:32:08,115.46,50.69
2026-08-22T00:32:09,114.78,50.02
2026-08-22T00:32:10,115.46,50.69
2026-08-22T00:32:11,115.5,50.74
2026-08-22T00:32:12,115.2,50.44
2026-08-22T00:32:13,115.32,50.55
2026-08-22T00:32:14,115.45,50.69
2026-08-22T00:32:15,115.77,51.01
2026-08-22T00:32:16,116.01,51.23
2026-08-22T00:32:17,115.77,51.0
2026-08-22T00:32:18,116.27,51.49
2026-08-22T00:32:19,116.82,52.03
2026-08-22T00:32:20,116.26,51.48
2026-08-22T00:32:21,117.04,52.25
2026-08-22T00:32:22,118.2,53.39
2026-08-22T00:32:23,119.58,54.76
2026-08-22T00:32:24,121.28,56.43
2026-08-22T00:32:25,121.62,56.76
2026-08-22T00:32:26,122.0,57.14
2026-08-22T00:32:27,122.77,57.9
2026-08-22T00:32:28,123.35,58.48
2026-08-22T00:32:29,123.89,59.0
2026-08-22T00:32:30,125.51,60.61
2026-08-22T00:32:31,128.87,63.91
2026-08-22T00:32:32,129.52,64.56
2026-08-22T00:32:33,127.26,62.33
2026-08-22T00:32:34,126.2,61.28
2026-08-22T00:32:35,126.66,61.73
2026-08-22T00:32:36,128.75,63.8
2026-08-22T00:32:37,129.18,64.22
2026-08-22T00:32:38,131.59,66.6
2026-08-22T00:32:39,124.92,60.02
2026-08-22T00:32:40,121.57,56.72
2026-08-22T00:32:41,118.91,54.09
2026-08-22T00:32:42,118.75,53.94
2026-08-22T00:32:43,119.2,54.39
2026-08-22T00:32:44,118.83,54.01
2026-08-22T00:32:45,117.1,52.32
2026-08-22T00:32:46,117.16,52.37
2026-08-22T00:32:47,117.86,53.06
2026-08-22T00:32:48,117.38,52.58
2026-08-22T00:32:49,118.76,53.95
2026-08-22T00:32:50,117.32,52.53
2026-08-22T00:32:51,116.33,51.55
2026-08-22T00:32:52,115.88,51.11
2026-08-22T00:32:53,115.59,50.83
2026-08-22T00:32:54,116.64,51.86
2026-08-22T00:32:55,116.31,51.53
2026-08-22T00:32:56,115.28,50.51
2026-08-22T00:32:57,115.47,50.71
2026-08-22T00:32:58,115.05,50.29
2026-08-22T00:32:59,115.39,50.62
2026-08-22T00:33:00,114.86,50.1
2026-08-22T00:33:01,114.86,50.1
2026-08-22T00:33:02,115.62,50.85
2026-08-22T00:33:03,114.77,50.02
2026-08-22T00:33:04,115.12,50.36
2026-08-22T00:33:05,115.22,50.46
2026-08-22T00:33:06,114.98,50.22
2026-08-22T00:33:07,114.96,50.21
2026-08-22T00:33:08,115.18,50.42
2026-08-22T00:33:09,115.23,50.47
2026-08-22T00:33:10,114.63,49.87
2026-08-22T00:33:11,114.86,50.11
2026-08-22T00:33:12,115.31,50.54
2026-08-22T00:33:13,114.91,50.15
2026-08-22T00:33:14,115.56,50.79
2026-08-22T00:33:15,114.87,50.11
2026-08-22T00:33:16,115.01,50.25
2026-08-22T00:33:17,114.96,50.2
2026-08-22T00:33:18,115.01,50.25
2026-08-22T00:33:19,114.89,50.13
2026-08-22T00:33:20,115.09,50.33
2026-08-22T00:33:21,114.94,50.19
2026-08-22T00:33:22,115.02,50.26
2026-08-22T00:33:23,114.55,49.8
2026-08-22T00:33:24,114.68,49.92
2026-08-22T00:33:25,115.05,50.29
2026-08-22T00:33:26,115.05,50.29
2026-08-22T00:33:27,115.25,50.48
2026-08-22T00:33:28,115.35,50.59
2026-08-22T00:33:29,115.19,50.43
2026-08-22T00:33:30,115.23,50.47
2026-08-22T00:33:31,115.08,50.32
2026-08-22T00:33:32,114.89,50.14
2026-08-22T00:33:33,114.88,50.13
2026-08-22T00:33:34,114.15,49.41
2026-08-22T00:33:35,115.54,50.78
2026-08-22T00:33:36,114.73,49.98
2026-08-22T00:33:37,115.19,50.43
2026-08-22T00:33:38,114.7,49.95
2026-08-22T00:33:39,115.16,50.4
2026-08-22T00:33:40,115.21,50.45
2026-08-22T00:33:41,115.0,50.24
2026-08-22T00:33:42,114.74,49.98
2026-08-22T00:33:43,114.95,50.19
2026-08-22T00:33:44,115.51,50.75
2026-08-22T00:33:45,114.41,49.66
2026-08-22T00:33:46,114.68,49.92
2026-08-22T00:33:47,115.0,50.24
2026-08-22T00:33:48,115.27,50.51
2026-08-22T00:33:49,115.38,50.62
2026-08-22T00:33:50,114.71,49.96
2026-08-22T00:33:51,114.47,49.72
2026-08-22T00:33:52,114.38,49.64
2026-08-22T00:33:53,114.84,50.09
2026-08-22T00:33:54,114.97,50.21
2026-08-22T00:33:55,114.46,49.71
2026-08-22T00:33:56,115.04,50.28
2026-08-22T00:33:57,115.45,50.69
2026-08-22T00:33:58,115.18,50.42
2026-08-22T00:33:59,114.53,49.78
2026-08-22T00:34:00,114.63,49.88
2026-08-22T00:34:01,115.26,50.5
2026-08-22T00:34:02,114.4,49.65
2026-08-22T00:34:03,114.98,50.22
2026-08-22T00:34:04,114.92,50.17
2026-08-22T00:34:05,115.11,50.35
2026-08-22T00:34:06,116.36,51.59
2026-08-22T00:34:07,115.9,51.13
2026-08-22T00:34:08,115.58,50.82
2026-08-22T00:34:09,115.35,50.59
2026-08-22T00:34:10,115.14,50.38
2026-08-22T00:34:11,116.12,51.35
2026-08-22T00:34:12,115.17,50.41
2026-08-22T00:34:13,116.08,51.3
2026-08-22T00:34:14,116.94,52.16
2026-08-22T00:34:15,115.54,50.78
2026-08-22T00:34:16,114.94,50.18
2026-08-22T00:34:17,114.62,49.87
2026-08-22T00:34:18,115.66,50.89
2026-08-22T00:34:19,115.16,50.4
2026-08-22T00:34:20,115.08,50.32
2026-08-22T00:34:21,115.38,50.61
2026-08-22T00:34:22,114.91,50.15
2026-08-22T00:34:23,115.82,51.05
2026-08-22T00:34:24,115.66,50.89
2026-08-22T00:34:25,115.02,50.26
2026-08-22T00:34:26,115.21,50.45
2026-08-22T00:34:27,114.81,50.05
2026-08-22T00:34:28,115.07,50.31
2026-08-22T00:34:29,114.92,50.17
2026-08-22T00:34:30,115.64,50.87
2026-08-22T00:34:31,115.0,50.24
2026-08-22T00:34:32,114.95,50.19
2026-08-22T00:34:33,114.4,49.65
2026-08-22T00:34:34,115.39,50.62
2026-08-22T00:34:35,116.44,51.66
2026-08-22T00:34:36,115.56,50.8
2026-08-22T00:34:37,116.1,51.32
2026-08-22T00:34:38,115.19,50.43
2026-08-22T00:34:39,115.26,50.5
2026-08-22T00:34:40,114.84,50.09
2026-08-22T00:34:41,115.37,50.6
2026-08-22T00:34:42,115.18,50.42
2026-08-22T00:34:43,115.11,50.35
2026-08-22T00:34:44,114.68,49.93
2026-08-22T00:34:45,114.93,50.18
2026-08-22T00:34:46,114.65,49.9
2026-08-22T00:34:47,115.27,50.51
2026-08-22T00:34:48,114.93,50.17
2026-08-22T00:34:49,115.1,50.34
2026-08-22T00:34:50,115.19,50.43
2026-08-22T00:34:51,115.3,50.54
2026-08-22T00:34:52,114.65,49.9
2026-08-22T00:34:53,114.84,50.09
2026-08-22T00:34:54,114.92,50.17
2026-08-22T00:34:55,114.53,49.78
2026-08-22T00:34:56,114.53,49.78
2026-08-22T00:34:57,114.73,49.98
2026-08-22T00:34:58,115.11,50.36
2026-08-22T00:34:59,114.71,49.95
2026-08-22T00:35:00,115.05,50.29
2026-08-22T00:35:01,115.16,50.4
2026-08-22T00:35:02,114.92,50.16
2026-08-22T00:35:03,115.15,50.39
2026-08-22T00:35:04,115.23,50.47
2026-08-22T00:35:05,115.18,50.42
2026-08-22T00:35:06,115.55,50.78
2026-08-22T00:35:07,115.61,50.84
2026-08-22T00:35:08,115.12,50.36
2026-08-22T00:35:09,114.87,50.11
2026-08-22T00:35:10,115.73,50.97
2026-08-22T00:35:11,116.04,51.27
2026-08-22T00:35:12,116.42,51.64
2026-08-22T00:35:13,117.61,52.81
2026-08-22T00:35:14,119.24,54.42
2026-08-22T00:35:15,121.34,56.49
2026-08-22T00:35:16,125.2,60.3
2026-08-22T00:35:17,127.3,62.36
2026-08-22T00:35:18,128.93,63.97
2026-08-22T00:35:19,130.68,65.7
2026-08-22T00:35:20,131.96,66.96
2026-08-22T00:35:21,131.05,66.06
2026-08-22T00:35:22,130.34,65.36
2026-08-22T00:35:23,129.85,64.88
2026-08-22T00:35:24,129.91,64.94
2026-08-22T00:35:25,129.39,64.43
2026-08-22T00:35:26,125.94,61.03
2026-08-22T00:35:27,124.39,59.5
2026-08-22T00:35:28,122.56,57.69
2026-08-22T00:35:29,121.48,56.63
2026-08-22T00:35:30,120.83,55.99
2026-08-22T00:35:31,118.82,54.01
2026-08-22T00:35:32,117.58,52.78
2026-08-22T00:35:33,117.49,52.69
2026-08-22T00:35:34,116.87,52.09
2026-08-22T00:35:35,116.8,52.02
2026-08-22T00:35:36,116.12,51.35
2026-08-22T00:35:37,116.17,51.4
2026-08-22T00:35:38,115.59,50.83
2026-08-22T00:35:39,114.69,49.93
2026-08-22T00:35:40,115.88,51.11
2026-08-22T00:35:41,114.84,50.08
2026-08-22T00:35:42,115.29,50.53
2026-08-22T00:35:43,115.75,50.98
2026-08-22T00:35:44,114.95,50.19
2026-08-22T00:35:45,114.92,50.16
2026-08-22T00:35:46,115.29,50.52
2026-08-22T00:35:47,114.88,50.12
2026-08-22T00:35:48,115.44,50.67
2026-08-22T00:35:49,114.96,50.2
2026-08-22T00:35:50,115.59,50.82
2026-08-22T00:35:51,114.63,49.87
2026-08-22T00:35:52,115.49,50.72
2026-08-22T00:35:53,115.29,50.53
2026-08-22T00:35:54,115.38,50.62
2026-08-22T00:35:55,115.12,50.36
2026-08-22T00:35:56,114.83,50.07
2026-08-22T00:35:57,115.13,50.37
2026-08-22T00:35:58,114.94,50.18
2026-08-22T00:35:59,115.36,50.6
2026-08-22T00:36:00,115.11,50.35
2026-08-22T00:36:01,114.73,49.98
2026-08-22T00:36:02,114.59,49.84
2026-08-22T00:36:03,115.22,50.46
2026-08-22T00:36:04,115.94,51.17
2026-08-22T00:36:05,116.05,51.28
2026-08-22T00:36:06,115.42,50.66
2026-08-22T00:36:07,115.46,50.7
2026-08-22T00:36:08,114.73,49.98
2026-08-22T00:36:09,114.86,50.11
2026-08-22T00:36:10,114.7,49.95
2026-08-22T00:36:11,115.01,50.25
2026-08-22T00:36:12,114.9,50.14
2026-08-22T00:36:13,114.9,50.14
2026-08-22T00:36:14,114.77,50.01
2026-08-22T00:36:15,114.86,50.1
2026-08-22T00:36:16,114.68,49.92
2026-08-22T00:36:17,114.55,49.8
2026-08-22T00:36:18,114.83,50.08
2026-08-22T00:36:19,114.93,50.17
2026-08-22T00:36:20,115.22,50.46
2026-08-22T00:36:21,114.73,49.97
2026-08-22T00:36:22,114.82,50.06
2026-08-22T00:36:23,114.5,49.75
2026-08-22T00:36:24,114.49,49.74
2026-08-22T00:36:25,114.68,49.92
2026-08-22T00:36:26,114.72,49.97
2026-08-22T00:36:27,114.86,50.1
2026-08-22T00:36:28,114.71,49.96
2026-08-22T00:36:29,114.72,49.97
2026-08-22T00:36:30,115.05,50.3
2026-08-22T00:36:31,115.31,50.55
2026-08-22T00:36:32,115.14,50.38
2026-08-22T00:36:33,114.74,49.99
2026-08-22T00:36:34,115.12,50.36
2026-08-22T00:36:35,115.11,50.35
2026-08-22T00:36:36,115.62,50.85
2026-08-22T00:36:37,115.77,51.0
2026-08-22T00:36:38,115.82,51.05
2026-08-22T00:36:39,116.83,52.05
2026-08-22T00:36:40,117.6,52.81
2026-08-22T00:36:41,120.41,55.58
2026-08-22T00:36:42,121.09,56.25
2026-08-22T00:36:43,124.31,59.42
2026-08-22T00:36:44,125.22,60.32
2026-08-22T00:36:45,125.82,60.91
2026-08-22T00:36:46,120.8,55.96
2026-08-22T00:36:47,117.82,53.02
2026-08-22T00:36:48,116.55,51.77
2026-08-22T00:36:49,115.61,50.85
2026-08-22T00:36:50,115.49,50.73
2026-08-22T00:36:51,115.39,50.63
2026-08-22T00:36:52,115.23,50.47
2026-08-22T00:36:53,115.08,50.32
2026-08-22T00:36:54,115.03,50.27
2026-08-22T00:36:55,115.14,50.38
2026-08-22T00:36:56,115.03,50.27
2026-08-22T00:36:57,114.92,50.16
2026-08-22T00:36:58,114.89,50.14
2026-08-22T00:36:59,114.95,50.19
2026-08-22T00:37:00,116.09,51.32
2026-08-22T00:37:01,115.59,50.82
2026-08-22T00:37:02,116.85,52.07
2026-08-22T00:37:03,117.54,52.75
2026-08-22T00:37:04,119.52,54.7
2026-08-22T00:37:05,123.69,58.81
2026-08-22T00:37:06,126.54,61.62
2026-08-22T00:37:07,131.17,66.18
2026-08-22T00:37:08,132.76,67.75
2026-08-22T00:37:09,130.05,65.08
2026-08-22T00:37:10,122.68,57.81
2026-08-22T00:37:11,119.19,54.38
2026-08-22T00:37:12,117.62,52.82
2026-08-22T00:37:13,116.22,51.44
2026-08-22T00:37:14,116.46,51.68
2026-08-22T00:37:15,115.7,50.94
2026-08-22T00:37:16,115.5,50.73
2026-08-22T00:37:17,115.03,50.27
2026-08-22T00:37:18,114.9,50.14
2026-08-22T00:37:19,114.93,50.17
2026-08-22T00:37:20,114.7,49.94
2026-08-22T00:37:21,115.11,50.35
2026-08-22T00:37:22,115.36,50.6
2026-08-22T00:37:23,114.67,49.92
2026-08-22T00:37:24,114.87,50.11
2026-08-22T00:37:25,115.03,50.27
2026-08-22T00:37:26,114.64,49.89
2026-08-22T00:37:27,114.4,49.65
2026-08-22T00:37:28,114.95,50.2
2026-08-22T00:37:29,115.07,50.31
2026-08-22T00:37:30,115.2,50.44
2026-08-22T00:37:31,115.08,50.32
2026-08-22T00:37:32,115.15,50.39
2026-08-22T00:37:33,114.63,49.87
2026-08-22T00:37:34,115.12,50.36
2026-08-22T00:37:35,114.74,49.99
2026-08-22T00:37:36,114.8,50.05
2026-08-22T00:37:37,115.2,50.44
2026-08-22T00:37:38,115.47,50.71
2026-08-22T00:37:39,115.04,50.28
2026-08-22T00:37:40,115.07,50.31
2026-08-22T00:37:41,114.66,49.91
2026-08-22T00:37:42,114.37,49.62
2026-08-22T00:37:43,114.87,50.11
2026-08-22T00:37:44,115.25,50.49
2026-08-22T00:37:45,114.9,50.14
2026-08-22T00:37:46,115.11,50.35
2026-08-22T00:37:47,115.04,50.28
2026-08-22T00:37:48,114.95,50.2
2026-08-22T00:37:49,114.5,49.75
2026-08-22T00:37:50,114.69,49.94
2026-08-22T00:37:51,114.61,49.86
2026-08-22T00:37:52,114.46,49.71
2026-08-22T00:37:53,114.75,49.99
2026-08-22T00:37:54,114.8,50.05
2026-08-22T00:37:55,114.71,49.96
2026-08-22T00:37:56,114.73,49.98
2026-08-22T00:37:57,114.94,50.19
2026-08-22T00:37:58,114.73,49.98
2026-08-22T00:37:59,114.88,50.13
2026-08-22T00:38:00,115.19,50.43
2026-08-22T00:38:01,115.04,50.28
2026-08-22T00:38:02,115.51,50.74
2026-08-22T00:38:03,115.27,50.51
2026-08-22T00:38:04,114.93,50.18
2026-08-22T00:38:05,114.74,49.99
2026-08-22T00:38:06,114.92,50.16
2026-08-22T00:38:07,115.02,50.26
2026-08-22T00:38:08,114.71,49.96
2026-08-22T00:38:09,115.06,50.3
2026-08-22T00:38:10,114.64,49.89
2026-08-22T00:38:11,115.01,50.25
2026-08-22T00:38:12,114.87,50.12
2026-08-22T00:38:13,114.62,49.87
2026-08-22T00:38:14,114.72,49.96
2026-08-22T00:38:15,114.74,49.98
2026-08-22T00:38:16,114.6,49.85
2026-08-22T00:38:17,114.56,49.8
2026-08-22T00:38:18,114.68,49.93
2026-08-22T00:38:19,114.65,49.9
2026-08-22T00:38:20,114.74,49.98
2026-08-22T00:38:21,114.68,49.92
2026-08-22T00:38:22,114.9,50.15
2026-08-22T00:38:23,115.15,50.39
2026-08-22T00:38:24,114.83,50.08
2026-08-22T00:38:25,114.72,49.97
2026-08-22T00:38:26,115.25,50.49
2026-08-22T00:38:27,115.06,50.3
2026-08-22T00:38:28,115.36,50.6
2026-08-22T00:38:29,114.73,49.98
2026-08-22T00:38:30,114.76,50.0
2026-08-22T00:38:31,115.11,50.35
2026-08-22T00:38:32,114.61,49.86
2026-08-22T00:38:33,114.81,50.05
2026-08-22T00:38:34,114.58,49.83
2026-08-22T00:38:35,114.45,49.7
2026-08-22T00:38:36,114.52,49.77
2026-08-22T00:38:37,115.3,50.54
2026-08-22T00:38:38,114.85,50.09
2026-08-22T00:38:39,114.62,49.87
2026-08-22T00:38:40,115.37,50.61
2026-08-22T00:38:41,115.5,50.73
2026-08-22T00:38:42,115.16,50.4
2026-08-22T00:38:43,114.85,50.1
2026-08-22T00:38:44,114.68,49.93
2026-08-22T00:38:45,115.02,50.26
2026-08-22T00:38:46,114.92,50.16
2026-08-22T00:38:47,115.34,50.58
2026-08-22T00:38:48,114.61,49.86
2026-08-22T00:38:49,114.7,49.95
2026-08-22T00:38:50,114.46,49.71
2026-08-22T00:38:51,114.17,49.42
2026-08-22T00:38:52,114.32,49.57
2026-08-22T00:38:53,114.12,49.37
2026-08-22T00:38:54,114.12,49.37
2026-08-22T00:38:55,114.15,49.4
2026-08-22T00:38:56,114.39,49.64
2026-08-22T00:38:57,113.47,48.73
2026-08-22T00:38:58,114.4,49.65
2026-08-22T00:38:59,114.39,49.65
2026-08-22T00:39:00,114.2,49.45
2026-08-22T00:39:01,114.39,49.64
2026-08-22T00:39:02,114.46,49.71
2026-08-22T00:39:03,114.45,49.7
2026-08-22T00:39:04,114.44,49.69
2026-08-22T00:39:05,113.6,48.87
2026-08-22T00:39:06,114.19,49.45
2026-08-22T00:39:07,114.67,49.92
2026-08-22T00:39:08,114.09,49.34
2026-08-22T00:39:09,114.62,49.86
2026-08-22T00:39:10,114.45,49.7
2026-08-22T00:39:11,114.89,50.13
2026-08-22T00:39:12,114.47,49.72
2026-08-22T00:39:13,114.26,49.51
2026-08-22T00:39:14,114.8,50.04
2026-08-22T00:39:15,114.8,50.05
2026-08-22T00:39:16,114.77,50.01
2026-08-22T00:39:17,114.54,49.79
2026-08-22T00:39:18,113.9,49.15
2026-08-22T00:39:19,114.12,49.38
2026-08-22T00:39:20,114.74,49.98
2026-08-22T00:39:21,114.49,49.74
2026-08-22T00:39:22,113.8,49.06
2026-08-22T00:39:23,114.35,49.6
2026-08-22T00:39:24,114.09,49.35
2026-08-22T00:39:25,114.31,49.56
2026-08-22T00:39:26,114.26,49.52
2026-08-22T00:39:27,113.65,48.91
2026-08-22T00:39:28,114.04,49.3
2026-08-22T00:39:29,114.51,49.76
2026-08-22T00:39:30,114.27,49.52
2026-08-22T00:39:31,114.16,49.42
2026-08-22T00:39:32,114.31,49.57
2026-08-22T00:39:33,114.59,49.84
2026-08-22T00:39:34,114.71,49.95
2026-08-22T00:39:35,114.34,49.59
2026-08-22T00:39:36,114.39,49.64
2026-08-22T00:39:37,113.9,49.16
2026-08-22T00:39:38,115.12,50.36
2026-08-22T00:39:39,113.88,49.14
2026-08-22T00:39:40,114.67,49.92
2026-08-22T00:39:41,114.53,49.77
2026-08-22T00:39:42,114.14,49.4
2026-08-22T00:39:43,114.18,49.44
2026-08-22T00:39:44,114.26,49.51
2026-08-22T00:39:45,113.86,49.12
2026-08-22T00:39:46,113.93,49.19
2026-08-22T00:39:47,113.96,49.22
2026-08-22T00:39:48,114.32,49.57
2026-08-22T00:39:49,113.96,49.22
2026-08-22T00:39:50,114.63,49.88
2026-08-22T00:39:51,114.38,49.63
2026-08-22T00:39:52,114.42,49.67
2026-08-22T00:39:53,114.27,49.52
2026-08-22T00:39:54,113.77,49.03
2026-08-22T00:39:55,114.3,49.55
2026-08-22T00:39:56,114.3,49.55
2026-08-22T00:39:57,114.35,49.6
2026-08-22T00:39:58,114.46,49.71
2026-08-22T00:39:59,114.83,50.07
2026-08-22T00:40:00,114.58,49.83
2026-08-22T00:40:01,114.38,49.63
2026-08-22T00:40:02,115.01,50.25
2026-08-22T00:40:03,114.38,49.63
2026-08-22T00:40:04,114.3,49.56
2026-08-22T00:40:05,114.16,49.41
2026-08-22T00:40:06,114.17,49.43
2026-08-22T00:40:07,114.8,50.04
2026-08-22T00:40:08,114.32,49.57
2026-08-22T00:40:09,114.74,49.98
2026-08-22T00:40:10,114.73,49.98
2026-08-22T00:40:11,114.2,49.45
2026-08-22T00:40:12,114.27,49.52
2026-08-22T00:40:13,114.74,49.99
2026-08-22T00:40:14,114.01,49.27
2026-08-22T00:40:15,114.4,49.65
2026-08-22T00:40:16,113.71,48.97
2026-08-22T00:40:17,114.65,49.89
2026-08-22T00:40:18,114.59,49.84
2026-08-22T00:40:19,114.09,49.35
2026-08-22T00:40:20,114.34,49.59
2026-08-22T00:40:21,114.25,49.5
2026-08-22T00:40:22,114.6,49.85
2026-08-22T00:40:23,114.2,49.45
2026-08-22T00:40:24,114.42,49.67
2026-08-22T00:40:25,114.52,49.77
2026-08-22T00:40:26,114.5,49.75
2026-08-22T00:40:27,114.44,49.69
2026-08-22T00:40:28,114.69,49.94
2026-08-22T00:40:29,114.1,49.35
2026-08-22T00:40:30,114.4,49.66
2026-08-22T00:40:31,114.03,49.28
2026-08-22T00:40:32,113.79,49.05
2026-08-22T00:40:33,114.09,49.35
2026-08-22T00:40:34,113.96,49.22
2026-08-22T00:40:35,113.84,49.1
2026-08-22T00:40:36,114.19,49.45
2026-08-22T00:40:37,114.01,49.26
2026-08-22T00:40:38,114.09,49.35
2026-08-22T00:40:39,114.1,49.36
2026-08-22T00:40:40,113.85,49.11
2026-08-22T00:40:41,113.58,48.84
2026-08-22T00:40:42,113.94,49.2
2026-08-22T00:40:43,114.01,49.27
2026-08-22T00:40:44,114.49,49.74
2026-08-22T00:40:45,114.52,49.77
2026-08-22T00:40:46,114.34,49.59
2026-08-22T00:40:47,114.0,49.26
2026-08-22T00:40:48,114.65,49.89
2026-08-22T00:40:49,114.07,49.33
2026-08-22T00:40:50,114.44,49.69
2026-08-22T00:40:51,114.31,49.56
2026-08-22T00:40:52,113.7,48.96
2026-08-22T00:40:53,114.08,49.34
2026-08-22T00:40:54,114.06,49.31
2026-08-22T00:40:55,114.15,49.41
2026-08-22T00:40:56,113.74,49.0
2026-08-22T00:40:57,113.94,49.2
2026-08-22T00:40:58,113.95,49.21
2026-08-22T00:40:59,113.93,49.19
2026-08-22T00:41:00,113.52,48.79
2026-08-22T00:41:01,114.55,49.8
2026-08-22T00:41:02,113.89,49.15
2026-08-22T00:41:03,114.42,49.67
2026-08-22T00:41:04,114.94,50.18
2026-08-22T00:41:05,113.97,49.23
2026-08-22T00:41:06,114.06,49.31
2026-08-22T00:41:07,114.51,49.76
2026-08-22T00:41:08,113.85,49.11
2026-08-22T00:41:09,114.3,49.55
2026-08-22T00:41:10,113.98,49.23
2026-08-22T00:41:11,114.11,49.37
2026-08-22T00:41:12,113.71,48.97
2026-08-22T00:41:13,113.98,49.24
2026-08-22T00:41:14,114.14,49.39
2026-08-22T00:41:15,114.32,49.57
2026-08-22T00:41:16,114.61,49.86
2026-08-22T00:41:17,114.49,49.74
2026-08-22T00:41:18,114.17,49.42
2026-08-22T00:41:19,113.78,49.04
2026-08-22T00:41:20,114.12,49.37
2026-08-22T00:41:21,114.31,49.56
2026-08-22T00:41:22,115.35,50.59
2026-08-22T00:41:23,115.08,50.32
2026-08-22T00:41:24,115.58,50.81
2026-08-22T00:41:25,117.16,52.37
2026-08-22T00:41:26,121.54,56.69
2026-08-22T00:41:27,125.6,60.69
2026-08-22T00:41:28,127.83,62.89
2026-08-22T00:41:29,129.28,64.32
2026-08-22T00:41:30,128.53,63.58
2026-08-22T00:41:31,125.43,60.53
2026-08-22T00:41:32,122.83,57.96
2026-08-22T00:41:33,120.25,55.41
2026-08-22T00:41:34,118.89,54.07
2026-08-22T00:41:35,119.73,54.91
2026-08-22T00:41:36,119.71,54.88
2026-08-22T00:41:37,116.55,51.77
2026-08-22T00:41:38,116.18,51.41
2026-08-22T00:41:39,115.82,51.05
2026-08-22T00:41:40,115.24,50.48
2026-08-22T00:41:41,114.87,50.12
2026-08-22T00:41:42,115.44,50.67
2026-08-22T00:41:43,114.78,50.03
2026-08-22T00:41:44,114.83,50.08
2026-08-22T00:41:45,114.66,49.91
2026-08-22T00:41:46,114.43,49.68
2026-08-22T00:41:47,114.31,49.56
2026-08-22T00:41:48,114.39,49.64
2026-08-22T00:41:49,114.81,50.06
2026-08-22T00:41:50,114.32,49.57
2026-08-22T00:41:51,114.54,49.78
2026-08-22T00:41:52,113.54,48.8
2026-08-22T00:41:53,113.91,49.17
2026-08-22T00:41:54,113.85,49.11
2026-08-22T00:41:55,114.07,49.33
2026-08-22T00:41:56,114.08,49.33
2026-08-22T00:41:57,113.76,49.02
2026-08-22T00:41:58,113.6,48.86
2026-08-22T00:41:59,113.65,48.91
2026-08-22T00:42:00,113.83,49.08
2026-08-22T00:42:01,113.85,49.11
2026-08-22T00:42:02,114.25,49.5
2026-08-22T00:42:03,114.07,49.32
2026-08-22T00:42:04,113.55,48.81
2026-08-22T00:42:05,113.77,49.03
2026-08-22T00:42:06,114.19,49.45
2026-08-22T00:42:07,113.57,48.83
2026-08-22T00:42:08,114.3,49.55
2026-08-22T00:42:09,114.34,49.59
2026-08-22T00:42:10,114.05,49.3
2026-08-22T00:42:11,113.93,49.18
2026-08-22T00:42:12,114.32,49.57
2026-08-22T00:42:13,114.06,49.32
2026-08-22T00:42:14,114.74,49.98
2026-08-22T00:42:15,114.2,49.46
2026-08-22T00:42:16,114.62,49.87
2026-08-22T00:42:17,114.32,49.57
2026-08-22T00:42:18,114.57,49.82
2026-08-22T00:42:19,114.33,49.58
2026-08-22T00:42:20,114.63,49.88
2026-08-22T00:42:21,114.56,49.81
2026-08-22T00:42:22,114.35,49.6
2026-08-22T00:42:23,114.18,49.43
2026-08-22T00:42:24,114.22,49.48
2026-08-22T00:42:25,114.86,50.1
2026-08-22T00:42:26,114.79,50.03
2026-08-22T00:42:27,114.12,49.37
2026-08-22T00:42:28,113.6,48.86
2026-08-22T00:42:29,113.63,48.89
2026-08-22T00:42:30,114.23,49.48
2026-08-22T00:42:31,114.15,49.4
2026-08-22T00:42:32,114.32,49.57
2026-08-22T00:42:33,114.35,49.61
2026-08-22T00:42:34,114.23,49.48
2026-08-22T00:42:35,114.62,49.87
2026-08-22T00:42:36,114.07,49.33
2026-08-22T00:42:37,113.71,48.97
2026-08-22T00:42:38,113.71,48.97
2026-08-22T00:42:39,114.53,49.78
2026-08-22T00:42:40,114.75,50.0
2026-08-22T00:42:41,114.63,49.88
2026-08-22T00:42:42,114.3,49.55
2026-08-22T00:42:43,114.67,49.92
2026-08-22T00:42:44,114.13,49.38
2026-08-22T00:42:45,113.94,49.2
2026-08-22T00:42:46,113.9,49.15
2026-08-22T00:42:47,115.05,50.29
2026-08-22T00:42:48,114.27,49.52
2026-08-22T00:42:49,114.25,49.5
2026-08-22T00:42:50,114.12,49.38
2026-08-22T00:42:51,114.22,49.47
2026-08-22T00:42:52,114.96,50.21
2026-08-22T00:42:53,114.57,49.82
2026-08-22T00:42:54,114.23,49.48
2026-08-22T00:42:55,114.43,49.68
2026-08-22T00:42:56,114.19,49.44
2026-08-22T00:42:57,114.73,49.98
2026-08-22T00:42:58,114.95,50.19
2026-08-22T00:42:59,115.3,50.54
2026-08-22T00:43:00,116.95,52.16
2026-08-22T00:43:01,117.19,52.4
2026-08-22T00:43:02,118.1,53.3
2026-08-22T00:43:03,120.98,56.13
2026-08-22T00:43:04,122.99,58.12
2026-08-22T00:43:05,125.74,60.83
2026-08-22T00:43:06,127.29,62.36
2026-08-22T00:43:07,129.4,64.44
2026-08-22T00:43:08,123.97,59.08
2026-08-22T00:43:09,119.61,54.79
2026-08-22T00:43:10,117.69,52.9
2026-08-22T00:43:11,116.04,51.26
2026-08-22T00:43:12,115.07,50.31
2026-08-22T00:43:13,114.89,50.13
2026-08-22T00:43:14,114.98,50.22
2026-08-22T00:43:15,114.77,50.02
2026-08-22T00:43:16,114.51,49.76
2026-08-22T00:43:17,114.44,49.69
2026-08-22T00:43:18,114.07,49.32
2026-08-22T00:43:19,113.97,49.22
2026-08-22T00:43:20,114.71,49.96
2026-08-22T00:43:21,114.5,49.74
2026-08-22T00:43:22,114.67,49.92
2026-08-22T00:43:23,114.19,49.45
2026-08-22T00:43:24,114.42,49.67
2026-08-22T00:43:25,114.94,50.18
2026-08-22T00:43:26,114.38,49.63
2026-08-22T00:43:27,114.46,49.71
2026-08-22T00:43:28,114.13,49.39
2026-08-22T00:43:29,114.38,49.63
2026-08-22T00:43:30,114.49,49.74
2026-08-22T00:43:31,114.62,49.86
2026-08-22T00:43:32,116.16,51.39
2026-08-22T00:43:33,115.4,50.63
2026-08-22T00:43:34,113.73,48.99
2026-08-22T00:43:35,113.87,49.13
2026-08-22T00:43:36,114.47,49.72
2026-08-22T00:43:37,114.44,49.69
2026-08-22T00:43:38,114.05,49.31
2026-08-22T00:43:39,114.41,49.66
2026-08-22T00:43:40,114.28,49.54
2026-08-22T00:43:41,114.16,49.42
2026-08-22T00:43:42,114.21,49.47
2026-08-22T00:43:43,114.48,49.73
2026-08-22T00:43:44,114.45,49.7
2026-08-22T00:43:45,114.35,49.6
2026-08-22T00:43:46,114.75,50.0
2026-08-22T00:43:47,114.48,49.73
2026-08-22T00:43:48,114.34,49.59
2026-08-22T00:43:49,114.7,49.94
2026-08-22T00:43:50,114.38,49.63
2026-08-22T00:43:51,114.43,49.68
2026-08-22T00:43:52,114.29,49.54
2026-08-22T00:43:53,114.83,50.07
2026-08-22T00:43:54,114.42,49.67
2026-08-22T00:43:55,114.56,49.81
2026-08-22T00:43:56,114.39,49.64
2026-08-22T00:43:57,114.92,50.16
2026-08-22T00:43:58,114.42,49.68
2026-08-22T00:43:59,114.09,49.35
2026-08-22T00:44:00,113.82,49.08
2026-08-22T00:44:01,114.15,49.4
2026-08-22T00:44:02,114.4,49.65
2026-08-22T00:44:03,114.76,50.0
2026-08-22T00:44:04,114.19,49.45
2026-08-22T00:44:05,114.06,49.32
2026-08-22T00:44:06,114.6,49.85
2026-08-22T00:44:07,114.34,49.59
2026-08-22T00:44:08,114.03,49.29
2026-08-22T00:44:09,114.24,49.49
2026-08-22T00:44:10,114.25,49.5
2026-08-22T00:44:11,114.03,49.29
2026-08-22T00:44:12,114.16,49.42
2026-08-22T00:44:13,114.38,49.63
2026-08-22T00:44:14,114.37,49.62
2026-08-22T00:44:15,114.38,49.63
2026-08-22T00:44:16,114.55,49.8
2026-08-22T00:44:17,114.29,49.54
2026-08-22T00:44:18,114.34,49.59
2026-08-22T00:44:19,114.77,50.01
2026-08-22T00:44:20,114.06,49.31
2026-08-22T00:44:21,113.81,49.07
2026-08-22T00:44:22,114.27,49.52
2026-08-22T00:44:23,114.47,49.72
2026-08-22T00:44:24,114.17,49.42
2026-08-22T00:44:25,114.39,49.64
2026-08-22T00:44:26,114.4,49.65
2026-08-22T00:44:27,114.19,49.45
2026-08-22T00:44:28,114.94,50.18
2026-08-22T00:44:29,114.4,49.65
2026-08-22T00:44:30,114.7,49.95
2026-08-22T00:44:31,114.07,49.32
2026-08-22T00:44:32,114.53,49.78
2026-08-22T00:44:33,114.15,49.4
2026-08-22T00:44:34,114.32,49.57
2026-08-22T00:44:35,114.26,49.51
2026-08-22T00:44:36,114.21,49.46
2026-08-22T00:44:37,113.98,49.24
2026-08-22T00:44:38,114.42,49.67
2026-08-22T00:44:39,113.88,49.13
2026-08-22T00:44:40,114.25,49.5
2026-08-22T00:44:41,114.08,49.33
2026-08-22T00:44:42,114.09,49.34
2026-08-22T00:44:43,113.57,48.83
2026-08-22T00:44:44,114.35,49.6
2026-08-22T00:44:45,114.39,49.64
2026-08-22T00:44:46,114.27,49.52
2026-08-22T00:44:47,114.22,49.47
2026-08-22T00:44:48,114.46,49.71
2026-08-22T00:44:49,113.66,48.92
2026-08-22T00:44:50,114.5,49.75
2026-08-22T00:44:51,114.12,49.37
2026-08-22T00:44:52,114.32,49.57
2026-08-22T00:44:53,114.46,49.71
2026-08-22T00:44:54,114.46,49.71
2026-08-22T00:44:55,114.39,49.64
2026-08-22T00:44:56,114.12,49.37
2026-08-22T00:44:57,114.6,49.85
2026-08-22T00:44:58,114.08,49.33
2026-08-22T00:44:59,113.72,48.98
2026-08-22T00:45:00,114.15,49.41
2026-08-22T00:45:01,113.94,49.19
2026-08-22T00:45:02,114.42,49.67
2026-08-22T00:45:03,114.07,49.32
2026-08-22T00:45:04,113.67,48.93
2026-08-22T00:45:05,114.11,49.36
2026-08-22T00:45:06,113.58,48.84
2026-08-22T00:45:07,114.12,49.37
2026-08-22T00:45:08,114.75,50.0
2026-08-22T00:45:09,114.9,50.14
2026-08-22T00:45:10,114.49,49.74
2026-08-22T00:45:11,114.25,49.5
2026-08-22T00:45:12,114.27,49.52
2026-08-22T00:45:13,114.07,49.33
2026-08-22T00:45:14,113.84,49.1
2026-08-22T00:45:15,114.17,49.42
2026-08-22T00:45:16,114.27,49.52
2026-08-22T00:45:17,114.49,49.74
2026-08-22T00:45:18,114.93,50.17
2026-08-22T00:45:19,114.61,49.85
2026-08-22T00:45:20,114.03,49.29
2026-08-22T00:45:21,114.52,49.77
2026-08-22T00:45:22,114.9,50.14
2026-08-22T00:45:23,114.31,49.57
2026-08-22T00:45:24,114.33,49.58
2026-08-22T00:45:25,114.37,49.62
2026-08-22T00:45:26,114.55,49.8
2026-08-22T00:45:27,114.43,49.68
2026-08-22T00:45:28,114.42,49.67
2026-08-22T00:45:29,114.45,49.7
2026-08-22T00:45:30,114.97,50.21
2026-08-22T00:45:31,114.74,49.99
2026-08-22T00:45:32,114.23,49.49
2026-08-22T00:45:33,114.24,49.5
2026-08-22T00:45:34,113.98,49.24
2026-08-22T00:45:35,114.69,49.94
2026-08-22T00:45:36,114.38,49.63
2026-08-22T00:45:37,114.58,49.83
2026-08-22T00:45:38,114.71,49.95
2026-08-22T00:45:39,114.61,49.86
2026-08-22T00:45:40,114.29,49.54
2026-08-22T00:45:41,114.81,50.05
2026-08-22T00:45:42,114.52,49.77
2026-08-22T00:45:43,114.66,49.9
2026-08-22T00:45:44,114.28,49.54
2026-08-22T00:45:45,114.65,49.9
2026-08-22T00:45:46,114.45,49.7
2026-08-22T00:45:47,114.44,49.69
2026-08-22T00:45:48,114.18,49.43
2026-08-22T00:45:49,114.61,49.86
2026-08-22T00:45:50,114.5,49.75
2026-08-22T00:45:51,114.05,49.3
2026-08-22T00:45:52,114.3,49.55
2026-08-22T00:45:53,114.94,50.19
2026-08-22T00:45:54,114.93,50.17
2026-08-22T00:45:55,113.84,49.09
2026-08-22T00:45:56,114.46,49.71
2026-08-22T00:45:57,114.17,49.42
2026-08-22T00:45:58,114.67,49.92
2026-08-22T00:45:59,114.59,49.84
2026-08-22T00:46:00,115.94,51.17
2026-08-22T00:46:01,115.5,50.73
2026-08-22T00:46:02,114.71,49.96
2026-08-22T00:46:03,114.28,49.53
2026-08-22T00:46:04,114.57,49.82
2026-08-22T00:46:05,114.64,49.89
2026-08-22T00:46:06,114.16,49.41
2026-08-22T00:46:07,114.11,49.36
2026-08-22T00:46:08,114.49,49.74
2026-08-22T00:46:09,114.58,49.83
2026-08-22T00:46:10,114.54,49.79
2026-08-22T00:46:11,114.34,49.59
2026-08-22T00:46:12,114.41,49.66
2026-08-22T00:46:13,114.48,49.73
2026-08-22T00:46:14,114.34,49.59
2026-08-22T00:46:15,114.69,49.93
2026-08-22T00:46:16,114.66,49.91
2026-08-22T00:46:17,114.62,49.87
2026-08-22T00:46:18,114.22,49.47
2026-08-22T00:46:19,114.07,49.33
2026-08-22T00:46:20,114.76,50.0
2026-08-22T00:46:21,114.91,50.15
2026-08-22T00:46:22,114.32,49.58
2026-08-22T00:46:23,115.14,50.38
2026-08-22T00:46:24,116.45,51.67
2026-08-22T00:46:25,116.34,51.56
2026-08-22T00:46:26,115.76,50.99
2026-08-22T00:46:27,115.78,51.01
2026-08-22T00:46:28,116.05,51.27
2026-08-22T00:46:29,116.45,51.68
2026-08-22T00:46:30,117.65,52.85
2026-08-22T00:46:31,118.98,54.16
2026-08-22T00:46:32,121.38,56.53
2026-08-22T00:46:33,122.65,57.79
2026-08-22T00:46:34,124.57,59.67
2026-08-22T00:46:35,126.63,61.7
2026-08-22T00:46:36,125.41,60.5
2026-08-22T00:46:37,127.7,62.76
2026-08-22T00:46:38,120.02,55.19
2026-08-22T00:46:39,117.62,52.82
2026-08-22T00:46:40,115.69,50.93
2026-08-22T00:46:41,115.82,51.05
2026-08-22T00:46:42,114.76,50.01
2026-08-22T00:46:43,114.74,49.98
2026-08-22T00:46:44,114.29,49.54
2026-08-22T00:46:45,114.63,49.88
2026-08-22T00:46:46,114.11,49.37
2026-08-22T00:46:47,114.49,49.74
2026-08-22T00:46:48,114.39,49.64
2026-08-22T00:46:49,114.72,49.97
2026-08-22T00:46:50,114.57,49.82
2026-08-22T00:46:51,114.47,49.72
2026-08-22T00:46:52,114.78,50.03
2026-08-22T00:46:53,114.3,49.56
2026-08-22T00:46:54,115.1,50.34
2026-08-22T00:46:55,116.31,51.53
2026-08-22T00:46:56,115.17,50.41
2026-08-22T00:46:57,115.7,50.94
2026-08-22T00:46:58,115.39,50.63
2026-08-22T00:46:59,115.09,50.33
2026-08-22T00:47:00,114.74,49.99
2026-08-22T00:47:01,114.54,49.79
2026-08-22T00:47:02,114.32,49.58
2026-08-22T00:47:03,114.84,50.09
2026-08-22T00:47:04,114.68,49.93
2026-08-22T00:47:05,114.32,49.58
2026-08-22T00:47:06,114.3,49.55
2026-08-22T00:47:07,114.31,49.56
2026-08-22T00:47:08,114.65,49.9
2026-08-22T00:47:09,114.69,49.93
2026-08-22T00:47:10,114.13,49.38
2026-08-22T00:47:11,114.49,49.74
2026-08-22T00:47:12,114.52,49.77
2026-08-22T00:47:13,114.61,49.85
2026-08-22T00:47:14,114.99,50.23
2026-08-22T00:47:15,114.36,49.62
2026-08-22T00:47:16,114.47,49.72
2026-08-22T00:47:17,114.31,49.56
2026-08-22T00:47:18,113.93,49.19
2026-08-22T00:47:19,114.41,49.66
2026-08-22T00:47:20,114.82,50.06
2026-08-22T00:47:21,115.82,51.05
2026-08-22T00:47:22,114.92,50.17
2026-08-22T00:47:23,115.11,50.35
2026-08-22T00:47:24,115.59,50.82
2026-08-22T00:47:25,115.03,50.27
2026-08-22T00:47:26,114.78,50.02
2026-08-22T00:47:27,115.28,50.52
2026-08-22T00:47:28,114.81,50.06
2026-08-22T00:47:29,115.28,50.52
2026-08-22T00:47:30,117.11,52.32
2026-08-22T00:47:31,116.19,51.42
2026-08-22T00:47:32,115.25,50.49
2026-08-22T00:47:33,114.42,49.67
2026-08-22T00:47:34,114.97,50.21
2026-08-22T00:47:35,114.93,50.17
2026-08-22T00:47:36,115.5,50.73
2026-08-22T00:47:37,114.81,50.05
2026-08-22T00:47:38,115.2,50.44
2026-08-22T00:47:39,115.21,50.45
2026-08-22T00:47:40,114.69,49.94
2026-08-22T00:47:41,114.69,49.94
2026-08-22T00:47:42,115.63,50.86
2026-08-22T00:47:43,117.29,52.5
2026-08-22T00:47:44,117.05,52.26
2026-08-22T00:47:45,116.04,51.26
2026-08-22T00:47:46,116.77,51.98
2026-08-22T00:47:47,116.24,51.47
2026-08-22T00:47:48,115.19,50.43
2026-08-22T00:47:49,115.54,50.77
2026-08-22T00:47:50,115.57,50.81
2026-08-22T00:47:51,115.52,50.76
2026-08-22T00:47:52,115.26,50.5
2026-08-22T00:47:53,115.16,50.4
2026-08-22T00:47:54,114.97,50.21
2026-08-22T00:47:55,114.78,50.03
2026-08-22T00:47:56,115.08,50.32
2026-08-22T00:47:57,116.14,51.36
2026-08-22T00:47:58,115.9,51.13
2026-08-22T00:47:59,115.72,50.95
2026-08-22T00:48:00,116.28,51.5
2026-08-22T00:48:01,116.17,51.39
2026-08-22T00:48:02,115.5,50.73
2026-08-22T00:48:03,115.41,50.64
2026-08-22T00:48:04,115.33,50.56
2026-08-22T00:48:05,115.16,50.4
2026-08-22T00:48:06,115.21,50.45
2026-08-22T00:48:07,115.56,50.8
2026-08-22T00:48:08,115.13,50.37
2026-08-22T00:48:09,115.71,50.94
2026-08-22T00:48:10,117.18,52.4
2026-08-22T00:48:11,117.51,52.72
2026-08-22T00:48:12,118.04,53.24
2026-08-22T00:48:13,119.43,54.61
2026-08-22T00:48:14,121.83,56.98
2026-08-22T00:48:15,123.91,59.03
2026-08-22T00:48:16,127.37,62.44
2026-08-22T00:48:17,128.8,63.85
2026-08-22T00:48:18,127.11,62.18
2026-08-22T00:48:19,121.05,56.21
2026-08-22T00:48:20,118.66,53.85
2026-08-22T00:48:21,116.56,51.78
2026-08-22T00:48:22,115.43,50.67
2026-08-22T00:48:23,115.32,50.56
2026-08-22T00:48:24,114.91,50.15
2026-08-22T00:48:25,115.67,50.91
2026-08-22T00:48:26,123.42,58.54
2026-08-22T00:48:27,118.45,53.64
2026-08-22T00:48:28,115.15,50.39
2026-08-22T00:48:29,114.91,50.16
2026-08-22T00:48:30,115.08,50.32
2026-08-22T00:48:31,114.73,49.97
2026-08-22T00:48:32,115.31,50.55
2026-08-22T00:48:33,114.99,50.23
2026-08-22T00:48:34,115.03,50.27
2026-08-22T00:48:35,114.05,49.3
2026-08-22T00:48:36,114.85,50.09
2026-08-22T00:48:37,114.9,50.14
2026-08-22T00:48:38,115.06,50.31
2026-08-22T00:48:39,115.25,50.49
2026-08-22T00:48:40,115.03,50.27
2026-08-22T00:48:41,116.1,51.32
2026-08-22T00:48:42,115.54,50.77
2026-08-22T00:48:43,115.11,50.35
2026-08-22T00:48:44,114.95,50.19
2026-08-22T00:48:45,115.0,50.24
2026-08-22T00:48:46,114.45,49.7
2026-08-22T00:48:47,114.17,49.42
2026-08-22T00:48:48,114.83,50.07
2026-08-22T00:48:49,115.0,50.24
2026-08-22T00:48:50,114.32,49.57
2026-08-22T00:48:51,114.61,49.86
2026-08-22T00:48:52,114.29,49.55
2026-08-22T00:48:53,114.99,50.24
2026-08-22T00:48:54,114.49,49.74
2026-08-22T00:48:55,114.63,49.87
2026-08-22T00:48:56,113.89,49.15
2026-08-22T00:48:57,113.91,49.17
2026-08-22T00:48:58,114.43,49.68
2026-08-22T00:48:59,114.85,50.09
2026-08-22T00:49:00,114.54,49.79
2026-08-22T00:49:01,114.6,49.85
2026-08-22T00:49:02,115.06,50.3
2026-08-22T00:49:03,114.68,49.92
2026-08-22T00:49:04,115.14,50.38
2026-08-22T00:49:05,115.07,50.32
2026-08-22T00:49:06,114.54,49.79
2026-08-22T00:49:07,114.91,50.15
2026-08-22T00:49:08,114.82,50.06
2026-08-22T00:49:09,115.01,50.25
2026-08-22T00:49:10,114.44,49.69
2026-08-22T00:49:11,113.88,49.14
2026-08-22T00:49:12,114.56,49.81
2026-08-22T00:49:13,114.58,49.83
2026-08-22T00:49:14,114.25,49.5
2026-08-22T00:49:15,114.55,49.8
2026-08-22T00:49:16,114.53,49.77
2026-08-22T00:49:17,114.79,50.03
2026-08-22T00:49:18,115.54,50.78
2026-08-22T00:49:19,114.9,50.15
2026-08-22T00:49:20,113.59,48.86
2026-08-22T00:49:21,114.79,50.04
2026-08-22T00:49:22,114.11,49.37
2026-08-22T00:49:23,114.78,50.03
2026-08-22T00:49:24,114.19,49.45
2026-08-22T00:49:25,114.72,49.97
2026-08-22T00:49:26,114.1,49.35
2026-08-22T00:49:27,114.32,49.57
2026-08-22T00:49:28,114.81,50.06
2026-08-22T00:49:29,114.72,49.97
2026-08-22T00:49:30,114.78,50.03
2026-08-22T00:49:31,114.88,50.12
2026-08-22T00:49:32,114.36,49.61
2026-08-22T00:49:33,114.42,49.67
2026-08-22T00:49:34,114.7,49.95
2026-08-22T00:49:35,114.44,49.69
2026-08-22T00:49:36,115.46,50.7
2026-08-22T00:49:37,114.86,50.1
2026-08-22T00:49:38,114.82,50.07
2026-08-22T00:49:39,114.55,49.8
2026-08-22T00:49:40,114.34,49.59
2026-08-22T00:49:41,114.79,50.03
2026-08-22T00:49:42,115.02,50.26
2026-08-22T00:49:43,114.57,49.82
2026-08-22T00:49:44,115.0,50.24
2026-08-22T00:49:45,114.54,49.79
2026-08-22T00:49:46,114.95,50.19
2026-08-22T00:49:47,114.95,50.19
2026-08-22T00:49:48,114.82,50.07
2026-08-22T00:49:49,114.58,49.82
2026-08-22T00:49:50,114.9,50.14
2026-08-22T00:49:51,114.24,49.5
2026-08-22T00:49:52,114.2,49.46
2026-08-22T00:49:53,114.81,50.06
2026-08-22T00:49:54,114.67,49.92
2026-08-22T00:49:55,114.66,49.91
2026-08-22T00:49:56,114.31,49.56
2026-08-22T00:49:57,114.41,49.67
2026-08-22T00:49:58,114.68,49.93
2026-08-22T00:49:59,115.08,50.32
2026-08-22T00:50:00,114.73,49.97
2026-08-22T00:50:01,114.63,49.88
2026-08-22T00:50:02,114.98,50.22
2026-08-22T00:50:03,115.84,51.07
2026-08-22T00:50:04,114.83,50.08
2026-08-22T00:50:05,114.89,50.14
2026-08-22T00:50:06,114.4,49.65
2026-08-22T00:50:07,114.8,50.04
2026-08-22T00:50:08,114.85,50.1
2026-08-22T00:50:09,114.84,50.09
2026-08-22T00:50:10,114.98,50.22
2026-08-22T00:50:11,114.2,49.45
2026-08-22T00:50:12,115.08,50.32
2026-08-22T00:50:13,114.31,49.56
2026-08-22T00:50:14,114.97,50.22
2026-08-22T00:50:15,114.65,49.9
2026-08-22T00:50:16,114.27,49.52
2026-08-22T00:50:17,114.78,50.02
2026-08-22T00:50:18,114.19,49.45
2026-08-22T00:50:19,114.58,49.83
2026-08-22T00:50:20,114.62,49.87
2026-08-22T00:50:21,115.41,50.65
2026-08-22T00:50:22,114.84,50.08
2026-08-22T00:50:23,115.02,50.26
2026-08-22T00:50:24,114.62,49.87
2026-08-22T00:50:25,114.43,49.68
2026-08-22T00:50:26,114.75,49.99
2026-08-22T00:50:27,114.71,49.95
2026-08-22T00:50:28,114.81,50.06
2026-08-22T00:50:29,114.68,49.93
2026-08-22T00:50:30,114.68,49.93
2026-08-22T00:50:31,114.57,49.82
2026-08-22T00:50:32,114.66,49.91
2026-08-22T00:50:33,114.29,49.55
2026-08-22T00:50:34,114.89,50.13
2026-08-22T00:50:35,114.85,50.09
2026-08-22T00:50:36,115.36,50.6
2026-08-22T00:50:37,116.98,52.19
2026-08-22T00:50:38,117.12,52.33
2026-08-22T00:50:39,117.1,52.31
2026-08-22T00:50:40,118.56,53.76
2026-08-22T00:50:41,118.89,54.08
2026-08-22T00:50:42,118.06,53.26
2026-08-22T00:50:43,115.75,50.98
2026-08-22T00:50:44,115.48,50.71
2026-08-22T00:50:45,115.32,50.55
2026-08-22T00:50:46,115.23,50.47
2026-08-22T00:50:47,115.06,50.3
2026-08-22T00:50:48,114.95,50.19
2026-08-22T00:50:49,114.95,50.19
2026-08-22T00:50:50,115.25,50.48
2026-08-22T00:50:51,114.42,49.67
2026-08-22T00:50:52,114.77,50.02
2026-08-22T00:50:53,114.71,49.96
2026-08-22T00:50:54,114.54,49.79
2026-08-22T00:50:55,114.74,49.99
2026-08-22T00:50:56,114.89,50.14
2026-08-22T00:50:57,114.53,49.78
2026-08-22T00:50:58,115.0,50.24
2026-08-22T00:50:59,114.89,50.14
2026-08-22T00:51:00,115.12,50.36
2026-08-22T00:51:01,115.03,50.27
2026-08-22T00:51:02,114.94,50.18
2026-08-22T00:51:03,114.66,49.9
2026-08-22T00:51:04,114.82,50.06
2026-08-22T00:51:05,114.49,49.74
2026-08-22T00:51:06,114.98,50.23
2026-08-22T00:51:07,114.55,49.8
2026-08-22T00:51:08,114.96,50.21
2026-08-22T00:51:09,115.02,50.26
2026-08-22T00:51:10,114.41,49.66
2026-08-22T00:51:11,114.56,49.81
2026-08-22T00:51:12,114.81,50.05
2026-08-22T00:51:13,114.59,49.84
2026-08-22T00:51:14,115.08,50.32
2026-08-22T00:51:15,117.63,52.84
2026-08-22T00:51:16,115.47,50.71
2026-08-22T00:51:17,115.57,50.81
2026-08-22T00:51:18,115.43,50.66
2026-08-22T00:51:19,114.9,50.14
2026-08-22T00:51:20,114.72,49.97
2026-08-22T00:51:21,115.45,50.69
2026-08-22T00:51:22,115.77,51.0
2026-08-22T00:51:23,115.02,50.26
2026-08-22T00:51:24,115.59,50.83
2026-08-22T00:51:25,116.24,51.47
2026-08-22T00:51:26,115.14,50.38
2026-08-22T00:51:27,115.16,50.4
2026-08-22T00:51:28,115.1,50.34
2026-08-22T00:51:29,115.3,50.53
2026-08-22T00:51:30,115.09,50.34
2026-08-22T00:51:31,115.9,51.13
2026-08-22T00:51:32,115.94,51.17
2026-08-22T00:51:33,115.85,51.08
2026-08-22T00:51:34,115.98,51.21
2026-08-22T00:51:35,115.78,51.01
2026-08-22T00:51:36,115.72,50.95
2026-08-22T00:51:37,115.53,50.76
2026-08-22T00:51:38,115.16,50.4
2026-08-22T00:51:39,114.85,50.09
2026-08-22T00:51:40,115.15,50.39
2026-08-22T00:51:41,115.17,50.41
2026-08-22T00:51:42,115.16,50.4
2026-08-22T00:51:43,115.24,50.48
2026-08-22T00:51:44,114.98,50.22
2026-08-22T00:51:45,115.33,50.57
2026-08-22T00:51:46,116.25,51.47
2026-08-22T00:51:47,116.81,52.02
2026-08-22T00:51:48,116.83,52.04
2026-08-22T00:51:49,117.9,53.1
2026-08-22T00:51:50,119.38,54.56
2026-08-22T00:51:51,123.27,58.39
2026-08-22T00:51:52,125.83,60.92
2026-08-22T00:51:53,126.6,61.68
2026-08-22T00:51:54,128.07,63.13
2026-08-22T00:51:55,128.24,63.29
2026-08-22T00:51:56,127.1,62.17
2026-08-22T00:51:57,127.14,62.21
2026-08-22T00:51:58,130.77,65.79
2026-08-22T00:51:59,132.3,67.3
2026-08-22T00:52:00,130.63,65.65
2026-08-22T00:52:01,125.99,61.07
2026-08-22T00:52:02,123.45,58.57
2026-08-22T00:52:03,122.34,57.48
2026-08-22T00:52:04,122.7,57.83
2026-08-22T00:52:05,123.12,58.25
2026-08-22T00:52:06,123.75,58.87
2026-08-22T00:52:07,123.68,58.8
2026-08-22T00:52:08,121.85,56.99
2026-08-22T00:52:09,119.59,54.76
2026-08-22T00:52:10,118.69,53.88
2026-08-22T00:52:11,117.91,53.11
2026-08-22T00:52:12,117.78,52.98
2026-08-22T00:52:13,117.41,52.62
2026-08-22T00:52:14,116.89,52.11
2026-08-22T00:52:15,116.52,51.74
2026-08-22T00:52:16,116.66,51.88
2026-08-22T00:52:17,115.28,50.52
2026-08-22T00:52:18,116.03,51.26
2026-08-22T00:52:19,115.44,50.68
2026-08-22T00:52:20,114.95,50.2
2026-08-22T00:52:21,114.79,50.03
2026-08-22T00:52:22,115.0,50.24
2026-08-22T00:52:23,115.76,50.99
2026-08-22T00:52:24,114.88,50.12
2026-08-22T00:52:25,114.81,50.05
2026-08-22T00:52:26,114.18,49.43
2026-08-22T00:52:27,115.09,50.33
2026-08-22T00:52:28,114.81,50.05
2026-08-22T00:52:29,114.71,49.96
2026-08-22T00:52:30,114.13,49.38
2026-08-22T00:52:31,114.33,49.58
2026-08-22T00:52:32,114.9,50.14
2026-08-22T00:52:33,115.12,50.36
2026-08-22T00:52:34,114.62,49.87
2026-08-22T00:52:35,115.2,50.44
2026-08-22T00:52:36,114.41,49.66
2026-08-22T00:52:37,114.76,50.0
2026-08-22T00:52:38,114.26,49.52
2026-08-22T00:52:39,114.76,50.0
2026-08-22T00:52:40,114.31,49.56
2026-08-22T00:52:41,114.74,49.98
2026-08-22T00:52:42,114.39,49.64
2026-08-22T00:52:43,115.28,50.52
2026-08-22T00:52:44,114.6,49.84
2026-08-22T00:52:45,114.72,49.97
2026-08-22T00:52:46,114.64,49.88
2026-08-22T00:52:47,116.27,51.49
2026-08-22T00:52:48,118.74,53.93
2026-08-22T00:52:49,122.01,57.15
2026-08-22T00:52:50,123.09,58.22
2026-08-22T00:52:51,119.9,55.07
2026-08-22T00:52:52,117.95,53.15
2026-08-22T00:52:53,117.04,52.25
2026-08-22T00:52:54,116.79,52.0
2026-08-22T00:52:55,117.76,52.96
2026-08-22T00:52:56,117.49,52.7
2026-08-22T00:52:57,117.85,53.05
2026-08-22T00:52:58,117.07,52.28
2026-08-22T00:52:59,115.57,50.81
2026-08-22T00:53:00,115.17,50.41
2026-08-22T00:53:01,115.62,50.85
2026-08-22T00:53:02,115.16,50.4
2026-08-22T00:53:03,115.08,50.32
2026-08-22T00:53:04,114.53,49.78
2026-08-22T00:53:05,114.89,50.14
2026-08-22T00:53:06,114.95,50.19
2026-08-22T00:53:07,115.02,50.26
2026-08-22T00:53:08,114.87,50.11
2026-08-22T00:53:09,115.41,50.65
2026-08-22T00:53:10,115.24,50.48
2026-08-22T00:53:11,115.69,50.92
2026-08-22T00:53:12,115.23,50.47
2026-08-22T00:53:13,114.19,49.44
2026-08-22T00:53:14,114.24,49.49
2026-08-22T00:53:15,115.23,50.47
2026-08-22T00:53:16,114.13,49.39
2026-08-22T00:53:17,114.7,49.95
2026-08-22T00:53:18,115.12,50.36
2026-08-22T00:53:19,114.95,50.2
2026-08-22T00:53:20,114.91,50.15
2026-08-22T00:53:21,115.29,50.53
2026-08-22T00:53:22,114.74,49.99
2026-08-22T00:53:23,114.47,49.72
2026-08-22T00:53:24,114.48,49.73
2026-08-22T00:53:25,114.29,49.54
2026-08-22T00:53:26,114.54,49.79
2026-08-22T00:53:27,114.93,50.17
2026-08-22T00:53:28,114.55,49.8
2026-08-22T00:53:29,115.14,50.39
2026-08-22T00:53:30,115.0,50.24
2026-08-22T00:53:31,115.07,50.32
2026-08-22T00:53:32,115.95,51.18
2026-08-22T00:53:33,116.56,51.78
2026-08-22T00:53:34,117.46,52.66
2026-08-22T00:53:35,119.22,54.4
2026-08-22T00:53:36,121.6,56.75
2026-08-22T00:53:37,123.19,58.32
2026-08-22T00:53:38,126.19,61.28
2026-08-22T00:53:39,127.35,62.41
2026-08-22T00:53:40,126.71,61.78
2026-08-22T00:53:41,122.49,57.63
2026-08-22T00:53:42,119.04,54.23
2026-08-22T00:53:43,116.37,51.6
2026-08-22T00:53:44,115.38,50.62
2026-08-22T00:53:45,114.82,50.06
2026-08-22T00:53:46,114.87,50.12
2026-08-22T00:53:47,115.07,50.31
2026-08-22T00:53:48,115.02,50.27
2026-08-22T00:53:49,114.32,49.57
2026-08-22T00:53:50,113.7,48.96
2026-08-22T00:53:51,114.87,50.12
2026-08-22T00:53:52,114.8,50.05
2026-08-22T00:53:53,114.63,49.88
2026-08-22T00:53:54,116.49,51.71
2026-08-22T00:53:55,119.66,54.83
2026-08-22T00:53:56,120.42,55.59
2026-08-22T00:53:57,117.76,52.97
2026-08-22T00:53:58,117.8,53.0
2026-08-22T00:53:59,116.63,51.85
2026-08-22T00:54:00,117.38,52.59
2026-08-22T00:54:01,119.23,54.42
2026-08-22T00:54:02,117.72,52.92
2026-08-22T00:54:03,115.82,51.05
2026-08-22T00:54:04,115.93,51.16
2026-08-22T00:54:05,115.3,50.54
2026-08-22T00:54:06,115.95,51.18
2026-08-22T00:54:07,114.81,50.05
2026-08-22T00:54:08,114.25,49.5
2026-08-22T00:54:09,115.12,50.36
2026-08-22T00:54:10,114.54,49.79
2026-08-22T00:54:11,114.54,49.78
2026-08-22T00:54:12,114.14,49.39
2026-08-22T00:54:13,114.64,49.89
2026-08-22T00:54:14,114.23,49.48
2026-08-22T00:54:15,114.65,49.89
2026-08-22T00:54:16,114.54,49.79
2026-08-22T00:54:17,114.62,49.87
2026-08-22T00:54:18,115.18,50.42
2026-08-22T00:54:19,115.1,50.34
2026-08-22T00:54:20,114.79,50.04
2026-08-22T00:54:21,114.18,49.44
2026-08-22T00:54:22,114.74,49.99
2026-08-22T00:54:23,113.94,49.2
2026-08-22T00:54:24,114.23,49.48
2026-08-22T00:54:25,114.27,49.52
2026-08-22T00:54:26,114.82,50.06
2026-08-22T00:54:27,114.52,49.77
2026-08-22T00:54:28,115.1,50.34
2026-08-22T00:54:29,115.07,50.31
2026-08-22T00:54:30,115.05,50.29
2026-08-22T00:54:31,115.19,50.43
2026-08-22T00:54:32,115.4,50.64
2026-08-22T00:54:33,115.54,50.77
2026-08-22T00:54:34,115.47,50.71
2026-08-22T00:54:35,114.9,50.14
2026-08-22T00:54:36,115.3,50.53
2026-08-22T00:54:37,115.43,50.67
2026-08-22T00:54:38,116.06,51.29
2026-08-22T00:54:39,115.29,50.53
2026-08-22T00:54:40,115.68,50.91
2026-08-22T00:54:41,115.35,50.59
2026-08-22T00:54:42,114.92,50.16
2026-08-22T00:54:43,115.06,50.3
2026-08-22T00:54:44,114.65,49.9
2026-08-22T00:54:45,114.74,49.98
2026-08-22T00:54:46,115.42,50.66
2026-08-22T00:54:47,115.24,50.48
2026-08-22T00:54:48,115.1,50.34
2026-08-22T00:54:49,114.53,49.78
2026-08-22T00:54:50,114.71,49.96
2026-08-22T00:54:51,114.93,50.17
2026-08-22T00:54:52,115.03,50.27
2026-08-22T00:54:53,114.02,49.27
2026-08-22T00:54:54,114.12,49.37
2026-08-22T00:54:55,113.7,48.96
2026-08-22T00:54:56,114.27,49.53
2026-08-22T00:54:57,114.34,49.59
2026-08-22T00:54:58,114.59,49.84
2026-08-22T00:54:59,114.57,49.81
2026-08-22T00:55:00,114.11,49.36
2026-08-22T00:55:01,114.56,49.81
2026-08-22T00:55:02,114.17,49.42
2026-08-22T00:55:03,113.9,49.16
2026-08-22T00:55:04,114.71,49.96
2026-08-22T00:55:05,114.72,49.96
2026-08-22T00:55:06,114.2,49.46
2026-08-22T00:55:07,114.16,49.42
2026-08-22T00:55:08,113.95,49.21
2026-08-22T00:55:09,114.4,49.65
2026-08-22T00:55:10,114.71,49.96
2026-08-22T00:55:11,114.61,49.86
2026-08-22T00:55:12,113.79,49.05
2026-08-22T00:55:13,114.34,49.6
2026-08-22T00:55:14,114.55,49.8
2026-08-22T00:55:15,114.46,49.71
2026-08-22T00:55:16,114.42,49.67
2026-08-22T00:55:17,114.87,50.11
2026-08-22T00:55:18,114.62,49.87
2026-08-22T00:55:19,114.68,49.93
2026-08-22T00:55:20,114.94,50.18
2026-08-22T00:55:21,114.57,49.82
2026-08-22T00:55:22,114.45,49.7
2026-08-22T00:55:23,114.95,50.19
2026-08-22T00:55:24,114.89,50.13
2026-08-22T00:55:25,115.03,50.27
2026-08-22T00:55:26,114.82,50.06
2026-08-22T00:55:27,114.76,50.01
2026-08-22T00:55:28,115.11,50.35
2026-08-22T00:55:29,115.03,50.28
2026-08-22T00:55:30,115.26,50.5
2026-08-22T00:55:31,115.25,50.49
2026-08-22T00:55:32,116.25,51.48
2026-08-22T00:55:33,115.78,51.01
2026-08-22T00:55:34,115.92,51.15
2026-08-22T00:55:35,116.4,51.62
2026-08-22T00:55:36,116.16,51.39
2026-08-22T00:55:37,116.36,51.58
2026-08-22T00:55:38,116.06,51.28
2026-08-22T00:55:39,115.52,50.75
2026-08-22T00:55:40,115.5,50.74
2026-08-22T00:55:41,115.77,51.0
2026-08-22T00:55:42,114.65,49.9
2026-08-22T00:55:43,114.68,49.92
2026-08-22T00:55:44,114.32,49.57
2026-08-22T00:55:45,114.61,49.86
2026-08-22T00:55:46,114.45,49.7
2026-08-22T00:55:47,114.75,50.0
2026-08-22T00:55:48,114.09,49.35
2026-08-22T00:55:49,114.6,49.85
2026-08-22T00:55:50,114.35,49.61
2026-08-22T00:55:51,114.34,49.59
2026-08-22T00:55:52,114.85,50.09
2026-08-22T00:55:53,113.81,49.07
2026-08-22T00:55:54,114.16,49.41
2026-08-22T00:55:55,114.23,49.48
2026-08-22T00:55:56,114.46,49.71
2026-08-22T00:55:57,114.48,49.73
2026-08-22T00:55:58,113.83,49.09
2026-08-22T00:55:59,114.44,49.69
2026-08-22T00:56:00,114.38,49.63
2026-08-22T00:56:01,114.32,49.57
2026-08-22T00:56:02,114.46,49.71
2026-08-22T00:56:03,114.42,49.67
2026-08-22T00:56:04,114.87,50.11
2026-08-22T00:56:05,114.64,49.88
2026-08-22T00:56:06,114.39,49.65
2026-08-22T00:56:07,114.48,49.73
2026-08-22T00:56:08,114.96,50.21
2026-08-22T00:56:09,114.61,49.86
2026-08-22T00:56:10,114.74,49.99
2026-08-22T00:56:11,115.04,50.28
2026-08-22T00:56:12,114.52,49.77
2026-08-22T00:56:13,114.83,50.08
2026-08-22T00:56:14,114.89,50.13
2026-08-22T00:56:15,114.38,49.63
2026-08-22T00:56:16,114.34,49.59
2026-08-22T00:56:17,114.46,49.71
2026-08-22T00:56:18,114.89,50.14
2026-08-22T00:56:19,114.5,49.75
2026-08-22T00:56:20,114.81,50.06
2026-08-22T00:56:21,114.15,49.41
2026-08-22T00:56:22,114.31,49.56
2026-08-22T00:56:23,114.35,49.6
2026-08-22T00:56:24,113.68,48.94
2026-08-22T00:56:25,114.55,49.8
2026-08-22T00:56:26,114.51,49.76
2026-08-22T00:56:27,114.1,49.36
2026-08-22T00:56:28,114.5,49.75
2026-08-22T00:56:29,114.47,49.72
2026-08-22T00:56:30,114.0,49.26
2026-08-22T00:56:31,114.17,49.42
2026-08-22T00:56:32,114.57,49.81
2026-08-22T00:56:33,114.43,49.68
2026-08-22T00:56:34,114.79,50.04
2026-08-22T00:56:35,114.43,49.68
2026-08-22T00:56:36,114.32,49.57
2026-08-22T00:56:37,114.15,49.41
2026-08-22T00:56:38,114.24,49.49
2026-08-22T00:56:39,114.37,49.62
2026-08-22T00:56:40,114.39,49.64
2026-08-22T00:56:41,114.14,49.39
2026-08-22T00:56:42,114.27,49.52
2026-08-22T00:56:43,113.91,49.17
2026-08-22T00:56:44,114.26,49.52
2026-08-22T00:56:45,114.48,49.73
2026-08-22T00:56:46,114.69,49.93
2026-08-22T00:56:47,114.67,49.92
2026-08-22T00:56:48,114.36,49.61
2026-08-22T00:56:49,114.81,50.06
2026-08-22T00:56:50,114.57,49.82
2026-08-22T00:56:51,114.44,49.69
2026-08-22T00:56:52,114.43,49.68
2026-08-22T00:56:53,115.03,50.27
2026-08-22T00:56:54,114.44,49.69
2026-08-22T00:56:55,114.21,49.46
2026-08-22T00:56:56,114.68,49.93
2026-08-22T00:56:57,114.29,49.54
2026-08-22T00:56:58,114.33,49.59
2026-08-22T00:56:59,114.32,49.57
2026-08-22T00:57:00,114.45,49.7
2026-08-22T00:57:01,115.05,50.29
2026-08-22T00:57:02,114.98,50.22
2026-08-22T00:57:03,114.2,49.46
2026-08-22T00:57:04,114.24,49.5
2026-08-22T00:57:05,115.0,50.24
2026-08-22T00:57:06,115.15,50.39
2026-08-22T00:57:07,114.45,49.7
2026-08-22T00:57:08,114.46,49.71
2026-08-22T00:57:09,114.74,49.98
2026-08-22T00:57:10,114.43,49.68
2026-08-22T00:57:11,115.01,50.25
2026-08-22T00:57:12,115.32,50.56
2026-08-22T00:57:13,117.09,52.3
2026-08-22T00:57:14,117.9,53.1
2026-08-22T00:57:15,117.72,52.92
2026-08-22T00:57:16,115.99,51.22
2026-08-22T00:57:17,115.13,50.37
2026-08-22T00:57:18,114.26,49.52
2026-08-22T00:57:19,114.59,49.84
2026-08-22T00:57:20,114.65,49.9
2026-08-22T00:57:21,114.89,50.13
2026-08-22T00:57:22,114.49,49.74
2026-08-22T00:57:23,115.36,50.6
2026-08-22T00:57:24,114.4,49.65
2026-08-22T00:57:25,114.91,50.15
2026-08-22T00:57:26,114.88,50.13
2026-08-22T00:57:27,114.39,49.64
2026-08-22T00:57:28,115.1,50.34
2026-08-22T00:57:29,114.68,49.92
2026-08-22T00:57:30,114.07,49.33
2026-08-22T00:57:31,114.35,49.61
2026-08-22T00:57:32,114.54,49.78
2026-08-22T00:57:33,114.46,49.71
2026-08-22T00:57:34,115.03,50.27
2026-08-22T00:57:35,114.79,50.03
2026-08-22T00:57:36,114.98,50.22
2026-08-22T00:57:37,114.18,49.43
2026-08-22T00:57:38,114.82,50.07
2026-08-22T00:57:39,114.52,49.77
2026-08-22T00:57:40,114.59,49.84
2026-08-22T00:57:41,114.81,50.06
2026-08-22T00:57:42,114.76,50.0
2026-08-22T00:57:43,115.14,50.38
2026-08-22T00:57:44,114.85,50.1
2026-08-22T00:57:45,114.91,50.16
2026-08-22T00:57:46,115.05,50.29
2026-08-22T00:57:47,115.34,50.58
2026-08-22T00:57:48,114.9,50.14
2026-08-22T00:57:49,114.16,49.41
2026-08-22T00:57:50,115.03,50.27
2026-08-22T00:57:51,115.42,50.66
2026-08-22T00:57:52,115.02,50.27
2026-08-22T00:57:53,114.24,49.49
2026-08-22T00:57:54,114.82,50.06
2026-08-22T00:57:55,114.89,50.13
2026-08-22T00:57:56,114.68,49.93
2026-08-22T00:57:57,115.17,50.41
2026-08-22T00:57:58,115.17,50.41
2026-08-22T00:57:59,115.06,50.31
2026-08-22T00:58:00,114.42,49.67
2026-08-22T00:58:01,114.42,49.67
2026-08-22T00:58:02,114.04,49.29
2026-08-22T00:58:03,114.65,49.89
2026-08-22T00:58:04,114.7,49.95
2026-08-22T00:58:05,113.97,49.22
2026-08-22T00:58:06,114.37,49.62
2026-08-22T00:58:07,114.2,49.45
2026-08-22T00:58:08,114.41,49.66
2026-08-22T00:58:09,114.62,49.87
2026-08-22T00:58:10,114.9,50.14
2026-08-22T00:58:11,115.36,50.6
2026-08-22T00:58:12,114.28,49.54
2026-08-22T00:58:13,114.65,49.89
2026-08-22T00:58:14,114.59,49.84
2026-08-22T00:58:15,114.58,49.83
2026-08-22T00:58:16,114.46,49.71
2026-08-22T00:58:17,114.6,49.85
2026-08-22T00:58:18,114.78,50.02
2026-08-22T00:58:19,114.55,49.8
2026-08-22T00:58:20,114.74,49.98
2026-08-22T00:58:21,114.65,49.9
2026-08-22T00:58:22,114.13,49.39
2026-08-22T00:58:23,114.42,49.67
2026-08-22T00:58:24,114.38,49.63
2026-08-22T00:58:25,115.05,50.29
2026-08-22T00:58:26,114.71,49.96
2026-08-22T00:58:27,114.04,49.3
2026-08-22T00:58:28,114.35,49.6
2026-08-22T00:58:29,114.73,49.97
2026-08-22T00:58:30,114.37,49.62
2026-08-22T00:58:31,114.31,49.56
2026-08-22T00:58:32,114.6,49.85
2026-08-22T00:58:33,114.25,49.51
2026-08-22T00:58:34,114.68,49.93
2026-08-22T00:58:35,115.1,50.34
2026-08-22T00:58:36,114.11,49.36
2026-08-22T00:58:37,114.31,49.56
2026-08-22T00:58:38,114.08,49.34
2026-08-22T00:58:39,114.38,49.63
2026-08-22T00:58:40,114.5,49.75
2026-08-22T00:58:41,114.26,49.51
2026-08-22T00:58:42,114.73,49.97
2026-08-22T00:58:43,114.31,49.56
2026-08-22T00:58:44,114.44,49.69
2026-08-22T00:58:45,114.59,49.83
2026-08-22T00:58:46,113.77,49.03
2026-08-22T00:58:47,114.06,49.32
2026-08-22T00:58:48,114.82,50.06
2026-08-22T00:58:49,114.0,49.25
2026-08-22T00:58:50,114.53,49.78
2026-08-22T00:58:51,114.82,50.06
2026-08-22T00:58:52,113.97,49.23
2026-08-22T00:58:53,114.5,49.75
2026-08-22T00:58:54,114.48,49.73
2026-08-22T00:58:55,114.55,49.8
2026-08-22T00:58:56,114.1,49.36
2026-08-22T00:58:57,114.36,49.61
2026-08-22T00:58:58,114.53,49.78
2026-08-22T00:58:59,113.51,48.77
2026-08-22T00:59:00,114.41,49.66
2026-08-22T00:59:01,113.75,49.01
2026-08-22T00:59:02,113.9,49.16
2026-08-22T00:59:03,113.87,49.13
2026-08-22T00:59:04,113.67,48.93
2026-08-22T00:59:05,114.0,49.25
2026-08-22T00:59:06,114.45,49.7
2026-08-22T00:59:07,114.24,49.49
2026-08-22T00:59:08,114.39,49.64
2026-08-22T00:59:09,114.36,49.62
2026-08-22T00:59:10,114.0,49.25
2026-08-22T00:59:11,114.43,49.68
2026-08-22T00:59:12,114.37,49.62
2026-08-22T00:59:13,114.7,49.95
2026-08-22T00:59:14,113.88,49.14
2026-08-22T00:59:15,114.02,49.28
2026-08-22T00:59:16,113.83,49.08
2026-08-22T00:59:17,115.01,50.25
2026-08-22T00:59:18,114.58,49.83
2026-08-22T00:59:19,114.52,49.77
2026-08-22T00:59:20,113.95,49.21
2026-08-22T00:59:21,114.1,49.35
2026-08-22T00:59:22,114.39,49.64
2026-08-22T00:59:23,113.75,49.01
2026-08-22T00:59:24,114.57,49.81
2026-08-22T00:59:25,113.7,48.96
2026-08-22T00:59:26,114.11,49.37
2026-08-22T00:59:27,114.33,49.58
2026-08-22T00:59:28,114.84,50.09
2026-08-22T00:59:29,114.88,50.12
2026-08-22T00:59:30,115.17,50.41
2026-08-22T00:59:31,114.71,49.96
2026-08-22T00:59:32,114.51,49.76
2026-08-22T00:59:33,115.0,50.24
2026-08-22T00:59:34,115.49,50.72
2026-08-22T00:59:35,114.64,49.89
2026-08-22T00:59:36,114.77,50.01
2026-08-22T00:59:37,114.71,49.96
2026-08-22T00:59:38,114.77,50.02
2026-08-22T00:59:39,114.81,50.06
2026-08-22T00:59:40,115.12,50.36
2026-08-22T00:59:41,115.42,50.66
2026-08-22T00:59:42,116.31,51.54
2026-08-22T00:59:43,114.55,49.8
2026-08-22T00:59:44,114.74,49.99
2026-08-22T00:59:45,115.0,50.25
2026-08-22T00:59:46,114.44,49.69
2026-08-22T00:59:47,114.52,49.77
2026-08-22T00:59:48,115.07,50.31
2026-08-22T00:59:49,115.02,50.26
2026-08-22T00:59:50,115.2,50.44
2026-08-22T00:59:51,114.93,50.17
2026-08-22T00:59:52,116.05,51.28
2026-08-22T00:59:53,119.4,54.58
2026-08-22T00:59:54,117.74,52.95
2026-08-22T00:59:55,117.05,52.26
2026-08-22T00:59:56,115.52,50.76
2026-08-22T00:59:57,114.81,50.06
2026-08-22T00:59:58,115.52,50.76
2026-08-22T00:59:59,114.7,49.95
2026-08-22T01:00:00,114.7,49.95
2026-08-22T01:00:01,114.69,49.94
2026-08-22T01:00:02,114.52,49.77
2026-08-22T01:00:03,114.88,50.12
2026-08-22T01:00:04,115.36,50.6
2026-08-22T01:00:05,114.69,49.93
2026-08-22T01:00:06,114.77,50.01
2026-08-22T01:00:07,114.97,50.21
2026-08-22T01:00:08,114.03,49.28
2026-08-22T01:00:09,115.85,51.08
2026-08-22T01:00:10,116.7,51.92
2026-08-22T01:00:11,118.11,53.31
2026-08-22T01:00:12,116.01,51.24
2026-08-22T01:00:13,114.97,50.22
2026-08-22T01:00:14,114.48,49.73
2026-08-22T01:00:15,115.6,50.83
2026-08-22T01:00:16,115.48,50.71
2026-08-22T01:00:17,114.91,50.15
2026-08-22T01:00:18,115.43,50.66
2026-08-22T01:00:19,115.09,50.33
2026-08-22T01:00:20,114.95,50.19
2026-08-22T01:00:21,114.8,50.04
2026-08-22T01:00:22,114.48,49.73
2026-08-22T01:00:23,114.54,49.79
2026-08-22T01:00:24,114.82,50.07
2026-08-22T01:00:25,115.02,50.26
2026-08-22T01:00:26,114.45,49.7
2026-08-22T01:00:27,114.45,49.7
2026-08-22T01:00:28,114.41,49.66
2026-08-22T01:00:29,114.21,49.46
2026-08-22T01:00:30,114.6,49.85
2026-08-22T01:00:31,115.21,50.44
2026-08-22T01:00:32,115.19,50.43
2026-08-22T01:00:33,114.95,50.19
2026-08-22T01:00:34,114.95,50.19
2026-08-22T01:00:35,115.15,50.39
2026-08-22T01:00:36,114.59,49.84
2026-08-22T01:00:37,114.63,49.88
2026-08-22T01:00:38,114.76,50.01
2026-08-22T01:00:39,114.47,49.72
2026-08-22T01:00:40,114.86,50.1
2026-08-22T01:00:41,114.51,49.76
2026-08-22T01:00:42,114.06,49.32
2026-08-22T01:00:43,114.21,49.46
2026-08-22T01:00:44,115.44,50.68
2026-08-22T01:00:45,114.58,49.83
2026-08-22T01:00:46,114.6,49.85
2026-08-22T01:00:47,114.02,49.27
2026-08-22T01:00:48,114.54,49.79
2026-08-22T01:00:49,114.52,49.77
2026-08-22T01:00:50,114.11,49.37
2026-08-22T01:00:51,114.56,49.81
2026-08-22T01:00:52,114.52,49.77
2026-08-22T01:00:53,114.56,49.81
2026-08-22T01:00:54,114.69,49.94
2026-08-22T01:00:55,114.39,49.64
2026-08-22T01:00:56,114.41,49.67
2026-08-22T01:00:57,114.63,49.88
2026-08-22T01:00:58,114.3,49.56
2026-08-22T01:00:59,114.59,49.83
2026-08-22T01:01:00,114.48,49.73
2026-08-22T01:01:01,114.58,49.83
2026-08-22T01:01:02,114.78,50.02
2026-08-22T01:01:03,114.13,49.38
2026-08-22T01:01:04,114.02,49.28
2026-08-22T01:01:05,114.04,49.29
2026-08-22T01:01:06,114.62,49.87
2026-08-22T01:01:07,114.33,49.58
2026-08-22T01:01:08,114.2,49.46
2026-08-22T01:01:09,114.53,49.78
2026-08-22T01:01:10,114.59,49.84
2026-08-22T01:01:11,114.76,50.0
2026-08-22T01:01:12,115.36,50.6
2026-08-22T01:01:13,115.27,50.5
2026-08-22T01:01:14,115.63,50.86
2026-08-22T01:01:15,116.06,51.29
2026-08-22T01:01:16,117.71,52.91
2026-08-22T01:01:17,118.73,53.92
2026-08-22T01:01:18,120.4,55.56
2026-08-22T01:01:19,123.57,58.69
2026-08-22T01:01:20,127.36,62.43
2026-08-22T01:01:21,131.4,66.41
2026-08-22T01:01:22,132.39,67.38
2026-08-22T01:01:23,121.98,57.12
2026-08-22T01:01:24,118.47,53.67
2026-08-22T01:01:25,115.83,51.06
2026-08-22T01:01:26,116.15,51.38
2026-08-22T01:01:27,116.32,51.54
2026-08-22T01:01:28,117.11,52.32
2026-08-22T01:01:29,118.69,53.88
2026-08-22T01:01:30,122.67,57.8
2026-08-22T01:01:31,124.24,59.35
2026-08-22T01:01:32,126.57,61.65
2026-08-22T01:01:33,127.27,62.34
2026-08-22T01:01:34,128.11,63.17
2026-08-22T01:01:35,127.89,62.95
2026-08-22T01:01:36,127.02,62.09
2026-08-22T01:01:37,127.36,62.43
2026-08-22T01:01:38,128.1,63.16
2026-08-22T01:01:39,126.48,61.56
2026-08-22T01:01:40,123.34,58.47
2026-08-22T01:01:41,121.55,56.7
2026-08-22T01:01:42,119.27,54.45
2026-08-22T01:01:43,117.71,52.92
2026-08-22T01:01:44,116.87,52.08
2026-08-22T01:01:45,116.9,52.12
2026-08-22T01:01:46,116.09,51.32
2026-08-22T01:01:47,115.83,51.06
2026-08-22T01:01:48,114.83,50.07
2026-08-22T01:01:49,114.29,49.54
2026-08-22T01:01:50,114.86,50.11
2026-08-22T01:01:51,114.92,50.17
2026-08-22T01:01:52,114.69,49.93
2026-08-22T01:01:53,114.26,49.52
2026-08-22T01:01:54,114.4,49.65
2026-08-22T01:01:55,114.42,49.67
2026-08-22T01:01:56,114.54,49.79
2026-08-22T01:01:57,115.33,50.57
2026-08-22T01:01:58,114.31,49.56
2026-08-22T01:01:59,114.36,49.61
2026-08-22T01:02:00,114.32,49.58
2026-08-22T01:02:01,114.12,49.38
2026-08-22T01:02:02,114.5,49.75
2026-08-22T01:02:03,114.47,49.72
2026-08-22T01:02:04,113.87,49.13
2026-08-22T01:02:05,114.23,49.49
2026-08-22T01:02:06,113.87,49.13
2026-08-22T01:02:07,114.43,49.68
2026-08-22T01:02:08,114.2,49.45
2026-08-22T01:02:09,114.44,49.69
2026-08-22T01:02:10,114.41,49.66
2026-08-22T01:02:11,114.43,49.68
2026-08-22T01:02:12,114.29,49.54
2026-08-22T01:02:13,114.82,50.07
2026-08-22T01:02:14,114.66,49.91
2026-08-22T01:02:15,114.83,50.07
2026-08-22T01:02:16,114.57,49.82
2026-08-22T01:02:17,114.46,49.71
2026-08-22T01:02:18,114.69,49.94
2026-08-22T01:02:19,114.97,50.21
2026-08-22T01:02:20,113.89,49.14
2026-08-22T01:02:21,114.84,50.08
2026-08-22T01:02:22,114.68,49.92
2026-08-22T01:02:23,115.1,50.34
2026-08-22T01:02:24,114.86,50.1
2026-08-22T01:02:25,114.86,50.1
2026-08-22T01:02:26,114.71,49.96
2026-08-22T01:02:27,115.36,50.59
2026-08-22T01:02:28,114.96,50.2
2026-08-22T01:02:29,114.89,50.13
2026-08-22T01:02:30,114.59,49.84
2026-08-22T01:02:31,114.39,49.64
2026-08-22T01:02:32,114.84,50.09
2026-08-22T01:02:33,113.71,48.97
2026-08-22T01:02:34,114.28,49.53
2026-08-22T01:02:35,114.22,49.47
2026-08-22T01:02:36,114.64,49.88
2026-08-22T01:02:37,115.08,50.32
2026-08-22T01:02:38,114.8,50.05
2026-08-22T01:02:39,114.31,49.56
2026-08-22T01:02:40,114.65,49.9
2026-08-22T01:02:41,114.88,50.12
2026-08-22T01:02:42,114.28,49.54
2026-08-22T01:02:43,114.72,49.97
2026-08-22T01:02:44,114.49,49.74
2026-08-22T01:02:45,114.84,50.08
2026-08-22T01:02:46,114.78,50.03
2026-08-22T01:02:47,114.34,49.6
2026-08-22T01:02:48,114.38,49.64
2026-08-22T01:02:49,114.5,49.75
2026-08-22T01:02:50,114.72,49.96
2026-08-22T01:02:51,114.23,49.48
2026-08-22T01:02:52,114.29,49.54
2026-08-22T01:02:53,114.79,50.04
2026-08-22T01:02:54,114.9,50.14
2026-08-22T01:02:55,114.96,50.2
2026-08-22T01:02:56,114.91,50.15
2026-08-22T01:02:57,114.96,50.2
2026-08-22T01:02:58,114.75,49.99
2026-08-22T01:02:59,113.99,49.24
2026-08-22T01:03:00,114.15,49.41
2026-08-22T01:03:01,114.6,49.85
2026-08-22T01:03:02,113.99,49.24
2026-08-22T01:03:03,113.98,49.23
2026-08-22T01:03:04,115.01,50.25
2026-08-22T01:03:05,115.51,50.74
2026-08-22T01:03:06,114.46,49.71
2026-08-22T01:03:07,114.33,49.58
2026-08-22T01:03:08,114.73,49.97
2026-08-22T01:03:09,114.69,49.94
2026-08-22T01:03:10,114.61,49.86
2026-08-22T01:03:11,114.56,49.81
2026-08-22T01:03:12,114.6,49.85
2026-08-22T01:03:13,115.29,50.53
2026-08-22T01:03:14,114.55,49.79
2026-08-22T01:03:15,114.76,50.0
2026-08-22T01:03:16,114.56,49.81
2026-08-22T01:03:17,114.69,49.94
2026-08-22T01:03:18,114.09,49.35
2026-08-22T01:03:19,114.32,49.57
2026-08-22T01:03:20,114.2,49.45
2026-08-22T01:03:21,114.35,49.6
2026-08-22T01:03:22,114.14,49.39
2026-08-22T01:03:23,114.89,50.13
2026-08-22T01:03:24,115.28,50.52
2026-08-22T01:03:25,114.29,49.55
2026-08-22T01:03:26,114.31,49.56
2026-08-22T01:03:27,114.39,49.64
2026-08-22T01:03:28,114.23,49.49
2026-08-22T01:03:29,114.49,49.74
2026-08-22T01:03:30,114.03,49.28
2026-08-22T01:03:31,114.21,49.46
2026-08-22T01:03:32,114.12,49.38
2026-08-22T01:03:33,114.1,49.35
2026-08-22T01:03:34,114.19,49.45
2026-08-22T01:03:35,113.89,49.14
2026-08-22T01:03:36,114.34,49.59
2026-08-22T01:03:37,114.1,49.35
2026-08-22T01:03:38,114.28,49.53
2026-08-22T01:03:39,114.2,49.46
2026-08-22T01:03:40,114.45,49.7
2026-08-22T01:03:41,114.41,49.66
2026-08-22T01:03:42,114.13,49.39
2026-08-22T01:03:43,113.82,49.08
2026-08-22T01:03:44,113.88,49.14
2026-08-22T01:03:45,114.08,49.34
2026-08-22T01:03:46,113.75,49.01
2026-08-22T01:03:47,114.39,49.64
2026-08-22T01:03:48,114.39,49.64
2026-08-22T01:03:49,113.74,49.01
2026-08-22T01:03:50,114.36,49.61
2026-08-22T01:03:51,114.36,49.62
2026-08-22T01:03:52,114.35,49.6
2026-08-22T01:03:53,114.02,49.27
2026-08-22T01:03:54,114.98,50.23
2026-08-22T01:03:55,114.16,49.41
2026-08-22T01:03:56,114.52,49.77
2026-08-22T01:03:57,114.18,49.44
2026-08-22T01:03:58,114.61,49.86
2026-08-22T01:03:59,114.3,49.55
2026-08-22T01:04:00,114.24,49.49
2026-08-22T01:04:01,114.02,49.28
2026-08-22T01:04:02,114.55,49.8
2026-08-22T01:04:03,114.28,49.53
2026-08-22T01:04:04,113.89,49.15
2026-08-22T01:04:05,113.95,49.21
2026-08-22T01:04:06,114.24,49.5
2026-08-22T01:04:07,113.83,49.09
2026-08-22T01:04:08,114.2,49.46
2026-08-22T01:04:09,113.93,49.19
2026-08-22T01:04:10,114.12,49.37
2026-08-22T01:04:11,114.41,49.66
2026-08-22T01:04:12,114.85,50.09
2026-08-22T01:04:13,114.51,49.76
2026-08-22T01:04:14,114.33,49.58
2026-08-22T01:04:15,114.2,49.45
2026-08-22T01:04:16,114.4,49.65
2026-08-22T01:04:17,114.95,50.19
2026-08-22T01:04:18,114.17,49.42
2026-08-22T01:04:19,114.33,49.58
2026-08-22T01:04:20,114.36,49.61
2026-08-22T01:04:21,114.7,49.95
2026-08-22T01:04:22,114.85,50.1
2026-08-22T01:04:23,114.62,49.86
2026-08-22T01:04:24,114.5,49.75
2026-08-22T01:04:25,114.44,49.69
2026-08-22T01:04:26,114.89,50.13
2026-08-22T01:04:27,114.32,49.57
2026-08-22T01:04:28,114.88,50.12
2026-08-22T01:04:29,114.25,49.51
2026-08-22T01:04:30,114.37,49.62
2026-08-22T01:04:31,114.5,49.75
2026-08-22T01:04:32,114.5,49.75
2026-08-22T01:04:33,115.31,50.55
2026-08-22T01:04:34,114.35,49.6
2026-08-22T01:04:35,114.16,49.41
2026-08-22T01:04:36,114.47,49.72
2026-08-22T01:04:37,114.46,49.71
2026-08-22T01:04:38,114.93,50.18
2026-08-22T01:04:39,115.79,51.02
2026-08-22T01:04:40,114.77,50.02
2026-08-22T01:04:41,115.67,50.9
2026-08-22T01:04:42,114.15,49.4
2026-08-22T01:04:43,114.61,49.86
2026-08-22T01:04:44,114.07,49.33
2026-08-22T01:04:45,115.24,50.48
2026-08-22T01:04:46,114.98,50.22
2026-08-22T01:04:47,114.86,50.11
2026-08-22T01:04:48,114.71,49.95
2026-08-22T01:04:49,114.81,50.06
2026-08-22T01:04:50,116.47,51.7
2026-08-22T01:04:51,114.96,50.21
2026-08-22T01:04:52,115.35,50.59
2026-08-22T01:04:53,115.55,50.79
2026-08-22T01:04:54,115.37,50.61
2026-08-22T01:04:55,116.01,51.24
2026-08-22T01:04:56,117.27,52.48
2026-08-22T01:04:57,119.04,54.22
2026-08-22T01:04:58,119.16,54.35
2026-08-22T01:04:59,122.14,57.28
2026-08-22T01:05:00,127.31,62.38
2026-08-22T01:05:01,130.76,65.78
2026-08-22T01:05:02,133.71,68.68
2026-08-22T01:05:03,135.51,70.46
2026-08-22T01:05:04,125.84,60.92
2026-08-22T01:05:05,122.22,57.36
2026-08-22T01:05:06,119.49,54.67
2026-08-22T01:05:07,117.05,52.26
2026-08-22T01:05:08,115.85,51.08
2026-08-22T01:05:09,115.91,51.14
2026-08-22T01:05:10,114.94,50.18
2026-08-22T01:05:11,114.66,49.91
2026-08-22T01:05:12,114.38,49.63
2026-08-22T01:05:13,114.16,49.41
2026-08-22T01:05:14,114.23,49.49
2026-08-22T01:05:15,113.95,49.21
2026-08-22T01:05:16,114.39,49.65
2026-08-22T01:05:17,113.68,48.94
2026-08-22T01:05:18,114.61,49.86
2026-08-22T01:05:19,114.01,49.27
2026-08-22T01:05:20,114.03,49.29
2026-08-22T01:05:21,113.88,49.14
2026-08-22T01:05:22,113.96,49.22
2026-08-22T01:05:23,114.1,49.35
2026-08-22T01:05:24,114.02,49.27
2026-08-22T01:05:25,114.11,49.36
2026-08-22T01:05:26,114.91,50.15
2026-08-22T01:05:27,113.74,49.0
2026-08-22T01:05:28,114.12,49.38
2026-08-22T01:05:29,113.88,49.14
2026-08-22T01:05:30,113.92,49.18
2026-08-22T01:05:31,113.94,49.2
2026-08-22T01:05:32,114.08,49.34
2026-08-22T01:05:33,114.21,49.47
2026-08-22T01:05:34,114.06,49.31
2026-08-22T01:05:35,114.81,50.06
2026-08-22T01:05:36,114.8,50.05
2026-08-22T01:05:37,115.05,50.3
2026-08-22T01:05:38,115.25,50.49
2026-08-22T01:05:39,115.99,51.22
2026-08-22T01:05:40,116.48,51.7
2026-08-22T01:05:41,117.5,52.71
2026-08-22T01:05:42,117.41,52.62
2026-08-22T01:05:43,115.13,50.37
2026-08-22T01:05:44,114.75,49.99
2026-08-22T01:05:45,114.6,49.85
2026-08-22T01:05:46,114.68,49.93
2026-08-22T01:05:47,115.07,50.31
2026-08-22T01:05:48,114.01,49.26
2026-08-22T01:05:49,114.49,49.74
2026-08-22T01:05:50,114.84,50.08
2026-08-22T01:05:51,113.93,49.18
2026-08-22T01:05:52,115.1,50.34
2026-08-22T01:05:53,114.65,49.89
2026-08-22T01:05:54,114.16,49.42
2026-08-22T01:05:55,114.63,49.88
2026-08-22T01:05:56,114.15,49.41
2026-08-22T01:05:57,115.07,50.31
2026-08-22T01:05:58,114.52,49.76
2026-08-22T01:05:59,114.56,49.81
2026-08-22T01:06:00,114.44,49.69
2026-08-22T01:06:01,114.35,49.6
2026-08-22T01:06:02,114.37,49.62
2026-08-22T01:06:03,115.43,50.66
2026-08-22T01:06:04,114.8,50.04
2026-08-22T01:06:05,116.23,51.46
2026-08-22T01:06:06,117.08,52.3
2026-08-22T01:06:07,114.67,49.92
2026-08-22T01:06:08,114.75,50.0
2026-08-22T01:06:09,114.48,49.73
2026-08-22T01:06:10,114.45,49.7
2026-08-22T01:06:11,114.81,50.06
2026-08-22T01:06:12,114.49,49.74
2026-08-22T01:06:13,114.42,49.67
2026-08-22T01:06:14,114.91,50.16
2026-08-22T01:06:15,114.26,49.51
2026-08-22T01:06:16,114.66,49.91
2026-08-22T01:06:17,114.28,49.53
2026-08-22T01:06:18,114.21,49.47
2026-08-22T01:06:19,113.61,48.87
2026-08-22T01:06:20,114.41,49.66
2026-08-22T01:06:21,114.34,49.59
2026-08-22T01:06:22,114.71,49.96
2026-08-22T01:06:23,114.39,49.64
2026-08-22T01:06:24,114.68,49.92
2026-08-22T01:06:25,114.53,49.78
2026-08-22T01:06:26,114.49,49.73
2026-08-22T01:06:27,114.33,49.58
2026-08-22T01:06:28,114.21,49.46
2026-08-22T01:06:29,114.32,49.57
2026-08-22T01:06:30,114.31,49.56
2026-08-22T01:06:31,114.44,49.69
2026-08-22T01:06:32,114.51,49.76
2026-08-22T01:06:33,113.81,49.07
2026-08-22T01:06:34,114.29,49.54
2026-08-22T01:06:35,114.35,49.61
2026-08-22T01:06:36,114.23,49.48
2026-08-22T01:06:37,114.72,49.97
2026-08-22T01:06:38,114.96,50.2
2026-08-22T01:06:39,114.59,49.84
2026-08-22T01:06:40,114.08,49.33
2026-08-22T01:06:41,114.65,49.9
2026-08-22T01:06:42,114.74,49.99
2026-08-22T01:06:43,114.23,49.49
2026-08-22T01:06:44,114.75,49.99
2026-08-22T01:06:45,114.55,49.79
2026-08-22T01:06:46,114.31,49.56
2026-08-22T01:06:47,114.72,49.97
2026-08-22T01:06:48,114.81,50.05
2026-08-22T01:06:49,115.06,50.3
2026-08-22T01:06:50,114.83,50.07
2026-08-22T01:06:51,115.56,50.79
2026-08-22T01:06:52,115.3,50.54
2026-08-22T01:06:53,114.95,50.19
2026-08-22T01:06:54,115.05,50.29
2026-08-22T01:06:55,115.05,50.29
2026-08-22T01:06:56,115.59,50.83
2026-08-22T01:06:57,115.59,50.82
2026-08-22T01:06:58,114.96,50.2
2026-08-22T01:06:59,115.23,50.47
2026-08-22T01:07:00,115.35,50.58
2026-08-22T01:07:01,114.94,50.18
2026-08-22T01:07:02,115.59,50.82
2026-08-22T01:07:03,116.32,51.55
2026-08-22T01:07:04,114.91,50.16
2026-08-22T01:07:05,115.17,50.41
2026-08-22T01:07:06,115.55,50.79
2026-08-22T01:07:07,115.06,50.31
2026-08-22T01:07:08,115.02,50.27
2026-08-22T01:07:09,114.94,50.18
2026-08-22T01:07:10,114.93,50.18
2026-08-22T01:07:11,115.02,50.27
2026-08-22T01:07:12,114.81,50.05
2026-08-22T01:07:13,114.3,49.56
2026-08-22T01:07:14,114.64,49.89
2026-08-22T01:07:15,115.05,50.29
2026-08-22T01:07:16,114.82,50.06
2026-08-22T01:07:17,114.17,49.42
2026-08-22T01:07:18,114.83,50.07
2026-08-22T01:07:19,114.35,49.6
2026-08-22T01:07:20,114.47,49.72
2026-08-22T01:07:21,114.43,49.68
2026-08-22T01:07:22,114.44,49.69
2026-08-22T01:07:23,114.68,49.93
2026-08-22T01:07:24,114.79,50.03
2026-08-22T01:07:25,114.4,49.65
2026-08-22T01:07:26,114.34,49.59
2026-08-22T01:07:27,115.28,50.52
2026-08-22T01:07:28,114.85,50.1
2026-08-22T01:07:29,114.48,49.73
2026-08-22T01:07:30,114.91,50.16
2026-08-22T01:07:31,114.74,49.98
2026-08-22T01:07:32,114.9,50.15
2026-08-22T01:07:33,115.6,50.84
2026-08-22T01:07:34,115.7,50.93
2026-08-22T01:07:35,116.95,52.16
2026-08-22T01:07:36,118.9,54.09
2026-08-22T01:07:37,122.74,57.88
2026-08-22T01:07:38,126.98,62.05
2026-08-22T01:07:39,129.07,64.11
2026-08-22T01:07:40,130.62,65.64
2026-08-22T01:07:41,130.02,65.05
2026-08-22T01:07:42,127.94,63.0
2026-08-22T01:07:43,124.55,59.66
2026-08-22T01:07:44,122.42,57.56
2026-08-22T01:07:45,121.07,56.22
2026-08-22T01:07:46,120.58,55.75
2026-08-22T01:07:47,120.02,55.19
2026-08-22T01:07:48,119.75,54.92
2026-08-22T01:07:49,118.28,53.47
2026-08-22T01:07:50,118.52,53.72
2026-08-22T01:07:51,118.76,53.95
2026-08-22T01:07:52,120.14,55.31
2026-08-22T01:07:53,120.87,56.03
2026-08-22T01:07:54,121.88,57.03
2026-08-22T01:07:55,124.23,59.34
2026-08-22T01:07:56,128.51,63.56
2026-08-22T01:07:57,131.34,66.35
2026-08-22T01:07:58,136.07,71.01
2026-08-22T01:07:59,137.11,72.04
2026-08-22T01:08:00,129.29,64.33
2026-08-22T01:08:01,127.58,62.64
2026-08-22T01:08:02,125.26,60.35
2026-08-22T01:08:03,116.51,51.74
2026-08-22T01:08:04,116.47,51.69
2026-08-22T01:08:05,115.81,51.04
2026-08-22T01:08:06,115.06,50.3
2026-08-22T01:08:07,115.31,50.55
2026-08-22T01:08:08,114.77,50.01
2026-08-22T01:08:09,115.01,50.25
2026-08-22T01:08:10,114.39,49.64
2026-08-22T01:08:11,114.39,49.64
2026-08-22T01:08:12,114.94,50.18
2026-08-22T01:08:13,114.93,50.17
2026-08-22T01:08:14,114.65,49.9
2026-08-22T01:08:15,114.83,50.08
2026-08-22T01:08:16,114.9,50.15
2026-08-22T01:08:17,114.59,49.84
2026-08-22T01:08:18,114.87,50.12
2026-08-22T01:08:19,114.89,50.14
2026-08-22T01:08:20,114.95,50.19
2026-08-22T01:08:21,114.45,49.7
2026-08-22T01:08:22,115.19,50.43
2026-08-22T01:08:23,114.71,49.95
2026-08-22T01:08:24,114.92,50.17
2026-08-22T01:08:25,115.22,50.46
2026-08-22T01:08:26,116.35,51.57
2026-08-22T01:08:27,116.27,51.5
2026-08-22T01:08:28,116.39,51.61
2026-08-22T01:08:29,117.51,52.71
2026-08-22T01:08:30,118.56,53.76
2026-08-22T01:08:31,121.43,56.58
2026-08-22T01:08:32,122.45,57.59
2026-08-22T01:08:33,125.98,61.07
2026-08-22T01:08:34,126.82,61.89
2026-08-22T01:08:35,126.07,61.16
2026-08-22T01:08:36,121.02,56.17
2026-08-22T01:08:37,118.57,53.76
2026-08-22T01:08:38,117.2,52.41
2026-08-22T01:08:39,115.94,51.17
2026-08-22T01:08:40,115.5,50.73
2026-08-22T01:08:41,114.46,49.71
2026-08-22T01:08:42,115.23,50.47
2026-08-22T01:08:43,114.85,50.09
2026-08-22T01:08:44,113.94,49.2
2026-08-22T01:08:45,114.31,49.56
2026-08-22T01:08:46,114.57,49.82
2026-08-22T01:08:47,114.61,49.85
2026-08-22T01:08:48,114.85,50.1
2026-08-22T01:08:49,115.01,50.25
2026-08-22T01:08:50,114.21,49.46
2026-08-22T01:08:51,114.85,50.1
2026-08-22T01:08:52,115.21,50.45
2026-08-22T01:08:53,114.67,49.92
2026-08-22T01:08:54,114.91,50.15
2026-08-22T01:08:55,115.16,50.4
2026-08-22T01:08:56,115.12,50.36
2026-08-22T01:08:57,114.59,49.84
2026-08-22T01:08:58,114.52,49.77
2026-08-22T01:08:59,115.25,50.49
2026-08-22T01:09:00,114.51,49.76
2026-08-22T01:09:01,114.91,50.16
2026-08-22T01:09:02,114.55,49.8
2026-08-22T01:09:03,115.08,50.32
2026-08-22T01:09:04,115.02,50.26
2026-08-22T01:09:05,115.5,50.74
2026-08-22T01:09:06,115.45,50.69
2026-08-22T01:09:07,114.93,50.18
2026-08-22T01:09:08,114.6,49.85
2026-08-22T01:09:09,114.82,50.06
2026-08-22T01:09:10,115.18,50.42
2026-08-22T01:09:11,114.96,50.2
2026-08-22T01:09:12,115.0,50.24
2026-08-22T01:09:13,114.91,50.15
2026-08-22T01:09:14,114.56,49.81
2026-08-22T01:09:15,114.52,49.77
2026-08-22T01:09:16,114.39,49.64
2026-08-22T01:09:17,114.37,49.62
2026-08-22T01:09:18,114.43,49.68
2026-08-22T01:09:19,114.74,49.99
2026-08-22T01:09:20,114.38,49.63
2026-08-22T01:09:21,115.16,50.4
2026-08-22T01:09:22,114.62,49.87
2026-08-22T01:09:23,114.33,49.58
2026-08-22T01:09:24,114.34,49.6
2026-08-22T01:09:25,114.84,50.09
2026-08-22T01:09:26,114.81,50.05
2026-08-22T01:09:27,115.31,50.54
2026-08-22T01:09:28,114.56,49.8
2026-08-22T01:09:29,114.85,50.09
2026-08-22T01:09:30,114.31,49.56
2026-08-22T01:09:31,115.03,50.27
2026-08-22T01:09:32,114.15,49.4
2026-08-22T01:09:33,114.47,49.72
2026-08-22T01:09:34,114.25,49.5
2026-08-22T01:09:35,114.96,50.2
2026-08-22T01:09:36,114.63,49.88
2026-08-22T01:09:37,114.68,49.93
2026-08-22T01:09:38,114.46,49.71
2026-08-22T01:09:39,114.53,49.78
2026-08-22T01:09:40,114.38,49.63
2026-08-22T01:09:41,114.62,49.86
2026-08-22T01:09:42,114.56,49.81
2026-08-22T01:09:43,114.34,49.59
2026-08-22T01:09:44,114.1,49.36
2026-08-22T01:09:45,114.9,50.15
2026-08-22T01:09:46,114.85,50.09
2026-08-22T01:09:47,114.64,49.89
2026-08-22T01:09:48,114.38,49.63
2026-08-22T01:09:49,114.47,49.72
2026-08-22T01:09:50,114.59,49.84
2026-08-22T01:09:51,114.54,49.79
2026-08-22T01:09:52,114.71,49.95
2026-08-22T01:09:53,115.24,50.48
2026-08-22T01:09:54,114.96,50.2
2026-08-22T01:09:55,114.96,50.2
2026-08-22T01:09:56,114.76,50.0
2026-08-22T01:09:57,115.1,50.34
2026-08-22T01:09:58,114.88,50.13
2026-08-22T01:09:59,114.23,49.49
2026-08-22T01:10:00,114.49,49.74
2026-08-22T01:10:01,114.82,50.07
2026-08-22T01:10:02,114.69,49.94
2026-08-22T01:10:03,115.18,50.42
2026-08-22T01:10:04,114.9,50.14
2026-08-22T01:10:05,114.77,50.01
2026-08-22T01:10:06,114.72,49.97
2026-08-22T01:10:07,114.65,49.9
2026-08-22T01:10:08,114.84,50.08
2026-08-22T01:10:09,114.95,50.19
2026-08-22T01:10:10,114.78,50.02
2026-08-22T01:10:11,114.79,50.03
2026-08-22T01:10:12,114.93,50.17
2026-08-22T01:10:13,115.01,50.25
2026-08-22T01:10:14,114.89,50.13
2026-08-22T01:10:15,115.64,50.87
2026-08-22T01:10:16,114.94,50.19
2026-08-22T01:10:17,114.75,50.0
2026-08-22T01:10:18,114.49,49.74
2026-08-22T01:10:19,114.89,50.13
2026-08-22T01:10:20,114.96,50.2
2026-08-22T01:10:21,114.85,50.1
2026-08-22T01:10:22,114.84,50.08
2026-08-22T01:10:23,114.94,50.19
2026-08-22T01:10:24,115.28,50.52
2026-08-22T01:10:25,114.73,49.97
2026-08-22T01:10:26,115.1,50.34
2026-08-22T01:10:27,115.22,50.46
2026-08-22T01:10:28,114.41,49.66
2026-08-22T01:10:29,114.37,49.62
2026-08-22T01:10:30,115.24,50.48
2026-08-22T01:10:31,114.97,50.21
2026-08-22T01:10:32,114.99,50.24
2026-08-22T01:10:33,115.08,50.32
2026-08-22T01:10:34,114.96,50.2
2026-08-22T01:10:35,115.47,50.7
2026-08-22T01:10:36,115.11,50.35
2026-08-22T01:10:37,115.47,50.7
2026-08-22T01:10:38,115.23,50.47
2026-08-22T01:10:39,114.38,49.64
2026-08-22T01:10:40,114.53,49.78
2026-08-22T01:10:41,115.68,50.91
2026-08-22T01:10:42,115.26,50.5
2026-08-22T01:10:43,114.92,50.16
2026-08-22T01:10:44,114.41,49.66
2026-08-22T01:10:45,114.94,50.18
2026-08-22T01:10:46,114.76,50.01
2026-08-22T01:10:47,115.28,50.52
2026-08-22T01:10:48,114.74,49.99
2026-08-22T01:10:49,114.74,49.98
2026-08-22T01:10:50,114.64,49.89
2026-08-22T01:10:51,114.39,49.64
2026-08-22T01:10:52,114.26,49.51
2026-08-22T01:10:53,114.41,49.66
2026-08-22T01:10:54,114.48,49.72
2026-08-22T01:10:55,114.38,49.63
2026-08-22T01:10:56,114.74,49.99
2026-08-22T01:10:57,113.9,49.16
2026-08-22T01:10:58,114.53,49.78
2026-08-22T01:10:59,114.49,49.74
2026-08-22T01:11:00,114.24,49.49
2026-08-22T01:11:01,114.55,49.8
2026-08-22T01:11:02,114.16,49.42
2026-08-22T01:11:03,114.52,49.77
2026-08-22T01:11:04,114.68,49.93
2026-08-22T01:11:05,114.24,49.49
2026-08-22T01:11:06,114.27,49.52
2026-08-22T01:11:07,114.8,50.05
2026-08-22T01:11:08,114.84,50.09
2026-08-22T01:11:09,113.7,48.96
2026-08-22T01:11:10,114.28,49.53
2026-08-22T01:11:11,113.63,48.89
2026-08-22T01:11:12,114.01,49.27
2026-08-22T01:11:13,114.61,49.85
2026-08-22T01:11:14,114.41,49.66
2026-08-22T01:11:15,114.3,49.55
2026-08-22T01:11:16,114.52,49.77
2026-08-22T01:11:17,114.02,49.27
2026-08-22T01:11:18,114.41,49.66
2026-08-22T01:11:19,113.96,49.21
2026-08-22T01:11:20,113.86,49.12
2026-08-22T01:11:21,114.79,50.03
2026-08-22T01:11:22,114.54,49.79
2026-08-22T01:11:23,114.46,49.71
2026-08-22T01:11:24,114.68,49.93
2026-08-22T01:11:25,114.6,49.85
2026-08-22T01:11:26,114.43,49.68
2026-08-22T01:11:27,114.46,49.71
2026-08-22T01:11:28,114.66,49.9
2026-08-22T01:11:29,114.83,50.07
2026-08-22T01:11:30,113.9,49.16
2026-08-22T01:11:31,114.55,49.8
2026-08-22T01:11:32,114.48,49.72
2026-08-22T01:11:33,114.76,50.0
2026-08-22T01:11:34,114.26,49.51
2026-08-22T01:11:35,114.14,49.4
2026-08-22T01:11:36,114.25,49.5
2026-08-22T01:11:37,114.12,49.38
2026-08-22T01:11:38,114.12,49.38
2026-08-22T01:11:39,114.33,49.58
2026-08-22T01:11:40,114.13,49.38
2026-08-22T01:11:41,114.73,49.97
2026-08-22T01:11:42,114.12,49.37
2026-08-22T01:11:43,113.96,49.21
2026-08-22T01:11:44,113.98,49.24
2026-08-22T01:11:45,115.04,50.28
2026-08-22T01:11:46,114.35,49.61
2026-08-22T01:11:47,114.5,49.75
2026-08-22T01:11:48,114.16,49.41
2026-08-22T01:11:49,114.44,49.69
2026-08-22T01:11:50,114.22,49.47
2026-08-22T01:11:51,114.69,49.94
2026-08-22T01:11:52,114.24,49.49
2026-08-22T01:11:53,114.77,50.02
2026-08-22T01:11:54,114.15,49.41
2026-08-22T01:11:55,114.48,49.73
2026-08-22T01:11:56,114.58,49.83
2026-08-22T01:11:57,115.14,50.38
2026-08-22T01:11:58,113.84,49.1
2026-08-22T01:11:59,114.36,49.61
2026-08-22T01:12:00,114.4,49.65
2026-08-22T01:12:01,113.47,48.73
2026-08-22T01:12:02,114.74,49.99
2026-08-22T01:12:03,114.33,49.58
2026-08-22T01:12:04,113.89,49.15
2026-08-22T01:12:05,114.28,49.54
2026-08-22T01:12:06,114.38,49.63
2026-08-22T01:12:07,114.46,49.71
2026-08-22T01:12:08,114.25,49.5
2026-08-22T01:12:09,114.65,49.9
2026-08-22T01:12:10,114.48,49.73
2026-08-22T01:12:11,114.04,49.29
2026-08-22T01:12:12,114.5,49.74
2026-08-22T01:12:13,114.48,49.73
2026-08-22T01:12:14,114.46,49.71
2026-08-22T01:12:15,114.13,49.38
2026-08-22T01:12:16,114.51,49.75
2026-08-22T01:12:17,113.92,49.18
2026-08-22T01:12:18,114.22,49.48
2026-08-22T01:12:19,114.44,49.69
2026-08-22T01:12:20,114.09,49.34
2026-08-22T01:12:21,114.35,49.6
2026-08-22T01:12:22,113.59,48.85
2026-08-22T01:12:23,114.11,49.37
2026-08-22T01:12:24,114.0,49.26
2026-08-22T01:12:25,114.34,49.59
2026-08-22T01:12:26,114.26,49.51
2026-08-22T01:12:27,113.55,48.81
2026-08-22T01:12:28,114.32,49.57
2026-08-22T01:12:29,114.06,49.32
2026-08-22T01:12:30,114.43,49.68
2026-08-22T01:12:31,114.9,50.14
2026-08-22T01:12:32,113.94,49.2
2026-08-22T01:12:33,114.91,50.16
2026-08-22T01:12:34,114.21,49.47
2026-08-22T01:12:35,114.24,49.49
2026-08-22T01:12:36,114.53,49.78
2026-08-22T01:12:37,114.56,49.8
2026-08-22T01:12:38,113.89,49.15
2026-08-22T01:12:39,114.43,49.68
2026-08-22T01:12:40,114.3,49.55
2026-08-22T01:12:41,114.99,50.23
2026-08-22T01:12:42,114.38,49.63
2026-08-22T01:12:43,114.72,49.96
2026-08-22T01:12:44,113.72,48.98
2026-08-22T01:12:45,114.5,49.75
2026-08-22T01:12:46,114.22,49.47
2026-08-22T01:12:47,114.38,49.63
2026-08-22T01:12:48,114.37,49.62
2026-08-22T01:12:49,114.58,49.83
2026-08-22T01:12:50,114.84,50.09
2026-08-22T01:12:51,114.59,49.84
2026-08-22T01:12:52,114.33,49.59
2026-08-22T01:12:53,114.68,49.93
2026-08-22T01:12:54,114.85,50.09
2026-08-22T01:12:55,114.0,49.26
2026-08-22T01:12:56,114.79,50.03
2026-08-22T01:12:57,114.15,49.41
2026-08-22T01:12:58,114.48,49.73
2026-08-22T01:12:59,115.02,50.26
2026-08-22T01:13:00,114.75,50.0
2026-08-22T01:13:01,114.32,49.57
2026-08-22T01:13:02,115.3,50.54
2026-08-22T01:13:03,114.73,49.98
2026-08-22T01:13:04,114.24,49.49
2026-08-22T01:13:05,114.56,49.81
2026-08-22T01:13:06,114.12,49.38
2026-08-22T01:13:07,114.43,49.68
2026-08-22T01:13:08,114.44,49.69
2026-08-22T01:13:09,114.1,49.36
2026-08-22T01:13:10,114.52,49.77
2026-08-22T01:13:11,114.78,50.02
2026-08-22T01:13:12,114.44,49.69
2026-08-22T01:13:13,114.58,49.83
2026-08-22T01:13:14,115.06,50.3
2026-08-22T01:13:15,114.82,50.07
2026-08-22T01:13:16,115.21,50.45
2026-08-22T01:13:17,114.97,50.22
2026-08-22T01:13:18,114.89,50.14
2026-08-22T01:13:19,115.01,50.26
2026-08-22T01:13:20,114.74,49.98
2026-08-22T01:13:21,114.78,50.03
2026-08-22T01:13:22,114.96,50.21
2026-08-22T01:13:23,114.68,49.93
2026-08-22T01:13:24,113.69,48.95
2026-08-22T01:13:25,114.75,50.0
2026-08-22T01:13:26,114.92,50.17
2026-08-22T01:13:27,114.7,49.95
2026-08-22T01:13:28,114.56,49.81
2026-08-22T01:13:29,114.33,49.58
2026-08-22T01:13:30,114.87,50.11
2026-08-22T01:13:31,114.58,49.83
2026-08-22T01:13:32,114.56,49.81
2026-08-22T01:13:33,114.09,49.34
2026-08-22T01:13:34,114.84,50.08
2026-08-22T01:13:35,114.45,49.7
2026-08-22T01:13:36,114.11,49.37
2026-08-22T01:13:37,114.61,49.86
2026-08-22T01:13:38,114.98,50.23
2026-08-22T01:13:39,114.45,49.7
2026-08-22T01:13:40,114.56,49.81
2026-08-22T01:13:41,114.52,49.77
2026-08-22T01:13:42,115.23,50.47
2026-08-22T01:13:43,114.86,50.1
2026-08-22T01:13:44,114.79,50.04
2026-08-22T01:13:45,114.42,49.67
2026-08-22T01:13:46,114.45,49.7
2026-08-22T01:13:47,115.11,50.35
2026-08-22T01:13:48,114.64,49.88
2026-08-22T01:13:49,114.42,49.67
2026-08-22T01:13:50,113.44,48.7
2026-08-22T01:13:51,114.74,49.98
2026-08-22T01:13:52,114.56,49.81
2026-08-22T01:13:53,114.3,49.55
2026-08-22T01:13:54,114.44,49.69
2026-08-22T01:13:55,114.34,49.59
2026-08-22T01:13:56,114.8,50.04
2026-08-22T01:13:57,113.89,49.15
2026-08-22T01:13:58,114.57,49.82
2026-08-22T01:13:59,114.33,49.58
2026-08-22T01:14:00,113.81,49.07
2026-08-22T01:14:01,114.07,49.32
2026-08-22T01:14:02,115.12,50.36
2026-08-22T01:14:03,114.4,49.65
2026-08-22T01:14:04,114.23,49.48
2026-08-22T01:14:05,113.87,49.13
2026-08-22T01:14:06,114.79,50.03
2026-08-22T01:14:07,114.29,49.55
2026-08-22T01:14:08,113.66,48.93
2026-08-22T01:14:09,114.79,50.04
2026-08-22T01:14:10,114.22,49.47
2026-08-22T01:14:11,114.12,49.38
2026-08-22T01:14:12,114.55,49.8
2026-08-22T01:14:13,114.66,49.91
2026-08-22T01:14:14,114.11,49.37
2026-08-22T01:14:15,115.15,50.39
2026-08-22T01:14:16,115.04,50.28
2026-08-22T01:14:17,114.52,49.77
2026-08-22T01:14:18,114.03,49.29
2026-08-22T01:14:19,114.24,49.49
2026-08-22T01:14:20,114.58,49.82
2026-08-22T01:14:21,114.16,49.41
2026-08-22T01:14:22,114.63,49.87
2026-08-22T01:14:23,114.42,49.67
2026-08-22T01:14:24,114.26,49.51
2026-08-22T01:14:25,114.52,49.77
2026-08-22T01:14:26,114.35,49.61
2026-08-22T01:14:27,113.98,49.24
2026-08-22T01:14:28,114.09,49.34
2026-08-22T01:14:29,113.99,49.25
2026-08-22T01:14:30,114.02,49.28
2026-08-22T01:14:31,114.78,50.03
2026-08-22T01:14:32,114.32,49.58
2026-08-22T01:14:33,113.62,48.89
2026-08-22T01:14:34,114.18,49.43
2026-08-22T01:14:35,114.48,49.73
2026-08-22T01:14:36,113.84,49.1
2026-08-22T01:14:37,114.47,49.72
2026-08-22T01:14:38,114.36,49.61
2026-08-22T01:14:39,114.53,49.78
2026-08-22T01:14:40,114.35,49.6
2026-08-22T01:14:41,113.97,49.23
2026-08-22T01:14:42,113.45,48.72
2026-08-22T01:14:43,114.07,49.32
2026-08-22T01:14:44,113.38,48.65
2026-08-22T01:14:45,114.11,49.36
2026-08-22T01:14:46,114.06,49.32
2026-08-22T01:14:47,113.8,49.06
2026-08-22T01:14:48,114.05,49.3
2026-08-22T01:14:49,114.2,49.45
2026-08-22T01:14:50,114.24,49.49
2026-08-22T01:14:51,114.84,50.09
2026-08-22T01:14:52,114.38,49.64
2026-08-22T01:14:53,114.52,49.76
2026-08-22T01:14:54,114.09,49.35
2026-08-22T01:14:55,113.55,48.81
2026-08-22T01:14:56,114.33,49.59
2026-08-22T01:14:57,114.6,49.84
2026-08-22T01:14:58,113.93,49.19
2026-08-22T01:14:59,114.66,49.9
2026-08-22T01:15:00,113.95,49.21
2026-08-22T01:15:01,114.07,49.33
2026-08-22T01:15:02,114.4,49.66
2026-08-22T01:15:03,113.82,49.08
2026-08-22T01:15:04,114.76,50.0
2026-08-22T01:15:05,114.42,49.67
2026-08-22T01:15:06,113.84,49.1
2026-08-22T01:15:07,113.99,49.25
2026-08-22T01:15:08,113.57,48.83
2026-08-22T01:15:09,114.07,49.32
2026-08-22T01:15:10,114.25,49.5
2026-08-22T01:15:11,114.42,49.67
2026-08-22T01:15:12,113.64,48.9
2026-08-22T01:15:13,114.3,49.55
2026-08-22T01:15:14,114.27,49.52
2026-08-22T01:15:15,113.59,48.86
2026-08-22T01:15:16,114.12,49.38
2026-08-22T01:15:17,114.2,49.46
2026-08-22T01:15:18,113.9,49.16
2026-08-22T01:15:19,114.08,49.34
2026-08-22T01:15:20,114.29,49.54
2026-08-22T01:15:21,114.38,49.63
2026-08-22T01:15:22,114.45,49.7
2026-08-22T01:15:23,114.88,50.12
2026-08-22T01:15:24,114.69,49.93
2026-08-22T01:15:25,114.24,49.49
2026-08-22T01:15:26,114.16,49.41
2026-08-22T01:15:27,114.19,49.44
2026-08-22T01:15:28,114.52,49.77
2026-08-22T01:15:29,113.74,49.0
2026-08-22T01:15:30,114.36,49.61
2026-08-22T01:15:31,114.85,50.1
2026-08-22T01:15:32,114.39,49.64
2026-08-22T01:15:33,114.31,49.56
2026-08-22T01:15:34,114.21,49.47
2026-08-22T01:15:35,113.76,49.02
2026-08-22T01:15:36,114.64,49.89
2026-08-22T01:15:37,114.27,49.53
2026-08-22T01:15:38,114.14,49.39
2026-08-22T01:15:39,113.8,49.06
2026-08-22T01:15:40,114.13,49.38
2026-08-22T01:15:41,115.18,50.42
2026-08-22T01:15:42,113.8,49.06
2026-08-22T01:15:43,114.46,49.71
2026-08-22T01:15:44,113.95,49.21
2026-08-22T01:15:45,114.47,49.72
2026-08-22T01:15:46,113.75,49.01
2026-08-22T01:15:47,113.7,48.96
2026-08-22T01:15:48,114.67,49.92
2026-08-22T01:15:49,114.7,49.95
2026-08-22T01:15:50,113.65,48.91
2026-08-22T01:15:51,113.85,49.11
2026-08-22T01:15:52,113.35,48.62
2026-08-22T01:15:53,114.02,49.28
2026-08-22T01:15:54,113.67,48.93
2026-08-22T01:15:55,114.01,49.27
2026-08-22T01:15:56,114.46,49.71
2026-08-22T01:15:57,114.25,49.5
2026-08-22T01:15:58,113.98,49.24
2026-08-22T01:15:59,113.9,49.16
2026-08-22T01:16:00,114.01,49.27
2026-08-22T01:16:01,113.84,49.1
2026-08-22T01:16:02,114.18,49.43
2026-08-22T01:16:03,113.8,49.05
2026-08-22T01:16:04,113.64,48.91
2026-08-22T01:16:05,114.28,49.54
2026-08-22T01:16:06,113.96,49.22
2026-08-22T01:16:07,114.33,49.58
2026-08-22T01:16:08,114.07,49.32
2026-08-22T01:16:09,114.57,49.82
2026-08-22T01:16:10,114.59,49.84
2026-08-22T01:16:11,115.03,50.27
2026-08-22T01:16:12,115.06,50.3
2026-08-22T01:16:13,115.48,50.72
2026-08-22T01:16:14,115.55,50.79
2026-08-22T01:16:15,116.51,51.73
2026-08-22T01:16:16,116.94,52.15
2026-08-22T01:16:17,118.71,53.9
2026-08-22T01:16:18,120.35,55.52
2026-08-22T01:16:19,122.7,57.83
2026-08-22T01:16:20,125.02,60.12
2026-08-22T01:16:21,127.33,62.4
2026-08-22T01:16:22,128.03,63.09
2026-08-22T01:16:23,125.24,60.34
2026-08-22T01:16:24,120.52,55.69
2026-08-22T01:16:25,118.08,53.28
2026-08-22T01:16:26,116.18,51.41
2026-08-22T01:16:27,115.32,50.55
2026-08-22T01:16:28,115.11,50.35
2026-08-22T01:16:29,114.66,49.91
2026-08-22T01:16:30,114.89,50.13
2026-08-22T01:16:31,114.24,49.49
2026-08-22T01:16:32,114.95,50.19
2026-08-22T01:16:33,114.02,49.28
2026-08-22T01:16:34,114.15,49.41
2026-08-22T01:16:35,114.24,49.49
2026-08-22T01:16:36,114.21,49.47
2026-08-22T01:16:37,113.82,49.08
2026-08-22T01:16:38,114.06,49.32
2026-08-22T01:16:39,114.04,49.29
2026-08-22T01:16:40,113.85,49.11
2026-08-22T01:16:41,114.4,49.66
2026-08-22T01:16:42,113.84,49.1
2026-08-22T01:16:43,114.65,49.9
2026-08-22T01:16:44,114.16,49.41
2026-08-22T01:16:45,114.35,49.61
2026-08-22T01:16:46,114.18,49.44
2026-08-22T01:16:47,114.17,49.43
2026-08-22T01:16:48,114.42,49.67
2026-08-22T01:16:49,114.04,49.29
2026-08-22T01:16:50,114.23,49.48
2026-08-22T01:16:51,113.9,49.16
2026-08-22T01:16:52,113.82,49.08
2026-08-22T01:16:53,114.11,49.36
2026-08-22T01:16:54,114.02,49.28
2026-08-22T01:16:55,113.18,48.45
2026-08-22T01:16:56,113.44,48.71
2026-08-22T01:16:57,114.06,49.31
2026-08-22T01:16:58,114.4,49.65
2026-08-22T01:16:59,113.57,48.83
2026-08-22T01:17:00,114.66,49.91
2026-08-22T01:17:01,113.64,48.9
2026-08-22T01:17:02,113.82,49.08
2026-08-22T01:17:03,113.93,49.18
2026-08-22T01:17:04,113.75,49.01
2026-08-22T01:17:05,113.9,49.16
2026-08-22T01:17:06,113.91,49.17
2026-08-22T01:17:07,113.56,48.83
2026-08-22T01:17:08,114.83,50.07
2026-08-22T01:17:09,114.15,49.41
2026-08-22T01:17:10,114.3,49.56
2026-08-22T01:17:11,114.33,49.58
2026-08-22T01:17:12,113.64,48.9
2026-08-22T01:17:13,113.81,49.07
2026-08-22T01:17:14,113.52,48.78
2026-08-22T01:17:15,114.07,49.32
2026-08-22T01:17:16,113.65,48.91
2026-08-22T01:17:17,113.82,49.08
2026-08-22T01:17:18,113.49,48.75
2026-08-22T01:17:19,114.4,49.65
2026-08-22T01:17:20,113.85,49.11
2026-08-22T01:17:21,114.05,49.3
2026-08-22T01:17:22,113.85,49.11
2026-08-22T01:17:23,114.39,49.64
2026-08-22T01:17:24,114.17,49.42
2026-08-22T01:17:25,114.46,49.71
2026-08-22T01:17:26,114.45,49.7
2026-08-22T01:17:27,114.24,49.49
2026-08-22T01:17:28,114.02,49.27
2026-08-22T01:17:29,114.22,49.47
2026-08-22T01:17:30,113.6,48.86
2026-08-22T01:17:31,114.47,49.72
2026-08-22T01:17:32,114.06,49.31
2026-08-22T01:17:33,114.46,49.71
2026-08-22T01:17:34,113.9,49.16
2026-08-22T01:17:35,114.97,50.21
2026-08-22T01:17:36,114.51,49.76
2026-08-22T01:17:37,114.79,50.03
2026-08-22T01:17:38,114.61,49.86
2026-08-22T01:17:39,114.35,49.6
2026-08-22T01:17:40,114.13,49.39
2026-08-22T01:17:41,114.48,49.73
2026-08-22T01:17:42,114.39,49.64
2026-08-22T01:17:43,114.29,49.54
2026-08-22T01:17:44,113.9,49.16
2026-08-22T01:17:45,114.41,49.66
2026-08-22T01:17:46,114.25,49.51
2026-08-22T01:17:47,114.02,49.27
2026-08-22T01:17:48,114.34,49.59
2026-08-22T01:17:49,113.85,49.1
2026-08-22T01:17:50,114.29,49.55
2026-08-22T01:17:51,114.33,49.58
2026-08-22T01:17:52,113.85,49.11
2026-08-22T01:17:53,113.87,49.13
2026-08-22T01:17:54,114.66,49.91
2026-08-22T01:17:55,113.96,49.22
2026-08-22T01:17:56,113.7,48.96
2026-08-22T01:17:57,114.02,49.27
2026-08-22T01:17:58,114.69,49.93
2026-08-22T01:17:59,114.95,50.19
2026-08-22T01:18:00,114.13,49.39
2026-08-22T01:18:01,114.56,49.81
2026-08-22T01:18:02,114.66,49.91
2026-08-22T01:18:03,114.15,49.4
2026-08-22T01:18:04,114.44,49.69
2026-08-22T01:18:05,114.18,49.44
2026-08-22T01:18:06,113.88,49.14
2026-08-22T01:18:07,114.4,49.65
2026-08-22T01:18:08,114.63,49.88
2026-08-22T01:18:09,115.11,50.35
2026-08-22T01:18:10,114.54,49.78
2026-08-22T01:18:11,114.12,49.38
2026-08-22T01:18:12,114.21,49.46
2026-08-22T01:18:13,114.61,49.86
2026-08-22T01:18:14,114.17,49.43
2026-08-22T01:18:15,114.82,50.06
2026-08-22T01:18:16,114.16,49.42
2026-08-22T01:18:17,114.38,49.64
2026-08-22T01:18:18,114.35,49.6
2026-08-22T01:18:19,114.52,49.77
2026-08-22T01:18:20,114.56,49.81
2026-08-22T01:18:21,114.1,49.36
2026-08-22T01:18:22,114.52,49.77
2026-08-22T01:18:23,113.92,49.18
2026-08-22T01:18:24,114.3,49.55
2026-08-22T01:18:25,114.34,49.59
2026-08-22T01:18:26,114.0,49.25
2026-08-22T01:18:27,114.5,49.75
2026-08-22T01:18:28,114.16,49.42
2026-08-22T01:18:29,114.33,49.58
2026-08-22T01:18:30,114.15,49.4
2026-08-22T01:18:31,114.78,50.02
2026-08-22T01:18:32,114.38,49.63
2026-08-22T01:18:33,114.68,49.92
2026-08-22T01:18:34,114.1,49.35
2026-08-22T01:18:35,114.46,49.71
2026-08-22T01:18:36,114.84,50.08
2026-08-22T01:18:37,114.24,49.49
2026-08-22T01:18:38,115.1,50.34
2026-08-22T01:18:39,114.15,49.4
2026-08-22T01:18:40,114.43,49.68
2026-08-22T01:18:41,115.07,50.31
2026-08-22T01:18:42,115.07,50.32
2026-08-22T01:18:43,115.05,50.29
2026-08-22T01:18:44,114.54,49.79
2026-08-22T01:18:45,113.93,49.19
2026-08-22T01:18:46,114.1,49.36
2026-08-22T01:18:47,114.28,49.54
2026-08-22T01:18:48,114.37,49.62
2026-08-22T01:18:49,114.82,50.07
2026-08-22T01:18:50,114.25,49.51
2026-08-22T01:18:51,114.31,49.56
2026-08-22T01:18:52,113.96,49.22
2026-08-22T01:18:53,113.91,49.17
2026-08-22T01:18:54,114.08,49.34
2026-08-22T01:18:55,113.86,49.11
2026-08-22T01:18:56,114.31,49.56
2026-08-22T01:18:57,114.38,49.63
2026-08-22T01:18:58,114.42,49.67
2026-08-22T01:18:59,114.27,49.53
2026-08-22T01:19:00,113.81,49.07
2026-08-22T01:19:01,114.99,50.23
2026-08-22T01:19:02,114.61,49.86
2026-08-22T01:19:03,114.82,50.07
2026-08-22T01:19:04,114.39,49.64
2026-08-22T01:19:05,114.2,49.45
2026-08-22T01:19:06,113.85,49.11
2026-08-22T01:19:07,114.75,49.99
2026-08-22T01:19:08,114.2,49.45
2026-08-22T01:19:09,114.88,50.12
2026-08-22T01:19:10,114.27,49.52
2026-08-22T01:19:11,114.79,50.04
2026-08-22T01:19:12,114.76,50.01
2026-08-22T01:19:13,114.46,49.71
2026-08-22T01:19:14,114.81,50.05
2026-08-22T01:19:15,114.38,49.64
2026-08-22T01:19:16,114.7,49.95
2026-08-22T01:19:17,114.72,49.97
2026-08-22T01:19:18,114.37,49.62
2026-08-22T01:19:19,114.66,49.91
2026-08-22T01:19:20,114.53,49.78
2026-08-22T01:19:21,114.34,49.59
2026-08-22T01:19:22,114.12,49.37
2026-08-22T01:19:23,114.02,49.28
2026-08-22T01:19:24,114.55,49.8
2026-08-22T01:19:25,113.98,49.24
2026-08-22T01:19:26,114.16,49.42
2026-08-22T01:19:27,114.67,49.92
2026-08-22T01:19:28,114.2,49.45
2026-08-22T01:19:29,114.29,49.54
2026-08-22T01:19:30,114.37,49.62
2026-08-22T01:19:31,114.21,49.47
2026-08-22T01:19:32,113.86,49.12
2026-08-22T01:19:33,114.33,49.58
2026-08-22T01:19:34,114.67,49.91
2026-08-22T01:19:35,114.29,49.54
2026-08-22T01:19:36,114.44,49.69
2026-08-22T01:19:37,114.54,49.79
2026-08-22T01:19:38,114.39,49.64
2026-08-22T01:19:39,114.67,49.92
2026-08-22T01:19:40,114.33,49.58
2026-08-22T01:19:41,114.28,49.53
2026-08-22T01:19:42,114.74,49.98
2026-08-22T01:19:43,114.75,50.0
2026-08-22T01:19:44,114.45,49.7
2026-08-22T01:19:45,114.34,49.59
2026-08-22T01:19:46,114.56,49.81
2026-08-22T01:19:47,114.72,49.96
2026-08-22T01:19:48,114.95,50.19
2026-08-22T01:19:49,114.6,49.85
2026-08-22T01:19:50,114.26,49.51
2026-08-22T01:19:51,114.04,49.3
2026-08-22T01:19:52,114.53,49.78
2026-08-22T01:19:53,114.26,49.52
2026-08-22T01:19:54,114.41,49.66
2026-08-22T01:19:55,114.51,49.75
2026-08-22T01:19:56,114.97,50.21
2026-08-22T01:19:57,114.68,49.92
2026-08-22T01:19:58,114.32,49.57
2026-08-22T01:19:59,115.08,50.32
2026-08-22T01:20:00,114.5,49.75
2026-08-22T01:20:01,115.08,50.32
2026-08-22T01:20:02,114.82,50.07
2026-08-22T01:20:03,114.68,49.93
2026-08-22T01:20:04,114.81,50.06
2026-08-22T01:20:05,114.82,50.06
2026-08-22T01:20:06,114.63,49.88
2026-08-22T01:20:07,114.79,50.03
2026-08-22T01:20:08,115.52,50.75
2026-08-22T01:20:09,114.54,49.79
2026-08-22T01:20:10,115.97,51.2
2026-08-22T01:20:11,115.02,50.26
2026-08-22T01:20:12,114.8,50.04
2026-08-22T01:20:13,114.83,50.08
2026-08-22T01:20:14,115.4,50.64
2026-08-22T01:20:15,115.02,50.26
2026-08-22T01:20:16,114.96,50.2
2026-08-22T01:20:17,115.45,50.69
2026-08-22T01:20:18,115.25,50.48
2026-08-22T01:20:19,116.02,51.25
2026-08-22T01:20:20,115.87,51.1
2026-08-22T01:20:21,116.25,51.47
2026-08-22T01:20:22,116.35,51.57
2026-08-22T01:20:23,116.63,51.85
2026-08-22T01:20:24,115.26,50.5
2026-08-22T01:20:25,115.19,50.43
2026-08-22T01:20:26,115.72,50.95
2026-08-22T01:20:27,115.75,50.98
2026-08-22T01:20:28,115.98,51.21
2026-08-22T01:20:29,115.4,50.64
2026-08-22T01:20:30,115.61,50.84
2026-08-22T01:20:31,116.18,51.41
2026-08-22T01:20:32,116.53,51.75
2026-08-22T01:20:33,117.44,52.65
2026-08-22T01:20:34,119.76,54.94
2026-08-22T01:20:35,119.08,54.27
2026-08-22T01:20:36,122.23,57.37
2026-08-22T01:20:37,122.61,57.74
2026-08-22T01:20:38,126.43,61.51
2026-08-22T01:20:39,126.73,61.81
2026-08-22T01:20:40,126.09,61.18
2026-08-22T01:20:41,121.92,57.06
2026-08-22T01:20:42,117.44,52.65
2026-08-22T01:20:43,115.91,51.14
2026-08-22T01:20:44,114.62,49.87
2026-08-22T01:20:45,115.43,50.67
2026-08-22T01:20:46,114.81,50.05
2026-08-22T01:20:47,114.56,49.8
2026-08-22T01:20:48,113.75,49.01
2026-08-22T01:20:49,114.64,49.88
2026-08-22T01:20:50,114.73,49.98
2026-08-22T01:20:51,113.93,49.19
2026-08-22T01:20:52,113.59,48.85
2026-08-22T01:20:53,114.8,50.05
2026-08-22T01:20:54,113.97,49.22
2026-08-22T01:20:55,114.65,49.9
2026-08-22T01:20:56,114.47,49.72
2026-08-22T01:20:57,114.49,49.74
2026-08-22T01:20:58,114.83,50.07
2026-08-22T01:20:59,114.92,50.16
2026-08-22T01:21:00,114.65,49.89
2026-08-22T01:21:01,114.22,49.48
2026-08-22T01:21:02,114.44,49.69
2026-08-22T01:21:03,114.39,49.65
2026-08-22T01:21:04,114.64,49.88
2026-08-22T01:21:05,114.16,49.42
2026-08-22T01:21:06,114.44,49.69
2026-08-22T01:21:07,114.51,49.76
2026-08-22T01:21:08,114.54,49.79
2026-08-22T01:21:09,114.15,49.4
2026-08-22T01:21:10,114.65,49.89
2026-08-22T01:21:11,115.3,50.53
2026-08-22T01:21:12,114.33,49.58
2026-08-22T01:21:13,114.3,49.55
2026-08-22T01:21:14,114.42,49.67
2026-08-22T01:21:15,114.28,49.53
2026-08-22T01:21:16,114.0,49.26
2026-08-22T01:21:17,114.24,49.5
2026-08-22T01:21:18,114.87,50.11
2026-08-22T01:21:19,114.59,49.84
2026-08-22T01:21:20,114.29,49.54
2026-08-22T01:21:21,114.24,49.49
2026-08-22T01:21:22,114.52,49.77
2026-08-22T01:21:23,114.55,49.8
2026-08-22T01:21:24,114.95,50.19
2026-08-22T01:21:25,114.44,49.69
2026-08-22T01:21:26,114.5,49.74
2026-08-22T01:21:27,114.54,49.79
2026-08-22T01:21:28,114.26,49.51
2026-08-22T01:21:29,114.2,49.46
2026-08-22T01:21:30,114.29,49.54
2026-08-22T01:21:31,113.97,49.23
2026-08-22T01:21:32,114.15,49.4
2026-08-22T01:21:33,114.27,49.52
2026-08-22T01:21:34,114.04,49.29
2026-08-22T01:21:35,114.58,49.83
2026-08-22T01:21:36,114.06,49.31
2026-08-22T01:21:37,114.18,49.44
2026-08-22T01:21:38,114.78,50.02
2026-08-22T01:21:39,113.88,49.13
2026-08-22T01:21:40,114.57,49.82
2026-08-22T01:21:41,114.52,49.77
2026-08-22T01:21:42,114.67,49.92
2026-08-22T01:21:43,114.0,49.25
2026-08-22T01:21:44,114.31,49.56
2026-08-22T01:21:45,114.22,49.47
2026-08-22T01:21:46,114.34,49.6
2026-08-22T01:21:47,114.95,50.19
2026-08-22T01:21:48,114.47,49.72
2026-08-22T01:21:49,114.33,49.58
2026-08-22T01:21:50,114.69,49.94
2026-08-22T01:21:51,115.0,50.24
2026-08-22T01:21:52,114.66,49.9
2026-08-22T01:21:53,114.89,50.13
2026-08-22T01:21:54,114.72,49.96
2026-08-22T01:21:55,114.04,49.3
2026-08-22T01:21:56,114.63,49.87
2026-08-22T01:21:57,113.9,49.16
2026-08-22T01:21:58,114.77,50.02
2026-08-22T01:21:59,114.12,49.37
2026-08-22T01:22:00,113.99,49.25
2026-08-22T01:22:01,113.69,48.95
2026-08-22T01:22:02,114.12,49.38
2026-08-22T01:22:03,113.98,49.23
2026-08-22T01:22:04,114.15,49.41
2026-08-22T01:22:05,114.05,49.31
2026-08-22T01:22:06,114.61,49.85
2026-08-22T01:22:07,114.16,49.41
2026-08-22T01:22:08,114.03,49.28
2026-08-22T01:22:09,113.81,49.07
2026-08-22T01:22:10,114.29,49.54
2026-08-22T01:22:11,113.81,49.07
2026-08-22T01:22:12,114.56,49.81
2026-08-22T01:22:13,116.02,51.25
2026-08-22T01:22:14,117.44,52.65
2026-08-22T01:22:15,115.81,51.04
2026-08-22T01:22:16,114.76,50.0
2026-08-22T01:22:17,114.9,50.15
2026-08-22T01:22:18,114.6,49.85
2026-08-22T01:22:19,114.04,49.29
2026-08-22T01:22:20,114.08,49.33
2026-08-22T01:22:21,113.62,48.89
2026-08-22T01:22:22,114.35,49.61
2026-08-22T01:22:23,114.15,49.41
2026-08-22T01:22:24,114.84,50.09
2026-08-22T01:22:25,115.99,51.22
2026-08-22T01:22:26,120.18,55.35
2026-08-22T01:22:27,121.16,56.32
2026-08-22T01:22:28,119.41,54.59
2026-08-22T01:22:29,120.12,55.29
2026-08-22T01:22:30,118.84,54.03
2026-08-22T01:22:31,115.79,51.02
2026-08-22T01:22:32,115.44,50.67
2026-08-22T01:22:33,114.91,50.15
2026-08-22T01:22:34,115.15,50.39
2026-08-22T01:22:35,114.77,50.02
2026-08-22T01:22:36,115.66,50.89
2026-08-22T01:22:37,116.13,51.36
2026-08-22T01:22:38,118.09,53.28
2026-08-22T01:22:39,119.22,54.4
2026-08-22T01:22:40,121.85,56.99
2026-08-22T01:22:41,123.67,58.79
2026-08-22T01:22:42,123.81,58.93
2026-08-22T01:22:43,125.82,60.91
2026-08-22T01:22:44,123.78,58.9
2026-08-22T01:22:45,122.81,57.94
2026-08-22T01:22:46,119.57,54.75
2026-08-22T01:22:47,116.41,51.64
2026-08-22T01:22:48,115.85,51.08
2026-08-22T01:22:49,115.64,50.87
2026-08-22T01:22:50,115.53,50.76
2026-08-22T01:22:51,116.14,51.37
2026-08-22T01:22:52,116.03,51.26
2026-08-22T01:22:53,115.27,50.5
2026-08-22T01:22:54,115.23,50.47
2026-08-22T01:22:55,115.54,50.77
2026-08-22T01:22:56,115.03,50.27
2026-08-22T01:22:57,115.29,50.53
2026-08-22T01:22:58,114.91,50.16
2026-08-22T01:22:59,114.7,49.94
2026-08-22T01:23:00,115.47,50.7
2026-08-22T01:23:01,114.7,49.95
2026-08-22T01:23:02,114.62,49.87
2026-08-22T01:23:03,114.72,49.97
2026-08-22T01:23:04,114.15,49.41
2026-08-22T01:23:05,114.25,49.5
2026-08-22T01:23:06,114.08,49.33
2026-08-22T01:23:07,114.3,49.55
2026-08-22T01:23:08,114.47,49.72
2026-08-22T01:23:09,114.74,49.99
2026-08-22T01:23:10,114.62,49.87
2026-08-22T01:23:11,114.31,49.56
2026-08-22T01:23:12,114.87,50.12
2026-08-22T01:23:13,114.43,49.68
2026-08-22T01:23:14,115.2,50.43
2026-08-22T01:23:15,114.56,49.81
2026-08-22T01:23:16,114.64,49.89
2026-08-22T01:23:17,115.01,50.25
2026-08-22T01:23:18,115.1,50.34
2026-08-22T01:23:19,114.26,49.51
2026-08-22T01:23:20,114.54,49.79
2026-08-22T01:23:21,113.97,49.23
2026-08-22T01:23:22,114.23,49.48
2026-08-22T01:23:23,114.82,50.07
2026-08-22T01:23:24,114.69,49.94
2026-08-22T01:23:25,114.85,50.09
2026-08-22T01:23:26,115.33,50.56
2026-08-22T01:23:27,114.63,49.88
2026-08-22T01:23:28,114.91,50.16
2026-08-22T01:23:29,115.13,50.37
2026-08-22T01:23:30,114.91,50.15
2026-08-22T01:23:31,115.35,50.59
2026-08-22T01:23:32,115.61,50.84
2026-08-22T01:23:33,115.94,51.17
2026-08-22T01:23:34,116.34,51.56
2026-08-22T01:23:35,118.05,53.24
2026-08-22T01:23:36,120.5,55.66
2026-08-22T01:23:37,122.37,57.51
2026-08-22T01:23:38,123.62,58.74
2026-08-22T01:23:39,124.32,59.43
2026-08-22T01:23:40,124.05,59.17
2026-08-22T01:23:41,121.3,56.45
2026-08-22T01:23:42,118.91,54.1
2026-08-22T01:23:43,117.42,52.63
2026-08-22T01:23:44,116.77,51.98
2026-08-22T01:23:45,115.93,51.15
2026-08-22T01:23:46,117.47,52.68
2026-08-22T01:23:47,115.65,50.88
2026-08-22T01:23:48,115.53,50.77
2026-08-22T01:23:49,115.04,50.28
2026-08-22T01:23:50,115.13,50.37
2026-08-22T01:23:51,114.21,49.47
2026-08-22T01:23:52,114.35,49.61
2026-08-22T01:23:53,114.44,49.69
2026-08-22T01:23:54,114.88,50.13
2026-08-22T01:23:55,115.03,50.28
2026-08-22T01:23:56,114.19,49.44
2026-08-22T01:23:57,114.57,49.82
2026-08-22T01:23:58,114.72,49.97
2026-08-22T01:23:59,114.0,49.25
2026-08-22T01:24:00,114.25,49.51
2026-08-22T01:24:01,115.03,50.27
2026-08-22T01:24:02,114.15,49.4
2026-08-22T01:24:03,114.24,49.49
2026-08-22T01:24:04,114.25,49.5
2026-08-22T01:24:05,114.18,49.43
2026-08-22T01:24:06,114.25,49.5
2026-08-22T01:24:07,114.12,49.38
2026-08-22T01:24:08,114.18,49.43
2026-08-22T01:24:09,114.58,49.82
2026-08-22T01:24:10,113.97,49.23
2026-08-22T01:24:11,114.41,49.66
2026-08-22T01:24:12,113.66,48.93
2026-08-22T01:24:13,113.98,49.24
2026-08-22T01:24:14,114.19,49.44
2026-08-22T01:24:15,114.34,49.59
2026-08-22T01:24:16,114.13,49.38
2026-08-22T01:24:17,114.32,49.57
2026-08-22T01:24:18,114.89,50.13
2026-08-22T01:24:19,114.84,50.08
2026-08-22T01:24:20,114.14,49.4
2026-08-22T01:24:21,114.79,50.04
2026-08-22T01:24:22,114.13,49.39
2026-08-22T01:24:23,114.3,49.55
2026-08-22T01:24:24,114.28,49.53
2026-08-22T01:24:25,114.71,49.96
2026-08-22T01:24:26,114.61,49.86
2026-08-22T01:24:27,114.86,50.1
2026-08-22T01:24:28,114.64,49.89
2026-08-22T01:24:29,114.5,49.75
2026-08-22T01:24:30,114.58,49.83
2026-08-22T01:24:31,114.31,49.56
2026-08-22T01:24:32,114.44,49.69
2026-08-22T01:24:33,114.74,49.98
2026-08-22T01:24:34,114.58,49.83
2026-08-22T01:24:35,114.32,49.58
2026-08-22T01:24:36,114.36,49.61
2026-08-22T01:24:37,114.34,49.59
2026-08-22T01:24:38,114.65,49.9
2026-08-22T01:24:39,114.48,49.73
2026-08-22T01:24:40,115.01,50.25
2026-08-22T01:24:41,114.52,49.77
2026-08-22T01:24:42,114.93,50.18
2026-08-22T01:24:43,113.91,49.17
2026-08-22T01:24:44,113.85,49.1
2026-08-22T01:24:45,113.91,49.17
2026-08-22T01:24:46,114.22,49.48
2026-08-22T01:24:47,113.84,49.1
2026-08-22T01:24:48,114.63,49.88
2026-08-22T01:24:49,114.17,49.43
2026-08-22T01:24:50,114.25,49.5
2026-08-22T01:24:51,114.2,49.45
2026-08-22T01:24:52,114.02,49.28
2026-08-22T01:24:53,114.43,49.68
2026-08-22T01:24:54,114.21,49.46
2026-08-22T01:24:55,114.47,49.72
2026-08-22T01:24:56,114.54,49.79
2026-08-22T01:24:57,114.33,49.58
2026-08-22T01:24:58,114.36,49.61
2026-08-22T01:24:59,113.93,49.19
2026-08-22T01:25:00,114.05,49.31
2026-08-22T01:25:01,114.37,49.62
2026-08-22T01:25:02,113.93,49.18
2026-08-22T01:25:03,114.35,49.6
2026-08-22T01:25:04,114.24,49.5
2026-08-22T01:25:05,114.33,49.58
2026-08-22T01:25:06,114.88,50.13
2026-08-22T01:25:07,114.47,49.72
2026-08-22T01:25:08,114.55,49.8
2026-08-22T01:25:09,115.16,50.4
2026-08-22T01:25:10,114.3,49.56
2026-08-22T01:25:11,114.18,49.43
2026-08-22T01:25:12,114.5,49.75
2026-08-22T01:25:13,114.34,49.59
2026-08-22T01:25:14,115.05,50.29
2026-08-22T01:25:15,115.88,51.11
2026-08-22T01:25:16,114.45,49.7
2026-08-22T01:25:17,113.82,49.08
2026-08-22T01:25:18,114.56,49.81
2026-08-22T01:25:19,114.88,50.12
2026-08-22T01:25:20,115.02,50.26
2026-08-22T01:25:21,114.71,49.95
2026-08-22T01:25:22,114.86,50.11
2026-08-22T01:25:23,115.05,50.3
2026-08-22T01:25:24,115.56,50.79
2026-08-22T01:25:25,116.54,51.76
2026-08-22T01:25:26,116.85,52.07
2026-08-22T01:25:27,118.56,53.75
2026-08-22T01:25:28,119.18,54.37
2026-08-22T01:25:29,123.01,58.14
2026-08-22T01:25:30,125.85,60.94
2026-08-22T01:25:31,127.17,62.24
2026-08-22T01:25:32,129.72,64.75
2026-08-22T01:25:33,129.38,64.42
2026-08-22T01:25:34,127.49,62.56
2026-08-22T01:25:35,126.75,61.83
2026-08-22T01:25:36,121.61,56.76
2026-08-22T01:25:37,120.3,55.47
2026-08-22T01:25:38,118.7,53.89
2026-08-22T01:25:39,118.31,53.51
2026-08-22T01:25:40,117.94,53.14
2026-08-22T01:25:41,117.4,52.61
2026-08-22T01:25:42,115.5,50.74
2026-08-22T01:25:43,115.29,50.53
2026-08-22T01:25:44,115.0,50.24
2026-08-22T01:25:45,114.65,49.9
2026-08-22T01:25:46,114.76,50.0
2026-08-22T01:25:47,115.15,50.39
2026-08-22T01:25:48,114.79,50.03
2026-08-22T01:25:49,115.82,51.05
2026-08-22T01:25:50,115.21,50.45
2026-08-22T01:25:51,115.1,50.34
2026-08-22T01:25:52,115.1,50.34
2026-08-22T01:25:53,115.06,50.3
2026-08-22T01:25:54,114.59,49.84
2026-08-22T01:25:55,115.14,50.38
2026-08-22T01:25:56,114.42,49.67
2026-08-22T01:25:57,114.76,50.01
2026-08-22T01:25:58,114.57,49.82
2026-08-22T01:25:59,114.95,50.19
2026-08-22T01:26:00,114.32,49.57
2026-08-22T01:26:01,114.16,49.42
2026-08-22T01:26:02,113.86,49.12
2026-08-22T01:26:03,114.72,49.96
2026-08-22T01:26:04,114.19,49.44
2026-08-22T01:26:05,114.32,49.57
2026-08-22T01:26:06,114.66,49.91
2026-08-22T01:26:07,114.19,49.44
2026-08-22T01:26:08,114.17,49.42
2026-08-22T01:26:09,113.99,49.25
2026-08-22T01:26:10,114.32,49.58
2026-08-22T01:26:11,114.42,49.67
2026-08-22T01:26:12,114.43,49.68
2026-08-22T01:26:13,113.96,49.22
2026-08-22T01:26:14,114.52,49.77
2026-08-22T01:26:15,114.79,50.03
2026-08-22T01:26:16,113.96,49.22
2026-08-22T01:26:17,114.01,49.26
2026-08-22T01:26:18,113.51,48.77
2026-08-22T01:26:19,113.82,49.08
2026-08-22T01:26:20,114.15,49.41
2026-08-22T01:26:21,114.06,49.32
2026-08-22T01:26:22,114.52,49.77
2026-08-22T01:26:23,114.54,49.79
2026-08-22T01:26:24,114.77,50.02
2026-08-22T01:26:25,113.66,48.92
2026-08-22T01:26:26,114.23,49.48
2026-08-22T01:26:27,113.78,49.04
2026-08-22T01:26:28,114.16,49.42
2026-08-22T01:26:29,114.07,49.32
2026-08-22T01:26:30,114.25,49.5
2026-08-22T01:26:31,114.32,49.57
2026-08-22T01:26:32,114.41,49.66
2026-08-22T01:26:33,114.12,49.37
2026-08-22T01:26:34,114.34,49.59
2026-08-22T01:26:35,114.62,49.86
2026-08-22T01:26:36,115.17,50.41
2026-08-22T01:26:37,115.01,50.25
2026-08-22T01:26:38,115.47,50.71
2026-08-22T01:26:39,115.73,50.97
2026-08-22T01:26:40,115.69,50.92
2026-08-22T01:26:41,114.85,50.1
2026-08-22T01:26:42,115.28,50.52
2026-08-22T01:26:43,114.9,50.14
2026-08-22T01:26:44,114.13,49.39
2026-08-22T01:26:45,114.26,49.51
2026-08-22T01:26:46,114.13,49.39
2026-08-22T01:26:47,114.36,49.61
2026-08-22T01:26:48,114.49,49.74
2026-08-22T01:26:49,114.59,49.84
2026-08-22T01:26:50,114.53,49.78
2026-08-22T01:26:51,114.57,49.82
2026-08-22T01:26:52,114.24,49.49
2026-08-22T01:26:53,114.73,49.98
2026-08-22T01:26:54,114.68,49.93
2026-08-22T01:26:55,115.27,50.51
2026-08-22T01:26:56,115.31,50.54
2026-08-22T01:26:57,116.47,51.69
2026-08-22T01:26:58,117.26,52.47
2026-08-22T01:26:59,120.27,55.44
2026-08-22T01:27:00,121.26,56.42
2026-08-22T01:27:01,124.79,59.9
2026-08-22T01:27:02,126.18,61.26
2026-08-22T01:27:03,128.28,63.34
2026-08-22T01:27:04,122.8,57.93
2026-08-22T01:27:05,118.89,54.08
2026-08-22T01:27:06,116.91,52.12
2026-08-22T01:27:07,115.29,50.53
2026-08-22T01:27:08,115.17,50.41
2026-08-22T01:27:09,114.67,49.92
2026-08-22T01:27:10,115.33,50.56
2026-08-22T01:27:11,114.77,50.02
2026-08-22T01:27:12,114.47,49.72
2026-08-22T01:27:13,114.43,49.68
2026-08-22T01:27:14,114.47,49.72
2026-08-22T01:27:15,114.67,49.92
2026-08-22T01:27:16,114.92,50.16
2026-08-22T01:27:17,114.58,49.83
2026-08-22T01:27:18,114.63,49.88
2026-08-22T01:27:19,114.64,49.88
2026-08-22T01:27:20,114.04,49.3
2026-08-22T01:27:21,113.75,49.01
2026-08-22T01:27:22,114.52,49.77
2026-08-22T01:27:23,115.23,50.46
2026-08-22T01:27:24,114.96,50.2
2026-08-22T01:27:25,114.52,49.77
2026-08-22T01:27:26,114.77,50.01
2026-08-22T01:27:27,114.85,50.09
2026-08-22T01:27:28,114.0,49.26
2026-08-22T01:27:29,114.97,50.22
2026-08-22T01:27:30,115.68,50.91
2026-08-22T01:27:31,115.55,50.78
2026-08-22T01:27:32,116.11,51.33
2026-08-22T01:27:33,117.82,53.02
2026-08-22T01:27:34,119.91,55.08
2026-08-22T01:27:35,122.8,57.93
2026-08-22T01:27:36,124.89,59.99
2026-08-22T01:27:37,128.38,63.43
2026-08-22T01:27:38,129.32,64.36
2026-08-22T01:27:39,126.3,61.39
2026-08-22T01:27:40,121.15,56.3
2026-08-22T01:27:41,117.89,53.09
2026-08-22T01:27:42,116.33,51.55
2026-08-22T01:27:43,115.59,50.82
2026-08-22T01:27:44,114.95,50.19
2026-08-22T01:27:45,115.38,50.62
2026-08-22T01:27:46,114.1,49.35
2026-08-22T01:27:47,114.34,49.59
2026-08-22T01:27:48,114.33,49.58
2026-08-22T01:27:49,114.46,49.71
2026-08-22T01:27:50,113.87,49.13
2026-08-22T01:27:51,113.7,48.96
2026-08-22T01:27:52,113.87,49.13
2026-08-22T01:27:53,113.85,49.11
2026-08-22T01:27:54,114.1,49.36
2026-08-22T01:27:55,114.1,49.36
2026-08-22T01:27:56,114.04,49.3
2026-08-22T01:27:57,114.21,49.47
2026-08-22T01:27:58,114.49,49.74
2026-08-22T01:27:59,114.15,49.4
2026-08-22T01:28:00,114.56,49.81
2026-08-22T01:28:01,114.44,49.69
2026-08-22T01:28:02,114.71,49.95
2026-08-22T01:28:03,114.07,49.33
2026-08-22T01:28:04,113.87,49.13
2026-08-22T01:28:05,114.75,50.0
2026-08-22T01:28:06,114.72,49.96
2026-08-22T01:28:07,114.07,49.32
2026-08-22T01:28:08,114.25,49.51
2026-08-22T01:28:09,114.11,49.37
2026-08-22T01:28:10,114.3,49.55
2026-08-22T01:28:11,113.83,49.09
2026-08-22T01:28:12,114.1,49.36
2026-08-22T01:28:13,114.28,49.53
2026-08-22T01:28:14,114.41,49.66
2026-08-22T01:28:15,114.74,49.99
2026-08-22T01:28:16,114.47,49.72
2026-08-22T01:28:17,114.21,49.46
2026-08-22T01:28:18,114.14,49.39
2026-08-22T01:28:19,114.35,49.6
2026-08-22T01:28:20,114.25,49.51
2026-08-22T01:28:21,114.04,49.3
2026-08-22T01:28:22,114.4,49.65
2026-08-22T01:28:23,114.58,49.82
2026-08-22T01:28:24,113.96,49.22
2026-08-22T01:28:25,114.31,49.56
2026-08-22T01:28:26,114.47,49.72
2026-08-22T01:28:27,114.47,49.72
2026-08-22T01:28:28,114.18,49.44
2026-08-22T01:28:29,114.68,49.93
2026-08-22T01:28:30,114.17,49.43
2026-08-22T01:28:31,114.42,49.67
2026-08-22T01:28:32,113.85,49.11
2026-08-22T01:28:33,114.56,49.81
2026-08-22T01:28:34,113.92,49.18
2026-08-22T01:28:35,113.99,49.25
2026-08-22T01:28:36,114.48,49.73
2026-08-22T01:28:37,113.8,49.06
2026-08-22T01:28:38,114.15,49.4
2026-08-22T01:28:39,114.48,49.73
2026-08-22T01:28:40,114.36,49.62
2026-08-22T01:28:41,114.0,49.25
2026-08-22T01:28:42,114.23,49.48
2026-08-22T01:28:43,114.15,49.4
2026-08-22T01:28:44,114.35,49.6
2026-08-22T01:28:45,114.5,49.75
2026-08-22T01:28:46,114.48,49.73
2026-08-22T01:28:47,113.8,49.06
2026-08-22T01:28:48,113.88,49.14
2026-08-22T01:28:49,114.0,49.26
2026-08-22T01:28:50,114.57,49.82
2026-08-22T01:28:51,113.37,48.63
2026-08-22T01:28:52,114.36,49.61
2026-08-22T01:28:53,114.51,49.76
2026-08-22T01:28:54,114.59,49.84
2026-08-22T01:28:55,114.47,49.72
2026-08-22T01:28:56,114.71,49.96
2026-08-22T01:28:57,115.06,50.3
2026-08-22T01:28:58,115.48,50.72
2026-08-22T01:28:59,115.73,50.96
2026-08-22T01:29:00,117.17,52.38
2026-08-22T01:29:01,119.99,55.16
2026-08-22T01:29:02,122.53,57.66
2026-08-22T01:29:03,126.74,61.82
2026-08-22T01:29:04,128.77,63.82
2026-08-22T01:29:05,130.03,65.06
2026-08-22T01:29:06,122.85,57.98
2026-08-22T01:29:07,119.97,55.14
2026-08-22T01:29:08,117.01,52.23
2026-08-22T01:29:09,115.94,51.17
2026-08-22T01:29:10,115.28,50.51
2026-08-22T01:29:11,115.13,50.37
2026-08-22T01:29:12,114.17,49.43
2026-08-22T01:29:13,114.12,49.38
2026-08-22T01:29:14,113.81,49.07
2026-08-22T01:29:15,114.91,50.16
2026-08-22T01:29:16,113.82,49.08
2026-08-22T01:29:17,113.88,49.14
2026-08-22T01:29:18,114.22,49.48
2026-08-22T01:29:19,114.48,49.73
2026-08-22T01:29:20,114.38,49.63
2026-08-22T01:29:21,113.46,48.73
2026-08-22T01:29:22,114.34,49.6
2026-08-22T01:29:23,114.59,49.84
2026-08-22T01:29:24,114.39,49.64
2026-08-22T01:29:25,114.48,49.73
2026-08-22T01:29:26,114.57,49.82
2026-08-22T01:29:27,114.32,49.57
2026-08-22T01:29:28,114.36,49.61
2026-08-22T01:29:29,114.23,49.48
2026-08-22T01:29:30,114.18,49.43
2026-08-22T01:29:31,114.05,49.3
2026-08-22T01:29:32,114.48,49.73
2026-08-22T01:29:33,114.53,49.78
2026-08-22T01:29:34,114.37,49.62
2026-08-22T01:29:35,114.55,49.8
2026-08-22T01:29:36,115.79,51.02
2026-08-22T01:29:37,124.08,59.2
2026-08-22T01:29:38,115.15,50.39
2026-08-22T01:29:39,114.82,50.06
2026-08-22T01:29:40,114.0,49.26
2026-08-22T01:29:41,114.02,49.28
2026-08-22T01:29:42,114.18,49.43
2026-08-22T01:29:43,115.31,50.55
2026-08-22T01:29:44,114.58,49.83
2026-08-22T01:29:45,114.41,49.66
2026-08-22T01:29:46,114.27,49.52
2026-08-22T01:29:47,114.41,49.66
2026-08-22T01:29:48,114.54,49.79
2026-08-22T01:29:49,113.78,49.04
2026-08-22T01:29:50,114.42,49.67
2026-08-22T01:29:51,114.25,49.5
2026-08-22T01:29:52,114.19,49.44
2026-08-22T01:29:53,114.0,49.25
2026-08-22T01:29:54,113.83,49.09
2026-08-22T01:29:55,114.0,49.26
2026-08-22T01:29:56,114.58,49.83
2026-08-22T01:29:57,114.24,49.49
2026-08-22T01:29:58,114.45,49.7
2026-08-22T01:29:59,113.85,49.11
2026-08-22T01:30:00,114.7,49.95
2026-08-22T01:30:01,114.99,50.23
2026-08-22T01:30:02,114.76,50.01
2026-08-22T01:30:03,114.6,49.84
2026-08-22T01:30:04,113.97,49.23
2026-08-22T01:30:05,113.9,49.16
2026-08-22T01:30:06,114.71,49.96
2026-08-22T01:30:07,114.69,49.93
2026-08-22T01:30:08,116.53,51.75
2026-08-22T01:30:09,116.83,52.05
2026-08-22T01:30:10,115.9,51.13
2026-08-22T01:30:11,116.34,51.57
2026-08-22T01:30:12,117.01,52.23
2026-08-22T01:30:13,115.69,50.93
2026-08-22T01:30:14,115.05,50.29
2026-08-22T01:30:15,114.93,50.17
2026-08-22T01:30:16,115.07,50.32
2026-08-22T01:30:17,115.06,50.3
2026-08-22T01:30:18,114.97,50.21
2026-08-22T01:30:19,114.52,49.77
2026-08-22T01:30:20,114.97,50.21
2026-08-22T01:30:21,114.45,49.7
2026-08-22T01:30:22,114.92,50.16
2026-08-22T01:30:23,114.56,49.81
2026-08-22T01:30:24,114.68,49.93
2026-08-22T01:30:25,114.89,50.14
2026-08-22T01:30:26,115.97,51.19
2026-08-22T01:30:27,116.35,51.58
2026-08-22T01:30:28,117.51,52.72
2026-08-22T01:30:29,119.77,54.95
2026-08-22T01:30:30,122.21,57.35
2026-08-22T01:30:31,124.43,59.53
2026-08-22T01:30:32,125.1,60.19
2026-08-22T01:30:33,127.27,62.34
2026-08-22T01:30:34,125.19,60.29
2026-08-22T01:30:35,122.54,57.67
2026-08-22T01:30:36,119.02,54.2
2026-08-22T01:30:37,117.67,52.87
2026-08-22T01:30:38,117.09,52.3
2026-08-22T01:30:39,116.55,51.77
2026-08-22T01:30:40,116.98,52.2
2026-08-22T01:30:41,115.23,50.47
2026-08-22T01:30:42,115.35,50.59
2026-08-22T01:30:43,116.27,51.5
2026-08-22T01:30:44,116.64,51.86
2026-08-22T01:30:45,117.46,52.67
2026-08-22T01:30:46,118.86,54.05
2026-08-22T01:30:47,121.03,56.19
2026-08-22T01:30:48,124.06,59.17
2026-08-22T01:30:49,127.84,62.9
2026-08-22T01:30:50,129.95,64.98
2026-08-22T01:30:51,123.77,58.89
2026-08-22T01:30:52,119.11,54.29
2026-08-22T01:30:53,116.98,52.2
2026-08-22T01:30:54,116.0,51.22
2026-08-22T01:30:55,114.89,50.13
2026-08-22T01:30:56,115.32,50.56
2026-08-22T01:30:57,115.04,50.28
2026-08-22T01:30:58,114.46,49.71
2026-08-22T01:30:59,115.11,50.35
2026-08-22T01:31:00,114.95,50.19
2026-08-22T01:31:01,114.42,49.67
2026-08-22T01:31:02,114.58,49.83
2026-08-22T01:31:03,114.54,49.78
2026-08-22T01:31:04,114.34,49.6
2026-08-22T01:31:05,114.97,50.22
2026-08-22T01:31:06,114.55,49.8
2026-08-22T01:31:07,115.32,50.56
2026-08-22T01:31:08,115.63,50.86
2026-08-22T01:31:09,114.11,49.37
2026-08-22T01:31:10,115.03,50.27
2026-08-22T01:31:11,113.84,49.1
2026-08-22T01:31:12,114.8,50.04
2026-08-22T01:31:13,114.42,49.67
2026-08-22T01:31:14,114.16,49.41
2026-08-22T01:31:15,114.45,49.7
2026-08-22T01:31:16,114.47,49.72
2026-08-22T01:31:17,114.48,49.73
2026-08-22T01:31:18,114.7,49.94
2026-08-22T01:31:19,114.33,49.58
2026-08-22T01:31:20,114.39,49.64
2026-08-22T01:31:21,114.56,49.81
2026-08-22T01:31:22,114.54,49.79
2026-08-22T01:31:23,114.46,49.71
2026-08-22T01:31:24,115.37,50.61
2026-08-22T01:31:25,116.76,51.98
2026-08-22T01:31:26,116.73,51.95
2026-08-22T01:31:27,117.19,52.4
2026-08-22T01:31:28,119.43,54.61
2026-08-22T01:31:29,123.11,58.23
2026-08-22T01:31:30,124.68,59.78
2026-08-22T01:31:31,125.77,60.86
2026-08-22T01:31:32,128.0,63.06
2026-08-22T01:31:33,126.49,61.57
2026-08-22T01:31:34,122.89,58.02
2026-08-22T01:31:35,119.72,54.9
2026-08-22T01:31:36,118.1,53.3
2026-08-22T01:31:37,116.46,51.68
2026-08-22T01:31:38,116.15,51.37
2026-08-22T01:31:39,115.76,50.99
2026-08-22T01:31:40,115.47,50.71
2026-08-22T01:31:41,114.91,50.15
2026-08-22T01:31:42,114.5,49.75
2026-08-22T01:31:43,115.1,50.34
2026-08-22T01:31:44,114.67,49.92
2026-08-22T01:31:45,114.42,49.67
2026-08-22T01:31:46,114.31,49.56
2026-08-22T01:31:47,114.05,49.31
2026-08-22T01:31:48,113.9,49.16
2026-08-22T01:31:49,114.65,49.89
2026-08-22T01:31:50,113.88,49.14
2026-08-22T01:31:51,113.82,49.08
2026-08-22T01:31:52,113.97,49.22
2026-08-22T01:31:53,114.0,49.26
2026-08-22T01:31:54,113.98,49.24
2026-08-22T01:31:55,113.66,48.92
2026-08-22T01:31:56,114.6,49.85
2026-08-22T01:31:57,114.04,49.3
2026-08-22T01:31:58,113.85,49.11
2026-08-22T01:31:59,113.49,48.75
2026-08-22T01:32:00,113.92,49.17
2026-08-22T01:32:01,113.73,48.99
2026-08-22T01:32:02,113.67,48.93
2026-08-22T01:32:03,114.39,49.64
2026-08-22T01:32:04,114.28,49.53
2026-08-22T01:32:05,114.18,49.43
2026-08-22T01:32:06,113.82,49.08
2026-08-22T01:32:07,113.91,49.17
2026-08-22T01:32:08,113.97,49.23
2026-08-22T01:32:09,114.59,49.84
2026-08-22T01:32:10,114.24,49.5
2026-08-22T01:32:11,113.97,49.23
2026-08-22T01:32:12,113.85,49.11
2026-08-22T01:32:13,114.02,49.28
2026-08-22T01:32:14,113.59,48.85
2026-08-22T01:32:15,113.27,48.54
2026-08-22T01:32:16,113.95,49.21
2026-08-22T01:32:17,113.93,49.18
2026-08-22T01:32:18,114.22,49.47
2026-08-22T01:32:19,114.49,49.74
2026-08-22T01:32:20,114.26,49.51
2026-08-22T01:32:21,114.28,49.53
2026-08-22T01:32:22,114.15,49.4
2026-08-22T01:32:23,114.82,50.06
2026-08-22T01:32:24,114.13,49.39
2026-08-22T01:32:25,114.49,49.74
2026-08-22T01:32:26,113.53,48.79
2026-08-22T01:32:27,114.14,49.39
2026-08-22T01:32:28,114.31,49.56
2026-08-22T01:32:29,114.06,49.31
2026-08-22T01:32:30,114.25,49.5
2026-08-22T01:32:31,114.45,49.7
2026-08-22T01:32:32,114.24,49.49
2026-08-22T01:32:33,114.34,49.59
2026-08-22T01:32:34,114.32,49.57
2026-08-22T01:32:35,114.28,49.53
2026-08-22T01:32:36,114.14,49.39
2026-08-22T01:32:37,114.61,49.86
2026-08-22T01:32:38,114.71,49.95
2026-08-22T01:32:39,114.02,49.28
2026-08-22T01:32:40,114.49,49.74
2026-08-22T01:32:41,113.99,49.25
2026-08-22T01:32:42,114.33,49.58
2026-08-22T01:32:43,114.29,49.54
2026-08-22T01:32:44,113.7,48.96
2026-08-22T01:32:45,113.7,48.97
2026-08-22T01:32:46,113.67,48.93
2026-08-22T01:32:47,113.99,49.24
2026-08-22T01:32:48,114.44,49.69
2026-08-22T01:32:49,114.63,49.88
2026-08-22T01:32:50,114.21,49.46
2026-08-22T01:32:51,113.9,49.15
2026-08-22T01:32:52,114.48,49.73
2026-08-22T01:32:53,114.69,49.94
2026-08-22T01:32:54,114.11,49.37
2026-08-22T01:32:55,114.37,49.62
2026-08-22T01:32:56,114.1,49.35
2026-08-22T01:32:57,114.18,49.44
2026-08-22T01:32:58,114.39,49.64
2026-08-22T01:32:59,114.43,49.68
2026-08-22T01:33:00,114.25,49.51
2026-08-22T01:33:01,113.35,48.62
2026-08-22T01:33:02,113.78,49.04
2026-08-22T01:33:03,113.69,48.96
2026-08-22T01:33:04,114.02,49.27
2026-08-22T01:33:05,113.28,48.54
2026-08-22T01:33:06,113.99,49.24
2026-08-22T01:33:07,114.23,49.48
2026-08-22T01:33:08,114.42,49.67
2026-08-22T01:33:09,114.2,49.46
2026-08-22T01:33:10,114.52,49.77
2026-08-22T01:33:11,114.1,49.36
2026-08-22T01:33:12,114.23,49.48
2026-08-22T01:33:13,114.36,49.61
2026-08-22T01:33:14,115.11,50.35
2026-08-22T01:33:15,114.64,49.89
2026-08-22T01:33:16,113.93,49.19
2026-08-22T01:33:17,114.42,49.67
2026-08-22T01:33:18,114.19,49.44
2026-08-22T01:33:19,114.38,49.63
2026-08-22T01:33:20,113.82,49.08
2026-08-22T01:33:21,113.68,48.94
2026-08-22T01:33:22,114.05,49.3
2026-08-22T01:33:23,114.65,49.9
2026-08-22T01:33:24,114.0,49.26
2026-08-22T01:33:25,114.23,49.49
2026-08-22T01:33:26,113.86,49.12
2026-08-22T01:33:27,114.07,49.33
2026-08-22T01:33:28,113.9,49.15
2026-08-22T01:33:29,113.87,49.13
2026-08-22T01:33:30,113.89,49.15
2026-08-22T01:33:31,113.86,49.12
2026-08-22T01:33:32,113.48,48.75
2026-08-22T01:33:33,113.61,48.87
2026-08-22T01:33:34,113.42,48.69
2026-08-22T01:33:35,114.12,49.37
2026-08-22T01:33:36,113.4,48.67
2026-08-22T01:33:37,113.54,48.8
2026-08-22T01:33:38,114.08,49.34
2026-08-22T01:33:39,114.06,49.31
2026-08-22T01:33:40,113.67,48.93
2026-08-22T01:33:41,113.78,49.04
2026-08-22T01:33:42,114.01,49.27
2026-08-22T01:33:43,114.05,49.31
2026-08-22T01:33:44,114.43,49.68
2026-08-22T01:33:45,114.14,49.4
2026-08-22T01:33:46,114.27,49.52
2026-08-22T01:33:47,114.5,49.75
2026-08-22T01:33:48,113.92,49.18
2026-08-22T01:33:49,113.75,49.01
2026-08-22T01:33:50,114.18,49.43
2026-08-22T01:33:51,114.11,49.37
2026-08-22T01:33:52,114.22,49.47
2026-08-22T01:33:53,113.78,49.04
2026-08-22T01:33:54,114.08,49.33
2026-08-22T01:33:55,114.19,49.44
2026-08-22T01:33:56,114.12,49.38
2026-08-22T01:33:57,114.57,49.82
2026-08-22T01:33:58,114.06,49.31
2026-08-22T01:33:59,114.14,49.39
2026-08-22T01:34:00,114.06,49.32
2026-08-22T01:34:01,114.6,49.85
2026-08-22T01:34:02,113.71,48.97
2026-08-22T01:34:03,114.09,49.34
2026-08-22T01:34:04,114.33,49.58
2026-08-22T01:34:05,114.08,49.34
2026-08-22T01:34:06,114.49,49.74
2026-08-22T01:34:07,113.98,49.24
2026-08-22T01:34:08,114.58,49.83
2026-08-22T01:34:09,113.9,49.15
2026-08-22T01:34:10,114.49,49.74
2026-08-22T01:34:11,114.24,49.5
2026-08-22T01:34:12,114.13,49.39
2026-08-22T01:34:13,114.08,49.34
2026-08-22T01:34:14,114.28,49.53
2026-08-22T01:34:15,114.1,49.36
2026-08-22T01:34:16,113.86,49.12
2026-08-22T01:34:17,114.52,49.77
2026-08-22T01:34:18,114.17,49.42
2026-08-22T01:34:19,114.44,49.69
2026-08-22T01:34:20,114.18,49.43
2026-08-22T01:34:21,114.63,49.88
2026-08-22T01:34:22,114.25,49.5
2026-08-22T01:34:23,113.98,49.23
2026-08-22T01:34:24,114.5,49.75
2026-08-22T01:34:25,114.25,49.51
2026-08-22T01:34:26,114.38,49.63
2026-08-22T01:34:27,114.36,49.61
2026-08-22T01:34:28,113.86,49.12
2026-08-22T01:34:29,114.31,49.56
2026-08-22T01:34:30,114.37,49.62
2026-08-22T01:34:31,114.25,49.5
2026-08-22T01:34:32,113.86,49.12
2026-08-22T01:34:33,114.44,49.69
2026-08-22T01:34:34,114.8,50.05
2026-08-22T01:34:35,114.35,49.6
2026-08-22T01:34:36,114.34,49.59
2026-08-22T01:34:37,114.6,49.85
2026-08-22T01:34:38,114.7,49.95
2026-08-22T01:34:39,114.86,50.1
2026-08-22T01:34:40,115.18,50.42
2026-08-22T01:34:41,114.86,50.1
2026-08-22T01:34:42,114.46,49.71
2026-08-22T01:34:43,113.96,49.22
2026-08-22T01:34:44,114.44,49.69
2026-08-22T01:34:45,114.07,49.32
2026-08-22T01:34:46,114.38,49.63
2026-08-22T01:34:47,114.54,49.79
2026-08-22T01:34:48,114.44,49.69
2026-08-22T01:34:49,113.92,49.18
2026-08-22T01:34:50,114.24,49.49
2026-08-22T01:34:51,114.56,49.81
2026-08-22T01:34:52,113.84,49.1
2026-08-22T01:34:53,114.25,49.5
2026-08-22T01:34:54,113.93,49.19
2026-08-22T01:34:55,113.94,49.19
2026-08-22T01:34:56,114.27,49.53
2026-08-22T01:34:57,114.58,49.82
2026-08-22T01:34:58,114.35,49.6
2026-08-22T01:34:59,113.9,49.16
2026-08-22T01:35:00,113.84,49.1
2026-08-22T01:35:01,114.55,49.8
2026-08-22T01:35:02,114.75,49.99
2026-08-22T01:35:03,114.28,49.54
2026-08-22T01:35:04,114.45,49.7
2026-08-22T01:35:05,114.51,49.76
2026-08-22T01:35:06,114.06,49.31
2026-08-22T01:35:07,114.33,49.58
2026-08-22T01:35:08,114.53,49.78
2026-08-22T01:35:09,114.16,49.41
2026-08-22T01:35:10,113.97,49.22
2026-08-22T01:35:11,114.15,49.41
2026-08-22T01:35:12,113.9,49.15
2026-08-22T01:35:13,114.38,49.63
2026-08-22T01:35:14,114.0,49.26
2026-08-22T01:35:15,114.17,49.42
2026-08-22T01:35:16,114.36,49.61
2026-08-22T01:35:17,114.57,49.82
2026-08-22T01:35:18,114.47,49.72
2026-08-22T01:35:19,113.84,49.1
2026-08-22T01:35:20,114.22,49.47
2026-08-22T01:35:21,114.05,49.31
2026-08-22T01:35:22,114.4,49.65
2026-08-22T01:35:23,114.16,49.41
2026-08-22T01:35:24,113.99,49.24
2026-08-22T01:35:25,114.4,49.65
2026-08-22T01:35:26,113.81,49.07
2026-08-22T01:35:27,113.36,48.63
2026-08-22T01:35:28,114.53,49.78
2026-08-22T01:35:29,113.72,48.98
2026-08-22T01:35:30,114.49,49.74
2026-08-22T01:35:31,113.9,49.16
2026-08-22T01:35:32,114.83,50.08
2026-08-22T01:35:33,114.39,49.64
2026-08-22T01:35:34,114.92,50.17
2026-08-22T01:35:35,114.84,50.09
2026-08-22T01:35:36,114.16,49.41
2026-08-22T01:35:37,114.06,49.31
2026-08-22T01:35:38,114.31,49.57
2026-08-22T01:35:39,114.81,50.05
2026-08-22T01:35:40,114.48,49.73
2026-08-22T01:35:41,114.36,49.62
2026-08-22T01:35:42,114.59,49.84
2026-08-22T01:35:43,114.43,49.68
2026-08-22T01:35:44,114.63,49.88
2026-08-22T01:35:45,114.76,50.0
2026-08-22T01:35:46,114.67,49.92
2026-08-22T01:35:47,114.62,49.86
2026-08-22T01:35:48,114.03,49.29
2026-08-22T01:35:49,114.54,49.79
2026-08-22T01:35:50,114.11,49.37
2026-08-22T01:35:51,114.68,49.93
2026-08-22T01:35:52,114.83,50.07
2026-08-22T01:35:53,114.48,49.73
2026-08-22T01:35:54,114.18,49.43
2026-08-22T01:35:55,114.33,49.59
2026-08-22T01:35:56,114.16,49.42
2026-08-22T01:35:57,114.58,49.82
2026-08-22T01:35:58,114.2,49.46
2026-08-22T01:35:59,114.78,50.03
2026-08-22T01:36:00,114.53,49.78
2026-08-22T01:36:01,114.75,50.0
2026-08-22T01:36:02,114.16,49.42
2026-08-22T01:36:03,113.79,49.05
2026-08-22T01:36:04,114.46,49.71
2026-08-22T01:36:05,114.31,49.56
2026-08-22T01:36:06,113.88,49.14
2026-08-22T01:36:07,114.83,50.08
2026-08-22T01:36:08,114.28,49.53
2026-08-22T01:36:09,114.96,50.2
2026-08-22T01:36:10,114.66,49.9
2026-08-22T01:36:11,114.76,50.0
2026-08-22T01:36:12,115.1,50.34
2026-08-22T01:36:13,115.31,50.55
2026-08-22T01:36:14,114.88,50.13
2026-08-22T01:36:15,115.0,50.24
2026-08-22T01:36:16,115.17,50.41
2026-08-22T01:36:17,115.78,51.01
2026-08-22T01:36:18,116.28,51.5
2026-08-22T01:36:19,116.87,52.09
2026-08-22T01:36:20,117.74,52.94
2026-08-22T01:36:21,119.45,54.63
2026-08-22T01:36:22,121.97,57.12
2026-08-22T01:36:23,124.56,59.67
2026-08-22T01:36:24,127.63,62.69
2026-08-22T01:36:25,129.9,64.93
2026-08-22T01:36:26,124.98,60.08
2026-08-22T01:36:27,120.19,55.36
2026-08-22T01:36:28,117.48,52.68
2026-08-22T01:36:29,116.36,51.58
2026-08-22T01:36:30,117.93,53.13
2026-08-22T01:36:31,118.03,53.23
2026-08-22T01:36:32,115.47,50.71
2026-08-22T01:36:33,114.89,50.13
2026-08-22T01:36:34,114.69,49.93
2026-08-22T01:36:35,114.47,49.72
2026-08-22T01:36:36,114.02,49.28
2026-08-22T01:36:37,113.71,48.97
2026-08-22T01:36:38,114.28,49.53
2026-08-22T01:36:39,114.37,49.62
2026-08-22T01:36:40,114.58,49.83
2026-08-22T01:36:41,115.12,50.36
2026-08-22T01:36:42,114.95,50.19
2026-08-22T01:36:43,115.39,50.63
2026-08-22T01:36:44,114.55,49.8
2026-08-22T01:36:45,114.41,49.66
2026-08-22T01:36:46,113.96,49.22
2026-08-22T01:36:47,114.52,49.77
2026-08-22T01:36:48,114.85,50.1
2026-08-22T01:36:49,114.8,50.04
2026-08-22T01:36:50,114.98,50.22
2026-08-22T01:36:51,114.95,50.19
2026-08-22T01:36:52,115.88,51.11
2026-08-22T01:36:53,116.62,51.84
2026-08-22T01:36:54,115.86,51.09
2026-08-22T01:36:55,115.1,50.34
2026-08-22T01:36:56,114.0,49.25
2026-08-22T01:36:57,115.02,50.26
2026-08-22T01:36:58,115.08,50.32
2026-08-22T01:36:59,114.52,49.77
2026-08-22T01:37:00,114.72,49.96
2026-08-22T01:37:01,114.44,49.69
2026-08-22T01:37:02,114.35,49.61
2026-08-22T01:37:03,114.61,49.85
2026-08-22T01:37:04,114.43,49.68
2026-08-22T01:37:05,114.82,50.07
2026-08-22T01:37:06,114.78,50.03
2026-08-22T01:37:07,113.91,49.16
2026-08-22T01:37:08,114.28,49.53
2026-08-22T01:37:09,114.25,49.5
2026-08-22T01:37:10,114.45,49.7
2026-08-22T01:37:11,113.99,49.24
2026-08-22T01:37:12,114.38,49.63
2026-08-22T01:37:13,114.31,49.56
2026-08-22T01:37:14,114.65,49.9
2026-08-22T01:37:15,114.0,49.26
2026-08-22T01:37:16,114.4,49.65
2026-08-22T01:37:17,114.62,49.87
2026-08-22T01:37:18,114.29,49.54
2026-08-22T01:37:19,114.58,49.82
2026-08-22T01:37:20,114.34,49.59
2026-08-22T01:37:21,114.54,49.79
2026-08-22T01:37:22,114.18,49.43
2026-08-22T01:37:23,114.95,50.19
2026-08-22T01:37:24,114.79,50.04
2026-08-22T01:37:25,114.28,49.54
2026-08-22T01:37:26,114.33,49.58
2026-08-22T01:37:27,114.55,49.8
2026-08-22T01:37:28,114.49,49.74
2026-08-22T01:37:29,114.01,49.27
2026-08-22T01:37:30,114.08,49.34
2026-08-22T01:37:31,114.44,49.69
2026-08-22T01:37:32,114.4,49.65
2026-08-22T01:37:33,114.18,49.43
2026-08-22T01:37:34,114.6,49.85
2026-08-22T01:37:35,114.64,49.89
2026-08-22T01:37:36,114.09,49.34
2026-08-22T01:37:37,113.73,48.99
2026-08-22T01:37:38,114.04,49.29
2026-08-22T01:37:39,114.21,49.46
2026-08-22T01:37:40,114.56,49.81
2026-08-22T01:37:41,114.43,49.68
2026-08-22T01:37:42,114.21,49.46
2026-08-22T01:37:43,114.14,49.4
2026-08-22T01:37:44,114.31,49.57
2026-08-22T01:37:45,115.24,50.48
2026-08-22T01:37:46,114.71,49.96
2026-08-22T01:37:47,114.63,49.87
2026-08-22T01:37:48,114.72,49.97
2026-08-22T01:37:49,114.44,49.69
2026-08-22T01:37:50,114.35,49.6
2026-08-22T01:37:51,114.65,49.89
2026-08-22T01:37:52,114.68,49.93
2026-08-22T01:37:53,114.05,49.3
2026-08-22T01:37:54,114.22,49.47
2026-08-22T01:37:55,114.13,49.38
2026-08-22T01:37:56,114.34,49.59
2026-08-22T01:37:57,114.24,49.49
2026-08-22T01:37:58,115.04,50.28
2026-08-22T01:37:59,114.39,49.64
2026-08-22T01:38:00,114.44,49.69
2026-08-22T01:38:01,114.6,49.85
2026-08-22T01:38:02,114.69,49.94
2026-08-22T01:38:03,114.51,49.76
2026-08-22T01:38:04,114.44,49.69
2026-08-22T01:38:05,114.38,49.63
2026-08-22T01:38:06,114.9,50.14
2026-08-22T01:38:07,114.53,49.78
2026-08-22T01:38:08,114.64,49.88
2026-08-22T01:38:09,114.16,49.42
2026-08-22T01:38:10,114.81,50.05
2026-08-22T01:38:11,114.46,49.71
2026-08-22T01:38:12,114.11,49.36
2026-08-22T01:38:13,114.37,49.62
2026-08-22T01:38:14,114.44,49.69
2026-08-22T01:38:15,113.85,49.1
2026-08-22T01:38:16,113.46,48.72
2026-08-22T01:38:17,113.96,49.22
2026-08-22T01:38:18,114.11,49.36
2026-08-22T01:38:19,114.34,49.59
2026-08-22T01:38:20,113.62,48.88
2026-08-22T01:38:21,114.7,49.94
2026-08-22T01:38:22,114.77,50.02
2026-08-22T01:38:23,114.19,49.44
2026-08-22T01:38:24,114.68,49.93
2026-08-22T01:38:25,113.92,49.18
2026-08-22T01:38:26,114.45,49.7
2026-08-22T01:38:27,114.36,49.61
2026-08-22T01:38:28,114.25,49.5
2026-08-22T01:38:29,113.97,49.22
2026-08-22T01:38:30,114.42,49.67
2026-08-22T01:38:31,114.21,49.46
2026-08-22T01:38:32,114.23,49.48
2026-08-22T01:38:33,114.61,49.86
2026-08-22T01:38:34,114.03,49.28
2026-08-22T01:38:35,114.66,49.9
2026-08-22T01:38:36,114.56,49.8
2026-08-22T01:38:37,114.15,49.4
2026-08-22T01:38:38,114.44,49.69
2026-08-22T01:38:39,113.91,49.17
2026-08-22T01:38:40,114.75,50.0
2026-08-22T01:38:41,114.37,49.62
2026-08-22T01:38:42,114.72,49.96
2026-08-22T01:38:43,114.22,49.47
2026-08-22T01:38:44,113.78,49.04
2026-08-22T01:38:45,114.47,49.72
2026-08-22T01:38:46,113.78,49.04
2026-08-22T01:38:47,114.35,49.6
2026-08-22T01:38:48,114.0,49.26
2026-08-22T01:38:49,114.45,49.7
2026-08-22T01:38:50,114.29,49.55
2026-08-22T01:38:51,113.75,49.01
2026-08-22T01:38:52,114.35,49.6
2026-08-22T01:38:53,114.61,49.86
2026-08-22T01:38:54,114.05,49.3
2026-08-22T01:38:55,114.13,49.38
2026-08-22T01:38:56,113.92,49.17
2026-08-22T01:38:57,114.71,49.96
2026-08-22T01:38:58,114.35,49.6
2026-08-22T01:38:59,113.88,49.14
2026-08-22T01:39:00,113.85,49.11
2026-08-22T01:39:01,114.21,49.46
2026-08-22T01:39:02,114.02,49.27
2026-08-22T01:39:03,114.36,49.61
2026-08-22T01:39:04,114.41,49.66
2026-08-22T01:39:05,114.24,49.49
2026-08-22T01:39:06,113.99,49.24
2026-08-22T01:39:07,114.31,49.56
2026-08-22T01:39:08,114.18,49.43
2026-08-22T01:39:09,114.46,49.71
2026-08-22T01:39:10,114.86,50.1
2026-08-22T01:39:11,114.14,49.39
2026-08-22T01:39:12,114.32,49.57
2026-08-22T01:39:13,114.25,49.5
2026-08-22T01:39:14,114.83,50.07
2026-08-22T01:39:15,114.52,49.77
2026-08-22T01:39:16,114.9,50.14
2026-08-22T01:39:17,114.52,49.77
2026-08-22T01:39:18,114.36,49.62
2026-08-22T01:39:19,114.19,49.44
2026-08-22T01:39:20,114.54,49.79
2026-08-22T01:39:21,114.68,49.93
2026-08-22T01:39:22,114.35,49.6
2026-08-22T01:39:23,114.66,49.9
2026-08-22T01:39:24,114.32,49.57
2026-08-22T01:39:25,114.32,49.57
2026-08-22T01:39:26,114.6,49.85
2026-08-22T01:39:27,114.27,49.52
2026-08-22T01:39:28,114.6,49.85
2026-08-22T01:39:29,114.57,49.82
2026-08-22T01:39:30,114.72,49.96
2026-08-22T01:39:31,115.48,50.72
2026-08-22T01:39:32,115.24,50.48
2026-08-22T01:39:33,115.79,51.02
2026-08-22T01:39:34,116.01,51.24
2026-08-22T01:39:35,118.0,53.2
2026-08-22T01:39:36,120.56,55.72
2026-08-22T01:39:37,122.1,57.25
2026-08-22T01:39:38,123.59,58.71
2026-08-22T01:39:39,124.18,59.29
2026-08-22T01:39:40,124.82,59.93
2026-08-22T01:39:41,123.97,59.08
2026-08-22T01:39:42,120.77,55.93
2026-08-22T01:39:43,118.75,53.94
2026-08-22T01:39:44,117.82,53.02
2026-08-22T01:39:45,117.0,52.21
2026-08-22T01:39:46,116.4,51.62
2026-08-22T01:39:47,115.91,51.14
2026-08-22T01:39:48,116.22,51.45
2026-08-22T01:39:49,117.06,52.28
2026-08-22T01:39:50,116.55,51.77
2026-08-22T01:39:51,116.7,51.92
2026-08-22T01:39:52,116.33,51.56
2026-08-22T01:39:53,115.84,51.07
2026-08-22T01:39:54,114.66,49.91
2026-08-22T01:39:55,115.11,50.35
2026-08-22T01:39:56,114.69,49.94
2026-08-22T01:39:57,115.24,50.48
2026-08-22T01:39:58,114.62,49.87
2026-08-22T01:39:59,115.03,50.27
2026-08-22T01:40:00,114.99,50.23
2026-08-22T01:40:01,115.24,50.48
2026-08-22T01:40:02,116.48,51.7
2026-08-22T01:40:03,115.91,51.14
2026-08-22T01:40:04,115.22,50.46
2026-08-22T01:40:05,115.22,50.46
2026-08-22T01:40:06,114.73,49.97
2026-08-22T01:40:07,115.2,50.44
2026-08-22T01:40:08,115.45,50.68
2026-08-22T01:40:09,116.11,51.33
2026-08-22T01:40:10,115.84,51.07
2026-08-22T01:40:11,116.63,51.85
2026-08-22T01:40:12,116.91,52.13
2026-08-22T01:40:13,115.9,51.13
2026-08-22T01:40:14,115.37,50.6
2026-08-22T01:40:15,115.02,50.26
2026-08-22T01:40:16,115.16,50.4
2026-08-22T01:40:17,115.69,50.92
2026-08-22T01:40:18,115.43,50.66
2026-08-22T01:40:19,115.34,50.58
2026-08-22T01:40:20,116.08,51.31
2026-08-22T01:40:21,115.09,50.33
2026-08-22T01:40:22,115.14,50.38
2026-08-22T01:40:23,114.76,50.01
2026-08-22T01:40:24,114.97,50.21
2026-08-22T01:40:25,114.8,50.04
2026-08-22T01:40:26,115.01,50.25
2026-08-22T01:40:27,114.27,49.52
2026-08-22T01:40:28,115.41,50.65
2026-08-22T01:40:29,114.95,50.19
2026-08-22T01:40:30,115.91,51.14
2026-08-22T01:40:31,115.54,50.77
2026-08-22T01:40:32,115.66,50.89
2026-08-22T01:40:33,115.19,50.43
2026-08-22T01:40:34,114.46,49.71
2026-08-22T01:40:35,114.57,49.82
2026-08-22T01:40:36,114.15,49.41
2026-08-22T01:40:37,114.67,49.91
2026-08-22T01:40:38,114.39,49.64
2026-08-22T01:40:39,114.41,49.66
2026-08-22T01:40:40,114.69,49.93
2026-08-22T01:40:41,114.34,49.59
2026-08-22T01:40:42,114.8,50.04
2026-08-22T01:40:43,114.26,49.52
2026-08-22T01:40:44,114.42,49.67
2026-08-22T01:40:45,114.09,49.35
2026-08-22T01:40:46,114.39,49.64
2026-08-22T01:40:47,114.1,49.36
2026-08-22T01:40:48,114.94,50.18
2026-08-22T01:40:49,114.97,50.21
2026-08-22T01:40:50,114.91,50.15
2026-08-22T01:40:51,114.48,49.73
2026-08-22T01:40:52,113.98,49.24
2026-08-22T01:40:53,114.67,49.92
2026-08-22T01:40:54,114.65,49.89
2026-08-22T01:40:55,114.53,49.78
2026-08-22T01:40:56,114.14,49.4
2026-08-22T01:40:57,114.51,49.76
2026-08-22T01:40:58,114.27,49.53
2026-08-22T01:40:59,114.3,49.55
2026-08-22T01:41:00,114.46,49.71
2026-08-22T01:41:01,114.46,49.71
2026-08-22T01:41:02,115.02,50.26
2026-08-22T01:41:03,114.38,49.63
2026-08-22T01:41:04,114.07,49.32
2026-08-22T01:41:05,114.78,50.02
2026-08-22T01:41:06,114.24,49.49
2026-08-22T01:41:07,114.0,49.26
2026-08-22T01:41:08,114.75,50.0
2026-08-22T01:41:09,114.18,49.43
2026-08-22T01:41:10,114.26,49.52
2026-08-22T01:41:11,114.47,49.72
2026-08-22T01:41:12,115.39,50.63
2026-08-22T01:41:13,114.85,50.09
2026-08-22T01:41:14,115.15,50.39
2026-08-22T01:41:15,116.51,51.73
2026-08-22T01:41:16,116.75,51.96
2026-08-22T01:41:17,117.06,52.27
2026-08-22T01:41:18,118.1,53.3
2026-08-22T01:41:19,120.89,56.05
2026-08-22T01:41:20,124.64,59.75
2026-08-22T01:41:21,126.17,61.25
2026-08-22T01:41:22,128.05,63.1
2026-08-22T01:41:23,129.37,64.41
2026-08-22T01:41:24,129.02,64.06
2026-08-22T01:41:25,125.98,61.06
2026-08-22T01:41:26,123.49,58.62
2026-08-22T01:41:27,122.3,57.43
2026-08-22T01:41:28,119.34,54.52
2026-08-22T01:41:29,118.34,53.53
2026-08-22T01:41:30,118.68,53.87
2026-08-22T01:41:31,118.32,53.51
2026-08-22T01:41:32,116.91,52.13
2026-08-22T01:41:33,116.32,51.54
2026-08-22T01:41:34,115.65,50.88
2026-08-22T01:41:35,116.03,51.26
2026-08-22T01:41:36,115.41,50.65
2026-08-22T01:41:37,114.71,49.95
2026-08-22T01:41:38,114.67,49.92
2026-08-22T01:41:39,115.09,50.33
2026-08-22T01:41:40,114.02,49.27
2026-08-22T01:41:41,114.75,49.99
2026-08-22T01:41:42,114.44,49.69
2026-08-22T01:41:43,114.22,49.47
2026-08-22T01:41:44,114.77,50.01
2026-08-22T01:41:45,115.02,50.26
2026-08-22T01:41:46,113.8,49.06
2026-08-22T01:41:47,114.12,49.38
2026-08-22T01:41:48,114.44,49.69
2026-08-22T01:41:49,114.56,49.81
2026-08-22T01:41:50,114.61,49.85
2026-08-22T01:41:51,113.82,49.08
2026-08-22T01:41:52,114.64,49.89
2026-08-22T01:41:53,113.66,48.92
2026-08-22T01:41:54,114.25,49.51
2026-08-22T01:41:55,114.76,50.0
2026-08-22T01:41:56,114.5,49.75
2026-08-22T01:41:57,114.01,49.26
2026-08-22T01:41:58,113.8,49.06
2026-08-22T01:41:59,114.7,49.94
2026-08-22T01:42:00,114.19,49.44
2026-08-22T01:42:01,113.85,49.11
2026-08-22T01:42:02,114.05,49.31
2026-08-22T01:42:03,114.16,49.41
2026-08-22T01:42:04,114.62,49.86
2026-08-22T01:42:05,113.69,48.95
2026-08-22T01:42:06,112.86,48.13
2026-08-22T01:42:07,113.94,49.2
2026-08-22T01:42:08,113.62,48.88
2026-08-22T01:42:09,114.11,49.36
2026-08-22T01:42:10,114.56,49.81
2026-08-22T01:42:11,114.06,49.31
2026-08-22T01:42:12,114.08,49.34
2026-08-22T01:42:13,114.48,49.73
2026-08-22T01:42:14,114.0,49.26
2026-08-22T01:42:15,114.49,49.74
2026-08-22T01:42:16,114.18,49.44
2026-08-22T01:42:17,113.88,49.14
2026-08-22T01:42:18,114.95,50.19
2026-08-22T01:42:19,114.37,49.62
2026-08-22T01:42:20,114.17,49.43
2026-08-22T01:42:21,114.31,49.57
2026-08-22T01:42:22,113.88,49.13
2026-08-22T01:42:23,114.58,49.83
2026-08-22T01:42:24,113.55,48.81
2026-08-22T01:42:25,113.9,49.16
2026-08-22T01:42:26,114.42,49.67
2026-08-22T01:42:27,114.22,49.48
2026-08-22T01:42:28,114.85,50.09
2026-08-22T01:42:29,114.67,49.92
2026-08-22T01:42:30,114.83,50.08
2026-08-22T01:42:31,114.93,50.18
2026-08-22T01:42:32,114.46,49.71
2026-08-22T01:42:33,114.75,50.0
2026-08-22T01:42:34,114.42,49.67
2026-08-22T01:42:35,114.1,49.35
2026-08-22T01:42:36,114.18,49.43
2026-08-22T01:42:37,114.5,49.75
2026-08-22T01:42:38,114.45,49.7
2026-08-22T01:42:39,115.03,50.27
2026-08-22T01:42:40,114.33,49.58
2026-08-22T01:42:41,114.57,49.82
2026-08-22T01:42:42,114.46,49.71
2026-08-22T01:42:43,114.93,50.18
2026-08-22T01:42:44,114.54,49.78
2026-08-22T01:42:45,114.66,49.91
2026-08-22T01:42:46,114.62,49.87
2026-08-22T01:42:47,114.4,49.65
2026-08-22T01:42:48,114.24,49.49
2026-08-22T01:42:49,114.6,49.85
2026-08-22T01:42:50,114.48,49.73
2026-08-22T01:42:51,114.14,49.39
2026-08-22T01:42:52,114.64,49.89
2026-08-22T01:42:53,114.57,49.82
2026-08-22T01:42:54,114.39,49.64
2026-08-22T01:42:55,115.03,50.27
2026-08-22T01:42:56,114.64,49.88
2026-08-22T01:42:57,114.11,49.37
2026-08-22T01:42:58,115.09,50.33
2026-08-22T01:42:59,114.68,49.93
2026-08-22T01:43:00,114.39,49.64
2026-08-22T01:43:01,114.69,49.94
2026-08-22T01:43:02,114.76,50.0
2026-08-22T01:43:03,114.49,49.74
2026-08-22T01:43:04,114.21,49.46
2026-08-22T01:43:05,115.09,50.34
2026-08-22T01:43:06,115.0,50.25
2026-08-22T01:43:07,115.08,50.32
2026-08-22T01:43:08,114.86,50.1
2026-08-22T01:43:09,115.13,50.37
2026-08-22T01:43:10,114.7,49.95
2026-08-22T01:43:11,114.57,49.82
2026-08-22T01:43:12,114.58,49.83
2026-08-22T01:43:13,114.88,50.12
2026-08-22T01:43:14,115.03,50.28
2026-08-22T01:43:15,114.68,49.93
2026-08-22T01:43:16,114.74,49.98
2026-08-22T01:43:17,114.93,50.17
2026-08-22T01:43:18,114.86,50.11
2026-08-22T01:43:19,114.54,49.79
2026-08-22T01:43:20,115.07,50.31
2026-08-22T01:43:21,115.01,50.25
2026-08-22T01:43:22,114.38,49.63
2026-08-22T01:43:23,115.4,50.64
2026-08-22T01:43:24,114.77,50.02
2026-08-22T01:43:25,115.3,50.54
2026-08-22T01:43:26,114.68,49.93
2026-08-22T01:43:27,114.96,50.2
2026-08-22T01:43:28,114.39,49.64
2026-08-22T01:43:29,114.39,49.64
2026-08-22T01:43:30,114.27,49.53
2026-08-22T01:43:31,114.02,49.27
2026-08-22T01:43:32,114.59,49.83
2026-08-22T01:43:33,114.35,49.6
2026-08-22T01:43:34,114.72,49.96
2026-08-22T01:43:35,114.82,50.06
2026-08-22T01:43:36,115.1,50.34
2026-08-22T01:43:37,114.38,49.63
2026-08-22T01:43:38,115.19,50.43
2026-08-22T01:43:39,114.47,49.72
2026-08-22T01:43:40,114.33,49.58
2026-08-22T01:43:41,114.46,49.71
2026-08-22T01:43:42,115.26,50.49
2026-08-22T01:43:43,114.47,49.72
2026-08-22T01:43:44,114.78,50.02
2026-08-22T01:43:45,114.89,50.13
2026-08-22T01:43:46,114.87,50.11
2026-08-22T01:43:47,114.06,49.31
2026-08-22T01:43:48,114.73,49.98
2026-08-22T01:43:49,114.45,49.7
2026-08-22T01:43:50,114.47,49.72
2026-08-22T01:43:51,113.69,48.95
2026-08-22T01:43:52,114.71,49.96
2026-08-22T01:43:53,115.01,50.25
2026-08-22T01:43:54,114.15,49.4
2026-08-22T01:43:55,114.3,49.56
2026-08-22T01:43:56,114.2,49.46
2026-08-22T01:43:57,114.34,49.59
2026-08-22T01:43:58,114.58,49.83
2026-08-22T01:43:59,114.69,49.94
2026-08-22T01:44:00,114.66,49.9
2026-08-22T01:44:01,113.95,49.2
2026-08-22T01:44:02,114.07,49.32
2026-08-22T01:44:03,114.72,49.97
2026-08-22T01:44:04,114.57,49.82
2026-08-22T01:44:05,114.29,49.54
2026-08-22T01:44:06,114.54,49.79
2026-08-22T01:44:07,114.17,49.42
2026-08-22T01:44:08,114.02,49.28
2026-08-22T01:44:09,114.2,49.45
2026-08-22T01:44:10,114.8,50.04
2026-08-22T01:44:11,114.8,50.04
2026-08-22T01:44:12,114.67,49.92
2026-08-22T01:44:13,113.93,49.19
2026-08-22T01:44:14,114.86,50.1
2026-08-22T01:44:15,114.19,49.44
2026-08-22T01:44:16,114.02,49.28
2026-08-22T01:44:17,114.32,49.57
2026-08-22T01:44:18,114.14,49.39
2026-08-22T01:44:19,114.34,49.59
2026-08-22T01:44:20,114.41,49.66
2026-08-22T01:44:21,114.5,49.74
2026-08-22T01:44:22,114.61,49.86
2026-08-22T01:44:23,114.65,49.9
2026-08-22T01:44:24,114.67,49.92
2026-08-22T01:44:25,114.72,49.96
2026-08-22T01:44:26,115.2,50.44
2026-08-22T01:44:27,114.21,49.46
2026-08-22T01:44:28,114.65,49.9
2026-08-22T01:44:29,114.09,49.34
2026-08-22T01:44:30,114.93,50.17
2026-08-22T01:44:31,114.3,49.55
2026-08-22T01:44:32,113.66,48.92
2026-08-22T01:44:33,113.81,49.07
2026-08-22T01:44:34,114.54,49.79
2026-08-22T01:44:35,114.85,50.09
2026-08-22T01:44:36,114.62,49.86
2026-08-22T01:44:37,114.64,49.89
2026-08-22T01:44:38,114.48,49.73
2026-08-22T01:44:39,114.43,49.68
2026-08-22T01:44:40,114.37,49.62
2026-08-22T01:44:41,114.76,50.01
2026-08-22T01:44:42,114.59,49.83
2026-08-22T01:44:43,114.27,49.52
2026-08-22T01:44:44,114.81,50.05
2026-08-22T01:44:45,114.82,50.07
2026-08-22T01:44:46,114.42,49.67
2026-08-22T01:44:47,114.1,49.36
2026-08-22T01:44:48,114.41,49.66
2026-08-22T01:44:49,114.26,49.51
2026-08-22T01:44:50,113.92,49.18
2026-08-22T01:44:51,114.12,49.37
2026-08-22T01:44:52,114.3,49.55
2026-08-22T01:44:53,114.74,49.99
2026-08-22T01:44:54,114.07,49.32
2026-08-22T01:44:55,114.1,49.36
2026-08-22T01:44:56,114.9,50.15
2026-08-22T01:44:57,114.42,49.67
2026-08-22T01:44:58,114.15,49.41
2026-08-22T01:44:59,113.9,49.16
2026-08-22T01:45:00,114.28,49.53
2026-08-22T01:45:01,114.7,49.95
2026-08-22T01:45:02,115.29,50.52
2026-08-22T01:45:03,114.42,49.67
2026-08-22T01:45:04,114.76,50.01
2026-08-22T01:45:05,114.29,49.54
2026-08-22T01:45:06,113.72,48.98
2026-08-22T01:45:07,114.34,49.59
2026-08-22T01:45:08,114.6,49.84
2026-08-22T01:45:09,113.71,48.97
2026-08-22T01:45:10,114.17,49.43
2026-08-22T01:45:11,114.46,49.71
2026-08-22T01:45:12,114.39,49.64
2026-08-22T01:45:13,113.89,49.15
2026-08-22T01:45:14,114.19,49.45
2026-08-22T01:45:15,114.58,49.83
2026-08-22T01:45:16,114.76,50.01
2026-08-22T01:45:17,115.02,50.26
2026-08-22T01:45:18,114.62,49.86
2026-08-22T01:45:19,114.66,49.91
2026-08-22T01:45:20,114.61,49.86
2026-08-22T01:45:21,114.35,49.6
2026-08-22T01:45:22,113.92,49.17
2026-08-22T01:45:23,114.4,49.65
2026-08-22T01:45:24,114.1,49.36
2026-08-22T01:45:25,114.71,49.96
2026-08-22T01:45:26,114.52,49.77
2026-08-22T01:45:27,114.39,49.64
2026-08-22T01:45:28,114.58,49.83
2026-08-22T01:45:29,114.69,49.94
2026-08-22T01:45:30,114.85,50.09
2026-08-22T01:45:31,114.8,50.04
2026-08-22T01:45:32,114.71,49.95
2026-08-22T01:45:33,114.23,49.48
2026-08-22T01:45:34,114.6,49.85
2026-08-22T01:45:35,114.42,49.67
2026-08-22T01:45:36,114.09,49.35
2026-08-22T01:45:37,114.62,49.87
2026-08-22T01:45:38,114.44,49.69
2026-08-22T01:45:39,114.32,49.57
2026-08-22T01:45:40,114.29,49.54
2026-08-22T01:45:41,114.16,49.41
2026-08-22T01:45:42,114.74,49.99
2026-08-22T01:45:43,114.67,49.92
2026-08-22T01:45:44,114.35,49.6
2026-08-22T01:45:45,114.55,49.8
2026-08-22T01:45:46,114.9,50.15
2026-08-22T01:45:47,114.48,49.73
2026-08-22T01:45:48,114.23,49.48
2026-08-22T01:45:49,114.61,49.86
2026-08-22T01:45:50,115.15,50.39
2026-08-22T01:45:51,114.8,50.05
2026-08-22T01:45:52,114.21,49.47
2026-08-22T01:45:53,113.97,49.23
2026-08-22T01:45:54,114.26,49.51
2026-08-22T01:45:55,114.45,49.7
2026-08-22T01:45:56,114.17,49.42
2026-08-22T01:45:57,114.22,49.47
2026-08-22T01:45:58,114.52,49.77
2026-08-22T01:45:59,114.38,49.63
2026-08-22T01:46:00,114.43,49.68
2026-08-22T01:46:01,114.76,50.01
2026-08-22T01:46:02,114.08,49.33
2026-08-22T01:46:03,114.33,49.58
2026-08-22T01:46:04,114.19,49.45
2026-08-22T01:46:05,114.56,49.81
2026-08-22T01:46:06,114.42,49.67
2026-08-22T01:46:07,114.51,49.76
2026-08-22T01:46:08,114.04,49.3
2026-08-22T01:46:09,114.74,49.98
2026-08-22T01:46:10,114.31,49.56
2026-08-22T01:46:11,114.11,49.36
2026-08-22T01:46:12,115.27,50.51
2026-08-22T01:46:13,115.82,51.05
2026-08-22T01:46:14,115.65,50.89
2026-08-22T01:46:15,116.66,51.88
2026-08-22T01:46:16,117.42,52.63
2026-08-22T01:46:17,118.25,53.44
2026-08-22T01:46:18,120.41,55.57
2026-08-22T01:46:19,121.92,57.07
2026-08-22T01:46:20,126.33,61.41
2026-08-22T01:46:21,128.14,63.19
2026-08-22T01:46:22,131.21,66.22
2026-08-22T01:46:23,133.01,67.99
2026-08-22T01:46:24,132.46,67.45
2026-08-22T01:46:25,130.46,65.49
2026-08-22T01:46:26,127.62,62.68
2026-08-22T01:46:27,125.58,60.67
2026-08-22T01:46:28,124.33,59.44
2026-08-22T01:46:29,122.41,57.55
2026-08-22T01:46:30,120.99,56.15
2026-08-22T01:46:31,119.72,54.9
2026-08-22T01:46:32,118.27,53.46
2026-08-22T01:46:33,117.58,52.78
2026-08-22T01:46:34,116.48,51.7
2026-08-22T01:46:35,115.74,50.97
2026-08-22T01:46:36,115.56,50.8
2026-08-22T01:46:37,114.94,50.18
2026-08-22T01:46:38,115.26,50.5
2026-08-22T01:46:39,114.29,49.54
2026-08-22T01:46:40,114.35,49.6
2026-08-22T01:46:41,114.66,49.9
2026-08-22T01:46:42,114.55,49.8
2026-08-22T01:46:43,114.53,49.78
2026-08-22T01:46:44,114.6,49.85
2026-08-22T01:46:45,114.27,49.53
2026-08-22T01:46:46,114.3,49.56
2026-08-22T01:46:47,114.61,49.86
2026-08-22T01:46:48,114.58,49.83
2026-08-22T01:46:49,115.12,50.36
2026-08-22T01:46:50,114.07,49.32
2026-08-22T01:46:51,114.84,50.09
2026-08-22T01:46:52,114.77,50.02
2026-08-22T01:46:53,114.36,49.61
2026-08-22T01:46:54,114.38,49.63
2026-08-22T01:46:55,114.42,49.67
2026-08-22T01:46:56,114.63,49.88
2026-08-22T01:46:57,114.04,49.3
2026-08-22T01:46:58,114.19,49.44
2026-08-22T01:46:59,114.79,50.03
2026-08-22T01:47:00,114.12,49.38
2026-08-22T01:47:01,113.99,49.24
2026-08-22T01:47:02,114.52,49.77
2026-08-22T01:47:03,114.01,49.26
2026-08-22T01:47:04,114.15,49.4
2026-08-22T01:47:05,114.53,49.78
2026-08-22T01:47:06,114.51,49.76
2026-08-22T01:47:07,114.23,49.48
2026-08-22T01:47:08,114.72,49.96
2026-08-22T01:47:09,114.13,49.39
2026-08-22T01:47:10,114.37,49.62
2026-08-22T01:47:11,114.48,49.73
2026-08-22T01:47:12,114.27,49.52
2026-08-22T01:47:13,114.55,49.8
2026-08-22T01:47:14,114.38,49.63
2026-08-22T01:47:15,114.48,49.73
2026-08-22T01:47:16,113.97,49.23
2026-08-22T01:47:17,114.57,49.82
2026-08-22T01:47:18,114.72,49.96
2026-08-22T01:47:19,114.95,50.2
2026-08-22T01:47:20,114.24,49.49
2026-08-22T01:47:21,114.37,49.62
2026-08-22T01:47:22,114.1,49.36
2026-08-22T01:47:23,114.44,49.69
2026-08-22T01:47:24,114.64,49.89
2026-08-22T01:47:25,114.56,49.81
2026-08-22T01:47:26,114.56,49.81
2026-08-22T01:47:27,114.44,49.69
2026-08-22T01:47:28,114.79,50.03
2026-08-22T01:47:29,114.54,49.79
2026-08-22T01:47:30,115.33,50.57
2026-08-22T01:47:31,115.69,50.92
2026-08-22T01:47:32,116.41,51.64
2026-08-22T01:47:33,117.42,52.63
2026-08-22T01:47:34,117.77,52.97
2026-08-22T01:47:35,119.2,54.38
2026-08-22T01:47:36,121.18,56.33
2026-08-22T01:47:37,121.98,57.12
2026-08-22T01:47:38,125.68,60.77
2026-08-22T01:47:39,127.7,62.77
2026-08-22T01:47:40,130.92,65.94
2026-08-22T01:47:41,123.19,58.31
2026-08-22T01:47:42,119.33,54.52
2026-08-22T01:47:43,117.31,52.52
2026-08-22T01:47:44,115.07,50.31
2026-08-22T01:47:45,115.02,50.26
2026-08-22T01:47:46,114.45,49.7
2026-08-22T01:47:47,114.34,49.59
2026-08-22T01:47:48,114.23,49.49
2026-08-22T01:47:49,114.18,49.43
2026-08-22T01:47:50,114.34,49.59
2026-08-22T01:47:51,114.38,49.63
2026-08-22T01:47:52,114.36,49.61
2026-08-22T01:47:53,114.14,49.4
2026-08-22T01:47:54,114.08,49.33
2026-08-22T01:47:55,113.9,49.16
2026-08-22T01:47:56,113.68,48.95
2026-08-22T01:47:57,113.96,49.22
2026-08-22T01:47:58,114.23,49.48
2026-08-22T01:47:59,113.8,49.06
2026-08-22T01:48:00,114.18,49.43
2026-08-22T01:48:01,114.42,49.67
2026-08-22T01:48:02,113.99,49.24
2026-08-22T01:48:03,115.01,50.25
2026-08-22T01:48:04,114.31,49.56
2026-08-22T01:48:05,114.14,49.39
2026-08-22T01:48:06,113.86,49.11
2026-08-22T01:48:07,114.57,49.82
2026-08-22T01:48:08,114.43,49.68
2026-08-22T01:48:09,114.66,49.91
2026-08-22T01:48:10,114.51,49.76
2026-08-22T01:48:11,114.37,49.62
2026-08-22T01:48:12,114.85,50.1
2026-08-22T01:48:13,114.66,49.9
2026-08-22T01:48:14,114.61,49.86
2026-08-22T01:48:15,114.56,49.81
2026-08-22T01:48:16,113.94,49.2
2026-08-22T01:48:17,113.74,49.0
2026-08-22T01:48:18,114.56,49.81
2026-08-22T01:48:19,114.62,49.86
2026-08-22T01:48:20,113.94,49.2
2026-08-22T01:48:21,114.4,49.65
2026-08-22T01:48:22,114.62,49.87
2026-08-22T01:48:23,114.43,49.68
2026-08-22T01:48:24,114.74,49.99
2026-08-22T01:48:25,114.72,49.96
2026-08-22T01:48:26,114.3,49.56
2026-08-22T01:48:27,114.36,49.62
2026-08-22T01:48:28,114.68,49.93
2026-08-22T01:48:29,114.99,50.24
2026-08-22T01:48:30,114.42,49.67
2026-08-22T01:48:31,114.74,49.99
2026-08-22T01:48:32,114.82,50.06
2026-08-22T01:48:33,114.24,49.49
2026-08-22T01:48:34,114.36,49.61
2026-08-22T01:48:35,114.24,49.49
2026-08-22T01:48:36,113.76,49.02
2026-08-22T01:48:37,114.61,49.86
2026-08-22T01:48:38,114.3,49.56
2026-08-22T01:48:39,114.39,49.64
2026-08-22T01:48:40,114.25,49.5
2026-08-22T01:48:41,114.76,50.01
2026-08-22T01:48:42,114.75,50.0
2026-08-22T01:48:43,114.77,50.02
2026-08-22T01:48:44,114.31,49.56
2026-08-22T01:48:45,114.77,50.02
2026-08-22T01:48:46,114.34,49.59
2026-08-22T01:48:47,114.26,49.52
2026-08-22T01:48:48,114.49,49.74
2026-08-22T01:48:49,114.82,50.06
2026-08-22T01:48:50,114.55,49.8
2026-08-22T01:48:51,114.18,49.43
2026-08-22T01:48:52,114.7,49.95
2026-08-22T01:48:53,115.04,50.28
2026-08-22T01:48:54,115.38,50.61
2026-08-22T01:48:55,114.76,50.0
2026-08-22T01:48:56,114.72,49.97
2026-08-22T01:48:57,114.63,49.87
2026-08-22T01:48:58,114.16,49.41
2026-08-22T01:48:59,114.65,49.9
2026-08-22T01:49:00,114.12,49.38
2026-08-22T01:49:01,114.34,49.6
2026-08-22T01:49:02,114.75,50.0
2026-08-22T01:49:03,114.49,49.74
2026-08-22T01:49:04,114.61,49.86
2026-08-22T01:49:05,114.32,49.57
2026-08-22T01:49:06,114.46,49.71
2026-08-22T01:49:07,114.18,49.43
2026-08-22T01:49:08,114.83,50.07
2026-08-22T01:49:09,114.12,49.38
2026-08-22T01:49:10,113.99,49.24
2026-08-22T01:49:11,114.57,49.81
2026-08-22T01:49:12,114.48,49.73
2026-08-22T01:49:13,114.3,49.55
2026-08-22T01:49:14,114.72,49.96
2026-08-22T01:49:15,114.48,49.72
2026-08-22T01:49:16,114.14,49.39
2026-08-22T01:49:17,114.17,49.42
2026-08-22T01:49:18,114.37,49.62
2026-08-22T01:49:19,114.33,49.58
2026-08-22T01:49:20,114.05,49.3
2026-08-22T01:49:21,115.13,50.37
2026-08-22T01:49:22,114.59,49.84
2026-08-22T01:49:23,114.49,49.74
2026-08-22T01:49:24,115.03,50.27
2026-08-22T01:49:25,114.58,49.83
2026-08-22T01:49:26,114.79,50.04
2026-08-22T01:49:27,115.8,51.03
2026-08-22T01:49:28,115.46,50.7
2026-08-22T01:49:29,115.34,50.58
2026-08-22T01:49:30,114.91,50.16
2026-08-22T01:49:31,114.81,50.06
2026-08-22T01:49:32,114.53,49.78
2026-08-22T01:49:33,114.66,49.9
2026-08-22T01:49:34,114.92,50.16
2026-08-22T01:49:35,114.94,50.18
2026-08-22T01:49:36,115.06,50.3
2026-08-22T01:49:37,114.45,49.7
2026-08-22T01:49:38,114.42,49.67
2026-08-22T01:49:39,114.79,50.04
2026-08-22T01:49:40,114.34,49.59
2026-08-22T01:49:41,115.02,50.26
2026-08-22T01:49:42,114.87,50.11
2026-08-22T01:49:43,115.13,50.37
2026-08-22T01:49:44,114.84,50.09
2026-08-22T01:49:45,114.11,49.36
2026-08-22T01:49:46,114.46,49.71
2026-08-22T01:49:47,115.23,50.47
2026-08-22T01:49:48,114.82,50.07
2026-08-22T01:49:49,114.35,49.6
2026-08-22T01:49:50,115.22,50.46
2026-08-22T01:49:51,115.22,50.46
2026-08-22T01:49:52,115.11,50.35
2026-08-22T01:49:53,115.24,50.47
2026-08-22T01:49:54,114.67,49.91
2026-08-22T01:49:55,114.85,50.1
2026-08-22T01:49:56,114.51,49.76
2026-08-22T01:49:57,114.75,50.0
2026-08-22T01:49:58,115.03,50.27
2026-08-22T01:49:59,114.47,49.72
2026-08-22T01:50:00,114.95,50.19
2026-08-22T01:50:01,115.87,51.1
2026-08-22T01:50:02,116.37,51.6
2026-08-22T01:50:03,114.82,50.06
2026-08-22T01:50:04,115.11,50.35
2026-08-22T01:50:05,114.64,49.89
2026-08-22T01:50:06,114.86,50.1
2026-08-22T01:50:07,114.62,49.87
2026-08-22T01:50:08,114.46,49.71
2026-08-22T01:50:09,114.54,49.78
2026-08-22T01:50:10,115.13,50.37
2026-08-22T01:50:11,114.8,50.04
2026-08-22T01:50:12,114.95,50.19
2026-08-22T01:50:13,114.37,49.62
2026-08-22T01:50:14,114.81,50.06
2026-08-22T01:50:15,114.76,50.0
2026-08-22T01:50:16,114.42,49.67
2026-08-22T01:50:17,114.29,49.54
2026-08-22T01:50:18,114.34,49.59
2026-08-22T01:50:19,114.73,49.98
2026-08-22T01:50:20,114.66,49.91
2026-08-22T01:50:21,114.62,49.87
2026-08-22T01:50:22,114.21,49.46
2026-08-22T01:50:23,114.19,49.45
2026-08-22T01:50:24,114.65,49.89
2026-08-22T01:50:25,114.18,49.44
2026-08-22T01:50:26,114.73,49.97
2026-08-22T01:50:27,115.09,50.33
2026-08-22T01:50:28,114.88,50.13
2026-08-22T01:50:29,114.61,49.85
2026-08-22T01:50:30,114.5,49.75
2026-08-22T01:50:31,114.82,50.06
2026-08-22T01:50:32,114.91,50.15
2026-08-22T01:50:33,114.98,50.23
2026-08-22T01:50:34,114.91,50.16
2026-08-22T01:50:35,115.04,50.28
2026-08-22T01:50:36,116.22,51.44
2026-08-22T01:50:37,118.05,53.24
2026-08-22T01:50:38,120.45,55.61
2026-08-22T01:50:39,121.16,56.32
2026-08-22T01:50:40,124.36,59.47
2026-08-22T01:50:41,127.21,62.28
2026-08-22T01:50:42,129.02,64.06
2026-08-22T01:50:43,124.46,59.57
2026-08-22T01:50:44,120.08,55.25
2026-08-22T01:50:45,117.93,53.13
2026-08-22T01:50:46,116.51,51.73
2026-08-22T01:50:47,115.67,50.9
2026-08-22T01:50:48,114.71,49.95
2026-08-22T01:50:49,115.49,50.73
2026-08-22T01:50:50,115.32,50.55
2026-08-22T01:50:51,114.6,49.85
2026-08-22T01:50:52,114.92,50.16
2026-08-22T01:50:53,114.66,49.9
2026-08-22T01:50:54,114.97,50.21
2026-08-22T01:50:55,115.14,50.38
2026-08-22T01:50:56,115.58,50.81
2026-08-22T01:50:57,115.23,50.47
2026-08-22T01:50:58,115.67,50.9
2026-08-22T01:50:59,116.27,51.49
2026-08-22T01:51:00,117.83,53.03
2026-08-22T01:51:01,117.95,53.15
2026-08-22T01:51:02,119.49,54.67
2026-08-22T01:51:03,120.51,55.67
2026-08-22T01:51:04,120.87,56.03
2026-08-22T01:51:05,121.26,56.41
2026-08-22T01:51:06,121.73,56.87
2026-08-22T01:51:07,120.51,55.68
2026-08-22T01:51:08,118.47,53.66
2026-08-22T01:51:09,117.66,52.87
2026-08-22T01:51:10,116.69,51.91
2026-08-22T01:51:11,116.27,51.49
2026-08-22T01:51:12,115.05,50.29
2026-08-22T01:51:13,115.29,50.52
2026-08-22T01:51:14,114.71,49.96
2026-08-22T01:51:15,115.13,50.37
2026-08-22T01:51:16,114.29,49.54
2026-08-22T01:51:17,114.46,49.71
2026-08-22T01:51:18,114.69,49.93
2026-08-22T01:51:19,115.51,50.74
2026-08-22T01:51:20,117.12,52.33
2026-08-22T01:51:21,116.42,51.64
2026-08-22T01:51:22,116.83,52.04
2026-08-22T01:51:23,116.13,51.36
2026-08-22T01:51:24,116.11,51.34
2026-08-22T01:51:25,116.1,51.32
2026-08-22T01:51:26,115.73,50.96
2026-08-22T01:51:27,115.38,50.62
2026-08-22T01:51:28,116.15,51.38
2026-08-22T01:51:29,116.62,51.84
2026-08-22T01:51:30,115.71,50.94
2026-08-22T01:51:31,116.96,52.17
2026-08-22T01:51:32,119.46,54.64
2026-08-22T01:51:33,115.81,51.04
2026-08-22T01:51:34,115.32,50.56
2026-08-22T01:51:35,115.7,50.94
2026-08-22T01:51:36,115.79,51.02
2026-08-22T01:51:37,115.06,50.3
2026-08-22T01:51:38,115.02,50.26
2026-08-22T01:51:39,114.48,49.73
2026-08-22T01:51:40,114.28,49.54
2026-08-22T01:51:41,114.84,50.08
2026-08-22T01:51:42,114.65,49.89
2026-08-22T01:51:43,114.12,49.37
2026-08-22T01:51:44,114.42,49.67
2026-08-22T01:51:45,115.21,50.45
2026-08-22T01:51:46,115.33,50.57
2026-08-22T01:51:47,115.03,50.27
2026-08-22T01:51:48,114.96,50.2
2026-08-22T01:51:49,115.22,50.46
2026-08-22T01:51:50,115.35,50.59
2026-08-22T01:51:51,114.63,49.88
2026-08-22T01:51:52,114.45,49.7
2026-08-22T01:51:53,114.42,49.67
2026-08-22T01:51:54,114.77,50.02
2026-08-22T01:51:55,114.56,49.81
2026-08-22T01:51:56,114.88,50.12
2026-08-22T01:51:57,115.01,50.25
2026-08-22T01:51:58,115.0,50.24
2026-08-22T01:51:59,114.86,50.1
2026-08-22T01:52:00,114.45,49.7
2026-08-22T01:52:01,114.75,50.0
2026-08-22T01:52:02,114.71,49.96
2026-08-22T01:52:03,114.63,49.88
2026-08-22T01:52:04,114.64,49.89
2026-08-22T01:52:05,114.27,49.52
2026-08-22T01:52:06,114.5,49.75
2026-08-22T01:52:07,114.52,49.77
2026-08-22T01:52:08,115.06,50.3
2026-08-22T01:52:09,115.09,50.33
2026-08-22T01:52:10,114.74,49.99
2026-08-22T01:52:11,114.88,50.12
2026-08-22T01:52:12,115.02,50.26
2026-08-22T01:52:13,115.82,51.05
2026-08-22T01:52:14,116.11,51.34
2026-08-22T01:52:15,116.45,51.68
2026-08-22T01:52:16,117.4,52.61
2026-08-22T01:52:17,120.87,56.03
2026-08-22T01:52:18,123.09,58.22
2026-08-22T01:52:19,126.49,61.57
2026-08-22T01:52:20,127.26,62.33
2026-08-22T01:52:21,125.28,60.38
2026-08-22T01:52:22,121.14,56.29
2026-08-22T01:52:23,118.09,53.29
2026-08-22T01:52:24,116.6,51.82
2026-08-22T01:52:25,116.89,52.11
2026-08-22T01:52:26,115.82,51.05
2026-08-22T01:52:27,115.03,50.28
2026-08-22T01:52:28,115.48,50.71
2026-08-22T01:52:29,115.08,50.32
2026-08-22T01:52:30,115.32,50.56
2026-08-22T01:52:31,114.77,50.02
2026-08-22T01:52:32,114.57,49.82
2026-08-22T01:52:33,114.82,50.07
2026-08-22T01:52:34,115.09,50.33
2026-08-22T01:52:35,114.79,50.04
2026-08-22T01:52:36,114.62,49.86
2026-08-22T01:52:37,114.59,49.84
2026-08-22T01:52:38,114.57,49.81
2026-08-22T01:52:39,114.57,49.82
2026-08-22T01:52:40,114.54,49.79
2026-08-22T01:52:41,114.32,49.57
2026-08-22T01:52:42,114.56,49.81
2026-08-22T01:52:43,115.03,50.27
2026-08-22T01:52:44,114.15,49.41
2026-08-22T01:52:45,114.26,49.52
2026-08-22T01:52:46,114.53,49.78
2026-08-22T01:52:47,114.22,49.47
2026-08-22T01:52:48,114.78,50.02
2026-08-22T01:52:49,114.22,49.47
2026-08-22T01:52:50,114.87,50.11
2026-08-22T01:52:51,114.68,49.92
2026-08-22T01:52:52,114.84,50.09
2026-08-22T01:52:53,115.32,50.56
2026-08-22T01:52:54,116.29,51.51
2026-08-22T01:52:55,116.06,51.28
2026-08-22T01:52:56,116.72,51.94
2026-08-22T01:52:57,117.94,53.14
2026-08-22T01:52:58,121.2,56.35
2026-08-22T01:52:59,123.85,58.96
2026-08-22T01:53:00,125.36,60.45
2026-08-22T01:53:01,126.17,61.26
2026-08-22T01:53:02,126.28,61.36
2026-08-22T01:53:03,126.63,61.71
2026-08-22T01:53:04,123.94,59.05
2026-08-22T01:53:05,121.11,56.27
2026-08-22T01:53:06,120.25,55.42
2026-08-22T01:53:07,118.32,53.52
2026-08-22T01:53:08,117.59,52.8
2026-08-22T01:53:09,117.18,52.39
2026-08-22T01:53:10,117.45,52.66
2026-08-22T01:53:11,116.26,51.49
2026-08-22T01:53:12,116.0,51.23
2026-08-22T01:53:13,115.46,50.7
2026-08-22T01:53:14,115.42,50.66
2026-08-22T01:53:15,115.19,50.43
2026-08-22T01:53:16,115.35,50.59
2026-08-22T01:53:17,114.95,50.2
2026-08-22T01:53:18,115.25,50.49
2026-08-22T01:53:19,114.79,50.03
2026-08-22T01:53:20,114.28,49.53
2026-08-22T01:53:21,115.45,50.69
2026-08-22T01:53:22,114.32,49.58
2026-08-22T01:53:23,114.56,49.81
2026-08-22T01:53:24,114.86,50.11
2026-08-22T01:53:25,114.64,49.89
2026-08-22T01:53:26,114.54,49.79
2026-08-22T01:53:27,114.76,50.0
2026-08-22T01:53:28,114.5,49.75
2026-08-22T01:53:29,114.44,49.69
2026-08-22T01:53:30,114.48,49.73
2026-08-22T01:53:31,114.48,49.73
2026-08-22T01:53:32,114.74,49.99
2026-08-22T01:53:33,114.85,50.1
2026-08-22T01:53:34,113.93,49.19
2026-08-22T01:53:35,114.27,49.52
2026-08-22T01:53:36,114.78,50.02
2026-08-22T01:53:37,114.59,49.84
2026-08-22T01:53:38,114.85,50.1
2026-08-22T01:53:39,114.32,49.57
2026-08-22T01:53:40,114.14,49.39
2026-08-22T01:53:41,115.06,50.3
2026-08-22T01:53:42,114.89,50.13
2026-08-22T01:53:43,115.7,50.93
2026-08-22T01:53:44,115.79,51.02
2026-08-22T01:53:45,116.04,51.26
2026-08-22T01:53:46,116.68,51.89
2026-08-22T01:53:47,118.46,53.65
2026-08-22T01:53:48,121.02,56.17
2026-08-22T01:53:49,122.58,57.72
2026-08-22T01:53:50,126.02,61.1
2026-08-22T01:53:51,127.69,62.75
2026-08-22T01:53:52,129.77,64.8
2026-08-22T01:53:53,122.09,57.23
2026-08-22T01:53:54,118.46,53.65
2026-08-22T01:53:55,116.63,51.85
2026-08-22T01:53:56,115.77,51.0
2026-08-22T01:53:57,114.87,50.12
2026-08-22T01:53:58,115.31,50.55
2026-08-22T01:53:59,115.21,50.45
2026-08-22T01:54:00,114.94,50.19
2026-08-22T01:54:01,114.29,49.54
2026-08-22T01:54:02,114.23,49.48
2026-08-22T01:54:03,114.76,50.0
2026-08-22T01:54:04,114.73,49.97
2026-08-22T01:54:05,114.34,49.59
2026-08-22T01:54:06,114.53,49.77
2026-08-22T01:54:07,114.57,49.82
2026-08-22T01:54:08,114.52,49.77
2026-08-22T01:54:09,114.26,49.52
2026-08-22T01:54:10,114.64,49.89
2026-08-22T01:54:11,114.51,49.76
2026-08-22T01:54:12,114.3,49.55
2026-08-22T01:54:13,114.73,49.98
2026-08-22T01:54:14,114.45,49.7
2026-08-22T01:54:15,114.16,49.41
2026-08-22T01:54:16,114.64,49.88
2026-08-22T01:54:17,115.24,50.48
2026-08-22T01:54:18,114.23,49.48
2026-08-22T01:54:19,113.81,49.07
2026-08-22T01:54:20,114.33,49.58
2026-08-22T01:54:21,114.69,49.94
2026-08-22T01:54:22,114.85,50.09
2026-08-22T01:54:23,114.47,49.72
2026-08-22T01:54:24,114.6,49.85
2026-08-22T01:54:25,115.35,50.58
2026-08-22T01:54:26,114.6,49.85
2026-08-22T01:54:27,114.41,49.66
2026-08-22T01:54:28,114.6,49.85
2026-08-22T01:54:29,113.62,48.88
2026-08-22T01:54:30,114.41,49.66
2026-08-22T01:54:31,114.64,49.89
2026-08-22T01:54:32,114.61,49.85
2026-08-22T01:54:33,115.13,50.37
2026-08-22T01:54:34,114.54,49.79
2026-08-22T01:54:35,114.52,49.76
2026-08-22T01:54:36,114.45,49.7
2026-08-22T01:54:37,114.84,50.08
2026-08-22T01:54:38,114.58,49.83
2026-08-22T01:54:39,114.42,49.67
2026-08-22T01:54:40,114.23,49.49
2026-08-22T01:54:41,114.62,49.86
2026-08-22T01:54:42,114.29,49.54
2026-08-22T01:54:43,114.14,49.4
2026-08-22T01:54:44,114.3,49.55
2026-08-22T01:54:45,114.09,49.35
2026-08-22T01:54:46,114.55,49.8
2026-08-22T01:54:47,113.9,49.16
2026-08-22T01:54:48,114.62,49.86
2026-08-22T01:54:49,114.75,50.0
2026-08-22T01:54:50,114.39,49.64
2026-08-22T01:54:51,114.71,49.96
2026-08-22T01:54:52,115.22,50.46
2026-08-22T01:54:53,114.94,50.18
2026-08-22T01:54:54,114.29,49.54
2026-08-22T01:54:55,115.06,50.3
2026-08-22T01:54:56,114.41,49.66
2026-08-22T01:54:57,114.04,49.3
2026-08-22T01:54:58,115.17,50.41
2026-08-22T01:54:59,114.39,49.64
2026-08-22T01:55:00,114.53,49.78
2026-08-22T01:55:01,114.82,50.07
2026-08-22T01:55:02,114.63,49.88
2026-08-22T01:55:03,114.96,50.21
2026-08-22T01:55:04,114.52,49.77
2026-08-22T01:55:05,115.06,50.3
2026-08-22T01:55:06,114.25,49.5
2026-08-22T01:55:07,114.58,49.83
2026-08-22T01:55:08,113.72,48.98
2026-08-22T01:55:09,113.5,48.77
2026-08-22T01:55:10,114.72,49.97
2026-08-22T01:55:11,114.62,49.87
2026-08-22T01:55:12,114.19,49.44
2026-08-22T01:55:13,114.15,49.4
2026-08-22T01:55:14,114.76,50.01
2026-08-22T01:55:15,114.83,50.07
2026-08-22T01:55:16,114.81,50.05
2026-08-22T01:55:17,113.92,49.18
2026-08-22T01:55:18,114.43,49.68
2026-08-22T01:55:19,114.59,49.84
2026-08-22T01:55:20,114.62,49.87
2026-08-22T01:55:21,114.54,49.79
2026-08-22T01:55:22,114.34,49.59
2026-08-22T01:55:23,114.6,49.84
2026-08-22T01:55:24,115.22,50.46
2026-08-22T01:55:25,114.28,49.54
2026-08-22T01:55:26,113.88,49.14
2026-08-22T01:55:27,114.06,49.32
2026-08-22T01:55:28,114.44,49.69
2026-08-22T01:55:29,114.96,50.2
2026-08-22T01:55:30,114.38,49.63
2026-08-22T01:55:31,114.5,49.75
2026-08-22T01:55:32,114.3,49.55
2026-08-22T01:55:33,114.8,50.05
2026-08-22T01:55:34,114.33,49.59
2026-08-22T01:55:35,114.63,49.87
2026-08-22T01:55:36,114.18,49.44
2026-08-22T01:55:37,114.31,49.56
2026-08-22T01:55:38,113.62,48.88
2026-08-22T01:55:39,114.07,49.32
2026-08-22T01:55:40,114.4,49.65
2026-08-22T01:55:41,114.18,49.43
2026-08-22T01:55:42,114.25,49.51
2026-08-22T01:55:43,113.82,49.08
2026-08-22T01:55:44,114.01,49.26
2026-08-22T01:55:45,114.1,49.35
2026-08-22T01:55:46,113.79,49.05
2026-08-22T01:55:47,114.43,49.68
2026-08-22T01:55:48,114.27,49.52
2026-08-22T01:55:49,113.96,49.22
2026-08-22T01:55:50,114.11,49.37
2026-08-22T01:55:51,114.77,50.02
2026-08-22T01:55:52,114.75,50.0
2026-08-22T01:55:53,113.93,49.18
2026-08-22T01:55:54,114.14,49.4
2026-08-22T01:55:55,114.96,50.21
2026-08-22T01:55:56,114.08,49.33
2026-08-22T01:55:57,113.84,49.1
2026-08-22T01:55:58,114.39,49.64
2026-08-22T01:55:59,113.88,49.14
2026-08-22T01:56:00,114.44,49.69
2026-08-22T01:56:01,114.12,49.38
2026-08-22T01:56:02,114.05,49.31
2026-08-22T01:56:03,114.22,49.47
2026-08-22T01:56:04,114.24,49.49
2026-08-22T01:56:05,113.61,48.88
2026-08-22T01:56:06,114.06,49.32
2026-08-22T01:56:07,113.57,48.83
2026-08-22T01:56:08,114.21,49.47
2026-08-22T01:56:09,114.27,49.52
2026-08-22T01:56:10,114.23,49.49
2026-08-22T01:56:11,114.88,50.12
2026-08-22T01:56:12,114.62,49.87
2026-08-22T01:56:13,114.91,50.15
2026-08-22T01:56:14,114.92,50.16
2026-08-22T01:56:15,115.92,51.15
2026-08-22T01:56:16,116.25,51.47
2026-08-22T01:56:17,117.08,52.29
2026-08-22T01:56:18,119.86,55.03
2026-08-22T01:56:19,122.42,57.56
2026-08-22T01:56:20,124.15,59.26
2026-08-22T01:56:21,126.62,61.7
2026-08-22T01:56:22,128.55,63.59
2026-08-22T01:56:23,122.89,58.02
2026-08-22T01:56:24,119.24,54.42
2026-08-22T01:56:25,117.41,52.61
2026-08-22T01:56:26,115.76,50.99
2026-08-22T01:56:27,115.7,50.93
2026-08-22T01:56:28,114.43,49.68
2026-08-22T01:56:29,114.92,50.17
2026-08-22T01:56:30,115.01,50.25
2026-08-22T01:56:31,114.68,49.93
2026-08-22T01:56:32,114.05,49.3
2026-08-22T01:56:33,114.08,49.34
2026-08-22T01:56:34,114.0,49.26
2026-08-22T01:56:35,114.5,49.75
2026-08-22T01:56:36,113.7,48.96
2026-08-22T01:56:37,114.41,49.66
2026-08-22T01:56:38,114.74,49.99
2026-08-22T01:56:39,114.01,49.27
2026-08-22T01:56:40,113.61,48.87
2026-08-22T01:56:41,113.8,49.06
2026-08-22T01:56:42,114.57,49.82
2026-08-22T01:56:43,114.17,49.42
2026-08-22T01:56:44,114.04,49.3
2026-08-22T01:56:45,114.02,49.27
2026-08-22T01:56:46,115.07,50.31
2026-08-22T01:56:47,114.48,49.72
2026-08-22T01:56:48,114.61,49.86
2026-08-22T01:56:49,114.6,49.84
2026-08-22T01:56:50,114.49,49.74
2026-08-22T01:56:51,114.67,49.92
2026-08-22T01:56:52,113.58,48.84
2026-08-22T01:56:53,114.2,49.46
2026-08-22T01:56:54,114.24,49.5
2026-08-22T01:56:55,113.54,48.81
2026-08-22T01:56:56,114.75,49.99
2026-08-22T01:56:57,113.89,49.15
2026-08-22T01:56:58,113.94,49.19
2026-08-22T01:56:59,114.34,49.59
2026-08-22T01:57:00,114.68,49.93
2026-08-22T01:57:01,114.29,49.54
2026-08-22T01:57:02,114.1,49.35
2026-08-22T01:57:03,114.68,49.93
2026-08-22T01:57:04,114.49,49.74
2026-08-22T01:57:05,114.75,50.0
2026-08-22T01:57:06,114.39,49.64
2026-08-22T01:57:07,114.22,49.47
2026-08-22T01:57:08,113.51,48.77
2026-08-22T01:57:09,114.34,49.6
2026-08-22T01:57:10,113.98,49.24
2026-08-22T01:57:11,114.63,49.88
2026-08-22T01:57:12,113.71,48.97
2026-08-22T01:57:13,113.96,49.22
2026-08-22T01:57:14,114.52,49.77
2026-08-22T01:57:15,114.57,49.82
2026-08-22T01:57:16,113.69,48.96
2026-08-22T01:57:17,113.94,49.2
2026-08-22T01:57:18,114.57,49.82
2026-08-22T01:57:19,114.22,49.47
2026-08-22T01:57:20,114.44,49.69
2026-08-22T01:57:21,114.23,49.48
2026-08-22T01:57:22,114.41,49.66
2026-08-22T01:57:23,113.82,49.08
2026-08-22T01:57:24,114.09,49.35
2026-08-22T01:57:25,114.15,49.41
2026-08-22T01:57:26,113.51,48.78
2026-08-22T01:57:27,113.9,49.16
2026-08-22T01:57:28,114.11,49.36
2026-08-22T01:57:29,113.98,49.24
2026-08-22T01:57:30,114.65,49.89
2026-08-22T01:57:31,113.96,49.22
2026-08-22T01:57:32,114.12,49.37
2026-08-22T01:57:33,113.84,49.1
2026-08-22T01:57:34,114.31,49.57
2026-08-22T01:57:35,114.59,49.84
2026-08-22T01:57:36,114.56,49.81
2026-08-22T01:57:37,114.55,49.8
2026-08-22T01:57:38,114.29,49.54
2026-08-22T01:57:39,114.96,50.2
2026-08-22T01:57:40,114.16,49.42
2026-08-22T01:57:41,114.37,49.63
2026-08-22T01:57:42,113.78,49.04
2026-08-22T01:57:43,114.58,49.83
2026-08-22T01:57:44,114.28,49.53
2026-08-22T01:57:45,114.2,49.46
2026-08-22T01:57:46,114.32,49.57
2026-08-22T01:57:47,114.11,49.37
2026-08-22T01:57:48,113.88,49.13
2026-08-22T01:57:49,114.3,49.55
2026-08-22T01:57:50,114.7,49.94
2026-08-22T01:57:51,114.08,49.33
2026-08-22T01:57:52,114.63,49.88
2026-08-22T01:57:53,114.7,49.95
2026-08-22T01:57:54,114.15,49.41
2026-08-22T01:57:55,114.67,49.91
2026-08-22T01:57:56,114.79,50.03
2026-08-22T01:57:57,113.29,48.56
2026-08-22T01:57:58,113.74,49.0
2026-08-22T01:57:59,114.05,49.31
2026-08-22T01:58:00,114.63,49.87
2026-08-22T01:58:01,114.61,49.86
2026-08-22T01:58:02,114.21,49.46
2026-08-22T01:58:03,114.07,49.32
2026-08-22T01:58:04,114.09,49.35
2026-08-22T01:58:05,114.96,50.21
2026-08-22T01:58:06,114.84,50.08
2026-08-22T01:58:07,114.43,49.68
2026-08-22T01:58:08,114.12,49.38
2026-08-22T01:58:09,114.1,49.35
2026-08-22T01:58:10,114.27,49.52
2026-08-22T01:58:11,114.33,49.58
2026-08-22T01:58:12,114.54,49.79
2026-08-22T01:58:13,113.99,49.24
2026-08-22T01:58:14,113.61,48.87
2026-08-22T01:58:15,113.99,49.24
2026-08-22T01:58:16,114.97,50.22
2026-08-22T01:58:17,114.59,49.83
2026-08-22T01:58:18,113.9,49.16
2026-08-22T01:58:19,114.07,49.32
2026-08-22T01:58:20,114.25,49.5
2026-08-22T01:58:21,114.11,49.36
2026-08-22T01:58:22,113.92,49.17
2026-08-22T01:58:23,114.15,49.41
2026-08-22T01:58:24,113.96,49.21
2026-08-22T01:58:25,114.8,50.04
2026-08-22T01:58:26,114.26,49.51
2026-08-22T01:58:27,115.33,50.57
2026-08-22T01:58:28,114.67,49.91
2026-08-22T01:58:29,114.4,49.65
2026-08-22T01:58:30,114.75,50.0
2026-08-22T01:58:31,114.37,49.62
2026-08-22T01:58:32,114.2,49.45
2026-08-22T01:58:33,114.24,49.49
2026-08-22T01:58:34,114.02,49.28
2026-08-22T01:58:35,113.77,49.03
2026-08-22T01:58:36,114.6,49.85
2026-08-22T01:58:37,113.65,48.91
2026-08-22T01:58:38,114.03,49.29
2026-08-22T01:58:39,114.12,49.37
2026-08-22T01:58:40,113.73,48.99
2026-08-22T01:58:41,114.31,49.57
2026-08-22T01:58:42,114.09,49.34
2026-08-22T01:58:43,114.05,49.31
2026-08-22T01:58:44,114.11,49.37
2026-08-22T01:58:45,114.03,49.28
2026-08-22T01:58:46,114.27,49.53
2026-08-22T01:58:47,113.88,49.14
2026-08-22T01:58:48,114.08,49.34
2026-08-22T01:58:49,114.21,49.46
2026-08-22T01:58:50,113.97,49.22
2026-08-22T01:58:51,113.99,49.25
2026-08-22T01:58:52,113.89,49.15
2026-08-22T01:58:53,113.64,48.9
2026-08-22T01:58:54,114.54,49.78
2026-08-22T01:58:55,114.5,49.75
2026-08-22T01:58:56,114.48,49.73
2026-08-22T01:58:57,114.86,50.1
2026-08-22T01:58:58,114.02,49.28
2026-08-22T01:58:59,113.6,48.86
2026-08-22T01:59:00,114.0,49.25
2026-08-22T01:59:01,114.02,49.28
2026-08-22T01:59:02,114.41,49.66
2026-08-22T01:59:03,113.88,49.14
2026-08-22T01:59:04,114.36,49.61
2026-08-22T01:59:05,113.99,49.25
2026-08-22T01:59:06,113.99,49.25
2026-08-22T01:59:07,113.93,49.18
2026-08-22T01:59:08,113.82,49.08
2026-08-22T01:59:09,114.32,49.57
2026-08-22T01:59:10,113.86,49.12
2026-08-22T01:59:11,113.65,48.92
2026-08-22T01:59:12,114.55,49.8
2026-08-22T01:59:13,114.02,49.28
2026-08-22T01:59:14,114.28,49.53
2026-08-22T01:59:15,114.26,49.51
2026-08-22T01:59:16,113.67,48.93
2026-08-22T01:59:17,114.39,49.64
2026-08-22T01:59:18,114.59,49.84
2026-08-22T01:59:19,114.11,49.37
2026-08-22T01:59:20,113.67,48.94
2026-08-22T01:59:21,114.48,49.73
2026-08-22T01:59:22,114.61,49.86
2026-08-22T01:59:23,114.2,49.45
2026-08-22T01:59:24,113.77,49.03
2026-08-22T01:59:25,113.92,49.18
2026-08-22T01:59:26,114.24,49.49
2026-08-22T01:59:27,113.76,49.02
2026-08-22T01:59:28,114.09,49.35
2026-08-22T01:59:29,113.86,49.12
2026-08-22T01:59:30,113.84,49.1
2026-08-22T01:59:31,113.62,48.89
2026-08-22T01:59:32,113.93,49.19
2026-08-22T01:59:33,114.22,49.48
2026-08-22T01:59:34,113.92,49.18
2026-08-22T01:59:35,113.97,49.23
2026-08-22T01:59:36,113.77,49.03
2026-08-22T01:59:37,114.18,49.44
2026-08-22T01:59:38,113.79,49.05
2026-08-22T01:59:39,114.36,49.61
2026-08-22T01:59:40,113.9,49.16
2026-08-22T01:59:41,113.87,49.13
2026-08-22T01:59:42,113.72,48.98
2026-08-22T01:59:43,113.99,49.24
2026-08-22T01:59:44,114.11,49.37
2026-08-22T01:59:45,114.04,49.29
2026-08-22T01:59:46,114.76,50.01
2026-08-22T01:59:47,113.54,48.8
2026-08-22T01:59:48,113.72,48.98
2026-08-22T01:59:49,113.88,49.14
2026-08-22T01:59:50,114.11,49.37
2026-08-22T01:59:51,113.82,49.08
2026-08-22T01:59:52,113.89,49.15
2026-08-22T01:59:53,114.39,49.64
2026-08-22T01:59:54,113.66,48.92
2026-08-22T01:59:55,114.28,49.53
2026-08-22T01:59:56,114.31,49.57
2026-08-22T01:59:57,114.0,49.26
2026-08-22T01:59:58,114.15,49.41
2026-08-22T01:59:59,113.57,48.83
2026-08-22T02:00:00,113.84,49.1
2026-08-22T02:00:01,114.24,49.49
2026-08-22T02:00:02,113.17,48.44
2026-08-22T02:00:03,113.85,49.11
2026-08-22T02:00:04,114.58,49.83
2026-08-22T02:00:05,113.7,48.96
2026-08-22T02:00:06,114.47,49.72
2026-08-22T02:00:07,114.2,49.46
2026-08-22T02:00:08,114.55,49.79
2026-08-22T02:00:09,113.78,49.04
2026-08-22T02:00:10,114.26,49.51
2026-08-22T02:00:11,113.49,48.75
2026-08-22T02:00:12,113.76,49.02
2026-08-22T02:00:13,114.25,49.5
2026-08-22T02:00:14,113.67,48.93
2026-08-22T02:00:15,114.31,49.56
2026-08-22T02:00:16,115.02,50.27
2026-08-22T02:00:17,114.08,49.33
2026-08-22T02:00:18,114.21,49.47
2026-08-22T02:00:19,113.5,48.77
2026-08-22T02:00:20,113.73,48.99
2026-08-22T02:00:21,114.31,49.56
2026-08-22T02:00:22,114.05,49.31
2026-08-22T02:00:23,113.85,49.1
2026-08-22T02:00:24,114.18,49.43
2026-08-22T02:00:25,113.64,48.9
2026-08-22T02:00:26,113.95,49.21
2026-08-22T02:00:27,114.25,49.51
2026-08-22T02:00:28,113.83,49.09
2026-08-22T02:00:29,114.12,49.37
2026-08-22T02:00:30,114.54,49.79
2026-08-22T02:00:31,114.05,49.31
2026-08-22T02:00:32,114.1,49.36
2026-08-22T02:00:33,114.31,49.56
2026-08-22T02:00:34,113.79,49.05
2026-08-22T02:00:35,113.75,49.01
2026-08-22T02:00:36,113.87,49.13
2026-08-22T02:00:37,113.73,48.99
2026-08-22T02:00:38,114.19,49.44
2026-08-22T02:00:39,114.27,49.52
2026-08-22T02:00:40,114.83,50.07
2026-08-22T02:00:41,114.35,49.6
2026-08-22T02:00:42,113.47,48.73
2026-08-22T02:00:43,113.53,48.79
2026-08-22T02:00:44,113.97,49.23
2026-08-22T02:00:45,114.01,49.26
2026-08-22T02:00:46,113.64,48.9
2026-08-22T02:00:47,113.83,49.09
2026-08-22T02:00:48,114.25,49.5
2026-08-22T02:00:49,114.52,49.77
2026-08-22T02:00:50,114.29,49.54
2026-08-22T02:00:51,113.69,48.95
2026-08-22T02:00:52,113.49,48.75
2026-08-22T02:00:53,114.08,49.34
2026-08-22T02:00:54,114.07,49.32
2026-08-22T02:00:55,113.53,48.79
2026-08-22T02:00:56,113.96,49.21
2026-08-22T02:00:57,114.31,49.57
2026-08-22T02:00:58,114.0,49.26
2026-08-22T02:00:59,113.84,49.09
2026-08-22T02:01:00,113.75,49.01
2026-08-22T02:01:01,114.23,49.48
2026-08-22T02:01:02,114.05,49.31
2026-08-22T02:01:03,113.8,49.06
2026-08-22T02:01:04,113.99,49.24
2026-08-22T02:01:05,114.04,49.3
2026-08-22T02:01:06,114.43,49.68
2026-08-22T02:01:07,114.0,49.25
2026-08-22T02:01:08,114.14,49.39
2026-08-22T02:01:09,114.82,50.06
2026-08-22T02:01:10,114.08,49.34
2026-08-22T02:01:11,113.83,49.09
2026-08-22T02:01:12,114.21,49.46
2026-08-22T02:01:13,114.03,49.29
2026-08-22T02:01:14,114.08,49.33
2026-08-22T02:01:15,114.4,49.65
2026-08-22T02:01:16,114.01,49.27
2026-08-22T02:01:17,114.29,49.54
2026-08-22T02:01:18,114.07,49.32
2026-08-22T02:01:19,114.43,49.68
2026-08-22T02:01:20,114.06,49.31
2026-08-22T02:01:21,114.21,49.47
2026-08-22T02:01:22,114.14,49.39
2026-08-22T02:01:23,114.52,49.77
2026-08-22T02:01:24,113.65,48.91
2026-08-22T02:01:25,113.95,49.21
2026-08-22T02:01:26,113.91,49.16
2026-08-22T02:01:27,113.74,49.0
2026-08-22T02:01:28,113.49,48.75
2026-08-22T02:01:29,113.99,49.25
2026-08-22T02:01:30,114.25,49.5
2026-08-22T02:01:31,114.47,49.72
2026-08-22T02:01:32,113.71,48.97
2026-08-22T02:01:33,114.09,49.34
2026-08-22T02:01:34,114.7,49.95
2026-08-22T02:01:35,114.16,49.41
2026-08-22T02:01:36,114.51,49.76
2026-08-22T02:01:37,113.88,49.14
2026-08-22T02:01:38,114.14,49.39
2026-08-22T02:01:39,114.26,49.52
2026-08-22T02:01:40,113.76,49.02
2026-08-22T02:01:41,114.06,49.31
2026-08-22T02:01:42,113.74,49.0
2026-08-22T02:01:43,114.38,49.63
2026-08-22T02:01:44,114.5,49.75
2026-08-22T02:01:45,114.54,49.79
2026-08-22T02:01:46,114.09,49.35
2026-08-22T02:01:47,114.27,49.52
2026-08-22T02:01:48,113.73,48.99
2026-08-22T02:01:49,114.16,49.41
2026-08-22T02:01:50,114.53,49.77
2026-08-22T02:01:51,113.99,49.25
2026-08-22T02:01:52,114.26,49.51
2026-08-22T02:01:53,115.12,50.37
2026-08-22T02:01:54,114.36,49.61
2026-08-22T02:01:55,114.7,49.94
2026-08-22T02:01:56,113.69,48.95
2026-08-22T02:01:57,114.52,49.77
2026-08-22T02:01:58,113.8,49.06
2026-08-22T02:01:59,113.97,49.23
2026-08-22T02:02:00,114.14,49.39
2026-08-22T02:02:01,114.23,49.48
2026-08-22T02:02:02,114.15,49.4
2026-08-22T02:02:03,114.39,49.64
2026-08-22T02:02:04,114.46,49.71
2026-08-22T02:02:05,114.49,49.74
2026-08-22T02:02:06,114.56,49.81
2026-08-22T02:02:07,115.02,50.26
2026-08-22T02:02:08,114.39,49.64
2026-08-22T02:02:09,114.71,49.96
2026-08-22T02:02:10,114.24,49.49
2026-08-22T02:02:11,114.27,49.52
2026-08-22T02:02:12,114.06,49.31
2026-08-22T02:02:13,114.23,49.49
2026-08-22T02:02:14,113.86,49.12
2026-08-22T02:02:15,114.35,49.6
2026-08-22T02:02:16,114.6,49.85
2026-08-22T02:02:17,114.7,49.95
2026-08-22T02:02:18,114.48,49.73
2026-08-22T02:02:19,114.77,50.01
2026-08-22T02:02:20,114.88,50.12
2026-08-22T02:02:21,114.85,50.1
2026-08-22T02:02:22,115.16,50.4
2026-08-22T02:02:23,114.43,49.68
2026-08-22T02:02:24,114.61,49.85
2026-08-22T02:02:25,114.46,49.71
2026-08-22T02:02:26,114.4,49.65
2026-08-22T02:02:27,114.16,49.42
2026-08-22T02:02:28,114.54,49.78
2026-08-22T02:02:29,114.53,49.78
2026-08-22T02:02:30,114.11,49.36
2026-08-22T02:02:31,114.03,49.28
2026-08-22T02:02:32,114.23,49.48
2026-08-22T02:02:33,114.25,49.51
2026-08-22T02:02:34,114.42,49.67
2026-08-22T02:02:35,114.67,49.92
2026-08-22T02:02:36,113.53,48.79
2026-08-22T02:02:37,113.93,49.18
2026-08-22T02:02:38,114.3,49.56
2026-08-22T02:02:39,114.33,49.58
2026-08-22T02:02:40,113.82,49.08
2026-08-22T02:02:41,114.55,49.8
2026-08-22T02:02:42,114.48,49.73
2026-08-22T02:02:43,114.44,49.69
2026-08-22T02:02:44,113.85,49.11
2026-08-22T02:02:45,114.22,49.47
2026-08-22T02:02:46,114.11,49.37
2026-08-22T02:02:47,113.59,48.85
2026-08-22T02:02:48,114.62,49.87
2026-08-22T02:02:49,114.0,49.25
2026-08-22T02:02:50,114.38,49.63
2026-08-22T02:02:51,114.46,49.71
2026-08-22T02:02:52,114.03,49.29
2026-08-22T02:02:53,114.85,50.09
2026-08-22T02:02:54,114.35,49.6
2026-08-22T02:02:55,115.05,50.29
2026-08-22T02:02:56,114.3,49.56
2026-08-22T02:02:57,113.78,49.04
2026-08-22T02:02:58,114.28,49.54
2026-08-22T02:02:59,114.62,49.87
2026-08-22T02:03:00,114.32,49.57
2026-08-22T02:03:01,114.43,49.68
2026-08-22T02:03:02,114.55,49.8
2026-08-22T02:03:03,114.2,49.45
2026-08-22T02:03:04,114.67,49.91
2026-08-22T02:03:05,114.33,49.58
2026-08-22T02:03:06,113.98,49.24
2026-08-22T02:03:07,114.61,49.85
2026-08-22T02:03:08,114.53,49.77
2026-08-22T02:03:09,114.32,49.57
2026-08-22T02:03:10,114.71,49.95
2026-08-22T02:03:11,115.19,50.43
2026-08-22T02:03:12,114.41,49.66
2026-08-22T02:03:13,114.91,50.15
2026-08-22T02:03:14,115.04,50.28
2026-08-22T02:03:15,114.51,49.76
2026-08-22T02:03:16,114.96,50.2
2026-08-22T02:03:17,114.24,49.5
2026-08-22T02:03:18,114.6,49.84
2026-08-22T02:03:19,114.15,49.4
2026-08-22T02:03:20,114.84,50.08
2026-08-22T02:03:21,114.71,49.95
2026-08-22T02:03:22,114.81,50.06
2026-08-22T02:03:23,114.57,49.82
2026-08-22T02:03:24,115.05,50.3
2026-08-22T02:03:25,114.86,50.11
2026-08-22T02:03:26,114.76,50.0
2026-08-22T02:03:27,114.27,49.53
2026-08-22T02:03:28,114.66,49.91
2026-08-22T02:03:29,115.26,50.5
2026-08-22T02:03:30,115.48,50.72
2026-08-22T02:03:31,116.35,51.58
2026-08-22T02:03:32,116.21,51.44
2026-08-22T02:03:33,116.91,52.12
2026-08-22T02:03:34,116.25,51.48
2026-08-22T02:03:35,115.76,50.99
2026-08-22T02:03:36,115.89,51.12
2026-08-22T02:03:37,114.18,49.43
2026-08-22T02:03:38,114.02,49.28
2026-08-22T02:03:39,113.62,48.88
2026-08-22T02:03:40,114.26,49.51
2026-08-22T02:03:41,114.39,49.64
2026-08-22T02:03:42,114.05,49.31
2026-08-22T02:03:43,114.46,49.71
2026-08-22T02:03:44,114.4,49.65
2026-08-22T02:03:45,114.45,49.7
2026-08-22T02:03:46,114.04,49.29
2026-08-22T02:03:47,114.52,49.77
2026-08-22T02:03:48,114.63,49.87
2026-08-22T02:03:49,113.87,49.13
2026-08-22T02:03:50,113.87,49.13
2026-08-22T02:03:51,114.3,49.55
2026-08-22T02:03:52,114.09,49.35
2026-08-22T02:03:53,114.7,49.95
2026-08-22T02:03:54,113.74,49.0
2026-08-22T02:03:55,114.32,49.57
2026-08-22T02:03:56,113.61,48.87
2026-08-22T02:03:57,114.45,49.7
2026-08-22T02:03:58,114.47,49.72
2026-08-22T02:03:59,114.76,50.0
2026-08-22T02:04:00,114.11,49.37
2026-08-22T02:04:01,114.0,49.25
2026-08-22T02:04:02,113.68,48.94
2026-08-22T02:04:03,114.56,49.81
2026-08-22T02:04:04,114.22,49.47
2026-08-22T02:04:05,114.72,49.96
2026-08-22T02:04:06,115.71,50.94
2026-08-22T02:04:07,114.39,49.64
2026-08-22T02:04:08,115.57,50.81
2026-08-22T02:04:09,114.99,50.23
2026-08-22T02:04:10,114.63,49.88
2026-08-22T02:04:11,115.28,50.52
2026-08-22T02:04:12,114.66,49.9
2026-08-22T02:04:13,114.4,49.65
2026-08-22T02:04:14,114.79,50.04
2026-08-22T02:04:15,114.66,49.91
2026-08-22T02:04:16,114.54,49.79
2026-08-22T02:04:17,114.57,49.82
2026-08-22T02:04:18,114.77,50.01
2026-08-22T02:04:19,114.4,49.65
2026-08-22T02:04:20,113.98,49.23
2026-08-22T02:04:21,114.39,49.64
2026-08-22T02:04:22,114.17,49.43
2026-08-22T02:04:23,114.87,50.12
2026-08-22T02:04:24,114.39,49.65
2026-08-22T02:04:25,113.95,49.2
2026-08-22T02:04:26,114.32,49.57
2026-08-22T02:04:27,114.42,49.67
2026-08-22T02:04:28,114.36,49.61
2026-08-22T02:04:29,114.78,50.03
2026-08-22T02:04:30,114.48,49.73
2026-08-22T02:04:31,114.09,49.34
2026-08-22T02:04:32,114.46,49.71
2026-08-22T02:04:33,114.6,49.85
2026-08-22T02:04:34,114.52,49.77
2026-08-22T02:04:35,114.78,50.03
2026-08-22T02:04:36,114.6,49.85
2026-08-22T02:04:37,114.48,49.73
2026-08-22T02:04:38,114.38,49.63
2026-08-22T02:04:39,114.97,50.21
2026-08-22T02:04:40,113.69,48.95
2026-08-22T02:04:41,114.78,50.02
2026-08-22T02:04:42,114.84,50.08
2026-08-22T02:04:43,114.94,50.19
2026-08-22T02:04:44,114.83,50.07
2026-08-22T02:04:45,114.22,49.48
2026-08-22T02:04:46,113.76,49.02
2026-08-22T02:04:47,114.28,49.53
2026-08-22T02:04:48,113.89,49.15
2026-08-22T02:04:49,114.07,49.32
2026-08-22T02:04:50,114.23,49.48
2026-08-22T02:04:51,115.11,50.36
2026-08-22T02:04:52,114.91,50.16
2026-08-22T02:04:53,115.46,50.69
2026-08-22T02:04:54,114.85,50.09
2026-08-22T02:04:55,114.9,50.14
2026-08-22T02:04:56,114.84,50.08
2026-08-22T02:04:57,114.86,50.11
2026-08-22T02:04:58,113.8,49.05
2026-08-22T02:04:59,114.35,49.6
2026-08-22T02:05:00,114.58,49.83
2026-08-22T02:05:01,114.44,49.69
2026-08-22T02:05:02,114.21,49.46
2026-08-22T02:05:03,113.98,49.24
2026-08-22T02:05:04,114.9,50.14
2026-08-22T02:05:05,114.0,49.26
2026-08-22T02:05:06,114.34,49.59
2026-08-22T02:05:07,114.54,49.79
2026-08-22T02:05:08,113.93,49.18
2026-08-22T02:05:09,113.67,48.93
2026-08-22T02:05:10,113.64,48.9
2026-08-22T02:05:11,113.78,49.04
2026-08-22T02:05:12,114.25,49.51
2026-08-22T02:05:13,113.93,49.18
2026-08-22T02:05:14,114.23,49.48
2026-08-22T02:05:15,114.49,49.74
2026-08-22T02:05:16,114.52,49.77
2026-08-22T02:05:17,114.71,49.96
2026-08-22T02:05:18,114.63,49.88
2026-08-22T02:05:19,114.94,50.18
2026-08-22T02:05:20,114.5,49.75
2026-08-22T02:05:21,114.99,50.23
2026-08-22T02:05:22,114.65,49.89
2026-08-22T02:05:23,114.99,50.23
2026-08-22T02:05:24,115.32,50.56
2026-08-22T02:05:25,114.9,50.15
2026-08-22T02:05:26,114.61,49.86
2026-08-22T02:05:27,114.82,50.06
2026-08-22T02:05:28,114.14,49.4
2026-08-22T02:05:29,114.31,49.56
2026-08-22T02:05:30,114.06,49.32
2026-08-22T02:05:31,114.72,49.97
2026-08-22T02:05:32,114.79,50.03
2026-08-22T02:05:33,114.8,50.04
2026-08-22T02:05:34,115.08,50.33
2026-08-22T02:05:35,115.66,50.9
2026-08-22T02:05:36,116.04,51.26
2026-08-22T02:05:37,116.75,51.97
2026-08-22T02:05:38,117.85,53.05
2026-08-22T02:05:39,120.96,56.12
2026-08-22T02:05:40,123.29,58.41
2026-08-22T02:05:41,125.65,60.74
2026-08-22T02:05:42,127.85,62.91
2026-08-22T02:05:43,128.1,63.16
2026-08-22T02:05:44,126.69,61.77
2026-08-22T02:05:45,123.96,59.08
2026-08-22T02:05:46,120.81,55.97
2026-08-22T02:05:47,119.65,54.82
2026-08-22T02:05:48,118.01,53.21
2026-08-22T02:05:49,117.59,52.8
2026-08-22T02:05:50,117.07,52.28
2026-08-22T02:05:51,117.4,52.61
2026-08-22T02:05:52,116.27,51.49
2026-08-22T02:05:53,115.77,51.01
2026-08-22T02:05:54,115.02,50.26
2026-08-22T02:05:55,116.08,51.31
2026-08-22T02:05:56,115.48,50.71
2026-08-22T02:05:57,115.36,50.6
2026-08-22T02:05:58,115.53,50.77
2026-08-22T02:05:59,114.89,50.13
2026-08-22T02:06:00,115.49,50.73
2026-08-22T02:06:01,114.97,50.21
2026-08-22T02:06:02,114.27,49.52
2026-08-22T02:06:03,115.66,50.89
2026-08-22T02:06:04,115.11,50.35
2026-08-22T02:06:05,115.69,50.92
2026-08-22T02:06:06,114.97,50.21
2026-08-22T02:06:07,114.3,49.56
2026-08-22T02:06:08,115.16,50.4
2026-08-22T02:06:09,115.74,50.97
2026-08-22T02:06:10,115.94,51.17
2026-08-22T02:06:11,115.22,50.46
2026-08-22T02:06:12,115.04,50.28
2026-08-22T02:06:13,115.2,50.44
2026-08-22T02:06:14,115.74,50.97
2026-08-22T02:06:15,116.68,51.89
2026-08-22T02:06:16,116.34,51.57
2026-08-22T02:06:17,115.39,50.63
2026-08-22T02:06:18,115.17,50.41
2026-08-22T02:06:19,114.73,49.98
2026-08-22T02:06:20,114.52,49.77
2026-08-22T02:06:21,115.03,50.27
2026-08-22T02:06:22,114.48,49.73
2026-08-22T02:06:23,114.31,49.57
2026-08-22T02:06:24,114.76,50.01
2026-08-22T02:06:25,114.86,50.11
2026-08-22T02:06:26,114.8,50.05
2026-08-22T02:06:27,115.19,50.43
2026-08-22T02:06:28,114.92,50.17
2026-08-22T02:06:29,115.66,50.9
2026-08-22T02:06:30,115.24,50.47
2026-08-22T02:06:31,114.53,49.78
2026-08-22T02:06:32,115.32,50.56
2026-08-22T02:06:33,115.06,50.3
2026-08-22T02:06:34,114.91,50.15
2026-08-22T02:06:35,115.42,50.65
2026-08-22T02:06:36,115.52,50.75
2026-08-22T02:06:37,114.8,50.05
2026-08-22T02:06:38,114.71,49.96
2026-08-22T02:06:39,114.22,49.47
2026-08-22T02:06:40,114.61,49.86
2026-08-22T02:06:41,115.2,50.44
2026-08-22T02:06:42,115.53,50.76
2026-08-22T02:06:43,115.3,50.54
2026-08-22T02:06:44,114.36,49.61
2026-08-22T02:06:45,114.44,49.69
2026-08-22T02:06:46,114.45,49.7
2026-08-22T02:06:47,114.16,49.41
2026-08-22T02:06:48,114.34,49.59
2026-08-22T02:06:49,114.4,49.65
2026-08-22T02:06:50,114.4,49.65
2026-08-22T02:06:51,113.95,49.2
2026-08-22T02:06:52,114.58,49.83
2026-08-22T02:06:53,114.02,49.28
2026-08-22T02:06:54,113.44,48.71
2026-08-22T02:06:55,114.64,49.89
2026-08-22T02:06:56,114.18,49.44
2026-08-22T02:06:57,114.15,49.41
2026-08-22T02:06:58,114.23,49.48
2026-08-22T02:06:59,114.98,50.22
2026-08-22T02:07:00,114.98,50.22
2026-08-22T02:07:01,114.32,49.57
2026-08-22T02:07:02,115.02,50.26
2026-08-22T02:07:03,114.68,49.93
2026-08-22T02:07:04,114.94,50.18
2026-08-22T02:07:05,114.26,49.51
2026-08-22T02:07:06,115.22,50.46
2026-08-22T02:07:07,115.1,50.34
2026-08-22T02:07:08,114.64,49.89
2026-08-22T02:07:09,115.02,50.26
2026-08-22T02:07:10,115.07,50.31
2026-08-22T02:07:11,114.64,49.88
2026-08-22T02:07:12,114.88,50.13
2026-08-22T02:07:13,114.57,49.82
2026-08-22T02:07:14,114.82,50.06
2026-08-22T02:07:15,114.47,49.72
2026-08-22T02:07:16,114.2,49.45
2026-08-22T02:07:17,114.41,49.66
2026-08-22T02:07:18,114.28,49.53
2026-08-22T02:07:19,115.12,50.36
2026-08-22T02:07:20,113.62,48.88
2026-08-22T02:07:21,114.2,49.46
2026-08-22T02:07:22,114.05,49.31
2026-08-22T02:07:23,114.29,49.55
2026-08-22T02:07:24,113.52,48.78
2026-08-22T02:07:25,114.78,50.03
2026-08-22T02:07:26,114.22,49.47
2026-08-22T02:07:27,114.43,49.68
2026-08-22T02:07:28,113.71,48.97
2026-08-22T02:07:29,114.0,49.26
2026-08-22T02:07:30,114.84,50.08
2026-08-22T02:07:31,114.04,49.3
2026-08-22T02:07:32,114.69,49.94
2026-08-22T02:07:33,114.33,49.58
2026-08-22T02:07:34,114.11,49.36
2026-08-22T02:07:35,114.68,49.93
2026-08-22T02:07:36,114.45,49.7
2026-08-22T02:07:37,114.67,49.91
2026-08-22T02:07:38,114.34,49.59
2026-08-22T02:07:39,114.3,49.55
2026-08-22T02:07:40,114.49,49.74
2026-08-22T02:07:41,114.36,49.61
2026-08-22T02:07:42,114.7,49.95
2026-08-22T02:07:43,114.6,49.85
2026-08-22T02:07:44,114.44,49.69
2026-08-22T02:07:45,114.45,49.7
2026-08-22T02:07:46,114.68,49.93
2026-08-22T02:07:47,114.18,49.44
2026-08-22T02:07:48,114.21,49.46
2026-08-22T02:07:49,114.8,50.05
2026-08-22T02:07:50,114.36,49.61
2026-08-22T02:07:51,114.07,49.33
2026-08-22T02:07:52,114.55,49.8
2026-08-22T02:07:53,114.48,49.73
2026-08-22T02:07:54,114.6,49.85
2026-08-22T02:07:55,113.92,49.18
2026-08-22T02:07:56,114.09,49.34
2026-08-22T02:07:57,114.12,49.38
2026-08-22T02:07:58,114.07,49.32
2026-08-22T02:07:59,114.31,49.56
2026-08-22T02:08:00,114.38,49.63
2026-08-22T02:08:01,113.73,48.99
2026-08-22T02:08:02,114.52,49.76
2026-08-22T02:08:03,114.61,49.85
2026-08-22T02:08:04,115.53,50.76
2026-08-22T02:08:05,116.27,51.5
2026-08-22T02:08:06,117.29,52.5
2026-08-22T02:08:07,117.67,52.87
2026-08-22T02:08:08,119.28,54.47
2026-08-22T02:08:09,122.19,57.33
2026-08-22T02:08:10,126.47,61.55
2026-08-22T02:08:11,129.29,64.33
2026-08-22T02:08:12,129.86,64.89
2026-08-22T02:08:13,130.35,65.37
2026-08-22T02:08:14,129.13,64.17
2026-08-22T02:08:15,125.09,60.18
2026-08-22T02:08:16,123.47,58.59
2026-08-22T02:08:17,121.22,56.38
2026-08-22T02:08:18,119.86,55.03
2026-08-22T02:08:19,118.86,54.05
2026-08-22T02:08:20,119.75,54.93
2026-08-22T02:08:21,117.31,52.52
2026-08-22T02:08:22,117.12,52.33
2026-08-22T02:08:23,116.17,51.4
2026-08-22T02:08:24,115.47,50.7
2026-08-22T02:08:25,115.26,50.5
2026-08-22T02:08:26,114.79,50.04
2026-08-22T02:08:27,114.99,50.24
2026-08-22T02:08:28,115.2,50.44
2026-08-22T02:08:29,114.63,49.87
2026-08-22T02:08:30,114.36,49.61
2026-08-22T02:08:31,114.87,50.12
2026-08-22T02:08:32,114.78,50.03
2026-08-22T02:08:33,115.03,50.27
2026-08-22T02:08:34,114.79,50.04
2026-08-22T02:08:35,114.87,50.12
2026-08-22T02:08:36,115.12,50.36
2026-08-22T02:08:37,116.12,51.35
2026-08-22T02:08:38,116.96,52.17
2026-08-22T02:08:39,117.35,52.56
2026-08-22T02:08:40,117.59,52.79
2026-08-22T02:08:41,119.74,54.92
2026-08-22T02:08:42,123.22,58.35
2026-08-22T02:08:43,126.1,61.19
2026-08-22T02:08:44,128.08,63.13
2026-08-22T02:08:45,130.51,65.53
2026-08-22T02:08:46,130.66,65.68
2026-08-22T02:08:47,123.26,58.38
2026-08-22T02:08:48,120.41,55.58
2026-08-22T02:08:49,118.21,53.4
2026-08-22T02:08:50,117.24,52.45
2026-08-22T02:08:51,115.84,51.07
2026-08-22T02:08:52,115.28,50.51
2026-08-22T02:08:53,115.31,50.54
2026-08-22T02:08:54,114.29,49.55
2026-08-22T02:08:55,114.75,49.99
2026-08-22T02:08:56,114.05,49.31
2026-08-22T02:08:57,113.82,49.07
2026-08-22T02:08:58,114.64,49.89
2026-08-22T02:08:59,114.56,49.81
2026-08-22T02:09:00,114.63,49.88
2026-08-22T02:09:01,114.65,49.9
2026-08-22T02:09:02,114.83,50.08
2026-08-22T02:09:03,114.23,49.48
2026-08-22T02:09:04,114.28,49.53
2026-08-22T02:09:05,114.13,49.38
2026-08-22T02:09:06,114.51,49.75
2026-08-22T02:09:07,114.5,49.75
2026-08-22T02:09:08,114.37,49.63
2026-08-22T02:09:09,114.32,49.57
2026-08-22T02:09:10,114.4,49.65
2026-08-22T02:09:11,114.49,49.74
2026-08-22T02:09:12,114.12,49.37
2026-08-22T02:09:13,114.53,49.78
2026-08-22T02:09:14,114.32,49.58
2026-08-22T02:09:15,114.86,50.1
2026-08-22T02:09:16,114.54,49.78
2026-08-22T02:09:17,114.98,50.22
2026-08-22T02:09:18,114.73,49.97
2026-08-22T02:09:19,114.95,50.19
2026-08-22T02:09:20,114.36,49.62
2026-08-22T02:09:21,114.62,49.87
2026-08-22T02:09:22,114.65,49.89
2026-08-22T02:09:23,114.38,49.63
2026-08-22T02:09:24,114.9,50.14
2026-08-22T02:09:25,114.42,49.67
2026-08-22T02:09:26,114.33,49.58
2026-08-22T02:09:27,114.8,50.05
2026-08-22T02:09:28,114.67,49.92
2026-08-22T02:09:29,114.82,50.07
2026-08-22T02:09:30,114.18,49.44
2026-08-22T02:09:31,114.35,49.6
2026-08-22T02:09:32,114.49,49.74
2026-08-22T02:09:33,114.37,49.62
2026-08-22T02:09:34,114.58,49.83
2026-08-22T02:09:35,114.13,49.39
2026-08-22T02:09:36,114.11,49.37
2026-08-22T02:09:37,114.44,49.69
2026-08-22T02:09:38,114.37,49.62
2026-08-22T02:09:39,114.22,49.47
2026-08-22T02:09:40,114.25,49.5
2026-08-22T02:09:41,114.27,49.52
2026-08-22T02:09:42,114.12,49.37
2026-08-22T02:09:43,114.42,49.67
2026-08-22T02:09:44,114.19,49.44
2026-08-22T02:09:45,113.73,48.99
2026-08-22T02:09:46,114.43,49.68
2026-08-22T02:09:47,114.1,49.36
2026-08-22T02:09:48,114.79,50.04
2026-08-22T02:09:49,114.57,49.82
2026-08-22T02:09:50,114.02,49.28
2026-08-22T02:09:51,114.81,50.05
2026-08-22T02:09:52,114.44,49.69
2026-08-22T02:09:53,113.77,49.03
2026-08-22T02:09:54,114.57,49.82
2026-08-22T02:09:55,114.27,49.53
2026-08-22T02:09:56,114.4,49.65
2026-08-22T02:09:57,114.26,49.51
2026-08-22T02:09:58,114.74,49.98
2026-08-22T02:09:59,114.21,49.46
2026-08-22T02:10:00,114.04,49.29
2026-08-22T02:10:01,114.31,49.57
2026-08-22T02:10:02,114.05,49.3
2026-08-22T02:10:03,114.23,49.48
2026-08-22T02:10:04,114.43,49.68
2026-08-22T02:10:05,114.45,49.7
2026-08-22T02:10:06,113.98,49.23
2026-08-22T02:10:07,114.12,49.37
2026-08-22T02:10:08,114.01,49.27
2026-08-22T02:10:09,114.56,49.81
2026-08-22T02:10:10,114.13,49.38
2026-08-22T02:10:11,114.51,49.76
2026-08-22T02:10:12,114.74,49.99
2026-08-22T02:10:13,114.42,49.67
2026-08-22T02:10:14,113.89,49.15
2026-08-22T02:10:15,114.39,49.65
2026-08-22T02:10:16,114.08,49.33
2026-08-22T02:10:17,114.02,49.28
2026-08-22T02:10:18,114.83,50.07
2026-08-22T02:10:19,114.4,49.66
2026-08-22T02:10:20,114.12,49.38
2026-08-22T02:10:21,114.28,49.54
2026-08-22T02:10:22,113.5,48.77
2026-08-22T02:10:23,114.6,49.85
2026-08-22T02:10:24,114.35,49.6
2026-08-22T02:10:25,114.2,49.45
2026-08-22T02:10:26,114.61,49.86
2026-08-22T02:10:27,114.5,49.75
2026-08-22T02:10:28,114.21,49.47
2026-08-22T02:10:29,114.07,49.33
2026-08-22T02:10:30,114.44,49.69
2026-08-22T02:10:31,114.69,49.94
2026-08-22T02:10:32,114.88,50.13
2026-08-22T02:10:33,114.37,49.62
2026-08-22T02:10:34,114.75,49.99
2026-08-22T02:10:35,115.0,50.24
2026-08-22T02:10:36,114.61,49.86
2026-08-22T02:10:37,114.81,50.05
2026-08-22T02:10:38,114.71,49.95
2026-08-22T02:10:39,114.45,49.7
2026-08-22T02:10:40,114.71,49.96
2026-08-22T02:10:41,113.5,48.77
2026-08-22T02:10:42,114.87,50.11
2026-08-22T02:10:43,114.96,50.2
2026-08-22T02:10:44,114.55,49.8
2026-08-22T02:10:45,114.3,49.55
2026-08-22T02:10:46,113.98,49.23
2026-08-22T02:10:47,114.17,49.42
2026-08-22T02:10:48,114.45,49.7
2026-08-22T02:10:49,114.27,49.53
2026-08-22T02:10:50,114.47,49.72
2026-08-22T02:10:51,114.01,49.26
2026-08-22T02:10:52,114.67,49.91
2026-08-22T02:10:53,114.29,49.54
2026-08-22T02:10:54,114.74,49.99
2026-08-22T02:10:55,114.7,49.95
2026-08-22T02:10:56,114.63,49.88
2026-08-22T02:10:57,114.41,49.66
2026-08-22T02:10:58,114.89,50.13
2026-08-22T02:10:59,115.98,51.2
2026-08-22T02:11:00,116.55,51.77
2026-08-22T02:11:01,116.95,52.16
2026-08-22T02:11:02,118.39,53.58
2026-08-22T02:11:03,120.76,55.92
2026-08-22T02:11:04,122.28,57.42
2026-08-22T02:11:05,125.05,60.15
2026-08-22T02:11:06,125.53,60.62
2026-08-22T02:11:07,127.05,62.12
2026-08-22T02:11:08,122.72,57.86
2026-08-22T02:11:09,119.42,54.6
2026-08-22T02:11:10,116.78,51.99
2026-08-22T02:11:11,115.55,50.78
2026-08-22T02:11:12,115.25,50.48
2026-08-22T02:11:13,114.79,50.03
2026-08-22T02:11:14,115.42,50.66
2026-08-22T02:11:15,114.56,49.81
2026-08-22T02:11:16,114.35,49.6
2026-08-22T02:11:17,114.07,49.33
2026-08-22T02:11:18,114.09,49.35
2026-08-22T02:11:19,114.48,49.72
2026-08-22T02:11:20,114.51,49.76
2026-08-22T02:11:21,114.04,49.3
2026-08-22T02:11:22,113.96,49.22
2026-08-22T02:11:23,114.7,49.95
2026-08-22T02:11:24,114.41,49.66
2026-08-22T02:11:25,114.2,49.45
2026-08-22T02:11:26,114.63,49.87
2026-08-22T02:11:27,114.02,49.28
2026-08-22T02:11:28,114.37,49.62
2026-08-22T02:11:29,114.27,49.53
2026-08-22T02:11:30,114.44,49.69
2026-08-22T02:11:31,114.26,49.51
2026-08-22T02:11:32,114.6,49.85
2026-08-22T02:11:33,114.93,50.18
2026-08-22T02:11:34,114.46,49.71
2026-08-22T02:11:35,114.22,49.47
2026-08-22T02:11:36,114.69,49.93
2026-08-22T02:11:37,115.03,50.27
2026-08-22T02:11:38,115.4,50.64
2026-08-22T02:11:39,116.11,51.34
2026-08-22T02:11:40,117.05,52.26
2026-08-22T02:11:41,117.74,52.94
2026-08-22T02:11:42,119.0,54.19
2026-08-22T02:11:43,123.07,58.2
2026-08-22T02:11:44,126.08,61.17
2026-08-22T02:11:45,127.63,62.69
2026-08-22T02:11:46,129.03,64.07
2026-08-22T02:11:47,129.78,64.82
2026-08-22T02:11:48,128.84,63.89
2026-08-22T02:11:49,125.5,60.59
2026-08-22T02:11:50,122.67,57.81
2026-08-22T02:11:51,120.47,55.64
2026-08-22T02:11:52,118.65,53.84
2026-08-22T02:11:53,117.66,52.87
2026-08-22T02:11:54,117.89,53.09
2026-08-22T02:11:55,117.43,52.64
2026-08-22T02:11:56,116.64,51.86
2026-08-22T02:11:57,115.85,51.08
2026-08-22T02:11:58,115.32,50.56
2026-08-22T02:11:59,114.89,50.14
2026-08-22T02:12:00,114.77,50.02
2026-08-22T02:12:01,114.64,49.88
2026-08-22T02:12:02,114.87,50.11
2026-08-22T02:12:03,114.47,49.72
2026-08-22T02:12:04,114.34,49.59
2026-08-22T02:12:05,114.26,49.51
2026-08-22T02:12:06,114.12,49.38
2026-08-22T02:12:07,114.51,49.76
2026-08-22T02:12:08,114.27,49.52
2026-08-22T02:12:09,114.74,49.98
2026-08-22T02:12:10,114.57,49.81
2026-08-22T02:12:11,115.04,50.28
2026-08-22T02:12:12,114.66,49.91
2026-08-22T02:12:13,114.42,49.67
2026-08-22T02:12:14,114.41,49.66
2026-08-22T02:12:15,114.36,49.61
2026-08-22T02:12:16,114.33,49.58
2026-08-22T02:12:17,114.32,49.58
2026-08-22T02:12:18,114.14,49.4
2026-08-22T02:12:19,114.42,49.67
2026-08-22T02:12:20,114.79,50.03
2026-08-22T02:12:21,114.43,49.68
2026-08-22T02:12:22,114.32,49.58
2026-08-22T02:12:23,114.29,49.54
2026-08-22T02:12:24,114.68,49.93
2026-08-22T02:12:25,114.7,49.95
2026-08-22T02:12:26,114.85,50.1
2026-08-22T02:12:27,114.19,49.44
2026-08-22T02:12:28,115.07,50.31
2026-08-22T02:12:29,115.08,50.32
2026-08-22T02:12:30,114.75,49.99
2026-08-22T02:12:31,114.88,50.12
2026-08-22T02:12:32,114.47,49.72
2026-08-22T02:12:33,114.18,49.44
2026-08-22T02:12:34,114.11,49.37
2026-08-22T02:12:35,113.89,49.15
2026-08-22T02:12:36,114.49,49.74
2026-08-22T02:12:37,114.2,49.46
2026-08-22T02:12:38,114.27,49.52
2026-08-22T02:12:39,114.15,49.41
2026-08-22T02:12:40,114.76,50.0
2026-08-22T02:12:41,114.17,49.43
2026-08-22T02:12:42,113.76,49.02
2026-08-22T02:12:43,114.11,49.36
2026-08-22T02:12:44,114.15,49.4
2026-08-22T02:12:45,114.59,49.84
2026-08-22T02:12:46,114.32,49.58
2026-08-22T02:12:47,114.29,49.54
2026-08-22T02:12:48,114.12,49.38
2026-08-22T02:12:49,113.94,49.2
2026-08-22T02:12:50,114.16,49.41
2026-08-22T02:12:51,113.91,49.16
2026-08-22T02:12:52,114.74,49.99
2026-08-22T02:12:53,114.26,49.51
2026-08-22T02:12:54,114.33,49.58
2026-08-22T02:12:55,114.46,49.71
2026-08-22T02:12:56,114.45,49.7
2026-08-22T02:12:57,114.07,49.33
2026-08-22T02:12:58,114.06,49.32
2026-08-22T02:12:59,114.17,49.43
2026-08-22T02:13:00,114.05,49.31
2026-08-22T02:13:01,114.75,50.0
2026-08-22T02:13:02,114.14,49.4
2026-08-22T02:13:03,114.23,49.48
2026-08-22T02:13:04,114.13,49.39
2026-08-22T02:13:05,114.62,49.87
2026-08-22T02:13:06,114.54,49.79
2026-08-22T02:13:07,113.62,48.88
2026-08-22T02:13:08,114.09,49.34
2026-08-22T02:13:09,113.93,49.19
2026-08-22T02:13:10,114.26,49.51
2026-08-22T02:13:11,114.79,50.03
2026-08-22T02:13:12,114.64,49.89
2026-08-22T02:13:13,114.38,49.63
2026-08-22T02:13:14,114.51,49.76
2026-08-22T02:13:15,114.09,49.34
2026-08-22T02:13:16,113.59,48.86
2026-08-22T02:13:17,114.43,49.68
2026-08-22T02:13:18,113.91,49.17
2026-08-22T02:13:19,113.96,49.22
2026-08-22T02:13:20,114.34,49.59
2026-08-22T02:13:21,114.19,49.45
2026-08-22T02:13:22,113.74,49.0
2026-08-22T02:13:23,114.93,50.18
2026-08-22T02:13:24,114.3,49.55
2026-08-22T02:13:25,115.04,50.29
2026-08-22T02:13:26,114.79,50.04
2026-08-22T02:13:27,114.41,49.67
2026-08-22T02:13:28,114.72,49.97
2026-08-22T02:13:29,114.67,49.92
2026-08-22T02:13:30,114.25,49.51
2026-08-22T02:13:31,114.33,49.58
2026-08-22T02:13:32,114.33,49.58
2026-08-22T02:13:33,113.81,49.06
2026-08-22T02:13:34,114.28,49.53
2026-08-22T02:13:35,114.49,49.74
2026-08-22T02:13:36,114.06,49.32
2026-08-22T02:13:37,114.36,49.61
2026-08-22T02:13:38,114.11,49.36
2026-08-22T02:13:39,114.8,50.04
2026-08-22T02:13:40,114.34,49.59
2026-08-22T02:13:41,114.41,49.66
2026-08-22T02:13:42,114.39,49.64
2026-08-22T02:13:43,113.89,49.14
2026-08-22T02:13:44,114.6,49.85
2026-08-22T02:13:45,114.35,49.6
2026-08-22T02:13:46,113.97,49.23
2026-08-22T02:13:47,113.38,48.64
2026-08-22T02:13:48,114.0,49.25
2026-08-22T02:13:49,114.05,49.3
2026-08-22T02:13:50,114.27,49.52
2026-08-22T02:13:51,114.29,49.54
2026-08-22T02:13:52,114.33,49.58
2026-08-22T02:13:53,114.19,49.44
2026-08-22T02:13:54,115.16,50.4
2026-08-22T02:13:55,118.42,53.61
2026-08-22T02:13:56,119.98,55.15
2026-08-22T02:13:57,118.92,54.1
2026-08-22T02:13:58,117.78,52.98
2026-08-22T02:13:59,116.99,52.2
2026-08-22T02:14:00,117.66,52.86
2026-08-22T02:14:01,117.29,52.5
2026-08-22T02:14:02,116.22,51.45
2026-08-22T02:14:03,116.31,51.53
2026-08-22T02:14:04,116.37,51.6
2026-08-22T02:14:05,115.91,51.14
2026-08-22T02:14:06,115.65,50.88
2026-08-22T02:14:07,116.13,51.35
2026-08-22T02:14:08,117.47,52.67
2026-08-22T02:14:09,116.47,51.69
2026-08-22T02:14:10,115.47,50.71
2026-08-22T02:14:11,114.04,49.29
2026-08-22T02:14:12,115.32,50.56
2026-08-22T02:14:13,115.04,50.29
2026-08-22T02:14:14,115.04,50.28
2026-08-22T02:14:15,114.84,50.09
2026-08-22T02:14:16,114.84,50.09
2026-08-22T02:14:17,115.08,50.32
2026-08-22T02:14:18,115.26,50.5
2026-08-22T02:14:19,115.4,50.63
2026-08-22T02:14:20,115.56,50.79
2026-08-22T02:14:21,114.95,50.19
2026-08-22T02:14:22,115.12,50.36
2026-08-22T02:14:23,115.38,50.62
2026-08-22T02:14:24,114.22,49.47
2026-08-22T02:14:25,114.57,49.82
2026-08-22T02:14:26,115.83,51.06
2026-08-22T02:14:27,115.54,50.78
2026-08-22T02:14:28,115.01,50.25
2026-08-22T02:14:29,114.3,49.56
2026-08-22T02:14:30,114.85,50.09
2026-08-22T02:14:31,114.95,50.19
2026-08-22T02:14:32,115.04,50.28
2026-08-22T02:14:33,114.68,49.93
2026-08-22T02:14:34,114.44,49.69
2026-08-22T02:14:35,114.72,49.96
2026-08-22T02:14:36,115.25,50.49
2026-08-22T02:14:37,114.7,49.95
2026-08-22T02:14:38,114.77,50.01
2026-08-22T02:14:39,114.52,49.77
2026-08-22T02:14:40,114.54,49.79
2026-08-22T02:14:41,114.74,49.98
2026-08-22T02:14:42,114.94,50.18
2026-08-22T02:14:43,114.93,50.17
2026-08-22T02:14:44,114.65,49.9
2026-08-22T02:14:45,114.17,49.43
2026-08-22T02:14:46,114.33,49.59
2026-08-22T02:14:47,114.37,49.63
2026-08-22T02:14:48,114.56,49.81
2026-08-22T02:14:49,114.28,49.53
2026-08-22T02:14:50,114.31,49.57
2026-08-22T02:14:51,114.75,49.99
2026-08-22T02:14:52,114.4,49.65
2026-08-22T02:14:53,114.95,50.19
2026-08-22T02:14:54,114.31,49.56
2026-08-22T02:14:55,114.84,50.08
2026-08-22T02:14:56,114.89,50.13
2026-08-22T02:14:57,114.22,49.47
2026-08-22T02:14:58,114.32,49.57
2026-08-22T02:14:59,115.32,50.56
2026-08-22T02:15:00,114.57,49.82
2026-08-22T02:15:01,114.49,49.74
2026-08-22T02:15:02,114.45,49.7
2026-08-22T02:15:03,114.48,49.73
2026-08-22T02:15:04,114.64,49.89
2026-08-22T02:15:05,114.32,49.58
2026-08-22T02:15:06,114.48,49.72
2026-08-22T02:15:07,114.08,49.34
2026-08-22T02:15:08,114.04,49.3
2026-08-22T02:15:09,114.37,49.62
2026-08-22T02:15:10,114.48,49.73
2026-08-22T02:15:11,114.0,49.25
2026-08-22T02:15:12,114.35,49.6
2026-08-22T02:15:13,114.93,50.17
2026-08-22T02:15:14,114.5,49.75
2026-08-22T02:15:15,114.74,49.98
2026-08-22T02:15:16,114.37,49.62
2026-08-22T02:15:17,114.63,49.88
2026-08-22T02:15:18,114.38,49.63
2026-08-22T02:15:19,114.37,49.63
2026-08-22T02:15:20,114.39,49.64
2026-08-22T02:15:21,114.68,49.93
2026-08-22T02:15:22,114.36,49.61
2026-08-22T02:15:23,114.95,50.19
2026-08-22T02:15:24,114.36,49.62
2026-08-22T02:15:25,114.22,49.48
2026-08-22T02:15:26,113.67,48.93
2026-08-22T02:15:27,114.17,49.42
2026-08-22T02:15:28,114.22,49.48
2026-08-22T02:15:29,114.55,49.8
2026-08-22T02:15:30,114.16,49.42
2026-08-22T02:15:31,114.89,50.13
2026-08-22T02:15:32,113.67,48.93
2026-08-22T02:15:33,114.27,49.53
2026-08-22T02:15:34,114.23,49.49
2026-08-22T02:15:35,114.6,49.84
2026-08-22T02:15:36,114.57,49.81
2026-08-22T02:15:37,114.36,49.61
2026-08-22T02:15:38,113.87,49.13
2026-08-22T02:15:39,114.5,49.75
2026-08-22T02:15:40,114.15,49.4
2026-08-22T02:15:41,114.88,50.12
2026-08-22T02:15:42,114.23,49.48
2026-08-22T02:15:43,114.37,49.62
2026-08-22T02:15:44,114.41,49.66
2026-08-22T02:15:45,114.15,49.41
2026-08-22T02:15:46,114.6,49.85
2026-08-22T02:15:47,114.36,49.62
2026-08-22T02:15:48,114.43,49.68
2026-08-22T02:15:49,114.51,49.76
2026-08-22T02:15:50,114.19,49.44
2026-08-22T02:15:51,114.54,49.79
2026-08-22T02:15:52,114.36,49.62
2026-08-22T02:15:53,114.65,49.9
2026-08-22T02:15:54,114.88,50.13
2026-08-22T02:15:55,114.0,49.26
2026-08-22T02:15:56,114.47,49.72
2026-08-22T02:15:57,114.46,49.71
2026-08-22T02:15:58,114.14,49.4
2026-08-22T02:15:59,114.56,49.81
2026-08-22T02:16:00,114.66,49.91
2026-08-22T02:16:01,113.91,49.17
2026-08-22T02:16:02,114.07,49.33
2026-08-22T02:16:03,114.22,49.47
2026-08-22T02:16:04,114.58,49.83
2026-08-22T02:16:05,114.03,49.29
2026-08-22T02:16:06,114.44,49.69
2026-08-22T02:16:07,114.15,49.4
2026-08-22T02:16:08,114.06,49.32
2026-08-22T02:16:09,114.04,49.3
2026-08-22T02:16:10,114.72,49.97
2026-08-22T02:16:11,114.39,49.64
2026-08-22T02:16:12,114.13,49.38
2026-08-22T02:16:13,114.56,49.81
2026-08-22T02:16:14,114.97,50.21
2026-08-22T02:16:15,114.35,49.6
2026-08-22T02:16:16,114.73,49.98
2026-08-22T02:16:17,114.43,49.68
2026-08-22T02:16:18,114.96,50.2
2026-08-22T02:16:19,113.93,49.19
2026-08-22T02:16:20,114.29,49.54
2026-08-22T02:16:21,114.37,49.62
2026-08-22T02:16:22,114.76,50.0
2026-08-22T02:16:23,114.29,49.55
2026-08-22T02:16:24,114.49,49.74
2026-08-22T02:16:25,114.58,49.83
2026-08-22T02:16:26,114.59,49.84
2026-08-22T02:16:27,114.37,49.62
2026-08-22T02:16:28,114.83,50.08
2026-08-22T02:16:29,113.78,49.04
2026-08-22T02:16:30,114.12,49.38
2026-08-22T02:16:31,114.81,50.06
2026-08-22T02:16:32,115.09,50.33
2026-08-22T02:16:33,114.69,49.94
2026-08-22T02:16:34,114.54,49.79
2026-08-22T02:16:35,114.29,49.54
2026-08-22T02:16:36,115.2,50.44
2026-08-22T02:16:37,114.46,49.71
2026-08-22T02:16:38,114.15,49.4
2026-08-22T02:16:39,113.97,49.22
2026-08-22T02:16:40,114.08,49.34
2026-08-22T02:16:41,114.78,50.02
2026-08-22T02:16:42,114.32,49.57
2026-08-22T02:16:43,114.36,49.62
2026-08-22T02:16:44,114.46,49.71
2026-08-22T02:16:45,114.32,49.58
2026-08-22T02:16:46,113.94,49.2
2026-08-22T02:16:47,113.9,49.16
2026-08-22T02:16:48,113.95,49.2
2026-08-22T02:16:49,114.53,49.78
2026-08-22T02:16:50,114.9,50.14
2026-08-22T02:16:51,115.1,50.34
2026-08-22T02:16:52,116.1,51.33
2026-08-22T02:16:53,115.9,51.13
2026-08-22T02:16:54,114.84,50.09
2026-08-22T02:16:55,114.68,49.92
2026-08-22T02:16:56,114.36,49.61
2026-08-22T02:16:57,114.2,49.45
2026-08-22T02:16:58,114.42,49.67
2026-08-22T02:16:59,114.78,50.02
2026-08-22T02:17:00,114.46,49.71
2026-08-22T02:17:01,114.91,50.16
2026-08-22T02:17:02,114.2,49.46
2026-08-22T02:17:03,114.81,50.05
2026-08-22T02:17:04,114.68,49.92
2026-08-22T02:17:05,114.42,49.67
2026-08-22T02:17:06,114.14,49.4
2026-08-22T02:17:07,114.41,49.66
2026-08-22T02:17:08,114.58,49.83
2026-08-22T02:17:09,114.58,49.83
2026-08-22T02:17:10,113.95,49.21
2026-08-22T02:17:11,114.46,49.71
2026-08-22T02:17:12,114.18,49.44
2026-08-22T02:17:13,114.39,49.64
2026-08-22T02:17:14,114.54,49.79
2026-08-22T02:17:15,114.49,49.74
2026-08-22T02:17:16,114.72,49.97
2026-08-22T02:17:17,114.59,49.84
2026-08-22T02:17:18,114.19,49.45
2026-08-22T02:17:19,114.61,49.86
2026-08-22T02:17:20,114.38,49.63
2026-08-22T02:17:21,114.33,49.58
2026-08-22T02:17:22,114.54,49.79
2026-08-22T02:17:23,113.88,49.14
2026-08-22T02:17:24,114.43,49.68
2026-08-22T02:17:25,114.48,49.73
2026-08-22T02:17:26,114.54,49.79
2026-08-22T02:17:27,113.9,49.16
2026-08-22T02:17:28,114.6,49.84
2026-08-22T02:17:29,114.34,49.59
2026-08-22T02:17:30,114.06,49.32
2026-08-22T02:17:31,114.27,49.52
2026-08-22T02:17:32,114.37,49.62
2026-08-22T02:17:33,114.27,49.52
2026-08-22T02:17:34,114.2,49.45
2026-08-22T02:17:35,114.43,49.68
2026-08-22T02:17:36,114.3,49.56
2026-08-22T02:17:37,114.42,49.67
2026-08-22T02:17:38,114.95,50.19
2026-08-22T02:17:39,114.56,49.81
2026-08-22T02:17:40,114.6,49.85
2026-08-22T02:17:41,114.5,49.75
2026-08-22T02:17:42,115.5,50.74
2026-08-22T02:17:43,114.37,49.62
2026-08-22T02:17:44,114.34,49.59
2026-08-22T02:17:45,114.73,49.98
2026-08-22T02:17:46,114.06,49.31
2026-08-22T02:17:47,114.35,49.6
2026-08-22T02:17:48,113.74,49.0
2026-08-22T02:17:49,114.04,49.3
2026-08-22T02:17:50,114.86,50.1
2026-08-22T02:17:51,114.56,49.81
2026-08-22T02:17:52,113.86,49.12
2026-08-22T02:17:53,114.14,49.39
2026-08-22T02:17:54,113.75,49.01
2026-08-22T02:17:55,114.19,49.44
2026-08-22T02:17:56,114.69,49.93
2026-08-22T02:17:57,114.45,49.7
2026-08-22T02:17:58,114.43,49.68
2026-08-22T02:17:59,114.12,49.37
2026-08-22T02:18:00,114.48,49.73
2026-08-22T02:18:01,114.08,49.34
2026-08-22T02:18:02,114.66,49.91
2026-08-22T02:18:03,114.42,49.67
2026-08-22T02:18:04,114.18,49.43
2026-08-22T02:18:05,114.96,50.2
2026-08-22T02:18:06,114.08,49.34
2026-08-22T02:18:07,114.25,49.51
2026-08-22T02:18:08,114.54,49.79
2026-08-22T02:18:09,114.84,50.09
2026-08-22T02:18:10,114.91,50.16
2026-08-22T02:18:11,115.03,50.27
2026-08-22T02:18:12,115.52,50.75
2026-08-22T02:18:13,115.23,50.47
2026-08-22T02:18:14,115.17,50.41
2026-08-22T02:18:15,114.6,49.85
2026-08-22T02:18:16,115.07,50.31
2026-08-22T02:18:17,114.54,49.79
2026-08-22T02:18:18,114.37,49.62
2026-08-22T02:18:19,115.19,50.43
2026-08-22T02:18:20,115.15,50.39
2026-08-22T02:18:21,114.45,49.7
2026-08-22T02:18:22,114.39,49.64
2026-08-22T02:18:23,114.3,49.55
2026-08-22T02:18:24,114.8,50.04
2026-08-22T02:18:25,114.08,49.34
2026-08-22T02:18:26,114.48,49.73
2026-08-22T02:18:27,114.61,49.86
2026-08-22T02:18:28,114.2,49.45
2026-08-22T02:18:29,114.6,49.85
2026-08-22T02:18:30,114.79,50.03
2026-08-22T02:18:31,114.2,49.46
2026-08-22T02:18:32,114.79,50.03
2026-08-22T02:18:33,114.41,49.66
2026-08-22T02:18:34,115.21,50.44
2026-08-22T02:18:35,115.18,50.42
2026-08-22T02:18:36,115.04,50.29
2026-08-22T02:18:37,114.62,49.87
2026-08-22T02:18:38,115.08,50.32
2026-08-22T02:18:39,114.99,50.24
2026-08-22T02:18:40,114.16,49.42
2026-08-22T02:18:41,115.07,50.31
2026-08-22T02:18:42,114.9,50.14
2026-08-22T02:18:43,115.06,50.3
2026-08-22T02:18:44,116.7,51.92
2026-08-22T02:18:45,119.69,54.87
2026-08-22T02:18:46,117.33,52.54
2026-08-22T02:18:47,115.38,50.62
2026-08-22T02:18:48,115.04,50.28
2026-08-22T02:18:49,115.17,50.41
2026-08-22T02:18:50,114.92,50.16
2026-08-22T02:18:51,114.85,50.1
2026-08-22T02:18:52,115.55,50.79
2026-08-22T02:18:53,115.91,51.14
2026-08-22T02:18:54,116.94,52.15
2026-08-22T02:18:55,115.56,50.8
2026-08-22T02:18:56,114.89,50.13
2026-08-22T02:18:57,115.0,50.24
2026-08-22T02:18:58,115.15,50.39
2026-08-22T02:18:59,115.23,50.47
2026-08-22T02:19:00,115.47,50.7
2026-08-22T02:19:01,115.1,50.34
2026-08-22T02:19:02,115.31,50.55
2026-08-22T02:19:03,114.3,49.55
2026-08-22T02:19:04,114.39,49.64
2026-08-22T02:19:05,114.72,49.97
2026-08-22T02:19:06,114.53,49.77
2026-08-22T02:19:07,114.56,49.81
2026-08-22T02:19:08,114.9,50.14
2026-08-22T02:19:09,114.82,50.07
2026-08-22T02:19:10,114.84,50.09
2026-08-22T02:19:11,115.11,50.35
2026-08-22T02:19:12,114.28,49.53
2026-08-22T02:19:13,113.79,49.05
2026-08-22T02:19:14,114.32,49.57
2026-08-22T02:19:15,114.67,49.92
2026-08-22T02:19:16,114.18,49.44
2026-08-22T02:19:17,114.3,49.55
2026-08-22T02:19:18,114.57,49.82
2026-08-22T02:19:19,114.66,49.9
2026-08-22T02:19:20,114.67,49.92
2026-08-22T02:19:21,114.96,50.21
2026-08-22T02:19:22,114.14,49.4
2026-08-22T02:19:23,114.31,49.56
2026-08-22T02:19:24,114.67,49.92
2026-08-22T02:19:25,115.2,50.44
2026-08-22T02:19:26,115.4,50.63
2026-08-22T02:19:27,114.67,49.92
2026-08-22T02:19:28,114.69,49.94
2026-08-22T02:19:29,114.92,50.16
2026-08-22T02:19:30,114.71,49.96
2026-08-22T02:19:31,115.3,50.54
2026-08-22T02:19:32,116.47,51.69
2026-08-22T02:19:33,115.2,50.44
2026-08-22T02:19:34,114.74,49.99
2026-08-22T02:19:35,114.44,49.69
2026-08-22T02:19:36,114.73,49.98
2026-08-22T02:19:37,114.44,49.69
2026-08-22T02:19:38,114.36,49.61
2026-08-22T02:19:39,114.7,49.94
2026-08-22T02:19:40,114.81,50.06
2026-08-22T02:19:41,114.5,49.75
2026-08-22T02:19:42,114.43,49.68
2026-08-22T02:19:43,114.61,49.86
2026-08-22T02:19:44,114.22,49.47
2026-08-22T02:19:45,114.04,49.3
2026-08-22T02:19:46,114.3,49.56
2026-08-22T02:19:47,114.57,49.82
2026-08-22T02:19:48,114.09,49.34
2026-08-22T02:19:49,114.68,49.92
2026-08-22T02:19:50,114.29,49.55
2026-08-22T02:19:51,114.55,49.8
2026-08-22T02:19:52,114.77,50.01
2026-08-22T02:19:53,114.49,49.74
2026-08-22T02:19:54,114.85,50.1
2026-08-22T02:19:55,114.46,49.71
2026-08-22T02:19:56,114.67,49.92
2026-08-22T02:19:57,115.18,50.42
2026-08-22T02:19:58,114.74,49.98
2026-08-22T02:19:59,114.31,49.56
2026-08-22T02:20:00,114.61,49.86
2026-08-22T02:20:01,115.18,50.42
2026-08-22T02:20:02,114.35,49.6
2026-08-22T02:20:03,115.07,50.32
2026-08-22T02:20:04,114.76,50.0
2026-08-22T02:20:05,114.76,50.01
2026-08-22T02:20:06,115.32,50.56
2026-08-22T02:20:07,114.75,49.99
2026-08-22T02:20:08,114.55,49.8
2026-08-22T02:20:09,115.11,50.35
2026-08-22T02:20:10,115.1,50.34
2026-08-22T02:20:11,114.2,49.45
2026-08-22T02:20:12,114.52,49.77
2026-08-22T02:20:13,114.48,49.73
2026-08-22T02:20:14,114.8,50.04
2026-08-22T02:20:15,114.48,49.73
2026-08-22T02:20:16,114.21,49.46
2026-08-22T02:20:17,114.54,49.78
2026-08-22T02:20:18,114.84,50.08
2026-08-22T02:20:19,114.83,50.08
2026-08-22T02:20:20,115.63,50.86
2026-08-22T02:20:21,115.21,50.45
2026-08-22T02:20:22,114.83,50.07
2026-08-22T02:20:23,115.04,50.28
2026-08-22T02:20:24,114.25,49.5
2026-08-22T02:20:25,114.36,49.61
2026-08-22T02:20:26,114.97,50.22
2026-08-22T02:20:27,114.74,49.98
2026-08-22T02:20:28,114.96,50.2
2026-08-22T02:20:29,115.33,50.57
2026-08-22T02:20:30,114.76,50.0
2026-08-22T02:20:31,116.6,51.82
2026-08-22T02:20:32,118.23,53.43
2026-08-22T02:20:33,115.64,50.88
2026-08-22T02:20:34,115.04,50.28
2026-08-22T02:20:35,114.82,50.07
2026-08-22T02:20:36,114.44,49.69
2026-08-22T02:20:37,114.83,50.07
2026-08-22T02:20:38,115.09,50.33
2026-08-22T02:20:39,114.95,50.19
2026-08-22T02:20:40,114.97,50.21
2026-08-22T02:20:41,114.65,49.9
2026-08-22T02:20:42,115.1,50.34
2026-08-22T02:20:43,114.44,49.69
2026-08-22T02:20:44,114.32,49.57
2026-08-22T02:20:45,115.05,50.29
2026-08-22T02:20:46,115.1,50.34
2026-08-22T02:20:47,114.08,49.33
2026-08-22T02:20:48,114.75,49.99
2026-08-22T02:20:49,114.69,49.94
2026-08-22T02:20:50,114.92,50.16
2026-08-22T02:20:51,114.66,49.91
2026-08-22T02:20:52,114.29,49.54
2026-08-22T02:20:53,114.96,50.2
2026-08-22T02:20:54,114.23,49.48
2026-08-22T02:20:55,114.4,49.65
2026-08-22T02:20:56,115.16,50.4
2026-08-22T02:20:57,115.13,50.37
2026-08-22T02:20:58,114.95,50.19
2026-08-22T02:20:59,114.64,49.89
2026-08-22T02:21:00,114.95,50.2
2026-08-22T02:21:01,115.74,50.97
2026-08-22T02:21:02,116.41,51.64
2026-08-22T02:21:03,115.88,51.11
2026-08-22T02:21:04,117.74,52.94
2026-08-22T02:21:05,119.5,54.68
2026-08-22T02:21:06,122.93,58.06
2026-08-22T02:21:07,124.85,59.96
2026-08-22T02:21:08,126.67,61.75
2026-08-22T02:21:09,127.35,62.42
2026-08-22T02:21:10,127.61,62.67
2026-08-22T02:21:11,125.65,60.74
2026-08-22T02:21:12,122.68,57.81
2026-08-22T02:21:13,121.41,56.56
2026-08-22T02:21:14,119.28,54.46
2026-08-22T02:21:15,118.06,53.26
2026-08-22T02:21:16,117.43,52.64
2026-08-22T02:21:17,116.57,51.79
2026-08-22T02:21:18,116.17,51.39
2026-08-22T02:21:19,116.17,51.4
2026-08-22T02:21:20,115.7,50.93
2026-08-22T02:21:21,115.11,50.36
2026-08-22T02:21:22,115.19,50.43
2026-08-22T02:21:23,115.6,50.83
2026-08-22T02:21:24,115.85,51.08
2026-08-22T02:21:25,116.17,51.4
2026-08-22T02:21:26,116.59,51.81
2026-08-22T02:21:27,117.71,52.91
2026-08-22T02:21:28,119.97,55.14
2026-08-22T02:21:29,120.15,55.32
2026-08-22T02:21:30,122.89,58.02
2026-08-22T02:21:31,125.92,61.0
2026-08-22T02:21:32,127.63,62.69
2026-08-22T02:21:33,125.95,61.04
2026-08-22T02:21:34,118.92,54.11
2026-08-22T02:21:35,117.08,52.3
2026-08-22T02:21:36,115.7,50.93
2026-08-22T02:21:37,115.22,50.46
2026-08-22T02:21:38,114.87,50.11
2026-08-22T02:21:39,114.83,50.08
2026-08-22T02:21:40,114.28,49.53
2026-08-22T02:21:41,114.38,49.63
2026-08-22T02:21:42,114.25,49.51
2026-08-22T02:21:43,114.39,49.64
2026-08-22T02:21:44,113.8,49.06
2026-08-22T02:21:45,114.25,49.5
2026-08-22T02:21:46,113.96,49.21
2026-08-22T02:21:47,114.23,49.49
2026-08-22T02:21:48,114.36,49.61
2026-08-22T02:21:49,114.78,50.02
2026-08-22T02:21:50,113.95,49.2
2026-08-22T02:21:51,114.34,49.59
2026-08-22T02:21:52,114.54,49.79
2026-08-22T02:21:53,114.84,50.08
2026-08-22T02:21:54,113.8,49.06
2026-08-22T02:21:55,114.52,49.77
2026-08-22T02:21:56,114.17,49.43
2026-08-22T02:21:57,114.54,49.79
2026-08-22T02:21:58,114.09,49.34
2026-08-22T02:21:59,114.33,49.58
2026-08-22T02:22:00,114.3,49.55
2026-08-22T02:22:01,113.84,49.1
2026-08-22T02:22:02,114.67,49.92
2026-08-22T02:22:03,115.03,50.27
2026-08-22T02:22:04,114.42,49.67
2026-08-22T02:22:05,114.11,49.36
2026-08-22T02:22:06,114.11,49.37
2026-08-22T02:22:07,114.29,49.54
2026-08-22T02:22:08,114.32,49.57
2026-08-22T02:22:09,114.5,49.75
2026-08-22T02:22:10,114.18,49.43
2026-08-22T02:22:11,113.85,49.1
2026-08-22T02:22:12,113.93,49.19
2026-08-22T02:22:13,114.84,50.08
2026-08-22T02:22:14,114.74,49.98
2026-08-22T02:22:15,114.32,49.58
2026-08-22T02:22:16,114.55,49.8
2026-08-22T02:22:17,114.47,49.72
2026-08-22T02:22:18,114.11,49.36
2026-08-22T02:22:19,114.58,49.83
2026-08-22T02:22:20,114.49,49.74
2026-08-22T02:22:21,114.96,50.2
2026-08-22T02:22:22,115.13,50.37
2026-08-22T02:22:23,114.7,49.94
2026-08-22T02:22:24,114.0,49.26
2026-08-22T02:22:25,114.58,49.83
2026-08-22T02:22:26,115.45,50.68
2026-08-22T02:22:27,116.37,51.59
2026-08-22T02:22:28,117.43,52.64
2026-08-22T02:22:29,119.54,54.72
2026-08-22T02:22:30,120.37,55.53
2026-08-22T02:22:31,119.83,55.01
2026-08-22T02:22:32,124.59,59.69
2026-08-22T02:22:33,117.64,52.85
2026-08-22T02:22:34,116.59,51.81
2026-08-22T02:22:35,116.01,51.24
2026-08-22T02:22:36,115.37,50.61
2026-08-22T02:22:37,114.85,50.1
2026-08-22T02:22:38,114.9,50.14
2026-08-22T02:22:39,114.64,49.89
2026-08-22T02:22:40,114.43,49.68
2026-08-22T02:22:41,114.61,49.85
2026-08-22T02:22:42,114.71,49.95
2026-08-22T02:22:43,114.9,50.14
2026-08-22T02:22:44,115.16,50.4
2026-08-22T02:22:45,114.78,50.02
2026-08-22T02:22:46,114.35,49.6
2026-08-22T02:22:47,114.82,50.06
2026-08-22T02:22:48,114.32,49.57
2026-08-22T02:22:49,114.93,50.17
2026-08-22T02:22:50,114.52,49.76
2026-08-22T02:22:51,114.79,50.03
2026-08-22T02:22:52,114.67,49.91
2026-08-22T02:22:53,114.4,49.65
2026-08-22T02:22:54,114.55,49.8
2026-08-22T02:22:55,114.12,49.38
2026-08-22T02:22:56,114.91,50.16
2026-08-22T02:22:57,114.75,49.99
2026-08-22T02:22:58,114.56,49.8
2026-08-22T02:22:59,114.57,49.82
2026-08-22T02:23:00,114.34,49.59
2026-08-22T02:23:01,114.84,50.08
2026-08-22T02:23:02,114.41,49.66
2026-08-22T02:23:03,113.97,49.23
2026-08-22T02:23:04,114.75,50.0
2026-08-22T02:23:05,114.35,49.6
2026-08-22T02:23:06,114.25,49.51
2026-08-22T02:23:07,114.89,50.13
2026-08-22T02:23:08,114.95,50.19
2026-08-22T02:23:09,115.05,50.29
2026-08-22T02:23:10,115.11,50.35
2026-08-22T02:23:11,114.53,49.78
2026-08-22T02:23:12,114.48,49.73
2026-08-22T02:23:13,114.74,49.99
2026-08-22T02:23:14,114.48,49.73
2026-08-22T02:23:15,115.03,50.27
2026-08-22T02:23:16,115.04,50.28
2026-08-22T02:23:17,114.46,49.71
2026-08-22T02:23:18,114.96,50.21
2026-08-22T02:23:19,115.24,50.48
2026-08-22T02:23:20,115.81,51.04
2026-08-22T02:23:21,115.99,51.21
2026-08-22T02:23:22,116.61,51.82
2026-08-22T02:23:23,117.25,52.46
2026-08-22T02:23:24,117.67,52.87
2026-08-22T02:23:25,118.96,54.15
2026-08-22T02:23:26,121.47,56.62
2026-08-22T02:23:27,124.14,59.25
2026-08-22T02:23:28,127.6,62.66
2026-08-22T02:23:29,128.87,63.92
2026-08-22T02:23:30,131.26,66.27
2026-08-22T02:23:31,122.43,57.56
2026-08-22T02:23:32,119.16,54.35
2026-08-22T02:23:33,117.06,52.27
2026-08-22T02:23:34,115.79,51.02
2026-08-22T02:23:35,115.75,50.98
2026-08-22T02:23:36,116.21,51.44
2026-08-22T02:23:37,115.95,51.18
2026-08-22T02:23:38,115.64,50.88
2026-08-22T02:23:39,115.02,50.26
2026-08-22T02:23:40,115.33,50.57
2026-08-22T02:23:41,115.07,50.31
2026-08-22T02:23:42,114.92,50.17
2026-08-22T02:23:43,115.39,50.63
2026-08-22T02:23:44,115.35,50.59
2026-08-22T02:23:45,115.04,50.28
2026-08-22T02:23:46,115.36,50.6
2026-08-22T02:23:47,115.32,50.55
2026-08-22T02:23:48,114.9,50.14
2026-08-22T02:23:49,115.29,50.53
2026-08-22T02:23:50,115.38,50.62
2026-08-22T02:23:51,115.13,50.37
2026-08-22T02:23:52,114.83,50.07
2026-08-22T02:23:53,114.68,49.92
2026-08-22T02:23:54,115.0,50.25
2026-08-22T02:23:55,115.02,50.26
2026-08-22T02:23:56,115.06,50.3
2026-08-22T02:23:57,114.71,49.96
2026-08-22T02:23:58,115.22,50.46
2026-08-22T02:23:59,114.75,50.0
2026-08-22T02:24:00,114.25,49.5
2026-08-22T02:24:01,114.85,50.09
2026-08-22T02:24:02,115.06,50.3
2026-08-22T02:24:03,114.57,49.82
2026-08-22T02:24:04,117.5,52.7
2026-08-22T02:24:05,114.79,50.04
2026-08-22T02:24:06,114.35,49.6
2026-08-22T02:24:07,114.36,49.61
2026-08-22T02:24:08,114.73,49.98
2026-08-22T02:24:09,114.63,49.88
2026-08-22T02:24:10,114.28,49.53
2026-08-22T02:24:11,114.04,49.3
2026-08-22T02:24:12,114.11,49.36
2026-08-22T02:24:13,114.8,50.05
2026-08-22T02:24:14,114.46,49.71
2026-08-22T02:24:15,114.36,49.61
2026-08-22T02:24:16,114.26,49.51
2026-08-22T02:24:17,114.54,49.78
2026-08-22T02:24:18,114.43,49.68
2026-08-22T02:24:19,114.25,49.5
2026-08-22T02:24:20,114.36,49.61
2026-08-22T02:24:21,114.35,49.6
2026-08-22T02:24:22,114.22,49.47
2026-08-22T02:24:23,114.51,49.76
2026-08-22T02:24:24,114.5,49.75
2026-08-22T02:24:25,114.68,49.93
2026-08-22T02:24:26,114.73,49.98
2026-08-22T02:24:27,114.97,50.21
2026-08-22T02:24:28,114.69,49.93
2026-08-22T02:24:29,114.65,49.9
2026-08-22T02:24:30,114.62,49.87
2026-08-22T02:24:31,113.96,49.22
2026-08-22T02:24:32,114.49,49.74
2026-08-22T02:24:33,114.5,49.75
2026-08-22T02:24:34,115.22,50.46
2026-08-22T02:24:35,115.71,50.95
2026-08-22T02:24:36,115.5,50.73
2026-08-22T02:24:37,116.2,51.43
2026-08-22T02:24:38,116.21,51.43
2026-08-22T02:24:39,118.93,54.12
2026-08-22T02:24:40,120.64,55.8
2026-08-22T02:24:41,121.71,56.85
2026-08-22T02:24:42,124.79,59.89
2026-08-22T02:24:43,126.26,61.35
2026-08-22T02:24:44,125.43,60.53
2026-08-22T02:24:45,120.53,55.69
2026-08-22T02:24:46,118.64,53.83
2026-08-22T02:24:47,116.69,51.9
2026-08-22T02:24:48,116.0,51.23
2026-08-22T02:24:49,115.79,51.02
2026-08-22T02:24:50,115.29,50.53
2026-08-22T02:24:51,115.5,50.73
2026-08-22T02:24:52,114.87,50.11
2026-08-22T02:24:53,114.58,49.83
2026-08-22T02:24:54,114.33,49.58
2026-08-22T02:24:55,114.13,49.39
2026-08-22T02:24:56,115.49,50.72
2026-08-22T02:24:57,114.5,49.75
2026-08-22T02:24:58,114.67,49.92
2026-08-22T02:24:59,114.16,49.41
2026-08-22T02:25:00,114.12,49.37
2026-08-22T02:25:01,114.31,49.56
2026-08-22T02:25:02,114.11,49.37
2026-08-22T02:25:03,114.58,49.83
2026-08-22T02:25:04,113.95,49.21
2026-08-22T02:25:05,114.59,49.84
2026-08-22T02:25:06,114.51,49.76
2026-08-22T02:25:07,113.92,49.17
2026-08-22T02:25:08,115.33,50.56
2026-08-22T02:25:09,114.61,49.86
2026-08-22T02:25:10,114.37,49.62
2026-08-22T02:25:11,114.63,49.88
2026-08-22T02:25:12,114.57,49.82
2026-08-22T02:25:13,114.99,50.24
2026-08-22T02:25:14,114.77,50.02
2026-08-22T02:25:15,114.67,49.92
2026-08-22T02:25:16,115.26,50.5
2026-08-22T02:25:17,114.83,50.07
2026-08-22T02:25:18,114.87,50.12
2026-08-22T02:25:19,114.91,50.16
2026-08-22T02:25:20,114.89,50.14
2026-08-22T02:25:21,114.78,50.03
2026-08-22T02:25:22,114.64,49.89
2026-08-22T02:25:23,115.0,50.25
2026-08-22T02:25:24,115.37,50.61
2026-08-22T02:25:25,115.27,50.51
2026-08-22T02:25:26,115.35,50.59
2026-08-22T02:25:27,116.22,51.45
2026-08-22T02:25:28,116.4,51.63
2026-08-22T02:25:29,116.3,51.53
2026-08-22T02:25:30,116.39,51.62
2026-08-22T02:25:31,115.75,50.98
2026-08-22T02:25:32,115.18,50.42
2026-08-22T02:25:33,114.9,50.15
2026-08-22T02:25:34,115.37,50.61
2026-08-22T02:25:35,115.65,50.89
2026-08-22T02:25:36,115.35,50.59
2026-08-22T02:25:37,115.48,50.71
2026-08-22T02:25:38,115.09,50.33
2026-08-22T02:25:39,114.78,50.03
2026-08-22T02:25:40,115.24,50.47
2026-08-22T02:25:41,114.46,49.71
2026-08-22T02:25:42,114.73,49.98
2026-08-22T02:25:43,114.03,49.29
2026-08-22T02:25:44,114.57,49.81
2026-08-22T02:25:45,114.42,49.67
2026-08-22T02:25:46,114.22,49.47
2026-08-22T02:25:47,114.05,49.3
2026-08-22T02:25:48,115.23,50.47
2026-08-22T02:25:49,114.27,49.52
2026-08-22T02:25:50,114.29,49.55
2026-08-22T02:25:51,114.55,49.8
2026-08-22T02:25:52,115.01,50.25
2026-08-22T02:25:53,114.99,50.23
2026-08-22T02:25:54,114.53,49.78
2026-08-22T02:25:55,114.7,49.95
2026-08-22T02:25:56,114.28,49.53
2026-08-22T02:25:57,114.07,49.33
2026-08-22T02:25:58,114.94,50.18
2026-08-22T02:25:59,114.25,49.5
2026-08-22T02:26:00,114.56,49.81
2026-08-22T02:26:01,114.61,49.86
2026-08-22T02:26:02,114.12,49.37
2026-08-22T02:26:03,114.68,49.92
2026-08-22T02:26:04,114.83,50.07
2026-08-22T02:26:05,114.85,50.09
2026-08-22T02:26:06,114.8,50.04
2026-08-22T02:26:07,114.65,49.9
2026-08-22T02:26:08,114.03,49.28
2026-08-22T02:26:09,114.68,49.92
2026-08-22T02:26:10,114.69,49.94
2026-08-22T02:26:11,115.0,50.24
2026-08-22T02:26:12,114.53,49.78
2026-08-22T02:26:13,114.19,49.44
2026-08-22T02:26:14,114.66,49.9
2026-08-22T02:26:15,115.1,50.34
2026-08-22T02:26:16,114.72,49.97
2026-08-22T02:26:17,114.37,49.62
2026-08-22T02:26:18,114.32,49.57
2026-08-22T02:26:19,114.76,50.01
2026-08-22T02:26:20,114.33,49.58
2026-08-22T02:26:21,114.31,49.56
2026-08-22T02:26:22,113.89,49.15
2026-08-22T02:26:23,115.0,50.24
2026-08-22T02:26:24,114.69,49.94
2026-08-22T02:26:25,114.57,49.82
2026-08-22T02:26:26,114.69,49.94
2026-08-22T02:26:27,114.79,50.04
2026-08-22T02:26:28,114.47,49.72
2026-08-22T02:26:29,114.32,49.57
2026-08-22T02:26:30,114.87,50.11
2026-08-22T02:26:31,114.24,49.49
2026-08-22T02:26:32,114.74,49.99
2026-08-22T02:26:33,114.79,50.03
2026-08-22T02:26:34,114.44,49.69
2026-08-22T02:26:35,114.92,50.16
2026-08-22T02:26:36,114.9,50.15
2026-08-22T02:26:37,114.98,50.22
2026-08-22T02:26:38,115.05,50.29
2026-08-22T02:26:39,114.96,50.2
2026-08-22T02:26:40,114.83,50.07
2026-08-22T02:26:41,115.29,50.53
2026-08-22T02:26:42,115.07,50.31
2026-08-22T02:26:43,114.63,49.87
2026-08-22T02:26:44,114.81,50.05
2026-08-22T02:26:45,115.27,50.5
2026-08-22T02:26:46,115.64,50.87
2026-08-22T02:26:47,115.78,51.01
2026-08-22T02:26:48,115.99,51.22
2026-08-22T02:26:49,116.93,52.15
2026-08-22T02:26:50,118.6,53.79
2026-08-22T02:26:51,121.27,56.42
2026-08-22T02:26:52,123.6,58.72
2026-08-22T02:26:53,123.99,59.11
2026-08-22T02:26:54,125.33,60.42
2026-08-22T02:26:55,124.73,59.83
2026-08-22T02:26:56,122.39,57.53
2026-08-22T02:26:57,119.82,55.0
2026-08-22T02:26:58,118.39,53.59
2026-08-22T02:26:59,117.23,52.44
2026-08-22T02:27:00,117.2,52.41
2026-08-22T02:27:01,116.44,51.66
2026-08-22T02:27:02,118.45,53.64
2026-08-22T02:27:03,116.23,51.46
2026-08-22T02:27:04,116.21,51.44
2026-08-22T02:27:05,116.21,51.43
2026-08-22T02:27:06,115.62,50.86
2026-08-22T02:27:07,115.21,50.45
2026-08-22T02:27:08,115.02,50.27
2026-08-22T02:27:09,114.77,50.02
2026-08-22T02:27:10,114.53,49.78
2026-08-22T02:27:11,114.94,50.19
2026-08-22T02:27:12,114.35,49.6
2026-08-22T02:27:13,114.81,50.06
2026-08-22T02:27:14,114.28,49.53
2026-08-22T02:27:15,114.0,49.25
2026-08-22T02:27:16,114.33,49.58
2026-08-22T02:27:17,114.4,49.65
2026-08-22T02:27:18,114.58,49.83
2026-08-22T02:27:19,114.6,49.84
2026-08-22T02:27:20,114.58,49.83
2026-08-22T02:27:21,114.47,49.72
2026-08-22T02:27:22,114.1,49.36
2026-08-22T02:27:23,114.52,49.77
2026-08-22T02:27:24,114.37,49.63
2026-08-22T02:27:25,114.06,49.32
2026-08-22T02:27:26,114.6,49.85
2026-08-22T02:27:27,114.59,49.84
2026-08-22T02:27:28,114.81,50.06
2026-08-22T02:27:29,114.91,50.16
2026-08-22T02:27:30,114.63,49.88
2026-08-22T02:27:31,115.12,50.36
2026-08-22T02:27:32,114.41,49.66
2026-08-22T02:27:33,114.51,49.76
2026-08-22T02:27:34,114.81,50.06
2026-08-22T02:27:35,114.64,49.88
2026-08-22T02:27:36,114.72,49.97
2026-08-22T02:27:37,114.32,49.57
2026-08-22T02:27:38,114.57,49.82
2026-08-22T02:27:39,114.12,49.37
2026-08-22T02:27:40,114.86,50.11
2026-08-22T02:27:41,114.08,49.34
2026-08-22T02:27:42,114.6,49.84
2026-08-22T02:27:43,114.53,49.77
2026-08-22T02:27:44,114.51,49.76
2026-08-22T02:27:45,114.61,49.86
2026-08-22T02:27:46,114.4,49.65
2026-08-22T02:27:47,114.67,49.92
2026-08-22T02:27:48,114.45,49.7
2026-08-22T02:27:49,114.57,49.82
2026-08-22T02:27:50,114.49,49.74
2026-08-22T02:27:51,114.51,49.76
2026-08-22T02:27:52,114.12,49.38
2026-08-22T02:27:53,114.75,50.0
2026-08-22T02:27:54,114.55,49.8
2026-08-22T02:27:55,114.47,49.72
2026-08-22T02:27:56,114.35,49.6
2026-08-22T02:27:57,114.57,49.82
2026-08-22T02:27:58,115.02,50.26
2026-08-22T02:27:59,114.98,50.23
2026-08-22T02:28:00,114.91,50.15
2026-08-22T02:28:01,115.16,50.4
2026-08-22T02:28:02,114.65,49.9
2026-08-22T02:28:03,114.24,49.49
2026-08-22T02:28:04,113.74,49.0
2026-08-22T02:28:05,114.35,49.6
2026-08-22T02:28:06,114.57,49.81
2026-08-22T02:28:07,114.55,49.8
2026-08-22T02:28:08,114.68,49.93
2026-08-22T02:28:09,115.1,50.34
2026-08-22T02:28:10,114.33,49.58
2026-08-22T02:28:11,114.92,50.17
2026-08-22T02:28:12,114.37,49.62
2026-08-22T02:28:13,115.0,50.25
2026-08-22T02:28:14,114.78,50.02
2026-08-22T02:28:15,115.09,50.33
2026-08-22T02:28:16,114.53,49.78
2026-08-22T02:28:17,114.92,50.16
2026-08-22T02:28:18,114.33,49.58
2026-08-22T02:28:19,114.95,50.19
2026-08-22T02:28:20,115.1,50.34
2026-08-22T02:28:21,114.91,50.15
2026-08-22T02:28:22,115.02,50.26
2026-08-22T02:28:23,114.8,50.05
2026-08-22T02:28:24,115.17,50.41
2026-08-22T02:28:25,115.31,50.55
2026-08-22T02:28:26,115.51,50.75
2026-08-22T02:28:27,114.95,50.19
2026-08-22T02:28:28,114.77,50.01
2026-08-22T02:28:29,116.07,51.29
2026-08-22T02:28:30,116.95,52.16
2026-08-22T02:28:31,116.81,52.03
2026-08-22T02:28:32,116.22,51.44
2026-08-22T02:28:33,117.36,52.57
2026-08-22T02:28:34,116.75,51.97
2026-08-22T02:28:35,115.66,50.9
2026-08-22T02:28:36,116.43,51.65
2026-08-22T02:28:37,116.09,51.31
2026-08-22T02:28:38,116.54,51.76
2026-08-22T02:28:39,116.03,51.26
2026-08-22T02:28:40,115.6,50.83
2026-08-22T02:28:41,115.23,50.47
2026-08-22T02:28:42,115.53,50.77
2026-08-22T02:28:43,114.69,49.93
2026-08-22T02:28:44,115.15,50.39
2026-08-22T02:28:45,114.99,50.23
2026-08-22T02:28:46,114.65,49.9
2026-08-22T02:28:47,114.65,49.89
2026-08-22T02:28:48,114.86,50.11
2026-08-22T02:28:49,114.98,50.22
2026-08-22T02:28:50,114.96,50.21
2026-08-22T02:28:51,114.68,49.93
2026-08-22T02:28:52,114.7,49.95
2026-08-22T02:28:53,114.96,50.21
2026-08-22T02:28:54,114.57,49.82
2026-08-22T02:28:55,114.53,49.78
2026-08-22T02:28:56,114.4,49.65
2026-08-22T02:28:57,114.17,49.42
2026-08-22T02:28:58,114.37,49.62
2026-08-22T02:28:59,114.91,50.15
2026-08-22T02:29:00,114.8,50.05
2026-08-22T02:29:01,114.27,49.52
2026-08-22T02:29:02,114.32,49.57
2026-08-22T02:29:03,114.27,49.52
2026-08-22T02:29:04,114.39,49.64
2026-08-22T02:29:05,114.4,49.65
2026-08-22T02:29:06,113.71,48.97
2026-08-22T02:29:07,114.4,49.65
2026-08-22T02:29:08,114.47,49.72
2026-08-22T02:29:09,114.57,49.82
2026-08-22T02:29:10,114.84,50.09
2026-08-22T02:29:11,114.64,49.89
2026-08-22T02:29:12,114.26,49.51
2026-08-22T02:29:13,114.44,49.69
2026-08-22T02:29:14,114.77,50.02
2026-08-22T02:29:15,114.76,50.01
2026-08-22T02:29:16,114.25,49.51
2026-08-22T02:29:17,113.76,49.02
2026-08-22T02:29:18,114.27,49.52
2026-08-22T02:29:19,113.82,49.08
2026-08-22T02:29:20,114.62,49.87
2026-08-22T02:29:21,114.5,49.75
2026-08-22T02:29:22,113.87,49.13
2026-08-22T02:29:23,114.54,49.78
2026-08-22T02:29:24,114.47,49.72
2026-08-22T02:29:25,114.32,49.57
2026-08-22T02:29:26,114.36,49.61
2026-08-22T02:29:27,114.25,49.5
2026-08-22T02:29:28,114.3,49.55
2026-08-22T02:29:29,114.07,49.33
2026-08-22T02:29:30,114.52,49.77
2026-08-22T02:29:31,114.41,49.66
2026-08-22T02:29:32,114.11,49.37
2026-08-22T02:29:33,114.49,49.74
2026-08-22T02:29:34,114.64,49.88
2026-08-22T02:29:35,114.77,50.02
2026-08-22T02:29:36,114.87,50.12
2026-08-22T02:29:37,115.38,50.62
2026-08-22T02:29:38,115.39,50.63
2026-08-22T02:29:39,115.79,51.02
2026-08-22T02:29:40,115.68,50.92
2026-08-22T02:29:41,116.79,52.0
2026-08-22T02:29:42,118.91,54.1
2026-08-22T02:29:43,119.17,54.35
2026-08-22T02:29:44,120.61,55.78
2026-08-22T02:29:45,121.4,56.55
2026-08-22T02:29:46,121.84,56.99
2026-08-22T02:29:47,123.08,58.21
2026-08-22T02:29:48,122.76,57.9
2026-08-22T02:29:49,121.12,56.27
2026-08-22T02:29:50,118.63,53.82
2026-08-22T02:29:51,117.51,52.71
2026-08-22T02:29:52,117.18,52.39
2026-08-22T02:29:53,116.59,51.81
2026-08-22T02:29:54,115.79,51.02
2026-08-22T02:29:55,115.81,51.04
2026-08-22T02:29:56,115.83,51.06
2026-08-22T02:29:57,115.95,51.18
2026-08-22T02:29:58,115.27,50.51
2026-08-22T02:29:59,115.21,50.45
2026-08-22T02:30:00,114.79,50.03
2026-08-22T02:30:01,114.73,49.97
2026-08-22T02:30:02,114.66,49.9
2026-08-22T02:30:03,114.43,49.68
2026-08-22T02:30:04,114.35,49.6
2026-08-22T02:30:05,114.91,50.15
2026-08-22T02:30:06,114.25,49.5
2026-08-22T02:30:07,114.26,49.51
2026-08-22T02:30:08,114.4,49.65
2026-08-22T02:30:09,114.75,49.99
2026-08-22T02:30:10,114.79,50.03
2026-08-22T02:30:11,114.02,49.28
2026-08-22T02:30:12,114.26,49.51
2026-08-22T02:30:13,114.21,49.47
2026-08-22T02:30:14,114.83,50.07
2026-08-22T02:30:15,114.65,49.89
2026-08-22T02:30:16,114.21,49.46
2026-08-22T02:30:17,114.98,50.22
2026-08-22T02:30:18,114.11,49.37
2026-08-22T02:30:19,114.43,49.68
2026-08-22T02:30:20,114.6,49.85
2026-08-22T02:30:21,114.11,49.37
2026-08-22T02:30:22,114.81,50.06
2026-08-22T02:30:23,114.41,49.66
2026-08-22T02:30:24,114.5,49.75
2026-08-22T02:30:25,114.6,49.85
2026-08-22T02:30:26,114.02,49.27
2026-08-22T02:30:27,114.18,49.43
2026-08-22T02:30:28,114.71,49.96
2026-08-22T02:30:29,114.45,49.7
2026-08-22T02:30:30,114.01,49.27
2026-08-22T02:30:31,115.03,50.27
2026-08-22T02:30:32,113.98,49.24
2026-08-22T02:30:33,114.16,49.41
2026-08-22T02:30:34,114.4,49.65
2026-08-22T02:30:35,113.88,49.14
2026-08-22T02:30:36,114.97,50.22
2026-08-22T02:30:37,114.62,49.87
2026-08-22T02:30:38,114.68,49.93
2026-08-22T02:30:39,114.77,50.01
2026-08-22T02:30:40,114.89,50.14
2026-08-22T02:30:41,115.23,50.47
2026-08-22T02:30:42,115.01,50.25
2026-08-22T02:30:43,114.86,50.1
2026-08-22T02:30:44,114.88,50.12
2026-08-22T02:30:45,114.89,50.13
2026-08-22T02:30:46,114.86,50.1
2026-08-22T02:30:47,114.36,49.61
2026-08-22T02:30:48,115.1,50.34
2026-08-22T02:30:49,114.66,49.91
2026-08-22T02:30:50,114.89,50.13
2026-08-22T02:30:51,115.26,50.49
2026-08-22T02:30:52,114.82,50.07
2026-08-22T02:30:53,115.04,50.28
2026-08-22T02:30:54,114.57,49.82
2026-08-22T02:30:55,114.14,49.4
2026-08-22T02:30:56,114.08,49.34
2026-08-22T02:30:57,114.3,49.56
2026-08-22T02:30:58,114.89,50.14
2026-08-22T02:30:59,114.75,50.0
2026-08-22T02:31:00,114.98,50.22
2026-08-22T02:31:01,115.07,50.31
2026-08-22T02:31:02,114.81,50.06
2026-08-22T02:31:03,115.17,50.41
2026-08-22T02:31:04,114.71,49.96
2026-08-22T02:31:05,113.87,49.13
2026-08-22T02:31:06,114.25,49.5
2026-08-22T02:31:07,115.02,50.27
2026-08-22T02:31:08,114.8,50.05
2026-08-22T02:31:09,114.34,49.59
2026-08-22T02:31:10,115.09,50.33
2026-08-22T02:31:11,114.69,49.94
2026-08-22T02:31:12,114.05,49.31
2026-08-22T02:31:13,114.56,49.8
2026-08-22T02:31:14,114.76,50.01
2026-08-22T02:31:15,114.35,49.6
2026-08-22T02:31:16,114.48,49.73
2026-08-22T02:31:17,114.19,49.44
2026-08-22T02:31:18,114.3,49.55
2026-08-22T02:31:19,114.19,49.44
2026-08-22T02:31:20,114.73,49.97
2026-08-22T02:31:21,114.1,49.35
2026-08-22T02:31:22,114.63,49.88
2026-08-22T02:31:23,114.98,50.22
2026-08-22T02:31:24,114.6,49.85
2026-08-22T02:31:25,114.45,49.7
2026-08-22T02:31:26,115.06,50.3
2026-08-22T02:31:27,115.32,50.56
2026-08-22T02:31:28,114.78,50.02
2026-08-22T02:31:29,115.0,50.24
2026-08-22T02:31:30,114.83,50.07
2026-08-22T02:31:31,114.2,49.46
2026-08-22T02:31:32,114.07,49.33
2026-08-22T02:31:33,114.04,49.29
2026-08-22T02:31:34,114.54,49.79
2026-08-22T02:31:35,114.23,49.48
2026-08-22T02:31:36,114.7,49.94
2026-08-22T02:31:37,113.76,49.02
2026-08-22T02:31:38,114.17,49.43
2026-08-22T02:31:39,114.22,49.48
2026-08-22T02:31:40,114.15,49.41
2026-08-22T02:31:41,114.44,49.69
2026-08-22T02:31:42,114.83,50.07
2026-08-22T02:31:43,114.74,49.98
2026-08-22T02:31:44,114.13,49.39
2026-08-22T02:31:45,114.25,49.5
2026-08-22T02:31:46,114.23,49.48
2026-08-22T02:31:47,113.97,49.23
2026-08-22T02:31:48,114.83,50.07
2026-08-22T02:31:49,114.25,49.5
2026-08-22T02:31:50,115.06,50.3
2026-08-22T02:31:51,114.5,49.75
2026-08-22T02:31:52,114.61,49.86
2026-08-22T02:31:53,114.59,49.83
2026-08-22T02:31:54,114.18,49.43
2026-08-22T02:31:55,114.43,49.68
2026-08-22T02:31:56,114.41,49.66
2026-08-22T02:31:57,114.13,49.39
2026-08-22T02:31:58,114.24,49.49
2026-08-22T02:31:59,113.99,49.24
2026-08-22T02:32:00,114.18,49.43
2026-08-22T02:32:01,114.39,49.65
2026-08-22T02:32:02,114.7,49.94
2026-08-22T02:32:03,114.46,49.71
2026-08-22T02:32:04,114.76,50.01
2026-08-22T02:32:05,114.43,49.68
2026-08-22T02:32:06,114.65,49.9
2026-08-22T02:32:07,114.77,50.01
2026-08-22T02:32:08,115.06,50.3
2026-08-22T02:32:09,116.14,51.37
2026-08-22T02:32:10,114.98,50.22
2026-08-22T02:32:11,115.43,50.66
2026-08-22T02:32:12,115.73,50.96
2026-08-22T02:32:13,114.82,50.06
2026-08-22T02:32:14,114.84,50.09
2026-08-22T02:32:15,114.93,50.17
2026-08-22T02:32:16,115.47,50.7
2026-08-22T02:32:17,114.69,49.94
2026-08-22T02:32:18,114.54,49.79
2026-08-22T02:32:19,115.04,50.28
2026-08-22T02:32:20,115.56,50.79
2026-08-22T02:32:21,114.32,49.57
2026-08-22T02:32:22,114.31,49.56
2026-08-22T02:32:23,116.78,52.0
2026-08-22T02:32:24,115.29,50.53
2026-08-22T02:32:25,115.34,50.57
2026-08-22T02:32:26,115.5,50.73
2026-08-22T02:32:27,115.03,50.27
2026-08-22T02:32:28,114.76,50.01
2026-08-22T02:32:29,114.56,49.81
2026-08-22T02:32:30,114.71,49.95
2026-08-22T02:32:31,114.7,49.95
2026-08-22T02:32:32,115.46,50.7
2026-08-22T02:32:33,115.89,51.12
2026-08-22T02:32:34,116.86,52.07
2026-08-22T02:32:35,115.21,50.45
2026-08-22T02:32:36,115.33,50.57
2026-08-22T02:32:37,114.95,50.19
2026-08-22T02:32:38,114.88,50.12
2026-08-22T02:32:39,114.76,50.0
2026-08-22T02:32:40,114.63,49.88
2026-08-22T02:32:41,114.33,49.58
2026-08-22T02:32:42,114.59,49.84
2026-08-22T02:32:43,114.85,50.09
2026-08-22T02:32:44,115.19,50.43
2026-08-22T02:32:45,115.39,50.62
2026-08-22T02:32:46,116.01,51.23
2026-08-22T02:32:47,115.17,50.41
2026-08-22T02:32:48,115.61,50.85
2026-08-22T02:32:49,115.34,50.58
2026-08-22T02:32:50,114.79,50.04
2026-08-22T02:32:51,115.77,51.0
2026-08-22T02:32:52,114.87,50.11
2026-08-22T02:32:53,114.85,50.09
2026-08-22T02:32:54,114.57,49.82
2026-08-22T02:32:55,113.93,49.19
2026-08-22T02:32:56,114.03,49.28
2026-08-22T02:32:57,113.96,49.22
2026-08-22T02:32:58,114.47,49.72
2026-08-22T02:32:59,114.58,49.83
2026-08-22T02:33:00,114.17,49.42
2026-08-22T02:33:01,114.23,49.49
2026-08-22T02:33:02,114.15,49.4
2026-08-22T02:33:03,114.03,49.29
2026-08-22T02:33:04,113.77,49.03
2026-08-22T02:33:05,114.55,49.8
2026-08-22T02:33:06,113.46,48.73
2026-08-22T02:33:07,114.33,49.58
2026-08-22T02:33:08,115.08,50.32
2026-08-22T02:33:09,115.57,50.8
2026-08-22T02:33:10,115.61,50.84
2026-08-22T02:33:11,116.53,51.75
2026-08-22T02:33:12,117.89,53.09
2026-08-22T02:33:13,122.24,57.38
2026-08-22T02:33:14,124.83,59.93
2026-08-22T02:33:15,126.85,61.92
2026-08-22T02:33:16,128.36,63.41
2026-08-22T02:33:17,129.05,64.09
2026-08-22T02:33:18,127.57,62.63
2026-08-22T02:33:19,124.19,59.3
2026-08-22T02:33:20,122.33,57.47
2026-08-22T02:33:21,120.39,55.56
2026-08-22T02:33:22,120.11,55.28
2026-08-22T02:33:23,118.38,53.58
2026-08-22T02:33:24,117.65,52.85
2026-08-22T02:33:25,115.64,50.87
2026-08-22T02:33:26,114.41,49.66
2026-08-22T02:33:27,115.19,50.43
2026-08-22T02:33:28,115.48,50.71
2026-08-22T02:33:29,115.17,50.41
2026-08-22T02:33:30,115.93,51.16
2026-08-22T02:33:31,114.63,49.87
2026-08-22T02:33:32,115.0,50.24
2026-08-22T02:33:33,114.89,50.13
2026-08-22T02:33:34,115.02,50.26
2026-08-22T02:33:35,114.94,50.19
2026-08-22T02:33:36,114.38,49.63
2026-08-22T02:33:37,114.47,49.72
2026-08-22T02:33:38,114.33,49.59
2026-08-22T02:33:39,114.15,49.41
2026-08-22T02:33:40,114.82,50.06
2026-08-22T02:33:41,114.43,49.68
2026-08-22T02:33:42,114.62,49.86
2026-08-22T02:33:43,114.45,49.7
2026-08-22T02:33:44,114.59,49.84
2026-08-22T02:33:45,114.73,49.97
2026-08-22T02:33:46,114.92,50.16
2026-08-22T02:33:47,114.69,49.94
2026-08-22T02:33:48,115.5,50.73
2026-08-22T02:33:49,114.3,49.56
2026-08-22T02:33:50,115.4,50.64
2026-08-22T02:33:51,114.44,49.69
2026-08-22T02:33:52,114.47,49.72
2026-08-22T02:33:53,115.09,50.33
2026-08-22T02:33:54,114.55,49.8
2026-08-22T02:33:55,115.08,50.32
2026-08-22T02:33:56,114.69,49.93
2026-08-22T02:33:57,114.22,49.48
2026-08-22T02:33:58,114.69,49.93
2026-08-22T02:33:59,114.68,49.92
2026-08-22T02:34:00,114.84,50.09
2026-08-22T02:34:01,114.8,50.05
2026-08-22T02:34:02,114.6,49.85
2026-08-22T02:34:03,114.86,50.11
2026-08-22T02:34:04,115.24,50.47
2026-08-22T02:34:05,114.41,49.66
2026-08-22T02:34:06,114.33,49.58
2026-08-22T02:34:07,114.96,50.2
2026-08-22T02:34:08,115.07,50.31
2026-08-22T02:34:09,115.21,50.45
2026-08-22T02:34:10,115.1,50.34
2026-08-22T02:34:11,114.57,49.82
2026-08-22T02:34:12,114.73,49.98
2026-08-22T02:34:13,114.85,50.09
2026-08-22T02:34:14,114.57,49.81
2026-08-22T02:34:15,114.78,50.03
2026-08-22T02:34:16,114.2,49.45
2026-08-22T02:34:17,114.73,49.98
2026-08-22T02:34:18,114.22,49.48
2026-08-22T02:34:19,114.77,50.01
2026-08-22T02:34:20,114.75,49.99
2026-08-22T02:34:21,115.3,50.54
2026-08-22T02:34:22,114.77,50.01
2026-08-22T02:34:23,115.1,50.34
2026-08-22T02:34:24,115.26,50.5
2026-08-22T02:34:25,114.09,49.35
2026-08-22T02:34:26,114.06,49.32
2026-08-22T02:34:27,114.06,49.32
2026-08-22T02:34:28,114.49,49.74
2026-08-22T02:34:29,114.62,49.87
2026-08-22T02:34:30,114.93,50.18
2026-08-22T02:34:31,114.4,49.65
2026-08-22T02:34:32,114.2,49.45
2026-08-22T02:34:33,114.37,49.62
2026-08-22T02:34:34,113.83,49.09
2026-08-22T02:34:35,114.08,49.34
2026-08-22T02:34:36,114.91,50.15
2026-08-22T02:34:37,114.39,49.64
2026-08-22T02:34:38,113.82,49.08
2026-08-22T02:34:39,114.29,49.54
2026-08-22T02:34:40,114.07,49.33
2026-08-22T02:34:41,113.89,49.15
2026-08-22T02:34:42,114.61,49.85
2026-08-22T02:34:43,114.11,49.36
2026-08-22T02:34:44,114.08,49.34
2026-08-22T02:34:45,113.42,48.69
2026-08-22T02:34:46,114.04,49.3
2026-08-22T02:34:47,114.48,49.73
2026-08-22T02:34:48,114.28,49.53
2026-08-22T02:34:49,114.25,49.5
2026-08-22T02:34:50,114.27,49.52
2026-08-22T02:34:51,114.1,49.36
2026-08-22T02:34:52,114.16,49.41
2026-08-22T02:34:53,114.81,50.05
2026-08-22T02:34:54,114.52,49.77
2026-08-22T02:34:55,114.16,49.42
2026-08-22T02:34:56,114.37,49.62
2026-08-22T02:34:57,113.78,49.04
2026-08-22T02:34:58,114.0,49.26
2026-08-22T02:34:59,114.06,49.32
2026-08-22T02:35:00,117.41,52.62
2026-08-22T02:35:01,114.1,49.36
2026-08-22T02:35:02,114.34,49.6
2026-08-22T02:35:03,114.38,49.63
2026-08-22T02:35:04,113.67,48.93
2026-08-22T02:35:05,114.14,49.39
2026-08-22T02:35:06,114.06,49.31
2026-08-22T02:35:07,114.64,49.89
2026-08-22T02:35:08,114.49,49.74
2026-08-22T02:35:09,114.58,49.82
2026-08-22T02:35:10,114.49,49.74
2026-08-22T02:35:11,113.75,49.01
2026-08-22T02:35:12,114.22,49.47
2026-08-22T02:35:13,114.33,49.58
2026-08-22T02:35:14,114.24,49.49
2026-08-22T02:35:15,114.65,49.9
2026-08-22T02:35:16,114.15,49.4
2026-08-22T02:35:17,114.11,49.37
2026-08-22T02:35:18,113.85,49.11
2026-08-22T02:35:19,113.48,48.74
2026-08-22T02:35:20,113.51,48.77
2026-08-22T02:35:21,114.23,49.49
2026-08-22T02:35:22,114.19,49.44
2026-08-22T02:35:23,114.18,49.44
2026-08-22T02:35:24,114.25,49.51
2026-08-22T02:35:25,114.18,49.43
2026-08-22T02:35:26,114.04,49.29
2026-08-22T02:35:27,114.01,49.26
2026-08-22T02:35:28,113.59,48.85
2026-08-22T02:35:29,113.07,48.34
2026-08-22T02:35:30,113.7,48.96
2026-08-22T02:35:31,113.96,49.21
2026-08-22T02:35:32,114.17,49.42
2026-08-22T02:35:33,114.2,49.45
2026-08-22T02:35:34,113.96,49.22
2026-08-22T02:35:35,113.09,48.36
2026-08-22T02:35:36,114.21,49.46
2026-08-22T02:35:37,114.26,49.51
2026-08-22T02:35:38,113.82,49.08
2026-08-22T02:35:39,114.67,49.91
2026-08-22T02:35:40,113.99,49.25
2026-08-22T02:35:41,113.63,48.89
2026-08-22T02:35:42,114.5,49.75
2026-08-22T02:35:43,114.65,49.9
2026-08-22T02:35:44,114.02,49.27
2026-08-22T02:35:45,113.88,49.14
2026-08-22T02:35:46,114.24,49.49
2026-08-22T02:35:47,114.29,49.54
2026-08-22T02:35:48,114.48,49.73
2026-08-22T02:35:49,114.33,49.58
2026-08-22T02:35:50,114.1,49.35
2026-08-22T02:35:51,114.44,49.69
2026-08-22T02:35:52,114.08,49.33
2026-08-22T02:35:53,113.99,49.24
2026-08-22T02:35:54,114.12,49.38
2026-08-22T02:35:55,114.56,49.81
2026-08-22T02:35:56,114.42,49.67
2026-08-22T02:35:57,113.52,48.78
2026-08-22T02:35:58,114.45,49.7
2026-08-22T02:35:59,113.98,49.24
2026-08-22T02:36:00,114.1,49.36
2026-08-22T02:36:01,114.18,49.44
2026-08-22T02:36:02,114.49,49.74
2026-08-22T02:36:03,113.92,49.18
2026-08-22T02:36:04,113.78,49.04
2026-08-22T02:36:05,113.99,49.24
2026-08-22T02:36:06,113.81,49.07
2026-08-22T02:36:07,114.16,49.42
2026-08-22T02:36:08,114.13,49.39
2026-08-22T02:36:09,113.64,48.9
2026-08-22T02:36:10,113.71,48.97
2026-08-22T02:36:11,114.12,49.38
2026-08-22T02:36:12,113.46,48.72
2026-08-22T02:36:13,114.58,49.83
2026-08-22T02:36:14,114.54,49.79
2026-08-22T02:36:15,114.5,49.75
2026-08-22T02:36:16,114.51,49.76
2026-08-22T02:36:17,114.86,50.11
2026-08-22T02:36:18,114.98,50.22
2026-08-22T02:36:19,113.8,49.06
2026-08-22T02:36:20,113.88,49.14
2026-08-22T02:36:21,114.61,49.86
2026-08-22T02:36:22,114.59,49.84
2026-08-22T02:36:23,114.6,49.85
2026-08-22T02:36:24,114.82,50.07
2026-08-22T02:36:25,114.57,49.82
2026-08-22T02:36:26,115.08,50.32
2026-08-22T02:36:27,115.3,50.54
2026-08-22T02:36:28,115.33,50.57
2026-08-22T02:36:29,115.21,50.45
2026-08-22T02:36:30,115.1,50.34
2026-08-22T02:36:31,114.83,50.07
2026-08-22T02:36:32,114.46,49.71
2026-08-22T02:36:33,115.21,50.45
2026-08-22T02:36:34,114.43,49.68
2026-08-22T02:36:35,115.07,50.31
2026-08-22T02:36:36,114.62,49.86
2026-08-22T02:36:37,115.15,50.39
2026-08-22T02:36:38,115.42,50.66
2026-08-22T02:36:39,114.79,50.03
2026-08-22T02:36:40,116.01,51.24
2026-08-22T02:36:41,115.09,50.33
2026-08-22T02:36:42,114.98,50.23
2026-08-22T02:36:43,114.85,50.1
2026-08-22T02:36:44,115.2,50.44
2026-08-22T02:36:45,115.23,50.47
2026-08-22T02:36:46,114.84,50.08
2026-08-22T02:36:47,114.68,49.92
2026-08-22T02:36:48,114.94,50.18
2026-08-22T02:36:49,114.89,50.14
2026-08-22T02:36:50,114.41,49.66
2026-08-22T02:36:51,114.28,49.53
2026-08-22T02:36:52,114.04,49.3
2026-08-22T02:36:53,115.2,50.44
2026-08-22T02:36:54,114.65,49.9
2026-08-22T02:36:55,114.59,49.84
2026-08-22T02:36:56,114.2,49.45
2026-08-22T02:36:57,114.58,49.83
2026-08-22T02:36:58,114.43,49.68
2026-08-22T02:36:59,114.33,49.58
2026-08-22T02:37:00,114.3,49.55
2026-08-22T02:37:01,114.7,49.95
2026-08-22T02:37:02,114.6,49.84
2026-08-22T02:37:03,114.63,49.88
2026-08-22T02:37:04,114.54,49.79
2026-08-22T02:37:05,115.01,50.25
2026-08-22T02:37:06,114.72,49.97
2026-08-22T02:37:07,114.64,49.89
2026-08-22T02:37:08,114.6,49.84
2026-08-22T02:37:09,114.97,50.22
2026-08-22T02:37:10,114.6,49.85
2026-08-22T02:37:11,114.23,49.49
2026-08-22T02:37:12,114.83,50.07
2026-08-22T02:37:13,115.49,50.72
2026-08-22T02:37:14,116.05,51.28
2026-08-22T02:37:15,116.8,52.02
2026-08-22T02:37:16,117.54,52.74
2026-08-22T02:37:17,119.8,54.97
2026-08-22T02:37:18,122.99,58.12
2026-08-22T02:37:19,125.32,60.41
2026-08-22T02:37:20,128.4,63.45
2026-08-22T02:37:21,130.09,65.12
2026-08-22T02:37:22,128.18,63.23
2026-08-22T02:37:23,121.51,56.65
2026-08-22T02:37:24,118.05,53.25
2026-08-22T02:37:25,117.14,52.35
2026-08-22T02:37:26,116.42,51.64
2026-08-22T02:37:27,116.5,51.73
2026-08-22T02:37:28,117.44,52.65
2026-08-22T02:37:29,117.64,52.85
2026-08-22T02:37:30,119.29,54.47
2026-08-22T02:37:31,121.95,57.09
2026-08-22T02:37:32,124.79,59.9
2026-08-22T02:37:33,126.86,61.94
2026-08-22T02:37:34,129.46,64.5
2026-08-22T02:37:35,129.58,64.61
2026-08-22T02:37:36,128.37,63.42
2026-08-22T02:37:37,124.34,59.45
2026-08-22T02:37:38,120.56,55.72
2026-08-22T02:37:39,118.27,53.47
2026-08-22T02:37:40,116.34,51.56
2026-08-22T02:37:41,116.34,51.57
2026-08-22T02:37:42,116.18,51.41
2026-08-22T02:37:43,115.83,51.06
2026-08-22T02:37:44,115.57,50.8
2026-08-22T02:37:45,114.91,50.16
2026-08-22T02:37:46,115.01,50.25
2026-08-22T02:37:47,114.41,49.66
2026-08-22T02:37:48,115.12,50.36
2026-08-22T02:37:49,115.13,50.37
2026-08-22T02:37:50,114.99,50.23
2026-08-22T02:37:51,115.05,50.29
2026-08-22T02:37:52,114.3,49.55
2026-08-22T02:37:53,115.49,50.73
2026-08-22T02:37:54,114.42,49.67
2026-08-22T02:37:55,114.31,49.56
2026-08-22T02:37:56,114.88,50.12
2026-08-22T02:37:57,114.76,50.0
2026-08-22T02:37:58,114.85,50.1
2026-08-22T02:37:59,115.03,50.27
2026-08-22T02:38:00,114.81,50.06
2026-08-22T02:38:01,115.23,50.47
2026-08-22T02:38:02,114.92,50.16
2026-08-22T02:38:03,115.54,50.78
2026-08-22T02:38:04,115.24,50.47
2026-08-22T02:38:05,114.67,49.91
2026-08-22T02:38:06,114.99,50.23
2026-08-22T02:38:07,114.32,49.57
2026-08-22T02:38:08,114.37,49.62
2026-08-22T02:38:09,115.07,50.31
2026-08-22T02:38:10,114.5,49.75
2026-08-22T02:38:11,114.18,49.44
2026-08-22T02:38:12,114.0,49.26
2026-08-22T02:38:13,114.55,49.8
2026-08-22T02:38:14,114.49,49.74
2026-08-22T02:38:15,115.0,50.24
2026-08-22T02:38:16,114.65,49.9
2026-08-22T02:38:17,114.22,49.47
2026-08-22T02:38:18,114.32,49.57
2026-08-22T02:38:19,115.15,50.39
2026-08-22T02:38:20,115.39,50.63
2026-08-22T02:38:21,114.66,49.91
2026-08-22T02:38:22,115.24,50.48
2026-08-22T02:38:23,114.74,49.98
2026-08-22T02:38:24,115.65,50.88
2026-08-22T02:38:25,114.72,49.96
2026-08-22T02:38:26,114.84,50.09
2026-08-22T02:38:27,114.41,49.67
2026-08-22T02:38:28,115.12,50.36
2026-08-22T02:38:29,115.0,50.24
2026-08-22T02:38:30,115.66,50.89
2026-08-22T02:38:31,115.08,50.32
2026-08-22T02:38:32,115.13,50.37
2026-08-22T02:38:33,114.91,50.15
2026-08-22T02:38:34,114.57,49.82
2026-08-22T02:38:35,114.92,50.17
2026-08-22T02:38:36,115.28,50.52
2026-08-22T02:38:37,114.6,49.85
2026-08-22T02:38:38,115.16,50.4
2026-08-22T02:38:39,114.73,49.98
2026-08-22T02:38:40,114.91,50.16
2026-08-22T02:38:41,114.56,49.81
2026-08-22T02:38:42,114.42,49.67
2026-08-22T02:38:43,114.82,50.07
2026-08-22T02:38:44,115.06,50.3
2026-08-22T02:38:45,114.68,49.93
2026-08-22T02:38:46,115.26,50.5
2026-08-22T02:38:47,114.96,50.2
2026-08-22T02:38:48,115.02,50.27
2026-08-22T02:38:49,114.7,49.94
2026-08-22T02:38:50,114.82,50.06
2026-08-22T02:38:51,114.66,49.91
2026-08-22T02:38:52,114.91,50.16
2026-08-22T02:38:53,114.67,49.91
2026-08-22T02:38:54,114.6,49.85
2026-08-22T02:38:55,114.46,49.71
2026-08-22T02:38:56,114.25,49.5
2026-08-22T02:38:57,114.32,49.58
2026-08-22T02:38:58,114.09,49.34
2026-08-22T02:38:59,114.09,49.34
2026-08-22T02:39:00,114.21,49.46
2026-08-22T02:39:01,114.36,49.61
2026-08-22T02:39:02,113.97,49.23
2026-08-22T02:39:03,114.33,49.58
2026-08-22T02:39:04,114.64,49.89
2026-08-22T02:39:05,114.6,49.85
2026-08-22T02:39:06,114.33,49.58
2026-08-22T02:39:07,113.97,49.23
2026-08-22T02:39:08,114.45,49.7
2026-08-22T02:39:09,114.78,50.02
2026-08-22T02:39:10,114.33,49.58
2026-08-22T02:39:11,114.66,49.9
2026-08-22T02:39:12,114.35,49.6
2026-08-22T02:39:13,114.2,49.45
2026-08-22T02:39:14,114.37,49.62
2026-08-22T02:39:15,114.57,49.81
2026-08-22T02:39:16,113.79,49.05
2026-08-22T02:39:17,114.81,50.05
2026-08-22T02:39:18,114.79,50.03
2026-08-22T02:39:19,114.47,49.72
2026-08-22T02:39:20,114.77,50.01
2026-08-22T02:39:21,114.11,49.37
2026-08-22T02:39:22,114.02,49.28
2026-08-22T02:39:23,114.25,49.51
2026-08-22T02:39:24,114.93,50.17
2026-08-22T02:39:25,114.79,50.04
2026-08-22T02:39:26,114.18,49.43
2026-08-22T02:39:27,114.34,49.59
2026-08-22T02:39:28,114.22,49.47
2026-08-22T02:39:29,114.4,49.65
2026-08-22T02:39:30,114.65,49.89
2026-08-22T02:39:31,114.28,49.53
2026-08-22T02:39:32,114.2,49.45
2026-08-22T02:39:33,113.73,48.99
2026-08-22T02:39:34,114.26,49.52
2026-08-22T02:39:35,114.15,49.4
2026-08-22T02:39:36,115.05,50.29
2026-08-22T02:39:37,114.67,49.91
2026-08-22T02:39:38,114.73,49.97
2026-08-22T02:39:39,114.35,49.61
2026-08-22T02:39:40,114.83,50.08
2026-08-22T02:39:41,114.44,49.69
2026-08-22T02:39:42,114.72,49.97
2026-08-22T02:39:43,114.37,49.62
2026-08-22T02:39:44,114.11,49.37
2026-08-22T02:39:45,114.27,49.52
2026-08-22T02:39:46,114.6,49.84
2026-08-22T02:39:47,114.56,49.81
2026-08-22T02:39:48,114.78,50.02
2026-08-22T02:39:49,115.11,50.36
2026-08-22T02:39:50,115.01,50.26
2026-08-22T02:39:51,114.97,50.22
2026-08-22T02:39:52,114.66,49.91
2026-08-22T02:39:53,115.31,50.55
2026-08-22T02:39:54,114.83,50.07
2026-08-22T02:39:55,114.65,49.9
2026-08-22T02:39:56,114.62,49.87
2026-08-22T02:39:57,114.77,50.02
2026-08-22T02:39:58,115.16,50.4
2026-08-22T02:39:59,115.1,50.35
2026-08-22T02:40:00,115.3,50.54
2026-08-22T02:40:01,114.7,49.95
2026-08-22T02:40:02,114.82,50.07
2026-08-22T02:40:03,114.58,49.83
2026-08-22T02:40:04,114.72,49.96
2026-08-22T02:40:05,115.55,50.79
2026-08-22T02:40:06,115.54,50.78
2026-08-22T02:40:07,115.48,50.71
2026-08-22T02:40:08,115.77,51.01
2026-08-22T02:40:09,115.11,50.35
2026-08-22T02:40:10,114.53,49.78
2026-08-22T02:40:11,114.65,49.89
2026-08-22T02:40:12,114.65,49.9
2026-08-22T02:40:13,114.68,49.93
2026-08-22T02:40:14,114.36,49.61
2026-08-22T02:40:15,113.99,49.25
2026-08-22T02:40:16,118.26,53.46
2026-08-22T02:40:17,115.63,50.87
2026-08-22T02:40:18,118.66,53.85
2026-08-22T02:40:19,115.21,50.45
2026-08-22T02:40:20,114.81,50.05
2026-08-22T02:40:21,114.88,50.12
2026-08-22T02:40:22,115.17,50.41
2026-08-22T02:40:23,115.14,50.38
2026-08-22T02:40:24,115.07,50.31
2026-08-22T02:40:25,115.24,50.48
2026-08-22T02:40:26,114.92,50.17
2026-08-22T02:40:27,114.74,49.98
2026-08-22T02:40:28,114.76,50.0
2026-08-22T02:40:29,114.77,50.02
2026-08-22T02:40:30,114.1,49.36
2026-08-22T02:40:31,115.32,50.55
2026-08-22T02:40:32,114.83,50.08
2026-08-22T02:40:33,114.82,50.07
2026-08-22T02:40:34,114.88,50.12
2026-08-22T02:40:35,115.15,50.39
2026-08-22T02:40:36,115.32,50.56
2026-08-22T02:40:37,115.77,51.0
2026-08-22T02:40:38,114.93,50.18
2026-08-22T02:40:39,114.08,49.33
2026-08-22T02:40:40,114.97,50.22
2026-08-22T02:40:41,115.06,50.3
2026-08-22T02:40:42,114.78,50.02
2026-08-22T02:40:43,115.25,50.49
2026-08-22T02:40:44,114.23,49.48
2026-08-22T02:40:45,114.66,49.91
2026-08-22T02:40:46,114.24,49.49
2026-08-22T02:40:47,114.44,49.69
2026-08-22T02:40:48,114.35,49.6
2026-08-22T02:40:49,114.31,49.56
2026-08-22T02:40:50,114.39,49.64
2026-08-22T02:40:51,114.66,49.9
2026-08-22T02:40:52,114.12,49.37
2026-08-22T02:40:53,114.14,49.4
2026-08-22T02:40:54,114.45,49.7
2026-08-22T02:40:55,114.39,49.64
2026-08-22T02:40:56,114.99,50.23
2026-08-22T02:40:57,115.36,50.6
2026-08-22T02:40:58,114.8,50.05
2026-08-22T02:40:59,115.01,50.25
2026-08-22T02:41:00,115.69,50.93
2026-08-22T02:41:01,115.08,50.32
2026-08-22T02:41:02,116.11,51.33
2026-08-22T02:41:03,116.71,51.93
2026-08-22T02:41:04,118.02,53.22
2026-08-22T02:41:05,119.36,54.54
2026-08-22T02:41:06,121.77,56.92
2026-08-22T02:41:07,124.6,59.71
2026-08-22T02:41:08,126.87,61.94
2026-08-22T02:41:09,126.53,61.61
2026-08-22T02:41:10,122.66,57.8
2026-08-22T02:41:11,119.57,54.75
2026-08-22T02:41:12,117.06,52.28
2026-08-22T02:41:13,116.12,51.35
2026-08-22T02:41:14,115.43,50.67
2026-08-22T02:41:15,115.5,50.74
2026-08-22T02:41:16,115.15,50.39
2026-08-22T02:41:17,114.96,50.21
2026-08-22T02:41:18,113.88,49.14
2026-08-22T02:41:19,114.55,49.8
2026-08-22T02:41:20,114.71,49.96
2026-08-22T02:41:21,114.4,49.65
2026-08-22T02:41:22,115.06,50.3
2026-08-22T02:41:23,114.21,49.46
2026-08-22T02:41:24,113.95,49.2
2026-08-22T02:41:25,113.85,49.1
2026-08-22T02:41:26,114.13,49.39
2026-08-22T02:41:27,114.28,49.53
2026-08-22T02:41:28,113.96,49.22
2026-08-22T02:41:29,114.45,49.7
2026-08-22T02:41:30,114.13,49.39
2026-08-22T02:41:31,114.49,49.74
2026-08-22T02:41:32,114.95,50.19
2026-08-22T02:41:33,114.87,50.12
2026-08-22T02:41:34,115.43,50.67
2026-08-22T02:41:35,115.57,50.8
2026-08-22T02:41:36,115.72,50.95
2026-08-22T02:41:37,117.29,52.5
2026-08-22T02:41:38,118.71,53.9
2026-08-22T02:41:39,121.11,56.26
2026-08-22T02:41:40,123.34,58.46
2026-08-22T02:41:41,126.03,61.12
2026-08-22T02:41:42,126.88,61.95
2026-08-22T02:41:43,126.74,61.82
2026-08-22T02:41:44,119.87,55.04
2026-08-22T02:41:45,117.09,52.3
2026-08-22T02:41:46,116.16,51.39
2026-08-22T02:41:47,115.24,50.48
2026-08-22T02:41:48,114.59,49.84
2026-08-22T02:41:49,115.1,50.34
2026-08-22T02:41:50,115.02,50.26
2026-08-22T02:41:51,114.64,49.88
2026-08-22T02:41:52,114.59,49.84
2026-08-22T02:41:53,114.41,49.66
2026-08-22T02:41:54,114.44,49.69
2026-08-22T02:41:55,114.08,49.33
2026-08-22T02:41:56,114.23,49.48
2026-08-22T02:41:57,114.3,49.55
2026-08-22T02:41:58,114.73,49.98
2026-08-22T02:41:59,114.05,49.3
2026-08-22T02:42:00,113.98,49.24
2026-08-22T02:42:01,114.14,49.39
2026-08-22T02:42:02,113.89,49.15
2026-08-22T02:42:03,113.94,49.19
2026-08-22T02:42:04,114.13,49.38
2026-08-22T02:42:05,114.34,49.6
2026-08-22T02:42:06,113.4,48.67
2026-08-22T02:42:07,114.28,49.53
2026-08-22T02:42:08,113.65,48.91
2026-08-22T02:42:09,114.67,49.91
2026-08-22T02:42:10,113.9,49.16
2026-08-22T02:42:11,114.23,49.48
2026-08-22T02:42:12,114.06,49.31
2026-08-22T02:42:13,114.48,49.73
2026-08-22T02:42:14,114.04,49.29
2026-08-22T02:42:15,114.47,49.72
2026-08-22T02:42:16,114.31,49.56
2026-08-22T02:42:17,114.49,49.74
2026-08-22T02:42:18,114.1,49.36
2026-08-22T02:42:19,114.23,49.48
2026-08-22T02:42:20,114.05,49.31
2026-08-22T02:42:21,114.34,49.6
2026-08-22T02:42:22,113.67,48.93
2026-08-22T02:42:23,113.57,48.83
2026-08-22T02:42:24,114.0,49.25
2026-08-22T02:42:25,114.32,49.57
2026-08-22T02:42:26,114.39,49.64
2026-08-22T02:42:27,114.21,49.46
2026-08-22T02:42:28,114.21,49.46
2026-08-22T02:42:29,114.74,49.98
2026-08-22T02:42:30,114.01,49.27
2026-08-22T02:42:31,114.33,49.58
2026-08-22T02:42:32,114.1,49.36
2026-08-22T02:42:33,113.88,49.13
2026-08-22T02:42:34,113.69,48.95
2026-08-22T02:42:35,114.91,50.15
2026-08-22T02:42:36,114.26,49.51
2026-08-22T02:42:37,115.31,50.55
2026-08-22T02:42:38,114.45,49.7
2026-08-22T02:42:39,114.21,49.46
2026-08-22T02:42:40,114.35,49.6
2026-08-22T02:42:41,113.69,48.95
2026-08-22T02:42:42,114.2,49.45
2026-08-22T02:42:43,114.43,49.68
2026-08-22T02:42:44,114.31,49.56
2026-08-22T02:42:45,114.27,49.53
2026-08-22T02:42:46,114.43,49.68
2026-08-22T02:42:47,114.29,49.54
2026-08-22T02:42:48,114.31,49.56
2026-08-22T02:42:49,113.69,48.95
2026-08-22T02:42:50,114.58,49.83
2026-08-22T02:42:51,114.21,49.46
2026-08-22T02:42:52,114.31,49.56
2026-08-22T02:42:53,114.15,49.41
2026-08-22T02:42:54,114.48,49.73
2026-08-22T02:42:55,114.12,49.38
2026-08-22T02:42:56,114.09,49.34
2026-08-22T02:42:57,114.22,49.48
2026-08-22T02:42:58,113.61,48.87
2026-08-22T02:42:59,114.49,49.74
2026-08-22T02:43:00,114.0,49.26
2026-08-22T02:43:01,114.32,49.57
2026-08-22T02:43:02,114.28,49.53
2026-08-22T02:43:03,113.99,49.25
2026-08-22T02:43:04,114.61,49.86
2026-08-22T02:43:05,114.67,49.91
2026-08-22T02:43:06,114.45,49.7
2026-08-22T02:43:07,114.0,49.25
2026-08-22T02:43:08,114.46,49.71
2026-08-22T02:43:09,114.52,49.77
2026-08-22T02:43:10,113.95,49.21
2026-08-22T02:43:11,114.38,49.63
2026-08-22T02:43:12,114.62,49.87
2026-08-22T02:43:13,114.29,49.54
2026-08-22T02:43:14,114.8,50.05
2026-08-22T02:43:15,114.17,49.43
2026-08-22T02:43:16,114.02,49.28
2026-08-22T02:43:17,114.51,49.76
2026-08-22T02:43:18,114.55,49.79
2026-08-22T02:43:19,114.38,49.64
2026-08-22T02:43:20,114.61,49.86
2026-08-22T02:43:21,114.16,49.41
2026-08-22T02:43:22,114.33,49.59
2026-08-22T02:43:23,113.93,49.18
2026-08-22T02:43:24,113.83,49.09
2026-08-22T02:43:25,114.33,49.58
2026-08-22T02:43:26,114.17,49.42
2026-08-22T02:43:27,114.29,49.54
2026-08-22T02:43:28,114.25,49.5
2026-08-22T02:43:29,114.11,49.36
2026-08-22T02:43:30,113.76,49.02
2026-08-22T02:43:31,114.19,49.44
2026-08-22T02:43:32,114.7,49.95
2026-08-22T02:43:33,114.73,49.98
2026-08-22T02:43:34,114.64,49.89
2026-08-22T02:43:35,114.22,49.48
2026-08-22T02:43:36,114.35,49.6
2026-08-22T02:43:37,114.17,49.43
2026-08-22T02:43:38,113.73,48.99
2026-08-22T02:43:39,114.23,49.48
2026-08-22T02:43:40,114.12,49.38
2026-08-22T02:43:41,114.78,50.03
2026-08-22T02:43:42,113.75,49.01
2026-08-22T02:43:43,113.93,49.19
2026-08-22T02:43:44,114.2,49.45
2026-08-22T02:43:45,114.28,49.53
2026-08-22T02:43:46,114.25,49.5
2026-08-22T02:43:47,114.67,49.92
2026-08-22T02:43:48,114.67,49.92
2026-08-22T02:43:49,114.39,49.65
2026-08-22T02:43:50,114.46,49.71
2026-08-22T02:43:51,114.28,49.54
2026-08-22T02:43:52,113.68,48.94
2026-08-22T02:43:53,114.14,49.39
2026-08-22T02:43:54,113.69,48.95
2026-08-22T02:43:55,114.43,49.68
2026-08-22T02:43:56,114.87,50.12
2026-08-22T02:43:57,114.79,50.04
2026-08-22T02:43:58,114.72,49.97
2026-08-22T02:43:59,114.26,49.51
2026-08-22T02:44:00,114.42,49.67
2026-08-22T02:44:01,114.4,49.65
2026-08-22T02:44:02,115.07,50.31
2026-08-22T02:44:03,113.78,49.03
2026-08-22T02:44:04,114.1,49.36
2026-08-22T02:44:05,114.64,49.89
2026-08-22T02:44:06,114.14,49.39
2026-08-22T02:44:07,113.97,49.23
2026-08-22T02:44:08,114.43,49.68
2026-08-22T02:44:09,114.51,49.76
2026-08-22T02:44:10,114.47,49.72
2026-08-22T02:44:11,114.55,49.8
2026-08-22T02:44:12,114.72,49.97
2026-08-22T02:44:13,114.78,50.03
2026-08-22T02:44:14,114.97,50.21
2026-08-22T02:44:15,114.22,49.47
2026-08-22T02:44:16,114.07,49.32
2026-08-22T02:44:17,114.08,49.34
2026-08-22T02:44:18,114.45,49.7
2026-08-22T02:44:19,114.68,49.93
2026-08-22T02:44:20,114.69,49.93
2026-08-22T02:44:21,114.92,50.16
2026-08-22T02:44:22,114.24,49.5
2026-08-22T02:44:23,113.94,49.2
2026-08-22T02:44:24,114.63,49.88
2026-08-22T02:44:25,114.31,49.56
2026-08-22T02:44:26,114.6,49.84
2026-08-22T02:44:27,114.48,49.73
2026-08-22T02:44:28,114.69,49.93
2026-08-22T02:44:29,114.8,50.04
2026-08-22T02:44:30,114.82,50.06
2026-08-22T02:44:31,114.91,50.16
2026-08-22T02:44:32,114.29,49.54
2026-08-22T02:44:33,114.28,49.54
2026-08-22T02:44:34,114.63,49.88
2026-08-22T02:44:35,114.16,49.41
2026-08-22T02:44:36,114.44,49.69
2026-08-22T02:44:37,113.78,49.04
2026-08-22T02:44:38,114.23,49.48
2026-08-22T02:44:39,114.86,50.1
2026-08-22T02:44:40,115.34,50.58
2026-08-22T02:44:41,114.71,49.96
2026-08-22T02:44:42,114.87,50.11
2026-08-22T02:44:43,114.23,49.48
2026-08-22T02:44:44,114.78,50.03
2026-08-22T02:44:45,114.33,49.58
2026-08-22T02:44:46,113.8,49.06
2026-08-22T02:44:47,114.68,49.92
2026-08-22T02:44:48,114.52,49.77
2026-08-22T02:44:49,114.58,49.83
2026-08-22T02:44:50,114.44,49.69
2026-08-22T02:44:51,114.5,49.75
2026-08-22T02:44:52,114.51,49.75
2026-08-22T02:44:53,114.59,49.84
2026-08-22T02:44:54,114.56,49.81
2026-08-22T02:44:55,114.84,50.08
2026-08-22T02:44:56,114.16,49.41
2026-08-22T02:44:57,113.53,48.8
2026-08-22T02:44:58,114.27,49.52
2026-08-22T02:44:59,115.04,50.28
2026-08-22T02:45:00,114.86,50.1
2026-08-22T02:45:01,114.25,49.5
2026-08-22T02:45:02,114.59,49.83
2026-08-22T02:45:03,114.54,49.78
2026-08-22T02:45:04,114.42,49.67
2026-08-22T02:45:05,114.09,49.34
2026-08-22T02:45:06,113.89,49.15
2026-08-22T02:45:07,113.89,49.15
2026-08-22T02:45:08,114.6,49.84
2026-08-22T02:45:09,114.4,49.65
2026-08-22T02:45:10,114.74,49.99
2026-08-22T02:45:11,114.4,49.65
2026-08-22T02:45:12,114.71,49.95
2026-08-22T02:45:13,114.82,50.07
2026-08-22T02:45:14,114.34,49.59
2026-08-22T02:45:15,114.2,49.46
2026-08-22T02:45:16,113.83,49.09
2026-08-22T02:45:17,114.49,49.74
2026-08-22T02:45:18,114.03,49.29
2026-08-22T02:45:19,114.53,49.77
2026-08-22T02:45:20,114.78,50.03
2026-08-22T02:45:21,114.86,50.1
2026-08-22T02:45:22,114.35,49.6
2026-08-22T02:45:23,114.18,49.43
2026-08-22T02:45:24,114.99,50.24
2026-08-22T02:45:25,114.46,49.71
2026-08-22T02:45:26,114.41,49.66
2026-08-22T02:45:27,114.2,49.45
2026-08-22T02:45:28,114.6,49.85
2026-08-22T02:45:29,114.47,49.72
2026-08-22T02:45:30,114.44,49.69
2026-08-22T02:45:31,114.98,50.22
2026-08-22T02:45:32,114.78,50.02
2026-08-22T02:45:33,114.51,49.76
2026-08-22T02:45:34,114.39,49.64
2026-08-22T02:45:35,114.17,49.43
2026-08-22T02:45:36,114.56,49.81
2026-08-22T02:45:37,114.43,49.68
2026-08-22T02:45:38,114.68,49.92
2026-08-22T02:45:39,114.52,49.77
2026-08-22T02:45:40,114.15,49.41
2026-08-22T02:45:41,114.53,49.78
2026-08-22T02:45:42,114.65,49.9
2026-08-22T02:45:43,114.32,49.58
2026-08-22T02:45:44,114.83,50.08
2026-08-22T02:45:45,114.24,49.49
2026-08-22T02:45:46,113.96,49.22
2026-08-22T02:45:47,114.13,49.39
2026-08-22T02:45:48,114.39,49.64
2026-08-22T02:45:49,114.35,49.6
2026-08-22T02:45:50,114.98,50.22
2026-08-22T02:45:51,114.93,50.17
2026-08-22T02:45:52,114.45,49.7
2026-08-22T02:45:53,114.56,49.8
2026-08-22T02:45:54,114.86,50.11
2026-08-22T02:45:55,114.29,49.54
2026-08-22T02:45:56,114.55,49.8
2026-08-22T02:45:57,114.05,49.31
2026-08-22T02:45:58,114.8,50.04
2026-08-22T02:45:59,114.73,49.97
2026-08-22T02:46:00,114.09,49.34
2026-08-22T02:46:01,114.33,49.58
2026-08-22T02:46:02,114.13,49.39
2026-08-22T02:46:03,114.43,49.68
2026-08-22T02:46:04,114.36,49.62
2026-08-22T02:46:05,114.32,49.57
2026-08-22T02:46:06,114.37,49.62
2026-08-22T02:46:07,114.37,49.62
2026-08-22T02:46:08,114.65,49.9
2026-08-22T02:46:09,114.38,49.63
2026-08-22T02:46:10,114.47,49.72
2026-08-22T02:46:11,114.62,49.87
2026-08-22T02:46:12,114.03,49.29
2026-08-22T02:46:13,114.18,49.43
2026-08-22T02:46:14,114.57,49.81
2026-08-22T02:46:15,114.47,49.72
2026-08-22T02:46:16,114.53,49.78
2026-08-22T02:46:17,115.04,50.28
2026-08-22T02:46:18,115.35,50.59
2026-08-22T02:46:19,115.59,50.82
2026-08-22T02:46:20,115.46,50.7
2026-08-22T02:46:21,114.71,49.95
2026-08-22T02:46:22,115.92,51.15
2026-08-22T02:46:23,114.76,50.01
2026-08-22T02:46:24,115.05,50.29
2026-08-22T02:46:25,114.97,50.21
2026-08-22T02:46:26,114.61,49.86
2026-08-22T02:46:27,114.9,50.15
2026-08-22T02:46:28,114.45,49.7
2026-08-22T02:46:29,115.07,50.31
2026-08-22T02:46:30,115.37,50.61
2026-08-22T02:46:31,114.94,50.18
2026-08-22T02:46:32,114.48,49.73
2026-08-22T02:46:33,114.45,49.7
2026-08-22T02:46:34,114.73,49.98
2026-08-22T02:46:35,115.31,50.55
2026-08-22T02:46:36,114.76,50.0
2026-08-22T02:46:37,114.46,49.71
2026-08-22T02:46:38,114.13,49.38
2026-08-22T02:46:39,114.91,50.15
2026-08-22T02:46:40,117.92,53.12
2026-08-22T02:46:41,116.21,51.44
2026-08-22T02:46:42,116.46,51.68
2026-08-22T02:46:43,115.14,50.38
2026-08-22T02:46:44,114.27,49.53
2026-08-22T02:46:45,114.84,50.09
2026-08-22T02:46:46,114.63,49.88
2026-08-22T02:46:47,114.19,49.44
2026-08-22T02:46:48,114.89,50.14
2026-08-22T02:46:49,114.62,49.86
2026-08-22T02:46:50,114.81,50.05
2026-08-22T02:46:51,114.52,49.77
2026-08-22T02:46:52,114.57,49.81
2026-08-22T02:46:53,114.57,49.82
2026-08-22T02:46:54,114.71,49.96
2026-08-22T02:46:55,114.82,50.06
2026-08-22T02:46:56,115.0,50.25
2026-08-22T02:46:57,114.65,49.9
2026-08-22T02:46:58,114.64,49.89
2026-08-22T02:46:59,114.9,50.14
2026-08-22T02:47:00,114.45,49.7
2026-08-22T02:47:01,114.55,49.8
2026-08-22T02:47:02,115.12,50.36
2026-08-22T02:47:03,114.8,50.04
2026-08-22T02:47:04,114.82,50.07
2026-08-22T02:47:05,114.62,49.86
2026-08-22T02:47:06,115.06,50.3
2026-08-22T02:47:07,114.98,50.22
2026-08-22T02:47:08,114.67,49.92
2026-08-22T02:47:09,115.5,50.74
2026-08-22T02:47:10,114.6,49.84
2026-08-22T02:47:11,114.67,49.92
2026-08-22T02:47:12,115.2,50.44
2026-08-22T02:47:13,114.92,50.17
2026-08-22T02:47:14,115.31,50.55
2026-08-22T02:47:15,115.31,50.55
2026-08-22T02:47:16,115.46,50.69
2026-08-22T02:47:17,115.39,50.62
2026-08-22T02:47:18,114.71,49.96
2026-08-22T02:47:19,114.33,49.58
2026-08-22T02:47:20,114.53,49.78
2026-08-22T02:47:21,114.26,49.51
2026-08-22T02:47:22,114.56,49.8
2026-08-22T02:47:23,114.62,49.86
2026-08-22T02:47:24,115.02,50.26
2026-08-22T02:47:25,115.21,50.45
2026-08-22T02:47:26,114.75,50.0
2026-08-22T02:47:27,114.73,49.97
2026-08-22T02:47:28,114.76,50.01
2026-08-22T02:47:29,115.24,50.48
2026-08-22T02:47:30,114.73,49.98
2026-08-22T02:47:31,114.4,49.65
2026-08-22T02:47:32,114.32,49.58
2026-08-22T02:47:33,114.77,50.02
2026-08-22T02:47:34,114.52,49.76
2026-08-22T02:47:35,114.51,49.76
2026-08-22T02:47:36,114.51,49.76
2026-08-22T02:47:37,114.57,49.82
2026-08-22T02:47:38,114.51,49.76
2026-08-22T02:47:39,114.34,49.59
2026-08-22T02:47:40,114.11,49.36
2026-08-22T02:47:41,114.64,49.89
2026-08-22T02:47:42,114.59,49.84
2026-08-22T02:47:43,114.59,49.84
2026-08-22T02:47:44,114.47,49.72
2026-08-22T02:47:45,115.12,50.36
2026-08-22T02:47:46,115.69,50.92
2026-08-22T02:47:47,114.81,50.05
2026-08-22T02:47:48,114.57,49.81
2026-08-22T02:47:49,114.6,49.84
2026-08-22T02:47:50,114.93,50.18
2026-08-22T02:47:51,114.9,50.14
2026-08-22T02:47:52,114.81,50.05
2026-08-22T02:47:53,114.54,49.79
2026-08-22T02:47:54,115.07,50.31
2026-08-22T02:47:55,114.93,50.17
2026-08-22T02:47:56,114.69,49.93
2026-08-22T02:47:57,115.44,50.67
2026-08-22T02:47:58,114.84,50.09
2026-08-22T02:47:59,114.99,50.24
2026-08-22T02:48:00,114.75,50.0
2026-08-22T02:48:01,114.89,50.14
2026-08-22T02:48:02,114.93,50.17
2026-08-22T02:48:03,115.55,50.78
2026-08-22T02:48:04,115.91,51.14
2026-08-22T02:48:05,116.51,51.73
2026-08-22T02:48:06,117.54,52.74
2026-08-22T02:48:07,120.78,55.94
2026-08-22T02:48:08,123.99,59.11
2026-08-22T02:48:09,126.76,61.84
2026-08-22T02:48:10,127.94,63.0
2026-08-22T02:48:11,127.94,63.0
2026-08-22T02:48:12,124.85,59.95
2026-08-22T02:48:13,121.09,56.24
2026-08-22T02:48:14,119.48,54.66
2026-08-22T02:48:15,118.15,53.35
2026-08-22T02:48:16,117.78,52.99
2026-08-22T02:48:17,117.98,53.18
2026-08-22T02:48:18,116.03,51.26
2026-08-22T02:48:19,115.81,51.04
2026-08-22T02:48:20,115.66,50.9
2026-08-22T02:48:21,115.62,50.85
2026-08-22T02:48:22,114.91,50.16
2026-08-22T02:48:23,115.33,50.57
2026-08-22T02:48:24,115.01,50.26
2026-08-22T02:48:25,114.5,49.75
2026-08-22T02:48:26,115.18,50.42
2026-08-22T02:48:27,114.19,49.44
2026-08-22T02:48:28,115.03,50.28
2026-08-22T02:48:29,114.77,50.01
2026-08-22T02:48:30,115.57,50.8
2026-08-22T02:48:31,115.04,50.28
2026-08-22T02:48:32,114.21,49.46
2026-08-22T02:48:33,114.72,49.97
2026-08-22T02:48:34,115.11,50.36
2026-08-22T02:48:35,114.32,49.57
2026-08-22T02:48:36,114.56,49.81
2026-08-22T02:48:37,114.87,50.12
2026-08-22T02:48:38,114.25,49.51
2026-08-22T02:48:39,114.92,50.16
2026-08-22T02:48:40,114.35,49.6
2026-08-22T02:48:41,114.55,49.8
2026-08-22T02:48:42,114.51,49.76
2026-08-22T02:48:43,114.89,50.13
2026-08-22T02:48:44,114.87,50.12
2026-08-22T02:48:45,114.52,49.77
2026-08-22T02:48:46,114.06,49.31
2026-08-22T02:48:47,115.24,50.48
2026-08-22T02:48:48,114.33,49.58
2026-08-22T02:48:49,114.48,49.73
2026-08-22T02:48:50,114.22,49.47
2026-08-22T02:48:51,114.58,49.83
2026-08-22T02:48:52,114.59,49.84
2026-08-22T02:48:53,114.49,49.74
2026-08-22T02:48:54,114.56,49.8
2026-08-22T02:48:55,114.63,49.88
2026-08-22T02:48:56,114.69,49.94
2026-08-22T02:48:57,114.74,49.98
2026-08-22T02:48:58,114.72,49.97
2026-08-22T02:48:59,114.91,50.15
2026-08-22T02:49:00,114.79,50.04
2026-08-22T02:49:01,114.86,50.1
2026-08-22T02:49:02,115.1,50.34
2026-08-22T02:49:03,114.02,49.28
2026-08-22T02:49:04,114.2,49.45
2026-08-22T02:49:05,114.92,50.16
2026-08-22T02:49:06,114.69,49.93
2026-08-22T02:49:07,115.2,50.44
2026-08-22T02:49:08,115.27,50.5
2026-08-22T02:49:09,115.56,50.8
2026-08-22T02:49:10,114.92,50.16
2026-08-22T02:49:11,114.65,49.89
2026-08-22T02:49:12,114.65,49.9
2026-08-22T02:49:13,114.56,49.81
2026-08-22T02:49:14,114.65,49.9
2026-08-22T02:49:15,115.33,50.57
2026-08-22T02:49:16,114.73,49.97
2026-08-22T02:49:17,114.95,50.19
2026-08-22T02:49:18,114.02,49.28
2026-08-22T02:49:19,114.88,50.13
2026-08-22T02:49:20,115.23,50.47
2026-08-22T02:49:21,115.02,50.26
2026-08-22T02:49:22,114.24,49.5
2026-08-22T02:49:23,114.35,49.6
2026-08-22T02:49:24,114.74,49.98
2026-08-22T02:49:25,113.99,49.25
2026-08-22T02:49:26,114.61,49.86
2026-08-22T02:49:27,114.51,49.76
2026-08-22T02:49:28,114.51,49.76
2026-08-22T02:49:29,114.97,50.22
2026-08-22T02:49:30,114.79,50.03
2026-08-22T02:49:31,114.01,49.26
2026-08-22T02:49:32,113.91,49.16
2026-08-22T02:49:33,114.59,49.84
2026-08-22T02:49:34,114.44,49.69
2026-08-22T02:49:35,114.21,49.47
2026-08-22T02:49:36,114.57,49.82
2026-08-22T02:49:37,114.51,49.76
2026-08-22T02:49:38,115.15,50.39
2026-08-22T02:49:39,114.86,50.11
2026-08-22T02:49:40,115.48,50.71
2026-08-22T02:49:41,114.94,50.18
2026-08-22T02:49:42,115.37,50.6
2026-08-22T02:49:43,114.84,50.09
2026-08-22T02:49:44,114.91,50.15
2026-08-22T02:49:45,115.16,50.4
2026-08-22T02:49:46,114.47,49.72
2026-08-22T02:49:47,114.47,49.72
2026-08-22T02:49:48,114.85,50.09
2026-08-22T02:49:49,114.87,50.11
2026-08-22T02:49:50,114.25,49.5
2026-08-22T02:49:51,114.2,49.45
2026-08-22T02:49:52,114.78,50.03
2026-08-22T02:49:53,115.05,50.29
2026-08-22T02:49:54,114.81,50.05
2026-08-22T02:49:55,114.94,50.19
2026-08-22T02:49:56,114.26,49.51
2026-08-22T02:49:57,115.2,50.44
2026-08-22T02:49:58,114.67,49.91
2026-08-22T02:49:59,114.9,50.15
2026-08-22T02:50:00,115.16,50.4
2026-08-22T02:50:01,114.67,49.92
2026-08-22T02:50:02,114.44,49.69
2026-08-22T02:50:03,114.59,49.84
2026-08-22T02:50:04,114.85,50.1
2026-08-22T02:50:05,115.22,50.46
2026-08-22T02:50:06,115.37,50.61
2026-08-22T02:50:07,115.0,50.25
2026-08-22T02:50:08,114.95,50.2
2026-08-22T02:50:09,115.19,50.43
2026-08-22T02:50:10,115.38,50.62
2026-08-22T02:50:11,114.71,49.95
2026-08-22T02:50:12,114.49,49.74
2026-08-22T02:50:13,114.63,49.88
2026-08-22T02:50:14,115.15,50.39
2026-08-22T02:50:15,115.27,50.51
2026-08-22T02:50:16,114.82,50.06
2026-08-22T02:50:17,114.46,49.71
2026-08-22T02:50:18,114.31,49.57
2026-08-22T02:50:19,114.64,49.89
2026-08-22T02:50:20,115.59,50.82
2026-08-22T02:50:21,114.8,50.04
2026-08-22T02:50:22,114.88,50.12
2026-08-22T02:50:23,114.41,49.66
2026-08-22T02:50:24,114.65,49.9
2026-08-22T02:50:25,114.86,50.11
2026-08-22T02:50:26,115.02,50.26
2026-08-22T02:50:27,114.4,49.65
2026-08-22T02:50:28,115.07,50.31
2026-08-22T02:50:29,114.96,50.21
2026-08-22T02:50:30,115.54,50.77
2026-08-22T02:50:31,114.56,49.81
2026-08-22T02:50:32,114.91,50.15
2026-08-22T02:50:33,114.9,50.14
2026-08-22T02:50:34,115.02,50.26
2026-08-22T02:50:35,114.87,50.11
2026-08-22T02:50:36,115.01,50.26
2026-08-22T02:50:37,114.93,50.18
2026-08-22T02:50:38,114.42,49.67
2026-08-22T02:50:39,114.52,49.77
2026-08-22T02:50:40,114.9,50.15
2026-08-22T02:50:41,115.65,50.88
2026-08-22T02:50:42,116.02,51.25
2026-08-22T02:50:43,115.86,51.09
2026-08-22T02:50:44,115.24,50.48
2026-08-22T02:50:45,114.95,50.2
2026-08-22T02:50:46,115.77,51.0
2026-08-22T02:50:47,115.37,50.6
2026-08-22T02:50:48,114.98,50.22
2026-08-22T02:50:49,114.64,49.89
2026-08-22T02:50:50,114.65,49.9
2026-08-22T02:50:51,115.33,50.57
2026-08-22T02:50:52,115.17,50.41
2026-08-22T02:50:53,114.69,49.93
2026-08-22T02:50:54,115.03,50.27
2026-08-22T02:50:55,114.85,50.09
2026-08-22T02:50:56,115.26,50.5
2026-08-22T02:50:57,115.08,50.32
2026-08-22T02:50:58,114.91,50.16
2026-08-22T02:50:59,114.88,50.12
2026-08-22T02:51:00,114.85,50.09
2026-08-22T02:51:01,115.57,50.8
2026-08-22T02:51:02,115.22,50.46
2026-08-22T02:51:03,115.06,50.3
2026-08-22T02:51:04,115.22,50.45
2026-08-22T02:51:05,115.88,51.11
2026-08-22T02:51:06,116.5,51.72
2026-08-22T02:51:07,116.09,51.32
2026-08-22T02:51:08,115.17,50.41
2026-08-22T02:51:09,114.99,50.24
2026-08-22T02:51:10,115.03,50.27
2026-08-22T02:51:11,115.36,50.6
2026-08-22T02:51:12,115.25,50.49
2026-08-22T02:51:13,114.85,50.09
2026-08-22T02:51:14,114.29,49.55
2026-08-22T02:51:15,114.68,49.93
2026-08-22T02:51:16,115.25,50.49
2026-08-22T02:51:17,114.92,50.16
2026-08-22T02:51:18,115.45,50.68
2026-08-22T02:51:19,114.77,50.01
2026-08-22T02:51:20,114.16,49.41
2026-08-22T02:51:21,115.23,50.47
2026-08-22T02:51:22,118.79,53.98
2026-08-22T02:51:23,114.62,49.87
2026-08-22T02:51:24,115.57,50.8
2026-08-22T02:51:25,114.69,49.94
2026-08-22T02:51:26,114.43,49.68
2026-08-22T02:51:27,114.68,49.93
2026-08-22T02:51:28,114.61,49.85
2026-08-22T02:51:29,114.1,49.36
2026-08-22T02:51:30,113.7,48.96
2026-08-22T02:51:31,114.45,49.7
2026-08-22T02:51:32,114.69,49.94
2026-08-22T02:51:33,114.74,49.99
2026-08-22T02:51:34,115.32,50.56
2026-08-22T02:51:35,114.84,50.09
2026-08-22T02:51:36,114.03,49.28
2026-08-22T02:51:37,114.9,50.14
2026-08-22T02:51:38,114.56,49.81
2026-08-22T02:51:39,114.79,50.04
2026-08-22T02:51:40,115.08,50.32
2026-08-22T02:51:41,115.28,50.52
2026-08-22T02:51:42,115.11,50.35
2026-08-22T02:51:43,114.67,49.92
2026-08-22T02:51:44,114.39,49.64
2026-08-22T02:51:45,114.72,49.97
2026-08-22T02:51:46,115.08,50.32
2026-08-22T02:51:47,115.02,50.26
2026-08-22T02:51:48,114.76,50.01
2026-08-22T02:51:49,114.37,49.62
2026-08-22T02:51:50,114.15,49.4
2026-08-22T02:51:51,114.21,49.46
2026-08-22T02:51:52,114.08,49.33
2026-08-22T02:51:53,114.64,49.88
2026-08-22T02:51:54,113.99,49.25
2026-08-22T02:51:55,114.46,49.71
2026-08-22T02:51:56,114.67,49.92
2026-08-22T02:51:57,113.96,49.21
2026-08-22T02:51:58,114.25,49.51
2026-08-22T02:51:59,114.51,49.76
2026-08-22T02:52:00,114.38,49.63
2026-08-22T02:52:01,113.87,49.13
2026-08-22T02:52:02,114.27,49.52
2026-08-22T02:52:03,114.08,49.34
2026-08-22T02:52:04,113.67,48.93
2026-08-22T02:52:05,114.28,49.53
2026-08-22T02:52:06,114.14,49.39
2026-08-22T02:52:07,114.09,49.35
2026-08-22T02:52:08,113.73,48.99
2026-08-22T02:52:09,114.12,49.37
2026-08-22T02:52:10,114.5,49.75
2026-08-22T02:52:11,114.48,49.73
2026-08-22T02:52:12,114.66,49.91
2026-08-22T02:52:13,114.6,49.85
2026-08-22T02:52:14,115.07,50.31
2026-08-22T02:52:15,114.63,49.88
2026-08-22T02:52:16,114.68,49.92
2026-08-22T02:52:17,115.2,50.44
2026-08-22T02:52:18,115.19,50.43
2026-08-22T02:52:19,114.61,49.86
2026-08-22T02:52:20,114.8,50.04
2026-08-22T02:52:21,114.06,49.32
2026-08-22T02:52:22,115.12,50.36
2026-08-22T02:52:23,114.76,50.0
2026-08-22T02:52:24,114.45,49.7
2026-08-22T02:52:25,114.45,49.7
2026-08-22T02:52:26,114.18,49.44
2026-08-22T02:52:27,114.99,50.23
2026-08-22T02:52:28,114.44,49.69
2026-08-22T02:52:29,114.29,49.54
2026-08-22T02:52:30,114.75,50.0
2026-08-22T02:52:31,114.23,49.48
2026-08-22T02:52:32,113.86,49.12
2026-08-22T02:52:33,113.49,48.76
2026-08-22T02:52:34,114.08,49.34
2026-08-22T02:52:35,114.72,49.97
2026-08-22T02:52:36,115.17,50.41
2026-08-22T02:52:37,116.11,51.33
2026-08-22T02:52:38,116.18,51.4
2026-08-22T02:52:39,117.39,52.6
2026-08-22T02:52:40,116.86,52.07
2026-08-22T02:52:41,116.51,51.73
2026-08-22T02:52:42,116.3,51.52
2026-08-22T02:52:43,116.02,51.25
2026-08-22T02:52:44,115.88,51.11
2026-08-22T02:52:45,114.6,49.85
2026-08-22T02:52:46,114.35,49.6
2026-08-22T02:52:47,114.62,49.87
2026-08-22T02:52:48,115.19,50.43
2026-08-22T02:52:49,115.28,50.52
2026-08-22T02:52:50,114.31,49.56
2026-08-22T02:52:51,114.45,49.7
2026-08-22T02:52:52,114.97,50.21
2026-08-22T02:52:53,113.75,49.01
2026-08-22T02:52:54,114.46,49.71
2026-08-22T02:52:55,114.59,49.84
2026-08-22T02:52:56,114.52,49.77
2026-08-22T02:52:57,113.95,49.2
2026-08-22T02:52:58,114.88,50.12
2026-08-22T02:52:59,113.82,49.08
2026-08-22T02:53:00,114.49,49.74
2026-08-22T02:53:01,113.89,49.15
2026-08-22T02:53:02,114.13,49.39
2026-08-22T02:53:03,114.23,49.48
2026-08-22T02:53:04,114.66,49.9
2026-08-22T02:53:05,114.86,50.1
2026-08-22T02:53:06,115.02,50.26
2026-08-22T02:53:07,114.98,50.22
2026-08-22T02:53:08,115.74,50.97
2026-08-22T02:53:09,116.19,51.42
2026-08-22T02:53:10,117.39,52.6
2026-08-22T02:53:11,119.27,54.45
2026-08-22T02:53:12,122.05,57.2
2026-08-22T02:53:13,124.28,59.39
2026-08-22T02:53:14,126.28,61.36
2026-08-22T02:53:15,128.11,63.16
2026-08-22T02:53:16,127.28,62.35
2026-08-22T02:53:17,124.79,59.9
2026-08-22T02:53:18,121.79,56.94
2026-08-22T02:53:19,120.59,55.75
2026-08-22T02:53:20,119.72,54.89
2026-08-22T02:53:21,118.97,54.15
2026-08-22T02:53:22,118.78,53.97
2026-08-22T02:53:23,118.06,53.26
2026-08-22T02:53:24,116.69,51.91
2026-08-22T02:53:25,115.67,50.91
2026-08-22T02:53:26,115.24,50.48
2026-08-22T02:53:27,115.23,50.47
2026-08-22T02:53:28,115.87,51.1
2026-08-22T02:53:29,116.51,51.73
2026-08-22T02:53:30,118.43,53.62
2026-08-22T02:53:31,117.97,53.17
2026-08-22T02:53:32,116.08,51.31
2026-08-22T02:53:33,115.04,50.28
2026-08-22T02:53:34,115.61,50.84
2026-08-22T02:53:35,117.11,52.32
2026-08-22T02:53:36,118.14,53.34
2026-08-22T02:53:37,120.12,55.29
2026-08-22T02:53:38,121.64,56.78
2026-08-22T02:53:39,123.18,58.31
2026-08-22T02:53:40,124.06,59.18
2026-08-22T02:53:41,122.27,57.4
2026-08-22T02:53:42,121.73,56.87
2026-08-22T02:53:43,120.57,55.73
2026-08-22T02:53:44,120.36,55.53
2026-08-22T02:53:45,119.7,54.87
2026-08-22T02:53:46,120.05,55.22
2026-08-22T02:53:47,119.32,54.5
2026-08-22T02:53:48,117.23,52.44
2026-08-22T02:53:49,116.26,51.49
2026-08-22T02:53:50,115.79,51.02
2026-08-22T02:53:51,115.32,50.56
2026-08-22T02:53:52,114.96,50.2
2026-08-22T02:53:53,114.42,49.67
2026-08-22T02:53:54,114.74,49.98
2026-08-22T02:53:55,114.75,50.0
2026-08-22T02:53:56,114.89,50.13
2026-08-22T02:53:57,114.62,49.87
2026-08-22T02:53:58,115.07,50.31
2026-08-22T02:53:59,114.4,49.65
2026-08-22T02:54:00,114.71,49.95
2026-08-22T02:54:01,114.82,50.07
2026-08-22T02:54:02,114.56,49.81
2026-08-22T02:54:03,114.75,49.99
2026-08-22T02:54:04,114.56,49.81
2026-08-22T02:54:05,114.43,49.68
2026-08-22T02:54:06,114.29,49.54
2026-08-22T02:54:07,114.76,50.0
2026-08-22T02:54:08,114.22,49.47
2026-08-22T02:54:09,115.09,50.33
2026-08-22T02:54:10,115.18,50.42
2026-08-22T02:54:11,114.88,50.12
2026-08-22T02:54:12,114.27,49.52
2026-08-22T02:54:13,114.18,49.44
2026-08-22T02:54:14,115.28,50.52
2026-08-22T02:54:15,115.11,50.35
2026-08-22T02:54:16,114.41,49.66
2026-08-22T02:54:17,114.6,49.85
2026-08-22T02:54:18,114.43,49.68
2026-08-22T02:54:19,113.73,48.99
2026-08-22T02:54:20,114.71,49.96
2026-08-22T02:54:21,114.35,49.6
2026-08-22T02:54:22,114.96,50.2
2026-08-22T02:54:23,114.78,50.03
2026-08-22T02:54:24,114.65,49.9
2026-08-22T02:54:25,114.52,49.77
2026-08-22T02:54:26,114.94,50.18
2026-08-22T02:54:27,114.54,49.79
2026-08-22T02:54:28,114.72,49.97
2026-08-22T02:54:29,114.71,49.95
2026-08-22T02:54:30,113.87,49.13
2026-08-22T02:54:31,114.23,49.48
2026-08-22T02:54:32,114.32,49.57
2026-08-22T02:54:33,114.21,49.47
2026-08-22T02:54:34,114.08,49.34
2026-08-22T02:54:35,114.14,49.39
2026-08-22T02:54:36,113.94,49.2
2026-08-22T02:54:37,114.44,49.69
2026-08-22T02:54:38,114.85,50.09
2026-08-22T02:54:39,114.52,49.77
2026-08-22T02:54:40,114.97,50.21
2026-08-22T02:54:41,114.0,49.26
2026-08-22T02:54:42,113.77,49.03
2026-08-22T02:54:43,114.77,50.01
2026-08-22T02:54:44,114.29,49.55
2026-08-22T02:54:45,113.81,49.07
2026-08-22T02:54:46,114.38,49.63
2026-08-22T02:54:47,114.18,49.44
2026-08-22T02:54:48,114.34,49.59
2026-08-22T02:54:49,115.21,50.45
2026-08-22T02:54:50,114.16,49.42
2026-08-22T02:54:51,114.39,49.64
2026-08-22T02:54:52,114.48,49.72
2026-08-22T02:54:53,114.18,49.44
2026-08-22T02:54:54,114.64,49.88
2026-08-22T02:54:55,114.59,49.84
2026-08-22T02:54:56,114.22,49.48
2026-08-22T02:54:57,114.7,49.95
2026-08-22T02:54:58,114.24,49.49
2026-08-22T02:54:59,114.33,49.58
2026-08-22T02:55:00,114.44,49.69
2026-08-22T02:55:01,114.27,49.52
2026-08-22T02:55:02,114.04,49.29
2026-08-22T02:55:03,114.48,49.73
2026-08-22T02:55:04,114.33,49.58
2026-08-22T02:55:05,114.55,49.8
2026-08-22T02:55:06,114.1,49.35
2026-08-22T02:55:07,114.66,49.91
2026-08-22T02:55:08,114.59,49.84
2026-08-22T02:55:09,114.27,49.52
2026-08-22T02:55:10,114.29,49.54
2026-08-22T02:55:11,114.7,49.95
2026-08-22T02:55:12,114.6,49.85
2026-08-22T02:55:13,114.68,49.93
2026-08-22T02:55:14,114.24,49.5
2026-08-22T02:55:15,114.75,49.99
2026-08-22T02:55:16,114.32,49.57
2026-08-22T02:55:17,114.99,50.23
2026-08-22T02:55:18,114.84,50.08
2026-08-22T02:55:19,114.18,49.43
2026-08-22T02:55:20,114.53,49.78
2026-08-22T02:55:21,114.37,49.62
2026-08-22T02:55:22,114.66,49.91
2026-08-22T02:55:23,114.48,49.73
2026-08-22T02:55:24,114.82,50.06
2026-08-22T02:55:25,114.35,49.6
2026-08-22T02:55:26,114.41,49.67
2026-08-22T02:55:27,115.59,50.82
2026-08-22T02:55:28,115.26,50.5
2026-08-22T02:55:29,114.98,50.22
2026-08-22T02:55:30,116.01,51.23
2026-08-22T02:55:31,115.91,51.14
2026-08-22T02:55:32,116.2,51.42
2026-08-22T02:55:33,117.68,52.88
2026-08-22T02:55:34,118.96,54.15
2026-08-22T02:55:35,119.24,54.42
2026-08-22T02:55:36,116.02,51.24
2026-08-22T02:55:37,118.83,54.01
2026-08-22T02:55:38,117.0,52.21
2026-08-22T02:55:39,115.24,50.48
2026-08-22T02:55:40,114.71,49.96
2026-08-22T02:55:41,114.36,49.61
2026-08-22T02:55:42,114.39,49.65
2026-08-22T02:55:43,115.18,50.42
2026-08-22T02:55:44,114.3,49.55
2026-08-22T02:55:45,114.56,49.81
2026-08-22T02:55:46,114.32,49.57
2026-08-22T02:55:47,114.59,49.84
2026-08-22T02:55:48,114.58,49.83
2026-08-22T02:55:49,114.44,49.69
2026-08-22T02:55:50,114.31,49.56
2026-08-22T02:55:51,114.15,49.4
2026-08-22T02:55:52,114.6,49.85
2026-08-22T02:55:53,114.62,49.86
2026-08-22T02:55:54,114.68,49.93
2026-08-22T02:55:55,114.43,49.68
2026-08-22T02:55:56,114.96,50.2
2026-08-22T02:55:57,115.49,50.73
2026-08-22T02:55:58,115.04,50.29
2026-08-22T02:55:59,114.03,49.29
2026-08-22T02:56:00,114.67,49.92
2026-08-22T02:56:01,114.62,49.86
2026-08-22T02:56:02,114.34,49.59
2026-08-22T02:56:03,114.69,49.94
2026-08-22T02:56:04,115.05,50.29
2026-08-22T02:56:05,114.31,49.56
2026-08-22T02:56:06,114.59,49.84
2026-08-22T02:56:07,114.56,49.81
2026-08-22T02:56:08,114.63,49.88
2026-08-22T02:56:09,115.09,50.33
2026-08-22T02:56:10,115.14,50.38
2026-08-22T02:56:11,114.86,50.1
2026-08-22T02:56:12,114.68,49.93
2026-08-22T02:56:13,114.83,50.07
2026-08-22T02:56:14,114.08,49.34
2026-08-22T02:56:15,114.33,49.58
2026-08-22T02:56:16,114.08,49.33
2026-08-22T02:56:17,114.1,49.36
2026-08-22T02:56:18,114.61,49.86
2026-08-22T02:56:19,114.45,49.7
2026-08-22T02:56:20,114.73,49.98
2026-08-22T02:56:21,114.87,50.12
2026-08-22T02:56:22,114.99,50.24
2026-08-22T02:56:23,114.76,50.01
2026-08-22T02:56:24,115.3,50.54
2026-08-22T02:56:25,114.43,49.68
2026-08-22T02:56:26,114.42,49.68
2026-08-22T02:56:27,114.52,49.77
2026-08-22T02:56:28,115.14,50.38
2026-08-22T02:56:29,114.69,49.94
2026-08-22T02:56:30,114.32,49.58
2026-08-22T02:56:31,114.46,49.71
2026-08-22T02:56:32,114.89,50.13
2026-08-22T02:56:33,114.6,49.84
2026-08-22T02:56:34,114.8,50.05
2026-08-22T02:56:35,115.17,50.41
2026-08-22T02:56:36,115.1,50.34
2026-08-22T02:56:37,114.63,49.88
2026-08-22T02:56:38,114.78,50.02
2026-08-22T02:56:39,114.72,49.97
2026-08-22T02:56:40,115.41,50.64
2026-08-22T02:56:41,115.04,50.28
2026-08-22T02:56:42,114.48,49.73
2026-08-22T02:56:43,114.77,50.02
2026-08-22T02:56:44,114.64,49.89
2026-08-22T02:56:45,114.56,49.81
2026-08-22T02:56:46,114.73,49.98
2026-08-22T02:56:47,114.82,50.06
2026-08-22T02:56:48,114.49,49.74
2026-08-22T02:56:49,114.66,49.91
2026-08-22T02:56:50,114.71,49.95
2026-08-22T02:56:51,114.34,49.59
2026-08-22T02:56:52,114.73,49.98
2026-08-22T02:56:53,114.51,49.76
2026-08-22T02:56:54,114.99,50.23
2026-08-22T02:56:55,114.81,50.05
2026-08-22T02:56:56,114.9,50.15
2026-08-22T02:56:57,114.97,50.21
2026-08-22T02:56:58,114.68,49.92
2026-08-22T02:56:59,114.82,50.07
2026-08-22T02:57:00,114.29,49.54
2026-08-22T02:57:01,114.21,49.47
2026-08-22T02:57:02,114.31,49.56
2026-08-22T02:57:03,114.45,49.7
2026-08-22T02:57:04,114.87,50.11
2026-08-22T02:57:05,114.91,50.16
2026-08-22T02:57:06,115.81,51.04
2026-08-22T02:57:07,115.56,50.8
2026-08-22T02:57:08,114.82,50.07
2026-08-22T02:57:09,114.56,49.81
2026-08-22T02:57:10,115.39,50.63
2026-08-22T02:57:11,114.81,50.06
2026-08-22T02:57:12,115.03,50.27
2026-08-22T02:57:13,114.8,50.04
2026-08-22T02:57:14,115.58,50.82
2026-08-22T02:57:15,115.05,50.29
2026-08-22T02:57:16,115.42,50.66
2026-08-22T02:57:17,115.26,50.5
2026-08-22T02:57:18,115.37,50.61
2026-08-22T02:57:19,115.22,50.46
2026-08-22T02:57:20,115.4,50.64
2026-08-22T02:57:21,114.97,50.22
2026-08-22T02:57:22,114.56,49.81
2026-08-22T02:57:23,114.61,49.86
2026-08-22T02:57:24,114.42,49.67
2026-08-22T02:57:25,114.52,49.77
2026-08-22T02:57:26,115.27,50.51
2026-08-22T02:57:27,114.61,49.86
2026-08-22T02:57:28,114.11,49.36
2026-08-22T02:57:29,114.33,49.59
2026-08-22T02:57:30,114.53,49.78
2026-08-22T02:57:31,114.65,49.9
2026-08-22T02:57:32,114.13,49.39
2026-08-22T02:57:33,114.03,49.28
2026-08-22T02:57:34,114.39,49.64
2026-08-22T02:57:35,114.08,49.34
2026-08-22T02:57:36,114.45,49.7
2026-08-22T02:57:37,113.71,48.97
2026-08-22T02:57:38,113.95,49.21
2026-08-22T02:57:39,113.6,48.87
2026-08-22T02:57:40,114.15,49.41
2026-08-22T02:57:41,113.85,49.11
2026-08-22T02:57:42,114.13,49.39
2026-08-22T02:57:43,113.74,49.0
2026-08-22T02:57:44,114.51,49.76
2026-08-22T02:57:45,114.76,50.0
2026-08-22T02:57:46,114.57,49.82
2026-08-22T02:57:47,114.66,49.91
2026-08-22T02:57:48,114.88,50.13
2026-08-22T02:57:49,114.92,50.17
2026-08-22T02:57:50,114.52,49.77
2026-08-22T02:57:51,114.18,49.43
2026-08-22T02:57:52,114.04,49.3
2026-08-22T02:57:53,114.46,49.71
2026-08-22T02:57:54,115.03,50.27
2026-08-22T02:57:55,114.83,50.08
2026-08-22T02:57:56,114.76,50.0
2026-08-22T02:57:57,114.8,50.04
2026-08-22T02:57:58,114.19,49.45
2026-08-22T02:57:59,114.58,49.83
2026-08-22T02:58:00,114.79,50.04
2026-08-22T02:58:01,113.89,49.15
2026-08-22T02:58:02,114.19,49.44
2026-08-22T02:58:03,114.99,50.23
2026-08-22T02:58:04,114.65,49.89
2026-08-22T02:58:05,114.73,49.97
2026-08-22T02:58:06,114.41,49.66
2026-08-22T02:58:07,114.74,49.99
2026-08-22T02:58:08,114.69,49.94
2026-08-22T02:58:09,114.49,49.74
2026-08-22T02:58:10,114.41,49.66
2026-08-22T02:58:11,114.34,49.59
2026-08-22T02:58:12,114.49,49.74
2026-08-22T02:58:13,114.2,49.45
2026-08-22T02:58:14,114.8,50.04
2026-08-22T02:58:15,114.16,49.41
2026-08-22T02:58:16,114.11,49.36
2026-08-22T02:58:17,114.12,49.38
2026-08-22T02:58:18,113.97,49.23
2026-08-22T02:58:19,113.82,49.08
2026-08-22T02:58:20,114.25,49.5
2026-08-22T02:58:21,114.59,49.84
2026-08-22T02:58:22,114.82,50.07
2026-08-22T02:58:23,114.66,49.9
2026-08-22T02:58:24,114.45,49.7
2026-08-22T02:58:25,114.5,49.75
2026-08-22T02:58:26,114.41,49.66
2026-08-22T02:58:27,114.23,49.48
2026-08-22T02:58:28,113.8,49.06
2026-08-22T02:58:29,115.05,50.3
2026-08-22T02:58:30,113.84,49.09
2026-08-22T02:58:31,114.02,49.27
2026-08-22T02:58:32,114.19,49.44
2026-08-22T02:58:33,114.24,49.5
2026-08-22T02:58:34,114.37,49.62
2026-08-22T02:58:35,114.14,49.4
2026-08-22T02:58:36,114.59,49.83
2026-08-22T02:58:37,114.48,49.73
2026-08-22T02:58:38,114.18,49.43
2026-08-22T02:58:39,114.66,49.91
2026-08-22T02:58:40,114.53,49.78
2026-08-22T02:58:41,114.42,49.67
2026-08-22T02:58:42,114.31,49.56
2026-08-22T02:58:43,114.05,49.31
2026-08-22T02:58:44,114.44,49.69
2026-08-22T02:58:45,114.49,49.74
2026-08-22T02:58:46,114.74,49.99
2026-08-22T02:58:47,114.26,49.51
2026-08-22T02:58:48,113.83,49.09
2026-08-22T02:58:49,114.34,49.59
2026-08-22T02:58:50,114.06,49.31
2026-08-22T02:58:51,113.8,49.06
2026-08-22T02:58:52,114.58,49.82
2026-08-22T02:58:53,114.18,49.44
2026-08-22T02:58:54,114.28,49.53
2026-08-22T02:58:55,114.04,49.29
2026-08-22T02:58:56,114.53,49.78
2026-08-22T02:58:57,113.89,49.15
2026-08-22T02:58:58,113.98,49.24
2026-08-22T02:58:59,113.98,49.23
2026-08-22T02:59:00,114.23,49.48
2026-08-22T02:59:01,114.12,49.38
2026-08-22T02:59:02,114.01,49.26
2026-08-22T02:59:03,114.54,49.79
2026-08-22T02:59:04,114.68,49.92
2026-08-22T02:59:05,114.07,49.32
2026-08-22T02:59:06,113.85,49.11
2026-08-22T02:59:07,114.2,49.45
2026-08-22T02:59:08,114.32,49.57
2026-08-22T02:59:09,113.96,49.21
2026-08-22T02:59:10,114.31,49.56
2026-08-22T02:59:11,114.18,49.44
2026-08-22T02:59:12,114.57,49.82
2026-08-22T02:59:13,114.65,49.9
2026-08-22T02:59:14,114.48,49.73
2026-08-22T02:59:15,114.07,49.32
2026-08-22T02:59:16,114.39,49.64
2026-08-22T02:59:17,114.35,49.6
2026-08-22T02:59:18,113.82,49.08
2026-08-22T02:59:19,114.29,49.55
2026-08-22T02:59:20,114.49,49.73
2026-08-22T02:59:21,113.97,49.22
2026-08-22T02:59:22,114.14,49.39
2026-08-22T02:59:23,114.54,49.79
2026-08-22T02:59:24,114.26,49.51
2026-08-22T02:59:25,114.49,49.74
2026-08-22T02:59:26,113.94,49.19
2026-08-22T02:59:27,114.8,50.05
2026-08-22T02:59:28,114.45,49.7
2026-08-22T02:59:29,114.71,49.96
2026-08-22T02:59:30,114.37,49.62
2026-08-22T02:59:31,114.33,49.58
2026-08-22T02:59:32,114.26,49.51
2026-08-22T02:59:33,114.45,49.7
2026-08-22T02:59:34,114.66,49.9
2026-08-22T02:59:35,114.15,49.41
2026-08-22T02:59:36,114.1,49.36
2026-08-22T02:59:37,113.95,49.21
2026-08-22T02:59:38,114.15,49.4
2026-08-22T02:59:39,114.03,49.29
2026-08-22T02:59:40,114.28,49.53
2026-08-22T02:59:41,114.67,49.92
2026-08-22T02:59:42,113.79,49.05
2026-08-22T02:59:43,114.73,49.97
2026-08-22T02:59:44,114.56,49.8
2026-08-22T02:59:45,114.81,50.06
2026-08-22T02:59:46,114.34,49.59
2026-08-22T02:59:47,114.05,49.3
2026-08-22T02:59:48,114.36,49.62
2026-08-22T02:59:49,114.35,49.6
2026-08-22T02:59:50,114.26,49.52
2026-08-22T02:59:51,114.29,49.54
2026-08-22T02:59:52,114.61,49.86
2026-08-22T02:59:53,114.43,49.68
2026-08-22T02:59:54,114.03,49.28
2026-08-22T02:59:55,114.62,49.87
2026-08-22T02:59:56,114.52,49.77
2026-08-22T02:59:57,114.28,49.53
2026-08-22T02:59:58,114.34,49.59
2026-08-22T02:59:59,114.23,49.49
2026-08-22T03:00:00,114.05,49.3
2026-08-22T03:00:01,114.23,49.48
2026-08-22T03:00:02,114.21,49.46
2026-08-22T03:00:03,114.05,49.3
2026-08-22T03:00:04,113.99,49.24
2026-08-22T03:00:05,114.78,50.03
2026-08-22T03:00:06,114.22,49.47
2026-08-22T03:00:07,114.7,49.94
2026-08-22T03:00:08,114.78,50.02
2026-08-22T03:00:09,114.88,50.12
2026-08-22T03:00:10,114.39,49.64
2026-08-22T03:00:11,114.04,49.3
2026-08-22T03:00:12,114.78,50.02
2026-08-22T03:00:13,114.5,49.75
2026-08-22T03:00:14,114.63,49.88
2026-08-22T03:00:15,114.13,49.39
2026-08-22T03:00:16,114.67,49.92
2026-08-22T03:00:17,114.0,49.25
2026-08-22T03:00:18,114.41,49.66
2026-08-22T03:00:19,113.96,49.22
2026-08-22T03:00:20,114.42,49.67
2026-08-22T03:00:21,114.41,49.66
2026-08-22T03:00:22,114.14,49.4
2026-08-22T03:00:23,114.56,49.81
2026-08-22T03:00:24,114.57,49.82
2026-08-22T03:00:25,114.69,49.93
2026-08-22T03:00:26,114.69,49.94
2026-08-22T03:00:27,114.16,49.41
2026-08-22T03:00:28,113.91,49.17
2026-08-22T03:00:29,114.13,49.38
2026-08-22T03:00:30,114.59,49.83
2026-08-22T03:00:31,114.24,49.49
2026-08-22T03:00:32,114.27,49.52
2026-08-22T03:00:33,114.59,49.83
2026-08-22T03:00:34,113.95,49.21
2026-08-22T03:00:35,114.49,49.74
2026-08-22T03:00:36,114.33,49.58
2026-08-22T03:00:37,113.64,48.9
2026-08-22T03:00:38,114.01,49.27
2026-08-22T03:00:39,114.42,49.67
2026-08-22T03:00:40,114.15,49.41
2026-08-22T03:00:41,114.13,49.38
2026-08-22T03:00:42,113.87,49.13
2026-08-22T03:00:43,114.64,49.89
2026-08-22T03:00:44,114.94,50.18
2026-08-22T03:00:45,114.56,49.81
2026-08-22T03:00:46,114.51,49.76
2026-08-22T03:00:47,114.96,50.2
2026-08-22T03:00:48,114.57,49.81
2026-08-22T03:00:49,114.47,49.72
2026-08-22T03:00:50,114.69,49.93
2026-08-22T03:00:51,114.87,50.11
2026-08-22T03:00:52,114.96,50.2
2026-08-22T03:00:53,114.32,49.57
2026-08-22T03:00:54,114.46,49.71
2026-08-22T03:00:55,114.31,49.56
2026-08-22T03:00:56,113.92,49.18
2026-08-22T03:00:57,114.04,49.3
2026-08-22T03:00:58,114.38,49.63
2026-08-22T03:00:59,114.35,49.6
2026-08-22T03:01:00,114.72,49.97
2026-08-22T03:01:01,114.75,50.0
2026-08-22T03:01:02,114.62,49.87
2026-08-22T03:01:03,115.01,50.25
2026-08-22T03:01:04,115.05,50.3
2026-08-22T03:01:05,114.86,50.1
2026-08-22T03:01:06,114.81,50.06
2026-08-22T03:01:07,114.7,49.95
2026-08-22T03:01:08,114.62,49.86
2026-08-22T03:01:09,114.27,49.53
2026-08-22T03:01:10,115.68,50.91
2026-08-22T03:01:11,115.22,50.46
2026-08-22T03:01:12,115.22,50.46
2026-08-22T03:01:13,114.35,49.6
2026-08-22T03:01:14,114.64,49.89
2026-08-22T03:01:15,114.97,50.21
2026-08-22T03:01:16,114.66,49.91
2026-08-22T03:01:17,114.66,49.91
2026-08-22T03:01:18,114.3,49.55
2026-08-22T03:01:19,114.53,49.78
2026-08-22T03:01:20,114.51,49.76
2026-08-22T03:01:21,114.3,49.55
2026-08-22T03:01:22,114.24,49.5
2026-08-22T03:01:23,114.91,50.15
2026-08-22T03:01:24,114.46,49.71
2026-08-22T03:01:25,114.9,50.14
2026-08-22T03:01:26,114.99,50.24
2026-08-22T03:01:27,115.22,50.46
2026-08-22T03:01:28,114.9,50.14
2026-08-22T03:01:29,114.87,50.11
2026-08-22T03:01:30,115.11,50.35
2026-08-22T03:01:31,115.31,50.55
2026-08-22T03:01:32,115.02,50.26
2026-08-22T03:01:33,115.39,50.63
2026-08-22T03:01:34,115.28,50.52
2026-08-22T03:01:35,115.85,51.08
2026-08-22T03:01:36,115.89,51.12
2026-08-22T03:01:37,116.32,51.55
2026-08-22T03:01:38,117.54,52.75
2026-08-22T03:01:39,118.92,54.11
2026-08-22T03:01:40,121.88,57.02
2026-08-22T03:01:41,123.44,58.56
2026-08-22T03:01:42,126.93,62.01
2026-08-22T03:01:43,127.28,62.34
2026-08-22T03:01:44,128.9,63.95
2026-08-22T03:01:45,123.03,58.15
2026-08-22T03:01:46,119.59,54.77
2026-08-22T03:01:47,117.67,52.88
2026-08-22T03:01:48,116.35,51.57
2026-08-22T03:01:49,115.7,50.94
2026-08-22T03:01:50,115.9,51.13
2026-08-22T03:01:51,115.64,50.87
2026-08-22T03:01:52,114.78,50.02
2026-08-22T03:01:53,114.85,50.09
2026-08-22T03:01:54,114.68,49.92
2026-08-22T03:01:55,114.7,49.95
2026-08-22T03:01:56,115.18,50.42
2026-08-22T03:01:57,114.77,50.02
2026-08-22T03:01:58,115.01,50.26
2026-08-22T03:01:59,115.36,50.6
2026-08-22T03:02:00,114.5,49.75
2026-08-22T03:02:01,114.93,50.17
2026-08-22T03:02:02,114.3,49.55
2026-08-22T03:02:03,115.01,50.26
2026-08-22T03:02:04,114.47,49.72
2026-08-22T03:02:05,115.1,50.35
2026-08-22T03:02:06,114.51,49.76
2026-08-22T03:02:07,114.56,49.81
2026-08-22T03:02:08,114.27,49.52
2026-08-22T03:02:09,114.83,50.07
2026-08-22T03:02:10,114.6,49.85
2026-08-22T03:02:11,115.34,50.58
2026-08-22T03:02:12,114.27,49.52
2026-08-22T03:02:13,114.81,50.06
2026-08-22T03:02:14,114.52,49.77
2026-08-22T03:02:15,113.85,49.11
2026-08-22T03:02:16,113.2,48.47
2026-08-22T03:02:17,114.26,49.51
2026-08-22T03:02:18,114.59,49.83
2026-08-22T03:02:19,114.13,49.39
2026-08-22T03:02:20,114.09,49.35
2026-08-22T03:02:21,113.98,49.23
2026-08-22T03:02:22,114.51,49.76
2026-08-22T03:02:23,114.28,49.53
2026-08-22T03:02:24,114.72,49.96
2026-08-22T03:02:25,114.17,49.42
2026-08-22T03:02:26,114.23,49.48
2026-08-22T03:02:27,114.59,49.83
2026-08-22T03:02:28,114.39,49.64
2026-08-22T03:02:29,114.26,49.51
2026-08-22T03:02:30,114.84,50.09
2026-08-22T03:02:31,114.39,49.64
2026-08-22T03:02:32,114.43,49.68
2026-08-22T03:02:33,114.52,49.77
2026-08-22T03:02:34,115.09,50.33
2026-08-22T03:02:35,113.97,49.22
2026-08-22T03:02:36,114.23,49.49
2026-08-22T03:02:37,113.85,49.11
2026-08-22T03:02:38,114.2,49.45
2026-08-22T03:02:39,115.43,50.67
2026-08-22T03:02:40,114.53,49.78
2026-08-22T03:02:41,114.59,49.84
2026-08-22T03:02:42,114.28,49.53
2026-08-22T03:02:43,113.92,49.18
2026-08-22T03:02:44,114.15,49.41
2026-08-22T03:02:45,114.06,49.31
2026-08-22T03:02:46,114.33,49.58
2026-08-22T03:02:47,114.48,49.73
2026-08-22T03:02:48,113.77,49.03
2026-08-22T03:02:49,114.26,49.52
2026-08-22T03:02:50,114.68,49.93
2026-08-22T03:02:51,114.17,49.43
2026-08-22T03:02:52,114.31,49.56
2026-08-22T03:02:53,114.08,49.33
2026-08-22T03:02:54,114.76,50.01
2026-08-22T03:02:55,114.13,49.39
2026-08-22T03:02:56,114.74,49.99
2026-08-22T03:02:57,114.33,49.58
2026-08-22T03:02:58,113.69,48.95
2026-08-22T03:02:59,114.77,50.01
2026-08-22T03:03:00,114.69,49.94
2026-08-22T03:03:01,114.0,49.26
2026-08-22T03:03:02,114.24,49.49
2026-08-22T03:03:03,113.98,49.24
2026-08-22T03:03:04,114.11,49.37
2026-08-22T03:03:05,114.69,49.94
2026-08-22T03:03:06,113.83,49.09
2026-08-22T03:03:07,113.79,49.05
2026-08-22T03:03:08,114.47,49.72
2026-08-22T03:03:09,113.76,49.02
2026-08-22T03:03:10,114.24,49.49
2026-08-22T03:03:11,113.79,49.05
2026-08-22T03:03:12,114.15,49.4
2026-08-22T03:03:13,114.25,49.5
2026-08-22T03:03:14,113.87,49.12
2026-08-22T03:03:15,114.1,49.36
2026-08-22T03:03:16,114.54,49.79
2026-08-22T03:03:17,114.13,49.38
2026-08-22T03:03:18,114.47,49.72
2026-08-22T03:03:19,113.75,49.01
2026-08-22T03:03:20,114.19,49.44
2026-08-22T03:03:21,114.47,49.72
2026-08-22T03:03:22,114.47,49.72
2026-08-22T03:03:23,114.06,49.31
2026-08-22T03:03:24,113.88,49.14
2026-08-22T03:03:25,114.29,49.54
2026-08-22T03:03:26,114.45,49.7
2026-08-22T03:03:27,114.3,49.55
2026-08-22T03:03:28,114.14,49.39
2026-08-22T03:03:29,114.09,49.34
2026-08-22T03:03:30,113.87,49.13
2026-08-22T03:03:31,113.74,49.0
2026-08-22T03:03:32,113.73,48.99
2026-08-22T03:03:33,114.05,49.3
2026-08-22T03:03:34,114.01,49.26
2026-08-22T03:03:35,115.04,50.29
2026-08-22T03:03:36,114.38,49.63
2026-08-22T03:03:37,114.27,49.52
2026-08-22T03:03:38,113.98,49.23
2026-08-22T03:03:39,114.4,49.65
2026-08-22T03:03:40,114.24,49.5
2026-08-22T03:03:41,114.48,49.73
2026-08-22T03:03:42,114.49,49.73
2026-08-22T03:03:43,113.8,49.06
2026-08-22T03:03:44,114.08,49.33
2026-08-22T03:03:45,113.64,48.91
2026-08-22T03:03:46,113.6,48.86
2026-08-22T03:03:47,114.12,49.38
2026-08-22T03:03:48,114.61,49.85
2026-08-22T03:03:49,113.9,49.16
2026-08-22T03:03:50,114.88,50.13
2026-08-22T03:03:51,115.17,50.41
2026-08-22T03:03:52,113.69,48.96
2026-08-22T03:03:53,114.09,49.35
2026-08-22T03:03:54,113.96,49.22
2026-08-22T03:03:55,113.73,48.99
2026-08-22T03:03:56,113.56,48.82
2026-08-22T03:03:57,114.1,49.35
2026-08-22T03:03:58,114.5,49.75
2026-08-22T03:03:59,114.12,49.38
2026-08-22T03:04:00,113.71,48.97
2026-08-22T03:04:01,114.05,49.3
2026-08-22T03:04:02,114.13,49.39
2026-08-22T03:04:03,113.82,49.08
2026-08-22T03:04:04,114.47,49.72
2026-08-22T03:04:05,114.17,49.43
2026-08-22T03:04:06,114.23,49.49
2026-08-22T03:04:07,113.9,49.15
2026-08-22T03:04:08,113.99,49.24
2026-08-22T03:04:09,114.53,49.78
2026-08-22T03:04:10,114.63,49.88
2026-08-22T03:04:11,113.89,49.15
2026-08-22T03:04:12,113.82,49.08
2026-08-22T03:04:13,113.94,49.2
2026-08-22T03:04:14,114.26,49.51
2026-08-22T03:04:15,113.88,49.14
2026-08-22T03:04:16,114.37,49.62
2026-08-22T03:04:17,113.97,49.22
2026-08-22T03:04:18,113.87,49.13
2026-08-22T03:04:19,114.09,49.35
2026-08-22T03:04:20,113.97,49.23
2026-08-22T03:04:21,113.9,49.16
2026-08-22T03:04:22,114.14,49.4
2026-08-22T03:04:23,113.43,48.7
2026-08-22T03:04:24,114.24,49.5
2026-08-22T03:04:25,115.08,50.32
2026-08-22T03:04:26,114.46,49.71
2026-08-22T03:04:27,114.14,49.4
2026-08-22T03:04:28,113.56,48.82
2026-08-22T03:04:29,113.86,49.12
2026-08-22T03:04:30,114.19,49.45
2026-08-22T03:04:31,114.52,49.77
2026-08-22T03:04:32,114.22,49.47
2026-08-22T03:04:33,113.73,48.99
2026-08-22T03:04:34,114.47,49.72
2026-08-22T03:04:35,114.23,49.48
2026-08-22T03:04:36,114.29,49.54
2026-08-22T03:04:37,114.3,49.55
2026-08-22T03:04:38,114.21,49.46
2026-08-22T03:04:39,114.22,49.47
2026-08-22T03:04:40,114.3,49.55
2026-08-22T03:04:41,113.65,48.91
2026-08-22T03:04:42,114.39,49.64
2026-08-22T03:04:43,114.59,49.84
2026-08-22T03:04:44,114.35,49.6
2026-08-22T03:04:45,113.5,48.77
2026-08-22T03:04:46,114.65,49.89
2026-08-22T03:04:47,115.53,50.77
2026-08-22T03:04:48,114.0,49.26
2026-08-22T03:04:49,114.31,49.56
2026-08-22T03:04:50,113.98,49.24
2026-08-22T03:04:51,114.63,49.87
2026-08-22T03:04:52,113.9,49.16
2026-08-22T03:04:53,113.99,49.24
2026-08-22T03:04:54,114.56,49.8
2026-08-22T03:04:55,114.08,49.34
2026-08-22T03:04:56,114.64,49.88
2026-08-22T03:04:57,114.03,49.29
2026-08-22T03:04:58,114.59,49.84
2026-08-22T03:04:59,113.91,49.17
2026-08-22T03:05:00,113.92,49.18
2026-08-22T03:05:01,114.03,49.29
2026-08-22T03:05:02,114.7,49.94
2026-08-22T03:05:03,113.96,49.22
2026-08-22T03:05:04,113.75,49.01
2026-08-22T03:05:05,114.33,49.59
2026-08-22T03:05:06,113.47,48.73
2026-08-22T03:05:07,113.77,49.03
2026-08-22T03:05:08,113.84,49.1
2026-08-22T03:05:09,114.68,49.92
2026-08-22T03:05:10,114.67,49.92
2026-08-22T03:05:11,114.18,49.44
2026-08-22T03:05:12,113.65,48.91
2026-08-22T03:05:13,114.87,50.12
2026-08-22T03:05:14,114.13,49.38
2026-08-22T03:05:15,114.28,49.53
2026-08-22T03:05:16,114.66,49.91
2026-08-22T03:05:17,115.39,50.62
2026-08-22T03:05:18,115.61,50.84
2026-08-22T03:05:19,115.92,51.15
2026-08-22T03:05:20,116.69,51.91
2026-08-22T03:05:21,119.34,54.52
2026-08-22T03:05:22,121.27,56.43
2026-08-22T03:05:23,122.83,57.96
2026-08-22T03:05:24,123.46,58.58
2026-08-22T03:05:25,124.27,59.38
2026-08-22T03:05:26,124.53,59.63
2026-08-22T03:05:27,123.81,58.93
2026-08-22T03:05:28,121.5,56.65
2026-08-22T03:05:29,118.92,54.11
2026-08-22T03:05:30,118.06,53.26
2026-08-22T03:05:31,117.22,52.43
2026-08-22T03:05:32,116.03,51.26
2026-08-22T03:05:33,115.72,50.96
2026-08-22T03:05:34,115.53,50.76
2026-08-22T03:05:35,115.41,50.65
2026-08-22T03:05:36,115.46,50.69
2026-08-22T03:05:37,114.39,49.64
2026-08-22T03:05:38,114.88,50.12
2026-08-22T03:05:39,114.89,50.13
2026-08-22T03:05:40,114.4,49.65
2026-08-22T03:05:41,114.78,50.03
2026-08-22T03:05:42,114.3,49.56
2026-08-22T03:05:43,114.69,49.94
2026-08-22T03:05:44,114.17,49.43
2026-08-22T03:05:45,114.73,49.98
2026-08-22T03:05:46,115.03,50.27
2026-08-22T03:05:47,114.57,49.82
2026-08-22T03:05:48,114.87,50.11
2026-08-22T03:05:49,113.79,49.05
2026-08-22T03:05:50,114.05,49.31
2026-08-22T03:05:51,114.11,49.37
2026-08-22T03:05:52,114.74,49.99
2026-08-22T03:05:53,114.12,49.38
2026-08-22T03:05:54,114.5,49.75
2026-08-22T03:05:55,113.75,49.01
2026-08-22T03:05:56,114.02,49.28
2026-08-22T03:05:57,114.38,49.64
2026-08-22T03:05:58,114.56,49.81
2026-08-22T03:05:59,114.7,49.95
2026-08-22T03:06:00,115.39,50.63
2026-08-22T03:06:01,114.91,50.16
2026-08-22T03:06:02,114.61,49.86
2026-08-22T03:06:03,114.73,49.98
2026-08-22T03:06:04,114.18,49.44
2026-08-22T03:06:05,114.13,49.39
2026-08-22T03:06:06,114.95,50.19
2026-08-22T03:06:07,114.61,49.86
2026-08-22T03:06:08,114.69,49.94
2026-08-22T03:06:09,114.34,49.59
2026-08-22T03:06:10,114.3,49.55
2026-08-22T03:06:11,114.62,49.86
2026-08-22T03:06:12,114.11,49.37
2026-08-22T03:06:13,115.05,50.29
2026-08-22T03:06:14,114.16,49.41
2026-08-22T03:06:15,114.34,49.59
2026-08-22T03:06:16,114.55,49.8
2026-08-22T03:06:17,114.44,49.69
2026-08-22T03:06:18,114.41,49.66
2026-08-22T03:06:19,114.5,49.75
2026-08-22T03:06:20,114.83,50.08
2026-08-22T03:06:21,114.05,49.31
2026-08-22T03:06:22,114.56,49.81
2026-08-22T03:06:23,114.63,49.88
2026-08-22T03:06:24,114.37,49.62
2026-08-22T03:06:25,114.49,49.74
2026-08-22T03:06:26,114.35,49.6
2026-08-22T03:06:27,114.54,49.78
2026-08-22T03:06:28,113.97,49.23
2026-08-22T03:06:29,114.76,50.01
2026-08-22T03:06:30,114.49,49.74
2026-08-22T03:06:31,113.47,48.74
2026-08-22T03:06:32,114.35,49.6
2026-08-22T03:06:33,114.17,49.43
2026-08-22T03:06:34,114.42,49.67
2026-08-22T03:06:35,114.04,49.3
2026-08-22T03:06:36,113.78,49.04
2026-08-22T03:06:37,114.18,49.43
2026-08-22T03:06:38,114.63,49.88
2026-08-22T03:06:39,114.25,49.5
2026-08-22T03:06:40,114.11,49.37
2026-08-22T03:06:41,114.16,49.42
2026-08-22T03:06:42,114.26,49.51
2026-08-22T03:06:43,113.91,49.17
2026-08-22T03:06:44,114.07,49.32
2026-08-22T03:06:45,113.87,49.12
2026-08-22T03:06:46,114.3,49.55
2026-08-22T03:06:47,114.61,49.86
2026-08-22T03:06:48,114.66,49.91
2026-08-22T03:06:49,114.35,49.6
2026-08-22T03:06:50,114.99,50.24
2026-08-22T03:06:51,115.03,50.27
2026-08-22T03:06:52,114.79,50.03
2026-08-22T03:06:53,114.91,50.16
2026-08-22T03:06:54,115.08,50.32
2026-08-22T03:06:55,114.07,49.33
2026-08-22T03:06:56,114.33,49.58
2026-08-22T03:06:57,114.91,50.15
2026-08-22T03:06:58,114.25,49.5
2026-08-22T03:06:59,114.06,49.31
2026-08-22T03:07:00,114.47,49.72
2026-08-22T03:07:01,114.12,49.37
2026-08-22T03:07:02,114.44,49.69
2026-08-22T03:07:03,114.74,49.98
2026-08-22T03:07:04,114.46,49.71
2026-08-22T03:07:05,113.64,48.9
2026-08-22T03:07:06,113.82,49.08
2026-08-22T03:07:07,113.73,48.99
2026-08-22T03:07:08,114.12,49.38
2026-08-22T03:07:09,114.32,49.57
2026-08-22T03:07:10,114.45,49.7
2026-08-22T03:07:11,114.13,49.38
2026-08-22T03:07:12,114.53,49.78
2026-08-22T03:07:13,114.41,49.66
2026-08-22T03:07:14,114.29,49.54
2026-08-22T03:07:15,114.56,49.81
2026-08-22T03:07:16,114.41,49.66
2026-08-22T03:07:17,114.36,49.61
2026-08-22T03:07:18,114.37,49.62
2026-08-22T03:07:19,114.36,49.61
2026-08-22T03:07:20,113.77,49.03
2026-08-22T03:07:21,114.26,49.51
2026-08-22T03:07:22,113.91,49.17
2026-08-22T03:07:23,114.82,50.06
2026-08-22T03:07:24,114.04,49.3
2026-08-22T03:07:25,113.97,49.23
2026-08-22T03:07:26,113.61,48.88
2026-08-22T03:07:27,113.91,49.17
2026-08-22T03:07:28,114.09,49.35
2026-08-22T03:07:29,114.38,49.63
2026-08-22T03:07:30,113.93,49.19
2026-08-22T03:07:31,113.81,49.07
2026-08-22T03:07:32,114.16,49.41
2026-08-22T03:07:33,114.77,50.02
2026-08-22T03:07:34,114.5,49.75
2026-08-22T03:07:35,116.62,51.84
2026-08-22T03:07:36,131.25,66.26
2026-08-22T03:07:37,117.92,53.12
2026-08-22T03:07:38,113.92,49.17
2026-08-22T03:07:39,113.71,48.97
2026-08-22T03:07:40,117.82,53.02
2026-08-22T03:07:41,115.5,50.74
2026-08-22T03:07:42,113.73,48.99
2026-08-22T03:07:43,116.19,51.41
2026-08-22T03:07:44,113.51,48.78
2026-08-22T03:07:45,113.92,49.18
2026-08-22T03:07:46,113.96,49.21
2026-08-22T03:07:47,113.83,49.09
2026-08-22T03:07:48,114.12,49.37
2026-08-22T03:07:49,113.97,49.23
2026-08-22T03:07:50,114.04,49.29
2026-08-22T03:07:51,114.24,49.49
2026-08-22T03:07:52,114.01,49.27
2026-08-22T03:07:53,114.37,49.63
2026-08-22T03:07:54,113.88,49.14
2026-08-22T03:07:55,114.04,49.29
2026-08-22T03:07:56,114.07,49.32
2026-08-22T03:07:57,113.95,49.21
2026-08-22T03:07:58,114.47,49.72
2026-08-22T03:07:59,114.42,49.67
2026-08-22T03:08:00,114.6,49.84
2026-08-22T03:08:01,114.2,49.45
2026-08-22T03:08:02,113.63,48.89
2026-08-22T03:08:03,114.52,49.76
2026-08-22T03:08:04,114.87,50.12
2026-08-22T03:08:05,114.45,49.7
2026-08-22T03:08:06,113.78,49.04
2026-08-22T03:08:07,113.76,49.02
2026-08-22T03:08:08,114.01,49.27
2026-08-22T03:08:09,114.26,49.51
2026-08-22T03:08:10,114.03,49.29
2026-08-22T03:08:11,113.93,49.19
2026-08-22T03:08:12,114.41,49.66
2026-08-22T03:08:13,114.94,50.19
2026-08-22T03:08:14,114.26,49.52
2026-08-22T03:08:15,114.64,49.89
2026-08-22T03:08:16,114.39,49.64
2026-08-22T03:08:17,114.21,49.46
2026-08-22T03:08:18,114.42,49.67
2026-08-22T03:08:19,114.27,49.53
2026-08-22T03:08:20,114.76,50.01
2026-08-22T03:08:21,114.28,49.53
2026-08-22T03:08:22,113.57,48.83
2026-08-22T03:08:23,113.64,48.9
2026-08-22T03:08:24,114.05,49.31
2026-08-22T03:08:25,113.39,48.65
2026-08-22T03:08:26,114.5,49.75
2026-08-22T03:08:27,114.21,49.46
2026-08-22T03:08:28,114.01,49.27
2026-08-22T03:08:29,114.47,49.72
2026-08-22T03:08:30,113.82,49.08
2026-08-22T03:08:31,114.11,49.36
2026-08-22T03:08:32,113.99,49.24
2026-08-22T03:08:33,114.01,49.27
2026-08-22T03:08:34,113.99,49.25
2026-08-22T03:08:35,114.1,49.35
2026-08-22T03:08:36,114.03,49.28
2026-08-22T03:08:37,114.45,49.7
2026-08-22T03:08:38,114.04,49.29
2026-08-22T03:08:39,113.77,49.03
2026-08-22T03:08:40,113.74,49.0
2026-08-22T03:08:41,113.85,49.11
2026-08-22T03:08:42,113.87,49.12
2026-08-22T03:08:43,113.76,49.02
2026-08-22T03:08:44,114.17,49.42
2026-08-22T03:08:45,113.77,49.03
2026-08-22T03:08:46,115.09,50.33
2026-08-22T03:08:47,113.43,48.69
2026-08-22T03:08:48,113.53,48.8
2026-08-22T03:08:49,113.91,49.17
2026-08-22T03:08:50,113.89,49.14
2026-08-22T03:08:51,114.14,49.39
2026-08-22T03:08:52,114.33,49.58
2026-08-22T03:08:53,113.71,48.97
2026-08-22T03:08:54,114.0,49.26
2026-08-22T03:08:55,114.41,49.66
2026-08-22T03:08:56,113.96,49.22
2026-08-22T03:08:57,113.47,48.73
2026-08-22T03:08:58,113.86,49.12
2026-08-22T03:08:59,114.39,49.64
2026-08-22T03:09:00,114.01,49.27
2026-08-22T03:09:01,114.1,49.36
2026-08-22T03:09:02,114.23,49.48
2026-08-22T03:09:03,113.96,49.22
2026-08-22T03:09:04,114.62,49.87
2026-08-22T03:09:05,114.25,49.5
2026-08-22T03:09:06,114.07,49.33
2026-08-22T03:09:07,114.12,49.37
2026-08-22T03:09:08,114.05,49.3
2026-08-22T03:09:09,114.4,49.65
2026-08-22T03:09:10,114.86,50.1
2026-08-22T03:09:11,114.25,49.5
2026-08-22T03:09:12,114.24,49.49
2026-08-22T03:09:13,114.11,49.37
2026-08-22T03:09:14,114.53,49.78
2026-08-22T03:09:15,113.83,49.09
2026-08-22T03:09:16,113.74,49.0
2026-08-22T03:09:17,114.3,49.55
2026-08-22T03:09:18,113.53,48.79
2026-08-22T03:09:19,113.97,49.23
2026-08-22T03:09:20,114.1,49.35
2026-08-22T03:09:21,114.17,49.42
2026-08-22T03:09:22,114.56,49.81
2026-08-22T03:09:23,114.27,49.52
2026-08-22T03:09:24,114.51,49.76
2026-08-22T03:09:25,113.5,48.77
2026-08-22T03:09:26,114.5,49.75
2026-08-22T03:09:27,113.71,48.98
2026-08-22T03:09:28,114.03,49.28
2026-08-22T03:09:29,114.68,49.93
2026-08-22T03:09:30,114.0,49.26
2026-08-22T03:09:31,114.53,49.78
2026-08-22T03:09:32,114.31,49.56
2026-08-22T03:09:33,114.74,49.98
2026-08-22T03:09:34,114.41,49.66
2026-08-22T03:09:35,113.76,49.02
2026-08-22T03:09:36,114.4,49.65
2026-08-22T03:09:37,114.25,49.51
2026-08-22T03:09:38,114.37,49.62
2026-08-22T03:09:39,114.38,49.63
2026-08-22T03:09:40,114.69,49.93
2026-08-22T03:09:41,113.73,48.99
2026-08-22T03:09:42,113.98,49.24
2026-08-22T03:09:43,114.32,49.57
2026-08-22T03:09:44,113.62,48.88
2026-08-22T03:09:45,113.61,48.88
2026-08-22T03:09:46,113.93,49.19
2026-08-22T03:09:47,114.21,49.47
2026-08-22T03:09:48,113.73,48.99
2026-08-22T03:09:49,114.09,49.35
2026-08-22T03:09:50,113.77,49.03
2026-08-22T03:09:51,114.0,49.26
2026-08-22T03:09:52,114.04,49.29
2026-08-22T03:09:53,114.63,49.88
2026-08-22T03:09:54,113.41,48.67
2026-08-22T03:09:55,114.06,49.31
2026-08-22T03:09:56,113.6,48.86
2026-08-22T03:09:57,113.5,48.76
2026-08-22T03:09:58,114.17,49.42
2026-08-22T03:09:59,114.58,49.83
2026-08-22T03:10:00,114.54,49.79
2026-08-22T03:10:01,113.87,49.12
2026-08-22T03:10:02,113.9,49.16
2026-08-22T03:10:03,113.58,48.84
2026-08-22T03:10:04,113.93,49.19
2026-08-22T03:10:05,114.22,49.47
2026-08-22T03:10:06,113.82,49.08
2026-08-22T03:10:07,113.93,49.19
2026-08-22T03:10:08,113.83,49.09
2026-08-22T03:10:09,113.79,49.05
2026-08-22T03:10:10,114.14,49.4
2026-08-22T03:10:11,113.82,49.08
2026-08-22T03:10:12,114.33,49.58
2026-08-22T03:10:13,113.59,48.86
2026-08-22T03:10:14,114.26,49.52
2026-08-22T03:10:15,113.93,49.18
2026-08-22T03:10:16,114.02,49.28
2026-08-22T03:10:17,114.03,49.28
2026-08-22T03:10:18,114.71,49.96
2026-08-22T03:10:19,114.02,49.27
2026-08-22T03:10:20,114.94,50.18
2026-08-22T03:10:21,114.56,49.81
2026-08-22T03:10:22,115.15,50.39
2026-08-22T03:10:23,114.5,49.75
2026-08-22T03:10:24,114.86,50.1
2026-08-22T03:10:25,114.17,49.42
2026-08-22T03:10:26,114.66,49.91
2026-08-22T03:10:27,114.21,49.46
2026-08-22T03:10:28,114.34,49.59
2026-08-22T03:10:29,114.27,49.52
2026-08-22T03:10:30,114.86,50.1
2026-08-22T03:10:31,114.26,49.51
2026-08-22T03:10:32,114.17,49.42
2026-08-22T03:10:33,114.48,49.73
2026-08-22T03:10:34,114.52,49.77
2026-08-22T03:10:35,114.04,49.3
2026-08-22T03:10:36,114.5,49.75
2026-08-22T03:10:37,114.2,49.45
2026-08-22T03:10:38,113.8,49.06
2026-08-22T03:10:39,114.37,49.62
2026-08-22T03:10:40,115.03,50.27
2026-08-22T03:10:41,114.24,49.5
2026-08-22T03:10:42,114.8,50.04
2026-08-22T03:10:43,114.56,49.8
2026-08-22T03:10:44,114.02,49.28
2026-08-22T03:10:45,114.33,49.58
2026-08-22T03:10:46,114.19,49.44
2026-08-22T03:10:47,114.94,50.19
2026-08-22T03:10:48,114.61,49.86
2026-08-22T03:10:49,114.63,49.88
2026-08-22T03:10:50,114.65,49.9
2026-08-22T03:10:51,114.76,50.01
2026-08-22T03:10:52,114.16,49.41
2026-08-22T03:10:53,114.36,49.61
2026-08-22T03:10:54,114.41,49.66
2026-08-22T03:10:55,114.27,49.53
2026-08-22T03:10:56,114.16,49.41
2026-08-22T03:10:57,114.79,50.03
2026-08-22T03:10:58,114.7,49.95
2026-08-22T03:10:59,114.41,49.66
2026-08-22T03:11:00,114.23,49.49
2026-08-22T03:11:01,114.45,49.7
2026-08-22T03:11:02,114.84,50.08
2026-08-22T03:11:03,113.94,49.2
2026-08-22T03:11:04,114.15,49.4
2026-08-22T03:11:05,114.45,49.7
2026-08-22T03:11:06,114.22,49.48
2026-08-22T03:11:07,114.32,49.57
2026-08-22T03:11:08,114.18,49.43
2026-08-22T03:11:09,114.53,49.78
2026-08-22T03:11:10,113.91,49.17
2026-08-22T03:11:11,114.78,50.03
2026-08-22T03:11:12,113.99,49.24
2026-08-22T03:11:13,114.23,49.49
2026-08-22T03:11:14,114.28,49.53
2026-08-22T03:11:15,114.62,49.86
2026-08-22T03:11:16,115.61,50.85
2026-08-22T03:11:17,115.37,50.6
2026-08-22T03:11:18,114.43,49.68
2026-08-22T03:11:19,113.61,48.87
2026-08-22T03:11:20,114.87,50.11
2026-08-22T03:11:21,114.77,50.02
2026-08-22T03:11:22,113.96,49.22
2026-08-22T03:11:23,113.79,49.05
2026-08-22T03:11:24,113.75,49.01
2026-08-22T03:11:25,114.79,50.03
2026-08-22T03:11:26,114.65,49.89
2026-08-22T03:11:27,114.18,49.43
2026-08-22T03:11:28,113.95,49.21
2026-08-22T03:11:29,113.87,49.13
2026-08-22T03:11:30,113.81,49.07
2026-08-22T03:11:31,113.75,49.01
2026-08-22T03:11:32,113.86,49.12
2026-08-22T03:11:33,113.97,49.22
2026-08-22T03:11:34,114.07,49.33
2026-08-22T03:11:35,114.27,49.53
2026-08-22T03:11:36,114.69,49.94
2026-08-22T03:11:37,114.58,49.83
2026-08-22T03:11:38,115.14,50.38
2026-08-22T03:11:39,114.96,50.21
2026-08-22T03:11:40,115.26,50.5
2026-08-22T03:11:41,116.13,51.36
2026-08-22T03:11:42,117.13,52.34
2026-08-22T03:11:43,121.4,56.55
2026-08-22T03:11:44,124.58,59.68
2026-08-22T03:11:45,125.45,60.54
2026-08-22T03:11:46,123.98,59.09
2026-08-22T03:11:47,124.19,59.3
2026-08-22T03:11:48,124.83,59.93
2026-08-22T03:11:49,124.2,59.31
2026-08-22T03:11:50,122.03,57.17
2026-08-22T03:11:51,119.12,54.3
2026-08-22T03:11:52,118.45,53.64
2026-08-22T03:11:53,118.78,53.97
2026-08-22T03:11:54,120.33,55.5
2026-08-22T03:11:55,116.58,51.8
2026-08-22T03:11:56,115.84,51.07
2026-08-22T03:11:57,115.09,50.33
2026-08-22T03:11:58,114.99,50.23
2026-08-22T03:11:59,115.3,50.54
2026-08-22T03:12:00,114.7,49.95
2026-08-22T03:12:01,114.31,49.56
2026-08-22T03:12:02,115.13,50.37
2026-08-22T03:12:03,114.56,49.8
2026-08-22T03:12:04,114.93,50.17
2026-08-22T03:12:05,114.55,49.8
2026-08-22T03:12:06,114.58,49.83
2026-08-22T03:12:07,114.7,49.94
2026-08-22T03:12:08,115.03,50.28
2026-08-22T03:12:09,114.45,49.7
2026-08-22T03:12:10,114.06,49.32
2026-08-22T03:12:11,114.59,49.84
2026-08-22T03:12:12,115.82,51.06
2026-08-22T03:12:13,114.9,50.14
2026-08-22T03:12:14,114.02,49.27
2026-08-22T03:12:15,115.12,50.36
2026-08-22T03:12:16,114.28,49.53
2026-08-22T03:12:17,114.03,49.29
2026-08-22T03:12:18,114.33,49.58
2026-08-22T03:12:19,114.3,49.55
2026-08-22T03:12:20,114.15,49.4
2026-08-22T03:12:21,114.22,49.47
2026-08-22T03:12:22,114.42,49.67
2026-08-22T03:12:23,114.37,49.62
2026-08-22T03:12:24,114.49,49.74
2026-08-22T03:12:25,114.14,49.4
2026-08-22T03:12:26,114.43,49.68
2026-08-22T03:12:27,114.29,49.54
2026-08-22T03:12:28,115.1,50.34
2026-08-22T03:12:29,115.4,50.64
2026-08-22T03:12:30,114.79,50.03
2026-08-22T03:12:31,116.24,51.47
2026-08-22T03:12:32,114.21,49.46
2026-08-22T03:12:33,114.24,49.5
2026-08-22T03:12:34,114.06,49.31
2026-08-22T03:12:35,114.53,49.78
2026-08-22T03:12:36,114.27,49.53
2026-08-22T03:12:37,114.95,50.19
2026-08-22T03:12:38,114.21,49.46
2026-08-22T03:12:39,114.55,49.79
2026-08-22T03:12:40,114.34,49.59
2026-08-22T03:12:41,115.16,50.4
2026-08-22T03:12:42,115.66,50.89
2026-08-22T03:12:43,114.62,49.87
2026-08-22T03:12:44,113.92,49.18
2026-08-22T03:12:45,114.55,49.8
2026-08-22T03:12:46,113.91,49.17
2026-08-22T03:12:47,114.26,49.52
2026-08-22T03:12:48,113.79,49.05
2026-08-22T03:12:49,113.99,49.25
2026-08-22T03:12:50,113.8,49.06
2026-08-22T03:12:51,114.34,49.59
2026-08-22T03:12:52,114.51,49.76
2026-08-22T03:12:53,113.61,48.87
2026-08-22T03:12:54,114.11,49.36
2026-08-22T03:12:55,113.73,48.99
2026-08-22T03:12:56,113.51,48.77
2026-08-22T03:12:57,114.14,49.4
2026-08-22T03:12:58,113.8,49.06
2026-08-22T03:12:59,114.12,49.38
2026-08-22T03:13:00,113.56,48.82
2026-08-22T03:13:01,114.13,49.38
2026-08-22T03:13:02,114.05,49.3
2026-08-22T03:13:03,114.18,49.44
2026-08-22T03:13:04,113.58,48.84
2026-08-22T03:13:05,113.93,49.19
2026-08-22T03:13:06,114.4,49.65
2026-08-22T03:13:07,114.75,50.0
2026-08-22T03:13:08,114.08,49.33
2026-08-22T03:13:09,113.45,48.71
2026-08-22T03:13:10,113.93,49.18
2026-08-22T03:13:11,114.13,49.38
2026-08-22T03:13:12,114.52,49.77
2026-08-22T03:13:13,113.97,49.23
2026-08-22T03:13:14,113.97,49.23
2026-08-22T03:13:15,113.9,49.16
2026-08-22T03:13:16,114.08,49.33
2026-08-22T03:13:17,114.59,49.84
2026-08-22T03:13:18,113.71,48.97
2026-08-22T03:13:19,114.41,49.67
2026-08-22T03:13:20,114.26,49.51
2026-08-22T03:13:21,114.08,49.33
2026-08-22T03:13:22,113.27,48.53
2026-08-22T03:13:23,113.97,49.23
2026-08-22T03:13:24,113.85,49.1
2026-08-22T03:13:25,113.89,49.14
2026-08-22T03:13:26,113.61,48.87
2026-08-22T03:13:27,114.48,49.73
2026-08-22T03:13:28,114.4,49.65
2026-08-22T03:13:29,114.22,49.48
2026-08-22T03:13:30,113.59,48.86
2026-08-22T03:13:31,113.67,48.93
2026-08-22T03:13:32,113.64,48.91
2026-08-22T03:13:33,114.31,49.57
2026-08-22T03:13:34,114.02,49.28
2026-08-22T03:13:35,113.75,49.01
2026-08-22T03:13:36,113.5,48.76
2026-08-22T03:13:37,114.38,49.63
2026-08-22T03:13:38,113.71,48.97
2026-08-22T03:13:39,114.22,49.48
2026-08-22T03:13:40,114.24,49.5
2026-08-22T03:13:41,114.27,49.52
2026-08-22T03:13:42,113.46,48.73
2026-08-22T03:13:43,113.78,49.04
2026-08-22T03:13:44,114.14,49.39
2026-08-22T03:13:45,113.92,49.17
2026-08-22T03:13:46,114.44,49.69
2026-08-22T03:13:47,113.63,48.89
2026-08-22T03:13:48,113.9,49.16
2026-08-22T03:13:49,113.99,49.25
2026-08-22T03:13:50,114.05,49.31
2026-08-22T03:13:51,114.16,49.41
2026-08-22T03:13:52,113.57,48.83
2026-08-22T03:13:53,113.62,48.88
2026-08-22T03:13:54,113.31,48.58
2026-08-22T03:13:55,114.08,49.34
2026-08-22T03:13:56,113.61,48.88
2026-08-22T03:13:57,113.56,48.82
2026-08-22T03:13:58,113.59,48.85
2026-08-22T03:13:59,113.3,48.56
2026-08-22T03:14:00,114.15,49.4
2026-08-22T03:14:01,114.22,49.47
2026-08-22T03:14:02,114.07,49.33
2026-08-22T03:14:03,114.57,49.81
2026-08-22T03:14:04,114.4,49.65
2026-08-22T03:14:05,113.68,48.94
2026-08-22T03:14:06,113.8,49.06
2026-08-22T03:14:07,113.67,48.93
2026-08-22T03:14:08,113.54,48.81
2026-08-22T03:14:09,114.14,49.39
2026-08-22T03:14:10,114.18,49.43
2026-08-22T03:14:11,114.44,49.69
2026-08-22T03:14:12,114.27,49.52
2026-08-22T03:14:13,114.22,49.47
2026-08-22T03:14:14,113.74,49.0
2026-08-22T03:14:15,114.2,49.46
2026-08-22T03:14:16,113.72,48.98
2026-08-22T03:14:17,113.75,49.01
2026-08-22T03:14:18,114.07,49.33
2026-08-22T03:14:19,114.02,49.28
2026-08-22T03:14:20,113.99,49.25
2026-08-22T03:14:21,113.26,48.53
2026-08-22T03:14:22,113.67,48.93
2026-08-22T03:14:23,114.07,49.32
2026-08-22T03:14:24,114.68,49.92
2026-08-22T03:14:25,114.43,49.68
2026-08-22T03:14:26,113.39,48.66
2026-08-22T03:14:27,114.32,49.57
2026-08-22T03:14:28,114.09,49.35
2026-08-22T03:14:29,113.63,48.9
2026-08-22T03:14:30,113.7,48.96
2026-08-22T03:14:31,114.43,49.68
2026-08-22T03:14:32,113.82,49.07
2026-08-22T03:14:33,113.81,49.07
2026-08-22T03:14:34,113.8,49.06
2026-08-22T03:14:35,114.09,49.35
2026-08-22T03:14:36,113.54,48.8
2026-08-22T03:14:37,113.98,49.24
2026-08-22T03:14:38,113.36,48.63
2026-08-22T03:14:39,115.0,50.24
2026-08-22T03:14:40,114.28,49.53
2026-08-22T03:14:41,114.21,49.46
2026-08-22T03:14:42,114.34,49.6
2026-08-22T03:14:43,113.55,48.81
2026-08-22T03:14:44,113.81,49.07
2026-08-22T03:14:45,113.89,49.15
2026-08-22T03:14:46,113.8,49.06
2026-08-22T03:14:47,114.4,49.65
2026-08-22T03:14:48,113.91,49.17
2026-08-22T03:14:49,113.92,49.17
2026-08-22T03:14:50,113.64,48.9
2026-08-22T03:14:51,113.9,49.16
2026-08-22T03:14:52,114.0,49.26
2026-08-22T03:14:53,113.62,48.88
2026-08-22T03:14:54,113.92,49.18
2026-08-22T03:14:55,113.75,49.01
2026-08-22T03:14:56,113.37,48.63
2026-08-22T03:14:57,114.02,49.28
2026-08-22T03:14:58,114.14,49.4
2026-08-22T03:14:59,113.83,49.09
2026-08-22T03:15:00,114.37,49.62
2026-08-22T03:15:01,114.34,49.6
2026-08-22T03:15:02,114.81,50.05
2026-08-22T03:15:03,114.22,49.47
2026-08-22T03:15:04,113.91,49.17
2026-08-22T03:15:05,113.77,49.03
2026-08-22T03:15:06,114.42,49.67
2026-08-22T03:15:07,114.38,49.63
2026-08-22T03:15:08,113.74,49.0
2026-08-22T03:15:09,114.42,49.67
2026-08-22T03:15:10,114.42,49.67
2026-08-22T03:15:11,113.81,49.07
2026-08-22T03:15:12,113.75,49.01
2026-08-22T03:15:13,114.0,49.25
2026-08-22T03:15:14,113.97,49.23
2026-08-22T03:15:15,113.25,48.51
2026-08-22T03:15:16,113.84,49.1
2026-08-22T03:15:17,114.13,49.39
2026-08-22T03:15:18,113.66,48.92
2026-08-22T03:15:19,113.98,49.24
2026-08-22T03:15:20,113.88,49.14
2026-08-22T03:15:21,114.47,49.72
2026-08-22T03:15:22,113.89,49.15
2026-08-22T03:15:23,113.66,48.92
2026-08-22T03:15:24,113.94,49.2
2026-08-22T03:15:25,113.97,49.22
2026-08-22T03:15:26,113.76,49.01
2026-08-22T03:15:27,114.42,49.67
2026-08-22T03:15:28,114.05,49.3
2026-08-22T03:15:29,113.59,48.85
2026-08-22T03:15:30,114.6,49.84
2026-08-22T03:15:31,114.03,49.29
2026-08-22T03:15:32,114.53,49.78
2026-08-22T03:15:33,115.15,50.39
2026-08-22T03:15:34,114.19,49.44
2026-08-22T03:15:35,114.44,49.69
2026-08-22T03:15:36,114.25,49.5
2026-08-22T03:15:37,114.79,50.04
2026-08-22T03:15:38,114.84,50.09
2026-08-22T03:15:39,114.33,49.58
2026-08-22T03:15:40,113.84,49.1
2026-08-22T03:15:41,113.64,48.9
2026-08-22T03:15:42,114.13,49.38
2026-08-22T03:15:43,113.77,49.03
2026-08-22T03:15:44,114.12,49.37
2026-08-22T03:15:45,113.56,48.82
2026-08-22T03:15:46,114.04,49.3
2026-08-22T03:15:47,114.63,49.88
2026-08-22T03:15:48,114.03,49.29
2026-08-22T03:15:49,114.13,49.39
2026-08-22T03:15:50,114.04,49.29
2026-08-22T03:15:51,114.17,49.42
2026-08-22T03:15:52,114.11,49.37
2026-08-22T03:15:53,114.51,49.76
2026-08-22T03:15:54,114.32,49.57
2026-08-22T03:15:55,114.31,49.57
2026-08-22T03:15:56,114.1,49.35
2026-08-22T03:15:57,114.38,49.63
2026-08-22T03:15:58,114.31,49.57
2026-08-22T03:15:59,114.12,49.37
2026-08-22T03:16:00,113.81,49.07
2026-08-22T03:16:01,114.26,49.51
2026-08-22T03:16:02,113.82,49.08
2026-08-22T03:16:03,113.81,49.07
2026-08-22T03:16:04,114.62,49.87
2026-08-22T03:16:05,113.45,48.71
2026-08-22T03:16:06,114.0,49.26
2026-08-22T03:16:07,113.95,49.21
2026-08-22T03:16:08,113.67,48.94
2026-08-22T03:16:09,113.94,49.2
2026-08-22T03:16:10,114.27,49.53
2026-08-22T03:16:11,114.32,49.58
2026-08-22T03:16:12,113.88,49.14
2026-08-22T03:16:13,114.36,49.61
2026-08-22T03:16:14,114.38,49.63
2026-08-22T03:16:15,114.6,49.85
2026-08-22T03:16:16,114.02,49.28
2026-08-22T03:16:17,113.91,49.17
2026-08-22T03:16:18,114.33,49.58
2026-08-22T03:16:19,114.01,49.26
2026-08-22T03:16:20,114.44,49.69
2026-08-22T03:16:21,114.17,49.42
2026-08-22T03:16:22,114.19,49.44
2026-08-22T03:16:23,113.68,48.94
2026-08-22T03:16:24,114.37,49.62
2026-08-22T03:16:25,114.21,49.46
2026-08-22T03:16:26,115.19,50.43
2026-08-22T03:16:27,113.27,48.54
2026-08-22T03:16:28,114.04,49.3
2026-08-22T03:16:29,114.1,49.36
2026-08-22T03:16:30,113.29,48.55
2026-08-22T03:16:31,114.49,49.74
2026-08-22T03:16:32,113.47,48.74
2026-08-22T03:16:33,113.13,48.4
2026-08-22T03:16:34,114.37,49.62
2026-08-22T03:16:35,114.49,49.74
2026-08-22T03:16:36,113.96,49.22
2026-08-22T03:16:37,113.68,48.94
2026-08-22T03:16:38,114.02,49.28
2026-08-22T03:16:39,114.48,49.73
2026-08-22T03:16:40,114.32,49.57
2026-08-22T03:16:41,114.75,50.0
2026-08-22T03:16:42,114.37,49.62
2026-08-22T03:16:43,114.43,49.68
2026-08-22T03:16:44,114.63,49.88
2026-08-22T03:16:45,114.13,49.39
2026-08-22T03:16:46,114.15,49.41
2026-08-22T03:16:47,113.69,48.95
2026-08-22T03:16:48,113.93,49.19
2026-08-22T03:16:49,113.91,49.17
2026-08-22T03:16:50,114.29,49.54
2026-08-22T03:16:51,114.48,49.73
2026-08-22T03:16:52,114.13,49.38
2026-08-22T03:16:53,114.46,49.71
2026-08-22T03:16:54,114.29,49.54
2026-08-22T03:16:55,114.84,50.08
2026-08-22T03:16:56,114.19,49.44
2026-08-22T03:16:57,114.64,49.89
2026-08-22T03:16:58,115.08,50.32
2026-08-22T03:16:59,114.67,49.92
2026-08-22T03:17:00,114.35,49.6
2026-08-22T03:17:01,114.26,49.51
2026-08-22T03:17:02,113.76,49.02
2026-08-22T03:17:03,113.85,49.1
2026-08-22T03:17:04,114.14,49.39
2026-08-22T03:17:05,113.67,48.93
2026-08-22T03:17:06,114.29,49.54
2026-08-22T03:17:07,113.71,48.97
2026-08-22T03:17:08,113.4,48.67
2026-08-22T03:17:09,114.27,49.52
2026-08-22T03:17:10,113.7,48.96
2026-08-22T03:17:11,113.97,49.23
2026-08-22T03:17:12,113.91,49.16
2026-08-22T03:17:13,113.95,49.21
2026-08-22T03:17:14,113.84,49.1
2026-08-22T03:17:15,113.4,48.66
2026-08-22T03:17:16,114.1,49.35
2026-08-22T03:17:17,114.19,49.45
2026-08-22T03:17:18,113.86,49.12
2026-08-22T03:17:19,113.69,48.95
2026-08-22T03:17:20,113.62,48.88
2026-08-22T03:17:21,114.48,49.73
2026-08-22T03:17:22,113.81,49.07
2026-08-22T03:17:23,114.0,49.26
2026-08-22T03:17:24,114.25,49.5
2026-08-22T03:17:25,114.2,49.45
2026-08-22T03:17:26,113.6,48.86
2026-08-22T03:17:27,114.6,49.85
2026-08-22T03:17:28,114.27,49.52
2026-08-22T03:17:29,113.76,49.02
2026-08-22T03:17:30,114.07,49.33
2026-08-22T03:17:31,114.22,49.47
2026-08-22T03:17:32,114.21,49.47
2026-08-22T03:17:33,114.03,49.28
2026-08-22T03:17:34,114.09,49.35
2026-08-22T03:17:35,113.63,48.89
2026-08-22T03:17:36,113.58,48.85
2026-08-22T03:17:37,114.1,49.36
2026-08-22T03:17:38,113.84,49.1
2026-08-22T03:17:39,114.48,49.73
2026-08-22T03:17:40,113.86,49.12
2026-08-22T03:17:41,114.37,49.62
2026-08-22T03:17:42,113.21,48.48
2026-08-22T03:17:43,113.95,49.2
2026-08-22T03:17:44,113.79,49.05
2026-08-22T03:17:45,114.31,49.56
2026-08-22T03:17:46,113.88,49.14
2026-08-22T03:17:47,114.47,49.72
2026-08-22T03:17:48,113.78,49.04
2026-08-22T03:17:49,113.93,49.19
2026-08-22T03:17:50,114.29,49.55
2026-08-22T03:17:51,113.43,48.7
2026-08-22T03:17:52,113.67,48.93
2026-08-22T03:17:53,114.01,49.27
2026-08-22T03:17:54,113.65,48.91
2026-08-22T03:17:55,113.85,49.11
2026-08-22T03:17:56,114.52,49.77
2026-08-22T03:17:57,113.68,48.94
2026-08-22T03:17:58,113.79,49.05
2026-08-22T03:17:59,113.98,49.24
2026-08-22T03:18:00,114.2,49.46
2026-08-22T03:18:01,114.32,49.57
2026-08-22T03:18:02,114.38,49.63
2026-08-22T03:18:03,114.04,49.29
2026-08-22T03:18:04,113.83,49.09
2026-08-22T03:18:05,114.47,49.71
2026-08-22T03:18:06,114.44,49.69
2026-08-22T03:18:07,114.33,49.59
2026-08-22T03:18:08,113.96,49.21
2026-08-22T03:18:09,113.27,48.54
2026-08-22T03:18:10,113.38,48.64
2026-08-22T03:18:11,113.75,49.01
2026-08-22T03:18:12,113.94,49.2
2026-08-22T03:18:13,114.12,49.38
2026-08-22T03:18:14,114.22,49.48
2026-08-22T03:18:15,113.98,49.23
2026-08-22T03:18:16,113.97,49.22
2026-08-22T03:18:17,114.18,49.43
2026-08-22T03:18:18,114.05,49.31
2026-08-22T03:18:19,113.63,48.89
2026-08-22T03:18:20,113.88,49.14
2026-08-22T03:18:21,114.17,49.42
2026-08-22T03:18:22,114.13,49.38
2026-08-22T03:18:23,114.08,49.34
2026-08-22T03:18:24,113.61,48.87
2026-08-22T03:18:25,113.45,48.71
2026-08-22T03:18:26,113.76,49.02
2026-08-22T03:18:27,113.65,48.91
2026-08-22T03:18:28,114.0,49.25
2026-08-22T03:18:29,114.16,49.41
2026-08-22T03:18:30,113.69,48.95
2026-08-22T03:18:31,115.59,50.82
2026-08-22T03:18:32,113.79,49.05
2026-08-22T03:18:33,113.9,49.16
2026-08-22T03:18:34,114.58,49.83
2026-08-22T03:18:35,114.61,49.86
2026-08-22T03:18:36,114.0,49.26
2026-08-22T03:18:37,114.31,49.56
2026-08-22T03:18:38,113.99,49.24
2026-08-22T03:18:39,114.43,49.68
2026-08-22T03:18:40,114.13,49.38
2026-08-22T03:18:41,113.88,49.14
2026-08-22T03:18:42,114.12,49.37
2026-08-22T03:18:43,114.37,49.62
2026-08-22T03:18:44,113.89,49.15
2026-08-22T03:18:45,114.31,49.57
2026-08-22T03:18:46,114.26,49.52
2026-08-22T03:18:47,113.98,49.24
2026-08-22T03:18:48,113.67,48.93
2026-08-22T03:18:49,113.89,49.15
2026-08-22T03:18:50,113.76,49.02
2026-08-22T03:18:51,114.34,49.59
2026-08-22T03:18:52,114.97,50.21
2026-08-22T03:18:53,115.02,50.26
2026-08-22T03:18:54,115.18,50.42
2026-08-22T03:18:55,114.25,49.51
2026-08-22T03:18:56,114.14,49.39
2026-08-22T03:18:57,114.23,49.48
2026-08-22T03:18:58,114.2,49.46
2026-08-22T03:18:59,114.04,49.29
2026-08-22T03:19:00,113.84,49.1
2026-08-22T03:19:01,114.22,49.47
2026-08-22T03:19:02,114.25,49.5
2026-08-22T03:19:03,114.23,49.48
2026-08-22T03:19:04,114.29,49.54
2026-08-22T03:19:05,114.35,49.6
2026-08-22T03:19:06,114.01,49.26
2026-08-22T03:19:07,114.04,49.3
2026-08-22T03:19:08,113.71,48.97
2026-08-22T03:19:09,114.02,49.27
2026-08-22T03:19:10,114.07,49.33
2026-08-22T03:19:11,113.81,49.07
2026-08-22T03:19:12,114.35,49.6
2026-08-22T03:19:13,114.2,49.46
2026-08-22T03:19:14,114.48,49.73
2026-08-22T03:19:15,114.26,49.51
2026-08-22T03:19:16,114.08,49.34
2026-08-22T03:19:17,114.26,49.52
2026-08-22T03:19:18,114.07,49.32
2026-08-22T03:19:19,114.24,49.49
2026-08-22T03:19:20,114.4,49.65
2026-08-22T03:19:21,114.04,49.29
2026-08-22T03:19:22,113.86,49.12
2026-08-22T03:19:23,114.4,49.65
2026-08-22T03:19:24,114.58,49.83
2026-08-22T03:19:25,114.43,49.68
2026-08-22T03:19:26,113.84,49.1
2026-08-22T03:19:27,114.08,49.34
2026-08-22T03:19:28,114.44,49.69
2026-08-22T03:19:29,114.43,49.68
2026-08-22T03:19:30,114.23,49.49
2026-08-22T03:19:31,114.5,49.75
2026-08-22T03:19:32,114.36,49.61
2026-08-22T03:19:33,114.19,49.45
2026-08-22T03:19:34,113.99,49.25
2026-08-22T03:19:35,114.53,49.78
2026-08-22T03:19:36,114.72,49.97
2026-08-22T03:19:37,114.82,50.06
2026-08-22T03:19:38,115.54,50.77
2026-08-22T03:19:39,116.51,51.74
2026-08-22T03:19:40,116.9,52.12
2026-08-22T03:19:41,116.35,51.57
2026-08-22T03:19:42,116.09,51.31
2026-08-22T03:19:43,116.45,51.67
2026-08-22T03:19:44,114.76,50.0
2026-08-22T03:19:45,114.33,49.59
2026-08-22T03:19:46,114.62,49.87
2026-08-22T03:19:47,114.19,49.44
2026-08-22T03:19:48,114.68,49.93
2026-08-22T03:19:49,113.95,49.2
2026-08-22T03:19:50,114.81,50.06
2026-08-22T03:19:51,114.29,49.54
2026-08-22T03:19:52,114.27,49.52
2026-08-22T03:19:53,114.37,49.62
2026-08-22T03:19:54,114.43,49.68
2026-08-22T03:19:55,114.52,49.77
2026-08-22T03:19:56,114.53,49.78
2026-08-22T03:19:57,114.52,49.77
2026-08-22T03:19:58,114.46,49.71
2026-08-22T03:19:59,114.01,49.26
2026-08-22T03:20:00,114.19,49.44
2026-08-22T03:20:01,114.48,49.73
2026-08-22T03:20:02,113.96,49.22
2026-08-22T03:20:03,115.14,50.38
2026-08-22T03:20:04,115.17,50.41
2026-08-22T03:20:05,114.66,49.91
2026-08-22T03:20:06,114.42,49.67
2026-08-22T03:20:07,114.05,49.31
2026-08-22T03:20:08,114.29,49.54
2026-08-22T03:20:09,114.62,49.87
2026-08-22T03:20:10,113.89,49.15
2026-08-22T03:20:11,114.08,49.33
2026-08-22T03:20:12,114.25,49.51
2026-08-22T03:20:13,114.05,49.3
2026-08-22T03:20:14,114.51,49.75
2026-08-22T03:20:15,114.62,49.87
2026-08-22T03:20:16,114.87,50.11
2026-08-22T03:20:17,114.39,49.64
2026-08-22T03:20:18,114.54,49.79
2026-08-22T03:20:19,114.57,49.82
2026-08-22T03:20:20,114.71,49.95
2026-08-22T03:20:21,114.45,49.7
2026-08-22T03:20:22,113.66,48.92
2026-08-22T03:20:23,114.35,49.6
2026-08-22T03:20:24,114.42,49.67
2026-08-22T03:20:25,114.23,49.49
2026-08-22T03:20:26,114.16,49.41
2026-08-22T03:20:27,114.06,49.32
2026-08-22T03:20:28,114.1,49.35
2026-08-22T03:20:29,114.8,50.04
2026-08-22T03:20:30,114.44,49.69
2026-08-22T03:20:31,114.56,49.81
2026-08-22T03:20:32,114.34,49.59
2026-08-22T03:20:33,114.86,50.11
2026-08-22T03:20:34,114.91,50.16
2026-08-22T03:20:35,114.5,49.75
2026-08-22T03:20:36,114.38,49.63
2026-08-22T03:20:37,115.29,50.53
2026-08-22T03:20:38,114.19,49.45
2026-08-22T03:20:39,114.11,49.37
2026-08-22T03:20:40,114.44,49.69
2026-08-22T03:20:41,114.33,49.59
2026-08-22T03:20:42,114.17,49.42
2026-08-22T03:20:43,114.52,49.77
2026-08-22T03:20:44,114.43,49.68
2026-08-22T03:20:45,114.32,49.58
2026-08-22T03:20:46,114.02,49.27
2026-08-22T03:20:47,114.15,49.4
2026-08-22T03:20:48,113.97,49.23
2026-08-22T03:20:49,114.51,49.75
2026-08-22T03:20:50,114.28,49.54
2026-08-22T03:20:51,114.48,49.73
2026-08-22T03:20:52,115.11,50.35
2026-08-22T03:20:53,114.57,49.82
2026-08-22T03:20:54,113.82,49.08
2026-08-22T03:20:55,114.09,49.34
2026-08-22T03:20:56,114.33,49.58
2026-08-22T03:20:57,114.16,49.41
2026-08-22T03:20:58,114.54,49.79
2026-08-22T03:20:59,114.12,49.38
2026-08-22T03:21:00,114.67,49.92
2026-08-22T03:21:01,114.56,49.81
2026-08-22T03:21:02,115.14,50.38
2026-08-22T03:21:03,114.66,49.91
2026-08-22T03:21:04,114.17,49.42
2026-08-22T03:21:05,114.34,49.59
2026-08-22T03:21:06,114.43,49.68
2026-08-22T03:21:07,114.02,49.28
2026-08-22T03:21:08,114.2,49.45
2026-08-22T03:21:09,114.17,49.42
2026-08-22T03:21:10,114.02,49.27
2026-08-22T03:21:11,113.89,49.15
2026-08-22T03:21:12,113.93,49.19
2026-08-22T03:21:13,114.26,49.51
2026-08-22T03:21:14,114.01,49.27
2026-08-22T03:21:15,113.68,48.94
2026-08-22T03:21:16,114.03,49.29
2026-08-22T03:21:17,114.56,49.81
2026-08-22T03:21:18,114.1,49.35
2026-08-22T03:21:19,113.3,48.57
2026-08-22T03:21:20,114.3,49.55
2026-08-22T03:21:21,113.94,49.2
2026-08-22T03:21:22,113.95,49.2
2026-08-22T03:21:23,115.64,50.88
2026-08-22T03:21:24,114.51,49.75
2026-08-22T03:21:25,114.44,49.69
2026-08-22T03:21:26,121.43,56.58
2026-08-22T03:21:27,120.33,55.49
2026-08-22T03:21:28,120.78,55.94
2026-08-22T03:21:29,114.07,49.33
2026-08-22T03:21:30,114.36,49.61
2026-08-22T03:21:31,115.25,50.49
2026-08-22T03:21:32,119.64,54.81
2026-08-22T03:21:33,115.57,50.81
2026-08-22T03:21:34,117.37,52.58
2026-08-22T03:21:35,114.6,49.85
2026-08-22T03:21:36,114.48,49.73
2026-08-22T03:21:37,114.35,49.6
2026-08-22T03:21:38,114.44,49.69
2026-08-22T03:21:39,114.51,49.76
2026-08-22T03:21:40,114.15,49.4
2026-08-22T03:21:41,114.29,49.54
2026-08-22T03:21:42,114.58,49.82
2026-08-22T03:21:43,114.64,49.88
2026-08-22T03:21:44,113.59,48.86
2026-08-22T03:21:45,113.65,48.92
2026-08-22T03:21:46,113.58,48.84
2026-08-22T03:21:47,114.35,49.6
2026-08-22T03:21:48,113.93,49.19
2026-08-22T03:21:49,114.48,49.73
2026-08-22T03:21:50,114.11,49.37
2026-08-22T03:21:51,114.45,49.7
2026-08-22T03:21:52,114.16,49.42
2026-08-22T03:21:53,114.4,49.65
2026-08-22T03:21:54,119.07,54.25
2026-08-22T03:21:55,115.19,50.43
2026-08-22T03:21:56,114.75,50.0
2026-08-22T03:21:57,116.19,51.42
2026-08-22T03:21:58,114.74,49.99
2026-08-22T03:21:59,114.32,49.58
2026-08-22T03:22:00,113.52,48.78
2026-08-22T03:22:01,113.57,48.83
2026-08-22T03:22:02,117.25,52.46
2026-08-22T03:22:03,120.27,55.44
2026-08-22T03:22:04,119.92,55.09
2026-08-22T03:22:05,117.95,53.15
2026-08-22T03:22:06,130.34,65.36
2026-08-22T03:22:07,118.25,53.44
2026-08-22T03:22:08,119.85,55.02
2026-08-22T03:22:09,125.78,60.87
2026-08-22T03:22:10,119.86,55.03
2026-08-22T03:22:11,116.05,51.27
2026-08-22T03:22:12,114.19,49.44
2026-08-22T03:22:13,114.71,49.95
2026-08-22T03:22:14,114.0,49.26
2026-08-22T03:22:15,114.53,49.78
2026-08-22T03:22:16,115.92,51.15
2026-08-22T03:22:17,114.03,49.29
2026-08-22T03:22:18,115.0,50.24
2026-08-22T03:22:19,114.6,49.84
2026-08-22T03:22:20,114.51,49.76
2026-08-22T03:22:21,115.19,50.43
2026-08-22T03:22:22,114.47,49.72
2026-08-22T03:22:23,114.54,49.79
2026-08-22T03:22:24,114.76,50.01
2026-08-22T03:22:25,114.35,49.6
2026-08-22T03:22:26,114.72,49.96
2026-08-22T03:22:27,116.35,51.58
2026-08-22T03:22:28,118.16,53.35
2026-08-22T03:22:29,117.78,52.98
2026-08-22T03:22:30,115.32,50.56
2026-08-22T03:22:31,114.41,49.66
2026-08-22T03:22:32,114.24,49.49
2026-08-22T03:22:33,114.27,49.52
2026-08-22T03:22:34,115.34,50.58
2026-08-22T03:22:35,116.24,51.46
2026-08-22T03:22:36,119.78,54.95
2026-08-22T03:22:37,117.29,52.5
2026-08-22T03:22:38,114.65,49.9
2026-08-22T03:22:39,113.86,49.12
2026-08-22T03:22:40,114.91,50.15
2026-08-22T03:22:41,114.52,49.77
2026-08-22T03:22:42,116.1,51.33
2026-08-22T03:22:43,115.19,50.43
2026-08-22T03:22:44,115.36,50.6
2026-08-22T03:22:45,114.13,49.39
2026-08-22T03:22:46,114.32,49.57
2026-08-22T03:22:47,114.72,49.97
2026-08-22T03:22:48,114.57,49.82
2026-08-22T03:22:49,114.11,49.36
2026-08-22T03:22:50,114.59,49.84
2026-08-22T03:22:51,114.24,49.49
2026-08-22T03:22:52,113.83,49.09
2026-08-22T03:22:53,113.98,49.24
2026-08-22T03:22:54,114.08,49.33
2026-08-22T03:22:55,114.03,49.29
2026-08-22T03:22:56,113.97,49.23
2026-08-22T03:22:57,114.45,49.7
2026-08-22T03:22:58,113.92,49.18
2026-08-22T03:22:59,114.07,49.32
2026-08-22T03:23:00,114.13,49.39
2026-08-22T03:23:01,114.95,50.19
2026-08-22T03:23:02,115.11,50.35
2026-08-22T03:23:03,117.27,52.48
2026-08-22T03:23:04,121.27,56.42
2026-08-22T03:23:05,125.34,60.44
2026-08-22T03:23:06,127.35,62.41
2026-08-22T03:23:07,128.38,63.43
2026-08-22T03:23:08,128.89,63.94
2026-08-22T03:23:09,126.68,61.75
2026-08-22T03:23:10,122.64,57.77
2026-08-22T03:23:11,120.58,55.74
2026-08-22T03:23:12,119.03,54.22
2026-08-22T03:23:13,117.95,53.15
2026-08-22T03:23:14,118.56,53.75
2026-08-22T03:23:15,116.42,51.64
2026-08-22T03:23:16,115.8,51.03
2026-08-22T03:23:17,114.72,49.96
2026-08-22T03:23:18,115.02,50.26
2026-08-22T03:23:19,113.82,49.08
2026-08-22T03:23:20,114.8,50.05
2026-08-22T03:23:21,114.74,49.98
2026-08-22T03:23:22,114.56,49.81
2026-08-22T03:23:23,113.75,49.01
2026-08-22T03:23:24,113.62,48.88
2026-08-22T03:23:25,113.86,49.12
2026-08-22T03:23:26,113.85,49.1
2026-08-22T03:23:27,113.88,49.14
2026-08-22T03:23:28,114.61,49.85
2026-08-22T03:23:29,114.46,49.71
2026-08-22T03:23:30,113.97,49.23
2026-08-22T03:23:31,114.73,49.98
2026-08-22T03:23:32,114.69,49.94
2026-08-22T03:23:33,114.21,49.46
2026-08-22T03:23:34,114.04,49.29
2026-08-22T03:23:35,113.94,49.2
2026-08-22T03:23:36,114.18,49.43
2026-08-22T03:23:37,114.74,49.98
2026-08-22T03:23:38,114.98,50.23
2026-08-22T03:23:39,114.51,49.76
2026-08-22T03:23:40,114.05,49.31
2026-08-22T03:23:41,114.22,49.47
2026-08-22T03:23:42,114.84,50.09
2026-08-22T03:23:43,114.47,49.72
2026-08-22T03:23:44,114.53,49.77
2026-08-22T03:23:45,114.28,49.53
2026-08-22T03:23:46,113.71,48.97
2026-08-22T03:23:47,114.18,49.43
2026-08-22T03:23:48,113.41,48.68
2026-08-22T03:23:49,114.07,49.33
2026-08-22T03:23:50,113.14,48.41
2026-08-22T03:23:51,114.19,49.45
2026-08-22T03:23:52,114.13,49.38
2026-08-22T03:23:53,114.11,49.37
2026-08-22T03:23:54,113.74,49.0
2026-08-22T03:23:55,113.73,48.99
2026-08-22T03:23:56,113.69,48.95
2026-08-22T03:23:57,113.85,49.11
2026-08-22T03:23:58,113.81,49.06
2026-08-22T03:23:59,114.44,49.69
2026-08-22T03:24:00,114.39,49.64
2026-08-22T03:24:01,114.67,49.91
2026-08-22T03:24:02,114.58,49.82
2026-08-22T03:24:03,113.61,48.88
2026-08-22T03:24:04,113.85,49.11
2026-08-22T03:24:05,114.33,49.58
2026-08-22T03:24:06,113.82,49.07
2026-08-22T03:24:07,113.74,49.0
2026-08-22T03:24:08,114.43,49.68
2026-08-22T03:24:09,114.49,49.74
2026-08-22T03:24:10,114.25,49.5
2026-08-22T03:24:11,114.49,49.74
2026-08-22T03:24:12,114.41,49.66
2026-08-22T03:24:13,114.39,49.64
2026-08-22T03:24:14,114.42,49.67
2026-08-22T03:24:15,113.95,49.21
2026-08-22T03:24:16,114.33,49.58
2026-08-22T03:24:17,113.91,49.16
2026-08-22T03:24:18,113.63,48.89
2026-08-22T03:24:19,113.57,48.83
2026-08-22T03:24:20,114.27,49.53
2026-08-22T03:24:21,113.95,49.21
2026-08-22T03:24:22,114.36,49.61
2026-08-22T03:24:23,113.7,48.96
2026-08-22T03:24:24,114.4,49.65
2026-08-22T03:24:25,113.71,48.97
2026-08-22T03:24:26,113.62,48.89
2026-08-22T03:24:27,114.31,49.56
2026-08-22T03:24:28,114.19,49.45
2026-08-22T03:24:29,114.2,49.46
2026-08-22T03:24:30,114.33,49.59
2026-08-22T03:24:31,113.75,49.01
2026-08-22T03:24:32,114.61,49.86
2026-08-22T03:24:33,113.52,48.78
2026-08-22T03:24:34,114.28,49.54
2026-08-22T03:24:35,113.96,49.21
2026-08-22T03:24:36,114.09,49.35
2026-08-22T03:24:37,114.92,50.17
2026-08-22T03:24:38,113.92,49.18
2026-08-22T03:24:39,113.56,48.82
2026-08-22T03:24:40,114.2,49.45
2026-08-22T03:24:41,114.47,49.72
2026-08-22T03:24:42,114.01,49.26
2026-08-22T03:24:43,114.09,49.34
2026-08-22T03:24:44,113.81,49.07
2026-08-22T03:24:45,113.93,49.19
2026-08-22T03:24:46,114.04,49.29
2026-08-22T03:24:47,113.86,49.11
2026-08-22T03:24:48,114.47,49.72
2026-08-22T03:24:49,114.86,50.1
2026-08-22T03:24:50,114.99,50.24
2026-08-22T03:24:51,114.19,49.44
2026-08-22T03:24:52,114.77,50.02
2026-08-22T03:24:53,113.88,49.14
2026-08-22T03:24:54,114.37,49.62
2026-08-22T03:24:55,115.31,50.54
2026-08-22T03:24:56,114.39,49.64
2026-08-22T03:24:57,114.58,49.83
2026-08-22T03:24:58,114.2,49.45
2026-08-22T03:24:59,114.26,49.52
2026-08-22T03:25:00,113.51,48.77
2026-08-22T03:25:01,114.72,49.96
2026-08-22T03:25:02,115.53,50.77
2026-08-22T03:25:03,120.87,56.02
2026-08-22T03:25:04,116.69,51.91
2026-08-22T03:25:05,116.55,51.77
2026-08-22T03:25:06,120.29,55.46
2026-08-22T03:25:07,124.45,59.56
2026-08-22T03:25:08,122.85,57.98
2026-08-22T03:25:09,122.18,57.32
2026-08-22T03:25:10,116.36,51.59
2026-08-22T03:25:11,114.64,49.89
2026-08-22T03:25:12,114.23,49.49
2026-08-22T03:25:13,115.1,50.34
2026-08-22T03:25:14,116.19,51.41
2026-08-22T03:25:15,120.38,55.55
2026-08-22T03:25:16,117.55,52.76
2026-08-22T03:25:17,115.23,50.47
2026-08-22T03:25:18,113.89,49.14
2026-08-22T03:25:19,114.34,49.59
2026-08-22T03:25:20,113.48,48.74
2026-08-22T03:25:21,113.87,49.12
2026-08-22T03:25:22,114.41,49.66
2026-08-22T03:25:23,113.69,48.95
2026-08-22T03:25:24,113.59,48.86
2026-08-22T03:25:25,114.21,49.46
2026-08-22T03:25:26,113.48,48.74
2026-08-22T03:25:27,114.09,49.34
2026-08-22T03:25:28,113.77,49.03
2026-08-22T03:25:29,113.51,48.77
2026-08-22T03:25:30,113.49,48.75
2026-08-22T03:25:31,114.21,49.46
2026-08-22T03:25:32,113.65,48.91
2026-08-22T03:25:33,113.64,48.9
2026-08-22T03:25:34,113.87,49.12
2026-08-22T03:25:35,114.16,49.42
2026-08-22T03:25:36,113.69,48.95
2026-08-22T03:25:37,113.92,49.18
2026-08-22T03:25:38,114.17,49.43
2026-08-22T03:25:39,113.86,49.12
2026-08-22T03:25:40,114.12,49.37
2026-08-22T03:25:41,113.86,49.12
2026-08-22T03:25:42,113.82,49.08
2026-08-22T03:25:43,113.84,49.1
2026-08-22T03:25:44,114.49,49.74
2026-08-22T03:25:45,113.83,49.08
2026-08-22T03:25:46,114.08,49.34
2026-08-22T03:25:47,113.52,48.78
2026-08-22T03:25:48,114.32,49.57
2026-08-22T03:25:49,114.31,49.57
2026-08-22T03:25:50,114.12,49.37
2026-08-22T03:25:51,113.85,49.1
2026-08-22T03:25:52,114.17,49.43
2026-08-22T03:25:53,113.61,48.87
2026-08-22T03:25:54,113.61,48.87
2026-08-22T03:25:55,114.08,49.34
2026-08-22T03:25:56,113.83,49.09
2026-08-22T03:25:57,114.17,49.42
2026-08-22T03:25:58,114.05,49.31
2026-08-22T03:25:59,113.71,48.97
2026-08-22T03:26:00,113.66,48.92
2026-08-22T03:26:01,113.9,49.16
2026-08-22T03:26:02,113.89,49.14
2026-08-22T03:26:03,113.88,49.14
2026-08-22T03:26:04,114.55,49.8
2026-08-22T03:26:05,113.93,49.19
2026-08-22T03:26:06,113.88,49.13
2026-08-22T03:26:07,114.77,50.01
2026-08-22T03:26:08,114.68,49.93
2026-08-22T03:26:09,114.53,49.78
2026-08-22T03:26:10,113.88,49.13
2026-08-22T03:26:11,114.19,49.44
2026-08-22T03:26:12,113.48,48.74
2026-08-22T03:26:13,114.21,49.46
2026-08-22T03:26:14,114.38,49.63
2026-08-22T03:26:15,113.87,49.13
2026-08-22T03:26:16,114.3,49.56
2026-08-22T03:26:17,114.03,49.29
2026-08-22T03:26:18,114.01,49.27
2026-08-22T03:26:19,113.76,49.02
2026-08-22T03:26:20,114.15,49.4
2026-08-22T03:26:21,113.97,49.22
2026-08-22T03:26:22,113.85,49.11
2026-08-22T03:26:23,114.49,49.74
2026-08-22T03:26:24,114.33,49.58
2026-08-22T03:26:25,114.33,49.58
2026-08-22T03:26:26,114.13,49.38
2026-08-22T03:26:27,114.78,50.02
2026-08-22T03:26:28,113.96,49.22
2026-08-22T03:26:29,114.02,49.28
2026-08-22T03:26:30,114.22,49.47
2026-08-22T03:26:31,114.26,49.52
2026-08-22T03:26:32,114.01,49.27
2026-08-22T03:26:33,114.03,49.29
2026-08-22T03:26:34,114.33,49.58
2026-08-22T03:26:35,114.94,50.19
2026-08-22T03:26:36,114.51,49.76
2026-08-22T03:26:37,113.82,49.08
2026-08-22T03:26:38,113.8,49.06
2026-08-22T03:26:39,114.32,49.57
2026-08-22T03:26:40,114.11,49.37
2026-08-22T03:26:41,114.29,49.55
2026-08-22T03:26:42,114.22,49.47
2026-08-22T03:26:43,114.26,49.52
2026-08-22T03:26:44,113.73,48.99
2026-08-22T03:26:45,114.41,49.66
2026-08-22T03:26:46,114.27,49.52
2026-08-22T03:26:47,114.2,49.45
2026-08-22T03:26:48,113.83,49.09
2026-08-22T03:26:49,113.75,49.01
2026-08-22T03:26:50,114.02,49.27
2026-08-22T03:26:51,114.14,49.4
2026-08-22T03:26:52,113.5,48.76
2026-08-22T03:26:53,113.98,49.24
2026-08-22T03:26:54,114.01,49.27
2026-08-22T03:26:55,114.15,49.4
2026-08-22T03:26:56,114.26,49.51
2026-08-22T03:26:57,114.1,49.36
2026-08-22T03:26:58,114.49,49.74
2026-08-22T03:26:59,114.24,49.5
2026-08-22T03:27:00,114.42,49.67
2026-08-22T03:27:01,114.31,49.57
2026-08-22T03:27:02,114.7,49.95
2026-08-22T03:27:03,114.18,49.44
2026-08-22T03:27:04,114.67,49.92
2026-08-22T03:27:05,114.18,49.44
2026-08-22T03:27:06,114.05,49.3
2026-08-22T03:27:07,114.39,49.64
2026-08-22T03:27:08,113.76,49.02
2026-08-22T03:27:09,113.47,48.73
2026-08-22T03:27:10,113.76,49.02
2026-08-22T03:27:11,113.81,49.06
2026-08-22T03:27:12,114.06,49.31
2026-08-22T03:27:13,113.85,49.11
2026-08-22T03:27:14,113.98,49.24
2026-08-22T03:27:15,114.46,49.71
2026-08-22T03:27:16,114.59,49.84
2026-08-22T03:27:17,115.18,50.42
2026-08-22T03:27:18,114.7,49.95
2026-08-22T03:27:19,114.33,49.59
2026-08-22T03:27:20,114.72,49.97
2026-08-22T03:27:21,114.14,49.4
2026-08-22T03:27:22,114.88,50.12
2026-08-22T03:27:23,114.76,50.0
2026-08-22T03:27:24,114.45,49.7
2026-08-22T03:27:25,113.82,49.08
2026-08-22T03:27:26,113.8,49.06
2026-08-22T03:27:27,114.44,49.69
2026-08-22T03:27:28,114.99,50.23
2026-08-22T03:27:29,114.25,49.51
2026-08-22T03:27:30,113.93,49.19
2026-08-22T03:27:31,114.68,49.92
2026-08-22T03:27:32,114.69,49.93
2026-08-22T03:27:33,114.39,49.64
2026-08-22T03:27:34,114.3,49.55
2026-08-22T03:27:35,114.81,50.05
2026-08-22T03:27:36,114.58,49.83
2026-08-22T03:27:37,115.02,50.27
2026-08-22T03:27:38,114.54,49.79
2026-08-22T03:27:39,114.37,49.62
2026-08-22T03:27:40,114.79,50.04
2026-08-22T03:27:41,114.63,49.87
2026-08-22T03:27:42,114.42,49.67
2026-08-22T03:27:43,114.52,49.77
2026-08-22T03:27:44,114.91,50.16
2026-08-22T03:27:45,114.15,49.4
2026-08-22T03:27:46,114.53,49.78
2026-08-22T03:27:47,115.61,50.84
2026-08-22T03:27:48,122.09,57.23
2026-08-22T03:27:49,117.17,52.38
2026-08-22T03:27:50,116.97,52.18
2026-08-22T03:27:51,115.29,50.52
2026-08-22T03:27:52,115.95,51.18
2026-08-22T03:27:53,114.61,49.85
2026-08-22T03:27:54,114.48,49.73
2026-08-22T03:27:55,118.12,53.32
2026-08-22T03:27:56,123.2,58.33
2026-08-22T03:27:57,123.64,58.76
2026-08-22T03:27:58,121.05,56.21
2026-08-22T03:27:59,120.84,56.0
2026-08-22T03:28:00,123.46,58.58
2026-08-22T03:28:01,119.71,54.89
2026-08-22T03:28:02,128.79,63.84
2026-08-22T03:28:03,129.18,64.23
2026-08-22T03:28:04,128.97,64.02
2026-08-22T03:28:05,123.18,58.3
2026-08-22T03:28:06,124.47,59.58
2026-08-22T03:28:07,125.01,60.11
2026-08-22T03:28:08,117.57,52.78
2026-08-22T03:28:09,116.48,51.7
2026-08-22T03:28:10,116.39,51.61
2026-08-22T03:28:11,113.99,49.25
2026-08-22T03:28:12,114.58,49.83
2026-08-22T03:28:13,115.33,50.57
2026-08-22T03:28:14,114.77,50.02
2026-08-22T03:28:15,116.87,52.08
2026-08-22T03:28:16,118.67,53.86
2026-08-22T03:28:17,114.51,49.76
2026-08-22T03:28:18,114.63,49.88
2026-08-22T03:28:19,114.11,49.36
2026-08-22T03:28:20,114.43,49.68
2026-08-22T03:28:21,114.73,49.97
2026-08-22T03:28:22,114.47,49.72
2026-08-22T03:28:23,115.63,50.86
2026-08-22T03:28:24,116.31,51.53
2026-08-22T03:28:25,115.89,51.12
2026-08-22T03:28:26,116.35,51.57
2026-08-22T03:28:27,117.42,52.63
2026-08-22T03:28:28,118.25,53.44
2026-08-22T03:28:29,122.54,57.67
2026-08-22T03:28:30,123.53,58.65
2026-08-22T03:28:31,125.33,60.43
2026-08-22T03:28:32,126.14,61.22
2026-08-22T03:28:33,126.38,61.46
2026-08-22T03:28:34,124.36,59.47
2026-08-22T03:28:35,120.64,55.81
2026-08-22T03:28:36,119.29,54.47
2026-08-22T03:28:37,118.09,53.29
2026-08-22T03:28:38,116.41,51.63
2026-08-22T03:28:39,116.23,51.45
2026-08-22T03:28:40,116.0,51.23
2026-08-22T03:28:41,115.1,50.34
2026-08-22T03:28:42,114.86,50.11
2026-08-22T03:28:43,115.06,50.3
2026-08-22T03:28:44,114.85,50.09
2026-08-22T03:28:45,114.76,50.0
2026-08-22T03:28:46,115.0,50.24
2026-08-22T03:28:47,114.42,49.67
2026-08-22T03:28:48,114.41,49.66
2026-08-22T03:28:49,114.64,49.88
2026-08-22T03:28:50,114.03,49.29
2026-08-22T03:28:51,114.78,50.02
2026-08-22T03:28:52,114.03,49.28
2026-08-22T03:28:53,114.85,50.1
2026-08-22T03:28:54,114.7,49.94
2026-08-22T03:28:55,114.61,49.86
2026-08-22T03:28:56,113.82,49.08
2026-08-22T03:28:57,114.39,49.65
2026-08-22T03:28:58,114.14,49.4
2026-08-22T03:28:59,114.25,49.5
2026-08-22T03:29:00,114.0,49.26
2026-08-22T03:29:01,114.41,49.66
2026-08-22T03:29:02,114.49,49.74
2026-08-22T03:29:03,114.67,49.92
2026-08-22T03:29:04,114.44,49.69
2026-08-22T03:29:05,114.34,49.59
2026-08-22T03:29:06,114.58,49.83
2026-08-22T03:29:07,114.67,49.92
2026-08-22T03:29:08,114.83,50.08
2026-08-22T03:29:09,114.55,49.8
2026-08-22T03:29:10,114.33,49.58
2026-08-22T03:29:11,113.99,49.25
2026-08-22T03:29:12,114.35,49.6
2026-08-22T03:29:13,113.81,49.07
2026-08-22T03:29:14,114.44,49.69
2026-08-22T03:29:15,114.24,49.49
2026-08-22T03:29:16,114.01,49.27
2026-08-22T03:29:17,114.33,49.58
2026-08-22T03:29:18,114.36,49.61
2026-08-22T03:29:19,113.88,49.13
2026-08-22T03:29:20,114.31,49.56
2026-08-22T03:29:21,114.26,49.51
2026-08-22T03:29:22,114.32,49.57
2026-08-22T03:29:23,114.03,49.28
2026-08-22T03:29:24,114.14,49.39
2026-08-22T03:29:25,114.13,49.39
2026-08-22T03:29:26,114.48,49.73
2026-08-22T03:29:27,113.5,48.77
2026-08-22T03:29:28,115.32,50.56
2026-08-22T03:29:29,114.32,49.57
2026-08-22T03:29:30,114.41,49.66
2026-08-22T03:29:31,114.47,49.72
2026-08-22T03:29:32,114.78,50.02
2026-08-22T03:29:33,114.12,49.37
2026-08-22T03:29:34,114.2,49.46
2026-08-22T03:29:35,114.72,49.96
2026-08-22T03:29:36,114.24,49.49
2026-08-22T03:29:37,114.47,49.72
2026-08-22T03:29:38,114.2,49.45
2026-08-22T03:29:39,114.11,49.37
2026-08-22T03:29:40,114.43,49.68
2026-08-22T03:29:41,113.86,49.12
2026-08-22T03:29:42,114.5,49.75
2026-08-22T03:29:43,114.21,49.46
2026-08-22T03:29:44,114.01,49.27
2026-08-22T03:29:45,114.53,49.78
2026-08-22T03:29:46,114.21,49.46
2026-08-22T03:29:47,113.8,49.06
2026-08-22T03:29:48,114.84,50.08
2026-08-22T03:29:49,114.07,49.33
2026-08-22T03:29:50,113.81,49.07
2026-08-22T03:29:51,114.07,49.33
2026-08-22T03:29:52,114.14,49.39
2026-08-22T03:29:53,114.31,49.56
2026-08-22T03:29:54,114.7,49.95
2026-08-22T03:29:55,114.22,49.47
2026-08-22T03:29:56,114.46,49.71
2026-08-22T03:29:57,113.99,49.25
2026-08-22T03:29:58,114.25,49.51
2026-08-22T03:29:59,114.02,49.27
2026-08-22T03:30:00,114.72,49.97
2026-08-22T03:30:01,114.77,50.02
2026-08-22T03:30:02,114.38,49.63
2026-08-22T03:30:03,114.75,50.0
2026-08-22T03:30:04,114.51,49.76
2026-08-22T03:30:05,114.19,49.45
2026-08-22T03:30:06,114.27,49.53
2026-08-22T03:30:07,114.75,49.99
2026-08-22T03:30:08,114.34,49.59
2026-08-22T03:30:09,114.2,49.45
2026-08-22T03:30:10,114.68,49.93
2026-08-22T03:30:11,114.53,49.78
2026-08-22T03:30:12,119.69,54.86
2026-08-22T03:30:13,115.61,50.84
2026-08-22T03:30:14,113.56,48.82
2026-08-22T03:30:15,114.37,49.62
2026-08-22T03:30:16,114.27,49.52
2026-08-22T03:30:17,115.14,50.38
2026-08-22T03:30:18,114.99,50.24
2026-08-22T03:30:19,114.42,49.67
2026-08-22T03:30:20,114.15,49.41
2026-08-22T03:30:21,114.14,49.39
2026-08-22T03:30:22,114.42,49.67
2026-08-22T03:30:23,113.94,49.2
2026-08-22T03:30:24,114.2,49.45
2026-08-22T03:30:25,114.47,49.72
2026-08-22T03:30:26,114.49,49.74
2026-08-22T03:30:27,113.96,49.21
2026-08-22T03:30:28,114.37,49.63
2026-08-22T03:30:29,114.09,49.35
2026-08-22T03:30:30,114.88,50.13
2026-08-22T03:30:31,114.29,49.55
2026-08-22T03:30:32,114.27,49.52
2026-08-22T03:30:33,114.09,49.35
2026-08-22T03:30:34,115.07,50.31
2026-08-22T03:30:35,114.0,49.26
2026-08-22T03:30:36,114.37,49.62
2026-08-22T03:30:37,114.58,49.82
2026-08-22T03:30:38,115.06,50.3
2026-08-22T03:30:39,114.01,49.27
2026-08-22T03:30:40,113.9,49.15
2026-08-22T03:30:41,114.24,49.49
2026-08-22T03:30:42,114.04,49.3
2026-08-22T03:30:43,114.4,49.65
2026-08-22T03:30:44,114.54,49.79
2026-08-22T03:30:45,114.52,49.77
2026-08-22T03:30:46,114.33,49.58
2026-08-22T03:30:47,115.04,50.28
2026-08-22T03:30:48,114.56,49.81
2026-08-22T03:30:49,114.48,49.73
2026-08-22T03:30:50,114.86,50.11
2026-08-22T03:30:51,115.37,50.6
2026-08-22T03:30:52,117.05,52.26
2026-08-22T03:30:53,115.07,50.31
2026-08-22T03:30:54,115.89,51.12
2026-08-22T03:30:55,115.48,50.72
2026-08-22T03:30:56,116.14,51.37
2026-08-22T03:30:57,118.55,53.75
2026-08-22T03:30:58,120.75,55.91
2026-08-22T03:30:59,135.68,70.63
2026-08-22T03:31:00,131.73,66.73
2026-08-22T03:31:01,133.59,68.57
2026-08-22T03:31:02,127.9,62.96
2026-08-22T03:31:03,118.52,53.71
2026-08-22T03:31:04,128.98,64.02
2026-08-22T03:31:05,114.85,50.09
2026-08-22T03:31:06,114.22,49.48
2026-08-22T03:31:07,114.25,49.51
2026-08-22T03:31:08,114.09,49.34
2026-08-22T03:31:09,114.15,49.4
2026-08-22T03:31:10,114.25,49.5
2026-08-22T03:31:11,114.09,49.35
2026-08-22T03:31:12,114.78,50.03
2026-08-22T03:31:13,115.43,50.67
2026-08-22T03:31:14,114.25,49.5
2026-08-22T03:31:15,113.87,49.13
2026-08-22T03:31:16,122.03,57.18
2026-08-22T03:31:17,122.05,57.19
2026-08-22T03:31:18,121.47,56.62
2026-08-22T03:31:19,115.15,50.39
2026-08-22T03:31:20,114.67,49.92
2026-08-22T03:31:21,114.05,49.31
2026-08-22T03:31:22,114.8,50.04
2026-08-22T03:31:23,114.5,49.75
2026-08-22T03:31:24,114.72,49.97
2026-08-22T03:31:25,113.85,49.11
2026-08-22T03:31:26,114.25,49.5
2026-08-22T03:31:27,114.51,49.76
2026-08-22T03:31:28,115.31,50.55
2026-08-22T03:31:29,114.94,50.19
2026-08-22T03:31:30,114.21,49.46
2026-08-22T03:31:31,114.39,49.64
2026-08-22T03:31:32,117.48,52.69
2026-08-22T03:31:33,119.08,54.27
2026-08-22T03:31:34,116.75,51.96
2026-08-22T03:31:35,116.02,51.24
2026-08-22T03:31:36,114.43,49.68
2026-08-22T03:31:37,124.41,59.52
2026-08-22T03:31:38,119.02,54.2
2026-08-22T03:31:39,118.56,53.75
2026-08-22T03:31:40,116.09,51.32
2026-08-22T03:31:41,116.59,51.81
2026-08-22T03:31:42,116.01,51.24
2026-08-22T03:31:43,113.97,49.23
2026-08-22T03:31:44,114.15,49.41
2026-08-22T03:31:45,113.79,49.05
2026-08-22T03:31:46,114.68,49.93
2026-08-22T03:31:47,113.68,48.94
2026-08-22T03:31:48,114.05,49.3
2026-08-22T03:31:49,114.07,49.32
2026-08-22T03:31:50,113.83,49.09
2026-08-22T03:31:51,114.26,49.51
2026-08-22T03:31:52,114.44,49.69
2026-08-22T03:31:53,113.86,49.12
2026-08-22T03:31:54,113.97,49.22
2026-08-22T03:31:55,114.09,49.35
2026-08-22T03:31:56,114.06,49.31
2026-08-22T03:31:57,114.13,49.38
2026-08-22T03:31:58,114.35,49.61
2026-08-22T03:31:59,114.53,49.78
2026-08-22T03:32:00,114.25,49.5
2026-08-22T03:32:01,114.17,49.42
2026-08-22T03:32:02,114.23,49.49
2026-08-22T03:32:03,114.18,49.43
2026-08-22T03:32:04,114.28,49.53
2026-08-22T03:32:05,114.16,49.41
2026-08-22T03:32:06,114.17,49.42
2026-08-22T03:32:07,114.15,49.41
2026-08-22T03:32:08,114.09,49.34
2026-08-22T03:32:09,113.47,48.74
2026-08-22T03:32:10,114.54,49.79
2026-08-22T03:32:11,114.06,49.32
2026-08-22T03:32:12,114.86,50.1
2026-08-22T03:32:13,115.15,50.39
2026-08-22T03:32:14,114.68,49.93
2026-08-22T03:32:15,114.6,49.85
2026-08-22T03:32:16,114.71,49.95
2026-08-22T03:32:17,114.66,49.91
2026-08-22T03:32:18,114.23,49.48
2026-08-22T03:32:19,114.56,49.81
2026-08-22T03:32:20,114.48,49.72
2026-08-22T03:32:21,114.86,50.1
2026-08-22T03:32:22,114.96,50.21
2026-08-22T03:32:23,114.55,49.8
2026-08-22T03:32:24,115.03,50.27
2026-08-22T03:32:25,114.52,49.77
2026-08-22T03:32:26,114.97,50.21
2026-08-22T03:32:27,116.12,51.35
2026-08-22T03:32:28,116.3,51.52
2026-08-22T03:32:29,116.9,52.11
2026-08-22T03:32:30,114.89,50.14
2026-08-22T03:32:31,114.36,49.61
2026-08-22T03:32:32,115.57,50.8
2026-08-22T03:32:33,115.26,50.5
2026-08-22T03:32:34,114.67,49.92
2026-08-22T03:32:35,114.17,49.43
2026-08-22T03:32:36,114.66,49.9
2026-08-22T03:32:37,114.6,49.85
2026-08-22T03:32:38,115.28,50.52
2026-08-22T03:32:39,126.61,61.68
2026-08-22T03:32:40,135.37,70.32
2026-08-22T03:32:41,133.32,68.31
2026-08-22T03:32:42,131.92,66.92
2026-08-22T03:32:43,116.6,51.82
2026-08-22T03:32:44,114.25,49.5
2026-08-22T03:32:45,120.61,55.77
2026-08-22T03:32:46,114.21,49.47
2026-08-22T03:32:47,117.48,52.69
2026-08-22T03:32:48,115.93,51.16
2026-08-22T03:32:49,115.07,50.31
2026-08-22T03:32:50,114.52,49.77
2026-08-22T03:32:51,114.93,50.18
2026-08-22T03:32:52,114.65,49.9
2026-08-22T03:32:53,114.25,49.51
2026-08-22T03:32:54,114.19,49.45
2026-08-22T03:32:55,114.5,49.74
2026-08-22T03:32:56,114.34,49.59
2026-08-22T03:32:57,114.4,49.65
2026-08-22T03:32:58,113.94,49.2
2026-08-22T03:32:59,114.18,49.44
2026-08-22T03:33:00,114.27,49.52
2026-08-22T03:33:01,114.42,49.67
2026-08-22T03:33:02,113.78,49.04
2026-08-22T03:33:03,114.9,50.14
2026-08-22T03:33:04,113.81,49.07
2026-08-22T03:33:05,114.25,49.5
2026-08-22T03:33:06,114.49,49.74
2026-08-22T03:33:07,113.82,49.08
2026-08-22T03:33:08,114.92,50.16
2026-08-22T03:33:09,114.1,49.36
2026-08-22T03:33:10,114.48,49.73
2026-08-22T03:33:11,113.87,49.13
2026-08-22T03:33:12,114.41,49.66
2026-08-22T03:33:13,114.3,49.56
2026-08-22T03:33:14,114.15,49.4
2026-08-22T03:33:15,113.66,48.92
2026-08-22T03:33:16,114.08,49.34
2026-08-22T03:33:17,114.36,49.61
2026-08-22T03:33:18,114.79,50.03
2026-08-22T03:33:19,114.43,49.68
2026-08-22T03:33:20,114.55,49.8
2026-08-22T03:33:21,114.6,49.84
2026-08-22T03:33:22,114.78,50.02
2026-08-22T03:33:23,114.82,50.06
2026-08-22T03:33:24,114.85,50.09
2026-08-22T03:33:25,114.06,49.31
2026-08-22T03:33:26,114.05,49.3
2026-08-22T03:33:27,113.9,49.16
2026-08-22T03:33:28,113.75,49.01
2026-08-22T03:33:29,114.35,49.6
2026-08-22T03:33:30,114.09,49.35
2026-08-22T03:33:31,114.51,49.76
2026-08-22T03:33:32,114.75,50.0
2026-08-22T03:33:33,114.62,49.87
2026-08-22T03:33:34,114.31,49.56
2026-08-22T03:33:35,114.65,49.9
2026-08-22T03:33:36,114.31,49.57
2026-08-22T03:33:37,114.77,50.02
2026-08-22T03:33:38,114.42,49.67
2026-08-22T03:33:39,114.81,50.06
2026-08-22T03:33:40,114.02,49.28
2026-08-22T03:33:41,114.34,49.59
2026-08-22T03:33:42,114.5,49.75
2026-08-22T03:33:43,114.49,49.74
2026-08-22T03:33:44,114.9,50.14
2026-08-22T03:33:45,114.69,49.94
2026-08-22T03:33:46,114.66,49.9
2026-08-22T03:33:47,114.67,49.91
2026-08-22T03:33:48,114.14,49.39
2026-08-22T03:33:49,114.58,49.83
2026-08-22T03:33:50,113.43,48.69
2026-08-22T03:33:51,114.67,49.91
2026-08-22T03:33:52,114.73,49.97
2026-08-22T03:33:53,114.32,49.58
2026-08-22T03:33:54,114.7,49.94
2026-08-22T03:33:55,114.47,49.72
2026-08-22T03:33:56,114.78,50.03
2026-08-22T03:33:57,122.71,57.85
2026-08-22T03:33:58,123.93,59.04
2026-08-22T03:33:59,120.63,55.79
2026-08-22T03:34:00,116.16,51.38
2026-08-22T03:34:01,114.42,49.67
2026-08-22T03:34:02,114.37,49.62
2026-08-22T03:34:03,114.12,49.38
2026-08-22T03:34:04,114.18,49.43
2026-08-22T03:34:05,117.48,52.68
2026-08-22T03:34:06,116.63,51.85
2026-08-22T03:34:07,115.51,50.74
2026-08-22T03:34:08,114.8,50.05
2026-08-22T03:34:09,114.27,49.52
2026-08-22T03:34:10,114.52,49.77
2026-08-22T03:34:11,114.4,49.65
2026-08-22T03:34:12,114.34,49.6
2026-08-22T03:34:13,113.91,49.17
2026-08-22T03:34:14,114.3,49.55
2026-08-22T03:34:15,114.21,49.47
2026-08-22T03:34:16,114.79,50.04
2026-08-22T03:34:17,114.57,49.82
2026-08-22T03:34:18,114.26,49.51
2026-08-22T03:34:19,113.74,49.0
2026-08-22T03:34:20,114.38,49.63
2026-08-22T03:34:21,113.86,49.12
2026-08-22T03:34:22,114.03,49.29
2026-08-22T03:34:23,114.64,49.89
2026-08-22T03:34:24,114.1,49.35
2026-08-22T03:34:25,114.1,49.36
2026-08-22T03:34:26,114.73,49.98
2026-08-22T03:34:27,114.08,49.34
2026-08-22T03:34:28,114.41,49.66
2026-08-22T03:34:29,114.23,49.49
2026-08-22T03:34:30,113.98,49.24
2026-08-22T03:34:31,114.12,49.38
2026-08-22T03:34:32,113.82,49.07
2026-08-22T03:34:33,114.98,50.23
2026-08-22T03:34:34,114.21,49.47
2026-08-22T03:34:35,114.44,49.69
2026-08-22T03:34:36,114.44,49.69
2026-08-22T03:34:37,113.7,48.96
2026-08-22T03:34:38,114.65,49.9
2026-08-22T03:34:39,114.07,49.33
2026-08-22T03:34:40,114.07,49.33
2026-08-22T03:34:41,113.87,49.13
2026-08-22T03:34:42,113.84,49.1
2026-08-22T03:34:43,114.15,49.4
2026-08-22T03:34:44,114.87,50.11
2026-08-22T03:34:45,113.78,49.04
2026-08-22T03:34:46,113.79,49.05
2026-08-22T03:34:47,113.26,48.52
2026-08-22T03:34:48,113.88,49.13
2026-08-22T03:34:49,114.21,49.46
2026-08-22T03:34:50,113.7,48.97
2026-08-22T03:34:51,114.14,49.4
2026-08-22T03:34:52,114.28,49.53
2026-08-22T03:34:53,114.12,49.37
2026-08-22T03:34:54,114.08,49.34
2026-08-22T03:34:55,113.8,49.06
2026-08-22T03:34:56,113.9,49.16
2026-08-22T03:34:57,113.85,49.11
2026-08-22T03:34:58,113.8,49.06
2026-08-22T03:34:59,113.65,48.92
2026-08-22T03:35:00,113.79,49.05
2026-08-22T03:35:01,114.06,49.32
2026-08-22T03:35:02,115.12,50.36
2026-08-22T03:35:03,114.98,50.22
2026-08-22T03:35:04,115.28,50.52
2026-08-22T03:35:05,115.03,50.28
2026-08-22T03:35:06,116.19,51.42
2026-08-22T03:35:07,114.73,49.97
2026-08-22T03:35:08,114.24,49.5
2026-08-22T03:35:09,113.56,48.83
2026-08-22T03:35:10,113.85,49.11
2026-08-22T03:35:11,113.93,49.19
2026-08-22T03:35:12,114.71,49.96
2026-08-22T03:35:13,114.75,49.99
2026-08-22T03:35:14,114.11,49.36
2026-08-22T03:35:15,114.39,49.65
2026-08-22T03:35:16,114.41,49.66
2026-08-22T03:35:17,114.79,50.03
2026-08-22T03:35:18,114.89,50.13
2026-08-22T03:35:19,114.54,49.79
2026-08-22T03:35:20,114.75,49.99
2026-08-22T03:35:21,119.41,54.59
2026-08-22T03:35:22,124.1,59.21
2026-08-22T03:35:23,122.07,57.21
2026-08-22T03:35:24,117.56,52.76
2026-08-22T03:35:25,129.13,64.17
2026-08-22T03:35:26,127.32,62.38
2026-08-22T03:35:27,127.52,62.58
2026-08-22T03:35:28,131.39,66.4
2026-08-22T03:35:29,118.76,53.95
2026-08-22T03:35:30,114.56,49.81
2026-08-22T03:35:31,119.14,54.32
2026-08-22T03:35:32,121.78,56.92
2026-08-22T03:35:33,120.66,55.82
2026-08-22T03:35:34,121.35,56.5
2026-08-22T03:35:35,120.7,55.87
2026-08-22T03:35:36,117.97,53.17
2026-08-22T03:35:37,114.72,49.96
2026-08-22T03:35:38,114.9,50.15
2026-08-22T03:35:39,113.63,48.89
2026-08-22T03:35:40,114.12,49.38
2026-08-22T03:35:41,115.81,51.04
2026-08-22T03:35:42,115.02,50.26
2026-08-22T03:35:43,114.36,49.61
2026-08-22T03:35:44,117.42,52.63
2026-08-22T03:35:45,114.48,49.73
2026-08-22T03:35:46,114.18,49.43
2026-08-22T03:35:47,117.05,52.26
2026-08-22T03:35:48,117.87,53.07
2026-08-22T03:35:49,114.7,49.94
2026-08-22T03:35:50,114.27,49.52
2026-08-22T03:35:51,114.53,49.78
2026-08-22T03:35:52,114.51,49.76
2026-08-22T03:35:53,113.96,49.22
2026-08-22T03:35:54,115.65,50.88
2026-08-22T03:35:55,115.31,50.55
2026-08-22T03:35:56,114.92,50.17
2026-08-22T03:35:57,114.81,50.06
2026-08-22T03:35:58,115.4,50.64
2026-08-22T03:35:59,114.42,49.67
2026-08-22T03:36:00,115.25,50.49
2026-08-22T03:36:01,114.7,49.94
2026-08-22T03:36:02,115.59,50.83
2026-08-22T03:36:03,115.04,50.28
2026-08-22T03:36:04,114.35,49.6
2026-08-22T03:36:05,115.06,50.3
2026-08-22T03:36:06,114.64,49.89
2026-08-22T03:36:07,114.62,49.86
2026-08-22T03:36:08,114.71,49.95
2026-08-22T03:36:09,114.93,50.18
2026-08-22T03:36:10,115.8,51.03
2026-08-22T03:36:11,115.68,50.91
2026-08-22T03:36:12,115.82,51.05
2026-08-22T03:36:13,115.25,50.49
2026-08-22T03:36:14,117.34,52.55
2026-08-22T03:36:15,121.72,56.87
2026-08-22T03:36:16,124.86,59.96
2026-08-22T03:36:17,121.81,56.96
2026-08-22T03:36:18,119.8,54.98
2026-08-22T03:36:19,116.19,51.42
2026-08-22T03:36:20,115.06,50.3
2026-08-22T03:36:21,114.67,49.92
2026-08-22T03:36:22,114.68,49.93
2026-08-22T03:36:23,114.22,49.47
2026-08-22T03:36:24,115.54,50.77
2026-08-22T03:36:25,114.96,50.2
2026-08-22T03:36:26,115.31,50.55
2026-08-22T03:36:27,114.52,49.77
2026-08-22T03:36:28,114.36,49.61
2026-08-22T03:36:29,114.3,49.55
2026-08-22T03:36:30,114.23,49.49
2026-08-22T03:36:31,114.24,49.49
2026-08-22T03:36:32,114.94,50.19
2026-08-22T03:36:33,114.88,50.12
2026-08-22T03:36:34,114.8,50.04
2026-08-22T03:36:35,113.87,49.13
2026-08-22T03:36:36,114.42,49.67
2026-08-22T03:36:37,113.93,49.19
2026-08-22T03:36:38,114.46,49.71
2026-08-22T03:36:39,114.62,49.87
2026-08-22T03:36:40,114.75,50.0
2026-08-22T03:36:41,114.22,49.47
2026-08-22T03:36:42,114.12,49.37
2026-08-22T03:36:43,114.79,50.04
2026-08-22T03:36:44,114.65,49.89
2026-08-22T03:36:45,113.96,49.22
2026-08-22T03:36:46,113.86,49.12
2026-08-22T03:36:47,114.1,49.36
2026-08-22T03:36:48,114.18,49.43
2026-08-22T03:36:49,114.0,49.25
2026-08-22T03:36:50,113.87,49.13
2026-08-22T03:36:51,114.3,49.56
2026-08-22T03:36:52,114.39,49.64
2026-08-22T03:36:53,113.75,49.01
2026-08-22T03:36:54,114.08,49.33
2026-08-22T03:36:55,114.5,49.75
2026-08-22T03:36:56,114.0,49.26
2026-08-22T03:36:57,114.59,49.84
2026-08-22T03:36:58,113.82,49.08
2026-08-22T03:36:59,114.3,49.55
2026-08-22T03:37:00,114.76,50.0
2026-08-22T03:37:01,114.16,49.42
2026-08-22T03:37:02,115.61,50.84
2026-08-22T03:37:03,117.68,52.88
2026-08-22T03:37:04,124.09,59.2
2026-08-22T03:37:05,125.17,60.27
2026-08-22T03:37:06,114.4,49.65
2026-08-22T03:37:07,114.52,49.76
2026-08-22T03:37:08,114.83,50.07
2026-08-22T03:37:09,114.88,50.12
2026-08-22T03:37:10,115.13,50.37
2026-08-22T03:37:11,115.16,50.4
2026-08-22T03:37:12,114.88,50.13
2026-08-22T03:37:13,114.34,49.59
2026-08-22T03:37:14,114.4,49.65
2026-08-22T03:37:15,114.7,49.94
2026-08-22T03:37:16,114.26,49.51
2026-08-22T03:37:17,114.65,49.9
2026-08-22T03:37:18,114.23,49.48
2026-08-22T03:37:19,114.75,50.0
2026-08-22T03:37:20,113.85,49.11
2026-08-22T03:37:21,114.91,50.15
2026-08-22T03:37:22,114.41,49.67
2026-08-22T03:37:23,113.67,48.93
2026-08-22T03:37:24,113.76,49.02
2026-08-22T03:37:25,114.87,50.11
2026-08-22T03:37:26,113.8,49.06
2026-08-22T03:37:27,114.12,49.38
2026-08-22T03:37:28,114.63,49.88
2026-08-22T03:37:29,123.21,58.34
2026-08-22T03:37:30,122.78,57.91
2026-08-22T03:37:31,123.72,58.83
2026-08-22T03:37:32,123.18,58.31
2026-08-22T03:37:33,129.41,64.45
2026-08-22T03:37:34,123.63,58.75
2026-08-22T03:37:35,125.26,60.36
2026-08-22T03:37:36,116.17,51.39
2026-08-22T03:37:37,114.27,49.52
2026-08-22T03:37:38,114.88,50.12
2026-08-22T03:37:39,114.91,50.16
2026-08-22T03:37:40,114.17,49.42
2026-08-22T03:37:41,114.27,49.52
2026-08-22T03:37:42,114.35,49.6
2026-08-22T03:37:43,114.82,50.07
2026-08-22T03:37:44,114.82,50.07
2026-08-22T03:37:45,114.07,49.33
2026-08-22T03:37:46,113.64,48.9
2026-08-22T03:37:47,114.61,49.86
2026-08-22T03:37:48,114.2,49.45
2026-08-22T03:37:49,113.5,48.77
2026-08-22T03:37:50,114.25,49.5
2026-08-22T03:37:51,114.23,49.49
2026-08-22T03:37:52,115.26,50.5
2026-08-22T03:37:53,114.13,49.39
2026-08-22T03:37:54,114.58,49.83
2026-08-22T03:37:55,114.42,49.67
2026-08-22T03:37:56,114.49,49.74
2026-08-22T03:37:57,114.0,49.26
2026-08-22T03:37:58,114.49,49.74
2026-08-22T03:37:59,114.97,50.21
2026-08-22T03:38:00,114.99,50.23
2026-08-22T03:38:01,114.92,50.16
2026-08-22T03:38:02,114.75,49.99
2026-08-22T03:38:03,114.89,50.13
2026-08-22T03:38:04,114.94,50.18
2026-08-22T03:38:05,114.94,50.19
2026-08-22T03:38:06,114.99,50.24
2026-08-22T03:38:07,115.21,50.44
2026-08-22T03:38:08,114.45,49.7
2026-08-22T03:38:09,115.94,51.17
2026-08-22T03:38:10,116.01,51.24
2026-08-22T03:38:11,119.03,54.21
2026-08-22T03:38:12,123.41,58.53
2026-08-22T03:38:13,124.69,59.8
2026-08-22T03:38:14,118.39,53.59
2026-08-22T03:38:15,117.06,52.28
2026-08-22T03:38:16,121.55,56.7
2026-08-22T03:38:17,129.72,64.75
2026-08-22T03:38:18,126.9,61.98
2026-08-22T03:38:19,128.97,64.02
2026-08-22T03:38:20,128.62,63.67
2026-08-22T03:38:21,125.75,60.84
2026-08-22T03:38:22,120.17,55.34
2026-08-22T03:38:23,128.4,63.45
2026-08-22T03:38:24,123.66,58.78
2026-08-22T03:38:25,127.32,62.39
2026-08-22T03:38:26,120.32,55.49
2026-08-22T03:38:27,119.96,55.13
2026-08-22T03:38:28,119.13,54.31
2026-08-22T03:38:29,116.81,52.02
2026-08-22T03:38:30,115.74,50.97
2026-08-22T03:38:31,114.62,49.87
2026-08-22T03:38:32,115.13,50.37
2026-08-22T03:38:33,114.7,49.94
2026-08-22T03:38:34,114.58,49.83
2026-08-22T03:38:35,114.32,49.57
2026-08-22T03:38:36,113.39,48.66
2026-08-22T03:38:37,114.04,49.29
2026-08-22T03:38:38,114.81,50.05
2026-08-22T03:38:39,114.31,49.57
2026-08-22T03:38:40,114.03,49.29
2026-08-22T03:38:41,113.93,49.19
2026-08-22T03:38:42,114.21,49.46
2026-08-22T03:38:43,114.57,49.82
2026-08-22T03:38:44,114.45,49.7
2026-08-22T03:38:45,114.46,49.71
2026-08-22T03:38:46,114.79,50.03
2026-08-22T03:38:47,114.33,49.58
2026-08-22T03:38:48,114.49,49.74
2026-08-22T03:38:49,114.67,49.92
2026-08-22T03:38:50,114.59,49.84
2026-08-22T03:38:51,124.88,59.98
2026-08-22T03:38:52,125.51,60.6
2026-08-22T03:38:53,122.37,57.51
2026-08-22T03:38:54,117.87,53.07
2026-08-22T03:38:55,120.91,56.07
2026-08-22T03:38:56,116.08,51.3
2026-08-22T03:38:57,115.54,50.77
2026-08-22T03:38:58,118.11,53.31
2026-08-22T03:38:59,115.64,50.87
2026-08-22T03:39:00,114.45,49.7
2026-08-22T03:39:01,114.28,49.53
2026-08-22T03:39:02,114.21,49.46
2026-08-22T03:39:03,114.52,49.77
2026-08-22T03:39:04,114.07,49.33
2026-08-22T03:39:05,113.92,49.18
2026-08-22T03:39:06,114.76,50.01
2026-08-22T03:39:07,114.66,49.9
2026-08-22T03:39:08,114.86,50.1
2026-08-22T03:39:09,114.13,49.38
2026-08-22T03:39:10,114.79,50.03
2026-08-22T03:39:11,114.09,49.35
2026-08-22T03:39:12,114.6,49.84
2026-08-22T03:39:13,114.46,49.71
2026-08-22T03:39:14,122.36,57.5
2026-08-22T03:39:15,115.91,51.14
2026-08-22T03:39:16,114.43,49.68
2026-08-22T03:39:17,115.05,50.29
2026-08-22T03:39:18,114.87,50.11
2026-08-22T03:39:19,114.46,49.71
2026-08-22T03:39:20,115.04,50.28
2026-08-22T03:39:21,116.2,51.42
2026-08-22T03:39:22,114.73,49.98
2026-08-22T03:39:23,114.52,49.77
2026-08-22T03:39:24,115.03,50.27
2026-08-22T03:39:25,115.02,50.26
2026-08-22T03:39:26,114.62,49.87
2026-08-22T03:39:27,114.93,50.17
2026-08-22T03:39:28,114.34,49.59
2026-08-22T03:39:29,114.66,49.9
2026-08-22T03:39:30,114.95,50.19
2026-08-22T03:39:31,114.9,50.14
2026-08-22T03:39:32,114.32,49.58
2026-08-22T03:39:33,114.51,49.76
2026-08-22T03:39:34,114.59,49.84
2026-08-22T03:39:35,114.54,49.79
2026-08-22T03:39:36,114.37,49.62
2026-08-22T03:39:37,114.67,49.92
2026-08-22T03:39:38,114.51,49.76
2026-08-22T03:39:39,115.12,50.36
2026-08-22T03:39:40,117.54,52.75
2026-08-22T03:39:41,117.13,52.34
2026-08-22T03:39:42,114.54,49.79
2026-08-22T03:39:43,114.66,49.91
2026-08-22T03:39:44,116.68,51.89
2026-08-22T03:39:45,121.53,56.68
2026-08-22T03:39:46,122.57,57.71
2026-08-22T03:39:47,123.19,58.31
2026-08-22T03:39:48,120.73,55.89
2026-08-22T03:39:49,114.46,49.71
2026-08-22T03:39:50,115.34,50.58
2026-08-22T03:39:51,115.2,50.44
2026-08-22T03:39:52,115.12,50.36
2026-08-22T03:39:53,114.96,50.2
2026-08-22T03:39:54,114.72,49.96
2026-08-22T03:39:55,115.17,50.41
2026-08-22T03:39:56,114.78,50.02
2026-08-22T03:39:57,114.41,49.66
2026-08-22T03:39:58,115.06,50.3
2026-08-22T03:39:59,114.83,50.08
2026-08-22T03:40:00,121.59,56.74
2026-08-22T03:40:01,132.95,67.94
2026-08-22T03:40:02,126.32,61.41
2026-08-22T03:40:03,127.13,62.2
2026-08-22T03:40:04,115.54,50.77
2026-08-22T03:40:05,119.65,54.83
2026-08-22T03:40:06,115.25,50.49
2026-08-22T03:40:07,116.19,51.41
2026-08-22T03:40:08,115.52,50.75
2026-08-22T03:40:09,116.56,51.78
2026-08-22T03:40:10,123.22,58.34
2026-08-22T03:40:11,122.8,57.93
2026-08-22T03:40:12,115.06,50.3
2026-08-22T03:40:13,114.73,49.98
2026-08-22T03:40:14,114.86,50.1
2026-08-22T03:40:15,128.9,63.95
2026-08-22T03:40:16,121.77,56.91
2026-08-22T03:40:17,133.3,68.28
2026-08-22T03:40:18,130.12,65.15
2026-08-22T03:40:19,125.39,60.49
2026-08-22T03:40:20,121.17,56.33
2026-08-22T03:40:21,115.6,50.83
2026-08-22T03:40:22,114.79,50.04
2026-08-22T03:40:23,115.16,50.4
2026-08-22T03:40:24,114.79,50.03
2026-08-22T03:40:25,114.37,49.62
2026-08-22T03:40:26,114.91,50.15
2026-08-22T03:40:27,117.4,52.61
2026-08-22T03:40:28,128.57,63.62
2026-08-22T03:40:29,114.67,49.91
2026-08-22T03:40:30,114.17,49.43
2026-08-22T03:40:31,114.61,49.86
2026-08-22T03:40:32,114.57,49.81
2026-08-22T03:40:33,116.59,51.81
2026-08-22T03:40:34,114.48,49.73
2026-08-22T03:40:35,115.01,50.25
2026-08-22T03:40:36,114.86,50.11
2026-08-22T03:40:37,114.73,49.98
2026-08-22T03:40:38,114.85,50.1
2026-08-22T03:40:39,114.67,49.91
2026-08-22T03:40:40,114.62,49.86
2026-08-22T03:40:41,114.85,50.1
2026-08-22T03:40:42,114.74,49.98
2026-08-22T03:40:43,115.18,50.42
2026-08-22T03:40:44,114.94,50.18
2026-08-22T03:40:45,114.86,50.11
2026-08-22T03:40:46,115.3,50.54
2026-08-22T03:40:47,114.67,49.91
2026-08-22T03:40:48,114.71,49.95
2026-08-22T03:40:49,115.08,50.32
2026-08-22T03:40:50,116.14,51.36
2026-08-22T03:40:51,120.68,55.84
2026-08-22T03:40:52,125.97,61.05
2026-08-22T03:40:53,121.51,56.66
2026-08-22T03:40:54,116.98,52.19
2026-08-22T03:40:55,120.56,55.72
2026-08-22T03:40:56,123.37,58.49
2026-08-22T03:40:57,116.53,51.75
2026-08-22T03:40:58,114.71,49.95
2026-08-22T03:40:59,114.02,49.28
2026-08-22T03:41:00,115.31,50.55
2026-08-22T03:41:01,114.72,49.97
2026-08-22T03:41:02,114.86,50.1
2026-08-22T03:41:03,114.81,50.05
2026-08-22T03:41:04,114.75,49.99
2026-08-22T03:41:05,115.05,50.3
2026-08-22T03:41:06,115.42,50.66
2026-08-22T03:41:07,114.9,50.14
2026-08-22T03:41:08,114.48,49.73
2026-08-22T03:41:09,114.75,49.99
2026-08-22T03:41:10,114.75,49.99
2026-08-22T03:41:11,115.26,50.49
2026-08-22T03:41:12,115.08,50.32
2026-08-22T03:41:13,114.82,50.06
2026-08-22T03:41:14,114.69,49.94
2026-08-22T03:41:15,114.8,50.04
2026-08-22T03:41:16,114.57,49.82
2026-08-22T03:41:17,114.76,50.0
2026-08-22T03:41:18,115.13,50.37
2026-08-22T03:41:19,114.19,49.44
2026-08-22T03:41:20,114.98,50.22
2026-08-22T03:41:21,114.95,50.19
2026-08-22T03:41:22,114.98,50.22
2026-08-22T03:41:23,114.74,49.99
2026-08-22T03:41:24,114.67,49.92
2026-08-22T03:41:25,114.47,49.72
2026-08-22T03:41:26,114.48,49.73
2026-08-22T03:41:27,114.72,49.96
2026-08-22T03:41:28,114.44,49.69
2026-08-22T03:41:29,114.68,49.92
2026-08-22T03:41:30,114.29,49.54
2026-08-22T03:41:31,114.15,49.41
2026-08-22T03:41:32,127.06,62.13
2026-08-22T03:41:33,124.32,59.43
2026-08-22T03:41:34,119.83,55.0
2026-08-22T03:41:35,119.91,55.08
2026-08-22T03:41:36,120.2,55.37
2026-08-22T03:41:37,118.18,53.37
2026-08-22T03:41:38,115.04,50.28
2026-08-22T03:41:39,115.33,50.57
2026-08-22T03:41:40,114.6,49.85
2026-08-22T03:41:41,114.3,49.56
2026-08-22T03:41:42,114.99,50.23
2026-08-22T03:41:43,114.33,49.58
2026-08-22T03:41:44,114.02,49.28
2026-08-22T03:41:45,114.58,49.82
2026-08-22T03:41:46,114.92,50.16
2026-08-22T03:41:47,115.33,50.57
2026-08-22T03:41:48,114.55,49.8
2026-08-22T03:41:49,114.25,49.5
2026-08-22T03:41:50,114.32,49.57
2026-08-22T03:41:51,114.41,49.66
2026-08-22T03:41:52,114.27,49.52
2026-08-22T03:41:53,114.48,49.73
2026-08-22T03:41:54,114.59,49.84
2026-08-22T03:41:55,114.41,49.66
2026-08-22T03:41:56,114.07,49.33
2026-08-22T03:41:57,114.41,49.66
2026-08-22T03:41:58,113.99,49.25
2026-08-22T03:41:59,115.78,51.01
2026-08-22T03:42:00,114.49,49.74
2026-08-22T03:42:01,114.34,49.59
2026-08-22T03:42:02,114.33,49.58
2026-08-22T03:42:03,114.17,49.42
2026-08-22T03:42:04,114.03,49.29
2026-08-22T03:42:05,113.84,49.1
2026-08-22T03:42:06,114.69,49.94
2026-08-22T03:42:07,115.07,50.31
2026-08-22T03:42:08,114.72,49.96
2026-08-22T03:42:09,114.82,50.07
2026-08-22T03:42:10,114.35,49.61
2026-08-22T03:42:11,114.28,49.53
2026-08-22T03:42:12,114.65,49.9
2026-08-22T03:42:13,114.58,49.82
2026-08-22T03:42:14,114.37,49.62
2026-08-22T03:42:15,114.12,49.37
2026-08-22T03:42:16,114.03,49.28
2026-08-22T03:42:17,114.21,49.47
2026-08-22T03:42:18,114.89,50.13
2026-08-22T03:42:19,114.36,49.62
2026-08-22T03:42:20,114.07,49.32
2026-08-22T03:42:21,114.9,50.14
2026-08-22T03:42:22,115.53,50.76
2026-08-22T03:42:23,115.39,50.63
2026-08-22T03:42:24,115.24,50.48
2026-08-22T03:42:25,114.05,49.31
2026-08-22T03:42:26,114.92,50.16
2026-08-22T03:42:27,113.63,48.9
2026-08-22T03:42:28,114.35,49.6
2026-08-22T03:42:29,114.31,49.56
2026-08-22T03:42:30,114.45,49.7
2026-08-22T03:42:31,115.83,51.06
2026-08-22T03:42:32,115.44,50.68
2026-08-22T03:42:33,118.1,53.3
2026-08-22T03:42:34,115.72,50.96
2026-08-22T03:42:35,114.36,49.61
2026-08-22T03:42:36,115.72,50.95
2026-08-22T03:42:37,114.68,49.92
2026-08-22T03:42:38,114.21,49.46
2026-08-22T03:42:39,114.1,49.36
2026-08-22T03:42:40,114.17,49.42
2026-08-22T03:42:41,114.77,50.01
2026-08-22T03:42:42,116.0,51.23
2026-08-22T03:42:43,115.3,50.54
2026-08-22T03:42:44,115.45,50.69
2026-08-22T03:42:45,114.99,50.23
2026-08-22T03:42:46,114.47,49.72
2026-08-22T03:42:47,114.34,49.59
2026-08-22T03:42:48,114.97,50.21
2026-08-22T03:42:49,119.46,54.64
2026-08-22T03:42:50,118.9,54.09
2026-08-22T03:42:51,127.14,62.21
2026-08-22T03:42:52,134.7,69.67
2026-08-22T03:42:53,133.94,68.92
2026-08-22T03:42:54,135.01,69.97
2026-08-22T03:42:55,129.39,64.42
2026-08-22T03:42:56,134.79,69.75
2026-08-22T03:42:57,125.63,60.73
2026-08-22T03:42:58,131.14,66.15
2026-08-22T03:42:59,128.23,63.28
2026-08-22T03:43:00,125.86,60.95
2026-08-22T03:43:01,116.92,52.13
2026-08-22T03:43:02,116.84,52.06
2026-08-22T03:43:03,116.23,51.45
2026-08-22T03:43:04,114.85,50.1
2026-08-22T03:43:05,115.09,50.34
2026-08-22T03:43:06,114.74,49.98
2026-08-22T03:43:07,114.12,49.38
2026-08-22T03:43:08,114.18,49.43
2026-08-22T03:43:09,113.9,49.16
2026-08-22T03:43:10,113.99,49.25
2026-08-22T03:43:11,113.87,49.13
2026-08-22T03:43:12,114.18,49.43
2026-08-22T03:43:13,114.54,49.79
2026-08-22T03:43:14,114.62,49.87
2026-08-22T03:43:15,114.18,49.43
2026-08-22T03:43:16,113.74,49.0
2026-08-22T03:43:17,114.57,49.82
2026-08-22T03:43:18,114.22,49.47
2026-08-22T03:43:19,114.55,49.8
2026-08-22T03:43:20,114.67,49.92
2026-08-22T03:43:21,114.11,49.36
2026-08-22T03:43:22,113.63,48.89
2026-08-22T03:43:23,113.95,49.21
2026-08-22T03:43:24,114.38,49.63
2026-08-22T03:43:25,113.83,49.09
2026-08-22T03:43:26,113.97,49.23
2026-08-22T03:43:27,114.13,49.39
2026-08-22T03:43:28,114.42,49.67
2026-08-22T03:43:29,116.19,51.42
2026-08-22T03:43:30,116.02,51.25
2026-08-22T03:43:31,115.8,51.03
2026-08-22T03:43:32,115.17,50.41
2026-08-22T03:43:33,113.98,49.24
2026-08-22T03:43:34,113.39,48.65
2026-08-22T03:43:35,113.95,49.21
2026-08-22T03:43:36,114.64,49.88
2026-08-22T03:43:37,114.48,49.73
2026-08-22T03:43:38,114.63,49.88
2026-08-22T03:43:39,114.12,49.37
2026-08-22T03:43:40,113.66,48.92
2026-08-22T03:43:41,114.44,49.69
2026-08-22T03:43:42,113.93,49.19
2026-08-22T03:43:43,114.08,49.33
2026-08-22T03:43:44,113.27,48.54
2026-08-22T03:43:45,114.33,49.59
2026-08-22T03:43:46,114.49,49.73
2026-08-22T03:43:47,113.99,49.25
2026-08-22T03:43:48,114.51,49.76
2026-08-22T03:43:49,114.03,49.28
2026-08-22T03:43:50,114.07,49.32
2026-08-22T03:43:51,113.85,49.11
2026-08-22T03:43:52,114.09,49.35
2026-08-22T03:43:53,114.2,49.45
2026-08-22T03:43:54,114.08,49.34
2026-08-22T03:43:55,114.46,49.71
2026-08-22T03:43:56,115.49,50.72
2026-08-22T03:43:57,118.75,53.93
2026-08-22T03:43:58,117.88,53.09
2026-08-22T03:43:59,118.32,53.52
2026-08-22T03:44:00,118.54,53.73
2026-08-22T03:44:01,116.43,51.65
2026-08-22T03:44:02,114.42,49.67
2026-08-22T03:44:03,114.63,49.88
2026-08-22T03:44:04,114.32,49.58
2026-08-22T03:44:05,114.62,49.87
2026-08-22T03:44:06,114.16,49.41
2026-08-22T03:44:07,114.88,50.12
2026-08-22T03:44:08,114.56,49.8
2026-08-22T03:44:09,114.66,49.9
2026-08-22T03:44:10,113.61,48.87
2026-08-22T03:44:11,114.21,49.47
2026-08-22T03:44:12,114.3,49.56
2026-08-22T03:44:13,114.19,49.44
2026-08-22T03:44:14,115.04,50.28
2026-08-22T03:44:15,114.29,49.54
2026-08-22T03:44:16,115.46,50.7
2026-08-22T03:44:17,114.83,50.07
2026-08-22T03:44:18,114.54,49.78
2026-08-22T03:44:19,114.8,50.04
2026-08-22T03:44:20,114.57,49.81
2026-08-22T03:44:21,114.7,49.95
2026-08-22T03:44:22,115.32,50.55
2026-08-22T03:44:23,114.56,49.81
2026-08-22T03:44:24,114.61,49.86
2026-08-22T03:44:25,114.58,49.83
2026-08-22T03:44:26,114.59,49.84
2026-08-22T03:44:27,114.51,49.76
2026-08-22T03:44:28,114.6,49.85
2026-08-22T03:44:29,114.2,49.46
2026-08-22T03:44:30,115.27,50.51
2026-08-22T03:44:31,115.81,51.04
2026-08-22T03:44:32,117.08,52.3
2026-08-22T03:44:33,122.39,57.52
2026-08-22T03:44:34,119.41,54.59
2026-08-22T03:44:35,114.53,49.78
2026-08-22T03:44:36,114.42,49.67
2026-08-22T03:44:37,115.35,50.59
2026-08-22T03:44:38,114.48,49.73
2026-08-22T03:44:39,114.3,49.56
2026-08-22T03:44:40,114.71,49.95
2026-08-22T03:44:41,113.94,49.2
2026-08-22T03:44:42,114.09,49.35
2026-08-22T03:44:43,114.26,49.51
2026-08-22T03:44:44,114.2,49.45
2026-08-22T03:44:45,114.86,50.1
2026-08-22T03:44:46,114.18,49.44
2026-08-22T03:44:47,114.02,49.28
2026-08-22T03:44:48,114.3,49.55
2026-08-22T03:44:49,114.23,49.49
2026-08-22T03:44:50,113.95,49.21
2026-08-22T03:44:51,114.18,49.44
2026-08-22T03:44:52,113.94,49.2
2026-08-22T03:44:53,114.12,49.38
2026-08-22T03:44:54,114.09,49.35
2026-08-22T03:44:55,114.14,49.39
2026-08-22T03:44:56,114.02,49.28
2026-08-22T03:44:57,114.59,49.84
2026-08-22T03:44:58,114.2,49.45
2026-08-22T03:44:59,113.95,49.21
2026-08-22T03:45:00,114.36,49.61
2026-08-22T03:45:01,114.02,49.28
2026-08-22T03:45:02,113.98,49.23
2026-08-22T03:45:03,113.91,49.17
2026-08-22T03:45:04,114.03,49.29
2026-08-22T03:45:05,113.5,48.77
2026-08-22T03:45:06,113.98,49.24
2026-08-22T03:45:07,114.56,49.8
2026-08-22T03:45:08,114.05,49.3
2026-08-22T03:45:09,115.75,50.98
2026-08-22T03:45:10,114.27,49.52
2026-08-22T03:45:11,113.9,49.16
2026-08-22T03:45:12,113.89,49.15
2026-08-22T03:45:13,114.47,49.72
2026-08-22T03:45:14,114.01,49.27
2026-08-22T03:45:15,113.87,49.13
2026-08-22T03:45:16,113.61,48.87
2026-08-22T03:45:17,114.49,49.74
2026-08-22T03:45:18,114.39,49.64
2026-08-22T03:45:19,114.41,49.66
2026-08-22T03:45:20,114.28,49.53
2026-08-22T03:45:21,114.02,49.28
2026-08-22T03:45:22,113.71,48.97
2026-08-22T03:45:23,113.86,49.12
2026-08-22T03:45:24,113.88,49.14
2026-08-22T03:45:25,113.77,49.03
2026-08-22T03:45:26,113.98,49.24
2026-08-22T03:45:27,114.35,49.6
2026-08-22T03:45:28,113.92,49.18
2026-08-22T03:45:29,114.08,49.33
2026-08-22T03:45:30,113.35,48.61
2026-08-22T03:45:31,114.3,49.55
2026-08-22T03:45:32,114.07,49.33
2026-08-22T03:45:33,114.01,49.27
2026-08-22T03:45:34,113.96,49.22
2026-08-22T03:45:35,114.11,49.36
2026-08-22T03:45:36,113.95,49.21
2026-08-22T03:45:37,113.85,49.1
2026-08-22T03:45:38,114.15,49.41
2026-08-22T03:45:39,114.21,49.46
2026-08-22T03:45:40,113.92,49.18
2026-08-22T03:45:41,114.13,49.39
2026-08-22T03:45:42,125.23,60.33
2026-08-22T03:45:43,126.19,61.28
2026-08-22T03:45:44,114.21,49.46
2026-08-22T03:45:45,114.26,49.52
2026-08-22T03:45:46,113.88,49.14
2026-08-22T03:45:47,114.43,49.68
2026-08-22T03:45:48,113.9,49.16
2026-08-22T03:45:49,113.88,49.13
2026-08-22T03:45:50,113.64,48.9
2026-08-22T03:45:51,114.44,49.69
2026-08-22T03:45:52,114.33,49.58
2026-08-22T03:45:53,113.81,49.07
2026-08-22T03:45:54,114.08,49.33
2026-08-22T03:45:55,113.92,49.18
2026-08-22T03:45:56,114.23,49.49
2026-08-22T03:45:57,114.56,49.8
2026-08-22T03:45:58,113.73,48.99
2026-08-22T03:45:59,113.88,49.14
2026-08-22T03:46:00,114.25,49.51
2026-08-22T03:46:01,113.97,49.23
2026-08-22T03:46:02,113.89,49.14
2026-08-22T03:46:03,114.1,49.36
2026-08-22T03:46:04,114.27,49.52
2026-08-22T03:46:05,113.96,49.22
2026-08-22T03:46:06,113.66,48.92
2026-08-22T03:46:07,113.4,48.67
2026-08-22T03:46:08,113.98,49.24
2026-08-22T03:46:09,113.89,49.15
2026-08-22T03:46:10,113.65,48.91
2026-08-22T03:46:11,113.7,48.96
2026-08-22T03:46:12,113.78,49.04
2026-08-22T03:46:13,113.89,49.15
2026-08-22T03:46:14,114.14,49.39
2026-08-22T03:46:15,114.17,49.43
2026-08-22T03:46:16,114.13,49.39
2026-08-22T03:46:17,114.21,49.46
2026-08-22T03:46:18,114.33,49.58
2026-08-22T03:46:19,114.19,49.45
2026-08-22T03:46:20,114.28,49.53
2026-08-22T03:46:21,114.17,49.43
2026-08-22T03:46:22,115.0,50.24
2026-08-22T03:46:23,116.81,52.02
2026-08-22T03:46:24,117.53,52.74
2026-08-22T03:46:25,119.38,54.56
2026-08-22T03:46:26,123.08,58.21
2026-08-22T03:46:27,125.8,60.89
2026-08-22T03:46:28,128.45,63.5
2026-08-22T03:46:29,130.63,65.65
2026-08-22T03:46:30,130.4,65.42
2026-08-22T03:46:31,123.76,58.87
2026-08-22T03:46:32,120.02,55.19
2026-08-22T03:46:33,117.03,52.24
2026-08-22T03:46:34,116.15,51.37
2026-08-22T03:46:35,114.59,49.84
2026-08-22T03:46:36,118.35,53.54
2026-08-22T03:46:37,116.66,51.87
2026-08-22T03:46:38,114.63,49.88
2026-08-22T03:46:39,115.86,51.09
2026-08-22T03:46:40,115.53,50.77
2026-08-22T03:46:41,114.14,49.4
2026-08-22T03:46:42,113.94,49.2
2026-08-22T03:46:43,113.94,49.19
2026-08-22T03:46:44,114.08,49.34
2026-08-22T03:46:45,114.2,49.45
2026-08-22T03:46:46,114.03,49.28
2026-08-22T03:46:47,114.07,49.32
2026-08-22T03:46:48,114.03,49.28
2026-08-22T03:46:49,113.81,49.07
2026-08-22T03:46:50,113.7,48.96
2026-08-22T03:46:51,114.04,49.3
2026-08-22T03:46:52,113.56,48.82
2026-08-22T03:46:53,113.99,49.25
2026-08-22T03:46:54,117.7,52.91
2026-08-22T03:46:55,115.32,50.56
2026-08-22T03:46:56,120.81,55.97
2026-08-22T03:46:57,123.37,58.49
2026-08-22T03:46:58,128.76,63.81
2026-08-22T03:46:59,126.89,61.96
2026-08-22T03:47:00,121.27,56.42
2026-08-22T03:47:01,129.77,64.8
2026-08-22T03:47:02,129.69,64.72
2026-08-22T03:47:03,124.5,59.61
2026-08-22T03:47:04,114.42,49.67
2026-08-22T03:47:05,114.43,49.68
2026-08-22T03:47:06,115.89,51.12
2026-08-22T03:47:07,123.7,58.82
2026-08-22T03:47:08,114.93,50.18
2026-08-22T03:47:09,114.33,49.59
2026-08-22T03:47:10,113.56,48.82
2026-08-22T03:47:11,113.87,49.13
2026-08-22T03:47:12,113.64,48.9
2026-08-22T03:47:13,115.3,50.53
2026-08-22T03:47:14,115.12,50.36
2026-08-22T03:47:15,113.97,49.23
2026-08-22T03:47:16,115.21,50.45
2026-08-22T03:47:17,114.02,49.28
2026-08-22T03:47:18,114.18,49.43
2026-08-22T03:47:19,113.86,49.12
2026-08-22T03:47:20,114.0,49.26
2026-08-22T03:47:21,114.42,49.67
2026-08-22T03:47:22,113.82,49.08
2026-08-22T03:47:23,113.97,49.23
2026-08-22T03:47:24,114.52,49.77
2026-08-22T03:47:25,113.93,49.18
2026-08-22T03:47:26,114.18,49.43
2026-08-22T03:47:27,114.03,49.29
2026-08-22T03:47:28,113.64,48.9
2026-08-22T03:47:29,114.03,49.28
2026-08-22T03:47:30,113.9,49.16
2026-08-22T03:47:31,113.7,48.97
2026-08-22T03:47:32,114.1,49.36
2026-08-22T03:47:33,114.66,49.91
2026-08-22T03:47:34,114.29,49.54
2026-08-22T03:47:35,113.49,48.76
2026-08-22T03:47:36,114.34,49.59
2026-08-22T03:47:37,113.9,49.16
2026-08-22T03:47:38,114.38,49.64
2026-08-22T03:47:39,114.35,49.61
2026-08-22T03:47:40,113.96,49.21
2026-08-22T03:47:41,113.96,49.22
2026-08-22T03:47:42,114.62,49.87
2026-08-22T03:47:43,113.86,49.12
2026-08-22T03:47:44,113.76,49.02
2026-08-22T03:47:45,113.71,48.97
2026-08-22T03:47:46,113.6,48.86
2026-08-22T03:47:47,114.28,49.53
2026-08-22T03:47:48,114.2,49.46
2026-08-22T03:47:49,113.62,48.88
2026-08-22T03:47:50,114.07,49.33
2026-08-22T03:47:51,114.88,50.12
2026-08-22T03:47:52,113.83,49.09
2026-08-22T03:47:53,113.83,49.09
2026-08-22T03:47:54,114.19,49.44
2026-08-22T03:47:55,113.92,49.18
2026-08-22T03:47:56,114.41,49.66
2026-08-22T03:47:57,114.22,49.47
2026-08-22T03:47:58,114.09,49.34
2026-08-22T03:47:59,114.25,49.51
2026-08-22T03:48:00,114.0,49.26
2026-08-22T03:48:01,113.74,49.0
2026-08-22T03:48:02,114.23,49.48
2026-08-22T03:48:03,114.02,49.27
2026-08-22T03:48:04,114.2,49.45
2026-08-22T03:48:05,114.3,49.55
2026-08-22T03:48:06,114.59,49.84
2026-08-22T03:48:07,114.74,49.99
2026-08-22T03:48:08,113.73,48.99
2026-08-22T03:48:09,114.15,49.41
2026-08-22T03:48:10,113.68,48.94
2026-08-22T03:48:11,114.17,49.42
2026-08-22T03:48:12,114.28,49.54
2026-08-22T03:48:13,114.08,49.33
2026-08-22T03:48:14,114.03,49.29
2026-08-22T03:48:15,114.26,49.51
2026-08-22T03:48:16,113.91,49.17
2026-08-22T03:48:17,114.57,49.82
2026-08-22T03:48:18,113.93,49.19
2026-08-22T03:48:19,114.23,49.48
2026-08-22T03:48:20,114.3,49.55
2026-08-22T03:48:21,114.43,49.68
2026-08-22T03:48:22,114.42,49.67
2026-08-22T03:48:23,114.71,49.95
2026-08-22T03:48:24,114.7,49.95
2026-08-22T03:48:25,114.3,49.55
2026-08-22T03:48:26,114.85,50.09
2026-08-22T03:48:27,114.0,49.26
2026-08-22T03:48:28,114.57,49.82
2026-08-22T03:48:29,114.59,49.83
2026-08-22T03:48:30,114.69,49.94
2026-08-22T03:48:31,114.88,50.12
2026-08-22T03:48:32,114.46,49.71
2026-08-22T03:48:33,114.36,49.61
2026-08-22T03:48:34,114.47,49.72
2026-08-22T03:48:35,114.53,49.78
2026-08-22T03:48:36,115.64,50.87
2026-08-22T03:48:37,117.29,52.5
2026-08-22T03:48:38,116.18,51.41
2026-08-22T03:48:39,115.1,50.34
2026-08-22T03:48:40,114.54,49.79
2026-08-22T03:48:41,114.17,49.42
2026-08-22T03:48:42,113.95,49.21
2026-08-22T03:48:43,114.77,50.02
2026-08-22T03:48:44,116.22,51.45
2026-08-22T03:48:45,113.94,49.2
2026-08-22T03:48:46,113.68,48.94
2026-08-22T03:48:47,114.04,49.29
2026-08-22T03:48:48,121.89,57.03
2026-08-22T03:48:49,119.86,55.03
2026-08-22T03:48:50,118.81,54.0
2026-08-22T03:48:51,115.53,50.77
2026-08-22T03:48:52,114.82,50.06
2026-08-22T03:48:53,114.68,49.92
2026-08-22T03:48:54,113.76,49.02
2026-08-22T03:48:55,115.34,50.58
2026-08-22T03:48:56,117.06,52.28
2026-08-22T03:48:57,118.24,53.44
2026-08-22T03:48:58,115.81,51.04
2026-08-22T03:48:59,114.81,50.06
2026-08-22T03:49:00,114.55,49.79
2026-08-22T03:49:01,113.97,49.22
2026-08-22T03:49:02,114.39,49.64
2026-08-22T03:49:03,113.83,49.08
2026-08-22T03:49:04,114.17,49.42
2026-08-22T03:49:05,114.45,49.7
2026-08-22T03:49:06,113.92,49.18
2026-08-22T03:49:07,114.32,49.57
2026-08-22T03:49:08,114.26,49.51
2026-08-22T03:49:09,114.05,49.3
2026-08-22T03:49:10,114.16,49.41
2026-08-22T03:49:11,114.24,49.49
2026-08-22T03:49:12,114.4,49.65
2026-08-22T03:49:13,114.49,49.74
2026-08-22T03:49:14,113.95,49.2
2026-08-22T03:49:15,114.24,49.49
2026-08-22T03:49:16,113.87,49.13
2026-08-22T03:49:17,114.21,49.46
2026-08-22T03:49:18,114.28,49.53
2026-08-22T03:49:19,114.07,49.32
2026-08-22T03:49:20,113.58,48.84
2026-08-22T03:49:21,113.87,49.13
2026-08-22T03:49:22,114.02,49.27
2026-08-22T03:49:23,113.87,49.13
2026-08-22T03:49:24,113.55,48.82
2026-08-22T03:49:25,113.98,49.23
2026-08-22T03:49:26,113.71,48.97
2026-08-22T03:49:27,113.62,48.88
2026-08-22T03:49:28,114.53,49.78
2026-08-22T03:49:29,114.41,49.66
2026-08-22T03:49:30,114.21,49.47
2026-08-22T03:49:31,114.18,49.43
2026-08-22T03:49:32,114.36,49.61
2026-08-22T03:49:33,114.4,49.65
2026-08-22T03:49:34,113.74,49.0
2026-08-22T03:49:35,113.81,49.06
2026-08-22T03:49:36,114.78,50.02
2026-08-22T03:49:37,114.4,49.65
2026-08-22T03:49:38,114.3,49.55
2026-08-22T03:49:39,114.27,49.53
2026-08-22T03:49:40,113.8,49.06
2026-08-22T03:49:41,113.89,49.15
2026-08-22T03:49:42,114.31,49.57
2026-08-22T03:49:43,113.6,48.86
2026-08-22T03:49:44,114.17,49.42
2026-08-22T03:49:45,114.01,49.26
2026-08-22T03:49:46,114.46,49.71
2026-08-22T03:49:47,113.56,48.82
2026-08-22T03:49:48,114.65,49.9
2026-08-22T03:49:49,114.21,49.46
2026-08-22T03:49:50,114.27,49.52
2026-08-22T03:49:51,114.08,49.33
2026-08-22T03:49:52,113.74,49.0
2026-08-22T03:49:53,114.45,49.7
2026-08-22T03:49:54,114.16,49.42
2026-08-22T03:49:55,114.08,49.34
2026-08-22T03:49:56,113.97,49.23
2026-08-22T03:49:57,113.81,49.07
2026-08-22T03:49:58,113.54,48.8
2026-08-22T03:49:59,114.31,49.56
2026-08-22T03:50:00,113.33,48.6
2026-08-22T03:50:01,113.99,49.25
2026-08-22T03:50:02,113.92,49.18
2026-08-22T03:50:03,113.52,48.78
2026-08-22T03:50:04,113.75,49.01
2026-08-22T03:50:05,114.35,49.6
2026-08-22T03:50:06,113.61,48.87
2026-08-22T03:50:07,114.07,49.32
2026-08-22T03:50:08,114.65,49.89
2026-08-22T03:50:09,116.43,51.65
2026-08-22T03:50:10,114.4,49.65
2026-08-22T03:50:11,114.0,49.26
2026-08-22T03:50:12,113.51,48.77
2026-08-22T03:50:13,113.93,49.19
2026-08-22T03:50:14,114.35,49.6
2026-08-22T03:50:15,113.84,49.1
2026-08-22T03:50:16,113.96,49.22
2026-08-22T03:50:17,113.7,48.96
2026-08-22T03:50:18,113.96,49.21
2026-08-22T03:50:19,113.69,48.95
2026-08-22T03:50:20,114.18,49.44
2026-08-22T03:50:21,113.92,49.17
2026-08-22T03:50:22,113.71,48.97
2026-08-22T03:50:23,114.36,49.61
2026-08-22T03:50:24,113.63,48.89
2026-08-22T03:50:25,113.89,49.14
2026-08-22T03:50:26,114.02,49.27
2026-08-22T03:50:27,114.11,49.37
2026-08-22T03:50:28,114.37,49.62
2026-08-22T03:50:29,113.8,49.06
2026-08-22T03:50:30,114.22,49.48
2026-08-22T03:50:31,114.44,49.69
2026-08-22T03:50:32,114.25,49.5
2026-08-22T03:50:33,114.34,49.59
2026-08-22T03:50:34,113.78,49.04
2026-08-22T03:50:35,114.24,49.5
2026-08-22T03:50:36,113.63,48.89
2026-08-22T03:50:37,114.07,49.32
2026-08-22T03:50:38,114.44,49.69
2026-08-22T03:50:39,115.07,50.32
2026-08-22T03:50:40,114.76,50.01
2026-08-22T03:50:41,113.43,48.69
2026-08-22T03:50:42,114.03,49.28
2026-08-22T03:50:43,114.37,49.62
2026-08-22T03:50:44,114.41,49.66
2026-08-22T03:50:45,114.41,49.66
2026-08-22T03:50:46,113.88,49.14
2026-08-22T03:50:47,113.92,49.18
2026-08-22T03:50:48,114.55,49.8
2026-08-22T03:50:49,114.14,49.4
2026-08-22T03:50:50,115.16,50.4
2026-08-22T03:50:51,114.88,50.12
2026-08-22T03:50:52,115.03,50.27
2026-08-22T03:50:53,114.8,50.04
2026-08-22T03:50:54,114.94,50.19
2026-08-22T03:50:55,115.38,50.62
2026-08-22T03:50:56,114.94,50.18
2026-08-22T03:50:57,114.95,50.19
2026-08-22T03:50:58,116.51,51.73
2026-08-22T03:50:59,115.18,50.42
2026-08-22T03:51:00,115.1,50.34
2026-08-22T03:51:01,115.0,50.24
2026-08-22T03:51:02,114.99,50.23
2026-08-22T03:51:03,114.7,49.94
2026-08-22T03:51:04,114.27,49.53
2026-08-22T03:51:05,114.58,49.83
2026-08-22T03:51:06,115.07,50.31
2026-08-22T03:51:07,114.84,50.08
2026-08-22T03:51:08,114.76,50.01
2026-08-22T03:51:09,114.35,49.6
2026-08-22T03:51:10,114.94,50.18
2026-08-22T03:51:11,114.57,49.82
2026-08-22T03:51:12,114.67,49.92
2026-08-22T03:51:13,114.75,50.0
2026-08-22T03:51:14,114.41,49.66
2026-08-22T03:51:15,114.36,49.61
2026-08-22T03:51:16,114.5,49.75
2026-08-22T03:51:17,113.87,49.13
2026-08-22T03:51:18,114.67,49.91
2026-08-22T03:51:19,114.18,49.43
2026-08-22T03:51:20,114.77,50.01
2026-08-22T03:51:21,114.35,49.6
2026-08-22T03:51:22,114.74,49.99
2026-08-22T03:51:23,114.47,49.72
2026-08-22T03:51:24,114.58,49.83
2026-08-22T03:51:25,114.41,49.66
2026-08-22T03:51:26,114.22,49.48
2026-08-22T03:51:27,114.22,49.48
2026-08-22T03:51:28,114.38,49.63
2026-08-22T03:51:29,114.04,49.29
2026-08-22T03:51:30,113.92,49.18
2026-08-22T03:51:31,114.59,49.84
2026-08-22T03:51:32,114.6,49.85
2026-08-22T03:51:33,113.78,49.04
2026-08-22T03:51:34,114.28,49.54
2026-08-22T03:51:35,114.21,49.46
2026-08-22T03:51:36,114.2,49.46
2026-08-22T03:51:37,114.38,49.63
2026-08-22T03:51:38,114.3,49.55
2026-08-22T03:51:39,114.27,49.52
2026-08-22T03:51:40,114.59,49.83
2026-08-22T03:51:41,114.41,49.66
2026-08-22T03:51:42,114.12,49.38
2026-08-22T03:51:43,114.54,49.79
2026-08-22T03:51:44,115.01,50.25
2026-08-22T03:51:45,114.6,49.85
2026-08-22T03:51:46,114.18,49.43
2026-08-22T03:51:47,114.8,50.04
2026-08-22T03:51:48,114.47,49.72
2026-08-22T03:51:49,114.25,49.5
2026-08-22T03:51:50,114.42,49.67
2026-08-22T03:51:51,114.17,49.43
2026-08-22T03:51:52,114.58,49.83
2026-08-22T03:51:53,114.53,49.78
2026-08-22T03:51:54,114.37,49.62
2026-08-22T03:51:55,114.19,49.44
2026-08-22T03:51:56,114.62,49.87
2026-08-22T03:51:57,114.44,49.69
2026-08-22T03:51:58,114.28,49.53
2026-08-22T03:51:59,114.36,49.61
2026-08-22T03:52:00,114.51,49.76
2026-08-22T03:52:01,114.4,49.65
2026-08-22T03:52:02,114.6,49.84
2026-08-22T03:52:03,114.34,49.6
2026-08-22T03:52:04,113.97,49.23
2026-08-22T03:52:05,114.64,49.89
2026-08-22T03:52:06,114.28,49.53
2026-08-22T03:52:07,114.22,49.48
2026-08-22T03:52:08,114.31,49.56
2026-08-22T03:52:09,114.38,49.63
2026-08-22T03:52:10,114.03,49.28
2026-08-22T03:52:11,114.33,49.58
2026-08-22T03:52:12,114.06,49.31
2026-08-22T03:52:13,114.3,49.55
2026-08-22T03:52:14,113.81,49.06
2026-08-22T03:52:15,114.39,49.64
2026-08-22T03:52:16,114.34,49.59
2026-08-22T03:52:17,114.33,49.58
2026-08-22T03:52:18,114.25,49.51
2026-08-22T03:52:19,114.22,49.47
2026-08-22T03:52:20,113.98,49.24
2026-08-22T03:52:21,113.82,49.08
2026-08-22T03:52:22,114.07,49.33
2026-08-22T03:52:23,114.01,49.27
2026-08-22T03:52:24,114.29,49.54
2026-08-22T03:52:25,114.01,49.26
2026-08-22T03:52:26,114.26,49.51
2026-08-22T03:52:27,114.4,49.65
2026-08-22T03:52:28,113.89,49.15
2026-08-22T03:52:29,113.78,49.04
2026-08-22T03:52:30,114.26,49.52
2026-08-22T03:52:31,114.96,50.2
2026-08-22T03:52:32,114.3,49.55
2026-08-22T03:52:33,113.75,49.01
2026-08-22T03:52:34,114.26,49.51
2026-08-22T03:52:35,114.5,49.75
2026-08-22T03:52:36,114.71,49.96
2026-08-22T03:52:37,115.11,50.35
2026-08-22T03:52:38,114.46,49.71
2026-08-22T03:52:39,114.54,49.79
2026-08-22T03:52:40,114.43,49.68
2026-08-22T03:52:41,114.32,49.57
2026-08-22T03:52:42,113.84,49.1
2026-08-22T03:52:43,113.92,49.18
2026-08-22T03:52:44,114.18,49.43
2026-08-22T03:52:45,114.55,49.8
2026-08-22T03:52:46,114.54,49.79
2026-08-22T03:52:47,113.96,49.22
2026-08-22T03:52:48,114.71,49.96
2026-08-22T03:52:49,114.54,49.79
2026-08-22T03:52:50,114.48,49.73
2026-08-22T03:52:51,114.54,49.79
2026-08-22T03:52:52,114.78,50.02
2026-08-22T03:52:53,114.47,49.72
2026-08-22T03:52:54,114.26,49.52
2026-08-22T03:52:55,114.37,49.62
2026-08-22T03:52:56,114.51,49.76
2026-08-22T03:52:57,114.14,49.39
2026-08-22T03:52:58,114.4,49.65
2026-08-22T03:52:59,113.91,49.17
2026-08-22T03:53:00,114.5,49.75
2026-08-22T03:53:01,114.57,49.82
2026-08-22T03:53:02,113.98,49.24
2026-08-22T03:53:03,114.41,49.66
2026-08-22T03:53:04,113.97,49.23
2026-08-22T03:53:05,114.52,49.77
2026-08-22T03:53:06,114.19,49.45
2026-08-22T03:53:07,114.73,49.97
2026-08-22T03:53:08,113.95,49.21
2026-08-22T03:53:09,114.25,49.51
2026-08-22T03:53:10,114.14,49.4
2026-08-22T03:53:11,114.43,49.68
2026-08-22T03:53:12,114.16,49.42
2026-08-22T03:53:13,114.28,49.54
2026-08-22T03:53:14,115.37,50.61
2026-08-22T03:53:15,115.33,50.57
2026-08-22T03:53:16,114.73,49.98
2026-08-22T03:53:17,114.55,49.8
2026-08-22T03:53:18,114.68,49.92
2026-08-22T03:53:19,114.03,49.29
2026-08-22T03:53:20,114.58,49.83
2026-08-22T03:53:21,113.68,48.94
2026-08-22T03:53:22,114.03,49.29
2026-08-22T03:53:23,114.25,49.5
2026-08-22T03:53:24,114.49,49.74
2026-08-22T03:53:25,114.63,49.88
2026-08-22T03:53:26,113.98,49.24
2026-08-22T03:53:27,114.21,49.46
2026-08-22T03:53:28,114.81,50.06
2026-08-22T03:53:29,114.59,49.84
2026-08-22T03:53:30,114.52,49.77
2026-08-22T03:53:31,114.51,49.76
2026-08-22T03:53:32,114.56,49.81
2026-08-22T03:53:33,114.37,49.62
2026-08-22T03:53:34,115.35,50.59
2026-08-22T03:53:35,114.52,49.77
2026-08-22T03:53:36,114.12,49.37
2026-08-22T03:53:37,115.07,50.31
2026-08-22T03:53:38,114.41,49.66
2026-08-22T03:53:39,114.78,50.02
2026-08-22T03:53:40,115.16,50.4
2026-08-22T03:53:41,116.21,51.44
2026-08-22T03:53:42,117.37,52.58
2026-08-22T03:53:43,117.78,52.98
2026-08-22T03:53:44,119.89,55.06
2026-08-22T03:53:45,123.95,59.06
2026-08-22T03:53:46,125.69,60.78
2026-08-22T03:53:47,128.92,63.96
2026-08-22T03:53:48,129.79,64.82
2026-08-22T03:53:49,129.4,64.44
2026-08-22T03:53:50,124.05,59.16
2026-08-22T03:53:51,120.71,55.87
2026-08-22T03:53:52,118.35,53.54
2026-08-22T03:53:53,117.16,52.37
2026-08-22T03:53:54,115.23,50.47
2026-08-22T03:53:55,115.37,50.6
2026-08-22T03:53:56,115.62,50.86
2026-08-22T03:53:57,114.74,49.99
2026-08-22T03:53:58,114.68,49.93
2026-08-22T03:53:59,114.0,49.25
2026-08-22T03:54:00,114.46,49.71
2026-08-22T03:54:01,114.35,49.6
2026-08-22T03:54:02,114.18,49.43
2026-08-22T03:54:03,113.89,49.15
2026-08-22T03:54:04,114.19,49.44
2026-08-22T03:54:05,114.88,50.12
2026-08-22T03:54:06,113.83,49.08
2026-08-22T03:54:07,114.48,49.73
2026-08-22T03:54:08,113.8,49.06
2026-08-22T03:54:09,113.92,49.18
2026-08-22T03:54:10,114.3,49.56
2026-08-22T03:54:11,114.6,49.85
2026-08-22T03:54:12,114.33,49.58
2026-08-22T03:54:13,114.52,49.77
2026-08-22T03:54:14,114.23,49.49
2026-08-22T03:54:15,113.65,48.91
2026-08-22T03:54:16,114.19,49.44
2026-08-22T03:54:17,114.24,49.49
2026-08-22T03:54:18,114.63,49.88
2026-08-22T03:54:19,114.08,49.34
2026-08-22T03:54:20,113.84,49.1
2026-08-22T03:54:21,114.57,49.81
2026-08-22T03:54:22,114.29,49.54
2026-08-22T03:54:23,113.88,49.14
2026-08-22T03:54:24,113.79,49.05
2026-08-22T03:54:25,114.33,49.58
2026-08-22T03:54:26,114.05,49.31
2026-08-22T03:54:27,113.7,48.96
2026-08-22T03:54:28,113.3,48.57
2026-08-22T03:54:29,114.03,49.29
2026-08-22T03:54:30,113.61,48.87
2026-08-22T03:54:31,113.49,48.76
2026-08-22T03:54:32,114.15,49.4
2026-08-22T03:54:33,114.27,49.52
2026-08-22T03:54:34,114.49,49.74
2026-08-22T03:54:35,115.48,50.71
2026-08-22T03:54:36,115.27,50.51
2026-08-22T03:54:37,113.98,49.23
2026-08-22T03:54:38,114.15,49.4
2026-08-22T03:54:39,114.57,49.82
2026-08-22T03:54:40,114.05,49.31
2026-08-22T03:54:41,114.64,49.88
2026-08-22T03:54:42,114.76,50.0
2026-08-22T03:54:43,114.29,49.54
2026-08-22T03:54:44,114.27,49.52
2026-08-22T03:54:45,114.15,49.41
2026-08-22T03:54:46,114.68,49.93
2026-08-22T03:54:47,114.98,50.23
2026-08-22T03:54:48,116.11,51.34
2026-08-22T03:54:49,115.35,50.59
2026-08-22T03:54:50,115.18,50.42
2026-08-22T03:54:51,115.03,50.27
2026-08-22T03:54:52,114.59,49.84
2026-08-22T03:54:53,114.38,49.63
2026-08-22T03:54:54,114.18,49.44
2026-08-22T03:54:55,114.39,49.64
2026-08-22T03:54:56,113.86,49.12
2026-08-22T03:54:57,113.87,49.13
2026-08-22T03:54:58,114.07,49.32
2026-08-22T03:54:59,113.36,48.62
2026-08-22T03:55:00,114.5,49.75
2026-08-22T03:55:01,114.45,49.7
2026-08-22T03:55:02,114.35,49.6
2026-08-22T03:55:03,114.44,49.69
2026-08-22T03:55:04,114.11,49.36
2026-08-22T03:55:05,114.73,49.98
2026-08-22T03:55:06,114.86,50.11
2026-08-22T03:55:07,114.55,49.8
2026-08-22T03:55:08,114.5,49.75
2026-08-22T03:55:09,113.83,49.09
2026-08-22T03:55:10,114.14,49.4
2026-08-22T03:55:11,113.6,48.86
2026-08-22T03:55:12,114.57,49.82
2026-08-22T03:55:13,114.58,49.82
2026-08-22T03:55:14,114.57,49.82
2026-08-22T03:55:15,114.41,49.66
2026-08-22T03:55:16,113.9,49.16
2026-08-22T03:55:17,114.1,49.36
2026-08-22T03:55:18,114.52,49.77
2026-08-22T03:55:19,114.48,49.73
2026-08-22T03:55:20,114.41,49.67
2026-08-22T03:55:21,114.91,50.16
2026-08-22T03:55:22,114.21,49.46
2026-08-22T03:55:23,114.2,49.45
2026-08-22T03:55:24,114.58,49.83
2026-08-22T03:55:25,114.44,49.69
2026-08-22T03:55:26,114.14,49.39
2026-08-22T03:55:27,115.16,50.4
2026-08-22T03:55:28,114.67,49.92
2026-08-22T03:55:29,114.86,50.1
2026-08-22T03:55:30,114.09,49.35
2026-08-22T03:55:31,114.42,49.67
2026-08-22T03:55:32,114.62,49.86
2026-08-22T03:55:33,114.6,49.85
2026-08-22T03:55:34,114.4,49.65
2026-08-22T03:55:35,114.16,49.41
2026-08-22T03:55:36,114.57,49.81
2026-08-22T03:55:37,114.38,49.63
2026-08-22T03:55:38,114.45,49.7
2026-08-22T03:55:39,114.2,49.46
2026-08-22T03:55:40,114.96,50.2
2026-08-22T03:55:41,114.43,49.68
2026-08-22T03:55:42,114.59,49.84
2026-08-22T03:55:43,114.59,49.84
2026-08-22T03:55:44,113.84,49.1
2026-08-22T03:55:45,114.43,49.68
2026-08-22T03:55:46,113.91,49.16
2026-08-22T03:55:47,114.73,49.98
2026-08-22T03:55:48,113.93,49.18
2026-08-22T03:55:49,114.24,49.49
2026-08-22T03:55:50,113.91,49.17
2026-08-22T03:55:51,114.31,49.56
2026-08-22T03:55:52,114.74,49.98
2026-08-22T03:55:53,113.76,49.02
2026-08-22T03:55:54,114.25,49.5
2026-08-22T03:55:55,114.41,49.66
2026-08-22T03:55:56,114.28,49.53
2026-08-22T03:55:57,114.39,49.64
2026-08-22T03:55:58,114.7,49.95
2026-08-22T03:55:59,114.29,49.54
2026-08-22T03:56:00,114.44,49.69
2026-08-22T03:56:01,114.26,49.51
2026-08-22T03:56:02,114.27,49.53
2026-08-22T03:56:03,114.27,49.53
2026-08-22T03:56:04,114.03,49.29
2026-08-22T03:56:05,114.14,49.39
2026-08-22T03:56:06,114.58,49.83
2026-08-22T03:56:07,114.52,49.77
2026-08-22T03:56:08,115.09,50.33
2026-08-22T03:56:09,114.81,50.06
2026-08-22T03:56:10,114.27,49.52
2026-08-22T03:56:11,114.26,49.51
2026-08-22T03:56:12,114.47,49.72
2026-08-22T03:56:13,114.79,50.03
2026-08-22T03:56:14,114.37,49.62
2026-08-22T03:56:15,113.92,49.18
2026-08-22T03:56:16,114.18,49.43
2026-08-22T03:56:17,114.41,49.66
2026-08-22T03:56:18,114.39,49.64
2026-08-22T03:56:19,114.21,49.46
2026-08-22T03:56:20,113.91,49.17
2026-08-22T03:56:21,114.57,49.81
2026-08-22T03:56:22,114.67,49.92
2026-08-22T03:56:23,114.3,49.55
2026-08-22T03:56:24,114.66,49.9
2026-08-22T03:56:25,114.17,49.42
2026-08-22T03:56:26,114.53,49.78
2026-08-22T03:56:27,113.84,49.1
2026-08-22T03:56:28,114.53,49.78
2026-08-22T03:56:29,114.3,49.55
2026-08-22T03:56:30,114.59,49.84
2026-08-22T03:56:31,114.89,50.13
2026-08-22T03:56:32,114.58,49.83
2026-08-22T03:56:33,114.19,49.44
2026-08-22T03:56:34,115.01,50.25
2026-08-22T03:56:35,114.61,49.86
2026-08-22T03:56:36,113.97,49.23
2026-08-22T03:56:37,113.85,49.11
2026-08-22T03:56:38,113.71,48.97
2026-08-22T03:56:39,114.25,49.51
2026-08-22T03:56:40,114.04,49.29
2026-08-22T03:56:41,114.12,49.37
2026-08-22T03:56:42,114.56,49.81
2026-08-22T03:56:43,115.23,50.47
2026-08-22T03:56:44,114.06,49.32
2026-08-22T03:56:45,115.08,50.32
2026-08-22T03:56:46,114.5,49.75
2026-08-22T03:56:47,114.25,49.5
2026-08-22T03:56:48,114.12,49.37
2026-08-22T03:56:49,114.99,50.23
2026-08-22T03:56:50,114.88,50.13
2026-08-22T03:56:51,114.94,50.19
2026-08-22T03:56:52,119.02,54.2
2026-08-22T03:56:53,120.31,55.48
2026-08-22T03:56:54,118.56,53.75
2026-08-22T03:56:55,114.85,50.09
2026-08-22T03:56:56,117.12,52.33
2026-08-22T03:56:57,114.12,49.37
2026-08-22T03:56:58,114.41,49.66
2026-08-22T03:56:59,114.59,49.84
2026-08-22T03:57:00,114.17,49.43
2026-08-22T03:57:01,119.83,55.0
2026-08-22T03:57:02,116.16,51.39
2026-08-22T03:57:03,114.41,49.67
2026-08-22T03:57:04,114.29,49.55
2026-08-22T03:57:05,119.32,54.5
2026-08-22T03:57:06,119.39,54.57
2026-08-22T03:57:07,115.82,51.05
2026-08-22T03:57:08,117.57,52.78
2026-08-22T03:57:09,115.88,51.11
2026-08-22T03:57:10,120.02,55.19
2026-08-22T03:57:11,115.01,50.26
2026-08-22T03:57:12,114.03,49.29
2026-08-22T03:57:13,114.12,49.37
2026-08-22T03:57:14,114.23,49.49
2026-08-22T03:57:15,114.28,49.54
2026-08-22T03:57:16,114.5,49.75
2026-08-22T03:57:17,114.03,49.29
2026-08-22T03:57:18,114.16,49.42
2026-08-22T03:57:19,114.02,49.27
2026-08-22T03:57:20,114.12,49.37
2026-08-22T03:57:21,114.41,49.66
2026-08-22T03:57:22,114.76,50.0
2026-08-22T03:57:23,114.14,49.39
2026-08-22T03:57:24,113.93,49.19
2026-08-22T03:57:25,113.95,49.2
2026-08-22T03:57:26,114.27,49.53
2026-08-22T03:57:27,114.81,50.06
2026-08-22T03:57:28,114.56,49.81
2026-08-22T03:57:29,114.06,49.32
2026-08-22T03:57:30,114.13,49.39
2026-08-22T03:57:31,114.53,49.78
2026-08-22T03:57:32,113.96,49.22
2026-08-22T03:57:33,113.91,49.17
2026-08-22T03:57:34,113.91,49.16
2026-08-22T03:57:35,114.64,49.89
2026-08-22T03:57:36,113.86,49.11
2026-08-22T03:57:37,114.25,49.51
2026-08-22T03:57:38,113.92,49.17
2026-08-22T03:57:39,114.41,49.66
2026-08-22T03:57:40,114.22,49.47
2026-08-22T03:57:41,114.23,49.48
2026-08-22T03:57:42,113.75,49.01
2026-08-22T03:57:43,113.71,48.97
2026-08-22T03:57:44,113.81,49.07
2026-08-22T03:57:45,114.05,49.3
2026-08-22T03:57:46,114.49,49.74
2026-08-22T03:57:47,114.2,49.45
2026-08-22T03:57:48,115.02,50.26
2026-08-22T03:57:49,113.74,49.0
2026-08-22T03:57:50,114.21,49.47
2026-08-22T03:57:51,114.42,49.67
2026-08-22T03:57:52,114.23,49.48
2026-08-22T03:57:53,114.0,49.26
2026-08-22T03:57:54,114.71,49.95
2026-08-22T03:57:55,114.47,49.72
2026-08-22T03:57:56,114.02,49.28
2026-08-22T03:57:57,114.72,49.96
2026-08-22T03:57:58,113.83,49.09
2026-08-22T03:57:59,114.19,49.45
2026-08-22T03:58:00,113.76,49.02
2026-08-22T03:58:01,114.77,50.02
2026-08-22T03:58:02,113.89,49.15
2026-08-22T03:58:03,114.17,49.42
2026-08-22T03:58:04,114.63,49.88
2026-08-22T03:58:05,122.45,57.59
2026-08-22T03:58:06,130.09,65.12
2026-08-22T03:58:07,124.11,59.23
2026-08-22T03:58:08,123.3,58.42
2026-08-22T03:58:09,124.51,59.61
2026-08-22T03:58:10,118.58,53.77
2026-08-22T03:58:11,115.39,50.63
2026-08-22T03:58:12,115.07,50.31
2026-08-22T03:58:13,120.34,55.5
2026-08-22T03:58:14,119.22,54.4
2026-08-22T03:58:15,123.88,58.99
2026-08-22T03:58:16,117.46,52.67
2026-08-22T03:58:17,116.17,51.39
2026-08-22T03:58:18,116.09,51.32
2026-08-22T03:58:19,115.02,50.27
2026-08-22T03:58:20,114.21,49.46
2026-08-22T03:58:21,121.43,56.58
2026-08-22T03:58:22,122.17,57.31
2026-08-22T03:58:23,121.7,56.85
2026-08-22T03:58:24,115.78,51.01
2026-08-22T03:58:25,114.74,49.99
2026-08-22T03:58:26,114.56,49.81
2026-08-22T03:58:27,114.55,49.8
2026-08-22T03:58:28,114.08,49.34
2026-08-22T03:58:29,113.92,49.18
2026-08-22T03:58:30,115.05,50.29
2026-08-22T03:58:31,114.5,49.75
2026-08-22T03:58:32,114.23,49.48
2026-08-22T03:58:33,114.08,49.34
2026-08-22T03:58:34,115.47,50.7
2026-08-22T03:58:35,114.36,49.61
2026-08-22T03:58:36,114.27,49.52
2026-08-22T03:58:37,114.05,49.31
2026-08-22T03:58:38,114.29,49.54
2026-08-22T03:58:39,114.47,49.72
2026-08-22T03:58:40,113.96,49.22
2026-08-22T03:58:41,114.41,49.66
2026-08-22T03:58:42,114.46,49.71
2026-08-22T03:58:43,114.35,49.61
2026-08-22T03:58:44,115.57,50.81
2026-08-22T03:58:45,114.96,50.2
2026-08-22T03:58:46,114.52,49.77
2026-08-22T03:58:47,114.35,49.6
2026-08-22T03:58:48,114.65,49.89
2026-08-22T03:58:49,114.57,49.82
2026-08-22T03:58:50,114.19,49.44
2026-08-22T03:58:51,114.17,49.42
2026-08-22T03:58:52,114.4,49.65
2026-08-22T03:58:53,114.89,50.13
2026-08-22T03:58:54,114.31,49.56
2026-08-22T03:58:55,114.72,49.96
2026-08-22T03:58:56,114.46,49.71
2026-08-22T03:58:57,114.01,49.26
2026-08-22T03:58:58,115.03,50.27
2026-08-22T03:58:59,115.08,50.33
2026-08-22T03:59:00,114.62,49.87
2026-08-22T03:59:01,114.26,49.51
2026-08-22T03:59:02,114.47,49.71
2026-08-22T03:59:03,114.62,49.87
2026-08-22T03:59:04,114.57,49.82
2026-08-22T03:59:05,114.47,49.72
2026-08-22T03:59:06,114.91,50.16
2026-08-22T03:59:07,115.41,50.64
2026-08-22T03:59:08,115.11,50.35
2026-08-22T03:59:09,114.88,50.12
2026-08-22T03:59:10,114.89,50.13
2026-08-22T03:59:11,114.49,49.74
2026-08-22T03:59:12,114.31,49.56
2026-08-22T03:59:13,114.57,49.82
2026-08-22T03:59:14,115.3,50.54
2026-08-22T03:59:15,115.46,50.7
2026-08-22T03:59:16,115.14,50.38
2026-08-22T03:59:17,114.96,50.21
2026-08-22T03:59:18,113.95,49.2
2026-08-22T03:59:19,114.31,49.57
2026-08-22T03:59:20,114.49,49.74
2026-08-22T03:59:21,114.56,49.81
2026-08-22T03:59:22,114.49,49.74
2026-08-22T03:59:23,114.28,49.53
2026-08-22T03:59:24,114.05,49.3
2026-08-22T03:59:25,114.3,49.55
2026-08-22T03:59:26,114.75,50.0
2026-08-22T03:59:27,114.5,49.75
2026-08-22T03:59:28,113.99,49.25
2026-08-22T03:59:29,114.67,49.92
2026-08-22T03:59:30,113.79,49.05
2026-08-22T03:59:31,114.25,49.5
2026-08-22T03:59:32,114.56,49.81
2026-08-22T03:59:33,114.42,49.67
2026-08-22T03:59:34,114.44,49.69
2026-08-22T03:59:35,114.05,49.31
2026-08-22T03:59:36,114.01,49.27
2026-08-22T03:59:37,114.72,49.96
2026-08-22T03:59:38,114.71,49.96
2026-08-22T03:59:39,114.22,49.47
2026-08-22T03:59:40,113.94,49.2
2026-08-22T03:59:41,114.47,49.72
2026-08-22T03:59:42,114.37,49.62
2026-08-22T03:59:43,114.55,49.8
2026-08-22T03:59:44,114.48,49.73
2026-08-22T03:59:45,114.47,49.72
2026-08-22T03:59:46,113.97,49.23
2026-08-22T03:59:47,114.65,49.9
2026-08-22T03:59:48,114.42,49.67
2026-08-22T03:59:49,114.0,49.26
2026-08-22T03:59:50,114.26,49.51
2026-08-22T03:59:51,114.51,49.76
2026-08-22T03:59:52,113.97,49.23
2026-08-22T03:59:53,114.14,49.39
2026-08-22T03:59:54,114.54,49.79
2026-08-22T03:59:55,114.69,49.93
2026-08-22T03:59:56,114.49,49.74
2026-08-22T03:59:57,113.97,49.23
2026-08-22T03:59:58,114.87,50.12
2026-08-22T03:59:59,114.13,49.38
2026-08-22T04:00:00,114.68,49.93
2026-08-22T04:00:01,114.39,49.64
2026-08-22T04:00:02,114.0,49.26
2026-08-22T04:00:03,114.26,49.51
2026-08-22T04:00:04,114.43,49.68
2026-08-22T04:00:05,114.77,50.01
2026-08-22T04:00:06,114.82,50.06
2026-08-22T04:00:07,114.74,49.98
2026-08-22T04:00:08,114.58,49.83
2026-08-22T04:00:09,114.91,50.15
2026-08-22T04:00:10,114.54,49.79
2026-08-22T04:00:11,114.57,49.82
2026-08-22T04:00:12,114.5,49.75
2026-08-22T04:00:13,115.15,50.39
2026-08-22T04:00:14,114.14,49.39
2026-08-22T04:00:15,114.86,50.1
2026-08-22T04:00:16,114.71,49.96
2026-08-22T04:00:17,113.98,49.24
2026-08-22T04:00:18,114.37,49.62
2026-08-22T04:00:19,113.79,49.04
2026-08-22T04:00:20,114.14,49.4
2026-08-22T04:00:21,114.36,49.61
2026-08-22T04:00:22,114.38,49.63
2026-08-22T04:00:23,114.2,49.46
2026-08-22T04:00:24,114.41,49.66
2026-08-22T04:00:25,114.29,49.55
2026-08-22T04:00:26,114.4,49.65
2026-08-22T04:00:27,114.32,49.57
2026-08-22T04:00:28,114.45,49.7
2026-08-22T04:00:29,114.65,49.89
2026-08-22T04:00:30,114.54,49.79
2026-08-22T04:00:31,114.23,49.48
2026-08-22T04:00:32,114.49,49.74
2026-08-22T04:00:33,114.57,49.82
2026-08-22T04:00:34,114.43,49.68
2026-08-22T04:00:35,114.07,49.32
2026-08-22T04:00:36,114.09,49.34
2026-08-22T04:00:37,114.55,49.8
2026-08-22T04:00:38,114.04,49.29
2026-08-22T04:00:39,113.82,49.08
2026-08-22T04:00:40,114.26,49.52
2026-08-22T04:00:41,114.1,49.36
2026-08-22T04:00:42,114.53,49.78
2026-08-22T04:00:43,114.51,49.76
2026-08-22T04:00:44,114.46,49.71
2026-08-22T04:00:45,114.89,50.13
2026-08-22T04:00:46,114.79,50.04
2026-08-22T04:00:47,114.33,49.58
2026-08-22T04:00:48,114.52,49.77
2026-08-22T04:00:49,114.16,49.41
2026-08-22T04:00:50,113.8,49.06
2026-08-22T04:00:51,114.19,49.44
2026-08-22T04:00:52,114.23,49.48
2026-08-22T04:00:53,114.38,49.64
2026-08-22T04:00:54,114.13,49.39
2026-08-22T04:00:55,114.15,49.4
2026-08-22T04:00:56,114.48,49.73
2026-08-22T04:00:57,114.24,49.49
2026-08-22T04:00:58,114.25,49.5
2026-08-22T04:00:59,114.37,49.62
2026-08-22T04:01:00,113.85,49.1
2026-08-22T04:01:01,113.71,48.97
2026-08-22T04:01:02,114.14,49.4
2026-08-22T04:01:03,114.43,49.68
2026-08-22T04:01:04,114.3,49.55
2026-08-22T04:01:05,114.74,49.98
2026-08-22T04:01:06,114.45,49.7
2026-08-22T04:01:07,114.43,49.68
2026-08-22T04:01:08,114.13,49.39
2026-08-22T04:01:09,114.07,49.33
2026-08-22T04:01:10,113.91,49.17
2026-08-22T04:01:11,114.07,49.33
2026-08-22T04:01:12,114.25,49.5
2026-08-22T04:01:13,114.41,49.66
2026-08-22T04:01:14,113.74,49.0
2026-08-22T04:01:15,114.64,49.88
2026-08-22T04:01:16,113.66,48.92
2026-08-22T04:01:17,113.81,49.07
2026-08-22T04:01:18,113.82,49.08
2026-08-22T04:01:19,114.33,49.59
2026-08-22T04:01:20,114.33,49.58
2026-08-22T04:01:21,113.91,49.17
2026-08-22T04:01:22,113.91,49.16
2026-08-22T04:01:23,113.85,49.11
2026-08-22T04:01:24,114.64,49.88
2026-08-22T04:01:25,114.21,49.46
2026-08-22T04:01:26,114.23,49.48
2026-08-22T04:01:27,114.49,49.74
2026-08-22T04:01:28,114.05,49.31
2026-08-22T04:01:29,114.22,49.47
2026-08-22T04:01:30,114.17,49.42
2026-08-22T04:01:31,114.32,49.57
2026-08-22T04:01:32,114.6,49.85
2026-08-22T04:01:33,114.71,49.96
2026-08-22T04:01:34,114.11,49.36
2026-08-22T04:01:35,114.11,49.37
2026-08-22T04:01:36,114.3,49.55
2026-08-22T04:01:37,113.68,48.94
2026-08-22T04:01:38,114.09,49.35
2026-08-22T04:01:39,114.3,49.56
2026-08-22T04:01:40,114.6,49.85
2026-08-22T04:01:41,114.47,49.72
2026-08-22T04:01:42,114.58,49.83
2026-08-22T04:01:43,114.13,49.38
2026-08-22T04:01:44,114.2,49.45
2026-08-22T04:01:45,114.39,49.64
2026-08-22T04:01:46,114.48,49.73
2026-08-22T04:01:47,114.65,49.89
2026-08-22T04:01:48,114.06,49.32
2026-08-22T04:01:49,114.45,49.7
2026-08-22T04:01:50,114.15,49.41
2026-08-22T04:01:51,114.54,49.79
2026-08-22T04:01:52,113.94,49.2
2026-08-22T04:01:53,115.01,50.25
2026-08-22T04:01:54,114.2,49.45
2026-08-22T04:01:55,114.61,49.86
2026-08-22T04:01:56,115.14,50.38
2026-08-22T04:01:57,114.71,49.96
2026-08-22T04:01:58,114.9,50.14
2026-08-22T04:01:59,114.65,49.89
2026-08-22T04:02:00,114.53,49.78
2026-08-22T04:02:01,114.29,49.54
2026-08-22T04:02:02,115.11,50.35
2026-08-22T04:02:03,114.04,49.29
2026-08-22T04:02:04,114.42,49.67
2026-08-22T04:02:05,114.71,49.95
2026-08-22T04:02:06,114.32,49.58
2026-08-22T04:02:07,114.66,49.91
2026-08-22T04:02:08,116.24,51.46
2026-08-22T04:02:09,116.24,51.47
2026-08-22T04:02:10,113.92,49.18
2026-08-22T04:02:11,114.51,49.76
2026-08-22T04:02:12,114.29,49.55
2026-08-22T04:02:13,113.6,48.86
2026-08-22T04:02:14,114.13,49.38
2026-08-22T04:02:15,114.01,49.27
2026-08-22T04:02:16,114.79,50.03
2026-08-22T04:02:17,114.59,49.84
2026-08-22T04:02:18,115.06,50.3
2026-08-22T04:02:19,113.94,49.19
2026-08-22T04:02:20,114.19,49.45
2026-08-22T04:02:21,114.36,49.61
2026-08-22T04:02:22,114.2,49.46
2026-08-22T04:02:23,113.68,48.94
2026-08-22T04:02:24,114.28,49.53
2026-08-22T04:02:25,114.31,49.56
2026-08-22T04:02:26,115.04,50.28
2026-08-22T04:02:27,114.2,49.46
2026-08-22T04:02:28,114.66,49.91
2026-08-22T04:02:29,114.33,49.59
2026-08-22T04:02:30,114.52,49.77
2026-08-22T04:02:31,114.53,49.78
2026-08-22T04:02:32,114.96,50.21
2026-08-22T04:02:33,114.63,49.87
2026-08-22T04:02:34,115.01,50.25
2026-08-22T04:02:35,114.36,49.61
2026-08-22T04:02:36,114.77,50.01
2026-08-22T04:02:37,114.78,50.02
2026-08-22T04:02:38,114.5,49.75
2026-08-22T04:02:39,114.85,50.09
2026-08-22T04:02:40,114.47,49.72
2026-08-22T04:02:41,114.56,49.81
2026-08-22T04:02:42,114.47,49.72
2026-08-22T04:02:43,114.6,49.85
2026-08-22T04:02:44,114.91,50.15
2026-08-22T04:02:45,114.6,49.84
2026-08-22T04:02:46,114.37,49.62
2026-08-22T04:02:47,114.13,49.38
2026-08-22T04:02:48,114.02,49.27
2026-08-22T04:02:49,114.36,49.61
2026-08-22T04:02:50,114.51,49.76
2026-08-22T04:02:51,114.67,49.92
2026-08-22T04:02:52,114.4,49.65
2026-08-22T04:02:53,114.12,49.38
2026-08-22T04:02:54,114.77,50.02
2026-08-22T04:02:55,114.28,49.53
2026-08-22T04:02:56,114.43,49.68
2026-08-22T04:02:57,114.46,49.71
2026-08-22T04:02:58,114.53,49.78
2026-08-22T04:02:59,115.07,50.31
2026-08-22T04:03:00,114.77,50.01
2026-08-22T04:03:01,114.07,49.32
2026-08-22T04:03:02,114.38,49.63
2026-08-22T04:03:03,114.5,49.75
2026-08-22T04:03:04,114.27,49.52
2026-08-22T04:03:05,114.69,49.93
2026-08-22T04:03:06,114.19,49.45
2026-08-22T04:03:07,115.22,50.46
2026-08-22T04:03:08,114.52,49.77
2026-08-22T04:03:09,114.43,49.68
2026-08-22T04:03:10,114.94,50.19
2026-08-22T04:03:11,114.89,50.13
2026-08-22T04:03:12,113.95,49.2
2026-08-22T04:03:13,114.64,49.89
2026-08-22T04:03:14,114.51,49.76
2026-08-22T04:03:15,114.38,49.63
2026-08-22T04:03:16,114.59,49.83
2026-08-22T04:03:17,114.22,49.47
2026-08-22T04:03:18,114.19,49.44
2026-08-22T04:03:19,114.64,49.89
2026-08-22T04:03:20,114.38,49.63
2026-08-22T04:03:21,114.32,49.58
2026-08-22T04:03:22,114.3,49.56
2026-08-22T04:03:23,114.53,49.78
2026-08-22T04:03:24,114.06,49.32
2026-08-22T04:03:25,114.28,49.53
2026-08-22T04:03:26,114.33,49.58
2026-08-22T04:03:27,114.55,49.8
2026-08-22T04:03:28,114.37,49.62
2026-08-22T04:03:29,114.58,49.83
2026-08-22T04:03:30,114.46,49.71
2026-08-22T04:03:31,114.55,49.8
2026-08-22T04:03:32,115.17,50.41
2026-08-22T04:03:33,114.81,50.05
2026-08-22T04:03:34,114.53,49.78
2026-08-22T04:03:35,114.15,49.4
2026-08-22T04:03:36,114.09,49.35
2026-08-22T04:03:37,113.92,49.18
2026-08-22T04:03:38,114.41,49.66
2026-08-22T04:03:39,114.14,49.4
2026-08-22T04:03:40,114.69,49.94
2026-08-22T04:03:41,114.15,49.41
2026-08-22T04:03:42,114.57,49.82
2026-08-22T04:03:43,114.82,50.07
2026-08-22T04:03:44,114.37,49.62
2026-08-22T04:03:45,114.95,50.19
2026-08-22T04:03:46,113.99,49.24
2026-08-22T04:03:47,114.79,50.03
2026-08-22T04:03:48,114.44,49.69
2026-08-22T04:03:49,115.02,50.26
2026-08-22T04:03:50,114.74,49.98
2026-08-22T04:03:51,114.3,49.55
2026-08-22T04:03:52,115.44,50.68
2026-08-22T04:03:53,114.48,49.73
2026-08-22T04:03:54,114.66,49.9
2026-08-22T04:03:55,114.75,50.0
2026-08-22T04:03:56,114.96,50.2
2026-08-22T04:03:57,114.97,50.21
2026-08-22T04:03:58,115.08,50.32
2026-08-22T04:03:59,114.71,49.96
2026-08-22T04:04:00,114.66,49.91
2026-08-22T04:04:01,115.05,50.29
2026-08-22T04:04:02,114.88,50.12
2026-08-22T04:04:03,115.05,50.29
2026-08-22T04:04:04,114.59,49.84
2026-08-22T04:04:05,114.03,49.28
2026-08-22T04:04:06,114.84,50.09
2026-08-22T04:04:07,114.2,49.45
2026-08-22T04:04:08,114.19,49.44
2026-08-22T04:04:09,113.83,49.09
2026-08-22T04:04:10,114.5,49.75
2026-08-22T04:04:11,114.51,49.76
2026-08-22T04:04:12,115.11,50.35
2026-08-22T04:04:13,114.63,49.88
2026-08-22T04:04:14,114.98,50.22
2026-08-22T04:04:15,115.02,50.26
2026-08-22T04:04:16,114.22,49.47
2026-08-22T04:04:17,114.55,49.8
2026-08-22T04:04:18,115.18,50.42
2026-08-22T04:04:19,114.49,49.74
2026-08-22T04:04:20,114.63,49.88
2026-08-22T04:04:21,114.24,49.49
2026-08-22T04:04:22,114.36,49.61
2026-08-22T04:04:23,114.73,49.97
2026-08-22T04:04:24,114.63,49.88
2026-08-22T04:04:25,114.24,49.49
2026-08-22T04:04:26,115.19,50.42
2026-08-22T04:04:27,114.95,50.19
2026-08-22T04:04:28,114.47,49.72
2026-08-22T04:04:29,114.58,49.83
2026-08-22T04:04:30,114.61,49.85
2026-08-22T04:04:31,114.61,49.86
2026-08-22T04:04:32,114.83,50.07
2026-08-22T04:04:33,114.61,49.86
2026-08-22T04:04:34,114.38,49.63
2026-08-22T04:04:35,114.19,49.44
2026-08-22T04:04:36,114.29,49.54
2026-08-22T04:04:37,114.49,49.74
2026-08-22T04:04:38,114.66,49.91
2026-08-22T04:04:39,114.66,49.91
2026-08-22T04:04:40,114.13,49.38
2026-08-22T04:04:41,114.37,49.62
2026-08-22T04:04:42,114.43,49.68
2026-08-22T04:04:43,114.52,49.77
2026-08-22T04:04:44,114.81,50.06
2026-08-22T04:04:45,114.5,49.75
2026-08-22T04:04:46,114.17,49.42
2026-08-22T04:04:47,114.44,49.69
2026-08-22T04:04:48,114.51,49.76
2026-08-22T04:04:49,114.62,49.87
2026-08-22T04:04:50,114.51,49.76
2026-08-22T04:04:51,114.22,49.47
2026-08-22T04:04:52,114.83,50.07
2026-08-22T04:04:53,114.59,49.84
2026-08-22T04:04:54,114.47,49.72
2026-08-22T04:04:55,114.39,49.64
2026-08-22T04:04:56,114.53,49.77
2026-08-22T04:04:57,114.54,49.79
2026-08-22T04:04:58,113.99,49.25
2026-08-22T04:04:59,114.54,49.79
2026-08-22T04:05:00,114.14,49.4
2026-08-22T04:05:01,114.76,50.0
2026-08-22T04:05:02,114.4,49.65
2026-08-22T04:05:03,114.57,49.82
2026-08-22T04:05:04,113.94,49.2
2026-08-22T04:05:05,114.92,50.16
2026-08-22T04:05:06,114.5,49.75
2026-08-22T04:05:07,115.21,50.45
2026-08-22T04:05:08,113.97,49.23
2026-08-22T04:05:09,114.61,49.86
2026-08-22T04:05:10,114.57,49.82
2026-08-22T04:05:11,114.7,49.94
2026-08-22T04:05:12,114.46,49.71
2026-08-22T04:05:13,114.92,50.17
2026-08-22T04:05:14,114.8,50.05
2026-08-22T04:05:15,114.6,49.85
2026-08-22T04:05:16,114.23,49.48
2026-08-22T04:05:17,114.87,50.11
2026-08-22T04:05:18,114.69,49.93
2026-08-22T04:05:19,114.34,49.59
2026-08-22T04:05:20,114.61,49.86
2026-08-22T04:05:21,113.92,49.17
2026-08-22T04:05:22,113.89,49.14
2026-08-22T04:05:23,114.51,49.76
2026-08-22T04:05:24,114.98,50.22
2026-08-22T04:05:25,114.73,49.98
2026-08-22T04:05:26,114.82,50.07
2026-08-22T04:05:27,114.09,49.35
2026-08-22T04:05:28,114.47,49.72
2026-08-22T04:05:29,114.36,49.61
2026-08-22T04:05:30,114.2,49.45
2026-08-22T04:05:31,114.58,49.83
2026-08-22T04:05:32,114.46,49.71
2026-08-22T04:05:33,114.09,49.35
2026-08-22T04:05:34,114.88,50.13
2026-08-22T04:05:35,114.29,49.54
2026-08-22T04:05:36,114.37,49.62
2026-08-22T04:05:37,114.64,49.89
2026-08-22T04:05:38,114.52,49.77
2026-08-22T04:05:39,114.56,49.81
2026-08-22T04:05:40,114.59,49.84
2026-08-22T04:05:41,113.96,49.22
2026-08-22T04:05:42,114.49,49.74
2026-08-22T04:05:43,114.31,49.57
2026-08-22T04:05:44,114.32,49.57
2026-08-22T04:05:45,114.29,49.54
2026-08-22T04:05:46,114.1,49.36
2026-08-22T04:05:47,114.51,49.76
2026-08-22T04:05:48,114.32,49.57
2026-08-22T04:05:49,114.37,49.62
2026-08-22T04:05:50,114.68,49.93
2026-08-22T04:05:51,114.41,49.66
2026-08-22T04:05:52,114.64,49.89
2026-08-22T04:05:53,114.64,49.89
2026-08-22T04:05:54,115.11,50.35
2026-08-22T04:05:55,114.08,49.34
2026-08-22T04:05:56,114.15,49.4
2026-08-22T04:05:57,113.77,49.03
2026-08-22T04:05:58,114.29,49.54
2026-08-22T04:05:59,114.7,49.95
2026-08-22T04:06:00,114.31,49.56
2026-08-22T04:06:01,114.95,50.19
2026-08-22T04:06:02,114.28,49.54
2026-08-22T04:06:03,114.03,49.29
2026-08-22T04:06:04,114.39,49.64
2026-08-22T04:06:05,113.62,48.88
2026-08-22T04:06:06,114.3,49.56
2026-08-22T04:06:07,114.29,49.54
2026-08-22T04:06:08,114.37,49.62
2026-08-22T04:06:09,114.6,49.85
2026-08-22T04:06:10,113.91,49.17
2026-08-22T04:06:11,114.32,49.57
2026-08-22T04:06:12,115.01,50.26
2026-08-22T04:06:13,114.47,49.72
2026-08-22T04:06:14,114.61,49.86
2026-08-22T04:06:15,114.17,49.42
2026-08-22T04:06:16,114.53,49.78
2026-08-22T04:06:17,114.44,49.69
2026-08-22T04:06:18,114.72,49.97
2026-08-22T04:06:19,114.22,49.48
2026-08-22T04:06:20,114.23,49.48
2026-08-22T04:06:21,114.9,50.14
2026-08-22T04:06:22,114.44,49.7
2026-08-22T04:06:23,114.6,49.85
2026-08-22T04:06:24,114.39,49.64
2026-08-22T04:06:25,114.4,49.65
2026-08-22T04:06:26,114.07,49.32
2026-08-22T04:06:27,115.01,50.25
2026-08-22T04:06:28,114.84,50.08
2026-08-22T04:06:29,114.31,49.56
2026-08-22T04:06:30,114.68,49.93
2026-08-22T04:06:31,114.01,49.27
2026-08-22T04:06:32,114.08,49.34
2026-08-22T04:06:33,114.26,49.51
2026-08-22T04:06:34,114.84,50.08
2026-08-22T04:06:35,114.33,49.58
2026-08-22T04:06:36,114.24,49.49
2026-08-22T04:06:37,114.33,49.58
2026-08-22T04:06:38,114.36,49.61
2026-08-22T04:06:39,113.94,49.2
2026-08-22T04:06:40,114.76,50.01
2026-08-22T04:06:41,114.68,49.93
2026-08-22T04:06:42,114.21,49.46
2026-08-22T04:06:43,114.09,49.34
2026-08-22T04:06:44,114.08,49.34
2026-08-22T04:06:45,114.25,49.5
2026-08-22T04:06:46,114.62,49.87
2026-08-22T04:06:47,113.92,49.18
2026-08-22T04:06:48,113.74,49.0
2026-08-22T04:06:49,114.41,49.66
2026-08-22T04:06:50,114.32,49.57
2026-08-22T04:06:51,114.31,49.56
2026-08-22T04:06:52,114.11,49.36
2026-08-22T04:06:53,113.1,48.37
2026-08-22T04:06:54,114.51,49.76
2026-08-22T04:06:55,114.16,49.42
2026-08-22T04:06:56,113.87,49.13
2026-08-22T04:06:57,113.57,48.83
2026-08-22T04:06:58,113.81,49.07
2026-08-22T04:06:59,115.15,50.39
2026-08-22T04:07:00,114.63,49.88
2026-08-22T04:07:01,113.76,49.02
2026-08-22T04:07:02,114.23,49.49
2026-08-22T04:07:03,114.24,49.49
2026-08-22T04:07:04,114.22,49.47
2026-08-22T04:07:05,114.25,49.5
2026-08-22T04:07:06,113.98,49.24
2026-08-22T04:07:07,114.71,49.96
2026-08-22T04:07:08,114.15,49.41
2026-08-22T04:07:09,114.75,49.99
2026-08-22T04:07:10,115.35,50.59
2026-08-22T04:07:11,114.83,50.07
2026-08-22T04:07:12,114.48,49.73
2026-08-22T04:07:13,114.44,49.69
2026-08-22T04:07:14,114.39,49.64
2026-08-22T04:07:15,113.98,49.23
2026-08-22T04:07:16,113.79,49.05
2026-08-22T04:07:17,114.06,49.31
2026-08-22T04:07:18,114.58,49.83
2026-08-22T04:07:19,114.36,49.61
2026-08-22T04:07:20,114.28,49.53
2026-08-22T04:07:21,114.49,49.74
2026-08-22T04:07:22,113.56,48.82
2026-08-22T04:07:23,113.95,49.21
2026-08-22T04:07:24,113.84,49.1
2026-08-22T04:07:25,114.44,49.69
2026-08-22T04:07:26,114.17,49.42
2026-08-22T04:07:27,114.42,49.67
2026-08-22T04:07:28,114.62,49.86
2026-08-22T04:07:29,114.3,49.55
2026-08-22T04:07:30,114.12,49.38
2026-08-22T04:07:31,114.58,49.82
2026-08-22T04:07:32,114.37,49.62
2026-08-22T04:07:33,114.19,49.45
2026-08-22T04:07:34,114.62,49.87
2026-08-22T04:07:35,114.29,49.54
2026-08-22T04:07:36,114.2,49.45
2026-08-22T04:07:37,114.38,49.63
2026-08-22T04:07:38,113.79,49.05
2026-08-22T04:07:39,114.42,49.67
2026-08-22T04:07:40,114.5,49.75
2026-08-22T04:07:41,114.39,49.64
2026-08-22T04:07:42,115.1,50.34
2026-08-22T04:07:43,114.4,49.66
2026-08-22T04:07:44,114.17,49.43
2026-08-22T04:07:45,114.36,49.61
2026-08-22T04:07:46,114.65,49.9
2026-08-22T04:07:47,114.51,49.76
2026-08-22T04:07:48,114.45,49.7
2026-08-22T04:07:49,114.36,49.62
2026-08-22T04:07:50,113.66,48.92
2026-08-22T04:07:51,114.7,49.94
2026-08-22T04:07:52,113.69,48.95
2026-08-22T04:07:53,114.25,49.5
2026-08-22T04:07:54,114.22,49.47
2026-08-22T04:07:55,114.63,49.88
2026-08-22T04:07:56,114.4,49.65
2026-08-22T04:07:57,114.17,49.43
2026-08-22T04:07:58,114.0,49.26
2026-08-22T04:07:59,114.16,49.41
2026-08-22T04:08:00,114.61,49.86
2026-08-22T04:08:01,113.86,49.12
2026-08-22T04:08:02,114.23,49.49
2026-08-22T04:08:03,114.64,49.88
2026-08-22T04:08:04,114.35,49.6
2026-08-22T04:08:05,114.28,49.53
2026-08-22T04:08:06,114.22,49.47
2026-08-22T04:08:07,114.36,49.61
2026-08-22T04:08:08,114.17,49.42
2026-08-22T04:08:09,113.95,49.21
2026-08-22T04:08:10,113.84,49.1
2026-08-22T04:08:11,114.47,49.72
2026-08-22T04:08:12,113.37,48.63
2026-08-22T04:08:13,114.02,49.27
2026-08-22T04:08:14,113.76,49.02
2026-08-22T04:08:15,113.41,48.68
2026-08-22T04:08:16,114.17,49.43
2026-08-22T04:08:17,114.11,49.37
2026-08-22T04:08:18,113.51,48.77
2026-08-22T04:08:19,113.72,48.98
2026-08-22T04:08:20,114.61,49.86
2026-08-22T04:08:21,114.03,49.28
2026-08-22T04:08:22,114.38,49.63
2026-08-22T04:08:23,114.05,49.3
2026-08-22T04:08:24,113.94,49.2
2026-08-22T04:08:25,114.15,49.41
2026-08-22T04:08:26,114.35,49.6
2026-08-22T04:08:27,113.63,48.89
2026-08-22T04:08:28,114.49,49.74
2026-08-22T04:08:29,114.37,49.62
2026-08-22T04:08:30,114.25,49.51
2026-08-22T04:08:31,113.71,48.98
2026-08-22T04:08:32,119.87,55.05
2026-08-22T04:08:33,117.92,53.12
2026-08-22T04:08:34,116.07,51.3
2026-08-22T04:08:35,117.92,53.12
2026-08-22T04:08:36,125.82,60.91
2026-08-22T04:08:37,126.64,61.72
2026-08-22T04:08:38,125.15,60.25
2026-08-22T04:08:39,129.97,65.0
2026-08-22T04:08:40,122.49,57.62
2026-08-22T04:08:41,114.92,50.16
2026-08-22T04:08:42,114.2,49.45
2026-08-22T04:08:43,113.85,49.11
2026-08-22T04:08:44,113.84,49.09
2026-08-22T04:08:45,114.5,49.74
2026-08-22T04:08:46,113.72,48.98
2026-08-22T04:08:47,114.52,49.77
2026-08-22T04:08:48,114.39,49.64
2026-08-22T04:08:49,115.09,50.33
2026-08-22T04:08:50,118.66,53.85
2026-08-22T04:08:51,124.45,59.56
2026-08-22T04:08:52,122.01,57.15
2026-08-22T04:08:53,119.07,54.25
2026-08-22T04:08:54,116.97,52.19
2026-08-22T04:08:55,115.99,51.22
2026-08-22T04:08:56,116.84,52.05
2026-08-22T04:08:57,114.4,49.65
2026-08-22T04:08:58,114.26,49.51
2026-08-22T04:08:59,115.12,50.36
2026-08-22T04:09:00,115.91,51.14
2026-08-22T04:09:01,114.67,49.91
2026-08-22T04:09:02,114.19,49.44
2026-08-22T04:09:03,114.17,49.42
2026-08-22T04:09:04,114.15,49.41
2026-08-22T04:09:05,114.59,49.83
2026-08-22T04:09:06,114.17,49.42
2026-08-22T04:09:07,114.64,49.89
2026-08-22T04:09:08,113.87,49.13
2026-08-22T04:09:09,113.85,49.11
2026-08-22T04:09:10,114.61,49.85
2026-08-22T04:09:11,114.26,49.51
2026-08-22T04:09:12,116.68,51.9
2026-08-22T04:09:13,115.72,50.96
2026-08-22T04:09:14,115.21,50.45
2026-08-22T04:09:15,114.33,49.59
2026-08-22T04:09:16,117.71,52.91
2026-08-22T04:09:17,114.87,50.12
2026-08-22T04:09:18,115.46,50.7
2026-08-22T04:09:19,116.03,51.25
2026-08-22T04:09:20,115.65,50.89
2026-08-22T04:09:21,114.58,49.83
2026-08-22T04:09:22,113.87,49.13
2026-08-22T04:09:23,115.35,50.59
2026-08-22T04:09:24,117.86,53.06
2026-08-22T04:09:25,116.23,51.46
2026-08-22T04:09:26,115.29,50.53
2026-08-22T04:09:27,116.79,52.01
2026-08-22T04:09:28,114.2,49.45
2026-08-22T04:09:29,114.08,49.34
2026-08-22T04:09:30,114.02,49.28
2026-08-22T04:09:31,113.84,49.1
2026-08-22T04:09:32,114.37,49.62
2026-08-22T04:09:33,113.7,48.96
2026-08-22T04:09:34,113.73,48.99
2026-08-22T04:09:35,114.09,49.35
2026-08-22T04:09:36,114.11,49.36
2026-08-22T04:09:37,114.26,49.51
2026-08-22T04:09:38,114.12,49.38
2026-08-22T04:09:39,113.93,49.18
2026-08-22T04:09:40,114.36,49.61
2026-08-22T04:09:41,114.15,49.41
2026-08-22T04:09:42,113.78,49.04
2026-08-22T04:09:43,114.2,49.45
2026-08-22T04:09:44,114.65,49.9
2026-08-22T04:09:45,113.67,48.93
2026-08-22T04:09:46,114.52,49.77
2026-08-22T04:09:47,114.24,49.5
2026-08-22T04:09:48,113.89,49.15
2026-08-22T04:09:49,114.33,49.58
2026-08-22T04:09:50,113.38,48.65
2026-08-22T04:09:51,114.25,49.5
2026-08-22T04:09:52,114.18,49.44
2026-08-22T04:09:53,114.37,49.62
2026-08-22T04:09:54,114.12,49.38
2026-08-22T04:09:55,113.76,49.02
2026-08-22T04:09:56,113.83,49.09
2026-08-22T04:09:57,114.46,49.71
2026-08-22T04:09:58,114.57,49.82
2026-08-22T04:09:59,114.18,49.44
2026-08-22T04:10:00,114.06,49.31
2026-08-22T04:10:01,114.73,49.97
2026-08-22T04:10:02,114.9,50.15
2026-08-22T04:10:03,114.42,49.67
2026-08-22T04:10:04,114.59,49.84
2026-08-22T04:10:05,113.78,49.04
2026-08-22T04:10:06,114.92,50.16
2026-08-22T04:10:07,114.15,49.4
2026-08-22T04:10:08,113.61,48.87
2026-08-22T04:10:09,113.98,49.24
2026-08-22T04:10:10,114.06,49.31
2026-08-22T04:10:11,114.17,49.42
2026-08-22T04:10:12,114.06,49.31
2026-08-22T04:10:13,113.74,49.0
2026-08-22T04:10:14,114.86,50.1
2026-08-22T04:10:15,114.47,49.72
2026-08-22T04:10:16,114.73,49.98
2026-08-22T04:10:17,114.25,49.5
2026-08-22T04:10:18,114.3,49.55
2026-08-22T04:10:19,113.84,49.1
2026-08-22T04:10:20,114.1,49.36
2026-08-22T04:10:21,114.06,49.32
2026-08-22T04:10:22,114.43,49.68
2026-08-22T04:10:23,113.61,48.87
2026-08-22T04:10:24,114.23,49.49
2026-08-22T04:10:25,114.01,49.26
2026-08-22T04:10:26,114.08,49.34
2026-08-22T04:10:27,113.98,49.24
2026-08-22T04:10:28,114.35,49.6
2026-08-22T04:10:29,113.99,49.25
2026-08-22T04:10:30,114.26,49.51
2026-08-22T04:10:31,113.74,49.0
2026-08-22T04:10:32,114.19,49.44
2026-08-22T04:10:33,114.64,49.88
2026-08-22T04:10:34,114.21,49.46
2026-08-22T04:10:35,114.39,49.64
2026-08-22T04:10:36,114.4,49.65
2026-08-22T04:10:37,114.32,49.57
2026-08-22T04:10:38,114.47,49.72
2026-08-22T04:10:39,114.25,49.5
2026-08-22T04:10:40,113.98,49.24
2026-08-22T04:10:41,113.89,49.14
2026-08-22T04:10:42,114.01,49.27
2026-08-22T04:10:43,114.4,49.65
2026-08-22T04:10:44,114.18,49.43
2026-08-22T04:10:45,114.46,49.71
2026-08-22T04:10:46,114.25,49.5
2026-08-22T04:10:47,114.07,49.33
2026-08-22T04:10:48,113.81,49.07
2026-08-22T04:10:49,113.84,49.1
2026-08-22T04:10:50,114.07,49.32
2026-08-22T04:10:51,114.03,49.29
2026-08-22T04:10:52,113.31,48.58
2026-08-22T04:10:53,114.32,49.58
2026-08-22T04:10:54,114.09,49.35
2026-08-22T04:10:55,113.95,49.21
2026-08-22T04:10:56,114.57,49.81
2026-08-22T04:10:57,114.19,49.45
2026-08-22T04:10:58,113.73,48.99
2026-08-22T04:10:59,113.87,49.13
2026-08-22T04:10:59,113.84,49.1
2026-08-22T04:11:01,114.15,49.41
2026-08-22T04:11:02,114.33,49.58
2026-08-22T04:11:03,114.37,49.62
2026-08-22T04:11:04,113.96,49.21
2026-08-22T04:11:04,114.58,49.83
2026-08-22T04:11:06,114.17,49.42
2026-08-22T04:11:07,115.17,50.41
2026-08-22T04:11:08,117.05,52.26
2026-08-22T04:11:09,116.48,51.7
2026-08-22T04:11:09,116.7,51.92
2026-08-22T04:11:11,118.34,53.53
2026-08-22T04:11:12,120.54,55.7
2026-08-22T04:11:13,122.69,57.82
2026-08-22T04:11:14,125.03,60.13
2026-08-22T04:11:14,128.13,63.19
2026-08-22T04:11:16,129.76,64.79
2026-08-22T04:11:17,129.07,64.11
2026-08-22T04:11:18,127.23,62.3
2026-08-22T04:11:19,128.18,63.24
2026-08-22T04:11:19,124.31,59.42
2026-08-22T04:11:20,125.64,60.73
2026-08-22T04:11:21,121.54,56.69
2026-08-22T04:11:22,118.28,53.47
2026-08-22T04:11:23,122.18,57.32
2026-08-22T04:11:24,122.92,58.05
2026-08-22T04:11:25,118.4,53.6
2026-08-22T04:11:26,115.65,50.88
2026-08-22T04:11:27,114.67,49.92
2026-08-22T04:11:28,114.78,50.02
2026-08-22T04:11:29,114.91,50.16
2026-08-22T04:11:30,114.8,50.04
2026-08-22T04:11:31,114.36,49.61
2026-08-22T04:11:32,114.43,49.68
2026-08-22T04:11:33,114.58,49.83
2026-08-22T04:11:34,114.09,49.34
2026-08-22T04:11:35,114.63,49.88
2026-08-22T04:11:36,114.23,49.49
2026-08-22T04:11:37,114.44,49.69
2026-08-22T04:11:38,114.19,49.45
2026-08-22T04:11:39,114.06,49.32
2026-08-22T04:11:40,114.32,49.58
2026-08-22T04:11:41,113.77,49.03
2026-08-22T04:11:42,114.04,49.3
2026-08-22T04:11:43,113.81,49.07
2026-08-22T04:11:44,113.85,49.11
2026-08-22T04:11:45,113.86,49.12
2026-08-22T04:11:46,114.07,49.33
2026-08-22T04:11:47,114.24,49.49
2026-08-22T04:11:48,113.8,49.06
2026-08-22T04:11:49,114.12,49.38
2026-08-22T04:11:50,113.76,49.02
2026-08-22T04:11:51,114.11,49.36
2026-08-22T04:11:52,114.27,49.53
2026-08-22T04:11:53,113.54,48.8
2026-08-22T04:11:54,113.75,49.01
2026-08-22T04:11:55,114.3,49.56
2026-08-22T04:11:56,114.57,49.82
2026-08-22T04:11:57,114.11,49.37
2026-08-22T04:11:58,114.55,49.8
2026-08-22T04:11:59,114.34,49.6
2026-08-22T04:12:00,113.96,49.21
2026-08-22T04:12:01,114.56,49.8
2026-08-22T04:12:03,114.19,49.44
2026-08-22T04:12:03,113.94,49.2
2026-08-22T04:12:04,114.16,49.41
2026-08-22T04:12:05,113.68,48.94
2026-08-22T04:12:06,114.24,49.49
2026-08-22T04:12:07,114.1,49.36
2026-08-22T04:12:08,114.54,49.79
2026-08-22T04:12:09,113.99,49.24
2026-08-22T04:12:10,113.67,48.93
2026-08-22T04:12:12,114.6,49.85
2026-08-22T04:12:12,114.43,49.68
2026-08-22T04:12:13,114.3,49.55
2026-08-22T04:12:14,113.68,48.94
2026-08-22T04:12:15,114.03,49.28
2026-08-22T04:12:16,113.84,49.1
2026-08-22T04:12:17,113.96,49.21
2026-08-22T04:12:18,113.68,48.94
2026-08-22T04:12:19,113.93,49.19
2026-08-22T04:12:20,113.95,49.21
2026-08-22T04:12:21,114.11,49.37
2026-08-22T04:12:22,114.22,49.47
2026-08-22T04:12:23,114.2,49.46
2026-08-22T04:12:24,113.65,48.92
2026-08-22T04:12:25,113.86,49.12
2026-08-22T04:12:26,114.35,49.6
2026-08-22T04:12:27,114.25,49.5
2026-08-22T04:12:28,113.52,48.78
2026-08-22T04:12:29,114.59,49.84
2026-08-22T04:12:30,113.78,49.04
2026-08-22T04:12:31,114.32,49.58
2026-08-22T04:12:32,113.74,49.0
2026-08-22T04:12:33,113.9,49.16
2026-08-22T04:12:34,114.18,49.43
2026-08-22T04:12:35,113.3,48.57
2026-08-22T04:12:36,113.93,49.19
2026-08-22T04:12:37,113.92,49.18
2026-08-22T04:12:38,113.97,49.22
2026-08-22T04:12:39,114.24,49.49
2026-08-22T04:12:40,113.84,49.1
2026-08-22T04:12:41,114.0,49.26
2026-08-22T04:12:42,113.92,49.18
2026-08-22T04:12:43,113.45,48.72
2026-08-22T04:12:44,114.03,49.29
2026-08-22T04:12:45,113.7,48.96
2026-08-22T04:12:46,114.03,49.28
2026-08-22T04:12:47,113.44,48.7
2026-08-22T04:12:48,114.24,49.49
2026-08-22T04:12:49,114.04,49.3
2026-08-22T04:12:50,114.23,49.48
2026-08-22T04:12:51,114.03,49.29
2026-08-22T04:12:52,114.12,49.37
2026-08-22T04:12:53,114.75,50.0
2026-08-22T04:12:54,115.26,50.5
2026-08-22T04:12:55,115.89,51.12
2026-08-22T04:12:56,117.3,52.51
2026-08-22T04:12:57,118.66,53.85
2026-08-22T04:12:58,121.21,56.36
2026-08-22T04:12:59,124.69,59.79
2026-08-22T04:13:00,126.82,61.89
2026-08-22T04:13:01,128.13,63.19
2026-08-22T04:13:02,128.89,63.94
2026-08-22T04:13:03,127.39,62.46
2026-08-22T04:13:04,125.41,60.51
2026-08-22T04:13:05,122.76,57.89
2026-08-22T04:13:06,121.67,56.82
2026-08-22T04:13:07,120.4,55.56
2026-08-22T04:13:08,118.84,54.03
2026-08-22T04:13:09,117.99,53.19
2026-08-22T04:13:10,117.73,52.93
2026-08-22T04:13:11,116.95,52.16
2026-08-22T04:13:12,116.15,51.37
2026-08-22T04:13:13,115.05,50.3
2026-08-22T04:13:14,115.12,50.36
2026-08-22T04:13:15,114.06,49.31
2026-08-22T04:13:16,114.69,49.94
2026-08-22T04:13:17,114.89,50.13
2026-08-22T04:13:18,114.27,49.52
2026-08-22T04:13:19,114.93,50.17
2026-08-22T04:13:20,114.49,49.74
2026-08-22T04:13:21,114.66,49.91
2026-08-22T04:13:22,114.47,49.72
2026-08-22T04:13:23,114.59,49.83
2026-08-22T04:13:24,114.27,49.52
2026-08-22T04:13:25,114.63,49.88
2026-08-22T04:13:26,114.76,50.0
2026-08-22T04:13:27,115.2,50.44
2026-08-22T04:13:28,114.8,50.04
2026-08-22T04:13:29,114.65,49.9
2026-08-22T04:13:30,114.03,49.29
2026-08-22T04:13:31,114.17,49.43
2026-08-22T04:13:32,113.48,48.74
2026-08-22T04:13:33,114.09,49.34
2026-08-22T04:13:34,114.55,49.8
2026-08-22T04:13:35,114.24,49.49
2026-08-22T04:13:36,114.51,49.76
2026-08-22T04:13:37,114.4,49.66
2026-08-22T04:13:38,114.59,49.84
2026-08-22T04:13:39,114.14,49.39
2026-08-22T04:13:40,113.83,49.09
2026-08-22T04:13:41,114.38,49.63
2026-08-22T04:13:42,114.73,49.98
2026-08-22T04:13:43,114.14,49.39
2026-08-22T04:13:44,114.22,49.47
2026-08-22T04:13:45,114.25,49.5
2026-08-22T04:13:46,114.18,49.43
2026-08-22T04:13:47,114.2,49.45
2026-08-22T04:13:48,113.91,49.17
2026-08-22T04:13:49,114.34,49.59
2026-08-22T04:13:50,114.22,49.47
2026-08-22T04:13:51,114.46,49.71
2026-08-22T04:13:52,114.64,49.89
2026-08-22T04:13:53,114.01,49.27
2026-08-22T04:13:54,114.68,49.92
2026-08-22T04:13:55,114.46,49.71
2026-08-22T04:13:56,114.58,49.83
2026-08-22T04:13:57,114.62,49.87
2026-08-22T04:13:58,114.14,49.39
2026-08-22T04:13:59,114.04,49.3
2026-08-22T04:14:00,114.53,49.78
2026-08-22T04:14:01,113.91,49.17
2026-08-22T04:14:02,114.3,49.55
2026-08-22T04:14:03,114.95,50.19
2026-08-22T04:14:04,114.36,49.61
2026-08-22T04:14:05,113.86,49.12
2026-08-22T04:14:06,114.26,49.51
2026-08-22T04:14:07,114.41,49.66
2026-08-22T04:14:08,114.66,49.91
2026-08-22T04:14:09,114.4,49.65
2026-08-22T04:14:10,114.53,49.78
2026-08-22T04:14:11,114.31,49.56
2026-08-22T04:14:12,114.05,49.31
2026-08-22T04:14:13,114.3,49.55
2026-08-22T04:14:14,114.13,49.39
2026-08-22T04:14:15,113.82,49.08
2026-08-22T04:14:16,115.15,50.39
2026-08-22T04:14:17,114.13,49.39
2026-08-22T04:14:18,114.07,49.33
2026-08-22T04:14:19,114.51,49.76
2026-08-22T04:14:20,114.3,49.55
2026-08-22T04:14:21,113.75,49.01
2026-08-22T04:14:22,114.55,49.8
2026-08-22T04:14:23,114.1,49.35
2026-08-22T04:14:24,113.94,49.2
2026-08-22T04:14:25,114.23,49.49
2026-08-22T04:14:26,114.46,49.71
2026-08-22T04:14:27,113.81,49.07
2026-08-22T04:14:28,114.11,49.37
2026-08-22T04:14:29,114.31,49.56
2026-08-22T04:14:30,114.04,49.3
2026-08-22T04:14:31,113.91,49.17
2026-08-22T04:14:32,114.77,50.02
2026-08-22T04:14:33,114.29,49.54
2026-08-22T04:14:34,114.19,49.44
2026-08-22T04:14:35,114.78,50.03
2026-08-22T04:14:36,113.9,49.16
2026-08-22T04:14:37,114.43,49.68
2026-08-22T04:14:38,114.89,50.13
2026-08-22T04:14:39,114.25,49.5
2026-08-22T04:14:40,113.87,49.13
2026-08-22T04:14:41,113.87,49.13
2026-08-22T04:14:42,114.01,49.27
2026-08-22T04:14:43,114.12,49.37
2026-08-22T04:14:44,114.26,49.51
2026-08-22T04:14:45,114.43,49.68
2026-08-22T04:14:46,113.59,48.86
2026-08-22T04:14:47,114.34,49.59
2026-08-22T04:14:48,114.86,50.1
2026-08-22T04:14:49,114.57,49.82
2026-08-22T04:14:50,114.36,49.62
2026-08-22T04:14:51,114.07,49.33
2026-08-22T04:14:52,114.43,49.68
2026-08-22T04:14:53,114.44,49.69
2026-08-22T04:14:54,114.18,49.44
2026-08-22T04:14:55,114.68,49.92
2026-08-22T04:14:56,114.62,49.86
2026-08-22T04:14:57,114.62,49.86
2026-08-22T04:14:58,114.57,49.82
2026-08-22T04:14:59,114.39,49.64
2026-08-22T04:15:00,114.32,49.57
2026-08-22T04:15:01,114.65,49.9
2026-08-22T04:15:02,113.62,48.88
2026-08-22T04:15:03,114.73,49.98
2026-08-22T04:15:04,114.57,49.82
2026-08-22T04:15:05,114.28,49.53
2026-08-22T04:15:06,113.84,49.1
2026-08-22T04:15:07,113.65,48.91
2026-08-22T04:15:08,114.27,49.52
2026-08-22T04:15:09,114.22,49.47
2026-08-22T04:15:10,114.29,49.54
2026-08-22T04:15:11,114.6,49.85
2026-08-22T04:15:12,114.31,49.56
2026-08-22T04:15:13,114.65,49.89
2026-08-22T04:15:14,114.49,49.74
2026-08-22T04:15:15,114.03,49.29
2026-08-22T04:15:16,114.02,49.28
2026-08-22T04:15:17,113.92,49.18
2026-08-22T04:15:18,113.91,49.16
2026-08-22T04:15:19,113.41,48.68
2026-08-22T04:15:20,114.14,49.39
2026-08-22T04:15:21,114.01,49.27
2026-08-22T04:15:22,114.52,49.76
2026-08-22T04:15:23,114.02,49.27
2026-08-22T04:15:24,114.1,49.35
2026-08-22T04:15:25,114.58,49.83
2026-08-22T04:15:26,113.61,48.87
2026-08-22T04:15:27,113.9,49.15
2026-08-22T04:15:28,113.93,49.19
2026-08-22T04:15:29,113.97,49.23
2026-08-22T04:15:30,114.0,49.26
2026-08-22T04:15:31,114.26,49.51
2026-08-22T04:15:32,114.6,49.85
2026-08-22T04:15:33,113.9,49.16
2026-08-22T04:15:34,114.08,49.33
2026-08-22T04:15:35,114.02,49.28
2026-08-22T04:15:36,114.15,49.41
2026-08-22T04:15:37,114.76,50.0
2026-08-22T04:15:38,114.21,49.47
2026-08-22T04:15:39,113.32,48.59
2026-08-22T04:15:40,113.65,48.91
2026-08-22T04:15:41,114.24,49.49
2026-08-22T04:15:42,114.13,49.38
2026-08-22T04:15:43,114.75,50.0
2026-08-22T04:15:44,114.09,49.34
2026-08-22T04:15:45,113.93,49.18
2026-08-22T04:15:46,114.4,49.65
2026-08-22T04:15:47,114.26,49.51
2026-08-22T04:15:48,113.56,48.82
2026-08-22T04:15:49,114.02,49.27
2026-08-22T04:15:50,114.03,49.29
2026-08-22T04:15:51,114.72,49.97
2026-08-22T04:15:52,114.21,49.47
2026-08-22T04:15:53,113.74,49.0
2026-08-22T04:15:54,114.07,49.33
2026-08-22T04:15:55,114.27,49.52
2026-08-22T04:15:56,113.69,48.95
2026-08-22T04:15:57,114.28,49.53
2026-08-22T04:15:58,114.33,49.59
2026-08-22T04:15:59,113.65,48.91
2026-08-22T04:16:00,114.32,49.57
2026-08-22T04:16:01,114.43,49.68
2026-08-22T04:16:02,114.47,49.72
2026-08-22T04:16:03,114.44,49.69
2026-08-22T04:16:04,114.55,49.8
2026-08-22T04:16:05,114.32,49.57
2026-08-22T04:16:06,114.49,49.74
2026-08-22T04:16:07,114.35,49.6
2026-08-22T04:16:08,114.32,49.57
2026-08-22T04:16:09,114.3,49.55
2026-08-22T04:16:10,113.69,48.95
2026-08-22T04:16:11,113.73,48.99
2026-08-22T04:16:12,114.71,49.96
2026-08-22T04:16:13,114.28,49.53
2026-08-22T04:16:14,113.75,49.01
2026-08-22T04:16:15,114.27,49.53
2026-08-22T04:16:16,113.86,49.12
2026-08-22T04:16:17,113.59,48.85
2026-08-22T04:16:18,113.72,48.98
2026-08-22T04:16:19,113.97,49.23
2026-08-22T04:16:20,114.13,49.39
2026-08-22T04:16:21,113.8,49.05
2026-08-22T04:16:22,114.36,49.61
2026-08-22T04:16:23,114.09,49.35
2026-08-22T04:16:24,114.33,49.58
2026-08-22T04:16:25,113.86,49.12
2026-08-22T04:16:26,114.57,49.82
2026-08-22T04:16:27,114.19,49.44
2026-08-22T04:16:28,114.14,49.39
2026-08-22T04:16:29,114.16,49.41
2026-08-22T04:16:30,114.97,50.21
2026-08-22T04:16:31,114.98,50.22
2026-08-22T04:16:32,114.51,49.76
2026-08-22T04:16:33,115.77,51.0
2026-08-22T04:16:34,115.39,50.63
2026-08-22T04:16:35,114.78,50.02
2026-08-22T04:16:36,114.27,49.52
2026-08-22T04:16:37,114.68,49.93
2026-08-22T04:16:38,114.4,49.65
2026-08-22T04:16:39,114.03,49.29
2026-08-22T04:16:40,116.44,51.66
2026-08-22T04:16:41,115.04,50.28
2026-08-22T04:16:42,115.69,50.93
2026-08-22T04:16:43,115.67,50.9
2026-08-22T04:16:44,120.03,55.2
2026-08-22T04:16:45,119.24,54.42
2026-08-22T04:16:46,114.98,50.23
2026-08-22T04:16:47,114.89,50.13
2026-08-22T04:16:48,114.85,50.09
2026-08-22T04:16:49,114.3,49.56
2026-08-22T04:16:50,114.01,49.27
2026-08-22T04:16:51,113.81,49.07
2026-08-22T04:16:52,114.26,49.51
2026-08-22T04:16:53,114.55,49.8
2026-08-22T04:16:54,114.36,49.61
2026-08-22T04:16:55,114.14,49.4
2026-08-22T04:16:56,114.41,49.66
2026-08-22T04:16:57,114.63,49.88
2026-08-22T04:16:58,114.41,49.66
2026-08-22T04:16:59,114.12,49.37
2026-08-22T04:17:00,114.42,49.67
2026-08-22T04:17:01,115.13,50.37
2026-08-22T04:17:02,114.45,49.7
2026-08-22T04:17:03,114.23,49.49
2026-08-22T04:17:04,114.19,49.44
2026-08-22T04:17:05,115.07,50.31
2026-08-22T04:17:06,114.13,49.39
2026-08-22T04:17:07,114.85,50.09
2026-08-22T04:17:08,115.01,50.25
2026-08-22T04:17:09,115.05,50.3
2026-08-22T04:17:10,114.96,50.2
2026-08-22T04:17:11,114.49,49.74
2026-08-22T04:17:12,114.37,49.62
2026-08-22T04:17:13,114.48,49.73
2026-08-22T04:17:14,114.33,49.58
2026-08-22T04:17:15,114.5,49.75
2026-08-22T04:17:16,114.35,49.6
2026-08-22T04:17:17,114.58,49.83
2026-08-22T04:17:18,114.32,49.58
2026-08-22T04:17:19,114.47,49.72
2026-08-22T04:17:20,114.81,50.05
2026-08-22T04:17:21,114.7,49.94
2026-08-22T04:17:22,114.66,49.91
2026-08-22T04:17:23,114.34,49.59
2026-08-22T04:17:24,113.87,49.13
2026-08-22T04:17:25,114.74,49.98
2026-08-22T04:17:26,114.06,49.31
2026-08-22T04:17:27,113.82,49.07
2026-08-22T04:17:28,114.37,49.62
2026-08-22T04:17:29,115.22,50.46
2026-08-22T04:17:30,116.22,51.44
2026-08-22T04:17:31,115.64,50.87
2026-08-22T04:17:32,114.66,49.91
2026-08-22T04:17:33,114.5,49.75
2026-08-22T04:17:34,114.57,49.82
2026-08-22T04:17:35,114.07,49.33
2026-08-22T04:17:36,114.86,50.11
2026-08-22T04:17:37,114.16,49.41
2026-08-22T04:17:38,114.29,49.54
2026-08-22T04:17:39,114.97,50.22
2026-08-22T04:17:40,114.17,49.43
2026-08-22T04:17:41,114.37,49.62
2026-08-22T04:17:42,114.03,49.29
2026-08-22T04:17:43,114.43,49.68
2026-08-22T04:17:44,114.78,50.02
2026-08-22T04:17:45,114.3,49.55
2026-08-22T04:17:46,114.38,49.63
2026-08-22T04:17:47,114.42,49.67
2026-08-22T04:17:48,114.84,50.08
2026-08-22T04:17:49,114.39,49.64
2026-08-22T04:17:50,114.46,49.71
2026-08-22T04:17:51,114.6,49.85
2026-08-22T04:17:52,115.17,50.41
2026-08-22T04:17:53,115.16,50.4
2026-08-22T04:17:54,115.04,50.28
2026-08-22T04:17:55,115.18,50.41
2026-08-22T04:17:56,115.12,50.36
2026-08-22T04:17:57,114.83,50.08
2026-08-22T04:17:58,114.94,50.18
2026-08-22T04:17:59,115.4,50.63
2026-08-22T04:18:00,115.36,50.6
2026-08-22T04:18:01,115.31,50.55
2026-08-22T04:18:02,115.36,50.59
2026-08-22T04:18:03,115.37,50.61
2026-08-22T04:18:04,114.42,49.67
2026-08-22T04:18:05,115.04,50.28
2026-08-22T04:18:06,114.63,49.88
2026-08-22T04:18:07,114.78,50.03
2026-08-22T04:18:08,114.96,50.2
2026-08-22T04:18:09,115.43,50.67
2026-08-22T04:18:10,115.59,50.83
2026-08-22T04:18:11,115.5,50.73
2026-08-22T04:18:12,114.96,50.2
2026-08-22T04:18:13,114.24,49.49
2026-08-22T04:18:14,116.11,51.34
2026-08-22T04:18:15,116.64,51.86
2026-08-22T04:18:16,117.53,52.73
2026-08-22T04:18:17,115.65,50.88
2026-08-22T04:18:18,115.68,50.92
2026-08-22T04:18:19,116.64,51.86
2026-08-22T04:18:20,115.22,50.46
2026-08-22T04:18:21,115.48,50.71
2026-08-22T04:18:22,114.91,50.16
2026-08-22T04:18:23,116.2,51.42
2026-08-22T04:18:24,116.54,51.76
2026-08-22T04:18:25,115.98,51.21
2026-08-22T04:18:26,114.83,50.08
2026-08-22T04:18:27,115.81,51.04
2026-08-22T04:18:28,115.34,50.58
2026-08-22T04:18:29,115.75,50.98
2026-08-22T04:18:30,115.52,50.76
2026-08-22T04:18:31,115.7,50.93
2026-08-22T04:18:32,115.96,51.19
2026-08-22T04:18:33,119.07,54.26
2026-08-22T04:18:34,121.39,56.54
2026-08-22T04:18:35,119.49,54.67
2026-08-22T04:18:36,116.13,51.36
2026-08-22T04:18:37,121.22,56.37
2026-08-22T04:18:38,124.85,59.96
2026-08-22T04:18:39,120.94,56.1
2026-08-22T04:18:40,122.45,57.58
2026-08-22T04:18:41,118.02,53.21
2026-08-22T04:18:42,115.53,50.76
2026-08-22T04:18:43,123.6,58.72
2026-08-22T04:18:44,121.49,56.64
2026-08-22T04:18:45,122.04,57.18
2026-08-22T04:18:46,120.44,55.61
2026-08-22T04:18:47,118.27,53.47
2026-08-22T04:18:48,116.26,51.48
2026-08-22T04:18:49,115.87,51.1
2026-08-22T04:18:50,116.14,51.37
2026-08-22T04:18:51,115.67,50.9
2026-08-22T04:18:52,115.44,50.68
2026-08-22T04:18:53,115.82,51.05
2026-08-22T04:18:54,115.22,50.45
2026-08-22T04:18:55,115.97,51.2
2026-08-22T04:18:56,116.13,51.35
2026-08-22T04:18:57,115.92,51.15
2026-08-22T04:18:58,115.01,50.25
2026-08-22T04:18:59,114.92,50.16
2026-08-22T04:19:00,114.77,50.02
2026-08-22T04:19:01,114.84,50.08
2026-08-22T04:19:02,114.48,49.73
2026-08-22T04:19:03,115.4,50.64
2026-08-22T04:19:04,114.95,50.19
2026-08-22T04:19:05,115.05,50.29
2026-08-22T04:19:06,114.82,50.06
2026-08-22T04:19:07,115.48,50.71
2026-08-22T04:19:08,115.25,50.49
2026-08-22T04:19:09,115.13,50.37
2026-08-22T04:19:10,115.61,50.85
2026-08-22T04:19:11,115.88,51.11
2026-08-22T04:19:12,116.56,51.78
2026-08-22T04:19:13,116.73,51.95
2026-08-22T04:19:14,117.01,52.22
2026-08-22T04:19:15,118.18,53.38
2026-08-22T04:19:16,118.3,53.5
2026-08-22T04:19:17,117.57,52.77
2026-08-22T04:19:18,117.1,52.32
2026-08-22T04:19:19,117.15,52.36
2026-08-22T04:19:20,117.18,52.39
2026-08-22T04:19:21,116.52,51.74
2026-08-22T04:19:22,115.41,50.65
2026-08-22T04:19:23,115.58,50.82
2026-08-22T04:19:24,115.46,50.7
2026-08-22T04:19:25,116.0,51.23
2026-08-22T04:19:26,115.56,50.79
2026-08-22T04:19:27,114.99,50.24
2026-08-22T04:19:28,115.15,50.39
2026-08-22T04:19:29,114.38,49.64
2026-08-22T04:19:30,114.81,50.05
2026-08-22T04:19:31,114.99,50.23
2026-08-22T04:19:32,114.45,49.7
2026-08-22T04:19:33,114.54,49.79
2026-08-22T04:19:34,114.88,50.13
2026-08-22T04:19:35,114.29,49.54
2026-08-22T04:19:36,114.52,49.77
2026-08-22T04:19:37,114.51,49.75
2026-08-22T04:19:38,114.55,49.8
2026-08-22T04:19:39,114.96,50.2
2026-08-22T04:19:40,114.21,49.46
2026-08-22T04:19:41,115.08,50.32
2026-08-22T04:19:42,114.53,49.78
2026-08-22T04:19:43,114.76,50.0
2026-08-22T04:19:44,115.12,50.36
2026-08-22T04:19:45,114.82,50.06
2026-08-22T04:19:46,114.72,49.97
2026-08-22T04:19:47,114.84,50.08
2026-08-22T04:19:48,115.0,50.24
2026-08-22T04:19:49,115.09,50.33
2026-08-22T04:19:50,114.88,50.13
2026-08-22T04:19:51,114.55,49.8
2026-08-22T04:19:52,114.7,49.94
2026-08-22T04:19:53,115.02,50.26
2026-08-22T04:19:54,114.93,50.17
2026-08-22T04:19:55,115.04,50.28
2026-08-22T04:19:56,114.99,50.23
2026-08-22T04:19:57,114.73,49.98
2026-08-22T04:19:58,114.7,49.95
2026-08-22T04:19:59,115.17,50.41
2026-08-22T04:20:00,115.09,50.33
2026-08-22T04:20:01,116.09,51.32
2026-08-22T04:20:02,115.86,51.09
2026-08-22T04:20:03,115.87,51.1
2026-08-22T04:20:04,116.43,51.65
2026-08-22T04:20:05,116.44,51.66
2026-08-22T04:20:06,116.36,51.58
2026-08-22T04:20:07,115.96,51.19
2026-08-22T04:20:08,115.54,50.78
2026-08-22T04:20:09,115.1,50.34
2026-08-22T04:20:10,115.23,50.47
2026-08-22T04:20:11,115.89,51.11
2026-08-22T04:20:12,117.0,52.22
2026-08-22T04:20:13,118.28,53.48
2026-08-22T04:20:14,121.16,56.31
2026-08-22T04:20:15,124.46,59.56
2026-08-22T04:20:16,129.01,64.05
2026-08-22T04:20:17,131.95,66.95
2026-08-22T04:20:18,124.73,59.83
2026-08-22T04:20:19,119.86,55.03
2026-08-22T04:20:20,117.05,52.26
2026-08-22T04:20:21,115.56,50.8
2026-08-22T04:20:22,117.08,52.29
2026-08-22T04:20:23,115.45,50.69
2026-08-22T04:20:24,114.28,49.53
2026-08-22T04:20:25,114.99,50.23
2026-08-22T04:20:26,114.85,50.1
2026-08-22T04:20:27,114.72,49.96
2026-08-22T04:20:28,114.75,50.0
2026-08-22T04:20:29,114.7,49.94
2026-08-22T04:20:30,114.41,49.66
2026-08-22T04:20:31,114.63,49.88
2026-08-22T04:20:32,114.03,49.29
2026-08-22T04:20:33,114.26,49.52
2026-08-22T04:20:34,114.12,49.38
2026-08-22T04:20:35,114.61,49.86
2026-08-22T04:20:36,114.63,49.88
2026-08-22T04:20:37,114.61,49.85
2026-08-22T04:20:38,115.08,50.32
2026-08-22T04:20:39,117.08,52.3
2026-08-22T04:20:40,119.33,54.51
2026-08-22T04:20:41,115.77,51.0
2026-08-22T04:20:42,120.01,55.18
2026-08-22T04:20:43,116.44,51.66
2026-08-22T04:20:44,114.18,49.43
2026-08-22T04:20:45,114.62,49.87
2026-08-22T04:20:46,114.96,50.2
2026-08-22T04:20:47,114.86,50.1
2026-08-22T04:20:48,114.49,49.74
2026-08-22T04:20:49,114.56,49.81
2026-08-22T04:20:50,114.57,49.82
2026-08-22T04:20:51,115.1,50.34
2026-08-22T04:20:52,115.43,50.66
2026-08-22T04:20:53,120.51,55.67
2026-08-22T04:20:54,117.71,52.92
2026-08-22T04:20:55,115.5,50.73
2026-08-22T04:20:56,113.86,49.11
2026-08-22T04:20:57,114.82,50.06
2026-08-22T04:20:58,114.22,49.47
2026-08-22T04:20:59,114.21,49.46
2026-08-22T04:21:00,114.22,49.48
2026-08-22T04:21:01,114.44,49.69
2026-08-22T04:21:02,114.81,50.06
2026-08-22T04:21:03,114.34,49.6
2026-08-22T04:21:04,114.5,49.75
2026-08-22T04:21:05,114.33,49.58
2026-08-22T04:21:06,114.39,49.64
2026-08-22T04:21:07,114.48,49.73
2026-08-22T04:21:08,114.39,49.64
2026-08-22T04:21:09,113.99,49.25
2026-08-22T04:21:10,114.03,49.29
2026-08-22T04:21:11,114.4,49.65
2026-08-22T04:21:12,114.99,50.24
2026-08-22T04:21:13,114.46,49.71
2026-08-22T04:21:14,114.23,49.48
2026-08-22T04:21:15,114.43,49.68
2026-08-22T04:21:16,113.79,49.05
2026-08-22T04:21:17,113.57,48.84
2026-08-22T04:21:18,113.89,49.15
2026-08-22T04:21:19,114.39,49.64
2026-08-22T04:21:20,114.83,50.08
2026-08-22T04:21:21,115.08,50.32
2026-08-22T04:21:22,115.09,50.33
2026-08-22T04:21:23,114.51,49.76
2026-08-22T04:21:24,115.22,50.46
2026-08-22T04:21:25,117.98,53.18
2026-08-22T04:21:26,116.33,51.56
2026-08-22T04:21:27,114.56,49.8
2026-08-22T04:21:28,114.73,49.97
2026-08-22T04:21:29,115.67,50.9
2026-08-22T04:21:30,115.21,50.45
2026-08-22T04:21:31,114.63,49.88
2026-08-22T04:21:32,114.78,50.02
2026-08-22T04:21:33,114.9,50.14
2026-08-22T04:21:34,114.53,49.78
2026-08-22T04:21:35,114.96,50.2
2026-08-22T04:21:36,114.88,50.13
2026-08-22T04:21:37,114.71,49.95
2026-08-22T04:21:38,114.43,49.68
2026-08-22T04:21:39,115.15,50.39
2026-08-22T04:21:40,115.69,50.92
2026-08-22T04:21:41,115.04,50.29
2026-08-22T04:21:42,115.43,50.67
2026-08-22T04:21:43,116.59,51.81
2026-08-22T04:21:44,118.19,53.39
2026-08-22T04:21:45,118.16,53.36
2026-08-22T04:21:46,118.91,54.1
2026-08-22T04:21:47,119.03,54.22
2026-08-22T04:21:48,120.72,55.88
2026-08-22T04:21:49,120.93,56.09
2026-08-22T04:21:50,123.08,58.21
2026-08-22T04:21:51,125.48,60.57
2026-08-22T04:21:52,125.68,60.77
2026-08-22T04:21:53,124.2,59.31
2026-08-22T04:21:54,123.03,58.16
2026-08-22T04:21:55,122.64,57.78
2026-08-22T04:21:56,122.33,57.47
2026-08-22T04:21:57,120.79,55.95
2026-08-22T04:21:58,118.81,54.0
2026-08-22T04:21:59,117.56,52.77
2026-08-22T04:22:00,116.18,51.41
2026-08-22T04:22:01,116.01,51.24
2026-08-22T04:22:02,115.38,50.62
2026-08-22T04:22:03,115.22,50.46
2026-08-22T04:22:04,115.37,50.61
2026-08-22T04:22:05,114.14,49.39
2026-08-22T04:22:06,114.59,49.84
2026-08-22T04:22:07,114.52,49.77
2026-08-22T04:22:08,114.36,49.61
2026-08-22T04:22:09,114.02,49.27
2026-08-22T04:22:10,114.11,49.36
2026-08-22T04:22:11,114.33,49.58
2026-08-22T04:22:12,114.3,49.55
2026-08-22T04:22:13,114.47,49.72
2026-08-22T04:22:14,114.25,49.51
2026-08-22T04:22:15,114.38,49.63
2026-08-22T04:22:16,114.22,49.47
2026-08-22T04:22:17,113.91,49.17
2026-08-22T04:22:18,114.38,49.63
2026-08-22T04:22:19,114.73,49.97
2026-08-22T04:22:20,114.5,49.75
2026-08-22T04:22:21,114.44,49.69
2026-08-22T04:22:22,114.3,49.55
2026-08-22T04:22:23,113.96,49.22
2026-08-22T04:22:24,114.26,49.51
2026-08-22T04:22:25,114.28,49.53
2026-08-22T04:22:26,114.3,49.55
2026-08-22T04:22:27,114.5,49.75
2026-08-22T04:22:28,114.44,49.69
2026-08-22T04:22:29,114.67,49.91
2026-08-22T04:22:30,114.56,49.81
2026-08-22T04:22:31,114.05,49.31
2026-08-22T04:22:32,114.26,49.52
2026-08-22T04:22:33,114.87,50.11
2026-08-22T04:22:34,115.66,50.89
2026-08-22T04:22:35,116.97,52.18
2026-08-22T04:22:36,117.27,52.48
2026-08-22T04:22:37,119.57,54.74
2026-08-22T04:22:38,124.02,59.13
2026-08-22T04:22:39,128.13,63.18
2026-08-22T04:22:40,129.13,64.17
2026-08-22T04:22:41,129.1,64.14
2026-08-22T04:22:42,127.54,62.6
2026-08-22T04:22:43,123.28,58.41
2026-08-22T04:22:44,120.97,56.12
2026-08-22T04:22:45,119.71,54.88
2026-08-22T04:22:46,118.29,53.48
2026-08-22T04:22:47,119.61,54.79
2026-08-22T04:22:48,117.0,52.22
2026-08-22T04:22:49,116.73,51.95
2026-08-22T04:22:50,115.54,50.77
2026-08-22T04:22:51,114.75,50.0
2026-08-22T04:22:52,114.59,49.84
2026-08-22T04:22:53,114.74,49.99
2026-08-22T04:22:54,114.32,49.57
2026-08-22T04:22:55,114.6,49.84
2026-08-22T04:22:56,114.08,49.34
2026-08-22T04:22:57,114.35,49.6
2026-08-22T04:22:58,114.28,49.53
2026-08-22T04:22:59,114.41,49.66
2026-08-22T04:23:00,114.26,49.52
2026-08-22T04:23:01,114.23,49.48
2026-08-22T04:23:02,114.38,49.63
2026-08-22T04:23:03,114.15,49.4
2026-08-22T04:23:04,114.24,49.49
2026-08-22T04:23:05,113.51,48.77
2026-08-22T04:23:06,114.88,50.13
2026-08-22T04:23:07,114.25,49.5
2026-08-22T04:23:08,114.34,49.59
2026-08-22T04:23:09,114.42,49.67
2026-08-22T04:23:10,114.29,49.54
2026-08-22T04:23:11,114.44,49.69
2026-08-22T04:23:12,114.06,49.32
2026-08-22T04:23:13,113.49,48.75
2026-08-22T04:23:14,114.11,49.37
2026-08-22T04:23:15,113.87,49.13
2026-08-22T04:23:16,113.95,49.21
2026-08-22T04:23:17,114.29,49.55
2026-08-22T04:23:18,114.08,49.34
2026-08-22T04:23:19,113.93,49.18
2026-08-22T04:23:20,114.11,49.36
2026-08-22T04:23:21,113.69,48.95
2026-08-22T04:23:22,114.18,49.43
2026-08-22T04:23:23,113.77,49.03
2026-08-22T04:23:24,114.52,49.77
2026-08-22T04:23:25,114.31,49.57
2026-08-22T04:23:26,114.33,49.58
2026-08-22T04:23:27,113.88,49.14
2026-08-22T04:23:28,114.46,49.71
2026-08-22T04:23:29,113.99,49.25
2026-08-22T04:23:30,113.97,49.22
2026-08-22T04:23:31,114.93,50.17
2026-08-22T04:23:32,114.36,49.61
2026-08-22T04:23:33,114.58,49.83
2026-08-22T04:23:34,114.63,49.88
2026-08-22T04:23:35,114.16,49.42
2026-08-22T04:23:36,114.06,49.31
2026-08-22T04:23:37,114.91,50.16
2026-08-22T04:23:38,114.94,50.18
2026-08-22T04:23:39,117.87,53.07
2026-08-22T04:23:40,115.52,50.75
2026-08-22T04:23:41,115.25,50.49
2026-08-22T04:23:42,114.59,49.83
2026-08-22T04:23:43,114.17,49.43
2026-08-22T04:23:44,114.89,50.14
2026-08-22T04:23:45,115.18,50.42
2026-08-22T04:23:46,114.98,50.22
2026-08-22T04:23:47,114.67,49.92
2026-08-22T04:23:48,114.65,49.9
2026-08-22T04:23:49,114.18,49.44
2026-08-22T04:23:50,114.77,50.02
2026-08-22T04:23:51,114.76,50.0
2026-08-22T04:23:52,114.43,49.68
2026-08-22T04:23:53,114.59,49.84
2026-08-22T04:23:54,114.21,49.47
2026-08-22T04:23:55,114.75,49.99
2026-08-22T04:23:56,114.8,50.04
2026-08-22T04:23:57,114.22,49.47
2026-08-22T04:23:58,114.4,49.65
2026-08-22T04:23:59,114.37,49.62
2026-08-22T04:24:00,114.59,49.83
2026-08-22T04:24:01,114.3,49.55
2026-08-22T04:24:02,114.59,49.84
2026-08-22T04:24:03,114.21,49.46
2026-08-22T04:24:04,114.59,49.84
2026-08-22T04:24:05,114.25,49.5
2026-08-22T04:24:06,114.26,49.52
2026-08-22T04:24:07,114.37,49.62
2026-08-22T04:24:08,114.21,49.47
2026-08-22T04:24:09,114.21,49.46
2026-08-22T04:24:10,114.36,49.61
2026-08-22T04:24:11,114.2,49.45
2026-08-22T04:24:12,114.08,49.33
2026-08-22T04:24:13,114.6,49.84
2026-08-22T04:24:14,114.08,49.33
2026-08-22T04:24:15,114.1,49.35
2026-08-22T04:24:16,114.05,49.3
2026-08-22T04:24:17,114.1,49.35
2026-08-22T04:24:18,114.41,49.66
2026-08-22T04:24:19,114.6,49.85
2026-08-22T04:24:20,114.26,49.51
2026-08-22T04:24:21,114.01,49.27
2026-08-22T04:24:22,114.05,49.31
2026-08-22T04:24:23,114.87,50.11
2026-08-22T04:24:24,114.31,49.56
2026-08-22T04:24:25,115.31,50.55
2026-08-22T04:24:26,115.52,50.75
2026-08-22T04:24:27,115.72,50.95
2026-08-22T04:24:28,114.65,49.9
2026-08-22T04:24:29,114.66,49.91
2026-08-22T04:24:30,114.98,50.22
2026-08-22T04:24:31,115.31,50.55
2026-08-22T04:24:32,114.56,49.81
2026-08-22T04:24:33,114.42,49.67
2026-08-22T04:24:34,114.66,49.91
2026-08-22T04:24:35,114.62,49.86
2026-08-22T04:24:36,115.02,50.26
2026-08-22T04:24:37,115.18,50.42
2026-08-22T04:24:38,114.67,49.92
2026-08-22T04:24:39,114.35,49.6
2026-08-22T04:24:40,114.96,50.2
2026-08-22T04:24:41,114.48,49.73
2026-08-22T04:24:42,114.85,50.09
2026-08-22T04:24:43,114.52,49.77
2026-08-22T04:24:44,114.1,49.35
2026-08-22T04:24:45,114.66,49.91
2026-08-22T04:24:46,114.73,49.98
2026-08-22T04:24:47,114.69,49.93
2026-08-22T04:24:48,114.18,49.43
2026-08-22T04:24:49,115.26,50.5
2026-08-22T04:24:50,114.56,49.81
2026-08-22T04:24:51,114.48,49.73
2026-08-22T04:24:52,114.46,49.71
2026-08-22T04:24:53,114.12,49.37
2026-08-22T04:24:54,114.44,49.69
2026-08-22T04:24:55,114.22,49.48
2026-08-22T04:24:56,114.25,49.5
2026-08-22T04:24:57,114.32,49.57
2026-08-22T04:24:58,114.51,49.76
2026-08-22T04:24:59,114.03,49.29
2026-08-22T04:25:00,114.05,49.31
2026-08-22T04:25:01,114.44,49.69
2026-08-22T04:25:02,113.95,49.2
2026-08-22T04:25:03,114.64,49.89
2026-08-22T04:25:04,114.23,49.48
2026-08-22T04:25:05,113.88,49.14
2026-08-22T04:25:06,114.21,49.46
2026-08-22T04:25:07,114.36,49.61
2026-08-22T04:25:08,114.56,49.81
2026-08-22T04:25:09,114.4,49.65
2026-08-22T04:25:10,114.16,49.41
2026-08-22T04:25:11,114.08,49.34
2026-08-22T04:25:12,114.93,50.18
2026-08-22T04:25:13,114.84,50.08
2026-08-22T04:25:14,114.89,50.13
2026-08-22T04:25:15,115.09,50.33
2026-08-22T04:25:16,114.77,50.01
2026-08-22T04:25:17,114.48,49.73
2026-08-22T04:25:18,114.7,49.95
2026-08-22T04:25:19,114.94,50.18
2026-08-22T04:25:20,114.39,49.64
2026-08-22T04:25:21,114.36,49.61
2026-08-22T04:25:22,114.52,49.77
2026-08-22T04:25:23,114.48,49.73
2026-08-22T04:25:24,114.91,50.16
2026-08-22T04:25:25,114.25,49.5
2026-08-22T04:25:26,114.02,49.27
2026-08-22T04:25:27,114.55,49.8
2026-08-22T04:25:28,114.6,49.85
2026-08-22T04:25:29,114.73,49.98
2026-08-22T04:25:30,115.49,50.72
2026-08-22T04:25:31,114.74,49.99
2026-08-22T04:25:32,114.79,50.03
2026-08-22T04:25:33,114.91,50.15
2026-08-22T04:25:34,114.99,50.23
2026-08-22T04:25:35,116.06,51.28
2026-08-22T04:25:36,116.92,52.14
2026-08-22T04:25:37,119.32,54.5
2026-08-22T04:25:38,120.22,55.38
2026-08-22T04:25:39,119.9,55.07
2026-08-22T04:25:40,120.3,55.47
2026-08-22T04:25:41,118.63,53.82
2026-08-22T04:25:42,117.39,52.6
2026-08-22T04:25:43,116.79,52.0
2026-08-22T04:25:44,115.33,50.57
2026-08-22T04:25:45,115.07,50.31
2026-08-22T04:25:46,114.87,50.11
2026-08-22T04:25:47,114.57,49.81
2026-08-22T04:25:48,114.93,50.18
2026-08-22T04:25:49,114.82,50.06
2026-08-22T04:25:50,114.66,49.9
2026-08-22T04:25:51,114.47,49.72
2026-08-22T04:25:52,114.03,49.29
2026-08-22T04:25:53,114.21,49.47
2026-08-22T04:25:54,114.43,49.68
2026-08-22T04:25:55,115.06,50.3
2026-08-22T04:25:56,114.49,49.74
2026-08-22T04:25:57,114.53,49.78
2026-08-22T04:25:58,114.19,49.45
2026-08-22T04:25:59,114.64,49.89
2026-08-22T04:26:00,114.86,50.1
2026-08-22T04:26:01,114.97,50.21
2026-08-22T04:26:02,114.69,49.94
2026-08-22T04:26:03,114.15,49.41
2026-08-22T04:26:04,114.69,49.93
2026-08-22T04:26:05,115.01,50.25
2026-08-22T04:26:06,114.51,49.76
2026-08-22T04:26:07,114.5,49.75
2026-08-22T04:26:08,114.79,50.04
2026-08-22T04:26:09,114.18,49.44
2026-08-22T04:26:10,114.63,49.87
2026-08-22T04:26:11,114.56,49.81
2026-08-22T04:26:12,114.48,49.73
2026-08-22T04:26:13,114.56,49.8
2026-08-22T04:26:14,114.05,49.3
2026-08-22T04:26:15,114.69,49.94
2026-08-22T04:26:16,114.73,49.97
2026-08-22T04:26:17,114.17,49.42
2026-08-22T04:26:18,114.23,49.48
2026-08-22T04:26:19,114.27,49.53
2026-08-22T04:26:20,114.25,49.5
2026-08-22T04:26:21,114.32,49.57
2026-08-22T04:26:22,114.08,49.33
2026-08-22T04:26:23,114.46,49.71
2026-08-22T04:26:24,114.45,49.7
2026-08-22T04:26:25,114.53,49.78
2026-08-22T04:26:26,114.46,49.71
2026-08-22T04:26:27,114.28,49.53
2026-08-22T04:26:28,113.74,49.0
2026-08-22T04:26:29,114.3,49.56
2026-08-22T04:26:30,114.17,49.43
2026-08-22T04:26:31,114.61,49.86
2026-08-22T04:26:32,114.32,49.58
2026-08-22T04:26:33,115.19,50.43
2026-08-22T04:26:34,114.53,49.78
2026-08-22T04:26:35,114.87,50.11
2026-08-22T04:26:36,114.26,49.51
2026-08-22T04:26:37,114.31,49.56
2026-08-22T04:26:38,114.39,49.64
2026-08-22T04:26:39,114.23,49.49
2026-08-22T04:26:40,114.18,49.43
2026-08-22T04:26:41,114.19,49.44
2026-08-22T04:26:42,114.02,49.28
2026-08-22T04:26:43,114.75,50.0
2026-08-22T04:26:44,114.17,49.43
2026-08-22T04:26:45,114.14,49.39
2026-08-22T04:26:46,114.01,49.27
2026-08-22T04:26:47,114.19,49.44
2026-08-22T04:26:48,114.3,49.55
2026-08-22T04:26:49,114.95,50.19
2026-08-22T04:26:50,114.64,49.89
2026-08-22T04:26:51,114.23,49.48
2026-08-22T04:26:52,114.14,49.4
2026-08-22T04:26:53,114.45,49.7
2026-08-22T04:26:54,114.12,49.38
2026-08-22T04:26:55,113.87,49.13
2026-08-22T04:26:56,114.35,49.6
2026-08-22T04:26:57,114.61,49.86
2026-08-22T04:26:58,114.41,49.66
2026-08-22T04:26:59,114.46,49.71
2026-08-22T04:27:00,114.19,49.45
2026-08-22T04:27:01,114.22,49.47
2026-08-22T04:27:02,114.4,49.65
2026-08-22T04:27:03,114.12,49.37
2026-08-22T04:27:04,114.09,49.34
2026-08-22T04:27:05,114.03,49.28
2026-08-22T04:27:06,114.09,49.35
2026-08-22T04:27:07,114.06,49.31
2026-08-22T04:27:08,114.1,49.35
2026-08-22T04:27:09,114.47,49.72
2026-08-22T04:27:10,113.77,49.03
2026-08-22T04:27:11,114.77,50.02
2026-08-22T04:27:12,114.05,49.31
2026-08-22T04:27:13,113.78,49.04
2026-08-22T04:27:14,114.06,49.31
2026-08-22T04:27:15,114.55,49.8
2026-08-22T04:27:16,114.12,49.37
2026-08-22T04:27:17,114.16,49.41
2026-08-22T04:27:18,114.7,49.95
2026-08-22T04:27:19,114.07,49.32
2026-08-22T04:27:20,114.03,49.28
2026-08-22T04:27:21,114.57,49.82
2026-08-22T04:27:22,114.56,49.81
2026-08-22T04:27:23,114.16,49.42
2026-08-22T04:27:24,114.41,49.66
2026-08-22T04:27:25,114.01,49.27
2026-08-22T04:27:26,114.16,49.42
2026-08-22T04:27:27,114.16,49.42
2026-08-22T04:27:28,114.07,49.32
2026-08-22T04:27:29,114.29,49.55
2026-08-22T04:27:30,114.13,49.38
2026-08-22T04:27:31,114.32,49.57
2026-08-22T04:27:32,113.91,49.17
2026-08-22T04:27:33,114.48,49.72
2026-08-22T04:27:34,114.26,49.51
2026-08-22T04:27:35,115.06,50.3
2026-08-22T04:27:36,114.7,49.95
2026-08-22T04:27:37,114.57,49.81
2026-08-22T04:27:38,114.29,49.54
2026-08-22T04:27:39,115.01,50.25
2026-08-22T04:27:40,114.52,49.77
2026-08-22T04:27:41,114.12,49.38
2026-08-22T04:27:42,114.89,50.14
2026-08-22T04:27:43,114.6,49.84
2026-08-22T04:27:44,114.57,49.82
2026-08-22T04:27:45,113.97,49.23
2026-08-22T04:27:46,114.23,49.49
2026-08-22T04:27:47,114.72,49.97
2026-08-22T04:27:48,115.06,50.3
2026-08-22T04:27:49,113.82,49.07
2026-08-22T04:27:50,114.38,49.63
2026-08-22T04:27:51,114.11,49.37
2026-08-22T04:27:52,114.63,49.88
2026-08-22T04:27:53,114.5,49.75
2026-08-22T04:27:54,114.24,49.49
2026-08-22T04:27:55,114.27,49.53
2026-08-22T04:27:56,114.48,49.73
2026-08-22T04:27:57,114.11,49.36
2026-08-22T04:27:58,114.58,49.83
2026-08-22T04:27:59,114.4,49.65
2026-08-22T04:28:00,114.06,49.31
2026-08-22T04:28:01,114.77,50.01
2026-08-22T04:28:02,113.82,49.08
2026-08-22T04:28:03,114.47,49.72
2026-08-22T04:28:04,114.18,49.44
2026-08-22T04:28:05,114.3,49.55
2026-08-22T04:28:06,114.23,49.48
2026-08-22T04:28:07,114.37,49.62
2026-08-22T04:28:08,114.44,49.69
2026-08-22T04:28:09,114.27,49.52
2026-08-22T04:28:10,114.08,49.33
2026-08-22T04:28:11,114.35,49.6
2026-08-22T04:28:12,114.84,50.09
2026-08-22T04:28:13,114.34,49.59
2026-08-22T04:28:14,114.25,49.51
2026-08-22T04:28:15,114.53,49.78
2026-08-22T04:28:16,114.49,49.74
2026-08-22T04:28:17,114.6,49.85
2026-08-22T04:28:18,114.21,49.46
2026-08-22T04:28:19,114.25,49.5
2026-08-22T04:28:20,114.44,49.69
2026-08-22T04:28:21,114.32,49.57
2026-08-22T04:28:22,114.91,50.15
2026-08-22T04:28:23,114.36,49.61
2026-08-22T04:28:24,115.01,50.25
2026-08-22T04:28:25,116.04,51.27
2026-08-22T04:28:26,116.67,51.89
2026-08-22T04:28:27,120.47,55.63
2026-08-22T04:28:28,115.95,51.18
2026-08-22T04:28:29,114.29,49.54
2026-08-22T04:28:30,114.7,49.94
2026-08-22T04:28:31,114.51,49.76
2026-08-22T04:28:32,114.75,50.0
2026-08-22T04:28:33,114.79,50.04
2026-08-22T04:28:34,114.12,49.38
2026-08-22T04:28:35,120.75,55.91
2026-08-22T04:28:36,120.76,55.92
2026-08-22T04:28:37,119.76,54.93
2026-08-22T04:28:38,118.49,53.68
2026-08-22T04:28:39,114.2,49.46
2026-08-22T04:28:40,114.27,49.52
2026-08-22T04:28:41,114.11,49.36
2026-08-22T04:28:42,130.56,65.58
2026-08-22T04:28:43,123.36,58.48
2026-08-22T04:28:44,115.89,51.12
2026-08-22T04:28:45,118.43,53.62
2026-08-22T04:28:46,117.12,52.33
2026-08-22T04:28:47,115.59,50.83
2026-08-22T04:28:48,120.15,55.32
2026-08-22T04:28:49,118.68,53.87
2026-08-22T04:28:50,115.09,50.33
2026-08-22T04:28:51,114.36,49.61
2026-08-22T04:28:52,115.63,50.87
2026-08-22T04:28:53,116.23,51.45
2026-08-22T04:28:54,114.77,50.01
2026-08-22T04:28:55,114.59,49.83
2026-08-22T04:28:56,114.55,49.8
2026-08-22T04:28:57,113.8,49.06
2026-08-22T04:28:58,114.23,49.48
2026-08-22T04:28:59,113.8,49.06
2026-08-22T04:29:00,113.69,48.95
2026-08-22T04:29:01,115.58,50.81
2026-08-22T04:29:02,118.15,53.35
2026-08-22T04:29:03,116.49,51.71
2026-08-22T04:29:04,115.59,50.82
2026-08-22T04:29:05,115.02,50.26
2026-08-22T04:29:06,114.66,49.91
2026-08-22T04:29:07,114.46,49.71
2026-08-22T04:29:08,114.33,49.58
2026-08-22T04:29:09,113.86,49.11
2026-08-22T04:29:10,113.9,49.16
2026-08-22T04:29:11,113.6,48.86
2026-08-22T04:29:12,114.32,49.57
2026-08-22T04:29:13,114.2,49.45
2026-08-22T04:29:14,114.3,49.55
2026-08-22T04:29:15,114.61,49.85
2026-08-22T04:29:16,114.05,49.3
2026-08-22T04:29:17,116.96,52.18
2026-08-22T04:29:18,121.46,56.61
2026-08-22T04:29:19,117.7,52.91
2026-08-22T04:29:20,114.02,49.27
2026-08-22T04:29:21,114.17,49.42
2026-08-22T04:29:22,115.76,50.99
2026-08-22T04:29:23,116.09,51.32
2026-08-22T04:29:24,115.34,50.58
2026-08-22T04:29:25,115.9,51.13
2026-08-22T04:29:26,116.93,52.14
2026-08-22T04:29:27,115.04,50.29
2026-08-22T04:29:28,114.37,49.62
2026-08-22T04:29:29,114.1,49.36
2026-08-22T04:29:30,114.19,49.45
2026-08-22T04:29:31,114.42,49.67
2026-08-22T04:29:32,114.48,49.73
2026-08-22T04:29:33,114.36,49.61
2026-08-22T04:29:34,114.13,49.39
2026-08-22T04:29:35,113.92,49.18
2026-08-22T04:29:36,114.08,49.33
2026-08-22T04:29:37,114.73,49.98
2026-08-22T04:29:38,114.06,49.32
2026-08-22T04:29:39,114.3,49.55
2026-08-22T04:29:40,114.57,49.82
2026-08-22T04:29:41,114.16,49.41
2026-08-22T04:29:42,115.83,51.06
2026-08-22T04:29:43,119.3,54.48
2026-08-22T04:29:44,116.02,51.24
2026-08-22T04:29:45,116.04,51.27
2026-08-22T04:29:46,115.44,50.67
2026-08-22T04:29:47,114.68,49.92
2026-08-22T04:29:48,114.35,49.6
2026-08-22T04:29:49,115.93,51.16
2026-08-22T04:29:50,118.3,53.49
2026-08-22T04:29:51,116.21,51.43
2026-08-22T04:29:52,115.41,50.65
2026-08-22T04:29:53,116.34,51.56
2026-08-22T04:29:54,117.76,52.96
2026-08-22T04:29:55,121.51,56.66
2026-08-22T04:29:56,124.67,59.77
2026-08-22T04:29:57,127.82,62.89
2026-08-22T04:29:58,129.26,64.3
2026-08-22T04:29:59,129.12,64.16
2026-08-22T04:30:00,125.54,60.63
2026-08-22T04:30:01,122.04,57.18
2026-08-22T04:30:02,119.61,54.78
2026-08-22T04:30:03,118.91,54.09
2026-08-22T04:30:04,117.91,53.11
2026-08-22T04:30:05,117.82,53.03
2026-08-22T04:30:06,116.78,51.99
2026-08-22T04:30:07,116.25,51.48
2026-08-22T04:30:08,116.05,51.27
2026-08-22T04:30:09,114.98,50.23
2026-08-22T04:30:10,114.9,50.15
2026-08-22T04:30:11,115.02,50.26
2026-08-22T04:30:12,114.56,49.81
2026-08-22T04:30:13,114.74,49.98
2026-08-22T04:30:14,115.26,50.5
2026-08-22T04:30:15,114.89,50.13
2026-08-22T04:30:16,114.35,49.6
2026-08-22T04:30:17,114.96,50.2
2026-08-22T04:30:18,114.16,49.41
2026-08-22T04:30:19,114.41,49.66
2026-08-22T04:30:20,114.5,49.75
2026-08-22T04:30:21,114.18,49.44
2026-08-22T04:30:22,114.66,49.9
2026-08-22T04:30:23,114.36,49.61
2026-08-22T04:30:24,114.2,49.46
2026-08-22T04:30:25,114.29,49.54
2026-08-22T04:30:26,114.05,49.31
2026-08-22T04:30:27,114.14,49.4
2026-08-22T04:30:28,114.15,49.4
2026-08-22T04:30:29,114.41,49.66
2026-08-22T04:30:30,113.77,49.03
2026-08-22T04:30:31,114.16,49.42
2026-08-22T04:30:32,114.05,49.3
2026-08-22T04:30:33,114.36,49.61
2026-08-22T04:30:34,114.6,49.85
2026-08-22T04:30:35,114.5,49.75
2026-08-22T04:30:36,113.79,49.04
2026-08-22T04:30:37,113.83,49.09
2026-08-22T04:30:38,114.04,49.3
2026-08-22T04:30:39,114.35,49.6
2026-08-22T04:30:40,113.93,49.18
2026-08-22T04:30:41,113.75,49.01
2026-08-22T04:30:42,114.21,49.46
2026-08-22T04:30:43,113.98,49.23
2026-08-22T04:30:44,113.69,48.96
2026-08-22T04:30:45,114.51,49.76
2026-08-22T04:30:46,113.77,49.03
2026-08-22T04:30:47,114.43,49.68
2026-08-22T04:30:48,113.8,49.06
2026-08-22T04:30:49,113.79,49.05
2026-08-22T04:30:50,113.85,49.11
2026-08-22T04:30:51,114.11,49.36
2026-08-22T04:30:52,114.05,49.31
2026-08-22T04:30:53,114.21,49.46
2026-08-22T04:30:54,114.45,49.7
2026-08-22T04:30:55,114.2,49.46
2026-08-22T04:30:56,114.5,49.75
2026-08-22T04:30:57,115.28,50.52
2026-08-22T04:30:58,114.41,49.67
2026-08-22T04:30:59,114.59,49.84
2026-08-22T04:31:00,114.04,49.29
2026-08-22T04:31:01,113.97,49.23
2026-08-22T04:31:02,114.52,49.77
2026-08-22T04:31:03,114.85,50.1
2026-08-22T04:31:04,114.24,49.49
2026-08-22T04:31:05,113.87,49.13
2026-08-22T04:31:06,113.94,49.2
2026-08-22T04:31:07,113.45,48.71
2026-08-22T04:31:08,113.67,48.93
2026-08-22T04:31:09,114.13,49.39
2026-08-22T04:31:10,114.22,49.47
2026-08-22T04:31:11,114.98,50.22
2026-08-22T04:31:12,114.46,49.71
2026-08-22T04:31:13,114.4,49.65
2026-08-22T04:31:14,114.29,49.54
2026-08-22T04:31:15,113.76,49.02
2026-08-22T04:31:16,114.17,49.42
2026-08-22T04:31:17,114.18,49.43
2026-08-22T04:31:18,114.46,49.71
2026-08-22T04:31:19,114.09,49.34
2026-08-22T04:31:20,114.11,49.37
2026-08-22T04:31:21,114.47,49.72
2026-08-22T04:31:22,114.57,49.82
2026-08-22T04:31:23,114.93,50.17
2026-08-22T04:31:24,113.92,49.18
2026-08-22T04:31:25,114.62,49.87
2026-08-22T04:31:26,114.1,49.35
2026-08-22T04:31:27,114.19,49.44
2026-08-22T04:31:28,114.44,49.69
2026-08-22T04:31:29,114.27,49.52
2026-08-22T04:31:30,114.72,49.96
2026-08-22T04:31:31,114.63,49.88
2026-08-22T04:31:32,114.19,49.44
2026-08-22T04:31:33,114.1,49.36
2026-08-22T04:31:34,114.1,49.35
2026-08-22T04:31:35,114.45,49.7
2026-08-22T04:31:36,113.81,49.06
2026-08-22T04:31:37,114.28,49.53
2026-08-22T04:31:38,114.08,49.33
2026-08-22T04:31:39,114.26,49.52
2026-08-22T04:31:40,114.21,49.46
2026-08-22T04:31:41,114.09,49.35
2026-08-22T04:31:42,114.51,49.76
2026-08-22T04:31:43,113.95,49.2
2026-08-22T04:31:44,114.21,49.46
2026-08-22T04:31:45,114.25,49.5
2026-08-22T04:31:46,114.04,49.3
2026-08-22T04:31:47,113.91,49.17
2026-08-22T04:31:48,113.96,49.21
2026-08-22T04:31:49,114.1,49.36
2026-08-22T04:31:50,114.01,49.27
2026-08-22T04:31:51,114.31,49.56
2026-08-22T04:31:52,113.73,48.99
2026-08-22T04:31:53,113.68,48.94
2026-08-22T04:31:54,114.05,49.31
2026-08-22T04:31:55,114.17,49.42
2026-08-22T04:31:56,113.86,49.12
2026-08-22T04:31:57,114.01,49.26
2026-08-22T04:31:58,114.14,49.39
2026-08-22T04:31:59,113.99,49.25
2026-08-22T04:32:00,114.27,49.52
2026-08-22T04:32:01,114.13,49.38
2026-08-22T04:32:02,114.1,49.36
2026-08-22T04:32:03,113.94,49.2
2026-08-22T04:32:04,114.07,49.32
2026-08-22T04:32:05,114.04,49.29
2026-08-22T04:32:06,113.92,49.17
2026-08-22T04:32:07,114.01,49.27
2026-08-22T04:32:08,113.75,49.01
2026-08-22T04:32:09,114.11,49.37
2026-08-22T04:32:10,114.41,49.66
2026-08-22T04:32:11,114.02,49.28
2026-08-22T04:32:12,114.19,49.45
2026-08-22T04:32:13,113.73,48.99
2026-08-22T04:32:14,114.46,49.7
2026-08-22T04:32:15,114.28,49.53
2026-08-22T04:32:16,114.63,49.88
2026-08-22T04:32:17,113.9,49.15
2026-08-22T04:32:18,113.57,48.84
2026-08-22T04:32:19,114.85,50.09
2026-08-22T04:32:20,114.46,49.71
2026-08-22T04:32:21,113.91,49.17
2026-08-22T04:32:22,114.35,49.6
2026-08-22T04:32:23,114.07,49.33
2026-08-22T04:32:24,114.35,49.6
2026-08-22T04:32:25,113.64,48.9
2026-08-22T04:32:26,114.3,49.56
2026-08-22T04:32:27,113.36,48.63
2026-08-22T04:32:28,114.33,49.58
2026-08-22T04:32:29,113.34,48.6
2026-08-22T04:32:30,113.79,49.05
2026-08-22T04:32:31,114.15,49.41
2026-08-22T04:32:32,114.02,49.27
2026-08-22T04:32:33,114.32,49.58
2026-08-22T04:32:34,114.16,49.42
2026-08-22T04:32:35,114.41,49.66
2026-08-22T04:32:36,114.46,49.71
2026-08-22T04:32:37,114.65,49.9
2026-08-22T04:32:38,114.3,49.56
2026-08-22T04:32:39,113.59,48.85
2026-08-22T04:32:40,114.65,49.9
2026-08-22T04:32:41,113.94,49.2
2026-08-22T04:32:42,114.46,49.71
2026-08-22T04:32:43,114.18,49.44
2026-08-22T04:32:44,113.53,48.79
2026-08-22T04:32:45,113.81,49.07
2026-08-22T04:32:46,113.61,48.87
2026-08-22T04:32:47,113.86,49.12
2026-08-22T04:32:48,113.84,49.1
2026-08-22T04:32:49,113.54,48.81
2026-08-22T04:32:50,113.71,48.97
2026-08-22T04:32:51,114.09,49.35
2026-08-22T04:32:52,113.95,49.21
2026-08-22T04:32:53,114.39,49.64
2026-08-22T04:32:54,113.9,49.16
2026-08-22T04:32:55,113.65,48.92
2026-08-22T04:32:56,114.48,49.73
2026-08-22T04:32:57,113.7,48.96
2026-08-22T04:32:58,114.06,49.31
2026-08-22T04:32:59,114.63,49.88
2026-08-22T04:33:00,114.39,49.65
2026-08-22T04:33:01,113.99,49.24
2026-08-22T04:33:02,114.12,49.37
2026-08-22T04:33:03,114.11,49.37
2026-08-22T04:33:04,114.24,49.49
2026-08-22T04:33:05,114.39,49.64
2026-08-22T04:33:06,114.26,49.51
2026-08-22T04:33:07,114.49,49.74
2026-08-22T04:33:08,114.72,49.97
2026-08-22T04:33:09,114.54,49.79
2026-08-22T04:33:10,114.3,49.56
2026-08-22T04:33:11,113.68,48.94
2026-08-22T04:33:12,114.26,49.52
2026-08-22T04:33:13,113.99,49.25
2026-08-22T04:33:14,114.38,49.64
2026-08-22T04:33:15,114.17,49.43
2026-08-22T04:33:16,114.02,49.27
2026-08-22T04:33:17,114.75,50.0
2026-08-22T04:33:18,114.0,49.25
2026-08-22T04:33:19,114.09,49.35
2026-08-22T04:33:20,114.39,49.64
2026-08-22T04:33:21,114.07,49.32
2026-08-22T04:33:22,114.46,49.71
2026-08-22T04:33:23,114.5,49.75
2026-08-22T04:33:24,114.62,49.87
2026-08-22T04:33:25,114.88,50.12
2026-08-22T04:33:26,114.41,49.66
2026-08-22T04:33:27,115.12,50.36
2026-08-22T04:33:28,114.46,49.71
2026-08-22T04:33:29,115.99,51.22
2026-08-22T04:33:30,118.35,53.54
2026-08-22T04:33:31,116.01,51.24
2026-08-22T04:33:32,117.29,52.5
2026-08-22T04:33:33,116.84,52.06
2026-08-22T04:33:34,117.34,52.55
2026-08-22T04:33:35,117.39,52.6
2026-08-22T04:33:36,117.56,52.76
2026-08-22T04:33:37,119.04,54.23
2026-08-22T04:33:38,121.09,56.24
2026-08-22T04:33:39,124.96,60.06
2026-08-22T04:33:40,126.53,61.61
2026-08-22T04:33:41,130.19,65.21
2026-08-22T04:33:42,132.42,67.42
2026-08-22T04:33:43,130.79,65.81
2026-08-22T04:33:44,121.99,57.13
2026-08-22T04:33:45,119.19,54.37
2026-08-22T04:33:46,117.88,53.08
2026-08-22T04:33:47,116.29,51.51
2026-08-22T04:33:48,115.94,51.17
2026-08-22T04:33:49,115.01,50.25
2026-08-22T04:33:50,114.92,50.17
2026-08-22T04:33:51,114.45,49.7
2026-08-22T04:33:52,114.68,49.93
2026-08-22T04:33:53,114.63,49.88
2026-08-22T04:33:54,114.13,49.39
2026-08-22T04:33:55,113.92,49.18
2026-08-22T04:33:56,114.25,49.5
2026-08-22T04:33:57,115.19,50.43
2026-08-22T04:33:58,114.17,49.43
2026-08-22T04:33:59,113.86,49.12
2026-08-22T04:34:00,114.52,49.77
2026-08-22T04:34:01,113.78,49.04
2026-08-22T04:34:02,114.4,49.65
2026-08-22T04:34:03,114.35,49.6
2026-08-22T04:34:04,114.44,49.69
2026-08-22T04:34:05,113.94,49.2
2026-08-22T04:34:06,114.27,49.52
2026-08-22T04:34:07,114.32,49.57
2026-08-22T04:34:08,114.38,49.63
2026-08-22T04:34:09,114.43,49.68
2026-08-22T04:34:10,114.35,49.6
2026-08-22T04:34:11,114.76,50.0
2026-08-22T04:34:12,114.27,49.53
2026-08-22T04:34:13,114.26,49.51
2026-08-22T04:34:14,113.99,49.25
2026-08-22T04:34:15,114.37,49.62
2026-08-22T04:34:16,113.73,48.99
2026-08-22T04:34:17,114.28,49.53
2026-08-22T04:34:18,113.91,49.17
2026-08-22T04:34:19,114.56,49.8
2026-08-22T04:34:20,114.43,49.68
2026-08-22T04:34:21,114.7,49.95
2026-08-22T04:34:22,114.0,49.26
2026-08-22T04:34:23,114.1,49.35
2026-08-22T04:34:24,114.28,49.53
2026-08-22T04:34:25,114.11,49.37
2026-08-22T04:34:26,114.6,49.85
2026-08-22T04:34:27,113.94,49.2
2026-08-22T04:34:28,114.0,49.26
2026-08-22T04:34:29,114.21,49.46
2026-08-22T04:34:30,114.12,49.38
2026-08-22T04:34:31,114.16,49.41
2026-08-22T04:34:32,114.64,49.88
2026-08-22T04:34:33,114.08,49.34
2026-08-22T04:34:34,114.18,49.43
2026-08-22T04:34:35,114.3,49.55
2026-08-22T04:34:36,114.8,50.05
2026-08-22T04:34:37,114.63,49.88
2026-08-22T04:34:38,114.65,49.89
2026-08-22T04:34:39,114.18,49.43
2026-08-22T04:34:40,113.88,49.14
2026-08-22T04:34:41,113.62,48.88
2026-08-22T04:34:42,113.62,48.88
2026-08-22T04:34:43,114.58,49.83
2026-08-22T04:34:44,114.33,49.58
2026-08-22T04:34:45,114.09,49.35
2026-08-22T04:34:46,114.59,49.83
2026-08-22T04:34:47,113.92,49.18
2026-08-22T04:34:48,114.07,49.33
2026-08-22T04:34:49,114.35,49.6
2026-08-22T04:34:50,114.19,49.44
2026-08-22T04:34:51,113.95,49.21
2026-08-22T04:34:52,114.22,49.47
2026-08-22T04:34:53,114.55,49.8
2026-08-22T04:34:54,113.9,49.15
2026-08-22T04:34:55,114.2,49.45
2026-08-22T04:34:56,114.25,49.5
2026-08-22T04:34:57,114.15,49.4
2026-08-22T04:34:58,114.14,49.4
2026-08-22T04:34:59,114.13,49.39
2026-08-22T04:35:00,114.37,49.62
2026-08-22T04:35:01,113.64,48.9
2026-08-22T04:35:02,113.99,49.25
2026-08-22T04:35:03,114.56,49.8
2026-08-22T04:35:04,113.76,49.02
2026-08-22T04:35:05,113.55,48.81
2026-08-22T04:35:06,114.05,49.31
2026-08-22T04:35:07,114.4,49.65
2026-08-22T04:35:08,115.02,50.26
2026-08-22T04:35:09,113.89,49.15
2026-08-22T04:35:10,113.94,49.2
2026-08-22T04:35:11,114.13,49.38
2026-08-22T04:35:12,114.32,49.57
2026-08-22T04:35:13,113.98,49.24
2026-08-22T04:35:14,113.8,49.06
2026-08-22T04:35:15,114.49,49.74
2026-08-22T04:35:16,113.97,49.23
2026-08-22T04:35:17,113.99,49.25
2026-08-22T04:35:18,113.87,49.13
2026-08-22T04:35:19,114.76,50.01
2026-08-22T04:35:20,114.42,49.67
2026-08-22T04:35:21,114.21,49.47
2026-08-22T04:35:22,114.02,49.28
2026-08-22T04:35:23,113.99,49.25
2026-08-22T04:35:24,114.21,49.47
2026-08-22T04:35:25,113.79,49.05
2026-08-22T04:35:26,113.76,49.02
2026-08-22T04:35:27,113.91,49.17
2026-08-22T04:35:28,113.99,49.24
2026-08-22T04:35:29,114.11,49.36
2026-08-22T04:35:30,113.25,48.51
2026-08-22T04:35:31,113.57,48.83
2026-08-22T04:35:32,113.67,48.93
2026-08-22T04:35:33,113.98,49.24
2026-08-22T04:35:34,113.68,48.94
2026-08-22T04:35:35,114.03,49.29
2026-08-22T04:35:36,114.65,49.89
2026-08-22T04:35:37,114.19,49.44
2026-08-22T04:35:38,113.98,49.24
2026-08-22T04:35:39,113.63,48.89
2026-08-22T04:35:40,114.44,49.69
2026-08-22T04:35:41,114.01,49.26
2026-08-22T04:35:42,114.17,49.42
2026-08-22T04:35:43,113.98,49.24
2026-08-22T04:35:44,113.5,48.77
2026-08-22T04:35:45,114.18,49.43
2026-08-22T04:35:46,113.77,49.03
2026-08-22T04:35:47,113.88,49.13
2026-08-22T04:35:48,113.48,48.74
2026-08-22T04:35:49,113.08,48.35
2026-08-22T04:35:50,114.06,49.31
2026-08-22T04:35:51,113.61,48.88
2026-08-22T04:35:52,113.96,49.21
2026-08-22T04:35:53,113.39,48.66
2026-08-22T04:35:54,114.35,49.6
2026-08-22T04:35:55,113.99,49.24
2026-08-22T04:35:56,114.03,49.29
2026-08-22T04:35:57,114.28,49.54
2026-08-22T04:35:58,113.92,49.18
2026-08-22T04:35:59,113.99,49.24
2026-08-22T04:36:00,114.41,49.66
2026-08-22T04:36:01,114.15,49.4
2026-08-22T04:36:02,113.25,48.51
2026-08-22T04:36:03,113.68,48.94
2026-08-22T04:36:04,114.06,49.32
2026-08-22T04:36:05,116.88,52.09
2026-08-22T04:36:06,114.05,49.31
2026-08-22T04:36:07,114.17,49.42
2026-08-22T04:36:08,114.12,49.38
2026-08-22T04:36:09,113.9,49.16
2026-08-22T04:36:10,113.89,49.15
2026-08-22T04:36:11,113.47,48.73
2026-08-22T04:36:12,113.84,49.09
2026-08-22T04:36:13,113.79,49.05
2026-08-22T04:36:14,113.83,49.09
2026-08-22T04:36:15,113.87,49.13
2026-08-22T04:36:16,114.22,49.47
2026-08-22T04:36:17,113.85,49.11
2026-08-22T04:36:18,114.03,49.28
2026-08-22T04:36:19,113.49,48.75
2026-08-22T04:36:20,113.59,48.85
2026-08-22T04:36:21,113.85,49.11
2026-08-22T04:36:22,114.07,49.33
2026-08-22T04:36:23,113.45,48.71
2026-08-22T04:36:24,113.97,49.22
2026-08-22T04:36:25,113.53,48.79
2026-08-22T04:36:26,113.9,49.15
2026-08-22T04:36:27,113.3,48.57
2026-08-22T04:36:28,114.01,49.27
2026-08-22T04:36:29,113.59,48.85
2026-08-22T04:36:30,113.51,48.78
2026-08-22T04:36:31,113.25,48.52
2026-08-22T04:36:32,114.03,49.29
2026-08-22T04:36:33,114.24,49.49
2026-08-22T04:36:34,113.68,48.94
2026-08-22T04:36:35,113.12,48.39
2026-08-22T04:36:36,113.7,48.96
2026-08-22T04:36:37,113.98,49.24
2026-08-22T04:36:38,113.69,48.95
2026-08-22T04:36:39,113.91,49.16
2026-08-22T04:36:40,113.96,49.22
2026-08-22T04:36:41,113.63,48.9
2026-08-22T04:36:42,113.6,48.86
2026-08-22T04:36:43,114.09,49.35
2026-08-22T04:36:44,113.77,49.03
2026-08-22T04:36:45,114.21,49.47
2026-08-22T04:36:46,113.99,49.25
2026-08-22T04:36:47,114.03,49.29
2026-08-22T04:36:48,113.87,49.13
2026-08-22T04:36:49,113.75,49.01
2026-08-22T04:36:50,114.14,49.39
2026-08-22T04:36:51,113.92,49.18
2026-08-22T04:36:52,114.56,49.81
2026-08-22T04:36:53,113.65,48.91
2026-08-22T04:36:54,114.27,49.52
2026-08-22T04:36:55,114.15,49.4
2026-08-22T04:36:56,113.66,48.92
2026-08-22T04:36:57,113.96,49.22
2026-08-22T04:36:58,114.25,49.5
2026-08-22T04:36:59,114.14,49.4
2026-08-22T04:37:00,113.56,48.82
2026-08-22T04:37:01,113.99,49.24
2026-08-22T04:37:02,114.04,49.3
2026-08-22T04:37:03,114.26,49.52
2026-08-22T04:37:04,114.54,49.79
2026-08-22T04:37:05,114.05,49.3
2026-08-22T04:37:06,115.66,50.89
2026-08-22T04:37:07,114.65,49.89
2026-08-22T04:37:08,115.36,50.59
2026-08-22T04:37:09,115.62,50.86
2026-08-22T04:37:10,116.46,51.68
2026-08-22T04:37:11,114.62,49.87
2026-08-22T04:37:12,113.82,49.08
2026-08-22T04:37:13,114.12,49.38
2026-08-22T04:37:14,114.27,49.52
2026-08-22T04:37:15,113.97,49.22
2026-08-22T04:37:16,114.33,49.58
2026-08-22T04:37:17,113.82,49.08
2026-08-22T04:37:18,114.65,49.9
2026-08-22T04:37:19,114.49,49.74
2026-08-22T04:37:20,114.04,49.3
2026-08-22T04:37:21,114.36,49.61
2026-08-22T04:37:22,114.52,49.77
2026-08-22T04:37:23,114.14,49.4
2026-08-22T04:37:24,114.19,49.44
2026-08-22T04:37:25,113.99,49.25
2026-08-22T04:37:26,113.96,49.22
2026-08-22T04:37:27,113.65,48.91
2026-08-22T04:37:28,113.98,49.23
2026-08-22T04:37:29,114.07,49.33
2026-08-22T04:37:30,114.11,49.37
2026-08-22T04:37:31,114.12,49.37
2026-08-22T04:37:32,114.41,49.66
2026-08-22T04:37:33,114.55,49.79
2026-08-22T04:37:34,114.15,49.4
2026-08-22T04:37:35,114.34,49.59
2026-08-22T04:37:36,114.14,49.4
2026-08-22T04:37:37,113.94,49.2
2026-08-22T04:37:38,114.11,49.36
2026-08-22T04:37:39,113.93,49.19
2026-08-22T04:37:40,113.72,48.98
2026-08-22T04:37:41,114.12,49.38
2026-08-22T04:37:42,113.95,49.21
2026-08-22T04:37:43,114.2,49.46
2026-08-22T04:37:44,114.4,49.65
2026-08-22T04:37:45,114.2,49.45
2026-08-22T04:37:46,114.11,49.37
2026-08-22T04:37:47,114.08,49.33
2026-08-22T04:37:48,114.19,49.44
2026-08-22T04:37:49,114.16,49.42
2026-08-22T04:37:50,113.92,49.18
2026-08-22T04:37:51,114.04,49.29
2026-08-22T04:37:52,114.83,50.08
2026-08-22T04:37:53,114.89,50.14
2026-08-22T04:37:54,115.1,50.34
2026-08-22T04:37:55,115.2,50.44
2026-08-22T04:37:56,115.47,50.71
2026-08-22T04:37:57,115.69,50.92
2026-08-22T04:37:58,116.25,51.47
2026-08-22T04:37:59,115.9,51.13
2026-08-22T04:38:00,115.57,50.81
2026-08-22T04:38:01,115.19,50.43
2026-08-22T04:38:02,115.4,50.63
2026-08-22T04:38:03,115.03,50.28
2026-08-22T04:38:04,114.63,49.88
2026-08-22T04:38:05,114.84,50.08
2026-08-22T04:38:06,114.51,49.76
2026-08-22T04:38:07,113.88,49.14
2026-08-22T04:38:08,114.5,49.75
2026-08-22T04:38:09,113.95,49.21
2026-08-22T04:38:10,114.49,49.74
2026-08-22T04:38:11,114.34,49.59
2026-08-22T04:38:12,114.56,49.81
2026-08-22T04:38:13,113.96,49.22
2026-08-22T04:38:14,114.01,49.27
2026-08-22T04:38:15,114.42,49.67
2026-08-22T04:38:16,114.59,49.84
2026-08-22T04:38:17,114.01,49.27
2026-08-22T04:38:18,113.94,49.2
2026-08-22T04:38:19,113.78,49.04
2026-08-22T04:38:20,114.16,49.41
2026-08-22T04:38:21,114.26,49.52
2026-08-22T04:38:22,114.23,49.49
2026-08-22T04:38:23,114.25,49.5
2026-08-22T04:38:24,113.72,48.98
2026-08-22T04:38:25,114.2,49.46
2026-08-22T04:38:26,114.12,49.38
2026-08-22T04:38:27,114.24,49.49
2026-08-22T04:38:28,114.1,49.36
2026-08-22T04:38:29,114.48,49.73
2026-08-22T04:38:30,114.4,49.65
2026-08-22T04:38:31,114.69,49.93
2026-08-22T04:38:32,114.23,49.48
2026-08-22T04:38:33,114.7,49.95
2026-08-22T04:38:34,114.5,49.75
2026-08-22T04:38:35,115.41,50.65
2026-08-22T04:38:36,115.58,50.82
2026-08-22T04:38:37,115.89,51.12
2026-08-22T04:38:38,115.5,50.74
2026-08-22T04:38:39,118.0,53.2
2026-08-22T04:38:40,117.14,52.35
2026-08-22T04:38:41,116.79,52.0
2026-08-22T04:38:42,116.19,51.41
2026-08-22T04:38:43,116.31,51.54
2026-08-22T04:38:44,120.21,55.38
2026-08-22T04:38:45,120.76,55.92
2026-08-22T04:38:46,120.61,55.78
2026-08-22T04:38:47,115.53,50.77
2026-08-22T04:38:48,114.68,49.92
2026-08-22T04:38:49,118.03,53.23
2026-08-22T04:38:50,117.2,52.41
2026-08-22T04:38:51,114.94,50.19
2026-08-22T04:38:52,114.75,49.99
2026-08-22T04:38:53,114.73,49.98
2026-08-22T04:38:54,114.3,49.55
2026-08-22T04:38:55,113.85,49.11
2026-08-22T04:38:56,114.47,49.72
2026-08-22T04:38:57,113.68,48.94
2026-08-22T04:38:58,114.21,49.46
2026-08-22T04:38:59,114.22,49.47
2026-08-22T04:39:00,113.87,49.13
2026-08-22T04:39:01,114.28,49.53
2026-08-22T04:39:02,114.22,49.47
2026-08-22T04:39:03,113.56,48.83
2026-08-22T04:39:04,114.2,49.45
2026-08-22T04:39:05,113.97,49.22
2026-08-22T04:39:06,113.71,48.98
2026-08-22T04:39:07,114.56,49.81
2026-08-22T04:39:08,113.69,48.95
2026-08-22T04:39:09,113.83,49.09
2026-08-22T04:39:10,114.06,49.31
2026-08-22T04:39:11,113.82,49.08
2026-08-22T04:39:12,113.42,48.69
2026-08-22T04:39:13,113.49,48.75
2026-08-22T04:39:14,113.61,48.88
2026-08-22T04:39:15,113.6,48.86
2026-08-22T04:39:16,114.5,49.75
2026-08-22T04:39:17,114.09,49.35
2026-08-22T04:39:18,114.26,49.52
2026-08-22T04:39:19,113.52,48.79
2026-08-22T04:39:20,113.99,49.24
2026-08-22T04:39:21,114.04,49.3
2026-08-22T04:39:22,113.98,49.23
2026-08-22T04:39:23,113.81,49.07
2026-08-22T04:39:24,114.0,49.26
2026-08-22T04:39:25,113.87,49.13
2026-08-22T04:39:26,113.89,49.15
2026-08-22T04:39:27,114.34,49.59
2026-08-22T04:39:28,113.97,49.23
2026-08-22T04:39:29,113.97,49.22
2026-08-22T04:39:30,114.36,49.61
2026-08-22T04:39:31,114.08,49.33
2026-08-22T04:39:32,114.36,49.61
2026-08-22T04:39:33,114.36,49.61
2026-08-22T04:39:34,113.89,49.15
2026-08-22T04:39:35,113.92,49.18
2026-08-22T04:39:36,114.14,49.4
2026-08-22T04:39:37,113.99,49.25
2026-08-22T04:39:38,113.9,49.15
2026-08-22T04:39:39,114.35,49.6
2026-08-22T04:39:40,114.67,49.91
2026-08-22T04:39:41,113.89,49.15
2026-08-22T04:39:42,114.62,49.87
2026-08-22T04:39:43,113.86,49.12
2026-08-22T04:39:44,113.64,48.9
2026-08-22T04:39:45,114.14,49.39
2026-08-22T04:39:46,114.81,50.06
2026-08-22T04:39:47,114.71,49.96
2026-08-22T04:39:48,114.05,49.3
2026-08-22T04:39:49,114.44,49.69
2026-08-22T04:39:50,114.38,49.63
2026-08-22T04:39:51,114.21,49.46
2026-08-22T04:39:52,114.65,49.9
2026-08-22T04:39:53,114.38,49.63
2026-08-22T04:39:54,115.15,50.39
2026-08-22T04:39:55,114.38,49.63
2026-08-22T04:39:56,114.39,49.64
2026-08-22T04:39:57,114.03,49.29
2026-08-22T04:39:58,113.86,49.12
2026-08-22T04:39:59,114.83,50.08
2026-08-22T04:40:00,114.21,49.47
2026-08-22T04:40:01,114.09,49.35
2026-08-22T04:40:02,114.66,49.9
2026-08-22T04:40:03,114.63,49.88
2026-08-22T04:40:04,114.83,50.07
2026-08-22T04:40:05,114.62,49.86
2026-08-22T04:40:06,114.64,49.89
2026-08-22T04:40:07,115.59,50.83
2026-08-22T04:40:08,116.43,51.65
2026-08-22T04:40:09,117.57,52.78
2026-08-22T04:40:10,118.56,53.76
2026-08-22T04:40:11,120.96,56.12
2026-08-22T04:40:12,124.25,59.36
2026-08-22T04:40:13,127.14,62.21
2026-08-22T04:40:14,132.43,67.43
2026-08-22T04:40:15,133.63,68.61
2026-08-22T04:40:16,127.92,62.98
2026-08-22T04:40:17,123.58,58.7
2026-08-22T04:40:18,119.98,55.16
2026-08-22T04:40:19,117.53,52.74
2026-08-22T04:40:20,118.08,53.28
2026-08-22T04:40:21,116.67,51.89
2026-08-22T04:40:22,116.16,51.38
2026-08-22T04:40:23,115.61,50.84
2026-08-22T04:40:24,114.41,49.67
2026-08-22T04:40:25,115.14,50.38
2026-08-22T04:40:26,114.95,50.2
2026-08-22T04:40:27,114.47,49.72
2026-08-22T04:40:28,114.08,49.34
2026-08-22T04:40:29,114.62,49.87
2026-08-22T04:40:30,114.42,49.67
2026-08-22T04:40:31,113.8,49.06
2026-08-22T04:40:32,114.57,49.82
2026-08-22T04:40:33,114.37,49.62
2026-08-22T04:40:34,114.4,49.65
2026-08-22T04:40:35,114.19,49.44
2026-08-22T04:40:36,113.9,49.16
2026-08-22T04:40:37,113.54,48.8
2026-08-22T04:40:38,114.03,49.29
2026-08-22T04:40:39,114.09,49.34
2026-08-22T04:40:40,114.35,49.6
2026-08-22T04:40:41,114.11,49.37
2026-08-22T04:40:42,113.82,49.08
2026-08-22T04:40:43,114.3,49.55
2026-08-22T04:40:44,114.04,49.29
2026-08-22T04:40:45,114.18,49.43
2026-08-22T04:40:46,114.15,49.4
2026-08-22T04:40:47,114.48,49.73
2026-08-22T04:40:48,114.17,49.42
2026-08-22T04:40:49,113.82,49.08
2026-08-22T04:40:50,113.94,49.2
2026-08-22T04:40:51,113.78,49.04
2026-08-22T04:40:52,114.01,49.26
2026-08-22T04:40:53,113.97,49.23
2026-08-22T04:40:54,114.41,49.66
2026-08-22T04:40:55,113.81,49.07
2026-08-22T04:40:56,113.96,49.22
2026-08-22T04:40:57,114.45,49.7
2026-08-22T04:40:58,114.19,49.44
2026-08-22T04:40:59,113.28,48.55
2026-08-22T04:41:00,114.24,49.49
2026-08-22T04:41:01,114.32,49.57
2026-08-22T04:41:02,114.22,49.48
2026-08-22T04:41:03,114.25,49.51
2026-08-22T04:41:04,113.93,49.19
2026-08-22T04:41:05,114.21,49.46
2026-08-22T04:41:06,114.03,49.28
2026-08-22T04:41:07,114.45,49.7
2026-08-22T04:41:08,114.18,49.43
2026-08-22T04:41:09,113.78,49.04
2026-08-22T04:41:10,114.52,49.77
2026-08-22T04:41:11,114.05,49.3
2026-08-22T04:41:12,114.03,49.29
2026-08-22T04:41:13,114.09,49.34
2026-08-22T04:41:14,114.06,49.32
2026-08-22T04:41:15,114.24,49.5
2026-08-22T04:41:16,113.85,49.11
2026-08-22T04:41:17,113.79,49.05
2026-08-22T04:41:18,113.94,49.2
2026-08-22T04:41:19,114.46,49.71
2026-08-22T04:41:20,113.59,48.85
2026-08-22T04:41:21,114.47,49.72
2026-08-22T04:41:22,114.02,49.28
2026-08-22T04:41:23,113.82,49.08
2026-08-22T04:41:24,113.9,49.16
2026-08-22T04:41:25,113.8,49.06
2026-08-22T04:41:26,114.24,49.49
2026-08-22T04:41:27,113.99,49.24
2026-08-22T04:41:28,114.85,50.1
2026-08-22T04:41:29,113.68,48.94
2026-08-22T04:41:30,114.23,49.48
2026-08-22T04:41:31,114.3,49.55
2026-08-22T04:41:32,113.91,49.17
2026-08-22T04:41:33,114.08,49.34
2026-08-22T04:41:34,114.32,49.57
2026-08-22T04:41:35,114.26,49.51
2026-08-22T04:41:36,114.19,49.44
2026-08-22T04:41:37,114.07,49.33
2026-08-22T04:41:38,114.08,49.33
2026-08-22T04:41:39,113.47,48.74
2026-08-22T04:41:40,114.48,49.73
2026-08-22T04:41:41,114.45,49.7
2026-08-22T04:41:42,114.29,49.54
2026-08-22T04:41:43,114.25,49.51
2026-08-22T04:41:44,113.95,49.2
2026-08-22T04:41:45,113.91,49.16
2026-08-22T04:41:46,114.07,49.33
2026-08-22T04:41:47,114.26,49.51
2026-08-22T04:41:48,114.54,49.79
2026-08-22T04:41:49,115.02,50.26
2026-08-22T04:41:50,114.3,49.55
2026-08-22T04:41:51,114.19,49.44
2026-08-22T04:41:52,114.89,50.13
2026-08-22T04:41:53,115.29,50.53
2026-08-22T04:41:54,115.37,50.61
2026-08-22T04:41:55,115.19,50.43
2026-08-22T04:41:56,116.08,51.31
2026-08-22T04:41:57,115.49,50.72
2026-08-22T04:41:58,115.33,50.56
2026-08-22T04:41:59,114.89,50.14
2026-08-22T04:42:00,114.41,49.66
2026-08-22T04:42:01,113.83,49.09
2026-08-22T04:42:02,114.31,49.56
2026-08-22T04:42:03,114.11,49.37
2026-08-22T04:42:04,113.63,48.9
2026-08-22T04:42:05,114.23,49.48
2026-08-22T04:42:06,113.72,48.99
2026-08-22T04:42:07,114.06,49.32
2026-08-22T04:42:08,113.91,49.17
2026-08-22T04:42:09,114.09,49.34
2026-08-22T04:42:10,114.34,49.59
2026-08-22T04:42:11,114.1,49.36
2026-08-22T04:42:12,114.46,49.71
2026-08-22T04:42:13,114.06,49.31
2026-08-22T04:42:14,114.2,49.45
2026-08-22T04:42:15,114.05,49.31
2026-08-22T04:42:16,114.04,49.29
2026-08-22T04:42:17,113.73,48.99
2026-08-22T04:42:18,113.8,49.06
2026-08-22T04:42:19,113.65,48.91
2026-08-22T04:42:20,114.07,49.32
2026-08-22T04:42:21,114.02,49.28
2026-08-22T04:42:22,114.36,49.61
2026-08-22T04:42:23,114.37,49.62
2026-08-22T04:42:24,114.02,49.27
2026-08-22T04:42:25,114.1,49.36
2026-08-22T04:42:26,114.36,49.61
2026-08-22T04:42:27,114.19,49.44
2026-08-22T04:42:28,114.68,49.93
2026-08-22T04:42:29,114.09,49.34
2026-08-22T04:42:30,114.84,50.08
2026-08-22T04:42:31,113.85,49.11
2026-08-22T04:42:32,113.89,49.15
2026-08-22T04:42:33,114.4,49.65
2026-08-22T04:42:34,114.33,49.59
2026-08-22T04:42:35,113.64,48.9
2026-08-22T04:42:36,113.86,49.12
2026-08-22T04:42:37,114.02,49.28
2026-08-22T04:42:38,113.93,49.18
2026-08-22T04:42:39,114.6,49.85
2026-08-22T04:42:40,114.48,49.73
2026-08-22T04:42:41,114.4,49.65
2026-08-22T04:42:42,113.97,49.23
2026-08-22T04:42:43,114.18,49.43
2026-08-22T04:42:44,114.38,49.63
2026-08-22T04:42:45,114.44,49.69
2026-08-22T04:42:46,114.64,49.89
2026-08-22T04:42:47,113.61,48.88
2026-08-22T04:42:48,113.82,49.07
2026-08-22T04:42:49,114.34,49.59
2026-08-22T04:42:50,114.38,49.63
2026-08-22T04:42:51,114.0,49.26
2026-08-22T04:42:52,113.91,49.16
2026-08-22T04:42:53,114.09,49.34
2026-08-22T04:42:54,114.15,49.4
2026-08-22T04:42:55,114.07,49.33
2026-08-22T04:42:56,113.76,49.02
2026-08-22T04:42:57,113.92,49.18
2026-08-22T04:42:58,114.31,49.57
2026-08-22T04:42:59,114.12,49.37
2026-08-22T04:43:00,114.23,49.48
2026-08-22T04:43:01,114.04,49.3
2026-08-22T04:43:02,113.3,48.56
2026-08-22T04:43:03,113.69,48.95
2026-08-22T04:43:04,113.62,48.88
2026-08-22T04:43:05,114.46,49.71
2026-08-22T04:43:06,114.23,49.48
2026-08-22T04:43:07,114.12,49.38
2026-08-22T04:43:08,114.18,49.44
2026-08-22T04:43:09,114.79,50.03
2026-08-22T04:43:10,114.75,49.99
2026-08-22T04:43:11,114.75,49.99
2026-08-22T04:43:12,114.72,49.96
2026-08-22T04:43:13,114.16,49.42
2026-08-22T04:43:14,114.46,49.71
2026-08-22T04:43:15,114.6,49.85
2026-08-22T04:43:16,114.44,49.69
2026-08-22T04:43:17,114.22,49.47
2026-08-22T04:43:18,114.18,49.44
2026-08-22T04:43:19,113.89,49.15
2026-08-22T04:43:20,114.12,49.37
2026-08-22T04:43:21,114.71,49.95
2026-08-22T04:43:22,114.11,49.37
2026-08-22T04:43:23,114.35,49.6
2026-08-22T04:43:24,114.42,49.67
2026-08-22T04:43:25,115.43,50.66
2026-08-22T04:43:26,115.44,50.68
2026-08-22T04:43:27,114.2,49.46
2026-08-22T04:43:28,114.79,50.04
2026-08-22T04:43:29,114.52,49.77
2026-08-22T04:43:30,113.97,49.23
2026-08-22T04:43:31,114.93,50.18
2026-08-22T04:43:32,115.01,50.25
2026-08-22T04:43:33,114.04,49.3
2026-08-22T04:43:34,114.43,49.68
2026-08-22T04:43:35,114.0,49.26
2026-08-22T04:43:36,113.93,49.19
2026-08-22T04:43:37,114.55,49.79
2026-08-22T04:43:38,115.06,50.3
2026-08-22T04:43:39,114.78,50.03
2026-08-22T04:43:40,114.27,49.52
2026-08-22T04:43:41,115.02,50.26
2026-08-22T04:43:42,114.39,49.64
2026-08-22T04:43:43,113.94,49.19
2026-08-22T04:43:44,114.55,49.8
2026-08-22T04:43:45,114.35,49.6
2026-08-22T04:43:46,114.14,49.39
2026-08-22T04:43:47,113.89,49.15
2026-08-22T04:43:48,114.03,49.28
2026-08-22T04:43:49,114.08,49.34
2026-08-22T04:43:50,114.44,49.69
2026-08-22T04:43:51,114.29,49.54
2026-08-22T04:43:52,113.9,49.16
2026-08-22T04:43:53,113.82,49.07
2026-08-22T04:43:54,113.75,49.01
2026-08-22T04:43:55,114.15,49.41
2026-08-22T04:43:56,114.18,49.43
2026-08-22T04:43:57,114.12,49.37
2026-08-22T04:43:58,113.89,49.15
2026-08-22T04:43:59,114.14,49.39
2026-08-22T04:44:00,114.05,49.31
2026-08-22T04:44:01,113.93,49.19
2026-08-22T04:44:02,113.77,49.02
2026-08-22T04:44:03,114.59,49.84
2026-08-22T04:44:04,113.87,49.13
2026-08-22T04:44:05,114.05,49.31
2026-08-22T04:44:06,113.96,49.22
2026-08-22T04:44:07,114.85,50.09
2026-08-22T04:44:08,113.98,49.24
2026-08-22T04:44:09,114.23,49.49
2026-08-22T04:44:10,114.51,49.76
2026-08-22T04:44:11,113.78,49.04
2026-08-22T04:44:12,114.1,49.36
2026-08-22T04:44:13,113.96,49.22
2026-08-22T04:44:14,114.51,49.76
2026-08-22T04:44:15,114.72,49.96
2026-08-22T04:44:16,115.07,50.31
2026-08-22T04:44:17,115.3,50.54
2026-08-22T04:44:18,115.65,50.88
2026-08-22T04:44:19,116.69,51.9
2026-08-22T04:44:20,118.22,53.41
2026-08-22T04:44:21,120.99,56.15
2026-08-22T04:44:22,123.37,58.49
2026-08-22T04:44:23,125.14,60.24
2026-08-22T04:44:24,126.02,61.11
2026-08-22T04:44:25,126.12,61.2
2026-08-22T04:44:26,126.67,61.75
2026-08-22T04:44:27,125.44,60.53
2026-08-22T04:44:28,123.13,58.26
2026-08-22T04:44:29,121.77,56.91
2026-08-22T04:44:30,120.09,55.26
2026-08-22T04:44:31,119.38,54.56
2026-08-22T04:44:32,118.96,54.15
2026-08-22T04:44:33,117.98,53.18
2026-08-22T04:44:34,117.36,52.57
2026-08-22T04:44:35,116.66,51.88
2026-08-22T04:44:36,116.04,51.27
2026-08-22T04:44:37,115.7,50.94
2026-08-22T04:44:38,115.41,50.64
2026-08-22T04:44:39,115.43,50.67
2026-08-22T04:44:40,114.97,50.21
2026-08-22T04:44:41,115.62,50.85
2026-08-22T04:44:42,115.81,51.04
2026-08-22T04:44:43,115.52,50.75
2026-08-22T04:44:44,116.22,51.45
2026-08-22T04:44:45,116.35,51.57
2026-08-22T04:44:46,117.52,52.73
2026-08-22T04:44:47,120.05,55.22
2026-08-22T04:44:48,121.11,56.27
2026-08-22T04:44:49,122.63,57.76
2026-08-22T04:44:50,124.27,59.38
2026-08-22T04:44:51,125.09,60.19
2026-08-22T04:44:52,123.54,58.66
2026-08-22T04:44:53,120.52,55.68
2026-08-22T04:44:54,118.52,53.71
2026-08-22T04:44:55,117.18,52.39
2026-08-22T04:44:56,116.39,51.61
2026-08-22T04:44:57,115.42,50.65
2026-08-22T04:44:58,115.34,50.58
2026-08-22T04:44:59,116.21,51.44
2026-08-22T04:45:00,114.79,50.03
2026-08-22T04:45:01,114.86,50.1
2026-08-22T04:45:02,114.92,50.16
2026-08-22T04:45:03,114.32,49.58
2026-08-22T04:45:04,114.7,49.94
2026-08-22T04:45:05,113.85,49.1
2026-08-22T04:45:06,114.1,49.35
2026-08-22T04:45:07,114.26,49.51
2026-08-22T04:45:08,113.74,49.0
2026-08-22T04:45:09,114.69,49.94
2026-08-22T04:45:10,114.49,49.74
2026-08-22T04:45:11,114.11,49.36
2026-08-22T04:45:12,114.12,49.38
2026-08-22T04:45:13,114.27,49.52
2026-08-22T04:45:14,114.02,49.27
2026-08-22T04:45:15,114.22,49.47
2026-08-22T04:45:16,114.5,49.75
2026-08-22T04:45:17,114.36,49.61
2026-08-22T04:45:18,114.39,49.64
2026-08-22T04:45:19,114.54,49.79
2026-08-22T04:45:20,114.0,49.25
2026-08-22T04:45:21,114.08,49.34
2026-08-22T04:45:22,114.07,49.33
2026-08-22T04:45:23,114.22,49.47
2026-08-22T04:45:24,114.3,49.55
2026-08-22T04:45:25,114.57,49.81
2026-08-22T04:45:26,114.0,49.26
2026-08-22T04:45:27,113.74,49.0
2026-08-22T04:45:28,114.01,49.26
2026-08-22T04:45:29,113.91,49.16
2026-08-22T04:45:30,114.34,49.59
2026-08-22T04:45:31,113.98,49.24
2026-08-22T04:45:32,114.33,49.58
2026-08-22T04:45:33,113.62,48.89
2026-08-22T04:45:34,114.78,50.03
2026-08-22T04:45:35,114.37,49.62
2026-08-22T04:45:36,114.73,49.97
2026-08-22T04:45:37,114.51,49.76
2026-08-22T04:45:38,115.2,50.44
2026-08-22T04:45:39,115.37,50.61
2026-08-22T04:45:40,116.01,51.24
2026-08-22T04:45:41,116.19,51.42
2026-08-22T04:45:42,117.12,52.33
2026-08-22T04:45:43,121.12,56.27
2026-08-22T04:45:44,123.46,58.58
2026-08-22T04:45:45,125.07,60.17
2026-08-22T04:45:46,126.2,61.28
2026-08-22T04:45:47,126.4,61.48
2026-08-22T04:45:48,124.18,59.29
2026-08-22T04:45:49,120.0,55.17
2026-08-22T04:45:50,118.2,53.4
2026-08-22T04:45:51,117.48,52.69
2026-08-22T04:45:52,117.03,52.24
2026-08-22T04:45:53,116.18,51.41
2026-08-22T04:45:54,117.15,52.36
2026-08-22T04:45:55,114.85,50.09
2026-08-22T04:45:56,114.45,49.7
2026-08-22T04:45:57,114.39,49.64
2026-08-22T04:45:58,114.32,49.57
2026-08-22T04:45:59,114.44,49.69
2026-08-22T04:46:00,114.1,49.35
2026-08-22T04:46:01,114.06,49.32
2026-08-22T04:46:02,113.94,49.2
2026-08-22T04:46:03,114.08,49.34
2026-08-22T04:46:04,114.46,49.71
2026-08-22T04:46:05,114.32,49.57
2026-08-22T04:46:06,114.03,49.29
2026-08-22T04:46:07,114.29,49.55
2026-08-22T04:46:08,113.83,49.08
2026-08-22T04:46:09,114.01,49.27
2026-08-22T04:46:10,114.11,49.37
2026-08-22T04:46:11,114.43,49.68
2026-08-22T04:46:12,113.28,48.55
2026-08-22T04:46:13,114.43,49.68
2026-08-22T04:46:14,113.62,48.88
2026-08-22T04:46:15,113.96,49.21
2026-08-22T04:46:16,113.65,48.92
2026-08-22T04:46:17,113.85,49.11
2026-08-22T04:46:18,113.74,49.0
2026-08-22T04:46:19,114.07,49.33
2026-08-22T04:46:20,113.93,49.19
2026-08-22T04:46:21,114.19,49.44
2026-08-22T04:46:22,113.4,48.66
2026-08-22T04:46:23,113.45,48.72
2026-08-22T04:46:24,114.34,49.6
2026-08-22T04:46:25,114.53,49.78
2026-08-22T04:46:26,113.94,49.2
2026-08-22T04:46:27,114.36,49.61
2026-08-22T04:46:28,114.35,49.6
2026-08-22T04:46:29,114.78,50.02
2026-08-22T04:46:30,114.2,49.45
2026-08-22T04:46:31,114.66,49.91
2026-08-22T04:46:32,114.62,49.86
2026-08-22T04:46:33,113.94,49.2
2026-08-22T04:46:34,113.89,49.14
2026-08-22T04:46:35,113.96,49.21
2026-08-22T04:46:36,114.64,49.89
2026-08-22T04:46:37,114.36,49.61
2026-08-22T04:46:38,114.71,49.95
2026-08-22T04:46:39,115.47,50.7
2026-08-22T04:46:40,115.82,51.05
2026-08-22T04:46:41,115.8,51.03
2026-08-22T04:46:42,116.32,51.54
2026-08-22T04:46:43,117.38,52.59
2026-08-22T04:46:44,118.73,53.92
2026-08-22T04:46:45,119.75,54.93
2026-08-22T04:46:46,120.93,56.09
2026-08-22T04:46:47,122.38,57.52
2026-08-22T04:46:48,122.24,57.38
2026-08-22T04:46:49,119.76,54.93
2026-08-22T04:46:50,117.44,52.65
2026-08-22T04:46:51,116.41,51.63
2026-08-22T04:46:52,115.44,50.68
2026-08-22T04:46:53,115.03,50.28
2026-08-22T04:46:54,114.7,49.95
2026-08-22T04:46:55,114.41,49.66
2026-08-22T04:46:56,114.01,49.26
2026-08-22T04:46:57,114.36,49.62
2026-08-22T04:46:58,114.21,49.46
2026-08-22T04:46:59,113.82,49.08
2026-08-22T04:47:00,113.72,48.98
2026-08-22T04:47:01,113.71,48.97
2026-08-22T04:47:02,114.33,49.58
2026-08-22T04:47:03,113.86,49.12
2026-08-22T04:47:04,114.42,49.67
2026-08-22T04:47:05,113.78,49.04
2026-08-22T04:47:06,114.53,49.77
2026-08-22T04:47:07,113.81,49.07
2026-08-22T04:47:08,114.44,49.69
2026-08-22T04:47:09,114.42,49.67
2026-08-22T04:47:10,114.55,49.8
2026-08-22T04:47:11,114.21,49.46
2026-08-22T04:47:12,114.69,49.93
2026-08-22T04:47:13,114.07,49.33
2026-08-22T04:47:14,114.28,49.53
2026-08-22T04:47:15,114.25,49.5
2026-08-22T04:47:16,113.98,49.23
2026-08-22T04:47:17,114.24,49.49
2026-08-22T04:47:18,114.06,49.32
2026-08-22T04:47:19,114.27,49.52
2026-08-22T04:47:20,114.3,49.55
2026-08-22T04:47:21,114.33,49.58
2026-08-22T04:47:22,114.18,49.43
2026-08-22T04:47:23,114.31,49.56
2026-08-22T04:47:24,113.94,49.2
2026-08-22T04:47:25,114.84,50.09
2026-08-22T04:47:26,114.33,49.58
2026-08-22T04:47:27,114.02,49.28
2026-08-22T04:47:28,115.06,50.3
2026-08-22T04:47:29,114.1,49.35
2026-08-22T04:47:30,113.93,49.19
2026-08-22T04:47:31,114.43,49.68
2026-08-22T04:47:32,114.25,49.51
2026-08-22T04:47:33,114.49,49.74
2026-08-22T04:47:34,114.41,49.66
2026-08-22T04:47:35,114.45,49.7
2026-08-22T04:47:36,114.42,49.67
2026-08-22T04:47:37,114.19,49.44
2026-08-22T04:47:38,114.06,49.31
2026-08-22T04:47:39,114.04,49.29
2026-08-22T04:47:40,114.01,49.27
2026-08-22T04:47:41,113.78,49.04
2026-08-22T04:47:42,113.96,49.22
2026-08-22T04:47:43,113.72,48.98
2026-08-22T04:47:44,113.66,48.92
2026-08-22T04:47:45,114.42,49.67
2026-08-22T04:47:46,113.65,48.92
2026-08-22T04:47:47,114.41,49.66
2026-08-22T04:47:48,115.07,50.31
2026-08-22T04:47:49,114.29,49.54
2026-08-22T04:47:50,114.13,49.38
2026-08-22T04:47:51,113.99,49.25
2026-08-22T04:47:52,114.84,50.08
2026-08-22T04:47:53,113.91,49.17
2026-08-22T04:47:54,113.92,49.18
2026-08-22T04:47:55,114.73,49.98
2026-08-22T04:47:56,114.08,49.34
2026-08-22T04:47:57,113.79,49.05
2026-08-22T04:47:58,114.32,49.58
2026-08-22T04:47:59,113.74,49.0
2026-08-22T04:48:00,113.96,49.22
2026-08-22T04:48:01,114.15,49.41
2026-08-22T04:48:02,113.85,49.11
2026-08-22T04:48:03,114.14,49.4
2026-08-22T04:48:04,113.64,48.9
2026-08-22T04:48:05,114.48,49.73
2026-08-22T04:48:06,114.04,49.3
2026-08-22T04:48:07,114.23,49.48
2026-08-22T04:48:08,114.5,49.75
2026-08-22T04:48:09,114.21,49.46
2026-08-22T04:48:10,113.71,48.97
2026-08-22T04:48:11,114.18,49.44
2026-08-22T04:48:12,113.31,48.57
2026-08-22T04:48:13,114.52,49.77
2026-08-22T04:48:14,114.34,49.59
2026-08-22T04:48:15,114.22,49.48
2026-08-22T04:48:16,114.48,49.73
2026-08-22T04:48:17,114.98,50.22
2026-08-22T04:48:18,114.55,49.79
2026-08-22T04:48:19,114.37,49.63
2026-08-22T04:48:20,115.46,50.7
2026-08-22T04:48:21,116.6,51.82
2026-08-22T04:48:22,116.55,51.77
2026-08-22T04:48:23,118.29,53.49
2026-08-22T04:48:24,119.78,54.96
2026-08-22T04:48:25,121.96,57.1
2026-08-22T04:48:26,125.97,61.06
2026-08-22T04:48:27,128.82,63.87
2026-08-22T04:48:28,130.49,65.51
2026-08-22T04:48:29,122.88,58.01
2026-08-22T04:48:30,118.97,54.15
2026-08-22T04:48:31,116.95,52.17
2026-08-22T04:48:32,115.5,50.73
2026-08-22T04:48:33,114.75,49.99
2026-08-22T04:48:34,114.98,50.22
2026-08-22T04:48:35,114.33,49.58
2026-08-22T04:48:36,114.03,49.28
2026-08-22T04:48:37,114.3,49.55
2026-08-22T04:48:38,114.47,49.72
2026-08-22T04:48:39,114.11,49.36
2026-08-22T04:48:40,113.9,49.15
2026-08-22T04:48:41,113.94,49.2
2026-08-22T04:48:42,113.99,49.25
2026-08-22T04:48:43,114.19,49.44
2026-08-22T04:48:44,114.12,49.38
2026-08-22T04:48:45,114.22,49.47
2026-08-22T04:48:46,114.22,49.47
2026-08-22T04:48:47,115.07,50.31
2026-08-22T04:48:48,114.14,49.39
2026-08-22T04:48:49,114.55,49.79
2026-08-22T04:48:50,114.48,49.73
2026-08-22T04:48:51,113.6,48.87
2026-08-22T04:48:52,113.85,49.11
2026-08-22T04:48:53,114.66,49.91
2026-08-22T04:48:54,114.8,50.05
2026-08-22T04:48:55,114.92,50.17
2026-08-22T04:48:56,114.7,49.95
2026-08-22T04:48:57,114.32,49.57
2026-08-22T04:48:58,114.7,49.94
2026-08-22T04:48:59,113.82,49.08
2026-08-22T04:49:00,114.0,49.26
2026-08-22T04:49:01,114.12,49.37
2026-08-22T04:49:02,113.92,49.17
2026-08-22T04:49:03,114.19,49.44
2026-08-22T04:49:04,114.57,49.82
2026-08-22T04:49:05,113.8,49.06
2026-08-22T04:49:06,114.21,49.46
2026-08-22T04:49:07,113.91,49.17
2026-08-22T04:49:08,113.93,49.19
2026-08-22T04:49:09,113.98,49.24
2026-08-22T04:49:10,113.65,48.91
2026-08-22T04:49:11,114.11,49.36
2026-08-22T04:49:12,114.54,49.79
2026-08-22T04:49:13,114.77,50.02
2026-08-22T04:49:14,114.53,49.77
2026-08-22T04:49:15,114.43,49.68
2026-08-22T04:49:16,114.2,49.45
2026-08-22T04:49:17,113.54,48.8
2026-08-22T04:49:18,114.61,49.86
2026-08-22T04:49:19,114.11,49.36
2026-08-22T04:49:20,113.83,49.09
2026-08-22T04:49:21,114.32,49.57
2026-08-22T04:49:22,114.14,49.39
2026-08-22T04:49:23,114.23,49.48
2026-08-22T04:49:24,114.4,49.65
2026-08-22T04:49:25,114.07,49.33
2026-08-22T04:49:26,114.47,49.72
2026-08-22T04:49:27,114.17,49.43
2026-08-22T04:49:28,114.03,49.29
2026-08-22T04:49:29,113.88,49.14
2026-08-22T04:49:30,113.76,49.02
2026-08-22T04:49:31,114.19,49.44
2026-08-22T04:49:32,113.99,49.24
2026-08-22T04:49:33,114.15,49.4
2026-08-22T04:49:34,114.0,49.26
2026-08-22T04:49:35,114.26,49.52
2026-08-22T04:49:36,115.2,50.44
2026-08-22T04:49:37,124.4,59.51
2026-08-22T04:49:38,116.26,51.49
2026-08-22T04:49:39,114.04,49.3
2026-08-22T04:49:40,114.2,49.45
2026-08-22T04:49:41,113.71,48.97
2026-08-22T04:49:42,114.26,49.51
2026-08-22T04:49:43,113.92,49.18
2026-08-22T04:49:44,113.86,49.11
2026-08-22T04:49:45,114.98,50.22
2026-08-22T04:49:46,116.43,51.65
2026-08-22T04:49:47,114.1,49.35
2026-08-22T04:49:48,113.69,48.95
2026-08-22T04:49:49,113.75,49.01
2026-08-22T04:49:50,113.47,48.73
2026-08-22T04:49:51,113.79,49.05
2026-08-22T04:49:52,113.54,48.8
2026-08-22T04:49:53,114.44,49.69
2026-08-22T04:49:54,113.28,48.55
2026-08-22T04:49:55,114.37,49.62
2026-08-22T04:49:56,114.31,49.56
2026-08-22T04:49:57,114.6,49.84
2026-08-22T04:49:58,114.67,49.91
2026-08-22T04:49:59,114.37,49.62
2026-08-22T04:50:00,114.36,49.61
2026-08-22T04:50:01,114.37,49.62
2026-08-22T04:50:02,113.78,49.03
2026-08-22T04:50:03,113.83,49.09
2026-08-22T04:50:04,114.06,49.32
2026-08-22T04:50:05,113.83,49.09
2026-08-22T04:50:06,113.39,48.66
2026-08-22T04:50:07,113.82,49.08
2026-08-22T04:50:08,113.77,49.03
2026-08-22T04:50:09,114.19,49.44
2026-08-22T04:50:10,113.73,48.99
2026-08-22T04:50:11,114.84,50.08
2026-08-22T04:50:12,113.66,48.92
2026-08-22T04:50:13,114.39,49.64
2026-08-22T04:50:14,114.17,49.42
2026-08-22T04:50:15,114.47,49.72
2026-08-22T04:50:16,114.34,49.59
2026-08-22T04:50:17,115.09,50.34
2026-08-22T04:50:18,114.53,49.78
2026-08-22T04:50:19,115.04,50.28
2026-08-22T04:50:20,114.38,49.63
2026-08-22T04:50:21,114.12,49.37
2026-08-22T04:50:22,113.68,48.94
2026-08-22T04:50:23,114.23,49.48
2026-08-22T04:50:24,113.89,49.15
2026-08-22T04:50:25,114.17,49.43
2026-08-22T04:50:26,114.23,49.48
2026-08-22T04:50:27,114.71,49.95
2026-08-22T04:50:28,114.5,49.75
2026-08-22T04:50:29,114.42,49.67
2026-08-22T04:50:30,114.05,49.31
2026-08-22T04:50:31,114.3,49.55
2026-08-22T04:50:32,113.93,49.19
2026-08-22T04:50:33,114.08,49.33
2026-08-22T04:50:34,114.01,49.27
2026-08-22T04:50:35,114.25,49.51
2026-08-22T04:50:36,114.23,49.48
2026-08-22T04:50:37,115.02,50.26
2026-08-22T04:50:38,114.36,49.61
2026-08-22T04:50:39,114.43,49.68
2026-08-22T04:50:40,114.05,49.3
2026-08-22T04:50:41,114.21,49.47
2026-08-22T04:50:42,113.58,48.84
2026-08-22T04:50:43,114.14,49.4
2026-08-22T04:50:44,113.66,48.92
2026-08-22T04:50:45,113.86,49.12
2026-08-22T04:50:46,114.18,49.43
2026-08-22T04:50:47,114.22,49.48
2026-08-22T04:50:48,113.77,49.03
2026-08-22T04:50:49,114.32,49.57
2026-08-22T04:50:50,114.03,49.29
2026-08-22T04:50:51,113.94,49.2
2026-08-22T04:50:52,113.99,49.25
2026-08-22T04:50:53,113.67,48.93
2026-08-22T04:50:54,114.03,49.29
2026-08-22T04:50:55,113.7,48.96
2026-08-22T04:50:56,113.87,49.12
2026-08-22T04:50:57,114.2,49.45
2026-08-22T04:50:58,114.19,49.45
2026-08-22T04:50:59,113.94,49.2
2026-08-22T04:51:00,114.02,49.28
2026-08-22T04:51:01,114.78,50.03
2026-08-22T04:51:02,113.5,48.77
2026-08-22T04:51:03,114.38,49.63
2026-08-22T04:51:04,114.51,49.76
2026-08-22T04:51:05,113.79,49.05
2026-08-22T04:51:06,114.33,49.58
2026-08-22T04:51:07,113.56,48.83
2026-08-22T04:51:08,113.72,48.98
2026-08-22T04:51:09,113.69,48.95
2026-08-22T04:51:10,114.35,49.6
2026-08-22T04:51:11,113.86,49.12
2026-08-22T04:51:12,114.47,49.72
2026-08-22T04:51:13,113.62,48.88
2026-08-22T04:51:14,114.31,49.57
2026-08-22T04:51:15,114.37,49.63
2026-08-22T04:51:16,114.17,49.42
2026-08-22T04:51:17,114.63,49.88
2026-08-22T04:51:18,113.67,48.94
2026-08-22T04:51:19,113.84,49.1
2026-08-22T04:51:20,113.52,48.79
2026-08-22T04:51:21,114.03,49.29
2026-08-22T04:51:22,113.74,49.0
2026-08-22T04:51:23,113.87,49.13
2026-08-22T04:51:24,114.13,49.38
2026-08-22T04:51:25,113.98,49.23
2026-08-22T04:51:26,114.04,49.29
2026-08-22T04:51:27,113.84,49.1
2026-08-22T04:51:28,113.73,48.99
2026-08-22T04:51:29,114.69,49.94
2026-08-22T04:51:30,113.45,48.72
2026-08-22T04:51:31,114.13,49.39
2026-08-22T04:51:32,113.99,49.25
2026-08-22T04:51:33,113.44,48.71
2026-08-22T04:51:34,113.44,48.7
2026-08-22T04:51:35,114.58,49.82
2026-08-22T04:51:36,113.89,49.14
2026-08-22T04:51:37,114.57,49.82
2026-08-22T04:51:38,113.31,48.57
2026-08-22T04:51:39,113.45,48.72
2026-08-22T04:51:40,113.8,49.06
2026-08-22T04:51:41,113.83,49.09
2026-08-22T04:51:42,113.81,49.07
2026-08-22T04:51:43,114.43,49.68
2026-08-22T04:51:44,114.81,50.05
2026-08-22T04:51:45,115.41,50.64
2026-08-22T04:51:46,116.67,51.89
2026-08-22T04:51:47,117.91,53.11
2026-08-22T04:51:48,122.73,57.86
2026-08-22T04:51:49,124.85,59.95
2026-08-22T04:51:50,126.78,61.85
2026-08-22T04:51:51,128.59,63.64
2026-08-22T04:51:52,128.04,63.1
2026-08-22T04:51:53,125.27,60.37
2026-08-22T04:51:54,124.47,59.58
2026-08-22T04:51:55,126.18,61.26
2026-08-22T04:51:56,126.98,62.05
2026-08-22T04:51:57,122.93,58.06
2026-08-22T04:51:58,121.14,56.3
2026-08-22T04:51:59,118.7,53.89
2026-08-22T04:52:00,118.17,53.37
2026-08-22T04:52:01,115.01,50.25
2026-08-22T04:52:02,113.99,49.25
2026-08-22T04:52:03,114.2,49.46
2026-08-22T04:52:04,117.06,52.28
2026-08-22T04:52:05,115.05,50.29
2026-08-22T04:52:06,115.71,50.94
2026-08-22T04:52:07,116.85,52.06
2026-08-22T04:52:08,114.03,49.29
2026-08-22T04:52:09,113.74,49.0
2026-08-22T04:52:10,113.71,48.97
2026-08-22T04:52:11,114.37,49.62
2026-08-22T04:52:12,114.05,49.3
2026-08-22T04:52:13,113.91,49.17
2026-08-22T04:52:14,113.62,48.88
2026-08-22T04:52:15,113.52,48.78
2026-08-22T04:52:16,114.12,49.38
2026-08-22T04:52:17,114.07,49.32
2026-08-22T04:52:18,114.35,49.6
2026-08-22T04:52:19,115.1,50.34
2026-08-22T04:52:20,114.38,49.63
2026-08-22T04:52:21,113.89,49.15
2026-08-22T04:52:22,113.77,49.03
2026-08-22T04:52:23,113.79,49.05
2026-08-22T04:52:24,113.9,49.16
2026-08-22T04:52:25,113.77,49.02
2026-08-22T04:52:26,113.81,49.07
2026-08-22T04:52:27,113.23,48.5
2026-08-22T04:52:28,113.58,48.84
2026-08-22T04:52:29,113.36,48.63
2026-08-22T04:52:30,114.15,49.41
2026-08-22T04:52:31,113.55,48.81
2026-08-22T04:52:32,113.5,48.76
2026-08-22T04:52:33,113.47,48.73
2026-08-22T04:52:34,113.53,48.79
2026-08-22T04:52:35,114.29,49.54
2026-08-22T04:52:36,113.7,48.96
2026-08-22T04:52:37,113.87,49.13
2026-08-22T04:52:38,113.77,49.03
2026-08-22T04:52:39,113.9,49.16
2026-08-22T04:52:40,114.03,49.28
2026-08-22T04:52:41,113.71,48.97
2026-08-22T04:52:42,113.75,49.01
2026-08-22T04:52:43,113.9,49.16
2026-08-22T04:52:44,112.79,48.06
2026-08-22T04:52:45,113.89,49.14
2026-08-22T04:52:46,113.27,48.54
2026-08-22T04:52:47,114.01,49.26
2026-08-22T04:52:48,114.3,49.55
2026-08-22T04:52:49,113.82,49.08
2026-08-22T04:52:50,113.87,49.13
2026-08-22T04:52:51,113.48,48.74
2026-08-22T04:52:52,113.17,48.44
2026-08-22T04:52:53,113.9,49.16
2026-08-22T04:52:54,113.97,49.23
2026-08-22T04:52:55,113.78,49.04
2026-08-22T04:52:56,113.86,49.12
2026-08-22T04:52:57,113.77,49.03
2026-08-22T04:52:58,113.3,48.57
2026-08-22T04:52:59,113.65,48.91
2026-08-22T04:53:00,113.5,48.77
2026-08-22T04:53:01,113.53,48.79
2026-08-22T04:53:02,113.85,49.11
2026-08-22T04:53:03,114.34,49.59
2026-08-22T04:53:04,113.85,49.11
2026-08-22T04:53:05,113.8,49.06
2026-08-22T04:53:06,113.87,49.13
2026-08-22T04:53:07,113.5,48.77
2026-08-22T04:53:08,113.56,48.83
2026-08-22T04:53:09,113.25,48.52
2026-08-22T04:53:10,113.98,49.24
2026-08-22T04:53:11,113.66,48.92
2026-08-22T04:53:12,114.06,49.31
2026-08-22T04:53:13,113.72,48.98
2026-08-22T04:53:14,113.7,48.96
2026-08-22T04:53:15,113.76,49.02
2026-08-22T04:53:16,114.01,49.27
2026-08-22T04:53:17,113.8,49.06
2026-08-22T04:53:18,113.71,48.97
2026-08-22T04:53:19,113.72,48.98
2026-08-22T04:53:20,113.71,48.97
2026-08-22T04:53:21,113.84,49.1
2026-08-22T04:53:22,114.37,49.62
2026-08-22T04:53:23,114.04,49.29
2026-08-22T04:53:24,113.91,49.16
2026-08-22T04:53:25,113.45,48.71
2026-08-22T04:53:26,113.67,48.93
2026-08-22T04:53:27,114.12,49.37
2026-08-22T04:53:28,113.49,48.75
2026-08-22T04:53:29,114.28,49.53
2026-08-22T04:53:30,114.38,49.64
2026-08-22T04:53:31,113.63,48.89
2026-08-22T04:53:32,114.19,49.45
2026-08-22T04:53:33,114.14,49.4
2026-08-22T04:53:34,113.97,49.23
2026-08-22T04:53:35,113.8,49.06
2026-08-22T04:53:36,114.4,49.65
2026-08-22T04:53:37,113.65,48.91
2026-08-22T04:53:38,113.76,49.02
2026-08-22T04:53:39,113.81,49.07
2026-08-22T04:53:40,113.58,48.85
2026-08-22T04:53:41,113.51,48.77
2026-08-22T04:53:42,113.84,49.1
2026-08-22T04:53:43,113.64,48.9
2026-08-22T04:53:44,113.81,49.07
2026-08-22T04:53:45,113.97,49.23
2026-08-22T04:53:46,114.05,49.31
2026-08-22T04:53:47,113.69,48.95
2026-08-22T04:53:48,113.66,48.92
2026-08-22T04:53:49,113.92,49.17
2026-08-22T04:53:50,113.47,48.73
2026-08-22T04:53:51,113.38,48.65
2026-08-22T04:53:52,113.52,48.79
2026-08-22T04:53:53,113.47,48.73
2026-08-22T04:53:54,113.47,48.74
2026-08-22T04:53:55,113.98,49.23
2026-08-22T04:53:56,113.76,49.02
2026-08-22T04:53:57,113.41,48.68
2026-08-22T04:53:58,113.7,48.96
2026-08-22T04:53:59,113.97,49.23
2026-08-22T04:54:00,113.27,48.54
2026-08-22T04:54:01,113.81,49.07
2026-08-22T04:54:02,114.02,49.27
2026-08-22T04:54:03,113.48,48.74
2026-08-22T04:54:04,113.8,49.06
2026-08-22T04:54:05,113.42,48.69
2026-08-22T04:54:06,113.53,48.79
2026-08-22T04:54:07,114.2,49.45
2026-08-22T04:54:08,113.5,48.76
2026-08-22T04:54:09,113.7,48.96
2026-08-22T04:54:10,113.6,48.86
2026-08-22T04:54:11,113.69,48.95
2026-08-22T04:54:12,113.45,48.71
2026-08-22T04:54:13,113.8,49.06
2026-08-22T04:54:14,113.91,49.17
2026-08-22T04:54:15,113.65,48.91
2026-08-22T04:54:16,113.9,49.16
2026-08-22T04:54:17,113.98,49.24
2026-08-22T04:54:18,113.79,49.05
2026-08-22T04:54:19,113.91,49.17
2026-08-22T04:54:20,114.2,49.46
2026-08-22T04:54:21,114.03,49.28
2026-08-22T04:54:22,113.8,49.06
2026-08-22T04:54:23,113.29,48.56
2026-08-22T04:54:24,113.53,48.8
2026-08-22T04:54:25,114.03,49.29
2026-08-22T04:54:26,113.91,49.16
2026-08-22T04:54:27,114.0,49.26
2026-08-22T04:54:28,113.03,48.3
2026-08-22T04:54:29,113.61,48.87
2026-08-22T04:54:30,114.05,49.31
2026-08-22T04:54:31,113.42,48.69
2026-08-22T04:54:32,114.02,49.27
2026-08-22T04:54:33,113.55,48.81
2026-08-22T04:54:34,113.88,49.14
2026-08-22T04:54:35,114.06,49.31
2026-08-22T04:54:36,113.49,48.75
2026-08-22T04:54:37,113.89,49.15
2026-08-22T04:54:38,113.78,49.03
2026-08-22T04:54:39,113.56,48.82
2026-08-22T04:54:40,114.17,49.42
2026-08-22T04:54:41,114.91,50.15
2026-08-22T04:54:42,114.36,49.61
2026-08-22T04:54:43,114.22,49.47
2026-08-22T04:54:44,117.36,52.57
2026-08-22T04:54:45,119.65,54.82
2026-08-22T04:54:46,117.68,52.89
2026-08-22T04:54:47,119.54,54.72
2026-08-22T04:54:48,119.19,54.38
2026-08-22T04:54:49,117.85,53.05
2026-08-22T04:54:50,119.36,54.54
2026-08-22T04:54:51,119.98,55.15
2026-08-22T04:54:52,120.93,56.09
2026-08-22T04:54:53,117.2,52.41
2026-08-22T04:54:54,116.52,51.74
2026-08-22T04:54:55,117.69,52.89
2026-08-22T04:54:56,115.72,50.95
2026-08-22T04:54:57,114.25,49.5
2026-08-22T04:54:58,114.0,49.26
2026-08-22T04:54:59,113.89,49.14
2026-08-22T04:55:00,114.37,49.62
2026-08-22T04:55:01,113.9,49.16
2026-08-22T04:55:02,114.53,49.78
2026-08-22T04:55:03,114.81,50.06
2026-08-22T04:55:04,116.29,51.51
2026-08-22T04:55:05,115.67,50.9
2026-08-22T04:55:06,114.68,49.92
2026-08-22T04:55:07,114.64,49.89
2026-08-22T04:55:08,114.36,49.61
2026-08-22T04:55:09,114.81,50.06
2026-08-22T04:55:10,114.38,49.63
2026-08-22T04:55:11,113.5,48.76
2026-08-22T04:55:12,113.68,48.94
2026-08-22T04:55:13,114.31,49.56
2026-08-22T04:55:14,113.9,49.16
2026-08-22T04:55:15,113.83,49.09
2026-08-22T04:55:16,114.2,49.45
2026-08-22T04:55:17,114.29,49.55
2026-08-22T04:55:18,114.42,49.67
2026-08-22T04:55:19,114.26,49.52
2026-08-22T04:55:20,114.72,49.96
2026-08-22T04:55:21,114.41,49.66
2026-08-22T04:55:22,114.09,49.35
2026-08-22T04:55:23,114.0,49.25
2026-08-22T04:55:24,114.28,49.53
2026-08-22T04:55:25,114.21,49.46
2026-08-22T04:55:26,114.01,49.26
2026-08-22T04:55:27,114.95,50.19
2026-08-22T04:55:28,114.69,49.94
2026-08-22T04:55:29,114.29,49.54
2026-08-22T04:55:30,115.56,50.79
2026-08-22T04:55:31,115.66,50.89
2026-08-22T04:55:32,114.68,49.93
2026-08-22T04:55:33,114.61,49.85
2026-08-22T04:55:34,114.79,50.03
2026-08-22T04:55:35,114.1,49.35
2026-08-22T04:55:36,113.57,48.83
2026-08-22T04:55:37,113.88,49.14
2026-08-22T04:55:38,114.54,49.79
2026-08-22T04:55:39,114.05,49.31
2026-08-22T04:55:40,113.97,49.22
2026-08-22T04:55:41,114.9,50.15
2026-08-22T04:55:42,114.17,49.42
2026-08-22T04:55:43,114.28,49.54
2026-08-22T04:55:44,114.01,49.27
2026-08-22T04:55:45,113.61,48.87
2026-08-22T04:55:46,113.78,49.04
2026-08-22T04:55:47,113.73,48.99
2026-08-22T04:55:48,113.57,48.83
2026-08-22T04:55:49,114.02,49.28
2026-08-22T04:55:50,113.63,48.89
2026-08-22T04:55:51,114.39,49.64
2026-08-22T04:55:52,113.1,48.37
2026-08-22T04:55:53,114.08,49.33
2026-08-22T04:55:54,113.95,49.2
2026-08-22T04:55:55,113.79,49.05
2026-08-22T04:55:56,113.62,48.89
2026-08-22T04:55:57,114.13,49.38
2026-08-22T04:55:58,114.7,49.95
2026-08-22T04:55:59,114.08,49.34
2026-08-22T04:56:00,113.97,49.22
2026-08-22T04:56:01,113.66,48.92
2026-08-22T04:56:02,114.48,49.73
2026-08-22T04:56:03,114.04,49.29
2026-08-22T04:56:04,113.51,48.77
2026-08-22T04:56:05,114.12,49.37
2026-08-22T04:56:06,113.36,48.63
2026-08-22T04:56:07,113.35,48.61
2026-08-22T04:56:08,113.77,49.03
2026-08-22T04:56:09,113.21,48.47
2026-08-22T04:56:10,113.73,48.99
2026-08-22T04:56:11,113.43,48.7
2026-08-22T04:56:12,113.79,49.05
2026-08-22T04:56:13,114.23,49.48
2026-08-22T04:56:14,113.98,49.24
2026-08-22T04:56:15,113.59,48.85
2026-08-22T04:56:16,113.84,49.1
2026-08-22T04:56:17,113.62,48.89
2026-08-22T04:56:18,114.35,49.6
2026-08-22T04:56:19,115.3,50.53
2026-08-22T04:56:20,114.87,50.11
2026-08-22T04:56:21,113.95,49.21
2026-08-22T04:56:22,113.09,48.36
2026-08-22T04:56:23,113.23,48.5
2026-08-22T04:56:24,113.74,49.0
2026-08-22T04:56:25,117.52,52.72
2026-08-22T04:56:26,115.56,50.8
2026-08-22T04:56:27,113.88,49.14
2026-08-22T04:56:28,113.67,48.93
2026-08-22T04:56:29,113.97,49.23
2026-08-22T04:56:30,113.62,48.88
2026-08-22T04:56:31,113.91,49.17
2026-08-22T04:56:32,113.65,48.91
2026-08-22T04:56:33,113.37,48.64
2026-08-22T04:56:34,113.87,49.13
2026-08-22T04:56:35,113.5,48.76
2026-08-22T04:56:36,113.61,48.87
2026-08-22T04:56:37,113.83,49.09
2026-08-22T04:56:38,113.56,48.82
2026-08-22T04:56:39,114.06,49.32
2026-08-22T04:56:40,114.16,49.41
2026-08-22T04:56:41,114.54,49.79
2026-08-22T04:56:42,115.36,50.6
2026-08-22T04:56:43,116.75,51.97
2026-08-22T04:56:44,116.05,51.28
2026-08-22T04:56:45,113.91,49.17
2026-08-22T04:56:46,114.15,49.4
2026-08-22T04:56:47,113.56,48.82
2026-08-22T04:56:48,113.63,48.9
2026-08-22T04:56:49,113.81,49.07
2026-08-22T04:56:50,114.06,49.32
2026-08-22T04:56:51,113.41,48.67
2026-08-22T04:56:52,113.67,48.93
2026-08-22T04:56:53,114.13,49.38
2026-08-22T04:56:54,113.35,48.61
2026-08-22T04:56:55,114.43,49.68
2026-08-22T04:56:56,114.51,49.76
2026-08-22T04:56:57,114.31,49.56
2026-08-22T04:56:58,114.08,49.33
2026-08-22T04:56:59,113.6,48.87
2026-08-22T04:57:00,113.66,48.92
2026-08-22T04:57:01,114.23,49.48
2026-08-22T04:57:02,113.4,48.66
2026-08-22T04:57:03,113.88,49.14
2026-08-22T04:57:04,115.1,50.34
2026-08-22T04:57:05,118.14,53.33
2026-08-22T04:57:06,119.36,54.54
2026-08-22T04:57:07,120.49,55.65
2026-08-22T04:57:08,117.34,52.55
2026-08-22T04:57:09,114.42,49.67
2026-08-22T04:57:10,115.45,50.68
2026-08-22T04:57:11,116.53,51.75
2026-08-22T04:57:12,113.51,48.77
2026-08-22T04:57:13,114.93,50.17
2026-08-22T04:57:14,113.95,49.2
2026-08-22T04:57:15,114.68,49.93
2026-08-22T04:57:16,114.54,49.79
2026-08-22T04:57:17,114.43,49.68
2026-08-22T04:57:18,114.48,49.73
2026-08-22T04:57:19,113.39,48.66
2026-08-22T04:57:20,114.18,49.43
2026-08-22T04:57:21,113.75,49.01
2026-08-22T04:57:22,113.95,49.21
2026-08-22T04:57:23,114.19,49.45
2026-08-22T04:57:24,114.14,49.4
2026-08-22T04:57:25,115.01,50.25
2026-08-22T04:57:26,114.11,49.36
2026-08-22T04:57:27,113.76,49.02
2026-08-22T04:57:28,114.44,49.69
2026-08-22T04:57:29,114.21,49.46
2026-08-22T04:57:30,113.94,49.2
2026-08-22T04:57:31,114.34,49.59
2026-08-22T04:57:32,113.62,48.88
2026-08-22T04:57:33,113.95,49.21
2026-08-22T04:57:34,114.11,49.36
2026-08-22T04:57:35,114.06,49.32
2026-08-22T04:57:36,113.44,48.7
2026-08-22T04:57:37,113.81,49.07
2026-08-22T04:57:38,113.78,49.04
2026-08-22T04:57:39,113.97,49.23
2026-08-22T04:57:40,114.05,49.3
2026-08-22T04:57:41,114.54,49.79
2026-08-22T04:57:42,113.9,49.16
2026-08-22T04:57:43,113.97,49.22
2026-08-22T04:57:44,113.82,49.07
2026-08-22T04:57:45,113.54,48.8
2026-08-22T04:57:46,113.83,49.08
2026-08-22T04:57:47,113.6,48.86
2026-08-22T04:57:48,113.55,48.81
2026-08-22T04:57:49,113.81,49.07
2026-08-22T04:57:50,114.16,49.41
2026-08-22T04:57:51,113.4,48.66
2026-08-22T04:57:52,113.74,49.0
2026-08-22T04:57:53,114.11,49.37
2026-08-22T04:57:54,114.14,49.4
2026-08-22T04:57:55,114.21,49.47
2026-08-22T04:57:56,113.8,49.06
2026-08-22T04:57:57,113.82,49.07
2026-08-22T04:57:58,113.9,49.16
2026-08-22T04:57:59,113.86,49.12
2026-08-22T04:58:00,113.73,48.99
2026-08-22T04:58:01,113.9,49.15
2026-08-22T04:58:02,113.68,48.95
2026-08-22T04:58:03,113.76,49.02
2026-08-22T04:58:04,113.27,48.54
2026-08-22T04:58:05,114.16,49.42
2026-08-22T04:58:06,113.78,49.04
2026-08-22T04:58:07,113.22,48.49
2026-08-22T04:58:08,113.18,48.45
2026-08-22T04:58:09,113.63,48.89
2026-08-22T04:58:10,114.27,49.52
2026-08-22T04:58:11,113.66,48.92
2026-08-22T04:58:12,113.67,48.93
2026-08-22T04:58:13,113.89,49.14
2026-08-22T04:58:14,113.4,48.66
2026-08-22T04:58:15,114.2,49.45
2026-08-22T04:58:16,113.98,49.24
2026-08-22T04:58:17,114.17,49.43
2026-08-22T04:58:18,114.02,49.27
2026-08-22T04:58:19,113.81,49.07
2026-08-22T04:58:20,113.48,48.74
2026-08-22T04:58:21,113.89,49.14
2026-08-22T04:58:22,114.35,49.61
2026-08-22T04:58:23,114.03,49.29
2026-08-22T04:58:24,113.7,48.96
2026-08-22T04:58:25,114.21,49.47
2026-08-22T04:58:26,113.67,48.94
2026-08-22T04:58:27,113.4,48.67
2026-08-22T04:58:28,113.23,48.5
2026-08-22T04:58:29,113.67,48.93
2026-08-22T04:58:30,114.68,49.93
2026-08-22T04:58:31,114.13,49.38
2026-08-22T04:58:32,114.35,49.6
2026-08-22T04:58:33,113.47,48.73
2026-08-22T04:58:34,113.65,48.91
2026-08-22T04:58:35,113.65,48.91
2026-08-22T04:58:36,113.34,48.61
2026-08-22T04:58:37,113.48,48.75
2026-08-22T04:58:38,113.78,49.04
2026-08-22T04:58:39,113.81,49.07
2026-08-22T04:58:40,114.06,49.31
2026-08-22T04:58:41,114.3,49.56
2026-08-22T04:58:42,113.2,48.47
2026-08-22T04:58:43,113.04,48.31
2026-08-22T04:58:44,113.74,49.0
2026-08-22T04:58:45,113.29,48.56
2026-08-22T04:58:46,114.17,49.42
2026-08-22T04:58:47,113.63,48.89
2026-08-22T04:58:48,113.53,48.8
2026-08-22T04:58:49,113.17,48.44
2026-08-22T04:58:50,113.97,49.22
2026-08-22T04:58:51,114.08,49.34
2026-08-22T04:58:52,113.93,49.19
2026-08-22T04:58:53,113.43,48.7
2026-08-22T04:58:54,113.11,48.38
2026-08-22T04:58:55,113.1,48.37
2026-08-22T04:58:56,114.47,49.72
2026-08-22T04:58:57,113.75,49.01
2026-08-22T04:58:58,113.51,48.77
2026-08-22T04:58:59,114.04,49.3
2026-08-22T04:59:00,114.53,49.78
2026-08-22T04:59:01,113.69,48.96
2026-08-22T04:59:02,113.99,49.24
2026-08-22T04:59:03,114.07,49.32
2026-08-22T04:59:04,113.46,48.72
2026-08-22T04:59:05,113.98,49.24
2026-08-22T04:59:06,114.14,49.39
2026-08-22T04:59:07,113.55,48.81
2026-08-22T04:59:08,113.37,48.63
2026-08-22T04:59:09,113.69,48.95
2026-08-22T04:59:10,114.13,49.39
2026-08-22T04:59:11,113.97,49.22
2026-08-22T04:59:12,113.78,49.04
2026-08-22T04:59:13,114.84,50.09
2026-08-22T04:59:14,113.87,49.12
2026-08-22T04:59:15,113.67,48.93
2026-08-22T04:59:16,113.9,49.16
2026-08-22T04:59:17,113.62,48.88
2026-08-22T04:59:18,113.88,49.14
2026-08-22T04:59:19,113.63,48.89
2026-08-22T04:59:20,114.19,49.44
2026-08-22T04:59:21,113.85,49.11
2026-08-22T04:59:22,113.97,49.23
2026-08-22T04:59:23,113.85,49.11
2026-08-22T04:59:24,113.62,48.88
2026-08-22T04:59:25,113.99,49.25
2026-08-22T04:59:26,114.2,49.45
2026-08-22T04:59:27,114.48,49.73
2026-08-22T04:59:28,114.49,49.74
2026-08-22T04:59:29,113.44,48.7
2026-08-22T04:59:30,113.45,48.71
2026-08-22T04:59:31,113.66,48.92
2026-08-22T04:59:32,113.69,48.95
2026-08-22T04:59:33,113.85,49.11
2026-08-22T04:59:34,113.69,48.95
2026-08-22T04:59:35,113.85,49.11
2026-08-22T04:59:36,113.78,49.04
2026-08-22T04:59:37,113.65,48.91
2026-08-22T04:59:38,113.62,48.88
2026-08-22T04:59:39,114.02,49.28
2026-08-22T04:59:40,113.76,49.02
2026-08-22T04:59:41,114.31,49.56
2026-08-22T04:59:42,114.9,50.14
2026-08-22T04:59:43,114.21,49.46
2026-08-22T04:59:44,114.38,49.63
2026-08-22T04:59:45,113.96,49.22
2026-08-22T04:59:46,114.31,49.56
2026-08-22T04:59:47,114.28,49.53
2026-08-22T04:59:48,113.85,49.11
2026-08-22T04:59:49,114.0,49.26
2026-08-22T04:59:50,114.01,49.27
2026-08-22T04:59:51,114.32,49.57
2026-08-22T04:59:52,114.48,49.72
2026-08-22T04:59:53,114.73,49.98
2026-08-22T04:59:54,114.2,49.45
2026-08-22T04:59:55,114.49,49.74
2026-08-22T04:59:56,114.49,49.74
2026-08-22T04:59:57,114.08,49.34
2026-08-22T04:59:58,113.99,49.24
2026-08-22T04:59:59,114.28,49.53
2026-08-22T05:00:00,113.98,49.23
2026-08-22T05:00:01,115.03,50.27
2026-08-22T05:00:02,114.63,49.88
2026-08-22T05:00:03,114.14,49.4
2026-08-22T05:00:04,113.93,49.19
2026-08-22T05:00:05,114.61,49.86
2026-08-22T05:00:06,114.7,49.95
2026-08-22T05:00:07,114.22,49.47
2026-08-22T05:00:08,113.82,49.08
2026-08-22T05:00:09,114.25,49.5
2026-08-22T05:00:10,113.93,49.18
2026-08-22T05:00:11,114.19,49.44
2026-08-22T05:00:12,114.64,49.89
2026-08-22T05:00:13,114.42,49.67
2026-08-22T05:00:14,114.18,49.43
2026-08-22T05:00:15,114.78,50.03
2026-08-22T05:00:16,114.56,49.81
2026-08-22T05:00:17,114.67,49.92
2026-08-22T05:00:18,114.49,49.74
2026-08-22T05:00:19,114.33,49.58
2026-08-22T05:00:20,114.64,49.89
2026-08-22T05:00:21,114.45,49.7
2026-08-22T05:00:22,114.28,49.54
2026-08-22T05:00:23,113.87,49.13
2026-08-22T05:00:24,113.88,49.14
2026-08-22T05:00:25,114.08,49.33
2026-08-22T05:00:26,114.0,49.26
2026-08-22T05:00:27,113.99,49.24
2026-08-22T05:00:28,114.34,49.59
2026-08-22T05:00:29,113.94,49.2
2026-08-22T05:00:30,113.96,49.22
2026-08-22T05:00:31,114.29,49.54
2026-08-22T05:00:32,113.95,49.21
2026-08-22T05:00:33,114.35,49.61
2026-08-22T05:00:34,114.33,49.58
2026-08-22T05:00:35,113.85,49.1
2026-08-22T05:00:36,114.29,49.54
2026-08-22T05:00:37,113.7,48.96
2026-08-22T05:00:38,114.01,49.27
2026-08-22T05:00:39,113.86,49.12
2026-08-22T05:00:40,114.29,49.54
2026-08-22T05:00:41,114.24,49.5
2026-08-22T05:00:42,114.41,49.66
2026-08-22T05:00:43,113.81,49.07
2026-08-22T05:00:44,114.29,49.54
2026-08-22T05:00:45,114.43,49.68
2026-08-22T05:00:46,114.46,49.71
2026-08-22T05:00:47,114.41,49.66
2026-08-22T05:00:48,113.9,49.16
2026-08-22T05:00:49,113.68,48.94
2026-08-22T05:00:50,114.36,49.61
2026-08-22T05:00:51,113.69,48.95
2026-08-22T05:00:52,114.42,49.67
2026-08-22T05:00:53,113.88,49.14
2026-08-22T05:00:54,114.32,49.57
2026-08-22T05:00:55,114.66,49.9
2026-08-22T05:00:56,114.79,50.03
2026-08-22T05:00:57,114.49,49.74
2026-08-22T05:00:58,114.0,49.26
2026-08-22T05:00:59,114.33,49.58
2026-08-22T05:01:00,114.51,49.76
2026-08-22T05:01:01,114.06,49.32
2026-08-22T05:01:02,114.21,49.46
2026-08-22T05:01:03,114.4,49.65
2026-08-22T05:01:04,114.82,50.06
2026-08-22T05:01:05,114.67,49.92
2026-08-22T05:01:06,114.37,49.62
2026-08-22T05:01:07,114.36,49.61
2026-08-22T05:01:08,114.35,49.6
2026-08-22T05:01:09,113.98,49.24
2026-08-22T05:01:10,115.0,50.24
2026-08-22T05:01:11,114.35,49.6
2026-08-22T05:01:12,114.62,49.86
2026-08-22T05:01:13,114.71,49.96
2026-08-22T05:01:14,114.33,49.58
2026-08-22T05:01:15,114.7,49.94
2026-08-22T05:01:16,114.87,50.11
2026-08-22T05:01:17,114.07,49.33
2026-08-22T05:01:18,115.0,50.24
2026-08-22T05:01:19,114.16,49.42
2026-08-22T05:01:20,113.96,49.22
2026-08-22T05:01:21,114.12,49.38
2026-08-22T05:01:22,113.92,49.18
2026-08-22T05:01:23,113.43,48.69
2026-08-22T05:01:24,113.91,49.17
2026-08-22T05:01:25,113.79,49.05
2026-08-22T05:01:26,114.78,50.03
2026-08-22T05:01:27,113.6,48.86
2026-08-22T05:01:28,113.67,48.93
2026-08-22T05:01:29,114.05,49.31
2026-08-22T05:01:30,114.14,49.39
2026-08-22T05:01:31,114.16,49.41
2026-08-22T05:01:32,114.18,49.43
2026-08-22T05:01:33,114.17,49.42
2026-08-22T05:01:34,113.96,49.22
2026-08-22T05:01:35,114.04,49.3
2026-08-22T05:01:36,114.14,49.39
2026-08-22T05:01:37,114.56,49.81
2026-08-22T05:01:38,114.23,49.49
2026-08-22T05:01:39,113.83,49.09
2026-08-22T05:01:40,114.13,49.39
2026-08-22T05:01:41,114.37,49.62
2026-08-22T05:01:42,114.29,49.54
2026-08-22T05:01:43,113.75,49.01
2026-08-22T05:01:44,113.96,49.22
2026-08-22T05:01:45,113.62,48.88
2026-08-22T05:01:46,114.37,49.62
2026-08-22T05:01:47,114.25,49.5
2026-08-22T05:01:48,113.9,49.16
2026-08-22T05:01:49,114.11,49.37
2026-08-22T05:01:50,114.22,49.48
2026-08-22T05:01:51,114.65,49.9
2026-08-22T05:01:52,114.2,49.46
2026-08-22T05:01:53,114.43,49.68
2026-08-22T05:01:54,114.61,49.86
2026-08-22T05:01:55,114.4,49.65
2026-08-22T05:01:56,114.06,49.32
2026-08-22T05:01:57,114.26,49.51
2026-08-22T05:01:58,114.11,49.36
2026-08-22T05:01:59,114.21,49.47
2026-08-22T05:02:00,113.93,49.18
2026-08-22T05:02:01,114.21,49.46
2026-08-22T05:02:02,114.68,49.93
2026-08-22T05:02:03,114.13,49.39
2026-08-22T05:02:04,114.66,49.91
2026-08-22T05:02:05,114.84,50.08
2026-08-22T05:02:06,113.72,48.98
2026-08-22T05:02:07,114.18,49.44
2026-08-22T05:02:08,114.27,49.52
2026-08-22T05:02:09,113.81,49.07
2026-08-22T05:02:10,114.37,49.62
2026-08-22T05:02:11,113.99,49.25
2026-08-22T05:02:12,114.22,49.47
2026-08-22T05:02:13,113.81,49.07
2026-08-22T05:02:14,113.92,49.18
2026-08-22T05:02:15,114.34,49.59
2026-08-22T05:02:16,114.4,49.65
2026-08-22T05:02:17,113.81,49.07
2026-08-22T05:02:18,114.48,49.73
2026-08-22T05:02:19,114.22,49.47
2026-08-22T05:02:20,114.05,49.31
2026-08-22T05:02:21,114.19,49.45
2026-08-22T05:02:22,113.97,49.23
2026-08-22T05:02:23,113.9,49.16
2026-08-22T05:02:24,113.55,48.82
2026-08-22T05:02:25,114.71,49.96
2026-08-22T05:02:26,114.28,49.53
2026-08-22T05:02:27,114.17,49.43
2026-08-22T05:02:28,114.69,49.94
2026-08-22T05:02:29,114.45,49.7
2026-08-22T05:02:30,114.69,49.93
2026-08-22T05:02:31,114.68,49.93
2026-08-22T05:02:32,115.08,50.32
2026-08-22T05:02:33,114.8,50.05
2026-08-22T05:02:34,115.06,50.31
2026-08-22T05:02:35,114.48,49.73
2026-08-22T05:02:36,114.34,49.59
2026-08-22T05:02:37,114.89,50.13
2026-08-22T05:02:38,114.0,49.26
2026-08-22T05:02:39,114.54,49.79
2026-08-22T05:02:40,114.55,49.8
2026-08-22T05:02:41,114.26,49.51
2026-08-22T05:02:42,114.84,50.09
2026-08-22T05:02:43,114.65,49.9
2026-08-22T05:02:44,114.83,50.07
2026-08-22T05:02:45,114.43,49.68
2026-08-22T05:02:46,114.78,50.02
2026-08-22T05:02:47,114.94,50.19
2026-08-22T05:02:48,116.3,51.52
2026-08-22T05:02:49,115.35,50.58
2026-08-22T05:02:50,114.41,49.66
2026-08-22T05:02:51,114.62,49.87
2026-08-22T05:02:52,114.39,49.65
2026-08-22T05:02:53,114.12,49.38
2026-08-22T05:02:54,114.26,49.51
2026-08-22T05:02:55,114.15,49.4
2026-08-22T05:02:56,114.48,49.73
2026-08-22T05:02:57,113.98,49.24
2026-08-22T05:02:58,113.71,48.97
2026-08-22T05:02:59,114.17,49.43
2026-08-22T05:03:00,114.28,49.53
2026-08-22T05:03:01,113.86,49.12
2026-08-22T05:03:02,114.3,49.56
2026-08-22T05:03:03,113.96,49.22
2026-08-22T05:03:04,114.31,49.56
2026-08-22T05:03:05,113.98,49.24
2026-08-22T05:03:06,113.69,48.95
2026-08-22T05:03:07,114.53,49.78
2026-08-22T05:03:08,114.59,49.84
2026-08-22T05:03:09,114.81,50.05
2026-08-22T05:03:10,115.52,50.75
2026-08-22T05:03:11,115.5,50.74
2026-08-22T05:03:12,118.39,53.58
2026-08-22T05:03:13,120.22,55.38
2026-08-22T05:03:14,116.33,51.55
2026-08-22T05:03:15,114.87,50.12
2026-08-22T05:03:16,114.47,49.72
2026-08-22T05:03:17,114.53,49.77
2026-08-22T05:03:18,114.68,49.93
2026-08-22T05:03:19,114.53,49.78
2026-08-22T05:03:20,114.26,49.52
2026-08-22T05:03:21,114.62,49.87
2026-08-22T05:03:22,114.38,49.63
2026-08-22T05:03:23,114.57,49.82
2026-08-22T05:03:24,114.98,50.22
2026-08-22T05:03:25,114.8,50.05
2026-08-22T05:03:26,114.42,49.67
2026-08-22T05:03:27,114.58,49.83
2026-08-22T05:03:28,114.53,49.78
2026-08-22T05:03:29,115.31,50.54
2026-08-22T05:03:30,115.53,50.77
2026-08-22T05:03:31,116.19,51.42
2026-08-22T05:03:32,115.06,50.3
2026-08-22T05:03:33,115.56,50.79
2026-08-22T05:03:34,114.91,50.16
2026-08-22T05:03:35,114.93,50.17
2026-08-22T05:03:36,114.42,49.67
2026-08-22T05:03:37,113.98,49.24
2026-08-22T05:03:38,114.52,49.77
2026-08-22T05:03:39,114.08,49.34
2026-08-22T05:03:40,113.72,48.99
2026-08-22T05:03:41,114.55,49.8
2026-08-22T05:03:42,114.17,49.43
2026-08-22T05:03:43,113.63,48.89
2026-08-22T05:03:44,114.25,49.5
2026-08-22T05:03:45,113.8,49.06
2026-08-22T05:03:46,114.14,49.4
2026-08-22T05:03:47,114.54,49.78
2026-08-22T05:03:48,114.15,49.4
2026-08-22T05:03:49,113.96,49.22
2026-08-22T05:03:50,113.92,49.18
2026-08-22T05:03:51,113.97,49.22
2026-08-22T05:03:52,113.62,48.88
2026-08-22T05:03:53,114.39,49.65
2026-08-22T05:03:54,113.9,49.16
2026-08-22T05:03:55,113.66,48.93
2026-08-22T05:03:56,113.29,48.56
2026-08-22T05:03:57,114.39,49.64
2026-08-22T05:03:58,113.09,48.36
2026-08-22T05:03:59,114.24,49.49
2026-08-22T05:04:00,114.28,49.53
2026-08-22T05:04:01,114.3,49.55
2026-08-22T05:04:02,113.9,49.15
2026-08-22T05:04:03,113.81,49.07
2026-08-22T05:04:04,114.1,49.36
2026-08-22T05:04:05,113.9,49.16
2026-08-22T05:04:06,114.23,49.49
2026-08-22T05:04:07,114.49,49.73
2026-08-22T05:04:08,114.78,50.02
2026-08-22T05:04:09,114.98,50.22
2026-08-22T05:04:10,115.28,50.52
2026-08-22T05:04:11,115.47,50.71
2026-08-22T05:04:12,116.13,51.36
2026-08-22T05:04:13,117.0,52.21
2026-08-22T05:04:14,120.09,55.26
2026-08-22T05:04:15,122.95,58.08
2026-08-22T05:04:16,123.68,58.8
2026-08-22T05:04:17,123.43,58.56
2026-08-22T05:04:18,123.68,58.8
2026-08-22T05:04:19,123.15,58.28
2026-08-22T05:04:20,119.53,54.71
2026-08-22T05:04:21,117.32,52.53
2026-08-22T05:04:22,115.45,50.69
2026-08-22T05:04:23,114.23,49.48
2026-08-22T05:04:24,115.73,50.96
2026-08-22T05:04:25,115.05,50.29
2026-08-22T05:04:26,114.1,49.35
2026-08-22T05:04:27,114.6,49.85
2026-08-22T05:04:28,114.25,49.5
2026-08-22T05:04:29,113.8,49.06
2026-08-22T05:04:30,114.22,49.48
2026-08-22T05:04:31,113.43,48.69
2026-08-22T05:04:32,114.25,49.5
2026-08-22T05:04:33,113.38,48.64
2026-08-22T05:04:34,113.95,49.2
2026-08-22T05:04:35,113.89,49.15
2026-08-22T05:04:36,114.41,49.66
2026-08-22T05:04:37,114.85,50.09
2026-08-22T05:04:38,114.45,49.7
2026-08-22T05:04:39,113.96,49.22
2026-08-22T05:04:40,114.03,49.29
2026-08-22T05:04:41,113.68,48.94
2026-08-22T05:04:42,113.07,48.34
2026-08-22T05:04:43,114.26,49.51
2026-08-22T05:04:44,114.39,49.64
2026-08-22T05:04:45,114.1,49.35
2026-08-22T05:04:46,113.94,49.19
2026-08-22T05:04:47,113.22,48.49
2026-08-22T05:04:48,113.26,48.53
2026-08-22T05:04:49,113.92,49.18
2026-08-22T05:04:50,114.45,49.7
2026-08-22T05:04:51,113.57,48.83
2026-08-22T05:04:52,114.54,49.78
2026-08-22T05:04:53,113.29,48.55
2026-08-22T05:04:54,113.93,49.19
2026-08-22T05:04:55,113.72,48.98
2026-08-22T05:04:56,113.38,48.64
2026-08-22T05:04:57,112.85,48.13
2026-08-22T05:04:58,113.32,48.58
2026-08-22T05:04:59,113.08,48.35
2026-08-22T05:05:00,113.59,48.85
2026-08-22T05:05:01,114.22,49.47
2026-08-22T05:05:02,114.05,49.3
2026-08-22T05:05:03,113.72,48.98
2026-08-22T05:05:04,113.77,49.03
2026-08-22T05:05:05,113.71,48.97
2026-08-22T05:05:06,114.13,49.38
2026-08-22T05:05:07,113.32,48.59
2026-08-22T05:05:08,113.82,49.07
2026-08-22T05:05:09,114.07,49.32
2026-08-22T05:05:10,113.96,49.22
2026-08-22T05:05:11,113.45,48.71
2026-08-22T05:05:12,114.12,49.38
2026-08-22T05:05:13,113.18,48.44
2026-08-22T05:05:14,113.42,48.68
2026-08-22T05:05:15,113.97,49.23
2026-08-22T05:05:16,113.94,49.2
2026-08-22T05:05:17,113.64,48.91
2026-08-22T05:05:18,113.71,48.97
2026-08-22T05:05:19,114.03,49.28
2026-08-22T05:05:20,113.57,48.83
2026-08-22T05:05:21,114.11,49.36
2026-08-22T05:05:22,113.78,49.04
2026-08-22T05:05:23,114.21,49.46
2026-08-22T05:05:24,113.42,48.68
2026-08-22T05:05:25,114.34,49.59
2026-08-22T05:05:26,114.24,49.5
2026-08-22T05:05:27,113.65,48.91
2026-08-22T05:05:28,114.34,49.59
2026-08-22T05:05:29,114.59,49.84
2026-08-22T05:05:30,113.99,49.25
2026-08-22T05:05:31,114.27,49.52
2026-08-22T05:05:32,114.19,49.44
2026-08-22T05:05:33,114.27,49.53
2026-08-22T05:05:34,114.34,49.59
2026-08-22T05:05:35,114.73,49.98
2026-08-22T05:05:36,114.54,49.79
2026-08-22T05:05:37,114.74,49.98
2026-08-22T05:05:38,114.59,49.83
2026-08-22T05:05:39,113.96,49.22
2026-08-22T05:05:40,114.28,49.53
2026-08-22T05:05:41,114.22,49.48
2026-08-22T05:05:42,114.31,49.56
2026-08-22T05:05:43,114.31,49.56
2026-08-22T05:05:44,114.14,49.4
2026-08-22T05:05:45,113.88,49.13
2026-08-22T05:05:46,115.04,50.28
2026-08-22T05:05:47,114.7,49.95
2026-08-22T05:05:48,113.75,49.01
2026-08-22T05:05:49,113.63,48.89
2026-08-22T05:05:50,113.56,48.82
2026-08-22T05:05:51,113.97,49.23
2026-08-22T05:05:52,113.88,49.14
2026-08-22T05:05:53,114.53,49.78
2026-08-22T05:05:54,113.64,48.91
2026-08-22T05:05:55,114.3,49.55
2026-08-22T05:05:56,113.77,49.03
2026-08-22T05:05:57,113.66,48.92
2026-08-22T05:05:58,114.25,49.51
2026-08-22T05:05:59,113.84,49.1
2026-08-22T05:06:00,113.4,48.66
2026-08-22T05:06:01,113.6,48.86
2026-08-22T05:06:02,114.28,49.53
2026-08-22T05:06:03,113.8,49.06
2026-08-22T05:06:04,113.48,48.75
2026-08-22T05:06:05,113.95,49.21
2026-08-22T05:06:06,113.97,49.23
2026-08-22T05:06:07,114.31,49.56
2026-08-22T05:06:08,113.86,49.11
2026-08-22T05:06:09,113.93,49.19
2026-08-22T05:06:10,113.66,48.92
2026-08-22T05:06:11,113.49,48.75
2026-08-22T05:06:12,113.48,48.74
2026-08-22T05:06:13,114.25,49.5
2026-08-22T05:06:14,113.32,48.59
2026-08-22T05:06:15,113.51,48.77
2026-08-22T05:06:16,113.63,48.9
2026-08-22T05:06:17,113.76,49.02
2026-08-22T05:06:18,113.74,49.0
2026-08-22T05:06:19,114.68,49.93
2026-08-22T05:06:20,114.39,49.64
2026-08-22T05:06:21,113.68,48.94
2026-08-22T05:06:22,113.98,49.24
2026-08-22T05:06:23,114.15,49.4
2026-08-22T05:06:24,114.74,49.99
2026-08-22T05:06:25,114.32,49.57
2026-08-22T05:06:26,113.49,48.76
2026-08-22T05:06:27,113.77,49.03
2026-08-22T05:06:28,114.43,49.68
2026-08-22T05:06:29,114.17,49.43
2026-08-22T05:06:30,113.33,48.6
2026-08-22T05:06:31,114.35,49.6
2026-08-22T05:06:32,114.06,49.32
2026-08-22T05:06:33,113.91,49.16
2026-08-22T05:06:34,114.42,49.67
2026-08-22T05:06:35,113.77,49.03
2026-08-22T05:06:36,114.03,49.29
2026-08-22T05:06:37,114.5,49.75
2026-08-22T05:06:38,114.97,50.21
2026-08-22T05:06:39,114.59,49.84
2026-08-22T05:06:40,113.51,48.77
2026-08-22T05:06:41,114.32,49.57
2026-08-22T05:06:42,114.25,49.5
2026-08-22T05:06:43,114.18,49.44
2026-08-22T05:06:44,113.81,49.07
2026-08-22T05:06:45,114.45,49.7
2026-08-22T05:06:46,114.26,49.52
2026-08-22T05:06:47,114.03,49.29
2026-08-22T05:06:48,113.61,48.87
2026-08-22T05:06:49,114.2,49.45
2026-08-22T05:06:50,113.94,49.2
2026-08-22T05:06:51,114.37,49.62
2026-08-22T05:06:52,113.6,48.86
2026-08-22T05:06:53,113.86,49.12
2026-08-22T05:06:54,113.88,49.13
2026-08-22T05:06:55,114.08,49.33
2026-08-22T05:06:56,114.57,49.82
2026-08-22T05:06:57,113.49,48.75
2026-08-22T05:06:58,113.26,48.53
2026-08-22T05:06:59,114.22,49.47
2026-08-22T05:07:00,113.97,49.23
2026-08-22T05:07:01,114.03,49.28
2026-08-22T05:07:02,114.31,49.56
2026-08-22T05:07:03,113.63,48.89
2026-08-22T05:07:04,113.58,48.85
2026-08-22T05:07:05,113.42,48.69
2026-08-22T05:07:06,113.65,48.92
2026-08-22T05:07:07,114.28,49.53
2026-08-22T05:07:08,114.06,49.32
2026-08-22T05:07:09,114.8,50.04
2026-08-22T05:07:10,114.82,50.07
2026-08-22T05:07:11,114.39,49.65
2026-08-22T05:07:12,113.74,49.0
2026-08-22T05:07:13,114.0,49.25
2026-08-22T05:07:14,114.46,49.71
2026-08-22T05:07:15,113.97,49.22
2026-08-22T05:07:16,115.08,50.32
2026-08-22T05:07:17,115.66,50.89
2026-08-22T05:07:18,115.19,50.43
2026-08-22T05:07:19,114.88,50.12
2026-08-22T05:07:20,114.8,50.05
2026-08-22T05:07:21,115.62,50.86
2026-08-22T05:07:22,115.71,50.94
2026-08-22T05:07:23,116.28,51.5
2026-08-22T05:07:24,116.16,51.38
2026-08-22T05:07:25,115.59,50.82
2026-08-22T05:07:26,115.64,50.87
2026-08-22T05:07:27,115.34,50.58
2026-08-22T05:07:28,115.02,50.26
2026-08-22T05:07:29,114.96,50.2
2026-08-22T05:07:30,114.82,50.07
2026-08-22T05:07:31,114.57,49.82
2026-08-22T05:07:32,114.6,49.85
2026-08-22T05:07:33,114.12,49.37
2026-08-22T05:07:34,114.43,49.68
2026-08-22T05:07:35,113.78,49.04
2026-08-22T05:07:36,114.2,49.46
2026-08-22T05:07:37,114.26,49.51
2026-08-22T05:07:38,114.43,49.68
2026-08-22T05:07:39,115.13,50.37
2026-08-22T05:07:40,116.6,51.82
2026-08-22T05:07:41,117.32,52.53
2026-08-22T05:07:42,117.87,53.07
2026-08-22T05:07:43,118.13,53.33
2026-08-22T05:07:44,118.66,53.85
2026-08-22T05:07:45,120.48,55.64
2026-08-22T05:07:46,121.1,56.25
2026-08-22T05:07:47,119.54,54.72
2026-08-22T05:07:48,118.73,53.91
2026-08-22T05:07:49,119.25,54.43
2026-08-22T05:07:50,118.25,53.45
2026-08-22T05:07:51,117.2,52.41
2026-08-22T05:07:52,115.72,50.95
2026-08-22T05:07:53,114.97,50.21
2026-08-22T05:07:54,114.12,49.38
2026-08-22T05:07:55,114.8,50.04
2026-08-22T05:07:56,114.49,49.74
2026-08-22T05:07:57,114.26,49.51
2026-08-22T05:07:58,114.06,49.31
2026-08-22T05:07:59,114.32,49.57
2026-08-22T05:08:00,114.17,49.43
2026-08-22T05:08:01,113.98,49.24
2026-08-22T05:08:02,113.69,48.95
2026-08-22T05:08:03,114.58,49.83
2026-08-22T05:08:04,114.28,49.53
2026-08-22T05:08:05,113.82,49.08
2026-08-22T05:08:06,113.85,49.11
2026-08-22T05:08:07,114.16,49.42
2026-08-22T05:08:08,114.07,49.33
2026-08-22T05:08:09,114.61,49.86
2026-08-22T05:08:10,113.7,48.96
2026-08-22T05:08:11,113.63,48.89
2026-08-22T05:08:12,114.31,49.56
2026-08-22T05:08:13,114.0,49.26
2026-08-22T05:08:14,114.47,49.72
2026-08-22T05:08:15,114.4,49.65
2026-08-22T05:08:16,113.76,49.02
2026-08-22T05:08:17,114.16,49.41
2026-08-22T05:08:18,114.51,49.76
2026-08-22T05:08:19,114.28,49.53
2026-08-22T05:08:20,114.04,49.3
2026-08-22T05:08:21,113.98,49.24
2026-08-22T05:08:22,114.45,49.7
2026-08-22T05:08:23,114.25,49.51
2026-08-22T05:08:24,114.89,50.14
2026-08-22T05:08:25,113.78,49.04
2026-08-22T05:08:26,114.22,49.48
2026-08-22T05:08:27,113.65,48.91
2026-08-22T05:08:28,114.14,49.4
2026-08-22T05:08:29,113.92,49.17
2026-08-22T05:08:30,113.97,49.23
2026-08-22T05:08:31,113.87,49.13
2026-08-22T05:08:32,114.2,49.45
2026-08-22T05:08:33,113.51,48.77
2026-08-22T05:08:34,114.07,49.32
2026-08-22T05:08:35,113.83,49.09
2026-08-22T05:08:36,114.02,49.28
2026-08-22T05:08:37,114.39,49.64
2026-08-22T05:08:38,113.49,48.75
2026-08-22T05:08:39,114.09,49.34
2026-08-22T05:08:40,113.72,48.98
2026-08-22T05:08:41,114.05,49.3
2026-08-22T05:08:42,113.54,48.8
2026-08-22T05:08:43,114.12,49.37
2026-08-22T05:08:44,113.8,49.05
2026-08-22T05:08:45,114.07,49.33
2026-08-22T05:08:46,114.4,49.65
2026-08-22T05:08:47,113.93,49.19
2026-08-22T05:08:48,113.93,49.19
2026-08-22T05:08:49,115.21,50.45
2026-08-22T05:08:50,118.57,53.76
2026-08-22T05:08:51,117.54,52.74
2026-08-22T05:08:52,115.36,50.6
2026-08-22T05:08:53,115.82,51.05
2026-08-22T05:08:54,113.5,48.76
2026-08-22T05:08:55,113.41,48.67
2026-08-22T05:08:56,114.5,49.75
2026-08-22T05:08:57,114.36,49.61
2026-08-22T05:08:58,113.75,49.01
2026-08-22T05:08:59,113.75,49.01
2026-08-22T05:09:00,114.64,49.88
2026-08-22T05:09:01,114.31,49.57
2026-08-22T05:09:02,114.21,49.46
2026-08-22T05:09:03,114.72,49.96
2026-08-22T05:09:04,113.96,49.22
2026-08-22T05:09:05,116.61,51.83
2026-08-22T05:09:06,120.96,56.12
2026-08-22T05:09:07,123.36,58.48
2026-08-22T05:09:08,124.18,59.3
2026-08-22T05:09:09,122.19,57.33
2026-08-22T05:09:10,127.64,62.7
2026-08-22T05:09:11,125.38,60.47
2026-08-22T05:09:12,119.16,54.34
2026-08-22T05:09:13,116.25,51.47
2026-08-22T05:09:14,115.99,51.22
2026-08-22T05:09:15,117.89,53.09
2026-08-22T05:09:16,117.3,52.51
2026-08-22T05:09:17,118.71,53.9
2026-08-22T05:09:18,115.41,50.64
2026-08-22T05:09:19,114.46,49.71
2026-08-22T05:09:20,114.57,49.81
2026-08-22T05:09:21,114.23,49.48
2026-08-22T05:09:22,113.94,49.19
2026-08-22T05:09:23,114.63,49.88
2026-08-22T05:09:24,114.79,50.03
2026-08-22T05:09:25,114.28,49.53
2026-08-22T05:09:26,114.28,49.54
2026-08-22T05:09:27,115.23,50.47
2026-08-22T05:09:28,113.79,49.05
2026-08-22T05:09:29,114.14,49.4
2026-08-22T05:09:30,115.39,50.62
2026-08-22T05:09:31,114.59,49.83
2026-08-22T05:09:32,114.03,49.28
2026-08-22T05:09:33,114.2,49.46
2026-08-22T05:09:34,114.1,49.35
2026-08-22T05:09:35,113.98,49.24
2026-08-22T05:09:36,113.71,48.97
2026-08-22T05:09:37,114.19,49.44
2026-08-22T05:09:38,113.64,48.9
2026-08-22T05:09:39,113.93,49.18
2026-08-22T05:09:40,114.28,49.53
2026-08-22T05:09:41,114.04,49.29
2026-08-22T05:09:42,114.35,49.6
2026-08-22T05:09:43,114.64,49.89
2026-08-22T05:09:44,114.37,49.62
2026-08-22T05:09:45,113.69,48.95
2026-08-22T05:09:46,113.78,49.04
2026-08-22T05:09:47,114.06,49.32
2026-08-22T05:09:48,113.68,48.94
2026-08-22T05:09:49,113.88,49.14
2026-08-22T05:09:50,114.8,50.04
2026-08-22T05:09:51,114.68,49.93
2026-08-22T05:09:52,114.13,49.38
2026-08-22T05:09:53,113.63,48.89
2026-08-22T05:09:54,114.91,50.15
2026-08-22T05:09:55,114.92,50.16
2026-08-22T05:09:56,114.34,49.59
2026-08-22T05:09:57,114.41,49.66
2026-08-22T05:09:58,113.7,48.96
2026-08-22T05:09:59,114.0,49.25
2026-08-22T05:10:00,114.33,49.58
2026-08-22T05:10:01,113.81,49.07
2026-08-22T05:10:02,114.12,49.37
2026-08-22T05:10:03,114.08,49.34
2026-08-22T05:10:04,113.94,49.2
2026-08-22T05:10:05,114.53,49.78
2026-08-22T05:10:06,113.63,48.89
2026-08-22T05:10:07,114.05,49.31
2026-08-22T05:10:08,113.94,49.2
2026-08-22T05:10:09,114.07,49.32
2026-08-22T05:10:10,114.36,49.61
2026-08-22T05:10:11,113.96,49.22
2026-08-22T05:10:12,113.88,49.14
2026-08-22T05:10:13,113.97,49.23
2026-08-22T05:10:14,114.22,49.48
2026-08-22T05:10:15,113.56,48.82
2026-08-22T05:10:16,113.48,48.74
2026-08-22T05:10:17,114.31,49.56
2026-08-22T05:10:18,113.9,49.16
2026-08-22T05:10:19,114.23,49.48
2026-08-22T05:10:20,114.13,49.39
2026-08-22T05:10:21,114.08,49.33
2026-08-22T05:10:22,114.34,49.6
2026-08-22T05:10:23,114.17,49.42
2026-08-22T05:10:24,114.0,49.26
2026-08-22T05:10:25,114.6,49.85
2026-08-22T05:10:26,113.99,49.24
2026-08-22T05:10:27,114.22,49.48
2026-08-22T05:10:28,114.23,49.48
2026-08-22T05:10:29,113.82,49.08
2026-08-22T05:10:30,113.43,48.7
2026-08-22T05:10:31,113.73,48.99
2026-08-22T05:10:32,113.89,49.14
2026-08-22T05:10:33,113.83,49.09
2026-08-22T05:10:34,114.11,49.36
2026-08-22T05:10:35,113.6,48.87
2026-08-22T05:10:36,113.6,48.86
2026-08-22T05:10:37,114.18,49.44
2026-08-22T05:10:38,114.02,49.27
2026-08-22T05:10:39,113.95,49.21
2026-08-22T05:10:40,113.94,49.2
2026-08-22T05:10:41,113.95,49.2
2026-08-22T05:10:42,114.66,49.91
2026-08-22T05:10:43,114.15,49.4
2026-08-22T05:10:44,114.5,49.74
2026-08-22T05:10:45,114.2,49.46
2026-08-22T05:10:46,113.25,48.52
2026-08-22T05:10:47,113.45,48.71
2026-08-22T05:10:48,113.95,49.21
2026-08-22T05:10:49,113.85,49.1
2026-08-22T05:10:50,114.04,49.3
2026-08-22T05:10:51,113.56,48.82
2026-08-22T05:10:52,113.47,48.74
2026-08-22T05:10:53,113.89,49.15
2026-08-22T05:10:54,113.94,49.2
2026-08-22T05:10:55,113.73,48.99
2026-08-22T05:10:56,113.51,48.77
2026-08-22T05:10:57,113.93,49.19
2026-08-22T05:10:58,113.63,48.89
2026-08-22T05:10:59,114.11,49.37
2026-08-22T05:11:00,113.71,48.97
2026-08-22T05:11:01,114.28,49.53
2026-08-22T05:11:02,114.13,49.39
2026-08-22T05:11:03,114.36,49.61
2026-08-22T05:11:04,113.84,49.1
2026-08-22T05:11:05,113.58,48.84
2026-08-22T05:11:06,113.87,49.13
2026-08-22T05:11:07,114.74,49.98
2026-08-22T05:11:08,113.37,48.64
2026-08-22T05:11:09,113.3,48.57
2026-08-22T05:11:10,113.82,49.07
2026-08-22T05:11:11,113.73,48.99
2026-08-22T05:11:12,113.64,48.9
2026-08-22T05:11:13,113.97,49.23
2026-08-22T05:11:14,114.08,49.34
2026-08-22T05:11:15,114.93,50.18
2026-08-22T05:11:16,114.25,49.51
2026-08-22T05:11:17,113.87,49.13
2026-08-22T05:11:18,113.77,49.03
2026-08-22T05:11:19,113.72,48.98
2026-08-22T05:11:20,113.85,49.11
2026-08-22T05:11:21,114.17,49.42
2026-08-22T05:11:22,113.59,48.86
2026-08-22T05:11:23,113.81,49.07
2026-08-22T05:11:24,113.92,49.18
2026-08-22T05:11:25,114.66,49.91
2026-08-22T05:11:26,114.71,49.96
2026-08-22T05:11:27,114.25,49.5
2026-08-22T05:11:28,113.91,49.17
2026-08-22T05:11:29,113.64,48.9
2026-08-22T05:11:30,114.02,49.28
2026-08-22T05:11:31,114.06,49.31
2026-08-22T05:11:32,114.49,49.74
2026-08-22T05:11:33,113.62,48.89
2026-08-22T05:11:34,113.92,49.17
2026-08-22T05:11:35,113.76,49.02
2026-08-22T05:11:36,114.76,50.01
2026-08-22T05:11:37,114.19,49.45
2026-08-22T05:11:38,114.42,49.67
2026-08-22T05:11:39,114.21,49.46
2026-08-22T05:11:40,113.85,49.1
2026-08-22T05:11:41,114.37,49.62
2026-08-22T05:11:42,114.28,49.54
2026-08-22T05:11:43,114.32,49.57
2026-08-22T05:11:44,114.34,49.59
2026-08-22T05:11:45,114.3,49.55
2026-08-22T05:11:46,114.53,49.77
2026-08-22T05:11:47,113.39,48.66
2026-08-22T05:11:48,113.88,49.14
2026-08-22T05:11:49,114.71,49.96
2026-08-22T05:11:50,115.17,50.41
2026-08-22T05:11:51,114.55,49.8
2026-08-22T05:11:52,113.94,49.2
2026-08-22T05:11:53,114.31,49.56
2026-08-22T05:11:54,114.18,49.43
2026-08-22T05:11:55,113.96,49.22
2026-08-22T05:11:56,113.89,49.14
2026-08-22T05:11:57,113.92,49.17
2026-08-22T05:11:58,114.41,49.66
2026-08-22T05:11:59,114.46,49.71
2026-08-22T05:12:00,113.98,49.24
2026-08-22T05:12:01,113.84,49.1
2026-08-22T05:12:02,114.25,49.5
2026-08-22T05:12:03,114.08,49.33
2026-08-22T05:12:04,113.7,48.96
2026-08-22T05:12:05,114.06,49.32
2026-08-22T05:12:06,113.92,49.18
2026-08-22T05:12:07,113.63,48.89
2026-08-22T05:12:08,114.11,49.36
2026-08-22T05:12:09,114.38,49.63
2026-08-22T05:12:10,114.06,49.32
2026-08-22T05:12:11,114.03,49.28
2026-08-22T05:12:12,114.22,49.48
2026-08-22T05:12:13,113.88,49.14
2026-08-22T05:12:14,113.94,49.2
2026-08-22T05:12:15,113.78,49.04
2026-08-22T05:12:16,114.76,50.0
2026-08-22T05:12:17,113.92,49.18
2026-08-22T05:12:18,114.54,49.79
2026-08-22T05:12:19,114.32,49.57
2026-08-22T05:12:20,113.54,48.8
2026-08-22T05:12:21,113.48,48.75
2026-08-22T05:12:22,114.35,49.6
2026-08-22T05:12:23,113.68,48.94
2026-08-22T05:12:24,113.9,49.16
2026-08-22T05:12:25,113.78,49.04
2026-08-22T05:12:26,114.53,49.78
2026-08-22T05:12:27,113.83,49.09
2026-08-22T05:12:28,113.8,49.06
2026-08-22T05:12:29,113.78,49.04
2026-08-22T05:12:30,114.11,49.37
2026-08-22T05:12:31,113.73,48.99
2026-08-22T05:12:32,113.36,48.62
2026-08-22T05:12:33,113.99,49.25
2026-08-22T05:12:34,114.16,49.42
2026-08-22T05:12:35,114.72,49.97
2026-08-22T05:12:36,114.11,49.36
2026-08-22T05:12:37,113.49,48.75
2026-08-22T05:12:38,114.04,49.29
2026-08-22T05:12:39,114.4,49.65
2026-08-22T05:12:40,114.41,49.66
2026-08-22T05:12:41,114.43,49.68
2026-08-22T05:12:42,114.8,50.04
2026-08-22T05:12:43,114.04,49.3
2026-08-22T05:12:44,113.78,49.04
2026-08-22T05:12:45,114.21,49.47
2026-08-22T05:12:46,114.46,49.71
2026-08-22T05:12:47,114.32,49.57
2026-08-22T05:12:48,114.27,49.53
2026-08-22T05:12:49,114.04,49.29
2026-08-22T05:12:50,114.62,49.87
2026-08-22T05:12:51,114.06,49.31
2026-08-22T05:12:52,113.8,49.06
2026-08-22T05:12:53,113.81,49.07
2026-08-22T05:12:54,114.03,49.29
2026-08-22T05:12:55,114.01,49.27
2026-08-22T05:12:56,113.92,49.18
2026-08-22T05:12:57,114.65,49.9
2026-08-22T05:12:58,113.85,49.11
2026-08-22T05:12:59,114.17,49.42
2026-08-22T05:13:00,114.65,49.9
2026-08-22T05:13:01,113.76,49.02
2026-08-22T05:13:02,113.33,48.59
2026-08-22T05:13:03,114.38,49.63
2026-08-22T05:13:04,113.94,49.2
2026-08-22T05:13:05,114.52,49.77
2026-08-22T05:13:06,113.94,49.2
2026-08-22T05:13:07,114.22,49.48
2026-08-22T05:13:08,114.71,49.95
2026-08-22T05:13:09,114.41,49.66
2026-08-22T05:13:10,113.9,49.16
2026-08-22T05:13:11,113.99,49.25
2026-08-22T05:13:12,114.17,49.42
2026-08-22T05:13:13,114.52,49.77
2026-08-22T05:13:14,115.4,50.64
2026-08-22T05:13:15,114.34,49.59
2026-08-22T05:13:16,113.7,48.97
2026-08-22T05:13:17,114.58,49.83
2026-08-22T05:13:18,114.43,49.68
2026-08-22T05:13:19,114.35,49.6
2026-08-22T05:13:20,114.35,49.6
2026-08-22T05:13:21,113.94,49.19
2026-08-22T05:13:22,113.78,49.04
2026-08-22T05:13:23,114.06,49.32
2026-08-22T05:13:24,115.08,50.32
2026-08-22T05:13:25,115.04,50.28
2026-08-22T05:13:26,114.77,50.02
2026-08-22T05:13:27,115.25,50.48
2026-08-22T05:13:28,114.32,49.57
2026-08-22T05:13:29,114.15,49.4
2026-08-22T05:13:30,113.87,49.13
2026-08-22T05:13:31,113.75,49.01
2026-08-22T05:13:32,113.58,48.84
2026-08-22T05:13:33,114.53,49.78
2026-08-22T05:13:34,114.47,49.72
2026-08-22T05:13:35,114.16,49.42
2026-08-22T05:13:36,114.61,49.86
2026-08-22T05:13:37,114.0,49.26
2026-08-22T05:13:38,113.71,48.97
2026-08-22T05:13:39,113.83,49.09
2026-08-22T05:13:40,114.56,49.81
2026-08-22T05:13:41,113.82,49.08
2026-08-22T05:13:42,114.37,49.62
2026-08-22T05:13:43,114.46,49.71
2026-08-22T05:13:44,114.53,49.78
2026-08-22T05:13:45,114.44,49.69
2026-08-22T05:13:46,114.69,49.94
2026-08-22T05:13:47,113.5,48.77
2026-08-22T05:13:48,114.67,49.92
2026-08-22T05:13:49,114.39,49.64
2026-08-22T05:13:50,113.75,49.01
2026-08-22T05:13:51,114.01,49.27
2026-08-22T05:13:52,114.16,49.42
2026-08-22T05:13:53,113.72,48.98
2026-08-22T05:13:54,113.72,48.98
2026-08-22T05:13:55,113.73,48.99
2026-08-22T05:13:56,114.19,49.44
2026-08-22T05:13:57,113.99,49.25
2026-08-22T05:13:58,113.74,49.0
2026-08-22T05:13:59,113.63,48.89
2026-08-22T05:14:00,113.96,49.21
2026-08-22T05:14:01,113.53,48.8
2026-08-22T05:14:02,113.89,49.15
2026-08-22T05:14:03,114.13,49.39
2026-08-22T05:14:04,113.72,48.98
2026-08-22T05:14:05,114.38,49.63
2026-08-22T05:14:06,113.84,49.1
2026-08-22T05:14:07,114.42,49.67
2026-08-22T05:14:08,114.01,49.27
2026-08-22T05:14:09,114.11,49.36
2026-08-22T05:14:10,113.8,49.06
2026-08-22T05:14:11,115.99,51.22
2026-08-22T05:14:12,115.47,50.7
2026-08-22T05:14:13,118.15,53.35
2026-08-22T05:14:14,117.45,52.66
2026-08-22T05:14:15,116.67,51.88
2026-08-22T05:14:16,115.3,50.54
2026-08-22T05:14:17,114.34,49.59
2026-08-22T05:14:18,114.31,49.57
2026-08-22T05:14:19,114.35,49.6
2026-08-22T05:14:20,114.1,49.36
2026-08-22T05:14:21,113.5,48.76
2026-08-22T05:14:22,113.48,48.75
2026-08-22T05:14:23,114.26,49.51
2026-08-22T05:14:24,114.15,49.4
2026-08-22T05:14:25,114.14,49.39
2026-08-22T05:14:26,114.32,49.57
2026-08-22T05:14:27,114.26,49.52
2026-08-22T05:14:28,113.35,48.62
2026-08-22T05:14:29,114.22,49.48
2026-08-22T05:14:30,113.9,49.16
2026-08-22T05:14:31,114.13,49.38
2026-08-22T05:14:32,114.25,49.5
2026-08-22T05:14:33,114.3,49.55
2026-08-22T05:14:34,114.01,49.27
2026-08-22T05:14:35,114.11,49.36
2026-08-22T05:14:36,113.92,49.18
2026-08-22T05:14:37,114.4,49.65
2026-08-22T05:14:38,113.97,49.22
2026-08-22T05:14:39,114.21,49.46
2026-08-22T05:14:40,114.08,49.33
2026-08-22T05:14:41,113.66,48.92
2026-08-22T05:14:42,114.49,49.74
2026-08-22T05:14:43,114.02,49.28
2026-08-22T05:14:44,114.13,49.39
2026-08-22T05:14:45,114.31,49.56
2026-08-22T05:14:46,114.07,49.33
2026-08-22T05:14:47,114.68,49.93
2026-08-22T05:14:48,113.97,49.22
2026-08-22T05:14:49,114.57,49.82
2026-08-22T05:14:50,114.23,49.48
2026-08-22T05:14:51,113.87,49.12
2026-08-22T05:14:52,114.34,49.59
2026-08-22T05:14:53,114.05,49.3
2026-08-22T05:14:54,114.3,49.55
2026-08-22T05:14:55,114.17,49.43
2026-08-22T05:14:56,114.45,49.7
2026-08-22T05:14:57,114.29,49.54
2026-08-22T05:14:58,114.04,49.29
2026-08-22T05:14:59,114.04,49.29
2026-08-22T05:15:00,114.06,49.31
2026-08-22T05:15:01,114.2,49.46
2026-08-22T05:15:02,114.11,49.37
2026-08-22T05:15:03,113.9,49.16
2026-08-22T05:15:04,114.32,49.57
2026-08-22T05:15:05,113.68,48.94
2026-08-22T05:15:06,114.65,49.9
2026-08-22T05:15:07,113.93,49.19
2026-08-22T05:15:08,114.24,49.49
2026-08-22T05:15:09,114.18,49.43
2026-08-22T05:15:10,114.05,49.3
2026-08-22T05:15:11,113.87,49.13
2026-08-22T05:15:12,113.7,48.96
2026-08-22T05:15:13,114.43,49.68
2026-08-22T05:15:14,114.33,49.58
2026-08-22T05:15:15,114.7,49.95
2026-08-22T05:15:16,114.4,49.65
2026-08-22T05:15:17,114.31,49.56
2026-08-22T05:15:18,114.14,49.4
2026-08-22T05:15:19,114.24,49.5
2026-08-22T05:15:20,114.44,49.69
2026-08-22T05:15:21,114.45,49.7
2026-08-22T05:15:22,114.25,49.5
2026-08-22T05:15:23,113.66,48.93
2026-08-22T05:15:24,113.95,49.21
2026-08-22T05:15:25,113.88,49.14
2026-08-22T05:15:26,114.11,49.36
2026-08-22T05:15:27,113.76,49.02
2026-08-22T05:15:28,114.21,49.47
2026-08-22T05:15:29,114.52,49.77
2026-08-22T05:15:30,113.71,48.97
2026-08-22T05:15:31,113.91,49.16
2026-08-22T05:15:32,114.22,49.47
2026-08-22T05:15:33,113.98,49.24
2026-08-22T05:15:34,114.81,50.05
2026-08-22T05:15:35,114.19,49.44
2026-08-22T05:15:36,114.93,50.17
2026-08-22T05:15:37,114.33,49.58
2026-08-22T05:15:38,113.85,49.11
2026-08-22T05:15:39,113.6,48.87
2026-08-22T05:15:40,113.79,49.05
2026-08-22T05:15:41,113.85,49.11
2026-08-22T05:15:42,113.93,49.19
2026-08-22T05:15:43,114.63,49.88
2026-08-22T05:15:44,114.54,49.79
2026-08-22T05:15:45,113.74,49.0
2026-08-22T05:15:46,114.35,49.6
2026-08-22T05:15:47,114.48,49.73
2026-08-22T05:15:48,114.43,49.68
2026-08-22T05:15:49,114.18,49.43
2026-08-22T05:15:50,114.33,49.58
2026-08-22T05:15:51,114.06,49.32
2026-08-22T05:15:52,114.2,49.45
2026-08-22T05:15:53,113.94,49.2
2026-08-22T05:15:54,113.95,49.21
2026-08-22T05:15:55,114.27,49.53
2026-08-22T05:15:56,113.72,48.98
2026-08-22T05:15:57,113.91,49.17
2026-08-22T05:15:58,114.36,49.61
2026-08-22T05:15:59,113.77,49.03
2026-08-22T05:16:00,114.0,49.25
2026-08-22T05:16:01,114.56,49.81
2026-08-22T05:16:02,114.07,49.32
2026-08-22T05:16:03,114.46,49.71
2026-08-22T05:16:04,113.82,49.08
2026-08-22T05:16:05,114.37,49.62
2026-08-22T05:16:06,113.35,48.62
2026-08-22T05:16:07,114.5,49.75
2026-08-22T05:16:08,114.22,49.47
2026-08-22T05:16:09,114.02,49.27
2026-08-22T05:16:10,113.84,49.09
2026-08-22T05:16:11,113.49,48.76
2026-08-22T05:16:12,114.32,49.57
2026-08-22T05:16:13,114.32,49.57
2026-08-22T05:16:14,114.41,49.66
2026-08-22T05:16:15,114.29,49.55
2026-08-22T05:16:16,114.4,49.65
2026-08-22T05:16:17,114.73,49.98
2026-08-22T05:16:18,114.24,49.49
2026-08-22T05:16:19,114.18,49.43
2026-08-22T05:16:20,113.91,49.17
2026-08-22T05:16:21,114.15,49.4
2026-08-22T05:16:22,114.44,49.69
2026-08-22T05:16:23,114.42,49.67
2026-08-22T05:16:24,114.48,49.73
2026-08-22T05:16:25,115.04,50.28
2026-08-22T05:16:26,115.37,50.61
2026-08-22T05:16:27,115.16,50.4
2026-08-22T05:16:28,114.66,49.91
2026-08-22T05:16:29,114.86,50.1
2026-08-22T05:16:30,116.43,51.65
2026-08-22T05:16:31,117.94,53.14
2026-08-22T05:16:32,118.14,53.33
2026-08-22T05:16:33,121.34,56.5
2026-08-22T05:16:34,124.87,59.97
2026-08-22T05:16:35,127.69,62.75
2026-08-22T05:16:36,130.49,65.51
2026-08-22T05:16:37,134.9,69.86
2026-08-22T05:16:38,134.12,69.09
2026-08-22T05:16:39,125.09,60.19
2026-08-22T05:16:40,120.67,55.83
2026-08-22T05:16:41,117.62,52.83
2026-08-22T05:16:42,115.72,50.95
2026-08-22T05:16:43,116.27,51.5
2026-08-22T05:16:44,115.17,50.41
2026-08-22T05:16:45,115.06,50.3
2026-08-22T05:16:46,114.37,49.62
2026-08-22T05:16:47,114.32,49.58
2026-08-22T05:16:48,115.24,50.47
2026-08-22T05:16:49,113.95,49.21
2026-08-22T05:16:50,114.35,49.6
2026-08-22T05:16:51,114.42,49.67
2026-08-22T05:16:52,114.24,49.5
2026-08-22T05:16:53,114.24,49.5
2026-08-22T05:16:54,113.61,48.87
2026-08-22T05:16:55,114.27,49.52
2026-08-22T05:16:56,114.05,49.31
2026-08-22T05:16:57,113.73,48.99
2026-08-22T05:16:58,114.31,49.56
2026-08-22T05:16:59,113.85,49.11
2026-08-22T05:17:00,114.38,49.63
2026-08-22T05:17:01,119.1,54.29
2026-08-22T05:17:02,116.21,51.43
2026-08-22T05:17:03,118.31,53.51
2026-08-22T05:17:04,115.07,50.31
2026-08-22T05:17:05,114.64,49.89
2026-08-22T05:17:06,114.19,49.45
2026-08-22T05:17:07,115.18,50.42
2026-08-22T05:17:08,113.96,49.22
2026-08-22T05:17:09,114.07,49.33
2026-08-22T05:17:10,114.06,49.32
2026-08-22T05:17:11,114.27,49.52
2026-08-22T05:17:12,114.28,49.54
2026-08-22T05:17:13,114.33,49.58
2026-08-22T05:17:14,114.25,49.5
2026-08-22T05:17:15,114.89,50.13
2026-08-22T05:17:16,115.2,50.44
2026-08-22T05:17:17,115.75,50.99
2026-08-22T05:17:18,115.88,51.11
2026-08-22T05:17:19,115.27,50.51
2026-08-22T05:17:20,114.78,50.03
2026-08-22T05:17:21,114.23,49.48
2026-08-22T05:17:22,114.28,49.53
2026-08-22T05:17:23,114.63,49.88
2026-08-22T05:17:24,114.75,50.0
2026-08-22T05:17:25,114.53,49.78
2026-08-22T05:17:26,114.77,50.02
2026-08-22T05:17:27,113.79,49.05
2026-08-22T05:17:28,114.17,49.43
2026-08-22T05:17:29,114.08,49.34
2026-08-22T05:17:30,114.66,49.91
2026-08-22T05:17:31,114.0,49.25
2026-08-22T05:17:32,114.57,49.82
2026-08-22T05:17:33,115.52,50.76
2026-08-22T05:17:34,114.89,50.14
2026-08-22T05:17:35,115.2,50.44
2026-08-22T05:17:36,114.45,49.7
2026-08-22T05:17:37,113.99,49.25
2026-08-22T05:17:38,114.16,49.42
2026-08-22T05:17:39,114.75,50.0
2026-08-22T05:17:40,114.33,49.58
2026-08-22T05:17:41,114.78,50.02
2026-08-22T05:17:42,114.15,49.4
2026-08-22T05:17:43,114.59,49.84
2026-08-22T05:17:44,114.35,49.61
2026-08-22T05:17:45,114.56,49.81
2026-08-22T05:17:46,114.97,50.21
2026-08-22T05:17:47,114.82,50.06
2026-08-22T05:17:48,113.8,49.06
2026-08-22T05:17:49,114.64,49.89
2026-08-22T05:17:50,114.44,49.69
2026-08-22T05:17:51,114.31,49.56
2026-08-22T05:17:52,114.2,49.45
2026-08-22T05:17:53,113.72,48.98
2026-08-22T05:17:54,114.13,49.39
2026-08-22T05:17:55,113.75,49.01
2026-08-22T05:17:56,114.66,49.9
2026-08-22T05:17:57,114.56,49.81
2026-08-22T05:17:58,114.67,49.92
2026-08-22T05:17:59,113.95,49.2
2026-08-22T05:18:00,114.06,49.32
2026-08-22T05:18:01,113.67,48.93
2026-08-22T05:18:02,114.84,50.08
2026-08-22T05:18:03,113.67,48.93
2026-08-22T05:18:04,114.39,49.64
2026-08-22T05:18:05,113.93,49.19
2026-08-22T05:18:06,114.89,50.13
2026-08-22T05:18:07,113.95,49.21
2026-08-22T05:18:08,114.61,49.86
2026-08-22T05:18:09,114.38,49.63
2026-08-22T05:18:10,115.06,50.3
2026-08-22T05:18:11,114.48,49.73
2026-08-22T05:18:12,114.43,49.68
2026-08-22T05:18:13,114.22,49.48
2026-08-22T05:18:14,114.46,49.71
2026-08-22T05:18:15,114.53,49.78
2026-08-22T05:18:16,114.37,49.62
2026-08-22T05:18:17,114.69,49.94
2026-08-22T05:18:18,115.12,50.36
2026-08-22T05:18:19,114.84,50.08
2026-08-22T05:18:20,115.0,50.24
2026-08-22T05:18:21,114.57,49.82
2026-08-22T05:18:22,114.67,49.92
2026-08-22T05:18:23,113.99,49.25
2026-08-22T05:18:24,114.16,49.41
2026-08-22T05:18:25,113.87,49.13
2026-08-22T05:18:26,114.55,49.8
2026-08-22T05:18:27,114.86,50.1
2026-08-22T05:18:28,114.26,49.52
2026-08-22T05:18:29,113.96,49.22
2026-08-22T05:18:30,113.72,48.98
2026-08-22T05:18:31,114.15,49.4
2026-08-22T05:18:32,114.38,49.63
2026-08-22T05:18:33,114.67,49.92
2026-08-22T05:18:34,113.92,49.18
2026-08-22T05:18:35,114.8,50.04
2026-08-22T05:18:36,114.31,49.56
2026-08-22T05:18:37,114.52,49.77
2026-08-22T05:18:38,115.02,50.27
2026-08-22T05:18:39,114.83,50.08
2026-08-22T05:18:40,114.82,50.07
2026-08-22T05:18:41,114.7,49.95
2026-08-22T05:18:42,114.37,49.62
2026-08-22T05:18:43,114.74,49.98
2026-08-22T05:18:44,116.74,51.95
2026-08-22T05:18:45,117.64,52.84
2026-08-22T05:18:46,116.97,52.18
2026-08-22T05:18:47,116.42,51.64
2026-08-22T05:18:48,116.87,52.08
2026-08-22T05:18:49,117.19,52.4
2026-08-22T05:18:50,116.89,52.11
2026-08-22T05:18:51,119.02,54.21
2026-08-22T05:18:52,116.87,52.09
2026-08-22T05:18:53,115.11,50.35
2026-08-22T05:18:54,116.6,51.82
2026-08-22T05:18:55,115.64,50.87
2026-08-22T05:18:56,115.22,50.46
2026-08-22T05:18:57,115.85,51.08
2026-08-22T05:18:58,114.43,49.68
2026-08-22T05:18:59,114.34,49.6
2026-08-22T05:19:00,114.31,49.56
2026-08-22T05:19:01,116.45,51.67
2026-08-22T05:19:02,117.33,52.54
2026-08-22T05:19:03,120.09,55.26
2026-08-22T05:19:04,119.55,54.73
2026-08-22T05:19:05,116.87,52.08
2026-08-22T05:19:06,115.69,50.92
2026-08-22T05:19:07,116.01,51.23
2026-08-22T05:19:08,114.74,49.98
2026-08-22T05:19:09,115.63,50.86
2026-08-22T05:19:10,115.22,50.46
2026-08-22T05:19:11,115.8,51.03
2026-08-22T05:19:12,114.4,49.65
2026-08-22T05:19:13,114.54,49.79
2026-08-22T05:19:14,114.23,49.48
2026-08-22T05:19:15,114.23,49.49
2026-08-22T05:19:16,114.22,49.47
2026-08-22T05:19:17,114.24,49.49
2026-08-22T05:19:18,114.93,50.17
2026-08-22T05:19:19,115.47,50.71
2026-08-22T05:19:20,116.49,51.71
2026-08-22T05:19:21,116.92,52.13
2026-08-22T05:19:22,118.93,54.11
2026-08-22T05:19:23,123.79,58.91
2026-08-22T05:19:24,126.92,61.99
2026-08-22T05:19:25,128.61,63.66
2026-08-22T05:19:26,128.89,63.94
2026-08-22T05:19:27,129.13,64.17
2026-08-22T05:19:28,125.29,60.39
2026-08-22T05:19:29,123.03,58.16
2026-08-22T05:19:30,120.63,55.79
2026-08-22T05:19:31,120.13,55.3
2026-08-22T05:19:32,119.65,54.83
2026-08-22T05:19:33,119.78,54.95
2026-08-22T05:19:34,117.81,53.01
2026-08-22T05:19:35,116.99,52.21
2026-08-22T05:19:36,115.85,51.08
2026-08-22T05:19:37,115.1,50.34
2026-08-22T05:19:38,114.47,49.72
2026-08-22T05:19:39,114.85,50.1
2026-08-22T05:19:40,114.75,50.0
2026-08-22T05:19:41,114.43,49.68
2026-08-22T05:19:42,114.56,49.81
2026-08-22T05:19:43,113.85,49.11
2026-08-22T05:19:44,114.35,49.6
2026-08-22T05:19:45,114.61,49.86
2026-08-22T05:19:46,115.13,50.37
2026-08-22T05:19:47,114.53,49.78
2026-08-22T05:19:48,114.19,49.45
2026-08-22T05:19:49,115.3,50.54
2026-08-22T05:19:50,115.22,50.45
2026-08-22T05:19:51,114.97,50.21
2026-08-22T05:19:52,114.28,49.54
2026-08-22T05:19:53,114.46,49.71
2026-08-22T05:19:54,114.33,49.58
2026-08-22T05:19:55,113.46,48.72
2026-08-22T05:19:56,113.72,48.98
2026-08-22T05:19:57,114.55,49.8
2026-08-22T05:19:58,113.59,48.85
2026-08-22T05:19:59,114.07,49.33
2026-08-22T05:20:00,114.96,50.2
2026-08-22T05:20:01,113.91,49.16
2026-08-22T05:20:02,113.99,49.25
2026-08-22T05:20:03,114.1,49.36
2026-08-22T05:20:04,113.74,49.0
2026-08-22T05:20:05,114.23,49.48
2026-08-22T05:20:06,113.92,49.18
2026-08-22T05:20:07,113.74,49.0
2026-08-22T05:20:08,113.93,49.19
2026-08-22T05:20:09,113.88,49.14
2026-08-22T05:20:10,114.54,49.79
2026-08-22T05:20:11,113.55,48.81
2026-08-22T05:20:12,113.78,49.04
2026-08-22T05:20:13,113.92,49.17
2026-08-22T05:20:14,114.15,49.4
2026-08-22T05:20:15,114.39,49.64
2026-08-22T05:20:16,114.06,49.32
2026-08-22T05:20:17,113.79,49.05
2026-08-22T05:20:18,114.5,49.75
2026-08-22T05:20:19,113.71,48.97
2026-08-22T05:20:20,114.42,49.67
2026-08-22T05:20:21,114.31,49.57
2026-08-22T05:20:22,114.88,50.12
2026-08-22T05:20:23,114.33,49.58
2026-08-22T05:20:24,114.43,49.68
2026-08-22T05:20:25,113.71,48.97
2026-08-22T05:20:26,114.23,49.49
2026-08-22T05:20:27,113.87,49.13
2026-08-22T05:20:28,114.37,49.62
2026-08-22T05:20:29,114.43,49.68
2026-08-22T05:20:30,114.45,49.7
2026-08-22T05:20:31,114.37,49.62
2026-08-22T05:20:32,114.51,49.75
2026-08-22T05:20:33,114.31,49.56
2026-08-22T05:20:34,114.23,49.49
2026-08-22T05:20:35,114.57,49.82
2026-08-22T05:20:36,114.1,49.36
2026-08-22T05:20:37,114.61,49.86
2026-08-22T05:20:38,114.44,49.69
2026-08-22T05:20:39,113.77,49.03
2026-08-22T05:20:40,113.71,48.97
2026-08-22T05:20:41,114.64,49.88
2026-08-22T05:20:42,114.41,49.66
2026-08-22T05:20:43,114.38,49.63
2026-08-22T05:20:44,114.61,49.86
2026-08-22T05:20:45,115.25,50.49
2026-08-22T05:20:46,116.85,52.07
2026-08-22T05:20:47,118.31,53.5
2026-08-22T05:20:48,121.08,56.23
2026-08-22T05:20:49,123.49,58.61
2026-08-22T05:20:50,126.26,61.34
2026-08-22T05:20:51,127.27,62.34
2026-08-22T05:20:52,128.09,63.14
2026-08-22T05:20:53,125.36,60.46
2026-08-22T05:20:54,121.98,57.12
2026-08-22T05:20:55,120.4,55.56
2026-08-22T05:20:56,118.12,53.32
2026-08-22T05:20:57,118.29,53.49
2026-08-22T05:20:58,117.65,52.85
2026-08-22T05:20:59,116.11,51.33
2026-08-22T05:21:00,115.58,50.82
2026-08-22T05:21:01,115.12,50.36
2026-08-22T05:21:02,114.74,49.99
2026-08-22T05:21:03,115.17,50.41
2026-08-22T05:21:04,114.39,49.64
2026-08-22T05:21:05,114.5,49.75
2026-08-22T05:21:06,115.08,50.32
2026-08-22T05:21:07,115.42,50.66
2026-08-22T05:21:08,115.75,50.98
2026-08-22T05:21:09,115.25,50.48
2026-08-22T05:21:10,114.87,50.12
2026-08-22T05:21:11,114.89,50.14
2026-08-22T05:21:12,114.83,50.08
2026-08-22T05:21:13,114.18,49.43
2026-08-22T05:21:14,114.9,50.15
2026-08-22T05:21:15,114.82,50.07
2026-08-22T05:21:16,115.66,50.89
2026-08-22T05:21:17,116.81,52.03
2026-08-22T05:21:18,118.14,53.34
2026-08-22T05:21:19,120.21,55.38
2026-08-22T05:21:20,122.05,57.2
2026-08-22T05:21:21,125.21,60.31
2026-08-22T05:21:22,126.46,61.54
2026-08-22T05:21:23,129.17,64.21
2026-08-22T05:21:24,120.56,55.73
2026-08-22T05:21:25,117.81,53.01
2026-08-22T05:21:26,115.98,51.21
2026-08-22T05:21:27,114.57,49.81
2026-08-22T05:21:28,114.92,50.17
2026-08-22T05:21:29,114.46,49.71
2026-08-22T05:21:30,114.57,49.81
2026-08-22T05:21:31,114.08,49.34
2026-08-22T05:21:32,114.42,49.67
2026-08-22T05:21:33,113.82,49.08
2026-08-22T05:21:34,114.26,49.52
2026-08-22T05:21:35,114.01,49.26
2026-08-22T05:21:36,113.39,48.65
2026-08-22T05:21:37,113.65,48.91
2026-08-22T05:21:38,113.91,49.16
2026-08-22T05:21:39,113.53,48.79
2026-08-22T05:21:40,114.0,49.26
2026-08-22T05:21:41,113.9,49.16
2026-08-22T05:21:42,113.36,48.63
2026-08-22T05:21:43,114.64,49.88
2026-08-22T05:21:44,114.07,49.32
2026-08-22T05:21:45,114.42,49.67
2026-08-22T05:21:46,114.27,49.53
2026-08-22T05:21:47,113.93,49.19
2026-08-22T05:21:48,113.98,49.24
2026-08-22T05:21:49,113.92,49.18
2026-08-22T05:21:50,113.83,49.09
2026-08-22T05:21:51,113.93,49.19
2026-08-22T05:21:52,113.89,49.15
2026-08-22T05:21:53,114.22,49.48
2026-08-22T05:21:54,114.34,49.59
2026-08-22T05:21:55,114.77,50.02
2026-08-22T05:21:56,114.27,49.52
2026-08-22T05:21:57,114.24,49.49
2026-08-22T05:21:58,114.18,49.43
2026-08-22T05:21:59,114.55,49.79
2026-08-22T05:22:00,114.37,49.62
2026-08-22T05:22:01,114.56,49.8
2026-08-22T05:22:02,114.79,50.04
2026-08-22T05:22:03,114.34,49.59
2026-08-22T05:22:04,113.93,49.19
2026-08-22T05:22:05,113.92,49.18
2026-08-22T05:22:06,113.46,48.73
2026-08-22T05:22:07,114.29,49.54
2026-08-22T05:22:08,115.17,50.41
2026-08-22T05:22:09,115.44,50.67
2026-08-22T05:22:10,116.25,51.48
2026-08-22T05:22:11,117.35,52.56
2026-08-22T05:22:12,120.09,55.26
2026-08-22T05:22:13,122.74,57.87
2026-08-22T05:22:14,125.81,60.89
2026-08-22T05:22:15,127.72,62.78
2026-08-22T05:22:16,129.03,64.07
2026-08-22T05:22:17,128.54,63.59
2026-08-22T05:22:18,127.94,63.0
2026-08-22T05:22:19,127.02,62.09
2026-08-22T05:22:20,124.4,59.51
2026-08-22T05:22:21,122.73,57.86
2026-08-22T05:22:22,119.25,54.43
2026-08-22T05:22:23,119.1,54.28
2026-08-22T05:22:24,119.87,55.05
2026-08-22T05:22:25,119.13,54.32
2026-08-22T05:22:26,118.87,54.06
2026-08-22T05:22:27,117.44,52.64
2026-08-22T05:22:28,116.77,51.98
2026-08-22T05:22:29,115.98,51.21
2026-08-22T05:22:30,115.92,51.15
2026-08-22T05:22:31,116.16,51.39
2026-08-22T05:22:32,115.48,50.72
2026-08-22T05:22:33,114.75,50.0
2026-08-22T05:22:34,115.06,50.3
2026-08-22T05:22:35,114.81,50.06
2026-08-22T05:22:36,114.37,49.63
2026-08-22T05:22:37,114.45,49.7
2026-08-22T05:22:38,114.47,49.72
2026-08-22T05:22:39,113.79,49.05
2026-08-22T05:22:40,114.18,49.43
2026-08-22T05:22:41,114.26,49.51
2026-08-22T05:22:42,114.68,49.93
2026-08-22T05:22:43,114.47,49.72
2026-08-22T05:22:44,115.37,50.61
2026-08-22T05:22:45,115.17,50.41
2026-08-22T05:22:46,116.03,51.26
2026-08-22T05:22:47,116.02,51.25
2026-08-22T05:22:48,116.38,51.6
2026-08-22T05:22:49,117.67,52.88
2026-08-22T05:22:50,118.52,53.71
2026-08-22T05:22:51,120.65,55.81
2026-08-22T05:22:52,123.64,58.76
2026-08-22T05:22:53,124.29,59.4
2026-08-22T05:22:54,126.56,61.64
2026-08-22T05:22:55,120.28,55.45
2026-08-22T05:22:56,117.19,52.4
2026-08-22T05:22:57,115.47,50.7
2026-08-22T05:22:58,115.35,50.59
2026-08-22T05:22:59,114.56,49.8
2026-08-22T05:23:00,114.74,49.99
2026-08-22T05:23:01,114.7,49.95
2026-08-22T05:23:02,114.5,49.75
2026-08-22T05:23:03,114.03,49.29
2026-08-22T05:23:04,114.46,49.71
2026-08-22T05:23:05,115.23,50.47
2026-08-22T05:23:06,116.19,51.42
2026-08-22T05:23:07,117.04,52.25
2026-08-22T05:23:08,117.77,52.98
2026-08-22T05:23:09,119.52,54.7
2026-08-22T05:23:10,123.97,59.09
2026-08-22T05:23:11,125.78,60.86
2026-08-22T05:23:12,128.84,63.89
2026-08-22T05:23:13,130.21,65.24
2026-08-22T05:23:14,129.0,64.05
2026-08-22T05:23:15,125.99,61.07
2026-08-22T05:23:16,123.36,58.48
2026-08-22T05:23:17,121.24,56.39
2026-08-22T05:23:18,121.06,56.22
2026-08-22T05:23:19,119.81,54.99
2026-08-22T05:23:20,119.81,54.98
2026-08-22T05:23:21,118.76,53.95
2026-08-22T05:23:22,116.84,52.05
2026-08-22T05:23:23,115.45,50.69
2026-08-22T05:23:24,115.85,51.08
2026-08-22T05:23:25,115.67,50.9
2026-08-22T05:23:26,115.99,51.22
2026-08-22T05:23:27,115.16,50.4
2026-08-22T05:23:28,114.79,50.03
2026-08-22T05:23:29,114.69,49.94
2026-08-22T05:23:30,114.99,50.24
2026-08-22T05:23:31,114.79,50.04
2026-08-22T05:23:32,114.8,50.05
2026-08-22T05:23:33,114.6,49.85
2026-08-22T05:23:34,114.83,50.08
2026-08-22T05:23:35,114.26,49.51
2026-08-22T05:23:36,113.94,49.2
2026-08-22T05:23:37,114.69,49.94
2026-08-22T05:23:38,114.47,49.72
2026-08-22T05:23:39,114.55,49.8
2026-08-22T05:23:40,115.11,50.36
2026-08-22T05:23:41,114.34,49.59
2026-08-22T05:23:42,114.95,50.19
2026-08-22T05:23:43,114.37,49.62
2026-08-22T05:23:44,114.46,49.71
2026-08-22T05:23:45,114.53,49.78
2026-08-22T05:23:46,113.99,49.25
2026-08-22T05:23:47,114.44,49.69
2026-08-22T05:23:48,113.99,49.24
2026-08-22T05:23:49,114.96,50.2
2026-08-22T05:23:50,114.45,49.7
2026-08-22T05:23:51,114.97,50.21
2026-08-22T05:23:52,115.11,50.35
2026-08-22T05:23:53,114.39,49.64
2026-08-22T05:23:54,114.46,49.71
2026-08-22T05:23:55,114.94,50.19
2026-08-22T05:23:56,114.18,49.44
2026-08-22T05:23:57,114.37,49.62
2026-08-22T05:23:58,117.13,52.35
2026-08-22T05:23:59,116.39,51.61
2026-08-22T05:24:00,126.58,61.66
2026-08-22T05:24:01,129.19,64.23
2026-08-22T05:24:02,125.37,60.46
2026-08-22T05:24:03,120.92,56.08
2026-08-22T05:24:04,119.1,54.29
2026-08-22T05:24:05,120.71,55.88
2026-08-22T05:24:06,120.33,55.49
2026-08-22T05:24:07,115.04,50.29
2026-08-22T05:24:08,114.36,49.61
2026-08-22T05:24:09,114.41,49.67
2026-08-22T05:24:10,114.04,49.3
2026-08-22T05:24:11,114.44,49.69
2026-08-22T05:24:12,114.67,49.92
2026-08-22T05:24:13,114.41,49.66
2026-08-22T05:24:14,114.45,49.7
2026-08-22T05:24:15,115.03,50.27
2026-08-22T05:24:16,115.96,51.19
2026-08-22T05:24:17,116.48,51.7
2026-08-22T05:24:18,115.22,50.46
2026-08-22T05:24:19,114.21,49.46
2026-08-22T05:24:20,114.59,49.84
2026-08-22T05:24:21,114.92,50.16
2026-08-22T05:24:22,114.71,49.96
2026-08-22T05:24:23,114.22,49.47
2026-08-22T05:24:24,114.25,49.5
2026-08-22T05:24:25,114.5,49.75
2026-08-22T05:24:26,114.92,50.17
2026-08-22T05:24:27,114.85,50.09
2026-08-22T05:24:28,114.06,49.31
2026-08-22T05:24:29,114.39,49.64
2026-08-22T05:24:30,115.02,50.26
2026-08-22T05:24:31,114.19,49.45
2026-08-22T05:24:32,115.11,50.35
2026-08-22T05:24:33,115.51,50.74
2026-08-22T05:24:34,115.35,50.59
2026-08-22T05:24:35,115.57,50.8
2026-08-22T05:24:36,115.07,50.31
2026-08-22T05:24:37,114.84,50.09
2026-08-22T05:24:38,114.01,49.26
2026-08-22T05:24:39,114.37,49.62
2026-08-22T05:24:40,114.32,49.57
2026-08-22T05:24:41,114.74,49.98
2026-08-22T05:24:42,114.2,49.45
2026-08-22T05:24:43,114.62,49.87
2026-08-22T05:24:44,114.74,49.99
2026-08-22T05:24:45,114.14,49.39
2026-08-22T05:24:46,114.86,50.1
2026-08-22T05:24:47,114.79,50.03
2026-08-22T05:24:48,114.85,50.09
2026-08-22T05:24:49,115.09,50.33
2026-08-22T05:24:50,114.02,49.27
2026-08-22T05:24:51,114.78,50.02
2026-08-22T05:24:52,114.36,49.61
2026-08-22T05:24:53,114.73,49.98
2026-08-22T05:24:54,114.51,49.75
2026-08-22T05:24:55,114.24,49.5
2026-08-22T05:24:56,114.29,49.54
2026-08-22T05:24:57,114.18,49.44
2026-08-22T05:24:58,115.23,50.47
2026-08-22T05:24:59,114.71,49.95
2026-08-22T05:25:00,113.83,49.09
2026-08-22T05:25:01,114.36,49.61
2026-08-22T05:25:02,115.07,50.32
2026-08-22T05:25:03,115.73,50.96
2026-08-22T05:25:04,114.68,49.92
2026-08-22T05:25:05,114.94,50.18
2026-08-22T05:25:06,115.19,50.43
2026-08-22T05:25:07,114.98,50.22
2026-08-22T05:25:08,114.97,50.21
2026-08-22T05:25:09,114.37,49.62
2026-08-22T05:25:10,114.8,50.05
2026-08-22T05:25:11,115.02,50.26
2026-08-22T05:25:12,114.7,49.95
2026-08-22T05:25:13,113.88,49.14
2026-08-22T05:25:14,114.78,50.02
2026-08-22T05:25:15,115.05,50.29
2026-08-22T05:25:16,114.53,49.78
2026-08-22T05:25:17,114.54,49.79
2026-08-22T05:25:18,114.46,49.71
2026-08-22T05:25:19,114.45,49.7
2026-08-22T05:25:20,114.71,49.95
2026-08-22T05:25:21,114.65,49.89
2026-08-22T05:25:22,115.49,50.73
2026-08-22T05:25:23,117.01,52.22
2026-08-22T05:25:24,117.5,52.71
2026-08-22T05:25:25,115.77,51.0
2026-08-22T05:25:26,116.46,51.68
2026-08-22T05:25:27,116.1,51.33
2026-08-22T05:25:28,116.78,52.0
2026-08-22T05:25:29,121.45,56.61
2026-08-22T05:25:30,121.32,56.47
2026-08-22T05:25:31,120.03,55.2
2026-08-22T05:25:32,118.32,53.52
2026-08-22T05:25:33,119.39,54.57
2026-08-22T05:25:34,118.68,53.87
2026-08-22T05:25:35,119.12,54.31
2026-08-22T05:25:36,119.99,55.16
2026-08-22T05:25:37,117.93,53.14
2026-08-22T05:25:38,115.3,50.54
2026-08-22T05:25:39,114.52,49.77
2026-08-22T05:25:40,114.69,49.94
2026-08-22T05:25:41,114.41,49.66
2026-08-22T05:25:42,113.89,49.15
2026-08-22T05:25:43,114.42,49.67
2026-08-22T05:25:44,113.85,49.11
2026-08-22T05:25:45,114.33,49.58
2026-08-22T05:25:46,114.47,49.72
2026-08-22T05:25:47,114.55,49.8
2026-08-22T05:25:48,113.61,48.87
2026-08-22T05:25:49,114.01,49.26
2026-08-22T05:25:50,113.78,49.04
2026-08-22T05:25:51,114.18,49.43
2026-08-22T05:25:52,113.93,49.18
2026-08-22T05:25:53,113.58,48.84
2026-08-22T05:25:54,114.19,49.44
2026-08-22T05:25:55,114.48,49.73
2026-08-22T05:25:56,114.36,49.61
2026-08-22T05:25:57,113.57,48.83
2026-08-22T05:25:58,113.73,48.99
2026-08-22T05:25:59,114.24,49.49
2026-08-22T05:26:00,114.14,49.39
2026-08-22T05:26:01,113.62,48.88
2026-08-22T05:26:02,113.79,49.05
2026-08-22T05:26:03,114.11,49.36
2026-08-22T05:26:04,113.97,49.23
2026-08-22T05:26:05,114.29,49.55
2026-08-22T05:26:06,114.11,49.37
2026-08-22T05:26:07,114.58,49.83
2026-08-22T05:26:08,114.51,49.76
2026-08-22T05:26:09,114.21,49.47
2026-08-22T05:26:10,114.09,49.34
2026-08-22T05:26:11,114.29,49.55
2026-08-22T05:26:12,115.0,50.24
2026-08-22T05:26:13,114.6,49.85
2026-08-22T05:26:14,114.41,49.66
2026-08-22T05:26:15,114.49,49.74
2026-08-22T05:26:16,114.34,49.59
2026-08-22T05:26:17,113.97,49.23
2026-08-22T05:26:18,113.75,49.01
2026-08-22T05:26:19,114.08,49.33
2026-08-22T05:26:20,113.83,49.09
2026-08-22T05:26:21,114.18,49.44
2026-08-22T05:26:22,114.08,49.34
2026-08-22T05:26:23,113.23,48.5
2026-08-22T05:26:24,114.73,49.98
2026-08-22T05:26:25,114.44,49.69
2026-08-22T05:26:26,113.74,49.0
2026-08-22T05:26:27,113.75,49.01
2026-08-22T05:26:28,114.2,49.45
2026-08-22T05:26:29,114.14,49.39
2026-08-22T05:26:30,114.15,49.4
2026-08-22T05:26:31,114.2,49.46
2026-08-22T05:26:32,114.13,49.38
2026-08-22T05:26:33,113.93,49.19
2026-08-22T05:26:34,114.04,49.29
2026-08-22T05:26:35,113.47,48.73
2026-08-22T05:26:36,113.92,49.18
2026-08-22T05:26:37,114.24,49.5
2026-08-22T05:26:38,113.88,49.14
2026-08-22T05:26:39,114.1,49.36
2026-08-22T05:26:40,114.13,49.38
2026-08-22T05:26:41,114.4,49.65
2026-08-22T05:26:42,114.21,49.46
2026-08-22T05:26:43,114.06,49.32
2026-08-22T05:26:44,113.64,48.9
2026-08-22T05:26:45,113.63,48.89
2026-08-22T05:26:46,113.93,49.19
2026-08-22T05:26:47,113.77,49.03
2026-08-22T05:26:48,113.61,48.87
2026-08-22T05:26:49,114.01,49.27
2026-08-22T05:26:50,114.19,49.44
2026-08-22T05:26:51,113.62,48.89
2026-08-22T05:26:52,113.95,49.21
2026-08-22T05:26:53,114.46,49.71
2026-08-22T05:26:54,113.91,49.16
2026-08-22T05:26:55,113.57,48.83
2026-08-22T05:26:56,113.88,49.14
2026-08-22T05:26:57,114.33,49.58
2026-08-22T05:26:58,113.41,48.67
2026-08-22T05:26:59,114.1,49.35
2026-08-22T05:27:00,113.71,48.97
2026-08-22T05:27:01,114.57,49.81
2026-08-22T05:27:02,115.08,50.32
2026-08-22T05:27:03,116.87,52.09
2026-08-22T05:27:04,120.6,55.76
2026-08-22T05:27:05,123.45,58.57
2026-08-22T05:27:06,131.43,66.44
2026-08-22T05:27:07,137.85,72.76
2026-08-22T05:27:08,138.96,73.86
2026-08-22T05:27:09,136.68,71.62
2026-08-22T05:27:10,128.28,63.34
2026-08-22T05:27:11,127.2,62.27
2026-08-22T05:27:12,126.68,61.76
2026-08-22T05:27:13,125.19,60.28
2026-08-22T05:27:14,122.62,57.75
2026-08-22T05:27:15,119.69,54.87
2026-08-22T05:27:16,118.68,53.87
2026-08-22T05:27:17,117.75,52.95
2026-08-22T05:27:18,116.47,51.7
2026-08-22T05:27:19,115.47,50.71
2026-08-22T05:27:20,115.82,51.05
2026-08-22T05:27:21,115.9,51.13
2026-08-22T05:27:22,115.71,50.94
2026-08-22T05:27:23,115.24,50.48
2026-08-22T05:27:24,114.98,50.22
2026-08-22T05:27:25,115.14,50.38
2026-08-22T05:27:26,114.72,49.97
2026-08-22T05:27:27,114.48,49.73
2026-08-22T05:27:28,114.57,49.82
2026-08-22T05:27:29,114.41,49.66
2026-08-22T05:27:30,114.49,49.74
2026-08-22T05:27:31,114.54,49.79
2026-08-22T05:27:32,114.27,49.52
2026-08-22T05:27:33,114.83,50.08
2026-08-22T05:27:34,114.53,49.78
2026-08-22T05:27:35,115.82,51.05
2026-08-22T05:27:36,116.13,51.36
2026-08-22T05:27:37,117.29,52.5
2026-08-22T05:27:38,120.16,55.33
2026-08-22T05:27:39,123.16,58.28
2026-08-22T05:27:40,126.09,61.17
2026-08-22T05:27:41,127.85,62.91
2026-08-22T05:27:42,128.87,63.92
2026-08-22T05:27:43,126.52,61.6
2026-08-22T05:27:44,122.18,57.32
2026-08-22T05:27:45,119.26,54.44
2026-08-22T05:27:46,118.48,53.67
2026-08-22T05:27:47,117.7,52.9
2026-08-22T05:27:48,116.93,52.15
2026-08-22T05:27:49,117.13,52.34
2026-08-22T05:27:50,117.02,52.23
2026-08-22T05:27:51,115.65,50.88
2026-08-22T05:27:52,115.32,50.55
2026-08-22T05:27:53,114.2,49.45
2026-08-22T05:27:54,114.33,49.58
2026-08-22T05:27:55,114.29,49.54
2026-08-22T05:27:56,114.34,49.59
2026-08-22T05:27:57,114.25,49.5
2026-08-22T05:27:58,114.11,49.36
2026-08-22T05:27:59,114.63,49.88
2026-08-22T05:28:00,113.76,49.02
2026-08-22T05:28:01,113.87,49.13
2026-08-22T05:28:02,113.81,49.07
2026-08-22T05:28:03,114.3,49.56
2026-08-22T05:28:04,114.29,49.54
2026-08-22T05:28:05,113.85,49.11
2026-08-22T05:28:06,113.56,48.82
2026-08-22T05:28:07,113.53,48.79
2026-08-22T05:28:08,113.99,49.25
2026-08-22T05:28:09,113.75,49.01
2026-08-22T05:28:10,113.97,49.23
2026-08-22T05:28:11,114.47,49.72
2026-08-22T05:28:12,114.17,49.43
2026-08-22T05:28:13,114.18,49.43
2026-08-22T05:28:14,114.27,49.52
2026-08-22T05:28:15,113.72,48.98
2026-08-22T05:28:16,114.08,49.33
2026-08-22T05:28:17,113.7,48.96
2026-08-22T05:28:18,113.73,48.99
2026-08-22T05:28:19,114.27,49.52
2026-08-22T05:28:20,113.56,48.83
2026-08-22T05:28:21,114.5,49.75
2026-08-22T05:28:22,114.06,49.32
2026-08-22T05:28:23,114.07,49.32
2026-08-22T05:28:24,114.2,49.45
2026-08-22T05:28:25,114.32,49.57
2026-08-22T05:28:26,114.18,49.43
2026-08-22T05:28:27,114.18,49.44
2026-08-22T05:28:28,113.77,49.03
2026-08-22T05:28:29,114.32,49.57
2026-08-22T05:28:30,114.19,49.44
2026-08-22T05:28:31,114.17,49.43
2026-08-22T05:28:32,113.9,49.16
2026-08-22T05:28:33,113.98,49.24
2026-08-22T05:28:34,113.88,49.14
2026-08-22T05:28:35,113.67,48.93
2026-08-22T05:28:36,113.82,49.08
2026-08-22T05:28:37,114.03,49.29
2026-08-22T05:28:38,113.67,48.93
2026-08-22T05:28:39,114.33,49.58
2026-08-22T05:28:40,113.94,49.2
2026-08-22T05:28:41,113.98,49.24
2026-08-22T05:28:42,114.09,49.34
2026-08-22T05:28:43,113.69,48.95
2026-08-22T05:28:44,113.98,49.24
2026-08-22T05:28:45,114.14,49.39
2026-08-22T05:28:46,116.16,51.38
2026-08-22T05:28:47,113.69,48.95
2026-08-22T05:28:48,117.17,52.38
2026-08-22T05:28:49,114.61,49.86
2026-08-22T05:28:50,114.36,49.61
2026-08-22T05:28:51,113.76,49.02
2026-08-22T05:28:52,113.74,49.0
2026-08-22T05:28:53,113.67,48.93
2026-08-22T05:28:54,113.96,49.22
2026-08-22T05:28:55,113.81,49.07
2026-08-22T05:28:56,113.67,48.93
2026-08-22T05:28:57,113.75,49.01
2026-08-22T05:28:58,113.78,49.04
2026-08-22T05:28:59,113.73,48.99
2026-08-22T05:29:00,114.21,49.47
2026-08-22T05:29:01,114.33,49.58
2026-08-22T05:29:02,113.25,48.51
2026-08-22T05:29:03,114.05,49.31
2026-08-22T05:29:04,113.72,48.98
2026-08-22T05:29:05,113.1,48.37
2026-08-22T05:29:06,114.26,49.51
2026-08-22T05:29:07,113.68,48.94
2026-08-22T05:29:08,113.35,48.62
2026-08-22T05:29:09,113.87,49.13
2026-08-22T05:29:10,114.18,49.44
2026-08-22T05:29:11,114.0,49.26
2026-08-22T05:29:12,117.51,52.72
2026-08-22T05:29:13,120.28,55.44
2026-08-22T05:29:14,125.64,60.73
2026-08-22T05:29:15,123.07,58.2
2026-08-22T05:29:16,120.59,55.76
2026-08-22T05:29:17,119.97,55.14
2026-08-22T05:29:18,123.18,58.3
2026-08-22T05:29:19,118.52,53.71
2026-08-22T05:29:20,114.03,49.28
2026-08-22T05:29:21,113.36,48.63
2026-08-22T05:29:22,113.61,48.87
2026-08-22T05:29:23,114.31,49.56
2026-08-22T05:29:24,113.91,49.17
2026-08-22T05:29:25,113.59,48.86
2026-08-22T05:29:26,115.77,51.0
2026-08-22T05:29:27,119.65,54.83
2026-08-22T05:29:28,123.54,58.66
2026-08-22T05:29:29,116.46,51.68
2026-08-22T05:29:30,113.9,49.15
2026-08-22T05:29:31,114.61,49.86
2026-08-22T05:29:32,114.36,49.61
2026-08-22T05:29:33,114.59,49.84
2026-08-22T05:29:34,114.44,49.69
2026-08-22T05:29:35,114.2,49.45
2026-08-22T05:29:36,114.9,50.14
2026-08-22T05:29:37,114.27,49.52
2026-08-22T05:29:38,114.41,49.66
2026-08-22T05:29:39,114.41,49.66
2026-08-22T05:29:40,113.92,49.18
2026-08-22T05:29:41,114.46,49.71
2026-08-22T05:29:42,113.65,48.91
2026-08-22T05:29:43,114.1,49.35
2026-08-22T05:29:44,113.76,49.02
2026-08-22T05:29:45,114.08,49.34
2026-08-22T05:29:46,114.75,50.0
2026-08-22T05:29:47,114.18,49.44
2026-08-22T05:29:48,114.78,50.03
2026-08-22T05:29:49,114.45,49.7
2026-08-22T05:29:50,114.26,49.51
2026-08-22T05:29:51,114.4,49.65
2026-08-22T05:29:52,114.53,49.78
2026-08-22T05:29:53,114.15,49.4
2026-08-22T05:29:54,114.05,49.31
2026-08-22T05:29:55,114.52,49.77
2026-08-22T05:29:56,114.32,49.57
2026-08-22T05:29:57,114.42,49.67
2026-08-22T05:29:58,113.84,49.1
2026-08-22T05:29:59,113.88,49.13
2026-08-22T05:30:00,113.89,49.15
2026-08-22T05:30:01,114.33,49.58
2026-08-22T05:30:02,113.6,48.86
2026-08-22T05:30:03,113.83,49.09
2026-08-22T05:30:04,113.55,48.81
2026-08-22T05:30:05,113.99,49.24
2026-08-22T05:30:06,114.13,49.38
2026-08-22T05:30:07,114.04,49.29
2026-08-22T05:30:08,113.87,49.12
2026-08-22T05:30:09,114.09,49.34
2026-08-22T05:30:10,113.75,49.01
2026-08-22T05:30:11,113.69,48.95
2026-08-22T05:30:12,113.79,49.05
2026-08-22T05:30:13,113.98,49.24
2026-08-22T05:30:14,113.88,49.14
2026-08-22T05:30:15,114.47,49.72
2026-08-22T05:30:16,114.0,49.26
2026-08-22T05:30:17,114.34,49.59
2026-08-22T05:30:18,114.6,49.85
2026-08-22T05:30:19,113.9,49.15
2026-08-22T05:30:20,113.83,49.09
2026-08-22T05:30:21,114.2,49.46
2026-08-22T05:30:22,114.05,49.31
2026-08-22T05:30:23,114.58,49.83
2026-08-22T05:30:24,114.39,49.64
2026-08-22T05:30:25,115.36,50.6
2026-08-22T05:30:26,115.49,50.72
2026-08-22T05:30:27,116.9,52.12
2026-08-22T05:30:28,117.3,52.51
2026-08-22T05:30:29,121.85,57.0
2026-08-22T05:30:30,125.02,60.12
2026-08-22T05:30:31,127.09,62.16
2026-08-22T05:30:32,128.72,63.77
2026-08-22T05:30:33,129.27,64.31
2026-08-22T05:30:34,126.3,61.38
2026-08-22T05:30:35,123.19,58.31
2026-08-22T05:30:36,121.34,56.49
2026-08-22T05:30:37,119.57,54.75
2026-08-22T05:30:38,119.31,54.5
2026-08-22T05:30:39,118.32,53.52
2026-08-22T05:30:40,117.3,52.51
2026-08-22T05:30:41,118.0,53.2
2026-08-22T05:30:42,116.17,51.39
2026-08-22T05:30:43,115.16,50.4
2026-08-22T05:30:44,114.71,49.96
2026-08-22T05:30:45,113.96,49.22
2026-08-22T05:30:46,114.37,49.62
2026-08-22T05:30:47,114.41,49.66
2026-08-22T05:30:48,115.05,50.29
2026-08-22T05:30:49,114.09,49.35
2026-08-22T05:30:50,114.2,49.46
2026-08-22T05:30:51,114.47,49.72
2026-08-22T05:30:52,115.42,50.66
2026-08-22T05:30:53,114.88,50.12
2026-08-22T05:30:54,114.82,50.07
2026-08-22T05:30:55,114.61,49.85
2026-08-22T05:30:56,114.35,49.61
2026-08-22T05:30:57,114.28,49.54
2026-08-22T05:30:58,114.33,49.58
2026-08-22T05:30:59,113.99,49.25
2026-08-22T05:31:00,114.2,49.46
2026-08-22T05:31:01,113.73,48.99
2026-08-22T05:31:02,114.75,50.0
2026-08-22T05:31:03,114.22,49.48
2026-08-22T05:31:04,113.92,49.18
2026-08-22T05:31:05,114.28,49.53
2026-08-22T05:31:06,114.37,49.63
2026-08-22T05:31:07,113.53,48.79
2026-08-22T05:31:08,113.99,49.24
2026-08-22T05:31:09,114.16,49.42
2026-08-22T05:31:10,114.32,49.57
2026-08-22T05:31:11,113.79,49.04
2026-08-22T05:31:12,113.89,49.15
2026-08-22T05:31:13,114.15,49.41
2026-08-22T05:31:14,114.47,49.72
2026-08-22T05:31:15,114.17,49.43
2026-08-22T05:31:16,113.75,49.01
2026-08-22T05:31:17,114.15,49.4
2026-08-22T05:31:18,114.3,49.56
2026-08-22T05:31:19,113.79,49.04
2026-08-22T05:31:20,114.32,49.58
2026-08-22T05:31:21,113.41,48.67
2026-08-22T05:31:22,114.29,49.55
2026-08-22T05:31:23,114.21,49.46
2026-08-22T05:31:24,114.4,49.65
2026-08-22T05:31:25,114.13,49.38
2026-08-22T05:31:26,113.98,49.23
2026-08-22T05:31:27,114.53,49.78
2026-08-22T05:31:28,113.99,49.24
2026-08-22T05:31:29,114.32,49.58
2026-08-22T05:31:30,114.74,49.98
2026-08-22T05:31:31,114.17,49.42
2026-08-22T05:31:32,113.87,49.13
2026-08-22T05:31:33,114.69,49.93
2026-08-22T05:31:34,114.21,49.46
2026-08-22T05:31:35,113.7,48.97
2026-08-22T05:31:36,113.97,49.23
2026-08-22T05:31:37,114.04,49.29
2026-08-22T05:31:38,113.74,49.0
2026-08-22T05:31:39,114.08,49.34
2026-08-22T05:31:40,113.83,49.09
2026-08-22T05:31:41,113.94,49.2
2026-08-22T05:31:42,114.35,49.6
2026-08-22T05:31:43,113.96,49.21
2026-08-22T05:31:44,114.34,49.59
2026-08-22T05:31:45,113.77,49.03
2026-08-22T05:31:46,114.65,49.9
2026-08-22T05:31:47,114.64,49.89
2026-08-22T05:31:48,113.76,49.02
2026-08-22T05:31:49,113.9,49.16
2026-08-22T05:31:50,113.69,48.95
2026-08-22T05:31:51,113.91,49.16
2026-08-22T05:31:52,114.48,49.73
2026-08-22T05:31:53,113.56,48.83
2026-08-22T05:31:54,113.82,49.08
2026-08-22T05:31:55,114.1,49.35
2026-08-22T05:31:56,113.92,49.18
2026-08-22T05:31:57,115.03,50.27
2026-08-22T05:31:58,113.85,49.11
2026-08-22T05:31:59,113.41,48.67
2026-08-22T05:32:00,114.75,49.99
2026-08-22T05:32:01,113.84,49.09
2026-08-22T05:32:02,114.36,49.61
2026-08-22T05:32:03,113.72,48.98
2026-08-22T05:32:04,114.18,49.44
2026-08-22T05:32:05,113.46,48.72
2026-08-22T05:32:06,114.5,49.75
2026-08-22T05:32:07,113.36,48.62
2026-08-22T05:32:08,114.09,49.34
2026-08-22T05:32:09,114.25,49.5
2026-08-22T05:32:10,114.07,49.32
2026-08-22T05:32:11,114.85,50.09
2026-08-22T05:32:12,114.58,49.83
2026-08-22T05:32:13,114.45,49.7
2026-08-22T05:32:14,114.06,49.31
2026-08-22T05:32:15,114.61,49.86
2026-08-22T05:32:16,114.37,49.62
2026-08-22T05:32:17,114.02,49.28
2026-08-22T05:32:18,114.1,49.36
2026-08-22T05:32:19,113.24,48.51
2026-08-22T05:32:20,114.5,49.75
2026-08-22T05:32:21,114.64,49.89
2026-08-22T05:32:22,113.89,49.15
2026-08-22T05:32:23,113.78,49.04
2026-08-22T05:32:24,113.81,49.07
2026-08-22T05:32:25,114.44,49.69
2026-08-22T05:32:26,114.06,49.31
2026-08-22T05:32:27,113.79,49.05
2026-08-22T05:32:28,114.0,49.26
2026-08-22T05:32:29,113.69,48.95
2026-08-22T05:32:30,113.41,48.67
2026-08-22T05:32:31,113.9,49.16
2026-08-22T05:32:32,113.92,49.17
2026-08-22T05:32:33,114.24,49.49
2026-08-22T05:32:34,113.89,49.15
2026-08-22T05:32:35,114.08,49.34
2026-08-22T05:32:36,113.8,49.06
2026-08-22T05:32:37,113.83,49.09
2026-08-22T05:32:38,114.1,49.35
2026-08-22T05:32:39,113.16,48.43
2026-08-22T05:32:40,114.07,49.33
2026-08-22T05:32:41,114.22,49.47
2026-08-22T05:32:42,114.07,49.32
2026-08-22T05:32:43,114.18,49.43
2026-08-22T05:32:44,114.27,49.53
2026-08-22T05:32:45,114.26,49.51
2026-08-22T05:32:46,113.9,49.15
2026-08-22T05:32:47,114.07,49.32
2026-08-22T05:32:48,113.96,49.21
2026-08-22T05:32:49,114.09,49.34
2026-08-22T05:32:50,114.04,49.29
2026-08-22T05:32:51,114.52,49.77
2026-08-22T05:32:52,114.12,49.37
2026-08-22T05:32:53,114.06,49.32
2026-08-22T05:32:54,114.14,49.39
2026-08-22T05:32:55,114.81,50.05
2026-08-22T05:32:56,114.11,49.36
2026-08-22T05:32:57,114.56,49.81
2026-08-22T05:32:58,114.27,49.52
2026-08-22T05:32:59,114.53,49.78
2026-08-22T05:33:00,114.47,49.72
2026-08-22T05:33:01,114.29,49.55
2026-08-22T05:33:02,114.49,49.74
2026-08-22T05:33:03,114.72,49.96
2026-08-22T05:33:04,114.11,49.36
2026-08-22T05:33:05,113.96,49.22
2026-08-22T05:33:06,114.54,49.79
2026-08-22T05:33:07,114.01,49.26
2026-08-22T05:33:08,113.73,48.99
2026-08-22T05:33:09,114.46,49.71
2026-08-22T05:33:10,114.63,49.88
2026-08-22T05:33:11,114.44,49.69
2026-08-22T05:33:12,114.01,49.26
2026-08-22T05:33:13,114.86,50.11
2026-08-22T05:33:14,114.23,49.48
2026-08-22T05:33:15,114.08,49.33
2026-08-22T05:33:16,114.25,49.5
2026-08-22T05:33:17,113.95,49.21
2026-08-22T05:33:18,114.28,49.54
2026-08-22T05:33:19,114.22,49.48
2026-08-22T05:33:20,114.38,49.63
2026-08-22T05:33:21,114.53,49.78
2026-08-22T05:33:22,113.99,49.25
2026-08-22T05:33:23,114.02,49.28
2026-08-22T05:33:24,113.93,49.19
2026-08-22T05:33:25,114.01,49.27
2026-08-22T05:33:26,113.98,49.24
2026-08-22T05:33:27,114.36,49.62
2026-08-22T05:33:28,114.14,49.4
2026-08-22T05:33:29,114.33,49.58
2026-08-22T05:33:30,114.8,50.04
2026-08-22T05:33:31,115.03,50.27
2026-08-22T05:33:32,114.33,49.58
2026-08-22T05:33:33,113.85,49.11
2026-08-22T05:33:34,113.96,49.22
2026-08-22T05:33:35,114.24,49.5
2026-08-22T05:33:36,114.3,49.55
2026-08-22T05:33:37,114.47,49.72
2026-08-22T05:33:38,114.46,49.71
2026-08-22T05:33:39,114.05,49.31
2026-08-22T05:33:40,114.14,49.39
2026-08-22T05:33:41,114.38,49.63
2026-08-22T05:33:42,114.11,49.36
2026-08-22T05:33:43,113.82,49.08
2026-08-22T05:33:44,114.01,49.27
2026-08-22T05:33:45,114.36,49.61
2026-08-22T05:33:46,114.33,49.58
2026-08-22T05:33:47,114.02,49.27
2026-08-22T05:33:48,114.24,49.49
2026-08-22T05:33:49,114.25,49.51
2026-08-22T05:33:50,113.96,49.22
2026-08-22T05:33:51,114.33,49.58
2026-08-22T05:33:52,114.2,49.45
2026-08-22T05:33:53,114.09,49.35
2026-08-22T05:33:54,114.24,49.5
2026-08-22T05:33:55,113.49,48.75
2026-08-22T05:33:56,113.98,49.24
2026-08-22T05:33:57,114.13,49.38
2026-08-22T05:33:58,114.14,49.4
2026-08-22T05:33:59,114.34,49.59
2026-08-22T05:34:00,113.66,48.92
2026-08-22T05:34:01,114.25,49.5
2026-08-22T05:34:02,114.48,49.73
2026-08-22T05:34:03,114.35,49.6
2026-08-22T05:34:04,113.88,49.14
2026-08-22T05:34:05,114.61,49.86
2026-08-22T05:34:06,114.64,49.88
2026-08-22T05:34:07,114.56,49.81
2026-08-22T05:34:08,114.8,50.04
2026-08-22T05:34:09,114.58,49.82
2026-08-22T05:34:10,114.22,49.47
2026-08-22T05:34:11,114.37,49.62
2026-08-22T05:34:12,114.07,49.33
2026-08-22T05:34:13,113.77,49.03
2026-08-22T05:34:14,114.37,49.62
2026-08-22T05:34:15,114.36,49.61
2026-08-22T05:34:16,114.58,49.83
2026-08-22T05:34:17,114.46,49.71
2026-08-22T05:34:18,114.4,49.65
2026-08-22T05:34:19,114.63,49.87
2026-08-22T05:34:20,116.1,51.32
2026-08-22T05:34:21,116.25,51.48
2026-08-22T05:34:22,117.76,52.96
2026-08-22T05:34:23,119.88,55.05
2026-08-22T05:34:24,124.33,59.44
2026-08-22T05:34:25,126.74,61.82
2026-08-22T05:34:26,128.31,63.36
2026-08-22T05:34:27,129.12,64.16
2026-08-22T05:34:28,127.76,62.82
2026-08-22T05:34:29,124.04,59.15
2026-08-22T05:34:30,121.95,57.09
2026-08-22T05:34:31,119.59,54.76
2026-08-22T05:34:32,119.17,54.35
2026-08-22T05:34:33,119.24,54.42
2026-08-22T05:34:34,118.17,53.37
2026-08-22T05:34:35,119.21,54.39
2026-08-22T05:34:36,121.88,57.03
2026-08-22T05:34:37,122.58,57.72
2026-08-22T05:34:38,123.98,59.1
2026-08-22T05:34:39,125.23,60.33
2026-08-22T05:34:40,124.11,59.22
2026-08-22T05:34:41,120.49,55.65
2026-08-22T05:34:42,118.06,53.26
2026-08-22T05:34:43,116.56,51.78
2026-08-22T05:34:44,116.37,51.6
2026-08-22T05:34:45,116.04,51.27
2026-08-22T05:34:46,115.93,51.16
2026-08-22T05:34:47,116.07,51.3
2026-08-22T05:34:48,115.55,50.79
2026-08-22T05:34:49,115.5,50.73
2026-08-22T05:34:50,115.26,50.5
2026-08-22T05:34:51,115.7,50.93
2026-08-22T05:34:52,116.22,51.44
2026-08-22T05:34:53,117.23,52.44
2026-08-22T05:34:54,118.61,53.8
2026-08-22T05:34:55,121.22,56.38
2026-08-22T05:34:56,123.73,58.85
2026-08-22T05:34:57,127.38,62.44
2026-08-22T05:34:58,129.36,64.4
2026-08-22T05:34:59,122.64,57.78
2026-08-22T05:35:00,118.18,53.37
2026-08-22T05:35:01,116.15,51.37
2026-08-22T05:35:02,115.74,50.97
2026-08-22T05:35:03,115.24,50.48
2026-08-22T05:35:04,115.74,50.97
2026-08-22T05:35:05,114.98,50.22
2026-08-22T05:35:06,115.48,50.72
2026-08-22T05:35:07,114.16,49.41
2026-08-22T05:35:08,114.33,49.58
2026-08-22T05:35:09,114.13,49.39
2026-08-22T05:35:10,114.09,49.35
2026-08-22T05:35:11,114.66,49.9
2026-08-22T05:35:12,113.88,49.14
2026-08-22T05:35:13,114.35,49.6
2026-08-22T05:35:14,114.18,49.43
2026-08-22T05:35:15,114.53,49.78
2026-08-22T05:35:16,114.26,49.51
2026-08-22T05:35:17,114.61,49.86
2026-08-22T05:35:18,114.76,50.01
2026-08-22T05:35:19,114.26,49.52
2026-08-22T05:35:20,114.47,49.72
2026-08-22T05:35:21,114.44,49.69
2026-08-22T05:35:22,113.96,49.22
2026-08-22T05:35:23,114.34,49.59
2026-08-22T05:35:24,114.55,49.8
2026-08-22T05:35:25,114.17,49.43
2026-08-22T05:35:26,114.31,49.56
2026-08-22T05:35:27,114.51,49.76
2026-08-22T05:35:28,114.76,50.01
2026-08-22T05:35:29,114.73,49.98
2026-08-22T05:35:30,114.01,49.26
2026-08-22T05:35:31,114.63,49.88
2026-08-22T05:35:32,114.12,49.37
2026-08-22T05:35:33,114.15,49.4
2026-08-22T05:35:34,114.02,49.28
2026-08-22T05:35:35,114.74,49.99
2026-08-22T05:35:36,114.21,49.46
2026-08-22T05:35:37,113.94,49.2
2026-08-22T05:35:38,114.14,49.39
2026-08-22T05:35:39,114.0,49.26
2026-08-22T05:35:40,113.91,49.17
2026-08-22T05:35:41,114.48,49.73
2026-08-22T05:35:42,113.98,49.23
2026-08-22T05:35:43,114.31,49.57
2026-08-22T05:35:44,114.68,49.93
2026-08-22T05:35:45,114.29,49.54
2026-08-22T05:35:46,114.66,49.9
2026-08-22T05:35:47,114.21,49.47
2026-08-22T05:35:48,114.31,49.57
2026-08-22T05:35:49,114.25,49.5
2026-08-22T05:35:50,114.61,49.86
2026-08-22T05:35:51,114.75,49.99
2026-08-22T05:35:52,114.22,49.47
2026-08-22T05:35:53,114.1,49.36
2026-08-22T05:35:54,114.0,49.26
2026-08-22T05:35:55,114.66,49.91
2026-08-22T05:35:56,114.54,49.78
2026-08-22T05:35:57,114.49,49.74
2026-08-22T05:35:58,114.63,49.88
2026-08-22T05:35:59,115.1,50.34
2026-08-22T05:36:00,114.6,49.85
2026-08-22T05:36:01,115.58,50.81
2026-08-22T05:36:02,115.43,50.67
2026-08-22T05:36:03,117.88,53.08
2026-08-22T05:36:04,126.01,61.1
2026-08-22T05:36:05,116.66,51.88
2026-08-22T05:36:06,116.61,51.83
2026-08-22T05:36:07,118.16,53.35
2026-08-22T05:36:08,118.65,53.84
2026-08-22T05:36:09,118.42,53.61
2026-08-22T05:36:10,119.0,54.18
2026-08-22T05:36:11,117.87,53.07
2026-08-22T05:36:12,116.56,51.78
2026-08-22T05:36:13,120.38,55.54
2026-08-22T05:36:14,120.9,56.06
2026-08-22T05:36:15,116.2,51.43
2026-08-22T05:36:16,114.94,50.19
2026-08-22T05:36:17,115.14,50.38
2026-08-22T05:36:18,114.17,49.43
2026-08-22T05:36:19,114.53,49.78
2026-08-22T05:36:20,115.08,50.32
2026-08-22T05:36:21,114.81,50.05
2026-08-22T05:36:22,114.93,50.18
2026-08-22T05:36:23,119.75,54.93
2026-08-22T05:36:24,121.27,56.42
2026-08-22T05:36:25,118.78,53.97
2026-08-22T05:36:26,122.25,57.39
2026-08-22T05:36:27,124.58,59.69
2026-08-22T05:36:28,125.65,60.74
2026-08-22T05:36:29,126.72,61.8
2026-08-22T05:36:30,126.67,61.75
2026-08-22T05:36:31,125.16,60.26
2026-08-22T05:36:32,121.39,56.54
2026-08-22T05:36:33,119.94,55.11
2026-08-22T05:36:34,117.93,53.13
2026-08-22T05:36:35,116.68,51.9
2026-08-22T05:36:36,115.91,51.14
2026-08-22T05:36:37,115.91,51.13
2026-08-22T05:36:38,117.4,52.61
2026-08-22T05:36:39,115.77,51.0
2026-08-22T05:36:40,115.49,50.73
2026-08-22T05:36:41,115.53,50.76
2026-08-22T05:36:42,114.8,50.04
2026-08-22T05:36:43,114.79,50.03
2026-08-22T05:36:44,114.91,50.15
2026-08-22T05:36:45,114.48,49.73
2026-08-22T05:36:46,114.39,49.64
2026-08-22T05:36:47,113.97,49.23
2026-08-22T05:36:48,114.4,49.65
2026-08-22T05:36:49,114.1,49.35
2026-08-22T05:36:50,114.7,49.95
2026-08-22T05:36:51,114.16,49.42
2026-08-22T05:36:52,114.06,49.32
2026-08-22T05:36:53,113.59,48.85
2026-08-22T05:36:54,114.45,49.7
2026-08-22T05:36:55,113.98,49.24
2026-08-22T05:36:56,113.91,49.17
2026-08-22T05:36:57,113.83,49.09
2026-08-22T05:36:58,113.72,48.98
2026-08-22T05:36:59,114.03,49.29
2026-08-22T05:37:00,114.18,49.43
2026-08-22T05:37:01,114.0,49.26
2026-08-22T05:37:02,113.94,49.2
2026-08-22T05:37:03,114.73,49.97
2026-08-22T05:37:04,114.47,49.72
2026-08-22T05:37:05,114.17,49.42
2026-08-22T05:37:06,114.08,49.34
2026-08-22T05:37:07,113.95,49.2
2026-08-22T05:37:08,114.24,49.49
2026-08-22T05:37:09,113.77,49.03
2026-08-22T05:37:10,114.6,49.84
2026-08-22T05:37:11,114.34,49.59
2026-08-22T05:37:12,114.06,49.32
2026-08-22T05:37:13,114.25,49.5
2026-08-22T05:37:14,114.05,49.3
2026-08-22T05:37:15,114.39,49.64
2026-08-22T05:37:16,114.08,49.33
2026-08-22T05:37:17,113.8,49.06
2026-08-22T05:37:18,114.15,49.4
2026-08-22T05:37:19,114.39,49.64
2026-08-22T05:37:20,114.14,49.4
2026-08-22T05:37:21,113.75,49.01
2026-08-22T05:37:22,114.25,49.5
2026-08-22T05:37:23,114.39,49.64
2026-08-22T05:37:24,113.74,49.0
2026-08-22T05:37:25,114.42,49.67
2026-08-22T05:37:26,114.16,49.42
2026-08-22T05:37:27,114.25,49.5
2026-08-22T05:37:28,114.56,49.81
2026-08-22T05:37:29,114.48,49.73
2026-08-22T05:37:30,114.02,49.28
2026-08-22T05:37:31,113.81,49.07
2026-08-22T05:37:32,114.4,49.65
2026-08-22T05:37:33,114.03,49.28
2026-08-22T05:37:34,114.63,49.88
2026-08-22T05:37:35,114.2,49.46
2026-08-22T05:37:36,114.49,49.74
2026-08-22T05:37:37,114.25,49.5
2026-08-22T05:37:38,113.58,48.84
2026-08-22T05:37:39,113.92,49.18
2026-08-22T05:37:40,114.5,49.75
2026-08-22T05:37:41,114.68,49.92
2026-08-22T05:37:42,114.47,49.72
2026-08-22T05:37:43,114.16,49.41
2026-08-22T05:37:44,114.12,49.37
2026-08-22T05:37:45,114.09,49.34
2026-08-22T05:37:46,113.77,49.03
2026-08-22T05:37:47,114.62,49.86
2026-08-22T05:37:48,113.85,49.11
2026-08-22T05:37:49,114.11,49.36
2026-08-22T05:37:50,114.4,49.65
2026-08-22T05:37:51,113.66,48.92
2026-08-22T05:37:52,114.0,49.26
2026-08-22T05:37:53,114.31,49.56
2026-08-22T05:37:54,114.88,50.13
2026-08-22T05:37:55,114.76,50.01
2026-08-22T05:37:56,113.63,48.89
2026-08-22T05:37:57,113.93,49.19
2026-08-22T05:37:58,113.4,48.66
2026-08-22T05:37:59,113.78,49.04
2026-08-22T05:38:00,113.99,49.24
2026-08-22T05:38:01,113.99,49.25
2026-08-22T05:38:02,114.44,49.69
2026-08-22T05:38:03,114.25,49.51
2026-08-22T05:38:04,113.98,49.24
2026-08-22T05:38:05,114.07,49.32
2026-08-22T05:38:06,114.23,49.49
2026-08-22T05:38:07,113.91,49.17
2026-08-22T05:38:08,114.17,49.42
2026-08-22T05:38:09,114.06,49.31
2026-08-22T05:38:10,114.2,49.46
2026-08-22T05:38:11,114.56,49.81
2026-08-22T05:38:12,114.57,49.82
2026-08-22T05:38:13,116.02,51.24
2026-08-22T05:38:14,115.2,50.44
2026-08-22T05:38:15,115.67,50.9
2026-08-22T05:38:16,117.47,52.68
2026-08-22T05:38:17,120.81,55.97
2026-08-22T05:38:18,121.85,56.99
2026-08-22T05:38:19,122.88,58.01
2026-08-22T05:38:20,123.32,58.44
2026-08-22T05:38:21,123.3,58.43
2026-08-22T05:38:22,122.51,57.64
2026-08-22T05:38:23,119.86,55.03
2026-08-22T05:38:24,118.39,53.58
2026-08-22T05:38:25,117.47,52.67
2026-08-22T05:38:26,117.15,52.36
2026-08-22T05:38:27,117.44,52.64
2026-08-22T05:38:28,116.11,51.33
2026-08-22T05:38:29,114.81,50.05
2026-08-22T05:38:30,114.82,50.07
2026-08-22T05:38:31,114.48,49.73
2026-08-22T05:38:32,114.77,50.02
2026-08-22T05:38:33,114.53,49.78
2026-08-22T05:38:34,114.55,49.8
2026-08-22T05:38:35,114.44,49.69
2026-08-22T05:38:36,113.97,49.23
2026-08-22T05:38:37,113.96,49.22
2026-08-22T05:38:38,114.0,49.25
2026-08-22T05:38:39,114.16,49.42
2026-08-22T05:38:40,114.91,50.15
2026-08-22T05:38:41,114.4,49.65
2026-08-22T05:38:42,113.79,49.05
2026-08-22T05:38:43,113.83,49.09
2026-08-22T05:38:44,113.95,49.21
2026-08-22T05:38:45,114.06,49.32
2026-08-22T05:38:46,113.88,49.14
2026-08-22T05:38:47,114.81,50.05
2026-08-22T05:38:48,114.88,50.13
2026-08-22T05:38:49,115.63,50.86
2026-08-22T05:38:50,117.25,52.46
2026-08-22T05:38:51,118.27,53.46
2026-08-22T05:38:52,119.46,54.64
2026-08-22T05:38:53,121.98,57.13
2026-08-22T05:38:54,125.3,60.4
2026-08-22T05:38:55,126.75,61.83
2026-08-22T05:38:56,127.21,62.28
2026-08-22T05:38:57,120.2,55.37
2026-08-22T05:38:58,117.55,52.75
2026-08-22T05:38:59,116.24,51.46
2026-08-22T05:39:00,114.59,49.83
2026-08-22T05:39:01,114.26,49.51
2026-08-22T05:39:02,113.91,49.17
2026-08-22T05:39:03,114.0,49.25
2026-08-22T05:39:04,113.34,48.61
2026-08-22T05:39:05,113.53,48.8
2026-08-22T05:39:06,113.97,49.22
2026-08-22T05:39:07,113.56,48.82
2026-08-22T05:39:08,113.98,49.24
2026-08-22T05:39:09,114.24,49.49
2026-08-22T05:39:10,113.49,48.75
2026-08-22T05:39:11,114.37,49.62
2026-08-22T05:39:12,114.25,49.5
2026-08-22T05:39:13,114.41,49.66
2026-08-22T05:39:14,114.06,49.32
2026-08-22T05:39:15,114.39,49.64
2026-08-22T05:39:16,114.61,49.86
2026-08-22T05:39:17,115.48,50.72
2026-08-22T05:39:18,116.55,51.77
2026-08-22T05:39:19,117.1,52.31
2026-08-22T05:39:20,115.88,51.11
2026-08-22T05:39:21,118.05,53.25
2026-08-22T05:39:22,114.87,50.12
2026-08-22T05:39:23,114.81,50.05
2026-08-22T05:39:24,114.94,50.18
2026-08-22T05:39:25,114.78,50.02
2026-08-22T05:39:26,115.79,51.02
2026-08-22T05:39:27,116.54,51.76
2026-08-22T05:39:28,116.5,51.73
2026-08-22T05:39:29,116.97,52.19
2026-08-22T05:39:30,119.04,54.22
2026-08-22T05:39:31,121.23,56.38
2026-08-22T05:39:32,123.26,58.38
2026-08-22T05:39:33,124.68,59.78
2026-08-22T05:39:34,125.4,60.5
2026-08-22T05:39:35,123.2,58.33
2026-08-22T05:39:36,120.32,55.48
2026-08-22T05:39:37,118.6,53.79
2026-08-22T05:39:38,117.89,53.1
2026-08-22T05:39:39,117.88,53.08
2026-08-22T05:39:40,117.42,52.63
2026-08-22T05:39:41,118.09,53.29
2026-08-22T05:39:42,118.77,53.96
2026-08-22T05:39:43,120.74,55.9
2026-08-22T05:39:44,122.34,57.48
2026-08-22T05:39:45,124.13,59.24
2026-08-22T05:39:46,125.37,60.47
2026-08-22T05:39:47,126.48,61.56
2026-08-22T05:39:48,124.82,59.92
2026-08-22T05:39:49,122.45,57.59
2026-08-22T05:39:50,120.49,55.66
2026-08-22T05:39:51,119.34,54.52
2026-08-22T05:39:52,119.0,54.18
2026-08-22T05:39:53,119.13,54.32
2026-08-22T05:39:54,118.48,53.67
2026-08-22T05:39:55,118.01,53.21
2026-08-22T05:39:56,116.2,51.43
2026-08-22T05:39:57,115.64,50.87
2026-08-22T05:39:58,115.73,50.96
2026-08-22T05:39:59,115.26,50.5
2026-08-22T05:40:00,114.73,49.97
2026-08-22T05:40:01,115.1,50.34
2026-08-22T05:40:02,115.06,50.3
2026-08-22T05:40:03,114.26,49.51
2026-08-22T05:40:04,115.39,50.63
2026-08-22T05:40:05,114.38,49.63
2026-08-22T05:40:06,114.77,50.01
2026-08-22T05:40:07,114.72,49.96
2026-08-22T05:40:08,114.03,49.28
2026-08-22T05:40:09,114.29,49.55
2026-08-22T05:40:10,114.16,49.41
2026-08-22T05:40:11,114.45,49.7
2026-08-22T05:40:12,114.82,50.06
2026-08-22T05:40:13,114.88,50.12
2026-08-22T05:40:14,114.87,50.12
2026-08-22T05:40:15,114.68,49.92
2026-08-22T05:40:16,114.34,49.59
2026-08-22T05:40:17,114.89,50.14
2026-08-22T05:40:18,114.43,49.68
2026-08-22T05:40:19,114.55,49.8
2026-08-22T05:40:20,114.15,49.4
2026-08-22T05:40:21,114.06,49.32
2026-08-22T05:40:22,114.08,49.34
2026-08-22T05:40:23,114.41,49.66
2026-08-22T05:40:24,114.28,49.54
2026-08-22T05:40:25,114.14,49.4
2026-08-22T05:40:26,114.62,49.86
2026-08-22T05:40:27,114.48,49.73
2026-08-22T05:40:28,114.05,49.31
2026-08-22T05:40:29,114.13,49.38
2026-08-22T05:40:30,115.04,50.28
2026-08-22T05:40:31,114.26,49.51
2026-08-22T05:40:32,114.14,49.39
2026-08-22T05:40:33,114.16,49.42
2026-08-22T05:40:34,114.63,49.88
2026-08-22T05:40:35,114.42,49.67
2026-08-22T05:40:36,113.66,48.92
2026-08-22T05:40:37,114.23,49.48
2026-08-22T05:40:38,114.1,49.35
2026-08-22T05:40:39,114.07,49.32
2026-08-22T05:40:40,114.0,49.25
2026-08-22T05:40:41,114.1,49.35
2026-08-22T05:40:42,114.1,49.36
2026-08-22T05:40:43,114.2,49.46
2026-08-22T05:40:44,114.1,49.35
2026-08-22T05:40:45,114.02,49.27
2026-08-22T05:40:46,114.21,49.47
2026-08-22T05:40:47,114.21,49.46
2026-08-22T05:40:48,114.25,49.5
2026-08-22T05:40:49,114.39,49.64
2026-08-22T05:40:50,113.91,49.17
2026-08-22T05:40:51,114.39,49.64
2026-08-22T05:40:52,114.46,49.71
2026-08-22T05:40:53,114.62,49.87
2026-08-22T05:40:54,114.43,49.68
2026-08-22T05:40:55,114.65,49.9
2026-08-22T05:40:56,114.74,49.99
2026-08-22T05:40:57,114.28,49.54
2026-08-22T05:40:58,114.71,49.95
2026-08-22T05:40:59,113.94,49.2
2026-08-22T05:41:00,114.97,50.22
2026-08-22T05:41:01,114.65,49.9
2026-08-22T05:41:02,114.55,49.8
2026-08-22T05:41:03,114.23,49.48
2026-08-22T05:41:04,114.34,49.59
2026-08-22T05:41:05,114.14,49.39
2026-08-22T05:41:06,114.09,49.35
2026-08-22T05:41:07,113.91,49.17
2026-08-22T05:41:08,114.35,49.61
2026-08-22T05:41:09,114.55,49.79
2026-08-22T05:41:10,113.91,49.17
2026-08-22T05:41:11,114.39,49.64
2026-08-22T05:41:12,114.56,49.81
2026-08-22T05:41:13,114.08,49.34
2026-08-22T05:41:14,114.42,49.67
2026-08-22T05:41:15,114.41,49.66
2026-08-22T05:41:16,114.8,50.05
2026-08-22T05:41:17,114.39,49.65
2026-08-22T05:41:18,114.49,49.74
2026-08-22T05:41:19,114.43,49.68
2026-08-22T05:41:20,114.52,49.77
2026-08-22T05:41:21,114.58,49.83
2026-08-22T05:41:22,114.91,50.16
2026-08-22T05:41:23,114.56,49.8
2026-08-22T05:41:24,114.36,49.61
2026-08-22T05:41:25,114.14,49.4
2026-08-22T05:41:26,114.62,49.86
2026-08-22T05:41:27,114.23,49.49
2026-08-22T05:41:28,115.0,50.25
2026-08-22T05:41:29,115.58,50.81
2026-08-22T05:41:30,115.96,51.19
2026-08-22T05:41:31,116.93,52.14
2026-08-22T05:41:32,117.03,52.25
2026-08-22T05:41:33,119.02,54.21
2026-08-22T05:41:34,122.02,57.16
2026-08-22T05:41:35,124.04,59.15
2026-08-22T05:41:36,125.98,61.07
2026-08-22T05:41:37,126.15,61.23
2026-08-22T05:41:38,124.36,59.47
2026-08-22T05:41:39,120.98,56.13
2026-08-22T05:41:40,119.92,55.09
2026-08-22T05:41:41,118.68,53.87
2026-08-22T05:41:42,117.85,53.05
2026-08-22T05:41:43,117.11,52.33
2026-08-22T05:41:44,117.92,53.12
2026-08-22T05:41:45,115.68,50.91
2026-08-22T05:41:46,115.14,50.38
2026-08-22T05:41:47,115.37,50.61
2026-08-22T05:41:48,115.85,51.08
2026-08-22T05:41:49,115.15,50.39
2026-08-22T05:41:50,115.52,50.75
2026-08-22T05:41:51,115.48,50.72
2026-08-22T05:41:52,114.88,50.13
2026-08-22T05:41:53,115.41,50.64
2026-08-22T05:41:54,115.0,50.24
2026-08-22T05:41:55,115.09,50.33
2026-08-22T05:41:56,114.97,50.22
2026-08-22T05:41:57,114.82,50.07
2026-08-22T05:41:58,114.58,49.83
2026-08-22T05:41:59,115.04,50.28
2026-08-22T05:42:00,114.39,49.65
2026-08-22T05:42:01,114.28,49.53
2026-08-22T05:42:02,113.85,49.11
2026-08-22T05:42:03,115.18,50.42
2026-08-22T05:42:04,114.44,49.69
2026-08-22T05:42:05,114.51,49.75
2026-08-22T05:42:06,114.79,50.04
2026-08-22T05:42:07,114.3,49.55
2026-08-22T05:42:08,114.55,49.8
2026-08-22T05:42:09,114.57,49.82
2026-08-22T05:42:10,114.54,49.79
2026-08-22T05:42:11,114.84,50.09
2026-08-22T05:42:12,115.27,50.51
2026-08-22T05:42:13,115.54,50.78
2026-08-22T05:42:14,115.36,50.6
2026-08-22T05:42:15,114.82,50.07
2026-08-22T05:42:16,114.6,49.84
2026-08-22T05:42:17,115.12,50.36
2026-08-22T05:42:18,114.94,50.18
2026-08-22T05:42:19,115.12,50.36
2026-08-22T05:42:20,115.07,50.31
2026-08-22T05:42:21,114.26,49.51
2026-08-22T05:42:22,114.28,49.53
2026-08-22T05:42:23,114.44,49.69
2026-08-22T05:42:24,114.4,49.65
2026-08-22T05:42:25,114.18,49.43
2026-08-22T05:42:26,114.86,50.1
2026-08-22T05:42:27,114.64,49.88
2026-08-22T05:42:28,113.95,49.2
2026-08-22T05:42:29,114.69,49.94
2026-08-22T05:42:30,114.51,49.76
2026-08-22T05:42:31,114.5,49.75
2026-08-22T05:42:32,114.25,49.5
2026-08-22T05:42:33,114.4,49.65
2026-08-22T05:42:34,114.67,49.92
2026-08-22T05:42:35,114.76,50.0
2026-08-22T05:42:36,114.57,49.82
2026-08-22T05:42:37,114.66,49.9
2026-08-22T05:42:38,114.36,49.62
2026-08-22T05:42:39,114.8,50.04
2026-08-22T05:42:40,114.86,50.1
2026-08-22T05:42:41,114.53,49.78
2026-08-22T05:42:42,114.63,49.88
2026-08-22T05:42:43,114.82,50.06
2026-08-22T05:42:44,114.82,50.06
2026-08-22T05:42:45,114.77,50.02
2026-08-22T05:42:46,115.69,50.92
2026-08-22T05:42:47,114.17,49.43
2026-08-22T05:42:48,114.26,49.52
2026-08-22T05:42:49,114.09,49.34
2026-08-22T05:42:50,114.41,49.66
2026-08-22T05:42:51,114.36,49.61
2026-08-22T05:42:52,114.66,49.91
2026-08-22T05:42:53,114.38,49.63
2026-08-22T05:42:54,114.51,49.76
2026-08-22T05:42:55,114.76,50.01
2026-08-22T05:42:56,114.81,50.06
2026-08-22T05:42:57,114.81,50.06
2026-08-22T05:42:58,115.07,50.31
2026-08-22T05:42:59,115.96,51.18
2026-08-22T05:43:00,117.19,52.41
2026-08-22T05:43:01,117.42,52.63
2026-08-22T05:43:02,118.63,53.82
2026-08-22T05:43:03,122.1,57.24
2026-08-22T05:43:04,126.77,61.85
2026-08-22T05:43:05,128.28,63.34
2026-08-22T05:43:06,131.37,66.38
2026-08-22T05:43:07,132.01,67.01
2026-08-22T05:43:08,129.55,64.58
2026-08-22T05:43:09,126.1,61.19
2026-08-22T05:43:10,123.27,58.4
2026-08-22T05:43:11,120.64,55.8
2026-08-22T05:43:12,120.16,55.33
2026-08-22T05:43:13,118.92,54.11
2026-08-22T05:43:14,118.27,53.47
2026-08-22T05:43:15,117.3,52.51
2026-08-22T05:43:16,116.24,51.47
2026-08-22T05:43:17,116.18,51.41
2026-08-22T05:43:18,116.39,51.61
2026-08-22T05:43:19,116.72,51.94
2026-08-22T05:43:20,119.65,54.83
2026-08-22T05:43:21,122.08,57.22
2026-08-22T05:43:22,122.75,57.88
2026-08-22T05:43:23,126.13,61.21
2026-08-22T05:43:24,128.66,63.71
2026-08-22T05:43:25,128.49,63.54
2026-08-22T05:43:26,126.08,61.17
2026-08-22T05:43:27,123.52,58.64
2026-08-22T05:43:28,121.11,56.26
2026-08-22T05:43:29,120.11,55.28
2026-08-22T05:43:30,118.8,53.98
2026-08-22T05:43:31,118.02,53.22
2026-08-22T05:43:32,117.54,52.74
2026-08-22T05:43:33,117.05,52.26
2026-08-22T05:43:34,116.6,51.82
2026-08-22T05:43:35,116.32,51.54
2026-08-22T05:43:36,115.19,50.43
2026-08-22T05:43:37,115.1,50.35
2026-08-22T05:43:38,114.75,49.99
2026-08-22T05:43:39,114.57,49.82
2026-08-22T05:43:40,114.69,49.94
2026-08-22T05:43:41,114.58,49.83
2026-08-22T05:43:42,115.12,50.36
2026-08-22T05:43:43,114.27,49.52
2026-08-22T05:43:44,114.74,49.98
2026-08-22T05:43:45,114.87,50.12
2026-08-22T05:43:46,115.17,50.41
2026-08-22T05:43:47,115.02,50.26
2026-08-22T05:43:48,114.93,50.18
2026-08-22T05:43:49,114.9,50.15
2026-08-22T05:43:50,114.2,49.46
2026-08-22T05:43:51,114.6,49.84
2026-08-22T05:43:52,114.37,49.62
2026-08-22T05:43:53,114.85,50.1
2026-08-22T05:43:54,114.25,49.5
2026-08-22T05:43:55,114.69,49.94
2026-08-22T05:43:56,114.28,49.53
2026-08-22T05:43:57,114.64,49.89
2026-08-22T05:43:58,114.99,50.24
2026-08-22T05:43:59,114.69,49.93
2026-08-22T05:44:00,114.55,49.8
2026-08-22T05:44:01,114.01,49.26
2026-08-22T05:44:02,114.7,49.94
2026-08-22T05:44:03,114.96,50.21
2026-08-22T05:44:04,114.16,49.42
2026-08-22T05:44:05,114.17,49.42
2026-08-22T05:44:06,114.75,50.0
2026-08-22T05:44:07,114.85,50.09
2026-08-22T05:44:08,114.74,49.98
2026-08-22T05:44:09,114.57,49.82
2026-08-22T05:44:10,114.51,49.75
2026-08-22T05:44:11,115.16,50.4
2026-08-22T05:44:12,114.69,49.94
2026-08-22T05:44:13,114.54,49.78
2026-08-22T05:44:14,114.48,49.73
2026-08-22T05:44:15,114.49,49.74
2026-08-22T05:44:16,114.36,49.62
2026-08-22T05:44:17,114.11,49.36
2026-08-22T05:44:18,114.47,49.72
2026-08-22T05:44:19,114.44,49.69
2026-08-22T05:44:20,114.81,50.05
2026-08-22T05:44:21,114.91,50.15
2026-08-22T05:44:22,114.53,49.78
2026-08-22T05:44:23,114.43,49.68
2026-08-22T05:44:24,114.54,49.79
2026-08-22T05:44:25,114.34,49.59
2026-08-22T05:44:26,113.86,49.12
2026-08-22T05:44:27,114.74,49.99
2026-08-22T05:44:28,114.63,49.88
2026-08-22T05:44:29,114.68,49.93
2026-08-22T05:44:30,114.37,49.62
2026-08-22T05:44:31,114.55,49.79
2026-08-22T05:44:32,114.76,50.01
2026-08-22T05:44:33,114.65,49.89
2026-08-22T05:44:34,114.68,49.93
2026-08-22T05:44:35,114.71,49.95
2026-08-22T05:44:36,114.59,49.84
2026-08-22T05:44:37,114.99,50.24
2026-08-22T05:44:38,114.88,50.12
2026-08-22T05:44:39,114.9,50.14
2026-08-22T05:44:40,114.29,49.54
2026-08-22T05:44:41,114.72,49.97
2026-08-22T05:44:42,114.62,49.87
2026-08-22T05:44:43,114.28,49.54
2026-08-22T05:44:44,114.61,49.86
2026-08-22T05:44:45,114.51,49.75
2026-08-22T05:44:46,114.87,50.12
2026-08-22T05:44:47,114.43,49.68
2026-08-22T05:44:48,114.98,50.22
2026-08-22T05:44:49,114.61,49.86
2026-08-22T05:44:50,114.57,49.82
2026-08-22T05:44:51,114.05,49.3
2026-08-22T05:44:52,114.03,49.28
2026-08-22T05:44:53,114.64,49.89
2026-08-22T05:44:54,114.17,49.42
2026-08-22T05:44:55,114.04,49.3
2026-08-22T05:44:56,114.27,49.53
2026-08-22T05:44:57,113.84,49.09
2026-08-22T05:44:58,114.46,49.71
2026-08-22T05:44:59,114.61,49.86
2026-08-22T05:45:00,114.9,50.15
2026-08-22T05:45:01,114.35,49.6
2026-08-22T05:45:02,114.48,49.73
2026-08-22T05:45:03,113.93,49.19
2026-08-22T05:45:04,113.88,49.14
2026-08-22T05:45:05,114.18,49.44
2026-08-22T05:45:06,114.27,49.52
2026-08-22T05:45:07,114.24,49.49
2026-08-22T05:45:08,114.08,49.33
2026-08-22T05:45:09,114.48,49.73
2026-08-22T05:45:10,114.81,50.05
2026-08-22T05:45:11,114.56,49.81
2026-08-22T05:45:12,114.3,49.56
2026-08-22T05:45:13,114.02,49.27
2026-08-22T05:45:14,114.15,49.41
2026-08-22T05:45:15,113.88,49.14
2026-08-22T05:45:16,114.67,49.92
2026-08-22T05:45:17,113.8,49.06
2026-08-22T05:45:18,114.27,49.52
2026-08-22T05:45:19,113.96,49.22
2026-08-22T05:45:20,114.34,49.59
2026-08-22T05:45:21,114.25,49.5
2026-08-22T05:45:22,114.13,49.38
2026-08-22T05:45:23,114.15,49.41
2026-08-22T05:45:24,114.12,49.37
2026-08-22T05:45:25,114.67,49.91
2026-08-22T05:45:26,113.95,49.2
2026-08-22T05:45:27,113.88,49.13
2026-08-22T05:45:28,114.68,49.92
2026-08-22T05:45:29,113.74,49.0
2026-08-22T05:45:30,114.15,49.41
2026-08-22T05:45:31,113.42,48.68
2026-08-22T05:45:32,114.21,49.46
2026-08-22T05:45:33,114.31,49.56
2026-08-22T05:45:34,113.89,49.15
2026-08-22T05:45:35,113.96,49.22
2026-08-22T05:45:36,113.62,48.88
2026-08-22T05:45:37,113.75,49.01
2026-08-22T05:45:38,114.01,49.27
2026-08-22T05:45:39,113.65,48.92
2026-08-22T05:45:40,114.25,49.51
2026-08-22T05:45:41,114.48,49.72
2026-08-22T05:45:42,114.04,49.3
2026-08-22T05:45:43,113.81,49.07
2026-08-22T05:45:44,114.02,49.28
2026-08-22T05:45:45,114.17,49.43
2026-08-22T05:45:46,114.11,49.36
2026-08-22T05:45:47,113.74,49.0
2026-08-22T05:45:48,114.14,49.39
2026-08-22T05:45:49,113.97,49.23
2026-08-22T05:45:50,114.11,49.36
2026-08-22T05:45:51,114.46,49.71
2026-08-22T05:45:52,113.57,48.83
2026-08-22T05:45:53,114.03,49.29
2026-08-22T05:45:54,113.87,49.13
2026-08-22T05:45:55,114.51,49.76
2026-08-22T05:45:56,114.02,49.28
2026-08-22T05:45:57,114.69,49.93
2026-08-22T05:45:58,114.41,49.66
2026-08-22T05:45:59,115.66,50.89
2026-08-22T05:46:00,115.88,51.11
2026-08-22T05:46:01,116.23,51.45
2026-08-22T05:46:02,117.62,52.83
2026-08-22T05:46:03,119.78,54.96
2026-08-22T05:46:04,124.04,59.15
2026-08-22T05:46:05,125.8,60.89
2026-08-22T05:46:06,125.88,60.96
2026-08-22T05:46:07,125.68,60.77
2026-08-22T05:46:08,125.96,61.05
2026-08-22T05:46:09,123.6,58.72
2026-08-22T05:46:10,120.72,55.88
2026-08-22T05:46:11,119.7,54.88
2026-08-22T05:46:12,119.14,54.33
2026-08-22T05:46:13,118.63,53.82
2026-08-22T05:46:14,118.07,53.27
2026-08-22T05:46:15,117.65,52.85
2026-08-22T05:46:16,117.03,52.25
2026-08-22T05:46:17,115.32,50.56
2026-08-22T05:46:18,115.12,50.36
2026-08-22T05:46:19,115.25,50.49
2026-08-22T05:46:20,115.85,51.08
2026-08-22T05:46:21,115.5,50.73
2026-08-22T05:46:22,114.4,49.65
2026-08-22T05:46:23,114.4,49.65
2026-08-22T05:46:24,114.51,49.76
2026-08-22T05:46:25,114.42,49.67
2026-08-22T05:46:26,114.24,49.49
2026-08-22T05:46:27,114.06,49.32
2026-08-22T05:46:28,113.98,49.24
2026-08-22T05:46:29,113.54,48.8
2026-08-22T05:46:30,113.92,49.18
2026-08-22T05:46:31,114.02,49.28
2026-08-22T05:46:32,115.08,50.32
2026-08-22T05:46:33,114.16,49.42
2026-08-22T05:46:34,114.75,49.99
2026-08-22T05:46:35,114.92,50.16
2026-08-22T05:46:36,114.48,49.72
2026-08-22T05:46:37,114.03,49.28
2026-08-22T05:46:38,114.07,49.33
2026-08-22T05:46:39,114.02,49.27
2026-08-22T05:46:40,114.95,50.19
2026-08-22T05:46:41,113.73,48.99
2026-08-22T05:46:42,114.08,49.34
2026-08-22T05:46:43,113.5,48.76
2026-08-22T05:46:44,113.34,48.61
2026-08-22T05:46:45,113.73,48.99
2026-08-22T05:46:46,114.23,49.48
2026-08-22T05:46:47,114.19,49.45
2026-08-22T05:46:48,114.45,49.7
2026-08-22T05:46:49,114.67,49.91
2026-08-22T05:46:50,113.84,49.1
2026-08-22T05:46:51,113.96,49.21
2026-08-22T05:46:52,114.19,49.45
2026-08-22T05:46:53,114.18,49.44
2026-08-22T05:46:54,114.92,50.16
2026-08-22T05:46:55,113.79,49.05
2026-08-22T05:46:56,114.4,49.66
2026-08-22T05:46:57,113.98,49.24
2026-08-22T05:46:58,114.11,49.37
2026-08-22T05:46:59,114.15,49.41
2026-08-22T05:47:00,114.34,49.59
2026-08-22T05:47:01,114.2,49.46
2026-08-22T05:47:02,114.08,49.34
2026-08-22T05:47:03,114.18,49.44
2026-08-22T05:47:04,113.85,49.11
2026-08-22T05:47:05,114.24,49.49
2026-08-22T05:47:06,114.09,49.35
2026-08-22T05:47:07,114.05,49.3
2026-08-22T05:47:08,114.32,49.58
2026-08-22T05:47:09,114.28,49.53
2026-08-22T05:47:10,114.82,50.07
2026-08-22T05:47:11,114.96,50.2
2026-08-22T05:47:12,114.71,49.95
2026-08-22T05:47:13,114.2,49.45
2026-08-22T05:47:14,113.98,49.24
2026-08-22T05:47:15,114.57,49.82
2026-08-22T05:47:16,114.69,49.94
2026-08-22T05:47:17,114.19,49.44
2026-08-22T05:47:18,114.2,49.45
2026-08-22T05:47:19,114.2,49.45
2026-08-22T05:47:20,114.14,49.39
2026-08-22T05:47:21,114.36,49.61
2026-08-22T05:47:22,114.32,49.57
2026-08-22T05:47:23,114.52,49.76
2026-08-22T05:47:24,114.47,49.72
2026-08-22T05:47:25,114.32,49.57
2026-08-22T05:47:26,114.36,49.61
2026-08-22T05:47:27,114.17,49.43
2026-08-22T05:47:28,114.89,50.13
2026-08-22T05:47:29,114.3,49.55
2026-08-22T05:47:30,114.6,49.85
2026-08-22T05:47:31,113.85,49.11
2026-08-22T05:47:32,113.89,49.15
2026-08-22T05:47:33,113.74,49.0
2026-08-22T05:47:34,114.72,49.97
2026-08-22T05:47:35,113.76,49.02
2026-08-22T05:47:36,114.4,49.65
2026-08-22T05:47:37,114.18,49.44
2026-08-22T05:47:38,114.12,49.37
2026-08-22T05:47:39,114.25,49.51
2026-08-22T05:47:40,113.51,48.78
2026-08-22T05:47:41,114.22,49.47
2026-08-22T05:47:42,114.29,49.54
2026-08-22T05:47:43,114.53,49.78
2026-08-22T05:47:44,114.25,49.5
2026-08-22T05:47:45,114.03,49.29
2026-08-22T05:47:46,114.33,49.58
2026-08-22T05:47:47,114.61,49.86
2026-08-22T05:47:48,114.55,49.8
2026-08-22T05:47:49,113.86,49.12
2026-08-22T05:47:50,114.29,49.54
2026-08-22T05:47:51,114.39,49.64
2026-08-22T05:47:52,114.44,49.69
2026-08-22T05:47:53,113.37,48.63
2026-08-22T05:47:54,113.85,49.11
2026-08-22T05:47:55,113.21,48.48
2026-08-22T05:47:56,114.28,49.53
2026-08-22T05:47:57,114.52,49.77
2026-08-22T05:47:58,113.99,49.25
2026-08-22T05:47:59,114.29,49.54
2026-08-22T05:48:00,114.1,49.36
2026-08-22T05:48:01,113.9,49.15
2026-08-22T05:48:02,114.3,49.55
2026-08-22T05:48:03,114.03,49.28
2026-08-22T05:48:04,113.97,49.22
2026-08-22T05:48:05,113.27,48.53
2026-08-22T05:48:06,113.72,48.98
2026-08-22T05:48:07,113.79,49.05
2026-08-22T05:48:08,114.0,49.26
2026-08-22T05:48:09,113.55,48.82
2026-08-22T05:48:10,113.99,49.24
2026-08-22T05:48:11,114.37,49.62
2026-08-22T05:48:12,114.13,49.39
2026-08-22T05:48:13,113.95,49.21
2026-08-22T05:48:14,113.94,49.2
2026-08-22T05:48:15,114.21,49.46
2026-08-22T05:48:16,113.79,49.05
2026-08-22T05:48:17,114.27,49.52
2026-08-22T05:48:18,113.49,48.75
2026-08-22T05:48:19,113.74,49.0
2026-08-22T05:48:20,113.52,48.79
2026-08-22T05:48:21,113.81,49.07
2026-08-22T05:48:22,114.75,49.99
2026-08-22T05:48:23,114.18,49.44
2026-08-22T05:48:24,114.34,49.6
2026-08-22T05:48:25,114.18,49.43
2026-08-22T05:48:26,113.91,49.17
2026-08-22T05:48:27,114.89,50.14
2026-08-22T05:48:28,114.31,49.56
2026-08-22T05:48:29,114.34,49.59
2026-08-22T05:48:30,114.55,49.8
2026-08-22T05:48:31,114.03,49.28
2026-08-22T05:48:32,113.62,48.89
2026-08-22T05:48:33,113.94,49.2
2026-08-22T05:48:34,114.14,49.4
2026-08-22T05:48:35,113.85,49.11
2026-08-22T05:48:36,114.0,49.26
2026-08-22T05:48:37,113.5,48.76
2026-08-22T05:48:38,113.78,49.04
2026-08-22T05:48:39,113.42,48.68
2026-08-22T05:48:40,114.19,49.45
2026-08-22T05:48:41,114.32,49.57
2026-08-22T05:48:42,114.31,49.56
2026-08-22T05:48:43,113.71,48.97
2026-08-22T05:48:44,114.14,49.39
2026-08-22T05:48:45,113.85,49.1
2026-08-22T05:48:46,114.09,49.35
2026-08-22T05:48:47,113.97,49.23
2026-08-22T05:48:48,113.81,49.07
2026-08-22T05:48:49,115.05,50.3
2026-08-22T05:48:50,114.09,49.34
2026-08-22T05:48:51,114.33,49.58
2026-08-22T05:48:52,113.73,48.99
2026-08-22T05:48:53,114.07,49.33
2026-08-22T05:48:54,114.32,49.57
2026-08-22T05:48:55,113.38,48.65
2026-08-22T05:48:56,114.02,49.28
2026-08-22T05:48:57,114.29,49.54
2026-08-22T05:48:58,113.49,48.75
2026-08-22T05:48:59,113.55,48.81
2026-08-22T05:49:00,114.16,49.41
2026-08-22T05:49:01,114.07,49.33
2026-08-22T05:49:02,114.56,49.81
2026-08-22T05:49:03,113.62,48.88
2026-08-22T05:49:04,113.66,48.92
2026-08-22T05:49:05,114.05,49.31
2026-08-22T05:49:06,113.94,49.2
2026-08-22T05:49:07,113.97,49.23
2026-08-22T05:49:08,113.89,49.15
2026-08-22T05:49:09,114.2,49.46
2026-08-22T05:49:10,113.74,49.0
2026-08-22T05:49:11,114.1,49.35
2026-08-22T05:49:12,114.52,49.77
2026-08-22T05:49:13,114.65,49.89
2026-08-22T05:49:14,114.6,49.85
2026-08-22T05:49:15,113.66,48.92
2026-08-22T05:49:16,113.73,48.99
2026-08-22T05:49:17,114.14,49.4
2026-08-22T05:49:18,114.03,49.29
2026-08-22T05:49:19,113.52,48.79
2026-08-22T05:49:20,114.02,49.28
2026-08-22T05:49:21,114.34,49.59
2026-08-22T05:49:22,114.09,49.34
2026-08-22T05:49:23,114.29,49.54
2026-08-22T05:49:24,113.54,48.8
2026-08-22T05:49:25,113.72,48.98
2026-08-22T05:49:26,113.58,48.84
2026-08-22T05:49:27,113.76,49.02
2026-08-22T05:49:28,113.78,49.04
2026-08-22T05:49:29,114.46,49.71
2026-08-22T05:49:30,114.39,49.64
2026-08-22T05:49:31,114.14,49.39
2026-08-22T05:49:32,114.03,49.29
2026-08-22T05:49:33,113.52,48.78
2026-08-22T05:49:34,113.75,49.01
2026-08-22T05:49:35,114.12,49.37
2026-08-22T05:49:36,114.34,49.59
2026-08-22T05:49:37,114.1,49.35
2026-08-22T05:49:38,114.27,49.52
2026-08-22T05:49:39,114.07,49.33
2026-08-22T05:49:40,114.0,49.26
2026-08-22T05:49:41,113.93,49.19
2026-08-22T05:49:42,113.28,48.55
2026-08-22T05:49:43,114.01,49.27
2026-08-22T05:49:44,114.02,49.28
2026-08-22T05:49:45,113.87,49.13
2026-08-22T05:49:46,114.65,49.9
2026-08-22T05:49:47,114.83,50.08
2026-08-22T05:49:48,114.32,49.58
2026-08-22T05:49:49,115.55,50.79
2026-08-22T05:49:50,114.59,49.84
2026-08-22T05:49:51,114.95,50.2
2026-08-22T05:49:52,114.74,49.98
2026-08-22T05:49:53,114.75,50.0
2026-08-22T05:49:54,114.4,49.65
2026-08-22T05:49:55,114.69,49.93
2026-08-22T05:49:56,114.21,49.46
2026-08-22T05:49:57,114.31,49.56
2026-08-22T05:49:58,113.91,49.17
2026-08-22T05:49:59,114.23,49.48
2026-08-22T05:50:00,113.86,49.12
2026-08-22T05:50:01,114.44,49.69
2026-08-22T05:50:02,115.06,50.3
2026-08-22T05:50:03,115.17,50.41
2026-08-22T05:50:04,115.6,50.83
2026-08-22T05:50:05,116.56,51.78
2026-08-22T05:50:06,117.2,52.41
2026-08-22T05:50:07,118.12,53.32
2026-08-22T05:50:08,119.93,55.1
2026-08-22T05:50:09,121.98,57.13
2026-08-22T05:50:10,125.15,60.25
2026-08-22T05:50:11,129.22,64.26
2026-08-22T05:50:12,129.44,64.48
2026-08-22T05:50:13,125.42,60.51
2026-08-22T05:50:14,121.71,56.86
2026-08-22T05:50:15,118.06,53.26
2026-08-22T05:50:16,116.37,51.59
2026-08-22T05:50:17,115.3,50.54
2026-08-22T05:50:18,114.35,49.6
2026-08-22T05:50:19,114.4,49.65
2026-08-22T05:50:20,113.71,48.97
2026-08-22T05:50:21,114.66,49.91
2026-08-22T05:50:22,113.67,48.93
2026-08-22T05:50:23,113.94,49.2
2026-08-22T05:50:24,114.0,49.26
2026-08-22T05:50:25,114.45,49.7
2026-08-22T05:50:26,113.82,49.08
2026-08-22T05:50:27,115.12,50.36
2026-08-22T05:50:28,114.15,49.41
2026-08-22T05:50:29,114.8,50.05
2026-08-22T05:50:30,114.77,50.02
2026-08-22T05:50:31,113.93,49.18
2026-08-22T05:50:32,114.19,49.44
2026-08-22T05:50:33,114.02,49.28
2026-08-22T05:50:34,114.36,49.61
2026-08-22T05:50:35,114.67,49.92
2026-08-22T05:50:36,113.83,49.09
2026-08-22T05:50:37,114.49,49.74
2026-08-22T05:50:38,114.2,49.46
2026-08-22T05:50:39,114.3,49.56
2026-08-22T05:50:40,114.44,49.69
2026-08-22T05:50:41,114.97,50.22
2026-08-22T05:50:42,114.43,49.68
2026-08-22T05:50:43,114.69,49.94
2026-08-22T05:50:44,114.67,49.92
2026-08-22T05:50:45,114.48,49.73
2026-08-22T05:50:46,113.72,48.98
2026-08-22T05:50:47,113.86,49.12
2026-08-22T05:50:48,114.12,49.37
2026-08-22T05:50:49,113.75,49.01
2026-08-22T05:50:50,114.08,49.34
2026-08-22T05:50:51,114.0,49.26
2026-08-22T05:50:52,114.29,49.55
2026-08-22T05:50:53,114.27,49.53
2026-08-22T05:50:54,114.16,49.41
2026-08-22T05:50:55,114.28,49.53
2026-08-22T05:50:56,113.8,49.06
2026-08-22T05:50:57,113.86,49.12
2026-08-22T05:50:58,114.91,50.16
2026-08-22T05:50:59,114.48,49.73
2026-08-22T05:51:00,114.27,49.52
2026-08-22T05:51:01,114.76,50.01
2026-08-22T05:51:02,114.55,49.8
2026-08-22T05:51:03,114.06,49.31
2026-08-22T05:51:04,114.56,49.81
2026-08-22T05:51:05,114.34,49.59
2026-08-22T05:51:06,114.61,49.86
2026-08-22T05:51:07,114.73,49.98
2026-08-22T05:51:08,114.28,49.53
2026-08-22T05:51:09,113.82,49.08
2026-08-22T05:51:10,114.23,49.49
2026-08-22T05:51:11,114.13,49.39
2026-08-22T05:51:12,114.33,49.58
2026-08-22T05:51:13,114.31,49.56
2026-08-22T05:51:14,114.66,49.91
2026-08-22T05:51:15,114.09,49.35
2026-08-22T05:51:16,114.39,49.64
2026-08-22T05:51:17,113.82,49.08
2026-08-22T05:51:18,114.73,49.98
2026-08-22T05:51:19,113.67,48.93
2026-08-22T05:51:20,114.38,49.64
2026-08-22T05:51:21,114.57,49.81
2026-08-22T05:51:22,114.58,49.83
2026-08-22T05:51:23,115.97,51.2
2026-08-22T05:51:24,114.74,49.99
2026-08-22T05:51:25,114.86,50.1
2026-08-22T05:51:26,114.8,50.05
2026-08-22T05:51:27,115.04,50.28
2026-08-22T05:51:28,116.12,51.34
2026-08-22T05:51:29,116.14,51.37
2026-08-22T05:51:30,114.59,49.84
2026-08-22T05:51:31,116.27,51.5
2026-08-22T05:51:32,115.81,51.04
2026-08-22T05:51:33,115.21,50.45
2026-08-22T05:51:34,115.66,50.89
2026-08-22T05:51:35,116.15,51.37
2026-08-22T05:51:36,117.12,52.34
2026-08-22T05:51:37,116.08,51.31
2026-08-22T05:51:38,115.68,50.91
2026-08-22T05:51:39,114.87,50.12
2026-08-22T05:51:40,115.16,50.4
2026-08-22T05:51:41,115.96,51.19
2026-08-22T05:51:42,116.58,51.8
2026-08-22T05:51:43,116.25,51.48
2026-08-22T05:51:44,116.85,52.06
2026-08-22T05:51:45,118.66,53.85
2026-08-22T05:51:46,115.82,51.05
2026-08-22T05:51:47,115.68,50.91
2026-08-22T05:51:48,115.22,50.46
2026-08-22T05:51:49,114.86,50.1
2026-08-22T05:51:50,115.29,50.53
2026-08-22T05:51:51,115.9,51.13
2026-08-22T05:51:52,115.34,50.58
2026-08-22T05:51:53,115.59,50.83
2026-08-22T05:51:54,115.64,50.87
2026-08-22T05:51:55,116.53,51.75
2026-08-22T05:51:56,114.58,49.83
2026-08-22T05:51:57,115.39,50.63
2026-08-22T05:51:58,115.23,50.47
2026-08-22T05:51:59,115.26,50.5
2026-08-22T05:52:00,114.64,49.89
2026-08-22T05:52:01,114.82,50.06
2026-08-22T05:52:02,114.46,49.71
2026-08-22T05:52:03,114.67,49.92
2026-08-22T05:52:04,114.77,50.01
2026-08-22T05:52:05,114.64,49.89
2026-08-22T05:52:06,114.35,49.6
2026-08-22T05:52:07,114.55,49.8
2026-08-22T05:52:08,114.82,50.06
2026-08-22T05:52:09,114.66,49.91
2026-08-22T05:52:10,114.31,49.56
2026-08-22T05:52:11,114.94,50.18
2026-08-22T05:52:12,114.0,49.25
2026-08-22T05:52:13,113.93,49.18
2026-08-22T05:52:14,113.75,49.01
2026-08-22T05:52:15,114.75,50.0
2026-08-22T05:52:16,118.23,53.43
2026-08-22T05:52:17,121.55,56.7
2026-08-22T05:52:18,122.73,57.86
2026-08-22T05:52:19,120.41,55.58
2026-08-22T05:52:20,114.57,49.82
2026-08-22T05:52:21,114.25,49.51
2026-08-22T05:52:22,114.7,49.95
2026-08-22T05:52:23,113.67,48.93
2026-08-22T05:52:24,114.45,49.7
2026-08-22T05:52:25,114.28,49.53
2026-08-22T05:52:26,114.1,49.36
2026-08-22T05:52:27,114.11,49.36
2026-08-22T05:52:28,113.7,48.96
2026-08-22T05:52:29,113.93,49.19
2026-08-22T05:52:30,113.89,49.15
2026-08-22T05:52:31,113.55,48.81
2026-08-22T05:52:32,114.45,49.7
2026-08-22T05:52:33,114.32,49.57
2026-08-22T05:52:34,114.31,49.57
2026-08-22T05:52:35,114.12,49.38
2026-08-22T05:52:36,113.48,48.74
2026-08-22T05:52:37,114.19,49.45
2026-08-22T05:52:38,114.06,49.31
2026-08-22T05:52:39,114.39,49.64
2026-08-22T05:52:40,113.55,48.82
2026-08-22T05:52:41,114.12,49.38
2026-08-22T05:52:42,113.68,48.94
2026-08-22T05:52:43,114.11,49.36
2026-08-22T05:52:44,113.49,48.75
2026-08-22T05:52:45,113.69,48.95
2026-08-22T05:52:46,113.8,49.06
2026-08-22T05:52:47,113.69,48.95
2026-08-22T05:52:48,113.71,48.97
2026-08-22T05:52:49,113.89,49.14
2026-08-22T05:52:50,113.95,49.21
2026-08-22T05:52:51,113.81,49.06
2026-08-22T05:52:52,113.73,49.0
2026-08-22T05:52:53,113.73,48.99
2026-08-22T05:52:54,113.9,49.16
2026-08-22T05:52:55,113.81,49.07
2026-08-22T05:52:56,113.38,48.64
2026-08-22T05:52:57,113.64,48.9
2026-08-22T05:52:58,113.95,49.21
2026-08-22T05:52:59,114.21,49.47
2026-08-22T05:53:00,114.09,49.34
2026-08-22T05:53:01,114.15,49.4
2026-08-22T05:53:02,113.57,48.83
2026-08-22T05:53:03,113.83,49.08
2026-08-22T05:53:04,113.36,48.63
2026-08-22T05:53:05,113.71,48.97
2026-08-22T05:53:06,114.0,49.26
2026-08-22T05:53:07,113.5,48.77
2026-08-22T05:53:08,113.71,48.97
2026-08-22T05:53:09,114.28,49.53
2026-08-22T05:53:10,113.97,49.23
2026-08-22T05:53:11,114.75,50.0
2026-08-22T05:53:12,114.64,49.89
2026-08-22T05:53:13,114.27,49.53
2026-08-22T05:53:14,114.2,49.45
2026-08-22T05:53:15,113.28,48.54
2026-08-22T05:53:16,113.98,49.24
2026-08-22T05:53:17,114.39,49.64
2026-08-22T05:53:18,113.53,48.79
2026-08-22T05:53:19,113.27,48.53
2026-08-22T05:53:20,113.85,49.11
2026-08-22T05:53:21,113.68,48.94
2026-08-22T05:53:22,113.85,49.11
2026-08-22T05:53:23,113.84,49.1
2026-08-22T05:53:24,113.75,49.01
2026-08-22T05:53:25,114.36,49.62
2026-08-22T05:53:26,114.03,49.29
2026-08-22T05:53:27,114.32,49.57
2026-08-22T05:53:28,113.43,48.69
2026-08-22T05:53:29,113.8,49.06
2026-08-22T05:53:30,113.44,48.7
2026-08-22T05:53:31,113.99,49.25
2026-08-22T05:53:32,114.0,49.26
2026-08-22T05:53:33,113.67,48.93
2026-08-22T05:53:34,113.75,49.01
2026-08-22T05:53:35,114.35,49.6
2026-08-22T05:53:36,113.42,48.68
2026-08-22T05:53:37,113.81,49.07
2026-08-22T05:53:38,114.16,49.41
2026-08-22T05:53:39,114.15,49.4
2026-08-22T05:53:40,114.6,49.85
2026-08-22T05:53:41,114.53,49.78
2026-08-22T05:53:42,113.96,49.22
2026-08-22T05:53:43,114.2,49.45
2026-08-22T05:53:44,114.09,49.35
2026-08-22T05:53:45,113.84,49.1
2026-08-22T05:53:46,113.66,48.92
2026-08-22T05:53:47,114.41,49.66
2026-08-22T05:53:48,113.97,49.22
2026-08-22T05:53:49,113.66,48.92
2026-08-22T05:53:50,114.54,49.79
2026-08-22T05:53:51,114.92,50.16
2026-08-22T05:53:52,113.33,48.6
2026-08-22T05:53:53,114.1,49.36
2026-08-22T05:53:54,114.51,49.76
2026-08-22T05:53:55,114.55,49.8
2026-08-22T05:53:56,113.76,49.02
2026-08-22T05:53:57,113.78,49.04
2026-08-22T05:53:58,113.71,48.97
2026-08-22T05:53:59,113.57,48.84
2026-08-22T05:54:00,114.29,49.55
2026-08-22T05:54:01,114.44,49.69
2026-08-22T05:54:02,114.25,49.51
2026-08-22T05:54:03,113.83,49.09
2026-08-22T05:54:04,114.48,49.73
2026-08-22T05:54:05,113.9,49.16
2026-08-22T05:54:06,114.49,49.74
2026-08-22T05:54:07,114.05,49.31
2026-08-22T05:54:08,114.28,49.53
2026-08-22T05:54:09,114.05,49.31
2026-08-22T05:54:10,113.77,49.03
2026-08-22T05:54:11,114.34,49.59
2026-08-22T05:54:12,113.9,49.16
2026-08-22T05:54:13,113.83,49.09
2026-08-22T05:54:14,114.55,49.8
2026-08-22T05:54:15,114.55,49.8
2026-08-22T05:54:16,114.16,49.41
2026-08-22T05:54:17,114.35,49.6
2026-08-22T05:54:18,114.44,49.69
2026-08-22T05:54:19,114.06,49.32
2026-08-22T05:54:20,113.93,49.19
2026-08-22T05:54:21,114.41,49.66
2026-08-22T05:54:22,114.86,50.1
2026-08-22T05:54:23,114.17,49.43
2026-08-22T05:54:24,113.99,49.24
2026-08-22T05:54:25,114.9,50.14
2026-08-22T05:54:26,114.25,49.51
2026-08-22T05:54:27,115.19,50.43
2026-08-22T05:54:28,114.19,49.45
2026-08-22T05:54:29,114.25,49.5
2026-08-22T05:54:30,114.8,50.05
2026-08-22T05:54:31,114.72,49.97
2026-08-22T05:54:32,113.52,48.79
2026-08-22T05:54:33,114.3,49.55
2026-08-22T05:54:34,114.3,49.55
2026-08-22T05:54:35,114.25,49.51
2026-08-22T05:54:36,114.03,49.29
2026-08-22T05:54:37,114.37,49.62
2026-08-22T05:54:38,114.17,49.42
2026-08-22T05:54:39,114.15,49.41
2026-08-22T05:54:40,114.57,49.82
2026-08-22T05:54:41,114.46,49.71
2026-08-22T05:54:42,114.05,49.3
2026-08-22T05:54:43,114.54,49.79
2026-08-22T05:54:44,114.29,49.54
2026-08-22T05:54:45,114.56,49.81
2026-08-22T05:54:46,114.11,49.37
2026-08-22T05:54:47,114.39,49.64
2026-08-22T05:54:48,113.86,49.12
2026-08-22T05:54:49,114.36,49.61
2026-08-22T05:54:50,114.27,49.52
2026-08-22T05:54:51,114.48,49.73
2026-08-22T05:54:52,114.36,49.62
2026-08-22T05:54:53,114.09,49.34
2026-08-22T05:54:54,114.07,49.33
2026-08-22T05:54:55,114.2,49.46
2026-08-22T05:54:56,114.6,49.85
2026-08-22T05:54:57,114.33,49.58
2026-08-22T05:54:58,114.13,49.38
2026-08-22T05:54:59,113.95,49.2
2026-08-22T05:55:00,114.14,49.4
2026-08-22T05:55:01,113.58,48.84
2026-08-22T05:55:02,114.4,49.65
2026-08-22T05:55:03,114.67,49.91
2026-08-22T05:55:04,114.29,49.54
2026-08-22T05:55:05,114.07,49.33
2026-08-22T05:55:06,114.79,50.03
2026-08-22T05:55:07,113.72,48.98
2026-08-22T05:55:08,113.63,48.89
2026-08-22T05:55:09,114.27,49.53
2026-08-22T05:55:10,113.66,48.92
2026-08-22T05:55:11,114.42,49.67
2026-08-22T05:55:12,115.03,50.28
2026-08-22T05:55:13,114.74,49.98
2026-08-22T05:55:14,114.22,49.48
2026-08-22T05:55:15,113.46,48.72
2026-08-22T05:55:16,114.45,49.7
2026-08-22T05:55:17,113.39,48.66
2026-08-22T05:55:18,114.41,49.66
2026-08-22T05:55:19,113.66,48.92
2026-08-22T05:55:20,113.28,48.54
2026-08-22T05:55:21,114.34,49.59
2026-08-22T05:55:22,114.72,49.97
2026-08-22T05:55:23,114.23,49.49
2026-08-22T05:55:24,114.25,49.51
2026-08-22T05:55:25,114.08,49.33
2026-08-22T05:55:26,113.77,49.03
2026-08-22T05:55:27,113.95,49.21
2026-08-22T05:55:28,114.45,49.7
2026-08-22T05:55:29,114.12,49.38
2026-08-22T05:55:30,113.94,49.2
2026-08-22T05:55:31,114.61,49.86
2026-08-22T05:55:32,113.68,48.94
2026-08-22T05:55:33,114.29,49.54
2026-08-22T05:55:34,114.2,49.45
2026-08-22T05:55:35,114.19,49.45
2026-08-22T05:55:36,114.27,49.52
2026-08-22T05:55:37,114.19,49.45
2026-08-22T05:55:38,114.44,49.69
2026-08-22T05:55:39,113.99,49.24
2026-08-22T05:55:40,114.05,49.31
2026-08-22T05:55:41,114.35,49.6
2026-08-22T05:55:42,114.05,49.31
2026-08-22T05:55:43,113.62,48.88
2026-08-22T05:55:44,113.6,48.86
2026-08-22T05:55:45,113.89,49.15
2026-08-22T05:55:46,113.63,48.9
2026-08-22T05:55:47,113.57,48.83
2026-08-22T05:55:48,113.85,49.11
2026-08-22T05:55:49,113.61,48.88
2026-08-22T05:55:50,113.38,48.65
2026-08-22T05:55:51,113.49,48.76
2026-08-22T05:55:52,113.98,49.23
2026-08-22T05:55:53,113.7,48.97
2026-08-22T05:55:54,113.85,49.11
2026-08-22T05:55:55,114.09,49.35
2026-08-22T05:55:56,113.3,48.57
2026-08-22T05:55:57,114.04,49.3
2026-08-22T05:55:58,114.13,49.38
2026-08-22T05:55:59,113.47,48.74
2026-08-22T05:56:00,114.19,49.45
2026-08-22T05:56:01,113.55,48.81
2026-08-22T05:56:02,113.67,48.93
2026-08-22T05:56:03,113.43,48.69
2026-08-22T05:56:04,114.33,49.58
2026-08-22T05:56:05,114.13,49.38
2026-08-22T05:56:06,113.94,49.2
2026-08-22T05:56:07,114.08,49.34
2026-08-22T05:56:08,113.36,48.63
2026-08-22T05:56:09,113.76,49.02
2026-08-22T05:56:10,113.97,49.23
2026-08-22T05:56:11,113.77,49.03
2026-08-22T05:56:12,114.04,49.3
2026-08-22T05:56:13,114.07,49.32
2026-08-22T05:56:14,113.82,49.08
2026-08-22T05:56:15,113.63,48.89
2026-08-22T05:56:16,114.08,49.33
2026-08-22T05:56:17,114.4,49.65
2026-08-22T05:56:18,114.39,49.64
2026-08-22T05:56:19,113.99,49.25
2026-08-22T05:56:20,114.17,49.42
2026-08-22T05:56:21,113.83,49.09
2026-08-22T05:56:22,114.32,49.57
2026-08-22T05:56:23,114.34,49.59
2026-08-22T05:56:24,114.21,49.46
2026-08-22T05:56:25,113.97,49.22
2026-08-22T05:56:26,113.74,49.0
2026-08-22T05:56:27,113.62,48.88
2026-08-22T05:56:28,113.72,48.98
2026-08-22T05:56:29,113.38,48.64
2026-08-22T05:56:30,114.01,49.27
2026-08-22T05:56:31,113.96,49.21
2026-08-22T05:56:32,114.18,49.44
2026-08-22T05:56:33,114.2,49.46
2026-08-22T05:56:34,113.7,48.96
2026-08-22T05:56:35,113.77,49.03
2026-08-22T05:56:36,113.89,49.15
2026-08-22T05:56:37,113.62,48.88
2026-08-22T05:56:38,114.13,49.39
2026-08-22T05:56:39,114.7,49.94
2026-08-22T05:56:40,114.07,49.32
2026-08-22T05:56:41,113.93,49.19
2026-08-22T05:56:42,114.04,49.29
2026-08-22T05:56:43,114.22,49.48
2026-08-22T05:56:44,113.6,48.86
2026-08-22T05:56:45,113.77,49.03
2026-08-22T05:56:46,114.25,49.5
2026-08-22T05:56:47,114.04,49.3
2026-08-22T05:56:48,114.08,49.33
2026-08-22T05:56:49,113.84,49.1
2026-08-22T05:56:50,113.8,49.06
2026-08-22T05:56:51,113.35,48.61
2026-08-22T05:56:52,114.32,49.57
2026-08-22T05:56:53,114.02,49.28
2026-08-22T05:56:54,114.03,49.28
2026-08-22T05:56:55,113.89,49.15
2026-08-22T05:56:56,114.54,49.79
2026-08-22T05:56:57,113.94,49.2
2026-08-22T05:56:58,113.96,49.22
2026-08-22T05:56:59,113.84,49.1
2026-08-22T05:57:00,114.15,49.41
2026-08-22T05:57:01,113.76,49.02
2026-08-22T05:57:02,113.87,49.13
2026-08-22T05:57:03,113.83,49.08
2026-08-22T05:57:04,114.01,49.27
2026-08-22T05:57:05,113.87,49.13
2026-08-22T05:57:06,114.15,49.4
2026-08-22T05:57:07,113.67,48.93
2026-08-22T05:57:08,113.78,49.04
2026-08-22T05:57:09,113.86,49.12
2026-08-22T05:57:10,113.33,48.59
2026-08-22T05:57:11,113.82,49.08
2026-08-22T05:57:12,113.77,49.03
2026-08-22T05:57:13,113.76,49.02
2026-08-22T05:57:14,113.85,49.11
2026-08-22T05:57:15,113.31,48.58
2026-08-22T05:57:16,113.26,48.53
2026-08-22T05:57:17,113.73,48.99
2026-08-22T05:57:18,113.84,49.1
2026-08-22T05:57:19,113.88,49.14
2026-08-22T05:57:20,113.57,48.84
2026-08-22T05:57:21,114.33,49.58
2026-08-22T05:57:22,113.97,49.22
2026-08-22T05:57:23,113.8,49.06
2026-08-22T05:57:24,114.04,49.3
2026-08-22T05:57:25,114.23,49.49
2026-08-22T05:57:26,113.55,48.81
2026-08-22T05:57:27,114.31,49.56
2026-08-22T05:57:28,114.17,49.42
2026-08-22T05:57:29,113.87,49.13
2026-08-22T05:57:30,113.63,48.89
2026-08-22T05:57:31,113.87,49.13
2026-08-22T05:57:32,114.0,49.26
2026-08-22T05:57:33,113.5,48.77
2026-08-22T05:57:34,113.55,48.81
2026-08-22T05:57:35,113.69,48.95
2026-08-22T05:57:36,113.82,49.08
2026-08-22T05:57:37,113.47,48.74
2026-08-22T05:57:38,113.02,48.29
2026-08-22T05:57:39,113.86,49.12
2026-08-22T05:57:40,113.86,49.12
2026-08-22T05:57:41,114.28,49.53
2026-08-22T05:57:42,113.74,49.0
2026-08-22T05:57:43,112.85,48.12
2026-08-22T05:57:44,114.14,49.39
2026-08-22T05:57:45,113.71,48.97
2026-08-22T05:57:46,114.0,49.25
2026-08-22T05:57:47,113.66,48.92
2026-08-22T05:57:48,113.29,48.56
2026-08-22T05:57:49,113.92,49.17
2026-08-22T05:57:50,113.27,48.54
2026-08-22T05:57:51,113.94,49.2
2026-08-22T05:57:52,113.87,49.13
2026-08-22T05:57:53,113.63,48.9
2026-08-22T05:57:54,113.65,48.91
2026-08-22T05:57:55,114.21,49.47
2026-08-22T05:57:56,114.32,49.57
2026-08-22T05:57:57,114.3,49.56
2026-08-22T05:57:58,114.09,49.35
2026-08-22T05:57:59,114.21,49.46
2026-08-22T05:58:00,114.06,49.31
2026-08-22T05:58:01,114.03,49.29
2026-08-22T05:58:02,113.87,49.13
2026-08-22T05:58:03,113.61,48.87
2026-08-22T05:58:04,113.63,48.89
2026-08-22T05:58:05,113.56,48.82
2026-08-22T05:58:06,113.84,49.1
2026-08-22T05:58:07,113.86,49.12
2026-08-22T05:58:08,113.73,48.99
2026-08-22T05:58:09,113.88,49.14
2026-08-22T05:58:10,114.22,49.48
2026-08-22T05:58:11,113.66,48.92
2026-08-22T05:58:12,113.74,49.0
2026-08-22T05:58:13,114.23,49.49
2026-08-22T05:58:14,114.04,49.29
2026-08-22T05:58:15,114.76,50.0
2026-08-22T05:58:16,113.92,49.18
2026-08-22T05:58:17,114.85,50.09
2026-08-22T05:58:18,114.58,49.82
2026-08-22T05:58:19,115.54,50.78
2026-08-22T05:58:20,115.97,51.2
2026-08-22T05:58:21,117.52,52.73
2026-08-22T05:58:22,119.53,54.71
2026-08-22T05:58:23,120.69,55.85
2026-08-22T05:58:24,122.86,57.99
2026-08-22T05:58:25,125.16,60.26
2026-08-22T05:58:26,126.05,61.14
2026-08-22T05:58:27,122.05,57.19
2026-08-22T05:58:28,118.78,53.97
2026-08-22T05:58:29,116.07,51.3
2026-08-22T05:58:30,114.87,50.12
2026-08-22T05:58:31,114.91,50.15
2026-08-22T05:58:32,114.64,49.89
2026-08-22T05:58:33,114.48,49.73
2026-08-22T05:58:34,114.2,49.45
2026-08-22T05:58:35,113.97,49.23
2026-08-22T05:58:36,113.86,49.12
2026-08-22T05:58:37,114.38,49.63
2026-08-22T05:58:38,114.37,49.62
2026-08-22T05:58:39,114.76,50.01
2026-08-22T05:58:40,114.48,49.73
2026-08-22T05:58:41,113.94,49.2
2026-08-22T05:58:42,114.33,49.58
2026-08-22T05:58:43,114.8,50.05
2026-08-22T05:58:44,114.36,49.61
2026-08-22T05:58:45,115.18,50.42
2026-08-22T05:58:46,115.44,50.68
2026-08-22T05:58:47,116.46,51.68
2026-08-22T05:58:48,116.74,51.96
2026-08-22T05:58:49,117.69,52.89
2026-08-22T05:58:50,119.93,55.11
2026-08-22T05:58:51,123.38,58.5
2026-08-22T05:58:52,125.77,60.86
2026-08-22T05:58:53,129.75,64.78
2026-08-22T05:58:54,130.42,65.44
2026-08-22T05:58:55,132.57,67.57
2026-08-22T05:58:56,124.39,59.5
2026-08-22T05:58:57,120.27,55.44
2026-08-22T05:58:58,117.17,52.38
2026-08-22T05:58:59,115.74,50.97
2026-08-22T05:59:00,115.28,50.52
2026-08-22T05:59:01,116.09,51.32
2026-08-22T05:59:02,115.34,50.58
2026-08-22T05:59:03,115.2,50.44
2026-08-22T05:59:04,115.49,50.73
2026-08-22T05:59:05,114.95,50.19
2026-08-22T05:59:06,115.27,50.51
2026-08-22T05:59:07,114.21,49.46
2026-08-22T05:59:08,114.51,49.76
2026-08-22T05:59:09,114.23,49.48
2026-08-22T05:59:10,115.06,50.3
2026-08-22T05:59:11,114.57,49.82
2026-08-22T05:59:12,113.93,49.18
2026-08-22T05:59:13,114.83,50.07
2026-08-22T05:59:14,114.43,49.68
2026-08-22T05:59:15,114.62,49.87
2026-08-22T05:59:16,115.22,50.46
2026-08-22T05:59:17,115.24,50.48
2026-08-22T05:59:18,115.0,50.24
2026-08-22T05:59:19,113.92,49.18
2026-08-22T05:59:20,114.13,49.39
2026-08-22T05:59:21,114.4,49.65
2026-08-22T05:59:22,114.08,49.33
2026-08-22T05:59:23,114.03,49.28
2026-08-22T05:59:24,114.02,49.27
2026-08-22T05:59:25,114.64,49.89
2026-08-22T05:59:26,114.36,49.62
2026-08-22T05:59:27,114.44,49.69
2026-08-22T05:59:28,115.74,50.97
2026-08-22T05:59:29,114.49,49.74
2026-08-22T05:59:30,114.23,49.49
2026-08-22T05:59:31,114.5,49.75
2026-08-22T05:59:32,115.44,50.68
2026-08-22T05:59:33,114.31,49.56
2026-08-22T05:59:34,114.96,50.21
2026-08-22T05:59:35,114.64,49.88
2026-08-22T05:59:36,114.41,49.66
2026-08-22T05:59:37,115.03,50.28
2026-08-22T05:59:38,114.15,49.4
2026-08-22T05:59:39,114.84,50.08
2026-08-22T05:59:40,114.12,49.37
2026-08-22T05:59:41,114.36,49.61
2026-08-22T05:59:42,114.65,49.89
2026-08-22T05:59:43,114.18,49.43
2026-08-22T05:59:44,114.61,49.86
2026-08-22T05:59:45,114.5,49.75
2026-08-22T05:59:46,114.63,49.88
2026-08-22T05:59:47,114.26,49.51
2026-08-22T05:59:48,114.36,49.61
2026-08-22T05:59:49,114.15,49.41
2026-08-22T05:59:50,113.85,49.11
2026-08-22T05:59:51,113.75,49.01
2026-08-22T05:59:52,113.82,49.08
2026-08-22T05:59:53,113.65,48.91
2026-08-22T05:59:54,114.44,49.69
2026-08-22T05:59:55,114.4,49.65
2026-08-22T05:59:56,113.88,49.14
2026-08-22T05:59:57,113.96,49.22
2026-08-22T05:59:58,114.44,49.69
2026-08-22T05:59:59,114.94,50.19
2026-08-22T06:00:00,114.79,50.04
2026-08-22T06:00:01,115.22,50.46
2026-08-22T06:00:02,114.74,49.99
2026-08-22T06:00:03,114.64,49.89
2026-08-22T06:00:04,114.58,49.82
2026-08-22T06:00:05,114.89,50.13
2026-08-22T06:00:06,114.64,49.88
2026-08-22T06:00:07,113.73,48.99
2026-08-22T06:00:08,114.76,50.01
2026-08-22T06:00:09,114.22,49.47
2026-08-22T06:00:10,114.39,49.64
2026-08-22T06:00:11,113.99,49.24
2026-08-22T06:00:12,114.43,49.68
2026-08-22T06:00:13,114.19,49.44
2026-08-22T06:00:14,113.55,48.82
2026-08-22T06:00:15,114.08,49.33
2026-08-22T06:00:16,114.31,49.56
2026-08-22T06:00:17,114.24,49.49
2026-08-22T06:00:18,113.73,48.99
2026-08-22T06:00:19,114.3,49.56
2026-08-22T06:00:20,114.67,49.91
2026-08-22T06:00:21,114.34,49.59
2026-08-22T06:00:22,114.82,50.06
2026-08-22T06:00:23,114.87,50.11
2026-08-22T06:00:24,115.76,50.99
2026-08-22T06:00:25,115.82,51.05
2026-08-22T06:00:26,117.03,52.24
2026-08-22T06:00:27,117.77,52.97
2026-08-22T06:00:28,120.14,55.31
2026-08-22T06:00:29,121.91,57.05
2026-08-22T06:00:30,124.86,59.96
2026-08-22T06:00:31,125.63,60.72
2026-08-22T06:00:32,127.12,62.19
2026-08-22T06:00:33,121.03,56.19
2026-08-22T06:00:34,117.76,52.96
2026-08-22T06:00:35,116.1,51.33
2026-08-22T06:00:36,115.22,50.46
2026-08-22T06:00:37,114.24,49.49
2026-08-22T06:00:38,114.11,49.36
2026-08-22T06:00:39,114.73,49.97
2026-08-22T06:00:40,114.83,50.08
2026-08-22T06:00:41,114.15,49.4
2026-08-22T06:00:42,114.16,49.42
2026-08-22T06:00:43,114.18,49.43
2026-08-22T06:00:44,114.03,49.29
2026-08-22T06:00:45,113.92,49.17
2026-08-22T06:00:46,113.88,49.14
2026-08-22T06:00:47,113.77,49.03
2026-08-22T06:00:48,113.79,49.05
2026-08-22T06:00:49,114.7,49.95
2026-08-22T06:00:50,114.09,49.34
2026-08-22T06:00:51,113.9,49.16
2026-08-22T06:00:52,114.08,49.34
2026-08-22T06:00:53,113.71,48.97
2026-08-22T06:00:54,114.16,49.41
2026-08-22T06:00:55,113.9,49.15
2026-08-22T06:00:56,113.76,49.02
2026-08-22T06:00:57,114.01,49.26
2026-08-22T06:00:58,114.2,49.45
2026-08-22T06:00:59,113.97,49.22
2026-08-22T06:01:00,114.02,49.28
2026-08-22T06:01:01,114.11,49.37
2026-08-22T06:01:02,113.93,49.19
2026-08-22T06:01:03,114.22,49.48
2026-08-22T06:01:04,113.58,48.85
2026-08-22T06:01:05,113.76,49.02
2026-08-22T06:01:06,113.94,49.19
2026-08-22T06:01:07,114.0,49.25
2026-08-22T06:01:08,114.02,49.28
2026-08-22T06:01:09,114.14,49.4
2026-08-22T06:01:10,113.94,49.2
2026-08-22T06:01:11,113.58,48.84
2026-08-22T06:01:12,114.13,49.38
2026-08-22T06:01:13,114.02,49.28
2026-08-22T06:01:14,113.79,49.05
2026-08-22T06:01:15,113.88,49.14
2026-08-22T06:01:16,113.96,49.22
2026-08-22T06:01:17,113.89,49.14
2026-08-22T06:01:18,114.44,49.69
2026-08-22T06:01:19,114.33,49.58
2026-08-22T06:01:20,115.0,50.24
2026-08-22T06:01:21,114.01,49.27
2026-08-22T06:01:22,113.78,49.04
2026-08-22T06:01:23,113.85,49.11
2026-08-22T06:01:24,114.16,49.41
2026-08-22T06:01:25,114.39,49.64
2026-08-22T06:01:26,114.68,49.93
2026-08-22T06:01:27,114.47,49.72
2026-08-22T06:01:28,115.18,50.42
2026-08-22T06:01:29,115.96,51.19
2026-08-22T06:01:30,116.19,51.41
2026-08-22T06:01:31,116.94,52.15
2026-08-22T06:01:32,118.74,53.93
2026-08-22T06:01:33,121.05,56.21
2026-08-22T06:01:34,123.99,59.11
2026-08-22T06:01:35,126.54,61.62
2026-08-22T06:01:36,128.22,63.27
2026-08-22T06:01:37,126.83,61.91
2026-08-22T06:01:38,122.61,57.74
2026-08-22T06:01:39,119.61,54.78
2026-08-22T06:01:40,118.0,53.2
2026-08-22T06:01:41,119.16,54.34
2026-08-22T06:01:42,120.89,56.05
2026-08-22T06:01:43,123.55,58.67
2026-08-22T06:01:44,124.61,59.71
2026-08-22T06:01:45,125.38,60.47
2026-08-22T06:01:46,125.72,60.81
2026-08-22T06:01:47,123.43,58.56
2026-08-22T06:01:48,119.52,54.7
2026-08-22T06:01:49,117.3,52.51
2026-08-22T06:01:50,115.62,50.85
2026-08-22T06:01:51,115.83,51.06
2026-08-22T06:01:52,116.16,51.38
2026-08-22T06:01:53,115.8,51.03
2026-08-22T06:01:54,117.34,52.55
2026-08-22T06:01:55,116.22,51.45
2026-08-22T06:01:56,115.47,50.71
2026-08-22T06:01:57,115.49,50.72
2026-08-22T06:01:58,114.47,49.72
2026-08-22T06:01:59,115.18,50.42
2026-08-22T06:02:00,114.17,49.42
2026-08-22T06:02:01,114.42,49.67
2026-08-22T06:02:02,113.97,49.22
2026-08-22T06:02:03,114.53,49.78
2026-08-22T06:02:04,115.06,50.3
2026-08-22T06:02:05,114.53,49.77
2026-08-22T06:02:06,114.74,49.98
2026-08-22T06:02:07,114.5,49.75
2026-08-22T06:02:08,114.53,49.77
2026-08-22T06:02:09,114.57,49.82
2026-08-22T06:02:10,114.55,49.8
2026-08-22T06:02:11,114.22,49.47
2026-08-22T06:02:12,114.44,49.69
2026-08-22T06:02:13,114.61,49.86
2026-08-22T06:02:14,114.68,49.93
2026-08-22T06:02:15,114.37,49.62
2026-08-22T06:02:16,114.14,49.39
2026-08-22T06:02:17,114.19,49.44
2026-08-22T06:02:18,113.95,49.21
2026-08-22T06:02:19,113.76,49.02
2026-08-22T06:02:20,113.7,48.96
2026-08-22T06:02:21,113.79,49.05
2026-08-22T06:02:22,113.98,49.23
2026-08-22T06:02:23,114.39,49.64
2026-08-22T06:02:24,113.77,49.03
2026-08-22T06:02:25,114.47,49.72
2026-08-22T06:02:26,114.66,49.9
2026-08-22T06:02:27,114.39,49.64
2026-08-22T06:02:28,114.34,49.6
2026-08-22T06:02:29,114.67,49.92
2026-08-22T06:02:30,114.28,49.53
2026-08-22T06:02:31,114.62,49.86
2026-08-22T06:02:32,114.59,49.84
2026-08-22T06:02:33,114.39,49.64
2026-08-22T06:02:34,114.97,50.21
2026-08-22T06:02:35,114.5,49.75
2026-08-22T06:02:36,113.89,49.14
2026-08-22T06:02:37,114.41,49.66
2026-08-22T06:02:38,113.93,49.19
2026-08-22T06:02:39,113.76,49.02
2026-08-22T06:02:40,114.17,49.42
2026-08-22T06:02:41,114.29,49.54
2026-08-22T06:02:42,114.61,49.86
2026-08-22T06:02:43,115.01,50.26
2026-08-22T06:02:44,114.59,49.84
2026-08-22T06:02:45,113.95,49.2
2026-08-22T06:02:46,113.76,49.02
2026-08-22T06:02:47,113.82,49.08
2026-08-22T06:02:48,113.62,48.88
2026-08-22T06:02:49,114.42,49.67
2026-08-22T06:02:50,113.64,48.9
2026-08-22T06:02:51,113.96,49.22
2026-08-22T06:02:52,113.63,48.89
2026-08-22T06:02:53,114.17,49.43
2026-08-22T06:02:54,113.98,49.24
2026-08-22T06:02:55,113.5,48.76
2026-08-22T06:02:56,113.64,48.9
2026-08-22T06:02:57,114.16,49.41
2026-08-22T06:02:58,114.68,49.93
2026-08-22T06:02:59,114.51,49.76
2026-08-22T06:03:00,114.11,49.36
2026-08-22T06:03:01,114.5,49.75
2026-08-22T06:03:02,113.75,49.01
2026-08-22T06:03:03,113.73,48.99
2026-08-22T06:03:04,113.7,48.96
2026-08-22T06:03:05,113.62,48.88
2026-08-22T06:03:06,113.25,48.52
2026-08-22T06:03:07,113.74,49.0
2026-08-22T06:03:08,113.95,49.21
2026-08-22T06:03:09,114.34,49.59
2026-08-22T06:03:10,113.37,48.63
2026-08-22T06:03:11,113.88,49.14
2026-08-22T06:03:12,113.83,49.09
2026-08-22T06:03:13,114.32,49.57
2026-08-22T06:03:14,114.06,49.32
2026-08-22T06:03:15,114.22,49.47
2026-08-22T06:03:16,113.99,49.25
2026-08-22T06:03:17,114.65,49.9
2026-08-22T06:03:18,113.88,49.14
2026-08-22T06:03:19,114.66,49.91
2026-08-22T06:03:20,114.15,49.41
2026-08-22T06:03:21,114.63,49.88
2026-08-22T06:03:22,114.31,49.56
2026-08-22T06:03:23,114.26,49.51
2026-08-22T06:03:24,113.92,49.18
2026-08-22T06:03:25,114.53,49.78
2026-08-22T06:03:26,114.12,49.37
2026-08-22T06:03:27,113.83,49.09
2026-08-22T06:03:28,114.3,49.55
2026-08-22T06:03:29,114.52,49.77
2026-08-22T06:03:30,114.51,49.76
2026-08-22T06:03:31,113.78,49.04
2026-08-22T06:03:32,114.49,49.74
2026-08-22T06:03:33,114.22,49.48
2026-08-22T06:03:34,114.7,49.95
2026-08-22T06:03:35,114.12,49.37
2026-08-22T06:03:36,114.95,50.19
2026-08-22T06:03:37,114.38,49.63
2026-08-22T06:03:38,114.88,50.12
2026-08-22T06:03:39,113.88,49.14
2026-08-22T06:03:40,114.21,49.46
2026-08-22T06:03:41,114.57,49.82
2026-08-22T06:03:42,114.37,49.62
2026-08-22T06:03:43,114.59,49.84
2026-08-22T06:03:44,114.7,49.95
2026-08-22T06:03:45,114.08,49.33
2026-08-22T06:03:46,114.06,49.32
2026-08-22T06:03:47,114.34,49.59
2026-08-22T06:03:48,114.64,49.89
2026-08-22T06:03:49,114.5,49.75
2026-08-22T06:03:50,115.64,50.88
2026-08-22T06:03:51,116.31,51.54
2026-08-22T06:03:52,117.43,52.63
2026-08-22T06:03:53,119.26,54.44
2026-08-22T06:03:54,122.52,57.65
2026-08-22T06:03:55,124.72,59.82
2026-08-22T06:03:56,128.08,63.14
2026-08-22T06:03:57,126.82,61.89
2026-08-22T06:03:58,124.34,59.45
2026-08-22T06:03:59,119.87,55.04
2026-08-22T06:04:00,117.82,53.02
2026-08-22T06:04:01,115.91,51.14
2026-08-22T06:04:02,115.42,50.66
2026-08-22T06:04:03,114.82,50.07
2026-08-22T06:04:04,114.86,50.1
2026-08-22T06:04:05,114.71,49.96
2026-08-22T06:04:06,115.09,50.33
2026-08-22T06:04:07,114.74,49.98
2026-08-22T06:04:08,114.55,49.8
2026-08-22T06:04:09,113.96,49.22
2026-08-22T06:04:10,114.23,49.48
2026-08-22T06:04:11,114.24,49.49
2026-08-22T06:04:12,114.13,49.38
2026-08-22T06:04:13,114.83,50.07
2026-08-22T06:04:14,114.12,49.38
2026-08-22T06:04:15,114.39,49.64
2026-08-22T06:04:16,114.72,49.97
2026-08-22T06:04:17,114.8,50.04
2026-08-22T06:04:18,116.18,51.4
2026-08-22T06:04:19,116.74,51.96
2026-08-22T06:04:20,118.47,53.67
2026-08-22T06:04:21,120.43,55.6
2026-08-22T06:04:22,121.08,56.23
2026-08-22T06:04:23,123.5,58.62
2026-08-22T06:04:24,125.76,60.85
2026-08-22T06:04:25,126.63,61.71
2026-08-22T06:04:26,126.73,61.8
2026-08-22T06:04:27,124.32,59.43
2026-08-22T06:04:28,121.49,56.64
2026-08-22T06:04:29,119.22,54.4
2026-08-22T06:04:30,117.58,52.79
2026-08-22T06:04:31,116.69,51.91
2026-08-22T06:04:32,116.89,52.11
2026-08-22T06:04:33,117.54,52.75
2026-08-22T06:04:34,117.68,52.88
2026-08-22T06:04:35,116.64,51.86
2026-08-22T06:04:36,116.1,51.33
2026-08-22T06:04:37,115.52,50.76
2026-08-22T06:04:38,115.27,50.5
2026-08-22T06:04:39,115.02,50.27
2026-08-22T06:04:40,115.22,50.46
2026-08-22T06:04:41,114.42,49.67
2026-08-22T06:04:42,114.66,49.91
2026-08-22T06:04:43,114.74,49.99
2026-08-22T06:04:44,114.67,49.92
2026-08-22T06:04:45,115.59,50.82
2026-08-22T06:04:46,114.82,50.06
2026-08-22T06:04:47,114.66,49.91
2026-08-22T06:04:48,114.36,49.61
2026-08-22T06:04:49,114.47,49.72
2026-08-22T06:04:50,114.67,49.92
2026-08-22T06:04:51,114.28,49.53
2026-08-22T06:04:52,114.41,49.66
2026-08-22T06:04:53,114.37,49.62
2026-08-22T06:04:54,114.3,49.55
2026-08-22T06:04:55,114.0,49.26
2026-08-22T06:04:56,114.5,49.75
2026-08-22T06:04:57,114.35,49.61
2026-08-22T06:04:58,114.59,49.83
2026-08-22T06:04:59,113.99,49.25
2026-08-22T06:05:00,114.04,49.3
2026-08-22T06:05:01,114.24,49.49
2026-08-22T06:05:02,114.22,49.47
2026-08-22T06:05:03,114.29,49.54
2026-08-22T06:05:04,114.46,49.71
2026-08-22T06:05:05,114.12,49.37
2026-08-22T06:05:06,113.94,49.19
2026-08-22T06:05:07,114.34,49.59
2026-08-22T06:05:08,113.98,49.24
2026-08-22T06:05:09,114.05,49.3
2026-08-22T06:05:10,114.05,49.31
2026-08-22T06:05:11,114.81,50.06
2026-08-22T06:05:12,113.81,49.07
2026-08-22T06:05:13,113.97,49.23
2026-08-22T06:05:14,113.88,49.14
2026-08-22T06:05:15,114.07,49.33
2026-08-22T06:05:16,114.05,49.3
2026-08-22T06:05:17,114.18,49.43
2026-08-22T06:05:18,114.7,49.94
2026-08-22T06:05:19,114.42,49.67
2026-08-22T06:05:20,114.36,49.61
2026-08-22T06:05:21,114.36,49.61
2026-08-22T06:05:22,114.71,49.95
2026-08-22T06:05:23,115.1,50.34
2026-08-22T06:05:24,115.3,50.54
2026-08-22T06:05:25,117.57,52.77
2026-08-22T06:05:26,118.4,53.59
2026-08-22T06:05:27,120.54,55.7
2026-08-22T06:05:28,121.67,56.81
2026-08-22T06:05:29,121.54,56.69
2026-08-22T06:05:30,121.23,56.39
2026-08-22T06:05:31,119.36,54.54
2026-08-22T06:05:32,116.51,51.73
2026-08-22T06:05:33,116.33,51.56
2026-08-22T06:05:34,116.11,51.33
2026-08-22T06:05:35,116.11,51.34
2026-08-22T06:05:36,116.01,51.24
2026-08-22T06:05:37,116.09,51.32
2026-08-22T06:05:38,115.62,50.86
2026-08-22T06:05:39,114.39,49.64
2026-08-22T06:05:40,114.27,49.52
2026-08-22T06:05:41,114.41,49.66
2026-08-22T06:05:42,114.49,49.74
2026-08-22T06:05:43,114.58,49.83
2026-08-22T06:05:44,114.74,49.99
2026-08-22T06:05:45,114.46,49.71
2026-08-22T06:05:46,115.13,50.37
2026-08-22T06:05:47,114.83,50.07
2026-08-22T06:05:48,114.85,50.09
2026-08-22T06:05:49,114.33,49.58
2026-08-22T06:05:50,114.22,49.47
2026-08-22T06:05:51,114.11,49.36
2026-08-22T06:05:52,113.75,49.01
2026-08-22T06:05:53,113.7,48.96
2026-08-22T06:05:54,114.33,49.58
2026-08-22T06:05:55,114.5,49.75
2026-08-22T06:05:56,114.76,50.01
2026-08-22T06:05:57,114.71,49.95
2026-08-22T06:05:58,114.56,49.81
2026-08-22T06:05:59,114.56,49.81
2026-08-22T06:06:00,114.69,49.94
2026-08-22T06:06:01,115.15,50.39
2026-08-22T06:06:02,113.93,49.19
2026-08-22T06:06:03,113.81,49.07
2026-08-22T06:06:04,113.57,48.83
2026-08-22T06:06:05,114.25,49.5
2026-08-22T06:06:06,113.71,48.97
2026-08-22T06:06:07,113.84,49.1
2026-08-22T06:06:08,113.62,48.88
2026-08-22T06:06:09,113.65,48.92
2026-08-22T06:06:10,114.15,49.41
2026-08-22T06:06:11,114.57,49.82
2026-08-22T06:06:12,114.24,49.49
2026-08-22T06:06:13,114.75,49.99
2026-08-22T06:06:14,114.25,49.51
2026-08-22T06:06:15,114.49,49.74
2026-08-22T06:06:16,114.67,49.91
2026-08-22T06:06:17,114.17,49.43
2026-08-22T06:06:18,114.17,49.42
2026-08-22T06:06:19,113.88,49.14
2026-08-22T06:06:20,113.9,49.15
2026-08-22T06:06:21,113.95,49.21
2026-08-22T06:06:22,114.0,49.26
2026-08-22T06:06:23,113.95,49.21
2026-08-22T06:06:24,114.4,49.65
2026-08-22T06:06:25,114.25,49.5
2026-08-22T06:06:26,114.0,49.26
2026-08-22T06:06:27,114.43,49.68
2026-08-22T06:06:28,114.28,49.53
2026-08-22T06:06:29,114.43,49.68
2026-08-22T06:06:30,115.15,50.39
2026-08-22T06:06:31,114.67,49.92
2026-08-22T06:06:32,114.77,50.02
2026-08-22T06:06:33,114.12,49.38
2026-08-22T06:06:34,114.36,49.61
2026-08-22T06:06:35,114.75,50.0
2026-08-22T06:06:36,114.51,49.76
2026-08-22T06:06:37,114.05,49.31
2026-08-22T06:06:38,114.33,49.59
2026-08-22T06:06:39,114.94,50.19
2026-08-22T06:06:40,114.3,49.55
2026-08-22T06:06:41,114.05,49.31
2026-08-22T06:06:42,114.06,49.32
2026-08-22T06:06:43,113.5,48.77
2026-08-22T06:06:44,113.77,49.03
2026-08-22T06:06:45,113.75,49.01
2026-08-22T06:06:46,113.35,48.61
2026-08-22T06:06:47,113.74,49.0
2026-08-22T06:06:48,113.95,49.21
2026-08-22T06:06:49,113.82,49.08
2026-08-22T06:06:50,113.82,49.08
2026-08-22T06:06:51,113.86,49.12
2026-08-22T06:06:52,113.93,49.19
2026-08-22T06:06:53,113.84,49.1
2026-08-22T06:06:54,113.27,48.54
2026-08-22T06:06:55,113.73,48.99
2026-08-22T06:06:56,113.52,48.78
2026-08-22T06:06:57,114.34,49.59
2026-08-22T06:06:58,113.81,49.07
2026-08-22T06:06:59,114.41,49.66
2026-08-22T06:07:00,114.06,49.32
2026-08-22T06:07:01,113.57,48.84
2026-08-22T06:07:02,114.01,49.27
2026-08-22T06:07:03,114.18,49.43
2026-08-22T06:07:04,113.73,48.99
2026-08-22T06:07:05,114.21,49.46
2026-08-22T06:07:06,114.26,49.51
2026-08-22T06:07:07,113.94,49.2
2026-08-22T06:07:08,114.04,49.3
2026-08-22T06:07:09,113.81,49.06
2026-08-22T06:07:10,114.38,49.63
2026-08-22T06:07:11,115.08,50.32
2026-08-22T06:07:12,115.45,50.69
2026-08-22T06:07:13,115.21,50.45
2026-08-22T06:07:14,116.75,51.96
2026-08-22T06:07:15,117.95,53.15
2026-08-22T06:07:16,121.34,56.5
2026-08-22T06:07:17,123.55,58.67
2026-08-22T06:07:18,125.79,60.88
2026-08-22T06:07:19,126.22,61.3
2026-08-22T06:07:20,126.54,61.61
2026-08-22T06:07:21,124.95,60.05
2026-08-22T06:07:22,122.42,57.56
2026-08-22T06:07:23,120.84,56.0
2026-08-22T06:07:24,118.88,54.06
2026-08-22T06:07:25,117.99,53.19
2026-08-22T06:07:26,116.73,51.95
2026-08-22T06:07:27,116.23,51.46
2026-08-22T06:07:28,115.65,50.88
2026-08-22T06:07:29,115.5,50.73
2026-08-22T06:07:30,116.19,51.42
2026-08-22T06:07:31,115.5,50.74
2026-08-22T06:07:32,115.06,50.3
2026-08-22T06:07:33,115.12,50.37
2026-08-22T06:07:34,114.78,50.02
2026-08-22T06:07:35,115.77,51.01
2026-08-22T06:07:36,116.65,51.87
2026-08-22T06:07:37,119.58,54.76
2026-08-22T06:07:38,121.81,56.96
2026-08-22T06:07:39,122.79,57.92
2026-08-22T06:07:40,126.6,61.67
2026-08-22T06:07:41,131.38,66.39
2026-08-22T06:07:42,131.55,66.55
2026-08-22T06:07:43,133.04,68.02
2026-08-22T06:07:44,133.6,68.58
2026-08-22T06:07:45,128.18,63.24
2026-08-22T06:07:46,123.41,58.54
2026-08-22T06:07:47,119.71,54.89
2026-08-22T06:07:48,116.49,51.71
2026-08-22T06:07:49,115.91,51.14
2026-08-22T06:07:50,115.67,50.91
2026-08-22T06:07:51,114.58,49.83
2026-08-22T06:07:52,114.67,49.92
2026-08-22T06:07:53,114.83,50.07
2026-08-22T06:07:54,114.07,49.33
2026-08-22T06:07:55,113.95,49.2
2026-08-22T06:07:56,114.42,49.67
2026-08-22T06:07:57,114.04,49.29
2026-08-22T06:07:58,113.8,49.06
2026-08-22T06:07:59,113.65,48.91
2026-08-22T06:08:00,114.24,49.5
2026-08-22T06:08:01,114.16,49.42
2026-08-22T06:08:02,114.45,49.7
2026-08-22T06:08:03,113.99,49.25
2026-08-22T06:08:04,114.4,49.65
2026-08-22T06:08:05,114.11,49.36
2026-08-22T06:08:06,113.97,49.22
2026-08-22T06:08:07,113.43,48.69
2026-08-22T06:08:08,113.53,48.79
2026-08-22T06:08:09,113.26,48.52
2026-08-22T06:08:10,113.37,48.63
2026-08-22T06:08:11,113.71,48.97
2026-08-22T06:08:12,113.96,49.22
2026-08-22T06:08:13,113.72,48.98
2026-08-22T06:08:14,113.3,48.56
2026-08-22T06:08:15,113.89,49.15
2026-08-22T06:08:16,114.54,49.79
2026-08-22T06:08:17,114.4,49.65
2026-08-22T06:08:18,113.25,48.52
2026-08-22T06:08:19,113.61,48.87
2026-08-22T06:08:20,113.64,48.9
2026-08-22T06:08:21,113.38,48.64
2026-08-22T06:08:22,113.86,49.12
2026-08-22T06:08:23,113.76,49.02
2026-08-22T06:08:24,113.34,48.61
2026-08-22T06:08:25,113.75,49.01
2026-08-22T06:08:26,113.88,49.14
2026-08-22T06:08:27,114.1,49.36
2026-08-22T06:08:28,113.78,49.04
2026-08-22T06:08:29,113.69,48.95
2026-08-22T06:08:30,114.07,49.32
2026-08-22T06:08:31,113.71,48.97
2026-08-22T06:08:32,113.36,48.62
2026-08-22T06:08:33,113.61,48.87
2026-08-22T06:08:34,114.31,49.56
2026-08-22T06:08:35,114.98,50.23
2026-08-22T06:08:36,115.17,50.41
2026-08-22T06:08:37,115.81,51.04
2026-08-22T06:08:38,117.19,52.4
2026-08-22T06:08:39,120.56,55.73
2026-08-22T06:08:40,123.07,58.19
2026-08-22T06:08:41,125.63,60.72
2026-08-22T06:08:42,126.26,61.34
2026-08-22T06:08:43,126.2,61.28
2026-08-22T06:08:44,124.18,59.29
2026-08-22T06:08:45,120.41,55.58
2026-08-22T06:08:46,118.96,54.15
2026-08-22T06:08:47,117.5,52.71
2026-08-22T06:08:48,116.33,51.55
2026-08-22T06:08:49,115.77,51.0
2026-08-22T06:08:50,117.77,52.98
2026-08-22T06:08:51,115.46,50.69
2026-08-22T06:08:52,114.95,50.19
2026-08-22T06:08:53,114.18,49.44
2026-08-22T06:08:54,114.06,49.31
2026-08-22T06:08:55,114.32,49.57
2026-08-22T06:08:56,114.31,49.56
2026-08-22T06:08:57,113.92,49.18
2026-08-22T06:08:58,114.17,49.42
2026-08-22T06:08:59,114.14,49.39
2026-08-22T06:09:00,114.06,49.32
2026-08-22T06:09:01,113.66,48.92
2026-08-22T06:09:02,113.85,49.1
2026-08-22T06:09:03,114.13,49.38
2026-08-22T06:09:04,114.05,49.3
2026-08-22T06:09:05,113.9,49.16
2026-08-22T06:09:06,114.22,49.47
2026-08-22T06:09:07,114.34,49.59
2026-08-22T06:09:08,114.11,49.37
2026-08-22T06:09:09,113.63,48.89
2026-08-22T06:09:10,113.52,48.79
2026-08-22T06:09:11,114.02,49.27
2026-08-22T06:09:12,113.88,49.14
2026-08-22T06:09:13,113.68,48.94
2026-08-22T06:09:14,114.07,49.33
2026-08-22T06:09:15,113.63,48.89
2026-08-22T06:09:16,113.86,49.12
2026-08-22T06:09:17,113.89,49.15
2026-08-22T06:09:18,114.12,49.37
2026-08-22T06:09:19,114.08,49.34
2026-08-22T06:09:20,113.62,48.88
2026-08-22T06:09:21,113.97,49.22
2026-08-22T06:09:22,114.57,49.82
2026-08-22T06:09:23,113.77,49.03
2026-08-22T06:09:24,114.27,49.52
2026-08-22T06:09:25,113.67,48.93
2026-08-22T06:09:26,114.4,49.66
2026-08-22T06:09:27,114.06,49.32
2026-08-22T06:09:28,114.14,49.39
2026-08-22T06:09:29,114.62,49.87
2026-08-22T06:09:30,114.06,49.31
2026-08-22T06:09:31,114.4,49.65
2026-08-22T06:09:32,113.96,49.22
2026-08-22T06:09:33,113.83,49.08
2026-08-22T06:09:34,113.73,48.99
2026-08-22T06:09:35,113.76,49.02
2026-08-22T06:09:36,113.86,49.12
2026-08-22T06:09:37,114.21,49.46
2026-08-22T06:09:38,114.15,49.41
2026-08-22T06:09:39,113.97,49.23
2026-08-22T06:09:40,114.27,49.53
2026-08-22T06:09:41,114.0,49.25
2026-08-22T06:09:42,113.84,49.1
2026-08-22T06:09:43,114.24,49.49
2026-08-22T06:09:44,113.79,49.05
2026-08-22T06:09:45,114.42,49.67
2026-08-22T06:09:46,114.4,49.65
2026-08-22T06:09:47,113.92,49.17
2026-08-22T06:09:48,113.79,49.05
2026-08-22T06:09:49,114.38,49.63
2026-08-22T06:09:50,114.34,49.59
2026-08-22T06:09:51,114.37,49.62
2026-08-22T06:09:52,114.39,49.64
2026-08-22T06:09:53,113.9,49.15
2026-08-22T06:09:54,113.86,49.12
2026-08-22T06:09:55,113.86,49.12
2026-08-22T06:09:56,113.52,48.79
2026-08-22T06:09:57,113.69,48.95
2026-08-22T06:09:58,115.03,50.27
2026-08-22T06:09:59,116.35,51.57
2026-08-22T06:10:00,114.23,49.48
2026-08-22T06:10:01,114.49,49.74
2026-08-22T06:10:02,113.35,48.61
2026-08-22T06:10:03,113.91,49.17
2026-08-22T06:10:04,113.82,49.08
2026-08-22T06:10:05,114.27,49.53
2026-08-22T06:10:06,113.94,49.2
2026-08-22T06:10:07,113.9,49.16
2026-08-22T06:10:08,114.12,49.38
2026-08-22T06:10:09,113.87,49.13
2026-08-22T06:10:10,114.29,49.54
2026-08-22T06:10:11,114.05,49.31
2026-08-22T06:10:12,114.15,49.4
2026-08-22T06:10:13,114.13,49.38
2026-08-22T06:10:14,113.75,49.01
2026-08-22T06:10:15,114.13,49.38
2026-08-22T06:10:16,113.79,49.05
2026-08-22T06:10:17,113.98,49.24
2026-08-22T06:10:18,114.13,49.39
2026-08-22T06:10:19,113.82,49.08
2026-08-22T06:10:20,113.91,49.17
2026-08-22T06:10:21,114.13,49.39
2026-08-22T06:10:22,114.16,49.42
2026-08-22T06:10:23,113.51,48.77
2026-08-22T06:10:24,113.62,48.89
2026-08-22T06:10:25,114.3,49.55
2026-08-22T06:10:26,113.55,48.81
2026-08-22T06:10:27,114.06,49.32
2026-08-22T06:10:28,113.57,48.83
2026-08-22T06:10:29,113.75,49.01
2026-08-22T06:10:30,113.38,48.64
2026-08-22T06:10:31,114.16,49.41
2026-08-22T06:10:32,113.93,49.18
2026-08-22T06:10:33,114.62,49.86
2026-08-22T06:10:34,114.62,49.87
2026-08-22T06:10:35,115.88,51.11
2026-08-22T06:10:36,115.76,50.99
2026-08-22T06:10:37,117.12,52.33
2026-08-22T06:10:38,118.5,53.69
2026-08-22T06:10:39,122.11,57.25
2026-08-22T06:10:40,124.03,59.14
2026-08-22T06:10:41,126.17,61.25
2026-08-22T06:10:42,126.79,61.87
2026-08-22T06:10:43,126.37,61.45
2026-08-22T06:10:44,123.99,59.1
2026-08-22T06:10:45,121.71,56.86
2026-08-22T06:10:46,119.62,54.8
2026-08-22T06:10:47,117.33,52.54
2026-08-22T06:10:48,115.87,51.1
2026-08-22T06:10:49,117.04,52.25
2026-08-22T06:10:50,117.57,52.78
2026-08-22T06:10:51,115.89,51.12
2026-08-22T06:10:52,115.17,50.41
2026-08-22T06:10:53,115.08,50.32
2026-08-22T06:10:54,114.59,49.84
2026-08-22T06:10:55,114.34,49.59
2026-08-22T06:10:56,114.23,49.48
2026-08-22T06:10:57,113.99,49.25
2026-08-22T06:10:58,114.45,49.7
2026-08-22T06:10:59,114.87,50.11
2026-08-22T06:11:00,114.31,49.57
2026-08-22T06:11:01,114.36,49.61
2026-08-22T06:11:02,113.79,49.05
2026-08-22T06:11:03,114.05,49.3
2026-08-22T06:11:04,113.76,49.02
2026-08-22T06:11:05,113.81,49.07
2026-08-22T06:11:06,114.01,49.26
2026-08-22T06:11:07,113.78,49.04
2026-08-22T06:11:08,114.61,49.86
2026-08-22T06:11:09,113.98,49.24
2026-08-22T06:11:10,114.89,50.14
2026-08-22T06:11:11,114.39,49.64
2026-08-22T06:11:12,114.34,49.59
2026-08-22T06:11:13,116.01,51.23
2026-08-22T06:11:14,115.59,50.83
2026-08-22T06:11:15,114.18,49.43
2026-08-22T06:11:16,114.29,49.54
2026-08-22T06:11:17,113.72,48.98
2026-08-22T06:11:18,114.39,49.64
2026-08-22T06:11:19,113.68,48.94
2026-08-22T06:11:20,113.74,49.0
2026-08-22T06:11:21,114.51,49.76
2026-08-22T06:11:22,113.37,48.63
2026-08-22T06:11:23,114.29,49.54
2026-08-22T06:11:24,114.59,49.84
2026-08-22T06:11:25,114.19,49.44
2026-08-22T06:11:26,114.36,49.61
2026-08-22T06:11:27,114.26,49.51
2026-08-22T06:11:28,114.17,49.42
2026-08-22T06:11:29,113.85,49.11
2026-08-22T06:11:30,113.92,49.17
2026-08-22T06:11:31,114.22,49.48
2026-08-22T06:11:32,113.93,49.19
2026-08-22T06:11:33,113.85,49.1
2026-08-22T06:11:34,113.78,49.04
2026-08-22T06:11:35,113.92,49.18
2026-08-22T06:11:36,113.65,48.91
2026-08-22T06:11:37,113.52,48.78
2026-08-22T06:11:38,114.28,49.53
2026-08-22T06:11:39,113.45,48.72
2026-08-22T06:11:40,113.44,48.7
2026-08-22T06:11:41,113.99,49.25
2026-08-22T06:11:42,113.89,49.15
2026-08-22T06:11:43,113.34,48.6
2026-08-22T06:11:44,113.8,49.05
2026-08-22T06:11:45,113.49,48.76
2026-08-22T06:11:46,114.0,49.26
2026-08-22T06:11:47,113.51,48.77
2026-08-22T06:11:48,114.41,49.66
2026-08-22T06:11:49,114.15,49.4
2026-08-22T06:11:50,114.28,49.53
2026-08-22T06:11:51,114.26,49.51
2026-08-22T06:11:52,113.85,49.11
2026-08-22T06:11:53,113.92,49.18
2026-08-22T06:11:54,114.16,49.42
2026-08-22T06:11:55,113.91,49.16
2026-08-22T06:11:56,113.21,48.48
2026-08-22T06:11:57,113.99,49.25
2026-08-22T06:11:58,113.73,48.99
2026-08-22T06:11:59,113.89,49.15
2026-08-22T06:12:00,115.37,50.61
2026-08-22T06:12:01,114.86,50.11
2026-08-22T06:12:02,114.59,49.84
2026-08-22T06:12:03,114.61,49.86
2026-08-22T06:12:04,115.75,50.98
2026-08-22T06:12:05,116.18,51.4
2026-08-22T06:12:06,116.66,51.88
2026-08-22T06:12:07,120.09,55.26
2026-08-22T06:12:08,122.91,58.04
2026-08-22T06:12:09,124.31,59.42
2026-08-22T06:12:10,124.5,59.61
2026-08-22T06:12:11,123.94,59.05
2026-08-22T06:12:12,121.3,56.45
2026-08-22T06:12:13,119.03,54.21
2026-08-22T06:12:14,118.51,53.7
2026-08-22T06:12:15,117.36,52.57
2026-08-22T06:12:16,116.21,51.44
2026-08-22T06:12:17,115.97,51.2
2026-08-22T06:12:18,116.72,51.93
2026-08-22T06:12:19,115.86,51.09
2026-08-22T06:12:20,116.86,52.07
2026-08-22T06:12:21,117.85,53.05
2026-08-22T06:12:22,119.4,54.58
2026-08-22T06:12:23,121.86,57.01
2026-08-22T06:12:24,123.34,58.46
2026-08-22T06:12:25,126.5,61.58
2026-08-22T06:12:26,128.36,63.41
2026-08-22T06:12:27,123.42,58.54
2026-08-22T06:12:28,119.22,54.4
2026-08-22T06:12:29,116.7,51.92
2026-08-22T06:12:30,115.81,51.04
2026-08-22T06:12:31,115.3,50.53
2026-08-22T06:12:32,115.24,50.47
2026-08-22T06:12:33,114.37,49.62
2026-08-22T06:12:34,114.39,49.64
2026-08-22T06:12:35,114.74,49.99
2026-08-22T06:12:36,115.18,50.42
2026-08-22T06:12:37,115.22,50.46
2026-08-22T06:12:38,116.68,51.9
2026-08-22T06:12:39,114.35,49.61
2026-08-22T06:12:40,115.26,50.5
2026-08-22T06:12:41,120.0,55.17
2026-08-22T06:12:42,119.97,55.14
2026-08-22T06:12:43,119.87,55.04
2026-08-22T06:12:44,119.84,55.01
2026-08-22T06:12:45,119.54,54.71
2026-08-22T06:12:46,117.51,52.72
2026-08-22T06:12:47,117.2,52.41
2026-08-22T06:12:48,116.61,51.83
2026-08-22T06:12:49,116.07,51.29
2026-08-22T06:12:50,116.22,51.44
2026-08-22T06:12:51,115.54,50.78
2026-08-22T06:12:52,115.9,51.13
2026-08-22T06:12:53,115.15,50.39
2026-08-22T06:12:54,114.65,49.9
2026-08-22T06:12:55,115.3,50.54
2026-08-22T06:12:56,114.58,49.83
2026-08-22T06:12:57,114.43,49.68
2026-08-22T06:12:58,114.39,49.64
2026-08-22T06:12:59,114.74,49.99
2026-08-22T06:13:00,114.43,49.68
2026-08-22T06:13:01,114.23,49.48
2026-08-22T06:13:02,114.55,49.79
2026-08-22T06:13:03,113.72,48.98
2026-08-22T06:13:04,114.0,49.26
2026-08-22T06:13:05,113.78,49.04
2026-08-22T06:13:06,114.41,49.66
2026-08-22T06:13:07,114.43,49.68
2026-08-22T06:13:08,114.05,49.31
2026-08-22T06:13:09,114.13,49.39
2026-08-22T06:13:10,113.96,49.22
2026-08-22T06:13:11,114.01,49.27
2026-08-22T06:13:12,114.16,49.41
2026-08-22T06:13:13,114.46,49.71
2026-08-22T06:13:14,114.26,49.52
2026-08-22T06:13:15,114.28,49.54
2026-08-22T06:13:16,114.15,49.41
2026-08-22T06:13:17,113.83,49.09
2026-08-22T06:13:18,114.39,49.64
2026-08-22T06:13:19,114.34,49.59
2026-08-22T06:13:20,114.62,49.87
2026-08-22T06:13:21,114.68,49.93
2026-08-22T06:13:22,114.54,49.79
2026-08-22T06:13:23,115.62,50.86
2026-08-22T06:13:24,116.45,51.67
2026-08-22T06:13:25,117.61,52.81
2026-08-22T06:13:26,119.32,54.51
2026-08-22T06:13:27,122.61,57.74
2026-08-22T06:13:28,123.74,58.86
2026-08-22T06:13:29,127.2,62.27
2026-08-22T06:13:30,128.18,63.23
2026-08-22T06:13:31,128.44,63.49
2026-08-22T06:13:32,122.91,58.04
2026-08-22T06:13:33,120.4,55.56
2026-08-22T06:13:34,117.85,53.05
2026-08-22T06:13:35,116.26,51.49
2026-08-22T06:13:36,114.61,49.86
2026-08-22T06:13:37,115.12,50.36
2026-08-22T06:13:38,115.34,50.58
2026-08-22T06:13:39,114.36,49.61
2026-08-22T06:13:40,114.69,49.93
2026-08-22T06:13:41,114.07,49.32
2026-08-22T06:13:42,114.02,49.28
2026-08-22T06:13:43,113.69,48.95
2026-08-22T06:13:44,113.98,49.23
2026-08-22T06:13:45,113.58,48.84
2026-08-22T06:13:46,113.8,49.06
2026-08-22T06:13:47,113.57,48.84
2026-08-22T06:13:48,114.07,49.33
2026-08-22T06:13:49,113.38,48.65
2026-08-22T06:13:50,114.07,49.32
2026-08-22T06:13:51,113.91,49.17
2026-08-22T06:13:52,113.59,48.85
2026-08-22T06:13:53,113.68,48.94
2026-08-22T06:13:54,113.97,49.23
2026-08-22T06:13:55,114.11,49.36
2026-08-22T06:13:56,114.18,49.44
2026-08-22T06:13:57,114.17,49.42
2026-08-22T06:13:58,114.08,49.34
2026-08-22T06:13:59,114.06,49.32
2026-08-22T06:14:00,114.44,49.69
2026-08-22T06:14:01,114.17,49.43
2026-08-22T06:14:02,114.54,49.79
2026-08-22T06:14:03,114.38,49.63
2026-08-22T06:14:04,114.61,49.86
2026-08-22T06:14:05,114.18,49.44
2026-08-22T06:14:06,114.48,49.73
2026-08-22T06:14:07,114.28,49.54
2026-08-22T06:14:08,114.28,49.53
2026-08-22T06:14:09,114.57,49.82
2026-08-22T06:14:10,114.87,50.12
2026-08-22T06:14:11,114.4,49.65
2026-08-22T06:14:12,114.19,49.44
2026-08-22T06:14:13,114.44,49.69
2026-08-22T06:14:14,113.87,49.13
2026-08-22T06:14:15,114.12,49.37
2026-08-22T06:14:16,113.93,49.19
2026-08-22T06:14:17,114.25,49.5
2026-08-22T06:14:18,114.52,49.77
2026-08-22T06:14:19,114.26,49.51
2026-08-22T06:14:20,114.24,49.49
2026-08-22T06:14:21,114.35,49.6
2026-08-22T06:14:22,114.14,49.4
2026-08-22T06:14:23,114.2,49.45
2026-08-22T06:14:24,113.86,49.12
2026-08-22T06:14:25,114.01,49.27
2026-08-22T06:14:26,114.17,49.42
2026-08-22T06:14:27,114.62,49.86
2026-08-22T06:14:28,114.43,49.68
2026-08-22T06:14:29,113.9,49.16
2026-08-22T06:14:30,114.38,49.63
2026-08-22T06:14:31,114.23,49.48
2026-08-22T06:14:32,114.15,49.4
2026-08-22T06:14:33,113.94,49.2
2026-08-22T06:14:34,115.73,50.96
2026-08-22T06:14:35,114.82,50.06
2026-08-22T06:14:36,114.84,50.08
2026-08-22T06:14:37,114.19,49.44
2026-08-22T06:14:38,114.13,49.38
2026-08-22T06:14:39,114.5,49.75
2026-08-22T06:14:40,114.25,49.5
2026-08-22T06:14:41,114.96,50.2
2026-08-22T06:14:42,114.73,49.98
2026-08-22T06:14:43,114.11,49.36
2026-08-22T06:14:44,114.48,49.73
2026-08-22T06:14:45,114.24,49.5
2026-08-22T06:14:46,114.48,49.73
2026-08-22T06:14:47,114.75,50.0
2026-08-22T06:14:48,115.09,50.33
2026-08-22T06:14:49,114.6,49.85
2026-08-22T06:14:50,115.81,51.04
2026-08-22T06:14:51,116.92,52.13
2026-08-22T06:14:52,117.71,52.91
2026-08-22T06:14:53,120.79,55.95
2026-08-22T06:14:54,122.98,58.11
2026-08-22T06:14:55,124.88,59.99
2026-08-22T06:14:56,126.02,61.1
2026-08-22T06:14:57,127.36,62.42
2026-08-22T06:14:58,127.16,62.23
2026-08-22T06:14:59,129.34,64.38
2026-08-22T06:15:00,129.32,64.36
2026-08-22T06:15:01,126.3,61.38
2026-08-22T06:15:02,122.12,57.27
2026-08-22T06:15:03,119.37,54.55
2026-08-22T06:15:04,117.91,53.11
2026-08-22T06:15:05,116.88,52.1
2026-08-22T06:15:06,116.59,51.81
2026-08-22T06:15:07,115.89,51.12
2026-08-22T06:15:08,115.15,50.39
2026-08-22T06:15:09,114.56,49.81
2026-08-22T06:15:10,114.5,49.75
2026-08-22T06:15:11,114.58,49.83
2026-08-22T06:15:12,114.1,49.36
2026-08-22T06:15:13,114.61,49.86
2026-08-22T06:15:14,114.66,49.91
2026-08-22T06:15:15,114.15,49.41
2026-08-22T06:15:16,113.95,49.2
2026-08-22T06:15:17,113.64,48.9
2026-08-22T06:15:18,114.61,49.86
2026-08-22T06:15:19,114.07,49.32
2026-08-22T06:15:20,114.93,50.18
2026-08-22T06:15:21,114.28,49.53
2026-08-22T06:15:22,113.92,49.18
2026-08-22T06:15:23,113.99,49.24
2026-08-22T06:15:24,114.85,50.09
2026-08-22T06:15:25,114.24,49.5
2026-08-22T06:15:26,114.91,50.16
2026-08-22T06:15:27,114.36,49.61
2026-08-22T06:15:28,114.75,50.0
2026-08-22T06:15:29,114.8,50.04
2026-08-22T06:15:30,114.73,49.98
2026-08-22T06:15:31,115.46,50.7
2026-08-22T06:15:32,116.59,51.81
2026-08-22T06:15:33,119.31,54.49
2026-08-22T06:15:34,121.8,56.95
2026-08-22T06:15:35,127.9,62.96
2026-08-22T06:15:36,131.01,66.02
2026-08-22T06:15:37,132.28,67.28
2026-08-22T06:15:38,133.28,68.26
2026-08-22T06:15:39,130.6,65.62
2026-08-22T06:15:40,127.54,62.6
2026-08-22T06:15:41,123.86,58.97
2026-08-22T06:15:42,122.92,58.05
2026-08-22T06:15:43,123.68,58.8
2026-08-22T06:15:44,121.87,57.02
2026-08-22T06:15:45,120.09,55.26
2026-08-22T06:15:46,120.53,55.69
2026-08-22T06:15:47,119.34,54.52
2026-08-22T06:15:48,117.6,52.8
2026-08-22T06:15:49,117.34,52.55
2026-08-22T06:15:50,117.22,52.43
2026-08-22T06:15:51,116.13,51.36
2026-08-22T06:15:52,115.52,50.76
2026-08-22T06:15:53,114.74,49.99
2026-08-22T06:15:54,115.02,50.26
2026-08-22T06:15:55,114.81,50.06
2026-08-22T06:15:56,114.35,49.6
2026-08-22T06:15:57,114.11,49.36
2026-08-22T06:15:58,114.13,49.38
2026-08-22T06:15:59,113.51,48.77
2026-08-22T06:16:00,114.45,49.7
2026-08-22T06:16:01,114.24,49.5
2026-08-22T06:16:02,114.5,49.75
2026-08-22T06:16:03,114.46,49.71
2026-08-22T06:16:04,113.6,48.86
2026-08-22T06:16:05,113.84,49.1
2026-08-22T06:16:06,114.03,49.28
2026-08-22T06:16:07,113.87,49.13
2026-08-22T06:16:08,114.42,49.67
2026-08-22T06:16:09,114.44,49.69
2026-08-22T06:16:10,114.26,49.51
2026-08-22T06:16:11,114.36,49.61
2026-08-22T06:16:12,114.58,49.83
2026-08-22T06:16:13,114.37,49.62
2026-08-22T06:16:14,115.35,50.59
2026-08-22T06:16:15,114.89,50.14
2026-08-22T06:16:16,115.79,51.02
2026-08-22T06:16:17,115.03,50.28
2026-08-22T06:16:18,114.84,50.09
2026-08-22T06:16:19,114.57,49.82
2026-08-22T06:16:20,114.87,50.11
2026-08-22T06:16:21,114.85,50.09
2026-08-22T06:16:22,114.99,50.23
2026-08-22T06:16:23,113.89,49.15
2026-08-22T06:16:24,114.4,49.65
2026-08-22T06:16:25,114.89,50.14
2026-08-22T06:16:26,114.1,49.36
2026-08-22T06:16:27,114.96,50.2
2026-08-22T06:16:28,115.0,50.25
2026-08-22T06:16:29,114.41,49.66
2026-08-22T06:16:30,114.18,49.43
2026-08-22T06:16:31,114.2,49.46
2026-08-22T06:16:32,114.95,50.19
2026-08-22T06:16:33,114.73,49.97
2026-08-22T06:16:34,114.87,50.11
2026-08-22T06:16:35,114.66,49.9
2026-08-22T06:16:36,114.7,49.95
2026-08-22T06:16:37,114.35,49.61
2026-08-22T06:16:38,114.39,49.64
2026-08-22T06:16:39,114.84,50.08
2026-08-22T06:16:40,114.77,50.01
2026-08-22T06:16:41,114.87,50.12
2026-08-22T06:16:42,114.21,49.46
2026-08-22T06:16:43,115.01,50.25
2026-08-22T06:16:44,114.92,50.17
2026-08-22T06:16:45,114.37,49.62
2026-08-22T06:16:46,114.08,49.33
2026-08-22T06:16:47,113.92,49.18
2026-08-22T06:16:48,114.29,49.55
2026-08-22T06:16:49,114.18,49.44
2026-08-22T06:16:50,114.24,49.5
2026-08-22T06:16:51,114.29,49.54
2026-08-22T06:16:52,114.62,49.87
2026-08-22T06:16:53,114.62,49.86
2026-08-22T06:16:54,114.3,49.55
2026-08-22T06:16:55,114.77,50.02
2026-08-22T06:16:56,114.51,49.76
2026-08-22T06:16:57,114.47,49.72
2026-08-22T06:16:58,114.68,49.93
2026-08-22T06:16:59,114.66,49.91
2026-08-22T06:17:00,114.82,50.07
2026-08-22T06:17:01,115.61,50.84
2026-08-22T06:17:02,115.57,50.81
2026-08-22T06:17:03,114.57,49.81
2026-08-22T06:17:04,114.67,49.92
2026-08-22T06:17:05,114.83,50.08
2026-08-22T06:17:06,115.16,50.4
2026-08-22T06:17:07,114.94,50.18
2026-08-22T06:17:08,114.79,50.04
2026-08-22T06:17:09,114.61,49.86
2026-08-22T06:17:10,115.06,50.3
2026-08-22T06:17:11,115.13,50.37
2026-08-22T06:17:12,114.8,50.04
2026-08-22T06:17:13,115.15,50.39
2026-08-22T06:17:14,115.75,50.98
2026-08-22T06:17:15,116.87,52.09
2026-08-22T06:17:16,117.46,52.66
2026-08-22T06:17:17,119.83,55.0
2026-08-22T06:17:18,122.94,58.07
2026-08-22T06:17:19,124.92,60.02
2026-08-22T06:17:20,128.67,63.72
2026-08-22T06:17:21,130.41,65.43
2026-08-22T06:17:22,124.58,59.69
2026-08-22T06:17:23,120.57,55.74
2026-08-22T06:17:24,118.67,53.86
2026-08-22T06:17:25,118.67,53.86
2026-08-22T06:17:26,116.82,52.04
2026-08-22T06:17:27,115.56,50.8
2026-08-22T06:17:28,115.11,50.35
2026-08-22T06:17:29,114.45,49.7
2026-08-22T06:17:30,114.72,49.97
2026-08-22T06:17:31,115.17,50.41
2026-08-22T06:17:32,114.43,49.68
2026-08-22T06:17:33,114.93,50.17
2026-08-22T06:17:34,114.87,50.11
2026-08-22T06:17:35,114.98,50.23
2026-08-22T06:17:36,115.41,50.65
2026-08-22T06:17:37,114.78,50.02
2026-08-22T06:17:38,114.53,49.78
2026-08-22T06:17:39,114.66,49.91
2026-08-22T06:17:40,114.47,49.72
2026-08-22T06:17:41,114.36,49.61
2026-08-22T06:17:42,115.54,50.78
2026-08-22T06:17:43,116.03,51.26
2026-08-22T06:17:44,115.95,51.18
2026-08-22T06:17:45,116.55,51.77
2026-08-22T06:17:46,117.72,52.92
2026-08-22T06:17:47,115.9,51.13
2026-08-22T06:17:48,115.84,51.07
2026-08-22T06:17:49,115.95,51.18
2026-08-22T06:17:50,115.38,50.62
2026-08-22T06:17:51,115.38,50.62
2026-08-22T06:17:52,114.7,49.94
2026-08-22T06:17:53,114.67,49.92
2026-08-22T06:17:54,113.94,49.2
2026-08-22T06:17:55,115.29,50.52
2026-08-22T06:17:56,114.45,49.7
2026-08-22T06:17:57,114.82,50.07
2026-08-22T06:17:58,115.73,50.96
2026-08-22T06:17:59,115.4,50.64
2026-08-22T06:18:00,116.23,51.45
2026-08-22T06:18:01,117.25,52.46
2026-08-22T06:18:02,118.05,53.25
2026-08-22T06:18:03,120.0,55.18
2026-08-22T06:18:04,123.57,58.69
2026-08-22T06:18:05,126.12,61.21
2026-08-22T06:18:06,127.59,62.65
2026-08-22T06:18:07,129.09,64.13
2026-08-22T06:18:08,129.21,64.25
2026-08-22T06:18:09,128.97,64.02
2026-08-22T06:18:10,127.9,62.96
2026-08-22T06:18:11,128.44,63.49
2026-08-22T06:18:12,128.28,63.33
2026-08-22T06:18:13,128.01,63.07
2026-08-22T06:18:14,126.88,61.95
2026-08-22T06:18:15,124.21,59.32
2026-08-22T06:18:16,122.23,57.37
2026-08-22T06:18:17,121.65,56.8
2026-08-22T06:18:18,120.07,55.24
2026-08-22T06:18:19,119.29,54.47
2026-08-22T06:18:20,118.56,53.75
2026-08-22T06:18:21,117.8,53.0
2026-08-22T06:18:22,116.25,51.48
2026-08-22T06:18:23,116.04,51.27
2026-08-22T06:18:24,116.46,51.68
2026-08-22T06:18:25,116.16,51.39
2026-08-22T06:18:26,115.56,50.8
2026-08-22T06:18:27,115.86,51.09
2026-08-22T06:18:28,116.01,51.24
2026-08-22T06:18:29,115.87,51.1
2026-08-22T06:18:30,115.2,50.44
2026-08-22T06:18:31,113.95,49.2
2026-08-22T06:18:32,114.94,50.19
2026-08-22T06:18:33,114.24,49.49
2026-08-22T06:18:34,114.5,49.75
2026-08-22T06:18:35,114.53,49.77
2026-08-22T06:18:36,114.24,49.49
2026-08-22T06:18:37,114.18,49.44
2026-08-22T06:18:38,114.81,50.05
2026-08-22T06:18:39,113.9,49.16
2026-08-22T06:18:40,114.22,49.47
2026-08-22T06:18:41,114.81,50.06
2026-08-22T06:18:42,114.43,49.68
2026-08-22T06:18:43,114.38,49.63
2026-08-22T06:18:44,114.39,49.64
2026-08-22T06:18:45,114.84,50.09
2026-08-22T06:18:46,114.12,49.37
2026-08-22T06:18:47,113.94,49.2
2026-08-22T06:18:48,114.26,49.51
2026-08-22T06:18:49,114.15,49.41
2026-08-22T06:18:50,114.71,49.95
2026-08-22T06:18:51,114.75,49.99
2026-08-22T06:18:52,114.33,49.58
2026-08-22T06:18:53,114.33,49.58
2026-08-22T06:18:54,113.97,49.23
2026-08-22T06:18:55,114.12,49.37
2026-08-22T06:18:56,114.79,50.03
2026-08-22T06:18:57,114.48,49.73
2026-08-22T06:18:58,114.81,50.05
2026-08-22T06:18:59,114.89,50.14
2026-08-22T06:19:00,114.66,49.91
2026-08-22T06:19:01,114.61,49.86
2026-08-22T06:19:02,114.79,50.03
2026-08-22T06:19:03,115.18,50.42
2026-08-22T06:19:04,115.22,50.46
2026-08-22T06:19:05,115.3,50.54
2026-08-22T06:19:06,116.25,51.47
2026-08-22T06:19:07,116.8,52.02
2026-08-22T06:19:08,118.71,53.9
2026-08-22T06:19:09,120.34,55.51
2026-08-22T06:19:10,123.15,58.27
2026-08-22T06:19:11,124.42,59.53
2026-08-22T06:19:12,127.06,62.13
2026-08-22T06:19:13,127.71,62.77
2026-08-22T06:19:14,129.03,64.07
2026-08-22T06:19:15,129.15,64.19
2026-08-22T06:19:16,126.76,61.84
2026-08-22T06:19:17,121.23,56.38
2026-08-22T06:19:18,117.84,53.04
2026-08-22T06:19:19,115.49,50.72
2026-08-22T06:19:20,114.76,50.0
2026-08-22T06:19:21,114.91,50.15
2026-08-22T06:19:22,114.63,49.88
2026-08-22T06:19:23,114.27,49.52
2026-08-22T06:19:24,114.2,49.45
2026-08-22T06:19:25,114.36,49.61
2026-08-22T06:19:26,113.93,49.18
2026-08-22T06:19:27,114.36,49.61
2026-08-22T06:19:28,114.35,49.6
2026-08-22T06:19:29,114.62,49.87
2026-08-22T06:19:30,114.33,49.58
2026-08-22T06:19:31,114.05,49.31
2026-08-22T06:19:32,114.89,50.13
2026-08-22T06:19:33,114.49,49.74
2026-08-22T06:19:34,114.8,50.04
2026-08-22T06:19:35,114.85,50.09
2026-08-22T06:19:36,114.81,50.05
2026-08-22T06:19:37,114.38,49.63
2026-08-22T06:19:38,114.03,49.29
2026-08-22T06:19:39,114.25,49.51
2026-08-22T06:19:40,114.79,50.03
2026-08-22T06:19:41,114.84,50.08
2026-08-22T06:19:42,114.86,50.1
2026-08-22T06:19:43,114.23,49.48
2026-08-22T06:19:44,114.31,49.57
2026-08-22T06:19:45,115.37,50.61
2026-08-22T06:19:46,114.47,49.71
2026-08-22T06:19:47,114.61,49.85
2026-08-22T06:19:48,114.57,49.82
2026-08-22T06:19:49,114.53,49.78
2026-08-22T06:19:50,114.37,49.62
2026-08-22T06:19:51,113.92,49.18
2026-08-22T06:19:52,113.88,49.14
2026-08-22T06:19:53,114.3,49.55
2026-08-22T06:19:54,114.59,49.84
2026-08-22T06:19:55,114.76,50.0
2026-08-22T06:19:56,114.77,50.02
2026-08-22T06:19:57,114.78,50.03
2026-08-22T06:19:58,114.36,49.61
2026-08-22T06:19:59,114.36,49.61
2026-08-22T06:20:00,114.09,49.34
2026-08-22T06:20:01,114.87,50.12
2026-08-22T06:20:02,114.57,49.82
2026-08-22T06:20:03,114.49,49.74
2026-08-22T06:20:04,115.0,50.24
2026-08-22T06:20:05,115.71,50.94
2026-08-22T06:20:06,115.14,50.38
2026-08-22T06:20:07,115.6,50.83
2026-08-22T06:20:08,115.75,50.98
2026-08-22T06:20:09,115.8,51.03
2026-08-22T06:20:10,117.11,52.32
2026-08-22T06:20:11,117.19,52.4
2026-08-22T06:20:12,118.09,53.29
2026-08-22T06:20:13,119.69,54.86
2026-08-22T06:20:14,123.16,58.29
2026-08-22T06:20:15,122.23,57.37
2026-08-22T06:20:16,125.04,60.14
2026-08-22T06:20:17,129.2,64.24
2026-08-22T06:20:18,131.78,66.78
2026-08-22T06:20:19,132.99,67.97
2026-08-22T06:20:20,133.36,68.34
2026-08-22T06:20:21,133.56,68.54
2026-08-22T06:20:22,131.95,66.95
2026-08-22T06:20:23,128.95,63.99
2026-08-22T06:20:24,126.48,61.56
2026-08-22T06:20:25,124.64,59.75
2026-08-22T06:20:26,122.37,57.5
2026-08-22T06:20:27,120.69,55.85
2026-08-22T06:20:28,120.19,55.36
2026-08-22T06:20:29,119.25,54.43
2026-08-22T06:20:30,118.13,53.32
2026-08-22T06:20:31,117.41,52.62
2026-08-22T06:20:32,117.58,52.78
2026-08-22T06:20:33,118.26,53.45
2026-08-22T06:20:34,120.02,55.19
2026-08-22T06:20:35,120.75,55.91
2026-08-22T06:20:36,122.94,58.07
2026-08-22T06:20:37,124.7,59.81
2026-08-22T06:20:38,126.36,61.44
2026-08-22T06:20:39,125.55,60.64
2026-08-22T06:20:40,123.6,58.72
2026-08-22T06:20:41,121.42,56.58
2026-08-22T06:20:42,119.98,55.15
2026-08-22T06:20:43,118.39,53.59
2026-08-22T06:20:44,117.8,53.0
2026-08-22T06:20:45,117.14,52.35
2026-08-22T06:20:46,116.65,51.87
2026-08-22T06:20:47,116.01,51.23
2026-08-22T06:20:48,115.2,50.44
2026-08-22T06:20:49,115.35,50.59
2026-08-22T06:20:50,115.15,50.39
2026-08-22T06:20:51,115.35,50.59
2026-08-22T06:20:52,115.05,50.29
2026-08-22T06:20:53,114.75,50.0
2026-08-22T06:20:54,115.01,50.25
2026-08-22T06:20:55,114.85,50.09
2026-08-22T06:20:56,115.24,50.48
2026-08-22T06:20:57,114.58,49.83
2026-08-22T06:20:58,114.38,49.63
2026-08-22T06:20:59,113.78,49.04
2026-08-22T06:21:00,114.29,49.54
2026-08-22T06:21:01,114.59,49.83
2026-08-22T06:21:02,114.47,49.72
2026-08-22T06:21:03,115.05,50.29
2026-08-22T06:21:04,114.85,50.1
2026-08-22T06:21:05,114.17,49.42
2026-08-22T06:21:06,114.68,49.93
2026-08-22T06:21:07,114.49,49.74
2026-08-22T06:21:08,115.36,50.6
2026-08-22T06:21:09,115.0,50.25
2026-08-22T06:21:10,114.98,50.22
2026-08-22T06:21:11,115.11,50.35
2026-08-22T06:21:12,115.03,50.28
2026-08-22T06:21:13,115.99,51.22
2026-08-22T06:21:14,114.53,49.78
2026-08-22T06:21:15,114.5,49.75
2026-08-22T06:21:16,113.75,49.01
2026-08-22T06:21:17,114.5,49.75
2026-08-22T06:21:18,114.58,49.83
2026-08-22T06:21:19,114.6,49.85
2026-08-22T06:21:20,114.32,49.57
2026-08-22T06:21:21,113.94,49.2
2026-08-22T06:21:22,114.31,49.56
2026-08-22T06:21:23,113.51,48.77
2026-08-22T06:21:24,114.45,49.7
2026-08-22T06:21:25,113.91,49.17
2026-08-22T06:21:26,114.79,50.04
2026-08-22T06:21:27,114.36,49.61
2026-08-22T06:21:28,114.03,49.28
2026-08-22T06:21:29,113.92,49.18
2026-08-22T06:21:30,113.8,49.06
2026-08-22T06:21:31,114.29,49.55
2026-08-22T06:21:32,113.97,49.23
2026-08-22T06:21:33,114.5,49.75
2026-08-22T06:21:34,114.24,49.5
2026-08-22T06:21:35,114.62,49.87
2026-08-22T06:21:36,114.99,50.23
2026-08-22T06:21:37,114.63,49.87
2026-08-22T06:21:38,114.69,49.94
2026-08-22T06:21:39,115.93,51.16
2026-08-22T06:21:40,116.54,51.76
2026-08-22T06:21:41,118.55,53.74
2026-08-22T06:21:42,121.56,56.7
2026-08-22T06:21:43,123.38,58.51
2026-08-22T06:21:44,125.54,60.64
2026-08-22T06:21:45,126.7,61.78
2026-08-22T06:21:46,126.68,61.76
2026-08-22T06:21:47,124.05,59.17
2026-08-22T06:21:48,120.39,55.56
2026-08-22T06:21:49,119.85,55.02
2026-08-22T06:21:50,118.02,53.22
2026-08-22T06:21:51,117.03,52.25
2026-08-22T06:21:52,117.64,52.84
2026-08-22T06:21:53,116.82,52.04
2026-08-22T06:21:54,115.59,50.82
2026-08-22T06:21:55,115.54,50.78
2026-08-22T06:21:56,115.4,50.63
2026-08-22T06:21:57,115.31,50.55
2026-08-22T06:21:58,114.91,50.15
2026-08-22T06:21:59,114.32,49.57
2026-08-22T06:22:00,114.55,49.79
2026-08-22T06:22:01,114.42,49.67
2026-08-22T06:22:02,114.98,50.22
2026-08-22T06:22:03,114.8,50.04
2026-08-22T06:22:04,115.3,50.54
2026-08-22T06:22:05,114.53,49.78
2026-08-22T06:22:06,114.44,49.69
2026-08-22T06:22:07,114.61,49.85
2026-08-22T06:22:08,114.37,49.62
2026-08-22T06:22:09,114.63,49.87
2026-08-22T06:22:10,115.2,50.44
2026-08-22T06:22:11,115.51,50.75
2026-08-22T06:22:12,115.65,50.88
2026-08-22T06:22:13,115.85,51.08
2026-08-22T06:22:14,115.93,51.16
2026-08-22T06:22:15,116.63,51.85
2026-08-22T06:22:16,118.04,53.24
2026-08-22T06:22:17,120.77,55.93
2026-08-22T06:22:18,121.87,57.01
2026-08-22T06:22:19,123.82,58.94
2026-08-22T06:22:20,124.66,59.76
2026-08-22T06:22:21,125.35,60.44
2026-08-22T06:22:22,124.74,59.84
2026-08-22T06:22:23,122.41,57.54
2026-08-22T06:22:24,119.29,54.47
2026-08-22T06:22:25,118.35,53.54
2026-08-22T06:22:26,117.49,52.69
2026-08-22T06:22:27,116.77,51.99
2026-08-22T06:22:28,115.81,51.04
2026-08-22T06:22:29,116.02,51.25
2026-08-22T06:22:30,117.35,52.56
2026-08-22T06:22:31,116.94,52.16
2026-08-22T06:22:32,119.94,55.11
2026-08-22T06:22:33,124.83,59.93
2026-08-22T06:22:34,128.09,63.14
2026-08-22T06:22:35,129.16,64.2
2026-08-22T06:22:36,129.87,64.9
2026-08-22T06:22:37,126.62,61.7
2026-08-22T06:22:38,123.7,58.82
2026-08-22T06:22:39,121.43,56.58
2026-08-22T06:22:40,121.33,56.48
2026-08-22T06:22:41,120.67,55.84
2026-08-22T06:22:42,118.84,54.03
2026-08-22T06:22:43,117.11,52.33
2026-08-22T06:22:44,117.39,52.6
2026-08-22T06:22:45,115.77,51.0
2026-08-22T06:22:46,115.72,50.96
2026-08-22T06:22:47,115.24,50.48
2026-08-22T06:22:48,115.56,50.8
2026-08-22T06:22:49,114.93,50.18
2026-08-22T06:22:50,115.49,50.72
2026-08-22T06:22:51,116.37,51.59
2026-08-22T06:22:52,114.2,49.46
2026-08-22T06:22:53,118.87,54.06
2026-08-22T06:22:54,117.94,53.14
2026-08-22T06:22:55,116.62,51.84
2026-08-22T06:22:56,114.49,49.74
2026-08-22T06:22:57,114.12,49.38
2026-08-22T06:22:58,114.55,49.8
2026-08-22T06:22:59,114.01,49.27
2026-08-22T06:23:00,114.87,50.12
2026-08-22T06:23:01,114.84,50.08
2026-08-22T06:23:02,114.71,49.95
2026-08-22T06:23:03,118.09,53.29
2026-08-22T06:23:04,119.39,54.57
2026-08-22T06:23:05,121.18,56.34
2026-08-22T06:23:06,117.12,52.33
2026-08-22T06:23:07,115.13,50.37
2026-08-22T06:23:08,114.48,49.73
2026-08-22T06:23:09,114.85,50.09
2026-08-22T06:23:10,114.39,49.65
2026-08-22T06:23:11,114.88,50.13
2026-08-22T06:23:12,114.48,49.73
2026-08-22T06:23:13,114.57,49.82
2026-08-22T06:23:14,114.46,49.71
2026-08-22T06:23:15,114.27,49.52
2026-08-22T06:23:16,114.36,49.61
2026-08-22T06:23:17,114.87,50.11
2026-08-22T06:23:18,115.07,50.31
2026-08-22T06:23:19,115.26,50.5
2026-08-22T06:23:20,114.67,49.92
2026-08-22T06:23:21,114.68,49.93
2026-08-22T06:23:22,114.2,49.45
2026-08-22T06:23:23,114.62,49.86
2026-08-22T06:23:24,114.92,50.17
2026-08-22T06:23:25,114.58,49.83
2026-08-22T06:23:26,114.76,50.0
2026-08-22T06:23:27,115.1,50.34
2026-08-22T06:23:28,115.0,50.24
2026-08-22T06:23:29,118.24,53.43
2026-08-22T06:23:30,117.78,52.99
2026-08-22T06:23:31,117.35,52.56
2026-08-22T06:23:32,116.12,51.35
2026-08-22T06:23:33,120.73,55.89
2026-08-22T06:23:34,116.03,51.25
2026-08-22T06:23:35,116.9,52.12
2026-08-22T06:23:36,116.07,51.3
2026-08-22T06:23:37,115.09,50.33
2026-08-22T06:23:38,114.57,49.81
2026-08-22T06:23:39,114.7,49.95
2026-08-22T06:23:40,114.33,49.58
2026-08-22T06:23:41,115.03,50.27
2026-08-22T06:23:42,115.01,50.26
2026-08-22T06:23:43,114.76,50.01
2026-08-22T06:23:44,114.17,49.42
2026-08-22T06:23:45,114.13,49.38
2026-08-22T06:23:46,115.46,50.7
2026-08-22T06:23:47,114.62,49.87
2026-08-22T06:23:48,114.6,49.85
2026-08-22T06:23:49,114.57,49.81
2026-08-22T06:23:50,114.5,49.75
2026-08-22T06:23:51,114.23,49.49
2026-08-22T06:23:52,114.64,49.89
2026-08-22T06:23:53,114.62,49.87
2026-08-22T06:23:54,114.34,49.59
2026-08-22T06:23:55,114.65,49.9
2026-08-22T06:23:56,114.53,49.78
2026-08-22T06:23:57,115.72,50.95
2026-08-22T06:23:58,115.15,50.39
2026-08-22T06:23:59,113.91,49.17
2026-08-22T06:24:00,114.37,49.62
2026-08-22T06:24:01,114.85,50.09
2026-08-22T06:24:02,114.83,50.07
2026-08-22T06:24:03,114.7,49.94
2026-08-22T06:24:04,114.95,50.19
2026-08-22T06:24:05,114.76,50.0
2026-08-22T06:24:06,114.97,50.21
2026-08-22T06:24:07,115.14,50.38
2026-08-22T06:24:08,114.98,50.22
2026-08-22T06:24:09,114.01,49.27
2026-08-22T06:24:10,114.52,49.77
2026-08-22T06:24:11,114.89,50.13
2026-08-22T06:24:12,114.71,49.96
2026-08-22T06:24:13,114.16,49.42
2026-08-22T06:24:14,114.16,49.41
2026-08-22T06:24:15,114.63,49.88
2026-08-22T06:24:16,114.43,49.68
2026-08-22T06:24:17,114.8,50.04
2026-08-22T06:24:18,114.55,49.8
2026-08-22T06:24:19,114.46,49.71
2026-08-22T06:24:20,114.0,49.25
2026-08-22T06:24:21,114.66,49.91
2026-08-22T06:24:22,114.31,49.56
2026-08-22T06:24:23,114.26,49.52
2026-08-22T06:24:24,114.21,49.46
2026-08-22T06:24:25,114.51,49.76
2026-08-22T06:24:26,114.45,49.7
2026-08-22T06:24:27,113.86,49.12
2026-08-22T06:24:28,114.34,49.59
2026-08-22T06:24:29,113.92,49.18
2026-08-22T06:24:30,114.21,49.47
2026-08-22T06:24:31,114.22,49.47
2026-08-22T06:24:32,114.14,49.4
2026-08-22T06:24:33,113.97,49.23
2026-08-22T06:24:34,114.12,49.38
2026-08-22T06:24:35,114.48,49.73
2026-08-22T06:24:36,114.81,50.06
2026-08-22T06:24:37,113.83,49.09
2026-08-22T06:24:38,114.48,49.73
2026-08-22T06:24:39,113.79,49.05
2026-08-22T06:24:40,114.48,49.73
2026-08-22T06:24:41,114.04,49.3
2026-08-22T06:24:42,114.56,49.81
2026-08-22T06:24:43,114.01,49.27
2026-08-22T06:24:44,113.89,49.14
2026-08-22T06:24:45,114.14,49.39
2026-08-22T06:24:46,114.71,49.96
2026-08-22T06:24:47,114.04,49.3
2026-08-22T06:24:48,115.33,50.57
2026-08-22T06:24:49,118.66,53.85
2026-08-22T06:24:50,118.09,53.29
2026-08-22T06:24:51,116.4,51.62
2026-08-22T06:24:52,115.73,50.97
2026-08-22T06:24:53,114.97,50.21
2026-08-22T06:24:54,114.45,49.7
2026-08-22T06:24:55,114.81,50.05
2026-08-22T06:24:56,115.27,50.51
2026-08-22T06:24:57,115.02,50.27
2026-08-22T06:24:58,115.98,51.21
2026-08-22T06:24:59,115.98,51.21
2026-08-22T06:25:00,121.77,56.92
2026-08-22T06:25:01,124.93,60.03
2026-08-22T06:25:02,124.57,59.67
2026-08-22T06:25:03,124.62,59.73
2026-08-22T06:25:04,126.41,61.49
2026-08-22T06:25:05,126.61,61.68
2026-08-22T06:25:06,127.84,62.9
2026-08-22T06:25:07,126.6,61.68
2026-08-22T06:25:08,126.54,61.62
2026-08-22T06:25:09,122.68,57.82
2026-08-22T06:25:10,120.67,55.83
2026-08-22T06:25:11,120.48,55.64
2026-08-22T06:25:12,117.35,52.56
2026-08-22T06:25:13,118.99,54.17
2026-08-22T06:25:14,116.36,51.58
2026-08-22T06:25:15,116.18,51.41
2026-08-22T06:25:16,115.84,51.07
2026-08-22T06:25:17,116.28,51.5
2026-08-22T06:25:18,116.43,51.65
2026-08-22T06:25:19,117.9,53.1
2026-08-22T06:25:20,120.64,55.8
2026-08-22T06:25:21,123.15,58.27
2026-08-22T06:25:22,124.26,59.37
2026-08-22T06:25:23,125.87,60.96
2026-08-22T06:25:24,127.72,62.79
2026-08-22T06:25:25,127.62,62.68
2026-08-22T06:25:26,125.31,60.41
2026-08-22T06:25:27,121.85,57.0
2026-08-22T06:25:28,120.08,55.25
2026-08-22T06:25:29,118.55,53.74
2026-08-22T06:25:30,117.6,52.81
2026-08-22T06:25:31,117.67,52.88
2026-08-22T06:25:32,116.91,52.13
2026-08-22T06:25:33,116.4,51.62
2026-08-22T06:25:34,115.48,50.71
2026-08-22T06:25:35,115.49,50.72
2026-08-22T06:25:36,115.4,50.64
2026-08-22T06:25:37,115.63,50.87
2026-08-22T06:25:38,115.01,50.26
2026-08-22T06:25:39,115.08,50.32
2026-08-22T06:25:40,115.65,50.88
2026-08-22T06:25:41,115.23,50.47
2026-08-22T06:25:42,115.09,50.33
2026-08-22T06:25:43,117.87,53.07
2026-08-22T06:25:44,118.13,53.33
2026-08-22T06:25:45,114.67,49.91
2026-08-22T06:25:46,114.44,49.69
2026-08-22T06:25:47,114.61,49.85
2026-08-22T06:25:48,114.64,49.89
2026-08-22T06:25:49,114.72,49.97
2026-08-22T06:25:50,114.95,50.19
2026-08-22T06:25:51,114.97,50.22
2026-08-22T06:25:52,114.4,49.65
2026-08-22T06:25:53,114.73,49.98
2026-08-22T06:25:54,114.87,50.11
2026-08-22T06:25:55,115.13,50.37
2026-08-22T06:25:56,114.97,50.21
2026-08-22T06:25:57,114.85,50.09
2026-08-22T06:25:58,114.46,49.71
2026-08-22T06:25:59,114.91,50.15
2026-08-22T06:26:00,114.94,50.19
2026-08-22T06:26:01,115.18,50.42
2026-08-22T06:26:02,114.37,49.62
2026-08-22T06:26:03,115.31,50.55
2026-08-22T06:26:04,114.85,50.1
2026-08-22T06:26:05,115.03,50.27
2026-08-22T06:26:06,114.84,50.09
2026-08-22T06:26:07,114.81,50.05
2026-08-22T06:26:08,114.55,49.8
2026-08-22T06:26:09,115.06,50.3
2026-08-22T06:26:10,114.48,49.73
2026-08-22T06:26:11,114.88,50.12
2026-08-22T06:26:12,114.74,49.99
2026-08-22T06:26:13,114.78,50.02
2026-08-22T06:26:14,115.01,50.25
2026-08-22T06:26:15,114.97,50.21
2026-08-22T06:26:16,114.89,50.13
2026-08-22T06:26:17,115.05,50.29
2026-08-22T06:26:18,114.8,50.05
2026-08-22T06:26:19,114.19,49.45
2026-08-22T06:26:20,114.78,50.02
2026-08-22T06:26:21,114.74,49.99
2026-08-22T06:26:22,114.7,49.95
2026-08-22T06:26:23,114.53,49.78
2026-08-22T06:26:24,116.11,51.33
2026-08-22T06:26:25,115.67,50.91
2026-08-22T06:26:26,114.87,50.12
2026-08-22T06:26:27,114.83,50.07
2026-08-22T06:26:28,115.44,50.67
2026-08-22T06:26:29,114.46,49.71
2026-08-22T06:26:30,115.11,50.35
2026-08-22T06:26:31,116.35,51.57
2026-08-22T06:26:32,117.62,52.82
2026-08-22T06:26:33,121.21,56.37
2026-08-22T06:26:34,123.23,58.35
2026-08-22T06:26:35,124.44,59.55
2026-08-22T06:26:36,124.76,59.86
2026-08-22T06:26:37,124.78,59.88
2026-08-22T06:26:38,125.55,60.64
2026-08-22T06:26:39,123.69,58.81
2026-08-22T06:26:40,120.92,56.08
2026-08-22T06:26:41,120.14,55.31
2026-08-22T06:26:42,119.42,54.59
2026-08-22T06:26:43,118.58,53.77
2026-08-22T06:26:44,118.81,54.0
2026-08-22T06:26:45,118.95,54.14
2026-08-22T06:26:46,117.33,52.54
2026-08-22T06:26:47,116.62,51.84
2026-08-22T06:26:48,116.08,51.31
2026-08-22T06:26:49,116.16,51.38
2026-08-22T06:26:50,115.88,51.11
2026-08-22T06:26:51,114.65,49.9
2026-08-22T06:26:52,115.33,50.57
2026-08-22T06:26:53,115.34,50.58
2026-08-22T06:26:54,115.35,50.59
2026-08-22T06:26:55,115.24,50.48
2026-08-22T06:26:56,115.08,50.32
2026-08-22T06:26:57,115.38,50.61
2026-08-22T06:26:58,116.29,51.51
2026-08-22T06:26:59,116.6,51.82
2026-08-22T06:27:00,117.17,52.38
2026-08-22T06:27:01,118.42,53.61
2026-08-22T06:27:02,119.04,54.22
2026-08-22T06:27:03,120.32,55.49
2026-08-22T06:27:04,122.29,57.43
2026-08-22T06:27:05,124.04,59.15
2026-08-22T06:27:06,125.13,60.23
2026-08-22T06:27:07,125.22,60.32
2026-08-22T06:27:08,122.9,58.03
2026-08-22T06:27:09,120.35,55.52
2026-08-22T06:27:10,120.57,55.73
2026-08-22T06:27:11,118.78,53.96
2026-08-22T06:27:12,119.02,54.21
2026-08-22T06:27:13,118.94,54.13
2026-08-22T06:27:14,118.1,53.3
2026-08-22T06:27:15,116.43,51.65
2026-08-22T06:27:16,115.89,51.12
2026-08-22T06:27:17,115.07,50.31
2026-08-22T06:27:18,114.92,50.16
2026-08-22T06:27:19,115.03,50.27
2026-08-22T06:27:20,115.16,50.4
2026-08-22T06:27:21,115.09,50.33
2026-08-22T06:27:22,115.05,50.29
2026-08-22T06:27:23,115.38,50.62
2026-08-22T06:27:24,115.11,50.35
2026-08-22T06:27:25,115.3,50.54
2026-08-22T06:27:26,114.36,49.62
2026-08-22T06:27:27,115.23,50.47
2026-08-22T06:27:28,114.41,49.66
2026-08-22T06:27:29,114.56,49.81
2026-08-22T06:27:30,114.89,50.13
2026-08-22T06:27:31,114.41,49.66
2026-08-22T06:27:32,114.33,49.58
2026-08-22T06:27:33,114.2,49.45
2026-08-22T06:27:34,114.26,49.51
2026-08-22T06:27:35,114.42,49.68
2026-08-22T06:27:36,114.22,49.47
2026-08-22T06:27:37,114.89,50.13
2026-08-22T06:27:38,114.58,49.83
2026-08-22T06:27:39,114.85,50.09
2026-08-22T06:27:40,114.52,49.77
2026-08-22T06:27:41,114.21,49.46
2026-08-22T06:27:42,113.93,49.19
2026-08-22T06:27:43,114.6,49.85
2026-08-22T06:27:44,114.78,50.02
2026-08-22T06:27:45,114.33,49.59
2026-08-22T06:27:46,114.14,49.4
2026-08-22T06:27:47,114.95,50.2
2026-08-22T06:27:48,114.57,49.82
2026-08-22T06:27:49,114.14,49.4
2026-08-22T06:27:50,114.41,49.66
2026-08-22T06:27:51,114.9,50.14
2026-08-22T06:27:52,114.42,49.67
2026-08-22T06:27:53,115.23,50.47
2026-08-22T06:27:54,114.61,49.86
2026-08-22T06:27:55,114.42,49.67
2026-08-22T06:27:56,114.29,49.54
2026-08-22T06:27:57,114.67,49.91
2026-08-22T06:27:58,115.05,50.29
2026-08-22T06:27:59,114.89,50.13
2026-08-22T06:28:00,114.77,50.02
2026-08-22T06:28:01,115.06,50.31
2026-08-22T06:28:02,115.16,50.4
2026-08-22T06:28:03,114.87,50.11
2026-08-22T06:28:04,114.68,49.93
2026-08-22T06:28:05,114.74,49.98
2026-08-22T06:28:06,114.44,49.69
2026-08-22T06:28:07,115.42,50.66
2026-08-22T06:28:08,115.85,51.08
2026-08-22T06:28:09,115.43,50.67
2026-08-22T06:28:10,116.48,51.7
2026-08-22T06:28:11,115.67,50.9
2026-08-22T06:28:12,115.88,51.11
2026-08-22T06:28:13,116.05,51.28
2026-08-22T06:28:14,115.39,50.63
2026-08-22T06:28:15,115.39,50.63
2026-08-22T06:28:16,116.24,51.46
2026-08-22T06:28:17,115.92,51.15
2026-08-22T06:28:18,115.94,51.17
2026-08-22T06:28:19,116.16,51.38
2026-08-22T06:28:20,115.66,50.9
2026-08-22T06:28:21,115.29,50.53
2026-08-22T06:28:22,114.79,50.03
2026-08-22T06:28:23,116.46,51.68
2026-08-22T06:28:24,116.2,51.42
2026-08-22T06:28:25,114.93,50.17
2026-08-22T06:28:26,114.26,49.51
2026-08-22T06:28:27,116.02,51.25
2026-08-22T06:28:28,115.01,50.25
2026-08-22T06:28:29,115.13,50.37
2026-08-22T06:28:30,116.71,51.93
2026-08-22T06:28:31,118.87,54.06
2026-08-22T06:28:32,118.96,54.14
2026-08-22T06:28:33,120.64,55.8
2026-08-22T06:28:34,123.35,58.47
2026-08-22T06:28:35,125.58,60.67
2026-08-22T06:28:36,117.63,52.84
2026-08-22T06:28:37,116.93,52.14
2026-08-22T06:28:38,116.77,51.99
2026-08-22T06:28:39,117.49,52.7
2026-08-22T06:28:40,116.92,52.13
2026-08-22T06:28:41,117.34,52.55
2026-08-22T06:28:42,119.25,54.43
2026-08-22T06:28:43,122.94,58.07
2026-08-22T06:28:44,126.78,61.86
2026-08-22T06:28:45,128.12,63.18
2026-08-22T06:28:46,128.73,63.78
2026-08-22T06:28:47,129.13,64.17
2026-08-22T06:28:48,126.97,62.04
2026-08-22T06:28:49,122.81,57.94
2026-08-22T06:28:50,122.25,57.39
2026-08-22T06:28:51,120.52,55.69
2026-08-22T06:28:52,119.2,54.38
2026-08-22T06:28:53,118.17,53.37
2026-08-22T06:28:54,118.28,53.47
2026-08-22T06:28:55,118.22,53.42
2026-08-22T06:28:56,118.02,53.22
2026-08-22T06:28:57,116.76,51.98
2026-08-22T06:28:58,116.61,51.83
2026-08-22T06:28:59,115.38,50.62
2026-08-22T06:29:00,115.0,50.25
2026-08-22T06:29:01,115.42,50.65
2026-08-22T06:29:02,114.72,49.97
2026-08-22T06:29:03,114.86,50.11
2026-08-22T06:29:04,115.01,50.25
2026-08-22T06:29:05,115.15,50.39
2026-08-22T06:29:06,115.74,50.98
2026-08-22T06:29:07,115.61,50.84
2026-08-22T06:29:08,115.49,50.72
2026-08-22T06:29:09,115.21,50.45
2026-08-22T06:29:10,114.77,50.02
2026-08-22T06:29:11,114.42,49.67
2026-08-22T06:29:12,114.75,50.0
2026-08-22T06:29:13,114.08,49.33
2026-08-22T06:29:14,114.92,50.17
2026-08-22T06:29:15,114.99,50.23
2026-08-22T06:29:16,115.36,50.59
2026-08-22T06:29:17,115.33,50.56
2026-08-22T06:29:18,115.5,50.73
2026-08-22T06:29:19,114.51,49.76
2026-08-22T06:29:20,113.94,49.2
2026-08-22T06:29:21,114.44,49.69
2026-08-22T06:29:22,114.15,49.41
2026-08-22T06:29:23,115.24,50.47
2026-08-22T06:29:24,114.6,49.85
2026-08-22T06:29:25,113.93,49.19
2026-08-22T06:29:26,114.24,49.5
2026-08-22T06:29:27,114.24,49.5
2026-08-22T06:29:28,114.51,49.76
2026-08-22T06:29:29,114.45,49.7
2026-08-22T06:29:30,114.06,49.31
2026-08-22T06:29:31,114.34,49.59
2026-08-22T06:29:32,113.95,49.21
2026-08-22T06:29:33,114.41,49.66
2026-08-22T06:29:34,114.58,49.83
2026-08-22T06:29:35,114.46,49.71
2026-08-22T06:29:36,114.98,50.22
2026-08-22T06:29:37,114.55,49.79
2026-08-22T06:29:38,114.72,49.97
2026-08-22T06:29:39,114.64,49.88
2026-08-22T06:29:40,114.5,49.75
2026-08-22T06:29:41,114.12,49.37
2026-08-22T06:29:42,114.99,50.24
2026-08-22T06:29:43,114.54,49.79
2026-08-22T06:29:44,114.93,50.17
2026-08-22T06:29:45,115.86,51.09
2026-08-22T06:29:46,117.53,52.74
2026-08-22T06:29:47,120.11,55.28
2026-08-22T06:29:48,123.83,58.94
2026-08-22T06:29:49,126.21,61.3
2026-08-22T06:29:50,127.66,62.73
2026-08-22T06:29:51,127.83,62.89
2026-08-22T06:29:52,124.58,59.68
2026-08-22T06:29:53,120.74,55.9
2026-08-22T06:29:54,119.5,54.68
2026-08-22T06:29:55,119.01,54.19
2026-08-22T06:29:56,121.36,56.52
2026-08-22T06:29:57,124.63,59.74
2026-08-22T06:29:58,125.93,61.02
2026-08-22T06:29:59,126.64,61.72
2026-08-22T06:30:00,128.03,63.08
