timestamp,apparent_db,calibrated_db_a
2026-08-23T00:00:05,143.35,78.19
2026-08-23T00:00:06,111.04,46.33
2026-08-23T00:00:07,111.11,46.41
2026-08-23T00:00:08,111.28,46.57
2026-08-23T00:00:09,110.95,46.25
2026-08-23T00:00:10,111.2,46.5
2026-08-23T00:00:11,111.21,46.5
2026-08-23T00:00:12,111.34,46.63
2026-08-23T00:00:13,111.46,46.75
2026-08-23T00:00:14,111.62,46.91
2026-08-23T00:00:15,111.89,47.18
2026-08-23T00:00:16,112.19,47.48
2026-08-23T00:00:17,111.14,46.44
2026-08-23T00:00:18,111.63,46.92
2026-08-23T00:00:19,111.61,46.9
2026-08-23T00:00:20,112.54,47.81
2026-08-23T00:00:21,112.19,47.47
2026-08-23T00:00:22,111.19,46.49
2026-08-23T00:00:23,111.15,46.44
2026-08-23T00:00:24,111.13,46.43
2026-08-23T00:00:25,111.77,47.06
2026-08-23T00:00:26,110.76,46.06
2026-08-23T00:00:27,111.27,46.56
2026-08-23T00:00:28,111.57,46.86
2026-08-23T00:00:29,111.77,47.05
2026-08-23T00:00:30,112.07,47.36
2026-08-23T00:00:31,113.24,48.51
2026-08-23T00:00:32,113.33,48.6
2026-08-23T00:00:33,112.35,47.63
2026-08-23T00:00:34,112.8,48.07
2026-08-23T00:00:35,113.31,48.58
2026-08-23T00:00:36,112.56,47.84
2026-08-23T00:00:37,111.93,47.22
2026-08-23T00:00:38,112.37,47.65
2026-08-23T00:00:39,112.69,47.96
2026-08-23T00:00:40,112.97,48.24
2026-08-23T00:00:41,112.69,47.96
2026-08-23T00:00:42,113.3,48.57
2026-08-23T00:00:43,113.26,48.53
2026-08-23T00:00:44,113.19,48.46
2026-08-23T00:00:45,113.58,48.84
2026-08-23T00:00:46,113.13,48.4
2026-08-23T00:00:47,112.83,48.1
2026-08-23T00:00:48,113.84,49.1
2026-08-23T00:00:49,114.21,49.46
2026-08-23T00:00:50,114.78,50.02
2026-08-23T00:00:51,115.29,50.53
2026-08-23T00:00:52,115.75,50.98
2026-08-23T00:00:53,115.02,50.26
2026-08-23T00:00:54,115.27,50.51
2026-08-23T00:00:55,115.96,51.19
2026-08-23T00:00:56,119.98,55.16
2026-08-23T00:00:57,122.1,57.24
2026-08-23T00:00:58,122.93,58.06
2026-08-23T00:00:59,122.88,58.01
2026-08-23T00:01:00,124.08,59.2
2026-08-23T00:01:01,123.91,59.03
2026-08-23T00:01:02,121.26,56.41
2026-08-23T00:01:03,118.98,54.16
2026-08-23T00:01:04,117.85,53.05
2026-08-23T00:01:05,117.46,52.66
2026-08-23T00:01:06,115.79,51.02
2026-08-23T00:01:07,115.8,51.03
2026-08-23T00:01:08,114.91,50.15
2026-08-23T00:01:09,114.83,50.08
2026-08-23T00:01:10,115.34,50.58
2026-08-23T00:01:11,113.71,48.97
2026-08-23T00:01:12,113.1,48.37
2026-08-23T00:01:13,112.28,47.56
2026-08-23T00:01:14,112.85,48.12
2026-08-23T00:01:15,113.06,48.33
2026-08-23T00:01:16,113.27,48.54
2026-08-23T00:01:17,112.78,48.06
2026-08-23T00:01:18,112.31,47.59
2026-08-23T00:01:19,113.48,48.74
2026-08-23T00:01:20,114.61,49.85
2026-08-23T00:01:21,117.13,52.34
2026-08-23T00:01:22,118.81,54.0
2026-08-23T00:01:23,119.36,54.54
2026-08-23T00:01:24,121.99,57.13
2026-08-23T00:01:25,119.61,54.78
2026-08-23T00:01:26,120.25,55.42
2026-08-23T00:01:27,120.3,55.46
2026-08-23T00:01:28,119.31,54.49
2026-08-23T00:01:29,118.77,53.96
2026-08-23T00:01:30,118.98,54.16
2026-08-23T00:01:31,121.18,56.33
2026-08-23T00:01:32,123.25,58.38
2026-08-23T00:01:33,125.66,60.75
2026-08-23T00:01:34,126.32,61.4
2026-08-23T00:01:35,126.35,61.43
2026-08-23T00:01:36,125.06,60.16
2026-08-23T00:01:37,122.74,57.88
2026-08-23T00:01:38,120.21,55.38
2026-08-23T00:01:39,118.73,53.92
2026-08-23T00:01:40,117.16,52.37
2026-08-23T00:01:41,116.79,52.01
2026-08-23T00:01:42,116.21,51.43
2026-08-23T00:01:43,114.99,50.23
2026-08-23T00:01:44,113.86,49.12
2026-08-23T00:01:45,112.6,47.88
2026-08-23T00:01:46,112.29,47.57
2026-08-23T00:01:47,111.47,46.76
2026-08-23T00:01:48,111.49,46.78
2026-08-23T00:01:49,111.95,47.24
2026-08-23T00:01:50,129.4,64.44
2026-08-23T00:01:51,126.62,61.7
2026-08-23T00:01:52,111.14,46.44
2026-08-23T00:01:53,110.99,46.29
2026-08-23T00:01:54,110.73,46.04
2026-08-23T00:01:55,110.99,46.29
2026-08-23T00:01:56,111.28,46.57
2026-08-23T00:01:57,111.26,46.56
2026-08-23T00:01:58,111.91,47.2
2026-08-23T00:01:59,111.63,46.92
2026-08-23T00:02:00,111.78,47.06
2026-08-23T00:02:01,112.82,48.09
2026-08-23T00:02:02,112.17,47.45
2026-08-23T00:02:03,111.01,46.31
2026-08-23T00:02:04,111.01,46.31
2026-08-23T00:02:05,110.75,46.06
2026-08-23T00:02:06,116.24,51.47
2026-08-23T00:02:07,111.54,46.83
2026-08-23T00:02:08,111.74,47.03
2026-08-23T00:02:09,112.68,47.95
2026-08-23T00:02:10,112.79,48.07
2026-08-23T00:02:11,114.33,49.58
2026-08-23T00:02:12,117.66,52.86
2026-08-23T00:02:13,121.34,56.49
2026-08-23T00:02:14,122.91,58.04
2026-08-23T00:02:15,123.25,58.38
2026-08-23T00:02:16,123.4,58.53
2026-08-23T00:02:17,122.02,57.16
2026-08-23T00:02:18,118.66,53.85
2026-08-23T00:02:19,116.11,51.33
2026-08-23T00:02:20,115.35,50.58
2026-08-23T00:02:21,114.65,49.9
2026-08-23T00:02:22,114.46,49.71
2026-08-23T00:02:23,114.14,49.39
2026-08-23T00:02:24,112.91,48.18
2026-08-23T00:02:25,113.01,48.28
2026-08-23T00:02:26,111.92,47.2
2026-08-23T00:02:27,111.65,46.94
2026-08-23T00:02:28,111.17,46.47
2026-08-23T00:02:29,112.47,47.75
2026-08-23T00:02:30,111.18,46.48
2026-08-23T00:02:31,111.28,46.58
2026-08-23T00:02:32,111.24,46.54
2026-08-23T00:02:33,112.16,47.44
2026-08-23T00:02:34,111.69,46.98
2026-08-23T00:02:35,112.83,48.11
2026-08-23T00:02:36,112.47,47.75
2026-08-23T00:02:37,111.51,46.81
2026-08-23T00:02:38,110.99,46.29
2026-08-23T00:02:39,110.74,46.04
2026-08-23T00:02:40,110.08,45.4
2026-08-23T00:02:41,110.4,45.71
2026-08-23T00:02:42,111.14,46.44
2026-08-23T00:02:43,113.24,48.51
2026-08-23T00:02:44,111.46,46.75
2026-08-23T00:02:45,110.74,46.04
2026-08-23T00:02:46,110.14,45.45
2026-08-23T00:02:47,110.05,45.36
2026-08-23T00:02:48,110.11,45.43
2026-08-23T00:02:49,110.45,45.75
2026-08-23T00:02:50,112.07,47.36
2026-08-23T00:02:51,114.56,49.81
2026-08-23T00:02:52,111.0,46.3
2026-08-23T00:02:53,110.2,45.51
2026-08-23T00:02:54,110.07,45.38
2026-08-23T00:02:55,110.13,45.45
2026-08-23T00:02:56,110.78,46.08
2026-08-23T00:02:57,111.45,46.74
2026-08-23T00:02:58,111.22,46.52
2026-08-23T00:02:59,113.88,49.14
2026-08-23T00:03:00,110.32,45.63
2026-08-23T00:03:01,110.2,45.51
2026-08-23T00:03:02,109.78,45.1
2026-08-23T00:03:03,110.26,45.57
2026-08-23T00:03:04,112.43,47.71
2026-08-23T00:03:05,111.58,46.87
2026-08-23T00:03:06,111.05,46.35
2026-08-23T00:03:07,111.28,46.58
2026-08-23T00:03:08,110.47,45.78
2026-08-23T00:03:09,110.18,45.5
2026-08-23T00:03:10,110.38,45.68
2026-08-23T00:03:11,110.49,45.8
2026-08-23T00:03:12,110.73,46.03
2026-08-23T00:03:13,110.03,45.35
2026-08-23T00:03:14,109.93,45.24
2026-08-23T00:03:15,110.03,45.34
2026-08-23T00:03:16,109.27,44.59
2026-08-23T00:03:17,110.1,45.41
2026-08-23T00:03:18,110.33,45.64
2026-08-23T00:03:19,110.57,45.87
2026-08-23T00:03:20,110.36,45.67
2026-08-23T00:03:21,110.51,45.81
2026-08-23T00:03:22,110.35,45.66
2026-08-23T00:03:23,109.97,45.28
2026-08-23T00:03:24,109.85,45.16
2026-08-23T00:03:25,109.97,45.29
2026-08-23T00:03:26,110.39,45.7
2026-08-23T00:03:27,110.34,45.64
2026-08-23T00:03:28,110.43,45.74
2026-08-23T00:03:29,110.4,45.71
2026-08-23T00:03:30,110.04,45.35
2026-08-23T00:03:31,109.66,44.98
2026-08-23T00:03:32,109.58,44.9
2026-08-23T00:03:33,110.15,45.46
2026-08-23T00:03:34,110.15,45.46
2026-08-23T00:03:35,110.7,46.01
2026-08-23T00:03:36,111.09,46.38
2026-08-23T00:03:37,110.88,46.18
2026-08-23T00:03:38,110.62,45.93
2026-08-23T00:03:39,113.42,48.69
2026-08-23T00:03:40,115.03,50.27
2026-08-23T00:03:41,112.4,47.68
2026-08-23T00:03:42,110.92,46.22
2026-08-23T00:03:43,110.82,46.12
2026-08-23T00:03:44,110.36,45.67
2026-08-23T00:03:45,110.53,45.83
2026-08-23T00:03:46,110.05,45.36
2026-08-23T00:03:47,110.34,45.65
2026-08-23T00:03:48,110.17,45.48
2026-08-23T00:03:49,110.55,45.86
2026-08-23T00:03:50,110.19,45.5
2026-08-23T00:03:51,110.05,45.36
2026-08-23T00:03:52,110.07,45.38
2026-08-23T00:03:53,110.88,46.18
2026-08-23T00:03:54,110.84,46.14
2026-08-23T00:03:55,110.6,45.9
2026-08-23T00:03:56,110.35,45.66
2026-08-23T00:03:57,110.45,45.76
2026-08-23T00:03:58,110.57,45.88
2026-08-23T00:03:59,111.5,46.79
2026-08-23T00:04:00,112.78,48.05
2026-08-23T00:04:01,113.97,49.22
2026-08-23T00:04:02,115.12,50.36
2026-08-23T00:04:03,116.19,51.42
2026-08-23T00:04:04,118.14,53.34
2026-08-23T00:04:05,123.22,58.35
2026-08-23T00:04:06,125.81,60.9
2026-08-23T00:04:07,128.73,63.77
2026-08-23T00:04:08,129.99,65.02
2026-08-23T00:04:09,129.34,64.38
2026-08-23T00:04:10,126.28,61.36
2026-08-23T00:04:11,122.47,57.6
2026-08-23T00:04:12,120.41,55.57
2026-08-23T00:04:13,118.81,54.0
2026-08-23T00:04:14,118.64,53.83
2026-08-23T00:04:15,117.3,52.51
2026-08-23T00:04:16,115.81,51.04
2026-08-23T00:04:17,113.88,49.14
2026-08-23T00:04:18,112.8,48.07
2026-08-23T00:04:19,112.3,47.58
2026-08-23T00:04:20,111.22,46.52
2026-08-23T00:04:21,111.55,46.84
2026-08-23T00:04:22,110.55,45.86
2026-08-23T00:04:23,110.85,46.15
2026-08-23T00:04:24,110.49,45.8
2026-08-23T00:04:25,110.06,45.37
2026-08-23T00:04:26,110.0,45.31
2026-08-23T00:04:27,110.39,45.7
2026-08-23T00:04:28,110.3,45.61
2026-08-23T00:04:29,110.19,45.5
2026-08-23T00:04:30,109.94,45.25
2026-08-23T00:04:31,110.04,45.35
2026-08-23T00:04:32,110.16,45.47
2026-08-23T00:04:33,110.18,45.49
2026-08-23T00:04:34,109.74,45.05
2026-08-23T00:04:35,110.07,45.39
2026-08-23T00:04:36,110.43,45.74
2026-08-23T00:04:37,110.07,45.38
2026-08-23T00:04:38,109.58,44.9
2026-08-23T00:04:39,110.02,45.34
2026-08-23T00:04:40,109.17,44.49
2026-08-23T00:04:41,109.44,44.76
2026-08-23T00:04:42,109.6,44.92
2026-08-23T00:04:43,109.04,44.37
2026-08-23T00:04:44,109.18,44.5
2026-08-23T00:04:45,109.42,44.74
2026-08-23T00:04:46,109.59,44.91
2026-08-23T00:04:47,109.53,44.85
2026-08-23T00:04:48,109.52,44.84
2026-08-23T00:04:49,109.42,44.75
2026-08-23T00:04:50,109.87,45.19
2026-08-23T00:04:51,109.61,44.93
2026-08-23T00:04:52,109.83,45.14
2026-08-23T00:04:53,109.85,45.17
2026-08-23T00:04:54,110.47,45.77
2026-08-23T00:04:55,110.18,45.49
2026-08-23T00:04:56,109.99,45.3
2026-08-23T00:04:57,110.13,45.44
2026-08-23T00:04:58,110.02,45.33
2026-08-23T00:04:59,110.3,45.61
2026-08-23T00:05:00,109.81,45.13
2026-08-23T00:05:01,109.52,44.84
2026-08-23T00:05:02,109.56,44.88
2026-08-23T00:05:03,109.4,44.72
2026-08-23T00:05:04,109.99,45.31
2026-08-23T00:05:05,109.9,45.21
2026-08-23T00:05:06,109.76,45.08
2026-08-23T00:05:07,110.09,45.4
2026-08-23T00:05:08,109.54,44.86
2026-08-23T00:05:09,109.79,45.11
2026-08-23T00:05:10,109.79,45.11
2026-08-23T00:05:11,109.46,44.78
2026-08-23T00:05:12,109.87,45.18
2026-08-23T00:05:13,109.73,45.04
2026-08-23T00:05:14,110.28,45.58
2026-08-23T00:05:15,110.24,45.55
2026-08-23T00:05:16,111.41,46.7
2026-08-23T00:05:17,110.91,46.21
2026-08-23T00:05:18,110.27,45.58
2026-08-23T00:05:19,110.32,45.63
2026-08-23T00:05:20,110.29,45.6
2026-08-23T00:05:21,110.51,45.82
2026-08-23T00:05:22,110.04,45.36
2026-08-23T00:05:23,110.72,46.02
2026-08-23T00:05:24,110.41,45.72
2026-08-23T00:05:25,110.41,45.72
2026-08-23T00:05:26,110.4,45.7
2026-08-23T00:05:27,109.85,45.16
2026-08-23T00:05:28,110.43,45.74
2026-08-23T00:05:29,110.53,45.83
2026-08-23T00:05:30,110.57,45.87
2026-08-23T00:05:31,110.27,45.58
2026-08-23T00:05:32,109.83,45.15
2026-08-23T00:05:33,109.56,44.88
2026-08-23T00:05:34,109.71,45.03
2026-08-23T00:05:35,110.16,45.47
2026-08-23T00:05:36,110.28,45.59
2026-08-23T00:05:37,110.93,46.23
2026-08-23T00:05:38,112.19,47.47
2026-08-23T00:05:39,112.85,48.12
2026-08-23T00:05:40,112.4,47.67
2026-08-23T00:05:41,113.74,49.0
2026-08-23T00:05:42,114.13,49.39
2026-08-23T00:05:43,117.2,52.41
2026-08-23T00:05:44,120.16,55.33
2026-08-23T00:05:45,122.16,57.3
2026-08-23T00:05:46,122.92,58.05
2026-08-23T00:05:47,123.05,58.18
2026-08-23T00:05:48,123.38,58.5
2026-08-23T00:05:49,122.31,57.44
2026-08-23T00:05:50,120.5,55.67
2026-08-23T00:05:51,117.68,52.88
2026-08-23T00:05:52,116.49,51.72
2026-08-23T00:05:53,115.61,50.84
2026-08-23T00:05:54,115.46,50.7
2026-08-23T00:05:55,115.34,50.58
2026-08-23T00:05:56,115.66,50.89
2026-08-23T00:05:57,118.19,53.38
2026-08-23T00:05:58,120.26,55.43
2026-08-23T00:05:59,121.84,56.99
2026-08-23T00:06:00,125.56,60.65
2026-08-23T00:06:01,128.07,63.13
2026-08-23T00:06:02,129.86,64.9
2026-08-23T00:06:03,124.63,59.74
2026-08-23T00:06:04,120.5,55.66
2026-08-23T00:06:05,117.43,52.64
2026-08-23T00:06:06,114.62,49.87
2026-08-23T00:06:07,112.74,48.02
2026-08-23T00:06:08,111.88,47.16
2026-08-23T00:06:09,112.73,48.01
2026-08-23T00:06:10,111.7,46.99
2026-08-23T00:06:11,110.45,45.76
2026-08-23T00:06:12,110.22,45.53
2026-08-23T00:06:13,109.94,45.25
2026-08-23T00:06:14,110.01,45.33
2026-08-23T00:06:15,109.65,44.96
2026-08-23T00:06:16,109.58,44.9
2026-08-23T00:06:17,109.81,45.13
2026-08-23T00:06:18,109.92,45.23
2026-08-23T00:06:19,110.06,45.37
2026-08-23T00:06:20,110.15,45.46
2026-08-23T00:06:21,109.97,45.28
2026-08-23T00:06:22,109.82,45.14
2026-08-23T00:06:23,110.05,45.36
2026-08-23T00:06:24,109.8,45.12
2026-08-23T00:06:25,109.74,45.06
2026-08-23T00:06:26,110.39,45.69
2026-08-23T00:06:27,109.53,44.85
2026-08-23T00:06:28,109.67,44.99
2026-08-23T00:06:29,110.0,45.32
2026-08-23T00:06:30,110.15,45.46
2026-08-23T00:06:31,109.92,45.24
2026-08-23T00:06:32,109.85,45.16
2026-08-23T00:06:33,110.21,45.52
2026-08-23T00:06:34,110.21,45.52
2026-08-23T00:06:35,109.87,45.19
2026-08-23T00:06:36,110.0,45.31
2026-08-23T00:06:37,110.86,46.16
2026-08-23T00:06:38,112.03,47.31
2026-08-23T00:06:39,113.17,48.44
2026-08-23T00:06:40,114.49,49.74
2026-08-23T00:06:41,114.19,49.45
2026-08-23T00:06:42,116.28,51.51
2026-08-23T00:06:43,119.76,54.93
2026-08-23T00:06:44,123.42,58.54
2026-08-23T00:06:45,125.3,60.39
2026-08-23T00:06:46,126.91,61.99
2026-08-23T00:06:47,125.98,61.07
2026-08-23T00:06:48,123.5,58.62
2026-08-23T00:06:49,119.02,54.21
2026-08-23T00:06:50,117.83,53.03
2026-08-23T00:06:51,116.3,51.52
2026-08-23T00:06:52,116.1,51.33
2026-08-23T00:06:53,114.42,49.67
2026-08-23T00:06:54,114.55,49.8
2026-08-23T00:06:55,113.49,48.76
2026-08-23T00:06:56,113.72,48.98
2026-08-23T00:06:57,114.3,49.55
2026-08-23T00:06:58,113.95,49.21
2026-08-23T00:06:59,113.54,48.8
2026-08-23T00:07:00,114.64,49.89
2026-08-23T00:07:01,115.92,51.15
2026-08-23T00:07:02,115.71,50.94
2026-08-23T00:07:03,115.07,50.31
2026-08-23T00:07:04,114.24,49.49
2026-08-23T00:07:05,115.47,50.71
2026-08-23T00:07:06,115.01,50.25
2026-08-23T00:07:07,114.71,49.96
2026-08-23T00:07:08,115.98,51.21
2026-08-23T00:07:09,116.46,51.68
2026-08-23T00:07:10,117.26,52.47
2026-08-23T00:07:11,116.7,51.91
2026-08-23T00:07:12,116.72,51.94
2026-08-23T00:07:13,118.28,53.48
2026-08-23T00:07:14,119.24,54.43
2026-08-23T00:07:15,117.95,53.15
2026-08-23T00:07:16,117.66,52.86
2026-08-23T00:07:17,117.74,52.95
2026-08-23T00:07:18,117.67,52.88
2026-08-23T00:07:19,117.41,52.61
2026-08-23T00:07:20,117.65,52.85
2026-08-23T00:07:21,118.41,53.61
2026-08-23T00:07:22,117.04,52.25
2026-08-23T00:07:23,117.43,52.64
2026-08-23T00:07:24,116.11,51.34
2026-08-23T00:07:25,112.71,47.99
2026-08-23T00:07:26,112.58,47.85
2026-08-23T00:07:27,113.68,48.94
2026-08-23T00:07:28,116.48,51.7
2026-08-23T00:07:29,115.38,50.62
2026-08-23T00:07:30,113.32,48.59
2026-08-23T00:07:31,113.38,48.65
2026-08-23T00:07:32,112.86,48.14
2026-08-23T00:07:33,113.81,49.07
2026-08-23T00:07:34,113.12,48.39
2026-08-23T00:07:35,111.55,46.84
2026-08-23T00:07:36,111.14,46.44
2026-08-23T00:07:37,111.44,46.73
2026-08-23T00:07:38,111.31,46.6
2026-08-23T00:07:39,111.57,46.86
2026-08-23T00:07:40,111.69,46.98
2026-08-23T00:07:41,112.22,47.5
2026-08-23T00:07:42,110.32,45.63
2026-08-23T00:07:43,110.74,46.04
2026-08-23T00:07:44,110.73,46.03
2026-08-23T00:07:45,110.04,45.35
2026-08-23T00:07:46,110.86,46.16
2026-08-23T00:07:47,110.53,45.84
2026-08-23T00:07:48,110.73,46.04
2026-08-23T00:07:49,110.67,45.98
2026-08-23T00:07:50,111.88,47.17
2026-08-23T00:07:51,111.26,46.55
2026-08-23T00:07:52,110.14,45.45
2026-08-23T00:07:53,110.24,45.55
2026-08-23T00:07:54,110.78,46.08
2026-08-23T00:07:55,110.35,45.66
2026-08-23T00:07:56,110.46,45.77
2026-08-23T00:07:57,110.88,46.18
2026-08-23T00:07:58,110.25,45.56
2026-08-23T00:07:59,110.93,46.23
2026-08-23T00:08:00,111.41,46.7
2026-08-23T00:08:01,111.72,47.01
2026-08-23T00:08:02,112.09,47.37
2026-08-23T00:08:03,112.89,48.17
2026-08-23T00:08:04,114.39,49.64
2026-08-23T00:08:05,116.04,51.27
2026-08-23T00:08:06,117.67,52.88
2026-08-23T00:08:07,120.53,55.7
2026-08-23T00:08:08,121.79,56.93
2026-08-23T00:08:09,124.87,59.97
2026-08-23T00:08:10,125.99,61.07
2026-08-23T00:08:11,129.57,64.61
2026-08-23T00:08:12,125.98,61.07
2026-08-23T00:08:13,125.67,60.76
2026-08-23T00:08:14,124.32,59.43
2026-08-23T00:08:15,126.46,61.54
2026-08-23T00:08:16,122.2,57.34
2026-08-23T00:08:17,120.04,55.21
2026-08-23T00:08:18,119.85,55.02
2026-08-23T00:08:19,122.52,57.66
2026-08-23T00:08:20,126.65,61.73
2026-08-23T00:08:21,130.62,65.64
2026-08-23T00:08:22,137.54,72.47
2026-08-23T00:08:23,140.99,75.86
2026-08-23T00:08:24,140.07,74.96
2026-08-23T00:08:25,133.41,68.39
2026-08-23T00:08:26,129.19,64.23
2026-08-23T00:08:27,128.36,63.41
2026-08-23T00:08:28,127.78,62.84
2026-08-23T00:08:29,129.47,64.51
2026-08-23T00:08:30,126.94,62.01
2026-08-23T00:08:31,121.52,56.67
2026-08-23T00:08:32,117.8,53.0
2026-08-23T00:08:33,117.66,52.86
2026-08-23T00:08:34,115.31,50.55
2026-08-23T00:08:35,113.61,48.88
2026-08-23T00:08:36,113.05,48.32
2026-08-23T00:08:37,111.19,46.48
2026-08-23T00:08:38,111.5,46.79
2026-08-23T00:08:39,112.46,47.74
2026-08-23T00:08:40,111.39,46.68
2026-08-23T00:08:41,109.31,44.64
2026-08-23T00:08:42,109.5,44.82
2026-08-23T00:08:43,110.33,45.64
2026-08-23T00:08:44,110.28,45.59
2026-08-23T00:08:45,110.83,46.13
2026-08-23T00:08:46,110.39,45.69
2026-08-23T00:08:47,109.37,44.69
2026-08-23T00:08:48,109.78,45.1
2026-08-23T00:08:49,109.55,44.87
2026-08-23T00:08:50,109.28,44.6
2026-08-23T00:08:51,109.64,44.96
2026-08-23T00:08:52,109.89,45.2
2026-08-23T00:08:53,109.17,44.5
2026-08-23T00:08:54,109.62,44.94
2026-08-23T00:08:55,109.53,44.85
2026-08-23T00:08:56,109.28,44.6
2026-08-23T00:08:57,109.62,44.94
2026-08-23T00:08:58,109.71,45.02
2026-08-23T00:08:59,109.32,44.64
2026-08-23T00:09:00,109.46,44.78
2026-08-23T00:09:01,109.7,45.02
2026-08-23T00:09:02,109.43,44.75
2026-08-23T00:09:03,109.39,44.71
2026-08-23T00:09:04,109.39,44.71
2026-08-23T00:09:05,110.77,46.07
2026-08-23T00:09:06,109.61,44.92
2026-08-23T00:09:07,109.81,45.12
2026-08-23T00:09:08,109.32,44.65
2026-08-23T00:09:09,109.41,44.74
2026-08-23T00:09:10,109.66,44.98
2026-08-23T00:09:11,109.67,44.99
2026-08-23T00:09:12,109.62,44.94
2026-08-23T00:09:13,109.57,44.88
2026-08-23T00:09:14,109.7,45.01
2026-08-23T00:09:15,109.77,45.09
2026-08-23T00:09:16,109.07,44.39
2026-08-23T00:09:17,109.33,44.65
2026-08-23T00:09:18,109.63,44.95
2026-08-23T00:09:19,109.23,44.56
2026-08-23T00:09:20,110.52,45.82
2026-08-23T00:09:21,109.62,44.94
2026-08-23T00:09:22,109.68,45.0
2026-08-23T00:09:23,110.01,45.32
2026-08-23T00:09:24,109.7,45.02
2026-08-23T00:09:25,109.8,45.11
2026-08-23T00:09:26,109.64,44.96
2026-08-23T00:09:27,109.9,45.21
2026-08-23T00:09:28,109.5,44.82
2026-08-23T00:09:29,109.24,44.56
2026-08-23T00:09:30,109.5,44.82
2026-08-23T00:09:31,108.99,44.31
2026-08-23T00:09:32,109.49,44.81
2026-08-23T00:09:33,109.82,45.13
2026-08-23T00:09:34,109.43,44.75
2026-08-23T00:09:35,109.11,44.44
2026-08-23T00:09:36,109.83,45.15
2026-08-23T00:09:37,110.02,45.33
2026-08-23T00:09:38,109.76,45.08
2026-08-23T00:09:39,109.95,45.27
2026-08-23T00:09:40,109.46,44.78
2026-08-23T00:09:41,109.52,44.84
2026-08-23T00:09:42,109.54,44.86
2026-08-23T00:09:43,109.92,45.23
2026-08-23T00:09:44,109.93,45.24
2026-08-23T00:09:45,109.75,45.07
2026-08-23T00:09:46,109.78,45.1
2026-08-23T00:09:47,110.26,45.57
2026-08-23T00:09:48,110.19,45.5
2026-08-23T00:09:49,110.23,45.54
2026-08-23T00:09:50,110.33,45.63
2026-08-23T00:09:51,110.63,45.94
2026-08-23T00:09:52,110.25,45.56
2026-08-23T00:09:53,110.42,45.73
2026-08-23T00:09:54,110.38,45.69
2026-08-23T00:09:55,110.86,46.16
2026-08-23T00:09:56,111.27,46.56
2026-08-23T00:09:57,112.08,47.36
2026-08-23T00:09:58,113.6,48.87
2026-08-23T00:09:59,115.01,50.25
2026-08-23T00:10:00,117.26,52.47
2026-08-23T00:10:01,120.95,56.11
2026-08-23T00:10:02,122.66,57.79
2026-08-23T00:10:03,126.73,61.81
2026-08-23T00:10:04,128.16,63.22
2026-08-23T00:10:05,125.56,60.66
2026-08-23T00:10:06,120.14,55.31
2026-08-23T00:10:07,116.07,51.3
2026-08-23T00:10:08,113.94,49.2
2026-08-23T00:10:09,112.64,47.91
2026-08-23T00:10:10,112.04,47.32
2026-08-23T00:10:11,111.93,47.21
2026-08-23T00:10:12,111.06,46.36
2026-08-23T00:10:13,110.92,46.22
2026-08-23T00:10:14,111.28,46.57
2026-08-23T00:10:15,111.01,46.31
2026-08-23T00:10:16,111.14,46.44
2026-08-23T00:10:17,110.63,45.94
2026-08-23T00:10:18,110.69,45.99
2026-08-23T00:10:19,110.19,45.5
2026-08-23T00:10:20,110.34,45.65
2026-08-23T00:10:21,111.05,46.35
2026-08-23T00:10:22,110.72,46.02
2026-08-23T00:10:23,110.91,46.21
2026-08-23T00:10:24,111.31,46.61
2026-08-23T00:10:25,111.08,46.38
2026-08-23T00:10:26,111.13,46.43
2026-08-23T00:10:27,111.63,46.92
2026-08-23T00:10:28,111.05,46.35
2026-08-23T00:10:29,110.84,46.14
2026-08-23T00:10:30,111.07,46.36
2026-08-23T00:10:31,111.71,47.0
2026-08-23T00:10:32,111.21,46.51
2026-08-23T00:10:33,110.88,46.18
2026-08-23T00:10:34,110.89,46.19
2026-08-23T00:10:35,110.76,46.06
2026-08-23T00:10:36,110.62,45.93
2026-08-23T00:10:37,112.16,47.44
2026-08-23T00:10:38,110.92,46.22
2026-08-23T00:10:39,111.26,46.55
2026-08-23T00:10:40,111.55,46.84
2026-08-23T00:10:41,111.5,46.79
2026-08-23T00:10:42,111.02,46.32
2026-08-23T00:10:43,110.49,45.79
2026-08-23T00:10:44,110.82,46.12
2026-08-23T00:10:45,110.73,46.04
2026-08-23T00:10:46,110.63,45.93
2026-08-23T00:10:47,110.57,45.87
2026-08-23T00:10:48,110.48,45.79
2026-08-23T00:10:49,110.86,46.16
2026-08-23T00:10:50,110.8,46.1
2026-08-23T00:10:51,111.31,46.61
2026-08-23T00:10:52,111.22,46.51
2026-08-23T00:10:53,110.9,46.2
2026-08-23T00:10:54,110.56,45.87
2026-08-23T00:10:55,111.11,46.41
2026-08-23T00:10:56,112.31,47.59
2026-08-23T00:10:57,113.08,48.35
2026-08-23T00:10:58,113.23,48.49
2026-08-23T00:10:59,114.44,49.69
2026-08-23T00:11:00,115.41,50.64
2026-08-23T00:11:01,119.07,54.25
2026-08-23T00:11:02,121.21,56.37
2026-08-23T00:11:03,124.12,59.23
2026-08-23T00:11:04,125.58,60.67
2026-08-23T00:11:05,125.08,60.17
2026-08-23T00:11:06,124.14,59.25
2026-08-23T00:11:07,120.74,55.9
2026-08-23T00:11:08,118.81,54.0
2026-08-23T00:11:09,117.57,52.78
2026-08-23T00:11:10,116.05,51.27
2026-08-23T00:11:11,115.79,51.03
2026-08-23T00:11:12,115.0,50.24
2026-08-23T00:11:13,114.78,50.02
2026-08-23T00:11:14,113.25,48.52
2026-08-23T00:11:15,112.54,47.82
2026-08-23T00:11:16,112.08,47.37
2026-08-23T00:11:17,112.01,47.29
2026-08-23T00:11:18,111.82,47.11
2026-08-23T00:11:19,111.3,46.59
2026-08-23T00:11:20,111.7,46.99
2026-08-23T00:11:21,112.04,47.32
2026-08-23T00:11:22,111.72,47.01
2026-08-23T00:11:23,112.34,47.62
2026-08-23T00:11:24,111.33,46.62
2026-08-23T00:11:25,111.64,46.93
2026-08-23T00:11:26,111.33,46.62
2026-08-23T00:11:27,112.26,47.54
2026-08-23T00:11:28,111.26,46.56
2026-08-23T00:11:29,111.64,46.93
2026-08-23T00:11:30,111.98,47.27
2026-08-23T00:11:31,112.09,47.37
2026-08-23T00:11:32,112.12,47.4
2026-08-23T00:11:33,110.98,46.28
2026-08-23T00:11:34,111.09,46.38
2026-08-23T00:11:35,111.55,46.84
2026-08-23T00:11:36,111.68,46.97
2026-08-23T00:11:37,112.27,47.55
2026-08-23T00:11:38,113.05,48.32
2026-08-23T00:11:39,113.59,48.85
2026-08-23T00:11:40,114.56,49.8
2026-08-23T00:11:41,115.91,51.14
2026-08-23T00:11:42,117.57,52.78
2026-08-23T00:11:43,119.68,54.85
2026-08-23T00:11:44,121.51,56.66
2026-08-23T00:11:45,124.09,59.2
2026-08-23T00:11:46,127.62,62.68
2026-08-23T00:11:47,128.32,63.37
2026-08-23T00:11:48,129.99,65.02
2026-08-23T00:11:49,122.43,57.57
2026-08-23T00:11:50,118.77,53.96
2026-08-23T00:11:51,115.69,50.92
2026-08-23T00:11:52,113.55,48.81
2026-08-23T00:11:53,112.63,47.91
2026-08-23T00:11:54,113.0,48.27
2026-08-23T00:11:55,112.02,47.31
2026-08-23T00:11:56,111.45,46.74
2026-08-23T00:11:57,111.52,46.81
2026-08-23T00:11:58,111.65,46.94
2026-08-23T00:11:59,111.42,46.72
2026-08-23T00:12:00,111.06,46.36
2026-08-23T00:12:01,110.93,46.23
2026-08-23T00:12:02,110.94,46.24
2026-08-23T00:12:03,110.84,46.14
2026-08-23T00:12:04,110.89,46.19
2026-08-23T00:12:05,111.41,46.7
2026-08-23T00:12:06,111.07,46.37
2026-08-23T00:12:07,111.63,46.92
2026-08-23T00:12:08,111.5,46.79
2026-08-23T00:12:09,111.43,46.72
2026-08-23T00:12:10,110.94,46.24
2026-08-23T00:12:11,110.95,46.25
2026-08-23T00:12:12,110.71,46.01
2026-08-23T00:12:13,110.43,45.74
2026-08-23T00:12:14,110.86,46.16
2026-08-23T00:12:15,110.9,46.2
2026-08-23T00:12:16,111.15,46.45
2026-08-23T00:12:17,111.22,46.52
2026-08-23T00:12:18,110.79,46.09
2026-08-23T00:12:19,110.78,46.08
2026-08-23T00:12:20,111.24,46.54
2026-08-23T00:12:21,111.04,46.34
2026-08-23T00:12:22,110.6,45.9
2026-08-23T00:12:23,110.81,46.11
2026-08-23T00:12:24,111.18,46.48
2026-08-23T00:12:25,111.97,47.25
2026-08-23T00:12:26,111.55,46.84
2026-08-23T00:12:27,111.92,47.2
2026-08-23T00:12:28,111.65,46.94
2026-08-23T00:12:29,111.09,46.39
2026-08-23T00:12:30,111.06,46.36
2026-08-23T00:12:31,111.35,46.64
2026-08-23T00:12:32,111.79,47.07
2026-08-23T00:12:33,112.01,47.3
2026-08-23T00:12:34,112.39,47.67
2026-08-23T00:12:35,112.27,47.55
2026-08-23T00:12:36,113.15,48.41
2026-08-23T00:12:37,113.21,48.48
2026-08-23T00:12:38,113.28,48.54
2026-08-23T00:12:39,112.51,47.79
2026-08-23T00:12:40,111.93,47.22
2026-08-23T00:12:41,111.4,46.7
2026-08-23T00:12:42,111.08,46.38
2026-08-23T00:12:43,110.92,46.22
2026-08-23T00:12:44,111.51,46.8
2026-08-23T00:12:45,112.11,47.39
2026-08-23T00:12:46,111.74,47.03
2026-08-23T00:12:47,112.17,47.45
2026-08-23T00:12:48,111.69,46.98
2026-08-23T00:12:49,111.38,46.67
2026-08-23T00:12:50,112.73,48.01
2026-08-23T00:12:51,112.44,47.72
2026-08-23T00:12:52,112.45,47.72
2026-08-23T00:12:53,111.81,47.1
2026-08-23T00:12:54,112.23,47.51
2026-08-23T00:12:55,112.22,47.5
2026-08-23T00:12:56,112.31,47.6
2026-08-23T00:12:57,113.18,48.44
2026-08-23T00:12:58,112.51,47.79
2026-08-23T00:12:59,112.83,48.11
2026-08-23T00:13:00,113.26,48.52
2026-08-23T00:13:01,113.42,48.68
2026-08-23T00:13:02,113.64,48.9
2026-08-23T00:13:03,113.57,48.84
2026-08-23T00:13:04,113.59,48.85
2026-08-23T00:13:05,113.55,48.81
2026-08-23T00:13:06,113.93,49.19
2026-08-23T00:13:07,114.24,49.5
2026-08-23T00:13:08,113.22,48.49
2026-08-23T00:13:09,112.83,48.1
2026-08-23T00:13:10,114.15,49.41
2026-08-23T00:13:11,113.54,48.8
2026-08-23T00:13:12,112.27,47.55
2026-08-23T00:13:13,112.54,47.82
2026-08-23T00:13:14,113.85,49.1
2026-08-23T00:13:15,114.33,49.59
2026-08-23T00:13:16,116.5,51.72
2026-08-23T00:13:17,114.63,49.87
2026-08-23T00:13:18,118.36,53.56
2026-08-23T00:13:19,120.55,55.71
2026-08-23T00:13:20,120.35,55.51
2026-08-23T00:13:21,119.6,54.78
2026-08-23T00:13:22,118.14,53.33
2026-08-23T00:13:23,118.48,53.68
2026-08-23T00:13:24,116.84,52.05
2026-08-23T00:13:25,117.36,52.57
2026-08-23T00:13:26,116.79,52.01
2026-08-23T00:13:27,115.81,51.04
2026-08-23T00:13:28,117.79,52.99
2026-08-23T00:13:29,118.2,53.4
2026-08-23T00:13:30,116.28,51.51
2026-08-23T00:13:31,117.99,53.19
2026-08-23T00:13:32,115.57,50.81
2026-08-23T00:13:33,113.83,49.09
2026-08-23T00:13:34,114.31,49.56
2026-08-23T00:13:35,113.77,49.03
2026-08-23T00:13:36,113.35,48.62
2026-08-23T00:13:37,113.44,48.71
2026-08-23T00:13:38,113.2,48.47
2026-08-23T00:13:39,112.85,48.12
2026-08-23T00:13:40,111.76,47.05
2026-08-23T00:13:41,111.85,47.13
2026-08-23T00:13:42,112.32,47.6
2026-08-23T00:13:43,112.91,48.19
2026-08-23T00:13:44,112.76,48.04
2026-08-23T00:13:45,111.49,46.78
2026-08-23T00:13:46,111.21,46.51
2026-08-23T00:13:47,110.93,46.23
2026-08-23T00:13:48,111.02,46.32
2026-08-23T00:13:49,110.43,45.74
2026-08-23T00:13:50,110.57,45.87
2026-08-23T00:13:51,111.29,46.59
2026-08-23T00:13:52,111.15,46.45
2026-08-23T00:13:53,110.76,46.06
2026-08-23T00:13:54,111.26,46.56
2026-08-23T00:13:55,111.24,46.53
2026-08-23T00:13:56,111.96,47.24
2026-08-23T00:13:57,111.92,47.21
2026-08-23T00:13:58,113.11,48.38
2026-08-23T00:13:59,112.53,47.81
2026-08-23T00:14:00,111.85,47.14
2026-08-23T00:14:01,114.14,49.39
2026-08-23T00:14:02,115.36,50.6
2026-08-23T00:14:03,114.78,50.02
2026-08-23T00:14:04,113.71,48.97
2026-08-23T00:14:05,114.27,49.52
2026-08-23T00:14:06,115.75,50.99
2026-08-23T00:14:07,117.16,52.37
2026-08-23T00:14:08,118.38,53.58
2026-08-23T00:14:09,117.6,52.81
2026-08-23T00:14:10,113.72,48.99
2026-08-23T00:14:11,114.0,49.26
2026-08-23T00:14:12,113.33,48.6
2026-08-23T00:14:13,113.56,48.83
2026-08-23T00:14:14,113.1,48.37
2026-08-23T00:14:15,113.04,48.31
2026-08-23T00:14:16,112.88,48.15
2026-08-23T00:14:17,113.09,48.36
2026-08-23T00:14:18,112.72,48.0
2026-08-23T00:14:19,112.5,47.78
2026-08-23T00:14:20,112.07,47.35
2026-08-23T00:14:21,112.09,47.37
2026-08-23T00:14:22,111.7,46.99
2026-08-23T00:14:23,111.24,46.54
2026-08-23T00:14:24,111.59,46.88
2026-08-23T00:14:25,111.18,46.47
2026-08-23T00:14:26,110.9,46.2
2026-08-23T00:14:27,110.48,45.78
2026-08-23T00:14:28,110.94,46.24
2026-08-23T00:14:29,110.82,46.12
2026-08-23T00:14:30,110.8,46.11
2026-08-23T00:14:31,110.48,45.78
2026-08-23T00:14:32,110.9,46.2
2026-08-23T00:14:33,110.92,46.22
2026-08-23T00:14:34,110.86,46.16
2026-08-23T00:14:35,110.66,45.96
2026-08-23T00:14:36,111.15,46.44
2026-08-23T00:14:37,110.4,45.7
2026-08-23T00:14:38,110.81,46.11
2026-08-23T00:14:39,110.58,45.88
2026-08-23T00:14:40,110.8,46.1
2026-08-23T00:14:41,110.57,45.88
2026-08-23T00:14:42,110.53,45.84
2026-08-23T00:14:43,110.85,46.15
2026-08-23T00:14:44,111.05,46.34
2026-08-23T00:14:45,111.22,46.52
2026-08-23T00:14:46,110.93,46.23
2026-08-23T00:14:47,111.0,46.3
2026-08-23T00:14:48,110.64,45.94
2026-08-23T00:14:49,110.52,45.82
2026-08-23T00:14:50,110.63,45.93
2026-08-23T00:14:51,110.13,45.44
2026-08-23T00:14:52,110.74,46.05
2026-08-23T00:14:53,110.61,45.91
2026-08-23T00:14:54,110.42,45.73
2026-08-23T00:14:55,110.26,45.57
2026-08-23T00:14:56,110.42,45.73
2026-08-23T00:14:57,110.42,45.73
2026-08-23T00:14:58,110.37,45.68
2026-08-23T00:14:59,110.66,45.96
2026-08-23T00:15:00,110.57,45.87
2026-08-23T00:15:01,110.55,45.86
2026-08-23T00:15:02,110.32,45.63
2026-08-23T00:15:03,110.49,45.8
2026-08-23T00:15:04,110.3,45.6
2026-08-23T00:15:05,110.34,45.65
2026-08-23T00:15:06,109.87,45.19
2026-08-23T00:15:07,109.76,45.08
2026-08-23T00:15:08,110.06,45.37
2026-08-23T00:15:09,110.14,45.45
2026-08-23T00:15:10,110.07,45.38
2026-08-23T00:15:11,110.05,45.36
2026-08-23T00:15:12,110.3,45.61
2026-08-23T00:15:13,110.34,45.64
2026-08-23T00:15:14,111.62,46.91
2026-08-23T00:15:15,111.47,46.77
2026-08-23T00:15:16,110.53,45.83
2026-08-23T00:15:17,110.15,45.46
2026-08-23T00:15:18,110.26,45.57
2026-08-23T00:15:19,110.13,45.44
2026-08-23T00:15:20,110.51,45.81
2026-08-23T00:15:21,110.35,45.66
2026-08-23T00:15:22,109.78,45.09
2026-08-23T00:15:23,110.24,45.55
2026-08-23T00:15:24,110.39,45.7
2026-08-23T00:15:25,110.08,45.4
2026-08-23T00:15:26,109.93,45.25
2026-08-23T00:15:27,110.41,45.72
2026-08-23T00:15:28,109.68,45.0
2026-08-23T00:15:29,110.25,45.56
2026-08-23T00:15:30,109.8,45.11
2026-08-23T00:15:31,109.79,45.11
2026-08-23T00:15:32,109.7,45.02
2026-08-23T00:15:33,109.69,45.01
2026-08-23T00:15:34,109.75,45.07
2026-08-23T00:15:35,109.83,45.15
2026-08-23T00:15:36,109.89,45.2
2026-08-23T00:15:37,109.85,45.16
2026-08-23T00:15:38,109.9,45.22
2026-08-23T00:15:39,110.01,45.32
2026-08-23T00:15:40,110.22,45.53
2026-08-23T00:15:41,109.78,45.1
2026-08-23T00:15:42,109.98,45.29
2026-08-23T00:15:43,110.39,45.7
2026-08-23T00:15:44,110.07,45.39
2026-08-23T00:15:45,110.21,45.52
2026-08-23T00:15:46,110.06,45.38
2026-08-23T00:15:47,110.55,45.85
2026-08-23T00:15:48,110.27,45.58
2026-08-23T00:15:49,110.74,46.04
2026-08-23T00:15:50,110.58,45.89
2026-08-23T00:15:51,110.25,45.56
2026-08-23T00:15:52,110.33,45.64
2026-08-23T00:15:53,110.65,45.95
2026-08-23T00:15:54,110.81,46.11
2026-08-23T00:15:55,110.56,45.87
2026-08-23T00:15:56,110.66,45.96
2026-08-23T00:15:57,110.63,45.93
2026-08-23T00:15:58,110.64,45.94
2026-08-23T00:15:59,110.02,45.33
2026-08-23T00:16:00,110.17,45.49
2026-08-23T00:16:01,110.42,45.73
2026-08-23T00:16:02,110.49,45.79
2026-08-23T00:16:03,110.11,45.42
2026-08-23T00:16:04,110.46,45.77
2026-08-23T00:16:05,110.74,46.05
2026-08-23T00:16:06,110.33,45.64
2026-08-23T00:16:07,110.98,46.28
2026-08-23T00:16:08,110.24,45.55
2026-08-23T00:16:09,110.55,45.86
2026-08-23T00:16:10,110.51,45.82
2026-08-23T00:16:11,110.41,45.72
2026-08-23T00:16:12,110.27,45.58
2026-08-23T00:16:13,110.43,45.74
2026-08-23T00:16:14,110.25,45.56
2026-08-23T00:16:15,110.44,45.75
2026-08-23T00:16:16,110.15,45.46
2026-08-23T00:16:17,110.53,45.83
2026-08-23T00:16:18,110.41,45.71
2026-08-23T00:16:19,110.91,46.21
2026-08-23T00:16:20,110.5,45.81
2026-08-23T00:16:21,110.82,46.12
2026-08-23T00:16:22,110.72,46.02
2026-08-23T00:16:23,110.84,46.14
2026-08-23T00:16:24,110.88,46.18
2026-08-23T00:16:25,110.15,45.47
2026-08-23T00:16:26,110.39,45.7
2026-08-23T00:16:27,110.68,45.99
2026-08-23T00:16:28,111.16,46.46
2026-08-23T00:16:29,110.82,46.12
2026-08-23T00:16:30,110.38,45.69
2026-08-23T00:16:31,110.98,46.28
2026-08-23T00:16:32,110.34,45.65
2026-08-23T00:16:33,110.72,46.03
2026-08-23T00:16:34,110.68,45.99
2026-08-23T00:16:35,110.23,45.54
2026-08-23T00:16:36,110.29,45.6
2026-08-23T00:16:37,110.52,45.83
2026-08-23T00:16:38,110.34,45.65
2026-08-23T00:16:39,110.4,45.71
2026-08-23T00:16:40,110.16,45.47
2026-08-23T00:16:41,110.81,46.11
2026-08-23T00:16:42,110.03,45.34
2026-08-23T00:16:43,110.03,45.35
2026-08-23T00:16:44,110.22,45.53
2026-08-23T00:16:45,110.29,45.6
2026-08-23T00:16:46,110.67,45.97
2026-08-23T00:16:47,109.92,45.23
2026-08-23T00:16:48,110.38,45.69
2026-08-23T00:16:49,109.61,44.93
2026-08-23T00:16:50,109.87,45.18
2026-08-23T00:16:51,110.14,45.45
2026-08-23T00:16:52,110.48,45.79
2026-08-23T00:16:53,110.24,45.55
2026-08-23T00:16:54,110.38,45.69
2026-08-23T00:16:55,110.25,45.56
2026-08-23T00:16:56,110.96,46.26
2026-08-23T00:16:57,110.79,46.1
2026-08-23T00:16:58,110.46,45.77
2026-08-23T00:16:59,110.11,45.43
2026-08-23T00:17:00,110.88,46.18
2026-08-23T00:17:01,110.22,45.53
2026-08-23T00:17:02,110.87,46.17
2026-08-23T00:17:03,110.42,45.73
2026-08-23T00:17:04,110.23,45.54
2026-08-23T00:17:05,110.32,45.63
2026-08-23T00:17:06,110.37,45.67
2026-08-23T00:17:07,110.19,45.5
2026-08-23T00:17:08,110.43,45.74
2026-08-23T00:17:09,109.99,45.31
2026-08-23T00:17:10,110.26,45.57
2026-08-23T00:17:11,110.22,45.53
2026-08-23T00:17:12,111.08,46.38
2026-08-23T00:17:13,110.37,45.68
2026-08-23T00:17:14,110.52,45.83
2026-08-23T00:17:15,110.76,46.06
2026-08-23T00:17:16,110.67,45.97
2026-08-23T00:17:17,111.13,46.43
2026-08-23T00:17:18,111.34,46.64
2026-08-23T00:17:19,110.84,46.15
2026-08-23T00:17:20,110.82,46.13
2026-08-23T00:17:21,110.86,46.16
2026-08-23T00:17:22,110.34,45.65
2026-08-23T00:17:23,110.17,45.48
2026-08-23T00:17:24,110.34,45.64
2026-08-23T00:17:25,110.19,45.5
2026-08-23T00:17:26,109.57,44.89
2026-08-23T00:17:27,110.37,45.68
2026-08-23T00:17:28,110.31,45.62
2026-08-23T00:17:29,110.27,45.58
2026-08-23T00:17:30,110.59,45.89
2026-08-23T00:17:31,110.3,45.61
2026-08-23T00:17:32,110.52,45.82
2026-08-23T00:17:33,110.41,45.72
2026-08-23T00:17:34,110.81,46.11
2026-08-23T00:17:35,110.41,45.72
2026-08-23T00:17:36,110.44,45.75
2026-08-23T00:17:37,110.07,45.38
2026-08-23T00:17:38,110.59,45.89
2026-08-23T00:17:39,110.68,45.99
2026-08-23T00:17:40,110.81,46.11
2026-08-23T00:17:41,110.69,45.99
2026-08-23T00:17:42,110.78,46.09
2026-08-23T00:17:43,109.96,45.27
2026-08-23T00:17:44,110.36,45.67
2026-08-23T00:17:45,110.46,45.77
2026-08-23T00:17:46,110.46,45.76
2026-08-23T00:17:47,110.09,45.41
2026-08-23T00:17:48,110.06,45.37
2026-08-23T00:17:49,110.41,45.72
2026-08-23T00:17:50,110.0,45.32
2026-08-23T00:17:51,109.72,45.04
2026-08-23T00:17:52,110.21,45.52
2026-08-23T00:17:53,109.79,45.1
2026-08-23T00:17:54,110.18,45.49
2026-08-23T00:17:55,110.08,45.39
2026-08-23T00:17:56,110.4,45.71
2026-08-23T00:17:57,109.98,45.29
2026-08-23T00:17:58,110.53,45.83
2026-08-23T00:17:59,110.13,45.44
2026-08-23T00:18:00,110.41,45.72
2026-08-23T00:18:01,110.31,45.62
2026-08-23T00:18:02,110.64,45.95
2026-08-23T00:18:03,110.5,45.81
2026-08-23T00:18:04,111.01,46.3
2026-08-23T00:18:05,110.74,46.04
2026-08-23T00:18:06,110.95,46.25
2026-08-23T00:18:07,111.24,46.53
2026-08-23T00:18:08,111.45,46.74
2026-08-23T00:18:09,111.23,46.52
2026-08-23T00:18:10,110.99,46.29
2026-08-23T00:18:11,111.84,47.13
2026-08-23T00:18:12,111.06,46.36
2026-08-23T00:18:13,110.68,45.98
2026-08-23T00:18:14,111.05,46.35
2026-08-23T00:18:15,111.1,46.39
2026-08-23T00:18:16,111.22,46.51
2026-08-23T00:18:17,112.46,47.74
2026-08-23T00:18:18,111.79,47.08
2026-08-23T00:18:19,111.67,46.96
2026-08-23T00:18:20,111.35,46.64
2026-08-23T00:18:21,111.54,46.83
2026-08-23T00:18:22,110.95,46.25
2026-08-23T00:18:23,111.05,46.35
2026-08-23T00:18:24,110.82,46.12
2026-08-23T00:18:25,110.68,45.98
2026-08-23T00:18:26,111.05,46.35
2026-08-23T00:18:27,110.63,45.93
2026-08-23T00:18:28,110.16,45.47
2026-08-23T00:18:29,111.28,46.58
2026-08-23T00:18:30,110.82,46.12
2026-08-23T00:18:31,110.72,46.03
2026-08-23T00:18:32,111.03,46.33
2026-08-23T00:18:33,110.99,46.29
2026-08-23T00:18:34,111.1,46.4
2026-08-23T00:18:35,113.05,48.32
2026-08-23T00:18:36,111.17,46.47
2026-08-23T00:18:37,110.66,45.97
2026-08-23T00:18:38,110.99,46.29
2026-08-23T00:18:39,111.19,46.48
2026-08-23T00:18:40,111.02,46.32
2026-08-23T00:18:41,110.94,46.24
2026-08-23T00:18:42,111.63,46.92
2026-08-23T00:18:43,111.04,46.34
2026-08-23T00:18:44,110.56,45.86
2026-08-23T00:18:45,110.34,45.65
2026-08-23T00:18:46,110.41,45.72
2026-08-23T00:18:47,110.68,45.98
2026-08-23T00:18:48,110.51,45.82
2026-08-23T00:18:49,110.05,45.37
2026-08-23T00:18:50,110.23,45.54
2026-08-23T00:18:51,110.07,45.38
2026-08-23T00:18:52,110.14,45.46
2026-08-23T00:18:53,110.67,45.98
2026-08-23T00:18:54,111.42,46.71
2026-08-23T00:18:55,112.12,47.4
2026-08-23T00:18:56,112.82,48.1
2026-08-23T00:18:57,112.76,48.03
2026-08-23T00:18:58,112.75,48.03
2026-08-23T00:18:59,113.08,48.35
2026-08-23T00:19:00,115.29,50.52
2026-08-23T00:19:01,113.82,49.08
2026-08-23T00:19:02,113.55,48.81
2026-08-23T00:19:03,112.74,48.02
2026-08-23T00:19:04,111.66,46.95
2026-08-23T00:19:05,111.23,46.53
2026-08-23T00:19:06,110.5,45.81
2026-08-23T00:19:07,111.33,46.62
2026-08-23T00:19:08,112.09,47.37
2026-08-23T00:19:09,112.25,47.54
2026-08-23T00:19:10,113.19,48.46
2026-08-23T00:19:11,111.66,46.95
2026-08-23T00:19:12,112.22,47.51
2026-08-23T00:19:13,112.22,47.5
2026-08-23T00:19:14,111.22,46.52
2026-08-23T00:19:15,111.29,46.59
2026-08-23T00:19:16,110.51,45.82
2026-08-23T00:19:17,110.63,45.93
2026-08-23T00:19:18,111.13,46.43
2026-08-23T00:19:19,111.25,46.55
2026-08-23T00:19:20,111.66,46.95
2026-08-23T00:19:21,110.94,46.24
2026-08-23T00:19:22,110.57,45.88
2026-08-23T00:19:23,110.83,46.13
2026-08-23T00:19:24,110.64,45.95
2026-08-23T00:19:25,111.01,46.31
2026-08-23T00:19:26,111.57,46.86
2026-08-23T00:19:27,112.06,47.34
2026-08-23T00:19:28,111.94,47.23
2026-08-23T00:19:29,111.8,47.09
2026-08-23T00:19:30,113.15,48.42
2026-08-23T00:19:31,113.43,48.69
2026-08-23T00:19:32,112.38,47.66
2026-08-23T00:19:33,112.48,47.76
2026-08-23T00:19:34,112.62,47.89
2026-08-23T00:19:35,113.21,48.47
2026-08-23T00:19:36,112.64,47.92
2026-08-23T00:19:37,112.63,47.9
2026-08-23T00:19:38,111.67,46.96
2026-08-23T00:19:39,112.03,47.31
2026-08-23T00:19:40,111.28,46.57
2026-08-23T00:19:41,111.21,46.51
2026-08-23T00:19:42,111.05,46.35
2026-08-23T00:19:43,111.05,46.34
2026-08-23T00:19:44,111.3,46.6
2026-08-23T00:19:45,111.62,46.91
2026-08-23T00:19:46,111.75,47.04
2026-08-23T00:19:47,111.38,46.68
2026-08-23T00:19:48,111.14,46.44
2026-08-23T00:19:49,111.83,47.12
2026-08-23T00:19:50,111.4,46.69
2026-08-23T00:19:51,111.44,46.73
2026-08-23T00:19:52,111.86,47.14
2026-08-23T00:19:53,111.27,46.56
2026-08-23T00:19:54,111.32,46.62
2026-08-23T00:19:55,111.26,46.55
2026-08-23T00:19:56,111.97,47.25
2026-08-23T00:19:57,112.73,48.01
2026-08-23T00:19:58,113.12,48.39
2026-08-23T00:19:59,114.34,49.6
2026-08-23T00:20:00,114.81,50.06
2026-08-23T00:20:01,116.19,51.42
2026-08-23T00:20:02,115.3,50.54
2026-08-23T00:20:03,114.96,50.2
2026-08-23T00:20:04,113.19,48.45
2026-08-23T00:20:05,112.53,47.81
2026-08-23T00:20:06,112.11,47.39
2026-08-23T00:20:07,112.42,47.7
2026-08-23T00:20:08,112.56,47.84
2026-08-23T00:20:09,112.56,47.84
2026-08-23T00:20:10,112.7,47.98
2026-08-23T00:20:11,112.91,48.18
2026-08-23T00:20:12,112.99,48.26
2026-08-23T00:20:13,113.65,48.91
2026-08-23T00:20:14,115.56,50.79
2026-08-23T00:20:15,117.45,52.66
2026-08-23T00:20:16,119.44,54.62
2026-08-23T00:20:17,120.53,55.69
2026-08-23T00:20:18,123.65,58.77
2026-08-23T00:20:19,125.68,60.77
2026-08-23T00:20:20,129.14,64.19
2026-08-23T00:20:21,122.58,57.71
2026-08-23T00:20:22,118.57,53.76
2026-08-23T00:20:23,116.01,51.24
2026-08-23T00:20:24,113.35,48.62
2026-08-23T00:20:25,111.82,47.11
2026-08-23T00:20:26,112.02,47.3
2026-08-23T00:20:27,113.0,48.27
2026-08-23T00:20:28,112.09,47.37
2026-08-23T00:20:29,111.36,46.65
2026-08-23T00:20:30,111.75,47.04
2026-08-23T00:20:31,111.5,46.79
2026-08-23T00:20:32,111.18,46.48
2026-08-23T00:20:33,111.4,46.7
2026-08-23T00:20:34,111.13,46.43
2026-08-23T00:20:35,111.33,46.63
2026-08-23T00:20:36,117.45,52.66
2026-08-23T00:20:37,116.41,51.63
2026-08-23T00:20:38,112.34,47.62
2026-08-23T00:20:39,111.61,46.9
2026-08-23T00:20:40,112.09,47.37
2026-08-23T00:20:41,112.24,47.52
2026-08-23T00:20:42,111.75,47.03
2026-08-23T00:20:43,111.84,47.13
2026-08-23T00:20:44,111.95,47.23
2026-08-23T00:20:45,112.13,47.41
2026-08-23T00:20:46,111.76,47.05
2026-08-23T00:20:47,111.66,46.95
2026-08-23T00:20:48,111.1,46.4
2026-08-23T00:20:49,111.3,46.59
2026-08-23T00:20:50,111.74,47.03
2026-08-23T00:20:51,112.02,47.3
2026-08-23T00:20:52,113.35,48.62
2026-08-23T00:20:53,113.03,48.3
2026-08-23T00:20:54,112.9,48.17
2026-08-23T00:20:55,113.18,48.45
2026-08-23T00:20:56,112.97,48.24
2026-08-23T00:20:57,112.68,47.96
2026-08-23T00:20:58,112.86,48.13
2026-08-23T00:20:59,113.07,48.34
2026-08-23T00:21:00,113.19,48.46
2026-08-23T00:21:01,115.43,50.67
2026-08-23T00:21:02,116.45,51.68
2026-08-23T00:21:03,116.01,51.23
2026-08-23T00:21:04,116.56,51.78
2026-08-23T00:21:05,118.39,53.58
2026-08-23T00:21:06,120.37,55.54
2026-08-23T00:21:07,123.67,58.79
2026-08-23T00:21:08,127.96,63.02
2026-08-23T00:21:09,130.27,65.3
2026-08-23T00:21:10,123.14,58.27
2026-08-23T00:21:11,119.45,54.63
2026-08-23T00:21:12,116.56,51.78
2026-08-23T00:21:13,114.84,50.09
2026-08-23T00:21:14,113.49,48.76
2026-08-23T00:21:15,113.92,49.17
2026-08-23T00:21:16,113.36,48.63
2026-08-23T00:21:17,112.29,47.57
2026-08-23T00:21:18,112.62,47.9
2026-08-23T00:21:19,112.24,47.52
2026-08-23T00:21:20,111.87,47.16
2026-08-23T00:21:21,112.1,47.39
2026-08-23T00:21:22,112.31,47.59
2026-08-23T00:21:23,112.47,47.75
2026-08-23T00:21:24,112.89,48.16
2026-08-23T00:21:25,112.16,47.44
2026-08-23T00:21:26,111.86,47.15
2026-08-23T00:21:27,112.28,47.56
2026-08-23T00:21:28,112.69,47.97
2026-08-23T00:21:29,112.07,47.35
2026-08-23T00:21:30,112.43,47.71
2026-08-23T00:21:31,111.69,46.98
2026-08-23T00:21:32,111.88,47.17
2026-08-23T00:21:33,112.7,47.97
2026-08-23T00:21:34,112.81,48.09
2026-08-23T00:21:35,112.87,48.14
2026-08-23T00:21:36,112.78,48.05
2026-08-23T00:21:37,112.64,47.91
2026-08-23T00:21:38,111.72,47.01
2026-08-23T00:21:39,111.47,46.76
2026-08-23T00:21:40,113.22,48.49
2026-08-23T00:21:41,113.16,48.43
2026-08-23T00:21:42,112.09,47.37
2026-08-23T00:21:43,111.18,46.48
2026-08-23T00:21:44,111.2,46.5
2026-08-23T00:21:45,111.34,46.64
2026-08-23T00:21:46,111.3,46.59
2026-08-23T00:21:47,111.37,46.66
2026-08-23T00:21:48,110.91,46.21
2026-08-23T00:21:49,110.41,45.72
2026-08-23T00:21:50,109.68,44.99
2026-08-23T00:21:51,109.98,45.29
2026-08-23T00:21:52,110.01,45.33
2026-08-23T00:21:53,110.23,45.54
2026-08-23T00:21:54,110.04,45.35
2026-08-23T00:21:55,110.24,45.54
2026-08-23T00:21:56,110.46,45.77
2026-08-23T00:21:57,109.64,44.96
2026-08-23T00:21:58,109.82,45.13
2026-08-23T00:21:59,109.38,44.7
2026-08-23T00:22:00,109.25,44.58
2026-08-23T00:22:01,110.04,45.35
2026-08-23T00:22:02,109.78,45.1
2026-08-23T00:22:03,109.96,45.28
2026-08-23T00:22:04,110.3,45.61
2026-08-23T00:22:05,109.94,45.25
2026-08-23T00:22:06,109.93,45.25
2026-08-23T00:22:07,110.01,45.33
2026-08-23T00:22:08,109.91,45.22
2026-08-23T00:22:09,110.1,45.41
2026-08-23T00:22:10,110.02,45.33
2026-08-23T00:22:11,109.86,45.17
2026-08-23T00:22:12,110.03,45.35
2026-08-23T00:22:13,110.32,45.63
2026-08-23T00:22:14,109.76,45.08
2026-08-23T00:22:15,110.2,45.51
2026-08-23T00:22:16,110.08,45.39
2026-08-23T00:22:17,110.22,45.53
2026-08-23T00:22:18,110.38,45.68
2026-08-23T00:22:19,109.95,45.27
2026-08-23T00:22:20,110.43,45.73
2026-08-23T00:22:21,110.16,45.47
2026-08-23T00:22:22,110.41,45.72
2026-08-23T00:22:23,110.36,45.67
2026-08-23T00:22:24,110.01,45.32
2026-08-23T00:22:25,110.51,45.81
2026-08-23T00:22:26,110.37,45.68
2026-08-23T00:22:27,110.19,45.5
2026-08-23T00:22:28,110.14,45.45
2026-08-23T00:22:29,110.45,45.75
2026-08-23T00:22:30,110.7,46.01
2026-08-23T00:22:31,110.86,46.16
2026-08-23T00:22:32,111.18,46.48
2026-08-23T00:22:33,110.85,46.15
2026-08-23T00:22:34,110.69,46.0
2026-08-23T00:22:35,111.22,46.51
2026-08-23T00:22:36,111.49,46.78
2026-08-23T00:22:37,112.67,47.95
2026-08-23T00:22:38,113.97,49.23
2026-08-23T00:22:39,115.44,50.67
2026-08-23T00:22:40,117.34,52.55
2026-08-23T00:22:41,119.69,54.86
2026-08-23T00:22:42,121.14,56.29
2026-08-23T00:22:43,124.92,60.02
2026-08-23T00:22:44,126.6,61.68
2026-08-23T00:22:45,127.79,62.85
2026-08-23T00:22:46,122.99,58.12
2026-08-23T00:22:47,119.35,54.53
2026-08-23T00:22:48,116.07,51.3
2026-08-23T00:22:49,113.91,49.17
2026-08-23T00:22:50,113.13,48.39
2026-08-23T00:22:51,112.71,47.99
2026-08-23T00:22:52,113.74,49.0
2026-08-23T00:22:53,111.82,47.1
2026-08-23T00:22:54,110.95,46.25
2026-08-23T00:22:55,111.37,46.66
2026-08-23T00:22:56,111.6,46.89
2026-08-23T00:22:57,112.42,47.7
2026-08-23T00:22:58,111.31,46.61
2026-08-23T00:22:59,111.07,46.37
2026-08-23T00:23:00,112.07,47.36
2026-08-23T00:23:01,111.91,47.19
2026-08-23T00:23:02,111.45,46.74
2026-08-23T00:23:03,111.09,46.39
2026-08-23T00:23:04,111.11,46.41
2026-08-23T00:23:05,111.54,46.83
2026-08-23T00:23:06,111.35,46.64
2026-08-23T00:23:07,111.75,47.04
2026-08-23T00:23:08,112.39,47.67
2026-08-23T00:23:09,113.45,48.71
2026-08-23T00:23:10,114.19,49.44
2026-08-23T00:23:11,113.82,49.08
2026-08-23T00:23:12,113.16,48.43
2026-08-23T00:23:13,113.27,48.54
2026-08-23T00:23:14,113.35,48.62
2026-08-23T00:23:15,111.03,46.33
2026-08-23T00:23:16,111.85,47.14
2026-08-23T00:23:17,114.33,49.58
2026-08-23T00:23:18,114.88,50.13
2026-08-23T00:23:19,115.74,50.98
2026-08-23T00:23:20,115.37,50.61
2026-08-23T00:23:21,114.07,49.32
2026-08-23T00:23:22,112.0,47.28
2026-08-23T00:23:23,111.62,46.91
2026-08-23T00:23:24,112.37,47.65
2026-08-23T00:23:25,112.84,48.11
2026-08-23T00:23:26,112.11,47.39
2026-08-23T00:23:27,111.77,47.06
2026-08-23T00:23:28,111.82,47.11
2026-08-23T00:23:29,111.09,46.39
2026-08-23T00:23:30,111.25,46.55
2026-08-23T00:23:31,111.6,46.89
2026-08-23T00:23:32,110.46,45.77
2026-08-23T00:23:33,111.6,46.89
2026-08-23T00:23:34,111.14,46.44
2026-08-23T00:23:35,110.8,46.1
2026-08-23T00:23:36,111.06,46.36
2026-08-23T00:23:37,110.22,45.53
2026-08-23T00:23:38,109.74,45.06
2026-08-23T00:23:39,109.93,45.24
2026-08-23T00:23:40,110.41,45.72
2026-08-23T00:23:41,111.17,46.46
2026-08-23T00:23:42,110.78,46.08
2026-08-23T00:23:43,110.18,45.49
2026-08-23T00:23:44,110.33,45.64
2026-08-23T00:23:45,110.87,46.17
2026-08-23T00:23:46,111.91,47.19
2026-08-23T00:23:47,111.17,46.47
2026-08-23T00:23:48,110.72,46.02
2026-08-23T00:23:49,110.96,46.26
2026-08-23T00:23:50,111.31,46.61
2026-08-23T00:23:51,111.08,46.38
2026-08-23T00:23:52,111.09,46.38
2026-08-23T00:23:53,110.86,46.16
2026-08-23T00:23:54,111.5,46.79
2026-08-23T00:23:55,113.26,48.53
2026-08-23T00:23:56,114.89,50.13
2026-08-23T00:23:57,113.35,48.61
2026-08-23T00:23:58,111.19,46.49
2026-08-23T00:23:59,111.78,47.07
2026-08-23T00:24:00,111.27,46.57
2026-08-23T00:24:01,112.86,48.14
2026-08-23T00:24:02,113.13,48.4
2026-08-23T00:24:03,111.32,46.61
2026-08-23T00:24:04,110.73,46.03
2026-08-23T00:24:05,110.5,45.81
2026-08-23T00:24:06,110.64,45.94
2026-08-23T00:24:07,110.58,45.88
2026-08-23T00:24:08,110.51,45.82
2026-08-23T00:24:09,111.56,46.85
2026-08-23T00:24:10,111.8,47.08
2026-08-23T00:24:11,112.02,47.3
2026-08-23T00:24:12,112.94,48.21
2026-08-23T00:24:13,114.13,49.39
2026-08-23T00:24:14,114.93,50.18
2026-08-23T00:24:15,114.26,49.51
2026-08-23T00:24:16,111.35,46.64
2026-08-23T00:24:17,112.09,47.38
2026-08-23T00:24:18,112.98,48.25
2026-08-23T00:24:19,114.22,49.47
2026-08-23T00:24:20,115.11,50.35
2026-08-23T00:24:21,113.96,49.21
2026-08-23T00:24:22,115.6,50.83
2026-08-23T00:24:23,116.65,51.87
2026-08-23T00:24:24,115.07,50.31
2026-08-23T00:24:25,116.07,51.3
2026-08-23T00:24:26,113.84,49.1
2026-08-23T00:24:27,114.97,50.21
2026-08-23T00:24:28,114.95,50.19
2026-08-23T00:24:29,112.14,47.43
2026-08-23T00:24:30,112.73,48.0
2026-08-23T00:24:31,113.33,48.6
2026-08-23T00:24:32,114.9,50.14
2026-08-23T00:24:33,113.09,48.36
2026-08-23T00:24:34,112.94,48.21
2026-08-23T00:24:35,113.71,48.97
2026-08-23T00:24:36,114.32,49.57
2026-08-23T00:24:37,114.61,49.86
2026-08-23T00:24:38,116.0,51.23
2026-08-23T00:24:39,118.7,53.89
2026-08-23T00:24:40,120.93,56.09
2026-08-23T00:24:41,121.52,56.67
2026-08-23T00:24:42,122.69,57.83
2026-08-23T00:24:43,122.9,58.03
2026-08-23T00:24:44,122.43,57.56
2026-08-23T00:24:45,120.19,55.36
2026-08-23T00:24:46,116.64,51.86
2026-08-23T00:24:47,115.2,50.44
2026-08-23T00:24:48,114.2,49.45
2026-08-23T00:24:49,113.64,48.9
2026-08-23T00:24:50,113.5,48.77
2026-08-23T00:24:51,114.74,49.98
2026-08-23T00:24:52,112.08,47.36
2026-08-23T00:24:53,111.22,46.52
2026-08-23T00:24:54,110.89,46.19
2026-08-23T00:24:55,111.12,46.42
2026-08-23T00:24:56,110.87,46.17
2026-08-23T00:24:57,111.2,46.5
2026-08-23T00:24:58,111.04,46.34
2026-08-23T00:24:59,110.88,46.18
2026-08-23T00:25:00,111.11,46.41
2026-08-23T00:25:01,112.93,48.2
2026-08-23T00:25:02,112.78,48.05
2026-08-23T00:25:03,113.93,49.18
2026-08-23T00:25:04,113.63,48.89
2026-08-23T00:25:05,112.9,48.17
2026-08-23T00:25:06,113.22,48.49
2026-08-23T00:25:07,114.63,49.87
2026-08-23T00:25:08,112.9,48.17
2026-08-23T00:25:09,112.28,47.56
2026-08-23T00:25:10,113.39,48.66
2026-08-23T00:25:11,113.18,48.45
2026-08-23T00:25:12,112.71,47.99
2026-08-23T00:25:13,112.58,47.86
2026-08-23T00:25:14,111.54,46.83
2026-08-23T00:25:15,112.47,47.75
2026-08-23T00:25:16,111.79,47.08
2026-08-23T00:25:17,111.72,47.01
2026-08-23T00:25:18,112.65,47.93
2026-08-23T00:25:19,112.51,47.79
2026-08-23T00:25:20,112.74,48.01
2026-08-23T00:25:21,114.1,49.36
2026-08-23T00:25:22,114.28,49.53
2026-08-23T00:25:23,115.63,50.86
2026-08-23T00:25:24,118.65,53.84
2026-08-23T00:25:25,122.03,57.17
2026-08-23T00:25:26,126.92,62.0
2026-08-23T00:25:27,128.65,63.7
2026-08-23T00:25:28,126.12,61.2
2026-08-23T00:25:29,120.64,55.8
2026-08-23T00:25:30,116.54,51.76
2026-08-23T00:25:31,114.18,49.43
2026-08-23T00:25:32,113.0,48.27
2026-08-23T00:25:33,113.1,48.37
2026-08-23T00:25:34,113.95,49.21
2026-08-23T00:25:35,112.91,48.18
2026-08-23T00:25:36,112.3,47.58
2026-08-23T00:25:37,111.15,46.45
2026-08-23T00:25:38,111.13,46.43
2026-08-23T00:25:39,111.6,46.89
2026-08-23T00:25:40,111.98,47.26
2026-08-23T00:25:41,113.51,48.77
2026-08-23T00:25:42,113.42,48.68
2026-08-23T00:25:43,111.37,46.67
2026-08-23T00:25:44,111.4,46.69
2026-08-23T00:25:45,112.01,47.29
2026-08-23T00:25:46,112.87,48.14
2026-08-23T00:25:47,113.53,48.79
2026-08-23T00:25:48,113.59,48.86
2026-08-23T00:25:49,115.1,50.34
2026-08-23T00:25:50,116.16,51.39
2026-08-23T00:25:51,116.05,51.28
2026-08-23T00:25:52,116.39,51.62
2026-08-23T00:25:53,119.6,54.78
2026-08-23T00:25:54,121.01,56.17
2026-08-23T00:25:55,119.83,55.0
2026-08-23T00:25:56,121.43,56.58
2026-08-23T00:25:57,120.48,55.64
2026-08-23T00:25:58,118.92,54.11
2026-08-23T00:25:59,116.11,51.34
2026-08-23T00:26:00,113.65,48.91
2026-08-23T00:26:01,114.07,49.33
2026-08-23T00:26:02,113.64,48.91
2026-08-23T00:26:03,112.41,47.69
2026-08-23T00:26:04,112.39,47.67
2026-08-23T00:26:05,112.94,48.21
2026-08-23T00:26:06,111.81,47.09
2026-08-23T00:26:07,113.98,49.24
2026-08-23T00:26:08,112.99,48.26
2026-08-23T00:26:09,114.19,49.44
2026-08-23T00:26:10,113.54,48.81
2026-08-23T00:26:11,110.6,45.91
2026-08-23T00:26:12,111.12,46.42
2026-08-23T00:26:13,110.51,45.82
2026-08-23T00:26:14,110.15,45.46
2026-08-23T00:26:15,111.42,46.71
2026-08-23T00:26:16,110.05,45.36
2026-08-23T00:26:17,110.93,46.23
2026-08-23T00:26:18,111.04,46.34
2026-08-23T00:26:19,110.35,45.66
2026-08-23T00:26:20,110.18,45.49
2026-08-23T00:26:21,110.44,45.75
2026-08-23T00:26:22,110.35,45.66
2026-08-23T00:26:23,111.18,46.48
2026-08-23T00:26:24,112.37,47.65
2026-08-23T00:26:25,110.47,45.77
2026-08-23T00:26:26,110.92,46.22
2026-08-23T00:26:27,110.51,45.81
2026-08-23T00:26:28,110.95,46.25
2026-08-23T00:26:29,111.18,46.47
2026-08-23T00:26:30,110.51,45.82
2026-08-23T00:26:31,110.66,45.96
2026-08-23T00:26:32,110.66,45.96
2026-08-23T00:26:33,110.58,45.89
2026-08-23T00:26:34,110.95,46.25
2026-08-23T00:26:35,110.65,45.95
2026-08-23T00:26:36,110.51,45.81
2026-08-23T00:26:37,110.46,45.76
2026-08-23T00:26:38,110.48,45.79
2026-08-23T00:26:39,109.66,44.98
2026-08-23T00:26:40,110.15,45.46
2026-08-23T00:26:41,110.25,45.56
2026-08-23T00:26:42,110.22,45.53
2026-08-23T00:26:43,109.93,45.25
2026-08-23T00:26:44,110.3,45.61
2026-08-23T00:26:45,110.13,45.44
2026-08-23T00:26:46,109.88,45.2
2026-08-23T00:26:47,109.64,44.96
2026-08-23T00:26:48,109.75,45.07
2026-08-23T00:26:49,109.84,45.16
2026-08-23T00:26:50,109.39,44.71
2026-08-23T00:26:51,109.73,45.05
2026-08-23T00:26:52,110.27,45.58
2026-08-23T00:26:53,110.26,45.57
2026-08-23T00:26:54,109.89,45.21
2026-08-23T00:26:55,109.48,44.8
2026-08-23T00:26:56,109.87,45.18
2026-08-23T00:26:57,110.69,46.0
2026-08-23T00:26:58,111.31,46.61
2026-08-23T00:26:59,110.03,45.34
2026-08-23T00:27:00,109.81,45.12
2026-08-23T00:27:01,110.69,45.99
2026-08-23T00:27:02,111.81,47.1
2026-08-23T00:27:03,109.71,45.03
2026-08-23T00:27:04,110.13,45.45
2026-08-23T00:27:05,110.48,45.78
2026-08-23T00:27:06,110.91,46.21
2026-08-23T00:27:07,110.68,45.98
2026-08-23T00:27:08,109.87,45.19
2026-08-23T00:27:09,109.97,45.28
2026-08-23T00:27:10,109.5,44.82
2026-08-23T00:27:11,109.25,44.57
2026-08-23T00:27:12,109.89,45.21
2026-08-23T00:27:13,109.99,45.3
2026-08-23T00:27:14,109.75,45.07
2026-08-23T00:27:15,109.9,45.22
2026-08-23T00:27:16,110.29,45.6
2026-08-23T00:27:17,110.04,45.36
2026-08-23T00:27:18,109.91,45.23
2026-08-23T00:27:19,109.83,45.14
2026-08-23T00:27:20,109.76,45.08
2026-08-23T00:27:21,110.0,45.31
2026-08-23T00:27:22,109.81,45.13
2026-08-23T00:27:23,109.98,45.3
2026-08-23T00:27:24,110.36,45.67
2026-08-23T00:27:25,110.38,45.69
2026-08-23T00:27:26,109.89,45.21
2026-08-23T00:27:27,109.49,44.81
2026-08-23T00:27:28,109.77,45.09
2026-08-23T00:27:29,109.48,44.8
2026-08-23T00:27:30,109.21,44.53
2026-08-23T00:27:31,109.54,44.86
2026-08-23T00:27:32,109.75,45.06
2026-08-23T00:27:33,109.44,44.76
2026-08-23T00:27:34,109.81,45.13
2026-08-23T00:27:35,109.65,44.97
2026-08-23T00:27:36,109.43,44.75
2026-08-23T00:27:37,109.61,44.93
2026-08-23T00:27:38,110.12,45.43
2026-08-23T00:27:39,109.79,45.1
2026-08-23T00:27:40,110.03,45.34
2026-08-23T00:27:41,111.16,46.46
2026-08-23T00:27:42,110.03,45.34
2026-08-23T00:27:43,110.01,45.32
2026-08-23T00:27:44,109.66,44.98
2026-08-23T00:27:45,109.35,44.68
2026-08-23T00:27:46,109.68,45.0
2026-08-23T00:27:47,109.4,44.72
2026-08-23T00:27:48,109.64,44.96
2026-08-23T00:27:49,109.83,45.15
2026-08-23T00:27:50,109.68,44.99
2026-08-23T00:27:51,109.49,44.81
2026-08-23T00:27:52,109.73,45.05
2026-08-23T00:27:53,110.0,45.31
2026-08-23T00:27:54,109.8,45.12
2026-08-23T00:27:55,109.23,44.56
2026-08-23T00:27:56,109.99,45.31
2026-08-23T00:27:57,109.75,45.07
2026-08-23T00:27:58,110.01,45.33
2026-08-23T00:27:59,109.82,45.13
2026-08-23T00:28:00,110.1,45.41
2026-08-23T00:28:01,109.85,45.17
2026-08-23T00:28:02,110.68,45.99
2026-08-23T00:28:03,110.53,45.84
2026-08-23T00:28:04,110.21,45.52
2026-08-23T00:28:05,110.61,45.92
2026-08-23T00:28:06,110.38,45.68
2026-08-23T00:28:07,110.79,46.09
2026-08-23T00:28:08,110.46,45.77
2026-08-23T00:28:09,110.17,45.48
2026-08-23T00:28:10,110.46,45.76
2026-08-23T00:28:11,110.58,45.89
2026-08-23T00:28:12,110.3,45.61
2026-08-23T00:28:13,110.62,45.92
2026-08-23T00:28:14,111.19,46.48
2026-08-23T00:28:15,110.99,46.29
2026-08-23T00:28:16,110.79,46.1
2026-08-23T00:28:17,110.83,46.13
2026-08-23T00:28:18,110.89,46.19
2026-08-23T00:28:19,110.55,45.86
2026-08-23T00:28:20,111.13,46.43
2026-08-23T00:28:21,111.47,46.76
2026-08-23T00:28:22,111.33,46.62
2026-08-23T00:28:23,111.16,46.46
2026-08-23T00:28:24,111.04,46.34
2026-08-23T00:28:25,110.9,46.2
2026-08-23T00:28:26,110.79,46.1
2026-08-23T00:28:27,110.91,46.21
2026-08-23T00:28:28,110.87,46.18
2026-08-23T00:28:29,110.49,45.79
2026-08-23T00:28:30,110.74,46.05
2026-08-23T00:28:31,110.91,46.21
2026-08-23T00:28:32,111.17,46.46
2026-08-23T00:28:33,110.96,46.26
2026-08-23T00:28:34,110.16,45.47
2026-08-23T00:28:35,110.81,46.11
2026-08-23T00:28:36,110.24,45.55
2026-08-23T00:28:37,110.68,45.99
2026-08-23T00:28:38,110.64,45.94
2026-08-23T00:28:39,110.72,46.02
2026-08-23T00:28:40,110.56,45.87
2026-08-23T00:28:41,110.14,45.45
2026-08-23T00:28:42,110.66,45.96
2026-08-23T00:28:43,110.87,46.18
2026-08-23T00:28:44,110.69,45.99
2026-08-23T00:28:45,110.86,46.16
2026-08-23T00:28:46,110.51,45.81
2026-08-23T00:28:47,110.7,46.0
2026-08-23T00:28:48,110.6,45.9
2026-08-23T00:28:49,110.9,46.2
2026-08-23T00:28:50,110.73,46.03
2026-08-23T00:28:51,111.13,46.42
2026-08-23T00:28:52,110.69,45.99
2026-08-23T00:28:53,110.58,45.89
2026-08-23T00:28:54,110.66,45.97
2026-08-23T00:28:55,110.55,45.85
2026-08-23T00:28:56,110.39,45.7
2026-08-23T00:28:57,110.71,46.01
2026-08-23T00:28:58,110.73,46.04
2026-08-23T00:28:59,111.09,46.39
2026-08-23T00:29:00,110.84,46.14
2026-08-23T00:29:01,111.01,46.31
2026-08-23T00:29:02,110.95,46.24
2026-08-23T00:29:03,110.06,45.38
2026-08-23T00:29:04,110.03,45.34
2026-08-23T00:29:05,110.0,45.31
2026-08-23T00:29:06,110.23,45.54
2026-08-23T00:29:07,110.13,45.44
2026-08-23T00:29:08,110.14,45.45
2026-08-23T00:29:09,110.39,45.69
2026-08-23T00:29:10,110.51,45.82
2026-08-23T00:29:11,110.31,45.62
2026-08-23T00:29:12,110.51,45.81
2026-08-23T00:29:13,110.8,46.1
2026-08-23T00:29:14,110.82,46.12
2026-08-23T00:29:15,111.19,46.48
2026-08-23T00:29:16,110.63,45.93
2026-08-23T00:29:17,110.48,45.79
2026-08-23T00:29:18,110.87,46.17
2026-08-23T00:29:19,111.24,46.54
2026-08-23T00:29:20,111.56,46.85
2026-08-23T00:29:21,111.45,46.74
2026-08-23T00:29:22,111.61,46.9
2026-08-23T00:29:23,111.31,46.6
2026-08-23T00:29:24,110.87,46.18
2026-08-23T00:29:25,111.18,46.47
2026-08-23T00:29:26,111.41,46.7
2026-08-23T00:29:27,111.68,46.97
2026-08-23T00:29:28,111.6,46.89
2026-08-23T00:29:29,111.5,46.79
2026-08-23T00:29:30,111.27,46.56
2026-08-23T00:29:31,111.56,46.85
2026-08-23T00:29:32,111.52,46.81
2026-08-23T00:29:33,111.06,46.36
2026-08-23T00:29:34,111.07,46.37
2026-08-23T00:29:35,111.04,46.34
2026-08-23T00:29:36,110.91,46.21
2026-08-23T00:29:37,111.79,47.08
2026-08-23T00:29:38,111.54,46.83
2026-08-23T00:29:39,111.86,47.15
2026-08-23T00:29:40,111.01,46.3
2026-08-23T00:29:41,110.93,46.23
2026-08-23T00:29:42,111.09,46.38
2026-08-23T00:29:43,111.41,46.71
2026-08-23T00:29:44,111.3,46.59
2026-08-23T00:29:45,111.0,46.3
2026-08-23T00:29:46,111.17,46.46
2026-08-23T00:29:47,110.78,46.08
2026-08-23T00:29:48,111.04,46.33
2026-08-23T00:29:49,110.53,45.83
2026-08-23T00:29:50,110.9,46.2
2026-08-23T00:29:51,110.88,46.18
2026-08-23T00:29:52,110.1,45.41
2026-08-23T00:29:53,110.14,45.45
2026-08-23T00:29:54,110.12,45.43
2026-08-23T00:29:55,110.02,45.34
2026-08-23T00:29:56,110.53,45.83
2026-08-23T00:29:57,110.18,45.49
2026-08-23T00:29:58,110.49,45.8
2026-08-23T00:29:59,110.16,45.47
2026-08-23T00:30:00,110.5,45.8
2026-08-23T00:30:01,110.78,46.08
2026-08-23T00:30:02,110.6,45.91
2026-08-23T00:30:03,110.36,45.67
2026-08-23T00:30:04,110.76,46.06
2026-08-23T00:30:05,110.35,45.66
2026-08-23T00:30:06,109.86,45.18
2026-08-23T00:30:07,110.56,45.87
2026-08-23T00:30:08,110.58,45.89
2026-08-23T00:30:09,110.56,45.86
2026-08-23T00:30:10,111.09,46.39
2026-08-23T00:30:11,111.54,46.83
2026-08-23T00:30:12,111.56,46.85
2026-08-23T00:30:13,112.16,47.44
2026-08-23T00:30:14,112.38,47.66
2026-08-23T00:30:15,113.99,49.25
2026-08-23T00:30:16,115.19,50.43
2026-08-23T00:30:17,115.88,51.11
2026-08-23T00:30:18,116.82,52.04
2026-08-23T00:30:19,118.35,53.54
2026-08-23T00:30:20,120.07,55.24
2026-08-23T00:30:21,124.94,60.05
2026-08-23T00:30:22,126.97,62.04
2026-08-23T00:30:23,130.13,65.15
2026-08-23T00:30:24,131.97,66.97
2026-08-23T00:30:25,131.03,66.04
2026-08-23T00:30:26,129.95,64.98
2026-08-23T00:30:27,127.74,62.8
2026-08-23T00:30:28,124.43,59.54
2026-08-23T00:30:29,122.19,57.33
2026-08-23T00:30:30,121.27,56.43
2026-08-23T00:30:31,118.66,53.85
2026-08-23T00:30:32,118.46,53.66
2026-08-23T00:30:33,117.38,52.59
2026-08-23T00:30:34,116.49,51.71
2026-08-23T00:30:35,114.79,50.04
2026-08-23T00:30:36,113.58,48.85
2026-08-23T00:30:37,113.23,48.5
2026-08-23T00:30:38,112.94,48.21
2026-08-23T00:30:39,112.13,47.41
2026-08-23T00:30:40,111.7,46.99
2026-08-23T00:30:41,111.29,46.58
2026-08-23T00:30:42,110.63,45.93
2026-08-23T00:30:43,110.63,45.93
2026-08-23T00:30:44,110.58,45.89
2026-08-23T00:30:45,110.32,45.63
2026-08-23T00:30:46,110.88,46.18
2026-08-23T00:30:47,111.61,46.9
2026-08-23T00:30:48,111.83,47.11
2026-08-23T00:30:49,111.66,46.95
2026-08-23T00:30:50,111.11,46.41
2026-08-23T00:30:51,110.87,46.18
2026-08-23T00:30:52,110.47,45.78
2026-08-23T00:30:53,110.47,45.78
2026-08-23T00:30:54,110.07,45.38
2026-08-23T00:30:55,110.11,45.42
2026-08-23T00:30:56,110.35,45.66
2026-08-23T00:30:57,110.57,45.87
2026-08-23T00:30:58,110.6,45.9
2026-08-23T00:30:59,109.98,45.3
2026-08-23T00:31:00,110.18,45.49
2026-08-23T00:31:01,110.02,45.33
2026-08-23T00:31:02,110.59,45.9
2026-08-23T00:31:03,110.06,45.37
2026-08-23T00:31:04,109.92,45.24
2026-08-23T00:31:05,109.85,45.16
2026-08-23T00:31:06,110.02,45.34
2026-08-23T00:31:07,109.99,45.3
2026-08-23T00:31:08,109.96,45.28
2026-08-23T00:31:09,109.98,45.29
2026-08-23T00:31:10,110.13,45.44
2026-08-23T00:31:11,109.76,45.08
2026-08-23T00:31:12,109.72,45.04
2026-08-23T00:31:13,110.2,45.51
2026-08-23T00:31:14,109.87,45.19
2026-08-23T00:31:15,110.18,45.49
2026-08-23T00:31:16,110.26,45.57
2026-08-23T00:31:17,110.02,45.33
2026-08-23T00:31:18,110.64,45.94
2026-08-23T00:31:19,110.8,46.1
2026-08-23T00:31:20,110.43,45.73
2026-08-23T00:31:21,111.06,46.36
2026-08-23T00:31:22,110.91,46.21
2026-08-23T00:31:23,110.59,45.9
2026-08-23T00:31:24,110.42,45.73
2026-08-23T00:31:25,110.29,45.6
2026-08-23T00:31:26,110.62,45.92
2026-08-23T00:31:27,110.73,46.03
2026-08-23T00:31:28,111.42,46.71
2026-08-23T00:31:29,110.89,46.19
2026-08-23T00:31:30,111.2,46.49
2026-08-23T00:31:31,111.48,46.77
2026-08-23T00:31:32,111.54,46.83
2026-08-23T00:31:33,111.22,46.51
2026-08-23T00:31:34,110.81,46.11
2026-08-23T00:31:35,110.63,45.93
2026-08-23T00:31:36,110.88,46.18
2026-08-23T00:31:37,111.11,46.4
2026-08-23T00:31:38,111.17,46.47
2026-08-23T00:31:39,110.41,45.72
2026-08-23T00:31:40,110.66,45.96
2026-08-23T00:31:41,110.64,45.95
2026-08-23T00:31:42,110.82,46.12
2026-08-23T00:31:43,111.48,46.77
2026-08-23T00:31:44,111.31,46.61
2026-08-23T00:31:45,111.3,46.6
2026-08-23T00:31:46,110.75,46.05
2026-08-23T00:31:47,110.84,46.14
2026-08-23T00:31:48,111.38,46.67
2026-08-23T00:31:49,111.0,46.3
2026-08-23T00:31:50,110.65,45.95
2026-08-23T00:31:51,111.13,46.42
2026-08-23T00:31:52,110.88,46.18
2026-08-23T00:31:53,111.95,47.24
2026-08-23T00:31:54,111.88,47.17
2026-08-23T00:31:55,112.44,47.72
2026-08-23T00:31:56,112.97,48.24
2026-08-23T00:31:57,112.84,48.11
2026-08-23T00:31:58,111.91,47.19
2026-08-23T00:31:59,110.99,46.29
2026-08-23T00:32:00,110.45,45.76
2026-08-23T00:32:01,111.44,46.73
2026-08-23T00:32:02,111.43,46.72
2026-08-23T00:32:03,110.93,46.23
2026-08-23T00:32:04,112.39,47.67
2026-08-23T00:32:05,111.48,46.77
2026-08-23T00:32:06,110.92,46.22
2026-08-23T00:32:07,110.69,46.0
2026-08-23T00:32:08,110.53,45.83
2026-08-23T00:32:09,110.34,45.65
2026-08-23T00:32:10,110.42,45.73
2026-08-23T00:32:11,110.49,45.8
2026-08-23T00:32:12,110.45,45.75
2026-08-23T00:32:13,110.29,45.6
2026-08-23T00:32:14,110.4,45.7
2026-08-23T00:32:15,110.17,45.48
2026-08-23T00:32:16,110.69,46.0
2026-08-23T00:32:17,111.56,46.85
2026-08-23T00:32:18,110.25,45.56
2026-08-23T00:32:19,110.72,46.02
2026-08-23T00:32:20,110.52,45.83
2026-08-23T00:32:21,110.32,45.63
2026-08-23T00:32:22,110.23,45.54
2026-08-23T00:32:23,110.91,46.21
2026-08-23T00:32:24,110.93,46.23
2026-08-23T00:32:25,111.01,46.31
2026-08-23T00:32:26,110.49,45.79
2026-08-23T00:32:27,110.39,45.7
2026-08-23T00:32:28,109.71,45.03
2026-08-23T00:32:29,109.83,45.14
2026-08-23T00:32:30,110.07,45.39
2026-08-23T00:32:31,110.64,45.95
2026-08-23T00:32:32,110.48,45.79
2026-08-23T00:32:33,110.36,45.66
2026-08-23T00:32:34,110.56,45.86
2026-08-23T00:32:35,110.54,45.84
2026-08-23T00:32:36,110.46,45.77
2026-08-23T00:32:37,110.23,45.54
2026-08-23T00:32:38,110.42,45.73
2026-08-23T00:32:39,110.34,45.64
2026-08-23T00:32:40,110.36,45.66
2026-08-23T00:32:41,110.64,45.95
2026-08-23T00:32:42,110.28,45.59
2026-08-23T00:32:43,110.55,45.86
2026-08-23T00:32:44,110.38,45.69
2026-08-23T00:32:45,110.57,45.88
2026-08-23T00:32:46,110.43,45.73
2026-08-23T00:32:47,110.03,45.35
2026-08-23T00:32:48,110.4,45.71
2026-08-23T00:32:49,110.33,45.64
2026-08-23T00:32:50,110.57,45.87
2026-08-23T00:32:51,110.37,45.68
2026-08-23T00:32:52,109.93,45.25
2026-08-23T00:32:53,110.4,45.71
2026-08-23T00:32:54,110.68,45.98
2026-08-23T00:32:55,110.42,45.73
2026-08-23T00:32:56,110.22,45.53
2026-08-23T00:32:57,110.19,45.5
2026-08-23T00:32:58,110.07,45.38
2026-08-23T00:32:59,110.22,45.53
2026-08-23T00:33:00,110.11,45.42
2026-08-23T00:33:01,110.01,45.32
2026-08-23T00:33:02,110.28,45.59
2026-08-23T00:33:03,110.04,45.36
2026-08-23T00:33:04,110.25,45.56
2026-08-23T00:33:05,110.54,45.85
2026-08-23T00:33:06,110.81,46.11
2026-08-23T00:33:07,110.32,45.63
2026-08-23T00:33:08,110.34,45.65
2026-08-23T00:33:09,110.21,45.52
2026-08-23T00:33:10,110.87,46.17
2026-08-23T00:33:11,110.48,45.79
2026-08-23T00:33:12,110.49,45.79
2026-08-23T00:33:13,110.04,45.36
2026-08-23T00:33:14,110.31,45.61
2026-08-23T00:33:15,110.21,45.52
2026-08-23T00:33:16,110.12,45.43
2026-08-23T00:33:17,110.06,45.38
2026-08-23T00:33:18,110.4,45.71
2026-08-23T00:33:19,110.14,45.45
2026-08-23T00:33:20,109.68,45.0
2026-08-23T00:33:21,109.93,45.24
2026-08-23T00:33:22,110.23,45.54
2026-08-23T00:33:23,109.78,45.09
2026-08-23T00:33:24,111.44,46.73
2026-08-23T00:33:25,110.03,45.34
2026-08-23T00:33:26,109.99,45.3
2026-08-23T00:33:27,110.16,45.47
2026-08-23T00:33:28,110.02,45.34
2026-08-23T00:33:29,110.37,45.67
2026-08-23T00:33:30,110.48,45.79
2026-08-23T00:33:31,110.5,45.8
2026-08-23T00:33:32,110.15,45.46
2026-08-23T00:33:33,110.02,45.33
2026-08-23T00:33:34,110.1,45.41
2026-08-23T00:33:35,110.11,45.42
2026-08-23T00:33:36,110.11,45.42
2026-08-23T00:33:37,110.27,45.58
2026-08-23T00:33:38,110.2,45.51
2026-08-23T00:33:39,109.98,45.3
2026-08-23T00:33:40,110.07,45.38
2026-08-23T00:33:41,110.28,45.59
2026-08-23T00:33:42,109.93,45.24
2026-08-23T00:33:43,110.22,45.53
2026-08-23T00:33:44,110.17,45.48
2026-08-23T00:33:45,110.39,45.7
2026-08-23T00:33:46,109.98,45.29
2026-08-23T00:33:47,110.32,45.62
2026-08-23T00:33:48,110.47,45.77
2026-08-23T00:33:49,110.79,46.09
2026-08-23T00:33:50,111.46,46.76
2026-08-23T00:33:51,112.37,47.65
2026-08-23T00:33:52,113.81,49.07
2026-08-23T00:33:53,114.42,49.67
2026-08-23T00:33:54,115.67,50.9
2026-08-23T00:33:55,117.73,52.93
2026-08-23T00:33:56,121.6,56.75
2026-08-23T00:33:57,123.01,58.14
2026-08-23T00:33:58,124.5,59.61
2026-08-23T00:33:59,124.36,59.47
2026-08-23T00:34:00,124.18,59.29
2026-08-23T00:34:01,123.59,58.71
2026-08-23T00:34:02,121.36,56.51
2026-08-23T00:34:03,118.42,53.61
2026-08-23T00:34:04,117.22,52.43
2026-08-23T00:34:05,115.68,50.91
2026-08-23T00:34:06,114.98,50.22
2026-08-23T00:34:07,114.97,50.21
2026-08-23T00:34:08,114.2,49.46
2026-08-23T00:34:09,113.57,48.83
2026-08-23T00:34:10,112.7,47.97
2026-08-23T00:34:11,112.16,47.44
2026-08-23T00:34:12,111.66,46.95
2026-08-23T00:34:13,111.5,46.79
2026-08-23T00:34:14,111.09,46.39
2026-08-23T00:34:15,111.11,46.41
2026-08-23T00:34:16,110.62,45.92
2026-08-23T00:34:17,110.95,46.25
2026-08-23T00:34:18,110.41,45.72
2026-08-23T00:34:19,111.04,46.34
2026-08-23T00:34:20,110.68,45.99
2026-08-23T00:34:21,110.53,45.84
2026-08-23T00:34:22,111.03,46.33
2026-08-23T00:34:23,110.58,45.88
2026-08-23T00:34:24,110.68,45.99
2026-08-23T00:34:25,110.4,45.71
2026-08-23T00:34:26,110.37,45.68
2026-08-23T00:34:27,110.8,46.11
2026-08-23T00:34:28,110.94,46.24
2026-08-23T00:34:29,110.52,45.83
2026-08-23T00:34:30,110.62,45.93
2026-08-23T00:34:31,111.1,46.4
2026-08-23T00:34:32,110.47,45.78
2026-08-23T00:34:33,110.45,45.76
2026-08-23T00:34:34,110.4,45.71
2026-08-23T00:34:35,110.42,45.72
2026-08-23T00:34:36,110.42,45.73
2026-08-23T00:34:37,110.55,45.86
2026-08-23T00:34:38,110.83,46.13
2026-08-23T00:34:39,110.32,45.63
2026-08-23T00:34:40,110.25,45.56
2026-08-23T00:34:41,111.01,46.31
2026-08-23T00:34:42,110.51,45.81
2026-08-23T00:34:43,110.41,45.72
2026-08-23T00:34:44,110.18,45.49
2026-08-23T00:34:45,110.54,45.84
2026-08-23T00:34:46,110.42,45.72
2026-08-23T00:34:47,111.11,46.41
2026-08-23T00:34:48,111.72,47.01
2026-08-23T00:34:49,110.79,46.09
2026-08-23T00:34:50,110.17,45.48
2026-08-23T00:34:51,110.11,45.42
2026-08-23T00:34:52,110.99,46.29
2026-08-23T00:34:53,110.82,46.12
2026-08-23T00:34:54,111.66,46.94
2026-08-23T00:34:55,111.52,46.82
2026-08-23T00:34:56,113.0,48.27
2026-08-23T00:34:57,110.96,46.26
2026-08-23T00:34:58,111.85,47.13
2026-08-23T00:34:59,111.98,47.27
2026-08-23T00:35:00,111.97,47.25
2026-08-23T00:35:01,113.95,49.21
2026-08-23T00:35:02,114.4,49.65
2026-08-23T00:35:03,114.51,49.76
2026-08-23T00:35:04,115.92,51.15
2026-08-23T00:35:05,114.41,49.66
2026-08-23T00:35:06,112.54,47.82
2026-08-23T00:35:07,111.77,47.06
2026-08-23T00:35:08,111.82,47.11
2026-08-23T00:35:09,111.1,46.4
2026-08-23T00:35:10,111.26,46.56
2026-08-23T00:35:11,111.27,46.56
2026-08-23T00:35:12,111.17,46.47
2026-08-23T00:35:13,110.23,45.54
2026-08-23T00:35:14,110.0,45.31
2026-08-23T00:35:15,110.22,45.53
2026-08-23T00:35:16,110.07,45.38
2026-08-23T00:35:17,110.45,45.76
2026-08-23T00:35:18,110.58,45.89
2026-08-23T00:35:19,110.3,45.61
2026-08-23T00:35:20,110.48,45.78
2026-08-23T00:35:21,111.57,46.86
2026-08-23T00:35:22,111.26,46.55
2026-08-23T00:35:23,111.44,46.74
2026-08-23T00:35:24,111.77,47.06
2026-08-23T00:35:25,110.1,45.41
2026-08-23T00:35:26,109.97,45.28
2026-08-23T00:35:27,110.51,45.82
2026-08-23T00:35:28,110.24,45.55
2026-08-23T00:35:29,110.27,45.58
2026-08-23T00:35:30,109.84,45.16
2026-08-23T00:35:31,109.84,45.16
2026-08-23T00:35:32,110.43,45.74
2026-08-23T00:35:33,110.08,45.39
2026-08-23T00:35:34,110.35,45.66
2026-08-23T00:35:35,110.15,45.46
2026-08-23T00:35:36,110.35,45.66
2026-08-23T00:35:37,110.18,45.49
2026-08-23T00:35:38,110.24,45.55
2026-08-23T00:35:39,110.12,45.44
2026-08-23T00:35:40,110.1,45.41
2026-08-23T00:35:41,110.27,45.58
2026-08-23T00:35:42,110.18,45.5
2026-08-23T00:35:43,109.82,45.13
2026-08-23T00:35:44,110.14,45.45
2026-08-23T00:35:45,110.03,45.34
2026-08-23T00:35:46,110.59,45.89
2026-08-23T00:35:47,110.19,45.5
2026-08-23T00:35:48,109.92,45.24
2026-08-23T00:35:49,109.79,45.1
2026-08-23T00:35:50,110.45,45.76
2026-08-23T00:35:51,110.09,45.4
2026-08-23T00:35:52,110.32,45.63
2026-08-23T00:35:53,110.22,45.53
2026-08-23T00:35:54,110.14,45.45
2026-08-23T00:35:55,110.35,45.65
2026-08-23T00:35:56,110.7,46.0
2026-08-23T00:35:57,109.93,45.24
2026-08-23T00:35:58,110.46,45.77
2026-08-23T00:35:59,110.51,45.82
2026-08-23T00:36:00,110.35,45.66
2026-08-23T00:36:01,110.07,45.38
2026-08-23T00:36:02,110.06,45.37
2026-08-23T00:36:03,110.73,46.03
2026-08-23T00:36:04,110.59,45.9
2026-08-23T00:36:05,110.31,45.62
2026-08-23T00:36:06,111.66,46.95
2026-08-23T00:36:07,110.51,45.81
2026-08-23T00:36:08,110.46,45.77
2026-08-23T00:36:09,109.79,45.11
2026-08-23T00:36:10,110.02,45.34
2026-08-23T00:36:11,109.97,45.29
2026-08-23T00:36:12,111.0,46.3
2026-08-23T00:36:13,111.82,47.11
2026-08-23T00:36:14,110.11,45.42
2026-08-23T00:36:15,112.3,47.58
2026-08-23T00:36:16,114.33,49.58
2026-08-23T00:36:17,111.2,46.49
2026-08-23T00:36:18,110.8,46.1
2026-08-23T00:36:19,110.3,45.61
2026-08-23T00:36:20,110.83,46.13
2026-08-23T00:36:21,110.63,45.93
2026-08-23T00:36:22,110.76,46.06
2026-08-23T00:36:23,110.87,46.17
2026-08-23T00:36:24,110.84,46.15
2026-08-23T00:36:25,111.07,46.37
2026-08-23T00:36:26,110.91,46.21
2026-08-23T00:36:27,111.51,46.81
2026-08-23T00:36:28,111.0,46.3
2026-08-23T00:36:29,111.1,46.4
2026-08-23T00:36:30,111.24,46.53
2026-08-23T00:36:31,111.32,46.61
2026-08-23T00:36:32,110.76,46.07
2026-08-23T00:36:33,111.1,46.4
2026-08-23T00:36:34,111.5,46.79
2026-08-23T00:36:35,111.2,46.5
2026-08-23T00:36:36,110.78,46.09
2026-08-23T00:36:37,111.02,46.32
2026-08-23T00:36:38,110.96,46.26
2026-08-23T00:36:39,110.93,46.23
2026-08-23T00:36:40,111.09,46.38
2026-08-23T00:36:41,111.15,46.45
2026-08-23T00:36:42,110.59,45.89
2026-08-23T00:36:43,110.35,45.66
2026-08-23T00:36:44,110.36,45.67
2026-08-23T00:36:45,110.06,45.38
2026-08-23T00:36:46,110.17,45.49
2026-08-23T00:36:47,110.26,45.57
2026-08-23T00:36:48,109.56,44.88
2026-08-23T00:36:49,110.02,45.34
2026-08-23T00:36:50,110.63,45.93
2026-08-23T00:36:51,110.7,46.01
2026-08-23T00:36:52,110.39,45.7
2026-08-23T00:36:53,110.75,46.05
2026-08-23T00:36:54,110.73,46.03
2026-08-23T00:36:55,111.03,46.32
2026-08-23T00:36:56,110.76,46.06
2026-08-23T00:36:57,110.83,46.13
2026-08-23T00:36:58,110.79,46.1
2026-08-23T00:36:59,110.69,46.0
2026-08-23T00:37:00,110.54,45.84
2026-08-23T00:37:01,110.9,46.2
2026-08-23T00:37:02,110.54,45.84
2026-08-23T00:37:03,110.56,45.86
2026-08-23T00:37:04,110.47,45.78
2026-08-23T00:37:05,110.6,45.91
2026-08-23T00:37:06,110.97,46.27
2026-08-23T00:37:07,110.89,46.19
2026-08-23T00:37:08,111.04,46.34
2026-08-23T00:37:09,111.33,46.62
2026-08-23T00:37:10,112.1,47.39
2026-08-23T00:37:11,112.64,47.92
2026-08-23T00:37:12,113.74,49.0
2026-08-23T00:37:13,114.63,49.87
2026-08-23T00:37:14,116.07,51.29
2026-08-23T00:37:15,117.58,52.79
2026-08-23T00:37:16,120.91,56.07
2026-08-23T00:37:17,122.81,57.95
2026-08-23T00:37:18,123.52,58.64
2026-08-23T00:37:19,126.01,61.09
2026-08-23T00:37:20,119.34,54.52
2026-08-23T00:37:21,115.8,51.03
2026-08-23T00:37:22,113.42,48.68
2026-08-23T00:37:23,112.62,47.9
2026-08-23T00:37:24,111.44,46.74
2026-08-23T00:37:25,110.91,46.21
2026-08-23T00:37:26,110.87,46.17
2026-08-23T00:37:27,111.44,46.73
2026-08-23T00:37:28,110.81,46.11
2026-08-23T00:37:29,110.6,45.9
2026-08-23T00:37:30,110.03,45.34
2026-08-23T00:37:31,110.44,45.75
2026-08-23T00:37:32,110.34,45.65
2026-08-23T00:37:33,110.04,45.35
2026-08-23T00:37:34,111.14,46.44
2026-08-23T00:37:35,111.38,46.67
2026-08-23T00:37:36,110.79,46.09
2026-08-23T00:37:37,110.88,46.18
2026-08-23T00:37:38,111.3,46.59
2026-08-23T00:37:39,111.65,46.94
2026-08-23T00:37:40,110.92,46.22
2026-08-23T00:37:41,110.84,46.14
2026-08-23T00:37:42,110.73,46.03
2026-08-23T00:37:43,110.1,45.41
2026-08-23T00:37:44,110.61,45.91
2026-08-23T00:37:45,110.64,45.95
2026-08-23T00:37:46,110.48,45.79
2026-08-23T00:37:47,111.09,46.39
2026-08-23T00:37:48,111.37,46.66
2026-08-23T00:37:49,111.3,46.59
2026-08-23T00:37:50,111.25,46.54
2026-08-23T00:37:51,110.73,46.03
2026-08-23T00:37:52,110.63,45.93
2026-08-23T00:37:53,110.59,45.89
2026-08-23T00:37:54,110.68,45.98
2026-08-23T00:37:55,110.72,46.02
2026-08-23T00:37:56,110.81,46.11
2026-08-23T00:37:57,110.78,46.08
2026-08-23T00:37:58,110.79,46.09
2026-08-23T00:37:59,110.5,45.8
2026-08-23T00:38:00,111.21,46.51
2026-08-23T00:38:01,110.93,46.23
2026-08-23T00:38:02,111.04,46.33
2026-08-23T00:38:03,110.7,46.0
2026-08-23T00:38:04,111.59,46.88
2026-08-23T00:38:05,111.56,46.85
2026-08-23T00:38:06,110.75,46.06
2026-08-23T00:38:07,111.36,46.66
2026-08-23T00:38:08,111.89,47.18
2026-08-23T00:38:09,111.18,46.48
2026-08-23T00:38:10,110.43,45.73
2026-08-23T00:38:11,110.73,46.04
2026-08-23T00:38:12,110.76,46.06
2026-08-23T00:38:13,110.85,46.15
2026-08-23T00:38:14,111.39,46.69
2026-08-23T00:38:15,111.36,46.65
2026-08-23T00:38:16,111.87,47.16
2026-08-23T00:38:17,111.52,46.81
2026-08-23T00:38:18,111.17,46.47
2026-08-23T00:38:19,111.1,46.4
2026-08-23T00:38:20,111.19,46.48
2026-08-23T00:38:21,111.6,46.89
2026-08-23T00:38:22,111.34,46.63
2026-08-23T00:38:23,111.33,46.62
2026-08-23T00:38:24,111.8,47.09
2026-08-23T00:38:25,111.89,47.17
2026-08-23T00:38:26,113.42,48.68
2026-08-23T00:38:27,111.78,47.06
2026-08-23T00:38:28,110.95,46.25
2026-08-23T00:38:29,111.39,46.68
2026-08-23T00:38:30,110.79,46.1
2026-08-23T00:38:31,110.87,46.17
2026-08-23T00:38:32,110.97,46.27
2026-08-23T00:38:33,110.85,46.15
2026-08-23T00:38:34,111.2,46.49
2026-08-23T00:38:35,111.33,46.62
2026-08-23T00:38:36,111.74,47.03
2026-08-23T00:38:37,113.23,48.5
2026-08-23T00:38:38,112.88,48.15
2026-08-23T00:38:39,112.97,48.24
2026-08-23T00:38:40,112.21,47.49
2026-08-23T00:38:41,111.69,46.98
2026-08-23T00:38:42,111.68,46.97
2026-08-23T00:38:43,111.72,47.01
2026-08-23T00:38:44,112.41,47.68
2026-08-23T00:38:45,111.43,46.72
2026-08-23T00:38:46,111.82,47.11
2026-08-23T00:38:47,112.15,47.43
2026-08-23T00:38:48,112.16,47.44
2026-08-23T00:38:49,111.84,47.13
2026-08-23T00:38:50,112.03,47.31
2026-08-23T00:38:51,112.4,47.68
2026-08-23T00:38:52,113.17,48.44
2026-08-23T00:38:53,115.27,50.51
2026-08-23T00:38:54,115.78,51.01
2026-08-23T00:38:55,117.69,52.89
2026-08-23T00:38:56,120.83,55.99
2026-08-23T00:38:57,123.15,58.28
2026-08-23T00:38:58,125.2,60.3
2026-08-23T00:38:59,127.98,63.04
2026-08-23T00:39:00,127.92,62.98
2026-08-23T00:39:01,127.82,62.88
2026-08-23T00:39:02,124.18,59.29
2026-08-23T00:39:03,121.36,56.51
2026-08-23T00:39:04,120.57,55.73
2026-08-23T00:39:05,121.04,56.19
2026-08-23T00:39:06,121.26,56.42
2026-08-23T00:39:07,122.27,57.41
2026-08-23T00:39:08,124.02,59.13
2026-08-23T00:39:09,124.94,60.04
2026-08-23T00:39:10,124.91,60.01
2026-08-23T00:39:11,124.18,59.29
2026-08-23T00:39:12,122.87,58.0
2026-08-23T00:39:13,120.64,55.81
2026-08-23T00:39:14,117.79,52.99
2026-08-23T00:39:15,116.7,51.92
2026-08-23T00:39:16,115.51,50.75
2026-08-23T00:39:17,115.72,50.95
2026-08-23T00:39:18,114.52,49.77
2026-08-23T00:39:19,113.42,48.68
2026-08-23T00:39:20,112.79,48.06
2026-08-23T00:39:21,112.71,47.98
2026-08-23T00:39:22,111.86,47.15
2026-08-23T00:39:23,112.09,47.37
2026-08-23T00:39:24,111.45,46.74
2026-08-23T00:39:25,111.83,47.12
2026-08-23T00:39:26,111.27,46.57
2026-08-23T00:39:27,111.27,46.56
2026-08-23T00:39:28,111.18,46.47
2026-08-23T00:39:29,111.27,46.56
2026-08-23T00:39:30,110.98,46.28
2026-08-23T00:39:31,111.04,46.34
2026-08-23T00:39:32,111.2,46.5
2026-08-23T00:39:33,110.63,45.94
2026-08-23T00:39:34,110.46,45.77
2026-08-23T00:39:35,110.44,45.75
2026-08-23T00:39:36,110.38,45.69
2026-08-23T00:39:37,110.58,45.88
2026-08-23T00:39:38,110.5,45.8
2026-08-23T00:39:39,110.84,46.15
2026-08-23T00:39:40,111.18,46.48
2026-08-23T00:39:41,111.06,46.36
2026-08-23T00:39:42,110.98,46.28
2026-08-23T00:39:43,110.65,45.95
2026-08-23T00:39:44,110.55,45.86
2026-08-23T00:39:45,110.53,45.83
2026-08-23T00:39:46,110.9,46.2
2026-08-23T00:39:47,110.1,45.41
2026-08-23T00:39:48,110.65,45.95
2026-08-23T00:39:49,110.39,45.69
2026-08-23T00:39:50,110.44,45.75
2026-08-23T00:39:51,110.84,46.14
2026-08-23T00:39:52,111.27,46.56
2026-08-23T00:39:53,111.03,46.33
2026-08-23T00:39:54,110.8,46.1
2026-08-23T00:39:55,110.36,45.67
2026-08-23T00:39:56,110.31,45.61
2026-08-23T00:39:57,110.58,45.88
2026-08-23T00:39:58,110.74,46.04
2026-08-23T00:39:59,111.28,46.57
2026-08-23T00:40:00,111.18,46.48
2026-08-23T00:40:01,111.03,46.33
2026-08-23T00:40:02,110.58,45.89
2026-08-23T00:40:03,111.14,46.44
2026-08-23T00:40:04,110.92,46.22
2026-08-23T00:40:05,111.03,46.33
2026-08-23T00:40:06,110.83,46.13
2026-08-23T00:40:07,110.99,46.29
2026-08-23T00:40:08,110.91,46.21
2026-08-23T00:40:09,111.17,46.47
2026-08-23T00:40:10,110.98,46.28
2026-08-23T00:40:11,111.29,46.58
2026-08-23T00:40:12,111.42,46.71
2026-08-23T00:40:13,112.01,47.29
2026-08-23T00:40:14,112.71,47.99
2026-08-23T00:40:15,113.55,48.82
2026-08-23T00:40:16,114.38,49.63
2026-08-23T00:40:17,115.91,51.14
2026-08-23T00:40:18,118.67,53.86
2026-08-23T00:40:19,121.06,56.22
2026-08-23T00:40:20,122.83,57.96
2026-08-23T00:40:21,126.14,61.23
2026-08-23T00:40:22,126.77,61.85
2026-08-23T00:40:23,122.78,57.91
2026-08-23T00:40:24,118.08,53.28
2026-08-23T00:40:25,114.55,49.8
2026-08-23T00:40:26,113.04,48.31
2026-08-23T00:40:27,112.3,47.58
2026-08-23T00:40:28,111.82,47.11
2026-08-23T00:40:29,112.31,47.59
2026-08-23T00:40:30,111.44,46.74
2026-08-23T00:40:31,111.01,46.3
2026-08-23T00:40:32,111.05,46.35
2026-08-23T00:40:33,111.03,46.33
2026-08-23T00:40:34,111.62,46.91
2026-08-23T00:40:35,111.35,46.65
2026-08-23T00:40:36,111.35,46.64
2026-08-23T00:40:37,112.2,47.48
2026-08-23T00:40:38,112.75,48.02
2026-08-23T00:40:39,113.71,48.97
2026-08-23T00:40:40,113.57,48.84
2026-08-23T00:40:41,114.67,49.92
2026-08-23T00:40:42,112.52,47.8
2026-08-23T00:40:43,112.24,47.52
2026-08-23T00:40:44,111.43,46.72
2026-08-23T00:40:45,111.5,46.79
2026-08-23T00:40:46,111.66,46.95
2026-08-23T00:40:47,111.39,46.68
2026-08-23T00:40:48,111.1,46.4
2026-08-23T00:40:49,111.35,46.65
2026-08-23T00:40:50,111.73,47.02
2026-08-23T00:40:51,111.51,46.8
2026-08-23T00:40:52,111.76,47.05
2026-08-23T00:40:53,111.75,47.04
2026-08-23T00:40:54,111.38,46.67
2026-08-23T00:40:55,111.52,46.81
2026-08-23T00:40:56,111.63,46.92
2026-08-23T00:40:57,110.89,46.19
2026-08-23T00:40:58,111.47,46.76
2026-08-23T00:40:59,111.45,46.75
2026-08-23T00:41:00,111.09,46.39
2026-08-23T00:41:01,111.27,46.57
2026-08-23T00:41:02,110.46,45.77
2026-08-23T00:41:03,110.84,46.14
2026-08-23T00:41:04,110.75,46.05
2026-08-23T00:41:05,110.53,45.84
2026-08-23T00:41:06,111.26,46.55
2026-08-23T00:41:07,111.03,46.33
2026-08-23T00:41:08,111.34,46.63
2026-08-23T00:41:09,110.91,46.21
2026-08-23T00:41:10,111.35,46.64
2026-08-23T00:41:11,111.07,46.37
2026-08-23T00:41:12,111.46,46.75
2026-08-23T00:41:13,111.75,47.04
2026-08-23T00:41:14,111.58,46.87
2026-08-23T00:41:15,110.99,46.29
2026-08-23T00:41:16,111.26,46.56
2026-08-23T00:41:17,111.12,46.42
2026-08-23T00:41:18,110.81,46.11
2026-08-23T00:41:19,111.15,46.45
2026-08-23T00:41:20,111.35,46.64
2026-08-23T00:41:21,110.74,46.04
2026-08-23T00:41:22,110.99,46.29
2026-08-23T00:41:23,111.39,46.68
2026-08-23T00:41:24,111.23,46.52
2026-08-23T00:41:25,111.52,46.81
2026-08-23T00:41:26,111.31,46.6
2026-08-23T00:41:27,111.41,46.71
2026-08-23T00:41:28,111.17,46.47
2026-08-23T00:41:29,110.86,46.16
2026-08-23T00:41:30,111.22,46.51
2026-08-23T00:41:31,111.57,46.86
2026-08-23T00:41:32,111.34,46.63
2026-08-23T00:41:33,112.46,47.74
2026-08-23T00:41:34,112.64,47.91
2026-08-23T00:41:35,112.61,47.88
2026-08-23T00:41:36,112.65,47.93
2026-08-23T00:41:37,112.96,48.23
2026-08-23T00:41:38,112.66,47.93
2026-08-23T00:41:39,112.65,47.92
2026-08-23T00:41:40,112.63,47.91
2026-08-23T00:41:41,112.58,47.86
2026-08-23T00:41:42,112.78,48.05
2026-08-23T00:41:43,115.45,50.68
2026-08-23T00:41:44,113.97,49.22
2026-08-23T00:41:45,111.9,47.18
2026-08-23T00:41:46,111.54,46.83
2026-08-23T00:41:47,111.39,46.68
2026-08-23T00:41:48,110.52,45.83
2026-08-23T00:41:49,110.32,45.62
2026-08-23T00:41:50,110.15,45.46
2026-08-23T00:41:51,109.94,45.26
2026-08-23T00:41:52,110.1,45.41
2026-08-23T00:41:53,109.99,45.3
2026-08-23T00:41:54,110.07,45.38
2026-08-23T00:41:55,109.89,45.21
2026-08-23T00:41:56,109.95,45.27
2026-08-23T00:41:57,110.16,45.47
2026-08-23T00:41:58,110.06,45.37
2026-08-23T00:41:59,110.55,45.86
2026-08-23T00:42:00,110.79,46.1
2026-08-23T00:42:01,110.61,45.91
2026-08-23T00:42:02,110.31,45.62
2026-08-23T00:42:03,110.25,45.56
2026-08-23T00:42:04,110.13,45.44
2026-08-23T00:42:05,110.23,45.54
2026-08-23T00:42:06,110.27,45.58
2026-08-23T00:42:07,110.51,45.81
2026-08-23T00:42:08,110.66,45.96
2026-08-23T00:42:09,110.39,45.7
2026-08-23T00:42:10,110.07,45.39
2026-08-23T00:42:11,110.19,45.5
2026-08-23T00:42:12,110.33,45.64
2026-08-23T00:42:13,109.91,45.23
2026-08-23T00:42:14,110.02,45.33
2026-08-23T00:42:15,110.1,45.42
2026-08-23T00:42:16,109.83,45.15
2026-08-23T00:42:17,110.05,45.36
2026-08-23T00:42:18,110.38,45.69
2026-08-23T00:42:19,109.92,45.23
2026-08-23T00:42:20,109.93,45.25
2026-08-23T00:42:21,109.65,44.97
2026-08-23T00:42:22,109.92,45.24
2026-08-23T00:42:23,109.74,45.05
2026-08-23T00:42:24,110.29,45.6
2026-08-23T00:42:25,109.85,45.16
2026-08-23T00:42:26,110.37,45.68
2026-08-23T00:42:27,110.01,45.32
2026-08-23T00:42:28,109.6,44.92
2026-08-23T00:42:29,109.9,45.21
2026-08-23T00:42:30,109.93,45.24
2026-08-23T00:42:31,110.14,45.45
2026-08-23T00:42:32,109.77,45.09
2026-08-23T00:42:33,109.63,44.95
2026-08-23T00:42:34,110.0,45.31
2026-08-23T00:42:35,110.24,45.55
2026-08-23T00:42:36,109.94,45.26
2026-08-23T00:42:37,110.4,45.7
2026-08-23T00:42:38,110.4,45.71
2026-08-23T00:42:39,111.1,46.4
2026-08-23T00:42:40,109.83,45.15
2026-08-23T00:42:41,111.63,46.92
2026-08-23T00:42:42,111.84,47.13
2026-08-23T00:42:43,112.37,47.65
2026-08-23T00:42:44,110.61,45.92
2026-08-23T00:42:45,110.41,45.71
2026-08-23T00:42:46,111.08,46.38
2026-08-23T00:42:47,110.67,45.97
2026-08-23T00:42:48,110.28,45.59
2026-08-23T00:42:49,111.15,46.45
2026-08-23T00:42:50,111.64,46.93
2026-08-23T00:42:51,112.3,47.58
2026-08-23T00:42:52,113.71,48.97
2026-08-23T00:42:53,115.2,50.44
2026-08-23T00:42:54,117.32,52.53
2026-08-23T00:42:55,119.33,54.51
2026-08-23T00:42:56,122.08,57.22
2026-08-23T00:42:57,124.8,59.91
2026-08-23T00:42:58,128.19,63.24
2026-08-23T00:42:59,130.31,65.34
2026-08-23T00:43:00,129.52,64.55
2026-08-23T00:43:01,121.39,56.54
2026-08-23T00:43:02,117.21,52.42
2026-08-23T00:43:03,114.49,49.74
2026-08-23T00:43:04,112.61,47.89
2026-08-23T00:43:05,111.15,46.45
2026-08-23T00:43:06,110.73,46.03
2026-08-23T00:43:07,110.26,45.57
2026-08-23T00:43:08,110.6,45.91
2026-08-23T00:43:09,109.65,44.97
2026-08-23T00:43:10,109.78,45.09
2026-08-23T00:43:11,109.81,45.12
2026-08-23T00:43:12,109.83,45.15
2026-08-23T00:43:13,109.87,45.19
2026-08-23T00:43:14,110.42,45.73
2026-08-23T00:43:15,109.93,45.25
2026-08-23T00:43:16,109.79,45.1
2026-08-23T00:43:17,110.16,45.47
2026-08-23T00:43:18,109.68,45.0
2026-08-23T00:43:19,109.47,44.79
2026-08-23T00:43:20,110.34,45.64
2026-08-23T00:43:21,110.22,45.53
2026-08-23T00:43:22,109.86,45.18
2026-08-23T00:43:23,110.18,45.49
2026-08-23T00:43:24,110.03,45.35
2026-08-23T00:43:25,109.85,45.16
2026-08-23T00:43:26,109.94,45.26
2026-08-23T00:43:27,109.75,45.07
2026-08-23T00:43:28,110.7,46.0
2026-08-23T00:43:29,111.14,46.44
2026-08-23T00:43:30,110.74,46.04
2026-08-23T00:43:31,110.5,45.8
2026-08-23T00:43:32,110.55,45.85
2026-08-23T00:43:33,111.53,46.83
2026-08-23T00:43:34,110.74,46.04
2026-08-23T00:43:35,110.44,45.75
2026-08-23T00:43:36,110.5,45.81
2026-08-23T00:43:37,110.98,46.28
2026-08-23T00:43:38,111.26,46.55
2026-08-23T00:43:39,111.51,46.81
2026-08-23T00:43:40,111.04,46.34
2026-08-23T00:43:41,110.72,46.02
2026-08-23T00:43:42,110.49,45.8
2026-08-23T00:43:43,110.12,45.44
2026-08-23T00:43:44,110.25,45.56
2026-08-23T00:43:45,110.38,45.68
2026-08-23T00:43:46,110.95,46.25
2026-08-23T00:43:47,110.93,46.23
2026-08-23T00:43:48,110.92,46.22
2026-08-23T00:43:49,111.02,46.32
2026-08-23T00:43:50,111.36,46.65
2026-08-23T00:43:51,111.04,46.34
2026-08-23T00:43:52,110.98,46.28
2026-08-23T00:43:53,110.64,45.94
2026-08-23T00:43:54,110.31,45.61
2026-08-23T00:43:55,110.51,45.82
2026-08-23T00:43:56,110.4,45.71
2026-08-23T00:43:57,111.57,46.86
2026-08-23T00:43:58,111.15,46.44
2026-08-23T00:43:59,112.67,47.94
2026-08-23T00:44:00,112.82,48.09
2026-08-23T00:44:01,112.46,47.74
2026-08-23T00:44:02,112.39,47.67
2026-08-23T00:44:03,112.38,47.66
2026-08-23T00:44:04,112.12,47.4
2026-08-23T00:44:05,111.31,46.6
2026-08-23T00:44:06,110.64,45.94
2026-08-23T00:44:07,110.78,46.08
2026-08-23T00:44:08,110.23,45.54
2026-08-23T00:44:09,110.77,46.07
2026-08-23T00:44:10,110.47,45.77
2026-08-23T00:44:11,110.76,46.06
2026-08-23T00:44:12,110.34,45.65
2026-08-23T00:44:13,110.18,45.49
2026-08-23T00:44:14,109.97,45.28
2026-08-23T00:44:15,110.09,45.4
2026-08-23T00:44:16,109.9,45.21
2026-08-23T00:44:17,110.13,45.44
2026-08-23T00:44:18,110.71,46.02
2026-08-23T00:44:19,110.48,45.78
2026-08-23T00:44:20,110.68,45.98
2026-08-23T00:44:21,110.93,46.23
2026-08-23T00:44:22,111.32,46.62
2026-08-23T00:44:23,111.09,46.39
2026-08-23T00:44:24,110.93,46.23
2026-08-23T00:44:25,110.58,45.88
2026-08-23T00:44:26,110.58,45.89
2026-08-23T00:44:27,111.06,46.36
2026-08-23T00:44:28,110.91,46.21
2026-08-23T00:44:29,111.23,46.53
2026-08-23T00:44:30,111.03,46.32
2026-08-23T00:44:31,110.93,46.23
2026-08-23T00:44:32,110.98,46.28
2026-08-23T00:44:33,111.32,46.62
2026-08-23T00:44:34,110.95,46.25
2026-08-23T00:44:35,110.81,46.12
2026-08-23T00:44:36,111.19,46.49
2026-08-23T00:44:37,110.81,46.11
2026-08-23T00:44:38,111.46,46.75
2026-08-23T00:44:39,111.57,46.86
2026-08-23T00:44:40,110.95,46.25
2026-08-23T00:44:41,110.74,46.04
2026-08-23T00:44:42,110.7,46.01
2026-08-23T00:44:43,110.59,45.9
2026-08-23T00:44:44,110.98,46.28
2026-08-23T00:44:45,111.0,46.29
2026-08-23T00:44:46,110.81,46.11
2026-08-23T00:44:47,111.57,46.86
2026-08-23T00:44:48,111.1,46.4
2026-08-23T00:44:49,111.57,46.86
2026-08-23T00:44:50,112.03,47.31
2026-08-23T00:44:51,111.65,46.94
2026-08-23T00:44:52,110.81,46.11
2026-08-23T00:44:53,110.75,46.06
2026-08-23T00:44:54,110.84,46.14
2026-08-23T00:44:55,111.61,46.9
2026-08-23T00:44:56,111.35,46.64
2026-08-23T00:44:57,111.59,46.88
2026-08-23T00:44:58,111.31,46.6
2026-08-23T00:44:59,110.38,45.69
2026-08-23T00:45:00,110.5,45.81
2026-08-23T00:45:01,110.11,45.42
2026-08-23T00:45:02,110.49,45.79
2026-08-23T00:45:03,110.83,46.13
2026-08-23T00:45:04,110.88,46.18
2026-08-23T00:45:05,110.62,45.93
2026-08-23T00:45:06,110.7,46.0
2026-08-23T00:45:07,110.83,46.13
2026-08-23T00:45:08,110.84,46.14
2026-08-23T00:45:09,110.7,46.0
2026-08-23T00:45:10,110.87,46.17
2026-08-23T00:45:11,110.48,45.78
2026-08-23T00:45:12,110.65,45.95
2026-08-23T00:45:13,111.09,46.39
2026-08-23T00:45:14,111.29,46.58
2026-08-23T00:45:15,111.25,46.55
2026-08-23T00:45:16,110.91,46.21
2026-08-23T00:45:17,111.43,46.72
2026-08-23T00:45:18,110.99,46.28
2026-08-23T00:45:19,110.98,46.28
2026-08-23T00:45:20,111.23,46.52
2026-08-23T00:45:21,110.7,46.0
2026-08-23T00:45:22,110.25,45.56
2026-08-23T00:45:23,110.55,45.86
2026-08-23T00:45:24,110.91,46.21
2026-08-23T00:45:25,110.65,45.95
2026-08-23T00:45:26,110.79,46.09
2026-08-23T00:45:27,110.77,46.07
2026-08-23T00:45:28,110.17,45.48
2026-08-23T00:45:29,110.51,45.82
2026-08-23T00:45:30,110.39,45.7
2026-08-23T00:45:31,110.75,46.05
2026-08-23T00:45:32,110.74,46.04
2026-08-23T00:45:33,110.32,45.63
2026-08-23T00:45:34,110.14,45.45
2026-08-23T00:45:35,109.88,45.2
2026-08-23T00:45:36,110.02,45.33
2026-08-23T00:45:37,110.31,45.62
2026-08-23T00:45:38,109.89,45.21
2026-08-23T00:45:39,110.3,45.61
2026-08-23T00:45:40,110.59,45.89
2026-08-23T00:45:41,110.07,45.38
2026-08-23T00:45:42,109.86,45.18
2026-08-23T00:45:43,110.21,45.52
2026-08-23T00:45:44,110.01,45.32
2026-08-23T00:45:45,110.3,45.61
2026-08-23T00:45:46,111.23,46.52
2026-08-23T00:45:47,110.74,46.05
2026-08-23T00:45:48,110.61,45.92
2026-08-23T00:45:49,110.71,46.01
2026-08-23T00:45:50,110.77,46.08
2026-08-23T00:45:51,111.2,46.49
2026-08-23T00:45:52,112.43,47.7
2026-08-23T00:45:53,112.78,48.06
2026-08-23T00:45:54,113.67,48.93
2026-08-23T00:45:55,114.17,49.42
2026-08-23T00:45:56,115.39,50.62
2026-08-23T00:45:57,116.7,51.92
2026-08-23T00:45:58,120.28,55.45
2026-08-23T00:45:59,123.75,58.87
2026-08-23T00:46:00,126.62,61.69
2026-08-23T00:46:01,129.17,64.22
2026-08-23T00:46:02,130.58,65.6
2026-08-23T00:46:03,128.92,63.96
2026-08-23T00:46:04,126.77,61.84
2026-08-23T00:46:05,125.45,60.54
2026-08-23T00:46:06,125.64,60.73
2026-08-23T00:46:07,125.41,60.5
2026-08-23T00:46:08,122.79,57.92
2026-08-23T00:46:09,119.81,54.98
2026-08-23T00:46:10,117.91,53.11
2026-08-23T00:46:11,116.76,51.98
2026-08-23T00:46:12,114.71,49.96
2026-08-23T00:46:13,114.17,49.42
2026-08-23T00:46:14,112.57,47.85
2026-08-23T00:46:15,112.07,47.35
2026-08-23T00:46:16,112.06,47.34
2026-08-23T00:46:17,112.33,47.61
2026-08-23T00:46:18,112.27,47.55
2026-08-23T00:46:19,111.91,47.2
2026-08-23T00:46:20,111.71,47.0
2026-08-23T00:46:21,111.24,46.54
2026-08-23T00:46:22,110.79,46.1
2026-08-23T00:46:23,110.96,46.26
2026-08-23T00:46:24,110.62,45.93
2026-08-23T00:46:25,110.83,46.13
2026-08-23T00:46:26,111.38,46.68
2026-08-23T00:46:27,111.02,46.32
2026-08-23T00:46:28,111.15,46.44
2026-08-23T00:46:29,111.33,46.63
2026-08-23T00:46:30,111.21,46.51
2026-08-23T00:46:31,111.93,47.22
2026-08-23T00:46:32,112.15,47.43
2026-08-23T00:46:33,112.22,47.5
2026-08-23T00:46:34,112.02,47.3
2026-08-23T00:46:35,111.54,46.83
2026-08-23T00:46:36,112.0,47.28
2026-08-23T00:46:37,113.14,48.41
2026-08-23T00:46:38,113.7,48.96
2026-08-23T00:46:39,113.93,49.18
2026-08-23T00:46:40,113.86,49.12
2026-08-23T00:46:41,114.16,49.42
2026-08-23T00:46:42,113.34,48.61
2026-08-23T00:46:43,112.63,47.91
2026-08-23T00:46:44,112.03,47.32
2026-08-23T00:46:45,112.23,47.51
2026-08-23T00:46:46,112.09,47.37
2026-08-23T00:46:47,112.15,47.43
2026-08-23T00:46:48,113.47,48.74
2026-08-23T00:46:49,113.21,48.48
2026-08-23T00:46:50,112.25,47.53
2026-08-23T00:46:51,111.99,47.27
2026-08-23T00:46:52,112.36,47.64
2026-08-23T00:46:53,111.6,46.89
2026-08-23T00:46:54,111.24,46.53
2026-08-23T00:46:55,111.47,46.76
2026-08-23T00:46:56,111.02,46.32
2026-08-23T00:46:57,111.02,46.32
2026-08-23T00:46:58,110.67,45.98
2026-08-23T00:46:59,110.58,45.89
2026-08-23T00:47:00,110.5,45.8
2026-08-23T00:47:01,110.6,45.91
2026-08-23T00:47:02,110.84,46.15
2026-08-23T00:47:03,110.41,45.71
2026-08-23T00:47:04,110.19,45.5
2026-08-23T00:47:05,110.45,45.75
2026-08-23T00:47:06,110.73,46.03
2026-08-23T00:47:07,110.63,45.93
2026-08-23T00:47:08,110.26,45.57
2026-08-23T00:47:09,109.97,45.28
2026-08-23T00:47:10,110.36,45.67
2026-08-23T00:47:11,110.09,45.4
2026-08-23T00:47:12,109.73,45.05
2026-08-23T00:47:13,109.6,44.92
2026-08-23T00:47:14,109.83,45.15
2026-08-23T00:47:15,109.59,44.91
2026-08-23T00:47:16,109.73,45.05
2026-08-23T00:47:17,109.23,44.55
2026-08-23T00:47:18,109.27,44.59
2026-08-23T00:47:19,109.39,44.71
2026-08-23T00:47:20,109.44,44.76
2026-08-23T00:47:21,109.26,44.59
2026-08-23T00:47:22,109.53,44.85
2026-08-23T00:47:23,109.67,44.98
2026-08-23T00:47:24,110.14,45.45
2026-08-23T00:47:25,109.95,45.27
2026-08-23T00:47:26,109.4,44.72
2026-08-23T00:47:27,109.46,44.78
2026-08-23T00:47:28,109.99,45.3
2026-08-23T00:47:29,110.35,45.65
2026-08-23T00:47:30,109.65,44.97
2026-08-23T00:47:31,109.37,44.69
2026-08-23T00:47:32,109.67,44.99
2026-08-23T00:47:33,109.56,44.88
2026-08-23T00:47:34,108.87,44.2
2026-08-23T00:47:35,109.39,44.71
2026-08-23T00:47:36,109.46,44.78
2026-08-23T00:47:37,109.35,44.68
2026-08-23T00:47:38,109.9,45.22
2026-08-23T00:47:39,109.36,44.69
2026-08-23T00:47:40,109.62,44.94
2026-08-23T00:47:41,109.26,44.58
2026-08-23T00:47:42,109.02,44.34
2026-08-23T00:47:43,109.29,44.62
2026-08-23T00:47:44,108.88,44.21
2026-08-23T00:47:45,109.43,44.75
2026-08-23T00:47:46,109.74,45.05
2026-08-23T00:47:47,109.69,45.01
2026-08-23T00:47:48,109.76,45.08
2026-08-23T00:47:49,110.15,45.46
2026-08-23T00:47:50,109.96,45.28
2026-08-23T00:47:51,109.99,45.3
2026-08-23T00:47:52,110.67,45.97
2026-08-23T00:47:53,110.55,45.85
2026-08-23T00:47:54,110.3,45.6
2026-08-23T00:47:55,110.08,45.39
2026-08-23T00:47:56,109.69,45.01
2026-08-23T00:47:57,109.96,45.27
2026-08-23T00:47:58,110.18,45.49
2026-08-23T00:47:59,110.45,45.75
2026-08-23T00:48:00,110.83,46.14
2026-08-23T00:48:01,110.61,45.91
2026-08-23T00:48:02,110.73,46.03
2026-08-23T00:48:03,110.71,46.01
2026-08-23T00:48:04,111.59,46.88
2026-08-23T00:48:05,111.31,46.6
2026-08-23T00:48:06,111.53,46.83
2026-08-23T00:48:07,112.54,47.81
2026-08-23T00:48:08,112.48,47.76
2026-08-23T00:48:09,113.5,48.76
2026-08-23T00:48:10,112.97,48.24
2026-08-23T00:48:11,114.3,49.55
2026-08-23T00:48:12,115.29,50.52
2026-08-23T00:48:13,116.52,51.74
2026-08-23T00:48:14,116.89,52.1
2026-08-23T00:48:15,116.54,51.76
2026-08-23T00:48:16,117.4,52.61
2026-08-23T00:48:17,117.44,52.64
2026-08-23T00:48:18,116.97,52.18
2026-08-23T00:48:19,117.4,52.61
2026-08-23T00:48:20,117.3,52.51
2026-08-23T00:48:21,118.69,53.88
2026-08-23T00:48:22,119.22,54.41
2026-08-23T00:48:23,118.31,53.51
2026-08-23T00:48:24,119.05,54.23
2026-08-23T00:48:25,118.21,53.41
2026-08-23T00:48:26,119.37,54.55
2026-08-23T00:48:27,118.51,53.7
2026-08-23T00:48:28,118.47,53.67
2026-08-23T00:48:29,117.95,53.15
2026-08-23T00:48:30,120.17,55.34
2026-08-23T00:48:31,118.64,53.83
2026-08-23T00:48:32,119.29,54.47
2026-08-23T00:48:33,117.4,52.61
2026-08-23T00:48:34,117.05,52.26
2026-08-23T00:48:35,118.78,53.97
2026-08-23T00:48:36,120.3,55.47
2026-08-23T00:48:37,133.95,68.92
2026-08-23T00:48:38,126.25,61.34
2026-08-23T00:48:39,119.75,54.93
2026-08-23T00:48:40,118.94,54.13
2026-08-23T00:48:41,116.69,51.9
2026-08-23T00:48:42,116.23,51.46
2026-08-23T00:48:43,118.03,53.23
2026-08-23T00:48:44,119.55,54.73
2026-08-23T00:48:45,120.14,55.31
2026-08-23T00:48:46,120.59,55.75
2026-08-23T00:48:47,123.27,58.39
2026-08-23T00:48:48,124.72,59.82
2026-08-23T00:48:49,125.38,60.47
2026-08-23T00:48:50,121.35,56.5
2026-08-23T00:48:51,118.65,53.84
2026-08-23T00:48:52,116.17,51.4
2026-08-23T00:48:53,114.17,49.42
2026-08-23T00:48:54,112.71,47.99
2026-08-23T00:48:55,112.78,48.05
2026-08-23T00:48:56,113.23,48.5
2026-08-23T00:48:57,113.02,48.29
2026-08-23T00:48:58,112.06,47.35
2026-08-23T00:48:59,111.77,47.06
2026-08-23T00:49:00,111.64,46.93
2026-08-23T00:49:01,110.75,46.05
2026-08-23T00:49:02,110.77,46.07
2026-08-23T00:49:03,110.9,46.2
2026-08-23T00:49:04,111.23,46.53
2026-08-23T00:49:05,111.37,46.67
2026-08-23T00:49:06,111.71,47.0
2026-08-23T00:49:07,111.47,46.76
2026-08-23T00:49:08,111.26,46.55
2026-08-23T00:49:09,110.91,46.21
2026-08-23T00:49:10,110.99,46.29
2026-08-23T00:49:11,110.83,46.13
2026-08-23T00:49:12,110.71,46.01
2026-08-23T00:49:13,110.69,45.99
2026-08-23T00:49:14,111.01,46.31
2026-08-23T00:49:15,111.1,46.39
2026-08-23T00:49:16,111.03,46.33
2026-08-23T00:49:17,110.74,46.04
2026-08-23T00:49:18,110.61,45.92
2026-08-23T00:49:19,110.41,45.72
2026-08-23T00:49:20,110.68,45.99
2026-08-23T00:49:21,110.71,46.02
2026-08-23T00:49:22,110.43,45.74
2026-08-23T00:49:23,110.6,45.91
2026-08-23T00:49:24,110.8,46.1
2026-08-23T00:49:25,110.36,45.66
2026-08-23T00:49:26,110.35,45.66
2026-08-23T00:49:27,110.62,45.92
2026-08-23T00:49:28,110.77,46.07
2026-08-23T00:49:29,111.17,46.47
2026-08-23T00:49:30,111.1,46.4
2026-08-23T00:49:31,110.53,45.84
2026-08-23T00:49:32,110.59,45.9
2026-08-23T00:49:33,110.57,45.87
2026-08-23T00:49:34,110.64,45.94
2026-08-23T00:49:35,110.93,46.23
2026-08-23T00:49:36,110.54,45.85
2026-08-23T00:49:37,110.85,46.15
2026-08-23T00:49:38,111.11,46.41
2026-08-23T00:49:39,110.89,46.19
2026-08-23T00:49:40,111.88,47.17
2026-08-23T00:49:41,111.93,47.22
2026-08-23T00:49:42,112.56,47.83
2026-08-23T00:49:43,112.43,47.71
2026-08-23T00:49:44,112.64,47.92
2026-08-23T00:49:45,113.21,48.48
2026-08-23T00:49:46,111.75,47.04
2026-08-23T00:49:47,111.86,47.15
2026-08-23T00:49:48,112.17,47.46
2026-08-23T00:49:49,113.12,48.39
2026-08-23T00:49:50,114.23,49.48
2026-08-23T00:49:51,115.44,50.68
2026-08-23T00:49:52,116.41,51.64
2026-08-23T00:49:53,118.61,53.8
2026-08-23T00:49:54,121.53,56.68
2026-08-23T00:49:55,123.06,58.19
2026-08-23T00:49:56,127.07,62.14
2026-08-23T00:49:57,127.06,62.13
2026-08-23T00:49:58,128.73,63.77
2026-08-23T00:49:59,122.4,57.54
2026-08-23T00:50:00,119.33,54.51
2026-08-23T00:50:01,116.55,51.78
2026-08-23T00:50:02,113.9,49.16
2026-08-23T00:50:03,112.88,48.15
2026-08-23T00:50:04,113.07,48.34
2026-08-23T00:50:05,112.54,47.82
2026-08-23T00:50:06,111.17,46.47
2026-08-23T00:50:07,110.62,45.93
2026-08-23T00:50:08,109.66,44.98
2026-08-23T00:50:09,110.22,45.53
2026-08-23T00:50:10,110.13,45.44
2026-08-23T00:50:11,109.43,44.75
2026-08-23T00:50:12,109.78,45.1
2026-08-23T00:50:13,109.75,45.06
2026-08-23T00:50:14,109.88,45.2
2026-08-23T00:50:15,109.58,44.89
2026-08-23T00:50:16,110.22,45.53
2026-08-23T00:50:17,110.08,45.39
2026-08-23T00:50:18,109.45,44.77
2026-08-23T00:50:19,109.99,45.3
2026-08-23T00:50:20,110.08,45.4
2026-08-23T00:50:21,109.75,45.07
2026-08-23T00:50:22,110.32,45.63
2026-08-23T00:50:23,109.61,44.93
2026-08-23T00:50:24,109.67,44.99
2026-08-23T00:50:25,109.55,44.87
2026-08-23T00:50:26,109.77,45.09
2026-08-23T00:50:27,109.39,44.72
2026-08-23T00:50:28,109.55,44.87
2026-08-23T00:50:29,109.05,44.38
2026-08-23T00:50:30,109.41,44.73
2026-08-23T00:50:31,109.21,44.54
2026-08-23T00:50:32,109.37,44.69
2026-08-23T00:50:33,109.6,44.92
2026-08-23T00:50:34,109.68,44.99
2026-08-23T00:50:35,109.77,45.09
2026-08-23T00:50:36,109.61,44.93
2026-08-23T00:50:37,109.85,45.16
2026-08-23T00:50:38,109.81,45.13
2026-08-23T00:50:39,109.9,45.21
2026-08-23T00:50:40,110.18,45.49
2026-08-23T00:50:41,110.06,45.38
2026-08-23T00:50:42,109.9,45.22
2026-08-23T00:50:43,109.57,44.89
2026-08-23T00:50:44,110.43,45.74
2026-08-23T00:50:45,110.88,46.18
2026-08-23T00:50:46,110.65,45.95
2026-08-23T00:50:47,110.25,45.56
2026-08-23T00:50:48,110.57,45.87
2026-08-23T00:50:49,110.05,45.36
2026-08-23T00:50:50,110.64,45.94
2026-08-23T00:50:51,110.23,45.54
2026-08-23T00:50:52,110.85,46.15
2026-08-23T00:50:53,110.37,45.67
2026-08-23T00:50:54,110.34,45.65
2026-08-23T00:50:55,110.83,46.13
2026-08-23T00:50:56,110.6,45.9
2026-08-23T00:50:57,110.57,45.87
2026-08-23T00:50:58,111.15,46.44
2026-08-23T00:50:59,110.84,46.14
2026-08-23T00:51:00,111.21,46.51
2026-08-23T00:51:01,111.31,46.61
2026-08-23T00:51:02,111.82,47.11
2026-08-23T00:51:03,111.32,46.62
2026-08-23T00:51:04,111.15,46.45
2026-08-23T00:51:05,110.81,46.11
2026-08-23T00:51:06,110.77,46.07
2026-08-23T00:51:07,110.2,45.51
2026-08-23T00:51:08,109.9,45.21
2026-08-23T00:51:09,110.42,45.73
2026-08-23T00:51:10,110.03,45.34
2026-08-23T00:51:11,110.28,45.59
2026-08-23T00:51:12,110.31,45.62
2026-08-23T00:51:13,110.36,45.67
2026-08-23T00:51:14,111.19,46.48
2026-08-23T00:51:15,110.7,46.01
2026-08-23T00:51:16,110.68,45.98
2026-08-23T00:51:17,110.37,45.68
2026-08-23T00:51:18,109.96,45.27
2026-08-23T00:51:19,109.97,45.29
2026-08-23T00:51:20,110.04,45.35
2026-08-23T00:51:21,109.4,44.72
2026-08-23T00:51:22,109.67,44.99
2026-08-23T00:51:23,109.1,44.42
2026-08-23T00:51:24,109.23,44.56
2026-08-23T00:51:25,109.8,45.12
2026-08-23T00:51:26,110.32,45.63
2026-08-23T00:51:27,110.38,45.69
2026-08-23T00:51:28,110.42,45.72
2026-08-23T00:51:29,110.22,45.53
2026-08-23T00:51:30,110.03,45.35
2026-08-23T00:51:31,110.28,45.59
2026-08-23T00:51:32,110.33,45.64
2026-08-23T00:51:33,110.52,45.82
2026-08-23T00:51:34,110.44,45.74
2026-08-23T00:51:35,109.95,45.27
2026-08-23T00:51:36,109.28,44.6
2026-08-23T00:51:37,109.71,45.03
2026-08-23T00:51:38,110.19,45.5
2026-08-23T00:51:39,110.56,45.86
2026-08-23T00:51:40,110.64,45.94
2026-08-23T00:51:41,110.51,45.82
2026-08-23T00:51:42,110.13,45.44
2026-08-23T00:51:43,110.17,45.48
2026-08-23T00:51:44,110.13,45.44
2026-08-23T00:51:45,110.19,45.5
2026-08-23T00:51:46,110.31,45.62
2026-08-23T00:51:47,110.01,45.32
2026-08-23T00:51:48,110.11,45.42
2026-08-23T00:51:49,110.63,45.94
2026-08-23T00:51:50,110.76,46.06
2026-08-23T00:51:51,110.94,46.24
2026-08-23T00:51:52,110.84,46.15
2026-08-23T00:51:53,110.23,45.54
2026-08-23T00:51:54,110.16,45.47
2026-08-23T00:51:55,110.94,46.24
2026-08-23T00:51:56,111.1,46.4
2026-08-23T00:51:57,110.64,45.94
2026-08-23T00:51:58,110.47,45.78
2026-08-23T00:51:59,110.82,46.12
2026-08-23T00:52:00,110.11,45.42
2026-08-23T00:52:01,111.57,46.86
2026-08-23T00:52:02,113.38,48.64
2026-08-23T00:52:03,111.76,47.05
2026-08-23T00:52:04,109.88,45.2
2026-08-23T00:52:05,109.85,45.16
2026-08-23T00:52:06,110.08,45.4
2026-08-23T00:52:07,110.2,45.51
2026-08-23T00:52:08,110.6,45.9
2026-08-23T00:52:09,110.86,46.16
2026-08-23T00:52:10,111.9,47.19
2026-08-23T00:52:11,111.49,46.79
2026-08-23T00:52:12,111.33,46.63
2026-08-23T00:52:13,111.49,46.78
2026-08-23T00:52:14,111.21,46.51
2026-08-23T00:52:15,111.44,46.73
2026-08-23T00:52:16,111.34,46.63
2026-08-23T00:52:17,111.58,46.87
2026-08-23T00:52:18,111.35,46.64
2026-08-23T00:52:19,110.84,46.14
2026-08-23T00:52:20,111.13,46.42
2026-08-23T00:52:21,111.17,46.46
2026-08-23T00:52:22,111.37,46.67
2026-08-23T00:52:23,110.53,45.83
2026-08-23T00:52:24,110.67,45.97
2026-08-23T00:52:25,110.56,45.87
2026-08-23T00:52:26,110.72,46.02
2026-08-23T00:52:27,110.73,46.03
2026-08-23T00:52:28,110.53,45.84
2026-08-23T00:52:29,110.45,45.75
2026-08-23T00:52:30,110.87,46.17
2026-08-23T00:52:31,110.45,45.75
2026-08-23T00:52:32,110.16,45.47
2026-08-23T00:52:33,109.82,45.14
2026-08-23T00:52:34,109.75,45.06
2026-08-23T00:52:35,109.85,45.16
2026-08-23T00:52:36,109.97,45.29
2026-08-23T00:52:37,110.24,45.55
2026-08-23T00:52:38,110.8,46.1
2026-08-23T00:52:39,110.24,45.55
2026-08-23T00:52:40,110.72,46.03
2026-08-23T00:52:41,110.71,46.01
2026-08-23T00:52:42,110.04,45.35
2026-08-23T00:52:43,110.52,45.82
2026-08-23T00:52:44,110.43,45.74
2026-08-23T00:52:45,110.16,45.47
2026-08-23T00:52:46,109.97,45.29
2026-08-23T00:52:47,109.55,44.87
2026-08-23T00:52:48,109.78,45.1
2026-08-23T00:52:49,109.86,45.18
2026-08-23T00:52:50,110.05,45.37
2026-08-23T00:52:51,110.24,45.55
2026-08-23T00:52:52,110.03,45.35
2026-08-23T00:52:53,110.02,45.34
2026-08-23T00:52:54,110.26,45.57
2026-08-23T00:52:55,110.07,45.38
2026-08-23T00:52:56,109.83,45.15
2026-08-23T00:52:57,110.41,45.72
2026-08-23T00:52:58,110.34,45.65
2026-08-23T00:52:59,110.59,45.89
2026-08-23T00:53:00,110.63,45.93
2026-08-23T00:53:01,110.0,45.31
2026-08-23T00:53:02,109.75,45.07
2026-08-23T00:53:03,110.34,45.65
2026-08-23T00:53:04,110.47,45.78
2026-08-23T00:53:05,110.27,45.58
2026-08-23T00:53:06,110.72,46.02
2026-08-23T00:53:07,110.06,45.37
2026-08-23T00:53:08,110.24,45.55
2026-08-23T00:53:09,110.25,45.56
2026-08-23T00:53:10,110.39,45.69
2026-08-23T00:53:11,110.5,45.8
2026-08-23T00:53:12,109.95,45.26
2026-08-23T00:53:13,110.23,45.54
2026-08-23T00:53:14,110.57,45.87
2026-08-23T00:53:15,110.46,45.76
2026-08-23T00:53:16,110.97,46.27
2026-08-23T00:53:17,111.88,47.17
2026-08-23T00:53:18,111.08,46.37
2026-08-23T00:53:19,110.81,46.11
2026-08-23T00:53:20,111.69,46.98
2026-08-23T00:53:21,112.22,47.5
2026-08-23T00:53:22,111.29,46.59
2026-08-23T00:53:23,111.83,47.12
2026-08-23T00:53:24,110.85,46.16
2026-08-23T00:53:25,110.88,46.19
2026-08-23T00:53:26,110.62,45.92
2026-08-23T00:53:27,111.04,46.34
2026-08-23T00:53:28,111.56,46.85
2026-08-23T00:53:29,111.56,46.85
2026-08-23T00:53:30,111.15,46.45
2026-08-23T00:53:31,110.75,46.05
2026-08-23T00:53:32,110.62,45.93
2026-08-23T00:53:33,110.17,45.49
2026-08-23T00:53:34,110.96,46.25
2026-08-23T00:53:35,110.23,45.54
2026-08-23T00:53:36,110.2,45.51
2026-08-23T00:53:37,111.86,47.15
2026-08-23T00:53:38,116.93,52.15
2026-08-23T00:53:39,111.8,47.08
2026-08-23T00:53:40,111.68,46.97
2026-08-23T00:53:41,111.38,46.67
2026-08-23T00:53:42,114.18,49.44
2026-08-23T00:53:43,113.58,48.85
2026-08-23T00:53:44,110.21,45.52
2026-08-23T00:53:45,112.05,47.33
2026-08-23T00:53:46,112.42,47.7
2026-08-23T00:53:47,113.2,48.47
2026-08-23T00:53:48,112.56,47.83
2026-08-23T00:53:49,110.54,45.85
2026-08-23T00:53:50,110.19,45.5
2026-08-23T00:53:51,110.41,45.72
2026-08-23T00:53:52,110.59,45.89
2026-08-23T00:53:53,110.73,46.03
2026-08-23T00:53:54,110.69,46.0
2026-08-23T00:53:55,110.54,45.84
2026-08-23T00:53:56,110.95,46.25
2026-08-23T00:53:57,111.14,46.44
2026-08-23T00:53:58,111.24,46.54
2026-08-23T00:53:59,111.66,46.95
2026-08-23T00:54:00,111.54,46.83
2026-08-23T00:54:01,111.96,47.24
2026-08-23T00:54:02,111.51,46.8
2026-08-23T00:54:03,112.12,47.41
2026-08-23T00:54:04,111.25,46.55
2026-08-23T00:54:05,110.92,46.22
2026-08-23T00:54:06,110.73,46.04
2026-08-23T00:54:07,110.94,46.24
2026-08-23T00:54:08,110.47,45.77
2026-08-23T00:54:09,110.91,46.21
2026-08-23T00:54:10,110.88,46.18
2026-08-23T00:54:11,110.4,45.7
2026-08-23T00:54:12,110.51,45.81
2026-08-23T00:54:13,110.36,45.67
2026-08-23T00:54:14,110.66,45.97
2026-08-23T00:54:15,110.56,45.86
2026-08-23T00:54:16,111.35,46.65
2026-08-23T00:54:17,111.01,46.3
2026-08-23T00:54:18,110.53,45.83
2026-08-23T00:54:19,110.4,45.71
2026-08-23T00:54:20,110.62,45.92
2026-08-23T00:54:21,111.09,46.38
2026-08-23T00:54:22,110.51,45.82
2026-08-23T00:54:23,110.58,45.89
2026-08-23T00:54:24,110.4,45.71
2026-08-23T00:54:25,110.76,46.06
2026-08-23T00:54:26,110.45,45.75
2026-08-23T00:54:27,110.63,45.94
2026-08-23T00:54:28,110.21,45.52
2026-08-23T00:54:29,110.54,45.84
2026-08-23T00:54:30,110.32,45.63
2026-08-23T00:54:31,110.31,45.62
2026-08-23T00:54:32,110.72,46.02
2026-08-23T00:54:33,110.7,46.0
2026-08-23T00:54:34,110.84,46.14
2026-08-23T00:54:35,111.01,46.3
2026-08-23T00:54:36,110.81,46.11
2026-08-23T00:54:37,110.46,45.77
2026-08-23T00:54:38,110.21,45.52
2026-08-23T00:54:39,110.26,45.57
2026-08-23T00:54:40,110.27,45.58
2026-08-23T00:54:41,110.15,45.46
2026-08-23T00:54:42,110.51,45.82
2026-08-23T00:54:43,110.11,45.43
2026-08-23T00:54:44,110.34,45.65
2026-08-23T00:54:45,110.91,46.21
2026-08-23T00:54:46,110.49,45.79
2026-08-23T00:54:47,110.47,45.78
2026-08-23T00:54:48,110.93,46.23
2026-08-23T00:54:49,110.57,45.87
2026-08-23T00:54:50,110.89,46.19
2026-08-23T00:54:51,110.52,45.83
2026-08-23T00:54:52,110.36,45.67
2026-08-23T00:54:53,110.7,46.0
2026-08-23T00:54:54,110.74,46.05
2026-08-23T00:54:55,110.74,46.05
2026-08-23T00:54:56,110.56,45.87
2026-08-23T00:54:57,110.68,45.98
2026-08-23T00:54:58,110.35,45.66
2026-08-23T00:54:59,110.28,45.59
2026-08-23T00:55:00,110.3,45.61
2026-08-23T00:55:01,110.13,45.44
2026-08-23T00:55:02,110.56,45.86
2026-08-23T00:55:03,110.73,46.03
2026-08-23T00:55:04,110.32,45.63
2026-08-23T00:55:05,109.99,45.3
2026-08-23T00:55:06,110.31,45.62
2026-08-23T00:55:07,110.52,45.83
2026-08-23T00:55:08,110.64,45.95
2026-08-23T00:55:09,110.72,46.02
2026-08-23T00:55:10,110.46,45.77
2026-08-23T00:55:11,110.91,46.21
2026-08-23T00:55:12,110.62,45.93
2026-08-23T00:55:13,110.85,46.15
2026-08-23T00:55:14,111.11,46.41
2026-08-23T00:55:15,110.7,46.0
2026-08-23T00:55:16,111.08,46.38
2026-08-23T00:55:17,110.84,46.14
2026-08-23T00:55:18,111.11,46.41
2026-08-23T00:55:19,111.12,46.42
2026-08-23T00:55:20,111.28,46.58
2026-08-23T00:55:21,110.32,45.62
2026-08-23T00:55:22,110.85,46.15
2026-08-23T00:55:23,110.73,46.03
2026-08-23T00:55:24,110.61,45.92
2026-08-23T00:55:25,110.81,46.11
2026-08-23T00:55:26,111.28,46.57
2026-08-23T00:55:27,110.67,45.98
2026-08-23T00:55:28,110.97,46.27
2026-08-23T00:55:29,111.38,46.67
2026-08-23T00:55:30,112.19,47.47
2026-08-23T00:55:31,113.31,48.58
2026-08-23T00:55:32,114.61,49.86
2026-08-23T00:55:33,115.16,50.4
2026-08-23T00:55:34,117.01,52.23
2026-08-23T00:55:35,120.16,55.33
2026-08-23T00:55:36,121.61,56.76
2026-08-23T00:55:37,124.02,59.14
2026-08-23T00:55:38,125.33,60.42
2026-08-23T00:55:39,125.56,60.66
2026-08-23T00:55:40,121.77,56.92
2026-08-23T00:55:41,118.97,54.16
2026-08-23T00:55:42,115.7,50.93
2026-08-23T00:55:43,114.13,49.39
2026-08-23T00:55:44,112.91,48.18
2026-08-23T00:55:45,112.92,48.19
2026-08-23T00:55:46,113.56,48.82
2026-08-23T00:55:47,113.01,48.28
2026-08-23T00:55:48,113.13,48.4
2026-08-23T00:55:49,113.76,49.02
2026-08-23T00:55:50,114.58,49.83
2026-08-23T00:55:51,116.2,51.43
2026-08-23T00:55:52,118.51,53.7
2026-08-23T00:55:53,120.67,55.84
2026-08-23T00:55:54,123.25,58.37
2026-08-23T00:55:55,125.53,60.62
2026-08-23T00:55:56,125.23,60.33
2026-08-23T00:55:57,125.09,60.19
2026-08-23T00:55:58,119.75,54.92
2026-08-23T00:55:59,117.37,52.58
2026-08-23T00:56:00,114.62,49.87
2026-08-23T00:56:01,112.69,47.97
2026-08-23T00:56:02,112.25,47.53
2026-08-23T00:56:03,112.02,47.31
2026-08-23T00:56:04,112.31,47.59
2026-08-23T00:56:05,111.54,46.84
2026-08-23T00:56:06,110.78,46.08
2026-08-23T00:56:07,110.39,45.7
2026-08-23T00:56:08,110.26,45.57
2026-08-23T00:56:09,110.26,45.57
2026-08-23T00:56:10,110.37,45.68
2026-08-23T00:56:11,110.17,45.48
2026-08-23T00:56:12,109.92,45.23
2026-08-23T00:56:13,110.18,45.49
2026-08-23T00:56:14,110.15,45.46
2026-08-23T00:56:15,110.18,45.49
2026-08-23T00:56:16,110.31,45.62
2026-08-23T00:56:17,110.18,45.49
2026-08-23T00:56:18,110.32,45.63
2026-08-23T00:56:19,110.47,45.78
2026-08-23T00:56:20,110.38,45.69
2026-08-23T00:56:21,110.51,45.81
2026-08-23T00:56:22,110.55,45.86
2026-08-23T00:56:23,110.2,45.51
2026-08-23T00:56:24,110.74,46.04
2026-08-23T00:56:25,110.81,46.11
2026-08-23T00:56:26,110.26,45.57
2026-08-23T00:56:27,110.61,45.91
2026-08-23T00:56:28,112.13,47.41
2026-08-23T00:56:29,112.53,47.81
2026-08-23T00:56:30,112.86,48.13
2026-08-23T00:56:31,112.94,48.21
2026-08-23T00:56:32,111.64,46.93
2026-08-23T00:56:33,111.4,46.69
2026-08-23T00:56:34,111.14,46.44
2026-08-23T00:56:35,111.29,46.58
2026-08-23T00:56:36,111.03,46.33
2026-08-23T00:56:37,111.15,46.44
2026-08-23T00:56:38,110.71,46.01
2026-08-23T00:56:39,111.02,46.32
2026-08-23T00:56:40,111.71,47.0
2026-08-23T00:56:41,111.72,47.01
2026-08-23T00:56:42,111.93,47.22
2026-08-23T00:56:43,111.13,46.43
2026-08-23T00:56:44,111.75,47.04
2026-08-23T00:56:45,111.72,47.0
2026-08-23T00:56:46,112.92,48.19
2026-08-23T00:56:47,113.87,49.13
2026-08-23T00:56:48,114.59,49.84
2026-08-23T00:56:49,116.2,51.42
2026-08-23T00:56:50,118.45,53.64
2026-08-23T00:56:51,120.39,55.56
2026-08-23T00:56:52,124.29,59.4
2026-08-23T00:56:53,125.74,60.83
2026-08-23T00:56:54,128.26,63.32
2026-08-23T00:56:55,121.61,56.75
2026-08-23T00:56:56,119.29,54.47
2026-08-23T00:56:57,118.43,53.63
2026-08-23T00:56:58,117.29,52.5
2026-08-23T00:56:59,118.78,53.97
2026-08-23T00:57:00,118.32,53.51
2026-08-23T00:57:01,119.21,54.39
2026-08-23T00:57:02,117.32,52.52
2026-08-23T00:57:03,118.61,53.8
2026-08-23T00:57:04,120.11,55.28
2026-08-23T00:57:05,122.52,57.66
2026-08-23T00:57:06,126.56,61.63
2026-08-23T00:57:07,127.89,62.94
2026-08-23T00:57:08,131.39,66.4
2026-08-23T00:57:09,122.56,57.7
2026-08-23T00:57:10,118.7,53.89
2026-08-23T00:57:11,115.62,50.85
2026-08-23T00:57:12,113.39,48.65
2026-08-23T00:57:13,113.21,48.48
2026-08-23T00:57:14,113.23,48.5
2026-08-23T00:57:15,111.64,46.93
2026-08-23T00:57:16,110.78,46.08
2026-08-23T00:57:17,110.85,46.15
2026-08-23T00:57:18,111.12,46.42
2026-08-23T00:57:19,110.98,46.27
2026-08-23T00:57:20,110.26,45.57
2026-08-23T00:57:21,110.3,45.61
2026-08-23T00:57:22,110.69,45.99
2026-08-23T00:57:23,110.4,45.71
2026-08-23T00:57:24,110.52,45.82
2026-08-23T00:57:25,110.66,45.97
2026-08-23T00:57:26,110.93,46.23
2026-08-23T00:57:27,110.82,46.12
2026-08-23T00:57:28,110.85,46.15
2026-08-23T00:57:29,110.61,45.92
2026-08-23T00:57:30,110.82,46.12
2026-08-23T00:57:31,111.07,46.36
2026-08-23T00:57:32,110.87,46.17
2026-08-23T00:57:33,110.97,46.27
2026-08-23T00:57:34,110.93,46.23
2026-08-23T00:57:35,110.97,46.27
2026-08-23T00:57:36,111.07,46.36
2026-08-23T00:57:37,111.19,46.48
2026-08-23T00:57:38,111.42,46.72
2026-08-23T00:57:39,111.27,46.56
2026-08-23T00:57:40,112.01,47.3
2026-08-23T00:57:41,112.85,48.13
2026-08-23T00:57:42,112.33,47.61
2026-08-23T00:57:43,112.08,47.36
2026-08-23T00:57:44,111.37,46.67
2026-08-23T00:57:45,111.46,46.75
2026-08-23T00:57:46,111.42,46.71
2026-08-23T00:57:47,111.77,47.05
2026-08-23T00:57:48,112.14,47.42
2026-08-23T00:57:49,111.96,47.25
2026-08-23T00:57:50,112.08,47.36
2026-08-23T00:57:51,111.2,46.5
2026-08-23T00:57:52,111.22,46.52
2026-08-23T00:57:53,111.15,46.44
2026-08-23T00:57:54,110.98,46.28
2026-08-23T00:57:55,111.03,46.33
2026-08-23T00:57:56,111.17,46.47
2026-08-23T00:57:57,111.17,46.47
2026-08-23T00:57:58,110.67,45.98
2026-08-23T00:57:59,110.69,45.99
2026-08-23T00:58:00,110.78,46.08
2026-08-23T00:58:01,110.85,46.15
2026-08-23T00:58:02,110.87,46.17
2026-08-23T00:58:03,110.22,45.53
2026-08-23T00:58:04,110.17,45.48
2026-08-23T00:58:05,110.33,45.64
2026-08-23T00:58:06,110.66,45.96
2026-08-23T00:58:07,110.21,45.52
2026-08-23T00:58:08,110.43,45.74
2026-08-23T00:58:09,110.08,45.4
2026-08-23T00:58:10,110.6,45.91
2026-08-23T00:58:11,111.07,46.37
2026-08-23T00:58:12,111.16,46.45
2026-08-23T00:58:13,111.38,46.67
2026-08-23T00:58:14,111.63,46.92
2026-08-23T00:58:15,112.0,47.29
2026-08-23T00:58:16,112.26,47.54
2026-08-23T00:58:17,112.87,48.15
2026-08-23T00:58:18,113.24,48.51
2026-08-23T00:58:19,114.4,49.65
2026-08-23T00:58:20,115.67,50.9
2026-08-23T00:58:21,117.4,52.61
2026-08-23T00:58:22,120.77,55.93
2026-08-23T00:58:23,122.33,57.46
2026-08-23T00:58:24,123.86,58.98
2026-08-23T00:58:25,123.71,58.83
2026-08-23T00:58:26,123.17,58.3
2026-08-23T00:58:27,123.01,58.14
2026-08-23T00:58:28,122.18,57.32
2026-08-23T00:58:29,119.45,54.63
2026-08-23T00:58:30,118.13,53.33
2026-08-23T00:58:31,116.85,52.06
2026-08-23T00:58:32,115.53,50.77
2026-08-23T00:58:33,114.69,49.94
2026-08-23T00:58:34,114.38,49.63
2026-08-23T00:58:35,114.27,49.52
2026-08-23T00:58:36,114.33,49.58
2026-08-23T00:58:37,112.92,48.19
2026-08-23T00:58:38,112.11,47.39
2026-08-23T00:58:39,112.05,47.34
2026-08-23T00:58:40,112.14,47.42
2026-08-23T00:58:41,112.08,47.36
2026-08-23T00:58:42,112.08,47.36
2026-08-23T00:58:43,111.59,46.88
2026-08-23T00:58:44,111.7,46.99
2026-08-23T00:58:45,111.63,46.92
2026-08-23T00:58:46,111.51,46.8
2026-08-23T00:58:47,111.95,47.23
2026-08-23T00:58:48,112.16,47.45
2026-08-23T00:58:49,112.69,47.96
2026-08-23T00:58:50,112.51,47.79
2026-08-23T00:58:51,112.01,47.3
2026-08-23T00:58:52,112.17,47.45
2026-08-23T00:58:53,111.15,46.45
2026-08-23T00:58:54,111.26,46.55
2026-08-23T00:58:55,111.66,46.95
2026-08-23T00:58:56,111.42,46.71
2026-08-23T00:58:57,111.08,46.38
2026-08-23T00:58:58,111.24,46.54
2026-08-23T00:58:59,110.72,46.02
2026-08-23T00:59:00,110.78,46.09
2026-08-23T00:59:01,110.98,46.28
2026-08-23T00:59:02,111.31,46.61
2026-08-23T00:59:03,111.79,47.08
2026-08-23T00:59:04,111.87,47.16
2026-08-23T00:59:05,111.15,46.44
2026-08-23T00:59:06,111.17,46.47
2026-08-23T00:59:07,111.19,46.49
2026-08-23T00:59:08,111.5,46.79
2026-08-23T00:59:09,111.91,47.2
2026-08-23T00:59:10,111.55,46.84
2026-08-23T00:59:11,111.0,46.3
2026-08-23T00:59:12,112.12,47.4
2026-08-23T00:59:13,111.46,46.75
2026-08-23T00:59:14,111.15,46.44
2026-08-23T00:59:15,110.67,45.97
2026-08-23T00:59:16,111.25,46.55
2026-08-23T00:59:17,111.89,47.18
2026-08-23T00:59:18,112.18,47.47
2026-08-23T00:59:19,111.48,46.77
2026-08-23T00:59:20,111.19,46.49
2026-08-23T00:59:21,110.53,45.84
2026-08-23T00:59:22,110.67,45.98
2026-08-23T00:59:23,110.35,45.66
2026-08-23T00:59:24,111.18,46.47
2026-08-23T00:59:25,111.46,46.75
2026-08-23T00:59:26,110.88,46.18
2026-08-23T00:59:27,110.39,45.7
2026-08-23T00:59:28,110.55,45.86
2026-08-23T00:59:29,110.04,45.35
2026-08-23T00:59:30,110.24,45.55
2026-08-23T00:59:31,110.32,45.62
2026-08-23T00:59:32,110.28,45.59
2026-08-23T00:59:33,110.6,45.91
2026-08-23T00:59:34,110.3,45.61
2026-08-23T00:59:35,110.47,45.77
2026-08-23T00:59:36,110.47,45.78
2026-08-23T00:59:37,111.02,46.32
2026-08-23T00:59:38,111.1,46.4
2026-08-23T00:59:39,111.01,46.31
2026-08-23T00:59:40,110.68,45.98
2026-08-23T00:59:41,110.57,45.87
2026-08-23T00:59:42,110.11,45.42
2026-08-23T00:59:43,109.96,45.27
2026-08-23T00:59:44,110.69,46.0
2026-08-23T00:59:45,110.46,45.77
2026-08-23T00:59:46,110.86,46.16
2026-08-23T00:59:47,110.69,46.0
2026-08-23T00:59:48,110.35,45.66
2026-08-23T00:59:49,111.05,46.35
2026-08-23T00:59:50,110.64,45.95
2026-08-23T00:59:51,111.02,46.32
2026-08-23T00:59:52,111.13,46.42
2026-08-23T00:59:53,111.13,46.43
2026-08-23T00:59:54,110.7,46.0
2026-08-23T00:59:55,110.81,46.11
2026-08-23T00:59:56,111.23,46.53
2026-08-23T00:59:57,110.64,45.94
2026-08-23T00:59:58,111.11,46.41
2026-08-23T00:59:59,110.94,46.24
2026-08-23T01:00:00,111.4,46.7
2026-08-23T01:00:01,111.41,46.71
2026-08-23T01:00:02,111.26,46.56
2026-08-23T01:00:03,110.71,46.01
2026-08-23T01:00:04,110.91,46.21
2026-08-23T01:00:05,110.93,46.23
2026-08-23T01:00:06,110.96,46.26
2026-08-23T01:00:07,110.91,46.21
2026-08-23T01:00:08,111.66,46.95
2026-08-23T01:00:09,111.01,46.31
2026-08-23T01:00:10,110.93,46.23
2026-08-23T01:00:11,110.69,45.99
2026-08-23T01:00:12,110.57,45.88
2026-08-23T01:00:13,110.07,45.38
2026-08-23T01:00:14,110.46,45.76
2026-08-23T01:00:15,110.65,45.95
2026-08-23T01:00:16,110.17,45.48
2026-08-23T01:00:17,110.26,45.57
2026-08-23T01:00:18,109.94,45.25
2026-08-23T01:00:19,110.41,45.71
2026-08-23T01:00:20,111.1,46.4
2026-08-23T01:00:21,110.97,46.27
2026-08-23T01:00:22,111.63,46.92
2026-08-23T01:00:23,112.97,48.24
2026-08-23T01:00:24,114.24,49.49
2026-08-23T01:00:25,114.49,49.74
2026-08-23T01:00:26,112.69,47.97
2026-08-23T01:00:27,112.18,47.46
2026-08-23T01:00:28,111.74,47.03
2026-08-23T01:00:29,111.28,46.57
2026-08-23T01:00:30,111.3,46.59
2026-08-23T01:00:31,112.73,48.01
2026-08-23T01:00:32,112.41,47.68
2026-08-23T01:00:33,112.68,47.95
2026-08-23T01:00:34,111.95,47.24
2026-08-23T01:00:35,111.35,46.64
2026-08-23T01:00:36,112.11,47.39
2026-08-23T01:00:37,113.3,48.57
2026-08-23T01:00:38,113.76,49.02
2026-08-23T01:00:39,114.68,49.93
2026-08-23T01:00:40,116.6,51.82
2026-08-23T01:00:41,118.31,53.51
2026-08-23T01:00:42,121.06,56.22
2026-08-23T01:00:43,123.18,58.3
2026-08-23T01:00:44,125.22,60.31
2026-08-23T01:00:45,126.42,61.5
2026-08-23T01:00:46,126.84,61.92
2026-08-23T01:00:47,126.77,61.85
2026-08-23T01:00:48,125.51,60.61
2026-08-23T01:00:49,123.35,58.47
2026-08-23T01:00:50,120.53,55.69
2026-08-23T01:00:51,118.44,53.64
2026-08-23T01:00:52,117.13,52.34
2026-08-23T01:00:53,116.08,51.31
2026-08-23T01:00:54,115.54,50.77
2026-08-23T01:00:55,115.19,50.43
2026-08-23T01:00:56,114.41,49.66
2026-08-23T01:00:57,114.38,49.64
2026-08-23T01:00:58,113.32,48.58
2026-08-23T01:00:59,111.97,47.26
2026-08-23T01:01:00,111.48,46.77
2026-08-23T01:01:01,110.84,46.14
2026-08-23T01:01:02,110.78,46.08
2026-08-23T01:01:03,111.1,46.39
2026-08-23T01:01:04,111.15,46.45
2026-08-23T01:01:05,112.31,47.59
2026-08-23T01:01:06,111.54,46.83
2026-08-23T01:01:07,111.24,46.53
2026-08-23T01:01:08,110.69,45.99
2026-08-23T01:01:09,110.36,45.67
2026-08-23T01:01:10,110.09,45.4
2026-08-23T01:01:11,110.25,45.56
2026-08-23T01:01:12,110.32,45.63
2026-08-23T01:01:13,110.48,45.79
2026-08-23T01:01:14,110.06,45.37
2026-08-23T01:01:15,110.25,45.56
2026-08-23T01:01:16,110.1,45.41
2026-08-23T01:01:17,110.19,45.5
2026-08-23T01:01:18,109.94,45.26
2026-08-23T01:01:19,110.15,45.46
2026-08-23T01:01:20,109.53,44.85
2026-08-23T01:01:21,109.88,45.2
2026-08-23T01:01:22,109.77,45.09
2026-08-23T01:01:23,109.79,45.1
2026-08-23T01:01:24,109.85,45.17
2026-08-23T01:01:25,109.77,45.09
2026-08-23T01:01:26,109.97,45.29
2026-08-23T01:01:27,109.68,45.0
2026-08-23T01:01:28,110.82,46.12
2026-08-23T01:01:29,110.41,45.72
2026-08-23T01:01:30,110.31,45.61
2026-08-23T01:01:31,110.35,45.66
2026-08-23T01:01:32,110.08,45.39
2026-08-23T01:01:33,110.24,45.55
2026-08-23T01:01:34,110.02,45.33
2026-08-23T01:01:35,109.95,45.27
2026-08-23T01:01:36,110.6,45.9
2026-08-23T01:01:37,110.31,45.62
2026-08-23T01:01:38,111.24,46.53
2026-08-23T01:01:39,111.32,46.62
2026-08-23T01:01:40,111.95,47.24
2026-08-23T01:01:41,111.85,47.14
2026-08-23T01:01:42,112.18,47.46
2026-08-23T01:01:43,113.05,48.32
2026-08-23T01:01:44,115.15,50.39
2026-08-23T01:01:45,118.0,53.2
2026-08-23T01:01:46,119.32,54.5
2026-08-23T01:01:47,120.82,55.98
2026-08-23T01:01:48,121.72,56.86
2026-08-23T01:01:49,122.87,58.0
2026-08-23T01:01:50,123.15,58.28
2026-08-23T01:01:51,122.48,57.61
2026-08-23T01:01:52,120.46,55.62
2026-08-23T01:01:53,117.45,52.66
2026-08-23T01:01:54,116.18,51.41
2026-08-23T01:01:55,115.42,50.66
2026-08-23T01:01:56,113.64,48.91
2026-08-23T01:01:57,114.08,49.34
2026-08-23T01:01:58,112.74,48.01
2026-08-23T01:01:59,112.41,47.69
2026-08-23T01:02:00,110.98,46.28
2026-08-23T01:02:01,110.8,46.11
2026-08-23T01:02:02,110.51,45.82
2026-08-23T01:02:03,110.73,46.04
2026-08-23T01:02:04,110.45,45.76
2026-08-23T01:02:05,110.17,45.48
2026-08-23T01:02:06,109.91,45.22
2026-08-23T01:02:07,110.08,45.39
2026-08-23T01:02:08,110.51,45.81
2026-08-23T01:02:09,110.26,45.57
2026-08-23T01:02:10,110.56,45.86
2026-08-23T01:02:11,110.71,46.02
2026-08-23T01:02:12,110.72,46.03
2026-08-23T01:02:13,110.29,45.59
2026-08-23T01:02:14,109.74,45.06
2026-08-23T01:02:15,110.25,45.56
2026-08-23T01:02:16,110.2,45.51
2026-08-23T01:02:17,109.9,45.22
2026-08-23T01:02:18,109.81,45.12
2026-08-23T01:02:19,110.05,45.36
2026-08-23T01:02:20,110.06,45.37
2026-08-23T01:02:21,110.35,45.66
2026-08-23T01:02:22,109.78,45.1
2026-08-23T01:02:23,109.37,44.69
2026-08-23T01:02:24,109.56,44.88
2026-08-23T01:02:25,109.6,44.92
2026-08-23T01:02:26,110.1,45.42
2026-08-23T01:02:27,109.36,44.68
2026-08-23T01:02:28,109.88,45.2
2026-08-23T01:02:29,109.68,45.0
2026-08-23T01:02:30,109.78,45.1
2026-08-23T01:02:31,109.24,44.57
2026-08-23T01:02:32,109.93,45.25
2026-08-23T01:02:33,110.41,45.72
2026-08-23T01:02:34,110.45,45.76
2026-08-23T01:02:35,110.16,45.47
2026-08-23T01:02:36,109.87,45.19
2026-08-23T01:02:37,110.03,45.35
2026-08-23T01:02:38,109.76,45.08
2026-08-23T01:02:39,109.78,45.1
2026-08-23T01:02:40,109.35,44.67
2026-08-23T01:02:41,109.21,44.53
2026-08-23T01:02:42,109.27,44.6
2026-08-23T01:02:43,109.41,44.73
2026-08-23T01:02:44,109.32,44.64
2026-08-23T01:02:45,110.27,45.57
2026-08-23T01:02:46,111.61,46.9
2026-08-23T01:02:47,110.07,45.39
2026-08-23T01:02:48,111.14,46.43
2026-08-23T01:02:49,109.71,45.02
2026-08-23T01:02:50,110.12,45.43
2026-08-23T01:02:51,109.86,45.17
2026-08-23T01:02:52,109.84,45.16
2026-08-23T01:02:53,109.89,45.21
2026-08-23T01:02:54,109.38,44.7
2026-08-23T01:02:55,109.24,44.56
2026-08-23T01:02:56,110.26,45.57
2026-08-23T01:02:57,110.16,45.47
2026-08-23T01:02:58,109.57,44.89
2026-08-23T01:02:59,109.95,45.26
2026-08-23T01:03:00,110.15,45.46
2026-08-23T01:03:01,109.61,44.93
2026-08-23T01:03:02,110.35,45.65
2026-08-23T01:03:03,109.86,45.17
2026-08-23T01:03:04,110.51,45.82
2026-08-23T01:03:05,111.22,46.52
2026-08-23T01:03:06,110.21,45.52
2026-08-23T01:03:07,111.08,46.38
2026-08-23T01:03:08,111.0,46.3
2026-08-23T01:03:09,110.19,45.5
2026-08-23T01:03:10,110.47,45.78
2026-08-23T01:03:11,110.11,45.42
2026-08-23T01:03:12,110.34,45.65
2026-08-23T01:03:13,110.15,45.46
2026-08-23T01:03:14,109.96,45.28
2026-08-23T01:03:15,110.06,45.37
2026-08-23T01:03:16,111.66,46.95
2026-08-23T01:03:17,110.71,46.01
2026-08-23T01:03:18,112.46,47.74
2026-08-23T01:03:19,111.98,47.27
2026-08-23T01:03:20,110.46,45.77
2026-08-23T01:03:21,109.51,44.83
2026-08-23T01:03:22,110.47,45.78
2026-08-23T01:03:23,110.68,45.98
2026-08-23T01:03:24,110.06,45.37
2026-08-23T01:03:25,110.44,45.75
2026-08-23T01:03:26,110.45,45.76
2026-08-23T01:03:27,110.36,45.66
2026-08-23T01:03:28,110.19,45.5
2026-08-23T01:03:29,110.2,45.51
2026-08-23T01:03:30,110.98,46.28
2026-08-23T01:03:31,110.35,45.66
2026-08-23T01:03:32,111.01,46.31
2026-08-23T01:03:33,110.15,45.46
2026-08-23T01:03:34,110.14,45.45
2026-08-23T01:03:35,109.71,45.03
2026-08-23T01:03:36,110.87,46.17
2026-08-23T01:03:37,110.03,45.34
2026-08-23T01:03:38,109.63,44.94
2026-08-23T01:03:39,110.78,46.08
2026-08-23T01:03:40,112.11,47.39
2026-08-23T01:03:41,109.68,45.0
2026-08-23T01:03:42,109.65,44.97
2026-08-23T01:03:43,113.76,49.02
2026-08-23T01:03:44,111.42,46.71
2026-08-23T01:03:45,110.82,46.12
2026-08-23T01:03:46,112.13,47.41
2026-08-23T01:03:47,110.95,46.25
2026-08-23T01:03:48,109.84,45.16
2026-08-23T01:03:49,110.03,45.34
2026-08-23T01:03:50,110.47,45.78
2026-08-23T01:03:51,110.6,45.9
2026-08-23T01:03:52,111.61,46.9
2026-08-23T01:03:53,112.34,47.62
2026-08-23T01:03:54,113.2,48.47
2026-08-23T01:03:55,115.6,50.83
2026-08-23T01:03:56,116.8,52.01
2026-08-23T01:03:57,118.65,53.84
2026-08-23T01:03:58,121.4,56.55
2026-08-23T01:03:59,122.8,57.94
2026-08-23T01:04:00,126.95,62.02
2026-08-23T01:04:01,128.42,63.47
2026-08-23T01:04:02,129.88,64.91
2026-08-23T01:04:03,122.3,57.44
2026-08-23T01:04:04,118.33,53.53
2026-08-23T01:04:05,114.37,49.62
2026-08-23T01:04:06,113.03,48.3
2026-08-23T01:04:07,112.25,47.54
2026-08-23T01:04:08,112.71,47.98
2026-08-23T01:04:09,112.93,48.2
2026-08-23T01:04:10,113.52,48.78
2026-08-23T01:04:11,114.07,49.32
2026-08-23T01:04:12,115.87,51.1
2026-08-23T01:04:13,111.48,46.77
2026-08-23T01:04:14,111.07,46.37
2026-08-23T01:04:15,113.64,48.9
2026-08-23T01:04:16,112.8,48.08
2026-08-23T01:04:17,110.98,46.28
2026-08-23T01:04:18,111.11,46.4
2026-08-23T01:04:19,113.07,48.34
2026-08-23T01:04:20,112.09,47.38
2026-08-23T01:04:21,112.82,48.09
2026-08-23T01:04:22,115.56,50.79
2026-08-23T01:04:23,115.78,51.02
2026-08-23T01:04:24,111.93,47.21
2026-08-23T01:04:25,112.24,47.52
2026-08-23T01:04:26,113.6,48.86
2026-08-23T01:04:27,111.34,46.63
2026-08-23T01:04:28,112.41,47.69
2026-08-23T01:04:29,113.98,49.23
2026-08-23T01:04:30,113.42,48.69
2026-08-23T01:04:31,113.22,48.49
2026-08-23T01:04:32,114.0,49.26
2026-08-23T01:04:33,116.64,51.86
2026-08-23T01:04:34,117.18,52.39
2026-08-23T01:04:35,114.16,49.42
2026-08-23T01:04:36,113.63,48.89
2026-08-23T01:04:37,114.94,50.18
2026-08-23T01:04:38,113.19,48.46
2026-08-23T01:04:39,112.84,48.11
2026-08-23T01:04:40,113.64,48.9
2026-08-23T01:04:41,113.12,48.39
2026-08-23T01:04:42,113.27,48.54
2026-08-23T01:04:43,113.12,48.39
2026-08-23T01:04:44,112.01,47.29
2026-08-23T01:04:45,113.15,48.42
2026-08-23T01:04:46,115.47,50.7
2026-08-23T01:04:47,112.57,47.85
2026-08-23T01:04:48,114.72,49.97
2026-08-23T01:04:49,114.43,49.68
2026-08-23T01:04:50,112.7,47.98
2026-08-23T01:04:51,113.95,49.2
2026-08-23T01:04:52,113.1,48.37
2026-08-23T01:04:53,112.84,48.12
2026-08-23T01:04:54,114.72,49.97
2026-08-23T01:04:55,114.79,50.04
2026-08-23T01:04:56,115.71,50.94
2026-08-23T01:04:57,114.9,50.14
2026-08-23T01:04:58,114.3,49.55
2026-08-23T01:04:59,115.41,50.65
2026-08-23T01:05:00,114.9,50.14
2026-08-23T01:05:01,114.39,49.64
2026-08-23T01:05:02,116.15,51.38
2026-08-23T01:05:03,117.46,52.66
2026-08-23T01:05:04,116.4,51.63
2026-08-23T01:05:05,116.08,51.31
2026-08-23T01:05:06,114.88,50.13
2026-08-23T01:05:07,116.06,51.29
2026-08-23T01:05:08,114.58,49.83
2026-08-23T01:05:09,112.88,48.15
2026-08-23T01:05:10,113.46,48.73
2026-08-23T01:05:11,113.73,48.99
2026-08-23T01:05:12,113.23,48.49
2026-08-23T01:05:13,112.57,47.85
2026-08-23T01:05:14,111.86,47.14
2026-08-23T01:05:15,112.84,48.11
2026-08-23T01:05:16,113.4,48.67
2026-08-23T01:05:17,113.65,48.91
2026-08-23T01:05:18,113.03,48.3
2026-08-23T01:05:19,110.65,45.95
2026-08-23T01:05:20,110.92,46.22
2026-08-23T01:05:21,111.99,47.27
2026-08-23T01:05:22,111.05,46.35
2026-08-23T01:05:23,111.4,46.69
2026-08-23T01:05:24,110.42,45.73
2026-08-23T01:05:25,110.3,45.61
2026-08-23T01:05:26,112.36,47.64
2026-08-23T01:05:27,112.18,47.46
2026-08-23T01:05:28,111.08,46.38
2026-08-23T01:05:29,111.53,46.82
2026-08-23T01:05:30,111.57,46.86
2026-08-23T01:05:31,111.8,47.09
2026-08-23T01:05:32,112.79,48.06
2026-08-23T01:05:33,112.19,47.47
2026-08-23T01:05:34,111.41,46.7
2026-08-23T01:05:35,113.56,48.82
2026-08-23T01:05:36,114.8,50.05
2026-08-23T01:05:37,114.53,49.78
2026-08-23T01:05:38,115.34,50.58
2026-08-23T01:05:39,112.4,47.68
2026-08-23T01:05:40,117.6,52.8
2026-08-23T01:05:41,118.83,54.02
2026-08-23T01:05:42,114.78,50.02
2026-08-23T01:05:43,115.49,50.73
2026-08-23T01:05:44,114.49,49.74
2026-08-23T01:05:45,113.37,48.64
2026-08-23T01:05:46,112.77,48.05
2026-08-23T01:05:47,112.29,47.57
2026-08-23T01:05:48,111.84,47.12
2026-08-23T01:05:49,111.82,47.11
2026-08-23T01:05:50,112.14,47.43
2026-08-23T01:05:51,111.69,46.98
2026-08-23T01:05:52,112.12,47.4
2026-08-23T01:05:53,112.52,47.8
2026-08-23T01:05:54,112.75,48.03
2026-08-23T01:05:55,115.74,50.98
2026-08-23T01:05:56,113.9,49.16
2026-08-23T01:05:57,113.15,48.42
2026-08-23T01:05:58,114.86,50.11
2026-08-23T01:05:59,113.69,48.95
2026-08-23T01:06:00,110.93,46.23
2026-08-23T01:06:01,111.63,46.92
2026-08-23T01:06:02,114.89,50.14
2026-08-23T01:06:03,113.68,48.95
2026-08-23T01:06:04,111.49,46.78
2026-08-23T01:06:05,113.65,48.91
2026-08-23T01:06:06,111.72,47.01
2026-08-23T01:06:07,113.49,48.76
2026-08-23T01:06:08,113.0,48.27
2026-08-23T01:06:09,110.84,46.15
2026-08-23T01:06:10,110.33,45.63
2026-08-23T01:06:11,110.47,45.77
2026-08-23T01:06:12,110.75,46.05
2026-08-23T01:06:13,110.12,45.43
2026-08-23T01:06:14,109.95,45.26
2026-08-23T01:06:15,110.99,46.29
2026-08-23T01:06:16,109.95,45.26
2026-08-23T01:06:17,109.79,45.1
2026-08-23T01:06:18,110.72,46.03
2026-08-23T01:06:19,110.8,46.1
2026-08-23T01:06:20,112.22,47.5
2026-08-23T01:06:21,112.59,47.87
2026-08-23T01:06:22,110.56,45.87
2026-08-23T01:06:23,111.86,47.15
2026-08-23T01:06:24,111.68,46.97
2026-08-23T01:06:25,110.87,46.17
2026-08-23T01:06:26,110.72,46.02
2026-08-23T01:06:27,109.34,44.66
2026-08-23T01:06:28,110.61,45.92
2026-08-23T01:06:29,110.85,46.15
2026-08-23T01:06:30,111.58,46.87
2026-08-23T01:06:31,113.42,48.69
2026-08-23T01:06:32,110.79,46.09
2026-08-23T01:06:33,111.25,46.54
2026-08-23T01:06:34,113.76,49.02
2026-08-23T01:06:35,112.27,47.55
2026-08-23T01:06:36,112.41,47.69
2026-08-23T01:06:37,114.29,49.54
2026-08-23T01:06:38,112.71,47.98
2026-08-23T01:06:39,112.15,47.43
2026-08-23T01:06:40,114.28,49.53
2026-08-23T01:06:41,113.41,48.68
2026-08-23T01:06:42,113.18,48.45
2026-08-23T01:06:43,112.28,47.56
2026-08-23T01:06:44,111.19,46.49
2026-08-23T01:06:45,111.1,46.4
2026-08-23T01:06:46,111.6,46.89
2026-08-23T01:06:47,111.08,46.37
2026-08-23T01:06:48,111.12,46.42
2026-08-23T01:06:49,111.32,46.61
2026-08-23T01:06:50,110.56,45.86
2026-08-23T01:06:51,110.71,46.02
2026-08-23T01:06:52,110.02,45.33
2026-08-23T01:06:53,110.15,45.47
2026-08-23T01:06:54,110.48,45.79
2026-08-23T01:06:55,110.0,45.32
2026-08-23T01:06:56,110.56,45.87
2026-08-23T01:06:57,110.32,45.63
2026-08-23T01:06:58,110.83,46.13
2026-08-23T01:06:59,111.16,46.46
2026-08-23T01:07:00,110.69,45.99
2026-08-23T01:07:01,110.78,46.08
2026-08-23T01:07:02,110.8,46.1
2026-08-23T01:07:03,110.51,45.81
2026-08-23T01:07:04,110.62,45.93
2026-08-23T01:07:05,110.62,45.92
2026-08-23T01:07:06,111.0,46.29
2026-08-23T01:07:07,111.25,46.54
2026-08-23T01:07:08,110.83,46.13
2026-08-23T01:07:09,110.48,45.79
2026-08-23T01:07:10,110.87,46.17
2026-08-23T01:07:11,110.83,46.13
2026-08-23T01:07:12,111.22,46.52
2026-08-23T01:07:13,110.94,46.24
2026-08-23T01:07:14,111.04,46.34
2026-08-23T01:07:15,111.21,46.51
2026-08-23T01:07:16,111.46,46.76
2026-08-23T01:07:17,111.91,47.2
2026-08-23T01:07:18,113.7,48.96
2026-08-23T01:07:19,114.0,49.26
2026-08-23T01:07:20,115.31,50.54
2026-08-23T01:07:21,116.43,51.66
2026-08-23T01:07:22,118.15,53.35
2026-08-23T01:07:23,119.66,54.83
2026-08-23T01:07:24,122.32,57.46
2026-08-23T01:07:25,124.87,59.97
2026-08-23T01:07:26,126.28,61.37
2026-08-23T01:07:27,129.44,64.48
2026-08-23T01:07:28,125.42,60.51
2026-08-23T01:07:29,122.89,58.02
2026-08-23T01:07:30,119.3,54.48
2026-08-23T01:07:31,116.6,51.82
2026-08-23T01:07:32,114.46,49.71
2026-08-23T01:07:33,113.16,48.43
2026-08-23T01:07:34,112.54,47.82
2026-08-23T01:07:35,112.38,47.66
2026-08-23T01:07:36,112.08,47.36
2026-08-23T01:07:37,111.15,46.45
2026-08-23T01:07:38,110.27,45.58
2026-08-23T01:07:39,110.02,45.33
2026-08-23T01:07:40,109.83,45.14
2026-08-23T01:07:41,110.1,45.41
2026-08-23T01:07:42,109.69,45.01
2026-08-23T01:07:43,110.35,45.66
2026-08-23T01:07:44,110.18,45.49
2026-08-23T01:07:45,110.49,45.79
2026-08-23T01:07:46,110.38,45.69
2026-08-23T01:07:47,109.97,45.28
2026-08-23T01:07:48,110.3,45.61
2026-08-23T01:07:49,110.36,45.66
2026-08-23T01:07:50,110.15,45.46
2026-08-23T01:07:51,110.41,45.72
2026-08-23T01:07:52,110.47,45.78
2026-08-23T01:07:53,110.08,45.4
2026-08-23T01:07:54,110.23,45.54
2026-08-23T01:07:55,110.19,45.5
2026-08-23T01:07:56,110.29,45.6
2026-08-23T01:07:57,110.45,45.75
2026-08-23T01:07:58,110.53,45.84
2026-08-23T01:07:59,110.85,46.15
2026-08-23T01:08:00,110.66,45.96
2026-08-23T01:08:01,110.84,46.14
2026-08-23T01:08:02,110.59,45.89
2026-08-23T01:08:03,110.09,45.4
2026-08-23T01:08:04,110.39,45.7
2026-08-23T01:08:05,110.49,45.8
2026-08-23T01:08:06,110.65,45.95
2026-08-23T01:08:07,110.36,45.66
2026-08-23T01:08:08,110.6,45.9
2026-08-23T01:08:09,110.79,46.09
2026-08-23T01:08:10,110.96,46.26
2026-08-23T01:08:11,110.87,46.17
2026-08-23T01:08:12,110.89,46.19
2026-08-23T01:08:13,110.81,46.12
2026-08-23T01:08:14,111.04,46.34
2026-08-23T01:08:15,111.08,46.38
2026-08-23T01:08:16,110.98,46.28
2026-08-23T01:08:17,110.32,45.63
2026-08-23T01:08:18,110.59,45.9
2026-08-23T01:08:19,110.33,45.64
2026-08-23T01:08:20,110.33,45.64
2026-08-23T01:08:21,109.99,45.31
2026-08-23T01:08:22,110.02,45.33
2026-08-23T01:08:23,110.17,45.48
2026-08-23T01:08:24,110.01,45.33
2026-08-23T01:08:25,110.57,45.88
2026-08-23T01:08:26,110.82,46.12
2026-08-23T01:08:27,110.42,45.73
2026-08-23T01:08:28,110.68,45.98
2026-08-23T01:08:29,110.47,45.78
2026-08-23T01:08:30,110.2,45.51
2026-08-23T01:08:31,110.24,45.55
2026-08-23T01:08:32,110.26,45.57
2026-08-23T01:08:33,110.17,45.48
2026-08-23T01:08:34,110.43,45.74
2026-08-23T01:08:35,110.51,45.81
2026-08-23T01:08:36,110.08,45.39
2026-08-23T01:08:37,109.85,45.17
2026-08-23T01:08:38,110.62,45.93
2026-08-23T01:08:39,110.82,46.12
2026-08-23T01:08:40,111.26,46.56
2026-08-23T01:08:41,111.42,46.71
2026-08-23T01:08:42,111.1,46.39
2026-08-23T01:08:43,111.04,46.33
2026-08-23T01:08:44,110.81,46.12
2026-08-23T01:08:45,110.51,45.82
2026-08-23T01:08:46,110.06,45.37
2026-08-23T01:08:47,110.2,45.51
2026-08-23T01:08:48,110.09,45.41
2026-08-23T01:08:49,110.08,45.4
2026-08-23T01:08:50,110.0,45.31
2026-08-23T01:08:51,110.12,45.43
2026-08-23T01:08:52,110.27,45.58
2026-08-23T01:08:53,110.12,45.43
2026-08-23T01:08:54,110.31,45.62
2026-08-23T01:08:55,110.17,45.48
2026-08-23T01:08:56,110.31,45.62
2026-08-23T01:08:57,110.11,45.42
2026-08-23T01:08:58,110.0,45.31
2026-08-23T01:08:59,109.69,45.01
2026-08-23T01:09:00,110.01,45.33
2026-08-23T01:09:01,110.2,45.51
2026-08-23T01:09:02,110.09,45.4
2026-08-23T01:09:03,110.59,45.89
2026-08-23T01:09:04,110.47,45.78
2026-08-23T01:09:05,110.14,45.45
2026-08-23T01:09:06,110.24,45.55
2026-08-23T01:09:07,110.52,45.82
2026-08-23T01:09:08,110.41,45.72
2026-08-23T01:09:09,110.2,45.51
2026-08-23T01:09:10,110.63,45.94
2026-08-23T01:09:11,110.49,45.8
2026-08-23T01:09:12,110.49,45.79
2026-08-23T01:09:13,110.25,45.56
2026-08-23T01:09:14,110.38,45.69
2026-08-23T01:09:15,110.19,45.5
2026-08-23T01:09:16,110.34,45.65
2026-08-23T01:09:17,110.35,45.65
2026-08-23T01:09:18,110.49,45.8
2026-08-23T01:09:19,110.2,45.51
2026-08-23T01:09:20,110.23,45.54
2026-08-23T01:09:21,110.29,45.6
2026-08-23T01:09:22,110.32,45.63
2026-08-23T01:09:23,109.98,45.3
2026-08-23T01:09:24,110.19,45.5
2026-08-23T01:09:25,110.18,45.49
2026-08-23T01:09:26,110.01,45.32
2026-08-23T01:09:27,110.51,45.82
2026-08-23T01:09:28,110.67,45.98
2026-08-23T01:09:29,110.75,46.06
2026-08-23T01:09:30,110.72,46.03
2026-08-23T01:09:31,110.66,45.97
2026-08-23T01:09:32,110.13,45.44
2026-08-23T01:09:33,110.39,45.7
2026-08-23T01:09:34,110.02,45.34
2026-08-23T01:09:35,111.03,46.33
2026-08-23T01:09:36,110.82,46.12
2026-08-23T01:09:37,110.29,45.6
2026-08-23T01:09:38,110.34,45.65
2026-08-23T01:09:39,110.45,45.76
2026-08-23T01:09:40,110.76,46.07
2026-08-23T01:09:41,110.34,45.65
2026-08-23T01:09:42,110.41,45.72
2026-08-23T01:09:43,110.81,46.11
2026-08-23T01:09:44,110.51,45.82
2026-08-23T01:09:45,110.47,45.78
2026-08-23T01:09:46,110.21,45.52
2026-08-23T01:09:47,110.33,45.64
2026-08-23T01:09:48,110.58,45.88
2026-08-23T01:09:49,111.08,46.38
2026-08-23T01:09:50,111.08,46.38
2026-08-23T01:09:51,111.04,46.34
2026-08-23T01:09:52,111.14,46.44
2026-08-23T01:09:53,110.63,45.93
2026-08-23T01:09:54,110.42,45.73
2026-08-23T01:09:55,110.56,45.86
2026-08-23T01:09:56,110.18,45.49
2026-08-23T01:09:57,110.52,45.82
2026-08-23T01:09:58,110.07,45.38
2026-08-23T01:09:59,110.38,45.69
2026-08-23T01:10:00,109.87,45.19
2026-08-23T01:10:01,110.36,45.67
2026-08-23T01:10:02,110.85,46.15
2026-08-23T01:10:03,110.85,46.15
2026-08-23T01:10:04,111.37,46.66
2026-08-23T01:10:05,110.21,45.52
2026-08-23T01:10:06,110.2,45.52
2026-08-23T01:10:07,110.36,45.67
2026-08-23T01:10:08,110.4,45.71
2026-08-23T01:10:09,110.49,45.79
2026-08-23T01:10:10,110.22,45.53
2026-08-23T01:10:11,110.43,45.74
2026-08-23T01:10:12,109.79,45.11
2026-08-23T01:10:13,110.43,45.73
2026-08-23T01:10:14,109.82,45.13
2026-08-23T01:10:15,109.86,45.18
2026-08-23T01:10:16,109.76,45.07
2026-08-23T01:10:17,109.84,45.15
2026-08-23T01:10:18,110.01,45.33
2026-08-23T01:10:19,110.24,45.55
2026-08-23T01:10:20,110.48,45.78
2026-08-23T01:10:21,110.43,45.73
2026-08-23T01:10:22,110.99,46.29
2026-08-23T01:10:23,110.73,46.03
2026-08-23T01:10:24,111.42,46.71
2026-08-23T01:10:25,111.59,46.88
2026-08-23T01:10:26,111.36,46.66
2026-08-23T01:10:27,111.43,46.72
2026-08-23T01:10:28,113.04,48.31
2026-08-23T01:10:29,115.47,50.7
2026-08-23T01:10:30,117.89,53.09
2026-08-23T01:10:31,121.0,56.16
2026-08-23T01:10:32,121.33,56.48
2026-08-23T01:10:33,121.3,56.45
2026-08-23T01:10:34,121.6,56.75
2026-08-23T01:10:35,119.58,54.76
2026-08-23T01:10:36,117.85,53.05
2026-08-23T01:10:37,114.99,50.24
2026-08-23T01:10:38,114.35,49.6
2026-08-23T01:10:39,113.89,49.15
2026-08-23T01:10:40,113.73,48.99
2026-08-23T01:10:41,114.0,49.26
2026-08-23T01:10:42,113.59,48.85
2026-08-23T01:10:43,112.87,48.14
2026-08-23T01:10:44,112.24,47.52
2026-08-23T01:10:45,111.69,46.98
2026-08-23T01:10:46,110.93,46.23
2026-08-23T01:10:47,111.7,46.98
2026-08-23T01:10:48,111.97,47.26
2026-08-23T01:10:49,111.84,47.13
2026-08-23T01:10:50,111.99,47.28
2026-08-23T01:10:51,113.64,48.9
2026-08-23T01:10:52,115.42,50.66
2026-08-23T01:10:53,115.97,51.2
2026-08-23T01:10:54,118.86,54.04
2026-08-23T01:10:55,120.96,56.12
2026-08-23T01:10:56,121.79,56.93
2026-08-23T01:10:57,123.53,58.65
2026-08-23T01:10:58,126.16,61.25
2026-08-23T01:10:59,127.88,62.94
2026-08-23T01:11:00,127.37,62.44
2026-08-23T01:11:01,122.76,57.89
2026-08-23T01:11:02,121.73,56.88
2026-08-23T01:11:03,123.56,58.69
2026-08-23T01:11:04,123.65,58.77
2026-08-23T01:11:05,126.43,61.51
2026-08-23T01:11:06,120.87,56.03
2026-08-23T01:11:07,118.04,53.24
2026-08-23T01:11:08,115.75,50.98
2026-08-23T01:11:09,113.92,49.18
2026-08-23T01:11:10,112.3,47.58
2026-08-23T01:11:11,111.84,47.13
2026-08-23T01:11:12,111.44,46.73
2026-08-23T01:11:13,112.26,47.54
2026-08-23T01:11:14,111.58,46.87
2026-08-23T01:11:15,110.94,46.24
2026-08-23T01:11:16,110.83,46.14
2026-08-23T01:11:17,110.5,45.81
2026-08-23T01:11:18,110.64,45.94
2026-08-23T01:11:19,110.91,46.22
2026-08-23T01:11:20,110.81,46.11
2026-08-23T01:11:21,110.73,46.03
2026-08-23T01:11:22,110.42,45.73
2026-08-23T01:11:23,110.42,45.73
2026-08-23T01:11:24,110.97,46.27
2026-08-23T01:11:25,110.44,45.75
2026-08-23T01:11:26,110.48,45.79
2026-08-23T01:11:27,110.26,45.57
2026-08-23T01:11:28,110.41,45.72
2026-08-23T01:11:29,110.3,45.61
2026-08-23T01:11:30,110.91,46.21
2026-08-23T01:11:31,111.27,46.57
2026-08-23T01:11:32,110.19,45.5
2026-08-23T01:11:33,110.42,45.73
2026-08-23T01:11:34,109.99,45.3
2026-08-23T01:11:35,109.98,45.29
2026-08-23T01:11:36,110.27,45.58
2026-08-23T01:11:37,109.97,45.28
2026-08-23T01:11:38,110.33,45.64
2026-08-23T01:11:39,109.94,45.25
2026-08-23T01:11:40,109.66,44.97
2026-08-23T01:11:41,110.22,45.53
2026-08-23T01:11:42,110.04,45.35
2026-08-23T01:11:43,110.29,45.6
2026-08-23T01:11:44,110.57,45.87
2026-08-23T01:11:45,110.31,45.62
2026-08-23T01:11:46,110.05,45.37
2026-08-23T01:11:47,109.83,45.14
2026-08-23T01:11:48,110.08,45.39
2026-08-23T01:11:49,109.95,45.27
2026-08-23T01:11:50,109.67,44.99
2026-08-23T01:11:51,109.91,45.23
2026-08-23T01:11:52,109.49,44.81
2026-08-23T01:11:53,109.88,45.19
2026-08-23T01:11:54,109.97,45.28
2026-08-23T01:11:55,110.56,45.87
2026-08-23T01:11:56,110.55,45.86
2026-08-23T01:11:57,110.33,45.63
2026-08-23T01:11:58,110.6,45.9
2026-08-23T01:11:59,110.72,46.02
2026-08-23T01:12:00,110.44,45.75
2026-08-23T01:12:01,109.94,45.25
2026-08-23T01:12:02,110.61,45.91
2026-08-23T01:12:03,110.04,45.35
2026-08-23T01:12:04,110.44,45.75
2026-08-23T01:12:05,110.27,45.58
2026-08-23T01:12:06,110.39,45.7
2026-08-23T01:12:07,110.2,45.51
2026-08-23T01:12:08,110.52,45.83
2026-08-23T01:12:09,110.78,46.08
2026-08-23T01:12:10,110.71,46.02
2026-08-23T01:12:11,110.84,46.14
2026-08-23T01:12:12,111.03,46.33
2026-08-23T01:12:13,111.38,46.67
2026-08-23T01:12:14,111.25,46.55
2026-08-23T01:12:15,111.08,46.38
2026-08-23T01:12:16,111.03,46.33
2026-08-23T01:12:17,110.67,45.97
2026-08-23T01:12:18,110.98,46.28
2026-08-23T01:12:19,110.86,46.16
2026-08-23T01:12:20,111.26,46.55
2026-08-23T01:12:21,111.83,47.12
2026-08-23T01:12:22,111.39,46.69
2026-08-23T01:12:23,111.55,46.84
2026-08-23T01:12:24,111.4,46.7
2026-08-23T01:12:25,111.32,46.62
2026-08-23T01:12:26,111.52,46.81
2026-08-23T01:12:27,111.33,46.62
2026-08-23T01:12:28,111.28,46.57
2026-08-23T01:12:29,111.11,46.4
2026-08-23T01:12:30,111.52,46.82
2026-08-23T01:12:31,111.53,46.83
2026-08-23T01:12:32,111.18,46.47
2026-08-23T01:12:33,111.19,46.49
2026-08-23T01:12:34,111.41,46.71
2026-08-23T01:12:35,110.62,45.92
2026-08-23T01:12:36,110.77,46.08
2026-08-23T01:12:37,110.65,45.96
2026-08-23T01:12:38,110.73,46.03
2026-08-23T01:12:39,110.56,45.87
2026-08-23T01:12:40,110.48,45.79
2026-08-23T01:12:41,110.91,46.21
2026-08-23T01:12:42,110.96,46.26
2026-08-23T01:12:43,111.54,46.83
2026-08-23T01:12:44,111.09,46.39
2026-08-23T01:12:45,110.82,46.12
2026-08-23T01:12:46,111.33,46.62
2026-08-23T01:12:47,110.54,45.85
2026-08-23T01:12:48,110.67,45.97
2026-08-23T01:12:49,110.56,45.87
2026-08-23T01:12:50,111.26,46.55
2026-08-23T01:12:51,110.86,46.17
2026-08-23T01:12:52,110.66,45.96
2026-08-23T01:12:53,110.36,45.67
2026-08-23T01:12:54,110.3,45.61
2026-08-23T01:12:55,110.53,45.83
2026-08-23T01:12:56,110.49,45.8
2026-08-23T01:12:57,110.84,46.14
2026-08-23T01:12:58,110.67,45.97
2026-08-23T01:12:59,110.77,46.07
2026-08-23T01:13:00,110.52,45.83
2026-08-23T01:13:01,110.38,45.69
2026-08-23T01:13:02,110.7,46.01
2026-08-23T01:13:03,110.69,45.99
2026-08-23T01:13:04,110.84,46.14
2026-08-23T01:13:05,110.54,45.84
2026-08-23T01:13:06,110.52,45.83
2026-08-23T01:13:07,110.52,45.82
2026-08-23T01:13:08,110.41,45.72
2026-08-23T01:13:09,110.74,46.04
2026-08-23T01:13:10,110.46,45.76
2026-08-23T01:13:11,111.19,46.49
2026-08-23T01:13:12,110.58,45.89
2026-08-23T01:13:13,110.69,45.99
2026-08-23T01:13:14,110.2,45.51
2026-08-23T01:13:15,110.24,45.55
2026-08-23T01:13:16,110.6,45.9
2026-08-23T01:13:17,110.57,45.87
2026-08-23T01:13:18,110.3,45.61
2026-08-23T01:13:19,110.93,46.23
2026-08-23T01:13:20,110.38,45.69
2026-08-23T01:13:21,110.67,45.98
2026-08-23T01:13:22,110.59,45.89
2026-08-23T01:13:23,110.31,45.62
2026-08-23T01:13:24,110.78,46.08
2026-08-23T01:13:25,110.15,45.46
2026-08-23T01:13:26,110.4,45.71
2026-08-23T01:13:27,110.15,45.46
2026-08-23T01:13:28,110.77,46.08
2026-08-23T01:13:29,110.63,45.93
2026-08-23T01:13:30,110.65,45.95
2026-08-23T01:13:31,110.58,45.89
2026-08-23T01:13:32,110.46,45.77
2026-08-23T01:13:33,110.73,46.03
2026-08-23T01:13:34,110.57,45.88
2026-08-23T01:13:35,110.57,45.87
2026-08-23T01:13:36,110.47,45.78
2026-08-23T01:13:37,110.25,45.56
2026-08-23T01:13:38,110.33,45.64
2026-08-23T01:13:39,110.08,45.39
2026-08-23T01:13:40,110.17,45.48
2026-08-23T01:13:41,110.53,45.84
2026-08-23T01:13:42,110.16,45.47
2026-08-23T01:13:43,110.34,45.64
2026-08-23T01:13:44,110.52,45.82
2026-08-23T01:13:45,110.43,45.74
2026-08-23T01:13:46,110.12,45.43
2026-08-23T01:13:47,111.02,46.31
2026-08-23T01:13:48,111.03,46.33
2026-08-23T01:13:49,111.43,46.72
2026-08-23T01:13:50,111.52,46.81
2026-08-23T01:13:51,110.98,46.28
2026-08-23T01:13:52,111.41,46.7
2026-08-23T01:13:53,110.81,46.12
2026-08-23T01:13:54,110.54,45.85
2026-08-23T01:13:55,110.55,45.85
2026-08-23T01:13:56,110.47,45.78
2026-08-23T01:13:57,110.51,45.82
2026-08-23T01:13:58,110.69,45.99
2026-08-23T01:13:59,110.44,45.75
2026-08-23T01:14:00,110.38,45.69
2026-08-23T01:14:01,110.58,45.89
2026-08-23T01:14:02,110.92,46.22
2026-08-23T01:14:03,110.57,45.87
2026-08-23T01:14:04,110.34,45.64
2026-08-23T01:14:05,110.23,45.54
2026-08-23T01:14:06,110.73,46.03
2026-08-23T01:14:07,110.55,45.86
2026-08-23T01:14:08,110.28,45.58
2026-08-23T01:14:09,110.11,45.42
2026-08-23T01:14:10,110.37,45.68
2026-08-23T01:14:11,110.45,45.76
2026-08-23T01:14:12,110.63,45.93
2026-08-23T01:14:13,110.17,45.48
2026-08-23T01:14:14,110.7,46.0
2026-08-23T01:14:15,110.84,46.14
2026-08-23T01:14:16,110.74,46.04
2026-08-23T01:14:17,110.68,45.98
2026-08-23T01:14:18,110.47,45.78
2026-08-23T01:14:19,110.49,45.79
2026-08-23T01:14:20,110.65,45.95
2026-08-23T01:14:21,110.09,45.4
2026-08-23T01:14:22,110.52,45.82
2026-08-23T01:14:23,110.55,45.85
2026-08-23T01:14:24,110.47,45.78
2026-08-23T01:14:25,110.25,45.56
2026-08-23T01:14:26,110.82,46.12
2026-08-23T01:14:27,111.36,46.65
2026-08-23T01:14:28,111.19,46.49
2026-08-23T01:14:29,111.03,46.33
2026-08-23T01:14:30,111.3,46.6
2026-08-23T01:14:31,110.54,45.85
2026-08-23T01:14:32,111.57,46.86
2026-08-23T01:14:33,112.3,47.58
2026-08-23T01:14:34,111.82,47.11
2026-08-23T01:14:35,111.83,47.12
2026-08-23T01:14:36,112.11,47.39
2026-08-23T01:14:37,111.8,47.08
2026-08-23T01:14:38,111.88,47.17
2026-08-23T01:14:39,112.75,48.02
2026-08-23T01:14:40,112.97,48.24
2026-08-23T01:14:41,115.19,50.43
2026-08-23T01:14:42,118.35,53.54
2026-08-23T01:14:43,120.08,55.25
2026-08-23T01:14:44,121.11,56.26
2026-08-23T01:14:45,123.06,58.19
2026-08-23T01:14:46,125.33,60.43
2026-08-23T01:14:47,126.78,61.85
2026-08-23T01:14:48,127.61,62.67
2026-08-23T01:14:49,129.23,64.27
2026-08-23T01:14:50,130.2,65.22
2026-08-23T01:14:51,125.1,60.2
2026-08-23T01:14:52,128.08,63.14
2026-08-23T01:14:53,125.5,60.59
2026-08-23T01:14:54,122.98,58.11
2026-08-23T01:14:55,120.65,55.81
2026-08-23T01:14:56,121.22,56.37
2026-08-23T01:14:57,120.36,55.53
2026-08-23T01:14:58,115.41,50.65
2026-08-23T01:14:59,114.84,50.09
2026-08-23T01:15:00,112.3,47.58
2026-08-23T01:15:01,112.95,48.22
2026-08-23T01:15:02,113.24,48.51
2026-08-23T01:15:03,114.36,49.61
2026-08-23T01:15:04,114.81,50.06
2026-08-23T01:15:05,110.78,46.09
2026-08-23T01:15:06,111.87,47.15
2026-08-23T01:15:07,110.27,45.58
2026-08-23T01:15:08,109.85,45.17
2026-08-23T01:15:09,110.27,45.58
2026-08-23T01:15:10,109.86,45.18
2026-08-23T01:15:11,110.19,45.5
2026-08-23T01:15:12,110.29,45.6
2026-08-23T01:15:13,110.6,45.9
2026-08-23T01:15:14,110.92,46.22
2026-08-23T01:15:15,111.68,46.97
2026-08-23T01:15:16,110.67,45.97
2026-08-23T01:15:17,111.79,47.08
2026-08-23T01:15:18,111.81,47.09
2026-08-23T01:15:19,111.49,46.78
2026-08-23T01:15:20,111.64,46.93
2026-08-23T01:15:21,110.93,46.23
2026-08-23T01:15:22,110.86,46.16
2026-08-23T01:15:23,110.72,46.02
2026-08-23T01:15:24,110.62,45.93
2026-08-23T01:15:25,110.43,45.74
2026-08-23T01:15:26,111.27,46.56
2026-08-23T01:15:27,112.05,47.33
2026-08-23T01:15:28,111.61,46.9
2026-08-23T01:15:29,110.42,45.73
2026-08-23T01:15:30,110.62,45.93
2026-08-23T01:15:31,111.19,46.48
2026-08-23T01:15:32,110.86,46.16
2026-08-23T01:15:33,110.76,46.07
2026-08-23T01:15:34,111.03,46.33
2026-08-23T01:15:35,110.58,45.89
2026-08-23T01:15:36,110.55,45.85
2026-08-23T01:15:37,110.61,45.92
2026-08-23T01:15:38,110.66,45.96
2026-08-23T01:15:39,110.57,45.88
2026-08-23T01:15:40,110.18,45.49
2026-08-23T01:15:41,110.18,45.49
2026-08-23T01:15:42,109.98,45.29
2026-08-23T01:15:43,110.39,45.7
2026-08-23T01:15:44,110.14,45.46
2026-08-23T01:15:45,110.15,45.46
2026-08-23T01:15:46,110.32,45.63
2026-08-23T01:15:47,110.49,45.8
2026-08-23T01:15:48,110.64,45.95
2026-08-23T01:15:49,110.68,45.99
2026-08-23T01:15:50,110.9,46.2
2026-08-23T01:15:51,110.72,46.03
2026-08-23T01:15:52,110.74,46.04
2026-08-23T01:15:53,110.38,45.69
2026-08-23T01:15:54,110.01,45.32
2026-08-23T01:15:55,109.69,45.0
2026-08-23T01:15:56,110.51,45.81
2026-08-23T01:15:57,110.61,45.92
2026-08-23T01:15:58,110.55,45.85
2026-08-23T01:15:59,110.71,46.01
2026-08-23T01:16:00,110.25,45.56
2026-08-23T01:16:01,110.63,45.94
2026-08-23T01:16:02,110.69,45.99
2026-08-23T01:16:03,110.63,45.94
2026-08-23T01:16:04,110.64,45.94
2026-08-23T01:16:05,110.73,46.03
2026-08-23T01:16:06,110.53,45.84
2026-08-23T01:16:07,110.63,45.94
2026-08-23T01:16:08,109.7,45.02
2026-08-23T01:16:09,109.64,44.95
2026-08-23T01:16:10,110.11,45.42
2026-08-23T01:16:11,110.16,45.47
2026-08-23T01:16:12,109.84,45.16
2026-08-23T01:16:13,110.15,45.47
2026-08-23T01:16:14,110.26,45.57
2026-08-23T01:16:15,110.68,45.99
2026-08-23T01:16:16,111.07,46.37
2026-08-23T01:16:17,111.04,46.34
2026-08-23T01:16:18,110.72,46.02
2026-08-23T01:16:19,110.88,46.18
2026-08-23T01:16:20,110.24,45.55
2026-08-23T01:16:21,109.76,45.08
2026-08-23T01:16:22,109.72,45.04
2026-08-23T01:16:23,109.3,44.62
2026-08-23T01:16:24,109.31,44.63
2026-08-23T01:16:25,109.61,44.93
2026-08-23T01:16:26,109.81,45.12
2026-08-23T01:16:27,109.75,45.06
2026-08-23T01:16:28,109.36,44.68
2026-08-23T01:16:29,109.94,45.25
2026-08-23T01:16:30,109.87,45.18
2026-08-23T01:16:31,109.66,44.98
2026-08-23T01:16:32,109.64,44.96
2026-08-23T01:16:33,109.9,45.22
2026-08-23T01:16:34,109.6,44.92
2026-08-23T01:16:35,109.75,45.06
2026-08-23T01:16:36,110.61,45.92
2026-08-23T01:16:37,110.23,45.54
2026-08-23T01:16:38,109.78,45.1
2026-08-23T01:16:39,110.15,45.46
2026-08-23T01:16:40,110.12,45.43
2026-08-23T01:16:41,109.61,44.93
2026-08-23T01:16:42,109.83,45.14
2026-08-23T01:16:43,110.23,45.54
2026-08-23T01:16:44,110.03,45.35
2026-08-23T01:16:45,109.61,44.93
2026-08-23T01:16:46,109.93,45.25
2026-08-23T01:16:47,110.07,45.38
2026-08-23T01:16:48,109.7,45.01
2026-08-23T01:16:49,109.56,44.88
2026-08-23T01:16:50,110.03,45.35
2026-08-23T01:16:51,109.59,44.91
2026-08-23T01:16:52,109.83,45.15
2026-08-23T01:16:53,109.79,45.1
2026-08-23T01:16:54,109.43,44.75
2026-08-23T01:16:55,109.93,45.25
2026-08-23T01:16:56,110.17,45.48
2026-08-23T01:16:57,110.11,45.42
2026-08-23T01:16:58,109.46,44.78
2026-08-23T01:16:59,109.66,44.98
2026-08-23T01:17:00,109.89,45.21
2026-08-23T01:17:01,109.76,45.08
2026-08-23T01:17:02,109.58,44.9
2026-08-23T01:17:03,110.13,45.44
2026-08-23T01:17:04,110.01,45.33
2026-08-23T01:17:05,109.6,44.91
2026-08-23T01:17:06,110.0,45.31
2026-08-23T01:17:07,109.93,45.25
2026-08-23T01:17:08,110.58,45.88
2026-08-23T01:17:09,110.44,45.75
2026-08-23T01:17:10,110.16,45.48
2026-08-23T01:17:11,109.63,44.95
2026-08-23T01:17:12,110.32,45.62
2026-08-23T01:17:13,110.45,45.76
2026-08-23T01:17:14,110.02,45.33
2026-08-23T01:17:15,109.98,45.3
2026-08-23T01:17:16,110.39,45.7
2026-08-23T01:17:17,110.08,45.39
2026-08-23T01:17:18,110.29,45.6
2026-08-23T01:17:19,110.47,45.78
2026-08-23T01:17:20,110.63,45.94
2026-08-23T01:17:21,110.26,45.57
2026-08-23T01:17:22,110.75,46.05
2026-08-23T01:17:23,110.78,46.08
2026-08-23T01:17:24,110.4,45.7
2026-08-23T01:17:25,110.61,45.91
2026-08-23T01:17:26,110.92,46.22
2026-08-23T01:17:27,111.23,46.52
2026-08-23T01:17:28,111.39,46.68
2026-08-23T01:17:29,112.18,47.46
2026-08-23T01:17:30,113.13,48.4
2026-08-23T01:17:31,114.66,49.91
2026-08-23T01:17:32,116.42,51.64
2026-08-23T01:17:33,118.59,53.78
2026-08-23T01:17:34,119.91,55.08
2026-08-23T01:17:35,122.89,58.02
2026-08-23T01:17:36,125.55,60.64
2026-08-23T01:17:37,126.25,61.33
2026-08-23T01:17:38,127.64,62.7
2026-08-23T01:17:39,125.51,60.6
2026-08-23T01:17:40,127.98,63.04
2026-08-23T01:17:41,126.4,61.48
2026-08-23T01:17:42,118.77,53.96
2026-08-23T01:17:43,115.93,51.16
2026-08-23T01:17:44,113.35,48.61
2026-08-23T01:17:45,112.61,47.88
2026-08-23T01:17:46,111.63,46.92
2026-08-23T01:17:47,111.07,46.37
2026-08-23T01:17:48,110.72,46.03
2026-08-23T01:17:49,110.51,45.82
2026-08-23T01:17:50,110.56,45.87
2026-08-23T01:17:51,110.58,45.88
2026-08-23T01:17:52,110.84,46.14
2026-08-23T01:17:53,110.52,45.82
2026-08-23T01:17:54,110.37,45.68
2026-08-23T01:17:55,110.28,45.59
2026-08-23T01:17:56,110.51,45.82
2026-08-23T01:17:57,110.53,45.83
2026-08-23T01:17:58,110.49,45.8
2026-08-23T01:17:59,111.58,46.87
2026-08-23T01:18:00,111.8,47.09
2026-08-23T01:18:01,112.73,48.0
2026-08-23T01:18:02,112.95,48.22
2026-08-23T01:18:03,113.66,48.92
2026-08-23T01:18:04,115.36,50.6
2026-08-23T01:18:05,118.17,53.37
2026-08-23T01:18:06,119.76,54.94
2026-08-23T01:18:07,121.2,56.35
2026-08-23T01:18:08,121.17,56.32
2026-08-23T01:18:09,120.86,56.02
2026-08-23T01:18:10,123.48,58.6
2026-08-23T01:18:11,125.95,61.03
2026-08-23T01:18:12,126.61,61.69
2026-08-23T01:18:13,124.8,59.91
2026-08-23T01:18:14,123.46,58.58
2026-08-23T01:18:15,122.54,57.67
2026-08-23T01:18:16,119.18,54.36
2026-08-23T01:18:17,119.52,54.7
2026-08-23T01:18:18,118.85,54.04
2026-08-23T01:18:19,118.13,53.33
2026-08-23T01:18:20,116.69,51.91
2026-08-23T01:18:21,114.41,49.66
2026-08-23T01:18:22,113.48,48.75
2026-08-23T01:18:23,111.52,46.81
2026-08-23T01:18:24,111.27,46.56
2026-08-23T01:18:25,112.29,47.57
2026-08-23T01:18:26,113.68,48.94
2026-08-23T01:18:27,115.11,50.35
2026-08-23T01:18:28,116.08,51.31
2026-08-23T01:18:29,114.4,49.65
2026-08-23T01:18:30,111.58,46.87
2026-08-23T01:18:31,111.68,46.96
2026-08-23T01:18:32,111.7,46.99
2026-08-23T01:18:33,111.02,46.32
2026-08-23T01:18:34,111.71,47.0
2026-08-23T01:18:35,111.63,46.92
2026-08-23T01:18:36,111.83,47.12
2026-08-23T01:18:37,111.85,47.13
2026-08-23T01:18:38,112.03,47.32
2026-08-23T01:18:39,112.25,47.53
2026-08-23T01:18:40,112.54,47.81
2026-08-23T01:18:41,112.18,47.46
2026-08-23T01:18:42,111.84,47.12
2026-08-23T01:18:43,111.34,46.63
2026-08-23T01:18:44,111.44,46.74
2026-08-23T01:18:45,111.34,46.63
2026-08-23T01:18:46,111.29,46.59
2026-08-23T01:18:47,110.86,46.16
2026-08-23T01:18:48,110.95,46.25
2026-08-23T01:18:49,110.89,46.19
2026-08-23T01:18:50,111.12,46.41
2026-08-23T01:18:51,112.05,47.34
2026-08-23T01:18:52,113.71,48.97
2026-08-23T01:18:53,113.36,48.63
2026-08-23T01:18:54,115.57,50.81
2026-08-23T01:18:55,115.89,51.12
2026-08-23T01:18:56,117.5,52.7
2026-08-23T01:18:57,118.91,54.1
2026-08-23T01:18:58,120.96,56.12
2026-08-23T01:18:59,122.83,57.96
2026-08-23T01:19:00,126.66,61.73
2026-08-23T01:19:01,128.16,63.22
2026-08-23T01:19:02,129.83,64.86
2026-08-23T01:19:03,124.64,59.75
2026-08-23T01:19:04,124.76,59.86
2026-08-23T01:19:05,125.32,60.41
2026-08-23T01:19:06,123.56,58.68
2026-08-23T01:19:07,120.59,55.76
2026-08-23T01:19:08,117.73,52.93
2026-08-23T01:19:09,115.16,50.4
2026-08-23T01:19:10,113.69,48.95
2026-08-23T01:19:11,112.37,47.65
2026-08-23T01:19:12,111.07,46.37
2026-08-23T01:19:13,111.22,46.51
2026-08-23T01:19:14,110.89,46.19
2026-08-23T01:19:15,111.79,47.07
2026-08-23T01:19:16,112.9,48.17
2026-08-23T01:19:17,112.25,47.53
2026-08-23T01:19:18,111.48,46.78
2026-08-23T01:19:19,110.44,45.75
2026-08-23T01:19:20,111.63,46.92
2026-08-23T01:19:21,111.9,47.19
2026-08-23T01:19:22,111.29,46.59
2026-08-23T01:19:23,111.35,46.64
2026-08-23T01:19:24,111.89,47.18
2026-08-23T01:19:25,111.16,46.46
2026-08-23T01:19:26,110.81,46.11
2026-08-23T01:19:27,110.53,45.84
2026-08-23T01:19:28,110.29,45.6
2026-08-23T01:19:29,109.55,44.87
2026-08-23T01:19:30,109.85,45.16
2026-08-23T01:19:31,110.09,45.4
2026-08-23T01:19:32,110.25,45.56
2026-08-23T01:19:33,110.42,45.73
2026-08-23T01:19:34,110.61,45.92
2026-08-23T01:19:35,111.34,46.64
2026-08-23T01:19:36,110.47,45.78
2026-08-23T01:19:37,110.84,46.14
2026-08-23T01:19:38,110.75,46.05
2026-08-23T01:19:39,110.42,45.73
2026-08-23T01:19:40,109.95,45.26
2026-08-23T01:19:41,109.79,45.11
2026-08-23T01:19:42,110.08,45.4
2026-08-23T01:19:43,109.95,45.27
2026-08-23T01:19:44,109.88,45.19
2026-08-23T01:19:45,109.94,45.25
2026-08-23T01:19:46,110.18,45.49
2026-08-23T01:19:47,110.24,45.55
2026-08-23T01:19:48,110.74,46.04
2026-08-23T01:19:49,110.28,45.59
2026-08-23T01:19:50,110.42,45.73
2026-08-23T01:19:51,110.42,45.73
2026-08-23T01:19:52,110.54,45.85
2026-08-23T01:19:53,110.0,45.31
2026-08-23T01:19:54,110.19,45.5
2026-08-23T01:19:55,110.81,46.11
2026-08-23T01:19:56,110.55,45.85
2026-08-23T01:19:57,110.46,45.76
2026-08-23T01:19:58,110.32,45.63
2026-08-23T01:19:59,110.75,46.05
2026-08-23T01:20:00,110.45,45.76
2026-08-23T01:20:01,110.2,45.51
2026-08-23T01:20:02,110.57,45.88
2026-08-23T01:20:03,110.5,45.81
2026-08-23T01:20:04,109.77,45.09
2026-08-23T01:20:05,110.43,45.74
2026-08-23T01:20:06,110.24,45.55
2026-08-23T01:20:07,110.34,45.65
2026-08-23T01:20:08,110.47,45.77
2026-08-23T01:20:09,110.61,45.91
2026-08-23T01:20:10,110.46,45.77
2026-08-23T01:20:11,110.53,45.84
2026-08-23T01:20:12,110.21,45.52
2026-08-23T01:20:13,110.46,45.76
2026-08-23T01:20:14,110.4,45.71
2026-08-23T01:20:15,111.04,46.34
2026-08-23T01:20:16,111.41,46.7
2026-08-23T01:20:17,112.07,47.35
2026-08-23T01:20:18,112.54,47.82
2026-08-23T01:20:19,113.04,48.31
2026-08-23T01:20:20,114.37,49.62
2026-08-23T01:20:21,115.36,50.6
2026-08-23T01:20:22,118.15,53.34
2026-08-23T01:20:23,120.76,55.92
2026-08-23T01:20:24,123.14,58.26
2026-08-23T01:20:25,123.47,58.59
2026-08-23T01:20:26,124.13,59.24
2026-08-23T01:20:27,123.85,58.97
2026-08-23T01:20:28,122.66,57.79
2026-08-23T01:20:29,122.58,57.71
2026-08-23T01:20:30,123.65,58.77
2026-08-23T01:20:31,123.92,59.03
2026-08-23T01:20:32,123.43,58.55
2026-08-23T01:20:33,124.16,59.27
2026-08-23T01:20:34,122.84,57.97
2026-08-23T01:20:35,120.09,55.26
2026-08-23T01:20:36,119.0,54.19
2026-08-23T01:20:37,118.25,53.44
2026-08-23T01:20:38,118.01,53.21
2026-08-23T01:20:39,117.64,52.84
2026-08-23T01:20:40,118.33,53.52
2026-08-23T01:20:41,119.01,54.2
2026-08-23T01:20:42,119.17,54.35
2026-08-23T01:20:43,120.35,55.52
2026-08-23T01:20:44,120.12,55.29
2026-08-23T01:20:45,118.54,53.73
2026-08-23T01:20:46,116.88,52.1
2026-08-23T01:20:47,118.47,53.67
2026-08-23T01:20:48,118.45,53.64
2026-08-23T01:20:49,117.8,53.0
2026-08-23T01:20:50,116.89,52.11
2026-08-23T01:20:51,114.61,49.85
2026-08-23T01:20:52,114.36,49.61
2026-08-23T01:20:53,112.65,47.92
2026-08-23T01:20:54,111.91,47.2
2026-08-23T01:20:55,111.52,46.81
2026-08-23T01:20:56,111.18,46.48
2026-08-23T01:20:57,110.98,46.28
2026-08-23T01:20:58,111.7,46.99
2026-08-23T01:20:59,110.97,46.27
2026-08-23T01:21:00,111.23,46.53
2026-08-23T01:21:01,111.3,46.59
2026-08-23T01:21:02,111.02,46.31
2026-08-23T01:21:03,111.46,46.75
2026-08-23T01:21:04,110.95,46.25
2026-08-23T01:21:05,111.1,46.4
2026-08-23T01:21:06,110.48,45.79
2026-08-23T01:21:07,110.73,46.04
2026-08-23T01:21:08,111.09,46.39
2026-08-23T01:21:09,110.79,46.1
2026-08-23T01:21:10,110.83,46.13
2026-08-23T01:21:11,111.24,46.53
2026-08-23T01:21:12,111.48,46.77
2026-08-23T01:21:13,111.54,46.83
2026-08-23T01:21:14,111.8,47.08
2026-08-23T01:21:15,111.95,47.23
2026-08-23T01:21:16,112.28,47.56
2026-08-23T01:21:17,113.01,48.28
2026-08-23T01:21:18,113.73,48.99
2026-08-23T01:21:19,114.59,49.84
2026-08-23T01:21:20,114.99,50.24
2026-08-23T01:21:21,116.46,51.68
2026-08-23T01:21:22,116.06,51.29
2026-08-23T01:21:23,115.22,50.46
2026-08-23T01:21:24,115.0,50.24
2026-08-23T01:21:25,115.29,50.53
2026-08-23T01:21:26,113.39,48.66
2026-08-23T01:21:27,115.5,50.74
2026-08-23T01:21:28,118.17,53.36
2026-08-23T01:21:29,114.01,49.26
2026-08-23T01:21:30,111.74,47.03
2026-08-23T01:21:31,111.27,46.56
2026-08-23T01:21:32,111.07,46.36
2026-08-23T01:21:33,112.39,47.67
2026-08-23T01:21:34,113.46,48.72
2026-08-23T01:21:35,111.55,46.84
2026-08-23T01:21:36,111.93,47.22
2026-08-23T01:21:37,111.83,47.12
2026-08-23T01:21:38,111.7,46.99
2026-08-23T01:21:39,112.62,47.9
2026-08-23T01:21:40,112.61,47.89
2026-08-23T01:21:41,111.93,47.22
2026-08-23T01:21:42,115.11,50.35
2026-08-23T01:21:43,115.05,50.29
2026-08-23T01:21:44,115.45,50.68
2026-08-23T01:21:45,117.33,52.54
2026-08-23T01:21:46,114.69,49.94
2026-08-23T01:21:47,114.87,50.12
2026-08-23T01:21:48,113.4,48.67
2026-08-23T01:21:49,111.7,46.99
2026-08-23T01:21:50,111.19,46.49
2026-08-23T01:21:51,110.41,45.72
2026-08-23T01:21:52,110.38,45.69
2026-08-23T01:21:53,110.36,45.67
2026-08-23T01:21:54,110.97,46.27
2026-08-23T01:21:55,110.74,46.04
2026-08-23T01:21:56,111.18,46.48
2026-08-23T01:21:57,111.53,46.82
2026-08-23T01:21:58,111.47,46.77
2026-08-23T01:21:59,110.76,46.06
2026-08-23T01:22:00,111.1,46.4
2026-08-23T01:22:01,110.91,46.21
2026-08-23T01:22:02,110.59,45.89
2026-08-23T01:22:03,110.84,46.14
2026-08-23T01:22:04,112.21,47.49
2026-08-23T01:22:05,111.15,46.45
2026-08-23T01:22:06,111.26,46.56
2026-08-23T01:22:07,111.36,46.66
2026-08-23T01:22:08,110.71,46.01
2026-08-23T01:22:09,110.4,45.71
2026-08-23T01:22:10,110.86,46.16
2026-08-23T01:22:11,111.0,46.3
2026-08-23T01:22:12,110.61,45.92
2026-08-23T01:22:13,110.3,45.61
2026-08-23T01:22:14,110.6,45.91
2026-08-23T01:22:15,109.9,45.22
2026-08-23T01:22:16,110.4,45.71
2026-08-23T01:22:17,110.39,45.7
2026-08-23T01:22:18,110.1,45.41
2026-08-23T01:22:19,111.16,46.45
2026-08-23T01:22:20,110.72,46.02
2026-08-23T01:22:21,110.69,46.0
2026-08-23T01:22:22,110.64,45.94
2026-08-23T01:22:23,110.64,45.94
2026-08-23T01:22:24,110.65,45.95
2026-08-23T01:22:25,110.98,46.28
2026-08-23T01:22:26,111.52,46.81
2026-08-23T01:22:27,111.35,46.64
2026-08-23T01:22:28,111.74,47.03
2026-08-23T01:22:29,111.48,46.78
2026-08-23T01:22:30,113.46,48.72
2026-08-23T01:22:31,110.26,45.57
2026-08-23T01:22:32,111.38,46.68
2026-08-23T01:22:33,110.07,45.38
2026-08-23T01:22:34,110.04,45.35
2026-08-23T01:22:35,110.2,45.51
2026-08-23T01:22:36,109.49,44.81
2026-08-23T01:22:37,109.37,44.69
2026-08-23T01:22:38,110.67,45.98
2026-08-23T01:22:39,111.11,46.41
2026-08-23T01:22:40,109.75,45.07
2026-08-23T01:22:41,109.51,44.83
2026-08-23T01:22:42,110.65,45.95
2026-08-23T01:22:43,110.17,45.48
2026-08-23T01:22:44,110.57,45.87
2026-08-23T01:22:45,110.75,46.05
2026-08-23T01:22:46,110.54,45.85
2026-08-23T01:22:47,110.18,45.49
2026-08-23T01:22:48,110.51,45.82
2026-08-23T01:22:49,111.34,46.63
2026-08-23T01:22:50,111.57,46.87
2026-08-23T01:22:51,110.55,45.86
2026-08-23T01:22:52,110.66,45.97
2026-08-23T01:22:53,110.17,45.48
2026-08-23T01:22:54,110.03,45.34
2026-08-23T01:22:55,110.95,46.25
2026-08-23T01:22:56,110.87,46.17
2026-08-23T01:22:57,110.77,46.07
2026-08-23T01:22:58,110.46,45.77
2026-08-23T01:22:59,110.64,45.95
2026-08-23T01:23:00,110.16,45.47
2026-08-23T01:23:01,109.95,45.26
2026-08-23T01:23:02,110.82,46.12
2026-08-23T01:23:03,111.09,46.39
2026-08-23T01:23:04,110.91,46.21
2026-08-23T01:23:05,111.48,46.77
2026-08-23T01:23:06,111.17,46.46
2026-08-23T01:23:07,110.59,45.89
2026-08-23T01:23:08,110.19,45.5
2026-08-23T01:23:09,110.45,45.76
2026-08-23T01:23:10,110.43,45.73
2026-08-23T01:23:11,110.4,45.7
2026-08-23T01:23:12,110.66,45.96
2026-08-23T01:23:13,110.25,45.56
2026-08-23T01:23:14,110.44,45.75
2026-08-23T01:23:15,110.62,45.93
2026-08-23T01:23:16,111.0,46.3
2026-08-23T01:23:17,110.2,45.51
2026-08-23T01:23:18,110.61,45.91
2026-08-23T01:23:19,110.4,45.71
2026-08-23T01:23:20,110.35,45.66
2026-08-23T01:23:21,110.64,45.94
2026-08-23T01:23:22,110.68,45.98
2026-08-23T01:23:23,110.75,46.06
2026-08-23T01:23:24,110.35,45.66
2026-08-23T01:23:25,111.01,46.31
2026-08-23T01:23:26,110.63,45.94
2026-08-23T01:23:27,110.27,45.58
2026-08-23T01:23:28,110.94,46.24
2026-08-23T01:23:29,111.8,47.09
2026-08-23T01:23:30,111.31,46.61
2026-08-23T01:23:31,110.14,45.45
2026-08-23T01:23:32,110.43,45.73
2026-08-23T01:23:33,110.69,45.99
2026-08-23T01:23:34,111.25,46.55
2026-08-23T01:23:35,111.29,46.59
2026-08-23T01:23:36,111.15,46.44
2026-08-23T01:23:37,110.81,46.11
2026-08-23T01:23:38,110.93,46.23
2026-08-23T01:23:39,110.59,45.9
2026-08-23T01:23:40,110.22,45.53
2026-08-23T01:23:41,110.68,45.99
2026-08-23T01:23:42,110.61,45.91
2026-08-23T01:23:43,110.99,46.29
2026-08-23T01:23:44,110.6,45.91
2026-08-23T01:23:45,111.37,46.67
2026-08-23T01:23:46,111.12,46.42
2026-08-23T01:23:47,111.02,46.32
2026-08-23T01:23:48,111.41,46.7
2026-08-23T01:23:49,110.93,46.23
2026-08-23T01:23:50,110.96,46.26
2026-08-23T01:23:51,110.83,46.13
2026-08-23T01:23:52,111.61,46.9
2026-08-23T01:23:53,110.64,45.95
2026-08-23T01:23:54,110.44,45.75
2026-08-23T01:23:55,110.66,45.96
2026-08-23T01:23:56,110.43,45.73
2026-08-23T01:23:57,110.06,45.37
2026-08-23T01:23:58,110.45,45.75
2026-08-23T01:23:59,110.61,45.91
2026-08-23T01:24:00,111.26,46.56
2026-08-23T01:24:01,110.96,46.26
2026-08-23T01:24:02,111.68,46.97
2026-08-23T01:24:03,111.51,46.8
2026-08-23T01:24:04,111.94,47.23
2026-08-23T01:24:05,111.88,47.17
2026-08-23T01:24:06,112.89,48.16
2026-08-23T01:24:07,112.58,47.86
2026-08-23T01:24:08,114.61,49.86
2026-08-23T01:24:09,115.09,50.33
2026-08-23T01:24:10,116.8,52.01
2026-08-23T01:24:11,118.67,53.86
2026-08-23T01:24:12,121.35,56.5
2026-08-23T01:24:13,124.0,59.11
2026-08-23T01:24:14,126.04,61.12
2026-08-23T01:24:15,126.95,62.02
2026-08-23T01:24:16,122.27,57.41
2026-08-23T01:24:17,118.54,53.74
2026-08-23T01:24:18,115.96,51.19
2026-08-23T01:24:19,114.04,49.3
2026-08-23T01:24:20,112.71,47.98
2026-08-23T01:24:21,112.97,48.24
2026-08-23T01:24:22,112.84,48.12
2026-08-23T01:24:23,111.99,47.28
2026-08-23T01:24:24,111.58,46.87
2026-08-23T01:24:25,111.66,46.95
2026-08-23T01:24:26,111.83,47.12
2026-08-23T01:24:27,112.41,47.69
2026-08-23T01:24:28,112.71,47.99
2026-08-23T01:24:29,111.7,46.99
2026-08-23T01:24:30,111.66,46.95
2026-08-23T01:24:31,111.6,46.89
2026-08-23T01:24:32,111.9,47.18
2026-08-23T01:24:33,111.9,47.19
2026-08-23T01:24:34,111.31,46.61
2026-08-23T01:24:35,111.4,46.7
2026-08-23T01:24:36,111.21,46.5
2026-08-23T01:24:37,111.35,46.64
2026-08-23T01:24:38,112.84,48.11
2026-08-23T01:24:39,111.81,47.1
2026-08-23T01:24:40,111.63,46.92
2026-08-23T01:24:41,112.91,48.19
2026-08-23T01:24:42,112.13,47.41
2026-08-23T01:24:43,111.62,46.91
2026-08-23T01:24:44,112.22,47.51
2026-08-23T01:24:45,112.07,47.35
2026-08-23T01:24:46,112.32,47.6
2026-08-23T01:24:47,111.65,46.94
2026-08-23T01:24:48,111.11,46.41
2026-08-23T01:24:49,111.52,46.81
2026-08-23T01:24:50,111.45,46.75
2026-08-23T01:24:51,111.71,47.0
2026-08-23T01:24:52,112.21,47.49
2026-08-23T01:24:53,111.6,46.89
2026-08-23T01:24:54,112.1,47.38
2026-08-23T01:24:55,112.19,47.47
2026-08-23T01:24:56,113.55,48.82
2026-08-23T01:24:57,114.06,49.31
2026-08-23T01:24:58,117.69,52.89
2026-08-23T01:24:59,119.65,54.83
2026-08-23T01:25:00,123.05,58.18
2026-08-23T01:25:01,127.77,62.83
2026-08-23T01:25:02,133.41,68.39
2026-08-23T01:25:03,135.22,70.17
2026-08-23T01:25:04,128.36,63.41
2026-08-23T01:25:05,121.77,56.91
2026-08-23T01:25:06,117.65,52.85
2026-08-23T01:25:07,115.91,51.14
2026-08-23T01:25:08,114.79,50.04
2026-08-23T01:25:09,112.87,48.15
2026-08-23T01:25:10,112.17,47.46
2026-08-23T01:25:11,111.57,46.86
2026-08-23T01:25:12,111.95,47.23
2026-08-23T01:25:13,110.35,45.66
2026-08-23T01:25:14,110.04,45.35
2026-08-23T01:25:15,110.31,45.62
2026-08-23T01:25:16,109.97,45.28
2026-08-23T01:25:17,110.45,45.76
2026-08-23T01:25:18,110.09,45.41
2026-08-23T01:25:19,110.44,45.75
2026-08-23T01:25:20,112.48,47.76
2026-08-23T01:25:21,114.61,49.86
2026-08-23T01:25:22,114.43,49.68
2026-08-23T01:25:23,113.57,48.83
2026-08-23T01:25:24,112.9,48.17
2026-08-23T01:25:25,113.11,48.38
2026-08-23T01:25:26,112.18,47.47
2026-08-23T01:25:27,113.02,48.29
2026-08-23T01:25:28,114.38,49.63
2026-08-23T01:25:29,112.42,47.7
2026-08-23T01:25:30,111.04,46.34
2026-08-23T01:25:31,110.45,45.76
2026-08-23T01:25:32,110.02,45.33
2026-08-23T01:25:33,110.32,45.62
2026-08-23T01:25:34,111.67,46.96
2026-08-23T01:25:35,112.8,48.08
2026-08-23T01:25:36,114.08,49.34
2026-08-23T01:25:37,114.3,49.55
2026-08-23T01:25:38,114.71,49.95
2026-08-23T01:25:39,115.67,50.9
2026-08-23T01:25:40,118.18,53.38
2026-08-23T01:25:41,119.96,55.13
2026-08-23T01:25:42,121.83,56.98
2026-08-23T01:25:43,123.19,58.32
2026-08-23T01:25:44,123.78,58.9
2026-08-23T01:25:45,123.05,58.18
2026-08-23T01:25:46,120.99,56.15
2026-08-23T01:25:47,117.73,52.93
2026-08-23T01:25:48,116.38,51.6
2026-08-23T01:25:49,115.18,50.42
2026-08-23T01:25:50,113.8,49.06
2026-08-23T01:25:51,113.69,48.95
2026-08-23T01:25:52,113.8,49.06
2026-08-23T01:25:53,113.84,49.1
2026-08-23T01:25:54,113.03,48.3
2026-08-23T01:25:55,112.85,48.12
2026-08-23T01:25:56,112.74,48.01
2026-08-23T01:25:57,112.06,47.34
2026-08-23T01:25:58,111.99,47.28
2026-08-23T01:25:59,111.91,47.19
2026-08-23T01:26:00,111.45,46.74
2026-08-23T01:26:01,110.6,45.9
2026-08-23T01:26:02,111.03,46.33
2026-08-23T01:26:03,111.39,46.69
2026-08-23T01:26:04,110.8,46.1
2026-08-23T01:26:05,110.82,46.12
2026-08-23T01:26:06,110.83,46.13
2026-08-23T01:26:07,111.16,46.46
2026-08-23T01:26:08,110.75,46.05
2026-08-23T01:26:09,110.7,46.01
2026-08-23T01:26:10,110.77,46.08
2026-08-23T01:26:11,110.54,45.85
2026-08-23T01:26:12,110.21,45.52
2026-08-23T01:26:13,110.68,45.98
2026-08-23T01:26:14,111.14,46.44
2026-08-23T01:26:15,111.17,46.46
2026-08-23T01:26:16,110.81,46.11
2026-08-23T01:26:17,110.94,46.24
2026-08-23T01:26:18,110.78,46.08
2026-08-23T01:26:19,110.48,45.78
2026-08-23T01:26:20,110.16,45.47
2026-08-23T01:26:21,110.34,45.65
2026-08-23T01:26:22,110.2,45.51
2026-08-23T01:26:23,110.41,45.72
2026-08-23T01:26:24,110.58,45.89
2026-08-23T01:26:25,110.89,46.2
2026-08-23T01:26:26,111.51,46.8
2026-08-23T01:26:27,111.76,47.05
2026-08-23T01:26:28,111.96,47.24
2026-08-23T01:26:29,111.01,46.31
2026-08-23T01:26:30,111.37,46.67
2026-08-23T01:26:31,111.24,46.53
2026-08-23T01:26:32,111.17,46.46
2026-08-23T01:26:33,111.32,46.62
2026-08-23T01:26:34,111.27,46.57
2026-08-23T01:26:35,111.67,46.96
2026-08-23T01:26:36,111.59,46.88
2026-08-23T01:26:37,112.11,47.4
2026-08-23T01:26:38,111.9,47.18
2026-08-23T01:26:39,112.59,47.87
2026-08-23T01:26:40,112.82,48.09
2026-08-23T01:26:41,113.93,49.18
2026-08-23T01:26:42,115.26,50.5
2026-08-23T01:26:43,116.07,51.29
2026-08-23T01:26:44,118.09,53.29
2026-08-23T01:26:45,120.74,55.91
2026-08-23T01:26:46,122.5,57.63
2026-08-23T01:26:47,126.82,61.9
2026-08-23T01:26:48,127.98,63.03
2026-08-23T01:26:49,127.2,62.27
2026-08-23T01:26:50,120.55,55.71
2026-08-23T01:26:51,117.28,52.49
2026-08-23T01:26:52,114.58,49.83
2026-08-23T01:26:53,113.52,48.78
2026-08-23T01:26:54,112.81,48.09
2026-08-23T01:26:55,113.17,48.44
2026-08-23T01:26:56,111.95,47.24
2026-08-23T01:26:57,111.47,46.76
2026-08-23T01:26:58,111.78,47.07
2026-08-23T01:26:59,111.01,46.31
2026-08-23T01:27:00,110.54,45.84
2026-08-23T01:27:01,110.19,45.5
2026-08-23T01:27:02,110.78,46.08
2026-08-23T01:27:03,110.83,46.13
2026-08-23T01:27:04,110.9,46.2
2026-08-23T01:27:05,110.4,45.71
2026-08-23T01:27:06,110.95,46.25
2026-08-23T01:27:07,111.49,46.78
2026-08-23T01:27:08,112.01,47.29
2026-08-23T01:27:09,112.58,47.86
2026-08-23T01:27:10,111.22,46.52
2026-08-23T01:27:11,110.88,46.18
2026-08-23T01:27:12,111.25,46.55
2026-08-23T01:27:13,111.19,46.48
2026-08-23T01:27:14,110.58,45.88
2026-08-23T01:27:15,109.84,45.15
2026-08-23T01:27:16,110.26,45.57
2026-08-23T01:27:17,110.16,45.47
2026-08-23T01:27:18,110.45,45.76
2026-08-23T01:27:19,110.59,45.9
2026-08-23T01:27:20,111.39,46.69
2026-08-23T01:27:21,110.66,45.97
2026-08-23T01:27:22,110.15,45.46
2026-08-23T01:27:23,111.04,46.34
2026-08-23T01:27:24,111.51,46.8
2026-08-23T01:27:25,110.71,46.01
2026-08-23T01:27:26,110.75,46.05
2026-08-23T01:27:27,111.57,46.86
2026-08-23T01:27:28,111.48,46.77
2026-08-23T01:27:29,111.53,46.83
2026-08-23T01:27:30,112.05,47.33
2026-08-23T01:27:31,112.07,47.35
2026-08-23T01:27:32,111.72,47.01
2026-08-23T01:27:33,112.46,47.74
2026-08-23T01:27:34,113.49,48.75
2026-08-23T01:27:35,113.52,48.78
2026-08-23T01:27:36,114.0,49.26
2026-08-23T01:27:37,115.32,50.56
2026-08-23T01:27:38,117.01,52.23
2026-08-23T01:27:39,118.07,53.27
2026-08-23T01:27:40,120.66,55.82
2026-08-23T01:27:41,123.28,58.4
2026-08-23T01:27:42,124.81,59.91
2026-08-23T01:27:43,125.27,60.37
2026-08-23T01:27:44,118.71,53.9
2026-08-23T01:27:45,116.01,51.24
2026-08-23T01:27:46,113.66,48.92
2026-08-23T01:27:47,112.05,47.34
2026-08-23T01:27:48,111.64,46.93
2026-08-23T01:27:49,111.16,46.46
2026-08-23T01:27:50,110.99,46.29
2026-08-23T01:27:51,111.22,46.51
2026-08-23T01:27:52,110.34,45.65
2026-08-23T01:27:53,110.03,45.34
2026-08-23T01:27:54,110.79,46.09
2026-08-23T01:27:55,110.69,46.0
2026-08-23T01:27:56,111.03,46.32
2026-08-23T01:27:57,111.46,46.76
2026-08-23T01:27:58,110.94,46.24
2026-08-23T01:27:59,110.8,46.1
2026-08-23T01:28:00,110.32,45.63
2026-08-23T01:28:01,110.9,46.2
2026-08-23T01:28:02,111.18,46.47
2026-08-23T01:28:03,111.14,46.43
2026-08-23T01:28:04,110.69,45.99
2026-08-23T01:28:05,110.31,45.62
2026-08-23T01:28:06,110.29,45.6
2026-08-23T01:28:07,110.29,45.6
2026-08-23T01:28:08,109.98,45.3
2026-08-23T01:28:09,109.65,44.96
2026-08-23T01:28:10,110.14,45.46
2026-08-23T01:28:11,109.76,45.08
2026-08-23T01:28:12,109.79,45.11
2026-08-23T01:28:13,109.9,45.22
2026-08-23T01:28:14,109.86,45.18
2026-08-23T01:28:15,110.05,45.36
2026-08-23T01:28:16,110.41,45.72
2026-08-23T01:28:17,110.21,45.52
2026-08-23T01:28:18,109.93,45.25
2026-08-23T01:28:19,109.85,45.17
2026-08-23T01:28:20,110.19,45.5
2026-08-23T01:28:21,109.72,45.04
2026-08-23T01:28:22,109.84,45.15
2026-08-23T01:28:23,110.04,45.36
2026-08-23T01:28:24,110.03,45.34
2026-08-23T01:28:25,109.98,45.29
2026-08-23T01:28:26,109.79,45.1
2026-08-23T01:28:27,109.64,44.96
2026-08-23T01:28:28,109.74,45.06
2026-08-23T01:28:29,110.08,45.39
2026-08-23T01:28:30,109.73,45.05
2026-08-23T01:28:31,110.21,45.52
2026-08-23T01:28:32,110.42,45.73
2026-08-23T01:28:33,110.37,45.68
2026-08-23T01:28:34,109.55,44.87
2026-08-23T01:28:35,109.51,44.83
2026-08-23T01:28:36,109.75,45.07
2026-08-23T01:28:37,109.62,44.94
2026-08-23T01:28:38,109.66,44.98
2026-08-23T01:28:39,110.2,45.51
2026-08-23T01:28:40,110.15,45.47
2026-08-23T01:28:41,109.72,45.04
2026-08-23T01:28:42,109.81,45.12
2026-08-23T01:28:43,110.1,45.41
2026-08-23T01:28:44,110.02,45.33
2026-08-23T01:28:45,110.24,45.55
2026-08-23T01:28:46,110.47,45.78
2026-08-23T01:28:47,110.05,45.36
2026-08-23T01:28:48,109.79,45.1
2026-08-23T01:28:49,109.79,45.11
2026-08-23T01:28:50,109.76,45.07
2026-08-23T01:28:51,109.99,45.3
2026-08-23T01:28:52,109.5,44.82
2026-08-23T01:28:53,109.74,45.05
2026-08-23T01:28:54,109.88,45.2
2026-08-23T01:28:55,110.31,45.62
2026-08-23T01:28:56,110.5,45.81
2026-08-23T01:28:57,110.68,45.99
2026-08-23T01:28:58,109.83,45.15
2026-08-23T01:28:59,110.95,46.25
2026-08-23T01:29:00,110.48,45.79
2026-08-23T01:29:01,109.56,44.88
2026-08-23T01:29:02,109.3,44.62
2026-08-23T01:29:03,109.74,45.06
2026-08-23T01:29:04,109.81,45.13
2026-08-23T01:29:05,110.22,45.53
2026-08-23T01:29:06,110.03,45.34
2026-08-23T01:29:07,109.87,45.18
2026-08-23T01:29:08,109.95,45.26
2026-08-23T01:29:09,110.6,45.91
2026-08-23T01:29:10,110.9,46.2
2026-08-23T01:29:11,110.43,45.74
2026-08-23T01:29:12,110.92,46.22
2026-08-23T01:29:13,111.09,46.39
2026-08-23T01:29:14,110.87,46.17
2026-08-23T01:29:15,110.56,45.86
2026-08-23T01:29:16,110.73,46.03
2026-08-23T01:29:17,110.96,46.26
2026-08-23T01:29:18,111.04,46.34
2026-08-23T01:29:19,110.81,46.11
2026-08-23T01:29:20,110.64,45.94
2026-08-23T01:29:21,111.18,46.47
2026-08-23T01:29:22,110.5,45.8
2026-08-23T01:29:23,110.96,46.26
2026-08-23T01:29:24,110.7,46.0
2026-08-23T01:29:25,110.59,45.89
2026-08-23T01:29:26,110.21,45.52
2026-08-23T01:29:27,110.73,46.03
2026-08-23T01:29:28,109.65,44.97
2026-08-23T01:29:29,109.63,44.95
2026-08-23T01:29:30,109.71,45.02
2026-08-23T01:29:31,110.11,45.42
2026-08-23T01:29:32,109.7,45.01
2026-08-23T01:29:33,109.61,44.93
2026-08-23T01:29:34,110.16,45.47
2026-08-23T01:29:35,109.57,44.89
2026-08-23T01:29:36,110.0,45.31
2026-08-23T01:29:37,109.55,44.87
2026-08-23T01:29:38,109.36,44.68
2026-08-23T01:29:39,109.83,45.14
2026-08-23T01:29:40,109.59,44.91
2026-08-23T01:29:41,109.6,44.92
2026-08-23T01:29:42,109.76,45.07
2026-08-23T01:29:43,109.46,44.78
2026-08-23T01:29:44,109.6,44.91
2026-08-23T01:29:45,109.36,44.69
2026-08-23T01:29:46,109.23,44.56
2026-08-23T01:29:47,109.23,44.56
2026-08-23T01:29:48,109.92,45.24
2026-08-23T01:29:49,109.41,44.73
2026-08-23T01:29:50,109.31,44.64
2026-08-23T01:29:51,109.35,44.67
2026-08-23T01:29:52,108.92,44.25
2026-08-23T01:29:53,109.66,44.98
2026-08-23T01:29:54,109.61,44.93
2026-08-23T01:29:55,109.5,44.82
2026-08-23T01:29:56,109.32,44.64
2026-08-23T01:29:57,109.31,44.64
2026-08-23T01:29:58,109.41,44.73
2026-08-23T01:29:59,109.26,44.58
2026-08-23T01:30:00,109.12,44.45
2026-08-23T01:30:01,109.67,44.99
2026-08-23T01:30:02,109.97,45.28
2026-08-23T01:30:03,109.65,44.97
2026-08-23T01:30:04,109.95,45.26
2026-08-23T01:30:05,109.37,44.69
2026-08-23T01:30:06,109.67,44.99
2026-08-23T01:30:07,110.02,45.34
2026-08-23T01:30:08,109.99,45.3
2026-08-23T01:30:09,109.62,44.94
2026-08-23T01:30:10,109.95,45.27
2026-08-23T01:30:11,111.47,46.77
2026-08-23T01:30:12,112.12,47.4
2026-08-23T01:30:13,111.15,46.45
2026-08-23T01:30:14,109.9,45.22
2026-08-23T01:30:15,109.38,44.7
2026-08-23T01:30:16,109.61,44.93
2026-08-23T01:30:17,109.46,44.78
2026-08-23T01:30:18,110.2,45.51
2026-08-23T01:30:19,110.27,45.58
2026-08-23T01:30:20,110.94,46.24
2026-08-23T01:30:21,110.3,45.61
2026-08-23T01:30:22,110.52,45.82
2026-08-23T01:30:23,109.97,45.29
2026-08-23T01:30:24,109.93,45.25
2026-08-23T01:30:25,110.02,45.33
2026-08-23T01:30:26,109.72,45.04
2026-08-23T01:30:27,109.94,45.25
2026-08-23T01:30:28,110.29,45.6
2026-08-23T01:30:29,109.8,45.12
2026-08-23T01:30:30,110.01,45.32
2026-08-23T01:30:31,110.62,45.92
2026-08-23T01:30:32,110.35,45.66
2026-08-23T01:30:33,110.72,46.02
2026-08-23T01:30:34,110.31,45.62
2026-08-23T01:30:35,110.14,45.45
2026-08-23T01:30:36,109.78,45.09
2026-08-23T01:30:37,110.27,45.58
2026-08-23T01:30:38,110.72,46.03
2026-08-23T01:30:39,110.78,46.08
2026-08-23T01:30:40,110.59,45.89
2026-08-23T01:30:41,110.86,46.16
2026-08-23T01:30:42,110.53,45.83
2026-08-23T01:30:43,110.02,45.33
2026-08-23T01:30:44,110.51,45.82
2026-08-23T01:30:45,110.58,45.88
2026-08-23T01:30:46,110.97,46.27
2026-08-23T01:30:47,110.56,45.86
2026-08-23T01:30:48,110.49,45.8
2026-08-23T01:30:49,110.89,46.2
2026-08-23T01:30:50,111.01,46.31
2026-08-23T01:30:51,111.27,46.57
2026-08-23T01:30:52,111.56,46.85
2026-08-23T01:30:53,111.18,46.47
2026-08-23T01:30:54,112.69,47.97
2026-08-23T01:30:55,112.17,47.46
2026-08-23T01:30:56,111.75,47.04
2026-08-23T01:30:57,111.85,47.13
2026-08-23T01:30:58,111.29,46.59
2026-08-23T01:30:59,111.68,46.97
2026-08-23T01:31:00,111.96,47.25
2026-08-23T01:31:01,111.73,47.01
2026-08-23T01:31:02,111.51,46.8
2026-08-23T01:31:03,111.42,46.71
2026-08-23T01:31:04,110.94,46.24
2026-08-23T01:31:05,111.32,46.61
2026-08-23T01:31:06,111.86,47.15
2026-08-23T01:31:07,112.03,47.32
2026-08-23T01:31:08,113.43,48.7
2026-08-23T01:31:09,115.11,50.35
2026-08-23T01:31:10,117.41,52.62
2026-08-23T01:31:11,118.93,54.11
2026-08-23T01:31:12,121.16,56.31
2026-08-23T01:31:13,123.72,58.84
2026-08-23T01:31:14,126.42,61.5
2026-08-23T01:31:15,127.69,62.75
2026-08-23T01:31:16,123.95,59.06
2026-08-23T01:31:17,119.57,54.75
2026-08-23T01:31:18,116.29,51.52
2026-08-23T01:31:19,113.64,48.9
2026-08-23T01:31:20,112.16,47.44
2026-08-23T01:31:21,112.09,47.37
2026-08-23T01:31:22,112.05,47.33
2026-08-23T01:31:23,111.23,46.53
2026-08-23T01:31:24,111.08,46.38
2026-08-23T01:31:25,110.98,46.28
2026-08-23T01:31:26,110.85,46.15
2026-08-23T01:31:27,110.4,45.7
2026-08-23T01:31:28,110.3,45.61
2026-08-23T01:31:29,110.33,45.63
2026-08-23T01:31:30,110.31,45.62
2026-08-23T01:31:31,110.51,45.82
2026-08-23T01:31:32,110.15,45.46
2026-08-23T01:31:33,110.43,45.73
2026-08-23T01:31:34,110.57,45.87
2026-08-23T01:31:35,110.65,45.96
2026-08-23T01:31:36,110.42,45.73
2026-08-23T01:31:37,110.38,45.69
2026-08-23T01:31:38,110.26,45.57
2026-08-23T01:31:39,110.38,45.69
2026-08-23T01:31:40,110.52,45.82
2026-08-23T01:31:41,110.75,46.05
2026-08-23T01:31:42,110.2,45.51
2026-08-23T01:31:43,110.79,46.09
2026-08-23T01:31:44,110.91,46.21
2026-08-23T01:31:45,110.68,45.98
2026-08-23T01:31:46,110.41,45.72
2026-08-23T01:31:47,110.18,45.49
2026-08-23T01:31:48,110.82,46.12
2026-08-23T01:31:49,110.64,45.95
2026-08-23T01:31:50,110.56,45.87
2026-08-23T01:31:51,110.42,45.73
2026-08-23T01:31:52,110.53,45.84
2026-08-23T01:31:53,110.2,45.51
2026-08-23T01:31:54,110.54,45.84
2026-08-23T01:31:55,110.65,45.96
2026-08-23T01:31:56,110.52,45.83
2026-08-23T01:31:57,111.2,46.5
2026-08-23T01:31:58,111.39,46.69
2026-08-23T01:31:59,110.79,46.09
2026-08-23T01:32:00,111.72,47.01
2026-08-23T01:32:01,111.36,46.65
2026-08-23T01:32:02,110.82,46.12
2026-08-23T01:32:03,111.17,46.47
2026-08-23T01:32:04,111.61,46.9
2026-08-23T01:32:05,111.62,46.91
2026-08-23T01:32:06,111.1,46.4
2026-08-23T01:32:07,111.98,47.26
2026-08-23T01:32:08,111.63,46.92
2026-08-23T01:32:09,111.5,46.8
2026-08-23T01:32:10,111.38,46.68
2026-08-23T01:32:11,111.49,46.78
2026-08-23T01:32:12,111.93,47.22
2026-08-23T01:32:13,111.87,47.16
2026-08-23T01:32:14,112.0,47.28
2026-08-23T01:32:15,111.38,46.68
2026-08-23T01:32:16,111.52,46.81
2026-08-23T01:32:17,111.01,46.31
2026-08-23T01:32:18,111.42,46.71
2026-08-23T01:32:19,111.32,46.61
2026-08-23T01:32:20,112.08,47.37
2026-08-23T01:32:21,112.05,47.34
2026-08-23T01:32:22,112.28,47.56
2026-08-23T01:32:23,112.65,47.93
2026-08-23T01:32:24,112.93,48.2
2026-08-23T01:32:25,112.84,48.12
2026-08-23T01:32:26,112.83,48.1
2026-08-23T01:32:27,112.21,47.49
2026-08-23T01:32:28,112.32,47.6
2026-08-23T01:32:29,111.73,47.02
2026-08-23T01:32:30,112.08,47.37
2026-08-23T01:32:31,111.49,46.78
2026-08-23T01:32:32,111.71,47.0
2026-08-23T01:32:33,111.37,46.66
2026-08-23T01:32:34,111.94,47.22
2026-08-23T01:32:35,111.47,46.76
2026-08-23T01:32:36,111.83,47.12
2026-08-23T01:32:37,111.65,46.94
2026-08-23T01:32:38,111.48,46.77
2026-08-23T01:32:39,111.18,46.48
2026-08-23T01:32:40,110.86,46.16
2026-08-23T01:32:41,111.26,46.55
2026-08-23T01:32:42,110.38,45.69
2026-08-23T01:32:43,110.51,45.82
2026-08-23T01:32:44,110.58,45.89
2026-08-23T01:32:45,110.41,45.72
2026-08-23T01:32:46,110.74,46.05
2026-08-23T01:32:47,110.99,46.29
2026-08-23T01:32:48,110.47,45.77
2026-08-23T01:32:49,110.73,46.04
2026-08-23T01:32:50,110.9,46.2
2026-08-23T01:32:51,110.79,46.09
2026-08-23T01:32:52,110.63,45.94
2026-08-23T01:32:53,110.95,46.25
2026-08-23T01:32:54,110.81,46.11
2026-08-23T01:32:55,110.25,45.56
2026-08-23T01:32:56,110.9,46.2
2026-08-23T01:32:57,110.55,45.85
2026-08-23T01:32:58,110.73,46.04
2026-08-23T01:32:59,110.29,45.6
2026-08-23T01:33:00,110.31,45.62
2026-08-23T01:33:01,110.56,45.87
2026-08-23T01:33:02,110.76,46.06
2026-08-23T01:33:03,110.88,46.18
2026-08-23T01:33:04,110.54,45.84
2026-08-23T01:33:05,110.51,45.81
2026-08-23T01:33:06,110.7,46.0
2026-08-23T01:33:07,111.04,46.34
2026-08-23T01:33:08,111.13,46.43
2026-08-23T01:33:09,110.88,46.18
2026-08-23T01:33:10,111.25,46.55
2026-08-23T01:33:11,111.04,46.34
2026-08-23T01:33:12,110.65,45.95
2026-08-23T01:33:13,110.73,46.04
2026-08-23T01:33:14,110.46,45.77
2026-08-23T01:33:15,110.74,46.04
2026-08-23T01:33:16,110.71,46.01
2026-08-23T01:33:17,110.77,46.07
2026-08-23T01:33:18,110.34,45.65
2026-08-23T01:33:19,110.24,45.55
2026-08-23T01:33:20,110.47,45.78
2026-08-23T01:33:21,110.43,45.74
2026-08-23T01:33:22,110.27,45.58
2026-08-23T01:33:23,110.83,46.13
2026-08-23T01:33:24,110.67,45.97
2026-08-23T01:33:25,110.9,46.2
2026-08-23T01:33:26,110.54,45.85
2026-08-23T01:33:27,110.85,46.15
2026-08-23T01:33:28,111.0,46.3
2026-08-23T01:33:29,111.59,46.88
2026-08-23T01:33:30,112.57,47.85
2026-08-23T01:33:31,113.14,48.41
2026-08-23T01:33:32,113.05,48.32
2026-08-23T01:33:33,114.32,49.58
2026-08-23T01:33:34,115.5,50.73
2026-08-23T01:33:35,118.34,53.53
2026-08-23T01:33:36,119.03,54.22
2026-08-23T01:33:37,122.13,57.27
2026-08-23T01:33:38,124.26,59.37
2026-08-23T01:33:39,124.44,59.55
2026-08-23T01:33:40,125.41,60.51
2026-08-23T01:33:41,118.92,54.11
2026-08-23T01:33:42,115.89,51.12
2026-08-23T01:33:43,113.89,49.15
2026-08-23T01:33:44,112.48,47.76
2026-08-23T01:33:45,111.51,46.81
2026-08-23T01:33:46,111.06,46.36
2026-08-23T01:33:47,110.65,45.95
2026-08-23T01:33:48,111.16,46.45
2026-08-23T01:33:49,110.89,46.19
2026-08-23T01:33:50,110.11,45.42
2026-08-23T01:33:51,110.16,45.47
2026-08-23T01:33:52,110.07,45.38
2026-08-23T01:33:53,110.15,45.46
2026-08-23T01:33:54,110.02,45.33
2026-08-23T01:33:55,110.51,45.81
2026-08-23T01:33:56,110.12,45.43
2026-08-23T01:33:57,109.94,45.25
2026-08-23T01:33:58,110.06,45.37
2026-08-23T01:33:59,110.33,45.64
2026-08-23T01:34:00,109.92,45.24
2026-08-23T01:34:01,110.0,45.32
2026-08-23T01:34:02,110.05,45.36
2026-08-23T01:34:03,110.48,45.79
2026-08-23T01:34:04,110.25,45.56
2026-08-23T01:34:05,110.04,45.36
2026-08-23T01:34:06,111.0,46.3
2026-08-23T01:34:07,111.39,46.68
2026-08-23T01:34:08,111.89,47.18
2026-08-23T01:34:09,111.74,47.03
2026-08-23T01:34:10,113.24,48.51
2026-08-23T01:34:11,114.71,49.96
2026-08-23T01:34:12,118.4,53.59
2026-08-23T01:34:13,119.88,55.06
2026-08-23T01:34:14,121.57,56.72
2026-08-23T01:34:15,122.21,57.35
2026-08-23T01:34:16,122.78,57.91
2026-08-23T01:34:17,122.47,57.6
2026-08-23T01:34:18,120.74,55.91
2026-08-23T01:34:19,118.43,53.63
2026-08-23T01:34:20,116.63,51.85
2026-08-23T01:34:21,115.28,50.52
2026-08-23T01:34:22,114.32,49.57
2026-08-23T01:34:23,114.14,49.39
2026-08-23T01:34:24,113.59,48.85
2026-08-23T01:34:25,113.26,48.52
2026-08-23T01:34:26,114.68,49.92
2026-08-23T01:34:27,111.82,47.11
2026-08-23T01:34:28,111.48,46.78
2026-08-23T01:34:29,111.24,46.54
2026-08-23T01:34:30,111.73,47.02
2026-08-23T01:34:31,111.48,46.77
2026-08-23T01:34:32,111.01,46.31
2026-08-23T01:34:33,110.77,46.07
2026-08-23T01:34:34,111.02,46.32
2026-08-23T01:34:35,110.67,45.97
2026-08-23T01:34:36,111.2,46.49
2026-08-23T01:34:37,110.82,46.13
2026-08-23T01:34:38,110.59,45.89
2026-08-23T01:34:39,110.35,45.65
2026-08-23T01:34:40,111.03,46.32
2026-08-23T01:34:41,110.58,45.89
2026-08-23T01:34:42,110.82,46.12
2026-08-23T01:34:43,110.72,46.02
2026-08-23T01:34:44,110.76,46.06
2026-08-23T01:34:45,110.69,45.99
2026-08-23T01:34:46,111.22,46.52
2026-08-23T01:34:47,111.46,46.75
2026-08-23T01:34:48,110.84,46.15
2026-08-23T01:34:49,110.84,46.14
2026-08-23T01:34:50,110.97,46.27
2026-08-23T01:34:51,110.13,45.44
2026-08-23T01:34:52,110.16,45.47
2026-08-23T01:34:53,110.06,45.38
2026-08-23T01:34:54,110.18,45.49
2026-08-23T01:34:55,110.4,45.71
2026-08-23T01:34:56,110.64,45.94
2026-08-23T01:34:57,110.17,45.48
2026-08-23T01:34:58,109.82,45.13
2026-08-23T01:34:59,109.9,45.21
2026-08-23T01:35:00,110.21,45.52
2026-08-23T01:35:01,109.58,44.9
2026-08-23T01:35:02,109.43,44.75
2026-08-23T01:35:03,109.92,45.23
2026-08-23T01:35:04,109.65,44.97
2026-08-23T01:35:05,109.84,45.16
2026-08-23T01:35:06,109.68,45.0
2026-08-23T01:35:07,110.07,45.38
2026-08-23T01:35:08,109.62,44.94
2026-08-23T01:35:09,109.91,45.22
2026-08-23T01:35:10,109.85,45.16
2026-08-23T01:35:11,109.58,44.9
2026-08-23T01:35:12,109.93,45.25
2026-08-23T01:35:13,109.76,45.08
2026-08-23T01:35:14,109.78,45.1
2026-08-23T01:35:15,109.83,45.14
2026-08-23T01:35:16,110.41,45.72
2026-08-23T01:35:17,110.03,45.34
2026-08-23T01:35:18,109.52,44.84
2026-08-23T01:35:19,109.77,45.09
2026-08-23T01:35:20,109.54,44.86
2026-08-23T01:35:21,109.94,45.26
2026-08-23T01:35:22,110.11,45.43
2026-08-23T01:35:23,110.38,45.68
2026-08-23T01:35:24,110.87,46.17
2026-08-23T01:35:25,111.14,46.43
2026-08-23T01:35:26,110.28,45.59
2026-08-23T01:35:27,109.88,45.2
2026-08-23T01:35:28,109.9,45.21
2026-08-23T01:35:29,109.58,44.9
2026-08-23T01:35:30,109.99,45.3
2026-08-23T01:35:31,109.98,45.3
2026-08-23T01:35:32,110.39,45.69
2026-08-23T01:35:33,110.38,45.68
2026-08-23T01:35:34,109.91,45.22
2026-08-23T01:35:35,110.27,45.58
2026-08-23T01:35:36,110.37,45.68
2026-08-23T01:35:37,109.93,45.25
2026-08-23T01:35:38,110.05,45.36
2026-08-23T01:35:39,110.02,45.33
2026-08-23T01:35:40,109.83,45.15
2026-08-23T01:35:41,110.27,45.58
2026-08-23T01:35:42,110.31,45.62
2026-08-23T01:35:43,110.46,45.77
2026-08-23T01:35:44,111.06,46.36
2026-08-23T01:35:45,111.08,46.38
2026-08-23T01:35:46,110.48,45.79
2026-08-23T01:35:47,111.06,46.36
2026-08-23T01:35:48,111.37,46.66
2026-08-23T01:35:49,110.57,45.87
2026-08-23T01:35:50,110.4,45.71
2026-08-23T01:35:51,110.44,45.75
2026-08-23T01:35:52,110.12,45.43
2026-08-23T01:35:53,110.02,45.33
2026-08-23T01:35:54,109.51,44.83
2026-08-23T01:35:55,109.8,45.11
2026-08-23T01:35:56,109.91,45.23
2026-08-23T01:35:57,110.0,45.32
2026-08-23T01:35:58,110.12,45.43
2026-08-23T01:35:59,109.75,45.06
2026-08-23T01:36:00,109.82,45.14
2026-08-23T01:36:01,110.22,45.53
2026-08-23T01:36:02,109.96,45.28
2026-08-23T01:36:03,110.12,45.43
2026-08-23T01:36:04,110.34,45.65
2026-08-23T01:36:05,109.7,45.02
2026-08-23T01:36:06,109.98,45.29
2026-08-23T01:36:07,109.45,44.77
2026-08-23T01:36:08,109.7,45.01
2026-08-23T01:36:09,109.36,44.68
2026-08-23T01:36:10,109.69,45.01
2026-08-23T01:36:11,109.74,45.06
2026-08-23T01:36:12,109.57,44.89
2026-08-23T01:36:13,110.29,45.6
2026-08-23T01:36:14,110.5,45.81
2026-08-23T01:36:15,109.96,45.27
2026-08-23T01:36:16,110.89,46.19
2026-08-23T01:36:17,110.51,45.81
2026-08-23T01:36:18,109.89,45.2
2026-08-23T01:36:19,109.97,45.28
2026-08-23T01:36:20,110.19,45.5
2026-08-23T01:36:21,110.49,45.8
2026-08-23T01:36:22,110.43,45.74
2026-08-23T01:36:23,110.76,46.07
2026-08-23T01:36:24,111.11,46.4
2026-08-23T01:36:25,112.59,47.87
2026-08-23T01:36:26,114.46,49.71
2026-08-23T01:36:27,114.9,50.14
2026-08-23T01:36:28,113.57,48.83
2026-08-23T01:36:29,111.62,46.91
2026-08-23T01:36:30,112.24,47.52
2026-08-23T01:36:31,112.29,47.57
2026-08-23T01:36:32,110.09,45.41
2026-08-23T01:36:33,111.67,46.95
2026-08-23T01:36:34,110.49,45.79
2026-08-23T01:36:35,110.12,45.43
2026-08-23T01:36:36,110.67,45.97
2026-08-23T01:36:37,110.44,45.75
2026-08-23T01:36:38,110.03,45.34
2026-08-23T01:36:39,111.18,46.47
2026-08-23T01:36:40,112.64,47.92
2026-08-23T01:36:41,113.35,48.62
2026-08-23T01:36:42,113.99,49.25
2026-08-23T01:36:43,115.0,50.24
2026-08-23T01:36:44,113.41,48.67
2026-08-23T01:36:45,112.44,47.72
2026-08-23T01:36:46,112.74,48.02
2026-08-23T01:36:47,112.01,47.3
2026-08-23T01:36:48,110.48,45.79
2026-08-23T01:36:49,110.6,45.9
2026-08-23T01:36:50,111.62,46.91
2026-08-23T01:36:51,111.32,46.61
2026-08-23T01:36:52,110.48,45.79
2026-08-23T01:36:53,110.9,46.2
2026-08-23T01:36:54,111.78,47.07
2026-08-23T01:36:55,111.02,46.32
2026-08-23T01:36:56,111.51,46.8
2026-08-23T01:36:57,110.31,45.61
2026-08-23T01:36:58,110.37,45.67
2026-08-23T01:36:59,111.44,46.73
2026-08-23T01:37:00,111.74,47.03
2026-08-23T01:37:01,112.29,47.57
2026-08-23T01:37:02,112.21,47.49
2026-08-23T01:37:03,111.12,46.42
2026-08-23T01:37:04,111.26,46.55
2026-08-23T01:37:05,109.98,45.29
2026-08-23T01:37:06,110.3,45.61
2026-08-23T01:37:07,110.22,45.53
2026-08-23T01:37:08,110.38,45.69
2026-08-23T01:37:09,110.4,45.71
2026-08-23T01:37:10,110.63,45.93
2026-08-23T01:37:11,111.43,46.72
2026-08-23T01:37:12,111.03,46.33
2026-08-23T01:37:13,110.44,45.75
2026-08-23T01:37:14,110.36,45.67
2026-08-23T01:37:15,110.77,46.08
2026-08-23T01:37:16,110.57,45.88
2026-08-23T01:37:17,110.18,45.49
2026-08-23T01:37:18,109.98,45.29
2026-08-23T01:37:19,110.21,45.52
2026-08-23T01:37:20,110.39,45.7
2026-08-23T01:37:21,110.44,45.75
2026-08-23T01:37:22,111.17,46.46
2026-08-23T01:37:23,110.99,46.29
2026-08-23T01:37:24,110.72,46.03
2026-08-23T01:37:25,111.45,46.74
2026-08-23T01:37:26,110.94,46.24
2026-08-23T01:37:27,110.65,45.95
2026-08-23T01:37:28,110.72,46.02
2026-08-23T01:37:29,110.63,45.94
2026-08-23T01:37:30,110.07,45.38
2026-08-23T01:37:31,109.98,45.29
2026-08-23T01:37:32,110.51,45.81
2026-08-23T01:37:33,110.42,45.73
2026-08-23T01:37:34,110.21,45.52
2026-08-23T01:37:35,110.45,45.76
2026-08-23T01:37:36,109.85,45.16
2026-08-23T01:37:37,109.93,45.24
2026-08-23T01:37:38,110.01,45.33
2026-08-23T01:37:39,109.8,45.11
2026-08-23T01:37:40,109.83,45.15
2026-08-23T01:37:41,110.28,45.59
2026-08-23T01:37:42,110.28,45.59
2026-08-23T01:37:43,109.91,45.23
2026-08-23T01:37:44,109.86,45.18
2026-08-23T01:37:45,110.97,46.27
2026-08-23T01:37:46,110.51,45.82
2026-08-23T01:37:47,110.71,46.01
2026-08-23T01:37:48,110.74,46.04
2026-08-23T01:37:49,110.34,45.65
2026-08-23T01:37:50,110.49,45.79
2026-08-23T01:37:51,110.93,46.23
2026-08-23T01:37:52,111.06,46.36
2026-08-23T01:37:53,110.2,45.51
2026-08-23T01:37:54,110.18,45.5
2026-08-23T01:37:55,110.23,45.54
2026-08-23T01:37:56,110.01,45.33
2026-08-23T01:37:57,110.2,45.51
2026-08-23T01:37:58,109.75,45.06
2026-08-23T01:37:59,109.62,44.94
2026-08-23T01:38:00,110.68,45.98
2026-08-23T01:38:01,110.52,45.83
2026-08-23T01:38:02,110.35,45.66
2026-08-23T01:38:03,110.72,46.02
2026-08-23T01:38:04,110.55,45.85
2026-08-23T01:38:05,110.07,45.39
2026-08-23T01:38:06,110.55,45.85
2026-08-23T01:38:07,110.12,45.43
2026-08-23T01:38:08,109.88,45.19
2026-08-23T01:38:09,110.43,45.74
2026-08-23T01:38:10,110.01,45.32
2026-08-23T01:38:11,110.36,45.67
2026-08-23T01:38:12,109.97,45.29
2026-08-23T01:38:13,110.29,45.6
2026-08-23T01:38:14,110.12,45.43
2026-08-23T01:38:15,109.74,45.06
2026-08-23T01:38:16,109.69,45.01
2026-08-23T01:38:17,109.88,45.2
2026-08-23T01:38:18,109.44,44.77
2026-08-23T01:38:19,109.51,44.83
2026-08-23T01:38:20,110.01,45.32
2026-08-23T01:38:21,110.21,45.52
2026-08-23T01:38:22,111.3,46.6
2026-08-23T01:38:23,111.24,46.53
2026-08-23T01:38:24,110.83,46.13
2026-08-23T01:38:25,111.36,46.65
2026-08-23T01:38:26,111.32,46.61
2026-08-23T01:38:27,110.22,45.53
2026-08-23T01:38:28,110.0,45.31
2026-08-23T01:38:29,110.31,45.62
2026-08-23T01:38:30,109.94,45.25
2026-08-23T01:38:31,109.58,44.9
2026-08-23T01:38:32,109.83,45.14
2026-08-23T01:38:33,109.27,44.59
2026-08-23T01:38:34,109.61,44.93
2026-08-23T01:38:35,109.96,45.27
2026-08-23T01:38:36,109.54,44.86
2026-08-23T01:38:37,109.79,45.1
2026-08-23T01:38:38,109.83,45.14
2026-08-23T01:38:39,110.05,45.37
2026-08-23T01:38:40,109.99,45.3
2026-08-23T01:38:41,110.08,45.39
2026-08-23T01:38:42,110.01,45.32
2026-08-23T01:38:43,109.51,44.83
2026-08-23T01:38:44,109.99,45.3
2026-08-23T01:38:45,110.21,45.52
2026-08-23T01:38:46,109.68,45.0
2026-08-23T01:38:47,110.11,45.42
2026-08-23T01:38:48,110.38,45.69
2026-08-23T01:38:49,110.32,45.63
2026-08-23T01:38:50,110.36,45.67
2026-08-23T01:38:51,110.41,45.72
2026-08-23T01:38:52,109.96,45.27
2026-08-23T01:38:53,110.48,45.79
2026-08-23T01:38:54,110.31,45.62
2026-08-23T01:38:55,109.91,45.23
2026-08-23T01:38:56,110.62,45.92
2026-08-23T01:38:57,110.31,45.62
2026-08-23T01:38:58,110.29,45.6
2026-08-23T01:38:59,110.8,46.1
2026-08-23T01:39:00,110.16,45.47
2026-08-23T01:39:01,110.13,45.44
2026-08-23T01:39:02,110.38,45.69
2026-08-23T01:39:03,110.03,45.34
2026-08-23T01:39:04,110.62,45.93
2026-08-23T01:39:05,111.18,46.48
2026-08-23T01:39:06,110.85,46.15
2026-08-23T01:39:07,110.72,46.02
2026-08-23T01:39:08,110.81,46.11
2026-08-23T01:39:09,111.74,47.02
2026-08-23T01:39:10,113.26,48.53
2026-08-23T01:39:11,110.96,46.26
2026-08-23T01:39:12,111.21,46.51
2026-08-23T01:39:13,111.06,46.36
2026-08-23T01:39:14,110.92,46.22
2026-08-23T01:39:15,113.37,48.64
2026-08-23T01:39:16,110.5,45.81
2026-08-23T01:39:17,110.99,46.29
2026-08-23T01:39:18,110.48,45.78
2026-08-23T01:39:19,109.96,45.27
2026-08-23T01:39:20,109.94,45.26
2026-08-23T01:39:21,110.32,45.63
2026-08-23T01:39:22,110.44,45.74
2026-08-23T01:39:23,111.29,46.59
2026-08-23T01:39:24,111.68,46.97
2026-08-23T01:39:25,111.8,47.08
2026-08-23T01:39:26,111.84,47.13
2026-08-23T01:39:27,111.64,46.93
2026-08-23T01:39:28,112.66,47.94
2026-08-23T01:39:29,112.39,47.67
2026-08-23T01:39:30,112.18,47.46
2026-08-23T01:39:31,111.47,46.77
2026-08-23T01:39:32,111.22,46.52
2026-08-23T01:39:33,111.05,46.35
2026-08-23T01:39:34,110.71,46.01
2026-08-23T01:39:35,110.91,46.21
2026-08-23T01:39:36,111.49,46.79
2026-08-23T01:39:37,112.08,47.36
2026-08-23T01:39:38,111.91,47.2
2026-08-23T01:39:39,111.81,47.1
2026-08-23T01:39:40,111.65,46.94
2026-08-23T01:39:41,111.85,47.13
2026-08-23T01:39:42,111.77,47.06
2026-08-23T01:39:43,110.85,46.16
2026-08-23T01:39:44,110.53,45.84
2026-08-23T01:39:45,110.33,45.63
2026-08-23T01:39:46,110.6,45.91
2026-08-23T01:39:47,110.66,45.96
2026-08-23T01:39:48,111.22,46.51
2026-08-23T01:39:49,111.14,46.43
2026-08-23T01:39:50,112.02,47.31
2026-08-23T01:39:51,111.46,46.76
2026-08-23T01:39:52,111.22,46.52
2026-08-23T01:39:53,110.88,46.18
2026-08-23T01:39:54,111.36,46.65
2026-08-23T01:39:55,111.34,46.64
2026-08-23T01:39:56,111.69,46.98
2026-08-23T01:39:57,112.36,47.64
2026-08-23T01:39:58,112.58,47.86
2026-08-23T01:39:59,113.89,49.14
2026-08-23T01:40:00,115.05,50.29
2026-08-23T01:40:01,115.8,51.04
2026-08-23T01:40:02,116.6,51.82
2026-08-23T01:40:03,118.41,53.6
2026-08-23T01:40:04,119.86,55.04
2026-08-23T01:40:05,123.57,58.69
2026-08-23T01:40:06,125.97,61.06
2026-08-23T01:40:07,126.57,61.65
2026-08-23T01:40:08,121.95,57.09
2026-08-23T01:40:09,117.78,52.99
2026-08-23T01:40:10,114.92,50.17
2026-08-23T01:40:11,113.12,48.39
2026-08-23T01:40:12,111.84,47.12
2026-08-23T01:40:13,112.01,47.29
2026-08-23T01:40:14,111.9,47.18
2026-08-23T01:40:15,111.33,46.63
2026-08-23T01:40:16,110.46,45.76
2026-08-23T01:40:17,110.28,45.59
2026-08-23T01:40:18,110.27,45.58
2026-08-23T01:40:19,109.94,45.26
2026-08-23T01:40:20,110.26,45.57
2026-08-23T01:40:21,110.58,45.89
2026-08-23T01:40:22,110.76,46.06
2026-08-23T01:40:23,109.88,45.2
2026-08-23T01:40:24,109.91,45.22
2026-08-23T01:40:25,109.9,45.22
2026-08-23T01:40:26,109.68,45.0
2026-08-23T01:40:27,110.34,45.65
2026-08-23T01:40:28,110.02,45.33
2026-08-23T01:40:29,110.13,45.44
2026-08-23T01:40:30,109.35,44.67
2026-08-23T01:40:31,110.15,45.46
2026-08-23T01:40:32,109.71,45.03
2026-08-23T01:40:33,109.86,45.17
2026-08-23T01:40:34,110.11,45.42
2026-08-23T01:40:35,109.63,44.95
2026-08-23T01:40:36,109.44,44.76
2026-08-23T01:40:37,109.46,44.78
2026-08-23T01:40:38,109.44,44.76
2026-08-23T01:40:39,109.61,44.93
2026-08-23T01:40:40,109.91,45.22
2026-08-23T01:40:41,109.99,45.31
2026-08-23T01:40:42,109.95,45.27
2026-08-23T01:40:43,110.01,45.33
2026-08-23T01:40:44,109.55,44.87
2026-08-23T01:40:45,110.4,45.7
2026-08-23T01:40:46,109.93,45.25
2026-08-23T01:40:47,109.75,45.06
2026-08-23T01:40:48,109.81,45.13
2026-08-23T01:40:49,110.13,45.44
2026-08-23T01:40:50,109.52,44.84
2026-08-23T01:40:51,109.5,44.82
2026-08-23T01:40:52,109.42,44.74
2026-08-23T01:40:53,109.74,45.06
2026-08-23T01:40:54,109.13,44.46
2026-08-23T01:40:55,109.17,44.5
2026-08-23T01:40:56,110.1,45.41
2026-08-23T01:40:57,108.69,44.02
2026-08-23T01:40:58,108.93,44.26
2026-08-23T01:40:59,109.08,44.4
2026-08-23T01:41:00,108.8,44.13
2026-08-23T01:41:01,109.17,44.5
2026-08-23T01:41:02,108.99,44.32
2026-08-23T01:41:03,109.49,44.81
2026-08-23T01:41:04,108.66,43.99
2026-08-23T01:41:05,108.85,44.18
2026-08-23T01:41:06,108.94,44.27
2026-08-23T01:41:07,109.01,44.34
2026-08-23T01:41:08,109.24,44.56
2026-08-23T01:41:09,109.4,44.72
2026-08-23T01:41:10,109.35,44.67
2026-08-23T01:41:11,109.55,44.87
2026-08-23T01:41:12,109.4,44.73
2026-08-23T01:41:13,109.73,45.05
2026-08-23T01:41:14,109.78,45.09
2026-08-23T01:41:15,109.88,45.19
2026-08-23T01:41:16,109.96,45.27
2026-08-23T01:41:17,109.86,45.17
2026-08-23T01:41:18,109.84,45.15
2026-08-23T01:41:19,109.52,44.84
2026-08-23T01:41:20,109.67,44.99
2026-08-23T01:41:21,109.52,44.84
2026-08-23T01:41:22,109.63,44.95
2026-08-23T01:41:23,109.84,45.16
2026-08-23T01:41:24,109.44,44.76
2026-08-23T01:41:25,109.63,44.95
2026-08-23T01:41:26,109.37,44.69
2026-08-23T01:41:27,109.57,44.89
2026-08-23T01:41:28,109.73,45.04
2026-08-23T01:41:29,109.58,44.9
2026-08-23T01:41:30,109.59,44.91
2026-08-23T01:41:31,109.42,44.74
2026-08-23T01:41:32,109.59,44.91
2026-08-23T01:41:33,109.63,44.94
2026-08-23T01:41:34,109.67,44.98
2026-08-23T01:41:35,109.7,45.02
2026-08-23T01:41:36,109.83,45.14
2026-08-23T01:41:37,109.99,45.31
2026-08-23T01:41:38,109.78,45.1
2026-08-23T01:41:39,109.79,45.1
2026-08-23T01:41:40,109.6,44.92
2026-08-23T01:41:41,110.58,45.89
2026-08-23T01:41:42,110.29,45.6
2026-08-23T01:41:43,109.89,45.2
2026-08-23T01:41:44,110.06,45.37
2026-08-23T01:41:45,109.84,45.16
2026-08-23T01:41:46,109.75,45.07
2026-08-23T01:41:47,109.92,45.23
2026-08-23T01:41:48,110.73,46.04
2026-08-23T01:41:49,110.72,46.03
2026-08-23T01:41:50,110.48,45.79
2026-08-23T01:41:51,110.48,45.78
2026-08-23T01:41:52,111.02,46.32
2026-08-23T01:41:53,111.09,46.38
2026-08-23T01:41:54,111.5,46.8
2026-08-23T01:41:55,111.12,46.42
2026-08-23T01:41:56,110.15,45.46
2026-08-23T01:41:57,109.89,45.21
2026-08-23T01:41:58,110.36,45.67
2026-08-23T01:41:59,110.58,45.89
2026-08-23T01:42:00,110.8,46.1
2026-08-23T01:42:01,111.27,46.56
2026-08-23T01:42:02,111.07,46.37
2026-08-23T01:42:03,110.63,45.93
2026-08-23T01:42:04,110.35,45.66
2026-08-23T01:42:05,110.91,46.21
2026-08-23T01:42:06,111.71,47.0
2026-08-23T01:42:07,110.51,45.81
2026-08-23T01:42:08,110.09,45.4
2026-08-23T01:42:09,110.77,46.07
2026-08-23T01:42:10,110.38,45.69
2026-08-23T01:42:11,110.25,45.56
2026-08-23T01:42:12,110.71,46.01
2026-08-23T01:42:13,110.46,45.77
2026-08-23T01:42:14,111.27,46.57
2026-08-23T01:42:15,111.7,46.99
2026-08-23T01:42:16,110.85,46.15
2026-08-23T01:42:17,109.88,45.19
2026-08-23T01:42:18,110.04,45.35
2026-08-23T01:42:19,110.33,45.64
2026-08-23T01:42:20,110.48,45.79
2026-08-23T01:42:21,110.78,46.08
2026-08-23T01:42:22,110.36,45.66
2026-08-23T01:42:23,109.75,45.07
2026-08-23T01:42:24,110.44,45.75
2026-08-23T01:42:25,110.18,45.49
2026-08-23T01:42:26,110.27,45.58
2026-08-23T01:42:27,110.18,45.49
2026-08-23T01:42:28,110.59,45.89
2026-08-23T01:42:29,110.11,45.42
2026-08-23T01:42:30,110.95,46.25
2026-08-23T01:42:31,110.96,46.26
2026-08-23T01:42:32,110.98,46.28
2026-08-23T01:42:33,110.62,45.93
2026-08-23T01:42:34,110.39,45.69
2026-08-23T01:42:35,111.14,46.43
2026-08-23T01:42:36,111.47,46.76
2026-08-23T01:42:37,111.0,46.3
2026-08-23T01:42:38,110.76,46.06
2026-08-23T01:42:39,110.54,45.85
2026-08-23T01:42:40,110.73,46.04
2026-08-23T01:42:41,110.74,46.04
2026-08-23T01:42:42,110.99,46.29
2026-08-23T01:42:43,110.65,45.95
2026-08-23T01:42:44,110.38,45.69
2026-08-23T01:42:45,110.35,45.66
2026-08-23T01:42:46,110.87,46.17
2026-08-23T01:42:47,110.72,46.03
2026-08-23T01:42:48,111.24,46.54
2026-08-23T01:42:49,111.32,46.62
2026-08-23T01:42:50,111.27,46.57
2026-08-23T01:42:51,111.57,46.86
2026-08-23T01:42:52,110.85,46.15
2026-08-23T01:42:53,111.17,46.47
2026-08-23T01:42:54,110.64,45.95
2026-08-23T01:42:55,110.45,45.76
2026-08-23T01:42:56,110.14,45.45
2026-08-23T01:42:57,110.3,45.61
2026-08-23T01:42:58,110.27,45.58
2026-08-23T01:42:59,112.36,47.64
2026-08-23T01:43:00,111.87,47.16
2026-08-23T01:43:01,110.65,45.95
2026-08-23T01:43:02,110.64,45.95
2026-08-23T01:43:03,110.38,45.69
2026-08-23T01:43:04,110.6,45.9
2026-08-23T01:43:05,110.56,45.87
2026-08-23T01:43:06,110.91,46.21
2026-08-23T01:43:07,110.62,45.93
2026-08-23T01:43:08,110.79,46.1
2026-08-23T01:43:09,110.35,45.66
2026-08-23T01:43:10,111.11,46.41
2026-08-23T01:43:11,110.74,46.04
2026-08-23T01:43:12,110.78,46.08
2026-08-23T01:43:13,111.41,46.71
2026-08-23T01:43:14,111.1,46.39
2026-08-23T01:43:15,110.5,45.8
2026-08-23T01:43:16,110.74,46.05
2026-08-23T01:43:17,110.43,45.73
2026-08-23T01:43:18,110.95,46.25
2026-08-23T01:43:19,110.62,45.92
2026-08-23T01:43:20,110.28,45.59
2026-08-23T01:43:21,110.51,45.82
2026-08-23T01:43:22,111.06,46.36
2026-08-23T01:43:23,110.59,45.9
2026-08-23T01:43:24,110.85,46.15
2026-08-23T01:43:25,110.4,45.71
2026-08-23T01:43:26,110.43,45.73
2026-08-23T01:43:27,110.83,46.14
2026-08-23T01:43:28,110.73,46.03
2026-08-23T01:43:29,110.97,46.27
2026-08-23T01:43:30,111.1,46.4
2026-08-23T01:43:31,111.22,46.51
2026-08-23T01:43:32,111.77,47.05
2026-08-23T01:43:33,112.56,47.84
2026-08-23T01:43:34,111.95,47.24
2026-08-23T01:43:35,112.03,47.32
2026-08-23T01:43:36,112.33,47.61
2026-08-23T01:43:37,112.4,47.68
2026-08-23T01:43:38,111.98,47.27
2026-08-23T01:43:39,111.2,46.5
2026-08-23T01:43:40,111.63,46.92
2026-08-23T01:43:41,111.6,46.89
2026-08-23T01:43:42,111.66,46.95
2026-08-23T01:43:43,112.29,47.57
2026-08-23T01:43:44,112.33,47.61
2026-08-23T01:43:45,111.22,46.52
2026-08-23T01:43:46,110.65,45.95
2026-08-23T01:43:47,111.17,46.47
2026-08-23T01:43:48,110.39,45.7
2026-08-23T01:43:49,110.84,46.15
2026-08-23T01:43:50,110.7,46.0
2026-08-23T01:43:51,110.8,46.1
2026-08-23T01:43:52,111.07,46.36
2026-08-23T01:43:53,111.26,46.55
2026-08-23T01:43:54,111.11,46.41
2026-08-23T01:43:55,110.72,46.02
2026-08-23T01:43:56,110.3,45.61
2026-08-23T01:43:57,110.32,45.63
2026-08-23T01:43:58,110.61,45.92
2026-08-23T01:43:59,111.34,46.64
2026-08-23T01:44:00,112.26,47.54
2026-08-23T01:44:01,112.08,47.37
2026-08-23T01:44:02,112.29,47.57
2026-08-23T01:44:03,112.09,47.38
2026-08-23T01:44:04,110.97,46.27
2026-08-23T01:44:05,110.74,46.05
2026-08-23T01:44:06,110.97,46.27
2026-08-23T01:44:07,111.02,46.32
2026-08-23T01:44:08,110.74,46.05
2026-08-23T01:44:09,110.41,45.72
2026-08-23T01:44:10,110.23,45.54
2026-08-23T01:44:11,110.68,45.98
2026-08-23T01:44:12,110.58,45.88
2026-08-23T01:44:13,110.49,45.79
2026-08-23T01:44:14,110.21,45.52
2026-08-23T01:44:15,111.29,46.58
2026-08-23T01:44:16,111.65,46.94
2026-08-23T01:44:17,110.11,45.42
2026-08-23T01:44:18,110.25,45.56
2026-08-23T01:44:19,109.97,45.28
2026-08-23T01:44:20,110.33,45.64
2026-08-23T01:44:21,110.05,45.37
2026-08-23T01:44:22,109.88,45.19
2026-08-23T01:44:23,110.17,45.48
2026-08-23T01:44:24,109.95,45.26
2026-08-23T01:44:25,109.67,44.99
2026-08-23T01:44:26,111.01,46.31
2026-08-23T01:44:27,111.56,46.85
2026-08-23T01:44:28,110.34,45.65
2026-08-23T01:44:29,110.02,45.33
2026-08-23T01:44:30,109.97,45.28
2026-08-23T01:44:31,110.08,45.39
2026-08-23T01:44:32,109.95,45.26
2026-08-23T01:44:33,110.05,45.36
2026-08-23T01:44:34,109.82,45.14
2026-08-23T01:44:35,110.25,45.56
2026-08-23T01:44:36,110.33,45.64
2026-08-23T01:44:37,110.09,45.4
2026-08-23T01:44:38,110.59,45.89
2026-08-23T01:44:39,110.17,45.48
2026-08-23T01:44:40,110.28,45.59
2026-08-23T01:44:41,111.12,46.42
2026-08-23T01:44:42,110.8,46.1
2026-08-23T01:44:43,110.92,46.22
2026-08-23T01:44:44,110.49,45.8
2026-08-23T01:44:45,111.34,46.63
2026-08-23T01:44:46,111.67,46.96
2026-08-23T01:44:47,112.07,47.35
2026-08-23T01:44:48,112.28,47.56
2026-08-23T01:44:49,111.08,46.38
2026-08-23T01:44:50,110.82,46.12
2026-08-23T01:44:51,110.82,46.12
2026-08-23T01:44:52,110.85,46.15
2026-08-23T01:44:53,110.23,45.54
2026-08-23T01:44:54,110.02,45.34
2026-08-23T01:44:55,109.81,45.12
2026-08-23T01:44:56,109.78,45.09
2026-08-23T01:44:57,110.18,45.49
2026-08-23T01:44:58,111.31,46.61
2026-08-23T01:44:59,109.67,44.99
2026-08-23T01:45:00,109.26,44.58
2026-08-23T01:45:01,111.78,47.07
2026-08-23T01:45:02,112.55,47.82
2026-08-23T01:45:03,109.97,45.28
2026-08-23T01:45:04,110.07,45.38
2026-08-23T01:45:05,109.8,45.12
2026-08-23T01:45:06,110.02,45.33
2026-08-23T01:45:07,110.35,45.66
2026-08-23T01:45:08,110.11,45.42
2026-08-23T01:45:09,110.42,45.73
2026-08-23T01:45:10,110.32,45.63
2026-08-23T01:45:11,110.46,45.76
2026-08-23T01:45:12,110.52,45.82
2026-08-23T01:45:13,111.06,46.36
2026-08-23T01:45:14,110.0,45.32
2026-08-23T01:45:15,110.27,45.58
2026-08-23T01:45:16,110.16,45.47
2026-08-23T01:45:17,109.66,44.97
2026-08-23T01:45:18,109.5,44.82
2026-08-23T01:45:19,109.48,44.8
2026-08-23T01:45:20,109.78,45.1
2026-08-23T01:45:21,109.23,44.55
2026-08-23T01:45:22,109.95,45.27
2026-08-23T01:45:23,110.6,45.91
2026-08-23T01:45:24,110.42,45.73
2026-08-23T01:45:25,110.17,45.48
2026-08-23T01:45:26,109.89,45.2
2026-08-23T01:45:27,110.05,45.37
2026-08-23T01:45:28,109.71,45.03
2026-08-23T01:45:29,110.31,45.62
2026-08-23T01:45:30,110.35,45.66
2026-08-23T01:45:31,110.12,45.43
2026-08-23T01:45:32,109.7,45.02
2026-08-23T01:45:33,109.92,45.24
2026-08-23T01:45:34,110.21,45.52
2026-08-23T01:45:35,109.92,45.23
2026-08-23T01:45:36,109.47,44.79
2026-08-23T01:45:37,110.0,45.31
2026-08-23T01:45:38,110.33,45.64
2026-08-23T01:45:39,110.52,45.82
2026-08-23T01:45:40,109.99,45.3
2026-08-23T01:45:41,110.14,45.45
2026-08-23T01:45:42,109.88,45.19
2026-08-23T01:45:43,109.95,45.26
2026-08-23T01:45:44,109.69,45.01
2026-08-23T01:45:45,109.57,44.88
2026-08-23T01:45:46,109.82,45.13
2026-08-23T01:45:47,109.54,44.86
2026-08-23T01:45:48,109.88,45.2
2026-08-23T01:45:49,109.81,45.12
2026-08-23T01:45:50,110.32,45.63
2026-08-23T01:45:51,110.24,45.55
2026-08-23T01:45:52,109.71,45.02
2026-08-23T01:45:53,110.26,45.57
2026-08-23T01:45:54,109.83,45.14
2026-08-23T01:45:55,110.11,45.42
2026-08-23T01:45:56,110.41,45.72
2026-08-23T01:45:57,110.12,45.43
2026-08-23T01:45:58,109.65,44.97
2026-08-23T01:45:59,110.84,46.14
2026-08-23T01:46:00,111.15,46.45
2026-08-23T01:46:01,110.82,46.13
2026-08-23T01:46:02,110.27,45.58
2026-08-23T01:46:03,110.14,45.45
2026-08-23T01:46:04,110.53,45.83
2026-08-23T01:46:05,111.04,46.33
2026-08-23T01:46:06,111.78,47.07
2026-08-23T01:46:07,112.28,47.57
2026-08-23T01:46:08,113.39,48.66
2026-08-23T01:46:09,114.89,50.13
2026-08-23T01:46:10,117.25,52.46
2026-08-23T01:46:11,120.83,55.98
2026-08-23T01:46:12,123.0,58.12
2026-08-23T01:46:13,124.77,59.87
2026-08-23T01:46:14,125.85,60.94
2026-08-23T01:46:15,125.76,60.85
2026-08-23T01:46:16,123.52,58.65
2026-08-23T01:46:17,119.78,54.95
2026-08-23T01:46:18,118.28,53.47
2026-08-23T01:46:19,115.78,51.01
2026-08-23T01:46:20,114.81,50.05
2026-08-23T01:46:21,115.32,50.56
2026-08-23T01:46:22,115.67,50.9
2026-08-23T01:46:23,115.19,50.43
2026-08-23T01:46:24,113.11,48.38
2026-08-23T01:46:25,112.4,47.68
2026-08-23T01:46:26,112.37,47.65
2026-08-23T01:46:27,112.12,47.4
2026-08-23T01:46:28,111.89,47.18
2026-08-23T01:46:29,111.42,46.72
2026-08-23T01:46:30,111.34,46.64
2026-08-23T01:46:31,111.09,46.38
2026-08-23T01:46:32,110.78,46.08
2026-08-23T01:46:33,110.82,46.12
2026-08-23T01:46:34,110.29,45.6
2026-08-23T01:46:35,110.58,45.88
2026-08-23T01:46:36,110.3,45.61
2026-08-23T01:46:37,110.42,45.73
2026-08-23T01:46:38,110.46,45.77
2026-08-23T01:46:39,110.8,46.1
2026-08-23T01:46:40,110.27,45.58
2026-08-23T01:46:41,110.68,45.98
2026-08-23T01:46:42,110.63,45.94
2026-08-23T01:46:43,110.37,45.68
2026-08-23T01:46:44,110.44,45.75
2026-08-23T01:46:45,110.87,46.17
2026-08-23T01:46:46,110.61,45.91
2026-08-23T01:46:47,110.35,45.66
2026-08-23T01:46:48,110.11,45.42
2026-08-23T01:46:49,110.61,45.91
2026-08-23T01:46:50,110.69,45.99
2026-08-23T01:46:51,110.86,46.16
2026-08-23T01:46:52,110.53,45.84
2026-08-23T01:46:53,110.59,45.9
2026-08-23T01:46:54,110.26,45.57
2026-08-23T01:46:55,110.28,45.59
2026-08-23T01:46:56,110.15,45.46
2026-08-23T01:46:57,110.22,45.53
2026-08-23T01:46:58,110.38,45.69
2026-08-23T01:46:59,110.3,45.61
2026-08-23T01:47:00,110.01,45.33
2026-08-23T01:47:01,109.86,45.17
2026-08-23T01:47:02,109.73,45.04
2026-08-23T01:47:03,110.14,45.46
2026-08-23T01:47:04,110.12,45.43
2026-08-23T01:47:05,109.8,45.11
2026-08-23T01:47:06,109.77,45.09
2026-08-23T01:47:07,109.44,44.76
2026-08-23T01:47:08,109.93,45.24
2026-08-23T01:47:09,109.82,45.14
2026-08-23T01:47:10,109.93,45.25
2026-08-23T01:47:11,110.04,45.35
2026-08-23T01:47:12,109.92,45.24
2026-08-23T01:47:13,110.16,45.47
2026-08-23T01:47:14,109.8,45.12
2026-08-23T01:47:15,110.04,45.35
2026-08-23T01:47:16,110.47,45.78
2026-08-23T01:47:17,109.9,45.21
2026-08-23T01:47:18,110.03,45.34
2026-08-23T01:47:19,110.04,45.35
2026-08-23T01:47:20,110.17,45.48
2026-08-23T01:47:21,109.42,44.74
2026-08-23T01:47:22,109.53,44.85
2026-08-23T01:47:23,109.96,45.27
2026-08-23T01:47:24,110.12,45.43
2026-08-23T01:47:25,109.53,44.85
2026-08-23T01:47:26,109.68,45.0
2026-08-23T01:47:27,110.29,45.59
2026-08-23T01:47:28,110.01,45.32
2026-08-23T01:47:29,110.14,45.46
2026-08-23T01:47:30,109.73,45.05
2026-08-23T01:47:31,109.96,45.28
2026-08-23T01:47:32,109.93,45.24
2026-08-23T01:47:33,110.33,45.64
2026-08-23T01:47:34,110.26,45.57
2026-08-23T01:47:35,109.84,45.15
2026-08-23T01:47:36,109.67,44.99
2026-08-23T01:47:37,109.87,45.18
2026-08-23T01:47:38,109.94,45.26
2026-08-23T01:47:39,109.4,44.72
2026-08-23T01:47:40,109.7,45.02
2026-08-23T01:47:41,110.29,45.6
2026-08-23T01:47:42,110.21,45.52
2026-08-23T01:47:43,110.16,45.47
2026-08-23T01:47:44,110.18,45.49
2026-08-23T01:47:45,110.02,45.33
2026-08-23T01:47:46,110.05,45.36
2026-08-23T01:47:47,110.6,45.9
2026-08-23T01:47:48,110.56,45.87
2026-08-23T01:47:49,110.48,45.79
2026-08-23T01:47:50,109.85,45.17
2026-08-23T01:47:51,110.66,45.96
2026-08-23T01:47:52,110.57,45.88
2026-08-23T01:47:53,109.98,45.3
2026-08-23T01:47:54,110.32,45.63
2026-08-23T01:47:55,110.7,46.0
2026-08-23T01:47:56,110.85,46.15
2026-08-23T01:47:57,110.25,45.56
2026-08-23T01:47:58,110.29,45.6
2026-08-23T01:47:59,110.2,45.51
2026-08-23T01:48:00,110.12,45.43
2026-08-23T01:48:01,110.38,45.69
2026-08-23T01:48:02,110.71,46.01
2026-08-23T01:48:03,109.97,45.28
2026-08-23T01:48:04,110.4,45.7
2026-08-23T01:48:05,110.13,45.44
2026-08-23T01:48:06,110.39,45.69
2026-08-23T01:48:07,110.03,45.35
2026-08-23T01:48:08,110.23,45.54
2026-08-23T01:48:09,110.26,45.57
2026-08-23T01:48:10,110.28,45.59
2026-08-23T01:48:11,109.8,45.12
2026-08-23T01:48:12,109.95,45.26
2026-08-23T01:48:13,110.29,45.6
2026-08-23T01:48:14,110.37,45.68
2026-08-23T01:48:15,110.56,45.86
2026-08-23T01:48:16,110.9,46.2
2026-08-23T01:48:17,110.64,45.95
2026-08-23T01:48:18,110.35,45.66
2026-08-23T01:48:19,111.15,46.45
2026-08-23T01:48:20,111.44,46.74
2026-08-23T01:48:21,111.67,46.96
2026-08-23T01:48:22,110.79,46.09
2026-08-23T01:48:23,110.85,46.15
2026-08-23T01:48:24,111.48,46.77
2026-08-23T01:48:25,111.94,47.22
2026-08-23T01:48:26,110.41,45.71
2026-08-23T01:48:27,110.76,46.07
2026-08-23T01:48:28,110.68,45.98
2026-08-23T01:48:29,111.58,46.87
2026-08-23T01:48:30,111.96,47.25
2026-08-23T01:48:31,112.08,47.37
2026-08-23T01:48:32,111.87,47.16
2026-08-23T01:48:33,111.0,46.29
2026-08-23T01:48:34,111.02,46.32
2026-08-23T01:48:35,111.48,46.78
2026-08-23T01:48:36,112.06,47.34
2026-08-23T01:48:37,112.4,47.68
2026-08-23T01:48:38,112.41,47.69
2026-08-23T01:48:39,113.28,48.55
2026-08-23T01:48:40,114.14,49.4
2026-08-23T01:48:41,115.25,50.49
2026-08-23T01:48:42,116.83,52.05
2026-08-23T01:48:43,119.79,54.97
2026-08-23T01:48:44,121.4,56.55
2026-08-23T01:48:45,123.43,58.55
2026-08-23T01:48:46,126.19,61.28
2026-08-23T01:48:47,129.78,64.81
2026-08-23T01:48:48,132.89,67.88
2026-08-23T01:48:49,132.71,67.7
2026-08-23T01:48:50,129.7,64.73
2026-08-23T01:48:51,124.09,59.21
2026-08-23T01:48:52,120.12,55.29
2026-08-23T01:48:53,119.08,54.26
2026-08-23T01:48:54,121.95,57.09
2026-08-23T01:48:55,123.34,58.46
2026-08-23T01:48:56,125.14,60.24
2026-08-23T01:48:57,125.72,60.81
2026-08-23T01:48:58,126.23,61.32
2026-08-23T01:48:59,124.51,59.62
2026-08-23T01:49:00,122.69,57.82
2026-08-23T01:49:01,122.37,57.51
2026-08-23T01:49:02,123.32,58.45
2026-08-23T01:49:03,124.45,59.55
2026-08-23T01:49:04,125.2,60.29
2026-08-23T01:49:05,124.75,59.85
2026-08-23T01:49:06,124.43,59.54
2026-08-23T01:49:07,124.66,59.76
2026-08-23T01:49:08,125.81,60.9
2026-08-23T01:49:09,128.99,64.03
2026-08-23T01:49:10,129.52,64.55
2026-08-23T01:49:11,127.93,62.99
2026-08-23T01:49:12,122.24,57.38
2026-08-23T01:49:13,120.44,55.6
2026-08-23T01:49:14,116.15,51.38
2026-08-23T01:49:15,114.02,49.27
2026-08-23T01:49:16,113.43,48.69
2026-08-23T01:49:17,113.41,48.68
2026-08-23T01:49:18,112.11,47.39
2026-08-23T01:49:19,112.11,47.39
2026-08-23T01:49:20,111.43,46.72
2026-08-23T01:49:21,110.89,46.19
2026-08-23T01:49:22,111.07,46.37
2026-08-23T01:49:23,110.68,45.98
2026-08-23T01:49:24,110.28,45.59
2026-08-23T01:49:25,110.12,45.43
2026-08-23T01:49:26,109.94,45.25
2026-08-23T01:49:27,110.27,45.58
2026-08-23T01:49:28,110.51,45.82
2026-08-23T01:49:29,110.2,45.51
2026-08-23T01:49:30,110.33,45.64
2026-08-23T01:49:31,110.53,45.84
2026-08-23T01:49:32,110.34,45.65
2026-08-23T01:49:33,110.29,45.6
2026-08-23T01:49:34,110.65,45.96
2026-08-23T01:49:35,110.01,45.32
2026-08-23T01:49:36,109.79,45.1
2026-08-23T01:49:37,110.73,46.03
2026-08-23T01:49:38,110.11,45.42
2026-08-23T01:49:39,110.05,45.36
2026-08-23T01:49:40,109.89,45.21
2026-08-23T01:49:41,110.12,45.43
2026-08-23T01:49:42,110.01,45.33
2026-08-23T01:49:43,109.84,45.16
2026-08-23T01:49:44,109.95,45.26
2026-08-23T01:49:45,109.68,45.0
2026-08-23T01:49:46,109.8,45.12
2026-08-23T01:49:47,109.96,45.27
2026-08-23T01:49:48,109.96,45.27
2026-08-23T01:49:49,109.69,45.01
2026-08-23T01:49:50,110.17,45.48
2026-08-23T01:49:51,109.75,45.07
2026-08-23T01:49:52,109.73,45.05
2026-08-23T01:49:53,110.03,45.34
2026-08-23T01:49:54,109.36,44.68
2026-08-23T01:49:55,109.98,45.29
2026-08-23T01:49:56,109.75,45.07
2026-08-23T01:49:57,110.1,45.41
2026-08-23T01:49:58,110.19,45.5
2026-08-23T01:49:59,110.02,45.33
2026-08-23T01:50:00,110.1,45.41
2026-08-23T01:50:01,110.94,46.24
2026-08-23T01:50:02,111.57,46.86
2026-08-23T01:50:03,111.78,47.07
2026-08-23T01:50:04,112.82,48.1
2026-08-23T01:50:05,114.4,49.65
2026-08-23T01:50:06,116.13,51.36
2026-08-23T01:50:07,120.03,55.2
2026-08-23T01:50:08,122.12,57.27
2026-08-23T01:50:09,124.31,59.42
2026-08-23T01:50:10,125.1,60.2
2026-08-23T01:50:11,124.55,59.66
2026-08-23T01:50:12,123.47,58.59
2026-08-23T01:50:13,121.42,56.57
2026-08-23T01:50:14,117.82,53.02
2026-08-23T01:50:15,115.95,51.18
2026-08-23T01:50:16,114.44,49.69
2026-08-23T01:50:17,113.84,49.1
2026-08-23T01:50:18,113.43,48.69
2026-08-23T01:50:19,112.79,48.06
2026-08-23T01:50:20,112.62,47.9
2026-08-23T01:50:21,111.42,46.72
2026-08-23T01:50:22,110.97,46.26
2026-08-23T01:50:23,110.91,46.21
2026-08-23T01:50:24,111.07,46.37
2026-08-23T01:50:25,110.83,46.13
2026-08-23T01:50:26,110.79,46.1
2026-08-23T01:50:27,110.85,46.15
2026-08-23T01:50:28,110.77,46.07
2026-08-23T01:50:29,111.17,46.46
2026-08-23T01:50:30,111.49,46.78
2026-08-23T01:50:31,111.94,47.23
2026-08-23T01:50:32,111.93,47.22
2026-08-23T01:50:33,111.71,47.0
2026-08-23T01:50:34,111.79,47.08
2026-08-23T01:50:35,111.56,46.85
2026-08-23T01:50:36,111.36,46.66
2026-08-23T01:50:37,110.72,46.03
2026-08-23T01:50:38,110.81,46.11
2026-08-23T01:50:39,110.72,46.02
2026-08-23T01:50:40,111.39,46.68
2026-08-23T01:50:41,111.02,46.32
2026-08-23T01:50:42,111.11,46.41
2026-08-23T01:50:43,111.38,46.68
2026-08-23T01:50:44,111.66,46.95
2026-08-23T01:50:45,110.86,46.16
2026-08-23T01:50:46,111.67,46.96
2026-08-23T01:50:47,111.07,46.37
2026-08-23T01:50:48,110.79,46.09
2026-08-23T01:50:49,110.32,45.63
2026-08-23T01:50:50,110.88,46.18
2026-08-23T01:50:51,111.01,46.31
2026-08-23T01:50:52,111.01,46.31
2026-08-23T01:50:53,111.06,46.36
2026-08-23T01:50:54,111.61,46.9
2026-08-23T01:50:55,111.95,47.24
2026-08-23T01:50:56,112.84,48.11
2026-08-23T01:50:57,113.74,49.0
2026-08-23T01:50:58,115.64,50.87
2026-08-23T01:50:59,116.62,51.84
2026-08-23T01:51:00,119.22,54.4
2026-08-23T01:51:01,120.86,56.02
2026-08-23T01:51:02,123.17,58.3
2026-08-23T01:51:03,127.07,62.14
2026-08-23T01:51:04,128.92,63.97
2026-08-23T01:51:05,128.17,63.23
2026-08-23T01:51:06,128.66,63.71
2026-08-23T01:51:07,130.51,65.53
2026-08-23T01:51:08,125.4,60.49
2026-08-23T01:51:09,120.58,55.75
2026-08-23T01:51:10,116.87,52.09
2026-08-23T01:51:11,114.88,50.12
2026-08-23T01:51:12,113.47,48.73
2026-08-23T01:51:13,113.08,48.35
2026-08-23T01:51:14,113.02,48.29
2026-08-23T01:51:15,112.18,47.47
2026-08-23T01:51:16,110.87,46.17
2026-08-23T01:51:17,110.77,46.07
2026-08-23T01:51:18,110.58,45.89
2026-08-23T01:51:19,110.13,45.44
2026-08-23T01:51:20,110.07,45.39
2026-08-23T01:51:21,110.38,45.68
2026-08-23T01:51:22,110.16,45.47
2026-08-23T01:51:23,110.05,45.36
2026-08-23T01:51:24,109.82,45.13
2026-08-23T01:51:25,110.34,45.65
2026-08-23T01:51:26,110.13,45.44
2026-08-23T01:51:27,109.95,45.26
2026-08-23T01:51:28,110.32,45.63
2026-08-23T01:51:29,110.46,45.76
2026-08-23T01:51:30,110.79,46.09
2026-08-23T01:51:31,110.49,45.8
2026-08-23T01:51:32,110.67,45.97
2026-08-23T01:51:33,110.49,45.8
2026-08-23T01:51:34,110.02,45.33
2026-08-23T01:51:35,110.17,45.48
2026-08-23T01:51:36,110.63,45.93
2026-08-23T01:51:37,110.43,45.74
2026-08-23T01:51:38,110.42,45.73
2026-08-23T01:51:39,110.2,45.51
2026-08-23T01:51:40,110.0,45.32
2026-08-23T01:51:41,109.82,45.14
2026-08-23T01:51:42,109.76,45.08
2026-08-23T01:51:43,109.74,45.06
2026-08-23T01:51:44,109.48,44.8
2026-08-23T01:51:45,109.64,44.96
2026-08-23T01:51:46,109.58,44.9
2026-08-23T01:51:47,109.81,45.13
2026-08-23T01:51:48,110.34,45.65
2026-08-23T01:51:49,110.79,46.09
2026-08-23T01:51:50,111.46,46.76
2026-08-23T01:51:51,110.3,45.61
2026-08-23T01:51:52,110.19,45.5
2026-08-23T01:51:53,110.37,45.68
2026-08-23T01:51:54,110.75,46.06
2026-08-23T01:51:55,110.49,45.79
2026-08-23T01:51:56,110.4,45.7
2026-08-23T01:51:57,110.37,45.68
2026-08-23T01:51:58,111.03,46.33
2026-08-23T01:51:59,112.44,47.72
2026-08-23T01:52:00,114.47,49.72
2026-08-23T01:52:01,114.48,49.73
2026-08-23T01:52:02,113.4,48.66
2026-08-23T01:52:03,115.57,50.8
2026-08-23T01:52:04,116.71,51.92
2026-08-23T01:52:05,121.12,56.28
2026-08-23T01:52:06,125.01,60.11
2026-08-23T01:52:07,131.41,66.42
2026-08-23T01:52:08,139.26,74.16
2026-08-23T01:52:09,136.09,71.03
2026-08-23T01:52:10,133.44,68.42
2026-08-23T01:52:11,130.04,65.07
2026-08-23T01:52:12,128.64,63.68
2026-08-23T01:52:13,132.01,67.02
2026-08-23T01:52:14,134.54,69.5
2026-08-23T01:52:15,134.3,69.27
2026-08-23T01:52:16,132.07,67.07
2026-08-23T01:52:17,128.43,63.48
2026-08-23T01:52:18,125.44,60.54
2026-08-23T01:52:19,124.06,59.17
2026-08-23T01:52:20,122.88,58.01
2026-08-23T01:52:21,121.35,56.5
2026-08-23T01:52:22,121.59,56.73
2026-08-23T01:52:23,117.57,52.77
2026-08-23T01:52:24,117.26,52.47
2026-08-23T01:52:25,116.26,51.48
2026-08-23T01:52:26,115.47,50.71
2026-08-23T01:52:27,114.74,49.99
2026-08-23T01:52:28,114.41,49.66
2026-08-23T01:52:29,114.8,50.05
2026-08-23T01:52:30,114.04,49.29
2026-08-23T01:52:31,113.45,48.72
2026-08-23T01:52:32,112.74,48.01
2026-08-23T01:52:33,112.75,48.03
2026-08-23T01:52:34,112.17,47.45
2026-08-23T01:52:35,112.56,47.83
2026-08-23T01:52:36,112.51,47.79
2026-08-23T01:52:37,112.58,47.85
2026-08-23T01:52:38,112.52,47.79
2026-08-23T01:52:39,112.55,47.82
2026-08-23T01:52:40,112.43,47.71
2026-08-23T01:52:41,112.79,48.06
2026-08-23T01:52:42,112.63,47.91
2026-08-23T01:52:43,112.75,48.02
2026-08-23T01:52:44,112.91,48.18
2026-08-23T01:52:45,113.37,48.64
2026-08-23T01:52:46,113.44,48.7
2026-08-23T01:52:47,113.53,48.8
2026-08-23T01:52:48,113.61,48.87
2026-08-23T01:52:49,113.25,48.52
2026-08-23T01:52:50,114.15,49.4
2026-08-23T01:52:51,115.44,50.68
2026-08-23T01:52:52,118.24,53.44
2026-08-23T01:52:53,119.58,54.76
2026-08-23T01:52:54,123.18,58.31
2026-08-23T01:52:55,124.78,59.89
2026-08-23T01:52:56,125.31,60.4
2026-08-23T01:52:57,119.97,55.14
2026-08-23T01:52:58,116.13,51.35
2026-08-23T01:52:59,113.63,48.89
2026-08-23T01:53:00,112.06,47.35
2026-08-23T01:53:01,111.43,46.72
2026-08-23T01:53:02,111.56,46.85
2026-08-23T01:53:03,111.75,47.04
2026-08-23T01:53:04,110.92,46.22
2026-08-23T01:53:05,110.85,46.15
2026-08-23T01:53:06,110.5,45.8
2026-08-23T01:53:07,110.84,46.14
2026-08-23T01:53:08,110.91,46.21
2026-08-23T01:53:09,110.19,45.5
2026-08-23T01:53:10,109.77,45.08
2026-08-23T01:53:11,109.75,45.07
2026-08-23T01:53:12,110.07,45.38
2026-08-23T01:53:13,109.76,45.08
2026-08-23T01:53:14,110.14,45.45
2026-08-23T01:53:15,110.49,45.8
2026-08-23T01:53:16,110.5,45.8
2026-08-23T01:53:17,110.34,45.64
2026-08-23T01:53:18,109.79,45.1
2026-08-23T01:53:19,109.76,45.08
2026-08-23T01:53:20,111.82,47.11
2026-08-23T01:53:21,110.84,46.14
2026-08-23T01:53:22,109.28,44.6
2026-08-23T01:53:23,109.5,44.82
2026-08-23T01:53:24,110.05,45.37
2026-08-23T01:53:25,109.76,45.08
2026-08-23T01:53:26,109.5,44.82
2026-08-23T01:53:27,110.0,45.31
2026-08-23T01:53:28,109.52,44.84
2026-08-23T01:53:29,109.93,45.24
2026-08-23T01:53:30,110.17,45.48
2026-08-23T01:53:31,110.06,45.38
2026-08-23T01:53:32,110.18,45.49
2026-08-23T01:53:33,110.08,45.39
2026-08-23T01:53:34,111.12,46.42
2026-08-23T01:53:35,111.11,46.41
2026-08-23T01:53:36,110.61,45.91
2026-08-23T01:53:37,110.36,45.67
2026-08-23T01:53:38,110.53,45.84
2026-08-23T01:53:39,109.9,45.22
2026-08-23T01:53:40,109.71,45.03
2026-08-23T01:53:41,110.26,45.57
2026-08-23T01:53:42,109.81,45.13
2026-08-23T01:53:43,110.12,45.43
2026-08-23T01:53:44,110.12,45.43
2026-08-23T01:53:45,110.13,45.45
2026-08-23T01:53:46,110.32,45.63
2026-08-23T01:53:47,109.84,45.15
2026-08-23T01:53:48,109.99,45.3
2026-08-23T01:53:49,109.73,45.04
2026-08-23T01:53:50,110.12,45.43
2026-08-23T01:53:51,109.8,45.12
2026-08-23T01:53:52,110.67,45.98
2026-08-23T01:53:53,110.13,45.44
2026-08-23T01:53:54,110.23,45.54
2026-08-23T01:53:55,110.0,45.31
2026-08-23T01:53:56,109.9,45.21
2026-08-23T01:53:57,110.24,45.55
2026-08-23T01:53:58,110.57,45.88
2026-08-23T01:53:59,110.34,45.65
2026-08-23T01:54:00,109.78,45.1
2026-08-23T01:54:01,109.98,45.29
2026-08-23T01:54:02,109.7,45.01
2026-08-23T01:54:03,109.9,45.22
2026-08-23T01:54:04,109.88,45.2
2026-08-23T01:54:05,109.55,44.87
2026-08-23T01:54:06,109.75,45.07
2026-08-23T01:54:07,109.72,45.04
2026-08-23T01:54:08,110.1,45.41
2026-08-23T01:54:09,110.13,45.44
2026-08-23T01:54:10,110.19,45.5
2026-08-23T01:54:11,109.66,44.98
2026-08-23T01:54:12,110.24,45.55
2026-08-23T01:54:13,109.87,45.18
2026-08-23T01:54:14,109.57,44.89
2026-08-23T01:54:15,110.01,45.32
2026-08-23T01:54:16,110.26,45.57
2026-08-23T01:54:17,109.82,45.14
2026-08-23T01:54:18,109.74,45.06
2026-08-23T01:54:19,109.95,45.26
2026-08-23T01:54:20,110.1,45.41
2026-08-23T01:54:21,110.09,45.4
2026-08-23T01:54:22,110.19,45.51
2026-08-23T01:54:23,109.56,44.88
2026-08-23T01:54:24,109.7,45.02
2026-08-23T01:54:25,110.13,45.44
2026-08-23T01:54:26,110.77,46.07
2026-08-23T01:54:27,111.33,46.63
2026-08-23T01:54:28,110.89,46.19
2026-08-23T01:54:29,111.98,47.26
2026-08-23T01:54:30,113.32,48.59
2026-08-23T01:54:31,116.5,51.72
2026-08-23T01:54:32,121.2,56.35
2026-08-23T01:54:33,122.34,57.48
2026-08-23T01:54:34,123.76,58.87
2026-08-23T01:54:35,124.91,60.02
2026-08-23T01:54:36,123.96,59.07
2026-08-23T01:54:37,121.63,56.78
2026-08-23T01:54:38,118.5,53.69
2026-08-23T01:54:39,116.61,51.83
2026-08-23T01:54:40,114.72,49.96
2026-08-23T01:54:41,113.3,48.56
2026-08-23T01:54:42,113.14,48.41
2026-08-23T01:54:43,112.55,47.83
2026-08-23T01:54:44,110.8,46.1
2026-08-23T01:54:45,110.38,45.69
2026-08-23T01:54:46,110.28,45.59
2026-08-23T01:54:47,110.41,45.72
2026-08-23T01:54:48,110.76,46.06
2026-08-23T01:54:49,111.59,46.88
2026-08-23T01:54:50,112.11,47.4
2026-08-23T01:54:51,112.21,47.49
2026-08-23T01:54:52,112.86,48.14
2026-08-23T01:54:53,114.1,49.36
2026-08-23T01:54:54,115.71,50.95
2026-08-23T01:54:55,119.46,54.64
2026-08-23T01:54:56,122.37,57.51
2026-08-23T01:54:57,124.01,59.12
2026-08-23T01:54:58,126.31,61.39
2026-08-23T01:54:59,127.83,62.89
2026-08-23T01:55:00,127.18,62.25
2026-08-23T01:55:01,125.06,60.16
2026-08-23T01:55:02,122.87,58.0
2026-08-23T01:55:03,120.14,55.3
2026-08-23T01:55:04,118.34,53.53
2026-08-23T01:55:05,116.79,52.0
2026-08-23T01:55:06,115.56,50.8
2026-08-23T01:55:07,115.28,50.52
2026-08-23T01:55:08,115.1,50.34
2026-08-23T01:55:09,115.23,50.47
2026-08-23T01:55:10,114.63,49.88
2026-08-23T01:55:11,112.58,47.85
2026-08-23T01:55:12,111.75,47.04
2026-08-23T01:55:13,111.96,47.25
2026-08-23T01:55:14,111.47,46.76
2026-08-23T01:55:15,111.21,46.51
2026-08-23T01:55:16,110.65,45.95
2026-08-23T01:55:17,110.47,45.78
2026-08-23T01:55:18,110.65,45.95
2026-08-23T01:55:19,110.65,45.95
2026-08-23T01:55:20,110.52,45.82
2026-08-23T01:55:21,110.98,46.28
2026-08-23T01:55:22,110.81,46.11
2026-08-23T01:55:23,110.4,45.71
2026-08-23T01:55:24,109.84,45.16
2026-08-23T01:55:25,109.73,45.05
2026-08-23T01:55:26,109.93,45.25
2026-08-23T01:55:27,110.64,45.95
2026-08-23T01:55:28,111.02,46.32
2026-08-23T01:55:29,110.78,46.08
2026-08-23T01:55:30,110.38,45.69
2026-08-23T01:55:31,110.22,45.53
2026-08-23T01:55:32,110.22,45.53
2026-08-23T01:55:33,110.26,45.57
2026-08-23T01:55:34,110.35,45.66
2026-08-23T01:55:35,110.61,45.91
2026-08-23T01:55:36,111.18,46.48
2026-08-23T01:55:37,112.06,47.34
2026-08-23T01:55:38,111.79,47.08
2026-08-23T01:55:39,111.97,47.26
2026-08-23T01:55:40,111.21,46.5
2026-08-23T01:55:41,111.03,46.33
2026-08-23T01:55:42,111.13,46.42
2026-08-23T01:55:43,110.49,45.79
2026-08-23T01:55:44,110.67,45.98
2026-08-23T01:55:45,110.99,46.29
2026-08-23T01:55:46,110.95,46.25
2026-08-23T01:55:47,111.03,46.33
2026-08-23T01:55:48,110.68,45.99
2026-08-23T01:55:49,110.53,45.84
2026-08-23T01:55:50,110.19,45.5
2026-08-23T01:55:51,110.42,45.72
2026-08-23T01:55:52,110.97,46.27
2026-08-23T01:55:53,109.93,45.24
2026-08-23T01:55:54,109.53,44.85
2026-08-23T01:55:55,110.4,45.7
2026-08-23T01:55:56,111.37,46.66
2026-08-23T01:55:57,110.88,46.19
2026-08-23T01:55:58,110.71,46.01
2026-08-23T01:55:59,111.07,46.37
2026-08-23T01:56:00,111.85,47.13
2026-08-23T01:56:01,111.86,47.15
2026-08-23T01:56:02,111.76,47.05
2026-08-23T01:56:03,112.12,47.41
2026-08-23T01:56:04,111.92,47.2
2026-08-23T01:56:05,111.82,47.11
2026-08-23T01:56:06,111.08,46.38
2026-08-23T01:56:07,112.2,47.48
2026-08-23T01:56:08,109.77,45.09
2026-08-23T01:56:09,109.35,44.67
2026-08-23T01:56:10,109.4,44.72
2026-08-23T01:56:11,109.65,44.97
2026-08-23T01:56:12,109.69,45.01
2026-08-23T01:56:13,109.87,45.19
2026-08-23T01:56:14,109.42,44.74
2026-08-23T01:56:15,110.03,45.35
2026-08-23T01:56:16,110.16,45.47
2026-08-23T01:56:17,109.89,45.2
2026-08-23T01:56:18,109.9,45.22
2026-08-23T01:56:19,109.92,45.23
2026-08-23T01:56:20,110.15,45.46
2026-08-23T01:56:21,109.31,44.63
2026-08-23T01:56:22,108.96,44.29
2026-08-23T01:56:23,109.2,44.53
2026-08-23T01:56:24,109.51,44.83
2026-08-23T01:56:25,109.38,44.7
2026-08-23T01:56:26,109.62,44.94
2026-08-23T01:56:27,109.59,44.91
2026-08-23T01:56:28,110.12,45.43
2026-08-23T01:56:29,109.83,45.14
2026-08-23T01:56:30,110.47,45.77
2026-08-23T01:56:31,110.17,45.48
2026-08-23T01:56:32,109.66,44.98
2026-08-23T01:56:33,109.78,45.09
2026-08-23T01:56:34,109.78,45.09
2026-08-23T01:56:35,109.68,45.0
2026-08-23T01:56:36,109.79,45.11
2026-08-23T01:56:37,109.73,45.05
2026-08-23T01:56:38,110.49,45.8
2026-08-23T01:56:39,109.86,45.18
2026-08-23T01:56:40,109.82,45.14
2026-08-23T01:56:41,110.14,45.45
2026-08-23T01:56:42,109.74,45.05
2026-08-23T01:56:43,109.94,45.26
2026-08-23T01:56:44,109.95,45.26
2026-08-23T01:56:45,110.37,45.67
2026-08-23T01:56:46,110.48,45.79
2026-08-23T01:56:47,110.35,45.65
2026-08-23T01:56:48,109.94,45.26
2026-08-23T01:56:49,109.87,45.18
2026-08-23T01:56:50,110.51,45.82
2026-08-23T01:56:51,110.96,46.26
2026-08-23T01:56:52,110.27,45.58
2026-08-23T01:56:53,110.1,45.41
2026-08-23T01:56:54,109.15,44.48
2026-08-23T01:56:55,109.38,44.71
2026-08-23T01:56:56,109.29,44.61
2026-08-23T01:56:57,109.43,44.75
2026-08-23T01:56:58,109.66,44.98
2026-08-23T01:56:59,110.01,45.32
2026-08-23T01:57:00,111.65,46.94
2026-08-23T01:57:01,112.35,47.63
2026-08-23T01:57:02,112.43,47.71
2026-08-23T01:57:03,114.54,49.79
2026-08-23T01:57:04,116.16,51.38
2026-08-23T01:57:05,120.56,55.72
2026-08-23T01:57:06,122.86,57.99
2026-08-23T01:57:07,125.41,60.51
2026-08-23T01:57:08,126.55,61.63
2026-08-23T01:57:09,126.69,61.77
2026-08-23T01:57:10,124.45,59.56
2026-08-23T01:57:11,122.37,57.51
2026-08-23T01:57:12,119.56,54.74
2026-08-23T01:57:13,118.46,53.65
2026-08-23T01:57:14,116.59,51.81
2026-08-23T01:57:15,116.36,51.58
2026-08-23T01:57:16,114.76,50.01
2026-08-23T01:57:17,114.37,49.62
2026-08-23T01:57:18,112.63,47.91
2026-08-23T01:57:19,111.7,46.99
2026-08-23T01:57:20,111.91,47.2
2026-08-23T01:57:21,111.49,46.79
2026-08-23T01:57:22,109.65,44.97
2026-08-23T01:57:23,109.75,45.07
2026-08-23T01:57:24,109.78,45.09
2026-08-23T01:57:25,109.87,45.18
2026-08-23T01:57:26,110.1,45.41
2026-08-23T01:57:27,109.45,44.77
2026-08-23T01:57:28,109.38,44.7
2026-08-23T01:57:29,109.65,44.97
2026-08-23T01:57:30,109.66,44.97
2026-08-23T01:57:31,109.3,44.62
2026-08-23T01:57:32,109.27,44.59
2026-08-23T01:57:33,109.12,44.44
2026-08-23T01:57:34,109.24,44.56
2026-08-23T01:57:35,109.53,44.85
2026-08-23T01:57:36,109.17,44.5
2026-08-23T01:57:37,109.41,44.73
2026-08-23T01:57:38,109.59,44.91
2026-08-23T01:57:39,109.88,45.2
2026-08-23T01:57:40,109.8,45.12
2026-08-23T01:57:41,109.79,45.11
2026-08-23T01:57:42,110.97,46.27
2026-08-23T01:57:43,111.17,46.47
2026-08-23T01:57:44,111.63,46.92
2026-08-23T01:57:45,111.77,47.06
2026-08-23T01:57:46,113.09,48.36
2026-08-23T01:57:47,115.52,50.75
2026-08-23T01:57:48,119.0,54.19
2026-08-23T01:57:49,121.25,56.4
2026-08-23T01:57:50,121.61,56.76
2026-08-23T01:57:51,122.17,57.31
2026-08-23T01:57:52,121.72,56.87
2026-08-23T01:57:53,120.55,55.72
2026-08-23T01:57:54,118.33,53.52
2026-08-23T01:57:55,116.43,51.65
2026-08-23T01:57:56,114.72,49.96
2026-08-23T01:57:57,113.87,49.13
2026-08-23T01:57:58,113.58,48.85
2026-08-23T01:57:59,114.02,49.28
2026-08-23T01:58:00,113.04,48.31
2026-08-23T01:58:01,113.29,48.56
2026-08-23T01:58:02,111.28,46.58
2026-08-23T01:58:03,111.41,46.7
2026-08-23T01:58:04,111.34,46.63
2026-08-23T01:58:05,111.23,46.53
2026-08-23T01:58:06,111.04,46.33
2026-08-23T01:58:07,111.27,46.57
2026-08-23T01:58:08,111.21,46.51
2026-08-23T01:58:09,111.08,46.38
2026-08-23T01:58:10,110.23,45.54
2026-08-23T01:58:11,110.81,46.11
2026-08-23T01:58:12,111.56,46.85
2026-08-23T01:58:13,110.91,46.21
2026-08-23T01:58:14,110.77,46.07
2026-08-23T01:58:15,110.37,45.68
2026-08-23T01:58:16,110.6,45.9
2026-08-23T01:58:17,111.0,46.3
2026-08-23T01:58:18,110.77,46.08
2026-08-23T01:58:19,110.98,46.28
2026-08-23T01:58:20,110.64,45.94
2026-08-23T01:58:21,110.34,45.65
2026-08-23T01:58:22,110.42,45.72
2026-08-23T01:58:23,110.83,46.13
2026-08-23T01:58:24,110.89,46.19
2026-08-23T01:58:25,111.23,46.52
2026-08-23T01:58:26,110.77,46.07
2026-08-23T01:58:27,111.07,46.37
2026-08-23T01:58:28,111.23,46.53
2026-08-23T01:58:29,110.65,45.95
2026-08-23T01:58:30,111.18,46.48
2026-08-23T01:58:31,111.98,47.27
2026-08-23T01:58:32,111.0,46.3
2026-08-23T01:58:33,110.47,45.77
2026-08-23T01:58:34,110.15,45.47
2026-08-23T01:58:35,110.01,45.32
2026-08-23T01:58:36,109.98,45.3
2026-08-23T01:58:37,110.22,45.53
2026-08-23T01:58:38,110.11,45.42
2026-08-23T01:58:39,110.43,45.73
2026-08-23T01:58:40,110.4,45.7
2026-08-23T01:58:41,110.83,46.13
2026-08-23T01:58:42,110.4,45.71
2026-08-23T01:58:43,110.26,45.57
2026-08-23T01:58:44,110.08,45.39
2026-08-23T01:58:45,109.93,45.25
2026-08-23T01:58:46,109.97,45.28
2026-08-23T01:58:47,109.77,45.09
2026-08-23T01:58:48,109.94,45.26
2026-08-23T01:58:49,109.61,44.93
2026-08-23T01:58:50,110.08,45.39
2026-08-23T01:58:51,110.04,45.35
2026-08-23T01:58:52,109.26,44.58
2026-08-23T01:58:53,109.86,45.18
2026-08-23T01:58:54,109.36,44.68
2026-08-23T01:58:55,109.27,44.6
2026-08-23T01:58:56,109.45,44.78
2026-08-23T01:58:57,109.26,44.58
2026-08-23T01:58:58,109.52,44.84
2026-08-23T01:58:59,109.27,44.59
2026-08-23T01:59:00,109.42,44.75
2026-08-23T01:59:01,109.56,44.88
2026-08-23T01:59:02,109.29,44.61
2026-08-23T01:59:03,109.13,44.46
2026-08-23T01:59:04,109.45,44.77
2026-08-23T01:59:05,108.77,44.1
2026-08-23T01:59:06,109.08,44.4
2026-08-23T01:59:07,109.02,44.35
2026-08-23T01:59:08,109.18,44.5
2026-08-23T01:59:09,109.62,44.94
2026-08-23T01:59:10,109.09,44.41
2026-08-23T01:59:11,109.25,44.57
2026-08-23T01:59:12,109.39,44.71
2026-08-23T01:59:13,108.93,44.26
2026-08-23T01:59:14,109.05,44.38
2026-08-23T01:59:15,109.12,44.44
2026-08-23T01:59:16,109.06,44.38
2026-08-23T01:59:17,108.56,43.9
2026-08-23T01:59:18,108.88,44.21
2026-08-23T01:59:19,109.35,44.67
2026-08-23T01:59:20,109.26,44.59
2026-08-23T01:59:21,109.98,45.29
2026-08-23T01:59:22,109.08,44.41
2026-08-23T01:59:23,109.67,44.99
2026-08-23T01:59:24,109.38,44.71
2026-08-23T01:59:25,109.09,44.42
2026-08-23T01:59:26,109.55,44.87
2026-08-23T01:59:27,109.4,44.72
2026-08-23T01:59:28,109.54,44.86
2026-08-23T01:59:29,109.11,44.44
2026-08-23T01:59:30,109.21,44.53
2026-08-23T01:59:31,109.72,45.03
2026-08-23T01:59:32,109.58,44.9
2026-08-23T01:59:33,109.43,44.75
2026-08-23T01:59:34,109.41,44.73
2026-08-23T01:59:35,109.21,44.54
2026-08-23T01:59:36,109.34,44.66
2026-08-23T01:59:37,109.54,44.86
2026-08-23T01:59:38,109.13,44.46
2026-08-23T01:59:39,109.78,45.1
2026-08-23T01:59:40,109.27,44.59
2026-08-23T01:59:41,109.05,44.38
2026-08-23T01:59:42,109.13,44.45
2026-08-23T01:59:43,109.41,44.73
2026-08-23T01:59:44,109.48,44.8
2026-08-23T01:59:45,109.55,44.87
2026-08-23T01:59:46,109.92,45.23
2026-08-23T01:59:47,109.3,44.62
2026-08-23T01:59:48,109.66,44.98
2026-08-23T01:59:49,110.05,45.37
2026-08-23T01:59:50,109.67,44.99
2026-08-23T01:59:51,109.72,45.04
2026-08-23T01:59:52,109.67,44.99
2026-08-23T01:59:53,109.48,44.8
2026-08-23T01:59:54,109.25,44.58
2026-08-23T01:59:55,109.59,44.9
2026-08-23T01:59:56,109.51,44.83
2026-08-23T01:59:57,109.09,44.42
2026-08-23T01:59:58,109.11,44.44
2026-08-23T01:59:59,109.71,45.03
2026-08-23T02:00:00,108.71,44.04
2026-08-23T02:00:01,109.18,44.5
2026-08-23T02:00:02,108.85,44.18
2026-08-23T02:00:03,109.1,44.42
2026-08-23T02:00:04,108.63,43.96
2026-08-23T02:00:05,108.83,44.16
2026-08-23T02:00:06,109.1,44.42
2026-08-23T02:00:07,108.87,44.19
2026-08-23T02:00:08,109.16,44.48
2026-08-23T02:00:09,108.59,43.93
2026-08-23T02:00:10,109.02,44.35
2026-08-23T02:00:11,109.5,44.82
2026-08-23T02:00:12,109.44,44.76
2026-08-23T02:00:13,109.23,44.56
2026-08-23T02:00:14,109.34,44.66
2026-08-23T02:00:15,109.31,44.63
2026-08-23T02:00:16,109.65,44.96
2026-08-23T02:00:17,109.6,44.92
2026-08-23T02:00:18,109.64,44.96
2026-08-23T02:00:19,109.38,44.71
2026-08-23T02:00:20,109.06,44.38
2026-08-23T02:00:21,108.81,44.14
2026-08-23T02:00:22,109.08,44.4
2026-08-23T02:00:23,109.12,44.44
2026-08-23T02:00:24,109.3,44.62
2026-08-23T02:00:25,109.05,44.38
2026-08-23T02:00:26,109.2,44.53
2026-08-23T02:00:27,109.34,44.66
2026-08-23T02:00:28,109.24,44.56
2026-08-23T02:00:29,109.34,44.67
2026-08-23T02:00:30,109.03,44.35
2026-08-23T02:00:31,109.06,44.38
2026-08-23T02:00:32,109.97,45.28
2026-08-23T02:00:33,108.97,44.3
2026-08-23T02:00:34,108.96,44.28
2026-08-23T02:00:35,109.57,44.89
2026-08-23T02:00:36,109.12,44.44
2026-08-23T02:00:37,109.49,44.81
2026-08-23T02:00:38,109.62,44.94
2026-08-23T02:00:39,109.33,44.65
2026-08-23T02:00:40,109.41,44.73
2026-08-23T02:00:41,109.24,44.57
2026-08-23T02:00:42,108.84,44.17
2026-08-23T02:00:43,109.19,44.52
2026-08-23T02:00:44,109.16,44.48
2026-08-23T02:00:45,109.19,44.51
2026-08-23T02:00:46,108.48,43.82
2026-08-23T02:00:47,109.1,44.43
2026-08-23T02:00:48,109.62,44.94
2026-08-23T02:00:49,109.22,44.54
2026-08-23T02:00:50,109.29,44.62
2026-08-23T02:00:51,109.35,44.67
2026-08-23T02:00:52,109.72,45.03
2026-08-23T02:00:53,109.51,44.83
2026-08-23T02:00:54,109.09,44.42
2026-08-23T02:00:55,109.34,44.67
2026-08-23T02:00:56,108.9,44.23
2026-08-23T02:00:57,109.55,44.87
2026-08-23T02:00:58,109.0,44.32
2026-08-23T02:00:59,109.45,44.77
2026-08-23T02:01:00,109.11,44.43
2026-08-23T02:01:01,109.1,44.42
2026-08-23T02:01:02,109.12,44.44
2026-08-23T02:01:03,109.52,44.84
2026-08-23T02:01:04,109.77,45.08
2026-08-23T02:01:05,110.58,45.88
2026-08-23T02:01:06,109.35,44.67
2026-08-23T02:01:07,110.06,45.37
2026-08-23T02:01:08,110.11,45.43
2026-08-23T02:01:09,110.27,45.58
2026-08-23T02:01:10,110.05,45.37
2026-08-23T02:01:11,110.89,46.19
2026-08-23T02:01:12,110.86,46.17
2026-08-23T02:01:13,109.42,44.74
2026-08-23T02:01:14,110.03,45.34
2026-08-23T02:01:15,111.47,46.77
2026-08-23T02:01:16,109.75,45.07
2026-08-23T02:01:17,109.59,44.91
2026-08-23T02:01:18,109.05,44.37
2026-08-23T02:01:19,109.19,44.52
2026-08-23T02:01:20,108.98,44.31
2026-08-23T02:01:21,108.81,44.14
2026-08-23T02:01:22,109.03,44.35
2026-08-23T02:01:23,109.77,45.09
2026-08-23T02:01:24,109.78,45.1
2026-08-23T02:01:25,109.77,45.09
2026-08-23T02:01:26,109.27,44.59
2026-08-23T02:01:27,109.37,44.69
2026-08-23T02:01:28,109.5,44.82
2026-08-23T02:01:29,109.39,44.71
2026-08-23T02:01:30,109.43,44.75
2026-08-23T02:01:31,109.34,44.66
2026-08-23T02:01:32,108.92,44.24
2026-08-23T02:01:33,109.63,44.94
2026-08-23T02:01:34,109.32,44.64
2026-08-23T02:01:35,109.39,44.71
2026-08-23T02:01:36,109.5,44.82
2026-08-23T02:01:37,109.43,44.75
2026-08-23T02:01:38,109.15,44.47
2026-08-23T02:01:39,109.54,44.86
2026-08-23T02:01:40,110.0,45.32
2026-08-23T02:01:41,109.96,45.27
2026-08-23T02:01:42,109.74,45.05
2026-08-23T02:01:43,109.16,44.49
2026-08-23T02:01:44,109.61,44.93
2026-08-23T02:01:45,109.46,44.78
2026-08-23T02:01:46,109.47,44.79
2026-08-23T02:01:47,109.2,44.52
2026-08-23T02:01:48,109.12,44.45
2026-08-23T02:01:49,109.67,44.98
2026-08-23T02:01:50,109.45,44.77
2026-08-23T02:01:51,109.53,44.85
2026-08-23T02:01:52,109.14,44.47
2026-08-23T02:01:53,109.57,44.89
2026-08-23T02:01:54,109.97,45.29
2026-08-23T02:01:55,110.23,45.54
2026-08-23T02:01:56,109.75,45.06
2026-08-23T02:01:57,109.79,45.11
2026-08-23T02:01:58,110.14,45.45
2026-08-23T02:01:59,109.31,44.63
2026-08-23T02:02:00,109.96,45.27
2026-08-23T02:02:01,109.74,45.06
2026-08-23T02:02:02,108.9,44.23
2026-08-23T02:02:03,109.37,44.69
2026-08-23T02:02:04,109.73,45.05
2026-08-23T02:02:05,109.82,45.14
2026-08-23T02:02:06,110.1,45.42
2026-08-23T02:02:07,109.69,45.0
2026-08-23T02:02:08,110.11,45.43
2026-08-23T02:02:09,110.29,45.6
2026-08-23T02:02:10,111.06,46.36
2026-08-23T02:02:11,110.26,45.57
2026-08-23T02:02:12,110.12,45.44
2026-08-23T02:02:13,110.56,45.87
2026-08-23T02:02:14,110.83,46.13
2026-08-23T02:02:15,110.19,45.5
2026-08-23T02:02:16,110.41,45.72
2026-08-23T02:02:17,110.15,45.47
2026-08-23T02:02:18,110.74,46.04
2026-08-23T02:02:19,110.19,45.5
2026-08-23T02:02:20,110.08,45.39
2026-08-23T02:02:21,109.59,44.9
2026-08-23T02:02:22,109.91,45.22
2026-08-23T02:02:23,109.61,44.93
2026-08-23T02:02:24,109.91,45.22
2026-08-23T02:02:25,109.62,44.94
2026-08-23T02:02:26,109.28,44.61
2026-08-23T02:02:27,109.01,44.34
2026-08-23T02:02:28,109.37,44.69
2026-08-23T02:02:29,108.86,44.19
2026-08-23T02:02:30,108.65,43.98
2026-08-23T02:02:31,109.15,44.47
2026-08-23T02:02:32,109.11,44.44
2026-08-23T02:02:33,108.78,44.11
2026-08-23T02:02:34,108.98,44.31
2026-08-23T02:02:35,109.7,45.02
2026-08-23T02:02:36,110.57,45.88
2026-08-23T02:02:37,109.41,44.74
2026-08-23T02:02:38,110.14,45.45
2026-08-23T02:02:39,110.1,45.41
2026-08-23T02:02:40,109.81,45.13
2026-08-23T02:02:41,110.22,45.53
2026-08-23T02:02:42,109.94,45.26
2026-08-23T02:02:43,109.27,44.59
2026-08-23T02:02:44,109.81,45.13
2026-08-23T02:02:45,109.73,45.05
2026-08-23T02:02:46,109.09,44.41
2026-08-23T02:02:47,109.76,45.07
2026-08-23T02:02:48,110.26,45.57
2026-08-23T02:02:49,110.88,46.19
2026-08-23T02:02:50,110.68,45.98
2026-08-23T02:02:51,111.35,46.64
2026-08-23T02:02:52,111.42,46.71
2026-08-23T02:02:53,110.87,46.17
2026-08-23T02:02:54,110.67,45.98
2026-08-23T02:02:55,110.3,45.61
2026-08-23T02:02:56,110.11,45.43
2026-08-23T02:02:57,109.5,44.82
2026-08-23T02:02:58,110.01,45.32
2026-08-23T02:02:59,109.79,45.11
2026-08-23T02:03:00,110.36,45.67
2026-08-23T02:03:01,110.91,46.21
2026-08-23T02:03:02,110.32,45.63
2026-08-23T02:03:03,110.01,45.32
2026-08-23T02:03:04,110.41,45.72
2026-08-23T02:03:05,110.79,46.09
2026-08-23T02:03:06,109.97,45.28
2026-08-23T02:03:07,110.35,45.66
2026-08-23T02:03:08,110.33,45.64
2026-08-23T02:03:09,109.75,45.07
2026-08-23T02:03:10,110.34,45.65
2026-08-23T02:03:11,111.87,47.16
2026-08-23T02:03:12,110.76,46.06
2026-08-23T02:03:13,111.12,46.42
2026-08-23T02:03:14,110.78,46.08
2026-08-23T02:03:15,110.47,45.77
2026-08-23T02:03:16,110.42,45.73
2026-08-23T02:03:17,111.66,46.95
2026-08-23T02:03:18,111.51,46.8
2026-08-23T02:03:19,111.21,46.51
2026-08-23T02:03:20,111.31,46.61
2026-08-23T02:03:21,111.73,47.02
2026-08-23T02:03:22,111.75,47.04
2026-08-23T02:03:23,112.57,47.84
2026-08-23T02:03:24,111.63,46.92
2026-08-23T02:03:25,110.7,46.0
2026-08-23T02:03:26,110.86,46.16
2026-08-23T02:03:27,110.58,45.88
2026-08-23T02:03:28,110.96,46.26
2026-08-23T02:03:29,111.04,46.34
2026-08-23T02:03:30,112.25,47.54
2026-08-23T02:03:31,112.25,47.53
2026-08-23T02:03:32,113.83,49.08
2026-08-23T02:03:33,113.87,49.13
2026-08-23T02:03:34,112.64,47.91
2026-08-23T02:03:35,111.18,46.48
2026-08-23T02:03:36,110.95,46.25
2026-08-23T02:03:37,110.72,46.02
2026-08-23T02:03:38,110.84,46.14
2026-08-23T02:03:39,111.77,47.06
2026-08-23T02:03:40,112.42,47.7
2026-08-23T02:03:41,112.28,47.56
2026-08-23T02:03:42,112.5,47.78
2026-08-23T02:03:43,112.28,47.56
2026-08-23T02:03:44,113.35,48.62
2026-08-23T02:03:45,112.87,48.14
2026-08-23T02:03:46,112.71,47.99
2026-08-23T02:03:47,110.75,46.06
2026-08-23T02:03:48,110.44,45.74
2026-08-23T02:03:49,110.41,45.72
2026-08-23T02:03:50,110.83,46.13
2026-08-23T02:03:51,111.46,46.75
2026-08-23T02:03:52,111.08,46.38
2026-08-23T02:03:53,113.16,48.43
2026-08-23T02:03:54,112.12,47.4
2026-08-23T02:03:55,110.89,46.19
2026-08-23T02:03:56,111.13,46.42
2026-08-23T02:03:57,110.96,46.25
2026-08-23T02:03:58,109.92,45.23
2026-08-23T02:03:59,110.47,45.78
2026-08-23T02:04:00,109.7,45.02
2026-08-23T02:04:01,109.58,44.9
2026-08-23T02:04:02,109.79,45.11
2026-08-23T02:04:03,109.5,44.82
2026-08-23T02:04:04,109.25,44.57
2026-08-23T02:04:05,109.74,45.06
2026-08-23T02:04:06,110.34,45.65
2026-08-23T02:04:07,111.23,46.53
2026-08-23T02:04:08,110.38,45.69
2026-08-23T02:04:09,110.45,45.75
2026-08-23T02:04:10,111.26,46.55
2026-08-23T02:04:11,110.18,45.49
2026-08-23T02:04:12,109.56,44.88
2026-08-23T02:04:13,109.84,45.16
2026-08-23T02:04:14,109.53,44.85
2026-08-23T02:04:15,109.87,45.19
2026-08-23T02:04:16,109.19,44.51
2026-08-23T02:04:17,109.87,45.19
2026-08-23T02:04:18,109.07,44.4
2026-08-23T02:04:19,109.35,44.67
2026-08-23T02:04:20,109.78,45.09
2026-08-23T02:04:21,109.89,45.2
2026-08-23T02:04:22,109.63,44.95
2026-08-23T02:04:23,109.24,44.56
2026-08-23T02:04:24,109.48,44.8
2026-08-23T02:04:25,110.0,45.31
2026-08-23T02:04:26,109.36,44.68
2026-08-23T02:04:27,109.54,44.86
2026-08-23T02:04:28,109.65,44.97
2026-08-23T02:04:29,109.18,44.51
2026-08-23T02:04:30,109.08,44.41
2026-08-23T02:04:31,109.57,44.89
2026-08-23T02:04:32,109.36,44.68
2026-08-23T02:04:33,109.39,44.71
2026-08-23T02:04:34,110.02,45.33
2026-08-23T02:04:35,111.04,46.34
2026-08-23T02:04:36,109.86,45.17
2026-08-23T02:04:37,109.42,44.74
2026-08-23T02:04:38,110.02,45.33
2026-08-23T02:04:39,109.54,44.86
2026-08-23T02:04:40,108.9,44.23
2026-08-23T02:04:41,109.46,44.79
2026-08-23T02:04:42,109.78,45.09
2026-08-23T02:04:43,109.68,45.0
2026-08-23T02:04:44,110.57,45.88
2026-08-23T02:04:45,110.1,45.41
2026-08-23T02:04:46,110.1,45.41
2026-08-23T02:04:47,110.01,45.32
2026-08-23T02:04:48,109.88,45.19
2026-08-23T02:04:49,109.48,44.8
2026-08-23T02:04:50,109.87,45.18
2026-08-23T02:04:51,110.01,45.32
2026-08-23T02:04:52,109.67,44.99
2026-08-23T02:04:53,109.05,44.38
2026-08-23T02:04:54,108.93,44.26
2026-08-23T02:04:55,109.65,44.97
2026-08-23T02:04:56,109.56,44.88
2026-08-23T02:04:57,110.1,45.41
2026-08-23T02:04:58,110.18,45.49
2026-08-23T02:04:59,110.01,45.32
2026-08-23T02:05:00,109.98,45.29
2026-08-23T02:05:01,109.58,44.9
2026-08-23T02:05:02,109.85,45.17
2026-08-23T02:05:03,110.02,45.33
2026-08-23T02:05:04,109.71,45.03
2026-08-23T02:05:05,109.77,45.08
2026-08-23T02:05:06,110.13,45.44
2026-08-23T02:05:07,109.66,44.98
2026-08-23T02:05:08,110.29,45.6
2026-08-23T02:05:09,109.68,45.0
2026-08-23T02:05:10,109.15,44.48
2026-08-23T02:05:11,109.48,44.8
2026-08-23T02:05:12,109.54,44.86
2026-08-23T02:05:13,109.44,44.76
2026-08-23T02:05:14,109.88,45.19
2026-08-23T02:05:15,109.83,45.14
2026-08-23T02:05:16,110.28,45.59
2026-08-23T02:05:17,110.16,45.47
2026-08-23T02:05:18,110.11,45.42
2026-08-23T02:05:19,109.59,44.91
2026-08-23T02:05:20,109.9,45.21
2026-08-23T02:05:21,109.65,44.97
2026-08-23T02:05:22,109.08,44.4
2026-08-23T02:05:23,109.89,45.21
2026-08-23T02:05:24,109.79,45.1
2026-08-23T02:05:25,109.41,44.73
2026-08-23T02:05:26,109.47,44.79
2026-08-23T02:05:27,109.49,44.81
2026-08-23T02:05:28,109.66,44.98
2026-08-23T02:05:29,109.55,44.87
2026-08-23T02:05:30,108.93,44.26
2026-08-23T02:05:31,109.56,44.88
2026-08-23T02:05:32,108.86,44.19
2026-08-23T02:05:33,109.06,44.39
2026-08-23T02:05:34,109.39,44.71
2026-08-23T02:05:35,109.6,44.92
2026-08-23T02:05:36,109.24,44.56
2026-08-23T02:05:37,109.37,44.69
2026-08-23T02:05:38,109.34,44.67
2026-08-23T02:05:39,109.14,44.47
2026-08-23T02:05:40,109.28,44.6
2026-08-23T02:05:41,109.45,44.77
2026-08-23T02:05:42,109.42,44.74
2026-08-23T02:05:43,108.99,44.32
2026-08-23T02:05:44,109.31,44.63
2026-08-23T02:05:45,109.13,44.46
2026-08-23T02:05:46,108.78,44.11
2026-08-23T02:05:47,109.08,44.41
2026-08-23T02:05:48,108.67,44.0
2026-08-23T02:05:49,108.54,43.87
2026-08-23T02:05:50,108.97,44.3
2026-08-23T02:05:51,108.87,44.2
2026-08-23T02:05:52,108.93,44.26
2026-08-23T02:05:53,109.08,44.4
2026-08-23T02:05:54,109.03,44.36
2026-08-23T02:05:55,108.84,44.17
2026-08-23T02:05:56,108.86,44.19
2026-08-23T02:05:57,108.75,44.08
2026-08-23T02:05:58,108.92,44.24
2026-08-23T02:05:59,108.79,44.12
2026-08-23T02:06:00,108.73,44.06
2026-08-23T02:06:01,109.34,44.67
2026-08-23T02:06:02,109.02,44.34
2026-08-23T02:06:03,108.83,44.16
2026-08-23T02:06:04,109.15,44.47
2026-08-23T02:06:05,108.88,44.21
2026-08-23T02:06:06,108.96,44.29
2026-08-23T02:06:07,108.93,44.26
2026-08-23T02:06:08,108.92,44.25
2026-08-23T02:06:09,109.0,44.33
2026-08-23T02:06:10,109.39,44.71
2026-08-23T02:06:11,109.06,44.38
2026-08-23T02:06:12,109.55,44.87
2026-08-23T02:06:13,109.26,44.58
2026-08-23T02:06:14,109.48,44.8
2026-08-23T02:06:15,109.86,45.18
2026-08-23T02:06:16,109.59,44.91
2026-08-23T02:06:17,109.54,44.86
2026-08-23T02:06:18,109.67,44.99
2026-08-23T02:06:19,109.67,44.99
2026-08-23T02:06:20,109.15,44.47
2026-08-23T02:06:21,109.51,44.83
2026-08-23T02:06:22,109.7,45.02
2026-08-23T02:06:23,109.39,44.71
2026-08-23T02:06:24,109.53,44.85
2026-08-23T02:06:25,110.08,45.39
2026-08-23T02:06:26,110.13,45.44
2026-08-23T02:06:27,109.88,45.19
2026-08-23T02:06:28,110.1,45.41
2026-08-23T02:06:29,110.01,45.33
2026-08-23T02:06:30,109.84,45.15
2026-08-23T02:06:31,109.52,44.84
2026-08-23T02:06:32,109.75,45.07
2026-08-23T02:06:33,109.51,44.83
2026-08-23T02:06:34,109.68,45.0
2026-08-23T02:06:35,109.55,44.87
2026-08-23T02:06:36,109.79,45.11
2026-08-23T02:06:37,109.64,44.96
2026-08-23T02:06:38,109.61,44.93
2026-08-23T02:06:39,109.47,44.79
2026-08-23T02:06:40,109.44,44.77
2026-08-23T02:06:41,109.4,44.72
2026-08-23T02:06:42,109.71,45.02
2026-08-23T02:06:43,109.77,45.08
2026-08-23T02:06:44,109.92,45.24
2026-08-23T02:06:45,109.88,45.19
2026-08-23T02:06:46,110.06,45.37
2026-08-23T02:06:47,110.31,45.62
2026-08-23T02:06:48,110.31,45.62
2026-08-23T02:06:49,110.85,46.15
2026-08-23T02:06:50,110.77,46.07
2026-08-23T02:06:51,110.39,45.7
2026-08-23T02:06:52,110.62,45.92
2026-08-23T02:06:53,110.9,46.2
2026-08-23T02:06:54,110.89,46.19
2026-08-23T02:06:55,111.31,46.6
2026-08-23T02:06:56,111.74,47.03
2026-08-23T02:06:57,111.94,47.23
2026-08-23T02:06:58,112.65,47.93
2026-08-23T02:06:59,112.71,47.98
2026-08-23T02:07:00,114.36,49.61
2026-08-23T02:07:01,115.92,51.15
2026-08-23T02:07:02,119.86,55.03
2026-08-23T02:07:03,121.51,56.66
2026-08-23T02:07:04,122.54,57.68
2026-08-23T02:07:05,122.69,57.83
2026-08-23T02:07:06,122.97,58.1
2026-08-23T02:07:07,121.34,56.49
2026-08-23T02:07:08,118.56,53.76
2026-08-23T02:07:09,116.44,51.66
2026-08-23T02:07:10,114.96,50.2
2026-08-23T02:07:11,114.96,50.2
2026-08-23T02:07:12,114.78,50.03
2026-08-23T02:07:13,114.94,50.19
2026-08-23T02:07:14,113.42,48.69
2026-08-23T02:07:15,112.71,47.98
2026-08-23T02:07:16,112.37,47.65
2026-08-23T02:07:17,112.57,47.85
2026-08-23T02:07:18,112.53,47.81
2026-08-23T02:07:19,112.45,47.73
2026-08-23T02:07:20,111.96,47.25
2026-08-23T02:07:21,111.98,47.27
2026-08-23T02:07:22,112.72,47.99
2026-08-23T02:07:23,113.32,48.59
2026-08-23T02:07:24,113.21,48.48
2026-08-23T02:07:25,111.83,47.11
2026-08-23T02:07:26,111.61,46.9
2026-08-23T02:07:27,111.79,47.07
2026-08-23T02:07:28,111.78,47.07
2026-08-23T02:07:29,111.42,46.71
2026-08-23T02:07:30,110.88,46.18
2026-08-23T02:07:31,111.17,46.47
2026-08-23T02:07:32,111.4,46.69
2026-08-23T02:07:33,111.52,46.81
2026-08-23T02:07:34,112.31,47.59
2026-08-23T02:07:35,112.7,47.97
2026-08-23T02:07:36,113.07,48.34
2026-08-23T02:07:37,114.61,49.86
2026-08-23T02:07:38,114.26,49.51
2026-08-23T02:07:39,112.98,48.26
2026-08-23T02:07:40,112.97,48.24
2026-08-23T02:07:41,111.63,46.92
2026-08-23T02:07:42,110.83,46.13
2026-08-23T02:07:43,111.38,46.67
2026-08-23T02:07:44,110.6,45.91
2026-08-23T02:07:45,110.43,45.74
2026-08-23T02:07:46,110.52,45.82
2026-08-23T02:07:47,110.98,46.28
2026-08-23T02:07:48,112.09,47.38
2026-08-23T02:07:49,111.22,46.51
2026-08-23T02:07:50,110.71,46.01
2026-08-23T02:07:51,110.46,45.76
2026-08-23T02:07:52,110.74,46.04
2026-08-23T02:07:53,110.18,45.49
2026-08-23T02:07:54,110.34,45.64
2026-08-23T02:07:55,109.78,45.1
2026-08-23T02:07:56,109.75,45.07
2026-08-23T02:07:57,110.05,45.36
2026-08-23T02:07:58,110.36,45.67
2026-08-23T02:07:59,110.48,45.79
2026-08-23T02:08:00,110.44,45.75
2026-08-23T02:08:01,110.86,46.16
2026-08-23T02:08:02,110.92,46.22
2026-08-23T02:08:03,111.37,46.67
2026-08-23T02:08:04,110.69,46.0
2026-08-23T02:08:05,110.64,45.94
2026-08-23T02:08:06,110.25,45.56
2026-08-23T02:08:07,109.83,45.14
2026-08-23T02:08:08,110.08,45.39
2026-08-23T02:08:09,110.32,45.63
2026-08-23T02:08:10,110.09,45.4
2026-08-23T02:08:11,110.2,45.51
2026-08-23T02:08:12,109.82,45.14
2026-08-23T02:08:13,109.76,45.08
2026-08-23T02:08:14,111.08,46.38
2026-08-23T02:08:15,110.15,45.47
2026-08-23T02:08:16,110.23,45.54
2026-08-23T02:08:17,110.54,45.85
2026-08-23T02:08:18,110.48,45.79
2026-08-23T02:08:19,109.85,45.17
2026-08-23T02:08:20,109.09,44.41
2026-08-23T02:08:21,109.75,45.06
2026-08-23T02:08:22,109.01,44.33
2026-08-23T02:08:23,109.35,44.67
2026-08-23T02:08:24,110.0,45.31
2026-08-23T02:08:25,109.75,45.07
2026-08-23T02:08:26,109.94,45.26
2026-08-23T02:08:27,109.7,45.02
2026-08-23T02:08:28,110.27,45.58
2026-08-23T02:08:29,111.1,46.39
2026-08-23T02:08:30,110.97,46.27
2026-08-23T02:08:31,111.06,46.36
2026-08-23T02:08:32,110.53,45.83
2026-08-23T02:08:33,110.38,45.69
2026-08-23T02:08:34,110.37,45.68
2026-08-23T02:08:35,109.95,45.27
2026-08-23T02:08:36,110.32,45.63
2026-08-23T02:08:37,109.99,45.3
2026-08-23T02:08:38,110.76,46.06
2026-08-23T02:08:39,110.29,45.6
2026-08-23T02:08:40,109.9,45.22
2026-08-23T02:08:41,109.89,45.2
2026-08-23T02:08:42,109.85,45.16
2026-08-23T02:08:43,109.8,45.11
2026-08-23T02:08:44,109.85,45.16
2026-08-23T02:08:45,109.51,44.83
2026-08-23T02:08:46,110.47,45.78
2026-08-23T02:08:47,110.26,45.57
2026-08-23T02:08:48,110.97,46.27
2026-08-23T02:08:49,110.64,45.95
2026-08-23T02:08:50,110.2,45.51
2026-08-23T02:08:51,109.9,45.21
2026-08-23T02:08:52,109.65,44.97
2026-08-23T02:08:53,110.54,45.84
2026-08-23T02:08:54,110.71,46.01
2026-08-23T02:08:55,110.18,45.49
2026-08-23T02:08:56,110.33,45.64
2026-08-23T02:08:57,110.14,45.45
2026-08-23T02:08:58,109.85,45.17
2026-08-23T02:08:59,109.14,44.46
2026-08-23T02:09:00,109.6,44.92
2026-08-23T02:09:01,109.83,45.15
2026-08-23T02:09:02,109.77,45.09
2026-08-23T02:09:03,109.82,45.14
2026-08-23T02:09:04,109.9,45.22
2026-08-23T02:09:05,109.84,45.16
2026-08-23T02:09:06,109.49,44.81
2026-08-23T02:09:07,109.27,44.6
2026-08-23T02:09:08,109.88,45.2
2026-08-23T02:09:09,110.35,45.66
2026-08-23T02:09:10,111.08,46.37
2026-08-23T02:09:11,111.33,46.62
2026-08-23T02:09:12,110.91,46.21
2026-08-23T02:09:13,111.11,46.41
2026-08-23T02:09:14,112.09,47.37
2026-08-23T02:09:15,111.32,46.62
2026-08-23T02:09:16,110.59,45.89
2026-08-23T02:09:17,110.62,45.93
2026-08-23T02:09:18,111.46,46.75
2026-08-23T02:09:19,111.31,46.61
2026-08-23T02:09:20,110.29,45.6
2026-08-23T02:09:21,110.35,45.66
2026-08-23T02:09:22,110.14,45.45
2026-08-23T02:09:23,109.62,44.94
2026-08-23T02:09:24,110.37,45.68
2026-08-23T02:09:25,109.94,45.25
2026-08-23T02:09:26,109.81,45.13
2026-08-23T02:09:27,109.68,45.0
2026-08-23T02:09:28,109.83,45.15
2026-08-23T02:09:29,109.58,44.9
2026-08-23T02:09:30,109.86,45.17
2026-08-23T02:09:31,109.95,45.26
2026-08-23T02:09:32,110.01,45.32
2026-08-23T02:09:33,110.04,45.35
2026-08-23T02:09:34,109.94,45.25
2026-08-23T02:09:35,109.65,44.97
2026-08-23T02:09:36,109.78,45.1
2026-08-23T02:09:37,109.77,45.09
2026-08-23T02:09:38,109.68,44.99
2026-08-23T02:09:39,109.8,45.11
2026-08-23T02:09:40,109.4,44.72
2026-08-23T02:09:41,109.83,45.14
2026-08-23T02:09:42,109.34,44.67
2026-08-23T02:09:43,109.59,44.91
2026-08-23T02:09:44,109.39,44.71
2026-08-23T02:09:45,109.79,45.11
2026-08-23T02:09:46,109.54,44.86
2026-08-23T02:09:47,109.6,44.92
2026-08-23T02:09:48,109.45,44.77
2026-08-23T02:09:49,109.7,45.02
2026-08-23T02:09:50,110.47,45.78
2026-08-23T02:09:51,110.25,45.56
2026-08-23T02:09:52,109.63,44.95
2026-08-23T02:09:53,110.23,45.54
2026-08-23T02:09:54,109.61,44.93
2026-08-23T02:09:55,110.1,45.41
2026-08-23T02:09:56,109.46,44.78
2026-08-23T02:09:57,109.29,44.61
2026-08-23T02:09:58,109.4,44.72
2026-08-23T02:09:59,109.45,44.78
2026-08-23T02:10:00,109.5,44.82
2026-08-23T02:10:01,109.26,44.59
2026-08-23T02:10:02,109.58,44.9
2026-08-23T02:10:03,109.76,45.08
2026-08-23T02:10:04,109.7,45.02
2026-08-23T02:10:05,109.83,45.15
2026-08-23T02:10:06,109.28,44.6
2026-08-23T02:10:07,109.13,44.45
2026-08-23T02:10:08,109.43,44.75
2026-08-23T02:10:09,109.2,44.53
2026-08-23T02:10:10,109.18,44.51
2026-08-23T02:10:11,109.59,44.91
2026-08-23T02:10:12,109.21,44.53
2026-08-23T02:10:13,109.48,44.8
2026-08-23T02:10:14,109.39,44.72
2026-08-23T02:10:15,109.05,44.38
2026-08-23T02:10:16,109.59,44.91
2026-08-23T02:10:17,109.54,44.86
2026-08-23T02:10:18,109.07,44.39
2026-08-23T02:10:19,109.63,44.95
2026-08-23T02:10:20,109.35,44.67
2026-08-23T02:10:21,109.8,45.12
2026-08-23T02:10:22,109.15,44.48
2026-08-23T02:10:23,109.33,44.66
2026-08-23T02:10:24,109.03,44.36
2026-08-23T02:10:25,109.19,44.52
2026-08-23T02:10:26,109.18,44.5
2026-08-23T02:10:27,109.03,44.35
2026-08-23T02:10:28,108.85,44.18
2026-08-23T02:10:29,109.42,44.74
2026-08-23T02:10:30,109.16,44.49
2026-08-23T02:10:31,109.23,44.55
2026-08-23T02:10:32,109.38,44.71
2026-08-23T02:10:33,109.28,44.6
2026-08-23T02:10:34,109.31,44.63
2026-08-23T02:10:35,109.32,44.64
2026-08-23T02:10:36,109.07,44.4
2026-08-23T02:10:37,109.32,44.64
2026-08-23T02:10:38,109.12,44.44
2026-08-23T02:10:39,108.95,44.28
2026-08-23T02:10:40,109.93,45.24
2026-08-23T02:10:41,109.46,44.78
2026-08-23T02:10:42,109.63,44.94
2026-08-23T02:10:43,109.85,45.17
2026-08-23T02:10:44,109.77,45.09
2026-08-23T02:10:45,110.82,46.12
2026-08-23T02:10:46,110.18,45.49
2026-08-23T02:10:47,110.04,45.35
2026-08-23T02:10:48,109.74,45.05
2026-08-23T02:10:49,110.15,45.46
2026-08-23T02:10:50,109.73,45.04
2026-08-23T02:10:51,109.55,44.87
2026-08-23T02:10:52,109.48,44.8
2026-08-23T02:10:53,109.62,44.93
2026-08-23T02:10:54,109.63,44.95
2026-08-23T02:10:55,109.62,44.94
2026-08-23T02:10:56,110.03,45.34
2026-08-23T02:10:57,109.56,44.88
2026-08-23T02:10:58,109.72,45.04
2026-08-23T02:10:59,109.55,44.87
2026-08-23T02:11:00,109.74,45.06
2026-08-23T02:11:01,109.82,45.14
2026-08-23T02:11:02,109.95,45.26
2026-08-23T02:11:03,109.8,45.12
2026-08-23T02:11:04,109.34,44.66
2026-08-23T02:11:05,109.62,44.94
2026-08-23T02:11:06,110.12,45.44
2026-08-23T02:11:07,109.65,44.97
2026-08-23T02:11:08,109.94,45.25
2026-08-23T02:11:09,109.58,44.89
2026-08-23T02:11:10,109.82,45.14
2026-08-23T02:11:11,109.58,44.9
2026-08-23T02:11:12,109.3,44.62
2026-08-23T02:11:13,109.6,44.92
2026-08-23T02:11:14,109.84,45.16
2026-08-23T02:11:15,110.06,45.38
2026-08-23T02:11:16,109.64,44.96
2026-08-23T02:11:17,109.26,44.58
2026-08-23T02:11:18,109.77,45.08
2026-08-23T02:11:19,109.52,44.84
2026-08-23T02:11:20,109.44,44.77
2026-08-23T02:11:21,109.92,45.23
2026-08-23T02:11:22,109.9,45.21
2026-08-23T02:11:23,109.54,44.86
2026-08-23T02:11:24,109.53,44.85
2026-08-23T02:11:25,109.87,45.19
2026-08-23T02:11:26,110.91,46.21
2026-08-23T02:11:27,110.65,45.96
2026-08-23T02:11:28,112.15,47.44
2026-08-23T02:11:29,110.16,45.48
2026-08-23T02:11:30,110.56,45.87
2026-08-23T02:11:31,110.35,45.66
2026-08-23T02:11:32,109.92,45.24
2026-08-23T02:11:33,110.37,45.68
2026-08-23T02:11:34,109.99,45.3
2026-08-23T02:11:35,109.35,44.67
2026-08-23T02:11:36,109.82,45.14
2026-08-23T02:11:37,109.73,45.05
2026-08-23T02:11:38,109.62,44.94
2026-08-23T02:11:39,109.86,45.17
2026-08-23T02:11:40,109.87,45.19
2026-08-23T02:11:41,109.44,44.76
2026-08-23T02:11:42,109.66,44.97
2026-08-23T02:11:43,109.39,44.71
2026-08-23T02:11:44,108.9,44.23
2026-08-23T02:11:45,109.62,44.94
2026-08-23T02:11:46,109.57,44.89
2026-08-23T02:11:47,109.64,44.95
2026-08-23T02:11:48,109.4,44.72
2026-08-23T02:11:49,109.88,45.2
2026-08-23T02:11:50,109.67,44.99
2026-08-23T02:11:51,109.45,44.77
2026-08-23T02:11:52,109.57,44.89
2026-08-23T02:11:53,109.55,44.87
2026-08-23T02:11:54,109.47,44.79
2026-08-23T02:11:55,109.97,45.29
2026-08-23T02:11:56,109.55,44.87
2026-08-23T02:11:57,110.26,45.57
2026-08-23T02:11:58,109.67,44.98
2026-08-23T02:11:59,109.21,44.53
2026-08-23T02:12:00,109.61,44.93
2026-08-23T02:12:01,109.94,45.25
2026-08-23T02:12:02,110.11,45.42
2026-08-23T02:12:03,110.08,45.39
2026-08-23T02:12:04,109.68,44.99
2026-08-23T02:12:05,110.17,45.48
2026-08-23T02:12:06,110.4,45.71
2026-08-23T02:12:07,110.11,45.42
2026-08-23T02:12:08,109.88,45.19
2026-08-23T02:12:09,109.49,44.81
2026-08-23T02:12:10,109.73,45.05
2026-08-23T02:12:11,109.51,44.83
2026-08-23T02:12:12,109.69,45.01
2026-08-23T02:12:13,109.82,45.14
2026-08-23T02:12:14,109.69,45.01
2026-08-23T02:12:15,110.39,45.7
2026-08-23T02:12:16,110.34,45.65
2026-08-23T02:12:17,110.14,45.45
2026-08-23T02:12:18,110.25,45.56
2026-08-23T02:12:19,109.85,45.16
2026-08-23T02:12:20,110.12,45.43
2026-08-23T02:12:21,110.05,45.36
2026-08-23T02:12:22,110.58,45.89
2026-08-23T02:12:23,111.34,46.64
2026-08-23T02:12:24,110.79,46.09
2026-08-23T02:12:25,110.73,46.04
2026-08-23T02:12:26,111.08,46.38
2026-08-23T02:12:27,111.1,46.39
2026-08-23T02:12:28,111.26,46.56
2026-08-23T02:12:29,111.26,46.55
2026-08-23T02:12:30,110.45,45.75
2026-08-23T02:12:31,111.3,46.6
2026-08-23T02:12:32,112.03,47.32
2026-08-23T02:12:33,112.77,48.05
2026-08-23T02:12:34,113.14,48.41
2026-08-23T02:12:35,112.04,47.33
2026-08-23T02:12:36,114.03,49.28
2026-08-23T02:12:37,113.28,48.55
2026-08-23T02:12:38,112.71,47.98
2026-08-23T02:12:39,112.26,47.55
2026-08-23T02:12:40,113.31,48.57
2026-08-23T02:12:41,112.39,47.67
2026-08-23T02:12:42,113.14,48.4
2026-08-23T02:12:43,113.69,48.95
2026-08-23T02:12:44,113.85,49.1
2026-08-23T02:12:45,113.43,48.69
2026-08-23T02:12:46,114.56,49.81
2026-08-23T02:12:47,114.29,49.54
2026-08-23T02:12:48,114.22,49.47
2026-08-23T02:12:49,113.49,48.75
2026-08-23T02:12:50,114.72,49.97
2026-08-23T02:12:51,114.32,49.57
2026-08-23T02:12:52,115.28,50.52
2026-08-23T02:12:53,112.81,48.08
2026-08-23T02:12:54,113.09,48.35
2026-08-23T02:12:55,113.09,48.36
2026-08-23T02:12:56,112.79,48.06
2026-08-23T02:12:57,112.67,47.95
2026-08-23T02:12:58,113.33,48.59
2026-08-23T02:12:59,113.34,48.6
2026-08-23T02:13:00,113.33,48.6
2026-08-23T02:13:01,114.09,49.35
2026-08-23T02:13:02,114.18,49.44
2026-08-23T02:13:03,113.86,49.11
2026-08-23T02:13:04,114.42,49.67
2026-08-23T02:13:05,114.27,49.53
2026-08-23T02:13:06,113.41,48.67
2026-08-23T02:13:07,113.42,48.69
2026-08-23T02:13:08,114.0,49.26
2026-08-23T02:13:09,114.68,49.93
2026-08-23T02:13:10,115.57,50.8
2026-08-23T02:13:11,115.0,50.24
2026-08-23T02:13:12,113.51,48.77
2026-08-23T02:13:13,114.28,49.53
2026-08-23T02:13:14,115.03,50.27
2026-08-23T02:13:15,113.73,48.99
2026-08-23T02:13:16,112.93,48.2
2026-08-23T02:13:17,113.04,48.31
2026-08-23T02:13:18,113.15,48.42
2026-08-23T02:13:19,113.04,48.31
2026-08-23T02:13:20,113.12,48.38
2026-08-23T02:13:21,113.14,48.41
2026-08-23T02:13:22,113.67,48.94
2026-08-23T02:13:23,112.6,47.88
2026-08-23T02:13:24,112.32,47.6
2026-08-23T02:13:25,112.16,47.44
2026-08-23T02:13:26,112.5,47.78
2026-08-23T02:13:27,113.38,48.64
2026-08-23T02:13:28,112.22,47.5
2026-08-23T02:13:29,110.93,46.23
2026-08-23T02:13:30,110.96,46.26
2026-08-23T02:13:31,111.85,47.14
2026-08-23T02:13:32,111.39,46.68
2026-08-23T02:13:33,111.71,47.0
2026-08-23T02:13:34,111.47,46.76
2026-08-23T02:13:35,111.4,46.69
2026-08-23T02:13:36,112.2,47.48
2026-08-23T02:13:37,112.35,47.63
2026-08-23T02:13:38,111.45,46.74
2026-08-23T02:13:39,111.11,46.4
2026-08-23T02:13:40,113.23,48.5
2026-08-23T02:13:41,111.25,46.55
2026-08-23T02:13:42,111.06,46.36
2026-08-23T02:13:43,111.13,46.43
2026-08-23T02:13:44,111.76,47.05
2026-08-23T02:13:45,111.73,47.02
2026-08-23T02:13:46,110.86,46.16
2026-08-23T02:13:47,110.6,45.9
2026-08-23T02:13:48,110.15,45.46
2026-08-23T02:13:49,110.44,45.75
2026-08-23T02:13:50,110.91,46.21
2026-08-23T02:13:51,110.72,46.03
2026-08-23T02:13:52,111.22,46.52
2026-08-23T02:13:53,112.07,47.36
2026-08-23T02:13:54,111.43,46.72
2026-08-23T02:13:55,111.46,46.75
2026-08-23T02:13:56,112.08,47.37
2026-08-23T02:13:57,111.51,46.8
2026-08-23T02:13:58,110.56,45.86
2026-08-23T02:13:59,110.14,45.45
2026-08-23T02:14:00,110.11,45.42
2026-08-23T02:14:01,110.52,45.83
2026-08-23T02:14:02,110.73,46.03
2026-08-23T02:14:03,110.44,45.75
2026-08-23T02:14:04,110.58,45.89
2026-08-23T02:14:05,110.29,45.59
2026-08-23T02:14:06,110.56,45.86
2026-08-23T02:14:07,110.96,46.26
2026-08-23T02:14:08,111.28,46.57
2026-08-23T02:14:09,110.63,45.93
2026-08-23T02:14:10,111.01,46.31
2026-08-23T02:14:11,110.96,46.26
2026-08-23T02:14:12,111.07,46.37
2026-08-23T02:14:13,110.97,46.27
2026-08-23T02:14:14,110.52,45.82
2026-08-23T02:14:15,110.1,45.41
2026-08-23T02:14:16,110.07,45.38
2026-08-23T02:14:17,110.11,45.42
2026-08-23T02:14:18,110.29,45.6
2026-08-23T02:14:19,110.49,45.8
2026-08-23T02:14:20,110.86,46.16
2026-08-23T02:14:21,111.02,46.32
2026-08-23T02:14:22,111.03,46.33
2026-08-23T02:14:23,110.29,45.6
2026-08-23T02:14:24,110.71,46.01
2026-08-23T02:14:25,110.98,46.28
2026-08-23T02:14:26,110.62,45.93
2026-08-23T02:14:27,110.61,45.91
2026-08-23T02:14:28,110.14,45.45
2026-08-23T02:14:29,110.04,45.35
2026-08-23T02:14:30,110.42,45.73
2026-08-23T02:14:31,110.39,45.7
2026-08-23T02:14:32,110.62,45.92
2026-08-23T02:14:33,110.45,45.76
2026-08-23T02:14:34,110.2,45.51
2026-08-23T02:14:35,110.5,45.8
2026-08-23T02:14:36,110.5,45.8
2026-08-23T02:14:37,110.25,45.55
2026-08-23T02:14:38,110.25,45.56
2026-08-23T02:14:39,110.11,45.42
2026-08-23T02:14:40,109.68,44.99
2026-08-23T02:14:41,109.39,44.71
2026-08-23T02:14:42,109.48,44.8
2026-08-23T02:14:43,109.9,45.21
2026-08-23T02:14:44,109.79,45.11
2026-08-23T02:14:45,109.34,44.66
2026-08-23T02:14:46,109.7,45.02
2026-08-23T02:14:47,109.2,44.52
2026-08-23T02:14:48,109.44,44.76
2026-08-23T02:14:49,109.39,44.72
2026-08-23T02:14:50,109.31,44.63
2026-08-23T02:14:51,109.25,44.57
2026-08-23T02:14:52,109.45,44.77
2026-08-23T02:14:53,109.97,45.29
2026-08-23T02:14:54,109.78,45.1
2026-08-23T02:14:55,109.64,44.96
2026-08-23T02:14:56,109.44,44.76
2026-08-23T02:14:57,109.56,44.87
2026-08-23T02:14:58,109.13,44.45
2026-08-23T02:14:59,109.45,44.77
2026-08-23T02:15:00,109.45,44.77
2026-08-23T02:15:01,109.48,44.8
2026-08-23T02:15:02,109.6,44.92
2026-08-23T02:15:03,109.04,44.37
2026-08-23T02:15:04,109.13,44.46
2026-08-23T02:15:05,109.54,44.86
2026-08-23T02:15:06,109.46,44.78
2026-08-23T02:15:07,108.83,44.16
2026-08-23T02:15:08,109.06,44.38
2026-08-23T02:15:09,109.44,44.76
2026-08-23T02:15:10,109.18,44.5
2026-08-23T02:15:11,108.94,44.27
2026-08-23T02:15:12,108.95,44.27
2026-08-23T02:15:13,108.82,44.15
2026-08-23T02:15:14,108.99,44.32
2026-08-23T02:15:15,109.46,44.78
2026-08-23T02:15:16,109.48,44.8
2026-08-23T02:15:17,109.2,44.52
2026-08-23T02:15:18,109.37,44.69
2026-08-23T02:15:19,109.33,44.66
2026-08-23T02:15:20,109.5,44.82
2026-08-23T02:15:21,109.37,44.69
2026-08-23T02:15:22,109.04,44.36
2026-08-23T02:15:23,109.26,44.58
2026-08-23T02:15:24,109.19,44.52
2026-08-23T02:15:25,109.19,44.51
2026-08-23T02:15:26,109.56,44.88
2026-08-23T02:15:27,109.99,45.31
2026-08-23T02:15:28,109.91,45.23
2026-08-23T02:15:29,110.28,45.58
2026-08-23T02:15:30,109.92,45.23
2026-08-23T02:15:31,109.33,44.65
2026-08-23T02:15:32,109.91,45.22
2026-08-23T02:15:33,109.13,44.45
2026-08-23T02:15:34,109.47,44.79
2026-08-23T02:15:35,109.49,44.81
2026-08-23T02:15:36,109.88,45.2
2026-08-23T02:15:37,109.15,44.47
2026-08-23T02:15:38,109.16,44.48
2026-08-23T02:15:39,109.54,44.86
2026-08-23T02:15:40,109.44,44.76
2026-08-23T02:15:41,110.05,45.36
2026-08-23T02:15:42,109.77,45.09
2026-08-23T02:15:43,109.41,44.73
2026-08-23T02:15:44,110.14,45.45
2026-08-23T02:15:45,108.99,44.32
2026-08-23T02:15:46,109.33,44.65
2026-08-23T02:15:47,109.22,44.54
2026-08-23T02:15:48,109.7,45.01
2026-08-23T02:15:49,109.71,45.03
2026-08-23T02:15:50,109.37,44.7
2026-08-23T02:15:51,109.48,44.8
2026-08-23T02:15:52,109.48,44.8
2026-08-23T02:15:53,109.55,44.87
2026-08-23T02:15:54,109.6,44.91
2026-08-23T02:15:55,109.76,45.08
2026-08-23T02:15:56,110.12,45.44
2026-08-23T02:15:57,110.5,45.81
2026-08-23T02:15:58,110.27,45.58
2026-08-23T02:15:59,109.94,45.25
2026-08-23T02:16:00,109.54,44.86
2026-08-23T02:16:01,109.93,45.24
2026-08-23T02:16:02,110.59,45.89
2026-08-23T02:16:03,110.14,45.45
2026-08-23T02:16:04,110.06,45.37
2026-08-23T02:16:05,109.69,45.01
2026-08-23T02:16:06,110.19,45.5
2026-08-23T02:16:07,109.96,45.27
2026-08-23T02:16:08,109.77,45.09
2026-08-23T02:16:09,109.63,44.95
2026-08-23T02:16:10,110.01,45.32
2026-08-23T02:16:11,109.84,45.15
2026-08-23T02:16:12,110.3,45.61
2026-08-23T02:16:13,110.83,46.13
2026-08-23T02:16:14,110.32,45.63
2026-08-23T02:16:15,110.48,45.79
2026-08-23T02:16:16,110.73,46.04
2026-08-23T02:16:17,110.76,46.06
2026-08-23T02:16:18,110.56,45.87
2026-08-23T02:16:19,109.88,45.19
2026-08-23T02:16:20,109.96,45.28
2026-08-23T02:16:21,109.39,44.71
2026-08-23T02:16:22,109.46,44.78
2026-08-23T02:16:23,109.35,44.68
2026-08-23T02:16:24,109.2,44.53
2026-08-23T02:16:25,109.53,44.85
2026-08-23T02:16:26,109.34,44.66
2026-08-23T02:16:27,109.79,45.11
2026-08-23T02:16:28,109.87,45.18
2026-08-23T02:16:29,109.43,44.75
2026-08-23T02:16:30,109.83,45.15
2026-08-23T02:16:31,109.18,44.51
2026-08-23T02:16:32,109.82,45.14
2026-08-23T02:16:33,109.57,44.89
2026-08-23T02:16:34,109.75,45.06
2026-08-23T02:16:35,109.47,44.79
2026-08-23T02:16:36,109.5,44.82
2026-08-23T02:16:37,109.47,44.79
2026-08-23T02:16:38,109.61,44.93
2026-08-23T02:16:39,109.8,45.12
2026-08-23T02:16:40,110.1,45.41
2026-08-23T02:16:41,109.65,44.97
2026-08-23T02:16:42,109.85,45.16
2026-08-23T02:16:43,109.64,44.95
2026-08-23T02:16:44,109.75,45.06
2026-08-23T02:16:45,110.02,45.34
2026-08-23T02:16:46,109.86,45.17
2026-08-23T02:16:47,109.85,45.16
2026-08-23T02:16:48,109.84,45.15
2026-08-23T02:16:49,109.93,45.25
2026-08-23T02:16:50,109.62,44.94
2026-08-23T02:16:51,109.54,44.86
2026-08-23T02:16:52,110.03,45.35
2026-08-23T02:16:53,109.88,45.19
2026-08-23T02:16:54,109.77,45.08
2026-08-23T02:16:55,109.71,45.03
2026-08-23T02:16:56,109.15,44.47
2026-08-23T02:16:57,109.8,45.12
2026-08-23T02:16:58,109.81,45.13
2026-08-23T02:16:59,109.72,45.04
2026-08-23T02:17:00,109.61,44.92
2026-08-23T02:17:01,109.95,45.26
2026-08-23T02:17:02,109.92,45.23
2026-08-23T02:17:03,110.03,45.34
2026-08-23T02:17:04,109.72,45.04
2026-08-23T02:17:05,111.45,46.75
2026-08-23T02:17:06,112.48,47.76
2026-08-23T02:17:07,110.81,46.12
2026-08-23T02:17:08,109.83,45.15
2026-08-23T02:17:09,110.47,45.78
2026-08-23T02:17:10,110.09,45.4
2026-08-23T02:17:11,109.76,45.07
2026-08-23T02:17:12,110.04,45.35
2026-08-23T02:17:13,109.89,45.2
2026-08-23T02:17:14,110.61,45.92
2026-08-23T02:17:15,112.3,47.58
2026-08-23T02:17:16,113.17,48.43
2026-08-23T02:17:17,112.98,48.25
2026-08-23T02:17:18,112.49,47.76
2026-08-23T02:17:19,111.25,46.55
2026-08-23T02:17:20,110.66,45.96
2026-08-23T02:17:21,110.99,46.29
2026-08-23T02:17:22,110.46,45.77
2026-08-23T02:17:23,110.8,46.1
2026-08-23T02:17:24,111.06,46.36
2026-08-23T02:17:25,111.04,46.34
2026-08-23T02:17:26,111.67,46.96
2026-08-23T02:17:27,111.52,46.82
2026-08-23T02:17:28,110.88,46.18
2026-08-23T02:17:29,110.54,45.85
2026-08-23T02:17:30,110.23,45.54
2026-08-23T02:17:31,109.55,44.87
2026-08-23T02:17:32,109.59,44.91
2026-08-23T02:17:33,109.78,45.09
2026-08-23T02:17:34,109.27,44.59
2026-08-23T02:17:35,109.46,44.78
2026-08-23T02:17:36,110.05,45.36
2026-08-23T02:17:37,110.24,45.55
2026-08-23T02:17:38,111.62,46.91
2026-08-23T02:17:39,112.43,47.7
2026-08-23T02:17:40,111.19,46.49
2026-08-23T02:17:41,110.61,45.91
2026-08-23T02:17:42,111.65,46.94
2026-08-23T02:17:43,112.55,47.83
2026-08-23T02:17:44,110.58,45.88
2026-08-23T02:17:45,109.84,45.16
2026-08-23T02:17:46,110.07,45.38
2026-08-23T02:17:47,109.62,44.94
2026-08-23T02:17:48,109.72,45.03
2026-08-23T02:17:49,109.95,45.27
2026-08-23T02:17:50,109.56,44.88
2026-08-23T02:17:51,109.45,44.77
2026-08-23T02:17:52,109.9,45.22
2026-08-23T02:17:53,110.19,45.5
2026-08-23T02:17:54,111.06,46.36
2026-08-23T02:17:55,111.61,46.9
2026-08-23T02:17:56,110.31,45.62
2026-08-23T02:17:57,109.63,44.95
2026-08-23T02:17:58,109.85,45.16
2026-08-23T02:17:59,109.9,45.21
2026-08-23T02:18:00,110.04,45.36
2026-08-23T02:18:01,110.53,45.84
2026-08-23T02:18:02,110.06,45.37
2026-08-23T02:18:03,110.08,45.39
2026-08-23T02:18:04,110.01,45.32
2026-08-23T02:18:05,110.32,45.63
2026-08-23T02:18:06,110.18,45.49
2026-08-23T02:18:07,109.91,45.22
2026-08-23T02:18:08,109.67,44.99
2026-08-23T02:18:09,110.07,45.38
2026-08-23T02:18:10,109.89,45.2
2026-08-23T02:18:11,109.42,44.74
2026-08-23T02:18:12,109.58,44.9
2026-08-23T02:18:13,109.61,44.93
2026-08-23T02:18:14,110.46,45.77
2026-08-23T02:18:15,112.44,47.71
2026-08-23T02:18:16,110.85,46.16
2026-08-23T02:18:17,109.87,45.19
2026-08-23T02:18:18,109.81,45.13
2026-08-23T02:18:19,109.99,45.3
2026-08-23T02:18:20,109.88,45.19
2026-08-23T02:18:21,110.06,45.37
2026-08-23T02:18:22,109.73,45.05
2026-08-23T02:18:23,109.68,45.0
2026-08-23T02:18:24,109.89,45.21
2026-08-23T02:18:25,110.1,45.41
2026-08-23T02:18:26,109.92,45.23
2026-08-23T02:18:27,110.14,45.45
2026-08-23T02:18:28,110.08,45.4
2026-08-23T02:18:29,110.04,45.36
2026-08-23T02:18:30,109.58,44.9
2026-08-23T02:18:31,109.51,44.83
2026-08-23T02:18:32,109.65,44.97
2026-08-23T02:18:33,110.15,45.46
2026-08-23T02:18:34,109.77,45.09
2026-08-23T02:18:35,109.99,45.3
2026-08-23T02:18:36,109.3,44.62
2026-08-23T02:18:37,109.6,44.92
2026-08-23T02:18:38,110.19,45.5
2026-08-23T02:18:39,110.23,45.54
2026-08-23T02:18:40,109.25,44.57
2026-08-23T02:18:41,109.16,44.48
2026-08-23T02:18:42,109.39,44.72
2026-08-23T02:18:43,109.62,44.93
2026-08-23T02:18:44,109.52,44.84
2026-08-23T02:18:45,109.77,45.09
2026-08-23T02:18:46,109.55,44.87
2026-08-23T02:18:47,109.31,44.63
2026-08-23T02:18:48,109.51,44.83
2026-08-23T02:18:49,110.1,45.41
2026-08-23T02:18:50,109.82,45.13
2026-08-23T02:18:51,109.92,45.24
2026-08-23T02:18:52,109.91,45.22
2026-08-23T02:18:53,109.52,44.84
2026-08-23T02:18:54,109.96,45.27
2026-08-23T02:18:55,109.69,45.01
2026-08-23T02:18:56,109.59,44.91
2026-08-23T02:18:57,110.14,45.45
2026-08-23T02:18:58,110.1,45.41
2026-08-23T02:18:59,110.0,45.31
2026-08-23T02:19:00,109.74,45.05
2026-08-23T02:19:01,109.65,44.97
2026-08-23T02:19:02,110.8,46.1
2026-08-23T02:19:03,110.99,46.29
2026-08-23T02:19:04,110.98,46.28
2026-08-23T02:19:05,111.19,46.49
2026-08-23T02:19:06,110.03,45.35
2026-08-23T02:19:07,109.84,45.16
2026-08-23T02:19:08,109.59,44.91
2026-08-23T02:19:09,109.91,45.22
2026-08-23T02:19:10,109.8,45.11
2026-08-23T02:19:11,110.49,45.79
2026-08-23T02:19:12,111.17,46.47
2026-08-23T02:19:13,111.49,46.78
2026-08-23T02:19:14,111.77,47.06
2026-08-23T02:19:15,112.36,47.64
2026-08-23T02:19:16,111.81,47.1
2026-08-23T02:19:17,112.31,47.59
2026-08-23T02:19:18,112.54,47.82
2026-08-23T02:19:19,114.28,49.54
2026-08-23T02:19:20,114.42,49.67
2026-08-23T02:19:21,113.42,48.68
2026-08-23T02:19:22,113.13,48.4
2026-08-23T02:19:23,112.44,47.72
2026-08-23T02:19:24,112.99,48.26
2026-08-23T02:19:25,117.34,52.55
2026-08-23T02:19:26,115.31,50.55
2026-08-23T02:19:27,114.16,49.41
2026-08-23T02:19:28,115.13,50.37
2026-08-23T02:19:29,114.1,49.36
2026-08-23T02:19:30,113.27,48.53
2026-08-23T02:19:31,112.37,47.65
2026-08-23T02:19:32,111.79,47.08
2026-08-23T02:19:33,112.62,47.89
2026-08-23T02:19:34,112.06,47.34
2026-08-23T02:19:35,111.68,46.97
2026-08-23T02:19:36,111.61,46.9
2026-08-23T02:19:37,111.24,46.54
2026-08-23T02:19:38,110.77,46.07
2026-08-23T02:19:39,111.38,46.68
2026-08-23T02:19:40,112.12,47.4
2026-08-23T02:19:41,112.87,48.14
2026-08-23T02:19:42,112.03,47.32
2026-08-23T02:19:43,111.85,47.14
2026-08-23T02:19:44,111.01,46.31
2026-08-23T02:19:45,110.56,45.86
2026-08-23T02:19:46,110.79,46.1
2026-08-23T02:19:47,110.78,46.08
2026-08-23T02:19:48,110.38,45.69
2026-08-23T02:19:49,110.34,45.65
2026-08-23T02:19:50,110.93,46.23
2026-08-23T02:19:51,110.97,46.27
2026-08-23T02:19:52,110.75,46.05
2026-08-23T02:19:53,111.24,46.54
2026-08-23T02:19:54,111.34,46.63
2026-08-23T02:19:55,110.83,46.13
2026-08-23T02:19:56,110.58,45.88
2026-08-23T02:19:57,110.61,45.91
2026-08-23T02:19:58,110.55,45.86
2026-08-23T02:19:59,110.13,45.44
2026-08-23T02:20:00,109.84,45.16
2026-08-23T02:20:01,109.99,45.3
2026-08-23T02:20:02,109.81,45.13
2026-08-23T02:20:03,109.95,45.26
2026-08-23T02:20:04,109.79,45.11
2026-08-23T02:20:05,109.44,44.76
2026-08-23T02:20:06,109.46,44.78
2026-08-23T02:20:07,109.18,44.51
2026-08-23T02:20:08,110.22,45.53
2026-08-23T02:20:09,110.0,45.31
2026-08-23T02:20:10,110.22,45.53
2026-08-23T02:20:11,109.91,45.22
2026-08-23T02:20:12,110.23,45.54
2026-08-23T02:20:13,110.34,45.65
2026-08-23T02:20:14,110.03,45.34
2026-08-23T02:20:15,110.98,46.28
2026-08-23T02:20:16,111.0,46.3
2026-08-23T02:20:17,111.18,46.48
2026-08-23T02:20:18,110.81,46.11
2026-08-23T02:20:19,110.87,46.17
2026-08-23T02:20:20,110.23,45.54
2026-08-23T02:20:21,110.03,45.34
2026-08-23T02:20:22,109.42,44.74
2026-08-23T02:20:23,109.39,44.71
2026-08-23T02:20:24,110.1,45.41
2026-08-23T02:20:25,109.98,45.3
2026-08-23T02:20:26,110.76,46.07
2026-08-23T02:20:27,110.61,45.92
2026-08-23T02:20:28,110.49,45.8
2026-08-23T02:20:29,110.17,45.48
2026-08-23T02:20:30,110.71,46.01
2026-08-23T02:20:31,111.71,47.0
2026-08-23T02:20:32,110.5,45.81
2026-08-23T02:20:33,110.34,45.65
2026-08-23T02:20:34,110.22,45.53
2026-08-23T02:20:35,110.57,45.87
2026-08-23T02:20:36,110.92,46.22
2026-08-23T02:20:37,110.13,45.44
2026-08-23T02:20:38,110.19,45.5
2026-08-23T02:20:39,110.04,45.35
2026-08-23T02:20:40,110.13,45.44
2026-08-23T02:20:41,110.28,45.59
2026-08-23T02:20:42,109.95,45.27
2026-08-23T02:20:43,110.25,45.56
2026-08-23T02:20:44,110.41,45.72
2026-08-23T02:20:45,110.76,46.06
2026-08-23T02:20:46,110.69,46.0
2026-08-23T02:20:47,112.92,48.19
2026-08-23T02:20:48,116.21,51.44
2026-08-23T02:20:49,116.83,52.05
2026-08-23T02:20:50,116.03,51.26
2026-08-23T02:20:51,114.48,49.73
2026-08-23T02:20:52,112.28,47.56
2026-08-23T02:20:53,112.54,47.82
2026-08-23T02:20:54,112.25,47.53
2026-08-23T02:20:55,111.5,46.8
2026-08-23T02:20:56,110.67,45.98
2026-08-23T02:20:57,111.56,46.85
2026-08-23T02:20:58,110.39,45.7
2026-08-23T02:20:59,109.82,45.14
2026-08-23T02:21:00,110.59,45.89
2026-08-23T02:21:01,110.96,46.26
2026-08-23T02:21:02,110.51,45.82
2026-08-23T02:21:03,110.05,45.36
2026-08-23T02:21:04,109.26,44.59
2026-08-23T02:21:05,109.16,44.49
2026-08-23T02:21:06,109.65,44.97
2026-08-23T02:21:07,109.73,45.04
2026-08-23T02:21:08,109.49,44.81
2026-08-23T02:21:09,109.71,45.02
2026-08-23T02:21:10,109.85,45.17
2026-08-23T02:21:11,109.69,45.01
2026-08-23T02:21:12,109.75,45.07
2026-08-23T02:21:13,109.96,45.28
2026-08-23T02:21:14,109.49,44.81
2026-08-23T02:21:15,109.05,44.38
2026-08-23T02:21:16,108.71,44.04
2026-08-23T02:21:17,109.13,44.46
2026-08-23T02:21:18,109.25,44.58
2026-08-23T02:21:19,109.02,44.35
2026-08-23T02:21:20,108.89,44.22
2026-08-23T02:21:21,109.47,44.79
2026-08-23T02:21:22,109.6,44.92
2026-08-23T02:21:23,109.72,45.03
2026-08-23T02:21:24,109.74,45.05
2026-08-23T02:21:25,110.04,45.35
2026-08-23T02:21:26,109.77,45.08
2026-08-23T02:21:27,110.58,45.89
2026-08-23T02:21:28,110.1,45.41
2026-08-23T02:21:29,110.02,45.33
2026-08-23T02:21:30,109.8,45.12
2026-08-23T02:21:31,109.8,45.11
2026-08-23T02:21:32,110.13,45.44
2026-08-23T02:21:33,110.08,45.4
2026-08-23T02:21:34,109.89,45.2
2026-08-23T02:21:35,110.03,45.35
2026-08-23T02:21:36,110.03,45.35
2026-08-23T02:21:37,109.97,45.28
2026-08-23T02:21:38,109.75,45.06
2026-08-23T02:21:39,109.94,45.25
2026-08-23T02:21:40,109.86,45.18
2026-08-23T02:21:41,109.79,45.11
2026-08-23T02:21:42,110.0,45.31
2026-08-23T02:21:43,110.74,46.04
2026-08-23T02:21:44,110.54,45.85
2026-08-23T02:21:45,110.5,45.8
2026-08-23T02:21:46,110.14,45.45
2026-08-23T02:21:47,110.19,45.5
2026-08-23T02:21:48,110.62,45.93
2026-08-23T02:21:49,111.04,46.33
2026-08-23T02:21:50,110.25,45.56
2026-08-23T02:21:51,109.85,45.16
2026-08-23T02:21:52,109.5,44.82
2026-08-23T02:21:53,109.66,44.98
2026-08-23T02:21:54,110.29,45.6
2026-08-23T02:21:55,110.0,45.31
2026-08-23T02:21:56,109.92,45.24
2026-08-23T02:21:57,109.67,44.99
2026-08-23T02:21:58,110.24,45.55
2026-08-23T02:21:59,109.9,45.21
2026-08-23T02:22:00,109.26,44.59
2026-08-23T02:22:01,109.49,44.81
2026-08-23T02:22:02,109.31,44.63
2026-08-23T02:22:03,109.66,44.98
2026-08-23T02:22:04,109.64,44.96
2026-08-23T02:22:05,109.74,45.06
2026-08-23T02:22:06,109.82,45.14
2026-08-23T02:22:07,109.92,45.23
2026-08-23T02:22:08,109.43,44.76
2026-08-23T02:22:09,109.58,44.9
2026-08-23T02:22:10,109.77,45.09
2026-08-23T02:22:11,109.94,45.26
2026-08-23T02:22:12,109.66,44.98
2026-08-23T02:22:13,109.88,45.19
2026-08-23T02:22:14,109.79,45.1
2026-08-23T02:22:15,109.5,44.82
2026-08-23T02:22:16,109.85,45.17
2026-08-23T02:22:17,109.66,44.98
2026-08-23T02:22:18,109.51,44.83
2026-08-23T02:22:19,109.74,45.05
2026-08-23T02:22:20,109.8,45.11
2026-08-23T02:22:21,109.54,44.86
2026-08-23T02:22:22,109.6,44.92
2026-08-23T02:22:23,109.56,44.88
2026-08-23T02:22:24,109.97,45.29
2026-08-23T02:22:25,110.03,45.34
2026-08-23T02:22:26,109.32,44.64
2026-08-23T02:22:27,109.51,44.83
2026-08-23T02:22:28,109.58,44.9
2026-08-23T02:22:29,109.31,44.63
2026-08-23T02:22:30,109.45,44.77
2026-08-23T02:22:31,109.31,44.64
2026-08-23T02:22:32,109.39,44.71
2026-08-23T02:22:33,109.55,44.87
2026-08-23T02:22:34,109.79,45.1
2026-08-23T02:22:35,110.48,45.79
2026-08-23T02:22:36,112.98,48.25
2026-08-23T02:22:37,113.01,48.28
2026-08-23T02:22:38,112.79,48.06
2026-08-23T02:22:39,114.27,49.53
2026-08-23T02:22:40,116.68,51.9
2026-08-23T02:22:41,121.05,56.2
2026-08-23T02:22:42,123.89,59.0
2026-08-23T02:22:43,125.75,60.84
2026-08-23T02:22:44,125.61,60.7
2026-08-23T02:22:45,126.12,61.2
2026-08-23T02:22:46,125.31,60.4
2026-08-23T02:22:47,122.99,58.12
2026-08-23T02:22:48,120.16,55.33
2026-08-23T02:22:49,118.85,54.04
2026-08-23T02:22:50,116.47,51.69
2026-08-23T02:22:51,115.05,50.29
2026-08-23T02:22:52,114.62,49.86
2026-08-23T02:22:53,114.75,49.99
2026-08-23T02:22:54,114.08,49.34
2026-08-23T02:22:55,112.74,48.01
2026-08-23T02:22:56,111.7,46.98
2026-08-23T02:22:57,111.83,47.12
2026-08-23T02:22:58,111.63,46.92
2026-08-23T02:22:59,110.9,46.2
2026-08-23T02:23:00,110.87,46.17
2026-08-23T02:23:01,111.41,46.7
2026-08-23T02:23:02,111.64,46.93
2026-08-23T02:23:03,111.22,46.52
2026-08-23T02:23:04,110.88,46.18
2026-08-23T02:23:05,110.91,46.21
2026-08-23T02:23:06,111.09,46.38
2026-08-23T02:23:07,111.13,46.42
2026-08-23T02:23:08,111.37,46.67
2026-08-23T02:23:09,110.6,45.91
2026-08-23T02:23:10,110.23,45.54
2026-08-23T02:23:11,110.48,45.78
2026-08-23T02:23:12,110.54,45.85
2026-08-23T02:23:13,111.56,46.85
2026-08-23T02:23:14,111.2,46.49
2026-08-23T02:23:15,110.73,46.03
2026-08-23T02:23:16,110.96,46.26
2026-08-23T02:23:17,110.36,45.67
2026-08-23T02:23:18,110.05,45.37
2026-08-23T02:23:19,109.83,45.15
2026-08-23T02:23:20,110.24,45.55
2026-08-23T02:23:21,110.58,45.88
2026-08-23T02:23:22,109.57,44.89
2026-08-23T02:23:23,109.5,44.82
2026-08-23T02:23:24,109.96,45.27
2026-08-23T02:23:25,109.84,45.16
2026-08-23T02:23:26,109.79,45.1
2026-08-23T02:23:27,110.08,45.39
2026-08-23T02:23:28,110.22,45.53
2026-08-23T02:23:29,109.96,45.27
2026-08-23T02:23:30,109.69,45.01
2026-08-23T02:23:31,109.84,45.15
2026-08-23T02:23:32,110.08,45.4
2026-08-23T02:23:33,110.37,45.68
2026-08-23T02:23:34,110.68,45.98
2026-08-23T02:23:35,110.17,45.48
2026-08-23T02:23:36,109.89,45.21
2026-08-23T02:23:37,110.3,45.61
2026-08-23T02:23:38,109.94,45.25
2026-08-23T02:23:39,109.8,45.12
2026-08-23T02:23:40,109.56,44.88
2026-08-23T02:23:41,109.55,44.87
2026-08-23T02:23:42,109.61,44.93
2026-08-23T02:23:43,109.79,45.1
2026-08-23T02:23:44,109.67,44.99
2026-08-23T02:23:45,109.6,44.91
2026-08-23T02:23:46,109.46,44.78
2026-08-23T02:23:47,109.6,44.92
2026-08-23T02:23:48,109.2,44.53
2026-08-23T02:23:49,109.47,44.79
2026-08-23T02:23:50,109.38,44.7
2026-08-23T02:23:51,109.1,44.43
2026-08-23T02:23:52,109.22,44.54
2026-08-23T02:23:53,109.41,44.73
2026-08-23T02:23:54,109.54,44.86
2026-08-23T02:23:55,109.34,44.66
2026-08-23T02:23:56,109.18,44.51
2026-08-23T02:23:57,109.2,44.52
2026-08-23T02:23:58,108.95,44.28
2026-08-23T02:23:59,109.55,44.87
2026-08-23T02:24:00,109.57,44.88
2026-08-23T02:24:01,109.48,44.8
2026-08-23T02:24:02,109.38,44.71
2026-08-23T02:24:03,109.75,45.07
2026-08-23T02:24:04,109.31,44.63
2026-08-23T02:24:05,109.24,44.56
2026-08-23T02:24:06,109.56,44.88
2026-08-23T02:24:07,109.22,44.55
2026-08-23T02:24:08,108.91,44.24
2026-08-23T02:24:09,109.19,44.51
2026-08-23T02:24:10,108.97,44.3
2026-08-23T02:24:11,109.09,44.41
2026-08-23T02:24:12,109.19,44.51
2026-08-23T02:24:13,108.79,44.12
2026-08-23T02:24:14,109.31,44.63
2026-08-23T02:24:15,108.8,44.13
2026-08-23T02:24:16,109.14,44.47
2026-08-23T02:24:17,108.49,43.82
2026-08-23T02:24:18,109.04,44.37
2026-08-23T02:24:19,109.03,44.36
2026-08-23T02:24:20,109.19,44.52
2026-08-23T02:24:21,109.85,45.16
2026-08-23T02:24:22,109.36,44.68
2026-08-23T02:24:23,109.48,44.81
2026-08-23T02:24:24,109.83,45.15
2026-08-23T02:24:25,109.31,44.64
2026-08-23T02:24:26,109.39,44.71
2026-08-23T02:24:27,109.51,44.83
2026-08-23T02:24:28,109.74,45.05
2026-08-23T02:24:29,109.54,44.86
2026-08-23T02:24:30,109.63,44.95
2026-08-23T02:24:31,109.42,44.74
2026-08-23T02:24:32,109.44,44.76
2026-08-23T02:24:33,109.3,44.62
2026-08-23T02:24:34,109.38,44.7
2026-08-23T02:24:35,109.47,44.79
2026-08-23T02:24:36,109.76,45.07
2026-08-23T02:24:37,109.47,44.79
2026-08-23T02:24:38,109.44,44.77
2026-08-23T02:24:39,109.38,44.7
2026-08-23T02:24:40,110.28,45.59
2026-08-23T02:24:41,110.4,45.71
2026-08-23T02:24:42,110.59,45.9
2026-08-23T02:24:43,111.11,46.41
2026-08-23T02:24:44,110.83,46.13
2026-08-23T02:24:45,111.5,46.79
2026-08-23T02:24:46,111.21,46.51
2026-08-23T02:24:47,111.75,47.04
2026-08-23T02:24:48,111.62,46.91
2026-08-23T02:24:49,111.41,46.7
2026-08-23T02:24:50,110.56,45.86
2026-08-23T02:24:51,110.15,45.46
2026-08-23T02:24:52,109.96,45.27
2026-08-23T02:24:53,110.2,45.51
2026-08-23T02:24:54,110.25,45.56
2026-08-23T02:24:55,109.31,44.63
2026-08-23T02:24:56,110.17,45.48
2026-08-23T02:24:57,110.33,45.64
2026-08-23T02:24:58,110.35,45.65
2026-08-23T02:24:59,110.09,45.4
2026-08-23T02:25:00,109.53,44.85
2026-08-23T02:25:01,109.96,45.28
2026-08-23T02:25:02,109.48,44.8
2026-08-23T02:25:03,109.68,45.0
2026-08-23T02:25:04,109.19,44.51
2026-08-23T02:25:05,109.66,44.98
2026-08-23T02:25:06,110.12,45.43
2026-08-23T02:25:07,110.04,45.35
2026-08-23T02:25:08,110.04,45.35
2026-08-23T02:25:09,110.65,45.95
2026-08-23T02:25:10,110.15,45.46
2026-08-23T02:25:11,109.78,45.09
2026-08-23T02:25:12,109.82,45.14
2026-08-23T02:25:13,109.77,45.09
2026-08-23T02:25:14,109.88,45.2
2026-08-23T02:25:15,109.73,45.05
2026-08-23T02:25:16,109.93,45.25
2026-08-23T02:25:17,109.76,45.07
2026-08-23T02:25:18,109.58,44.9
2026-08-23T02:25:19,109.23,44.55
2026-08-23T02:25:20,109.91,45.22
2026-08-23T02:25:21,109.56,44.88
2026-08-23T02:25:22,109.9,45.21
2026-08-23T02:25:23,110.08,45.39
2026-08-23T02:25:24,109.98,45.29
2026-08-23T02:25:25,110.18,45.49
2026-08-23T02:25:26,109.99,45.3
2026-08-23T02:25:27,110.28,45.59
2026-08-23T02:25:28,110.17,45.48
2026-08-23T02:25:29,109.97,45.29
2026-08-23T02:25:30,109.96,45.28
2026-08-23T02:25:31,110.11,45.43
2026-08-23T02:25:32,109.69,45.01
2026-08-23T02:25:33,109.52,44.84
2026-08-23T02:25:34,109.28,44.6
2026-08-23T02:25:35,109.63,44.95
2026-08-23T02:25:36,109.67,44.99
2026-08-23T02:25:37,109.35,44.67
2026-08-23T02:25:38,110.11,45.42
2026-08-23T02:25:39,109.38,44.7
2026-08-23T02:25:40,109.47,44.8
2026-08-23T02:25:41,109.78,45.1
2026-08-23T02:25:42,109.09,44.42
2026-08-23T02:25:43,109.04,44.36
2026-08-23T02:25:44,109.51,44.83
2026-08-23T02:25:45,109.6,44.92
2026-08-23T02:25:46,109.59,44.91
2026-08-23T02:25:47,109.4,44.72
2026-08-23T02:25:48,109.48,44.8
2026-08-23T02:25:49,110.04,45.35
2026-08-23T02:25:50,109.88,45.2
2026-08-23T02:25:51,110.51,45.82
2026-08-23T02:25:52,109.88,45.19
2026-08-23T02:25:53,109.77,45.08
2026-08-23T02:25:54,109.22,44.55
2026-08-23T02:25:55,109.83,45.15
2026-08-23T02:25:56,110.35,45.66
2026-08-23T02:25:57,110.57,45.88
2026-08-23T02:25:58,110.34,45.64
2026-08-23T02:25:59,110.33,45.64
2026-08-23T02:26:00,110.8,46.1
2026-08-23T02:26:01,110.76,46.06
2026-08-23T02:26:02,111.32,46.61
2026-08-23T02:26:03,113.88,49.14
2026-08-23T02:26:04,114.64,49.89
2026-08-23T02:26:05,119.42,54.6
2026-08-23T02:26:06,123.55,58.67
2026-08-23T02:26:07,125.33,60.43
2026-08-23T02:26:08,126.9,61.97
2026-08-23T02:26:09,127.3,62.37
2026-08-23T02:26:10,126.44,61.52
2026-08-23T02:26:11,124.51,59.62
2026-08-23T02:26:12,121.32,56.47
2026-08-23T02:26:13,119.27,54.46
2026-08-23T02:26:14,117.06,52.27
2026-08-23T02:26:15,116.18,51.41
2026-08-23T02:26:16,116.3,51.52
2026-08-23T02:26:17,115.25,50.49
2026-08-23T02:26:18,114.89,50.13
2026-08-23T02:26:19,113.71,48.97
2026-08-23T02:26:20,113.14,48.41
2026-08-23T02:26:21,112.23,47.51
2026-08-23T02:26:22,112.07,47.35
2026-08-23T02:26:23,111.53,46.82
2026-08-23T02:26:24,111.37,46.66
2026-08-23T02:26:25,111.44,46.73
2026-08-23T02:26:26,110.89,46.19
2026-08-23T02:26:27,111.61,46.91
2026-08-23T02:26:28,111.65,46.94
2026-08-23T02:26:29,111.01,46.31
2026-08-23T02:26:30,110.54,45.85
2026-08-23T02:26:31,110.14,45.45
2026-08-23T02:26:32,110.35,45.66
2026-08-23T02:26:33,110.65,45.96
2026-08-23T02:26:34,110.34,45.65
2026-08-23T02:26:35,110.44,45.75
2026-08-23T02:26:36,111.01,46.3
2026-08-23T02:26:37,110.68,45.98
2026-08-23T02:26:38,110.44,45.74
2026-08-23T02:26:39,110.29,45.6
2026-08-23T02:26:40,110.01,45.33
2026-08-23T02:26:41,109.65,44.96
2026-08-23T02:26:42,109.79,45.11
2026-08-23T02:26:43,109.94,45.25
2026-08-23T02:26:44,110.2,45.51
2026-08-23T02:26:45,110.22,45.53
2026-08-23T02:26:46,110.23,45.54
2026-08-23T02:26:47,110.05,45.36
2026-08-23T02:26:48,109.92,45.24
2026-08-23T02:26:49,110.2,45.51
2026-08-23T02:26:50,110.86,46.16
2026-08-23T02:26:51,110.58,45.89
2026-08-23T02:26:52,110.23,45.54
2026-08-23T02:26:53,110.26,45.57
2026-08-23T02:26:54,110.17,45.48
2026-08-23T02:26:55,110.47,45.77
2026-08-23T02:26:56,110.1,45.41
2026-08-23T02:26:57,110.24,45.55
2026-08-23T02:26:58,110.31,45.62
2026-08-23T02:26:59,110.48,45.79
2026-08-23T02:27:00,110.24,45.55
2026-08-23T02:27:01,110.23,45.54
2026-08-23T02:27:02,110.33,45.64
2026-08-23T02:27:03,110.0,45.31
2026-08-23T02:27:04,110.1,45.41
2026-08-23T02:27:05,109.61,44.93
2026-08-23T02:27:06,109.11,44.43
2026-08-23T02:27:07,109.74,45.06
2026-08-23T02:27:08,109.29,44.61
2026-08-23T02:27:09,110.07,45.39
2026-08-23T02:27:10,109.65,44.96
2026-08-23T02:27:11,109.9,45.21
2026-08-23T02:27:12,109.99,45.3
2026-08-23T02:27:13,110.04,45.35
2026-08-23T02:27:14,110.34,45.64
2026-08-23T02:27:15,109.88,45.19
2026-08-23T02:27:16,110.15,45.46
2026-08-23T02:27:17,109.92,45.24
2026-08-23T02:27:18,109.95,45.26
2026-08-23T02:27:19,109.59,44.9
2026-08-23T02:27:20,109.37,44.69
2026-08-23T02:27:21,109.58,44.9
2026-08-23T02:27:22,109.47,44.79
2026-08-23T02:27:23,110.02,45.33
2026-08-23T02:27:24,109.89,45.2
2026-08-23T02:27:25,110.07,45.39
2026-08-23T02:27:26,109.99,45.31
2026-08-23T02:27:27,110.19,45.5
2026-08-23T02:27:28,110.55,45.85
2026-08-23T02:27:29,110.38,45.68
2026-08-23T02:27:30,109.95,45.26
2026-08-23T02:27:31,109.54,44.86
2026-08-23T02:27:32,109.36,44.69
2026-08-23T02:27:33,109.57,44.89
2026-08-23T02:27:34,109.24,44.56
2026-08-23T02:27:35,109.79,45.11
2026-08-23T02:27:36,109.65,44.97
2026-08-23T02:27:37,110.24,45.55
2026-08-23T02:27:38,109.77,45.09
2026-08-23T02:27:39,109.61,44.93
2026-08-23T02:27:40,109.61,44.93
2026-08-23T02:27:41,109.15,44.47
2026-08-23T02:27:42,109.28,44.6
2026-08-23T02:27:43,109.61,44.93
2026-08-23T02:27:44,109.4,44.72
2026-08-23T02:27:45,109.38,44.7
2026-08-23T02:27:46,109.54,44.86
2026-08-23T02:27:47,109.99,45.3
2026-08-23T02:27:48,109.56,44.88
2026-08-23T02:27:49,109.54,44.86
2026-08-23T02:27:50,109.37,44.69
2026-08-23T02:27:51,109.85,45.17
2026-08-23T02:27:52,109.65,44.97
2026-08-23T02:27:53,109.98,45.3
2026-08-23T02:27:54,109.85,45.16
2026-08-23T02:27:55,110.36,45.66
2026-08-23T02:27:56,110.47,45.77
2026-08-23T02:27:57,110.85,46.15
2026-08-23T02:27:58,110.32,45.63
2026-08-23T02:27:59,109.73,45.04
2026-08-23T02:28:00,109.68,45.0
2026-08-23T02:28:01,110.31,45.62
2026-08-23T02:28:02,109.79,45.1
2026-08-23T02:28:03,110.59,45.89
2026-08-23T02:28:04,110.15,45.46
2026-08-23T02:28:05,110.0,45.32
2026-08-23T02:28:06,109.79,45.11
2026-08-23T02:28:07,109.91,45.23
2026-08-23T02:28:08,109.78,45.09
2026-08-23T02:28:09,110.31,45.62
2026-08-23T02:28:10,110.05,45.36
2026-08-23T02:28:11,110.07,45.38
2026-08-23T02:28:12,109.81,45.12
2026-08-23T02:28:13,108.97,44.3
2026-08-23T02:28:14,109.35,44.68
2026-08-23T02:28:15,109.56,44.88
2026-08-23T02:28:16,109.51,44.83
2026-08-23T02:28:17,109.28,44.6
2026-08-23T02:28:18,109.56,44.88
2026-08-23T02:28:19,109.62,44.94
2026-08-23T02:28:20,109.61,44.93
2026-08-23T02:28:21,109.34,44.67
2026-08-23T02:28:22,109.26,44.58
2026-08-23T02:28:23,109.27,44.59
2026-08-23T02:28:24,109.16,44.48
2026-08-23T02:28:25,109.24,44.57
2026-08-23T02:28:26,109.24,44.56
2026-08-23T02:28:27,109.05,44.38
2026-08-23T02:28:28,108.7,44.03
2026-08-23T02:28:29,109.11,44.44
2026-08-23T02:28:30,109.07,44.39
2026-08-23T02:28:31,108.96,44.29
2026-08-23T02:28:32,109.16,44.49
2026-08-23T02:28:33,109.44,44.76
2026-08-23T02:28:34,109.12,44.45
2026-08-23T02:28:35,109.24,44.57
2026-08-23T02:28:36,109.54,44.86
2026-08-23T02:28:37,109.67,44.99
2026-08-23T02:28:38,109.62,44.94
2026-08-23T02:28:39,109.59,44.91
2026-08-23T02:28:40,109.56,44.88
2026-08-23T02:28:41,109.76,45.08
2026-08-23T02:28:42,109.96,45.28
2026-08-23T02:28:43,109.09,44.42
2026-08-23T02:28:44,109.68,45.0
2026-08-23T02:28:45,109.35,44.67
2026-08-23T02:28:46,109.48,44.8
2026-08-23T02:28:47,108.84,44.17
2026-08-23T02:28:48,109.25,44.57
2026-08-23T02:28:49,109.08,44.41
2026-08-23T02:28:50,108.95,44.28
2026-08-23T02:28:51,109.47,44.79
2026-08-23T02:28:52,109.4,44.72
2026-08-23T02:28:53,109.28,44.61
2026-08-23T02:28:54,109.21,44.54
2026-08-23T02:28:55,109.58,44.9
2026-08-23T02:28:56,109.47,44.79
2026-08-23T02:28:57,109.47,44.79
2026-08-23T02:28:58,109.72,45.04
2026-08-23T02:28:59,110.07,45.38
2026-08-23T02:29:00,109.55,44.87
2026-08-23T02:29:01,109.94,45.25
2026-08-23T02:29:02,109.56,44.88
2026-08-23T02:29:03,109.38,44.7
2026-08-23T02:29:04,109.42,44.74
2026-08-23T02:29:05,109.75,45.06
2026-08-23T02:29:06,109.86,45.17
2026-08-23T02:29:07,109.25,44.58
2026-08-23T02:29:08,109.25,44.58
2026-08-23T02:29:09,109.57,44.89
2026-08-23T02:29:10,109.25,44.58
2026-08-23T02:29:11,109.4,44.72
2026-08-23T02:29:12,109.27,44.59
2026-08-23T02:29:13,109.24,44.56
2026-08-23T02:29:14,109.19,44.52
2026-08-23T02:29:15,109.42,44.74
2026-08-23T02:29:16,109.21,44.53
2026-08-23T02:29:17,109.17,44.49
2026-08-23T02:29:18,109.32,44.64
2026-08-23T02:29:19,109.18,44.5
2026-08-23T02:29:20,109.9,45.22
2026-08-23T02:29:21,109.74,45.06
2026-08-23T02:29:22,109.42,44.74
2026-08-23T02:29:23,109.18,44.5
2026-08-23T02:29:24,109.39,44.71
2026-08-23T02:29:25,109.23,44.55
2026-08-23T02:29:26,109.23,44.56
2026-08-23T02:29:27,109.41,44.73
2026-08-23T02:29:28,109.85,45.17
2026-08-23T02:29:29,109.93,45.25
2026-08-23T02:29:30,110.32,45.63
2026-08-23T02:29:31,110.47,45.78
2026-08-23T02:29:32,110.08,45.4
2026-08-23T02:29:33,110.07,45.38
2026-08-23T02:29:34,110.22,45.53
2026-08-23T02:29:35,110.08,45.39
2026-08-23T02:29:36,110.35,45.66
2026-08-23T02:29:37,110.23,45.54
2026-08-23T02:29:38,109.87,45.19
2026-08-23T02:29:39,110.63,45.93
2026-08-23T02:29:40,110.52,45.82
2026-08-23T02:29:41,110.65,45.95
2026-08-23T02:29:42,111.34,46.63
2026-08-23T02:29:43,110.44,45.75
2026-08-23T02:29:44,111.41,46.71
2026-08-23T02:29:45,111.11,46.41
2026-08-23T02:29:46,110.8,46.1
2026-08-23T02:29:47,111.14,46.44
2026-08-23T02:29:48,110.98,46.28
2026-08-23T02:29:49,111.13,46.43
2026-08-23T02:29:50,111.25,46.55
2026-08-23T02:29:51,110.91,46.21
2026-08-23T02:29:52,110.45,45.76
2026-08-23T02:29:53,110.43,45.74
2026-08-23T02:29:54,111.09,46.39
2026-08-23T02:29:55,111.93,47.21
2026-08-23T02:29:56,112.08,47.36
2026-08-23T02:29:57,112.01,47.29
2026-08-23T02:29:58,111.31,46.6
2026-08-23T02:29:59,111.15,46.45
2026-08-23T02:30:00,111.46,46.75
2026-08-23T02:30:01,111.15,46.44
2026-08-23T02:30:02,111.01,46.31
2026-08-23T02:30:03,110.66,45.97
2026-08-23T02:30:04,111.03,46.32
2026-08-23T02:30:05,111.14,46.44
2026-08-23T02:30:06,111.43,46.72
2026-08-23T02:30:07,110.82,46.12
2026-08-23T02:30:08,110.07,45.39
2026-08-23T02:30:09,110.43,45.74
2026-08-23T02:30:10,110.02,45.33
2026-08-23T02:30:11,110.58,45.88
2026-08-23T02:30:12,111.85,47.13
2026-08-23T02:30:13,112.28,47.56
2026-08-23T02:30:14,113.07,48.34
2026-08-23T02:30:15,113.67,48.93
2026-08-23T02:30:16,111.57,46.86
2026-08-23T02:30:17,111.54,46.83
2026-08-23T02:30:18,111.3,46.59
2026-08-23T02:30:19,111.7,46.99
2026-08-23T02:30:20,113.51,48.78
2026-08-23T02:30:21,112.5,47.77
2026-08-23T02:30:22,113.68,48.95
2026-08-23T02:30:23,111.59,46.88
2026-08-23T02:30:24,111.22,46.52
2026-08-23T02:30:25,111.24,46.53
2026-08-23T02:30:26,111.89,47.17
2026-08-23T02:30:27,112.31,47.59
2026-08-23T02:30:28,111.68,46.97
2026-08-23T02:30:29,112.48,47.76
2026-08-23T02:30:30,112.2,47.48
2026-08-23T02:30:31,110.98,46.28
2026-08-23T02:30:32,110.59,45.9
2026-08-23T02:30:33,110.74,46.04
2026-08-23T02:30:34,110.64,45.95
2026-08-23T02:30:35,110.34,45.65
2026-08-23T02:30:36,111.2,46.5
2026-08-23T02:30:37,111.39,46.69
2026-08-23T02:30:38,111.11,46.41
2026-08-23T02:30:39,111.03,46.33
2026-08-23T02:30:40,111.23,46.52
2026-08-23T02:30:41,110.26,45.57
2026-08-23T02:30:42,109.91,45.23
2026-08-23T02:30:43,110.27,45.58
2026-08-23T02:30:44,109.92,45.23
2026-08-23T02:30:45,109.78,45.1
2026-08-23T02:30:46,109.44,44.76
2026-08-23T02:30:47,109.98,45.3
2026-08-23T02:30:48,110.16,45.47
2026-08-23T02:30:49,110.21,45.52
2026-08-23T02:30:50,110.0,45.31
2026-08-23T02:30:51,110.25,45.56
2026-08-23T02:30:52,110.65,45.96
2026-08-23T02:30:53,110.13,45.44
2026-08-23T02:30:54,110.64,45.94
2026-08-23T02:30:55,109.96,45.28
2026-08-23T02:30:56,109.8,45.12
2026-08-23T02:30:57,109.98,45.29
2026-08-23T02:30:58,110.18,45.49
2026-08-23T02:30:59,109.88,45.2
2026-08-23T02:31:00,110.27,45.58
2026-08-23T02:31:01,109.68,45.0
2026-08-23T02:31:02,110.09,45.4
2026-08-23T02:31:03,109.89,45.2
2026-08-23T02:31:04,110.18,45.49
2026-08-23T02:31:05,109.72,45.04
2026-08-23T02:31:06,109.85,45.16
2026-08-23T02:31:07,109.34,44.66
2026-08-23T02:31:08,109.91,45.23
2026-08-23T02:31:09,109.92,45.23
2026-08-23T02:31:10,110.16,45.47
2026-08-23T02:31:11,110.83,46.13
2026-08-23T02:31:12,110.89,46.19
2026-08-23T02:31:13,111.29,46.58
2026-08-23T02:31:14,110.13,45.44
2026-08-23T02:31:15,110.24,45.55
2026-08-23T02:31:16,110.03,45.34
2026-08-23T02:31:17,110.37,45.68
2026-08-23T02:31:18,110.51,45.81
2026-08-23T02:31:19,109.84,45.16
2026-08-23T02:31:20,110.96,46.26
2026-08-23T02:31:21,111.18,46.48
2026-08-23T02:31:22,110.94,46.24
2026-08-23T02:31:23,111.32,46.62
2026-08-23T02:31:24,110.61,45.92
2026-08-23T02:31:25,110.19,45.5
2026-08-23T02:31:26,109.71,45.03
2026-08-23T02:31:27,110.49,45.79
2026-08-23T02:31:28,110.19,45.5
2026-08-23T02:31:29,110.21,45.52
2026-08-23T02:31:30,110.27,45.58
2026-08-23T02:31:31,110.15,45.46
2026-08-23T02:31:32,110.9,46.2
2026-08-23T02:31:33,110.16,45.47
2026-08-23T02:31:34,110.14,45.45
2026-08-23T02:31:35,109.91,45.23
2026-08-23T02:31:36,110.1,45.41
2026-08-23T02:31:37,109.92,45.24
2026-08-23T02:31:38,109.85,45.17
2026-08-23T02:31:39,109.68,45.0
2026-08-23T02:31:40,109.59,44.91
2026-08-23T02:31:41,110.05,45.36
2026-08-23T02:31:42,110.68,45.99
2026-08-23T02:31:43,110.93,46.23
2026-08-23T02:31:44,110.81,46.11
2026-08-23T02:31:45,110.48,45.79
2026-08-23T02:31:46,110.42,45.72
2026-08-23T02:31:47,110.45,45.76
2026-08-23T02:31:48,111.2,46.49
2026-08-23T02:31:49,111.79,47.08
2026-08-23T02:31:50,112.89,48.16
2026-08-23T02:31:51,111.4,46.7
2026-08-23T02:31:52,112.03,47.32
2026-08-23T02:31:53,111.4,46.69
2026-08-23T02:31:54,111.17,46.46
2026-08-23T02:31:55,111.25,46.55
2026-08-23T02:31:56,111.01,46.31
2026-08-23T02:31:57,111.07,46.37
2026-08-23T02:31:58,110.71,46.02
2026-08-23T02:31:59,110.43,45.74
2026-08-23T02:32:00,111.26,46.55
2026-08-23T02:32:01,111.64,46.93
2026-08-23T02:32:02,111.85,47.13
2026-08-23T02:32:03,112.35,47.63
2026-08-23T02:32:04,113.0,48.27
2026-08-23T02:32:05,113.78,49.04
2026-08-23T02:32:06,112.79,48.06
2026-08-23T02:32:07,114.43,49.68
2026-08-23T02:32:08,115.68,50.91
2026-08-23T02:32:09,112.94,48.21
2026-08-23T02:32:10,114.93,50.18
2026-08-23T02:32:11,113.53,48.79
2026-08-23T02:32:12,111.5,46.79
2026-08-23T02:32:13,111.48,46.77
2026-08-23T02:32:14,110.85,46.15
2026-08-23T02:32:15,110.93,46.23
2026-08-23T02:32:16,111.96,47.24
2026-08-23T02:32:17,111.67,46.96
2026-08-23T02:32:18,112.23,47.51
2026-08-23T02:32:19,113.33,48.59
2026-08-23T02:32:20,113.34,48.61
2026-08-23T02:32:21,112.5,47.78
2026-08-23T02:32:22,112.28,47.56
2026-08-23T02:32:23,111.52,46.81
2026-08-23T02:32:24,111.28,46.58
2026-08-23T02:32:25,111.0,46.3
2026-08-23T02:32:26,109.89,45.21
2026-08-23T02:32:27,109.95,45.26
2026-08-23T02:32:28,110.4,45.71
2026-08-23T02:32:29,110.41,45.72
2026-08-23T02:32:30,110.35,45.65
2026-08-23T02:32:31,109.75,45.07
2026-08-23T02:32:32,109.92,45.23
2026-08-23T02:32:33,110.04,45.35
2026-08-23T02:32:34,110.21,45.52
2026-08-23T02:32:35,110.41,45.72
2026-08-23T02:32:36,110.63,45.93
2026-08-23T02:32:37,110.22,45.53
2026-08-23T02:32:38,110.43,45.74
2026-08-23T02:32:39,111.03,46.33
2026-08-23T02:32:40,112.66,47.93
2026-08-23T02:32:41,113.39,48.66
2026-08-23T02:32:42,112.48,47.76
2026-08-23T02:32:43,111.66,46.95
2026-08-23T02:32:44,111.53,46.82
2026-08-23T02:32:45,111.98,47.26
2026-08-23T02:32:46,112.59,47.87
2026-08-23T02:32:47,113.01,48.28
2026-08-23T02:32:48,113.27,48.54
2026-08-23T02:32:49,112.9,48.17
2026-08-23T02:32:50,110.74,46.04
2026-08-23T02:32:51,110.75,46.06
2026-08-23T02:32:52,111.38,46.67
2026-08-23T02:32:53,112.42,47.7
2026-08-23T02:32:54,112.95,48.22
2026-08-23T02:32:55,111.96,47.25
2026-08-23T02:32:56,110.73,46.03
2026-08-23T02:32:57,110.96,46.26
2026-08-23T02:32:58,111.07,46.36
2026-08-23T02:32:59,111.14,46.44
2026-08-23T02:33:00,112.01,47.3
2026-08-23T02:33:01,112.21,47.5
2026-08-23T02:33:02,110.88,46.18
2026-08-23T02:33:03,110.96,46.26
2026-08-23T02:33:04,110.68,45.99
2026-08-23T02:33:05,110.25,45.56
2026-08-23T02:33:06,110.55,45.86
2026-08-23T02:33:07,111.15,46.44
2026-08-23T02:33:08,111.49,46.78
2026-08-23T02:33:09,111.46,46.76
2026-08-23T02:33:10,111.36,46.65
2026-08-23T02:33:11,111.08,46.38
2026-08-23T02:33:12,111.06,46.36
2026-08-23T02:33:13,110.29,45.6
2026-08-23T02:33:14,110.72,46.03
2026-08-23T02:33:15,110.92,46.22
2026-08-23T02:33:16,110.38,45.69
2026-08-23T02:33:17,110.4,45.7
2026-08-23T02:33:18,110.14,45.45
2026-08-23T02:33:19,110.92,46.22
2026-08-23T02:33:20,110.37,45.68
2026-08-23T02:33:21,110.78,46.08
2026-08-23T02:33:22,110.66,45.96
2026-08-23T02:33:23,110.46,45.77
2026-08-23T02:33:24,110.21,45.52
2026-08-23T02:33:25,110.25,45.56
2026-08-23T02:33:26,110.9,46.2
2026-08-23T02:33:27,111.24,46.53
2026-08-23T02:33:28,111.71,47.0
2026-08-23T02:33:29,111.48,46.77
2026-08-23T02:33:30,110.86,46.16
2026-08-23T02:33:31,110.95,46.25
2026-08-23T02:33:32,110.32,45.63
2026-08-23T02:33:33,109.64,44.96
2026-08-23T02:33:34,109.65,44.97
2026-08-23T02:33:35,109.77,45.09
2026-08-23T02:33:36,110.19,45.5
2026-08-23T02:33:37,110.8,46.1
2026-08-23T02:33:38,110.57,45.87
2026-08-23T02:33:39,110.37,45.68
2026-08-23T02:33:40,110.61,45.91
2026-08-23T02:33:41,111.48,46.77
2026-08-23T02:33:42,112.78,48.05
2026-08-23T02:33:43,111.75,47.04
2026-08-23T02:33:44,112.41,47.69
2026-08-23T02:33:45,111.01,46.31
2026-08-23T02:33:46,110.81,46.11
2026-08-23T02:33:47,111.01,46.31
2026-08-23T02:33:48,110.87,46.17
2026-08-23T02:33:49,110.6,45.91
2026-08-23T02:33:50,110.64,45.94
2026-08-23T02:33:51,110.66,45.96
2026-08-23T02:33:52,111.05,46.35
2026-08-23T02:33:53,110.35,45.66
2026-08-23T02:33:54,110.81,46.11
2026-08-23T02:33:55,110.42,45.72
2026-08-23T02:33:56,110.36,45.67
2026-08-23T02:33:57,109.98,45.29
2026-08-23T02:33:58,110.34,45.65
2026-08-23T02:33:59,110.19,45.5
2026-08-23T02:34:00,109.98,45.3
2026-08-23T02:34:01,109.66,44.98
2026-08-23T02:34:02,109.6,44.92
2026-08-23T02:34:03,109.14,44.47
2026-08-23T02:34:04,109.83,45.15
2026-08-23T02:34:05,109.73,45.05
2026-08-23T02:34:06,110.03,45.34
2026-08-23T02:34:07,109.84,45.16
2026-08-23T02:34:08,110.49,45.8
2026-08-23T02:34:09,109.95,45.26
2026-08-23T02:34:10,110.54,45.85
2026-08-23T02:34:11,110.27,45.58
2026-08-23T02:34:12,110.21,45.52
2026-08-23T02:34:13,109.9,45.21
2026-08-23T02:34:14,110.25,45.56
2026-08-23T02:34:15,109.89,45.21
2026-08-23T02:34:16,109.91,45.23
2026-08-23T02:34:17,110.0,45.32
2026-08-23T02:34:18,109.84,45.16
2026-08-23T02:34:19,110.08,45.39
2026-08-23T02:34:20,110.22,45.53
2026-08-23T02:34:21,110.59,45.89
2026-08-23T02:34:22,110.49,45.8
2026-08-23T02:34:23,110.22,45.53
2026-08-23T02:34:24,109.82,45.14
2026-08-23T02:34:25,109.78,45.1
2026-08-23T02:34:26,109.98,45.3
2026-08-23T02:34:27,111.32,46.61
2026-08-23T02:34:28,110.93,46.23
2026-08-23T02:34:29,110.44,45.75
2026-08-23T02:34:30,110.64,45.95
2026-08-23T02:34:31,110.25,45.56
2026-08-23T02:34:32,109.89,45.21
2026-08-23T02:34:33,109.35,44.67
2026-08-23T02:34:34,109.51,44.83
2026-08-23T02:34:35,109.2,44.53
2026-08-23T02:34:36,109.6,44.92
2026-08-23T02:34:37,109.69,45.01
2026-08-23T02:34:38,109.38,44.7
2026-08-23T02:34:39,109.14,44.46
2026-08-23T02:34:40,109.26,44.59
2026-08-23T02:34:41,109.25,44.57
2026-08-23T02:34:42,109.13,44.45
2026-08-23T02:34:43,108.81,44.14
2026-08-23T02:34:44,109.21,44.53
2026-08-23T02:34:45,108.56,43.89
2026-08-23T02:34:46,108.59,43.92
2026-08-23T02:34:47,108.79,44.12
2026-08-23T02:34:48,108.77,44.1
2026-08-23T02:34:49,108.81,44.14
2026-08-23T02:34:50,108.88,44.21
2026-08-23T02:34:51,109.25,44.57
2026-08-23T02:34:52,109.06,44.39
2026-08-23T02:34:53,109.14,44.46
2026-08-23T02:34:54,109.08,44.41
2026-08-23T02:34:55,108.9,44.23
2026-08-23T02:34:56,108.94,44.27
2026-08-23T02:34:57,108.92,44.25
2026-08-23T02:34:58,109.09,44.42
2026-08-23T02:34:59,108.82,44.15
2026-08-23T02:35:00,108.86,44.19
2026-08-23T02:35:01,108.69,44.02
2026-08-23T02:35:02,108.43,43.76
2026-08-23T02:35:03,108.9,44.23
2026-08-23T02:35:04,108.73,44.07
2026-08-23T02:35:05,109.15,44.47
2026-08-23T02:35:06,108.92,44.25
2026-08-23T02:35:07,108.39,43.72
2026-08-23T02:35:08,108.76,44.09
2026-08-23T02:35:09,108.33,43.67
2026-08-23T02:35:10,108.59,43.93
2026-08-23T02:35:11,108.68,44.01
2026-08-23T02:35:12,108.88,44.21
2026-08-23T02:35:13,108.88,44.21
2026-08-23T02:35:14,108.75,44.08
2026-08-23T02:35:15,108.89,44.22
2026-08-23T02:35:16,109.13,44.46
2026-08-23T02:35:17,109.3,44.62
2026-08-23T02:35:18,109.03,44.35
2026-08-23T02:35:19,108.89,44.22
2026-08-23T02:35:20,109.25,44.58
2026-08-23T02:35:21,109.38,44.7
2026-08-23T02:35:22,109.52,44.84
2026-08-23T02:35:23,108.83,44.16
2026-08-23T02:35:24,109.2,44.53
2026-08-23T02:35:25,109.33,44.65
2026-08-23T02:35:26,108.94,44.27
2026-08-23T02:35:27,109.04,44.37
2026-08-23T02:35:28,109.0,44.32
2026-08-23T02:35:29,108.78,44.11
2026-08-23T02:35:30,108.7,44.03
2026-08-23T02:35:31,109.09,44.42
2026-08-23T02:35:32,109.22,44.55
2026-08-23T02:35:33,109.2,44.53
2026-08-23T02:35:34,109.73,45.04
2026-08-23T02:35:35,109.01,44.34
2026-08-23T02:35:36,108.68,44.01
2026-08-23T02:35:37,108.87,44.2
2026-08-23T02:35:38,109.36,44.69
2026-08-23T02:35:39,108.74,44.07
2026-08-23T02:35:40,108.78,44.11
2026-08-23T02:35:41,108.97,44.3
2026-08-23T02:35:42,108.63,43.97
2026-08-23T02:35:43,108.58,43.91
2026-08-23T02:35:44,108.74,44.07
2026-08-23T02:35:45,108.58,43.91
2026-08-23T02:35:46,108.77,44.1
2026-08-23T02:35:47,108.7,44.03
2026-08-23T02:35:48,108.52,43.85
2026-08-23T02:35:49,108.83,44.16
2026-08-23T02:35:50,108.76,44.09
2026-08-23T02:35:51,109.13,44.46
2026-08-23T02:35:52,109.11,44.44
2026-08-23T02:35:53,108.68,44.01
2026-08-23T02:35:54,109.38,44.7
2026-08-23T02:35:55,109.43,44.75
2026-08-23T02:35:56,109.31,44.63
2026-08-23T02:35:57,109.65,44.96
2026-08-23T02:35:58,108.9,44.23
2026-08-23T02:35:59,109.01,44.34
2026-08-23T02:36:00,109.01,44.34
2026-08-23T02:36:01,109.03,44.36
2026-08-23T02:36:02,109.27,44.6
2026-08-23T02:36:03,109.94,45.25
2026-08-23T02:36:04,109.58,44.9
2026-08-23T02:36:05,109.83,45.14
2026-08-23T02:36:06,109.79,45.11
2026-08-23T02:36:07,109.59,44.91
2026-08-23T02:36:08,109.7,45.02
2026-08-23T02:36:09,109.73,45.04
2026-08-23T02:36:10,109.86,45.17
2026-08-23T02:36:11,109.72,45.04
2026-08-23T02:36:12,109.78,45.1
2026-08-23T02:36:13,109.68,45.0
2026-08-23T02:36:14,109.96,45.27
2026-08-23T02:36:15,109.97,45.28
2026-08-23T02:36:16,110.23,45.54
2026-08-23T02:36:17,111.19,46.49
2026-08-23T02:36:18,111.7,46.99
2026-08-23T02:36:19,112.38,47.66
2026-08-23T02:36:20,113.63,48.89
2026-08-23T02:36:21,114.42,49.67
2026-08-23T02:36:22,116.54,51.76
2026-08-23T02:36:23,119.1,54.28
2026-08-23T02:36:24,122.13,57.28
2026-08-23T02:36:25,123.33,58.45
2026-08-23T02:36:26,126.3,61.38
2026-08-23T02:36:27,126.35,61.43
2026-08-23T02:36:28,127.06,62.13
2026-08-23T02:36:29,119.36,54.54
2026-08-23T02:36:30,116.0,51.23
2026-08-23T02:36:31,112.76,48.04
2026-08-23T02:36:32,111.5,46.79
2026-08-23T02:36:33,110.78,46.08
2026-08-23T02:36:34,110.16,45.47
2026-08-23T02:36:35,110.47,45.78
2026-08-23T02:36:36,110.08,45.39
2026-08-23T02:36:37,110.31,45.62
2026-08-23T02:36:38,110.48,45.79
2026-08-23T02:36:39,110.53,45.83
2026-08-23T02:36:40,110.11,45.42
2026-08-23T02:36:41,109.78,45.1
2026-08-23T02:36:42,109.16,44.49
2026-08-23T02:36:43,109.35,44.68
2026-08-23T02:36:44,109.23,44.56
2026-08-23T02:36:45,109.22,44.54
2026-08-23T02:36:46,109.08,44.4
2026-08-23T02:36:47,108.98,44.3
2026-08-23T02:36:48,109.73,45.05
2026-08-23T02:36:49,109.43,44.75
2026-08-23T02:36:50,109.15,44.48
2026-08-23T02:36:51,109.33,44.65
2026-08-23T02:36:52,109.37,44.69
2026-08-23T02:36:53,109.21,44.54
2026-08-23T02:36:54,109.06,44.38
2026-08-23T02:36:55,109.23,44.56
2026-08-23T02:36:56,109.18,44.51
2026-08-23T02:36:57,108.81,44.14
2026-08-23T02:36:58,109.5,44.83
2026-08-23T02:36:59,109.49,44.81
2026-08-23T02:37:00,109.59,44.91
2026-08-23T02:37:01,109.49,44.81
2026-08-23T02:37:02,109.56,44.88
2026-08-23T02:37:03,109.36,44.68
2026-08-23T02:37:04,109.04,44.37
2026-08-23T02:37:05,109.36,44.69
2026-08-23T02:37:06,109.52,44.84
2026-08-23T02:37:07,109.43,44.75
2026-08-23T02:37:08,109.77,45.09
2026-08-23T02:37:09,109.58,44.9
2026-08-23T02:37:10,109.74,45.06
2026-08-23T02:37:11,109.31,44.64
2026-08-23T02:37:12,109.62,44.94
2026-08-23T02:37:13,109.54,44.86
2026-08-23T02:37:14,109.97,45.28
2026-08-23T02:37:15,109.75,45.07
2026-08-23T02:37:16,110.25,45.56
2026-08-23T02:37:17,109.82,45.13
2026-08-23T02:37:18,110.0,45.31
2026-08-23T02:37:19,109.78,45.1
2026-08-23T02:37:20,109.91,45.22
2026-08-23T02:37:21,109.82,45.13
2026-08-23T02:37:22,109.81,45.12
2026-08-23T02:37:23,110.32,45.63
2026-08-23T02:37:24,110.27,45.58
2026-08-23T02:37:25,110.64,45.94
2026-08-23T02:37:26,111.74,47.02
2026-08-23T02:37:27,112.32,47.6
2026-08-23T02:37:28,112.6,47.88
2026-08-23T02:37:29,114.53,49.78
2026-08-23T02:37:30,116.06,51.29
2026-08-23T02:37:31,118.01,53.21
2026-08-23T02:37:32,119.64,54.82
2026-08-23T02:37:33,122.85,57.98
2026-08-23T02:37:34,123.42,58.54
2026-08-23T02:37:35,127.48,62.55
2026-08-23T02:37:36,119.73,54.9
2026-08-23T02:37:37,116.42,51.64
2026-08-23T02:37:38,113.58,48.84
2026-08-23T02:37:39,112.17,47.45
2026-08-23T02:37:40,110.75,46.05
2026-08-23T02:37:41,110.14,45.45
2026-08-23T02:37:42,110.37,45.68
2026-08-23T02:37:43,110.49,45.8
2026-08-23T02:37:44,109.7,45.02
2026-08-23T02:37:45,109.09,44.41
2026-08-23T02:37:46,108.95,44.28
2026-08-23T02:37:47,109.0,44.32
2026-08-23T02:37:48,108.83,44.16
2026-08-23T02:37:49,108.77,44.1
2026-08-23T02:37:50,108.81,44.14
2026-08-23T02:37:51,109.23,44.56
2026-08-23T02:37:52,108.78,44.11
2026-08-23T02:37:53,108.59,43.92
2026-08-23T02:37:54,108.09,43.43
2026-08-23T02:37:55,108.65,43.99
2026-08-23T02:37:56,108.72,44.05
2026-08-23T02:37:57,108.95,44.28
2026-08-23T02:37:58,109.1,44.43
2026-08-23T02:37:59,109.12,44.45
2026-08-23T02:38:00,108.78,44.12
2026-08-23T02:38:01,109.09,44.41
2026-08-23T02:38:02,108.65,43.98
2026-08-23T02:38:03,108.97,44.29
2026-08-23T02:38:04,109.04,44.37
2026-08-23T02:38:05,109.14,44.47
2026-08-23T02:38:06,108.98,44.3
2026-08-23T02:38:07,108.84,44.17
2026-08-23T02:38:08,109.19,44.52
2026-08-23T02:38:09,108.77,44.1
2026-08-23T02:38:10,108.71,44.04
2026-08-23T02:38:11,108.57,43.9
2026-08-23T02:38:12,108.87,44.2
2026-08-23T02:38:13,109.4,44.72
2026-08-23T02:38:14,109.11,44.44
2026-08-23T02:38:15,109.18,44.51
2026-08-23T02:38:16,108.67,44.0
2026-08-23T02:38:17,108.92,44.25
2026-08-23T02:38:18,109.04,44.36
2026-08-23T02:38:19,108.95,44.27
2026-08-23T02:38:20,108.89,44.22
2026-08-23T02:38:21,108.73,44.06
2026-08-23T02:38:22,108.91,44.23
2026-08-23T02:38:23,109.13,44.45
2026-08-23T02:38:24,109.3,44.63
2026-08-23T02:38:25,108.85,44.18
2026-08-23T02:38:26,108.66,43.99
2026-08-23T02:38:27,108.82,44.15
2026-08-23T02:38:28,108.72,44.05
2026-08-23T02:38:29,109.05,44.38
2026-08-23T02:38:30,109.1,44.43
2026-08-23T02:38:31,108.94,44.27
2026-08-23T02:38:32,108.73,44.06
2026-08-23T02:38:33,109.02,44.35
2026-08-23T02:38:34,108.83,44.16
2026-08-23T02:38:35,108.82,44.15
2026-08-23T02:38:36,108.92,44.25
2026-08-23T02:38:37,108.69,44.02
2026-08-23T02:38:38,108.78,44.11
2026-08-23T02:38:39,108.26,43.6
2026-08-23T02:38:40,108.49,43.83
2026-08-23T02:38:41,108.65,43.98
2026-08-23T02:38:42,108.34,43.68
2026-08-23T02:38:43,108.56,43.9
2026-08-23T02:38:44,109.02,44.34
2026-08-23T02:38:45,109.24,44.56
2026-08-23T02:38:46,108.74,44.07
2026-08-23T02:38:47,109.39,44.72
2026-08-23T02:38:48,109.47,44.8
2026-08-23T02:38:49,108.98,44.31
2026-08-23T02:38:50,109.39,44.71
2026-08-23T02:38:51,109.34,44.67
2026-08-23T02:38:52,109.46,44.78
2026-08-23T02:38:53,109.91,45.23
2026-08-23T02:38:54,109.63,44.94
2026-08-23T02:38:55,109.05,44.38
2026-08-23T02:38:56,109.06,44.39
2026-08-23T02:38:57,109.43,44.76
2026-08-23T02:38:58,108.95,44.27
2026-08-23T02:38:59,109.17,44.49
2026-08-23T02:39:00,109.07,44.39
2026-08-23T02:39:01,109.43,44.76
2026-08-23T02:39:02,109.72,45.04
2026-08-23T02:39:03,109.75,45.06
2026-08-23T02:39:04,109.73,45.04
2026-08-23T02:39:05,109.77,45.09
2026-08-23T02:39:06,109.51,44.83
2026-08-23T02:39:07,109.13,44.45
2026-08-23T02:39:08,109.55,44.87
2026-08-23T02:39:09,109.43,44.75
2026-08-23T02:39:10,109.58,44.9
2026-08-23T02:39:11,109.63,44.94
2026-08-23T02:39:12,110.2,45.51
2026-08-23T02:39:13,110.61,45.92
2026-08-23T02:39:14,110.22,45.53
2026-08-23T02:39:15,110.43,45.73
2026-08-23T02:39:16,110.95,46.25
2026-08-23T02:39:17,111.03,46.33
2026-08-23T02:39:18,111.22,46.51
2026-08-23T02:39:19,110.99,46.29
2026-08-23T02:39:20,110.66,45.96
2026-08-23T02:39:21,110.38,45.69
2026-08-23T02:39:22,110.2,45.51
2026-08-23T02:39:23,109.97,45.28
2026-08-23T02:39:24,110.82,46.12
2026-08-23T02:39:25,110.42,45.72
2026-08-23T02:39:26,110.03,45.34
2026-08-23T02:39:27,110.18,45.49
2026-08-23T02:39:28,110.56,45.86
2026-08-23T02:39:29,109.95,45.26
2026-08-23T02:39:30,109.8,45.11
2026-08-23T02:39:31,109.77,45.09
2026-08-23T02:39:32,110.38,45.69
2026-08-23T02:39:33,110.18,45.49
2026-08-23T02:39:34,110.23,45.54
2026-08-23T02:39:35,110.67,45.97
2026-08-23T02:39:36,111.21,46.51
2026-08-23T02:39:37,110.53,45.84
2026-08-23T02:39:38,110.35,45.65
2026-08-23T02:39:39,110.25,45.56
2026-08-23T02:39:40,109.8,45.12
2026-08-23T02:39:41,110.46,45.76
2026-08-23T02:39:42,110.51,45.82
2026-08-23T02:39:43,110.33,45.64
2026-08-23T02:39:44,110.41,45.72
2026-08-23T02:39:45,110.15,45.46
2026-08-23T02:39:46,110.63,45.94
2026-08-23T02:39:47,110.97,46.27
2026-08-23T02:39:48,110.82,46.12
2026-08-23T02:39:49,110.49,45.8
2026-08-23T02:39:50,110.64,45.95
2026-08-23T02:39:51,110.36,45.67
2026-08-23T02:39:52,110.02,45.33
2026-08-23T02:39:53,109.79,45.11
2026-08-23T02:39:54,110.08,45.39
2026-08-23T02:39:55,110.74,46.04
2026-08-23T02:39:56,111.05,46.35
2026-08-23T02:39:57,111.07,46.36
2026-08-23T02:39:58,110.26,45.56
2026-08-23T02:39:59,109.93,45.25
2026-08-23T02:40:00,110.18,45.49
2026-08-23T02:40:01,110.07,45.38
2026-08-23T02:40:02,110.58,45.88
2026-08-23T02:40:03,111.07,46.37
2026-08-23T02:40:04,111.67,46.96
2026-08-23T02:40:05,111.79,47.08
2026-08-23T02:40:06,112.88,48.15
2026-08-23T02:40:07,113.41,48.67
2026-08-23T02:40:08,114.0,49.26
2026-08-23T02:40:09,115.18,50.42
2026-08-23T02:40:10,116.41,51.64
2026-08-23T02:40:11,118.3,53.5
2026-08-23T02:40:12,120.99,56.14
2026-08-23T02:40:13,124.39,59.5
2026-08-23T02:40:14,124.56,59.66
2026-08-23T02:40:15,127.8,62.86
2026-08-23T02:40:16,119.58,54.76
2026-08-23T02:40:17,116.89,52.1
2026-08-23T02:40:18,113.62,48.88
2026-08-23T02:40:19,111.59,46.88
2026-08-23T02:40:20,110.87,46.17
2026-08-23T02:40:21,111.56,46.85
2026-08-23T02:40:22,111.77,47.05
2026-08-23T02:40:23,110.69,45.99
2026-08-23T02:40:24,110.26,45.57
2026-08-23T02:40:25,109.98,45.29
2026-08-23T02:40:26,110.11,45.42
2026-08-23T02:40:27,109.93,45.25
2026-08-23T02:40:28,111.85,47.14
2026-08-23T02:40:29,111.3,46.6
2026-08-23T02:40:30,110.8,46.11
2026-08-23T02:40:31,109.78,45.1
2026-08-23T02:40:32,109.62,44.94
2026-08-23T02:40:33,110.28,45.59
2026-08-23T02:40:34,110.81,46.12
2026-08-23T02:40:35,110.97,46.27
2026-08-23T02:40:36,110.69,46.0
2026-08-23T02:40:37,112.68,47.95
2026-08-23T02:40:38,113.12,48.39
2026-08-23T02:40:39,111.62,46.91
2026-08-23T02:40:40,110.92,46.22
2026-08-23T02:40:41,110.96,46.26
2026-08-23T02:40:42,112.83,48.1
2026-08-23T02:40:43,111.3,46.6
2026-08-23T02:40:44,112.42,47.7
2026-08-23T02:40:45,113.5,48.77
2026-08-23T02:40:46,111.97,47.25
2026-08-23T02:40:47,112.6,47.88
2026-08-23T02:40:48,111.77,47.06
2026-08-23T02:40:49,114.44,49.69
2026-08-23T02:40:50,111.98,47.27
2026-08-23T02:40:51,110.27,45.58
2026-08-23T02:40:52,109.65,44.97
2026-08-23T02:40:53,109.98,45.29
2026-08-23T02:40:54,111.55,46.84
2026-08-23T02:40:55,112.21,47.49
2026-08-23T02:40:56,110.35,45.66
2026-08-23T02:40:57,109.91,45.22
2026-08-23T02:40:58,110.04,45.36
2026-08-23T02:40:59,110.21,45.52
2026-08-23T02:41:00,110.72,46.02
2026-08-23T02:41:01,110.08,45.39
2026-08-23T02:41:02,109.57,44.89
2026-08-23T02:41:03,109.41,44.73
2026-08-23T02:41:04,109.72,45.03
2026-08-23T02:41:05,110.09,45.41
2026-08-23T02:41:06,110.78,46.09
2026-08-23T02:41:07,110.25,45.56
2026-08-23T02:41:08,109.48,44.8
2026-08-23T02:41:09,109.83,45.15
2026-08-23T02:41:10,111.36,46.65
2026-08-23T02:41:11,113.47,48.73
2026-08-23T02:41:12,113.95,49.21
2026-08-23T02:41:13,113.46,48.72
2026-08-23T02:41:14,111.01,46.31
2026-08-23T02:41:15,110.08,45.39
2026-08-23T02:41:16,109.62,44.94
2026-08-23T02:41:17,109.47,44.79
2026-08-23T02:41:18,110.07,45.38
2026-08-23T02:41:19,109.52,44.84
2026-08-23T02:41:20,109.18,44.51
2026-08-23T02:41:21,109.63,44.95
2026-08-23T02:41:22,109.88,45.2
2026-08-23T02:41:23,110.32,45.63
2026-08-23T02:41:24,109.53,44.85
2026-08-23T02:41:25,109.5,44.82
2026-08-23T02:41:26,109.81,45.12
2026-08-23T02:41:27,109.35,44.67
2026-08-23T02:41:28,109.03,44.36
2026-08-23T02:41:29,108.94,44.27
2026-08-23T02:41:30,109.34,44.66
2026-08-23T02:41:31,109.14,44.47
2026-08-23T02:41:32,109.1,44.42
2026-08-23T02:41:33,109.06,44.38
2026-08-23T02:41:34,109.48,44.8
2026-08-23T02:41:35,108.99,44.32
2026-08-23T02:41:36,109.21,44.53
2026-08-23T02:41:37,109.18,44.51
2026-08-23T02:41:38,109.22,44.55
2026-08-23T02:41:39,108.97,44.3
2026-08-23T02:41:40,108.95,44.28
2026-08-23T02:41:41,109.2,44.52
2026-08-23T02:41:42,109.34,44.66
2026-08-23T02:41:43,108.74,44.07
2026-08-23T02:41:44,109.26,44.58
2026-08-23T02:41:45,109.42,44.75
2026-08-23T02:41:46,109.27,44.6
2026-08-23T02:41:47,109.26,44.58
2026-08-23T02:41:48,109.19,44.52
2026-08-23T02:41:49,108.95,44.28
2026-08-23T02:41:50,108.99,44.31
2026-08-23T02:41:51,108.64,43.97
2026-08-23T02:41:52,109.06,44.39
2026-08-23T02:41:53,108.54,43.87
2026-08-23T02:41:54,108.67,44.0
2026-08-23T02:41:55,109.05,44.38
2026-08-23T02:41:56,108.99,44.32
2026-08-23T02:41:57,109.31,44.63
2026-08-23T02:41:58,109.09,44.42
2026-08-23T02:41:59,109.6,44.92
2026-08-23T02:42:00,109.42,44.74
2026-08-23T02:42:01,109.35,44.67
2026-08-23T02:42:02,110.25,45.56
2026-08-23T02:42:03,109.89,45.21
2026-08-23T02:42:04,109.44,44.76
2026-08-23T02:42:05,109.47,44.79
2026-08-23T02:42:06,110.04,45.35
2026-08-23T02:42:07,110.11,45.43
2026-08-23T02:42:08,109.42,44.74
2026-08-23T02:42:09,109.37,44.69
2026-08-23T02:42:10,109.28,44.61
2026-08-23T02:42:11,109.52,44.84
2026-08-23T02:42:12,110.3,45.61
2026-08-23T02:42:13,110.1,45.41
2026-08-23T02:42:14,110.32,45.63
2026-08-23T02:42:15,109.89,45.2
2026-08-23T02:42:16,110.11,45.42
2026-08-23T02:42:17,109.79,45.11
2026-08-23T02:42:18,110.07,45.38
2026-08-23T02:42:19,109.18,44.51
2026-08-23T02:42:20,109.67,44.99
2026-08-23T02:42:21,109.45,44.77
2026-08-23T02:42:22,109.62,44.94
2026-08-23T02:42:23,109.08,44.41
2026-08-23T02:42:24,109.94,45.26
2026-08-23T02:42:25,109.47,44.79
2026-08-23T02:42:26,109.91,45.22
2026-08-23T02:42:27,109.57,44.89
2026-08-23T02:42:28,109.82,45.14
2026-08-23T02:42:29,109.71,45.03
2026-08-23T02:42:30,109.95,45.27
2026-08-23T02:42:31,110.5,45.81
2026-08-23T02:42:32,111.73,47.02
2026-08-23T02:42:33,112.94,48.21
2026-08-23T02:42:34,113.41,48.68
2026-08-23T02:42:35,116.36,51.58
2026-08-23T02:42:36,117.98,53.18
2026-08-23T02:42:37,120.76,55.92
2026-08-23T02:42:38,123.92,59.03
2026-08-23T02:42:39,127.11,62.18
2026-08-23T02:42:40,130.28,65.31
2026-08-23T02:42:41,123.6,58.72
2026-08-23T02:42:42,119.58,54.76
2026-08-23T02:42:43,115.99,51.22
2026-08-23T02:42:44,113.13,48.4
2026-08-23T02:42:45,112.08,47.36
2026-08-23T02:42:46,111.89,47.18
2026-08-23T02:42:47,111.5,46.79
2026-08-23T02:42:48,110.67,45.97
2026-08-23T02:42:49,110.06,45.37
2026-08-23T02:42:50,109.86,45.18
2026-08-23T02:42:51,109.49,44.82
2026-08-23T02:42:52,109.09,44.42
2026-08-23T02:42:53,108.83,44.16
2026-08-23T02:42:54,109.08,44.4
2026-08-23T02:42:55,109.18,44.51
2026-08-23T02:42:56,109.32,44.64
2026-08-23T02:42:57,109.23,44.55
2026-08-23T02:42:58,109.35,44.67
2026-08-23T02:42:59,109.83,45.15
2026-08-23T02:43:00,109.11,44.44
2026-08-23T02:43:01,109.32,44.64
2026-08-23T02:43:02,109.12,44.44
2026-08-23T02:43:03,109.76,45.08
2026-08-23T02:43:04,109.06,44.39
2026-08-23T02:43:05,109.14,44.46
2026-08-23T02:43:06,108.88,44.21
2026-08-23T02:43:07,108.81,44.14
2026-08-23T02:43:08,109.18,44.5
2026-08-23T02:43:09,108.91,44.23
2026-08-23T02:43:10,109.12,44.45
2026-08-23T02:43:11,109.15,44.47
2026-08-23T02:43:12,109.09,44.41
2026-08-23T02:43:13,109.02,44.35
2026-08-23T02:43:14,109.26,44.59
2026-08-23T02:43:15,109.24,44.56
2026-08-23T02:43:16,108.87,44.2
2026-08-23T02:43:17,109.17,44.5
2026-08-23T02:43:18,109.47,44.79
2026-08-23T02:43:19,108.86,44.19
2026-08-23T02:43:20,109.53,44.85
2026-08-23T02:43:21,109.46,44.78
2026-08-23T02:43:22,109.85,45.17
2026-08-23T02:43:23,109.82,45.14
2026-08-23T02:43:24,109.58,44.9
2026-08-23T02:43:25,109.4,44.72
2026-08-23T02:43:26,109.26,44.59
2026-08-23T02:43:27,109.42,44.74
2026-08-23T02:43:28,110.16,45.47
2026-08-23T02:43:29,109.84,45.16
2026-08-23T02:43:30,110.7,46.01
2026-08-23T02:43:31,110.01,45.32
2026-08-23T02:43:32,109.02,44.35
2026-08-23T02:43:33,109.12,44.45
2026-08-23T02:43:34,109.25,44.57
2026-08-23T02:43:35,109.32,44.64
2026-08-23T02:43:36,109.47,44.8
2026-08-23T02:43:37,109.67,44.98
2026-08-23T02:43:38,109.76,45.08
2026-08-23T02:43:39,109.02,44.35
2026-08-23T02:43:40,108.73,44.06
2026-08-23T02:43:41,109.74,45.06
2026-08-23T02:43:42,109.3,44.62
2026-08-23T02:43:43,109.14,44.47
2026-08-23T02:43:44,109.49,44.81
2026-08-23T02:43:45,109.63,44.95
2026-08-23T02:43:46,110.1,45.41
2026-08-23T02:43:47,110.43,45.73
2026-08-23T02:43:48,109.72,45.03
2026-08-23T02:43:49,110.1,45.41
2026-08-23T02:43:50,110.37,45.68
2026-08-23T02:43:51,109.76,45.08
2026-08-23T02:43:52,110.78,46.08
2026-08-23T02:43:53,110.12,45.43
2026-08-23T02:43:54,109.8,45.11
2026-08-23T02:43:55,109.98,45.29
2026-08-23T02:43:56,110.36,45.67
2026-08-23T02:43:57,110.51,45.82
2026-08-23T02:43:58,110.73,46.03
2026-08-23T02:43:59,110.37,45.68
2026-08-23T02:44:00,111.0,46.3
2026-08-23T02:44:01,110.24,45.55
2026-08-23T02:44:02,110.13,45.44
2026-08-23T02:44:03,111.36,46.65
2026-08-23T02:44:04,109.86,45.17
2026-08-23T02:44:05,110.24,45.55
2026-08-23T02:44:06,109.49,44.81
2026-08-23T02:44:07,109.83,45.15
2026-08-23T02:44:08,109.26,44.58
2026-08-23T02:44:09,108.98,44.31
2026-08-23T02:44:10,109.08,44.41
2026-08-23T02:44:11,109.45,44.77
2026-08-23T02:44:12,109.2,44.53
2026-08-23T02:44:13,109.22,44.54
2026-08-23T02:44:14,109.18,44.5
2026-08-23T02:44:15,109.36,44.68
2026-08-23T02:44:16,108.83,44.16
2026-08-23T02:44:17,108.75,44.08
2026-08-23T02:44:18,108.71,44.04
2026-08-23T02:44:19,109.07,44.39
2026-08-23T02:44:20,108.99,44.32
2026-08-23T02:44:21,109.21,44.54
2026-08-23T02:44:22,108.95,44.28
2026-08-23T02:44:23,108.79,44.12
2026-08-23T02:44:24,109.15,44.47
2026-08-23T02:44:25,108.89,44.22
2026-08-23T02:44:26,108.78,44.11
2026-08-23T02:44:27,108.81,44.14
2026-08-23T02:44:28,108.93,44.25
2026-08-23T02:44:29,108.97,44.3
2026-08-23T02:44:30,108.8,44.13
2026-08-23T02:44:31,109.23,44.55
2026-08-23T02:44:32,109.0,44.33
2026-08-23T02:44:33,108.89,44.22
2026-08-23T02:44:34,108.74,44.07
2026-08-23T02:44:35,108.92,44.25
2026-08-23T02:44:36,108.9,44.23
2026-08-23T02:44:37,108.63,43.96
2026-08-23T02:44:38,109.09,44.41
2026-08-23T02:44:39,108.58,43.92
2026-08-23T02:44:40,108.86,44.19
2026-08-23T02:44:41,109.0,44.33
2026-08-23T02:44:42,109.09,44.42
2026-08-23T02:44:43,109.22,44.54
2026-08-23T02:44:44,108.72,44.05
2026-08-23T02:44:45,108.64,43.98
2026-08-23T02:44:46,108.51,43.84
2026-08-23T02:44:47,108.68,44.01
2026-08-23T02:44:48,108.5,43.84
2026-08-23T02:44:49,109.16,44.49
2026-08-23T02:44:50,108.83,44.16
2026-08-23T02:44:51,109.39,44.71
2026-08-23T02:44:52,108.58,43.91
2026-08-23T02:44:53,109.37,44.69
2026-08-23T02:44:54,109.16,44.48
2026-08-23T02:44:55,109.24,44.56
2026-08-23T02:44:56,109.06,44.38
2026-08-23T02:44:57,109.26,44.58
2026-08-23T02:44:58,109.13,44.45
2026-08-23T02:44:59,109.11,44.44
2026-08-23T02:45:00,108.96,44.29
2026-08-23T02:45:01,109.46,44.78
2026-08-23T02:45:02,109.33,44.65
2026-08-23T02:45:03,108.61,43.95
2026-08-23T02:45:04,108.98,44.31
2026-08-23T02:45:05,109.04,44.37
2026-08-23T02:45:06,108.83,44.16
2026-08-23T02:45:07,109.11,44.44
2026-08-23T02:45:08,108.53,43.87
2026-08-23T02:45:09,108.76,44.09
2026-08-23T02:45:10,108.62,43.96
2026-08-23T02:45:11,109.01,44.34
2026-08-23T02:45:12,108.63,43.96
2026-08-23T02:45:13,108.43,43.77
2026-08-23T02:45:14,108.89,44.22
2026-08-23T02:45:15,108.92,44.25
2026-08-23T02:45:16,109.11,44.43
2026-08-23T02:45:17,109.31,44.63
2026-08-23T02:45:18,109.35,44.67
2026-08-23T02:45:19,108.58,43.92
2026-08-23T02:45:20,109.13,44.46
2026-08-23T02:45:21,109.11,44.43
2026-08-23T02:45:22,109.42,44.74
2026-08-23T02:45:23,108.89,44.22
2026-08-23T02:45:24,109.2,44.53
2026-08-23T02:45:25,109.48,44.8
2026-08-23T02:45:26,110.1,45.41
2026-08-23T02:45:27,109.56,44.88
2026-08-23T02:45:28,109.3,44.62
2026-08-23T02:45:29,109.06,44.39
2026-08-23T02:45:30,108.96,44.29
2026-08-23T02:45:31,109.38,44.7
2026-08-23T02:45:32,108.38,43.71
2026-08-23T02:45:33,108.76,44.09
2026-08-23T02:45:34,108.57,43.9
2026-08-23T02:45:35,109.03,44.36
2026-08-23T02:45:36,109.31,44.63
2026-08-23T02:45:37,108.76,44.09
2026-08-23T02:45:38,109.24,44.57
2026-08-23T02:45:39,109.25,44.57
2026-08-23T02:45:40,109.47,44.79
2026-08-23T02:45:41,109.68,45.0
2026-08-23T02:45:42,109.39,44.72
2026-08-23T02:45:43,109.49,44.81
2026-08-23T02:45:44,109.3,44.62
2026-08-23T02:45:45,109.14,44.47
2026-08-23T02:45:46,109.05,44.38
2026-08-23T02:45:47,109.08,44.4
2026-08-23T02:45:48,109.04,44.36
2026-08-23T02:45:49,110.15,45.46
2026-08-23T02:45:50,109.21,44.54
2026-08-23T02:45:51,109.66,44.98
2026-08-23T02:45:52,110.35,45.66
2026-08-23T02:45:53,109.29,44.61
2026-08-23T02:45:54,109.66,44.97
2026-08-23T02:45:55,108.86,44.19
2026-08-23T02:45:56,109.6,44.92
2026-08-23T02:45:57,109.72,45.04
2026-08-23T02:45:58,109.36,44.69
2026-08-23T02:45:59,109.15,44.47
2026-08-23T02:46:00,109.23,44.56
2026-08-23T02:46:01,109.14,44.47
2026-08-23T02:46:02,109.34,44.66
2026-08-23T02:46:03,109.18,44.5
2026-08-23T02:46:04,109.28,44.6
2026-08-23T02:46:05,109.15,44.47
2026-08-23T02:46:06,109.32,44.64
2026-08-23T02:46:07,109.52,44.84
2026-08-23T02:46:08,109.6,44.92
2026-08-23T02:46:09,108.74,44.07
2026-08-23T02:46:10,109.49,44.81
2026-08-23T02:46:11,109.04,44.37
2026-08-23T02:46:12,109.18,44.5
2026-08-23T02:46:13,109.06,44.38
2026-08-23T02:46:14,108.98,44.3
2026-08-23T02:46:15,108.97,44.3
2026-08-23T02:46:16,108.99,44.32
2026-08-23T02:46:17,109.32,44.64
2026-08-23T02:46:18,109.2,44.53
2026-08-23T02:46:19,109.37,44.69
2026-08-23T02:46:20,109.21,44.54
2026-08-23T02:46:21,109.49,44.81
2026-08-23T02:46:22,110.04,45.35
2026-08-23T02:46:23,109.73,45.05
2026-08-23T02:46:24,109.33,44.65
2026-08-23T02:46:25,108.99,44.32
2026-08-23T02:46:26,109.2,44.53
2026-08-23T02:46:27,108.9,44.23
2026-08-23T02:46:28,108.9,44.23
2026-08-23T02:46:29,109.14,44.47
2026-08-23T02:46:30,109.37,44.7
2026-08-23T02:46:31,109.02,44.34
2026-08-23T02:46:32,109.48,44.8
2026-08-23T02:46:33,109.1,44.42
2026-08-23T02:46:34,109.12,44.45
2026-08-23T02:46:35,109.05,44.38
2026-08-23T02:46:36,109.24,44.57
2026-08-23T02:46:37,109.26,44.58
2026-08-23T02:46:38,108.63,43.96
2026-08-23T02:46:39,109.5,44.82
2026-08-23T02:46:40,109.29,44.61
2026-08-23T02:46:41,109.18,44.5
2026-08-23T02:46:42,108.54,43.87
2026-08-23T02:46:43,108.7,44.03
2026-08-23T02:46:44,108.85,44.18
2026-08-23T02:46:45,108.99,44.32
2026-08-23T02:46:46,108.99,44.31
2026-08-23T02:46:47,109.09,44.42
2026-08-23T02:46:48,109.25,44.58
2026-08-23T02:46:49,109.01,44.34
2026-08-23T02:46:50,108.8,44.13
2026-08-23T02:46:51,109.36,44.68
2026-08-23T02:46:52,108.61,43.94
2026-08-23T02:46:53,108.93,44.26
2026-08-23T02:46:54,109.02,44.35
2026-08-23T02:46:55,108.99,44.32
2026-08-23T02:46:56,109.18,44.51
2026-08-23T02:46:57,109.66,44.98
2026-08-23T02:46:58,109.1,44.42
2026-08-23T02:46:59,109.92,45.23
2026-08-23T02:47:00,109.16,44.49
2026-08-23T02:47:01,110.08,45.4
2026-08-23T02:47:02,109.83,45.14
2026-08-23T02:47:03,109.67,44.99
2026-08-23T02:47:04,109.51,44.83
2026-08-23T02:47:05,109.53,44.85
2026-08-23T02:47:06,109.23,44.56
2026-08-23T02:47:07,109.52,44.84
2026-08-23T02:47:08,109.49,44.81
2026-08-23T02:47:09,108.84,44.17
2026-08-23T02:47:10,108.88,44.21
2026-08-23T02:47:11,109.08,44.41
2026-08-23T02:47:12,110.05,45.37
2026-08-23T02:47:13,109.63,44.95
2026-08-23T02:47:14,110.25,45.56
2026-08-23T02:47:15,110.25,45.56
2026-08-23T02:47:16,110.14,45.45
2026-08-23T02:47:17,109.02,44.35
2026-08-23T02:47:18,109.52,44.84
2026-08-23T02:47:19,110.01,45.32
2026-08-23T02:47:20,109.16,44.49
2026-08-23T02:47:21,109.26,44.58
2026-08-23T02:47:22,109.42,44.74
2026-08-23T02:47:23,108.91,44.23
2026-08-23T02:47:24,108.88,44.2
2026-08-23T02:47:25,109.2,44.52
2026-08-23T02:47:26,109.07,44.39
2026-08-23T02:47:27,109.79,45.1
2026-08-23T02:47:28,109.47,44.79
2026-08-23T02:47:29,109.34,44.66
2026-08-23T02:47:30,111.19,46.49
2026-08-23T02:47:31,111.22,46.52
2026-08-23T02:47:32,110.4,45.7
2026-08-23T02:47:33,109.78,45.09
2026-08-23T02:47:34,110.73,46.04
2026-08-23T02:47:35,110.85,46.15
2026-08-23T02:47:36,112.22,47.5
2026-08-23T02:47:37,115.77,51.01
2026-08-23T02:47:38,114.29,49.54
2026-08-23T02:47:39,113.78,49.04
2026-08-23T02:47:40,113.19,48.46
2026-08-23T02:47:41,114.57,49.82
2026-08-23T02:47:42,113.65,48.91
2026-08-23T02:47:43,112.31,47.59
2026-08-23T02:47:44,118.48,53.67
2026-08-23T02:47:45,119.19,54.37
2026-08-23T02:47:46,118.69,53.88
2026-08-23T02:47:47,115.68,50.91
2026-08-23T02:47:48,112.37,47.65
2026-08-23T02:47:49,109.67,44.99
2026-08-23T02:47:50,110.05,45.36
2026-08-23T02:47:51,109.64,44.96
2026-08-23T02:47:52,109.23,44.55
2026-08-23T02:47:53,109.32,44.64
2026-08-23T02:47:54,109.2,44.52
2026-08-23T02:47:55,109.77,45.08
2026-08-23T02:47:56,110.92,46.22
2026-08-23T02:47:57,110.27,45.58
2026-08-23T02:47:58,110.67,45.97
2026-08-23T02:47:59,110.32,45.63
2026-08-23T02:48:00,109.66,44.98
2026-08-23T02:48:01,109.49,44.81
2026-08-23T02:48:02,109.06,44.39
2026-08-23T02:48:03,109.19,44.51
2026-08-23T02:48:04,109.45,44.77
2026-08-23T02:48:05,109.59,44.9
2026-08-23T02:48:06,109.73,45.05
2026-08-23T02:48:07,110.05,45.36
2026-08-23T02:48:08,109.51,44.83
2026-08-23T02:48:09,109.53,44.85
2026-08-23T02:48:10,109.3,44.63
2026-08-23T02:48:11,109.62,44.94
2026-08-23T02:48:12,109.06,44.39
2026-08-23T02:48:13,109.37,44.69
2026-08-23T02:48:14,109.83,45.14
2026-08-23T02:48:15,110.07,45.38
2026-08-23T02:48:16,109.38,44.71
2026-08-23T02:48:17,109.13,44.45
2026-08-23T02:48:18,109.12,44.44
2026-08-23T02:48:19,108.92,44.25
2026-08-23T02:48:20,109.12,44.44
2026-08-23T02:48:21,108.99,44.32
2026-08-23T02:48:22,108.84,44.17
2026-08-23T02:48:23,108.82,44.15
2026-08-23T02:48:24,108.91,44.24
2026-08-23T02:48:25,109.36,44.68
2026-08-23T02:48:26,109.76,45.07
2026-08-23T02:48:27,109.88,45.2
2026-08-23T02:48:28,110.09,45.4
2026-08-23T02:48:29,109.28,44.6
2026-08-23T02:48:30,109.31,44.63
2026-08-23T02:48:31,109.6,44.92
2026-08-23T02:48:32,109.56,44.88
2026-08-23T02:48:33,109.69,45.01
2026-08-23T02:48:34,109.51,44.83
2026-08-23T02:48:35,109.34,44.66
2026-08-23T02:48:36,110.32,45.63
2026-08-23T02:48:37,109.75,45.06
2026-08-23T02:48:38,109.58,44.9
2026-08-23T02:48:39,108.94,44.27
2026-08-23T02:48:40,110.12,45.43
2026-08-23T02:48:41,109.17,44.49
2026-08-23T02:48:42,109.95,45.26
2026-08-23T02:48:43,110.4,45.71
2026-08-23T02:48:44,109.24,44.57
2026-08-23T02:48:45,109.06,44.39
2026-08-23T02:48:46,110.24,45.55
2026-08-23T02:48:47,110.45,45.75
2026-08-23T02:48:48,109.72,45.03
2026-08-23T02:48:49,109.4,44.73
2026-08-23T02:48:50,109.71,45.02
2026-08-23T02:48:51,109.62,44.94
2026-08-23T02:48:52,109.62,44.94
2026-08-23T02:48:53,109.28,44.61
2026-08-23T02:48:54,109.03,44.35
2026-08-23T02:48:55,110.01,45.32
2026-08-23T02:48:56,109.57,44.89
2026-08-23T02:48:57,109.35,44.68
2026-08-23T02:48:58,109.38,44.7
2026-08-23T02:48:59,109.34,44.67
2026-08-23T02:49:00,109.61,44.93
2026-08-23T02:49:01,108.92,44.25
2026-08-23T02:49:02,108.77,44.1
2026-08-23T02:49:03,109.15,44.48
2026-08-23T02:49:04,108.99,44.32
2026-08-23T02:49:05,109.39,44.71
2026-08-23T02:49:06,109.16,44.49
2026-08-23T02:49:07,109.73,45.05
2026-08-23T02:49:08,109.57,44.89
2026-08-23T02:49:09,109.41,44.73
2026-08-23T02:49:10,109.16,44.48
2026-08-23T02:49:11,108.98,44.3
2026-08-23T02:49:12,109.33,44.66
2026-08-23T02:49:13,110.23,45.54
2026-08-23T02:49:14,110.33,45.64
2026-08-23T02:49:15,110.86,46.16
2026-08-23T02:49:16,111.14,46.44
2026-08-23T02:49:17,110.47,45.78
2026-08-23T02:49:18,110.83,46.13
2026-08-23T02:49:19,112.03,47.31
2026-08-23T02:49:20,113.71,48.97
2026-08-23T02:49:21,116.9,52.11
2026-08-23T02:49:22,118.16,53.36
2026-08-23T02:49:23,120.46,55.62
2026-08-23T02:49:24,121.78,56.93
2026-08-23T02:49:25,121.68,56.82
2026-08-23T02:49:26,121.98,57.13
2026-08-23T02:49:27,120.06,55.23
2026-08-23T02:49:28,117.54,52.75
2026-08-23T02:49:29,115.79,51.02
2026-08-23T02:49:30,114.19,49.44
2026-08-23T02:49:31,112.86,48.13
2026-08-23T02:49:32,112.2,47.48
2026-08-23T02:49:33,112.08,47.37
2026-08-23T02:49:34,111.75,47.03
2026-08-23T02:49:35,112.37,47.65
2026-08-23T02:49:36,111.88,47.17
2026-08-23T02:49:37,110.9,46.2
2026-08-23T02:49:38,110.37,45.68
2026-08-23T02:49:39,110.46,45.77
2026-08-23T02:49:40,110.47,45.78
2026-08-23T02:49:41,109.72,45.03
2026-08-23T02:49:42,110.24,45.55
2026-08-23T02:49:43,109.69,45.01
2026-08-23T02:49:44,109.33,44.65
2026-08-23T02:49:45,109.83,45.14
2026-08-23T02:49:46,109.92,45.23
2026-08-23T02:49:47,109.47,44.79
2026-08-23T02:49:48,109.69,45.01
2026-08-23T02:49:49,110.26,45.57
2026-08-23T02:49:50,109.88,45.2
2026-08-23T02:49:51,110.72,46.02
2026-08-23T02:49:52,109.98,45.29
2026-08-23T02:49:53,108.78,44.11
2026-08-23T02:49:54,109.38,44.71
2026-08-23T02:49:55,109.58,44.9
2026-08-23T02:49:56,109.95,45.27
2026-08-23T02:49:57,109.21,44.54
2026-08-23T02:49:58,109.98,45.29
2026-08-23T02:49:59,109.44,44.76
2026-08-23T02:50:00,109.62,44.94
2026-08-23T02:50:01,109.45,44.77
2026-08-23T02:50:02,108.66,43.99
2026-08-23T02:50:03,109.2,44.53
2026-08-23T02:50:04,110.85,46.15
2026-08-23T02:50:05,112.71,47.98
2026-08-23T02:50:06,113.8,49.06
2026-08-23T02:50:07,113.27,48.53
2026-08-23T02:50:08,111.68,46.97
2026-08-23T02:50:09,109.6,44.92
2026-08-23T02:50:10,109.27,44.6
2026-08-23T02:50:11,109.09,44.42
2026-08-23T02:50:12,109.38,44.71
2026-08-23T02:50:13,109.41,44.73
2026-08-23T02:50:14,108.69,44.02
2026-08-23T02:50:15,109.43,44.75
2026-08-23T02:50:16,109.68,45.0
2026-08-23T02:50:17,109.27,44.59
2026-08-23T02:50:18,108.97,44.3
2026-08-23T02:50:19,108.89,44.22
2026-08-23T02:50:20,108.94,44.27
2026-08-23T02:50:21,109.48,44.8
2026-08-23T02:50:22,109.82,45.13
2026-08-23T02:50:23,110.31,45.62
2026-08-23T02:50:24,110.3,45.6
2026-08-23T02:50:25,110.19,45.5
2026-08-23T02:50:26,110.44,45.75
2026-08-23T02:50:27,109.97,45.28
2026-08-23T02:50:28,110.05,45.37
2026-08-23T02:50:29,110.78,46.08
2026-08-23T02:50:30,109.98,45.29
2026-08-23T02:50:31,110.2,45.51
2026-08-23T02:50:32,109.9,45.21
2026-08-23T02:50:33,111.21,46.51
2026-08-23T02:50:34,112.54,47.81
2026-08-23T02:50:35,110.92,46.22
2026-08-23T02:50:36,111.17,46.46
2026-08-23T02:50:37,111.29,46.58
2026-08-23T02:50:38,110.4,45.71
2026-08-23T02:50:39,110.09,45.4
2026-08-23T02:50:40,109.72,45.03
2026-08-23T02:50:41,110.42,45.73
2026-08-23T02:50:42,111.19,46.49
2026-08-23T02:50:43,111.2,46.49
2026-08-23T02:50:44,109.58,44.9
2026-08-23T02:50:45,109.62,44.93
2026-08-23T02:50:46,109.39,44.71
2026-08-23T02:50:47,109.44,44.76
2026-08-23T02:50:48,109.66,44.97
2026-08-23T02:50:49,109.04,44.37
2026-08-23T02:50:50,109.89,45.21
2026-08-23T02:50:51,109.52,44.84
2026-08-23T02:50:52,109.9,45.21
2026-08-23T02:50:53,110.4,45.71
2026-08-23T02:50:54,110.34,45.65
2026-08-23T02:50:55,110.1,45.41
2026-08-23T02:50:56,109.85,45.16
2026-08-23T02:50:57,110.03,45.34
2026-08-23T02:50:58,109.3,44.62
2026-08-23T02:50:59,110.07,45.38
2026-08-23T02:51:00,109.38,44.7
2026-08-23T02:51:01,109.58,44.9
2026-08-23T02:51:02,109.24,44.56
2026-08-23T02:51:03,109.43,44.75
2026-08-23T02:51:04,109.6,44.92
2026-08-23T02:51:05,110.0,45.31
2026-08-23T02:51:06,109.61,44.93
2026-08-23T02:51:07,110.12,45.43
2026-08-23T02:51:08,109.73,45.05
2026-08-23T02:51:09,110.05,45.36
2026-08-23T02:51:10,110.3,45.61
2026-08-23T02:51:11,110.27,45.58
2026-08-23T02:51:12,109.78,45.09
2026-08-23T02:51:13,109.38,44.7
2026-08-23T02:51:14,109.69,45.01
2026-08-23T02:51:15,109.36,44.68
2026-08-23T02:51:16,109.43,44.75
2026-08-23T02:51:17,109.78,45.1
2026-08-23T02:51:18,109.41,44.73
2026-08-23T02:51:19,109.68,45.0
2026-08-23T02:51:20,109.42,44.74
2026-08-23T02:51:21,109.9,45.21
2026-08-23T02:51:22,109.4,44.73
2026-08-23T02:51:23,109.47,44.8
2026-08-23T02:51:24,109.1,44.43
2026-08-23T02:51:25,109.49,44.81
2026-08-23T02:51:26,109.03,44.35
2026-08-23T02:51:27,109.24,44.57
2026-08-23T02:51:28,109.55,44.87
2026-08-23T02:51:29,110.28,45.59
2026-08-23T02:51:30,111.38,46.68
2026-08-23T02:51:31,110.92,46.22
2026-08-23T02:51:32,109.78,45.09
2026-08-23T02:51:33,109.51,44.83
2026-08-23T02:51:34,109.69,45.01
2026-08-23T02:51:35,109.8,45.11
2026-08-23T02:51:36,109.33,44.65
2026-08-23T02:51:37,109.61,44.93
2026-08-23T02:51:38,109.57,44.89
2026-08-23T02:51:39,110.19,45.5
2026-08-23T02:51:40,110.04,45.36
2026-08-23T02:51:41,110.62,45.92
2026-08-23T02:51:42,110.24,45.55
2026-08-23T02:51:43,110.37,45.68
2026-08-23T02:51:44,110.03,45.34
2026-08-23T02:51:45,109.44,44.76
2026-08-23T02:51:46,109.49,44.81
2026-08-23T02:51:47,109.83,45.15
2026-08-23T02:51:48,110.55,45.85
2026-08-23T02:51:49,110.04,45.35
2026-08-23T02:51:50,109.77,45.09
2026-08-23T02:51:51,109.92,45.24
2026-08-23T02:51:52,109.46,44.78
2026-08-23T02:51:53,110.44,45.75
2026-08-23T02:51:54,110.49,45.8
2026-08-23T02:51:55,110.41,45.71
2026-08-23T02:51:56,109.77,45.08
2026-08-23T02:51:57,110.25,45.56
2026-08-23T02:51:58,110.81,46.11
2026-08-23T02:51:59,110.79,46.09
2026-08-23T02:52:00,110.07,45.38
2026-08-23T02:52:01,110.04,45.35
2026-08-23T02:52:02,109.42,44.74
2026-08-23T02:52:03,109.6,44.91
2026-08-23T02:52:04,109.64,44.96
2026-08-23T02:52:05,109.7,45.01
2026-08-23T02:52:06,109.76,45.08
2026-08-23T02:52:07,109.18,44.5
2026-08-23T02:52:08,109.07,44.4
2026-08-23T02:52:09,109.39,44.71
2026-08-23T02:52:10,109.41,44.74
2026-08-23T02:52:11,109.5,44.82
2026-08-23T02:52:12,109.16,44.49
2026-08-23T02:52:13,109.69,45.01
2026-08-23T02:52:14,109.74,45.05
2026-08-23T02:52:15,110.4,45.71
2026-08-23T02:52:16,109.95,45.27
2026-08-23T02:52:17,110.54,45.84
2026-08-23T02:52:18,110.01,45.32
2026-08-23T02:52:19,109.91,45.23
2026-08-23T02:52:20,109.32,44.65
2026-08-23T02:52:21,109.18,44.5
2026-08-23T02:52:22,108.95,44.28
2026-08-23T02:52:23,109.56,44.88
2026-08-23T02:52:24,109.56,44.87
2026-08-23T02:52:25,109.28,44.61
2026-08-23T02:52:26,109.35,44.68
2026-08-23T02:52:27,109.07,44.4
2026-08-23T02:52:28,108.58,43.92
2026-08-23T02:52:29,109.35,44.67
2026-08-23T02:52:30,108.75,44.08
2026-08-23T02:52:31,109.1,44.42
2026-08-23T02:52:32,109.4,44.72
2026-08-23T02:52:33,109.28,44.6
2026-08-23T02:52:34,109.34,44.66
2026-08-23T02:52:35,108.6,43.94
2026-08-23T02:52:36,109.11,44.43
2026-08-23T02:52:37,109.27,44.59
2026-08-23T02:52:38,108.92,44.25
2026-08-23T02:52:39,109.44,44.76
2026-08-23T02:52:40,109.32,44.64
2026-08-23T02:52:41,108.86,44.19
2026-08-23T02:52:42,108.61,43.94
2026-08-23T02:52:43,109.22,44.54
2026-08-23T02:52:44,108.98,44.31
2026-08-23T02:52:45,108.83,44.16
2026-08-23T02:52:46,109.02,44.35
2026-08-23T02:52:47,109.01,44.34
2026-08-23T02:52:48,108.37,43.71
2026-08-23T02:52:49,108.82,44.15
2026-08-23T02:52:50,108.67,44.0
2026-08-23T02:52:51,109.15,44.47
2026-08-23T02:52:52,108.66,43.99
2026-08-23T02:52:53,108.67,44.0
2026-08-23T02:52:54,108.71,44.04
2026-08-23T02:52:55,108.25,43.59
2026-08-23T02:52:56,108.48,43.82
2026-08-23T02:52:57,108.51,43.84
2026-08-23T02:52:58,108.68,44.01
2026-08-23T02:52:59,108.96,44.29
2026-08-23T02:53:00,108.67,44.0
2026-08-23T02:53:01,109.05,44.37
2026-08-23T02:53:02,108.88,44.21
2026-08-23T02:53:03,108.28,43.62
2026-08-23T02:53:04,108.73,44.06
2026-08-23T02:53:05,108.79,44.12
2026-08-23T02:53:06,108.72,44.05
2026-08-23T02:53:07,108.37,43.71
2026-08-23T02:53:08,108.9,44.23
2026-08-23T02:53:09,109.19,44.52
2026-08-23T02:53:10,108.5,43.83
2026-08-23T02:53:11,108.83,44.16
2026-08-23T02:53:12,108.32,43.65
2026-08-23T02:53:13,108.56,43.9
2026-08-23T02:53:14,108.44,43.78
2026-08-23T02:53:15,108.32,43.66
2026-08-23T02:53:16,108.55,43.88
2026-08-23T02:53:17,108.75,44.08
2026-08-23T02:53:18,108.29,43.62
2026-08-23T02:53:19,108.57,43.9
2026-08-23T02:53:20,108.78,44.11
2026-08-23T02:53:21,108.71,44.04
2026-08-23T02:53:22,108.72,44.06
2026-08-23T02:53:23,108.83,44.16
2026-08-23T02:53:24,108.31,43.65
2026-08-23T02:53:25,109.05,44.38
2026-08-23T02:53:26,109.2,44.52
2026-08-23T02:53:27,109.37,44.69
2026-08-23T02:53:28,109.44,44.76
2026-08-23T02:53:29,109.05,44.38
2026-08-23T02:53:30,108.86,44.19
2026-08-23T02:53:31,109.24,44.56
2026-08-23T02:53:32,108.83,44.16
2026-08-23T02:53:33,109.2,44.52
2026-08-23T02:53:34,108.87,44.2
2026-08-23T02:53:35,108.61,43.94
2026-08-23T02:53:36,108.7,44.03
2026-08-23T02:53:37,108.42,43.76
2026-08-23T02:53:38,108.84,44.17
2026-08-23T02:53:39,109.2,44.52
2026-08-23T02:53:40,108.91,44.24
2026-08-23T02:53:41,109.12,44.45
2026-08-23T02:53:42,108.63,43.96
2026-08-23T02:53:43,109.24,44.57
2026-08-23T02:53:44,109.28,44.61
2026-08-23T02:53:45,109.55,44.87
2026-08-23T02:53:46,109.92,45.24
2026-08-23T02:53:47,109.54,44.86
2026-08-23T02:53:48,109.59,44.91
2026-08-23T02:53:49,109.44,44.76
2026-08-23T02:53:50,109.07,44.39
2026-08-23T02:53:51,109.67,44.99
2026-08-23T02:53:52,109.66,44.98
2026-08-23T02:53:53,108.25,43.58
2026-08-23T02:53:54,109.2,44.53
2026-08-23T02:53:55,109.08,44.41
2026-08-23T02:53:56,108.93,44.25
2026-08-23T02:53:57,109.01,44.34
2026-08-23T02:53:58,108.81,44.14
2026-08-23T02:53:59,109.28,44.6
2026-08-23T02:54:00,109.44,44.76
2026-08-23T02:54:01,109.02,44.34
2026-08-23T02:54:02,108.87,44.2
2026-08-23T02:54:03,109.74,45.06
2026-08-23T02:54:04,109.6,44.92
2026-08-23T02:54:05,110.45,45.76
2026-08-23T02:54:06,109.95,45.27
2026-08-23T02:54:07,110.09,45.4
2026-08-23T02:54:08,109.75,45.06
2026-08-23T02:54:09,109.5,44.82
2026-08-23T02:54:10,109.23,44.56
2026-08-23T02:54:11,109.46,44.78
2026-08-23T02:54:12,110.3,45.61
2026-08-23T02:54:13,110.02,45.33
2026-08-23T02:54:14,110.46,45.77
2026-08-23T02:54:15,110.37,45.68
2026-08-23T02:54:16,110.32,45.63
2026-08-23T02:54:17,109.63,44.95
2026-08-23T02:54:18,109.38,44.7
2026-08-23T02:54:19,109.71,45.02
2026-08-23T02:54:20,109.39,44.71
2026-08-23T02:54:21,109.33,44.66
2026-08-23T02:54:22,109.16,44.49
2026-08-23T02:54:23,109.23,44.56
2026-08-23T02:54:24,109.55,44.87
2026-08-23T02:54:25,109.72,45.04
2026-08-23T02:54:26,109.89,45.2
2026-08-23T02:54:27,109.88,45.19
2026-08-23T02:54:28,110.12,45.43
2026-08-23T02:54:29,110.25,45.56
2026-08-23T02:54:30,109.89,45.21
2026-08-23T02:54:31,109.92,45.24
2026-08-23T02:54:32,109.15,44.48
2026-08-23T02:54:33,109.26,44.58
2026-08-23T02:54:34,109.33,44.65
2026-08-23T02:54:35,109.7,45.02
2026-08-23T02:54:36,109.6,44.92
2026-08-23T02:54:37,110.35,45.66
2026-08-23T02:54:38,110.13,45.44
2026-08-23T02:54:39,110.22,45.53
2026-08-23T02:54:40,111.05,46.35
2026-08-23T02:54:41,110.21,45.52
2026-08-23T02:54:42,110.48,45.79
2026-08-23T02:54:43,110.23,45.54
2026-08-23T02:54:44,109.8,45.12
2026-08-23T02:54:45,109.91,45.22
2026-08-23T02:54:46,110.36,45.67
2026-08-23T02:54:47,109.6,44.92
2026-08-23T02:54:48,109.99,45.3
2026-08-23T02:54:49,110.6,45.9
2026-08-23T02:54:50,109.61,44.93
2026-08-23T02:54:51,110.08,45.39
2026-08-23T02:54:52,111.07,46.37
2026-08-23T02:54:53,110.89,46.19
2026-08-23T02:54:54,111.06,46.36
2026-08-23T02:54:55,111.09,46.39
2026-08-23T02:54:56,111.47,46.76
2026-08-23T02:54:57,111.03,46.33
2026-08-23T02:54:58,110.79,46.09
2026-08-23T02:54:59,110.91,46.21
2026-08-23T02:55:00,110.53,45.84
2026-08-23T02:55:01,111.6,46.89
2026-08-23T02:55:02,111.1,46.4
2026-08-23T02:55:03,111.02,46.32
2026-08-23T02:55:04,111.04,46.33
2026-08-23T02:55:05,111.68,46.97
2026-08-23T02:55:06,111.58,46.87
2026-08-23T02:55:07,111.55,46.84
2026-08-23T02:55:08,112.42,47.7
2026-08-23T02:55:09,111.93,47.22
2026-08-23T02:55:10,112.5,47.78
2026-08-23T02:55:11,111.02,46.32
2026-08-23T02:55:12,110.8,46.1
2026-08-23T02:55:13,110.99,46.29
2026-08-23T02:55:14,111.42,46.71
2026-08-23T02:55:15,111.87,47.15
2026-08-23T02:55:16,111.89,47.18
2026-08-23T02:55:17,111.94,47.22
2026-08-23T02:55:18,111.5,46.8
2026-08-23T02:55:19,112.56,47.84
2026-08-23T02:55:20,111.8,47.09
2026-08-23T02:55:21,111.9,47.18
2026-08-23T02:55:22,111.06,46.36
2026-08-23T02:55:23,110.64,45.94
2026-08-23T02:55:24,110.19,45.5
2026-08-23T02:55:25,110.34,45.65
2026-08-23T02:55:26,110.64,45.95
2026-08-23T02:55:27,111.22,46.52
2026-08-23T02:55:28,111.42,46.71
2026-08-23T02:55:29,111.08,46.38
2026-08-23T02:55:30,111.28,46.57
2026-08-23T02:55:31,111.56,46.85
2026-08-23T02:55:32,112.09,47.37
2026-08-23T02:55:33,111.58,46.87
2026-08-23T02:55:34,111.23,46.53
2026-08-23T02:55:35,111.47,46.76
2026-08-23T02:55:36,110.62,45.93
2026-08-23T02:55:37,110.81,46.11
2026-08-23T02:55:38,111.44,46.74
2026-08-23T02:55:39,110.55,45.85
2026-08-23T02:55:40,111.08,46.38
2026-08-23T02:55:41,110.77,46.07
2026-08-23T02:55:42,110.72,46.03
2026-08-23T02:55:43,110.44,45.75
2026-08-23T02:55:44,110.79,46.09
2026-08-23T02:55:45,110.44,45.75
2026-08-23T02:55:46,109.8,45.12
2026-08-23T02:55:47,109.77,45.09
2026-08-23T02:55:48,109.78,45.1
2026-08-23T02:55:49,110.13,45.44
2026-08-23T02:55:50,110.3,45.61
2026-08-23T02:55:51,110.31,45.62
2026-08-23T02:55:52,110.83,46.13
2026-08-23T02:55:53,110.33,45.64
2026-08-23T02:55:54,110.42,45.73
2026-08-23T02:55:55,110.52,45.83
2026-08-23T02:55:56,109.77,45.09
2026-08-23T02:55:57,109.66,44.98
2026-08-23T02:55:58,109.78,45.1
2026-08-23T02:55:59,109.66,44.98
2026-08-23T02:56:00,109.51,44.83
2026-08-23T02:56:01,109.57,44.89
2026-08-23T02:56:02,109.71,45.03
2026-08-23T02:56:03,109.93,45.25
2026-08-23T02:56:04,109.81,45.13
2026-08-23T02:56:05,109.61,44.92
2026-08-23T02:56:06,109.81,45.12
2026-08-23T02:56:07,109.82,45.13
2026-08-23T02:56:08,110.03,45.34
2026-08-23T02:56:09,109.59,44.9
2026-08-23T02:56:10,109.83,45.15
2026-08-23T02:56:11,110.38,45.69
2026-08-23T02:56:12,110.67,45.98
2026-08-23T02:56:13,109.88,45.19
2026-08-23T02:56:14,110.06,45.37
2026-08-23T02:56:15,109.53,44.85
2026-08-23T02:56:16,110.1,45.42
2026-08-23T02:56:17,109.71,45.03
2026-08-23T02:56:18,109.91,45.22
2026-08-23T02:56:19,109.71,45.03
2026-08-23T02:56:20,109.67,44.98
2026-08-23T02:56:21,109.79,45.11
2026-08-23T02:56:22,109.43,44.75
2026-08-23T02:56:23,109.42,44.74
2026-08-23T02:56:24,109.35,44.67
2026-08-23T02:56:25,109.03,44.36
2026-08-23T02:56:26,109.23,44.55
2026-08-23T02:56:27,109.57,44.89
2026-08-23T02:56:28,109.52,44.84
2026-08-23T02:56:29,109.97,45.28
2026-08-23T02:56:30,109.29,44.61
2026-08-23T02:56:31,109.7,45.02
2026-08-23T02:56:32,110.27,45.58
2026-08-23T02:56:33,110.09,45.4
2026-08-23T02:56:34,109.27,44.6
2026-08-23T02:56:35,109.5,44.82
2026-08-23T02:56:36,108.94,44.27
2026-08-23T02:56:37,109.61,44.93
2026-08-23T02:56:38,109.88,45.2
2026-08-23T02:56:39,109.66,44.98
2026-08-23T02:56:40,109.49,44.81
2026-08-23T02:56:41,108.71,44.04
2026-08-23T02:56:42,109.39,44.71
2026-08-23T02:56:43,109.71,45.03
2026-08-23T02:56:44,109.48,44.8
2026-08-23T02:56:45,109.22,44.54
2026-08-23T02:56:46,109.09,44.41
2026-08-23T02:56:47,109.35,44.67
2026-08-23T02:56:48,109.26,44.58
2026-08-23T02:56:49,109.58,44.9
2026-08-23T02:56:50,109.87,45.18
2026-08-23T02:56:51,109.78,45.1
2026-08-23T02:56:52,109.85,45.17
2026-08-23T02:56:53,109.87,45.19
2026-08-23T02:56:54,109.44,44.76
2026-08-23T02:56:55,109.83,45.15
2026-08-23T02:56:56,109.56,44.88
2026-08-23T02:56:57,110.21,45.52
2026-08-23T02:56:58,110.36,45.67
2026-08-23T02:56:59,109.13,44.45
2026-08-23T02:57:00,109.31,44.63
2026-08-23T02:57:01,109.53,44.85
2026-08-23T02:57:02,109.64,44.96
2026-08-23T02:57:03,109.61,44.93
2026-08-23T02:57:04,109.36,44.68
2026-08-23T02:57:05,109.46,44.79
2026-08-23T02:57:06,109.74,45.05
2026-08-23T02:57:07,109.89,45.21
2026-08-23T02:57:08,109.37,44.69
2026-08-23T02:57:09,109.18,44.5
2026-08-23T02:57:10,109.51,44.83
2026-08-23T02:57:11,109.51,44.83
2026-08-23T02:57:12,108.84,44.17
2026-08-23T02:57:13,109.11,44.43
2026-08-23T02:57:14,109.92,45.24
2026-08-23T02:57:15,111.1,46.4
2026-08-23T02:57:16,112.87,48.14
2026-08-23T02:57:17,113.36,48.62
2026-08-23T02:57:18,115.1,50.34
2026-08-23T02:57:19,117.83,53.04
2026-08-23T02:57:20,122.9,58.03
2026-08-23T02:57:21,125.46,60.55
2026-08-23T02:57:22,126.45,61.53
2026-08-23T02:57:23,127.06,62.13
2026-08-23T02:57:24,125.42,60.51
2026-08-23T02:57:25,122.63,57.77
2026-08-23T02:57:26,119.16,54.34
2026-08-23T02:57:27,117.81,53.02
2026-08-23T02:57:28,116.16,51.39
2026-08-23T02:57:29,114.87,50.11
2026-08-23T02:57:30,114.53,49.78
2026-08-23T02:57:31,114.45,49.7
2026-08-23T02:57:32,113.69,48.96
2026-08-23T02:57:33,112.14,47.42
2026-08-23T02:57:34,112.11,47.4
2026-08-23T02:57:35,111.62,46.91
2026-08-23T02:57:36,111.9,47.18
2026-08-23T02:57:37,111.43,46.72
2026-08-23T02:57:38,111.03,46.33
2026-08-23T02:57:39,110.84,46.14
2026-08-23T02:57:40,111.36,46.66
2026-08-23T02:57:41,111.48,46.77
2026-08-23T02:57:42,110.79,46.09
2026-08-23T02:57:43,110.45,45.75
2026-08-23T02:57:44,110.25,45.56
2026-08-23T02:57:45,110.39,45.7
2026-08-23T02:57:46,109.63,44.95
2026-08-23T02:57:47,109.83,45.15
2026-08-23T02:57:48,109.98,45.3
2026-08-23T02:57:49,109.43,44.75
2026-08-23T02:57:50,109.69,45.01
2026-08-23T02:57:51,109.12,44.44
2026-08-23T02:57:52,109.16,44.49
2026-08-23T02:57:53,108.85,44.18
2026-08-23T02:57:54,109.31,44.64
2026-08-23T02:57:55,109.22,44.55
2026-08-23T02:57:56,109.53,44.85
2026-08-23T02:57:57,110.04,45.36
2026-08-23T02:57:58,109.56,44.88
2026-08-23T02:57:59,109.4,44.72
2026-08-23T02:58:00,108.85,44.18
2026-08-23T02:58:01,109.15,44.47
2026-08-23T02:58:02,109.38,44.7
2026-08-23T02:58:03,109.2,44.52
2026-08-23T02:58:04,109.43,44.75
2026-08-23T02:58:05,109.82,45.14
2026-08-23T02:58:06,109.0,44.32
2026-08-23T02:58:07,109.48,44.8
2026-08-23T02:58:08,109.68,45.0
2026-08-23T02:58:09,109.21,44.54
2026-08-23T02:58:10,108.71,44.04
2026-08-23T02:58:11,108.85,44.18
2026-08-23T02:58:12,108.52,43.85
2026-08-23T02:58:13,108.54,43.88
2026-08-23T02:58:14,108.74,44.07
2026-08-23T02:58:15,108.76,44.09
2026-08-23T02:58:16,108.7,44.03
2026-08-23T02:58:17,108.89,44.22
2026-08-23T02:58:18,109.1,44.43
2026-08-23T02:58:19,109.3,44.63
2026-08-23T02:58:20,109.7,45.02
2026-08-23T02:58:21,109.89,45.2
2026-08-23T02:58:22,109.65,44.97
2026-08-23T02:58:23,109.3,44.62
2026-08-23T02:58:24,109.5,44.82
2026-08-23T02:58:25,109.67,44.99
2026-08-23T02:58:26,108.96,44.28
2026-08-23T02:58:27,108.96,44.29
2026-08-23T02:58:28,109.14,44.46
2026-08-23T02:58:29,109.26,44.59
2026-08-23T02:58:30,109.56,44.88
2026-08-23T02:58:31,109.6,44.92
2026-08-23T02:58:32,109.57,44.88
2026-08-23T02:58:33,109.7,45.02
2026-08-23T02:58:34,109.45,44.77
2026-08-23T02:58:35,109.58,44.9
2026-08-23T02:58:36,109.24,44.57
2026-08-23T02:58:37,110.56,45.86
2026-08-23T02:58:38,110.67,45.97
2026-08-23T02:58:39,110.87,46.17
2026-08-23T02:58:40,110.89,46.19
2026-08-23T02:58:41,110.42,45.73
2026-08-23T02:58:42,109.69,45.01
2026-08-23T02:58:43,109.32,44.64
2026-08-23T02:58:44,110.11,45.42
2026-08-23T02:58:45,109.4,44.73
2026-08-23T02:58:46,109.91,45.22
2026-08-23T02:58:47,109.76,45.07
2026-08-23T02:58:48,109.61,44.93
2026-08-23T02:58:49,110.35,45.66
2026-08-23T02:58:50,110.1,45.41
2026-08-23T02:58:51,110.31,45.61
2026-08-23T02:58:52,109.52,44.84
2026-08-23T02:58:53,109.91,45.22
2026-08-23T02:58:54,109.45,44.77
2026-08-23T02:58:55,109.44,44.76
2026-08-23T02:58:56,109.33,44.65
2026-08-23T02:58:57,109.29,44.62
2026-08-23T02:58:58,109.69,45.01
2026-08-23T02:58:59,108.77,44.1
2026-08-23T02:59:00,109.22,44.54
2026-08-23T02:59:01,109.5,44.82
2026-08-23T02:59:02,109.21,44.54
2026-08-23T02:59:03,109.53,44.85
2026-08-23T02:59:04,108.77,44.1
2026-08-23T02:59:05,109.37,44.69
2026-08-23T02:59:06,108.96,44.29
2026-08-23T02:59:07,109.1,44.42
2026-08-23T02:59:08,109.25,44.57
2026-08-23T02:59:09,108.88,44.21
2026-08-23T02:59:10,109.37,44.69
2026-08-23T02:59:11,108.68,44.01
2026-08-23T02:59:12,109.1,44.43
2026-08-23T02:59:13,108.58,43.92
2026-08-23T02:59:14,108.63,43.96
2026-08-23T02:59:15,108.39,43.72
2026-08-23T02:59:16,108.52,43.85
2026-08-23T02:59:17,108.45,43.79
2026-08-23T02:59:18,108.4,43.74
2026-08-23T02:59:19,108.94,44.27
2026-08-23T02:59:20,108.52,43.86
2026-08-23T02:59:21,108.39,43.73
2026-08-23T02:59:22,108.3,43.64
2026-08-23T02:59:23,109.17,44.5
2026-08-23T02:59:24,108.24,43.58
2026-08-23T02:59:25,108.59,43.92
2026-08-23T02:59:26,109.1,44.42
2026-08-23T02:59:27,108.69,44.02
2026-08-23T02:59:28,108.71,44.04
2026-08-23T02:59:29,108.6,43.94
2026-08-23T02:59:30,108.8,44.13
2026-08-23T02:59:31,108.94,44.27
2026-08-23T02:59:32,109.15,44.47
2026-08-23T02:59:33,108.84,44.17
2026-08-23T02:59:34,108.68,44.01
2026-08-23T02:59:35,109.49,44.81
2026-08-23T02:59:36,108.91,44.24
2026-08-23T02:59:37,108.81,44.14
2026-08-23T02:59:38,109.0,44.33
2026-08-23T02:59:39,108.95,44.27
2026-08-23T02:59:40,109.14,44.47
2026-08-23T02:59:41,108.62,43.95
2026-08-23T02:59:42,108.8,44.13
2026-08-23T02:59:43,108.65,43.99
2026-08-23T02:59:44,108.82,44.15
2026-08-23T02:59:45,109.03,44.35
2026-08-23T02:59:46,109.15,44.48
2026-08-23T02:59:47,109.01,44.34
2026-08-23T02:59:48,108.96,44.29
2026-08-23T02:59:49,109.07,44.4
2026-08-23T02:59:50,108.54,43.87
2026-08-23T02:59:51,108.86,44.19
2026-08-23T02:59:52,109.13,44.46
2026-08-23T02:59:53,109.23,44.56
2026-08-23T02:59:54,108.99,44.32
2026-08-23T02:59:55,109.19,44.52
2026-08-23T02:59:56,108.83,44.16
2026-08-23T02:59:57,108.93,44.26
2026-08-23T02:59:58,108.73,44.06
2026-08-23T02:59:59,109.45,44.77
2026-08-23T03:00:00,109.76,45.08
2026-08-23T03:00:01,109.21,44.54
2026-08-23T03:00:02,109.12,44.45
2026-08-23T03:00:03,109.36,44.68
2026-08-23T03:00:04,109.26,44.58
2026-08-23T03:00:05,109.38,44.7
2026-08-23T03:00:06,109.44,44.76
2026-08-23T03:00:07,109.69,45.01
2026-08-23T03:00:08,109.61,44.93
2026-08-23T03:00:09,109.8,45.11
2026-08-23T03:00:10,109.3,44.62
2026-08-23T03:00:11,109.07,44.4
2026-08-23T03:00:12,108.9,44.23
2026-08-23T03:00:13,109.74,45.06
2026-08-23T03:00:14,108.73,44.06
2026-08-23T03:00:15,109.44,44.76
2026-08-23T03:00:16,109.66,44.97
2026-08-23T03:00:17,110.25,45.56
2026-08-23T03:00:18,110.39,45.7
2026-08-23T03:00:19,110.16,45.47
2026-08-23T03:00:20,111.94,47.22
2026-08-23T03:00:21,110.94,46.24
2026-08-23T03:00:22,109.52,44.84
2026-08-23T03:00:23,112.54,47.82
2026-08-23T03:00:24,111.61,46.9
2026-08-23T03:00:25,111.14,46.44
2026-08-23T03:00:26,110.34,45.64
2026-08-23T03:00:27,109.52,44.84
2026-08-23T03:00:28,109.53,44.85
2026-08-23T03:00:29,109.1,44.43
2026-08-23T03:00:30,108.97,44.29
2026-08-23T03:00:31,109.17,44.49
2026-08-23T03:00:32,109.57,44.89
2026-08-23T03:00:33,109.2,44.52
2026-08-23T03:00:34,109.41,44.73
2026-08-23T03:00:35,109.44,44.76
2026-08-23T03:00:36,109.29,44.62
2026-08-23T03:00:37,109.0,44.33
2026-08-23T03:00:38,109.7,45.02
2026-08-23T03:00:39,109.27,44.59
2026-08-23T03:00:40,109.03,44.35
2026-08-23T03:00:41,109.15,44.48
2026-08-23T03:00:42,109.24,44.56
2026-08-23T03:00:43,109.38,44.7
2026-08-23T03:00:44,109.77,45.09
2026-08-23T03:00:45,109.8,45.12
2026-08-23T03:00:46,110.06,45.37
2026-08-23T03:00:47,109.83,45.14
2026-08-23T03:00:48,110.13,45.44
2026-08-23T03:00:49,109.81,45.12
2026-08-23T03:00:50,109.41,44.74
2026-08-23T03:00:51,109.6,44.91
2026-08-23T03:00:52,109.95,45.26
2026-08-23T03:00:53,110.03,45.34
2026-08-23T03:00:54,109.98,45.3
2026-08-23T03:00:55,110.4,45.71
2026-08-23T03:00:56,109.76,45.07
2026-08-23T03:00:57,108.84,44.17
2026-08-23T03:00:58,108.79,44.12
2026-08-23T03:00:59,108.92,44.25
2026-08-23T03:01:00,108.64,43.98
2026-08-23T03:01:01,108.79,44.12
2026-08-23T03:01:02,108.79,44.12
2026-08-23T03:01:03,109.2,44.52
2026-08-23T03:01:04,108.88,44.21
2026-08-23T03:01:05,109.18,44.51
2026-08-23T03:01:06,109.32,44.64
2026-08-23T03:01:07,109.66,44.98
2026-08-23T03:01:08,109.18,44.5
2026-08-23T03:01:09,108.83,44.16
2026-08-23T03:01:10,109.1,44.42
2026-08-23T03:01:11,109.01,44.34
2026-08-23T03:01:12,109.25,44.58
2026-08-23T03:01:13,108.98,44.31
2026-08-23T03:01:14,109.27,44.59
2026-08-23T03:01:15,108.92,44.25
2026-08-23T03:01:16,109.12,44.45
2026-08-23T03:01:17,109.18,44.5
2026-08-23T03:01:18,109.21,44.53
2026-08-23T03:01:19,109.05,44.38
2026-08-23T03:01:20,109.14,44.46
2026-08-23T03:01:21,109.3,44.62
2026-08-23T03:01:22,109.1,44.43
2026-08-23T03:01:23,109.09,44.42
2026-08-23T03:01:24,109.18,44.5
2026-08-23T03:01:25,109.28,44.6
2026-08-23T03:01:26,108.49,43.83
2026-08-23T03:01:27,109.21,44.54
2026-08-23T03:01:28,109.23,44.55
2026-08-23T03:01:29,109.28,44.6
2026-08-23T03:01:30,109.41,44.74
2026-08-23T03:01:31,109.8,45.11
2026-08-23T03:01:32,109.64,44.96
2026-08-23T03:01:33,110.89,46.19
2026-08-23T03:01:34,111.02,46.32
2026-08-23T03:01:35,109.77,45.09
2026-08-23T03:01:36,109.39,44.71
2026-08-23T03:01:37,109.95,45.26
2026-08-23T03:01:38,109.48,44.8
2026-08-23T03:01:39,109.84,45.16
2026-08-23T03:01:40,109.25,44.57
2026-08-23T03:01:41,110.1,45.41
2026-08-23T03:01:42,110.44,45.75
2026-08-23T03:01:43,111.15,46.44
2026-08-23T03:01:44,110.83,46.13
2026-08-23T03:01:45,110.2,45.51
2026-08-23T03:01:46,111.13,46.43
2026-08-23T03:01:47,112.05,47.33
2026-08-23T03:01:48,110.73,46.04
2026-08-23T03:01:49,110.62,45.93
2026-08-23T03:01:50,111.27,46.56
2026-08-23T03:01:51,112.19,47.47
2026-08-23T03:01:52,110.01,45.32
2026-08-23T03:01:53,110.01,45.32
2026-08-23T03:01:54,109.92,45.23
2026-08-23T03:01:55,110.09,45.41
2026-08-23T03:01:56,110.91,46.21
2026-08-23T03:01:57,109.51,44.83
2026-08-23T03:01:58,109.05,44.37
2026-08-23T03:01:59,109.24,44.56
2026-08-23T03:02:00,109.27,44.59
2026-08-23T03:02:01,109.42,44.75
2026-08-23T03:02:02,110.33,45.64
2026-08-23T03:02:03,109.65,44.97
2026-08-23T03:02:04,109.42,44.74
2026-08-23T03:02:05,109.92,45.24
2026-08-23T03:02:06,110.17,45.48
2026-08-23T03:02:07,109.76,45.08
2026-08-23T03:02:08,109.21,44.53
2026-08-23T03:02:09,109.32,44.64
2026-08-23T03:02:10,109.63,44.95
2026-08-23T03:02:11,109.14,44.46
2026-08-23T03:02:12,109.66,44.98
2026-08-23T03:02:13,109.62,44.94
2026-08-23T03:02:14,109.97,45.28
2026-08-23T03:02:15,109.96,45.27
2026-08-23T03:02:16,109.52,44.84
2026-08-23T03:02:17,109.77,45.09
2026-08-23T03:02:18,109.95,45.27
2026-08-23T03:02:19,109.94,45.26
2026-08-23T03:02:20,109.64,44.96
2026-08-23T03:02:21,109.46,44.78
2026-08-23T03:02:22,111.14,46.43
2026-08-23T03:02:23,110.35,45.66
2026-08-23T03:02:24,109.85,45.16
2026-08-23T03:02:25,110.05,45.37
2026-08-23T03:02:26,109.95,45.26
2026-08-23T03:02:27,110.01,45.32
2026-08-23T03:02:28,109.82,45.14
2026-08-23T03:02:29,109.7,45.02
2026-08-23T03:02:30,109.44,44.76
2026-08-23T03:02:31,109.61,44.93
2026-08-23T03:02:32,109.17,44.5
2026-08-23T03:02:33,109.3,44.62
2026-08-23T03:02:34,109.63,44.95
2026-08-23T03:02:35,109.64,44.96
2026-08-23T03:02:36,109.43,44.75
2026-08-23T03:02:37,109.42,44.74
2026-08-23T03:02:38,109.07,44.4
2026-08-23T03:02:39,109.21,44.53
2026-08-23T03:02:40,109.34,44.66
2026-08-23T03:02:41,109.09,44.42
2026-08-23T03:02:42,108.79,44.12
2026-08-23T03:02:43,108.79,44.12
2026-08-23T03:02:44,109.98,45.3
2026-08-23T03:02:45,109.33,44.65
2026-08-23T03:02:46,109.08,44.41
2026-08-23T03:02:47,109.67,44.98
2026-08-23T03:02:48,109.33,44.65
2026-08-23T03:02:49,108.77,44.1
2026-08-23T03:02:50,109.2,44.53
2026-08-23T03:02:51,109.45,44.77
2026-08-23T03:02:52,109.23,44.56
2026-08-23T03:02:53,109.59,44.91
2026-08-23T03:02:54,108.69,44.03
2026-08-23T03:02:55,108.83,44.16
2026-08-23T03:02:56,109.11,44.43
2026-08-23T03:02:57,108.91,44.24
2026-08-23T03:02:58,108.98,44.3
2026-08-23T03:02:59,108.67,44.0
2026-08-23T03:03:00,108.93,44.26
2026-08-23T03:03:01,109.5,44.82
2026-08-23T03:03:02,109.02,44.35
2026-08-23T03:03:03,109.39,44.71
2026-08-23T03:03:04,109.81,45.12
2026-08-23T03:03:05,109.93,45.25
2026-08-23T03:03:06,109.94,45.25
2026-08-23T03:03:07,109.99,45.3
2026-08-23T03:03:08,109.91,45.23
2026-08-23T03:03:09,110.24,45.55
2026-08-23T03:03:10,110.41,45.72
2026-08-23T03:03:11,109.94,45.25
2026-08-23T03:03:12,109.74,45.06
2026-08-23T03:03:13,109.2,44.53
2026-08-23T03:03:14,109.38,44.7
2026-08-23T03:03:15,109.53,44.85
2026-08-23T03:03:16,109.51,44.83
2026-08-23T03:03:17,109.27,44.59
2026-08-23T03:03:18,109.22,44.55
2026-08-23T03:03:19,109.61,44.93
2026-08-23T03:03:20,109.49,44.81
2026-08-23T03:03:21,109.24,44.56
2026-08-23T03:03:22,109.42,44.74
2026-08-23T03:03:23,109.15,44.48
2026-08-23T03:03:24,110.27,45.58
2026-08-23T03:03:25,110.35,45.66
2026-08-23T03:03:26,109.85,45.16
2026-08-23T03:03:27,109.94,45.26
2026-08-23T03:03:28,109.66,44.98
2026-08-23T03:03:29,110.34,45.65
2026-08-23T03:03:30,111.49,46.78
2026-08-23T03:03:31,111.18,46.48
2026-08-23T03:03:32,110.66,45.97
2026-08-23T03:03:33,110.01,45.32
2026-08-23T03:03:34,110.4,45.71
2026-08-23T03:03:35,109.9,45.22
2026-08-23T03:03:36,109.52,44.84
2026-08-23T03:03:37,109.95,45.27
2026-08-23T03:03:38,109.7,45.01
2026-08-23T03:03:39,109.47,44.79
2026-08-23T03:03:40,109.53,44.85
2026-08-23T03:03:41,109.31,44.63
2026-08-23T03:03:42,109.22,44.54
2026-08-23T03:03:43,109.1,44.42
2026-08-23T03:03:44,109.01,44.34
2026-08-23T03:03:45,109.33,44.65
2026-08-23T03:03:46,109.51,44.83
2026-08-23T03:03:47,109.87,45.18
2026-08-23T03:03:48,110.43,45.74
2026-08-23T03:03:49,110.11,45.42
2026-08-23T03:03:50,110.26,45.57
2026-08-23T03:03:51,109.89,45.2
2026-08-23T03:03:52,109.99,45.3
2026-08-23T03:03:53,110.15,45.46
2026-08-23T03:03:54,110.04,45.35
2026-08-23T03:03:55,110.53,45.84
2026-08-23T03:03:56,110.0,45.31
2026-08-23T03:03:57,109.57,44.89
2026-08-23T03:03:58,109.76,45.08
2026-08-23T03:03:59,110.01,45.32
2026-08-23T03:04:00,109.63,44.95
2026-08-23T03:04:01,109.63,44.95
2026-08-23T03:04:02,109.87,45.19
2026-08-23T03:04:03,109.97,45.28
2026-08-23T03:04:04,109.7,45.02
2026-08-23T03:04:05,109.57,44.88
2026-08-23T03:04:06,110.04,45.35
2026-08-23T03:04:07,109.65,44.97
2026-08-23T03:04:08,109.68,44.99
2026-08-23T03:04:09,110.1,45.42
2026-08-23T03:04:10,109.9,45.21
2026-08-23T03:04:11,110.16,45.47
2026-08-23T03:04:12,109.51,44.83
2026-08-23T03:04:13,109.38,44.7
2026-08-23T03:04:14,109.69,45.01
2026-08-23T03:04:15,109.01,44.33
2026-08-23T03:04:16,108.77,44.1
2026-08-23T03:04:17,109.14,44.46
2026-08-23T03:04:18,108.9,44.23
2026-08-23T03:04:19,109.04,44.37
2026-08-23T03:04:20,109.21,44.53
2026-08-23T03:04:21,109.06,44.39
2026-08-23T03:04:22,109.44,44.76
2026-08-23T03:04:23,109.08,44.41
2026-08-23T03:04:24,108.99,44.32
2026-08-23T03:04:25,109.33,44.65
2026-08-23T03:04:26,109.59,44.91
2026-08-23T03:04:27,109.72,45.04
2026-08-23T03:04:28,109.82,45.14
2026-08-23T03:04:29,110.46,45.76
2026-08-23T03:04:30,109.25,44.57
2026-08-23T03:04:31,108.91,44.24
2026-08-23T03:04:32,109.03,44.35
2026-08-23T03:04:33,109.1,44.43
2026-08-23T03:04:34,108.93,44.26
2026-08-23T03:04:35,109.68,45.0
2026-08-23T03:04:36,109.61,44.93
2026-08-23T03:04:37,109.32,44.64
2026-08-23T03:04:38,109.41,44.74
2026-08-23T03:04:39,109.33,44.65
2026-08-23T03:04:40,109.26,44.58
2026-08-23T03:04:41,109.26,44.58
2026-08-23T03:04:42,108.53,43.86
2026-08-23T03:04:43,108.96,44.28
2026-08-23T03:04:44,108.96,44.29
2026-08-23T03:04:45,109.59,44.91
2026-08-23T03:04:46,109.53,44.85
2026-08-23T03:04:47,109.34,44.66
2026-08-23T03:04:48,109.42,44.74
2026-08-23T03:04:49,110.2,45.51
2026-08-23T03:04:50,109.62,44.94
2026-08-23T03:04:51,109.85,45.16
2026-08-23T03:04:52,109.31,44.63
2026-08-23T03:04:53,109.45,44.77
2026-08-23T03:04:54,109.18,44.5
2026-08-23T03:04:55,109.46,44.78
2026-08-23T03:04:56,109.41,44.73
2026-08-23T03:04:57,109.56,44.88
2026-08-23T03:04:58,109.64,44.96
2026-08-23T03:04:59,109.48,44.81
2026-08-23T03:05:00,109.53,44.85
2026-08-23T03:05:01,109.25,44.58
2026-08-23T03:05:02,109.36,44.68
2026-08-23T03:05:03,109.61,44.93
2026-08-23T03:05:04,109.61,44.93
2026-08-23T03:05:05,108.63,43.97
2026-08-23T03:05:06,109.13,44.45
2026-08-23T03:05:07,109.07,44.39
2026-08-23T03:05:08,109.18,44.5
2026-08-23T03:05:09,109.1,44.42
2026-08-23T03:05:10,109.13,44.46
2026-08-23T03:05:11,108.93,44.26
2026-08-23T03:05:12,109.43,44.75
2026-08-23T03:05:13,109.76,45.08
2026-08-23T03:05:14,109.88,45.2
2026-08-23T03:05:15,110.12,45.43
2026-08-23T03:05:16,110.35,45.66
2026-08-23T03:05:17,110.03,45.34
2026-08-23T03:05:18,110.63,45.94
2026-08-23T03:05:19,110.48,45.79
2026-08-23T03:05:20,110.43,45.74
2026-08-23T03:05:21,109.91,45.22
2026-08-23T03:05:22,109.67,44.99
2026-08-23T03:05:23,109.74,45.06
2026-08-23T03:05:24,109.76,45.08
2026-08-23T03:05:25,109.73,45.05
2026-08-23T03:05:26,110.35,45.66
2026-08-23T03:05:27,110.22,45.53
2026-08-23T03:05:28,110.2,45.51
2026-08-23T03:05:29,110.2,45.51
2026-08-23T03:05:30,109.64,44.96
2026-08-23T03:05:31,110.02,45.33
2026-08-23T03:05:32,109.89,45.21
2026-08-23T03:05:33,110.15,45.46
2026-08-23T03:05:34,110.05,45.37
2026-08-23T03:05:35,110.7,46.0
2026-08-23T03:05:36,110.79,46.09
2026-08-23T03:05:37,110.72,46.02
2026-08-23T03:05:38,111.44,46.73
2026-08-23T03:05:39,111.61,46.9
2026-08-23T03:05:40,112.76,48.03
2026-08-23T03:05:41,113.99,49.25
2026-08-23T03:05:42,114.66,49.91
2026-08-23T03:05:43,116.88,52.1
2026-08-23T03:05:44,118.63,53.82
2026-08-23T03:05:45,120.79,55.95
2026-08-23T03:05:46,124.28,59.39
2026-08-23T03:05:47,128.37,63.42
2026-08-23T03:05:48,128.82,63.86
2026-08-23T03:05:49,132.09,67.09
2026-08-23T03:05:50,123.33,58.45
2026-08-23T03:05:51,119.21,54.39
2026-08-23T03:05:52,116.36,51.59
2026-08-23T03:05:53,114.87,50.11
2026-08-23T03:05:54,111.77,47.06
2026-08-23T03:05:55,111.32,46.62
2026-08-23T03:05:56,110.96,46.26
2026-08-23T03:05:57,110.12,45.43
2026-08-23T03:05:58,110.66,45.96
2026-08-23T03:05:59,111.71,47.0
2026-08-23T03:06:00,111.46,46.75
2026-08-23T03:06:01,111.44,46.73
2026-08-23T03:06:02,110.88,46.18
2026-08-23T03:06:03,110.13,45.44
2026-08-23T03:06:04,110.04,45.35
2026-08-23T03:06:05,110.27,45.58
2026-08-23T03:06:06,110.59,45.89
2026-08-23T03:06:07,110.24,45.55
2026-08-23T03:06:08,110.08,45.39
2026-08-23T03:06:09,110.45,45.76
2026-08-23T03:06:10,110.21,45.52
2026-08-23T03:06:11,109.63,44.95
2026-08-23T03:06:12,109.2,44.53
2026-08-23T03:06:13,109.32,44.65
2026-08-23T03:06:14,109.44,44.76
2026-08-23T03:06:15,109.08,44.41
2026-08-23T03:06:16,108.62,43.95
2026-08-23T03:06:17,108.79,44.12
2026-08-23T03:06:18,108.59,43.92
2026-08-23T03:06:19,109.03,44.35
2026-08-23T03:06:20,109.14,44.47
2026-08-23T03:06:21,109.11,44.44
2026-08-23T03:06:22,109.15,44.48
2026-08-23T03:06:23,109.18,44.5
2026-08-23T03:06:24,109.53,44.85
2026-08-23T03:06:25,109.54,44.86
2026-08-23T03:06:26,109.86,45.18
2026-08-23T03:06:27,109.86,45.17
2026-08-23T03:06:28,109.83,45.14
2026-08-23T03:06:29,109.61,44.93
2026-08-23T03:06:30,109.4,44.72
2026-08-23T03:06:31,109.1,44.43
2026-08-23T03:06:32,109.39,44.72
2026-08-23T03:06:33,110.17,45.48
2026-08-23T03:06:34,109.95,45.26
2026-08-23T03:06:35,110.35,45.66
2026-08-23T03:06:36,109.95,45.26
2026-08-23T03:06:37,109.07,44.4
2026-08-23T03:06:38,109.04,44.37
2026-08-23T03:06:39,108.76,44.09
2026-08-23T03:06:40,109.12,44.45
2026-08-23T03:06:41,108.36,43.7
2026-08-23T03:06:42,108.77,44.1
2026-08-23T03:06:43,109.25,44.58
2026-08-23T03:06:44,109.01,44.34
2026-08-23T03:06:45,109.13,44.45
2026-08-23T03:06:46,109.2,44.52
2026-08-23T03:06:47,109.18,44.51
2026-08-23T03:06:48,109.29,44.61
2026-08-23T03:06:49,109.6,44.92
2026-08-23T03:06:50,109.41,44.73
2026-08-23T03:06:51,109.25,44.58
2026-08-23T03:06:52,108.98,44.31
2026-08-23T03:06:53,109.74,45.06
2026-08-23T03:06:54,109.32,44.65
2026-08-23T03:06:55,109.02,44.35
2026-08-23T03:06:56,109.25,44.58
2026-08-23T03:06:57,108.99,44.31
2026-08-23T03:06:58,108.72,44.05
2026-08-23T03:06:59,109.2,44.53
2026-08-23T03:07:00,109.01,44.34
2026-08-23T03:07:01,108.88,44.21
2026-08-23T03:07:02,109.17,44.49
2026-08-23T03:07:03,108.53,43.86
2026-08-23T03:07:04,108.54,43.87
2026-08-23T03:07:05,109.18,44.5
2026-08-23T03:07:06,108.76,44.09
2026-08-23T03:07:07,108.62,43.95
2026-08-23T03:07:08,108.61,43.94
2026-08-23T03:07:09,108.61,43.95
2026-08-23T03:07:10,108.54,43.87
2026-08-23T03:07:11,108.33,43.67
2026-08-23T03:07:12,108.3,43.64
2026-08-23T03:07:13,108.1,43.44
2026-08-23T03:07:14,108.47,43.81
2026-08-23T03:07:15,108.57,43.9
2026-08-23T03:07:16,108.5,43.83
2026-08-23T03:07:17,108.62,43.96
2026-08-23T03:07:18,108.67,44.0
2026-08-23T03:07:19,108.34,43.67
2026-08-23T03:07:20,108.68,44.01
2026-08-23T03:07:21,108.28,43.62
2026-08-23T03:07:22,109.13,44.45
2026-08-23T03:07:23,108.92,44.25
2026-08-23T03:07:24,108.5,43.83
2026-08-23T03:07:25,108.52,43.85
2026-08-23T03:07:26,108.57,43.9
2026-08-23T03:07:27,108.54,43.88
2026-08-23T03:07:28,108.6,43.93
2026-08-23T03:07:29,108.23,43.57
2026-08-23T03:07:30,108.68,44.01
2026-08-23T03:07:31,108.94,44.27
2026-08-23T03:07:32,108.63,43.96
2026-08-23T03:07:33,109.18,44.5
2026-08-23T03:07:34,109.41,44.73
2026-08-23T03:07:35,109.18,44.51
2026-08-23T03:07:36,108.77,44.1
2026-08-23T03:07:37,108.96,44.29
2026-08-23T03:07:38,108.49,43.82
2026-08-23T03:07:39,108.56,43.9
2026-08-23T03:07:40,108.8,44.13
2026-08-23T03:07:41,108.61,43.94
2026-08-23T03:07:42,108.21,43.55
2026-08-23T03:07:43,108.8,44.13
2026-08-23T03:07:44,108.74,44.07
2026-08-23T03:07:45,108.43,43.76
2026-08-23T03:07:46,108.54,43.87
2026-08-23T03:07:47,108.65,43.98
2026-08-23T03:07:48,108.65,43.99
2026-08-23T03:07:49,108.74,44.07
2026-08-23T03:07:50,109.05,44.37
2026-08-23T03:07:51,108.96,44.29
2026-08-23T03:07:52,109.17,44.49
2026-08-23T03:07:53,109.34,44.66
2026-08-23T03:07:54,108.95,44.28
2026-08-23T03:07:55,109.01,44.34
2026-08-23T03:07:56,109.08,44.41
2026-08-23T03:07:57,108.63,43.96
2026-08-23T03:07:58,108.98,44.3
2026-08-23T03:07:59,109.24,44.56
2026-08-23T03:08:00,109.52,44.84
2026-08-23T03:08:01,109.3,44.62
2026-08-23T03:08:02,109.67,44.99
2026-08-23T03:08:03,109.26,44.59
2026-08-23T03:08:04,109.49,44.81
2026-08-23T03:08:05,110.0,45.31
2026-08-23T03:08:06,109.59,44.91
2026-08-23T03:08:07,109.82,45.14
2026-08-23T03:08:08,109.93,45.25
2026-08-23T03:08:09,109.39,44.71
2026-08-23T03:08:10,109.71,45.02
2026-08-23T03:08:11,109.88,45.19
2026-08-23T03:08:12,109.37,44.69
2026-08-23T03:08:13,109.86,45.17
2026-08-23T03:08:14,109.1,44.43
2026-08-23T03:08:15,109.22,44.55
2026-08-23T03:08:16,108.84,44.17
2026-08-23T03:08:17,108.59,43.92
2026-08-23T03:08:18,108.7,44.04
2026-08-23T03:08:19,108.79,44.12
2026-08-23T03:08:20,108.65,43.98
2026-08-23T03:08:21,109.16,44.48
2026-08-23T03:08:22,108.61,43.94
2026-08-23T03:08:23,109.52,44.84
2026-08-23T03:08:24,109.17,44.5
2026-08-23T03:08:25,108.91,44.24
2026-08-23T03:08:26,108.55,43.88
2026-08-23T03:08:27,108.31,43.65
2026-08-23T03:08:28,108.88,44.21
2026-08-23T03:08:29,108.63,43.97
2026-08-23T03:08:30,108.33,43.67
2026-08-23T03:08:31,108.86,44.19
2026-08-23T03:08:32,108.52,43.85
2026-08-23T03:08:33,108.33,43.67
2026-08-23T03:08:34,108.78,44.11
2026-08-23T03:08:35,108.85,44.18
2026-08-23T03:08:36,108.57,43.9
2026-08-23T03:08:37,108.46,43.79
2026-08-23T03:08:38,108.65,43.99
2026-08-23T03:08:39,108.45,43.79
2026-08-23T03:08:40,108.84,44.17
2026-08-23T03:08:41,109.03,44.36
2026-08-23T03:08:42,108.9,44.23
2026-08-23T03:08:43,109.3,44.62
2026-08-23T03:08:44,108.89,44.22
2026-08-23T03:08:45,109.14,44.46
2026-08-23T03:08:46,109.28,44.6
2026-08-23T03:08:47,109.89,45.21
2026-08-23T03:08:48,108.84,44.17
2026-08-23T03:08:49,109.1,44.42
2026-08-23T03:08:50,110.44,45.75
2026-08-23T03:08:51,109.37,44.69
2026-08-23T03:08:52,108.65,43.98
2026-08-23T03:08:53,108.51,43.85
2026-08-23T03:08:54,108.48,43.82
2026-08-23T03:08:55,108.84,44.17
2026-08-23T03:08:56,108.53,43.86
2026-08-23T03:08:57,108.89,44.22
2026-08-23T03:08:58,109.0,44.33
2026-08-23T03:08:59,108.89,44.22
2026-08-23T03:09:00,108.66,43.99
2026-08-23T03:09:01,108.59,43.93
2026-08-23T03:09:02,108.69,44.02
2026-08-23T03:09:03,108.71,44.04
2026-08-23T03:09:04,108.72,44.06
2026-08-23T03:09:05,108.46,43.79
2026-08-23T03:09:06,108.23,43.56
2026-08-23T03:09:07,108.4,43.74
2026-08-23T03:09:08,108.72,44.05
2026-08-23T03:09:09,108.96,44.28
2026-08-23T03:09:10,108.56,43.9
2026-08-23T03:09:11,109.06,44.39
2026-08-23T03:09:12,109.21,44.53
2026-08-23T03:09:13,108.89,44.22
2026-08-23T03:09:14,108.78,44.11
2026-08-23T03:09:15,108.57,43.91
2026-08-23T03:09:16,108.92,44.25
2026-08-23T03:09:17,108.76,44.09
2026-08-23T03:09:18,109.08,44.4
2026-08-23T03:09:19,109.22,44.55
2026-08-23T03:09:20,108.97,44.3
2026-08-23T03:09:21,108.76,44.09
2026-08-23T03:09:22,108.75,44.08
2026-08-23T03:09:23,109.26,44.59
2026-08-23T03:09:24,109.09,44.42
2026-08-23T03:09:25,109.35,44.67
2026-08-23T03:09:26,108.75,44.08
2026-08-23T03:09:27,108.45,43.79
2026-08-23T03:09:28,109.0,44.33
2026-08-23T03:09:29,109.09,44.41
2026-08-23T03:09:30,108.78,44.11
2026-08-23T03:09:31,108.69,44.02
2026-08-23T03:09:32,109.27,44.59
2026-08-23T03:09:33,109.09,44.42
2026-08-23T03:09:34,108.66,43.99
2026-08-23T03:09:35,109.65,44.96
2026-08-23T03:09:36,110.11,45.42
2026-08-23T03:09:37,109.46,44.78
2026-08-23T03:09:38,109.18,44.51
2026-08-23T03:09:39,108.76,44.1
2026-08-23T03:09:40,108.97,44.3
2026-08-23T03:09:41,108.91,44.24
2026-08-23T03:09:42,109.03,44.36
2026-08-23T03:09:43,108.93,44.26
2026-08-23T03:09:44,109.26,44.58
2026-08-23T03:09:45,109.12,44.44
2026-08-23T03:09:46,108.98,44.3
2026-08-23T03:09:47,109.18,44.5
2026-08-23T03:09:48,109.34,44.66
2026-08-23T03:09:49,108.96,44.29
2026-08-23T03:09:50,109.5,44.82
2026-08-23T03:09:51,109.52,44.84
2026-08-23T03:09:52,109.72,45.04
2026-08-23T03:09:53,109.45,44.77
2026-08-23T03:09:54,109.71,45.03
2026-08-23T03:09:55,109.42,44.74
2026-08-23T03:09:56,109.65,44.97
2026-08-23T03:09:57,109.51,44.83
2026-08-23T03:09:58,110.19,45.51
2026-08-23T03:09:59,110.33,45.64
2026-08-23T03:10:00,110.02,45.33
2026-08-23T03:10:01,109.88,45.19
2026-08-23T03:10:02,109.88,45.2
2026-08-23T03:10:03,110.7,46.01
2026-08-23T03:10:04,110.46,45.77
2026-08-23T03:10:05,110.91,46.21
2026-08-23T03:10:06,111.66,46.95
2026-08-23T03:10:07,111.07,46.37
2026-08-23T03:10:08,110.48,45.79
2026-08-23T03:10:09,109.91,45.23
2026-08-23T03:10:10,109.68,45.0
2026-08-23T03:10:11,109.41,44.74
2026-08-23T03:10:12,109.17,44.49
2026-08-23T03:10:13,109.77,45.08
2026-08-23T03:10:14,109.49,44.81
2026-08-23T03:10:15,109.79,45.1
2026-08-23T03:10:16,109.68,45.0
2026-08-23T03:10:17,109.75,45.07
2026-08-23T03:10:18,110.28,45.59
2026-08-23T03:10:19,109.85,45.17
2026-08-23T03:10:20,109.67,44.99
2026-08-23T03:10:21,110.04,45.35
2026-08-23T03:10:22,111.69,46.98
2026-08-23T03:10:23,111.74,47.03
2026-08-23T03:10:24,113.29,48.56
2026-08-23T03:10:25,115.1,50.34
2026-08-23T03:10:26,119.4,54.58
2026-08-23T03:10:27,124.31,59.42
2026-08-23T03:10:28,126.16,61.24
2026-08-23T03:10:29,126.82,61.9
2026-08-23T03:10:30,127.23,62.3
2026-08-23T03:10:31,126.89,61.97
2026-08-23T03:10:32,122.25,57.39
2026-08-23T03:10:33,119.9,55.07
2026-08-23T03:10:34,117.69,52.89
2026-08-23T03:10:35,117.9,53.1
2026-08-23T03:10:36,118.59,53.78
2026-08-23T03:10:37,118.22,53.42
2026-08-23T03:10:38,115.65,50.88
2026-08-23T03:10:39,114.28,49.53
2026-08-23T03:10:40,114.17,49.42
2026-08-23T03:10:41,113.61,48.87
2026-08-23T03:10:42,112.75,48.02
2026-08-23T03:10:43,113.12,48.39
2026-08-23T03:10:44,113.61,48.87
2026-08-23T03:10:45,112.57,47.85
2026-08-23T03:10:46,112.13,47.41
2026-08-23T03:10:47,110.79,46.09
2026-08-23T03:10:48,110.64,45.94
2026-08-23T03:10:49,110.4,45.71
2026-08-23T03:10:50,109.99,45.31
2026-08-23T03:10:51,109.78,45.09
2026-08-23T03:10:52,109.86,45.18
2026-08-23T03:10:53,109.79,45.11
2026-08-23T03:10:54,109.68,45.0
2026-08-23T03:10:55,109.37,44.69
2026-08-23T03:10:56,109.21,44.54
2026-08-23T03:10:57,109.66,44.98
2026-08-23T03:10:58,108.73,44.06
2026-08-23T03:10:59,109.04,44.37
2026-08-23T03:11:00,109.37,44.69
2026-08-23T03:11:01,109.43,44.76
2026-08-23T03:11:02,109.4,44.72
2026-08-23T03:11:03,109.73,45.05
2026-08-23T03:11:04,109.85,45.17
2026-08-23T03:11:05,109.51,44.83
2026-08-23T03:11:06,109.98,45.29
2026-08-23T03:11:07,110.26,45.57
2026-08-23T03:11:08,109.64,44.96
2026-08-23T03:11:09,109.68,45.0
2026-08-23T03:11:10,109.86,45.17
2026-08-23T03:11:11,109.87,45.18
2026-08-23T03:11:12,109.68,45.0
2026-08-23T03:11:13,110.42,45.73
2026-08-23T03:11:14,110.0,45.31
2026-08-23T03:11:15,110.09,45.41
2026-08-23T03:11:16,109.63,44.95
2026-08-23T03:11:17,109.47,44.79
2026-08-23T03:11:18,109.65,44.97
2026-08-23T03:11:19,109.69,45.01
2026-08-23T03:11:20,110.17,45.48
2026-08-23T03:11:21,110.39,45.7
2026-08-23T03:11:22,110.48,45.79
2026-08-23T03:11:23,110.43,45.74
2026-08-23T03:11:24,110.64,45.95
2026-08-23T03:11:25,109.89,45.21
2026-08-23T03:11:26,109.78,45.1
2026-08-23T03:11:27,109.4,44.73
2026-08-23T03:11:28,109.06,44.38
2026-08-23T03:11:29,108.86,44.18
2026-08-23T03:11:30,108.76,44.09
2026-08-23T03:11:31,108.98,44.3
2026-08-23T03:11:32,109.02,44.35
2026-08-23T03:11:33,109.04,44.37
2026-08-23T03:11:34,109.35,44.67
2026-08-23T03:11:35,109.0,44.33
2026-08-23T03:11:36,108.62,43.96
2026-08-23T03:11:37,108.55,43.88
2026-08-23T03:11:38,109.08,44.4
2026-08-23T03:11:39,108.93,44.26
2026-08-23T03:11:40,109.15,44.47
2026-08-23T03:11:41,110.03,45.34
2026-08-23T03:11:42,109.5,44.82
2026-08-23T03:11:43,110.05,45.36
2026-08-23T03:11:44,109.79,45.1
2026-08-23T03:11:45,109.2,44.53
2026-08-23T03:11:46,109.27,44.59
2026-08-23T03:11:47,109.1,44.42
2026-08-23T03:11:48,109.06,44.39
2026-08-23T03:11:49,109.55,44.87
2026-08-23T03:11:50,109.92,45.23
2026-08-23T03:11:51,110.28,45.59
2026-08-23T03:11:52,109.9,45.21
2026-08-23T03:11:53,109.64,44.96
2026-08-23T03:11:54,108.97,44.3
2026-08-23T03:11:55,108.66,43.99
2026-08-23T03:11:56,109.12,44.44
2026-08-23T03:11:57,109.2,44.52
2026-08-23T03:11:58,109.22,44.54
2026-08-23T03:11:59,109.26,44.58
2026-08-23T03:12:00,109.06,44.39
2026-08-23T03:12:01,110.0,45.32
2026-08-23T03:12:02,109.54,44.86
2026-08-23T03:12:03,109.53,44.85
2026-08-23T03:12:04,109.64,44.96
2026-08-23T03:12:05,109.99,45.31
2026-08-23T03:12:06,109.68,45.0
2026-08-23T03:12:07,109.65,44.97
2026-08-23T03:12:08,109.03,44.36
2026-08-23T03:12:09,109.0,44.32
2026-08-23T03:12:10,109.55,44.87
2026-08-23T03:12:11,109.89,45.21
2026-08-23T03:12:12,109.94,45.25
2026-08-23T03:12:13,109.37,44.7
2026-08-23T03:12:14,110.71,46.02
2026-08-23T03:12:15,110.9,46.2
2026-08-23T03:12:16,111.1,46.39
2026-08-23T03:12:17,109.88,45.2
2026-08-23T03:12:18,109.8,45.11
2026-08-23T03:12:19,110.69,45.99
2026-08-23T03:12:20,110.07,45.38
2026-08-23T03:12:21,109.71,45.03
2026-08-23T03:12:22,109.93,45.24
2026-08-23T03:12:23,109.41,44.73
2026-08-23T03:12:24,109.4,44.72
2026-08-23T03:12:25,109.29,44.61
2026-08-23T03:12:26,108.96,44.29
2026-08-23T03:12:27,109.13,44.46
2026-08-23T03:12:28,109.03,44.36
2026-08-23T03:12:29,109.09,44.42
2026-08-23T03:12:30,109.19,44.52
2026-08-23T03:12:31,109.44,44.76
2026-08-23T03:12:32,109.52,44.84
2026-08-23T03:12:33,110.03,45.35
2026-08-23T03:12:34,108.96,44.29
2026-08-23T03:12:35,109.14,44.47
2026-08-23T03:12:36,109.79,45.11
2026-08-23T03:12:37,109.16,44.48
2026-08-23T03:12:38,109.79,45.1
2026-08-23T03:12:39,109.71,45.02
2026-08-23T03:12:40,110.14,45.45
2026-08-23T03:12:41,110.1,45.41
2026-08-23T03:12:42,110.34,45.65
2026-08-23T03:12:43,110.21,45.52
2026-08-23T03:12:44,110.52,45.82
2026-08-23T03:12:45,109.84,45.15
2026-08-23T03:12:46,109.36,44.69
2026-08-23T03:12:47,108.59,43.92
2026-08-23T03:12:48,109.18,44.5
2026-08-23T03:12:49,109.32,44.65
2026-08-23T03:12:50,108.91,44.24
2026-08-23T03:12:51,108.79,44.12
2026-08-23T03:12:52,108.73,44.06
2026-08-23T03:12:53,109.2,44.53
2026-08-23T03:12:54,108.93,44.25
2026-08-23T03:12:55,108.93,44.26
2026-08-23T03:12:56,108.71,44.04
2026-08-23T03:12:57,108.63,43.96
2026-08-23T03:12:58,108.65,43.98
2026-08-23T03:12:59,109.11,44.44
2026-08-23T03:13:00,108.81,44.14
2026-08-23T03:13:01,108.73,44.06
2026-08-23T03:13:02,108.86,44.19
2026-08-23T03:13:03,108.74,44.07
2026-08-23T03:13:04,108.96,44.29
2026-08-23T03:13:05,108.7,44.04
2026-08-23T03:13:06,108.89,44.22
2026-08-23T03:13:07,108.91,44.24
2026-08-23T03:13:08,108.94,44.27
2026-08-23T03:13:09,109.13,44.45
2026-08-23T03:13:10,108.82,44.15
2026-08-23T03:13:11,109.39,44.71
2026-08-23T03:13:12,109.0,44.33
2026-08-23T03:13:13,108.88,44.21
2026-08-23T03:13:14,109.2,44.52
2026-08-23T03:13:15,109.41,44.73
2026-08-23T03:13:16,108.69,44.03
2026-08-23T03:13:17,108.86,44.19
2026-08-23T03:13:18,108.78,44.11
2026-08-23T03:13:19,108.57,43.91
2026-08-23T03:13:20,108.36,43.7
2026-08-23T03:13:21,108.58,43.92
2026-08-23T03:13:22,108.45,43.78
2026-08-23T03:13:23,108.68,44.02
2026-08-23T03:13:24,108.68,44.01
2026-08-23T03:13:25,108.84,44.17
2026-08-23T03:13:26,108.36,43.69
2026-08-23T03:13:27,108.67,44.01
2026-08-23T03:13:28,108.54,43.87
2026-08-23T03:13:29,108.26,43.59
2026-08-23T03:13:30,108.46,43.79
2026-08-23T03:13:31,108.49,43.83
2026-08-23T03:13:32,108.55,43.88
2026-08-23T03:13:33,108.27,43.61
2026-08-23T03:13:34,108.61,43.95
2026-08-23T03:13:35,108.65,43.98
2026-08-23T03:13:36,108.49,43.83
2026-08-23T03:13:37,108.73,44.06
2026-08-23T03:13:38,108.18,43.52
2026-08-23T03:13:39,108.25,43.59
2026-08-23T03:13:40,108.62,43.95
2026-08-23T03:13:41,108.49,43.82
2026-08-23T03:13:42,108.47,43.81
2026-08-23T03:13:43,108.64,43.98
2026-08-23T03:13:44,108.38,43.72
2026-08-23T03:13:45,108.64,43.97
2026-08-23T03:13:46,108.67,44.0
2026-08-23T03:13:47,108.2,43.54
2026-08-23T03:13:48,108.12,43.46
2026-08-23T03:13:49,108.69,44.02
2026-08-23T03:13:50,108.55,43.89
2026-08-23T03:13:51,108.33,43.67
2026-08-23T03:13:52,108.28,43.62
2026-08-23T03:13:53,108.01,43.35
2026-08-23T03:13:54,108.34,43.68
2026-08-23T03:13:55,108.56,43.89
2026-08-23T03:13:56,108.72,44.05
2026-08-23T03:13:57,108.52,43.85
2026-08-23T03:13:58,108.45,43.79
2026-08-23T03:13:59,108.48,43.82
2026-08-23T03:14:00,108.8,44.13
2026-08-23T03:14:01,108.25,43.59
2026-08-23T03:14:02,108.8,44.13
2026-08-23T03:14:03,108.59,43.92
2026-08-23T03:14:04,108.63,43.97
2026-08-23T03:14:05,108.3,43.64
2026-08-23T03:14:06,108.74,44.07
2026-08-23T03:14:07,108.29,43.62
2026-08-23T03:14:08,108.64,43.97
2026-08-23T03:14:09,108.67,44.0
2026-08-23T03:14:10,108.46,43.79
2026-08-23T03:14:11,108.73,44.06
2026-08-23T03:14:12,114.93,50.18
2026-08-23T03:14:13,108.83,44.16
2026-08-23T03:14:14,108.43,43.76
2026-08-23T03:14:15,108.53,43.87
2026-08-23T03:14:16,108.45,43.78
2026-08-23T03:14:17,108.82,44.15
2026-08-23T03:14:18,109.17,44.49
2026-08-23T03:14:19,108.74,44.07
2026-08-23T03:14:20,108.35,43.69
2026-08-23T03:14:21,108.39,43.73
2026-08-23T03:14:22,108.76,44.09
2026-08-23T03:14:23,108.6,43.93
2026-08-23T03:14:24,108.79,44.13
2026-08-23T03:14:25,108.16,43.5
2026-08-23T03:14:26,108.78,44.11
2026-08-23T03:14:27,109.06,44.39
2026-08-23T03:14:28,108.68,44.01
2026-08-23T03:14:29,108.39,43.73
2026-08-23T03:14:30,108.48,43.81
2026-08-23T03:14:31,108.9,44.23
2026-08-23T03:14:32,109.01,44.34
2026-08-23T03:14:33,108.75,44.08
2026-08-23T03:14:34,108.52,43.85
2026-08-23T03:14:35,108.87,44.2
2026-08-23T03:14:36,109.14,44.46
2026-08-23T03:14:37,108.53,43.87
2026-08-23T03:14:38,108.59,43.93
2026-08-23T03:14:39,109.18,44.51
2026-08-23T03:14:40,109.39,44.71
2026-08-23T03:14:41,110.79,46.09
2026-08-23T03:14:42,114.9,50.14
2026-08-23T03:14:43,114.44,49.69
2026-08-23T03:14:44,110.42,45.73
2026-08-23T03:14:45,108.95,44.28
2026-08-23T03:14:46,112.06,47.34
2026-08-23T03:14:47,108.43,43.76
2026-08-23T03:14:48,109.34,44.66
2026-08-23T03:14:49,108.23,43.57
2026-08-23T03:14:50,108.69,44.03
2026-08-23T03:14:51,109.91,45.23
2026-08-23T03:14:52,112.61,47.89
2026-08-23T03:14:53,115.61,50.85
2026-08-23T03:14:54,115.26,50.5
2026-08-23T03:14:55,109.15,44.48
2026-08-23T03:14:56,108.65,43.98
2026-08-23T03:14:57,108.58,43.92
2026-08-23T03:14:58,108.47,43.81
2026-08-23T03:14:59,108.84,44.17
2026-08-23T03:15:00,108.8,44.13
2026-08-23T03:15:01,108.97,44.3
2026-08-23T03:15:02,109.18,44.51
2026-08-23T03:15:03,109.17,44.49
2026-08-23T03:15:04,108.66,43.99
2026-08-23T03:15:05,108.65,43.98
2026-08-23T03:15:06,108.95,44.28
2026-08-23T03:15:07,109.09,44.42
2026-08-23T03:15:08,108.89,44.22
2026-08-23T03:15:09,109.21,44.53
2026-08-23T03:15:10,109.37,44.69
2026-08-23T03:15:11,109.61,44.92
2026-08-23T03:15:12,110.24,45.55
2026-08-23T03:15:13,109.55,44.87
2026-08-23T03:15:14,109.51,44.83
2026-08-23T03:15:15,110.17,45.48
2026-08-23T03:15:16,110.55,45.86
2026-08-23T03:15:17,110.72,46.02
2026-08-23T03:15:18,111.44,46.73
2026-08-23T03:15:19,111.74,47.03
2026-08-23T03:15:20,111.56,46.85
2026-08-23T03:15:21,111.73,47.01
2026-08-23T03:15:22,111.57,46.86
2026-08-23T03:15:23,113.85,49.11
2026-08-23T03:15:24,114.46,49.71
2026-08-23T03:15:25,116.87,52.09
2026-08-23T03:15:26,120.01,55.18
2026-08-23T03:15:27,123.28,58.41
2026-08-23T03:15:28,126.98,62.05
2026-08-23T03:15:29,129.72,64.76
2026-08-23T03:15:30,129.76,64.8
2026-08-23T03:15:31,122.1,57.24
2026-08-23T03:15:32,116.83,52.04
2026-08-23T03:15:33,113.49,48.76
2026-08-23T03:15:34,112.48,47.76
2026-08-23T03:15:35,112.61,47.89
2026-08-23T03:15:36,110.7,46.0
2026-08-23T03:15:37,110.51,45.82
2026-08-23T03:15:38,109.74,45.06
2026-08-23T03:15:39,109.83,45.15
2026-08-23T03:15:40,109.86,45.18
2026-08-23T03:15:41,109.89,45.2
2026-08-23T03:15:42,110.34,45.65
2026-08-23T03:15:43,110.85,46.15
2026-08-23T03:15:44,110.01,45.32
2026-08-23T03:15:45,109.21,44.53
2026-08-23T03:15:46,108.94,44.27
2026-08-23T03:15:47,109.1,44.43
2026-08-23T03:15:48,108.66,43.99
2026-08-23T03:15:49,108.86,44.19
2026-08-23T03:15:50,109.01,44.33
2026-08-23T03:15:51,108.94,44.27
2026-08-23T03:15:52,109.08,44.41
2026-08-23T03:15:53,109.5,44.82
2026-08-23T03:15:54,109.31,44.63
2026-08-23T03:15:55,109.14,44.46
2026-08-23T03:15:56,109.49,44.81
2026-08-23T03:15:57,109.62,44.94
2026-08-23T03:15:58,109.26,44.58
2026-08-23T03:15:59,109.48,44.8
2026-08-23T03:16:00,109.97,45.29
2026-08-23T03:16:01,110.94,46.24
2026-08-23T03:16:02,110.01,45.32
2026-08-23T03:16:03,109.92,45.23
2026-08-23T03:16:04,110.58,45.89
2026-08-23T03:16:05,110.03,45.35
2026-08-23T03:16:06,109.43,44.75
2026-08-23T03:16:07,110.0,45.31
2026-08-23T03:16:08,109.85,45.17
2026-08-23T03:16:09,110.7,46.0
2026-08-23T03:16:10,110.69,45.99
2026-08-23T03:16:11,110.38,45.68
2026-08-23T03:16:12,110.1,45.41
2026-08-23T03:16:13,110.47,45.78
2026-08-23T03:16:14,109.76,45.07
2026-08-23T03:16:15,109.85,45.16
2026-08-23T03:16:16,109.47,44.79
2026-08-23T03:16:17,109.96,45.27
2026-08-23T03:16:18,109.84,45.15
2026-08-23T03:16:19,110.3,45.61
2026-08-23T03:16:20,110.2,45.51
2026-08-23T03:16:21,109.86,45.17
2026-08-23T03:16:22,109.39,44.71
2026-08-23T03:16:23,109.17,44.49
2026-08-23T03:16:24,108.72,44.06
2026-08-23T03:16:25,109.32,44.64
2026-08-23T03:16:26,109.2,44.53
2026-08-23T03:16:27,109.0,44.33
2026-08-23T03:16:28,109.03,44.35
2026-08-23T03:16:29,109.21,44.53
2026-08-23T03:16:30,109.65,44.96
2026-08-23T03:16:31,109.81,45.13
2026-08-23T03:16:32,109.94,45.26
2026-08-23T03:16:33,110.68,45.99
2026-08-23T03:16:34,110.65,45.95
2026-08-23T03:16:35,110.53,45.84
2026-08-23T03:16:36,110.92,46.22
2026-08-23T03:16:37,111.13,46.43
2026-08-23T03:16:38,111.42,46.72
2026-08-23T03:16:39,111.3,46.59
2026-08-23T03:16:40,110.77,46.07
2026-08-23T03:16:41,110.14,45.45
2026-08-23T03:16:42,110.12,45.43
2026-08-23T03:16:43,110.15,45.46
2026-08-23T03:16:44,110.66,45.96
2026-08-23T03:16:45,111.02,46.32
2026-08-23T03:16:46,111.3,46.6
2026-08-23T03:16:47,112.48,47.75
2026-08-23T03:16:48,112.83,48.1
2026-08-23T03:16:49,113.53,48.79
2026-08-23T03:16:50,115.63,50.87
2026-08-23T03:16:51,117.37,52.58
2026-08-23T03:16:52,119.82,55.0
2026-08-23T03:16:53,122.13,57.28
2026-08-23T03:16:54,125.98,61.07
2026-08-23T03:16:55,126.98,62.05
2026-08-23T03:16:56,126.01,61.09
2026-08-23T03:16:57,120.97,56.13
2026-08-23T03:16:58,117.05,52.26
2026-08-23T03:16:59,114.55,49.8
2026-08-23T03:17:00,112.87,48.14
2026-08-23T03:17:01,111.73,47.02
2026-08-23T03:17:02,111.34,46.63
2026-08-23T03:17:03,111.83,47.12
2026-08-23T03:17:04,112.59,47.86
2026-08-23T03:17:05,113.5,48.76
2026-08-23T03:17:06,117.9,53.1
2026-08-23T03:17:07,121.28,56.44
2026-08-23T03:17:08,121.8,56.95
2026-08-23T03:17:09,124.0,59.11
2026-08-23T03:17:10,123.52,58.64
2026-08-23T03:17:11,122.83,57.97
2026-08-23T03:17:12,121.45,56.6
2026-08-23T03:17:13,120.37,55.54
2026-08-23T03:17:14,119.34,54.52
2026-08-23T03:17:15,116.91,52.13
2026-08-23T03:17:16,115.1,50.34
2026-08-23T03:17:17,114.99,50.23
2026-08-23T03:17:18,115.62,50.85
2026-08-23T03:17:19,115.78,51.01
2026-08-23T03:17:20,115.75,50.98
2026-08-23T03:17:21,113.93,49.19
2026-08-23T03:17:22,111.72,47.01
2026-08-23T03:17:23,110.5,45.81
2026-08-23T03:17:24,109.65,44.97
2026-08-23T03:17:25,109.32,44.64
2026-08-23T03:17:26,109.5,44.82
2026-08-23T03:17:27,109.66,44.98
2026-08-23T03:17:28,110.25,45.56
2026-08-23T03:17:29,110.3,45.61
2026-08-23T03:17:30,109.75,45.07
2026-08-23T03:17:31,110.05,45.36
2026-08-23T03:17:32,109.72,45.04
2026-08-23T03:17:33,110.23,45.54
2026-08-23T03:17:34,110.09,45.4
2026-08-23T03:17:35,109.56,44.88
2026-08-23T03:17:36,109.56,44.88
2026-08-23T03:17:37,109.82,45.14
2026-08-23T03:17:38,109.7,45.02
2026-08-23T03:17:39,109.56,44.88
2026-08-23T03:17:40,109.42,44.74
2026-08-23T03:17:41,110.36,45.67
2026-08-23T03:17:42,110.66,45.96
2026-08-23T03:17:43,110.6,45.91
2026-08-23T03:17:44,111.14,46.44
2026-08-23T03:17:45,111.64,46.93
2026-08-23T03:17:46,112.15,47.43
2026-08-23T03:17:47,112.43,47.71
2026-08-23T03:17:48,111.39,46.69
2026-08-23T03:17:49,110.63,45.93
2026-08-23T03:17:50,109.26,44.58
2026-08-23T03:17:51,109.2,44.52
2026-08-23T03:17:52,109.68,45.0
2026-08-23T03:17:53,109.66,44.97
2026-08-23T03:17:54,110.04,45.35
2026-08-23T03:17:55,109.5,44.82
2026-08-23T03:17:56,109.58,44.9
2026-08-23T03:17:57,109.78,45.09
2026-08-23T03:17:58,110.1,45.41
2026-08-23T03:17:59,110.35,45.66
2026-08-23T03:18:00,110.67,45.97
2026-08-23T03:18:01,110.84,46.14
2026-08-23T03:18:02,110.56,45.86
2026-08-23T03:18:03,109.82,45.14
2026-08-23T03:18:04,110.24,45.55
2026-08-23T03:18:05,109.49,44.81
2026-08-23T03:18:06,109.35,44.67
2026-08-23T03:18:07,108.78,44.11
2026-08-23T03:18:08,109.19,44.52
2026-08-23T03:18:09,109.19,44.51
2026-08-23T03:18:10,109.63,44.95
2026-08-23T03:18:11,109.31,44.64
2026-08-23T03:18:12,109.19,44.52
2026-08-23T03:18:13,110.16,45.47
2026-08-23T03:18:14,109.46,44.78
2026-08-23T03:18:15,109.27,44.59
2026-08-23T03:18:16,108.96,44.28
2026-08-23T03:18:17,109.13,44.45
2026-08-23T03:18:18,108.87,44.2
2026-08-23T03:18:19,109.13,44.45
2026-08-23T03:18:20,108.94,44.26
2026-08-23T03:18:21,109.21,44.53
2026-08-23T03:18:22,108.92,44.25
2026-08-23T03:18:23,108.96,44.29
2026-08-23T03:18:24,109.08,44.41
2026-08-23T03:18:25,109.68,45.0
2026-08-23T03:18:26,108.91,44.24
2026-08-23T03:18:27,109.03,44.36
2026-08-23T03:18:28,109.32,44.64
2026-08-23T03:18:29,108.58,43.92
2026-08-23T03:18:30,108.8,44.13
2026-08-23T03:18:31,109.15,44.48
2026-08-23T03:18:32,109.48,44.8
2026-08-23T03:18:33,108.77,44.1
2026-08-23T03:18:34,109.0,44.32
2026-08-23T03:18:35,109.08,44.41
2026-08-23T03:18:36,109.57,44.88
2026-08-23T03:18:37,108.97,44.3
2026-08-23T03:18:38,109.46,44.78
2026-08-23T03:18:39,109.06,44.39
2026-08-23T03:18:40,108.8,44.13
2026-08-23T03:18:41,108.84,44.17
2026-08-23T03:18:42,109.1,44.43
2026-08-23T03:18:43,109.19,44.51
2026-08-23T03:18:44,109.11,44.43
2026-08-23T03:18:45,109.29,44.61
2026-08-23T03:18:46,109.52,44.84
2026-08-23T03:18:47,108.91,44.24
2026-08-23T03:18:48,108.87,44.2
2026-08-23T03:18:49,108.71,44.04
2026-08-23T03:18:50,108.92,44.25
2026-08-23T03:18:51,108.75,44.08
2026-08-23T03:18:52,108.95,44.27
2026-08-23T03:18:53,108.58,43.92
2026-08-23T03:18:54,108.6,43.93
2026-08-23T03:18:55,108.62,43.95
2026-08-23T03:18:56,108.34,43.68
2026-08-23T03:18:57,108.65,43.99
2026-08-23T03:18:58,108.34,43.67
2026-08-23T03:18:59,108.68,44.01
2026-08-23T03:19:00,108.66,43.99
2026-08-23T03:19:01,109.04,44.36
2026-08-23T03:19:02,109.03,44.36
2026-08-23T03:19:03,109.0,44.32
2026-08-23T03:19:04,109.32,44.64
2026-08-23T03:19:05,109.75,45.07
2026-08-23T03:19:06,110.65,45.96
2026-08-23T03:19:07,110.29,45.6
2026-08-23T03:19:08,110.3,45.6
2026-08-23T03:19:09,109.8,45.11
2026-08-23T03:19:10,109.83,45.14
2026-08-23T03:19:11,109.21,44.53
2026-08-23T03:19:12,109.32,44.64
2026-08-23T03:19:13,109.3,44.63
2026-08-23T03:19:14,109.79,45.11
2026-08-23T03:19:15,109.73,45.05
2026-08-23T03:19:16,109.53,44.85
2026-08-23T03:19:17,110.0,45.31
2026-08-23T03:19:18,109.23,44.56
2026-08-23T03:19:19,109.41,44.73
2026-08-23T03:19:20,109.74,45.06
2026-08-23T03:19:21,109.72,45.04
2026-08-23T03:19:22,109.04,44.37
2026-08-23T03:19:23,109.36,44.68
2026-08-23T03:19:24,109.19,44.51
2026-08-23T03:19:25,109.5,44.82
2026-08-23T03:19:26,109.43,44.75
2026-08-23T03:19:27,108.86,44.19
2026-08-23T03:19:28,108.7,44.03
2026-08-23T03:19:29,109.21,44.54
2026-08-23T03:19:30,109.31,44.63
2026-08-23T03:19:31,109.34,44.66
2026-08-23T03:19:32,109.46,44.78
2026-08-23T03:19:33,110.05,45.36
2026-08-23T03:19:34,109.61,44.92
2026-08-23T03:19:35,109.48,44.8
2026-08-23T03:19:36,109.2,44.53
2026-08-23T03:19:37,109.99,45.3
2026-08-23T03:19:38,110.68,45.98
2026-08-23T03:19:39,110.23,45.54
2026-08-23T03:19:40,109.63,44.95
2026-08-23T03:19:41,109.38,44.71
2026-08-23T03:19:42,109.3,44.62
2026-08-23T03:19:43,109.44,44.76
2026-08-23T03:19:44,109.61,44.93
2026-08-23T03:19:45,110.95,46.25
2026-08-23T03:19:46,114.76,50.0
2026-08-23T03:19:47,110.47,45.78
2026-08-23T03:19:48,109.76,45.08
2026-08-23T03:19:49,109.54,44.86
2026-08-23T03:19:50,109.42,44.74
2026-08-23T03:19:51,109.05,44.37
2026-08-23T03:19:52,109.15,44.48
2026-08-23T03:19:53,108.77,44.1
2026-08-23T03:19:54,109.0,44.32
2026-08-23T03:19:55,108.94,44.27
2026-08-23T03:19:56,108.65,43.98
2026-08-23T03:19:57,109.28,44.6
2026-08-23T03:19:58,108.8,44.13
2026-08-23T03:19:59,109.16,44.48
2026-08-23T03:20:00,109.44,44.76
2026-08-23T03:20:01,108.96,44.29
2026-08-23T03:20:02,109.06,44.38
2026-08-23T03:20:03,109.13,44.45
2026-08-23T03:20:04,109.68,45.0
2026-08-23T03:20:05,109.5,44.82
2026-08-23T03:20:06,109.4,44.73
2026-08-23T03:20:07,110.11,45.42
2026-08-23T03:20:08,110.01,45.33
2026-08-23T03:20:09,109.82,45.14
2026-08-23T03:20:10,109.49,44.81
2026-08-23T03:20:11,109.81,45.12
2026-08-23T03:20:12,109.71,45.02
2026-08-23T03:20:13,109.5,44.82
2026-08-23T03:20:14,109.34,44.66
2026-08-23T03:20:15,109.54,44.86
2026-08-23T03:20:16,109.61,44.93
2026-08-23T03:20:17,110.01,45.32
2026-08-23T03:20:18,109.53,44.85
2026-08-23T03:20:19,109.82,45.13
2026-08-23T03:20:20,109.73,45.05
2026-08-23T03:20:21,110.15,45.46
2026-08-23T03:20:22,109.55,44.87
2026-08-23T03:20:23,109.84,45.16
2026-08-23T03:20:24,110.84,46.14
2026-08-23T03:20:25,110.04,45.36
2026-08-23T03:20:26,110.26,45.57
2026-08-23T03:20:27,109.62,44.94
2026-08-23T03:20:28,109.44,44.76
2026-08-23T03:20:29,109.59,44.91
2026-08-23T03:20:30,110.01,45.32
2026-08-23T03:20:31,109.6,44.92
2026-08-23T03:20:32,110.37,45.68
2026-08-23T03:20:33,109.72,45.04
2026-08-23T03:20:34,109.56,44.88
2026-08-23T03:20:35,110.28,45.59
2026-08-23T03:20:36,110.23,45.54
2026-08-23T03:20:37,110.4,45.7
2026-08-23T03:20:38,109.89,45.21
2026-08-23T03:20:39,109.95,45.27
2026-08-23T03:20:40,110.56,45.87
2026-08-23T03:20:41,109.91,45.23
2026-08-23T03:20:42,109.48,44.8
2026-08-23T03:20:43,110.09,45.4
2026-08-23T03:20:44,109.74,45.05
2026-08-23T03:20:45,110.25,45.56
2026-08-23T03:20:46,110.35,45.66
2026-08-23T03:20:47,109.76,45.07
2026-08-23T03:20:48,110.83,46.13
2026-08-23T03:20:49,111.52,46.81
2026-08-23T03:20:50,110.48,45.79
2026-08-23T03:20:51,110.06,45.37
2026-08-23T03:20:52,109.39,44.71
2026-08-23T03:20:53,109.46,44.79
2026-08-23T03:20:54,109.96,45.28
2026-08-23T03:20:55,110.03,45.34
2026-08-23T03:20:56,110.39,45.7
2026-08-23T03:20:57,110.18,45.49
2026-08-23T03:20:58,109.78,45.09
2026-08-23T03:20:59,109.67,44.99
2026-08-23T03:21:00,109.31,44.63
2026-08-23T03:21:01,109.37,44.69
2026-08-23T03:21:02,109.4,44.72
2026-08-23T03:21:03,109.52,44.84
2026-08-23T03:21:04,109.38,44.71
2026-08-23T03:21:05,109.33,44.65
2026-08-23T03:21:06,109.61,44.93
2026-08-23T03:21:07,109.94,45.26
2026-08-23T03:21:08,110.49,45.79
2026-08-23T03:21:09,109.28,44.6
2026-08-23T03:21:10,109.44,44.76
2026-08-23T03:21:11,109.43,44.75
2026-08-23T03:21:12,109.69,45.01
2026-08-23T03:21:13,109.82,45.13
2026-08-23T03:21:14,109.39,44.71
2026-08-23T03:21:15,110.04,45.35
2026-08-23T03:21:16,109.67,44.99
2026-08-23T03:21:17,109.44,44.76
2026-08-23T03:21:18,109.86,45.18
2026-08-23T03:21:19,109.42,44.74
2026-08-23T03:21:20,109.72,45.03
2026-08-23T03:21:21,109.94,45.26
2026-08-23T03:21:22,109.9,45.21
2026-08-23T03:21:23,110.09,45.4
2026-08-23T03:21:24,112.11,47.39
2026-08-23T03:21:25,114.65,49.9
2026-08-23T03:21:26,114.01,49.27
2026-08-23T03:21:27,110.73,46.03
2026-08-23T03:21:28,109.42,44.75
2026-08-23T03:21:29,109.81,45.13
2026-08-23T03:21:30,109.71,45.03
2026-08-23T03:21:31,109.9,45.22
2026-08-23T03:21:32,109.66,44.98
2026-08-23T03:21:33,109.57,44.89
2026-08-23T03:21:34,109.61,44.93
2026-08-23T03:21:35,110.36,45.67
2026-08-23T03:21:36,109.22,44.54
2026-08-23T03:21:37,109.74,45.06
2026-08-23T03:21:38,109.82,45.14
2026-08-23T03:21:39,109.41,44.73
2026-08-23T03:21:40,109.09,44.41
2026-08-23T03:21:41,109.55,44.86
2026-08-23T03:21:42,109.22,44.55
2026-08-23T03:21:43,109.31,44.63
2026-08-23T03:21:44,109.27,44.59
2026-08-23T03:21:45,109.67,44.99
2026-08-23T03:21:46,109.45,44.77
2026-08-23T03:21:47,109.55,44.87
2026-08-23T03:21:48,110.41,45.72
2026-08-23T03:21:49,109.87,45.18
2026-08-23T03:21:50,110.77,46.08
2026-08-23T03:21:51,110.25,45.56
2026-08-23T03:21:52,109.73,45.05
2026-08-23T03:21:53,109.89,45.21
2026-08-23T03:21:54,109.33,44.66
2026-08-23T03:21:55,109.73,45.05
2026-08-23T03:21:56,109.18,44.51
2026-08-23T03:21:57,109.5,44.82
2026-08-23T03:21:58,109.2,44.52
2026-08-23T03:21:59,109.32,44.64
2026-08-23T03:22:00,109.82,45.13
2026-08-23T03:22:01,109.96,45.27
2026-08-23T03:22:02,109.36,44.69
2026-08-23T03:22:03,109.04,44.36
2026-08-23T03:22:04,109.83,45.15
2026-08-23T03:22:05,109.8,45.11
2026-08-23T03:22:06,109.26,44.59
2026-08-23T03:22:07,110.09,45.41
2026-08-23T03:22:08,109.98,45.3
2026-08-23T03:22:09,109.83,45.15
2026-08-23T03:22:10,109.88,45.19
2026-08-23T03:22:11,109.66,44.98
2026-08-23T03:22:12,109.49,44.81
2026-08-23T03:22:13,109.93,45.25
2026-08-23T03:22:14,110.2,45.51
2026-08-23T03:22:15,110.13,45.44
2026-08-23T03:22:16,110.4,45.71
2026-08-23T03:22:17,110.41,45.72
2026-08-23T03:22:18,112.34,47.62
2026-08-23T03:22:19,113.45,48.71
2026-08-23T03:22:20,112.07,47.36
2026-08-23T03:22:21,110.84,46.14
2026-08-23T03:22:22,110.29,45.6
2026-08-23T03:22:23,111.3,46.59
2026-08-23T03:22:24,110.68,45.98
2026-08-23T03:22:25,110.33,45.64
2026-08-23T03:22:26,110.38,45.69
2026-08-23T03:22:27,112.09,47.37
2026-08-23T03:22:28,110.85,46.15
2026-08-23T03:22:29,111.45,46.74
2026-08-23T03:22:30,111.0,46.3
2026-08-23T03:22:31,111.25,46.54
2026-08-23T03:22:32,111.58,46.87
2026-08-23T03:22:33,113.23,48.5
2026-08-23T03:22:34,110.78,46.08
2026-08-23T03:22:35,110.39,45.7
2026-08-23T03:22:36,110.34,45.65
2026-08-23T03:22:37,111.47,46.76
2026-08-23T03:22:38,111.68,46.97
2026-08-23T03:22:39,110.83,46.13
2026-08-23T03:22:40,110.7,46.01
2026-08-23T03:22:41,110.44,45.75
2026-08-23T03:22:42,109.58,44.9
2026-08-23T03:22:43,109.27,44.59
2026-08-23T03:22:44,109.51,44.83
2026-08-23T03:22:45,109.2,44.52
2026-08-23T03:22:46,109.67,44.98
2026-08-23T03:22:47,110.38,45.69
2026-08-23T03:22:48,111.71,47.0
2026-08-23T03:22:49,111.46,46.75
2026-08-23T03:22:50,110.3,45.61
2026-08-23T03:22:51,110.03,45.34
2026-08-23T03:22:52,110.62,45.93
2026-08-23T03:22:53,109.74,45.06
2026-08-23T03:22:54,109.55,44.87
2026-08-23T03:22:55,109.84,45.15
2026-08-23T03:22:56,109.84,45.15
2026-08-23T03:22:57,109.61,44.93
2026-08-23T03:22:58,110.38,45.68
2026-08-23T03:22:59,109.81,45.13
2026-08-23T03:23:00,110.38,45.69
2026-08-23T03:23:01,110.2,45.51
2026-08-23T03:23:02,110.56,45.86
2026-08-23T03:23:03,112.84,48.11
2026-08-23T03:23:04,112.26,47.54
2026-08-23T03:23:05,110.63,45.94
2026-08-23T03:23:06,110.88,46.18
2026-08-23T03:23:07,110.78,46.09
2026-08-23T03:23:08,110.43,45.74
2026-08-23T03:23:09,110.14,45.45
2026-08-23T03:23:10,110.29,45.6
2026-08-23T03:23:11,110.74,46.04
2026-08-23T03:23:12,111.12,46.42
2026-08-23T03:23:13,110.67,45.97
2026-08-23T03:23:14,110.75,46.05
2026-08-23T03:23:15,110.79,46.09
2026-08-23T03:23:16,110.05,45.36
2026-08-23T03:23:17,110.02,45.33
2026-08-23T03:23:18,109.72,45.03
2026-08-23T03:23:19,109.77,45.09
2026-08-23T03:23:20,110.01,45.32
2026-08-23T03:23:21,111.42,46.71
2026-08-23T03:23:22,112.84,48.11
2026-08-23T03:23:23,111.0,46.3
2026-08-23T03:23:24,111.01,46.31
2026-08-23T03:23:25,109.96,45.27
2026-08-23T03:23:26,111.83,47.11
2026-08-23T03:23:27,109.4,44.72
2026-08-23T03:23:28,109.57,44.89
2026-08-23T03:23:29,109.99,45.3
2026-08-23T03:23:30,109.62,44.94
2026-08-23T03:23:31,109.95,45.26
2026-08-23T03:23:32,109.52,44.84
2026-08-23T03:23:33,109.68,44.99
2026-08-23T03:23:34,109.67,44.99
2026-08-23T03:23:35,109.28,44.6
2026-08-23T03:23:36,109.25,44.57
2026-08-23T03:23:37,109.21,44.53
2026-08-23T03:23:38,109.1,44.43
2026-08-23T03:23:39,109.41,44.73
2026-08-23T03:23:40,109.31,44.64
2026-08-23T03:23:41,109.42,44.74
2026-08-23T03:23:42,109.14,44.47
2026-08-23T03:23:43,109.37,44.69
2026-08-23T03:23:44,108.93,44.26
2026-08-23T03:23:45,111.91,47.19
2026-08-23T03:23:46,115.48,50.72
2026-08-23T03:23:47,110.12,45.43
2026-08-23T03:23:48,109.44,44.76
2026-08-23T03:23:49,109.52,44.84
2026-08-23T03:23:50,109.34,44.66
2026-08-23T03:23:51,109.99,45.3
2026-08-23T03:23:52,110.0,45.31
2026-08-23T03:23:53,110.35,45.65
2026-08-23T03:23:54,109.95,45.27
2026-08-23T03:23:55,109.82,45.13
2026-08-23T03:23:56,109.86,45.17
2026-08-23T03:23:57,109.75,45.07
2026-08-23T03:23:58,110.07,45.38
2026-08-23T03:23:59,110.05,45.37
2026-08-23T03:24:00,109.66,44.98
2026-08-23T03:24:01,109.42,44.74
2026-08-23T03:24:02,109.58,44.9
2026-08-23T03:24:03,109.65,44.97
2026-08-23T03:24:04,110.17,45.48
2026-08-23T03:24:05,110.55,45.85
2026-08-23T03:24:06,110.14,45.45
2026-08-23T03:24:07,111.89,47.18
2026-08-23T03:24:08,111.29,46.59
2026-08-23T03:24:09,112.73,48.0
2026-08-23T03:24:10,112.82,48.1
2026-08-23T03:24:11,110.8,46.1
2026-08-23T03:24:12,110.32,45.63
2026-08-23T03:24:13,109.62,44.94
2026-08-23T03:24:14,109.71,45.03
2026-08-23T03:24:15,110.31,45.61
2026-08-23T03:24:16,110.62,45.92
2026-08-23T03:24:17,111.5,46.79
2026-08-23T03:24:18,112.64,47.92
2026-08-23T03:24:19,110.62,45.93
2026-08-23T03:24:20,110.35,45.66
2026-08-23T03:24:21,110.34,45.64
2026-08-23T03:24:22,109.91,45.22
2026-08-23T03:24:23,110.55,45.86
2026-08-23T03:24:24,111.06,46.36
2026-08-23T03:24:25,110.76,46.07
2026-08-23T03:24:26,110.35,45.66
2026-08-23T03:24:27,110.44,45.75
2026-08-23T03:24:28,110.62,45.93
2026-08-23T03:24:29,110.61,45.92
2026-08-23T03:24:30,110.63,45.93
2026-08-23T03:24:31,111.04,46.34
2026-08-23T03:24:32,111.73,47.02
2026-08-23T03:24:33,112.45,47.73
2026-08-23T03:24:34,112.26,47.54
2026-08-23T03:24:35,111.48,46.77
2026-08-23T03:24:36,110.99,46.29
2026-08-23T03:24:37,110.63,45.93
2026-08-23T03:24:38,110.05,45.36
2026-08-23T03:24:39,109.94,45.25
2026-08-23T03:24:40,110.23,45.54
2026-08-23T03:24:41,110.02,45.34
2026-08-23T03:24:42,109.89,45.2
2026-08-23T03:24:43,110.3,45.61
2026-08-23T03:24:44,110.08,45.39
2026-08-23T03:24:45,109.85,45.17
2026-08-23T03:24:46,109.68,45.0
2026-08-23T03:24:47,110.0,45.31
2026-08-23T03:24:48,109.87,45.18
2026-08-23T03:24:49,109.73,45.05
2026-08-23T03:24:50,109.56,44.88
2026-08-23T03:24:51,109.6,44.92
2026-08-23T03:24:52,109.44,44.76
2026-08-23T03:24:53,109.35,44.67
2026-08-23T03:24:54,109.78,45.09
2026-08-23T03:24:55,109.93,45.25
2026-08-23T03:24:56,109.79,45.11
2026-08-23T03:24:57,109.99,45.3
2026-08-23T03:24:58,109.79,45.11
2026-08-23T03:24:59,109.61,44.93
2026-08-23T03:25:00,109.75,45.06
2026-08-23T03:25:01,109.54,44.86
2026-08-23T03:25:02,109.04,44.37
2026-08-23T03:25:03,109.6,44.92
2026-08-23T03:25:04,109.6,44.92
2026-08-23T03:25:05,109.62,44.94
2026-08-23T03:25:06,110.41,45.72
2026-08-23T03:25:07,110.05,45.37
2026-08-23T03:25:08,109.52,44.84
2026-08-23T03:25:09,109.29,44.61
2026-08-23T03:25:10,109.84,45.16
2026-08-23T03:25:11,110.81,46.11
2026-08-23T03:25:12,111.27,46.56
2026-08-23T03:25:13,109.85,45.17
2026-08-23T03:25:14,109.53,44.85
2026-08-23T03:25:15,110.79,46.09
2026-08-23T03:25:16,109.55,44.87
2026-08-23T03:25:17,109.73,45.05
2026-08-23T03:25:18,109.55,44.87
2026-08-23T03:25:19,109.12,44.45
2026-08-23T03:25:20,109.61,44.93
2026-08-23T03:25:21,109.94,45.25
2026-08-23T03:25:22,110.62,45.92
2026-08-23T03:25:23,110.07,45.39
2026-08-23T03:25:24,109.59,44.9
2026-08-23T03:25:25,109.42,44.74
2026-08-23T03:25:26,109.77,45.08
2026-08-23T03:25:27,109.49,44.82
2026-08-23T03:25:28,109.95,45.26
2026-08-23T03:25:29,109.71,45.02
2026-08-23T03:25:30,109.36,44.69
2026-08-23T03:25:31,108.97,44.3
2026-08-23T03:25:32,109.33,44.65
2026-08-23T03:25:33,109.67,44.99
2026-08-23T03:25:34,109.81,45.13
2026-08-23T03:25:35,110.17,45.48
2026-08-23T03:25:36,109.45,44.77
2026-08-23T03:25:37,109.72,45.03
2026-08-23T03:25:38,109.76,45.08
2026-08-23T03:25:39,109.3,44.62
2026-08-23T03:25:40,109.21,44.53
2026-08-23T03:25:41,109.2,44.52
2026-08-23T03:25:42,110.18,45.49
2026-08-23T03:25:43,110.5,45.81
2026-08-23T03:25:44,109.58,44.9
2026-08-23T03:25:45,109.53,44.85
2026-08-23T03:25:46,109.22,44.54
2026-08-23T03:25:47,110.1,45.41
2026-08-23T03:25:48,111.72,47.01
2026-08-23T03:25:49,110.16,45.47
2026-08-23T03:25:50,109.65,44.97
2026-08-23T03:25:51,109.29,44.61
2026-08-23T03:25:52,109.39,44.71
2026-08-23T03:25:53,110.46,45.77
2026-08-23T03:25:54,110.49,45.79
2026-08-23T03:25:55,109.88,45.2
2026-08-23T03:25:56,117.58,52.79
2026-08-23T03:25:57,112.22,47.5
2026-08-23T03:25:58,110.15,45.46
2026-08-23T03:25:59,109.42,44.74
2026-08-23T03:26:00,109.7,45.02
2026-08-23T03:26:01,109.55,44.87
2026-08-23T03:26:02,109.88,45.19
2026-08-23T03:26:03,109.69,45.0
2026-08-23T03:26:04,119.23,54.41
2026-08-23T03:26:05,113.5,48.76
2026-08-23T03:26:06,109.87,45.18
2026-08-23T03:26:07,113.0,48.27
2026-08-23T03:26:08,109.4,44.72
2026-08-23T03:26:09,109.24,44.56
2026-08-23T03:26:10,109.13,44.46
2026-08-23T03:26:11,109.45,44.77
2026-08-23T03:26:12,109.71,45.03
2026-08-23T03:26:13,109.51,44.83
2026-08-23T03:26:14,109.02,44.35
2026-08-23T03:26:15,109.11,44.43
2026-08-23T03:26:16,108.56,43.9
2026-08-23T03:26:17,109.16,44.49
2026-08-23T03:26:18,108.76,44.09
2026-08-23T03:26:19,109.53,44.85
2026-08-23T03:26:20,109.47,44.79
2026-08-23T03:26:21,109.04,44.36
2026-08-23T03:26:22,108.74,44.07
2026-08-23T03:26:23,108.92,44.24
2026-08-23T03:26:24,109.29,44.61
2026-08-23T03:26:25,109.25,44.58
2026-08-23T03:26:26,109.48,44.8
2026-08-23T03:26:27,108.79,44.12
2026-08-23T03:26:28,109.11,44.43
2026-08-23T03:26:29,109.09,44.41
2026-08-23T03:26:30,109.87,45.19
2026-08-23T03:26:31,110.13,45.44
2026-08-23T03:26:32,109.65,44.97
2026-08-23T03:26:33,109.35,44.67
2026-08-23T03:26:34,110.08,45.39
2026-08-23T03:26:35,110.62,45.92
2026-08-23T03:26:36,109.49,44.81
2026-08-23T03:26:37,109.16,44.49
2026-08-23T03:26:38,108.71,44.05
2026-08-23T03:26:39,109.47,44.79
2026-08-23T03:26:40,108.86,44.19
2026-08-23T03:26:41,109.12,44.44
2026-08-23T03:26:42,108.9,44.23
2026-08-23T03:26:43,109.09,44.41
2026-08-23T03:26:44,108.89,44.22
2026-08-23T03:26:45,109.04,44.37
2026-08-23T03:26:46,109.28,44.6
2026-08-23T03:26:47,109.83,45.15
2026-08-23T03:26:48,109.39,44.71
2026-08-23T03:26:49,108.52,43.86
2026-08-23T03:26:50,108.89,44.22
2026-08-23T03:26:51,109.13,44.45
2026-08-23T03:26:52,109.2,44.52
2026-08-23T03:26:53,108.66,43.99
2026-08-23T03:26:54,108.29,43.63
2026-08-23T03:26:55,108.78,44.11
2026-08-23T03:26:56,108.61,43.94
2026-08-23T03:26:57,108.94,44.27
2026-08-23T03:26:58,108.97,44.3
2026-08-23T03:26:59,109.22,44.55
2026-08-23T03:27:00,108.7,44.03
2026-08-23T03:27:01,109.14,44.47
2026-08-23T03:27:02,109.07,44.39
2026-08-23T03:27:03,108.81,44.14
2026-08-23T03:27:04,108.9,44.23
2026-08-23T03:27:05,109.63,44.94
2026-08-23T03:27:06,109.23,44.56
2026-08-23T03:27:07,108.54,43.87
2026-08-23T03:27:08,108.97,44.29
2026-08-23T03:27:09,108.94,44.27
2026-08-23T03:27:10,109.01,44.34
2026-08-23T03:27:11,109.24,44.57
2026-08-23T03:27:12,108.99,44.32
2026-08-23T03:27:13,108.98,44.3
2026-08-23T03:27:14,109.08,44.4
2026-08-23T03:27:15,109.96,45.27
2026-08-23T03:27:16,109.42,44.74
2026-08-23T03:27:17,109.1,44.42
2026-08-23T03:27:18,109.51,44.83
2026-08-23T03:27:19,109.4,44.72
2026-08-23T03:27:20,109.02,44.35
2026-08-23T03:27:21,108.25,43.59
2026-08-23T03:27:22,108.57,43.91
2026-08-23T03:27:23,108.55,43.88
2026-08-23T03:27:24,108.65,43.98
2026-08-23T03:27:25,109.59,44.91
2026-08-23T03:27:26,111.24,46.54
2026-08-23T03:27:27,109.04,44.37
2026-08-23T03:27:28,109.34,44.67
2026-08-23T03:27:29,109.62,44.94
2026-08-23T03:27:30,109.83,45.14
2026-08-23T03:27:31,110.01,45.32
2026-08-23T03:27:32,109.89,45.2
2026-08-23T03:27:33,109.55,44.87
2026-08-23T03:27:34,109.57,44.89
2026-08-23T03:27:35,109.33,44.66
2026-08-23T03:27:36,109.34,44.66
2026-08-23T03:27:37,109.45,44.77
2026-08-23T03:27:38,109.61,44.93
2026-08-23T03:27:39,109.41,44.73
2026-08-23T03:27:40,109.48,44.8
2026-08-23T03:27:41,109.71,45.02
2026-08-23T03:27:42,110.06,45.37
2026-08-23T03:27:43,109.29,44.61
2026-08-23T03:27:44,108.97,44.3
2026-08-23T03:27:45,108.71,44.04
2026-08-23T03:27:46,108.95,44.28
2026-08-23T03:27:47,108.54,43.87
2026-08-23T03:27:48,108.77,44.1
2026-08-23T03:27:49,108.99,44.32
2026-08-23T03:27:50,108.45,43.79
2026-08-23T03:27:51,108.53,43.86
2026-08-23T03:27:52,109.08,44.41
2026-08-23T03:27:53,109.54,44.86
2026-08-23T03:27:54,109.17,44.5
2026-08-23T03:27:55,109.11,44.44
2026-08-23T03:27:56,109.63,44.95
2026-08-23T03:27:57,109.16,44.49
2026-08-23T03:27:58,109.25,44.58
2026-08-23T03:27:59,109.01,44.33
2026-08-23T03:28:00,108.95,44.27
2026-08-23T03:28:01,108.57,43.91
2026-08-23T03:28:02,108.87,44.2
2026-08-23T03:28:03,108.86,44.19
2026-08-23T03:28:04,108.86,44.19
2026-08-23T03:28:05,109.27,44.59
2026-08-23T03:28:06,109.65,44.97
2026-08-23T03:28:07,109.41,44.73
2026-08-23T03:28:08,108.96,44.29
2026-08-23T03:28:09,108.7,44.03
2026-08-23T03:28:10,109.07,44.4
2026-08-23T03:28:11,108.29,43.62
2026-08-23T03:28:12,108.66,43.99
2026-08-23T03:28:13,108.77,44.1
2026-08-23T03:28:14,109.41,44.73
2026-08-23T03:28:15,110.26,45.56
2026-08-23T03:28:16,109.97,45.29
2026-08-23T03:28:17,109.56,44.88
2026-08-23T03:28:18,110.26,45.57
2026-08-23T03:28:19,109.84,45.15
2026-08-23T03:28:20,111.19,46.48
2026-08-23T03:28:21,110.75,46.05
2026-08-23T03:28:22,110.85,46.15
2026-08-23T03:28:23,115.64,50.87
2026-08-23T03:28:24,112.1,47.38
2026-08-23T03:28:25,111.56,46.85
2026-08-23T03:28:26,110.1,45.41
2026-08-23T03:28:27,109.91,45.23
2026-08-23T03:28:28,109.6,44.92
2026-08-23T03:28:29,109.41,44.73
2026-08-23T03:28:30,109.41,44.73
2026-08-23T03:28:31,109.45,44.77
2026-08-23T03:28:32,108.99,44.32
2026-08-23T03:28:33,108.71,44.04
2026-08-23T03:28:34,108.91,44.24
2026-08-23T03:28:35,108.99,44.32
2026-08-23T03:28:36,109.18,44.5
2026-08-23T03:28:37,108.76,44.09
2026-08-23T03:28:38,109.34,44.66
2026-08-23T03:28:39,109.43,44.75
2026-08-23T03:28:40,109.55,44.86
2026-08-23T03:28:41,109.26,44.58
2026-08-23T03:28:42,109.34,44.66
2026-08-23T03:28:43,110.41,45.72
2026-08-23T03:28:44,110.54,45.85
2026-08-23T03:28:45,110.57,45.87
2026-08-23T03:28:46,110.25,45.56
2026-08-23T03:28:47,111.66,46.95
2026-08-23T03:28:48,111.59,46.88
2026-08-23T03:28:49,110.87,46.17
2026-08-23T03:28:50,111.25,46.54
2026-08-23T03:28:51,109.74,45.06
2026-08-23T03:28:52,108.95,44.28
2026-08-23T03:28:53,109.83,45.15
2026-08-23T03:28:54,109.51,44.83
2026-08-23T03:28:55,108.82,44.15
2026-08-23T03:28:56,109.4,44.73
2026-08-23T03:28:57,109.5,44.82
2026-08-23T03:28:58,110.29,45.6
2026-08-23T03:28:59,111.46,46.76
2026-08-23T03:29:00,112.65,47.92
2026-08-23T03:29:01,111.46,46.75
2026-08-23T03:29:02,112.9,48.17
2026-08-23T03:29:03,114.41,49.66
2026-08-23T03:29:04,118.73,53.92
2026-08-23T03:29:05,122.25,57.39
2026-08-23T03:29:06,124.18,59.29
2026-08-23T03:29:07,125.66,60.75
2026-08-23T03:29:08,125.65,60.74
2026-08-23T03:29:09,122.89,58.02
2026-08-23T03:29:10,119.3,54.49
2026-08-23T03:29:11,117.51,52.72
2026-08-23T03:29:12,115.67,50.91
2026-08-23T03:29:13,114.42,49.67
2026-08-23T03:29:14,114.46,49.71
2026-08-23T03:29:15,114.23,49.49
2026-08-23T03:29:16,113.04,48.31
2026-08-23T03:29:17,111.6,46.89
2026-08-23T03:29:18,110.79,46.09
2026-08-23T03:29:19,110.53,45.84
2026-08-23T03:29:20,111.49,46.78
2026-08-23T03:29:21,110.68,45.98
2026-08-23T03:29:22,110.88,46.18
2026-08-23T03:29:23,111.53,46.82
2026-08-23T03:29:24,111.88,47.17
2026-08-23T03:29:25,112.78,48.06
2026-08-23T03:29:26,112.4,47.68
2026-08-23T03:29:27,111.65,46.94
2026-08-23T03:29:28,111.54,46.83
2026-08-23T03:29:29,109.66,44.98
2026-08-23T03:29:30,110.08,45.4
2026-08-23T03:29:31,110.64,45.95
2026-08-23T03:29:32,110.16,45.47
2026-08-23T03:29:33,110.67,45.97
2026-08-23T03:29:34,110.89,46.19
2026-08-23T03:29:35,110.6,45.91
2026-08-23T03:29:36,109.57,44.89
2026-08-23T03:29:37,109.55,44.87
2026-08-23T03:29:38,109.27,44.59
2026-08-23T03:29:39,108.68,44.01
2026-08-23T03:29:40,108.67,44.0
2026-08-23T03:29:41,109.68,44.99
2026-08-23T03:29:42,109.03,44.36
2026-08-23T03:29:43,108.63,43.97
2026-08-23T03:29:44,109.46,44.78
2026-08-23T03:29:45,108.97,44.3
2026-08-23T03:29:46,109.45,44.77
2026-08-23T03:29:47,109.42,44.74
2026-08-23T03:29:48,109.09,44.42
2026-08-23T03:29:49,109.26,44.58
2026-08-23T03:29:50,109.18,44.5
2026-08-23T03:29:51,109.3,44.62
2026-08-23T03:29:52,108.7,44.03
2026-08-23T03:29:53,108.54,43.87
2026-08-23T03:29:54,108.83,44.16
2026-08-23T03:29:55,109.21,44.53
2026-08-23T03:29:56,108.91,44.24
2026-08-23T03:29:57,108.44,43.78
2026-08-23T03:29:58,108.9,44.23
2026-08-23T03:29:59,108.68,44.01
2026-08-23T03:30:00,109.76,45.07
2026-08-23T03:30:01,109.74,45.06
2026-08-23T03:30:02,109.56,44.88
2026-08-23T03:30:03,109.37,44.69
2026-08-23T03:30:04,109.4,44.72
2026-08-23T03:30:05,110.06,45.37
2026-08-23T03:30:06,110.06,45.37
2026-08-23T03:30:07,109.98,45.29
2026-08-23T03:30:08,108.97,44.3
2026-08-23T03:30:09,109.69,45.01
2026-08-23T03:30:10,109.39,44.71
2026-08-23T03:30:11,110.39,45.7
2026-08-23T03:30:12,110.69,45.99
2026-08-23T03:30:13,111.79,47.07
2026-08-23T03:30:14,112.07,47.35
2026-08-23T03:30:15,113.18,48.45
2026-08-23T03:30:16,115.78,51.01
2026-08-23T03:30:17,119.32,54.5
2026-08-23T03:30:18,121.38,56.53
2026-08-23T03:30:19,123.39,58.51
2026-08-23T03:30:20,124.14,59.25
2026-08-23T03:30:21,124.69,59.79
2026-08-23T03:30:22,123.85,58.97
2026-08-23T03:30:23,121.22,56.37
2026-08-23T03:30:24,118.57,53.76
2026-08-23T03:30:25,117.23,52.44
2026-08-23T03:30:26,116.17,51.4
2026-08-23T03:30:27,115.09,50.33
2026-08-23T03:30:28,113.95,49.21
2026-08-23T03:30:29,114.07,49.32
2026-08-23T03:30:30,113.51,48.77
2026-08-23T03:30:31,112.81,48.08
2026-08-23T03:30:32,114.16,49.41
2026-08-23T03:30:33,114.99,50.23
2026-08-23T03:30:34,115.29,50.53
2026-08-23T03:30:35,113.58,48.85
2026-08-23T03:30:36,112.01,47.29
2026-08-23T03:30:37,113.09,48.36
2026-08-23T03:30:38,113.67,48.93
2026-08-23T03:30:39,111.9,47.19
2026-08-23T03:30:40,111.87,47.15
2026-08-23T03:30:41,111.62,46.91
2026-08-23T03:30:42,110.37,45.68
2026-08-23T03:30:43,110.34,45.65
2026-08-23T03:30:44,110.29,45.6
2026-08-23T03:30:45,110.57,45.88
2026-08-23T03:30:46,111.04,46.33
2026-08-23T03:30:47,109.7,45.02
2026-08-23T03:30:48,110.28,45.59
2026-08-23T03:30:49,110.0,45.31
2026-08-23T03:30:50,110.12,45.43
2026-08-23T03:30:51,110.43,45.73
2026-08-23T03:30:52,110.71,46.01
2026-08-23T03:30:53,110.7,46.01
2026-08-23T03:30:54,110.26,45.57
2026-08-23T03:30:55,111.0,46.29
2026-08-23T03:30:56,110.71,46.02
2026-08-23T03:30:57,111.09,46.39
2026-08-23T03:30:58,110.35,45.66
2026-08-23T03:30:59,110.06,45.37
2026-08-23T03:31:00,110.18,45.49
2026-08-23T03:31:01,111.07,46.37
2026-08-23T03:31:02,110.56,45.87
2026-08-23T03:31:03,110.61,45.92
2026-08-23T03:31:04,110.5,45.81
2026-08-23T03:31:05,109.93,45.25
2026-08-23T03:31:06,109.76,45.07
2026-08-23T03:31:07,109.45,44.77
2026-08-23T03:31:08,108.96,44.29
2026-08-23T03:31:09,109.51,44.83
2026-08-23T03:31:10,109.07,44.39
2026-08-23T03:31:11,109.57,44.89
2026-08-23T03:31:12,109.55,44.87
2026-08-23T03:31:13,109.57,44.89
2026-08-23T03:31:14,110.23,45.54
2026-08-23T03:31:15,109.57,44.89
2026-08-23T03:31:16,109.55,44.87
2026-08-23T03:31:17,109.58,44.9
2026-08-23T03:31:18,109.56,44.88
2026-08-23T03:31:19,109.72,45.04
2026-08-23T03:31:20,110.08,45.4
2026-08-23T03:31:21,109.88,45.19
2026-08-23T03:31:22,109.82,45.14
2026-08-23T03:31:23,110.11,45.43
2026-08-23T03:31:24,110.08,45.39
2026-08-23T03:31:25,109.77,45.09
2026-08-23T03:31:26,109.65,44.96
2026-08-23T03:31:27,109.55,44.87
2026-08-23T03:31:28,109.67,44.99
2026-08-23T03:31:29,109.14,44.47
2026-08-23T03:31:30,109.55,44.87
2026-08-23T03:31:31,109.23,44.56
2026-08-23T03:31:32,108.98,44.31
2026-08-23T03:31:33,108.79,44.12
2026-08-23T03:31:34,109.36,44.68
2026-08-23T03:31:35,109.59,44.91
2026-08-23T03:31:36,109.6,44.92
2026-08-23T03:31:37,109.37,44.69
2026-08-23T03:31:38,109.05,44.38
2026-08-23T03:31:39,109.47,44.79
2026-08-23T03:31:40,109.66,44.98
2026-08-23T03:31:41,110.52,45.82
2026-08-23T03:31:42,110.43,45.74
2026-08-23T03:31:43,110.44,45.75
2026-08-23T03:31:44,111.04,46.34
2026-08-23T03:31:45,110.36,45.67
2026-08-23T03:31:46,110.66,45.96
2026-08-23T03:31:47,110.24,45.55
2026-08-23T03:31:48,110.13,45.44
2026-08-23T03:31:49,110.32,45.63
2026-08-23T03:31:50,110.23,45.54
2026-08-23T03:31:51,109.97,45.28
2026-08-23T03:31:52,110.28,45.59
2026-08-23T03:31:53,110.53,45.83
2026-08-23T03:31:54,110.28,45.59
2026-08-23T03:31:55,109.77,45.08
2026-08-23T03:31:56,109.7,45.02
2026-08-23T03:31:57,109.26,44.59
2026-08-23T03:31:58,109.84,45.16
2026-08-23T03:31:59,109.34,44.66
2026-08-23T03:32:00,110.25,45.56
2026-08-23T03:32:01,110.03,45.34
2026-08-23T03:32:02,109.99,45.31
2026-08-23T03:32:03,109.41,44.74
2026-08-23T03:32:04,109.78,45.1
2026-08-23T03:32:05,109.78,45.1
2026-08-23T03:32:06,109.45,44.77
2026-08-23T03:32:07,109.64,44.96
2026-08-23T03:32:08,109.43,44.75
2026-08-23T03:32:09,109.25,44.58
2026-08-23T03:32:10,109.55,44.87
2026-08-23T03:32:11,109.14,44.47
2026-08-23T03:32:12,108.98,44.31
2026-08-23T03:32:13,109.02,44.34
2026-08-23T03:32:14,108.86,44.19
2026-08-23T03:32:15,109.38,44.7
2026-08-23T03:32:16,109.74,45.06
2026-08-23T03:32:17,110.16,45.47
2026-08-23T03:32:18,110.42,45.73
2026-08-23T03:32:19,109.7,45.02
2026-08-23T03:32:20,110.36,45.67
2026-08-23T03:32:21,109.23,44.55
2026-08-23T03:32:22,109.81,45.13
2026-08-23T03:32:23,110.0,45.31
2026-08-23T03:32:24,109.09,44.41
2026-08-23T03:32:25,108.83,44.16
2026-08-23T03:32:26,108.92,44.25
2026-08-23T03:32:27,109.04,44.37
2026-08-23T03:32:28,108.88,44.21
2026-08-23T03:32:29,108.79,44.12
2026-08-23T03:32:30,109.63,44.95
2026-08-23T03:32:31,108.98,44.3
2026-08-23T03:32:32,109.18,44.5
2026-08-23T03:32:33,109.91,45.22
2026-08-23T03:32:34,108.99,44.31
2026-08-23T03:32:35,108.78,44.11
2026-08-23T03:32:36,108.17,43.51
2026-08-23T03:32:37,108.53,43.86
2026-08-23T03:32:38,108.55,43.89
2026-08-23T03:32:39,108.58,43.91
2026-08-23T03:32:40,108.9,44.23
2026-08-23T03:32:41,108.9,44.23
2026-08-23T03:32:42,109.14,44.47
2026-08-23T03:32:43,109.05,44.38
2026-08-23T03:32:44,109.3,44.62
2026-08-23T03:32:45,109.42,44.74
2026-08-23T03:32:46,109.38,44.7
2026-08-23T03:32:47,109.52,44.84
2026-08-23T03:32:48,109.69,45.01
2026-08-23T03:32:49,109.73,45.05
2026-08-23T03:32:50,110.77,46.07
2026-08-23T03:32:51,110.66,45.97
2026-08-23T03:32:52,109.95,45.26
2026-08-23T03:32:53,109.14,44.47
2026-08-23T03:32:54,109.27,44.59
2026-08-23T03:32:55,109.42,44.74
2026-08-23T03:32:56,109.59,44.9
2026-08-23T03:32:57,109.59,44.91
2026-08-23T03:32:58,110.57,45.87
2026-08-23T03:32:59,109.74,45.06
2026-08-23T03:33:00,109.76,45.08
2026-08-23T03:33:01,109.32,44.65
2026-08-23T03:33:02,109.66,44.98
2026-08-23T03:33:03,110.62,45.92
2026-08-23T03:33:04,109.84,45.16
2026-08-23T03:33:05,109.87,45.18
2026-08-23T03:33:06,109.7,45.02
2026-08-23T03:33:07,109.31,44.63
2026-08-23T03:33:08,108.95,44.27
2026-08-23T03:33:09,109.64,44.96
2026-08-23T03:33:10,109.47,44.79
2026-08-23T03:33:11,110.09,45.4
2026-08-23T03:33:12,110.33,45.63
2026-08-23T03:33:13,110.39,45.7
2026-08-23T03:33:14,109.58,44.89
2026-08-23T03:33:15,110.6,45.9
2026-08-23T03:33:16,111.03,46.33
2026-08-23T03:33:17,110.42,45.73
2026-08-23T03:33:18,109.51,44.83
2026-08-23T03:33:19,109.62,44.94
2026-08-23T03:33:20,109.59,44.91
2026-08-23T03:33:21,109.83,45.15
2026-08-23T03:33:22,109.28,44.61
2026-08-23T03:33:23,109.1,44.43
2026-08-23T03:33:24,109.49,44.81
2026-08-23T03:33:25,109.26,44.58
2026-08-23T03:33:26,109.31,44.63
2026-08-23T03:33:27,109.87,45.18
2026-08-23T03:33:28,109.36,44.69
2026-08-23T03:33:29,109.97,45.28
2026-08-23T03:33:30,109.08,44.41
2026-08-23T03:33:31,109.09,44.42
2026-08-23T03:33:32,109.49,44.81
2026-08-23T03:33:33,109.78,45.1
2026-08-23T03:33:34,109.91,45.22
2026-08-23T03:33:35,109.98,45.29
2026-08-23T03:33:36,109.86,45.18
2026-08-23T03:33:37,110.31,45.62
2026-08-23T03:33:38,110.21,45.52
2026-08-23T03:33:39,109.97,45.28
2026-08-23T03:33:40,109.12,44.45
2026-08-23T03:33:41,109.4,44.73
2026-08-23T03:33:42,109.51,44.83
2026-08-23T03:33:43,109.6,44.92
2026-08-23T03:33:44,109.38,44.7
2026-08-23T03:33:45,108.97,44.3
2026-08-23T03:33:46,109.62,44.94
2026-08-23T03:33:47,109.57,44.89
2026-08-23T03:33:48,109.08,44.4
2026-08-23T03:33:49,109.17,44.5
2026-08-23T03:33:50,109.33,44.65
2026-08-23T03:33:51,109.32,44.64
2026-08-23T03:33:52,109.06,44.39
2026-08-23T03:33:53,108.98,44.31
2026-08-23T03:33:54,109.05,44.38
2026-08-23T03:33:55,109.17,44.5
2026-08-23T03:33:56,109.89,45.21
2026-08-23T03:33:57,109.54,44.86
2026-08-23T03:33:58,109.08,44.41
2026-08-23T03:33:59,109.47,44.8
2026-08-23T03:34:00,109.29,44.61
2026-08-23T03:34:01,109.68,45.0
2026-08-23T03:34:02,109.98,45.29
2026-08-23T03:34:03,109.94,45.25
2026-08-23T03:34:04,109.5,44.82
2026-08-23T03:34:05,109.59,44.91
2026-08-23T03:34:06,109.89,45.2
2026-08-23T03:34:07,109.54,44.86
2026-08-23T03:34:08,109.55,44.87
2026-08-23T03:34:09,109.34,44.67
2026-08-23T03:34:10,109.19,44.51
2026-08-23T03:34:11,110.11,45.42
2026-08-23T03:34:12,110.53,45.83
2026-08-23T03:34:13,110.3,45.6
2026-08-23T03:34:14,110.76,46.06
2026-08-23T03:34:15,109.57,44.89
2026-08-23T03:34:16,109.88,45.19
2026-08-23T03:34:17,109.55,44.87
2026-08-23T03:34:18,109.4,44.72
2026-08-23T03:34:19,109.31,44.63
2026-08-23T03:34:20,109.54,44.86
2026-08-23T03:34:21,110.25,45.56
2026-08-23T03:34:22,110.07,45.39
2026-08-23T03:34:23,109.86,45.18
2026-08-23T03:34:24,109.47,44.79
2026-08-23T03:34:25,109.47,44.79
2026-08-23T03:34:26,109.29,44.62
2026-08-23T03:34:27,108.86,44.19
2026-08-23T03:34:28,109.05,44.38
2026-08-23T03:34:29,109.12,44.45
2026-08-23T03:34:30,109.26,44.58
2026-08-23T03:34:31,109.13,44.46
2026-08-23T03:34:32,109.03,44.36
2026-08-23T03:34:33,109.21,44.54
2026-08-23T03:34:34,109.5,44.82
2026-08-23T03:34:35,109.9,45.21
2026-08-23T03:34:36,109.43,44.75
2026-08-23T03:34:37,109.21,44.53
2026-08-23T03:34:38,109.23,44.55
2026-08-23T03:34:39,108.94,44.27
2026-08-23T03:34:40,108.83,44.16
2026-08-23T03:34:41,108.96,44.29
2026-08-23T03:34:42,109.3,44.62
2026-08-23T03:34:43,109.28,44.61
2026-08-23T03:34:44,109.79,45.11
2026-08-23T03:34:45,109.78,45.1
2026-08-23T03:34:46,110.51,45.82
2026-08-23T03:34:47,110.28,45.59
2026-08-23T03:34:48,110.23,45.54
2026-08-23T03:34:49,110.01,45.33
2026-08-23T03:34:50,110.2,45.51
2026-08-23T03:34:51,109.74,45.06
2026-08-23T03:34:52,109.48,44.8
2026-08-23T03:34:53,108.7,44.03
2026-08-23T03:34:54,108.74,44.07
2026-08-23T03:34:55,109.1,44.42
2026-08-23T03:34:56,109.29,44.61
2026-08-23T03:34:57,109.41,44.74
2026-08-23T03:34:58,109.26,44.58
2026-08-23T03:34:59,108.97,44.3
2026-08-23T03:35:00,109.06,44.39
2026-08-23T03:35:01,109.02,44.34
2026-08-23T03:35:02,108.9,44.22
2026-08-23T03:35:03,108.96,44.29
2026-08-23T03:35:04,108.66,43.99
2026-08-23T03:35:05,108.44,43.78
2026-08-23T03:35:06,108.79,44.12
2026-08-23T03:35:07,108.57,43.9
2026-08-23T03:35:08,108.99,44.31
2026-08-23T03:35:09,108.51,43.84
2026-08-23T03:35:10,108.84,44.17
2026-08-23T03:35:11,109.28,44.6
2026-08-23T03:35:12,108.93,44.26
2026-08-23T03:35:13,109.46,44.78
2026-08-23T03:35:14,108.81,44.14
2026-08-23T03:35:15,108.53,43.87
2026-08-23T03:35:16,108.41,43.74
2026-08-23T03:35:17,108.36,43.69
2026-08-23T03:35:18,108.4,43.74
2026-08-23T03:35:19,108.35,43.69
2026-08-23T03:35:20,108.6,43.94
2026-08-23T03:35:21,108.54,43.87
2026-08-23T03:35:22,108.62,43.95
2026-08-23T03:35:23,108.51,43.84
2026-08-23T03:35:24,108.71,44.04
2026-08-23T03:35:25,108.7,44.04
2026-08-23T03:35:26,108.89,44.22
2026-08-23T03:35:27,108.66,43.99
2026-08-23T03:35:28,108.71,44.04
2026-08-23T03:35:29,108.56,43.89
2026-08-23T03:35:30,108.88,44.21
2026-08-23T03:35:31,109.35,44.68
2026-08-23T03:35:32,109.37,44.69
2026-08-23T03:35:33,109.29,44.61
2026-08-23T03:35:34,109.3,44.62
2026-08-23T03:35:35,108.85,44.18
2026-08-23T03:35:36,109.01,44.34
2026-08-23T03:35:37,108.87,44.2
2026-08-23T03:35:38,108.96,44.29
2026-08-23T03:35:39,108.91,44.24
2026-08-23T03:35:40,109.11,44.44
2026-08-23T03:35:41,109.61,44.93
2026-08-23T03:35:42,109.55,44.87
2026-08-23T03:35:43,109.24,44.56
2026-08-23T03:35:44,108.64,43.97
2026-08-23T03:35:45,108.58,43.92
2026-08-23T03:35:46,109.23,44.55
2026-08-23T03:35:47,109.02,44.34
2026-08-23T03:35:48,109.63,44.95
2026-08-23T03:35:49,108.96,44.28
2026-08-23T03:35:50,108.65,43.98
2026-08-23T03:35:51,109.36,44.68
2026-08-23T03:35:52,108.72,44.05
2026-08-23T03:35:53,108.45,43.79
2026-08-23T03:35:54,109.15,44.48
2026-08-23T03:35:55,109.61,44.93
2026-08-23T03:35:56,109.52,44.84
2026-08-23T03:35:57,109.72,45.03
2026-08-23T03:35:58,109.77,45.08
2026-08-23T03:35:59,109.53,44.85
2026-08-23T03:36:00,109.89,45.21
2026-08-23T03:36:01,109.3,44.62
2026-08-23T03:36:02,110.57,45.88
2026-08-23T03:36:03,109.91,45.22
2026-08-23T03:36:04,110.06,45.37
2026-08-23T03:36:05,109.51,44.83
2026-08-23T03:36:06,109.54,44.86
2026-08-23T03:36:07,110.03,45.34
2026-08-23T03:36:08,110.29,45.6
2026-08-23T03:36:09,110.67,45.97
2026-08-23T03:36:10,110.39,45.69
2026-08-23T03:36:11,110.5,45.81
2026-08-23T03:36:12,110.44,45.75
2026-08-23T03:36:13,109.5,44.82
2026-08-23T03:36:14,109.73,45.05
2026-08-23T03:36:15,109.48,44.8
2026-08-23T03:36:16,109.29,44.61
2026-08-23T03:36:17,109.52,44.84
2026-08-23T03:36:18,109.94,45.26
2026-08-23T03:36:19,110.32,45.63
2026-08-23T03:36:20,110.15,45.46
2026-08-23T03:36:21,109.57,44.89
2026-08-23T03:36:22,109.51,44.83
2026-08-23T03:36:23,109.58,44.9
2026-08-23T03:36:24,110.12,45.43
2026-08-23T03:36:25,109.83,45.15
2026-08-23T03:36:26,111.35,46.64
2026-08-23T03:36:27,111.49,46.78
2026-08-23T03:36:28,110.41,45.71
2026-08-23T03:36:29,109.64,44.96
2026-08-23T03:36:30,109.48,44.8
2026-08-23T03:36:31,110.77,46.08
2026-08-23T03:36:32,111.12,46.41
2026-08-23T03:36:33,110.47,45.78
2026-08-23T03:36:34,109.42,44.74
2026-08-23T03:36:35,109.78,45.09
2026-08-23T03:36:36,109.69,45.0
2026-08-23T03:36:37,109.18,44.51
2026-08-23T03:36:38,109.6,44.92
2026-08-23T03:36:39,109.04,44.37
2026-08-23T03:36:40,108.97,44.3
2026-08-23T03:36:41,109.1,44.43
2026-08-23T03:36:42,109.84,45.16
2026-08-23T03:36:43,110.35,45.65
2026-08-23T03:36:44,110.69,46.0
2026-08-23T03:36:45,110.75,46.06
2026-08-23T03:36:46,110.27,45.58
2026-08-23T03:36:47,109.91,45.22
2026-08-23T03:36:48,109.19,44.51
2026-08-23T03:36:49,109.55,44.87
2026-08-23T03:36:50,109.47,44.79
2026-08-23T03:36:51,109.72,45.04
2026-08-23T03:36:52,109.75,45.07
2026-08-23T03:36:53,109.64,44.96
2026-08-23T03:36:54,109.28,44.6
2026-08-23T03:36:55,109.42,44.74
2026-08-23T03:36:56,109.8,45.11
2026-08-23T03:36:57,109.58,44.9
2026-08-23T03:36:58,109.7,45.02
2026-08-23T03:36:59,110.3,45.6
2026-08-23T03:37:00,110.56,45.87
2026-08-23T03:37:01,110.99,46.29
2026-08-23T03:37:02,111.19,46.49
2026-08-23T03:37:03,113.79,49.05
2026-08-23T03:37:04,117.11,52.32
2026-08-23T03:37:05,122.39,57.53
2026-08-23T03:37:06,123.09,58.22
2026-08-23T03:37:07,125.13,60.22
2026-08-23T03:37:08,125.46,60.55
2026-08-23T03:37:09,123.29,58.41
2026-08-23T03:37:10,118.58,53.77
2026-08-23T03:37:11,116.28,51.5
2026-08-23T03:37:12,114.27,49.52
2026-08-23T03:37:13,115.17,50.41
2026-08-23T03:37:14,116.33,51.55
2026-08-23T03:37:15,116.61,51.83
2026-08-23T03:37:16,113.1,48.37
2026-08-23T03:37:17,111.89,47.18
2026-08-23T03:37:18,111.56,46.85
2026-08-23T03:37:19,110.97,46.27
2026-08-23T03:37:20,110.53,45.84
2026-08-23T03:37:21,110.09,45.4
2026-08-23T03:37:22,110.3,45.61
2026-08-23T03:37:23,109.99,45.3
2026-08-23T03:37:24,110.56,45.86
2026-08-23T03:37:25,112.13,47.41
2026-08-23T03:37:26,111.32,46.61
2026-08-23T03:37:27,111.02,46.32
2026-08-23T03:37:28,110.01,45.33
2026-08-23T03:37:29,109.83,45.15
2026-08-23T03:37:30,109.17,44.49
2026-08-23T03:37:31,109.2,44.53
2026-08-23T03:37:32,108.86,44.19
2026-08-23T03:37:33,108.71,44.04
2026-08-23T03:37:34,108.73,44.06
2026-08-23T03:37:35,108.4,43.74
2026-08-23T03:37:36,108.46,43.79
2026-08-23T03:37:37,108.2,43.54
2026-08-23T03:37:38,108.22,43.56
2026-08-23T03:37:39,108.7,44.03
2026-08-23T03:37:40,108.37,43.7
2026-08-23T03:37:41,108.45,43.79
2026-08-23T03:37:42,108.7,44.03
2026-08-23T03:37:43,108.88,44.2
2026-08-23T03:37:44,108.55,43.88
2026-08-23T03:37:45,108.82,44.15
2026-08-23T03:37:46,108.46,43.8
2026-08-23T03:37:47,108.69,44.02
2026-08-23T03:37:48,109.34,44.67
2026-08-23T03:37:49,109.24,44.56
2026-08-23T03:37:50,109.37,44.69
2026-08-23T03:37:51,109.51,44.83
2026-08-23T03:37:52,109.42,44.74
2026-08-23T03:37:53,109.98,45.29
2026-08-23T03:37:54,109.26,44.58
2026-08-23T03:37:55,109.16,44.49
2026-08-23T03:37:56,109.09,44.42
2026-08-23T03:37:57,109.4,44.72
2026-08-23T03:37:58,109.16,44.49
2026-08-23T03:37:59,109.94,45.25
2026-08-23T03:38:00,109.74,45.06
2026-08-23T03:38:01,109.51,44.83
2026-08-23T03:38:02,109.64,44.95
2026-08-23T03:38:03,109.31,44.63
2026-08-23T03:38:04,109.03,44.36
2026-08-23T03:38:05,108.95,44.28
2026-08-23T03:38:06,109.16,44.49
2026-08-23T03:38:07,109.54,44.86
2026-08-23T03:38:08,109.79,45.1
2026-08-23T03:38:09,110.54,45.85
2026-08-23T03:38:10,110.12,45.44
2026-08-23T03:38:11,109.66,44.98
2026-08-23T03:38:12,109.37,44.69
2026-08-23T03:38:13,109.08,44.41
2026-08-23T03:38:14,109.41,44.73
2026-08-23T03:38:15,109.1,44.43
2026-08-23T03:38:16,109.4,44.73
2026-08-23T03:38:17,110.4,45.71
2026-08-23T03:38:18,109.99,45.31
2026-08-23T03:38:19,109.68,45.0
2026-08-23T03:38:20,109.75,45.07
2026-08-23T03:38:21,109.76,45.08
2026-08-23T03:38:22,110.64,45.95
2026-08-23T03:38:23,109.99,45.3
2026-08-23T03:38:24,110.19,45.5
2026-08-23T03:38:25,109.57,44.89
2026-08-23T03:38:26,109.67,44.99
2026-08-23T03:38:27,109.57,44.89
2026-08-23T03:38:28,109.36,44.69
2026-08-23T03:38:29,109.28,44.6
2026-08-23T03:38:30,108.98,44.3
2026-08-23T03:38:31,109.39,44.71
2026-08-23T03:38:32,109.45,44.77
2026-08-23T03:38:33,109.11,44.44
2026-08-23T03:38:34,109.12,44.45
2026-08-23T03:38:35,109.36,44.68
2026-08-23T03:38:36,109.78,45.1
2026-08-23T03:38:37,109.43,44.75
2026-08-23T03:38:38,109.17,44.49
2026-08-23T03:38:39,109.01,44.34
2026-08-23T03:38:40,109.42,44.74
2026-08-23T03:38:41,109.0,44.33
2026-08-23T03:38:42,108.98,44.3
2026-08-23T03:38:43,108.94,44.27
2026-08-23T03:38:44,109.39,44.71
2026-08-23T03:38:45,109.55,44.87
2026-08-23T03:38:46,108.89,44.22
2026-08-23T03:38:47,109.07,44.39
2026-08-23T03:38:48,108.84,44.17
2026-08-23T03:38:49,108.85,44.18
2026-08-23T03:38:50,108.89,44.22
2026-08-23T03:38:51,108.95,44.28
2026-08-23T03:38:52,109.38,44.7
2026-08-23T03:38:53,108.93,44.26
2026-08-23T03:38:54,109.02,44.34
2026-08-23T03:38:55,108.86,44.19
2026-08-23T03:38:56,108.77,44.1
2026-08-23T03:38:57,108.8,44.13
2026-08-23T03:38:58,108.72,44.05
2026-08-23T03:38:59,109.2,44.53
2026-08-23T03:39:00,109.09,44.41
2026-08-23T03:39:01,108.3,43.64
2026-08-23T03:39:02,108.58,43.91
2026-08-23T03:39:03,108.33,43.66
2026-08-23T03:39:04,108.44,43.78
2026-08-23T03:39:05,108.51,43.84
2026-08-23T03:39:06,108.64,43.97
2026-08-23T03:39:07,108.07,43.41
2026-08-23T03:39:08,108.76,44.09
2026-08-23T03:39:09,108.65,43.98
2026-08-23T03:39:10,109.0,44.33
2026-08-23T03:39:11,108.66,43.99
2026-08-23T03:39:12,108.71,44.04
2026-08-23T03:39:13,108.77,44.1
2026-08-23T03:39:14,108.76,44.1
2026-08-23T03:39:15,108.38,43.71
2026-08-23T03:39:16,108.79,44.12
2026-08-23T03:39:17,108.93,44.26
2026-08-23T03:39:18,108.72,44.05
2026-08-23T03:39:19,109.52,44.84
2026-08-23T03:39:20,110.19,45.5
2026-08-23T03:39:21,110.03,45.34
2026-08-23T03:39:22,108.99,44.32
2026-08-23T03:39:23,108.38,43.71
2026-08-23T03:39:24,108.48,43.82
2026-08-23T03:39:25,108.53,43.86
2026-08-23T03:39:26,108.79,44.12
2026-08-23T03:39:27,108.91,44.24
2026-08-23T03:39:28,108.87,44.2
2026-08-23T03:39:29,108.94,44.26
2026-08-23T03:39:30,108.57,43.9
2026-08-23T03:39:31,108.47,43.81
2026-08-23T03:39:32,108.3,43.64
2026-08-23T03:39:33,108.63,43.96
2026-08-23T03:39:34,108.53,43.86
2026-08-23T03:39:35,108.75,44.08
2026-08-23T03:39:36,108.47,43.81
2026-08-23T03:39:37,108.6,43.94
2026-08-23T03:39:38,109.07,44.4
2026-08-23T03:39:39,108.74,44.07
2026-08-23T03:39:40,108.16,43.5
2026-08-23T03:39:41,108.33,43.66
2026-08-23T03:39:42,108.46,43.79
2026-08-23T03:39:43,108.37,43.71
2026-08-23T03:39:44,108.29,43.63
2026-08-23T03:39:45,108.81,44.14
2026-08-23T03:39:46,108.66,43.99
2026-08-23T03:39:47,108.3,43.64
2026-08-23T03:39:48,108.79,44.12
2026-08-23T03:39:49,108.79,44.12
2026-08-23T03:39:50,108.76,44.09
2026-08-23T03:39:51,108.79,44.12
2026-08-23T03:39:52,109.59,44.91
2026-08-23T03:39:53,109.07,44.4
2026-08-23T03:39:54,108.55,43.88
2026-08-23T03:39:55,108.41,43.75
2026-08-23T03:39:56,108.51,43.84
2026-08-23T03:39:57,108.64,43.97
2026-08-23T03:39:58,108.65,43.98
2026-08-23T03:39:59,108.79,44.12
2026-08-23T03:40:00,108.54,43.88
2026-08-23T03:40:01,108.52,43.86
2026-08-23T03:40:02,108.42,43.75
2026-08-23T03:40:03,108.73,44.06
2026-08-23T03:40:04,108.71,44.04
2026-08-23T03:40:05,108.87,44.2
2026-08-23T03:40:06,108.61,43.95
2026-08-23T03:40:07,108.84,44.17
2026-08-23T03:40:08,108.05,43.39
2026-08-23T03:40:09,107.99,43.33
2026-08-23T03:40:10,108.41,43.75
2026-08-23T03:40:11,108.01,43.35
2026-08-23T03:40:12,108.19,43.53
2026-08-23T03:40:13,108.51,43.84
2026-08-23T03:40:14,108.23,43.56
2026-08-23T03:40:15,108.19,43.53
2026-08-23T03:40:16,108.72,44.05
2026-08-23T03:40:17,109.59,44.9
2026-08-23T03:40:18,109.57,44.89
2026-08-23T03:40:19,109.68,44.99
2026-08-23T03:40:20,108.45,43.79
2026-08-23T03:40:21,108.7,44.03
2026-08-23T03:40:22,108.41,43.74
2026-08-23T03:40:23,108.48,43.82
2026-08-23T03:40:24,108.48,43.82
2026-08-23T03:40:25,108.56,43.89
2026-08-23T03:40:26,108.71,44.04
2026-08-23T03:40:27,108.93,44.26
2026-08-23T03:40:28,108.28,43.62
2026-08-23T03:40:29,108.22,43.56
2026-08-23T03:40:30,108.35,43.69
2026-08-23T03:40:31,108.45,43.78
2026-08-23T03:40:32,108.85,44.18
2026-08-23T03:40:33,108.79,44.12
2026-08-23T03:40:34,108.88,44.2
2026-08-23T03:40:35,109.05,44.38
2026-08-23T03:40:36,108.54,43.88
2026-08-23T03:40:37,108.41,43.74
2026-08-23T03:40:38,108.32,43.66
2026-08-23T03:40:39,108.57,43.9
2026-08-23T03:40:40,108.35,43.69
2026-08-23T03:40:41,108.62,43.95
2026-08-23T03:40:42,108.85,44.18
2026-08-23T03:40:43,108.59,43.93
2026-08-23T03:40:44,108.89,44.22
2026-08-23T03:40:45,108.95,44.28
2026-08-23T03:40:46,109.02,44.35
2026-08-23T03:40:47,108.37,43.71
2026-08-23T03:40:48,108.65,43.98
2026-08-23T03:40:49,108.59,43.93
2026-08-23T03:40:50,108.39,43.73
2026-08-23T03:40:51,108.51,43.84
2026-08-23T03:40:52,109.14,44.47
2026-08-23T03:40:53,109.09,44.42
2026-08-23T03:40:54,108.49,43.83
2026-08-23T03:40:55,108.85,44.18
2026-08-23T03:40:56,108.57,43.9
2026-08-23T03:40:57,108.41,43.75
2026-08-23T03:40:58,108.65,43.98
2026-08-23T03:40:59,108.37,43.71
2026-08-23T03:41:00,108.66,44.0
2026-08-23T03:41:01,109.71,45.03
2026-08-23T03:41:02,109.02,44.35
2026-08-23T03:41:03,109.38,44.7
2026-08-23T03:41:04,109.2,44.53
2026-08-23T03:41:05,109.15,44.48
2026-08-23T03:41:06,109.55,44.87
2026-08-23T03:41:07,109.27,44.59
2026-08-23T03:41:08,108.96,44.29
2026-08-23T03:41:09,109.33,44.65
2026-08-23T03:41:10,109.01,44.34
2026-08-23T03:41:11,108.96,44.29
2026-08-23T03:41:12,109.01,44.34
2026-08-23T03:41:13,108.9,44.23
2026-08-23T03:41:14,108.4,43.74
2026-08-23T03:41:15,108.48,43.81
2026-08-23T03:41:16,109.03,44.36
2026-08-23T03:41:17,108.56,43.9
2026-08-23T03:41:18,108.56,43.89
2026-08-23T03:41:19,108.7,44.03
2026-08-23T03:41:20,108.04,43.38
2026-08-23T03:41:21,108.61,43.94
2026-08-23T03:41:22,108.67,44.0
2026-08-23T03:41:23,108.94,44.27
2026-08-23T03:41:24,109.25,44.57
2026-08-23T03:41:25,108.58,43.92
2026-08-23T03:41:26,108.52,43.85
2026-08-23T03:41:27,108.39,43.73
2026-08-23T03:41:28,108.72,44.05
2026-08-23T03:41:29,108.6,43.93
2026-08-23T03:41:30,108.5,43.83
2026-08-23T03:41:31,108.68,44.01
2026-08-23T03:41:32,108.46,43.8
2026-08-23T03:41:33,108.71,44.04
2026-08-23T03:41:34,108.92,44.25
2026-08-23T03:41:35,108.57,43.9
2026-08-23T03:41:36,108.8,44.13
2026-08-23T03:41:37,109.12,44.45
2026-08-23T03:41:38,109.26,44.58
2026-08-23T03:41:39,108.33,43.67
2026-08-23T03:41:40,108.53,43.87
2026-08-23T03:41:41,108.96,44.28
2026-08-23T03:41:42,108.61,43.94
2026-08-23T03:41:43,108.87,44.2
2026-08-23T03:41:44,109.36,44.68
2026-08-23T03:41:45,109.1,44.43
2026-08-23T03:41:46,109.0,44.33
2026-08-23T03:41:47,108.8,44.13
2026-08-23T03:41:48,108.97,44.3
2026-08-23T03:41:49,109.37,44.69
2026-08-23T03:41:50,110.76,46.06
2026-08-23T03:41:51,111.23,46.53
2026-08-23T03:41:52,111.89,47.18
2026-08-23T03:41:53,113.84,49.1
2026-08-23T03:41:54,116.71,51.92
2026-08-23T03:41:55,120.78,55.94
2026-08-23T03:41:56,123.46,58.58
2026-08-23T03:41:57,125.67,60.76
2026-08-23T03:41:58,125.86,60.95
2026-08-23T03:41:59,123.93,59.04
2026-08-23T03:42:00,120.3,55.47
2026-08-23T03:42:01,117.93,53.13
2026-08-23T03:42:02,116.95,52.17
2026-08-23T03:42:03,115.05,50.29
2026-08-23T03:42:04,114.35,49.6
2026-08-23T03:42:05,114.22,49.48
2026-08-23T03:42:06,113.93,49.19
2026-08-23T03:42:07,112.3,47.58
2026-08-23T03:42:08,111.5,46.79
2026-08-23T03:42:09,111.37,46.67
2026-08-23T03:42:10,110.52,45.82
2026-08-23T03:42:11,109.84,45.15
2026-08-23T03:42:12,109.03,44.35
2026-08-23T03:42:13,110.06,45.37
2026-08-23T03:42:14,110.84,46.14
2026-08-23T03:42:15,110.45,45.76
2026-08-23T03:42:16,109.9,45.22
2026-08-23T03:42:17,109.09,44.41
2026-08-23T03:42:18,109.38,44.71
2026-08-23T03:42:19,109.21,44.53
2026-08-23T03:42:20,109.01,44.33
2026-08-23T03:42:21,109.24,44.56
2026-08-23T03:42:22,109.42,44.74
2026-08-23T03:42:23,109.52,44.84
2026-08-23T03:42:24,109.0,44.33
2026-08-23T03:42:25,109.3,44.63
2026-08-23T03:42:26,109.21,44.53
2026-08-23T03:42:27,108.71,44.04
2026-08-23T03:42:28,108.92,44.25
2026-08-23T03:42:29,108.99,44.32
2026-08-23T03:42:30,108.93,44.26
2026-08-23T03:42:31,108.65,43.99
2026-08-23T03:42:32,108.76,44.09
2026-08-23T03:42:33,108.85,44.18
2026-08-23T03:42:34,108.47,43.81
2026-08-23T03:42:35,108.78,44.11
2026-08-23T03:42:36,108.48,43.82
2026-08-23T03:42:37,108.69,44.02
2026-08-23T03:42:38,108.31,43.65
2026-08-23T03:42:39,108.65,43.98
2026-08-23T03:42:40,108.69,44.03
2026-08-23T03:42:41,108.8,44.13
2026-08-23T03:42:42,108.91,44.24
2026-08-23T03:42:43,108.92,44.25
2026-08-23T03:42:44,109.23,44.56
2026-08-23T03:42:45,109.24,44.57
2026-08-23T03:42:46,108.86,44.19
2026-08-23T03:42:47,108.88,44.21
2026-08-23T03:42:48,108.85,44.18
2026-08-23T03:42:49,108.79,44.12
2026-08-23T03:42:50,108.64,43.97
2026-08-23T03:42:51,108.76,44.09
2026-08-23T03:42:52,108.98,44.31
2026-08-23T03:42:53,108.84,44.17
2026-08-23T03:42:54,109.15,44.48
2026-08-23T03:42:55,108.59,43.92
2026-08-23T03:42:56,108.92,44.25
2026-08-23T03:42:57,108.84,44.17
2026-08-23T03:42:58,108.82,44.15
2026-08-23T03:42:59,109.08,44.41
2026-08-23T03:43:00,108.73,44.06
2026-08-23T03:43:01,108.85,44.18
2026-08-23T03:43:02,108.54,43.87
2026-08-23T03:43:03,108.99,44.32
2026-08-23T03:43:04,108.69,44.02
2026-08-23T03:43:05,108.51,43.84
2026-08-23T03:43:06,108.45,43.78
2026-08-23T03:43:07,108.85,44.18
2026-08-23T03:43:08,108.92,44.24
2026-08-23T03:43:09,108.73,44.06
2026-08-23T03:43:10,108.73,44.06
2026-08-23T03:43:11,108.79,44.12
2026-08-23T03:43:12,108.47,43.8
2026-08-23T03:43:13,108.45,43.78
2026-08-23T03:43:14,108.97,44.3
2026-08-23T03:43:15,108.63,43.96
2026-08-23T03:43:16,108.79,44.12
2026-08-23T03:43:17,109.54,44.86
2026-08-23T03:43:18,110.12,45.44
2026-08-23T03:43:19,109.73,45.05
2026-08-23T03:43:20,109.78,45.09
2026-08-23T03:43:21,109.98,45.3
2026-08-23T03:43:22,110.27,45.58
2026-08-23T03:43:23,111.51,46.8
2026-08-23T03:43:24,110.28,45.59
2026-08-23T03:43:25,109.55,44.86
2026-08-23T03:43:26,109.55,44.87
2026-08-23T03:43:27,109.44,44.76
2026-08-23T03:43:28,109.06,44.38
2026-08-23T03:43:29,109.71,45.03
2026-08-23T03:43:30,109.77,45.09
2026-08-23T03:43:31,109.37,44.69
2026-08-23T03:43:32,109.4,44.73
2026-08-23T03:43:33,108.86,44.19
2026-08-23T03:43:34,109.23,44.56
2026-08-23T03:43:35,108.95,44.28
2026-08-23T03:43:36,109.52,44.84
2026-08-23T03:43:37,109.67,44.99
2026-08-23T03:43:38,108.89,44.22
2026-08-23T03:43:39,109.49,44.81
2026-08-23T03:43:40,109.37,44.69
2026-08-23T03:43:41,109.55,44.87
2026-08-23T03:43:42,109.77,45.09
2026-08-23T03:43:43,109.38,44.7
2026-08-23T03:43:44,109.19,44.52
2026-08-23T03:43:45,109.24,44.56
2026-08-23T03:43:46,109.4,44.72
2026-08-23T03:43:47,108.81,44.14
2026-08-23T03:43:48,109.16,44.48
2026-08-23T03:43:49,108.83,44.16
2026-08-23T03:43:50,109.13,44.45
2026-08-23T03:43:51,108.27,43.61
2026-08-23T03:43:52,108.82,44.15
2026-08-23T03:43:53,108.55,43.88
2026-08-23T03:43:54,108.69,44.02
2026-08-23T03:43:55,108.66,43.99
2026-08-23T03:43:56,108.83,44.16
2026-08-23T03:43:57,108.81,44.14
2026-08-23T03:43:58,109.08,44.41
2026-08-23T03:43:59,108.93,44.26
2026-08-23T03:44:00,108.99,44.32
2026-08-23T03:44:01,109.04,44.37
2026-08-23T03:44:02,109.04,44.36
2026-08-23T03:44:03,108.9,44.23
2026-08-23T03:44:04,108.79,44.12
2026-08-23T03:44:05,108.63,43.97
2026-08-23T03:44:06,108.95,44.27
2026-08-23T03:44:07,108.86,44.19
2026-08-23T03:44:08,108.73,44.07
2026-08-23T03:44:09,108.98,44.31
2026-08-23T03:44:10,109.02,44.35
2026-08-23T03:44:11,108.45,43.78
2026-08-23T03:44:12,108.53,43.86
2026-08-23T03:44:13,108.49,43.82
2026-08-23T03:44:14,109.16,44.49
2026-08-23T03:44:15,109.22,44.55
2026-08-23T03:44:16,108.83,44.16
2026-08-23T03:44:17,108.41,43.75
2026-08-23T03:44:18,108.72,44.05
2026-08-23T03:44:19,109.41,44.73
2026-08-23T03:44:20,108.82,44.15
2026-08-23T03:44:21,108.91,44.24
2026-08-23T03:44:22,108.7,44.03
2026-08-23T03:44:23,109.33,44.65
2026-08-23T03:44:24,108.94,44.27
2026-08-23T03:44:25,108.96,44.29
2026-08-23T03:44:26,108.75,44.08
2026-08-23T03:44:27,109.03,44.36
2026-08-23T03:44:28,108.99,44.31
2026-08-23T03:44:29,108.6,43.94
2026-08-23T03:44:30,108.9,44.23
2026-08-23T03:44:31,109.19,44.52
2026-08-23T03:44:32,109.84,45.15
2026-08-23T03:44:33,109.01,44.34
2026-08-23T03:44:34,109.48,44.8
2026-08-23T03:44:35,108.87,44.2
2026-08-23T03:44:36,108.9,44.23
2026-08-23T03:44:37,109.29,44.62
2026-08-23T03:44:38,109.0,44.33
2026-08-23T03:44:39,108.7,44.03
2026-08-23T03:44:40,109.05,44.38
2026-08-23T03:44:41,109.0,44.33
2026-08-23T03:44:42,108.59,43.93
2026-08-23T03:44:43,108.49,43.82
2026-08-23T03:44:44,108.82,44.15
2026-08-23T03:44:45,109.29,44.62
2026-08-23T03:44:46,108.98,44.31
2026-08-23T03:44:47,109.1,44.43
2026-08-23T03:44:48,108.59,43.92
2026-08-23T03:44:49,109.45,44.77
2026-08-23T03:44:50,108.78,44.11
2026-08-23T03:44:51,108.43,43.76
2026-08-23T03:44:52,109.29,44.62
2026-08-23T03:44:53,108.5,43.83
2026-08-23T03:44:54,109.39,44.71
2026-08-23T03:44:55,108.69,44.02
2026-08-23T03:44:56,109.04,44.37
2026-08-23T03:44:57,108.63,43.97
2026-08-23T03:44:58,108.96,44.29
2026-08-23T03:44:59,109.25,44.58
2026-08-23T03:45:00,108.88,44.21
2026-08-23T03:45:01,109.34,44.67
2026-08-23T03:45:02,108.45,43.78
2026-08-23T03:45:03,109.0,44.33
2026-08-23T03:45:04,109.39,44.72
2026-08-23T03:45:05,108.92,44.25
2026-08-23T03:45:06,109.46,44.78
2026-08-23T03:45:07,109.56,44.88
2026-08-23T03:45:08,109.71,45.03
2026-08-23T03:45:09,109.56,44.88
2026-08-23T03:45:10,108.65,43.98
2026-08-23T03:45:11,109.24,44.56
2026-08-23T03:45:12,108.58,43.92
2026-08-23T03:45:13,108.6,43.93
2026-08-23T03:45:14,108.01,43.35
2026-08-23T03:45:15,108.68,44.01
2026-08-23T03:45:16,108.79,44.12
2026-08-23T03:45:17,108.61,43.94
2026-08-23T03:45:18,108.36,43.69
2026-08-23T03:45:19,109.0,44.33
2026-08-23T03:45:20,109.13,44.46
2026-08-23T03:45:21,108.82,44.15
2026-08-23T03:45:22,108.88,44.21
2026-08-23T03:45:23,108.53,43.86
2026-08-23T03:45:24,108.8,44.13
2026-08-23T03:45:25,108.93,44.26
2026-08-23T03:45:26,109.23,44.56
2026-08-23T03:45:27,109.42,44.75
2026-08-23T03:45:28,108.35,43.68
2026-08-23T03:45:29,109.02,44.35
2026-08-23T03:45:30,109.01,44.33
2026-08-23T03:45:31,108.81,44.14
2026-08-23T03:45:32,108.98,44.31
2026-08-23T03:45:33,108.63,43.96
2026-08-23T03:45:34,108.9,44.23
2026-08-23T03:45:35,108.85,44.18
2026-08-23T03:45:36,108.6,43.94
2026-08-23T03:45:37,108.88,44.21
2026-08-23T03:45:38,110.14,45.45
2026-08-23T03:45:39,111.22,46.51
2026-08-23T03:45:40,112.45,47.73
2026-08-23T03:45:41,112.47,47.74
2026-08-23T03:45:42,113.16,48.42
2026-08-23T03:45:43,114.75,49.99
2026-08-23T03:45:44,118.61,53.8
2026-08-23T03:45:45,123.26,58.38
2026-08-23T03:45:46,125.12,60.22
2026-08-23T03:45:47,126.22,61.3
2026-08-23T03:45:48,126.34,61.42
2026-08-23T03:45:49,125.22,60.32
2026-08-23T03:45:50,121.83,56.97
2026-08-23T03:45:51,118.71,53.9
2026-08-23T03:45:52,117.21,52.42
2026-08-23T03:45:53,115.48,50.71
2026-08-23T03:45:54,114.86,50.11
2026-08-23T03:45:55,113.44,48.71
2026-08-23T03:45:56,115.43,50.66
2026-08-23T03:45:57,112.24,47.52
2026-08-23T03:45:58,111.19,46.49
2026-08-23T03:45:59,111.53,46.82
2026-08-23T03:46:00,111.67,46.96
2026-08-23T03:46:01,111.14,46.43
2026-08-23T03:46:02,110.97,46.27
2026-08-23T03:46:03,110.43,45.74
2026-08-23T03:46:04,110.99,46.29
2026-08-23T03:46:05,111.71,46.99
2026-08-23T03:46:06,111.59,46.88
2026-08-23T03:46:07,110.44,45.75
2026-08-23T03:46:08,110.07,45.38
2026-08-23T03:46:09,109.67,44.99
2026-08-23T03:46:10,109.18,44.5
2026-08-23T03:46:11,109.51,44.83
2026-08-23T03:46:12,109.82,45.14
2026-08-23T03:46:13,109.4,44.72
2026-08-23T03:46:14,109.56,44.88
2026-08-23T03:46:15,109.02,44.35
2026-08-23T03:46:16,109.63,44.95
2026-08-23T03:46:17,109.48,44.8
2026-08-23T03:46:18,108.77,44.1
2026-08-23T03:46:19,109.24,44.56
2026-08-23T03:46:20,109.8,45.11
2026-08-23T03:46:21,109.7,45.02
2026-08-23T03:46:22,109.62,44.94
2026-08-23T03:46:23,108.84,44.17
2026-08-23T03:46:24,108.84,44.17
2026-08-23T03:46:25,109.25,44.57
2026-08-23T03:46:26,108.89,44.22
2026-08-23T03:46:27,109.2,44.52
2026-08-23T03:46:28,109.23,44.56
2026-08-23T03:46:29,109.37,44.69
2026-08-23T03:46:30,108.87,44.2
2026-08-23T03:46:31,108.8,44.13
2026-08-23T03:46:32,108.56,43.9
2026-08-23T03:46:33,108.91,44.24
2026-08-23T03:46:34,108.69,44.03
2026-08-23T03:46:35,108.73,44.06
2026-08-23T03:46:36,108.53,43.87
2026-08-23T03:46:37,108.23,43.57
2026-08-23T03:46:38,108.63,43.96
2026-08-23T03:46:39,109.0,44.33
2026-08-23T03:46:40,108.98,44.3
2026-08-23T03:46:41,108.76,44.09
2026-08-23T03:46:42,108.55,43.89
2026-08-23T03:46:43,108.77,44.1
2026-08-23T03:46:44,108.78,44.11
2026-08-23T03:46:45,109.24,44.57
2026-08-23T03:46:46,109.13,44.46
2026-08-23T03:46:47,109.29,44.62
2026-08-23T03:46:48,109.14,44.47
2026-08-23T03:46:49,108.96,44.29
2026-08-23T03:46:50,109.05,44.37
2026-08-23T03:46:51,108.69,44.03
2026-08-23T03:46:52,109.12,44.44
2026-08-23T03:46:53,109.24,44.56
2026-08-23T03:46:54,108.8,44.13
2026-08-23T03:46:55,108.52,43.85
2026-08-23T03:46:56,108.36,43.7
2026-08-23T03:46:57,108.58,43.91
2026-08-23T03:46:58,108.69,44.02
2026-08-23T03:46:59,108.57,43.91
2026-08-23T03:47:00,109.09,44.41
2026-08-23T03:47:01,108.54,43.87
2026-08-23T03:47:02,108.74,44.07
2026-08-23T03:47:03,108.91,44.24
2026-08-23T03:47:04,109.06,44.39
2026-08-23T03:47:05,108.65,43.98
2026-08-23T03:47:06,109.08,44.41
2026-08-23T03:47:07,108.59,43.93
2026-08-23T03:47:08,108.72,44.05
2026-08-23T03:47:09,108.46,43.8
2026-08-23T03:47:10,108.61,43.94
2026-08-23T03:47:11,109.08,44.4
2026-08-23T03:47:12,108.54,43.87
2026-08-23T03:47:13,108.9,44.23
2026-08-23T03:47:14,108.94,44.27
2026-08-23T03:47:15,109.07,44.4
2026-08-23T03:47:16,108.66,43.99
2026-08-23T03:47:17,108.89,44.22
2026-08-23T03:47:18,108.76,44.09
2026-08-23T03:47:19,108.82,44.15
2026-08-23T03:47:20,108.83,44.16
2026-08-23T03:47:21,108.87,44.2
2026-08-23T03:47:22,108.47,43.8
2026-08-23T03:47:23,108.51,43.84
2026-08-23T03:47:24,108.54,43.87
2026-08-23T03:47:25,108.87,44.2
2026-08-23T03:47:26,108.5,43.83
2026-08-23T03:47:27,108.22,43.56
2026-08-23T03:47:28,108.86,44.19
2026-08-23T03:47:29,110.46,45.76
2026-08-23T03:47:30,109.26,44.59
2026-08-23T03:47:31,109.74,45.06
2026-08-23T03:47:32,109.46,44.78
2026-08-23T03:47:33,109.68,45.0
2026-08-23T03:47:34,109.48,44.8
2026-08-23T03:47:35,109.71,45.03
2026-08-23T03:47:36,109.55,44.87
2026-08-23T03:47:37,109.21,44.53
2026-08-23T03:47:38,109.38,44.7
2026-08-23T03:47:39,109.11,44.43
2026-08-23T03:47:40,108.67,44.01
2026-08-23T03:47:41,108.85,44.18
2026-08-23T03:47:42,109.44,44.76
2026-08-23T03:47:43,109.74,45.05
2026-08-23T03:47:44,109.3,44.62
2026-08-23T03:47:45,109.25,44.58
2026-08-23T03:47:46,109.27,44.59
2026-08-23T03:47:47,109.42,44.74
2026-08-23T03:47:48,109.37,44.69
2026-08-23T03:47:49,109.29,44.61
2026-08-23T03:47:50,108.97,44.3
2026-08-23T03:47:51,109.35,44.67
2026-08-23T03:47:52,109.15,44.47
2026-08-23T03:47:53,108.99,44.31
2026-08-23T03:47:54,108.98,44.31
2026-08-23T03:47:55,108.87,44.2
2026-08-23T03:47:56,109.77,45.09
2026-08-23T03:47:57,110.01,45.32
2026-08-23T03:47:58,109.37,44.7
2026-08-23T03:47:59,108.98,44.31
2026-08-23T03:48:00,108.94,44.27
2026-08-23T03:48:01,109.16,44.49
2026-08-23T03:48:02,109.1,44.43
2026-08-23T03:48:03,109.13,44.46
2026-08-23T03:48:04,108.78,44.11
2026-08-23T03:48:05,108.85,44.18
2026-08-23T03:48:06,108.54,43.88
2026-08-23T03:48:07,108.63,43.97
2026-08-23T03:48:08,108.72,44.05
2026-08-23T03:48:09,108.78,44.11
2026-08-23T03:48:10,109.36,44.68
2026-08-23T03:48:11,109.08,44.41
2026-08-23T03:48:12,108.91,44.24
2026-08-23T03:48:13,108.84,44.17
2026-08-23T03:48:14,109.11,44.44
2026-08-23T03:48:15,108.91,44.24
2026-08-23T03:48:16,109.01,44.34
2026-08-23T03:48:17,108.65,43.98
2026-08-23T03:48:18,108.58,43.92
2026-08-23T03:48:19,108.75,44.08
2026-08-23T03:48:20,108.9,44.23
2026-08-23T03:48:21,108.65,43.98
2026-08-23T03:48:22,108.88,44.2
2026-08-23T03:48:23,108.55,43.88
2026-08-23T03:48:24,108.71,44.05
2026-08-23T03:48:25,108.68,44.01
2026-08-23T03:48:26,108.22,43.56
2026-08-23T03:48:27,108.45,43.79
2026-08-23T03:48:28,108.63,43.97
2026-08-23T03:48:29,108.46,43.8
2026-08-23T03:48:30,108.85,44.18
2026-08-23T03:48:31,108.48,43.82
2026-08-23T03:48:32,108.96,44.29
2026-08-23T03:48:33,109.01,44.34
2026-08-23T03:48:34,108.79,44.12
2026-08-23T03:48:35,108.61,43.94
2026-08-23T03:48:36,108.56,43.89
2026-08-23T03:48:37,108.93,44.26
2026-08-23T03:48:38,108.76,44.09
2026-08-23T03:48:39,108.49,43.82
2026-08-23T03:48:40,108.5,43.83
2026-08-23T03:48:41,108.74,44.07
2026-08-23T03:48:42,108.87,44.2
2026-08-23T03:48:43,109.26,44.58
2026-08-23T03:48:44,108.82,44.15
2026-08-23T03:48:45,108.94,44.26
2026-08-23T03:48:46,109.13,44.45
2026-08-23T03:48:47,109.22,44.55
2026-08-23T03:48:48,109.45,44.78
2026-08-23T03:48:49,108.99,44.32
2026-08-23T03:48:50,109.2,44.53
2026-08-23T03:48:51,109.06,44.38
2026-08-23T03:48:52,108.45,43.79
2026-08-23T03:48:53,108.26,43.6
2026-08-23T03:48:54,108.46,43.79
2026-08-23T03:48:55,108.49,43.83
2026-08-23T03:48:56,108.79,44.12
2026-08-23T03:48:57,108.46,43.79
2026-08-23T03:48:58,108.34,43.68
2026-08-23T03:48:59,108.28,43.62
2026-08-23T03:49:00,108.36,43.69
2026-08-23T03:49:01,108.76,44.09
2026-08-23T03:49:02,108.9,44.23
2026-08-23T03:49:03,108.9,44.23
2026-08-23T03:49:04,108.67,44.0
2026-08-23T03:49:05,108.33,43.66
2026-08-23T03:49:06,108.13,43.47
2026-08-23T03:49:07,108.52,43.86
2026-08-23T03:49:08,108.34,43.68
2026-08-23T03:49:09,108.84,44.17
2026-08-23T03:49:10,108.51,43.84
2026-08-23T03:49:11,109.04,44.37
2026-08-23T03:49:12,109.57,44.89
2026-08-23T03:49:13,109.28,44.6
2026-08-23T03:49:14,109.38,44.7
2026-08-23T03:49:15,108.76,44.1
2026-08-23T03:49:16,109.35,44.67
2026-08-23T03:49:17,108.71,44.05
2026-08-23T03:49:18,109.27,44.59
2026-08-23T03:49:19,109.18,44.5
2026-08-23T03:49:20,108.85,44.18
2026-08-23T03:49:21,108.47,43.8
2026-08-23T03:49:22,109.3,44.62
2026-08-23T03:49:23,109.06,44.38
2026-08-23T03:49:24,108.75,44.08
2026-08-23T03:49:25,108.6,43.94
2026-08-23T03:49:26,108.65,43.98
2026-08-23T03:49:27,109.13,44.46
2026-08-23T03:49:28,108.75,44.08
2026-08-23T03:49:29,108.84,44.17
2026-08-23T03:49:30,109.04,44.37
2026-08-23T03:49:31,109.04,44.37
2026-08-23T03:49:32,108.7,44.03
2026-08-23T03:49:33,108.74,44.07
2026-08-23T03:49:34,108.81,44.14
2026-08-23T03:49:35,108.42,43.75
2026-08-23T03:49:36,108.94,44.27
2026-08-23T03:49:37,108.63,43.96
2026-08-23T03:49:38,108.91,44.24
2026-08-23T03:49:39,108.89,44.22
2026-08-23T03:49:40,108.83,44.16
2026-08-23T03:49:41,108.75,44.08
2026-08-23T03:49:42,108.44,43.77
2026-08-23T03:49:43,108.64,43.97
2026-08-23T03:49:44,108.58,43.91
2026-08-23T03:49:45,108.3,43.64
2026-08-23T03:49:46,108.49,43.83
2026-08-23T03:49:47,108.63,43.96
2026-08-23T03:49:48,108.88,44.2
2026-08-23T03:49:49,108.57,43.91
2026-08-23T03:49:50,108.32,43.66
2026-08-23T03:49:51,108.21,43.55
2026-08-23T03:49:52,108.49,43.82
2026-08-23T03:49:53,108.54,43.87
2026-08-23T03:49:54,108.98,44.31
2026-08-23T03:49:55,108.78,44.11
2026-08-23T03:49:56,108.92,44.25
2026-08-23T03:49:57,109.04,44.36
2026-08-23T03:49:58,109.82,45.14
2026-08-23T03:49:59,109.97,45.28
2026-08-23T03:50:00,109.96,45.27
2026-08-23T03:50:01,109.17,44.5
2026-08-23T03:50:02,108.62,43.95
2026-08-23T03:50:03,108.88,44.21
2026-08-23T03:50:04,109.32,44.64
2026-08-23T03:50:05,110.07,45.38
2026-08-23T03:50:06,109.9,45.21
2026-08-23T03:50:07,109.88,45.2
2026-08-23T03:50:08,109.82,45.14
2026-08-23T03:50:09,109.28,44.6
2026-08-23T03:50:10,109.35,44.67
2026-08-23T03:50:11,109.26,44.58
2026-08-23T03:50:12,109.28,44.6
2026-08-23T03:50:13,109.14,44.47
2026-08-23T03:50:14,109.24,44.57
2026-08-23T03:50:15,109.29,44.61
2026-08-23T03:50:16,109.48,44.8
2026-08-23T03:50:17,109.09,44.41
2026-08-23T03:50:18,108.64,43.97
2026-08-23T03:50:19,109.03,44.36
2026-08-23T03:50:20,109.48,44.8
2026-08-23T03:50:21,109.94,45.25
2026-08-23T03:50:22,109.65,44.96
2026-08-23T03:50:23,109.65,44.96
2026-08-23T03:50:24,109.12,44.44
2026-08-23T03:50:25,109.46,44.78
2026-08-23T03:50:26,109.29,44.62
2026-08-23T03:50:27,109.37,44.69
2026-08-23T03:50:28,109.55,44.87
2026-08-23T03:50:29,109.32,44.64
2026-08-23T03:50:30,109.46,44.78
2026-08-23T03:50:31,109.4,44.72
2026-08-23T03:50:32,109.32,44.65
2026-08-23T03:50:33,108.97,44.3
2026-08-23T03:50:34,109.36,44.68
2026-08-23T03:50:35,109.86,45.18
2026-08-23T03:50:36,109.76,45.07
2026-08-23T03:50:37,109.24,44.56
2026-08-23T03:50:38,109.21,44.53
2026-08-23T03:50:39,109.2,44.52
2026-08-23T03:50:40,109.05,44.37
2026-08-23T03:50:41,108.55,43.88
2026-08-23T03:50:42,108.16,43.5
2026-08-23T03:50:43,109.0,44.33
2026-08-23T03:50:44,108.92,44.25
2026-08-23T03:50:45,108.75,44.08
2026-08-23T03:50:46,109.27,44.59
2026-08-23T03:50:47,109.62,44.94
2026-08-23T03:50:48,109.35,44.68
2026-08-23T03:50:49,109.57,44.89
2026-08-23T03:50:50,109.35,44.67
2026-08-23T03:50:51,109.23,44.55
2026-08-23T03:50:52,109.33,44.66
2026-08-23T03:50:53,109.11,44.43
2026-08-23T03:50:54,108.82,44.15
2026-08-23T03:50:55,109.02,44.35
2026-08-23T03:50:56,109.52,44.84
2026-08-23T03:50:57,109.49,44.81
2026-08-23T03:50:58,108.76,44.09
2026-08-23T03:50:59,109.04,44.37
2026-08-23T03:51:00,108.56,43.89
2026-08-23T03:51:01,108.61,43.94
2026-08-23T03:51:02,108.39,43.72
2026-08-23T03:51:03,108.55,43.89
2026-08-23T03:51:04,108.61,43.95
2026-08-23T03:51:05,108.37,43.71
2026-08-23T03:51:06,108.88,44.2
2026-08-23T03:51:07,108.08,43.42
2026-08-23T03:51:08,108.49,43.83
2026-08-23T03:51:09,108.34,43.67
2026-08-23T03:51:10,108.96,44.29
2026-08-23T03:51:11,108.53,43.86
2026-08-23T03:51:12,108.23,43.57
2026-08-23T03:51:13,108.81,44.14
2026-08-23T03:51:14,108.36,43.7
2026-08-23T03:51:15,108.65,43.98
2026-08-23T03:51:16,108.32,43.65
2026-08-23T03:51:17,108.97,44.3
2026-08-23T03:51:18,108.75,44.08
2026-08-23T03:51:19,108.75,44.08
2026-08-23T03:51:20,108.47,43.8
2026-08-23T03:51:21,108.9,44.23
2026-08-23T03:51:22,108.52,43.85
2026-08-23T03:51:23,108.7,44.03
2026-08-23T03:51:24,108.44,43.77
2026-08-23T03:51:25,108.33,43.67
2026-08-23T03:51:26,108.56,43.89
2026-08-23T03:51:27,108.51,43.84
2026-08-23T03:51:28,108.39,43.73
2026-08-23T03:51:29,108.43,43.76
2026-08-23T03:51:30,108.84,44.17
2026-08-23T03:51:31,108.56,43.89
2026-08-23T03:51:32,108.56,43.89
2026-08-23T03:51:33,108.58,43.91
2026-08-23T03:51:34,108.98,44.31
2026-08-23T03:51:35,108.62,43.96
2026-08-23T03:51:36,108.76,44.09
2026-08-23T03:51:37,108.99,44.31
2026-08-23T03:51:38,108.49,43.82
2026-08-23T03:51:39,108.75,44.08
2026-08-23T03:51:40,108.74,44.07
2026-08-23T03:51:41,108.68,44.02
2026-08-23T03:51:42,108.73,44.06
2026-08-23T03:51:43,108.84,44.17
2026-08-23T03:51:44,108.67,44.01
2026-08-23T03:51:45,108.61,43.94
2026-08-23T03:51:46,108.66,44.0
2026-08-23T03:51:47,109.12,44.44
2026-08-23T03:51:48,108.74,44.07
2026-08-23T03:51:49,108.58,43.92
2026-08-23T03:51:50,109.1,44.42
2026-08-23T03:51:51,109.01,44.33
2026-08-23T03:51:52,108.88,44.21
2026-08-23T03:51:53,108.45,43.78
2026-08-23T03:51:54,108.79,44.12
2026-08-23T03:51:55,108.83,44.16
2026-08-23T03:51:56,108.93,44.26
2026-08-23T03:51:57,108.75,44.08
2026-08-23T03:51:58,108.8,44.13
2026-08-23T03:51:59,108.79,44.12
2026-08-23T03:52:00,109.12,44.44
2026-08-23T03:52:01,109.02,44.34
2026-08-23T03:52:02,108.93,44.26
2026-08-23T03:52:03,109.45,44.77
2026-08-23T03:52:04,109.39,44.72
2026-08-23T03:52:05,109.35,44.68
2026-08-23T03:52:06,109.08,44.4
2026-08-23T03:52:07,108.69,44.02
2026-08-23T03:52:08,109.21,44.53
2026-08-23T03:52:09,109.22,44.55
2026-08-23T03:52:10,109.15,44.48
2026-08-23T03:52:11,109.05,44.38
2026-08-23T03:52:12,109.34,44.66
2026-08-23T03:52:13,109.58,44.9
2026-08-23T03:52:14,109.23,44.55
2026-08-23T03:52:15,109.11,44.44
2026-08-23T03:52:16,109.16,44.48
2026-08-23T03:52:17,108.76,44.09
2026-08-23T03:52:18,109.11,44.43
2026-08-23T03:52:19,109.13,44.46
2026-08-23T03:52:20,108.71,44.05
2026-08-23T03:52:21,108.77,44.1
2026-08-23T03:52:22,109.23,44.56
2026-08-23T03:52:23,109.49,44.81
2026-08-23T03:52:24,109.2,44.53
2026-08-23T03:52:25,109.34,44.67
2026-08-23T03:52:26,109.66,44.98
2026-08-23T03:52:27,109.49,44.81
2026-08-23T03:52:28,109.33,44.66
2026-08-23T03:52:29,109.52,44.84
2026-08-23T03:52:30,109.38,44.71
2026-08-23T03:52:31,109.42,44.74
2026-08-23T03:52:32,109.39,44.71
2026-08-23T03:52:33,109.31,44.64
2026-08-23T03:52:34,108.75,44.08
2026-08-23T03:52:35,108.89,44.22
2026-08-23T03:52:36,109.13,44.45
2026-08-23T03:52:37,109.47,44.8
2026-08-23T03:52:38,109.65,44.97
2026-08-23T03:52:39,109.49,44.81
2026-08-23T03:52:40,109.29,44.61
2026-08-23T03:52:41,110.01,45.33
2026-08-23T03:52:42,110.86,46.16
2026-08-23T03:52:43,110.22,45.53
2026-08-23T03:52:44,109.73,45.05
2026-08-23T03:52:45,109.36,44.68
2026-08-23T03:52:46,110.46,45.76
2026-08-23T03:52:47,110.21,45.52
2026-08-23T03:52:48,109.23,44.55
2026-08-23T03:52:49,109.04,44.37
2026-08-23T03:52:50,109.46,44.78
2026-08-23T03:52:51,108.96,44.29
2026-08-23T03:52:52,109.33,44.66
2026-08-23T03:52:53,109.57,44.89
2026-08-23T03:52:54,109.74,45.06
2026-08-23T03:52:55,109.38,44.7
2026-08-23T03:52:56,109.74,45.06
2026-08-23T03:52:57,109.49,44.81
2026-08-23T03:52:58,109.36,44.68
2026-08-23T03:52:59,109.2,44.53
2026-08-23T03:53:00,109.67,44.99
2026-08-23T03:53:01,109.26,44.58
2026-08-23T03:53:02,109.3,44.62
2026-08-23T03:53:03,109.29,44.61
2026-08-23T03:53:04,109.41,44.73
2026-08-23T03:53:05,109.29,44.61
2026-08-23T03:53:06,109.28,44.6
2026-08-23T03:53:07,109.37,44.69
2026-08-23T03:53:08,109.38,44.7
2026-08-23T03:53:09,109.75,45.07
2026-08-23T03:53:10,109.67,44.99
2026-08-23T03:53:11,109.53,44.85
2026-08-23T03:53:12,109.23,44.55
2026-08-23T03:53:13,109.43,44.75
2026-08-23T03:53:14,109.63,44.95
2026-08-23T03:53:15,109.43,44.75
2026-08-23T03:53:16,109.06,44.39
2026-08-23T03:53:17,108.85,44.18
2026-08-23T03:53:18,109.31,44.64
2026-08-23T03:53:19,109.51,44.83
2026-08-23T03:53:20,110.02,45.33
2026-08-23T03:53:21,109.97,45.28
2026-08-23T03:53:22,109.62,44.93
2026-08-23T03:53:23,110.91,46.21
2026-08-23T03:53:24,111.11,46.41
2026-08-23T03:53:25,111.0,46.3
2026-08-23T03:53:26,111.58,46.87
2026-08-23T03:53:27,113.08,48.35
2026-08-23T03:53:28,115.6,50.84
2026-08-23T03:53:29,116.84,52.06
2026-08-23T03:53:30,119.69,54.86
2026-08-23T03:53:31,122.33,57.47
2026-08-23T03:53:32,127.28,62.35
2026-08-23T03:53:33,128.56,63.61
2026-08-23T03:53:34,127.42,62.48
2026-08-23T03:53:35,121.5,56.65
2026-08-23T03:53:36,116.98,52.19
2026-08-23T03:53:37,113.66,48.92
2026-08-23T03:53:38,111.91,47.19
2026-08-23T03:53:39,112.49,47.76
2026-08-23T03:53:40,111.37,46.66
2026-08-23T03:53:41,109.81,45.13
2026-08-23T03:53:42,109.35,44.67
2026-08-23T03:53:43,109.39,44.71
2026-08-23T03:53:44,110.02,45.34
2026-08-23T03:53:45,109.25,44.57
2026-08-23T03:53:46,108.95,44.27
2026-08-23T03:53:47,109.0,44.33
2026-08-23T03:53:48,109.58,44.89
2026-08-23T03:53:49,109.11,44.44
2026-08-23T03:53:50,109.66,44.98
2026-08-23T03:53:51,109.68,45.0
2026-08-23T03:53:52,109.55,44.87
2026-08-23T03:53:53,109.22,44.55
2026-08-23T03:53:54,108.86,44.19
2026-08-23T03:53:55,108.88,44.21
2026-08-23T03:53:56,108.58,43.92
2026-08-23T03:53:57,109.01,44.34
2026-08-23T03:53:58,108.84,44.17
2026-08-23T03:53:59,108.93,44.26
2026-08-23T03:54:00,109.27,44.6
2026-08-23T03:54:01,109.67,44.99
2026-08-23T03:54:02,109.1,44.43
2026-08-23T03:54:03,109.29,44.61
2026-08-23T03:54:04,109.19,44.52
2026-08-23T03:54:05,109.29,44.61
2026-08-23T03:54:06,109.41,44.73
2026-08-23T03:54:07,108.72,44.05
2026-08-23T03:54:08,108.64,43.97
2026-08-23T03:54:09,108.69,44.02
2026-08-23T03:54:10,108.95,44.28
2026-08-23T03:54:11,108.74,44.07
2026-08-23T03:54:12,108.39,43.73
2026-08-23T03:54:13,108.68,44.01
2026-08-23T03:54:14,108.76,44.09
2026-08-23T03:54:15,108.54,43.87
2026-08-23T03:54:16,108.92,44.25
2026-08-23T03:54:17,108.57,43.9
2026-08-23T03:54:18,108.62,43.95
2026-08-23T03:54:19,108.23,43.57
2026-08-23T03:54:20,109.13,44.45
2026-08-23T03:54:21,108.82,44.15
2026-08-23T03:54:22,109.3,44.62
2026-08-23T03:54:23,108.74,44.07
2026-08-23T03:54:24,108.97,44.29
2026-08-23T03:54:25,109.2,44.52
2026-08-23T03:54:26,109.3,44.62
2026-08-23T03:54:27,108.94,44.27
2026-08-23T03:54:28,109.68,45.0
2026-08-23T03:54:29,109.42,44.74
2026-08-23T03:54:30,109.23,44.56
2026-08-23T03:54:31,109.13,44.45
2026-08-23T03:54:32,109.03,44.35
2026-08-23T03:54:33,109.16,44.49
2026-08-23T03:54:34,108.66,43.99
2026-08-23T03:54:35,108.76,44.09
2026-08-23T03:54:36,108.68,44.01
2026-08-23T03:54:37,108.53,43.86
2026-08-23T03:54:38,109.2,44.52
2026-08-23T03:54:39,108.73,44.06
2026-08-23T03:54:40,108.57,43.9
2026-08-23T03:54:41,108.88,44.21
2026-08-23T03:54:42,108.47,43.81
2026-08-23T03:54:43,108.83,44.16
2026-08-23T03:54:44,108.18,43.52
2026-08-23T03:54:45,108.72,44.05
2026-08-23T03:54:46,108.91,44.24
2026-08-23T03:54:47,108.9,44.23
2026-08-23T03:54:48,108.96,44.28
2026-08-23T03:54:49,109.0,44.33
2026-08-23T03:54:50,108.73,44.06
2026-08-23T03:54:51,108.73,44.06
2026-08-23T03:54:52,108.83,44.16
2026-08-23T03:54:53,108.67,44.0
2026-08-23T03:54:54,108.63,43.96
2026-08-23T03:54:55,108.7,44.04
2026-08-23T03:54:56,109.27,44.59
2026-08-23T03:54:57,109.1,44.43
2026-08-23T03:54:58,108.93,44.26
2026-08-23T03:54:59,108.54,43.87
2026-08-23T03:55:00,108.48,43.82
2026-08-23T03:55:01,108.53,43.86
2026-08-23T03:55:02,108.69,44.02
2026-08-23T03:55:03,108.55,43.88
2026-08-23T03:55:04,108.56,43.89
2026-08-23T03:55:05,108.16,43.5
2026-08-23T03:55:06,108.43,43.77
2026-08-23T03:55:07,108.47,43.81
2026-08-23T03:55:08,108.45,43.79
2026-08-23T03:55:09,108.3,43.64
2026-08-23T03:55:10,108.6,43.93
2026-08-23T03:55:11,108.31,43.65
2026-08-23T03:55:12,108.45,43.78
2026-08-23T03:55:13,108.44,43.78
2026-08-23T03:55:14,108.63,43.96
2026-08-23T03:55:15,108.41,43.74
2026-08-23T03:55:16,108.36,43.69
2026-08-23T03:55:17,108.34,43.68
2026-08-23T03:55:18,107.95,43.3
2026-08-23T03:55:19,108.23,43.57
2026-08-23T03:55:20,108.33,43.66
2026-08-23T03:55:21,108.87,44.19
2026-08-23T03:55:22,108.3,43.64
2026-08-23T03:55:23,108.62,43.96
2026-08-23T03:55:24,108.43,43.77
2026-08-23T03:55:25,108.23,43.57
2026-08-23T03:55:26,108.6,43.94
2026-08-23T03:55:27,108.43,43.77
2026-08-23T03:55:28,108.32,43.66
2026-08-23T03:55:29,107.89,43.24
2026-08-23T03:55:30,107.88,43.23
2026-08-23T03:55:31,107.9,43.25
2026-08-23T03:55:32,108.37,43.71
2026-08-23T03:55:33,108.6,43.93
2026-08-23T03:55:34,108.18,43.51
2026-08-23T03:55:35,108.26,43.6
2026-08-23T03:55:36,108.38,43.72
2026-08-23T03:55:37,108.6,43.93
2026-08-23T03:55:38,108.44,43.77
2026-08-23T03:55:39,108.42,43.75
2026-08-23T03:55:40,108.23,43.57
2026-08-23T03:55:41,108.55,43.88
2026-08-23T03:55:42,108.38,43.72
2026-08-23T03:55:43,108.14,43.48
2026-08-23T03:55:44,108.25,43.59
2026-08-23T03:55:45,108.1,43.44
2026-08-23T03:55:46,108.29,43.62
2026-08-23T03:55:47,108.02,43.37
2026-08-23T03:55:48,108.5,43.84
2026-08-23T03:55:49,107.8,43.14
2026-08-23T03:55:50,108.18,43.52
2026-08-23T03:55:51,108.56,43.9
2026-08-23T03:55:52,108.22,43.56
2026-08-23T03:55:53,108.21,43.55
2026-08-23T03:55:54,108.44,43.78
2026-08-23T03:55:55,108.12,43.46
2026-08-23T03:55:56,108.49,43.83
2026-08-23T03:55:57,108.39,43.73
2026-08-23T03:55:58,108.29,43.63
2026-08-23T03:55:59,108.38,43.72
2026-08-23T03:56:00,108.39,43.72
2026-08-23T03:56:01,107.97,43.31
2026-08-23T03:56:02,108.36,43.7
2026-08-23T03:56:03,108.0,43.34
2026-08-23T03:56:04,108.25,43.58
2026-08-23T03:56:05,108.15,43.49
2026-08-23T03:56:06,108.21,43.55
2026-08-23T03:56:07,108.36,43.69
2026-08-23T03:56:08,108.45,43.78
2026-08-23T03:56:09,108.52,43.85
2026-08-23T03:56:10,108.32,43.66
2026-08-23T03:56:11,108.39,43.73
2026-08-23T03:56:12,108.29,43.63
2026-08-23T03:56:13,108.36,43.69
2026-08-23T03:56:14,108.7,44.03
2026-08-23T03:56:15,108.67,44.0
2026-08-23T03:56:16,108.06,43.41
2026-08-23T03:56:17,108.6,43.93
2026-08-23T03:56:18,108.26,43.59
2026-08-23T03:56:19,108.87,44.2
2026-08-23T03:56:20,108.88,44.21
2026-08-23T03:56:21,109.24,44.57
2026-08-23T03:56:22,109.32,44.64
2026-08-23T03:56:23,109.36,44.69
2026-08-23T03:56:24,109.06,44.39
2026-08-23T03:56:25,108.95,44.28
2026-08-23T03:56:26,109.26,44.58
2026-08-23T03:56:27,109.78,45.1
2026-08-23T03:56:28,109.79,45.11
2026-08-23T03:56:29,109.41,44.73
2026-08-23T03:56:30,109.14,44.46
2026-08-23T03:56:31,109.48,44.8
2026-08-23T03:56:32,109.37,44.69
2026-08-23T03:56:33,109.07,44.4
2026-08-23T03:56:34,109.05,44.37
2026-08-23T03:56:35,109.04,44.37
2026-08-23T03:56:36,109.51,44.83
2026-08-23T03:56:37,109.34,44.66
2026-08-23T03:56:38,109.72,45.04
2026-08-23T03:56:39,110.01,45.32
2026-08-23T03:56:40,111.47,46.76
2026-08-23T03:56:41,111.03,46.33
2026-08-23T03:56:42,109.75,45.06
2026-08-23T03:56:43,109.85,45.17
2026-08-23T03:56:44,109.88,45.2
2026-08-23T03:56:45,109.86,45.18
2026-08-23T03:56:46,109.29,44.62
2026-08-23T03:56:47,108.77,44.1
2026-08-23T03:56:48,108.74,44.07
2026-08-23T03:56:49,108.91,44.24
2026-08-23T03:56:50,109.83,45.14
2026-08-23T03:56:51,110.31,45.62
2026-08-23T03:56:52,109.64,44.96
2026-08-23T03:56:53,110.68,45.98
2026-08-23T03:56:54,110.48,45.79
2026-08-23T03:56:55,109.33,44.66
2026-08-23T03:56:56,108.76,44.09
2026-08-23T03:56:57,108.9,44.23
2026-08-23T03:56:58,109.5,44.82
2026-08-23T03:56:59,109.07,44.39
2026-08-23T03:57:00,108.94,44.26
2026-08-23T03:57:01,108.77,44.1
2026-08-23T03:57:02,109.18,44.51
2026-08-23T03:57:03,108.95,44.28
2026-08-23T03:57:04,109.25,44.57
2026-08-23T03:57:05,109.36,44.68
2026-08-23T03:57:06,108.73,44.06
2026-08-23T03:57:07,109.7,45.02
2026-08-23T03:57:08,108.7,44.04
2026-08-23T03:57:09,108.72,44.05
2026-08-23T03:57:10,108.88,44.21
2026-08-23T03:57:11,109.41,44.73
2026-08-23T03:57:12,110.94,46.24
2026-08-23T03:57:13,108.67,44.0
2026-08-23T03:57:14,108.82,44.15
2026-08-23T03:57:15,109.29,44.61
2026-08-23T03:57:16,109.41,44.73
2026-08-23T03:57:17,109.83,45.14
2026-08-23T03:57:18,110.55,45.85
2026-08-23T03:57:19,108.87,44.2
2026-08-23T03:57:20,108.76,44.09
2026-08-23T03:57:21,108.97,44.3
2026-08-23T03:57:22,108.99,44.32
2026-08-23T03:57:23,108.62,43.95
2026-08-23T03:57:24,108.48,43.81
2026-08-23T03:57:25,108.53,43.86
2026-08-23T03:57:26,108.88,44.21
2026-08-23T03:57:27,109.12,44.44
2026-08-23T03:57:28,109.78,45.1
2026-08-23T03:57:29,109.43,44.75
2026-08-23T03:57:30,109.07,44.4
2026-08-23T03:57:31,108.78,44.11
2026-08-23T03:57:32,109.15,44.48
2026-08-23T03:57:33,108.85,44.18
2026-08-23T03:57:34,109.07,44.39
2026-08-23T03:57:35,108.9,44.22
2026-08-23T03:57:36,109.29,44.61
2026-08-23T03:57:37,109.21,44.53
2026-08-23T03:57:38,109.61,44.93
2026-08-23T03:57:39,109.58,44.9
2026-08-23T03:57:40,111.18,46.48
2026-08-23T03:57:41,112.0,47.28
2026-08-23T03:57:42,112.42,47.7
2026-08-23T03:57:43,112.71,47.98
2026-08-23T03:57:44,114.87,50.11
2026-08-23T03:57:45,119.72,54.9
2026-08-23T03:57:46,122.65,57.78
2026-08-23T03:57:47,124.53,59.64
2026-08-23T03:57:48,125.31,60.4
2026-08-23T03:57:49,125.63,60.72
2026-08-23T03:57:50,123.65,58.77
2026-08-23T03:57:51,119.48,54.66
2026-08-23T03:57:52,117.33,52.54
2026-08-23T03:57:53,115.42,50.65
2026-08-23T03:57:54,114.0,49.26
2026-08-23T03:57:55,113.32,48.59
2026-08-23T03:57:56,112.96,48.23
2026-08-23T03:57:57,111.49,46.78
2026-08-23T03:57:58,110.91,46.21
2026-08-23T03:57:59,110.47,45.78
2026-08-23T03:58:00,110.12,45.43
2026-08-23T03:58:01,110.68,45.98
2026-08-23T03:58:02,110.47,45.77
2026-08-23T03:58:03,110.22,45.53
2026-08-23T03:58:04,110.2,45.51
2026-08-23T03:58:05,110.17,45.48
2026-08-23T03:58:06,109.67,44.99
2026-08-23T03:58:07,109.55,44.87
2026-08-23T03:58:08,109.56,44.88
2026-08-23T03:58:09,109.76,45.08
2026-08-23T03:58:10,110.33,45.64
2026-08-23T03:58:11,109.35,44.68
2026-08-23T03:58:12,109.67,44.98
2026-08-23T03:58:13,109.25,44.57
2026-08-23T03:58:14,109.69,45.01
2026-08-23T03:58:15,110.3,45.61
2026-08-23T03:58:16,111.09,46.38
2026-08-23T03:58:17,111.28,46.57
2026-08-23T03:58:18,111.46,46.75
2026-08-23T03:58:19,110.99,46.29
2026-08-23T03:58:20,110.73,46.03
2026-08-23T03:58:21,109.95,45.26
2026-08-23T03:58:22,110.3,45.61
2026-08-23T03:58:23,110.53,45.83
2026-08-23T03:58:24,110.15,45.46
2026-08-23T03:58:25,109.99,45.3
2026-08-23T03:58:26,110.0,45.32
2026-08-23T03:58:27,109.63,44.95
2026-08-23T03:58:28,109.44,44.76
2026-08-23T03:58:29,109.63,44.95
2026-08-23T03:58:30,110.55,45.85
2026-08-23T03:58:31,110.9,46.2
2026-08-23T03:58:32,112.05,47.34
2026-08-23T03:58:33,111.34,46.64
2026-08-23T03:58:34,110.38,45.69
2026-08-23T03:58:35,109.82,45.14
2026-08-23T03:58:36,110.26,45.57
2026-08-23T03:58:37,110.69,45.99
2026-08-23T03:58:38,110.31,45.62
2026-08-23T03:58:39,109.81,45.12
2026-08-23T03:58:40,110.18,45.49
2026-08-23T03:58:41,110.58,45.88
2026-08-23T03:58:42,110.42,45.73
2026-08-23T03:58:43,111.86,47.14
2026-08-23T03:58:44,112.86,48.13
2026-08-23T03:58:45,114.39,49.65
2026-08-23T03:58:46,115.43,50.66
2026-08-23T03:58:47,116.71,51.92
2026-08-23T03:58:48,119.08,54.26
2026-08-23T03:58:49,120.49,55.66
2026-08-23T03:58:50,122.39,57.53
2026-08-23T03:58:51,126.1,61.19
2026-08-23T03:58:52,127.02,62.09
2026-08-23T03:58:53,126.85,61.92
2026-08-23T03:58:54,121.56,56.71
2026-08-23T03:58:55,118.63,53.82
2026-08-23T03:58:56,115.69,50.92
2026-08-23T03:58:57,112.73,48.01
2026-08-23T03:58:58,112.09,47.37
2026-08-23T03:58:59,112.1,47.38
2026-08-23T03:59:00,110.99,46.29
2026-08-23T03:59:01,109.81,45.12
2026-08-23T03:59:02,109.73,45.05
2026-08-23T03:59:03,109.08,44.41
2026-08-23T03:59:04,108.68,44.01
2026-08-23T03:59:05,108.56,43.9
2026-08-23T03:59:06,108.46,43.8
2026-08-23T03:59:07,108.44,43.77
2026-08-23T03:59:08,108.01,43.35
2026-08-23T03:59:09,108.4,43.74
2026-08-23T03:59:10,108.21,43.55
2026-08-23T03:59:11,108.11,43.45
2026-08-23T03:59:12,107.9,43.25
2026-08-23T03:59:13,107.72,43.07
2026-08-23T03:59:14,107.89,43.23
2026-08-23T03:59:15,108.15,43.49
2026-08-23T03:59:16,108.07,43.41
2026-08-23T03:59:17,108.54,43.88
2026-08-23T03:59:18,108.41,43.74
2026-08-23T03:59:19,108.36,43.7
2026-08-23T03:59:20,108.92,44.25
2026-08-23T03:59:21,108.46,43.79
2026-08-23T03:59:22,108.74,44.07
2026-08-23T03:59:23,108.64,43.97
2026-08-23T03:59:24,108.46,43.8
2026-08-23T03:59:25,108.49,43.83
2026-08-23T03:59:26,108.16,43.5
2026-08-23T03:59:27,108.65,43.99
2026-08-23T03:59:28,108.41,43.74
2026-08-23T03:59:29,108.31,43.65
2026-08-23T03:59:30,108.79,44.12
2026-08-23T03:59:31,108.65,43.98
2026-08-23T03:59:32,108.87,44.2
2026-08-23T03:59:33,108.99,44.32
2026-08-23T03:59:34,107.81,43.16
2026-08-23T03:59:35,107.95,43.29
2026-08-23T03:59:36,108.29,43.62
2026-08-23T03:59:37,107.93,43.28
2026-08-23T03:59:38,108.05,43.39
2026-08-23T03:59:39,108.82,44.15
2026-08-23T03:59:40,108.2,43.53
2026-08-23T03:59:41,108.16,43.5
2026-08-23T03:59:42,108.49,43.83
2026-08-23T03:59:43,108.35,43.69
2026-08-23T03:59:44,108.09,43.43
2026-08-23T03:59:45,108.58,43.91
2026-08-23T03:59:46,108.19,43.53
2026-08-23T03:59:47,108.36,43.7
2026-08-23T03:59:48,108.33,43.66
2026-08-23T03:59:49,107.77,43.12
2026-08-23T03:59:50,108.09,43.43
2026-08-23T03:59:51,108.29,43.63
2026-08-23T03:59:52,108.1,43.44
2026-08-23T03:59:53,108.13,43.47
2026-08-23T03:59:54,108.18,43.52
2026-08-23T03:59:55,107.97,43.31
2026-08-23T03:59:56,108.22,43.56
2026-08-23T03:59:57,108.02,43.36
2026-08-23T03:59:58,107.78,43.13
2026-08-23T03:59:59,107.88,43.23
2026-08-23T04:00:00,108.31,43.65
2026-08-23T04:00:01,108.5,43.83
2026-08-23T04:00:02,108.45,43.78
2026-08-23T04:00:03,108.77,44.1
2026-08-23T04:00:04,108.45,43.79
2026-08-23T04:00:05,108.69,44.02
2026-08-23T04:00:06,108.61,43.94
2026-08-23T04:00:07,108.8,44.13
2026-08-23T04:00:08,108.39,43.73
2026-08-23T04:00:09,108.29,43.63
2026-08-23T04:00:10,108.15,43.49
2026-08-23T04:00:11,108.17,43.51
2026-08-23T04:00:12,108.75,44.08
2026-08-23T04:00:13,108.3,43.64
2026-08-23T04:00:14,108.16,43.5
2026-08-23T04:00:15,108.5,43.83
2026-08-23T04:00:16,108.55,43.88
2026-08-23T04:00:17,108.63,43.96
2026-08-23T04:00:18,108.75,44.08
2026-08-23T04:00:19,108.81,44.14
2026-08-23T04:00:20,108.93,44.26
2026-08-23T04:00:21,108.44,43.77
2026-08-23T04:00:22,108.43,43.77
2026-08-23T04:00:23,108.8,44.13
2026-08-23T04:00:24,108.41,43.75
2026-08-23T04:00:25,108.53,43.86
2026-08-23T04:00:26,108.61,43.94
2026-08-23T04:00:27,108.9,44.23
2026-08-23T04:00:28,108.38,43.71
2026-08-23T04:00:29,109.12,44.44
2026-08-23T04:00:30,109.19,44.52
2026-08-23T04:00:31,109.14,44.47
2026-08-23T04:00:32,108.46,43.79
2026-08-23T04:00:33,108.68,44.01
2026-08-23T04:00:34,108.8,44.13
2026-08-23T04:00:35,109.03,44.36
2026-08-23T04:00:36,108.9,44.23
2026-08-23T04:00:37,109.18,44.51
2026-08-23T04:00:38,109.37,44.69
2026-08-23T04:00:39,108.88,44.21
2026-08-23T04:00:40,108.41,43.75
2026-08-23T04:00:41,108.83,44.16
2026-08-23T04:00:42,108.75,44.08
2026-08-23T04:00:43,108.64,43.97
2026-08-23T04:00:44,108.93,44.26
2026-08-23T04:00:45,108.59,43.92
2026-08-23T04:00:46,108.66,44.0
2026-08-23T04:00:47,108.44,43.78
2026-08-23T04:00:48,108.51,43.84
2026-08-23T04:00:49,108.72,44.06
2026-08-23T04:00:50,108.85,44.18
2026-08-23T04:00:51,108.9,44.23
2026-08-23T04:00:52,109.18,44.5
2026-08-23T04:00:53,108.27,43.61
2026-08-23T04:00:54,108.22,43.56
2026-08-23T04:00:55,108.5,43.83
2026-08-23T04:00:56,108.28,43.62
2026-08-23T04:00:57,108.77,44.1
2026-08-23T04:00:58,108.51,43.84
2026-08-23T04:00:59,108.7,44.04
2026-08-23T04:01:00,109.01,44.33
2026-08-23T04:01:01,109.41,44.74
2026-08-23T04:01:02,108.85,44.18
2026-08-23T04:01:03,108.69,44.02
2026-08-23T04:01:04,109.08,44.4
2026-08-23T04:01:05,109.26,44.58
2026-08-23T04:01:06,108.94,44.27
2026-08-23T04:01:07,108.82,44.15
2026-08-23T04:01:08,108.5,43.84
2026-08-23T04:01:09,109.09,44.42
2026-08-23T04:01:10,108.86,44.19
2026-08-23T04:01:11,109.39,44.71
2026-08-23T04:01:12,108.61,43.94
2026-08-23T04:01:13,108.63,43.97
2026-08-23T04:01:14,108.94,44.26
2026-08-23T04:01:15,109.07,44.39
2026-08-23T04:01:16,108.81,44.14
2026-08-23T04:01:17,108.83,44.16
2026-08-23T04:01:18,109.04,44.37
2026-08-23T04:01:19,109.16,44.48
2026-08-23T04:01:20,109.29,44.62
2026-08-23T04:01:21,108.44,43.78
2026-08-23T04:01:22,108.9,44.23
2026-08-23T04:01:23,108.98,44.31
2026-08-23T04:01:24,109.05,44.38
2026-08-23T04:01:25,108.73,44.06
2026-08-23T04:01:26,108.81,44.14
2026-08-23T04:01:27,108.38,43.71
2026-08-23T04:01:28,108.72,44.05
2026-08-23T04:01:29,108.52,43.85
2026-08-23T04:01:30,108.68,44.01
2026-08-23T04:01:31,109.05,44.38
2026-08-23T04:01:32,108.92,44.25
2026-08-23T04:01:33,108.69,44.02
2026-08-23T04:01:34,108.79,44.12
2026-08-23T04:01:35,108.17,43.5
2026-08-23T04:01:36,108.31,43.64
2026-08-23T04:01:37,108.18,43.52
2026-08-23T04:01:38,108.71,44.04
2026-08-23T04:01:39,108.53,43.86
2026-08-23T04:01:40,108.68,44.01
2026-08-23T04:01:41,108.49,43.83
2026-08-23T04:01:42,108.63,43.96
2026-08-23T04:01:43,108.43,43.77
2026-08-23T04:01:44,108.79,44.12
2026-08-23T04:01:45,108.62,43.95
2026-08-23T04:01:46,108.77,44.1
2026-08-23T04:01:47,108.37,43.7
2026-08-23T04:01:48,108.41,43.75
2026-08-23T04:01:49,108.41,43.74
2026-08-23T04:01:50,108.5,43.83
2026-08-23T04:01:51,108.88,44.2
2026-08-23T04:01:52,108.73,44.06
2026-08-23T04:01:53,108.58,43.92
2026-08-23T04:01:54,108.39,43.72
2026-08-23T04:01:55,108.16,43.5
2026-08-23T04:01:56,108.43,43.77
2026-08-23T04:01:57,108.11,43.45
2026-08-23T04:01:58,108.47,43.81
2026-08-23T04:01:59,108.59,43.92
2026-08-23T04:02:00,109.02,44.35
2026-08-23T04:02:01,108.94,44.27
2026-08-23T04:02:02,109.24,44.56
2026-08-23T04:02:03,109.76,45.07
2026-08-23T04:02:04,109.44,44.76
2026-08-23T04:02:05,109.04,44.36
2026-08-23T04:02:06,108.34,43.67
2026-08-23T04:02:07,108.48,43.82
2026-08-23T04:02:08,108.75,44.08
2026-08-23T04:02:09,108.54,43.87
2026-08-23T04:02:10,108.48,43.82
2026-08-23T04:02:11,108.48,43.81
2026-08-23T04:02:12,108.26,43.59
2026-08-23T04:02:13,108.6,43.94
2026-08-23T04:02:14,108.44,43.78
2026-08-23T04:02:15,108.04,43.39
2026-08-23T04:02:16,108.76,44.09
2026-08-23T04:02:17,108.04,43.38
2026-08-23T04:02:18,108.44,43.78
2026-08-23T04:02:19,108.26,43.59
2026-08-23T04:02:20,108.4,43.73
2026-08-23T04:02:21,108.75,44.08
2026-08-23T04:02:22,108.74,44.07
2026-08-23T04:02:23,108.44,43.78
2026-08-23T04:02:24,108.16,43.5
2026-08-23T04:02:25,108.59,43.92
2026-08-23T04:02:26,108.23,43.57
2026-08-23T04:02:27,108.67,44.01
2026-08-23T04:02:28,108.33,43.67
2026-08-23T04:02:29,108.55,43.89
2026-08-23T04:02:30,107.95,43.3
2026-08-23T04:02:31,108.61,43.95
2026-08-23T04:02:32,107.88,43.22
2026-08-23T04:02:33,108.06,43.4
2026-08-23T04:02:34,108.22,43.56
2026-08-23T04:02:35,108.86,44.19
2026-08-23T04:02:36,108.41,43.75
2026-08-23T04:02:37,108.12,43.46
2026-08-23T04:02:38,108.41,43.75
2026-08-23T04:02:39,108.2,43.54
2026-08-23T04:02:40,108.43,43.77
2026-08-23T04:02:41,108.55,43.88
2026-08-23T04:02:42,108.31,43.65
2026-08-23T04:02:43,108.37,43.71
2026-08-23T04:02:44,108.26,43.6
2026-08-23T04:02:45,108.61,43.94
2026-08-23T04:02:46,108.93,44.25
2026-08-23T04:02:47,108.92,44.25
2026-08-23T04:02:48,108.13,43.47
2026-08-23T04:02:49,108.52,43.86
2026-08-23T04:02:50,108.54,43.87
2026-08-23T04:02:51,108.34,43.68
2026-08-23T04:02:52,108.59,43.92
2026-08-23T04:02:53,108.96,44.29
2026-08-23T04:02:54,108.65,43.99
2026-08-23T04:02:55,108.87,44.2
2026-08-23T04:02:56,108.63,43.96
2026-08-23T04:02:57,108.82,44.15
2026-08-23T04:02:58,109.3,44.62
2026-08-23T04:02:59,109.85,45.16
2026-08-23T04:03:00,110.89,46.19
2026-08-23T04:03:01,111.59,46.89
2026-08-23T04:03:02,111.94,47.23
2026-08-23T04:03:03,114.45,49.7
2026-08-23T04:03:04,114.74,49.99
2026-08-23T04:03:05,117.37,52.58
2026-08-23T04:03:06,120.6,55.77
2026-08-23T04:03:07,122.64,57.77
2026-08-23T04:03:08,123.59,58.71
2026-08-23T04:03:09,124.26,59.37
2026-08-23T04:03:10,124.55,59.65
2026-08-23T04:03:11,123.48,58.6
2026-08-23T04:03:12,121.03,56.18
2026-08-23T04:03:13,119.31,54.49
2026-08-23T04:03:14,117.73,52.94
2026-08-23T04:03:15,116.17,51.4
2026-08-23T04:03:16,115.22,50.46
2026-08-23T04:03:17,114.53,49.78
2026-08-23T04:03:18,114.74,49.99
2026-08-23T04:03:19,112.76,48.03
2026-08-23T04:03:20,110.85,46.15
2026-08-23T04:03:21,110.12,45.43
2026-08-23T04:03:22,109.8,45.12
2026-08-23T04:03:23,109.6,44.92
2026-08-23T04:03:24,109.32,44.64
2026-08-23T04:03:25,109.22,44.55
2026-08-23T04:03:26,109.15,44.47
2026-08-23T04:03:27,108.8,44.13
2026-08-23T04:03:28,109.65,44.97
2026-08-23T04:03:29,109.91,45.23
2026-08-23T04:03:30,109.95,45.26
2026-08-23T04:03:31,109.66,44.98
2026-08-23T04:03:32,109.28,44.6
2026-08-23T04:03:33,109.19,44.52
2026-08-23T04:03:34,109.25,44.57
2026-08-23T04:03:35,108.99,44.32
2026-08-23T04:03:36,109.52,44.84
2026-08-23T04:03:37,109.58,44.9
2026-08-23T04:03:38,111.08,46.38
2026-08-23T04:03:39,113.91,49.17
2026-08-23T04:03:40,115.27,50.51
2026-08-23T04:03:41,117.03,52.25
2026-08-23T04:03:42,114.82,50.06
2026-08-23T04:03:43,113.79,49.05
2026-08-23T04:03:44,114.35,49.6
2026-08-23T04:03:45,115.06,50.3
2026-08-23T04:03:46,112.95,48.22
2026-08-23T04:03:47,112.42,47.7
2026-08-23T04:03:48,110.31,45.61
2026-08-23T04:03:49,109.93,45.25
2026-08-23T04:03:50,110.4,45.71
2026-08-23T04:03:51,110.39,45.69
2026-08-23T04:03:52,109.72,45.04
2026-08-23T04:03:53,109.55,44.87
2026-08-23T04:03:54,109.31,44.64
2026-08-23T04:03:55,108.99,44.32
2026-08-23T04:03:56,109.11,44.44
2026-08-23T04:03:57,109.03,44.36
2026-08-23T04:03:58,109.33,44.66
2026-08-23T04:03:59,108.92,44.25
2026-08-23T04:04:00,108.79,44.12
2026-08-23T04:04:01,108.73,44.06
2026-08-23T04:04:02,108.45,43.79
2026-08-23T04:04:03,108.65,43.98
2026-08-23T04:04:04,108.91,44.24
2026-08-23T04:04:05,108.94,44.27
2026-08-23T04:04:06,108.49,43.82
2026-08-23T04:04:07,108.48,43.81
2026-08-23T04:04:08,108.87,44.2
2026-08-23T04:04:09,108.84,44.17
2026-08-23T04:04:10,108.46,43.8
2026-08-23T04:04:11,108.62,43.95
2026-08-23T04:04:12,108.64,43.97
2026-08-23T04:04:13,108.55,43.89
2026-08-23T04:04:14,108.7,44.03
2026-08-23T04:04:15,108.91,44.24
2026-08-23T04:04:16,109.31,44.63
2026-08-23T04:04:17,109.6,44.92
2026-08-23T04:04:18,109.73,45.05
2026-08-23T04:04:19,109.8,45.11
2026-08-23T04:04:20,109.86,45.18
2026-08-23T04:04:21,109.64,44.96
2026-08-23T04:04:22,108.88,44.21
2026-08-23T04:04:23,108.93,44.26
2026-08-23T04:04:24,109.53,44.85
2026-08-23T04:04:25,109.68,45.0
2026-08-23T04:04:26,109.56,44.87
2026-08-23T04:04:27,109.57,44.89
2026-08-23T04:04:28,109.12,44.45
2026-08-23T04:04:29,108.66,44.0
2026-08-23T04:04:30,108.93,44.26
2026-08-23T04:04:31,109.38,44.71
2026-08-23T04:04:32,109.7,45.02
2026-08-23T04:04:33,112.12,47.4
2026-08-23T04:04:34,112.51,47.78
2026-08-23T04:04:35,111.61,46.9
2026-08-23T04:04:36,110.38,45.68
2026-08-23T04:04:37,110.26,45.57
2026-08-23T04:04:38,111.11,46.41
2026-08-23T04:04:39,112.21,47.49
2026-08-23T04:04:40,113.39,48.65
2026-08-23T04:04:41,114.28,49.53
2026-08-23T04:04:42,116.36,51.58
2026-08-23T04:04:43,117.09,52.3
2026-08-23T04:04:44,117.88,53.08
2026-08-23T04:04:45,116.09,51.32
2026-08-23T04:04:46,114.55,49.8
2026-08-23T04:04:47,113.91,49.17
2026-08-23T04:04:48,113.98,49.24
2026-08-23T04:04:49,112.27,47.55
2026-08-23T04:04:50,110.5,45.81
2026-08-23T04:04:51,109.83,45.15
2026-08-23T04:04:52,110.31,45.61
2026-08-23T04:04:53,111.4,46.7
2026-08-23T04:04:54,110.85,46.15
2026-08-23T04:04:55,111.77,47.05
2026-08-23T04:04:56,111.46,46.75
2026-08-23T04:04:57,111.58,46.87
2026-08-23T04:04:58,110.85,46.15
2026-08-23T04:04:59,109.73,45.05
2026-08-23T04:05:00,109.18,44.5
2026-08-23T04:05:01,109.0,44.33
2026-08-23T04:05:02,110.06,45.37
2026-08-23T04:05:03,109.71,45.03
2026-08-23T04:05:04,109.89,45.2
2026-08-23T04:05:05,111.4,46.7
2026-08-23T04:05:06,111.23,46.53
2026-08-23T04:05:07,110.69,45.99
2026-08-23T04:05:08,110.29,45.6
2026-08-23T04:05:09,109.58,44.9
2026-08-23T04:05:10,110.0,45.32
2026-08-23T04:05:11,109.53,44.85
2026-08-23T04:05:12,109.71,45.03
2026-08-23T04:05:13,109.23,44.55
2026-08-23T04:05:14,108.88,44.21
2026-08-23T04:05:15,108.58,43.91
2026-08-23T04:05:16,109.28,44.6
2026-08-23T04:05:17,109.3,44.62
2026-08-23T04:05:18,109.01,44.34
2026-08-23T04:05:19,109.31,44.63
2026-08-23T04:05:20,108.84,44.17
2026-08-23T04:05:21,109.16,44.48
2026-08-23T04:05:22,109.08,44.41
2026-08-23T04:05:23,108.91,44.24
2026-08-23T04:05:24,109.18,44.5
2026-08-23T04:05:25,110.04,45.36
2026-08-23T04:05:26,109.82,45.14
2026-08-23T04:05:27,109.67,44.99
2026-08-23T04:05:28,109.73,45.05
2026-08-23T04:05:29,109.98,45.29
2026-08-23T04:05:30,109.49,44.81
2026-08-23T04:05:31,108.93,44.26
2026-08-23T04:05:32,109.35,44.67
2026-08-23T04:05:33,108.31,43.65
2026-08-23T04:05:34,108.89,44.22
2026-08-23T04:05:35,109.08,44.4
2026-08-23T04:05:36,108.9,44.22
2026-08-23T04:05:37,108.93,44.26
2026-08-23T04:05:38,108.66,44.0
2026-08-23T04:05:39,109.14,44.47
2026-08-23T04:05:40,109.04,44.36
2026-08-23T04:05:41,108.34,43.67
2026-08-23T04:05:42,108.56,43.89
2026-08-23T04:05:43,108.37,43.71
2026-08-23T04:05:44,107.99,43.33
2026-08-23T04:05:45,108.67,44.0
2026-08-23T04:05:46,108.64,43.97
2026-08-23T04:05:47,108.52,43.85
2026-08-23T04:05:48,108.86,44.19
2026-08-23T04:05:49,108.67,44.0
2026-08-23T04:05:50,108.46,43.79
2026-08-23T04:05:51,108.44,43.78
2026-08-23T04:05:52,108.28,43.62
2026-08-23T04:05:53,108.95,44.28
2026-08-23T04:05:54,109.43,44.75
2026-08-23T04:05:55,109.34,44.67
2026-08-23T04:05:56,108.73,44.07
2026-08-23T04:05:57,110.85,46.15
2026-08-23T04:05:58,109.64,44.96
2026-08-23T04:05:59,109.87,45.19
2026-08-23T04:06:00,108.84,44.17
2026-08-23T04:06:01,108.77,44.1
2026-08-23T04:06:02,108.96,44.28
2026-08-23T04:06:03,109.45,44.77
2026-08-23T04:06:04,108.93,44.26
2026-08-23T04:06:05,109.61,44.93
2026-08-23T04:06:06,110.39,45.7
2026-08-23T04:06:07,110.62,45.93
2026-08-23T04:06:08,110.28,45.59
2026-08-23T04:06:09,109.37,44.7
2026-08-23T04:06:10,109.09,44.42
2026-08-23T04:06:11,108.55,43.89
2026-08-23T04:06:12,109.1,44.42
2026-08-23T04:06:13,109.1,44.43
2026-08-23T04:06:14,108.85,44.18
2026-08-23T04:06:15,108.53,43.86
2026-08-23T04:06:16,108.62,43.95
2026-08-23T04:06:17,108.87,44.2
2026-08-23T04:06:18,109.33,44.65
2026-08-23T04:06:19,110.09,45.4
2026-08-23T04:06:20,110.52,45.83
2026-08-23T04:06:21,109.88,45.19
2026-08-23T04:06:22,108.97,44.29
2026-08-23T04:06:23,109.75,45.07
2026-08-23T04:06:24,110.31,45.62
2026-08-23T04:06:25,110.49,45.8
2026-08-23T04:06:26,109.48,44.8
2026-08-23T04:06:27,109.58,44.9
2026-08-23T04:06:28,109.34,44.66
2026-08-23T04:06:29,109.31,44.63
2026-08-23T04:06:30,109.53,44.85
2026-08-23T04:06:31,109.53,44.85
2026-08-23T04:06:32,108.75,44.08
2026-08-23T04:06:33,108.9,44.23
2026-08-23T04:06:34,108.92,44.25
2026-08-23T04:06:35,109.23,44.56
2026-08-23T04:06:36,109.38,44.7
2026-08-23T04:06:37,111.18,46.47
2026-08-23T04:06:38,110.65,45.96
2026-08-23T04:06:39,109.57,44.89
2026-08-23T04:06:40,109.79,45.11
2026-08-23T04:06:41,109.11,44.44
2026-08-23T04:06:42,109.12,44.45
2026-08-23T04:06:43,109.14,44.46
2026-08-23T04:06:44,108.94,44.27
2026-08-23T04:06:45,108.66,44.0
2026-08-23T04:06:46,110.51,45.82
2026-08-23T04:06:47,111.07,46.37
2026-08-23T04:06:48,110.41,45.72
2026-08-23T04:06:49,109.72,45.04
2026-08-23T04:06:50,108.69,44.02
2026-08-23T04:06:51,109.21,44.53
2026-08-23T04:06:52,108.79,44.12
2026-08-23T04:06:53,108.8,44.13
2026-08-23T04:06:54,108.77,44.1
2026-08-23T04:06:55,109.54,44.86
2026-08-23T04:06:56,109.19,44.52
2026-08-23T04:06:57,109.03,44.35
2026-08-23T04:06:58,109.06,44.39
2026-08-23T04:06:59,109.15,44.48
2026-08-23T04:07:00,109.38,44.7
2026-08-23T04:07:01,109.35,44.67
2026-08-23T04:07:02,109.68,44.99
2026-08-23T04:07:03,109.18,44.51
2026-08-23T04:07:04,109.42,44.74
2026-08-23T04:07:05,109.99,45.31
2026-08-23T04:07:06,109.93,45.25
2026-08-23T04:07:07,111.39,46.69
2026-08-23T04:07:08,111.95,47.24
2026-08-23T04:07:09,113.05,48.32
2026-08-23T04:07:10,113.21,48.48
2026-08-23T04:07:11,114.96,50.21
2026-08-23T04:07:12,113.26,48.52
2026-08-23T04:07:13,112.16,47.44
2026-08-23T04:07:14,112.2,47.48
2026-08-23T04:07:15,113.56,48.82
2026-08-23T04:07:16,113.22,48.49
2026-08-23T04:07:17,114.19,49.45
2026-08-23T04:07:18,114.57,49.82
2026-08-23T04:07:19,116.32,51.55
2026-08-23T04:07:20,120.14,55.31
2026-08-23T04:07:21,117.64,52.84
2026-08-23T04:07:22,114.86,50.1
2026-08-23T04:07:23,115.64,50.87
2026-08-23T04:07:24,113.8,49.06
2026-08-23T04:07:25,112.31,47.59
2026-08-23T04:07:26,111.45,46.74
2026-08-23T04:07:27,110.21,45.52
2026-08-23T04:07:28,110.43,45.73
2026-08-23T04:07:29,110.71,46.01
2026-08-23T04:07:30,110.87,46.17
2026-08-23T04:07:31,111.3,46.6
2026-08-23T04:07:32,112.51,47.79
2026-08-23T04:07:33,113.24,48.51
2026-08-23T04:07:34,113.5,48.77
2026-08-23T04:07:35,112.14,47.42
2026-08-23T04:07:36,111.29,46.58
2026-08-23T04:07:37,110.8,46.1
2026-08-23T04:07:38,111.1,46.4
2026-08-23T04:07:39,112.0,47.28
2026-08-23T04:07:40,111.48,46.78
2026-08-23T04:07:41,110.56,45.87
2026-08-23T04:07:42,110.02,45.33
2026-08-23T04:07:43,109.28,44.61
2026-08-23T04:07:44,109.25,44.57
2026-08-23T04:07:45,109.55,44.87
2026-08-23T04:07:46,109.37,44.69
2026-08-23T04:07:47,109.83,45.15
2026-08-23T04:07:48,110.17,45.48
2026-08-23T04:07:49,110.37,45.68
2026-08-23T04:07:50,110.24,45.55
2026-08-23T04:07:51,110.15,45.46
2026-08-23T04:07:52,110.51,45.81
2026-08-23T04:07:53,110.74,46.05
2026-08-23T04:07:54,111.1,46.4
2026-08-23T04:07:55,110.27,45.58
2026-08-23T04:07:56,110.34,45.65
2026-08-23T04:07:57,110.0,45.32
2026-08-23T04:07:58,109.93,45.24
2026-08-23T04:07:59,110.26,45.57
2026-08-23T04:08:00,110.52,45.83
2026-08-23T04:08:01,110.81,46.11
2026-08-23T04:08:02,111.02,46.32
2026-08-23T04:08:03,110.87,46.17
2026-08-23T04:08:04,110.67,45.97
2026-08-23T04:08:05,110.59,45.89
2026-08-23T04:08:06,110.55,45.86
2026-08-23T04:08:07,109.86,45.18
2026-08-23T04:08:08,109.96,45.27
2026-08-23T04:08:09,109.65,44.97
2026-08-23T04:08:10,109.74,45.06
2026-08-23T04:08:11,109.21,44.53
2026-08-23T04:08:12,109.04,44.36
2026-08-23T04:08:13,109.11,44.43
2026-08-23T04:08:14,109.64,44.96
2026-08-23T04:08:15,110.18,45.49
2026-08-23T04:08:16,110.95,46.25
2026-08-23T04:08:17,110.3,45.61
2026-08-23T04:08:18,110.35,45.66
2026-08-23T04:08:19,110.06,45.38
2026-08-23T04:08:20,110.2,45.52
2026-08-23T04:08:21,110.04,45.35
2026-08-23T04:08:22,110.01,45.32
2026-08-23T04:08:23,110.14,45.45
2026-08-23T04:08:24,110.14,45.45
2026-08-23T04:08:25,110.21,45.52
2026-08-23T04:08:26,110.07,45.38
2026-08-23T04:08:27,109.61,44.92
2026-08-23T04:08:28,109.74,45.05
2026-08-23T04:08:29,109.79,45.11
2026-08-23T04:08:30,109.55,44.87
2026-08-23T04:08:31,109.43,44.75
2026-08-23T04:08:32,109.66,44.97
2026-08-23T04:08:33,108.98,44.31
2026-08-23T04:08:34,109.36,44.68
2026-08-23T04:08:35,109.61,44.93
2026-08-23T04:08:36,109.62,44.94
2026-08-23T04:08:37,109.79,45.11
2026-08-23T04:08:38,109.44,44.76
2026-08-23T04:08:39,109.82,45.13
2026-08-23T04:08:40,109.67,44.98
2026-08-23T04:08:41,110.18,45.49
2026-08-23T04:08:42,110.18,45.5
2026-08-23T04:08:43,110.97,46.27
2026-08-23T04:08:44,109.54,44.86
2026-08-23T04:08:45,109.7,45.02
2026-08-23T04:08:46,110.07,45.38
2026-08-23T04:08:47,109.88,45.19
2026-08-23T04:08:48,109.84,45.15
2026-08-23T04:08:49,109.93,45.24
2026-08-23T04:08:50,109.53,44.85
2026-08-23T04:08:51,109.73,45.04
2026-08-23T04:08:52,109.15,44.47
2026-08-23T04:08:53,109.75,45.07
2026-08-23T04:08:54,110.12,45.43
2026-08-23T04:08:55,109.26,44.58
2026-08-23T04:08:56,109.73,45.05
2026-08-23T04:08:57,109.28,44.6
2026-08-23T04:08:58,109.09,44.41
2026-08-23T04:08:59,109.57,44.89
2026-08-23T04:09:00,109.3,44.62
2026-08-23T04:09:01,109.59,44.9
2026-08-23T04:09:02,109.36,44.69
2026-08-23T04:09:03,109.42,44.74
2026-08-23T04:09:04,109.35,44.67
2026-08-23T04:09:05,109.18,44.5
2026-08-23T04:09:06,109.65,44.97
2026-08-23T04:09:07,109.06,44.39
2026-08-23T04:09:08,109.38,44.7
2026-08-23T04:09:09,109.67,44.98
2026-08-23T04:09:10,109.94,45.25
2026-08-23T04:09:11,109.78,45.09
2026-08-23T04:09:12,109.4,44.72
2026-08-23T04:09:13,109.82,45.13
2026-08-23T04:09:14,109.67,44.99
2026-08-23T04:09:15,109.5,44.82
2026-08-23T04:09:16,108.93,44.25
2026-08-23T04:09:17,109.36,44.69
2026-08-23T04:09:18,109.19,44.52
2026-08-23T04:09:19,109.02,44.35
2026-08-23T04:09:20,109.06,44.39
2026-08-23T04:09:21,108.72,44.05
2026-08-23T04:09:22,108.98,44.31
2026-08-23T04:09:23,108.92,44.25
2026-08-23T04:09:24,109.25,44.58
2026-08-23T04:09:25,109.34,44.66
2026-08-23T04:09:26,109.07,44.39
2026-08-23T04:09:27,109.67,44.99
2026-08-23T04:09:28,108.91,44.24
2026-08-23T04:09:29,109.12,44.45
2026-08-23T04:09:30,108.77,44.11
2026-08-23T04:09:31,108.86,44.19
2026-08-23T04:09:32,109.36,44.69
2026-08-23T04:09:33,109.39,44.71
2026-08-23T04:09:34,109.41,44.73
2026-08-23T04:09:35,109.25,44.57
2026-08-23T04:09:36,109.48,44.8
2026-08-23T04:09:37,109.28,44.6
2026-08-23T04:09:38,109.56,44.88
2026-08-23T04:09:39,109.67,44.99
2026-08-23T04:09:40,109.52,44.84
2026-08-23T04:09:41,110.02,45.33
2026-08-23T04:09:42,110.45,45.76
2026-08-23T04:09:43,110.85,46.15
2026-08-23T04:09:44,110.37,45.68
2026-08-23T04:09:45,109.7,45.02
2026-08-23T04:09:46,109.27,44.6
2026-08-23T04:09:47,109.04,44.37
2026-08-23T04:09:48,108.75,44.08
2026-08-23T04:09:49,109.42,44.74
2026-08-23T04:09:50,109.32,44.64
2026-08-23T04:09:51,108.7,44.04
2026-08-23T04:09:52,108.91,44.24
2026-08-23T04:09:53,108.83,44.16
2026-08-23T04:09:54,108.96,44.29
2026-08-23T04:09:55,109.77,45.09
2026-08-23T04:09:56,108.81,44.14
2026-08-23T04:09:57,109.49,44.81
2026-08-23T04:09:58,108.96,44.29
2026-08-23T04:09:59,108.94,44.27
2026-08-23T04:10:00,108.75,44.08
2026-08-23T04:10:01,108.61,43.94
2026-08-23T04:10:02,108.91,44.24
2026-08-23T04:10:03,108.81,44.14
2026-08-23T04:10:04,108.97,44.3
2026-08-23T04:10:05,109.02,44.34
2026-08-23T04:10:06,109.26,44.59
2026-08-23T04:10:07,108.99,44.32
2026-08-23T04:10:08,109.46,44.78
2026-08-23T04:10:09,109.65,44.97
2026-08-23T04:10:10,108.51,43.84
2026-08-23T04:10:11,108.79,44.12
2026-08-23T04:10:12,108.83,44.16
2026-08-23T04:10:13,109.19,44.52
2026-08-23T04:10:14,109.12,44.44
2026-08-23T04:10:15,109.43,44.75
2026-08-23T04:10:16,109.33,44.66
2026-08-23T04:10:17,109.15,44.48
2026-08-23T04:10:18,108.63,43.96
2026-08-23T04:10:19,109.36,44.68
2026-08-23T04:10:20,108.95,44.27
2026-08-23T04:10:21,109.71,45.03
2026-08-23T04:10:22,109.27,44.59
2026-08-23T04:10:23,109.27,44.6
2026-08-23T04:10:24,109.48,44.8
2026-08-23T04:10:25,109.58,44.9
2026-08-23T04:10:26,109.54,44.86
2026-08-23T04:10:27,109.26,44.59
2026-08-23T04:10:28,109.71,45.03
2026-08-23T04:10:29,109.43,44.75
2026-08-23T04:10:30,108.56,43.89
2026-08-23T04:10:31,109.16,44.49
2026-08-23T04:10:32,108.92,44.25
2026-08-23T04:10:33,109.15,44.48
2026-08-23T04:10:34,109.04,44.36
2026-08-23T04:10:35,108.86,44.19
2026-08-23T04:10:36,108.92,44.25
2026-08-23T04:10:37,108.61,43.94
2026-08-23T04:10:38,108.43,43.77
2026-08-23T04:10:39,108.8,44.13
2026-08-23T04:10:40,109.27,44.6
2026-08-23T04:10:41,109.08,44.41
2026-08-23T04:10:42,108.8,44.13
2026-08-23T04:10:43,108.42,43.75
2026-08-23T04:10:44,108.68,44.01
2026-08-23T04:10:45,108.98,44.3
2026-08-23T04:10:46,108.43,43.76
2026-08-23T04:10:47,108.7,44.03
2026-08-23T04:10:48,108.58,43.91
2026-08-23T04:10:49,108.56,43.89
2026-08-23T04:10:50,108.78,44.11
2026-08-23T04:10:51,108.29,43.63
2026-08-23T04:10:52,108.55,43.88
2026-08-23T04:10:53,108.56,43.89
2026-08-23T04:10:54,109.44,44.76
2026-08-23T04:10:55,109.06,44.39
2026-08-23T04:10:56,109.05,44.37
2026-08-23T04:10:57,109.09,44.42
2026-08-23T04:10:58,108.74,44.07
2026-08-23T04:10:59,108.72,44.05
2026-08-23T04:11:00,108.35,43.69
2026-08-23T04:11:01,109.0,44.33
2026-08-23T04:11:02,108.24,43.58
2026-08-23T04:11:03,108.74,44.07
2026-08-23T04:11:04,108.53,43.86
2026-08-23T04:11:05,108.77,44.1
2026-08-23T04:11:06,108.72,44.05
2026-08-23T04:11:07,109.07,44.39
2026-08-23T04:11:08,108.81,44.14
2026-08-23T04:11:09,108.19,43.53
2026-08-23T04:11:10,108.6,43.93
2026-08-23T04:11:11,108.51,43.85
2026-08-23T04:11:12,108.79,44.12
2026-08-23T04:11:13,108.97,44.29
2026-08-23T04:11:14,108.46,43.8
2026-08-23T04:11:15,108.95,44.27
2026-08-23T04:11:16,108.57,43.91
2026-08-23T04:11:17,108.85,44.18
2026-08-23T04:11:18,108.76,44.09
2026-08-23T04:11:19,108.37,43.7
2026-08-23T04:11:20,109.07,44.39
2026-08-23T04:11:21,108.87,44.2
2026-08-23T04:11:22,108.28,43.62
2026-08-23T04:11:23,108.37,43.71
2026-08-23T04:11:24,108.43,43.77
2026-08-23T04:11:25,108.53,43.87
2026-08-23T04:11:26,108.57,43.91
2026-08-23T04:11:27,108.77,44.1
2026-08-23T04:11:28,108.76,44.09
2026-08-23T04:11:29,108.92,44.25
2026-08-23T04:11:30,108.84,44.16
2026-08-23T04:11:31,108.73,44.06
2026-08-23T04:11:32,108.78,44.11
2026-08-23T04:11:33,108.67,44.0
2026-08-23T04:11:34,108.77,44.1
2026-08-23T04:11:35,108.86,44.19
2026-08-23T04:11:36,108.95,44.28
2026-08-23T04:11:37,108.69,44.03
2026-08-23T04:11:38,108.87,44.2
2026-08-23T04:11:39,108.74,44.07
2026-08-23T04:11:40,108.68,44.01
2026-08-23T04:11:41,108.44,43.77
2026-08-23T04:11:42,108.94,44.26
2026-08-23T04:11:43,108.99,44.32
2026-08-23T04:11:44,108.88,44.21
2026-08-23T04:11:45,108.61,43.95
2026-08-23T04:11:46,108.49,43.82
2026-08-23T04:11:47,109.15,44.47
2026-08-23T04:11:48,109.13,44.46
2026-08-23T04:11:49,108.97,44.3
2026-08-23T04:11:50,108.58,43.91
2026-08-23T04:11:51,108.79,44.12
2026-08-23T04:11:52,109.08,44.41
2026-08-23T04:11:53,109.0,44.33
2026-08-23T04:11:54,108.97,44.29
2026-08-23T04:11:55,108.16,43.5
2026-08-23T04:11:56,108.52,43.85
2026-08-23T04:11:57,108.78,44.11
2026-08-23T04:11:58,109.02,44.35
2026-08-23T04:11:59,108.57,43.91
2026-08-23T04:12:00,108.61,43.94
2026-08-23T04:12:01,108.63,43.96
2026-08-23T04:12:02,108.72,44.05
2026-08-23T04:12:03,109.08,44.4
2026-08-23T04:12:04,109.01,44.33
2026-08-23T04:12:05,108.74,44.07
2026-08-23T04:12:06,109.28,44.61
2026-08-23T04:12:07,109.42,44.74
2026-08-23T04:12:08,109.1,44.43
2026-08-23T04:12:09,109.61,44.92
2026-08-23T04:12:10,109.15,44.47
2026-08-23T04:12:11,109.14,44.47
2026-08-23T04:12:12,108.95,44.28
2026-08-23T04:12:13,108.82,44.15
2026-08-23T04:12:14,109.25,44.57
2026-08-23T04:12:15,109.29,44.61
2026-08-23T04:12:16,109.51,44.83
2026-08-23T04:12:17,109.02,44.35
2026-08-23T04:12:18,109.88,45.2
2026-08-23T04:12:19,111.15,46.45
2026-08-23T04:12:20,111.13,46.43
2026-08-23T04:12:21,111.66,46.95
2026-08-23T04:12:22,112.24,47.53
2026-08-23T04:12:23,113.71,48.97
2026-08-23T04:12:24,113.89,49.15
2026-08-23T04:12:25,113.28,48.54
2026-08-23T04:12:26,111.7,46.99
2026-08-23T04:12:27,110.31,45.62
2026-08-23T04:12:28,111.64,46.93
2026-08-23T04:12:29,111.45,46.74
2026-08-23T04:12:30,111.06,46.36
2026-08-23T04:12:31,111.16,46.46
2026-08-23T04:12:32,110.78,46.08
2026-08-23T04:12:33,110.63,45.94
2026-08-23T04:12:34,109.97,45.29
2026-08-23T04:12:35,110.08,45.4
2026-08-23T04:12:36,109.33,44.65
2026-08-23T04:12:37,109.81,45.12
2026-08-23T04:12:38,109.61,44.93
2026-08-23T04:12:39,109.78,45.09
2026-08-23T04:12:40,109.93,45.24
2026-08-23T04:12:41,109.47,44.79
2026-08-23T04:12:42,109.14,44.47
2026-08-23T04:12:43,109.48,44.8
2026-08-23T04:12:44,109.05,44.37
2026-08-23T04:12:45,109.51,44.83
2026-08-23T04:12:46,109.57,44.89
2026-08-23T04:12:47,109.03,44.36
2026-08-23T04:12:48,109.04,44.37
2026-08-23T04:12:49,109.18,44.5
2026-08-23T04:12:50,109.56,44.88
2026-08-23T04:12:51,109.18,44.5
2026-08-23T04:12:52,109.28,44.61
2026-08-23T04:12:53,108.9,44.23
2026-08-23T04:12:54,109.3,44.62
2026-08-23T04:12:55,109.43,44.75
2026-08-23T04:12:56,108.96,44.29
2026-08-23T04:12:57,109.02,44.35
2026-08-23T04:12:58,108.95,44.28
2026-08-23T04:12:59,108.89,44.22
2026-08-23T04:13:00,108.77,44.1
2026-08-23T04:13:01,109.18,44.5
2026-08-23T04:13:02,109.3,44.62
2026-08-23T04:13:03,109.38,44.71
2026-08-23T04:13:04,108.95,44.28
2026-08-23T04:13:05,109.46,44.78
2026-08-23T04:13:06,109.34,44.66
2026-08-23T04:13:07,109.4,44.72
2026-08-23T04:13:08,109.4,44.72
2026-08-23T04:13:09,108.73,44.06
2026-08-23T04:13:10,108.84,44.17
2026-08-23T04:13:11,109.22,44.54
2026-08-23T04:13:12,108.93,44.26
2026-08-23T04:13:13,109.0,44.33
2026-08-23T04:13:14,109.11,44.44
2026-08-23T04:13:15,108.66,43.99
2026-08-23T04:13:16,108.81,44.14
2026-08-23T04:13:17,109.06,44.39
2026-08-23T04:13:18,108.99,44.32
2026-08-23T04:13:19,109.21,44.53
2026-08-23T04:13:20,109.51,44.83
2026-08-23T04:13:21,109.64,44.96
2026-08-23T04:13:22,109.46,44.78
2026-08-23T04:13:23,109.3,44.62
2026-08-23T04:13:24,109.29,44.61
2026-08-23T04:13:25,109.8,45.12
2026-08-23T04:13:26,109.57,44.89
2026-08-23T04:13:27,109.78,45.1
2026-08-23T04:13:28,109.79,45.11
2026-08-23T04:13:29,109.67,44.99
2026-08-23T04:13:30,109.29,44.62
2026-08-23T04:13:31,109.09,44.42
2026-08-23T04:13:32,108.58,43.92
2026-08-23T04:13:33,108.66,43.99
2026-08-23T04:13:34,108.27,43.61
2026-08-23T04:13:35,109.63,44.95
2026-08-23T04:13:36,108.83,44.16
2026-08-23T04:13:37,108.75,44.08
2026-08-23T04:13:38,108.65,43.99
2026-08-23T04:13:39,109.0,44.33
2026-08-23T04:13:40,108.61,43.94
2026-08-23T04:13:41,108.78,44.12
2026-08-23T04:13:42,108.99,44.31
2026-08-23T04:13:43,108.55,43.89
2026-08-23T04:13:44,109.04,44.36
2026-08-23T04:13:45,108.52,43.86
2026-08-23T04:13:46,108.98,44.31
2026-08-23T04:13:47,108.92,44.25
2026-08-23T04:13:48,109.06,44.38
2026-08-23T04:13:49,108.84,44.17
2026-08-23T04:13:50,109.0,44.33
2026-08-23T04:13:51,108.75,44.08
2026-08-23T04:13:52,109.21,44.53
2026-08-23T04:13:53,109.07,44.4
2026-08-23T04:13:54,108.96,44.29
2026-08-23T04:13:55,108.99,44.31
2026-08-23T04:13:56,108.93,44.25
2026-08-23T04:13:57,108.77,44.1
2026-08-23T04:13:58,108.96,44.29
2026-08-23T04:13:59,108.9,44.23
2026-08-23T04:14:00,108.76,44.09
2026-08-23T04:14:01,109.04,44.37
2026-08-23T04:14:02,108.91,44.24
2026-08-23T04:14:03,108.91,44.24
2026-08-23T04:14:04,108.73,44.06
2026-08-23T04:14:05,109.04,44.37
2026-08-23T04:14:06,108.8,44.13
2026-08-23T04:14:07,109.11,44.44
2026-08-23T04:14:08,108.96,44.29
2026-08-23T04:14:09,108.52,43.85
2026-08-23T04:14:10,108.75,44.08
2026-08-23T04:14:11,108.67,44.0
2026-08-23T04:14:12,108.75,44.08
2026-08-23T04:14:13,108.86,44.19
2026-08-23T04:14:14,108.76,44.09
2026-08-23T04:14:15,108.32,43.65
2026-08-23T04:14:16,108.74,44.08
2026-08-23T04:14:17,108.68,44.01
2026-08-23T04:14:18,109.08,44.41
2026-08-23T04:14:19,108.88,44.21
2026-08-23T04:14:20,108.88,44.21
2026-08-23T04:14:21,108.28,43.62
2026-08-23T04:14:22,108.58,43.92
2026-08-23T04:14:23,108.83,44.16
2026-08-23T04:14:24,108.64,43.97
2026-08-23T04:14:25,108.71,44.04
2026-08-23T04:14:26,108.49,43.83
2026-08-23T04:14:27,108.87,44.2
2026-08-23T04:14:28,108.68,44.01
2026-08-23T04:14:29,108.57,43.91
2026-08-23T04:14:30,109.19,44.51
2026-08-23T04:14:31,108.79,44.12
2026-08-23T04:14:32,108.63,43.96
2026-08-23T04:14:33,108.82,44.15
2026-08-23T04:14:34,109.01,44.34
2026-08-23T04:14:35,108.65,43.98
2026-08-23T04:14:36,108.66,43.99
2026-08-23T04:14:37,108.54,43.87
2026-08-23T04:14:38,108.84,44.17
2026-08-23T04:14:39,108.45,43.79
2026-08-23T04:14:40,108.62,43.96
2026-08-23T04:14:41,108.9,44.23
2026-08-23T04:14:42,109.02,44.34
2026-08-23T04:14:43,109.25,44.57
2026-08-23T04:14:44,108.88,44.21
2026-08-23T04:14:45,108.89,44.22
2026-08-23T04:14:46,108.51,43.84
2026-08-23T04:14:47,109.34,44.66
2026-08-23T04:14:48,108.68,44.02
2026-08-23T04:14:49,108.96,44.29
2026-08-23T04:14:50,109.18,44.5
2026-08-23T04:14:51,108.89,44.22
2026-08-23T04:14:52,109.57,44.89
2026-08-23T04:14:53,109.15,44.47
2026-08-23T04:14:54,109.26,44.58
2026-08-23T04:14:55,108.88,44.2
2026-08-23T04:14:56,108.97,44.3
2026-08-23T04:14:57,108.77,44.1
2026-08-23T04:14:58,109.0,44.33
2026-08-23T04:14:59,108.89,44.22
2026-08-23T04:15:00,109.05,44.38
2026-08-23T04:15:01,109.31,44.64
2026-08-23T04:15:02,109.17,44.49
2026-08-23T04:15:03,109.35,44.67
2026-08-23T04:15:04,109.53,44.85
2026-08-23T04:15:05,108.96,44.28
2026-08-23T04:15:06,108.61,43.94
2026-08-23T04:15:07,109.06,44.39
2026-08-23T04:15:08,108.86,44.19
2026-08-23T04:15:09,109.07,44.4
2026-08-23T04:15:10,109.02,44.34
2026-08-23T04:15:11,108.72,44.05
2026-08-23T04:15:12,109.07,44.4
2026-08-23T04:15:13,109.38,44.7
2026-08-23T04:15:14,109.38,44.7
2026-08-23T04:15:15,109.15,44.48
2026-08-23T04:15:16,109.01,44.34
2026-08-23T04:15:17,109.59,44.91
2026-08-23T04:15:18,110.0,45.31
2026-08-23T04:15:19,109.06,44.38
2026-08-23T04:15:20,109.29,44.62
2026-08-23T04:15:21,109.6,44.92
2026-08-23T04:15:22,109.84,45.16
2026-08-23T04:15:23,109.61,44.93
2026-08-23T04:15:24,110.49,45.8
2026-08-23T04:15:25,111.93,47.21
2026-08-23T04:15:26,113.21,48.48
2026-08-23T04:15:27,114.1,49.35
2026-08-23T04:15:28,115.83,51.06
2026-08-23T04:15:29,118.05,53.25
2026-08-23T04:15:30,122.43,57.56
2026-08-23T04:15:31,123.33,58.45
2026-08-23T04:15:32,125.9,60.99
2026-08-23T04:15:33,127.4,62.47
2026-08-23T04:15:34,127.18,62.25
2026-08-23T04:15:35,124.28,59.39
2026-08-23T04:15:36,121.17,56.33
2026-08-23T04:15:37,118.75,53.94
2026-08-23T04:15:38,118.51,53.7
2026-08-23T04:15:39,116.81,52.03
2026-08-23T04:15:40,114.18,49.43
2026-08-23T04:15:41,113.88,49.14
2026-08-23T04:15:42,113.92,49.17
2026-08-23T04:15:43,112.69,47.96
2026-08-23T04:15:44,111.82,47.11
2026-08-23T04:15:45,111.89,47.17
2026-08-23T04:15:46,110.96,46.26
2026-08-23T04:15:47,110.33,45.64
2026-08-23T04:15:48,109.38,44.7
2026-08-23T04:15:49,109.2,44.52
2026-08-23T04:15:50,109.01,44.34
2026-08-23T04:15:51,109.0,44.33
2026-08-23T04:15:52,109.6,44.91
2026-08-23T04:15:53,108.54,43.87
2026-08-23T04:15:54,108.86,44.19
2026-08-23T04:15:55,108.72,44.05
2026-08-23T04:15:56,109.18,44.5
2026-08-23T04:15:57,109.18,44.5
2026-08-23T04:15:58,108.71,44.05
2026-08-23T04:15:59,109.05,44.38
2026-08-23T04:16:00,109.62,44.94
2026-08-23T04:16:01,109.22,44.54
2026-08-23T04:16:02,108.64,43.97
2026-08-23T04:16:03,109.03,44.36
2026-08-23T04:16:04,108.6,43.94
2026-08-23T04:16:05,108.81,44.14
2026-08-23T04:16:06,108.9,44.23
2026-08-23T04:16:07,108.72,44.05
2026-08-23T04:16:08,108.83,44.16
2026-08-23T04:16:09,109.11,44.43
2026-08-23T04:16:10,108.88,44.21
2026-08-23T04:16:11,108.52,43.85
2026-08-23T04:16:12,107.98,43.32
2026-08-23T04:16:13,108.8,44.13
2026-08-23T04:16:14,108.63,43.97
2026-08-23T04:16:15,108.73,44.06
2026-08-23T04:16:16,108.83,44.16
2026-08-23T04:16:17,108.87,44.2
2026-08-23T04:16:18,109.59,44.91
2026-08-23T04:16:19,108.71,44.04
2026-08-23T04:16:20,108.38,43.72
2026-08-23T04:16:21,108.44,43.78
2026-08-23T04:16:22,108.17,43.51
2026-08-23T04:16:23,108.61,43.94
2026-08-23T04:16:24,108.51,43.84
2026-08-23T04:16:25,108.25,43.59
2026-08-23T04:16:26,108.64,43.98
2026-08-23T04:16:27,108.13,43.47
2026-08-23T04:16:28,108.46,43.8
2026-08-23T04:16:29,109.09,44.41
2026-08-23T04:16:30,108.67,44.0
2026-08-23T04:16:31,108.48,43.82
2026-08-23T04:16:32,108.86,44.19
2026-08-23T04:16:33,108.69,44.03
2026-08-23T04:16:34,109.33,44.65
2026-08-23T04:16:35,108.72,44.05
2026-08-23T04:16:36,109.25,44.57
2026-08-23T04:16:37,108.92,44.25
2026-08-23T04:16:38,108.72,44.05
2026-08-23T04:16:39,108.57,43.9
2026-08-23T04:16:40,108.66,43.99
2026-08-23T04:16:41,108.63,43.97
2026-08-23T04:16:42,108.54,43.87
2026-08-23T04:16:43,108.57,43.91
2026-08-23T04:16:44,108.9,44.23
2026-08-23T04:16:45,108.77,44.1
2026-08-23T04:16:46,108.98,44.31
2026-08-23T04:16:47,109.01,44.34
2026-08-23T04:16:48,108.81,44.14
2026-08-23T04:16:49,108.9,44.23
2026-08-23T04:16:50,109.03,44.36
2026-08-23T04:16:51,108.43,43.76
2026-08-23T04:16:52,108.81,44.14
2026-08-23T04:16:53,108.56,43.9
2026-08-23T04:16:54,108.7,44.03
2026-08-23T04:16:55,108.73,44.06
2026-08-23T04:16:56,108.46,43.79
2026-08-23T04:16:57,108.43,43.76
2026-08-23T04:16:58,108.36,43.69
2026-08-23T04:16:59,108.54,43.87
2026-08-23T04:17:00,108.86,44.19
2026-08-23T04:17:01,108.53,43.86
2026-08-23T04:17:02,108.39,43.73
2026-08-23T04:17:03,108.71,44.04
2026-08-23T04:17:04,108.98,44.31
2026-08-23T04:17:05,108.6,43.93
2026-08-23T04:17:06,108.38,43.72
2026-08-23T04:17:07,108.3,43.64
2026-08-23T04:17:08,108.27,43.61
2026-08-23T04:17:09,108.8,44.13
2026-08-23T04:17:10,109.0,44.33
2026-08-23T04:17:11,108.53,43.87
2026-08-23T04:17:12,108.54,43.87
2026-08-23T04:17:13,109.03,44.36
2026-08-23T04:17:14,108.83,44.16
2026-08-23T04:17:15,108.75,44.08
2026-08-23T04:17:16,108.44,43.78
2026-08-23T04:17:17,108.74,44.07
2026-08-23T04:17:18,108.54,43.87
2026-08-23T04:17:19,109.01,44.34
2026-08-23T04:17:20,108.84,44.17
2026-08-23T04:17:21,109.12,44.44
2026-08-23T04:17:22,108.98,44.3
2026-08-23T04:17:23,108.97,44.3
2026-08-23T04:17:24,109.22,44.54
2026-08-23T04:17:25,108.81,44.14
2026-08-23T04:17:26,108.88,44.21
2026-08-23T04:17:27,109.16,44.49
2026-08-23T04:17:28,108.68,44.01
2026-08-23T04:17:29,108.82,44.15
2026-08-23T04:17:30,108.7,44.04
2026-08-23T04:17:31,108.89,44.21
2026-08-23T04:17:32,108.66,43.99
2026-08-23T04:17:33,109.17,44.49
2026-08-23T04:17:34,108.66,44.0
2026-08-23T04:17:35,109.24,44.56
2026-08-23T04:17:36,108.77,44.1
2026-08-23T04:17:37,109.44,44.77
2026-08-23T04:17:38,109.39,44.71
2026-08-23T04:17:39,109.04,44.36
2026-08-23T04:17:40,109.77,45.09
2026-08-23T04:17:41,108.82,44.15
2026-08-23T04:17:42,108.98,44.31
2026-08-23T04:17:43,109.34,44.66
2026-08-23T04:17:44,108.99,44.32
2026-08-23T04:17:45,109.06,44.39
2026-08-23T04:17:46,109.48,44.8
2026-08-23T04:17:47,109.12,44.44
2026-08-23T04:17:48,109.32,44.64
2026-08-23T04:17:49,109.39,44.71
2026-08-23T04:17:50,108.95,44.27
2026-08-23T04:17:51,109.43,44.75
2026-08-23T04:17:52,109.55,44.87
2026-08-23T04:17:53,109.32,44.64
2026-08-23T04:17:54,109.33,44.66
2026-08-23T04:17:55,109.5,44.82
2026-08-23T04:17:56,109.93,45.24
2026-08-23T04:17:57,109.91,45.22
2026-08-23T04:17:58,109.37,44.7
2026-08-23T04:17:59,109.92,45.23
2026-08-23T04:18:00,109.69,45.01
2026-08-23T04:18:01,109.18,44.5
2026-08-23T04:18:02,109.53,44.85
2026-08-23T04:18:03,109.55,44.87
2026-08-23T04:18:04,109.99,45.3
2026-08-23T04:18:05,109.16,44.49
2026-08-23T04:18:06,108.9,44.22
2026-08-23T04:18:07,109.08,44.41
2026-08-23T04:18:08,109.49,44.81
2026-08-23T04:18:09,109.39,44.71
2026-08-23T04:18:10,109.69,45.01
2026-08-23T04:18:11,110.58,45.89
2026-08-23T04:18:12,109.89,45.2
2026-08-23T04:18:13,109.78,45.09
2026-08-23T04:18:14,110.64,45.95
2026-08-23T04:18:15,111.05,46.34
2026-08-23T04:18:16,110.29,45.6
2026-08-23T04:18:17,110.35,45.66
2026-08-23T04:18:18,111.98,47.26
2026-08-23T04:18:19,112.26,47.54
2026-08-23T04:18:20,111.51,46.8
2026-08-23T04:18:21,111.56,46.85
2026-08-23T04:18:22,111.84,47.13
2026-08-23T04:18:23,111.55,46.84
2026-08-23T04:18:24,111.16,46.45
2026-08-23T04:18:25,111.87,47.16
2026-08-23T04:18:26,110.8,46.1
2026-08-23T04:18:27,110.56,45.86
2026-08-23T04:18:28,111.18,46.48
2026-08-23T04:18:29,111.08,46.38
2026-08-23T04:18:30,110.03,45.34
2026-08-23T04:18:31,110.4,45.71
2026-08-23T04:18:32,110.58,45.89
2026-08-23T04:18:33,111.83,47.12
2026-08-23T04:18:34,112.06,47.35
2026-08-23T04:18:35,111.17,46.46
2026-08-23T04:18:36,112.1,47.38
2026-08-23T04:18:37,111.9,47.19
2026-08-23T04:18:38,112.35,47.63
2026-08-23T04:18:39,114.04,49.29
2026-08-23T04:18:40,115.4,50.64
2026-08-23T04:18:41,117.13,52.35
2026-08-23T04:18:42,118.65,53.84
2026-08-23T04:18:43,121.67,56.82
2026-08-23T04:18:44,122.56,57.69
2026-08-23T04:18:45,126.38,61.46
2026-08-23T04:18:46,119.99,55.17
2026-08-23T04:18:47,116.61,51.83
2026-08-23T04:18:48,114.28,49.54
2026-08-23T04:18:49,112.41,47.69
2026-08-23T04:18:50,111.48,46.77
2026-08-23T04:18:51,110.7,46.01
2026-08-23T04:18:52,110.26,45.57
2026-08-23T04:18:53,110.3,45.61
2026-08-23T04:18:54,110.28,45.59
2026-08-23T04:18:55,110.35,45.65
2026-08-23T04:18:56,109.8,45.12
2026-08-23T04:18:57,110.11,45.42
2026-08-23T04:18:58,109.58,44.9
2026-08-23T04:18:59,109.46,44.78
2026-08-23T04:19:00,109.17,44.5
2026-08-23T04:19:01,109.46,44.78
2026-08-23T04:19:02,109.28,44.6
2026-08-23T04:19:03,109.65,44.97
2026-08-23T04:19:04,109.28,44.61
2026-08-23T04:19:05,109.68,45.0
2026-08-23T04:19:06,109.64,44.96
2026-08-23T04:19:07,110.77,46.07
2026-08-23T04:19:08,110.65,45.95
2026-08-23T04:19:09,110.07,45.38
2026-08-23T04:19:10,109.46,44.78
2026-08-23T04:19:11,109.85,45.16
2026-08-23T04:19:12,109.3,44.63
2026-08-23T04:19:13,109.11,44.43
2026-08-23T04:19:14,109.49,44.81
2026-08-23T04:19:15,109.64,44.96
2026-08-23T04:19:16,109.22,44.54
2026-08-23T04:19:17,109.25,44.57
2026-08-23T04:19:18,109.61,44.92
2026-08-23T04:19:19,109.85,45.16
2026-08-23T04:19:20,109.75,45.07
2026-08-23T04:19:21,109.32,44.64
2026-08-23T04:19:22,109.59,44.91
2026-08-23T04:19:23,109.99,45.3
2026-08-23T04:19:24,109.77,45.09
2026-08-23T04:19:25,109.93,45.24
2026-08-23T04:19:26,109.68,44.99
2026-08-23T04:19:27,109.91,45.23
2026-08-23T04:19:28,109.64,44.96
2026-08-23T04:19:29,109.09,44.42
2026-08-23T04:19:30,109.74,45.06
2026-08-23T04:19:31,109.4,44.72
2026-08-23T04:19:32,109.58,44.9
2026-08-23T04:19:33,109.72,45.03
2026-08-23T04:19:34,109.56,44.88
2026-08-23T04:19:35,109.32,44.65
2026-08-23T04:19:36,109.37,44.7
2026-08-23T04:19:37,109.97,45.29
2026-08-23T04:19:38,109.55,44.87
2026-08-23T04:19:39,109.5,44.82
2026-08-23T04:19:40,109.83,45.14
2026-08-23T04:19:41,109.22,44.54
2026-08-23T04:19:42,110.26,45.57
2026-08-23T04:19:43,109.77,45.09
2026-08-23T04:19:44,110.38,45.69
2026-08-23T04:19:45,109.61,44.93
2026-08-23T04:19:46,109.7,45.02
2026-08-23T04:19:47,109.4,44.72
2026-08-23T04:19:48,109.82,45.14
2026-08-23T04:19:49,110.4,45.71
2026-08-23T04:19:50,110.2,45.51
2026-08-23T04:19:51,109.4,44.72
2026-08-23T04:19:52,109.37,44.69
2026-08-23T04:19:53,109.68,44.99
2026-08-23T04:19:54,110.38,45.69
2026-08-23T04:19:55,109.3,44.62
2026-08-23T04:19:56,109.29,44.61
2026-08-23T04:19:57,109.8,45.12
2026-08-23T04:19:58,109.79,45.11
2026-08-23T04:19:59,110.26,45.57
2026-08-23T04:20:00,110.34,45.65
2026-08-23T04:20:01,109.91,45.22
2026-08-23T04:20:02,109.98,45.3
2026-08-23T04:20:03,110.14,45.45
2026-08-23T04:20:04,109.71,45.03
2026-08-23T04:20:05,109.63,44.95
2026-08-23T04:20:06,109.59,44.9
2026-08-23T04:20:07,110.11,45.43
2026-08-23T04:20:08,109.71,45.02
2026-08-23T04:20:09,110.24,45.55
2026-08-23T04:20:10,110.05,45.36
2026-08-23T04:20:11,110.65,45.96
2026-08-23T04:20:12,110.92,46.22
2026-08-23T04:20:13,111.53,46.82
2026-08-23T04:20:14,112.67,47.94
2026-08-23T04:20:15,114.42,49.67
2026-08-23T04:20:16,116.36,51.58
2026-08-23T04:20:17,117.23,52.44
2026-08-23T04:20:18,121.15,56.3
2026-08-23T04:20:19,124.29,59.4
2026-08-23T04:20:20,127.01,62.08
2026-08-23T04:20:21,122.97,58.09
2026-08-23T04:20:22,117.89,53.09
2026-08-23T04:20:23,115.33,50.57
2026-08-23T04:20:24,113.27,48.53
2026-08-23T04:20:25,111.18,46.48
2026-08-23T04:20:26,110.85,46.15
2026-08-23T04:20:27,110.05,45.37
2026-08-23T04:20:28,110.55,45.85
2026-08-23T04:20:29,110.09,45.4
2026-08-23T04:20:30,110.17,45.48
2026-08-23T04:20:31,111.05,46.35
2026-08-23T04:20:32,110.03,45.34
2026-08-23T04:20:33,109.67,44.99
2026-08-23T04:20:34,109.28,44.6
2026-08-23T04:20:35,109.32,44.65
2026-08-23T04:20:36,109.57,44.89
2026-08-23T04:20:37,108.86,44.19
2026-08-23T04:20:38,109.33,44.65
2026-08-23T04:20:39,109.47,44.79
2026-08-23T04:20:40,109.44,44.76
2026-08-23T04:20:41,109.46,44.78
2026-08-23T04:20:42,109.56,44.88
2026-08-23T04:20:43,109.41,44.73
2026-08-23T04:20:44,109.37,44.69
2026-08-23T04:20:45,109.42,44.74
2026-08-23T04:20:46,109.29,44.61
2026-08-23T04:20:47,109.12,44.45
2026-08-23T04:20:48,108.97,44.3
2026-08-23T04:20:49,109.17,44.49
2026-08-23T04:20:50,108.85,44.18
2026-08-23T04:20:51,109.1,44.43
2026-08-23T04:20:52,109.13,44.46
2026-08-23T04:20:53,108.65,43.98
2026-08-23T04:20:54,108.78,44.11
2026-08-23T04:20:55,109.01,44.34
2026-08-23T04:20:56,108.67,44.0
2026-08-23T04:20:57,109.41,44.73
2026-08-23T04:20:58,109.31,44.64
2026-08-23T04:20:59,108.8,44.13
2026-08-23T04:21:00,108.96,44.29
2026-08-23T04:21:01,108.92,44.25
2026-08-23T04:21:02,109.73,45.04
2026-08-23T04:21:03,109.15,44.48
2026-08-23T04:21:04,109.42,44.74
2026-08-23T04:21:05,109.34,44.66
2026-08-23T04:21:06,108.79,44.12
2026-08-23T04:21:07,109.17,44.5
2026-08-23T04:21:08,108.8,44.13
2026-08-23T04:21:09,108.79,44.12
2026-08-23T04:21:10,108.89,44.22
2026-08-23T04:21:11,109.13,44.45
2026-08-23T04:21:12,109.02,44.34
2026-08-23T04:21:13,108.94,44.26
2026-08-23T04:21:14,108.9,44.23
2026-08-23T04:21:15,109.18,44.51
2026-08-23T04:21:16,109.24,44.56
2026-08-23T04:21:17,108.9,44.23
2026-08-23T04:21:18,108.89,44.22
2026-08-23T04:21:19,108.95,44.28
2026-08-23T04:21:20,108.7,44.03
2026-08-23T04:21:21,108.45,43.79
2026-08-23T04:21:22,108.87,44.2
2026-08-23T04:21:23,109.29,44.61
2026-08-23T04:21:24,108.43,43.77
2026-08-23T04:21:25,108.77,44.1
2026-08-23T04:21:26,108.99,44.32
2026-08-23T04:21:27,108.83,44.16
2026-08-23T04:21:28,109.21,44.54
2026-08-23T04:21:29,109.15,44.48
2026-08-23T04:21:30,109.52,44.84
2026-08-23T04:21:31,109.27,44.59
2026-08-23T04:21:32,109.15,44.48
2026-08-23T04:21:33,108.81,44.14
2026-08-23T04:21:34,109.23,44.56
2026-08-23T04:21:35,109.44,44.76
2026-08-23T04:21:36,108.98,44.31
2026-08-23T04:21:37,109.31,44.63
2026-08-23T04:21:38,108.81,44.14
2026-08-23T04:21:39,109.27,44.59
2026-08-23T04:21:40,109.51,44.83
2026-08-23T04:21:41,109.38,44.71
2026-08-23T04:21:42,108.93,44.26
2026-08-23T04:21:43,108.93,44.26
2026-08-23T04:21:44,109.39,44.71
2026-08-23T04:21:45,109.04,44.36
2026-08-23T04:21:46,108.96,44.29
2026-08-23T04:21:47,109.07,44.4
2026-08-23T04:21:48,108.73,44.06
2026-08-23T04:21:49,108.84,44.17
2026-08-23T04:21:50,108.83,44.16
2026-08-23T04:21:51,108.6,43.93
2026-08-23T04:21:52,108.59,43.92
2026-08-23T04:21:53,108.79,44.12
2026-08-23T04:21:54,108.68,44.02
2026-08-23T04:21:55,108.6,43.93
2026-08-23T04:21:56,108.9,44.23
2026-08-23T04:21:57,108.54,43.87
2026-08-23T04:21:58,109.07,44.4
2026-08-23T04:21:59,108.52,43.85
2026-08-23T04:22:00,108.83,44.16
2026-08-23T04:22:01,109.08,44.4
2026-08-23T04:22:02,109.14,44.46
2026-08-23T04:22:03,108.94,44.27
2026-08-23T04:22:04,108.73,44.07
2026-08-23T04:22:05,108.91,44.24
2026-08-23T04:22:06,108.92,44.25
2026-08-23T04:22:07,109.05,44.38
2026-08-23T04:22:08,109.29,44.62
2026-08-23T04:22:09,109.11,44.44
2026-08-23T04:22:10,109.26,44.58
2026-08-23T04:22:11,108.94,44.27
2026-08-23T04:22:12,108.77,44.1
2026-08-23T04:22:13,109.06,44.39
2026-08-23T04:22:14,109.43,44.75
2026-08-23T04:22:15,108.68,44.01
2026-08-23T04:22:16,108.66,44.0
2026-08-23T04:22:17,109.01,44.33
2026-08-23T04:22:18,108.73,44.06
2026-08-23T04:22:19,108.81,44.14
2026-08-23T04:22:20,108.4,43.74
2026-08-23T04:22:21,108.77,44.1
2026-08-23T04:22:22,108.78,44.11
2026-08-23T04:22:23,109.36,44.69
2026-08-23T04:22:24,109.29,44.61
2026-08-23T04:22:25,109.53,44.84
2026-08-23T04:22:26,110.09,45.4
2026-08-23T04:22:27,109.36,44.69
2026-08-23T04:22:28,109.57,44.89
2026-08-23T04:22:29,109.59,44.91
2026-08-23T04:22:30,109.86,45.17
2026-08-23T04:22:31,110.01,45.32
2026-08-23T04:22:32,110.0,45.31
2026-08-23T04:22:33,110.26,45.57
2026-08-23T04:22:34,110.87,46.17
2026-08-23T04:22:35,112.82,48.09
2026-08-23T04:22:36,115.58,50.82
2026-08-23T04:22:37,116.18,51.4
2026-08-23T04:22:38,118.56,53.75
2026-08-23T04:22:39,121.61,56.76
2026-08-23T04:22:40,127.79,62.85
2026-08-23T04:22:41,129.69,64.72
2026-08-23T04:22:42,131.25,66.26
2026-08-23T04:22:43,131.52,66.52
2026-08-23T04:22:44,128.12,63.17
2026-08-23T04:22:45,124.85,59.95
2026-08-23T04:22:46,122.37,57.51
2026-08-23T04:22:47,120.74,55.9
2026-08-23T04:22:48,119.4,54.58
2026-08-23T04:22:49,119.08,54.26
2026-08-23T04:22:50,115.4,50.64
2026-08-23T04:22:51,113.98,49.24
2026-08-23T04:22:52,112.98,48.26
2026-08-23T04:22:53,112.36,47.64
2026-08-23T04:22:54,111.91,47.19
2026-08-23T04:22:55,112.0,47.28
2026-08-23T04:22:56,111.61,46.9
2026-08-23T04:22:57,110.97,46.27
2026-08-23T04:22:58,110.94,46.24
2026-08-23T04:22:59,110.26,45.57
2026-08-23T04:23:00,109.97,45.28
2026-08-23T04:23:01,110.45,45.76
2026-08-23T04:23:02,110.08,45.39
2026-08-23T04:23:03,110.42,45.73
2026-08-23T04:23:04,109.81,45.12
2026-08-23T04:23:05,109.93,45.25
2026-08-23T04:23:06,109.71,45.03
2026-08-23T04:23:07,109.54,44.86
2026-08-23T04:23:08,110.0,45.32
2026-08-23T04:23:09,109.36,44.68
2026-08-23T04:23:10,110.05,45.36
2026-08-23T04:23:11,109.99,45.31
2026-08-23T04:23:12,110.03,45.34
2026-08-23T04:23:13,110.31,45.62
2026-08-23T04:23:14,109.44,44.76
2026-08-23T04:23:15,109.66,44.98
2026-08-23T04:23:16,109.54,44.86
2026-08-23T04:23:17,109.58,44.9
2026-08-23T04:23:18,109.5,44.82
2026-08-23T04:23:19,109.45,44.77
2026-08-23T04:23:20,109.65,44.97
2026-08-23T04:23:21,109.26,44.58
2026-08-23T04:23:22,109.85,45.16
2026-08-23T04:23:23,110.21,45.52
2026-08-23T04:23:24,110.0,45.32
2026-08-23T04:23:25,109.54,44.86
2026-08-23T04:23:26,109.47,44.79
2026-08-23T04:23:27,109.15,44.47
2026-08-23T04:23:28,109.28,44.61
2026-08-23T04:23:29,109.48,44.8
2026-08-23T04:23:30,109.65,44.97
2026-08-23T04:23:31,109.31,44.63
2026-08-23T04:23:32,109.22,44.55
2026-08-23T04:23:33,109.3,44.62
2026-08-23T04:23:34,109.77,45.08
2026-08-23T04:23:35,109.3,44.63
2026-08-23T04:23:36,109.48,44.8
2026-08-23T04:23:37,109.26,44.58
2026-08-23T04:23:38,109.62,44.94
2026-08-23T04:23:39,109.06,44.38
2026-08-23T04:23:40,108.47,43.8
2026-08-23T04:23:41,108.83,44.16
2026-08-23T04:23:42,108.81,44.14
2026-08-23T04:23:43,109.23,44.56
2026-08-23T04:23:44,108.78,44.12
2026-08-23T04:23:45,109.2,44.52
2026-08-23T04:23:46,109.49,44.81
2026-08-23T04:23:47,109.3,44.62
2026-08-23T04:23:48,109.55,44.87
2026-08-23T04:23:49,109.7,45.01
2026-08-23T04:23:50,109.39,44.71
2026-08-23T04:23:51,109.26,44.58
2026-08-23T04:23:52,109.34,44.66
2026-08-23T04:23:53,109.16,44.49
2026-08-23T04:23:54,109.1,44.43
2026-08-23T04:23:55,108.86,44.19
2026-08-23T04:23:56,109.41,44.73
2026-08-23T04:23:57,109.0,44.33
2026-08-23T04:23:58,109.28,44.6
2026-08-23T04:23:59,108.9,44.23
2026-08-23T04:24:00,109.17,44.5
2026-08-23T04:24:01,109.05,44.37
2026-08-23T04:24:02,109.27,44.59
2026-08-23T04:24:03,109.48,44.8
2026-08-23T04:24:04,109.42,44.74
2026-08-23T04:24:05,109.79,45.1
2026-08-23T04:24:06,109.97,45.28
2026-08-23T04:24:07,109.77,45.09
2026-08-23T04:24:08,110.06,45.38
2026-08-23T04:24:09,111.05,46.35
2026-08-23T04:24:10,111.64,46.93
2026-08-23T04:24:11,112.42,47.7
2026-08-23T04:24:12,113.7,48.96
2026-08-23T04:24:13,114.62,49.87
2026-08-23T04:24:14,116.86,52.07
2026-08-23T04:24:15,118.9,54.09
2026-08-23T04:24:16,122.65,57.79
2026-08-23T04:24:17,125.15,60.25
2026-08-23T04:24:18,128.43,63.48
2026-08-23T04:24:19,129.33,64.37
2026-08-23T04:24:20,128.46,63.51
2026-08-23T04:24:21,122.44,57.57
2026-08-23T04:24:22,117.54,52.74
2026-08-23T04:24:23,115.15,50.39
2026-08-23T04:24:24,112.71,47.99
2026-08-23T04:24:25,111.83,47.11
2026-08-23T04:24:26,112.03,47.32
2026-08-23T04:24:27,110.68,45.98
2026-08-23T04:24:28,110.33,45.64
2026-08-23T04:24:29,109.89,45.2
2026-08-23T04:24:30,109.1,44.43
2026-08-23T04:24:31,111.02,46.32
2026-08-23T04:24:32,112.38,47.66
2026-08-23T04:24:33,112.45,47.73
2026-08-23T04:24:34,111.49,46.78
2026-08-23T04:24:35,109.46,44.78
2026-08-23T04:24:36,109.04,44.36
2026-08-23T04:24:37,109.33,44.66
2026-08-23T04:24:38,109.2,44.53
2026-08-23T04:24:39,109.29,44.61
2026-08-23T04:24:40,109.75,45.07
2026-08-23T04:24:41,109.67,44.99
2026-08-23T04:24:42,109.45,44.77
2026-08-23T04:24:43,109.89,45.2
2026-08-23T04:24:44,109.55,44.87
2026-08-23T04:24:45,109.64,44.96
2026-08-23T04:24:46,109.85,45.16
2026-08-23T04:24:47,109.28,44.6
2026-08-23T04:24:48,109.65,44.97
2026-08-23T04:24:49,110.25,45.56
2026-08-23T04:24:50,109.79,45.1
2026-08-23T04:24:51,110.14,45.45
2026-08-23T04:24:52,110.48,45.78
2026-08-23T04:24:53,109.93,45.24
2026-08-23T04:24:54,109.52,44.84
2026-08-23T04:24:55,109.42,44.74
2026-08-23T04:24:56,109.93,45.24
2026-08-23T04:24:57,110.23,45.54
2026-08-23T04:24:58,109.24,44.57
2026-08-23T04:24:59,109.95,45.26
2026-08-23T04:25:00,110.26,45.57
2026-08-23T04:25:01,109.12,44.45
2026-08-23T04:25:02,109.32,44.65
2026-08-23T04:25:03,109.2,44.52
2026-08-23T04:25:04,110.32,45.63
2026-08-23T04:25:05,108.92,44.25
2026-08-23T04:25:06,109.17,44.49
2026-08-23T04:25:07,110.09,45.4
2026-08-23T04:25:08,109.91,45.23
2026-08-23T04:25:09,109.18,44.51
2026-08-23T04:25:10,108.76,44.09
2026-08-23T04:25:11,110.25,45.56
2026-08-23T04:25:12,109.34,44.67
2026-08-23T04:25:13,108.96,44.28
2026-08-23T04:25:14,109.28,44.61
2026-08-23T04:25:15,109.95,45.26
2026-08-23T04:25:16,108.94,44.26
2026-08-23T04:25:17,108.81,44.14
2026-08-23T04:25:18,108.91,44.23
2026-08-23T04:25:19,109.4,44.72
2026-08-23T04:25:20,109.1,44.42
2026-08-23T04:25:21,109.52,44.84
2026-08-23T04:25:22,109.53,44.85
2026-08-23T04:25:23,110.42,45.73
2026-08-23T04:25:24,109.49,44.81
2026-08-23T04:25:25,108.78,44.11
2026-08-23T04:25:26,108.91,44.24
2026-08-23T04:25:27,109.65,44.97
2026-08-23T04:25:28,109.28,44.61
2026-08-23T04:25:29,109.14,44.46
2026-08-23T04:25:30,109.35,44.67
2026-08-23T04:25:31,110.05,45.37
2026-08-23T04:25:32,109.07,44.4
2026-08-23T04:25:33,109.39,44.71
2026-08-23T04:25:34,109.42,44.74
2026-08-23T04:25:35,109.96,45.27
2026-08-23T04:25:36,109.2,44.53
2026-08-23T04:25:37,108.67,44.0
2026-08-23T04:25:38,109.38,44.71
2026-08-23T04:25:39,109.4,44.72
2026-08-23T04:25:40,109.26,44.58
2026-08-23T04:25:41,108.77,44.1
2026-08-23T04:25:42,109.34,44.66
2026-08-23T04:25:43,110.0,45.31
2026-08-23T04:25:44,111.1,46.4
2026-08-23T04:25:45,110.89,46.19
2026-08-23T04:25:46,110.7,46.01
2026-08-23T04:25:47,110.73,46.03
2026-08-23T04:25:48,110.55,45.86
2026-08-23T04:25:49,110.21,45.52
2026-08-23T04:25:50,109.66,44.98
2026-08-23T04:25:51,110.16,45.47
2026-08-23T04:25:52,110.06,45.37
2026-08-23T04:25:53,109.49,44.81
2026-08-23T04:25:54,109.55,44.87
2026-08-23T04:25:55,109.72,45.03
2026-08-23T04:25:56,110.04,45.35
2026-08-23T04:25:57,110.42,45.72
2026-08-23T04:25:58,109.19,44.52
2026-08-23T04:25:59,109.89,45.2
2026-08-23T04:26:00,109.34,44.66
2026-08-23T04:26:01,109.45,44.77
2026-08-23T04:26:02,110.02,45.34
2026-08-23T04:26:03,110.2,45.51
2026-08-23T04:26:04,109.48,44.8
2026-08-23T04:26:05,109.38,44.7
2026-08-23T04:26:06,109.81,45.13
2026-08-23T04:26:07,110.07,45.38
2026-08-23T04:26:08,109.46,44.78
2026-08-23T04:26:09,109.54,44.86
2026-08-23T04:26:10,109.17,44.49
2026-08-23T04:26:11,109.49,44.81
2026-08-23T04:26:12,108.88,44.21
2026-08-23T04:26:13,109.26,44.58
2026-08-23T04:26:14,109.28,44.61
2026-08-23T04:26:15,109.48,44.8
2026-08-23T04:26:16,109.64,44.96
2026-08-23T04:26:17,109.25,44.58
2026-08-23T04:26:18,109.25,44.57
2026-08-23T04:26:19,109.51,44.83
2026-08-23T04:26:20,109.27,44.59
2026-08-23T04:26:21,109.48,44.8
2026-08-23T04:26:22,109.6,44.92
2026-08-23T04:26:23,110.01,45.33
2026-08-23T04:26:24,109.78,45.1
2026-08-23T04:26:25,111.22,46.52
2026-08-23T04:26:26,110.86,46.16
2026-08-23T04:26:27,109.24,44.57
2026-08-23T04:26:28,109.58,44.9
2026-08-23T04:26:29,109.64,44.96
2026-08-23T04:26:30,109.95,45.26
2026-08-23T04:26:31,110.02,45.33
2026-08-23T04:26:32,109.5,44.82
2026-08-23T04:26:33,109.42,44.74
2026-08-23T04:26:34,109.77,45.09
2026-08-23T04:26:35,109.31,44.63
2026-08-23T04:26:36,109.64,44.96
2026-08-23T04:26:37,109.7,45.02
2026-08-23T04:26:38,109.87,45.18
2026-08-23T04:26:39,109.64,44.96
2026-08-23T04:26:40,109.49,44.81
2026-08-23T04:26:41,109.69,45.01
2026-08-23T04:26:42,110.67,45.97
2026-08-23T04:26:43,111.22,46.52
2026-08-23T04:26:44,110.72,46.03
2026-08-23T04:26:45,111.8,47.08
2026-08-23T04:26:46,110.86,46.16
2026-08-23T04:26:47,112.01,47.3
2026-08-23T04:26:48,111.07,46.37
2026-08-23T04:26:49,109.61,44.93
2026-08-23T04:26:50,110.34,45.65
2026-08-23T04:26:51,109.29,44.62
2026-08-23T04:26:52,109.52,44.84
2026-08-23T04:26:53,109.61,44.93
2026-08-23T04:26:54,109.76,45.08
2026-08-23T04:26:55,109.89,45.2
2026-08-23T04:26:56,109.71,45.03
2026-08-23T04:26:57,109.38,44.7
2026-08-23T04:26:58,109.72,45.04
2026-08-23T04:26:59,109.96,45.27
2026-08-23T04:27:00,110.61,45.91
2026-08-23T04:27:01,110.69,45.99
2026-08-23T04:27:02,110.72,46.02
2026-08-23T04:27:03,110.11,45.42
2026-08-23T04:27:04,110.21,45.52
2026-08-23T04:27:05,110.66,45.96
2026-08-23T04:27:06,110.82,46.12
2026-08-23T04:27:07,110.76,46.06
2026-08-23T04:27:08,111.18,46.48
2026-08-23T04:27:09,110.26,45.57
2026-08-23T04:27:10,110.4,45.71
2026-08-23T04:27:11,110.07,45.38
2026-08-23T04:27:12,110.16,45.48
2026-08-23T04:27:13,109.73,45.05
2026-08-23T04:27:14,110.41,45.72
2026-08-23T04:27:15,110.29,45.6
2026-08-23T04:27:16,109.84,45.15
2026-08-23T04:27:17,109.78,45.09
2026-08-23T04:27:18,109.6,44.92
2026-08-23T04:27:19,110.87,46.17
2026-08-23T04:27:20,111.61,46.9
2026-08-23T04:27:21,109.37,44.69
2026-08-23T04:27:22,109.7,45.02
2026-08-23T04:27:23,110.05,45.36
2026-08-23T04:27:24,109.77,45.08
2026-08-23T04:27:25,109.66,44.97
2026-08-23T04:27:26,109.5,44.82
2026-08-23T04:27:27,109.49,44.81
2026-08-23T04:27:28,109.99,45.3
2026-08-23T04:27:29,110.36,45.67
2026-08-23T04:27:30,110.68,45.98
2026-08-23T04:27:31,110.6,45.91
2026-08-23T04:27:32,110.0,45.31
2026-08-23T04:27:33,110.27,45.58
2026-08-23T04:27:34,110.19,45.5
2026-08-23T04:27:35,110.0,45.31
2026-08-23T04:27:36,109.98,45.29
2026-08-23T04:27:37,110.68,45.98
2026-08-23T04:27:38,109.99,45.3
2026-08-23T04:27:39,110.86,46.16
2026-08-23T04:27:40,110.58,45.88
2026-08-23T04:27:41,110.64,45.95
2026-08-23T04:27:42,110.38,45.69
2026-08-23T04:27:43,109.87,45.18
2026-08-23T04:27:44,110.02,45.34
2026-08-23T04:27:45,109.76,45.08
2026-08-23T04:27:46,109.96,45.27
2026-08-23T04:27:47,109.83,45.15
2026-08-23T04:27:48,110.1,45.41
2026-08-23T04:27:49,109.71,45.03
2026-08-23T04:27:50,109.89,45.2
2026-08-23T04:27:51,109.62,44.94
2026-08-23T04:27:52,109.74,45.06
2026-08-23T04:27:53,109.88,45.19
2026-08-23T04:27:54,110.27,45.58
2026-08-23T04:27:55,110.31,45.62
2026-08-23T04:27:56,110.97,46.27
2026-08-23T04:27:57,112.03,47.32
2026-08-23T04:27:58,111.55,46.84
2026-08-23T04:27:59,110.18,45.49
2026-08-23T04:28:00,109.65,44.97
2026-08-23T04:28:01,109.87,45.19
2026-08-23T04:28:02,109.21,44.54
2026-08-23T04:28:03,109.59,44.91
2026-08-23T04:28:04,109.45,44.77
2026-08-23T04:28:05,109.37,44.69
2026-08-23T04:28:06,109.74,45.05
2026-08-23T04:28:07,109.84,45.15
2026-08-23T04:28:08,109.87,45.19
2026-08-23T04:28:09,109.56,44.88
2026-08-23T04:28:10,109.67,44.99
2026-08-23T04:28:11,109.74,45.05
2026-08-23T04:28:12,109.63,44.95
2026-08-23T04:28:13,110.03,45.34
2026-08-23T04:28:14,109.56,44.88
2026-08-23T04:28:15,109.65,44.96
2026-08-23T04:28:16,109.39,44.71
2026-08-23T04:28:17,109.43,44.75
2026-08-23T04:28:18,109.32,44.64
2026-08-23T04:28:19,109.34,44.67
2026-08-23T04:28:20,108.8,44.13
2026-08-23T04:28:21,109.77,45.08
2026-08-23T04:28:22,110.52,45.82
2026-08-23T04:28:23,109.77,45.09
2026-08-23T04:28:24,109.3,44.62
2026-08-23T04:28:25,109.31,44.64
2026-08-23T04:28:26,109.45,44.77
2026-08-23T04:28:27,109.86,45.17
2026-08-23T04:28:28,109.71,45.02
2026-08-23T04:28:29,109.73,45.05
2026-08-23T04:28:30,110.5,45.81
2026-08-23T04:28:31,109.48,44.8
2026-08-23T04:28:32,109.31,44.64
2026-08-23T04:28:33,109.6,44.92
2026-08-23T04:28:34,109.73,45.05
2026-08-23T04:28:35,109.04,44.37
2026-08-23T04:28:36,109.3,44.62
2026-08-23T04:28:37,109.52,44.84
2026-08-23T04:28:38,109.36,44.69
2026-08-23T04:28:39,109.37,44.69
2026-08-23T04:28:40,109.09,44.42
2026-08-23T04:28:41,109.69,45.01
2026-08-23T04:28:42,108.79,44.12
2026-08-23T04:28:43,109.0,44.33
2026-08-23T04:28:44,108.98,44.31
2026-08-23T04:28:45,109.26,44.59
2026-08-23T04:28:46,109.31,44.64
2026-08-23T04:28:47,109.61,44.93
2026-08-23T04:28:48,109.04,44.37
2026-08-23T04:28:49,109.38,44.7
2026-08-23T04:28:50,109.29,44.62
2026-08-23T04:28:51,109.42,44.75
2026-08-23T04:28:52,109.36,44.68
2026-08-23T04:28:53,109.0,44.33
2026-08-23T04:28:54,109.41,44.73
2026-08-23T04:28:55,109.24,44.56
2026-08-23T04:28:56,109.67,44.99
2026-08-23T04:28:57,109.75,45.07
2026-08-23T04:28:58,109.7,45.01
2026-08-23T04:28:59,109.88,45.2
2026-08-23T04:29:00,109.83,45.15
2026-08-23T04:29:01,109.42,44.74
2026-08-23T04:29:02,109.59,44.91
2026-08-23T04:29:03,109.69,45.01
2026-08-23T04:29:04,110.54,45.84
2026-08-23T04:29:05,109.94,45.25
2026-08-23T04:29:06,109.56,44.88
2026-08-23T04:29:07,109.37,44.7
2026-08-23T04:29:08,109.51,44.83
2026-08-23T04:29:09,109.49,44.81
2026-08-23T04:29:10,109.73,45.05
2026-08-23T04:29:11,109.91,45.22
2026-08-23T04:29:12,109.96,45.28
2026-08-23T04:29:13,109.97,45.29
2026-08-23T04:29:14,109.66,44.97
2026-08-23T04:29:15,109.34,44.67
2026-08-23T04:29:16,109.46,44.78
2026-08-23T04:29:17,109.4,44.72
2026-08-23T04:29:18,109.33,44.65
2026-08-23T04:29:19,109.36,44.69
2026-08-23T04:29:20,109.47,44.79
2026-08-23T04:29:21,109.96,45.28
2026-08-23T04:29:22,109.75,45.07
2026-08-23T04:29:23,109.7,45.02
2026-08-23T04:29:24,109.49,44.81
2026-08-23T04:29:25,109.61,44.93
2026-08-23T04:29:26,109.94,45.25
2026-08-23T04:29:27,109.96,45.27
2026-08-23T04:29:28,110.34,45.64
2026-08-23T04:29:29,109.39,44.72
2026-08-23T04:29:30,109.78,45.09
2026-08-23T04:29:31,109.73,45.05
2026-08-23T04:29:32,109.86,45.18
2026-08-23T04:29:33,109.77,45.08
2026-08-23T04:29:34,109.87,45.19
2026-08-23T04:29:35,109.5,44.82
2026-08-23T04:29:36,109.98,45.3
2026-08-23T04:29:37,109.28,44.61
2026-08-23T04:29:38,109.69,45.01
2026-08-23T04:29:39,109.41,44.73
2026-08-23T04:29:40,109.1,44.42
2026-08-23T04:29:41,109.36,44.68
2026-08-23T04:29:42,108.71,44.04
2026-08-23T04:29:43,109.22,44.55
2026-08-23T04:29:44,109.51,44.83
2026-08-23T04:29:45,109.83,45.15
2026-08-23T04:29:46,109.47,44.79
2026-08-23T04:29:47,109.52,44.84
2026-08-23T04:29:48,109.27,44.59
2026-08-23T04:29:49,109.16,44.49
2026-08-23T04:29:50,109.47,44.79
2026-08-23T04:29:51,109.19,44.51
2026-08-23T04:29:52,109.29,44.61
2026-08-23T04:29:53,109.48,44.8
2026-08-23T04:29:54,109.34,44.67
2026-08-23T04:29:55,109.88,45.2
2026-08-23T04:29:56,109.47,44.79
2026-08-23T04:29:57,109.38,44.7
2026-08-23T04:29:58,109.59,44.91
2026-08-23T04:29:59,109.11,44.43
2026-08-23T04:30:00,109.88,45.2
2026-08-23T04:30:01,109.11,44.44
2026-08-23T04:30:02,109.51,44.83
2026-08-23T04:30:03,109.02,44.35
2026-08-23T04:30:04,109.24,44.56
2026-08-23T04:30:05,109.62,44.94
2026-08-23T04:30:06,109.63,44.95
2026-08-23T04:30:07,108.99,44.32
2026-08-23T04:30:08,109.12,44.45
2026-08-23T04:30:09,109.36,44.69
2026-08-23T04:30:10,109.42,44.74
2026-08-23T04:30:11,109.67,44.99
2026-08-23T04:30:12,109.25,44.58
2026-08-23T04:30:13,109.33,44.65
2026-08-23T04:30:14,109.4,44.72
2026-08-23T04:30:15,109.22,44.55
2026-08-23T04:30:16,109.69,45.0
2026-08-23T04:30:17,109.17,44.5
2026-08-23T04:30:18,109.21,44.53
2026-08-23T04:30:19,109.6,44.92
2026-08-23T04:30:20,109.52,44.84
2026-08-23T04:30:21,109.54,44.86
2026-08-23T04:30:22,109.81,45.13
2026-08-23T04:30:23,109.44,44.76
2026-08-23T04:30:24,109.84,45.15
2026-08-23T04:30:25,109.55,44.87
2026-08-23T04:30:26,109.49,44.81
2026-08-23T04:30:27,109.72,45.03
2026-08-23T04:30:28,109.66,44.98
2026-08-23T04:30:29,109.33,44.66
2026-08-23T04:30:30,109.45,44.77
2026-08-23T04:30:31,109.27,44.6
2026-08-23T04:30:32,109.3,44.62
2026-08-23T04:30:33,109.23,44.55
2026-08-23T04:30:34,109.38,44.7
2026-08-23T04:30:35,108.88,44.21
2026-08-23T04:30:36,109.29,44.62
2026-08-23T04:30:37,108.73,44.07
2026-08-23T04:30:38,108.7,44.03
2026-08-23T04:30:39,109.21,44.53
2026-08-23T04:30:40,108.73,44.06
2026-08-23T04:30:41,109.21,44.53
2026-08-23T04:30:42,109.08,44.4
2026-08-23T04:30:43,109.24,44.57
2026-08-23T04:30:44,109.54,44.86
2026-08-23T04:30:45,109.41,44.73
2026-08-23T04:30:46,109.34,44.66
2026-08-23T04:30:47,109.25,44.57
2026-08-23T04:30:48,109.31,44.64
2026-08-23T04:30:49,109.31,44.64
2026-08-23T04:30:50,109.59,44.91
2026-08-23T04:30:51,109.12,44.44
2026-08-23T04:30:52,109.17,44.5
2026-08-23T04:30:53,109.09,44.42
2026-08-23T04:30:54,109.74,45.06
2026-08-23T04:30:55,109.56,44.88
2026-08-23T04:30:56,109.53,44.85
2026-08-23T04:30:57,109.47,44.79
2026-08-23T04:30:58,109.25,44.57
2026-08-23T04:30:59,108.96,44.29
2026-08-23T04:31:00,109.36,44.69
2026-08-23T04:31:01,109.28,44.6
2026-08-23T04:31:02,109.46,44.78
2026-08-23T04:31:03,108.9,44.23
2026-08-23T04:31:04,109.06,44.38
2026-08-23T04:31:05,108.72,44.05
2026-08-23T04:31:06,109.06,44.38
2026-08-23T04:31:07,109.05,44.37
2026-08-23T04:31:08,109.55,44.87
2026-08-23T04:31:09,108.85,44.18
2026-08-23T04:31:10,109.25,44.57
2026-08-23T04:31:11,108.7,44.03
2026-08-23T04:31:12,108.72,44.05
2026-08-23T04:31:13,108.92,44.25
2026-08-23T04:31:14,109.24,44.56
2026-08-23T04:31:15,108.47,43.8
2026-08-23T04:31:16,108.64,43.97
2026-08-23T04:31:17,109.15,44.48
2026-08-23T04:31:18,108.93,44.26
2026-08-23T04:31:19,108.49,43.83
2026-08-23T04:31:20,108.59,43.92
2026-08-23T04:31:21,109.2,44.52
2026-08-23T04:31:22,108.58,43.92
2026-08-23T04:31:23,108.81,44.14
2026-08-23T04:31:24,108.29,43.62
2026-08-23T04:31:25,108.99,44.32
2026-08-23T04:31:26,108.79,44.12
2026-08-23T04:31:27,108.6,43.93
2026-08-23T04:31:28,108.43,43.77
2026-08-23T04:31:29,108.37,43.71
2026-08-23T04:31:30,108.97,44.3
2026-08-23T04:31:31,108.98,44.31
2026-08-23T04:31:32,108.62,43.95
2026-08-23T04:31:33,108.83,44.16
2026-08-23T04:31:34,108.96,44.29
2026-08-23T04:31:35,108.57,43.9
2026-08-23T04:31:36,109.04,44.37
2026-08-23T04:31:37,109.03,44.36
2026-08-23T04:31:38,108.82,44.15
2026-08-23T04:31:39,108.91,44.24
2026-08-23T04:31:40,108.56,43.89
2026-08-23T04:31:41,109.11,44.43
2026-08-23T04:31:42,109.84,45.15
2026-08-23T04:31:43,108.91,44.24
2026-08-23T04:31:44,109.02,44.35
2026-08-23T04:31:45,108.78,44.11
2026-08-23T04:31:46,108.76,44.09
2026-08-23T04:31:47,108.44,43.78
2026-08-23T04:31:48,108.7,44.03
2026-08-23T04:31:49,108.79,44.12
2026-08-23T04:31:50,108.75,44.08
2026-08-23T04:31:51,109.11,44.43
2026-08-23T04:31:52,108.78,44.11
2026-08-23T04:31:53,108.38,43.72
2026-08-23T04:31:54,108.93,44.26
2026-08-23T04:31:55,108.52,43.86
2026-08-23T04:31:56,108.34,43.67
2026-08-23T04:31:57,108.65,43.98
2026-08-23T04:31:58,108.56,43.89
2026-08-23T04:31:59,108.3,43.63
2026-08-23T04:32:00,108.69,44.02
2026-08-23T04:32:01,108.42,43.76
2026-08-23T04:32:02,108.57,43.91
2026-08-23T04:32:03,108.79,44.12
2026-08-23T04:32:04,108.88,44.21
2026-08-23T04:32:05,108.49,43.83
2026-08-23T04:32:06,109.02,44.34
2026-08-23T04:32:07,108.72,44.05
2026-08-23T04:32:08,108.61,43.95
2026-08-23T04:32:09,108.85,44.18
2026-08-23T04:32:10,109.0,44.33
2026-08-23T04:32:11,108.77,44.1
2026-08-23T04:32:12,109.24,44.57
2026-08-23T04:32:13,109.31,44.63
2026-08-23T04:32:14,109.34,44.66
2026-08-23T04:32:15,109.28,44.6
2026-08-23T04:32:16,109.3,44.63
2026-08-23T04:32:17,109.02,44.35
2026-08-23T04:32:18,109.02,44.35
2026-08-23T04:32:19,108.91,44.24
2026-08-23T04:32:20,109.03,44.35
2026-08-23T04:32:21,108.58,43.91
2026-08-23T04:32:22,108.99,44.32
2026-08-23T04:32:23,108.84,44.17
2026-08-23T04:32:24,109.15,44.48
2026-08-23T04:32:25,108.83,44.16
2026-08-23T04:32:26,108.59,43.92
2026-08-23T04:32:27,108.77,44.1
2026-08-23T04:32:28,108.93,44.26
2026-08-23T04:32:29,108.9,44.23
2026-08-23T04:32:30,108.88,44.21
2026-08-23T04:32:31,108.85,44.18
2026-08-23T04:32:32,109.16,44.48
2026-08-23T04:32:33,109.32,44.65
2026-08-23T04:32:34,109.34,44.66
2026-08-23T04:32:35,108.93,44.25
2026-08-23T04:32:36,109.13,44.46
2026-08-23T04:32:37,108.62,43.95
2026-08-23T04:32:38,109.02,44.35
2026-08-23T04:32:39,108.76,44.09
2026-08-23T04:32:40,108.97,44.3
2026-08-23T04:32:41,109.23,44.56
2026-08-23T04:32:42,109.0,44.33
2026-08-23T04:32:43,109.17,44.5
2026-08-23T04:32:44,109.31,44.64
2026-08-23T04:32:45,108.75,44.08
2026-08-23T04:32:46,109.11,44.43
2026-08-23T04:32:47,108.95,44.27
2026-08-23T04:32:48,108.53,43.87
2026-08-23T04:32:49,108.98,44.31
2026-08-23T04:32:50,109.21,44.54
2026-08-23T04:32:51,109.16,44.49
2026-08-23T04:32:52,109.05,44.37
2026-08-23T04:32:53,109.43,44.75
2026-08-23T04:32:54,109.31,44.64
2026-08-23T04:32:55,108.89,44.22
2026-08-23T04:32:56,109.09,44.42
2026-08-23T04:32:57,109.49,44.81
2026-08-23T04:32:58,109.0,44.32
2026-08-23T04:32:59,108.84,44.17
2026-08-23T04:33:00,109.25,44.58
2026-08-23T04:33:01,109.37,44.69
2026-08-23T04:33:02,109.6,44.92
2026-08-23T04:33:03,109.59,44.91
2026-08-23T04:33:04,109.63,44.95
2026-08-23T04:33:05,108.95,44.28
2026-08-23T04:33:06,109.09,44.41
2026-08-23T04:33:07,108.7,44.03
2026-08-23T04:33:08,109.19,44.52
2026-08-23T04:33:09,108.98,44.31
2026-08-23T04:33:10,108.73,44.06
2026-08-23T04:33:11,109.34,44.66
2026-08-23T04:33:12,109.74,45.05
2026-08-23T04:33:13,109.8,45.11
2026-08-23T04:33:14,109.42,44.74
2026-08-23T04:33:15,109.78,45.1
2026-08-23T04:33:16,109.75,45.07
2026-08-23T04:33:17,109.66,44.98
2026-08-23T04:33:18,109.08,44.4
2026-08-23T04:33:19,109.3,44.62
2026-08-23T04:33:20,109.49,44.81
2026-08-23T04:33:21,109.43,44.75
2026-08-23T04:33:22,109.45,44.77
2026-08-23T04:33:23,110.02,45.33
2026-08-23T04:33:24,109.74,45.06
2026-08-23T04:33:25,109.72,45.04
2026-08-23T04:33:26,109.37,44.69
2026-08-23T04:33:27,109.34,44.66
2026-08-23T04:33:28,109.72,45.04
2026-08-23T04:33:29,109.47,44.79
2026-08-23T04:33:30,109.57,44.89
2026-08-23T04:33:31,109.54,44.86
2026-08-23T04:33:32,110.11,45.42
2026-08-23T04:33:33,109.99,45.31
2026-08-23T04:33:34,109.64,44.96
2026-08-23T04:33:35,109.78,45.1
2026-08-23T04:33:36,109.44,44.76
2026-08-23T04:33:37,109.26,44.59
2026-08-23T04:33:38,109.93,45.24
2026-08-23T04:33:39,109.45,44.77
2026-08-23T04:33:40,109.8,45.12
2026-08-23T04:33:41,110.19,45.5
2026-08-23T04:33:42,109.8,45.12
2026-08-23T04:33:43,109.53,44.85
2026-08-23T04:33:44,109.29,44.62
2026-08-23T04:33:45,109.52,44.84
2026-08-23T04:33:46,109.77,45.09
2026-08-23T04:33:47,110.23,45.54
2026-08-23T04:33:48,110.14,45.45
2026-08-23T04:33:49,109.98,45.29
2026-08-23T04:33:50,110.3,45.6
2026-08-23T04:33:51,110.19,45.5
2026-08-23T04:33:52,110.29,45.6
2026-08-23T04:33:53,109.92,45.24
2026-08-23T04:33:54,109.75,45.07
2026-08-23T04:33:55,110.69,45.99
2026-08-23T04:33:56,110.61,45.91
2026-08-23T04:33:57,110.1,45.41
2026-08-23T04:33:58,109.87,45.18
2026-08-23T04:33:59,110.03,45.34
2026-08-23T04:34:00,110.38,45.69
2026-08-23T04:34:01,110.08,45.39
2026-08-23T04:34:02,110.19,45.51
2026-08-23T04:34:03,110.25,45.56
2026-08-23T04:34:04,110.41,45.72
2026-08-23T04:34:05,110.86,46.16
2026-08-23T04:34:06,110.29,45.6
2026-08-23T04:34:07,110.73,46.03
2026-08-23T04:34:08,110.1,45.42
2026-08-23T04:34:09,110.56,45.87
2026-08-23T04:34:10,110.95,46.25
2026-08-23T04:34:11,110.43,45.74
2026-08-23T04:34:12,110.34,45.65
2026-08-23T04:34:13,110.37,45.67
2026-08-23T04:34:14,110.67,45.97
2026-08-23T04:34:15,110.52,45.83
2026-08-23T04:34:16,110.84,46.14
2026-08-23T04:34:17,110.63,45.93
2026-08-23T04:34:18,110.23,45.54
2026-08-23T04:34:19,110.32,45.63
2026-08-23T04:34:20,110.76,46.06
2026-08-23T04:34:21,110.66,45.96
2026-08-23T04:34:22,109.91,45.23
2026-08-23T04:34:23,109.95,45.26
2026-08-23T04:34:24,110.11,45.42
2026-08-23T04:34:25,109.96,45.28
2026-08-23T04:34:26,109.97,45.28
2026-08-23T04:34:27,109.83,45.15
2026-08-23T04:34:28,110.09,45.4
2026-08-23T04:34:29,110.54,45.84
2026-08-23T04:34:30,111.51,46.8
2026-08-23T04:34:31,111.05,46.35
2026-08-23T04:34:32,110.52,45.82
2026-08-23T04:34:33,110.56,45.87
2026-08-23T04:34:34,110.15,45.46
2026-08-23T04:34:35,110.92,46.22
2026-08-23T04:34:36,110.54,45.84
2026-08-23T04:34:37,110.82,46.12
2026-08-23T04:34:38,111.33,46.63
2026-08-23T04:34:39,112.47,47.75
2026-08-23T04:34:40,111.91,47.2
2026-08-23T04:34:41,110.8,46.1
2026-08-23T04:34:42,110.4,45.7
2026-08-23T04:34:43,111.11,46.41
2026-08-23T04:34:44,110.91,46.21
2026-08-23T04:34:45,111.46,46.76
2026-08-23T04:34:46,111.42,46.71
2026-08-23T04:34:47,110.56,45.87
2026-08-23T04:34:48,112.14,47.42
2026-08-23T04:34:49,112.11,47.39
2026-08-23T04:34:50,110.73,46.03
2026-08-23T04:34:51,110.5,45.8
2026-08-23T04:34:52,111.05,46.35
2026-08-23T04:34:53,110.03,45.34
2026-08-23T04:34:54,110.17,45.48
2026-08-23T04:34:55,109.77,45.08
2026-08-23T04:34:56,109.78,45.1
2026-08-23T04:34:57,110.61,45.91
2026-08-23T04:34:58,110.81,46.11
2026-08-23T04:34:59,111.79,47.08
2026-08-23T04:35:00,109.68,45.0
2026-08-23T04:35:01,109.8,45.11
2026-08-23T04:35:02,110.2,45.51
2026-08-23T04:35:03,109.58,44.9
2026-08-23T04:35:04,109.46,44.78
2026-08-23T04:35:05,109.38,44.71
2026-08-23T04:35:06,109.61,44.93
2026-08-23T04:35:07,109.43,44.75
2026-08-23T04:35:08,109.04,44.37
2026-08-23T04:35:09,111.47,46.76
2026-08-23T04:35:10,111.41,46.7
2026-08-23T04:35:11,109.3,44.62
2026-08-23T04:35:12,109.88,45.2
2026-08-23T04:35:13,109.38,44.7
2026-08-23T04:35:14,110.08,45.39
2026-08-23T04:35:15,110.57,45.87
2026-08-23T04:35:16,110.13,45.44
2026-08-23T04:35:17,110.89,46.19
2026-08-23T04:35:18,111.78,47.07
2026-08-23T04:35:19,112.57,47.85
2026-08-23T04:35:20,111.91,47.2
2026-08-23T04:35:21,113.54,48.8
2026-08-23T04:35:22,112.43,47.71
2026-08-23T04:35:23,110.41,45.72
2026-08-23T04:35:24,109.45,44.77
2026-08-23T04:35:25,109.39,44.71
2026-08-23T04:35:26,109.84,45.16
2026-08-23T04:35:27,109.75,45.06
2026-08-23T04:35:28,109.91,45.23
2026-08-23T04:35:29,109.92,45.23
2026-08-23T04:35:30,110.01,45.32
2026-08-23T04:35:31,109.68,45.0
2026-08-23T04:35:32,111.51,46.81
2026-08-23T04:35:33,111.63,46.92
2026-08-23T04:35:34,109.57,44.89
2026-08-23T04:35:35,110.08,45.39
2026-08-23T04:35:36,110.28,45.58
2026-08-23T04:35:37,109.4,44.73
2026-08-23T04:35:38,110.1,45.41
2026-08-23T04:35:39,110.02,45.33
2026-08-23T04:35:40,109.68,44.99
2026-08-23T04:35:41,109.77,45.09
2026-08-23T04:35:42,109.04,44.37
2026-08-23T04:35:43,109.88,45.2
2026-08-23T04:35:44,111.98,47.27
2026-08-23T04:35:45,109.5,44.82
2026-08-23T04:35:46,109.56,44.88
2026-08-23T04:35:47,109.79,45.11
2026-08-23T04:35:48,109.61,44.93
2026-08-23T04:35:49,109.45,44.77
2026-08-23T04:35:50,109.58,44.9
2026-08-23T04:35:51,109.46,44.78
2026-08-23T04:35:52,109.18,44.5
2026-08-23T04:35:53,109.59,44.91
2026-08-23T04:35:54,111.47,46.77
2026-08-23T04:35:55,110.99,46.29
2026-08-23T04:35:56,109.01,44.34
2026-08-23T04:35:57,109.27,44.6
2026-08-23T04:35:58,109.47,44.79
2026-08-23T04:35:59,110.77,46.07
2026-08-23T04:36:00,109.75,45.07
2026-08-23T04:36:01,109.62,44.93
2026-08-23T04:36:02,109.44,44.76
2026-08-23T04:36:03,109.6,44.91
2026-08-23T04:36:04,109.63,44.95
2026-08-23T04:36:05,109.87,45.19
2026-08-23T04:36:06,109.69,45.01
2026-08-23T04:36:07,110.94,46.24
2026-08-23T04:36:08,111.46,46.75
2026-08-23T04:36:09,110.14,45.46
2026-08-23T04:36:10,109.96,45.28
2026-08-23T04:36:11,109.31,44.64
2026-08-23T04:36:12,109.69,45.01
2026-08-23T04:36:13,109.24,44.56
2026-08-23T04:36:14,109.84,45.16
2026-08-23T04:36:15,110.1,45.41
2026-08-23T04:36:16,109.94,45.25
2026-08-23T04:36:17,109.86,45.18
2026-08-23T04:36:18,110.39,45.7
2026-08-23T04:36:19,111.1,46.4
2026-08-23T04:36:20,110.13,45.44
2026-08-23T04:36:21,109.78,45.1
2026-08-23T04:36:22,109.66,44.98
2026-08-23T04:36:23,109.93,45.24
2026-08-23T04:36:24,109.17,44.49
2026-08-23T04:36:25,109.16,44.48
2026-08-23T04:36:26,108.89,44.22
2026-08-23T04:36:27,109.17,44.49
2026-08-23T04:36:28,109.38,44.7
2026-08-23T04:36:29,109.25,44.58
2026-08-23T04:36:30,109.4,44.72
2026-08-23T04:36:31,109.98,45.29
2026-08-23T04:36:32,108.97,44.3
2026-08-23T04:36:33,108.95,44.28
2026-08-23T04:36:34,109.63,44.95
2026-08-23T04:36:35,109.92,45.23
2026-08-23T04:36:36,109.37,44.69
2026-08-23T04:36:37,109.6,44.92
2026-08-23T04:36:38,109.39,44.72
2026-08-23T04:36:39,109.52,44.84
2026-08-23T04:36:40,109.23,44.56
2026-08-23T04:36:41,109.46,44.78
2026-08-23T04:36:42,110.02,45.33
2026-08-23T04:36:43,109.22,44.54
2026-08-23T04:36:44,109.3,44.62
2026-08-23T04:36:45,109.36,44.68
2026-08-23T04:36:46,109.98,45.29
2026-08-23T04:36:47,109.74,45.05
2026-08-23T04:36:48,109.72,45.04
2026-08-23T04:36:49,110.34,45.65
2026-08-23T04:36:50,110.81,46.12
2026-08-23T04:36:51,110.33,45.64
2026-08-23T04:36:52,109.39,44.71
2026-08-23T04:36:53,109.86,45.18
2026-08-23T04:36:54,109.83,45.15
2026-08-23T04:36:55,109.47,44.79
2026-08-23T04:36:56,109.39,44.71
2026-08-23T04:36:57,109.26,44.59
2026-08-23T04:36:58,109.63,44.95
2026-08-23T04:36:59,109.98,45.29
2026-08-23T04:37:00,109.79,45.11
2026-08-23T04:37:01,109.63,44.94
2026-08-23T04:37:02,109.6,44.92
2026-08-23T04:37:03,109.38,44.7
2026-08-23T04:37:04,109.22,44.55
2026-08-23T04:37:05,109.29,44.61
2026-08-23T04:37:06,109.79,45.11
2026-08-23T04:37:07,109.3,44.62
2026-08-23T04:37:08,109.11,44.44
2026-08-23T04:37:09,109.22,44.54
2026-08-23T04:37:10,109.41,44.73
2026-08-23T04:37:11,109.17,44.49
2026-08-23T04:37:12,109.37,44.69
2026-08-23T04:37:13,109.43,44.75
2026-08-23T04:37:14,109.5,44.82
2026-08-23T04:37:15,108.99,44.32
2026-08-23T04:37:16,108.93,44.26
2026-08-23T04:37:17,108.73,44.06
2026-08-23T04:37:18,109.41,44.74
2026-08-23T04:37:19,109.47,44.79
2026-08-23T04:37:20,109.06,44.38
2026-08-23T04:37:21,109.26,44.58
2026-08-23T04:37:22,109.43,44.75
2026-08-23T04:37:23,109.26,44.58
2026-08-23T04:37:24,109.22,44.55
2026-08-23T04:37:25,109.05,44.37
2026-08-23T04:37:26,109.0,44.33
2026-08-23T04:37:27,109.41,44.73
2026-08-23T04:37:28,109.63,44.95
2026-08-23T04:37:29,110.42,45.73
2026-08-23T04:37:30,110.32,45.63
2026-08-23T04:37:31,110.36,45.66
2026-08-23T04:37:32,110.39,45.7
2026-08-23T04:37:33,110.12,45.44
2026-08-23T04:37:34,109.93,45.25
2026-08-23T04:37:35,109.3,44.62
2026-08-23T04:37:36,109.37,44.7
2026-08-23T04:37:37,109.52,44.84
2026-08-23T04:37:38,109.56,44.88
2026-08-23T04:37:39,109.61,44.93
2026-08-23T04:37:40,109.66,44.98
2026-08-23T04:37:41,109.41,44.73
2026-08-23T04:37:42,109.75,45.07
2026-08-23T04:37:43,109.72,45.04
2026-08-23T04:37:44,109.68,45.0
2026-08-23T04:37:45,110.03,45.34
2026-08-23T04:37:46,110.27,45.58
2026-08-23T04:37:47,110.01,45.32
2026-08-23T04:37:48,109.92,45.24
2026-08-23T04:37:49,110.76,46.06
2026-08-23T04:37:50,110.31,45.62
2026-08-23T04:37:51,110.59,45.89
2026-08-23T04:37:52,110.22,45.53
2026-08-23T04:37:53,109.83,45.14
2026-08-23T04:37:54,112.17,47.45
2026-08-23T04:37:55,111.56,46.86
2026-08-23T04:37:56,110.75,46.06
2026-08-23T04:37:57,112.01,47.3
2026-08-23T04:37:58,113.64,48.91
2026-08-23T04:37:59,114.62,49.87
2026-08-23T04:38:00,116.6,51.82
2026-08-23T04:38:01,123.19,58.32
2026-08-23T04:38:02,126.2,61.28
2026-08-23T04:38:03,128.17,63.22
2026-08-23T04:38:04,129.3,64.34
2026-08-23T04:38:05,126.4,61.48
2026-08-23T04:38:06,122.45,57.58
2026-08-23T04:38:07,119.66,54.83
2026-08-23T04:38:08,118.44,53.63
2026-08-23T04:38:09,118.89,54.08
2026-08-23T04:38:10,119.17,54.35
2026-08-23T04:38:11,115.44,50.68
2026-08-23T04:38:12,113.79,49.05
2026-08-23T04:38:13,112.59,47.87
2026-08-23T04:38:14,112.22,47.5
2026-08-23T04:38:15,111.05,46.35
2026-08-23T04:38:16,111.19,46.49
2026-08-23T04:38:17,110.9,46.2
2026-08-23T04:38:18,111.25,46.54
2026-08-23T04:38:19,111.0,46.3
2026-08-23T04:38:20,110.97,46.27
2026-08-23T04:38:21,110.71,46.02
2026-08-23T04:38:22,110.68,45.98
2026-08-23T04:38:23,110.78,46.08
2026-08-23T04:38:24,111.04,46.34
2026-08-23T04:38:25,110.69,46.0
2026-08-23T04:38:26,111.43,46.73
2026-08-23T04:38:27,112.06,47.35
2026-08-23T04:38:28,111.84,47.13
2026-08-23T04:38:29,111.57,46.86
2026-08-23T04:38:30,111.62,46.91
2026-08-23T04:38:31,111.12,46.41
2026-08-23T04:38:32,110.47,45.78
2026-08-23T04:38:33,110.18,45.49
2026-08-23T04:38:34,110.24,45.55
2026-08-23T04:38:35,110.74,46.04
2026-08-23T04:38:36,110.24,45.55
2026-08-23T04:38:37,110.71,46.01
2026-08-23T04:38:38,110.61,45.91
2026-08-23T04:38:39,110.85,46.15
2026-08-23T04:38:40,110.55,45.86
2026-08-23T04:38:41,110.36,45.67
2026-08-23T04:38:42,110.45,45.75
2026-08-23T04:38:43,110.85,46.15
2026-08-23T04:38:44,110.81,46.11
2026-08-23T04:38:45,110.46,45.77
2026-08-23T04:38:46,110.26,45.57
2026-08-23T04:38:47,110.45,45.75
2026-08-23T04:38:48,110.66,45.96
2026-08-23T04:38:49,110.41,45.71
2026-08-23T04:38:50,110.18,45.49
2026-08-23T04:38:51,110.41,45.72
2026-08-23T04:38:52,110.84,46.14
2026-08-23T04:38:53,110.28,45.59
2026-08-23T04:38:54,109.91,45.22
2026-08-23T04:38:55,110.33,45.64
2026-08-23T04:38:56,110.45,45.76
2026-08-23T04:38:57,111.0,46.3
2026-08-23T04:38:58,111.42,46.71
2026-08-23T04:38:59,110.78,46.08
2026-08-23T04:39:00,109.68,44.99
2026-08-23T04:39:01,109.78,45.09
2026-08-23T04:39:02,110.06,45.37
2026-08-23T04:39:03,110.45,45.76
2026-08-23T04:39:04,109.53,44.85
2026-08-23T04:39:05,109.96,45.28
2026-08-23T04:39:06,109.46,44.78
2026-08-23T04:39:07,109.68,44.99
2026-08-23T04:39:08,109.81,45.13
2026-08-23T04:39:09,110.08,45.39
2026-08-23T04:39:10,110.16,45.47
2026-08-23T04:39:11,110.23,45.54
2026-08-23T04:39:12,110.22,45.53
2026-08-23T04:39:13,110.31,45.62
2026-08-23T04:39:14,109.72,45.04
2026-08-23T04:39:15,110.05,45.37
2026-08-23T04:39:16,109.82,45.13
2026-08-23T04:39:17,109.85,45.16
2026-08-23T04:39:18,110.52,45.83
2026-08-23T04:39:19,110.65,45.96
2026-08-23T04:39:20,110.07,45.39
2026-08-23T04:39:21,110.02,45.34
2026-08-23T04:39:22,110.21,45.52
2026-08-23T04:39:23,110.79,46.09
2026-08-23T04:39:24,110.42,45.72
2026-08-23T04:39:25,110.71,46.01
2026-08-23T04:39:26,110.34,45.65
2026-08-23T04:39:27,109.84,45.16
2026-08-23T04:39:28,110.16,45.47
2026-08-23T04:39:29,110.96,46.26
2026-08-23T04:39:30,109.69,45.01
2026-08-23T04:39:31,109.86,45.18
2026-08-23T04:39:32,109.69,45.0
2026-08-23T04:39:33,110.37,45.68
2026-08-23T04:39:34,110.54,45.85
2026-08-23T04:39:35,110.68,45.99
2026-08-23T04:39:36,111.44,46.74
2026-08-23T04:39:37,110.21,45.53
2026-08-23T04:39:38,110.08,45.39
2026-08-23T04:39:39,109.55,44.87
2026-08-23T04:39:40,109.83,45.14
2026-08-23T04:39:41,109.69,45.01
2026-08-23T04:39:42,109.94,45.25
2026-08-23T04:39:43,111.03,46.33
2026-08-23T04:39:44,110.89,46.19
2026-08-23T04:39:45,110.38,45.69
2026-08-23T04:39:46,110.93,46.23
2026-08-23T04:39:47,111.27,46.56
2026-08-23T04:39:48,111.91,47.19
2026-08-23T04:39:49,111.6,46.89
2026-08-23T04:39:50,111.36,46.65
2026-08-23T04:39:51,111.33,46.62
2026-08-23T04:39:52,110.59,45.89
2026-08-23T04:39:53,110.13,45.44
2026-08-23T04:39:54,109.8,45.12
2026-08-23T04:39:55,110.6,45.91
2026-08-23T04:39:56,112.13,47.42
2026-08-23T04:39:57,111.8,47.09
2026-08-23T04:39:58,110.5,45.8
2026-08-23T04:39:59,110.84,46.14
2026-08-23T04:40:00,111.23,46.52
2026-08-23T04:40:01,114.47,49.72
2026-08-23T04:40:02,116.89,52.1
2026-08-23T04:40:03,114.89,50.13
2026-08-23T04:40:04,112.01,47.29
2026-08-23T04:40:05,111.16,46.46
2026-08-23T04:40:06,111.16,46.45
2026-08-23T04:40:07,111.58,46.87
2026-08-23T04:40:08,110.62,45.92
2026-08-23T04:40:09,110.51,45.81
2026-08-23T04:40:10,110.84,46.14
2026-08-23T04:40:11,111.95,47.24
2026-08-23T04:40:12,114.18,49.44
2026-08-23T04:40:13,114.84,50.08
2026-08-23T04:40:14,113.86,49.11
2026-08-23T04:40:15,110.57,45.87
2026-08-23T04:40:16,110.72,46.03
2026-08-23T04:40:17,110.83,46.13
2026-08-23T04:40:18,110.88,46.18
2026-08-23T04:40:19,110.61,45.92
2026-08-23T04:40:20,110.34,45.65
2026-08-23T04:40:21,109.77,45.09
2026-08-23T04:40:22,110.29,45.6
2026-08-23T04:40:23,111.14,46.44
2026-08-23T04:40:24,111.01,46.31
2026-08-23T04:40:25,110.24,45.55
2026-08-23T04:40:26,110.37,45.68
2026-08-23T04:40:27,109.89,45.2
2026-08-23T04:40:28,109.54,44.86
2026-08-23T04:40:29,109.67,44.99
2026-08-23T04:40:30,110.19,45.5
2026-08-23T04:40:31,109.89,45.21
2026-08-23T04:40:32,109.7,45.02
2026-08-23T04:40:33,110.24,45.55
2026-08-23T04:40:34,109.86,45.17
2026-08-23T04:40:35,109.43,44.75
2026-08-23T04:40:36,109.7,45.02
2026-08-23T04:40:37,110.39,45.7
2026-08-23T04:40:38,110.68,45.98
2026-08-23T04:40:39,110.26,45.57
2026-08-23T04:40:40,110.3,45.61
2026-08-23T04:40:41,110.1,45.41
2026-08-23T04:40:42,110.22,45.53
2026-08-23T04:40:43,109.45,44.77
2026-08-23T04:40:44,109.61,44.93
2026-08-23T04:40:45,109.74,45.06
2026-08-23T04:40:46,109.68,45.0
2026-08-23T04:40:47,109.51,44.83
2026-08-23T04:40:48,109.55,44.87
2026-08-23T04:40:49,109.33,44.65
2026-08-23T04:40:50,109.61,44.93
2026-08-23T04:40:51,109.75,45.07
2026-08-23T04:40:52,109.63,44.95
2026-08-23T04:40:53,110.61,45.92
2026-08-23T04:40:54,110.67,45.97
2026-08-23T04:40:55,110.59,45.89
2026-08-23T04:40:56,110.18,45.5
2026-08-23T04:40:57,110.26,45.57
2026-08-23T04:40:58,109.76,45.07
2026-08-23T04:40:59,110.17,45.48
2026-08-23T04:41:00,109.93,45.24
2026-08-23T04:41:01,109.9,45.22
2026-08-23T04:41:02,109.69,45.0
2026-08-23T04:41:03,109.31,44.63
2026-08-23T04:41:04,109.34,44.66
2026-08-23T04:41:05,109.65,44.97
2026-08-23T04:41:06,110.03,45.35
2026-08-23T04:41:07,110.32,45.63
2026-08-23T04:41:08,109.94,45.26
2026-08-23T04:41:09,109.4,44.72
2026-08-23T04:41:10,109.51,44.83
2026-08-23T04:41:11,109.68,45.0
2026-08-23T04:41:12,109.86,45.17
2026-08-23T04:41:13,109.83,45.15
2026-08-23T04:41:14,110.36,45.67
2026-08-23T04:41:15,110.25,45.56
2026-08-23T04:41:16,110.03,45.34
2026-08-23T04:41:17,110.41,45.71
2026-08-23T04:41:18,110.39,45.69
2026-08-23T04:41:19,110.12,45.44
2026-08-23T04:41:20,109.61,44.93
2026-08-23T04:41:21,109.66,44.98
2026-08-23T04:41:22,109.9,45.22
2026-08-23T04:41:23,109.76,45.07
2026-08-23T04:41:24,109.71,45.03
2026-08-23T04:41:25,110.83,46.13
2026-08-23T04:41:26,110.44,45.75
2026-08-23T04:41:27,110.55,45.86
2026-08-23T04:41:28,110.56,45.86
2026-08-23T04:41:29,110.53,45.84
2026-08-23T04:41:30,110.31,45.62
2026-08-23T04:41:31,109.81,45.12
2026-08-23T04:41:32,110.25,45.56
2026-08-23T04:41:33,110.25,45.56
2026-08-23T04:41:34,110.52,45.83
2026-08-23T04:41:35,109.94,45.26
2026-08-23T04:41:36,109.58,44.9
2026-08-23T04:41:37,110.14,45.45
2026-08-23T04:41:38,110.61,45.92
2026-08-23T04:41:39,110.22,45.53
2026-08-23T04:41:40,110.08,45.4
2026-08-23T04:41:41,109.7,45.02
2026-08-23T04:41:42,109.2,44.53
2026-08-23T04:41:43,110.03,45.34
2026-08-23T04:41:44,109.47,44.79
2026-08-23T04:41:45,109.43,44.75
2026-08-23T04:41:46,109.8,45.12
2026-08-23T04:41:47,110.18,45.49
2026-08-23T04:41:48,109.81,45.12
2026-08-23T04:41:49,110.03,45.34
2026-08-23T04:41:50,110.71,46.01
2026-08-23T04:41:51,114.0,49.25
2026-08-23T04:41:52,112.55,47.83
2026-08-23T04:41:53,111.03,46.33
2026-08-23T04:41:54,110.64,45.95
2026-08-23T04:41:55,110.14,45.45
2026-08-23T04:41:56,109.86,45.17
2026-08-23T04:41:57,110.76,46.06
2026-08-23T04:41:58,111.26,46.55
2026-08-23T04:41:59,110.8,46.1
2026-08-23T04:42:00,110.09,45.41
2026-08-23T04:42:01,110.11,45.42
2026-08-23T04:42:02,112.57,47.85
2026-08-23T04:42:03,112.9,48.17
2026-08-23T04:42:04,111.34,46.63
2026-08-23T04:42:05,110.87,46.17
2026-08-23T04:42:06,110.5,45.8
2026-08-23T04:42:07,111.91,47.2
2026-08-23T04:42:08,111.74,47.02
2026-08-23T04:42:09,110.49,45.8
2026-08-23T04:42:10,110.23,45.54
2026-08-23T04:42:11,110.1,45.41
2026-08-23T04:42:12,109.53,44.85
2026-08-23T04:42:13,109.44,44.76
2026-08-23T04:42:14,109.69,45.0
2026-08-23T04:42:15,109.9,45.21
2026-08-23T04:42:16,109.88,45.2
2026-08-23T04:42:17,110.15,45.46
2026-08-23T04:42:18,113.11,48.38
2026-08-23T04:42:19,112.06,47.34
2026-08-23T04:42:20,110.08,45.4
2026-08-23T04:42:21,110.04,45.35
2026-08-23T04:42:22,110.07,45.38
2026-08-23T04:42:23,109.96,45.28
2026-08-23T04:42:24,111.04,46.34
2026-08-23T04:42:25,110.25,45.56
2026-08-23T04:42:26,110.06,45.38
2026-08-23T04:42:27,110.07,45.38
2026-08-23T04:42:28,110.36,45.66
2026-08-23T04:42:29,109.56,44.88
2026-08-23T04:42:30,109.62,44.94
2026-08-23T04:42:31,109.9,45.22
2026-08-23T04:42:32,109.74,45.06
2026-08-23T04:42:33,109.34,44.66
2026-08-23T04:42:34,110.22,45.53
2026-08-23T04:42:35,109.52,44.84
2026-08-23T04:42:36,109.86,45.18
2026-08-23T04:42:37,110.0,45.31
2026-08-23T04:42:38,110.75,46.05
2026-08-23T04:42:39,112.21,47.49
2026-08-23T04:42:40,111.13,46.43
2026-08-23T04:42:41,111.14,46.44
2026-08-23T04:42:42,111.47,46.77
2026-08-23T04:42:43,110.74,46.04
2026-08-23T04:42:44,112.04,47.32
2026-08-23T04:42:45,111.85,47.14
2026-08-23T04:42:46,111.99,47.28
2026-08-23T04:42:47,111.79,47.08
2026-08-23T04:42:48,111.91,47.2
2026-08-23T04:42:49,113.11,48.37
2026-08-23T04:42:50,115.06,50.3
2026-08-23T04:42:51,112.65,47.93
2026-08-23T04:42:52,111.31,46.6
2026-08-23T04:42:53,110.59,45.9
2026-08-23T04:42:54,110.16,45.47
2026-08-23T04:42:55,110.8,46.1
2026-08-23T04:42:56,111.13,46.42
2026-08-23T04:42:57,111.51,46.8
2026-08-23T04:42:58,111.31,46.6
2026-08-23T04:42:59,111.01,46.31
2026-08-23T04:43:00,110.9,46.2
2026-08-23T04:43:01,111.36,46.65
2026-08-23T04:43:02,110.22,45.53
2026-08-23T04:43:03,109.67,44.99
2026-08-23T04:43:04,111.4,46.69
2026-08-23T04:43:05,109.33,44.66
2026-08-23T04:43:06,109.56,44.88
2026-08-23T04:43:07,109.9,45.22
2026-08-23T04:43:08,110.23,45.54
2026-08-23T04:43:09,110.0,45.31
2026-08-23T04:43:10,110.95,46.25
2026-08-23T04:43:11,111.28,46.57
2026-08-23T04:43:12,110.96,46.26
2026-08-23T04:43:13,110.44,45.75
2026-08-23T04:43:14,110.8,46.1
2026-08-23T04:43:15,110.52,45.82
2026-08-23T04:43:16,110.68,45.99
2026-08-23T04:43:17,111.26,46.56
2026-08-23T04:43:18,110.77,46.07
2026-08-23T04:43:19,109.85,45.17
2026-08-23T04:43:20,109.16,44.49
2026-08-23T04:43:21,110.26,45.57
2026-08-23T04:43:22,110.66,45.97
2026-08-23T04:43:23,109.64,44.96
2026-08-23T04:43:24,110.06,45.37
2026-08-23T04:43:25,109.47,44.79
2026-08-23T04:43:26,109.91,45.23
2026-08-23T04:43:27,109.62,44.94
2026-08-23T04:43:28,109.98,45.3
2026-08-23T04:43:29,109.23,44.55
2026-08-23T04:43:30,109.74,45.06
2026-08-23T04:43:31,109.5,44.82
2026-08-23T04:43:32,109.65,44.97
2026-08-23T04:43:33,108.99,44.32
2026-08-23T04:43:34,109.18,44.51
2026-08-23T04:43:35,109.32,44.64
2026-08-23T04:43:36,109.04,44.37
2026-08-23T04:43:37,109.21,44.53
2026-08-23T04:43:38,109.27,44.6
2026-08-23T04:43:39,108.89,44.22
2026-08-23T04:43:40,109.17,44.49
2026-08-23T04:43:41,109.44,44.76
2026-08-23T04:43:42,109.55,44.87
2026-08-23T04:43:43,109.07,44.4
2026-08-23T04:43:44,109.49,44.81
2026-08-23T04:43:45,110.33,45.64
2026-08-23T04:43:46,110.09,45.4
2026-08-23T04:43:47,109.7,45.01
2026-08-23T04:43:48,109.09,44.42
2026-08-23T04:43:49,109.56,44.88
2026-08-23T04:43:50,109.26,44.59
2026-08-23T04:43:51,109.14,44.46
2026-08-23T04:43:52,109.5,44.82
2026-08-23T04:43:53,109.38,44.7
2026-08-23T04:43:54,108.93,44.26
2026-08-23T04:43:55,109.28,44.6
2026-08-23T04:43:56,109.32,44.64
2026-08-23T04:43:57,109.48,44.8
2026-08-23T04:43:58,109.83,45.15
2026-08-23T04:43:59,109.84,45.16
2026-08-23T04:44:00,110.09,45.41
2026-08-23T04:44:01,109.94,45.25
2026-08-23T04:44:02,109.69,45.0
2026-08-23T04:44:03,109.44,44.76
2026-08-23T04:44:04,109.45,44.77
2026-08-23T04:44:05,109.59,44.91
2026-08-23T04:44:06,109.67,44.99
2026-08-23T04:44:07,110.13,45.44
2026-08-23T04:44:08,109.87,45.19
2026-08-23T04:44:09,110.29,45.6
2026-08-23T04:44:10,110.32,45.63
2026-08-23T04:44:11,110.15,45.46
2026-08-23T04:44:12,110.89,46.19
2026-08-23T04:44:13,110.65,45.96
2026-08-23T04:44:14,110.17,45.48
2026-08-23T04:44:15,111.81,47.1
2026-08-23T04:44:16,109.7,45.02
2026-08-23T04:44:17,109.17,44.5
2026-08-23T04:44:18,109.32,44.64
2026-08-23T04:44:19,109.02,44.35
2026-08-23T04:44:20,110.93,46.23
2026-08-23T04:44:21,108.88,44.21
2026-08-23T04:44:22,109.22,44.54
2026-08-23T04:44:23,109.42,44.74
2026-08-23T04:44:24,109.55,44.87
2026-08-23T04:44:25,109.86,45.17
2026-08-23T04:44:26,109.62,44.94
2026-08-23T04:44:27,109.93,45.25
2026-08-23T04:44:28,109.63,44.95
2026-08-23T04:44:29,110.23,45.54
2026-08-23T04:44:30,109.5,44.82
2026-08-23T04:44:31,109.36,44.68
2026-08-23T04:44:32,109.6,44.92
2026-08-23T04:44:33,109.85,45.17
2026-08-23T04:44:34,109.66,44.97
2026-08-23T04:44:35,110.05,45.36
2026-08-23T04:44:36,109.88,45.19
2026-08-23T04:44:37,109.76,45.07
2026-08-23T04:44:38,109.42,44.74
2026-08-23T04:44:39,109.3,44.63
2026-08-23T04:44:40,109.4,44.72
2026-08-23T04:44:41,109.14,44.47
2026-08-23T04:44:42,109.43,44.76
2026-08-23T04:44:43,109.35,44.68
2026-08-23T04:44:44,109.34,44.66
2026-08-23T04:44:45,109.6,44.92
2026-08-23T04:44:46,109.36,44.68
2026-08-23T04:44:47,109.28,44.61
2026-08-23T04:44:48,109.37,44.7
2026-08-23T04:44:49,109.34,44.66
2026-08-23T04:44:50,109.33,44.65
2026-08-23T04:44:51,109.89,45.2
2026-08-23T04:44:52,109.58,44.9
2026-08-23T04:44:53,109.13,44.46
2026-08-23T04:44:54,109.12,44.45
2026-08-23T04:44:55,109.11,44.44
2026-08-23T04:44:56,109.21,44.53
2026-08-23T04:44:57,108.93,44.25
2026-08-23T04:44:58,109.25,44.57
2026-08-23T04:44:59,109.75,45.07
2026-08-23T04:45:00,109.69,45.01
2026-08-23T04:45:01,109.07,44.39
2026-08-23T04:45:02,109.11,44.44
2026-08-23T04:45:03,109.2,44.52
2026-08-23T04:45:04,109.27,44.59
2026-08-23T04:45:05,109.28,44.61
2026-08-23T04:45:06,109.2,44.53
2026-08-23T04:45:07,109.62,44.94
2026-08-23T04:45:08,109.57,44.89
2026-08-23T04:45:09,109.69,45.01
2026-08-23T04:45:10,109.46,44.78
2026-08-23T04:45:11,108.99,44.32
2026-08-23T04:45:12,109.25,44.57
2026-08-23T04:45:13,109.96,45.28
2026-08-23T04:45:14,110.05,45.36
2026-08-23T04:45:15,110.62,45.93
2026-08-23T04:45:16,108.82,44.15
2026-08-23T04:45:17,109.2,44.52
2026-08-23T04:45:18,108.76,44.09
2026-08-23T04:45:19,108.99,44.32
2026-08-23T04:45:20,109.17,44.49
2026-08-23T04:45:21,108.7,44.04
2026-08-23T04:45:22,109.31,44.63
2026-08-23T04:45:23,109.36,44.69
2026-08-23T04:45:24,109.42,44.74
2026-08-23T04:45:25,108.91,44.24
2026-08-23T04:45:26,109.11,44.43
2026-08-23T04:45:27,108.95,44.28
2026-08-23T04:45:28,109.06,44.38
2026-08-23T04:45:29,109.25,44.58
2026-08-23T04:45:30,108.88,44.21
2026-08-23T04:45:31,109.03,44.36
2026-08-23T04:45:32,108.76,44.09
2026-08-23T04:45:33,109.07,44.4
2026-08-23T04:45:34,109.22,44.54
2026-08-23T04:45:35,109.58,44.9
2026-08-23T04:45:36,109.35,44.68
2026-08-23T04:45:37,109.52,44.84
2026-08-23T04:45:38,109.31,44.63
2026-08-23T04:45:39,108.99,44.32
2026-08-23T04:45:40,108.88,44.2
2026-08-23T04:45:41,109.09,44.41
2026-08-23T04:45:42,109.27,44.59
2026-08-23T04:45:43,109.42,44.75
2026-08-23T04:45:44,109.45,44.77
2026-08-23T04:45:45,109.83,45.15
2026-08-23T04:45:46,109.51,44.83
2026-08-23T04:45:47,109.13,44.45
2026-08-23T04:45:48,108.92,44.25
2026-08-23T04:45:49,109.33,44.65
2026-08-23T04:45:50,109.4,44.72
2026-08-23T04:45:51,109.54,44.86
2026-08-23T04:45:52,109.12,44.44
2026-08-23T04:45:53,109.24,44.57
2026-08-23T04:45:54,109.24,44.57
2026-08-23T04:45:55,109.81,45.13
2026-08-23T04:45:56,110.13,45.45
2026-08-23T04:45:57,109.92,45.23
2026-08-23T04:45:58,109.55,44.87
2026-08-23T04:45:59,109.18,44.51
2026-08-23T04:46:00,109.04,44.36
2026-08-23T04:46:01,108.94,44.27
2026-08-23T04:46:02,109.22,44.55
2026-08-23T04:46:03,109.53,44.85
2026-08-23T04:46:04,110.67,45.98
2026-08-23T04:46:05,109.35,44.67
2026-08-23T04:46:06,109.73,45.04
2026-08-23T04:46:07,109.55,44.87
2026-08-23T04:46:08,109.58,44.9
2026-08-23T04:46:09,109.76,45.08
2026-08-23T04:46:10,109.98,45.29
2026-08-23T04:46:11,109.51,44.83
2026-08-23T04:46:12,109.33,44.65
2026-08-23T04:46:13,109.77,45.08
2026-08-23T04:46:14,110.21,45.52
2026-08-23T04:46:15,109.87,45.18
2026-08-23T04:46:16,109.81,45.13
2026-08-23T04:46:17,110.98,46.28
2026-08-23T04:46:18,110.22,45.53
2026-08-23T04:46:19,109.84,45.15
2026-08-23T04:46:20,109.95,45.26
2026-08-23T04:46:21,109.72,45.03
2026-08-23T04:46:22,109.36,44.68
2026-08-23T04:46:23,109.18,44.51
2026-08-23T04:46:24,109.36,44.68
2026-08-23T04:46:25,109.56,44.88
2026-08-23T04:46:26,109.25,44.58
2026-08-23T04:46:27,109.29,44.62
2026-08-23T04:46:28,109.73,45.05
2026-08-23T04:46:29,109.8,45.12
2026-08-23T04:46:30,109.45,44.77
2026-08-23T04:46:31,109.42,44.74
2026-08-23T04:46:32,109.31,44.63
2026-08-23T04:46:33,109.19,44.52
2026-08-23T04:46:34,110.16,45.47
2026-08-23T04:46:35,109.44,44.76
2026-08-23T04:46:36,109.47,44.79
2026-08-23T04:46:37,110.15,45.46
2026-08-23T04:46:38,109.62,44.94
2026-08-23T04:46:39,108.7,44.04
2026-08-23T04:46:40,108.93,44.26
2026-08-23T04:46:41,109.16,44.49
2026-08-23T04:46:42,109.54,44.86
2026-08-23T04:46:43,109.12,44.45
2026-08-23T04:46:44,109.54,44.86
2026-08-23T04:46:45,109.27,44.6
2026-08-23T04:46:46,108.91,44.24
2026-08-23T04:46:47,109.43,44.75
2026-08-23T04:46:48,109.28,44.61
2026-08-23T04:46:49,109.88,45.2
2026-08-23T04:46:50,109.31,44.63
2026-08-23T04:46:51,109.49,44.81
2026-08-23T04:46:52,109.43,44.75
2026-08-23T04:46:53,109.45,44.78
2026-08-23T04:46:54,109.72,45.04
2026-08-23T04:46:55,109.51,44.83
2026-08-23T04:46:56,109.23,44.55
2026-08-23T04:46:57,109.16,44.48
2026-08-23T04:46:58,109.19,44.51
2026-08-23T04:46:59,109.21,44.54
2026-08-23T04:47:00,109.17,44.49
2026-08-23T04:47:01,109.89,45.21
2026-08-23T04:47:02,109.31,44.64
2026-08-23T04:47:03,109.68,45.0
2026-08-23T04:47:04,109.57,44.89
2026-08-23T04:47:05,109.46,44.78
2026-08-23T04:47:06,109.71,45.03
2026-08-23T04:47:07,109.92,45.23
2026-08-23T04:47:08,109.97,45.29
2026-08-23T04:47:09,110.15,45.46
2026-08-23T04:47:10,109.71,45.03
2026-08-23T04:47:11,109.54,44.86
2026-08-23T04:47:12,109.57,44.89
2026-08-23T04:47:13,109.19,44.51
2026-08-23T04:47:14,110.22,45.53
2026-08-23T04:47:15,110.02,45.34
2026-08-23T04:47:16,109.56,44.88
2026-08-23T04:47:17,109.51,44.83
2026-08-23T04:47:18,109.25,44.58
2026-08-23T04:47:19,109.26,44.59
2026-08-23T04:47:20,109.95,45.26
2026-08-23T04:47:21,110.04,45.36
2026-08-23T04:47:22,109.67,44.98
2026-08-23T04:47:23,109.58,44.9
2026-08-23T04:47:24,109.92,45.24
2026-08-23T04:47:25,109.81,45.13
2026-08-23T04:47:26,109.92,45.23
2026-08-23T04:47:27,110.17,45.48
2026-08-23T04:47:28,110.21,45.52
2026-08-23T04:47:29,110.18,45.49
2026-08-23T04:47:30,108.96,44.28
2026-08-23T04:47:31,109.7,45.02
2026-08-23T04:47:32,109.67,44.99
2026-08-23T04:47:33,109.81,45.13
2026-08-23T04:47:34,109.49,44.81
2026-08-23T04:47:35,110.05,45.36
2026-08-23T04:47:36,109.62,44.94
2026-08-23T04:47:37,109.94,45.25
2026-08-23T04:47:38,110.13,45.44
2026-08-23T04:47:39,109.98,45.29
2026-08-23T04:47:40,110.02,45.34
2026-08-23T04:47:41,109.53,44.85
2026-08-23T04:47:42,109.24,44.56
2026-08-23T04:47:43,109.18,44.51
2026-08-23T04:47:44,109.54,44.86
2026-08-23T04:47:45,110.04,45.36
2026-08-23T04:47:46,109.47,44.79
2026-08-23T04:47:47,109.67,44.99
2026-08-23T04:47:48,110.09,45.4
2026-08-23T04:47:49,110.43,45.74
2026-08-23T04:47:50,110.53,45.83
2026-08-23T04:47:51,110.78,46.08
2026-08-23T04:47:52,110.41,45.72
2026-08-23T04:47:53,110.2,45.51
2026-08-23T04:47:54,109.58,44.9
2026-08-23T04:47:55,110.47,45.77
2026-08-23T04:47:56,110.84,46.14
2026-08-23T04:47:57,110.15,45.46
2026-08-23T04:47:58,111.2,46.5
2026-08-23T04:47:59,111.19,46.48
2026-08-23T04:48:00,109.83,45.15
2026-08-23T04:48:01,109.52,44.84
2026-08-23T04:48:02,109.58,44.9
2026-08-23T04:48:03,109.38,44.7
2026-08-23T04:48:04,110.04,45.35
2026-08-23T04:48:05,110.92,46.22
2026-08-23T04:48:06,109.44,44.77
2026-08-23T04:48:07,109.65,44.97
2026-08-23T04:48:08,109.52,44.84
2026-08-23T04:48:09,110.45,45.76
2026-08-23T04:48:10,109.93,45.24
2026-08-23T04:48:11,109.88,45.19
2026-08-23T04:48:12,111.59,46.88
2026-08-23T04:48:13,111.54,46.83
2026-08-23T04:48:14,110.43,45.73
2026-08-23T04:48:15,109.54,44.86
2026-08-23T04:48:16,109.87,45.18
2026-08-23T04:48:17,110.95,46.25
2026-08-23T04:48:18,109.72,45.04
2026-08-23T04:48:19,110.32,45.63
2026-08-23T04:48:20,110.44,45.75
2026-08-23T04:48:21,110.6,45.91
2026-08-23T04:48:22,110.19,45.5
2026-08-23T04:48:23,109.64,44.95
2026-08-23T04:48:24,109.7,45.02
2026-08-23T04:48:25,109.78,45.1
2026-08-23T04:48:26,110.19,45.5
2026-08-23T04:48:27,111.35,46.65
2026-08-23T04:48:28,111.24,46.53
2026-08-23T04:48:29,110.68,45.99
2026-08-23T04:48:30,109.53,44.85
2026-08-23T04:48:31,109.15,44.48
2026-08-23T04:48:32,109.67,44.99
2026-08-23T04:48:33,109.72,45.04
2026-08-23T04:48:34,109.68,45.0
2026-08-23T04:48:35,109.28,44.6
2026-08-23T04:48:36,109.46,44.79
2026-08-23T04:48:37,109.37,44.7
2026-08-23T04:48:38,109.62,44.93
2026-08-23T04:48:39,109.36,44.68
2026-08-23T04:48:40,109.2,44.53
2026-08-23T04:48:41,109.52,44.84
2026-08-23T04:48:42,109.6,44.91
2026-08-23T04:48:43,109.33,44.65
2026-08-23T04:48:44,110.2,45.51
2026-08-23T04:48:45,111.15,46.45
2026-08-23T04:48:46,109.99,45.3
2026-08-23T04:48:47,109.84,45.16
2026-08-23T04:48:48,109.36,44.69
2026-08-23T04:48:49,109.23,44.56
2026-08-23T04:48:50,109.11,44.43
2026-08-23T04:48:51,109.46,44.78
2026-08-23T04:48:52,109.59,44.91
2026-08-23T04:48:53,109.59,44.91
2026-08-23T04:48:54,109.58,44.9
2026-08-23T04:48:55,109.49,44.81
2026-08-23T04:48:56,109.39,44.71
2026-08-23T04:48:57,109.53,44.85
2026-08-23T04:48:58,109.69,45.01
2026-08-23T04:48:59,109.29,44.61
2026-08-23T04:49:00,109.41,44.74
2026-08-23T04:49:01,110.06,45.38
2026-08-23T04:49:02,109.76,45.08
2026-08-23T04:49:03,110.09,45.4
2026-08-23T04:49:04,110.66,45.97
2026-08-23T04:49:05,110.25,45.56
2026-08-23T04:49:06,109.93,45.24
2026-08-23T04:49:07,110.06,45.37
2026-08-23T04:49:08,109.75,45.07
2026-08-23T04:49:09,110.09,45.41
2026-08-23T04:49:10,110.55,45.85
2026-08-23T04:49:11,110.44,45.75
2026-08-23T04:49:12,109.91,45.23
2026-08-23T04:49:13,109.79,45.11
2026-08-23T04:49:14,110.13,45.44
2026-08-23T04:49:15,110.43,45.73
2026-08-23T04:49:16,110.3,45.61
2026-08-23T04:49:17,110.43,45.74
2026-08-23T04:49:18,110.35,45.65
2026-08-23T04:49:19,110.24,45.55
2026-08-23T04:49:20,110.31,45.62
2026-08-23T04:49:21,110.15,45.46
2026-08-23T04:49:22,109.96,45.28
2026-08-23T04:49:23,109.95,45.26
2026-08-23T04:49:24,110.35,45.65
2026-08-23T04:49:25,109.83,45.15
2026-08-23T04:49:26,109.6,44.92
2026-08-23T04:49:27,109.41,44.73
2026-08-23T04:49:28,109.54,44.86
2026-08-23T04:49:29,109.41,44.73
2026-08-23T04:49:30,109.86,45.17
2026-08-23T04:49:31,109.64,44.96
2026-08-23T04:49:32,109.92,45.23
2026-08-23T04:49:33,109.25,44.57
2026-08-23T04:49:34,109.96,45.27
2026-08-23T04:49:35,109.83,45.14
2026-08-23T04:49:36,109.97,45.28
2026-08-23T04:49:37,109.35,44.67
2026-08-23T04:49:38,109.44,44.76
2026-08-23T04:49:39,109.73,45.04
2026-08-23T04:49:40,109.32,44.64
2026-08-23T04:49:41,109.36,44.68
2026-08-23T04:49:42,109.21,44.53
2026-08-23T04:49:43,109.49,44.81
2026-08-23T04:49:44,109.0,44.32
2026-08-23T04:49:45,109.32,44.64
2026-08-23T04:49:46,109.83,45.14
2026-08-23T04:49:47,109.9,45.21
2026-08-23T04:49:48,109.65,44.97
2026-08-23T04:49:49,109.12,44.45
2026-08-23T04:49:50,109.22,44.54
2026-08-23T04:49:51,109.48,44.8
2026-08-23T04:49:52,109.61,44.93
2026-08-23T04:49:53,110.32,45.63
2026-08-23T04:49:54,109.7,45.02
2026-08-23T04:49:55,109.88,45.2
2026-08-23T04:49:56,109.33,44.65
2026-08-23T04:49:57,109.24,44.56
2026-08-23T04:49:58,109.32,44.65
2026-08-23T04:49:59,109.74,45.06
2026-08-23T04:50:00,109.37,44.69
2026-08-23T04:50:01,109.68,45.0
2026-08-23T04:50:02,109.74,45.06
2026-08-23T04:50:03,109.69,45.0
2026-08-23T04:50:04,109.43,44.75
2026-08-23T04:50:05,109.33,44.66
2026-08-23T04:50:06,109.45,44.77
2026-08-23T04:50:07,109.89,45.21
2026-08-23T04:50:08,109.83,45.15
2026-08-23T04:50:09,109.65,44.97
2026-08-23T04:50:10,109.88,45.19
2026-08-23T04:50:11,109.45,44.77
2026-08-23T04:50:12,109.81,45.12
2026-08-23T04:50:13,109.8,45.12
2026-08-23T04:50:14,109.74,45.05
2026-08-23T04:50:15,109.93,45.24
2026-08-23T04:50:16,109.67,44.99
2026-08-23T04:50:17,109.83,45.15
2026-08-23T04:50:18,109.45,44.77
2026-08-23T04:50:19,109.44,44.76
2026-08-23T04:50:20,109.95,45.27
2026-08-23T04:50:21,109.44,44.76
2026-08-23T04:50:22,109.58,44.9
2026-08-23T04:50:23,109.53,44.85
2026-08-23T04:50:24,109.27,44.59
2026-08-23T04:50:25,109.43,44.75
2026-08-23T04:50:26,109.31,44.63
2026-08-23T04:50:27,109.5,44.82
2026-08-23T04:50:28,109.11,44.44
2026-08-23T04:50:29,109.06,44.39
2026-08-23T04:50:30,109.45,44.78
2026-08-23T04:50:31,109.03,44.36
2026-08-23T04:50:32,109.31,44.63
2026-08-23T04:50:33,109.48,44.8
2026-08-23T04:50:34,109.52,44.84
2026-08-23T04:50:35,109.75,45.07
2026-08-23T04:50:36,109.52,44.84
2026-08-23T04:50:37,109.82,45.13
2026-08-23T04:50:38,109.54,44.86
2026-08-23T04:50:39,109.44,44.76
2026-08-23T04:50:40,109.07,44.39
2026-08-23T04:50:41,109.15,44.47
2026-08-23T04:50:42,109.66,44.98
2026-08-23T04:50:43,109.54,44.85
2026-08-23T04:50:44,109.37,44.69
2026-08-23T04:50:45,109.19,44.52
2026-08-23T04:50:46,109.33,44.65
2026-08-23T04:50:47,109.02,44.34
2026-08-23T04:50:48,108.95,44.28
2026-08-23T04:50:49,108.89,44.22
2026-08-23T04:50:50,109.26,44.58
2026-08-23T04:50:51,109.11,44.43
2026-08-23T04:50:52,109.11,44.44
2026-08-23T04:50:53,109.0,44.33
2026-08-23T04:50:54,108.34,43.68
2026-08-23T04:50:55,109.29,44.62
2026-08-23T04:50:56,109.54,44.86
2026-08-23T04:50:57,109.3,44.63
2026-08-23T04:50:58,109.14,44.47
2026-08-23T04:50:59,109.13,44.46
2026-08-23T04:51:00,109.38,44.7
2026-08-23T04:51:01,109.12,44.45
2026-08-23T04:51:02,109.17,44.5
2026-08-23T04:51:03,109.38,44.71
2026-08-23T04:51:04,109.63,44.95
2026-08-23T04:51:05,110.22,45.53
2026-08-23T04:51:06,109.89,45.21
2026-08-23T04:51:07,110.06,45.37
2026-08-23T04:51:08,109.79,45.1
2026-08-23T04:51:09,112.09,47.37
2026-08-23T04:51:10,112.63,47.9
2026-08-23T04:51:11,111.02,46.32
2026-08-23T04:51:12,109.56,44.88
2026-08-23T04:51:13,110.02,45.34
2026-08-23T04:51:14,109.9,45.21
2026-08-23T04:51:15,109.72,45.04
2026-08-23T04:51:16,109.71,45.03
2026-08-23T04:51:17,109.97,45.29
2026-08-23T04:51:18,110.2,45.51
2026-08-23T04:51:19,109.83,45.15
2026-08-23T04:51:20,110.51,45.82
2026-08-23T04:51:21,110.24,45.55
2026-08-23T04:51:22,109.65,44.97
2026-08-23T04:51:23,110.11,45.42
2026-08-23T04:51:24,109.6,44.91
2026-08-23T04:51:25,109.72,45.04
2026-08-23T04:51:26,110.4,45.71
2026-08-23T04:51:27,111.72,47.01
2026-08-23T04:51:28,113.14,48.41
2026-08-23T04:51:29,114.04,49.3
2026-08-23T04:51:30,114.86,50.1
2026-08-23T04:51:31,116.58,51.8
2026-08-23T04:51:32,121.89,57.03
2026-08-23T04:51:33,124.67,59.78
2026-08-23T04:51:34,127.13,62.2
2026-08-23T04:51:35,127.69,62.75
2026-08-23T04:51:36,125.74,60.83
2026-08-23T04:51:37,120.97,56.13
2026-08-23T04:51:38,118.04,53.24
2026-08-23T04:51:39,115.81,51.05
2026-08-23T04:51:40,114.71,49.96
2026-08-23T04:51:41,115.17,50.41
2026-08-23T04:51:42,115.61,50.84
2026-08-23T04:51:43,112.56,47.83
2026-08-23T04:51:44,112.22,47.5
2026-08-23T04:51:45,111.46,46.75
2026-08-23T04:51:46,111.73,47.02
2026-08-23T04:51:47,110.79,46.09
2026-08-23T04:51:48,110.26,45.57
2026-08-23T04:51:49,110.33,45.64
2026-08-23T04:51:50,110.29,45.59
2026-08-23T04:51:51,110.14,45.45
2026-08-23T04:51:52,110.44,45.74
2026-08-23T04:51:53,110.67,45.97
2026-08-23T04:51:54,110.59,45.89
2026-08-23T04:51:55,110.61,45.91
2026-08-23T04:51:56,111.48,46.77
2026-08-23T04:51:57,111.54,46.83
2026-08-23T04:51:58,112.58,47.86
2026-08-23T04:51:59,111.82,47.11
2026-08-23T04:52:00,111.72,47.01
2026-08-23T04:52:01,111.14,46.43
2026-08-23T04:52:02,111.25,46.54
2026-08-23T04:52:03,111.34,46.64
2026-08-23T04:52:04,110.93,46.23
2026-08-23T04:52:05,110.78,46.08
2026-08-23T04:52:06,110.68,45.98
2026-08-23T04:52:07,110.56,45.87
2026-08-23T04:52:08,110.62,45.93
2026-08-23T04:52:09,111.18,46.48
2026-08-23T04:52:10,111.32,46.62
2026-08-23T04:52:11,111.41,46.7
2026-08-23T04:52:12,111.51,46.8
2026-08-23T04:52:13,110.88,46.18
2026-08-23T04:52:14,110.39,45.7
2026-08-23T04:52:15,110.42,45.73
2026-08-23T04:52:16,111.27,46.56
2026-08-23T04:52:17,111.24,46.54
2026-08-23T04:52:18,110.61,45.91
2026-08-23T04:52:19,110.7,46.01
2026-08-23T04:52:20,111.46,46.75
2026-08-23T04:52:21,110.98,46.28
2026-08-23T04:52:22,110.79,46.09
2026-08-23T04:52:23,110.48,45.78
2026-08-23T04:52:24,110.39,45.7
2026-08-23T04:52:25,110.38,45.69
2026-08-23T04:52:26,110.63,45.93
2026-08-23T04:52:27,110.62,45.93
2026-08-23T04:52:28,110.2,45.51
2026-08-23T04:52:29,110.12,45.44
2026-08-23T04:52:30,110.52,45.83
2026-08-23T04:52:31,110.77,46.07
2026-08-23T04:52:32,110.54,45.85
2026-08-23T04:52:33,110.18,45.49
2026-08-23T04:52:34,110.21,45.52
2026-08-23T04:52:35,111.0,46.3
2026-08-23T04:52:36,110.76,46.06
2026-08-23T04:52:37,110.77,46.08
2026-08-23T04:52:38,111.01,46.31
2026-08-23T04:52:39,110.47,45.78
2026-08-23T04:52:40,110.41,45.71
2026-08-23T04:52:41,110.34,45.64
2026-08-23T04:52:42,110.07,45.38
2026-08-23T04:52:43,110.64,45.94
2026-08-23T04:52:44,110.05,45.37
2026-08-23T04:52:45,109.76,45.08
2026-08-23T04:52:46,109.65,44.97
2026-08-23T04:52:47,109.88,45.2
2026-08-23T04:52:48,109.54,44.86
2026-08-23T04:52:49,109.42,44.74
2026-08-23T04:52:50,110.13,45.44
2026-08-23T04:52:51,109.84,45.16
2026-08-23T04:52:52,110.07,45.38
2026-08-23T04:52:53,110.09,45.4
2026-08-23T04:52:54,110.49,45.8
2026-08-23T04:52:55,110.0,45.31
2026-08-23T04:52:56,109.95,45.26
2026-08-23T04:52:57,109.71,45.03
2026-08-23T04:52:58,109.71,45.03
2026-08-23T04:52:59,109.99,45.31
2026-08-23T04:53:00,110.22,45.53
2026-08-23T04:53:01,110.17,45.48
2026-08-23T04:53:02,109.71,45.03
2026-08-23T04:53:03,109.24,44.56
2026-08-23T04:53:04,109.56,44.87
2026-08-23T04:53:05,109.78,45.1
2026-08-23T04:53:06,109.82,45.14
2026-08-23T04:53:07,109.71,45.02
2026-08-23T04:53:08,109.9,45.22
2026-08-23T04:53:09,109.82,45.14
2026-08-23T04:53:10,110.27,45.58
2026-08-23T04:53:11,110.27,45.58
2026-08-23T04:53:12,109.72,45.04
2026-08-23T04:53:13,110.08,45.39
2026-08-23T04:53:14,110.19,45.5
2026-08-23T04:53:15,109.92,45.24
2026-08-23T04:53:16,109.8,45.12
2026-08-23T04:53:17,109.76,45.08
2026-08-23T04:53:18,109.61,44.93
2026-08-23T04:53:19,109.68,44.99
2026-08-23T04:53:20,109.76,45.08
2026-08-23T04:53:21,109.86,45.17
2026-08-23T04:53:22,109.74,45.05
2026-08-23T04:53:23,109.39,44.71
2026-08-23T04:53:24,109.61,44.93
2026-08-23T04:53:25,109.77,45.09
2026-08-23T04:53:26,109.86,45.18
2026-08-23T04:53:27,109.75,45.07
2026-08-23T04:53:28,109.29,44.62
2026-08-23T04:53:29,109.33,44.65
2026-08-23T04:53:30,109.54,44.86
2026-08-23T04:53:31,109.7,45.02
2026-08-23T04:53:32,109.14,44.46
2026-08-23T04:53:33,109.2,44.52
2026-08-23T04:53:34,109.5,44.82
2026-08-23T04:53:35,109.47,44.79
2026-08-23T04:53:36,109.33,44.66
2026-08-23T04:53:37,109.67,44.99
2026-08-23T04:53:38,109.59,44.91
2026-08-23T04:53:39,109.57,44.89
2026-08-23T04:53:40,109.2,44.52
2026-08-23T04:53:41,109.66,44.98
2026-08-23T04:53:42,109.71,45.03
2026-08-23T04:53:43,109.83,45.14
2026-08-23T04:53:44,109.67,44.99
2026-08-23T04:53:45,109.75,45.07
2026-08-23T04:53:46,109.36,44.69
2026-08-23T04:53:47,109.59,44.91
2026-08-23T04:53:48,109.76,45.07
2026-08-23T04:53:49,109.49,44.81
2026-08-23T04:53:50,109.74,45.05
2026-08-23T04:53:51,109.88,45.2
2026-08-23T04:53:52,109.82,45.14
2026-08-23T04:53:53,109.99,45.31
2026-08-23T04:53:54,109.77,45.08
2026-08-23T04:53:55,110.42,45.73
2026-08-23T04:53:56,110.28,45.59
2026-08-23T04:53:57,110.15,45.46
2026-08-23T04:53:58,109.82,45.14
2026-08-23T04:53:59,110.01,45.33
2026-08-23T04:54:00,110.11,45.42
2026-08-23T04:54:01,110.02,45.34
2026-08-23T04:54:02,109.48,44.8
2026-08-23T04:54:03,109.37,44.69
2026-08-23T04:54:04,109.69,45.01
2026-08-23T04:54:05,109.64,44.96
2026-08-23T04:54:06,109.58,44.9
2026-08-23T04:54:07,109.56,44.88
2026-08-23T04:54:08,109.86,45.17
2026-08-23T04:54:09,110.11,45.43
2026-08-23T04:54:10,110.7,46.01
2026-08-23T04:54:11,110.51,45.82
2026-08-23T04:54:12,110.1,45.41
2026-08-23T04:54:13,110.27,45.58
2026-08-23T04:54:14,110.05,45.36
2026-08-23T04:54:15,109.9,45.21
2026-08-23T04:54:16,109.73,45.05
2026-08-23T04:54:17,110.16,45.47
2026-08-23T04:54:18,110.31,45.62
2026-08-23T04:54:19,110.21,45.52
2026-08-23T04:54:20,109.8,45.12
2026-08-23T04:54:21,109.53,44.85
2026-08-23T04:54:22,110.58,45.88
2026-08-23T04:54:23,109.71,45.03
2026-08-23T04:54:24,109.6,44.92
2026-08-23T04:54:25,109.72,45.04
2026-08-23T04:54:26,109.35,44.67
2026-08-23T04:54:27,109.89,45.2
2026-08-23T04:54:28,109.9,45.21
2026-08-23T04:54:29,110.33,45.64
2026-08-23T04:54:30,110.6,45.91
2026-08-23T04:54:31,110.57,45.87
2026-08-23T04:54:32,109.85,45.17
2026-08-23T04:54:33,109.83,45.14
2026-08-23T04:54:34,109.63,44.95
2026-08-23T04:54:35,110.22,45.53
2026-08-23T04:54:36,109.27,44.59
2026-08-23T04:54:37,109.53,44.85
2026-08-23T04:54:38,109.46,44.78
2026-08-23T04:54:39,109.2,44.53
2026-08-23T04:54:40,109.47,44.79
2026-08-23T04:54:41,109.32,44.64
2026-08-23T04:54:42,109.49,44.81
2026-08-23T04:54:43,109.09,44.42
2026-08-23T04:54:44,109.4,44.72
2026-08-23T04:54:45,109.5,44.82
2026-08-23T04:54:46,109.26,44.58
2026-08-23T04:54:47,109.66,44.98
2026-08-23T04:54:48,109.44,44.76
2026-08-23T04:54:49,109.07,44.39
2026-08-23T04:54:50,109.67,44.99
2026-08-23T04:54:51,109.82,45.13
2026-08-23T04:54:52,110.02,45.34
2026-08-23T04:54:53,110.25,45.56
2026-08-23T04:54:54,110.06,45.38
2026-08-23T04:54:55,110.56,45.87
2026-08-23T04:54:56,110.7,46.0
2026-08-23T04:54:57,109.94,45.26
2026-08-23T04:54:58,110.09,45.4
2026-08-23T04:54:59,110.56,45.87
2026-08-23T04:55:00,109.83,45.14
2026-08-23T04:55:01,110.14,45.45
2026-08-23T04:55:02,109.57,44.89
2026-08-23T04:55:03,110.01,45.32
2026-08-23T04:55:04,109.5,44.82
2026-08-23T04:55:05,109.62,44.94
2026-08-23T04:55:06,109.49,44.81
2026-08-23T04:55:07,109.31,44.63
2026-08-23T04:55:08,109.2,44.53
2026-08-23T04:55:09,109.02,44.35
2026-08-23T04:55:10,109.31,44.63
2026-08-23T04:55:11,109.27,44.6
2026-08-23T04:55:12,109.47,44.79
2026-08-23T04:55:13,109.25,44.58
2026-08-23T04:55:14,109.09,44.42
2026-08-23T04:55:15,109.07,44.4
2026-08-23T04:55:16,109.03,44.36
2026-08-23T04:55:17,109.33,44.65
2026-08-23T04:55:18,109.0,44.33
2026-08-23T04:55:19,109.15,44.47
2026-08-23T04:55:20,109.01,44.33
2026-08-23T04:55:21,108.82,44.15
2026-08-23T04:55:22,108.99,44.31
2026-08-23T04:55:23,108.95,44.28
2026-08-23T04:55:24,108.98,44.31
2026-08-23T04:55:25,109.49,44.81
2026-08-23T04:55:26,109.59,44.91
2026-08-23T04:55:27,109.2,44.52
2026-08-23T04:55:28,109.54,44.86
2026-08-23T04:55:29,109.47,44.79
2026-08-23T04:55:30,109.54,44.86
2026-08-23T04:55:31,109.54,44.86
2026-08-23T04:55:32,109.62,44.94
2026-08-23T04:55:33,109.34,44.66
2026-08-23T04:55:34,109.84,45.16
2026-08-23T04:55:35,110.09,45.4
2026-08-23T04:55:36,109.86,45.17
2026-08-23T04:55:37,109.52,44.84
2026-08-23T04:55:38,109.21,44.54
2026-08-23T04:55:39,109.36,44.68
2026-08-23T04:55:40,109.65,44.97
2026-08-23T04:55:41,109.7,45.02
2026-08-23T04:55:42,109.38,44.7
2026-08-23T04:55:43,109.63,44.94
2026-08-23T04:55:44,109.37,44.69
2026-08-23T04:55:45,109.41,44.74
2026-08-23T04:55:46,109.08,44.41
2026-08-23T04:55:47,109.14,44.47
2026-08-23T04:55:48,109.08,44.41
2026-08-23T04:55:49,108.6,43.94
2026-08-23T04:55:50,109.01,44.34
2026-08-23T04:55:51,109.09,44.41
2026-08-23T04:55:52,108.51,43.85
2026-08-23T04:55:53,109.19,44.52
2026-08-23T04:55:54,108.8,44.13
2026-08-23T04:55:55,109.04,44.37
2026-08-23T04:55:56,109.25,44.57
2026-08-23T04:55:57,109.13,44.46
2026-08-23T04:55:58,109.0,44.33
2026-08-23T04:55:59,109.45,44.77
2026-08-23T04:56:00,108.85,44.18
2026-08-23T04:56:01,109.05,44.37
2026-08-23T04:56:02,109.06,44.38
2026-08-23T04:56:03,109.11,44.43
2026-08-23T04:56:04,109.25,44.57
2026-08-23T04:56:05,109.21,44.53
2026-08-23T04:56:06,109.03,44.36
2026-08-23T04:56:07,109.3,44.63
2026-08-23T04:56:08,109.4,44.72
2026-08-23T04:56:09,109.31,44.63
2026-08-23T04:56:10,109.21,44.53
2026-08-23T04:56:11,109.28,44.6
2026-08-23T04:56:12,108.98,44.31
2026-08-23T04:56:13,109.0,44.32
2026-08-23T04:56:14,108.72,44.05
2026-08-23T04:56:15,109.28,44.6
2026-08-23T04:56:16,109.04,44.36
2026-08-23T04:56:17,109.07,44.4
2026-08-23T04:56:18,109.17,44.49
2026-08-23T04:56:19,108.95,44.28
2026-08-23T04:56:20,109.11,44.43
2026-08-23T04:56:21,109.06,44.39
2026-08-23T04:56:22,109.01,44.34
2026-08-23T04:56:23,108.84,44.17
2026-08-23T04:56:24,109.18,44.51
2026-08-23T04:56:25,108.84,44.17
2026-08-23T04:56:26,108.65,43.98
2026-08-23T04:56:27,108.99,44.32
2026-08-23T04:56:28,109.19,44.51
2026-08-23T04:56:29,109.27,44.59
2026-08-23T04:56:30,108.92,44.25
2026-08-23T04:56:31,109.2,44.52
2026-08-23T04:56:32,108.92,44.25
2026-08-23T04:56:33,109.1,44.42
2026-08-23T04:56:34,109.18,44.51
2026-08-23T04:56:35,109.05,44.37
2026-08-23T04:56:36,109.47,44.79
2026-08-23T04:56:37,108.83,44.16
2026-08-23T04:56:38,109.2,44.52
2026-08-23T04:56:39,109.08,44.41
2026-08-23T04:56:40,108.91,44.24
2026-08-23T04:56:41,109.34,44.66
2026-08-23T04:56:42,109.24,44.57
2026-08-23T04:56:43,109.24,44.57
2026-08-23T04:56:44,109.29,44.61
2026-08-23T04:56:45,109.02,44.35
2026-08-23T04:56:46,109.26,44.59
2026-08-23T04:56:47,109.02,44.35
2026-08-23T04:56:48,109.1,44.43
2026-08-23T04:56:49,109.33,44.65
2026-08-23T04:56:50,108.96,44.29
2026-08-23T04:56:51,109.13,44.46
2026-08-23T04:56:52,109.21,44.54
2026-08-23T04:56:53,109.32,44.64
2026-08-23T04:56:54,109.32,44.64
2026-08-23T04:56:55,109.36,44.68
2026-08-23T04:56:56,110.55,45.86
2026-08-23T04:56:57,110.82,46.12
2026-08-23T04:56:58,111.33,46.63
2026-08-23T04:56:59,111.57,46.86
2026-08-23T04:57:00,111.96,47.25
2026-08-23T04:57:01,112.37,47.65
2026-08-23T04:57:02,115.1,50.34
2026-08-23T04:57:03,118.82,54.01
2026-08-23T04:57:04,120.7,55.87
2026-08-23T04:57:05,121.83,56.98
2026-08-23T04:57:06,122.85,57.98
2026-08-23T04:57:07,123.12,58.24
2026-08-23T04:57:08,121.37,56.52
2026-08-23T04:57:09,118.33,53.52
2026-08-23T04:57:10,116.22,51.45
2026-08-23T04:57:11,114.79,50.04
2026-08-23T04:57:12,114.15,49.4
2026-08-23T04:57:13,113.69,48.95
2026-08-23T04:57:14,112.77,48.04
2026-08-23T04:57:15,114.41,49.66
2026-08-23T04:57:16,112.1,47.38
2026-08-23T04:57:17,111.22,46.51
2026-08-23T04:57:18,110.1,45.41
2026-08-23T04:57:19,110.17,45.48
2026-08-23T04:57:20,109.48,44.8
2026-08-23T04:57:21,109.72,45.04
2026-08-23T04:57:22,109.74,45.06
2026-08-23T04:57:23,109.24,44.57
2026-08-23T04:57:24,109.87,45.19
2026-08-23T04:57:25,109.83,45.14
2026-08-23T04:57:26,109.74,45.06
2026-08-23T04:57:27,109.42,44.74
2026-08-23T04:57:28,109.72,45.04
2026-08-23T04:57:29,110.01,45.33
2026-08-23T04:57:30,109.67,44.99
2026-08-23T04:57:31,109.8,45.11
2026-08-23T04:57:32,109.79,45.11
2026-08-23T04:57:33,109.77,45.08
2026-08-23T04:57:34,109.76,45.08
2026-08-23T04:57:35,109.66,44.98
2026-08-23T04:57:36,109.94,45.26
2026-08-23T04:57:37,110.02,45.33
2026-08-23T04:57:38,109.86,45.17
2026-08-23T04:57:39,109.92,45.24
2026-08-23T04:57:40,109.48,44.8
2026-08-23T04:57:41,109.67,44.98
2026-08-23T04:57:42,109.75,45.07
2026-08-23T04:57:43,109.75,45.07
2026-08-23T04:57:44,109.78,45.09
2026-08-23T04:57:45,109.65,44.97
2026-08-23T04:57:46,109.4,44.72
2026-08-23T04:57:47,109.17,44.5
2026-08-23T04:57:48,109.24,44.56
2026-08-23T04:57:49,109.55,44.87
2026-08-23T04:57:50,109.1,44.43
2026-08-23T04:57:51,109.27,44.59
2026-08-23T04:57:52,109.72,45.03
2026-08-23T04:57:53,109.38,44.7
2026-08-23T04:57:54,109.49,44.81
2026-08-23T04:57:55,109.17,44.49
2026-08-23T04:57:56,109.55,44.87
2026-08-23T04:57:57,109.5,44.82
2026-08-23T04:57:58,109.34,44.67
2026-08-23T04:57:59,109.3,44.62
2026-08-23T04:58:00,109.19,44.52
2026-08-23T04:58:01,109.38,44.71
2026-08-23T04:58:02,110.17,45.48
2026-08-23T04:58:03,110.7,46.01
2026-08-23T04:58:04,111.77,47.06
2026-08-23T04:58:05,112.7,47.97
2026-08-23T04:58:06,113.44,48.7
2026-08-23T04:58:07,114.36,49.61
2026-08-23T04:58:08,118.6,53.79
2026-08-23T04:58:09,120.73,55.89
2026-08-23T04:58:10,122.63,57.77
2026-08-23T04:58:11,123.81,58.93
2026-08-23T04:58:12,123.4,58.52
2026-08-23T04:58:13,121.13,56.29
2026-08-23T04:58:14,117.82,53.02
2026-08-23T04:58:15,115.48,50.72
2026-08-23T04:58:16,113.77,49.03
2026-08-23T04:58:17,113.14,48.4
2026-08-23T04:58:18,112.1,47.38
2026-08-23T04:58:19,112.21,47.49
2026-08-23T04:58:20,112.76,48.04
2026-08-23T04:58:21,110.09,45.41
2026-08-23T04:58:22,109.57,44.88
2026-08-23T04:58:23,109.85,45.17
2026-08-23T04:58:24,110.04,45.35
2026-08-23T04:58:25,109.31,44.63
2026-08-23T04:58:26,109.08,44.4
2026-08-23T04:58:27,109.33,44.66
2026-08-23T04:58:28,109.37,44.69
2026-08-23T04:58:29,109.73,45.04
2026-08-23T04:58:30,109.7,45.01
2026-08-23T04:58:31,109.34,44.67
2026-08-23T04:58:32,109.42,44.75
2026-08-23T04:58:33,109.4,44.73
2026-08-23T04:58:34,109.02,44.34
2026-08-23T04:58:35,109.41,44.73
2026-08-23T04:58:36,109.66,44.98
2026-08-23T04:58:37,109.74,45.06
2026-08-23T04:58:38,109.92,45.24
2026-08-23T04:58:39,109.33,44.65
2026-08-23T04:58:40,109.37,44.69
2026-08-23T04:58:41,109.38,44.7
2026-08-23T04:58:42,109.3,44.62
2026-08-23T04:58:43,109.79,45.1
2026-08-23T04:58:44,109.56,44.88
2026-08-23T04:58:45,109.65,44.97
2026-08-23T04:58:46,110.45,45.75
2026-08-23T04:58:47,109.56,44.88
2026-08-23T04:58:48,109.44,44.76
2026-08-23T04:58:49,109.14,44.47
2026-08-23T04:58:50,109.43,44.75
2026-08-23T04:58:51,109.33,44.65
2026-08-23T04:58:52,109.02,44.35
2026-08-23T04:58:53,109.01,44.34
2026-08-23T04:58:54,109.19,44.51
2026-08-23T04:58:55,109.04,44.37
2026-08-23T04:58:56,108.99,44.32
2026-08-23T04:58:57,109.73,45.05
2026-08-23T04:58:58,109.36,44.68
2026-08-23T04:58:59,109.35,44.67
2026-08-23T04:59:00,109.76,45.07
2026-08-23T04:59:01,109.39,44.71
2026-08-23T04:59:02,109.3,44.62
2026-08-23T04:59:03,109.18,44.51
2026-08-23T04:59:04,109.15,44.47
2026-08-23T04:59:05,109.19,44.51
2026-08-23T04:59:06,109.48,44.8
2026-08-23T04:59:07,109.3,44.62
2026-08-23T04:59:08,109.18,44.5
2026-08-23T04:59:09,109.21,44.53
2026-08-23T04:59:10,109.0,44.33
2026-08-23T04:59:11,109.09,44.42
2026-08-23T04:59:12,109.27,44.59
2026-08-23T04:59:13,109.28,44.6
2026-08-23T04:59:14,109.68,44.99
2026-08-23T04:59:15,109.2,44.53
2026-08-23T04:59:16,109.07,44.4
2026-08-23T04:59:17,109.08,44.4
2026-08-23T04:59:18,109.21,44.54
2026-08-23T04:59:19,109.19,44.51
2026-08-23T04:59:20,109.48,44.8
2026-08-23T04:59:21,109.14,44.47
2026-08-23T04:59:22,109.19,44.51
2026-08-23T04:59:23,109.28,44.6
2026-08-23T04:59:24,109.04,44.37
2026-08-23T04:59:25,109.62,44.94
2026-08-23T04:59:26,109.28,44.61
2026-08-23T04:59:27,109.31,44.64
2026-08-23T04:59:28,109.23,44.56
2026-08-23T04:59:29,109.32,44.64
2026-08-23T04:59:30,109.62,44.94
2026-08-23T04:59:31,109.59,44.91
2026-08-23T04:59:32,109.41,44.73
2026-08-23T04:59:33,109.52,44.84
2026-08-23T04:59:34,109.38,44.71
2026-08-23T04:59:35,109.62,44.94
2026-08-23T04:59:36,109.42,44.74
2026-08-23T04:59:37,109.4,44.72
2026-08-23T04:59:38,109.82,45.14
2026-08-23T04:59:39,109.26,44.58
2026-08-23T04:59:40,109.73,45.05
2026-08-23T04:59:41,109.75,45.07
2026-08-23T04:59:42,109.58,44.9
2026-08-23T04:59:43,109.79,45.11
2026-08-23T04:59:44,109.94,45.25
2026-08-23T04:59:45,109.5,44.82
2026-08-23T04:59:46,109.37,44.69
2026-08-23T04:59:47,109.38,44.7
2026-08-23T04:59:48,109.55,44.87
2026-08-23T04:59:49,109.29,44.61
2026-08-23T04:59:50,109.43,44.75
2026-08-23T04:59:51,109.28,44.6
2026-08-23T04:59:52,109.52,44.84
2026-08-23T04:59:53,109.88,45.19
2026-08-23T04:59:54,109.89,45.2
2026-08-23T04:59:55,109.89,45.21
2026-08-23T04:59:56,109.37,44.69
2026-08-23T04:59:57,109.52,44.84
2026-08-23T04:59:58,109.36,44.69
2026-08-23T04:59:59,109.41,44.73
2026-08-23T05:00:00,110.04,45.35
2026-08-23T05:00:01,109.84,45.16
2026-08-23T05:00:02,109.85,45.16
2026-08-23T05:00:03,109.92,45.23
2026-08-23T05:00:04,109.55,44.87
2026-08-23T05:00:05,109.62,44.94
2026-08-23T05:00:06,109.3,44.62
2026-08-23T05:00:07,109.68,45.0
2026-08-23T05:00:08,109.42,44.74
2026-08-23T05:00:09,109.14,44.47
2026-08-23T05:00:10,109.28,44.6
2026-08-23T05:00:11,109.24,44.56
2026-08-23T05:00:12,109.4,44.72
2026-08-23T05:00:13,109.48,44.81
2026-08-23T05:00:14,109.52,44.84
2026-08-23T05:00:15,109.8,45.11
2026-08-23T05:00:16,108.93,44.26
2026-08-23T05:00:17,109.26,44.59
2026-08-23T05:00:18,109.33,44.65
2026-08-23T05:00:19,109.67,44.99
2026-08-23T05:00:20,108.81,44.14
2026-08-23T05:00:21,109.44,44.76
2026-08-23T05:00:22,109.21,44.53
2026-08-23T05:00:23,109.31,44.63
2026-08-23T05:00:24,109.55,44.87
2026-08-23T05:00:25,109.71,45.03
2026-08-23T05:00:26,109.92,45.24
2026-08-23T05:00:27,110.14,45.45
2026-08-23T05:00:28,110.15,45.46
2026-08-23T05:00:29,109.6,44.92
2026-08-23T05:00:30,109.55,44.87
2026-08-23T05:00:31,109.2,44.53
2026-08-23T05:00:32,109.78,45.09
2026-08-23T05:00:33,109.21,44.53
2026-08-23T05:00:34,109.03,44.36
2026-08-23T05:00:35,109.41,44.73
2026-08-23T05:00:36,109.23,44.55
2026-08-23T05:00:37,108.99,44.32
2026-08-23T05:00:38,109.53,44.85
2026-08-23T05:00:39,109.72,45.04
2026-08-23T05:00:40,109.97,45.29
2026-08-23T05:00:41,110.26,45.57
2026-08-23T05:00:42,109.73,45.04
2026-08-23T05:00:43,109.76,45.07
2026-08-23T05:00:44,109.4,44.72
2026-08-23T05:00:45,109.48,44.8
2026-08-23T05:00:46,109.72,45.03
2026-08-23T05:00:47,110.14,45.45
2026-08-23T05:00:48,112.08,47.36
2026-08-23T05:00:49,111.93,47.22
2026-08-23T05:00:50,110.63,45.93
2026-08-23T05:00:51,109.63,44.94
2026-08-23T05:00:52,109.75,45.06
2026-08-23T05:00:53,109.77,45.08
2026-08-23T05:00:54,109.82,45.14
2026-08-23T05:00:55,109.54,44.86
2026-08-23T05:00:56,109.51,44.84
2026-08-23T05:00:57,109.89,45.2
2026-08-23T05:00:58,109.84,45.15
2026-08-23T05:00:59,110.01,45.33
2026-08-23T05:01:00,109.92,45.24
2026-08-23T05:01:01,109.84,45.15
2026-08-23T05:01:02,109.45,44.77
2026-08-23T05:01:03,109.74,45.05
2026-08-23T05:01:04,109.95,45.26
2026-08-23T05:01:05,110.11,45.43
2026-08-23T05:01:06,109.91,45.22
2026-08-23T05:01:07,110.0,45.31
2026-08-23T05:01:08,109.88,45.19
2026-08-23T05:01:09,110.03,45.35
2026-08-23T05:01:10,110.29,45.6
2026-08-23T05:01:11,110.27,45.58
2026-08-23T05:01:12,110.47,45.78
2026-08-23T05:01:13,110.71,46.02
2026-08-23T05:01:14,110.59,45.9
2026-08-23T05:01:15,109.81,45.13
2026-08-23T05:01:16,109.73,45.05
2026-08-23T05:01:17,109.19,44.51
2026-08-23T05:01:18,109.78,45.1
2026-08-23T05:01:19,109.7,45.02
2026-08-23T05:01:20,110.24,45.55
2026-08-23T05:01:21,110.4,45.71
2026-08-23T05:01:22,110.45,45.76
2026-08-23T05:01:23,110.82,46.12
2026-08-23T05:01:24,110.37,45.68
2026-08-23T05:01:25,110.7,46.0
2026-08-23T05:01:26,110.24,45.55
2026-08-23T05:01:27,109.78,45.09
2026-08-23T05:01:28,109.98,45.3
2026-08-23T05:01:29,109.36,44.68
2026-08-23T05:01:30,109.77,45.09
2026-08-23T05:01:31,109.86,45.17
2026-08-23T05:01:32,109.93,45.25
2026-08-23T05:01:33,109.48,44.8
2026-08-23T05:01:34,110.08,45.39
2026-08-23T05:01:35,110.09,45.4
2026-08-23T05:01:36,110.58,45.89
2026-08-23T05:01:37,111.25,46.54
2026-08-23T05:01:38,110.85,46.15
2026-08-23T05:01:39,110.85,46.15
2026-08-23T05:01:40,111.99,47.28
2026-08-23T05:01:41,110.96,46.26
2026-08-23T05:01:42,109.78,45.09
2026-08-23T05:01:43,110.38,45.69
2026-08-23T05:01:44,110.14,45.45
2026-08-23T05:01:45,109.95,45.27
2026-08-23T05:01:46,109.98,45.29
2026-08-23T05:01:47,109.65,44.97
2026-08-23T05:01:48,109.75,45.07
2026-08-23T05:01:49,110.09,45.4
2026-08-23T05:01:50,110.08,45.39
2026-08-23T05:01:51,110.5,45.8
2026-08-23T05:01:52,110.03,45.34
2026-08-23T05:01:53,110.36,45.67
2026-08-23T05:01:54,110.31,45.62
2026-08-23T05:01:55,110.59,45.89
2026-08-23T05:01:56,111.7,46.99
2026-08-23T05:01:57,110.12,45.43
2026-08-23T05:01:58,110.28,45.59
2026-08-23T05:01:59,110.44,45.74
2026-08-23T05:02:00,111.41,46.7
2026-08-23T05:02:01,112.11,47.39
2026-08-23T05:02:02,111.76,47.05
2026-08-23T05:02:03,112.17,47.46
2026-08-23T05:02:04,110.56,45.86
2026-08-23T05:02:05,111.78,47.07
2026-08-23T05:02:06,111.65,46.94
2026-08-23T05:02:07,111.71,46.99
2026-08-23T05:02:08,115.14,50.38
2026-08-23T05:02:09,116.79,52.01
2026-08-23T05:02:10,113.77,49.03
2026-08-23T05:02:11,112.42,47.7
2026-08-23T05:02:12,114.39,49.64
2026-08-23T05:02:13,114.25,49.5
2026-08-23T05:02:14,112.14,47.42
2026-08-23T05:02:15,111.34,46.63
2026-08-23T05:02:16,111.24,46.54
2026-08-23T05:02:17,111.83,47.12
2026-08-23T05:02:18,111.85,47.14
2026-08-23T05:02:19,111.08,46.38
2026-08-23T05:02:20,110.36,45.67
2026-08-23T05:02:21,109.89,45.2
2026-08-23T05:02:22,110.12,45.43
2026-08-23T05:02:23,109.76,45.08
2026-08-23T05:02:24,109.72,45.04
2026-08-23T05:02:25,110.38,45.68
2026-08-23T05:02:26,110.44,45.74
2026-08-23T05:02:27,111.32,46.61
2026-08-23T05:02:28,111.47,46.76
2026-08-23T05:02:29,111.61,46.9
2026-08-23T05:02:30,111.77,47.06
2026-08-23T05:02:31,111.53,46.82
2026-08-23T05:02:32,111.19,46.48
2026-08-23T05:02:33,112.68,47.95
2026-08-23T05:02:34,111.31,46.6
2026-08-23T05:02:35,112.3,47.58
2026-08-23T05:02:36,111.26,46.56
2026-08-23T05:02:37,111.21,46.5
2026-08-23T05:02:38,111.37,46.66
2026-08-23T05:02:39,111.11,46.41
2026-08-23T05:02:40,110.51,45.81
2026-08-23T05:02:41,110.15,45.46
2026-08-23T05:02:42,110.15,45.46
2026-08-23T05:02:43,110.39,45.7
2026-08-23T05:02:44,109.66,44.98
2026-08-23T05:02:45,109.93,45.24
2026-08-23T05:02:46,110.13,45.44
2026-08-23T05:02:47,110.28,45.59
2026-08-23T05:02:48,110.39,45.7
2026-08-23T05:02:49,110.16,45.47
2026-08-23T05:02:50,110.15,45.46
2026-08-23T05:02:51,110.13,45.44
2026-08-23T05:02:52,110.96,46.26
2026-08-23T05:02:53,110.62,45.92
2026-08-23T05:02:54,110.22,45.53
2026-08-23T05:02:55,110.32,45.63
2026-08-23T05:02:56,111.16,46.46
2026-08-23T05:02:57,111.87,47.16
2026-08-23T05:02:58,111.09,46.39
2026-08-23T05:02:59,111.1,46.4
2026-08-23T05:03:00,110.51,45.81
2026-08-23T05:03:01,110.59,45.9
2026-08-23T05:03:02,111.44,46.73
2026-08-23T05:03:03,112.31,47.59
2026-08-23T05:03:04,112.3,47.58
2026-08-23T05:03:05,111.92,47.21
2026-08-23T05:03:06,111.18,46.47
2026-08-23T05:03:07,111.34,46.63
2026-08-23T05:03:08,110.82,46.12
2026-08-23T05:03:09,110.61,45.91
2026-08-23T05:03:10,110.93,46.23
2026-08-23T05:03:11,111.41,46.7
2026-08-23T05:03:12,110.79,46.1
2026-08-23T05:03:13,110.43,45.74
2026-08-23T05:03:14,111.42,46.71
2026-08-23T05:03:15,110.61,45.92
2026-08-23T05:03:16,111.33,46.62
2026-08-23T05:03:17,110.65,45.95
2026-08-23T05:03:18,110.3,45.61
2026-08-23T05:03:19,110.16,45.47
2026-08-23T05:03:20,109.72,45.04
2026-08-23T05:03:21,109.89,45.2
2026-08-23T05:03:22,110.14,45.46
2026-08-23T05:03:23,110.01,45.32
2026-08-23T05:03:24,110.42,45.73
2026-08-23T05:03:25,110.07,45.38
2026-08-23T05:03:26,110.12,45.44
2026-08-23T05:03:27,110.38,45.69
2026-08-23T05:03:28,110.52,45.83
2026-08-23T05:03:29,110.25,45.56
2026-08-23T05:03:30,110.17,45.48
2026-08-23T05:03:31,110.26,45.57
2026-08-23T05:03:32,110.17,45.49
2026-08-23T05:03:33,110.08,45.4
2026-08-23T05:03:34,109.96,45.27
2026-08-23T05:03:35,110.0,45.32
2026-08-23T05:03:36,109.72,45.04
2026-08-23T05:03:37,110.33,45.64
2026-08-23T05:03:38,110.53,45.84
2026-08-23T05:03:39,110.1,45.41
2026-08-23T05:03:40,110.34,45.65
2026-08-23T05:03:41,110.37,45.68
2026-08-23T05:03:42,110.4,45.71
2026-08-23T05:03:43,111.45,46.74
2026-08-23T05:03:44,110.94,46.24
2026-08-23T05:03:45,109.98,45.29
2026-08-23T05:03:46,110.18,45.49
2026-08-23T05:03:47,109.71,45.03
2026-08-23T05:03:48,109.83,45.14
2026-08-23T05:03:49,110.03,45.34
2026-08-23T05:03:50,110.2,45.52
2026-08-23T05:03:51,110.09,45.4
2026-08-23T05:03:52,110.34,45.65
2026-08-23T05:03:53,110.15,45.47
2026-08-23T05:03:54,110.69,46.0
2026-08-23T05:03:55,110.55,45.86
2026-08-23T05:03:56,110.57,45.88
2026-08-23T05:03:57,110.37,45.68
2026-08-23T05:03:58,110.47,45.78
2026-08-23T05:03:59,110.71,46.02
2026-08-23T05:04:00,110.45,45.75
2026-08-23T05:04:01,110.42,45.73
2026-08-23T05:04:02,110.27,45.58
2026-08-23T05:04:03,110.34,45.64
2026-08-23T05:04:04,110.62,45.92
2026-08-23T05:04:05,110.35,45.66
2026-08-23T05:04:06,110.57,45.87
2026-08-23T05:04:07,111.33,46.62
2026-08-23T05:04:08,111.36,46.66
2026-08-23T05:04:09,111.1,46.39
2026-08-23T05:04:10,110.59,45.9
2026-08-23T05:04:11,110.63,45.93
2026-08-23T05:04:12,110.4,45.71
2026-08-23T05:04:13,110.65,45.96
2026-08-23T05:04:14,110.46,45.77
2026-08-23T05:04:15,111.16,46.46
2026-08-23T05:04:16,111.18,46.48
2026-08-23T05:04:17,110.17,45.48
2026-08-23T05:04:18,110.92,46.22
2026-08-23T05:04:19,110.9,46.2
2026-08-23T05:04:20,110.76,46.06
2026-08-23T05:04:21,111.15,46.45
2026-08-23T05:04:22,110.82,46.12
2026-08-23T05:04:23,110.74,46.04
2026-08-23T05:04:24,110.3,45.61
2026-08-23T05:04:25,110.39,45.7
2026-08-23T05:04:26,110.27,45.58
2026-08-23T05:04:27,110.42,45.73
2026-08-23T05:04:28,110.88,46.18
2026-08-23T05:04:29,110.89,46.19
2026-08-23T05:04:30,110.14,45.45
2026-08-23T05:04:31,110.23,45.54
2026-08-23T05:04:32,109.8,45.11
2026-08-23T05:04:33,110.12,45.43
2026-08-23T05:04:34,109.79,45.11
2026-08-23T05:04:35,109.94,45.26
2026-08-23T05:04:36,109.61,44.93
2026-08-23T05:04:37,110.45,45.76
2026-08-23T05:04:38,109.85,45.17
2026-08-23T05:04:39,110.49,45.8
2026-08-23T05:04:40,110.27,45.58
2026-08-23T05:04:41,110.9,46.2
2026-08-23T05:04:42,109.68,45.0
2026-08-23T05:04:43,109.85,45.16
2026-08-23T05:04:44,109.74,45.05
2026-08-23T05:04:45,109.83,45.15
2026-08-23T05:04:46,110.12,45.43
2026-08-23T05:04:47,110.27,45.57
2026-08-23T05:04:48,110.68,45.98
2026-08-23T05:04:49,110.73,46.03
2026-08-23T05:04:50,110.22,45.53
2026-08-23T05:04:51,111.31,46.61
2026-08-23T05:04:52,110.05,45.36
2026-08-23T05:04:53,109.83,45.15
2026-08-23T05:04:54,109.75,45.07
2026-08-23T05:04:55,109.66,44.98
2026-08-23T05:04:56,109.99,45.3
2026-08-23T05:04:57,110.06,45.37
2026-08-23T05:04:58,109.54,44.86
2026-08-23T05:04:59,109.93,45.24
2026-08-23T05:05:00,109.8,45.12
2026-08-23T05:05:01,110.63,45.93
2026-08-23T05:05:02,109.8,45.12
2026-08-23T05:05:03,110.26,45.57
2026-08-23T05:05:04,110.44,45.75
2026-08-23T05:05:05,110.5,45.81
2026-08-23T05:05:06,110.19,45.5
2026-08-23T05:05:07,109.92,45.24
2026-08-23T05:05:08,110.04,45.36
2026-08-23T05:05:09,109.62,44.94
2026-08-23T05:05:10,109.54,44.86
2026-08-23T05:05:11,109.57,44.89
2026-08-23T05:05:12,109.63,44.95
2026-08-23T05:05:13,109.6,44.92
2026-08-23T05:05:14,110.25,45.56
2026-08-23T05:05:15,110.05,45.37
2026-08-23T05:05:16,110.32,45.63
2026-08-23T05:05:17,109.82,45.14
2026-08-23T05:05:18,110.25,45.56
2026-08-23T05:05:19,110.07,45.39
2026-08-23T05:05:20,109.8,45.12
2026-08-23T05:05:21,109.61,44.93
2026-08-23T05:05:22,109.65,44.97
2026-08-23T05:05:23,109.46,44.78
2026-08-23T05:05:24,109.32,44.64
2026-08-23T05:05:25,109.84,45.16
2026-08-23T05:05:26,109.8,45.11
2026-08-23T05:05:27,110.1,45.41
2026-08-23T05:05:28,109.98,45.29
2026-08-23T05:05:29,110.27,45.58
2026-08-23T05:05:30,110.19,45.5
2026-08-23T05:05:31,110.47,45.77
2026-08-23T05:05:32,110.19,45.51
2026-08-23T05:05:33,109.79,45.11
2026-08-23T05:05:34,109.72,45.04
2026-08-23T05:05:35,110.11,45.42
2026-08-23T05:05:36,109.64,44.96
2026-08-23T05:05:37,109.52,44.84
2026-08-23T05:05:38,109.6,44.91
2026-08-23T05:05:39,109.54,44.86
2026-08-23T05:05:40,110.01,45.32
2026-08-23T05:05:41,109.78,45.1
2026-08-23T05:05:42,110.15,45.46
2026-08-23T05:05:43,109.5,44.82
2026-08-23T05:05:44,109.74,45.06
2026-08-23T05:05:45,109.45,44.77
2026-08-23T05:05:46,109.75,45.06
2026-08-23T05:05:47,109.6,44.92
2026-08-23T05:05:48,109.47,44.79
2026-08-23T05:05:49,109.64,44.96
2026-08-23T05:05:50,109.48,44.8
2026-08-23T05:05:51,109.68,45.0
2026-08-23T05:05:52,109.62,44.94
2026-08-23T05:05:53,110.05,45.37
2026-08-23T05:05:54,109.77,45.09
2026-08-23T05:05:55,109.65,44.97
2026-08-23T05:05:56,109.57,44.89
2026-08-23T05:05:57,109.42,44.74
2026-08-23T05:05:58,109.66,44.98
2026-08-23T05:05:59,109.2,44.52
2026-08-23T05:06:00,109.45,44.77
2026-08-23T05:06:01,109.35,44.67
2026-08-23T05:06:02,109.6,44.92
2026-08-23T05:06:03,109.14,44.46
2026-08-23T05:06:04,109.89,45.21
2026-08-23T05:06:05,110.06,45.38
2026-08-23T05:06:06,110.03,45.35
2026-08-23T05:06:07,109.67,44.99
2026-08-23T05:06:08,109.74,45.06
2026-08-23T05:06:09,109.56,44.88
2026-08-23T05:06:10,109.53,44.85
2026-08-23T05:06:11,108.94,44.26
2026-08-23T05:06:12,109.41,44.73
2026-08-23T05:06:13,109.3,44.63
2026-08-23T05:06:14,109.53,44.85
2026-08-23T05:06:15,109.31,44.63
2026-08-23T05:06:16,109.63,44.95
2026-08-23T05:06:17,109.55,44.87
2026-08-23T05:06:18,109.61,44.93
2026-08-23T05:06:19,109.36,44.68
2026-08-23T05:06:20,109.63,44.95
2026-08-23T05:06:21,109.77,45.08
2026-08-23T05:06:22,109.72,45.04
2026-08-23T05:06:23,109.53,44.85
2026-08-23T05:06:24,109.44,44.76
2026-08-23T05:06:25,109.87,45.18
2026-08-23T05:06:26,109.71,45.02
2026-08-23T05:06:27,109.82,45.14
2026-08-23T05:06:28,110.33,45.64
2026-08-23T05:06:29,109.45,44.77
2026-08-23T05:06:30,109.85,45.16
2026-08-23T05:06:31,109.8,45.11
2026-08-23T05:06:32,109.87,45.18
2026-08-23T05:06:33,109.8,45.12
2026-08-23T05:06:34,109.88,45.19
2026-08-23T05:06:35,109.94,45.25
2026-08-23T05:06:36,109.53,44.85
2026-08-23T05:06:37,109.4,44.72
2026-08-23T05:06:38,110.17,45.48
2026-08-23T05:06:39,109.78,45.1
2026-08-23T05:06:40,109.76,45.07
2026-08-23T05:06:41,110.15,45.47
2026-08-23T05:06:42,110.29,45.6
2026-08-23T05:06:43,109.78,45.1
2026-08-23T05:06:44,110.09,45.4
2026-08-23T05:06:45,109.79,45.11
2026-08-23T05:06:46,110.04,45.36
2026-08-23T05:06:47,109.94,45.25
2026-08-23T05:06:48,110.15,45.46
2026-08-23T05:06:49,110.15,45.46
2026-08-23T05:06:50,109.87,45.18
2026-08-23T05:06:51,110.25,45.56
2026-08-23T05:06:52,109.9,45.21
2026-08-23T05:06:53,109.95,45.26
2026-08-23T05:06:54,109.97,45.29
2026-08-23T05:06:55,109.97,45.28
2026-08-23T05:06:56,110.16,45.48
2026-08-23T05:06:57,110.15,45.46
2026-08-23T05:06:58,110.1,45.41
2026-08-23T05:06:59,109.99,45.31
2026-08-23T05:07:00,109.74,45.05
2026-08-23T05:07:01,110.3,45.61
2026-08-23T05:07:02,109.93,45.25
2026-08-23T05:07:03,109.7,45.02
2026-08-23T05:07:04,109.07,44.4
2026-08-23T05:07:05,110.26,45.57
2026-08-23T05:07:06,109.64,44.96
2026-08-23T05:07:07,110.12,45.43
2026-08-23T05:07:08,110.16,45.47
2026-08-23T05:07:09,109.71,45.02
2026-08-23T05:07:10,109.79,45.1
2026-08-23T05:07:11,109.95,45.27
2026-08-23T05:07:12,109.59,44.91
2026-08-23T05:07:13,109.93,45.25
2026-08-23T05:07:14,109.6,44.92
2026-08-23T05:07:15,109.66,44.98
2026-08-23T05:07:16,109.6,44.92
2026-08-23T05:07:17,109.72,45.03
2026-08-23T05:07:18,109.95,45.26
2026-08-23T05:07:19,109.89,45.2
2026-08-23T05:07:20,109.72,45.04
2026-08-23T05:07:21,109.3,44.63
2026-08-23T05:07:22,109.15,44.47
2026-08-23T05:07:23,109.81,45.13
2026-08-23T05:07:24,110.1,45.41
2026-08-23T05:07:25,110.15,45.46
2026-08-23T05:07:26,109.47,44.79
2026-08-23T05:07:27,109.76,45.08
2026-08-23T05:07:28,109.7,45.02
2026-08-23T05:07:29,109.44,44.76
2026-08-23T05:07:30,109.65,44.97
2026-08-23T05:07:31,109.78,45.09
2026-08-23T05:07:32,109.57,44.89
2026-08-23T05:07:33,109.91,45.22
2026-08-23T05:07:34,109.88,45.2
2026-08-23T05:07:35,109.93,45.24
2026-08-23T05:07:36,109.97,45.28
2026-08-23T05:07:37,109.95,45.27
2026-08-23T05:07:38,109.9,45.22
2026-08-23T05:07:39,110.42,45.73
2026-08-23T05:07:40,109.71,45.03
2026-08-23T05:07:41,109.85,45.17
2026-08-23T05:07:42,110.05,45.36
2026-08-23T05:07:43,109.91,45.22
2026-08-23T05:07:44,110.14,45.45
2026-08-23T05:07:45,110.05,45.36
2026-08-23T05:07:46,109.78,45.09
2026-08-23T05:07:47,109.75,45.07
2026-08-23T05:07:48,109.81,45.13
2026-08-23T05:07:49,110.09,45.4
2026-08-23T05:07:50,109.74,45.06
2026-08-23T05:07:51,109.89,45.2
2026-08-23T05:07:52,110.29,45.6
2026-08-23T05:07:53,109.98,45.3
2026-08-23T05:07:54,109.96,45.27
2026-08-23T05:07:55,110.14,45.45
2026-08-23T05:07:56,109.87,45.19
2026-08-23T05:07:57,109.79,45.11
2026-08-23T05:07:58,109.69,45.01
2026-08-23T05:07:59,110.23,45.54
2026-08-23T05:08:00,110.07,45.39
2026-08-23T05:08:01,110.52,45.83
2026-08-23T05:08:02,109.9,45.21
2026-08-23T05:08:03,110.29,45.6
2026-08-23T05:08:04,109.98,45.29
2026-08-23T05:08:05,110.37,45.67
2026-08-23T05:08:06,110.1,45.42
2026-08-23T05:08:07,110.22,45.53
2026-08-23T05:08:08,110.78,46.08
2026-08-23T05:08:09,111.36,46.65
2026-08-23T05:08:10,110.49,45.79
2026-08-23T05:08:11,110.36,45.67
2026-08-23T05:08:12,110.07,45.38
2026-08-23T05:08:13,109.87,45.19
2026-08-23T05:08:14,110.09,45.41
2026-08-23T05:08:15,110.23,45.54
2026-08-23T05:08:16,110.11,45.42
2026-08-23T05:08:17,110.35,45.66
2026-08-23T05:08:18,110.48,45.78
2026-08-23T05:08:19,110.22,45.53
2026-08-23T05:08:20,110.36,45.67
2026-08-23T05:08:21,109.84,45.16
2026-08-23T05:08:22,109.97,45.28
2026-08-23T05:08:23,109.96,45.27
2026-08-23T05:08:24,109.7,45.01
2026-08-23T05:08:25,109.73,45.05
2026-08-23T05:08:26,109.73,45.05
2026-08-23T05:08:27,110.31,45.62
2026-08-23T05:08:28,110.1,45.41
2026-08-23T05:08:29,109.77,45.09
2026-08-23T05:08:30,110.12,45.43
2026-08-23T05:08:31,111.08,46.38
2026-08-23T05:08:32,110.74,46.04
2026-08-23T05:08:33,110.3,45.61
2026-08-23T05:08:34,110.19,45.5
2026-08-23T05:08:35,109.99,45.3
2026-08-23T05:08:36,109.78,45.1
2026-08-23T05:08:37,109.95,45.27
2026-08-23T05:08:38,109.76,45.07
2026-08-23T05:08:39,109.47,44.79
2026-08-23T05:08:40,109.71,45.02
2026-08-23T05:08:41,109.58,44.89
2026-08-23T05:08:42,109.87,45.19
2026-08-23T05:08:43,110.07,45.39
2026-08-23T05:08:44,109.63,44.94
2026-08-23T05:08:45,109.64,44.96
2026-08-23T05:08:46,109.73,45.05
2026-08-23T05:08:47,109.71,45.03
2026-08-23T05:08:48,109.83,45.15
2026-08-23T05:08:49,109.95,45.27
2026-08-23T05:08:50,109.79,45.11
2026-08-23T05:08:51,109.74,45.06
2026-08-23T05:08:52,109.75,45.07
2026-08-23T05:08:53,109.67,44.99
2026-08-23T05:08:54,110.06,45.37
2026-08-23T05:08:55,109.96,45.27
2026-08-23T05:08:56,109.6,44.92
2026-08-23T05:08:57,110.37,45.68
2026-08-23T05:08:58,110.01,45.32
2026-08-23T05:08:59,109.7,45.01
2026-08-23T05:09:00,110.34,45.65
2026-08-23T05:09:01,112.8,48.07
2026-08-23T05:09:02,110.18,45.49
2026-08-23T05:09:03,109.83,45.15
2026-08-23T05:09:04,110.03,45.34
2026-08-23T05:09:05,109.63,44.95
2026-08-23T05:09:06,109.35,44.67
2026-08-23T05:09:07,109.37,44.69
2026-08-23T05:09:08,109.74,45.06
2026-08-23T05:09:09,109.55,44.87
2026-08-23T05:09:10,110.05,45.36
2026-08-23T05:09:11,110.21,45.52
2026-08-23T05:09:12,110.06,45.37
2026-08-23T05:09:13,109.4,44.72
2026-08-23T05:09:14,109.32,44.65
2026-08-23T05:09:15,109.34,44.66
2026-08-23T05:09:16,109.65,44.97
2026-08-23T05:09:17,109.25,44.57
2026-08-23T05:09:18,109.47,44.79
2026-08-23T05:09:19,109.06,44.39
2026-08-23T05:09:20,109.48,44.8
2026-08-23T05:09:21,109.8,45.12
2026-08-23T05:09:22,109.68,45.0
2026-08-23T05:09:23,110.01,45.33
2026-08-23T05:09:24,110.07,45.38
2026-08-23T05:09:25,109.98,45.3
2026-08-23T05:09:26,110.65,45.96
2026-08-23T05:09:27,109.91,45.22
2026-08-23T05:09:28,110.33,45.64
2026-08-23T05:09:29,110.19,45.5
2026-08-23T05:09:30,110.5,45.81
2026-08-23T05:09:31,110.37,45.68
2026-08-23T05:09:32,110.8,46.11
2026-08-23T05:09:33,110.04,45.35
2026-08-23T05:09:34,109.97,45.28
2026-08-23T05:09:35,110.6,45.91
2026-08-23T05:09:36,110.65,45.95
2026-08-23T05:09:37,109.66,44.98
2026-08-23T05:09:38,109.7,45.02
2026-08-23T05:09:39,109.72,45.04
2026-08-23T05:09:40,109.69,45.0
2026-08-23T05:09:41,110.36,45.67
2026-08-23T05:09:42,110.53,45.83
2026-08-23T05:09:43,110.89,46.19
2026-08-23T05:09:44,110.2,45.51
2026-08-23T05:09:45,110.23,45.54
2026-08-23T05:09:46,110.03,45.34
2026-08-23T05:09:47,110.07,45.38
2026-08-23T05:09:48,109.89,45.2
2026-08-23T05:09:49,109.92,45.23
2026-08-23T05:09:50,109.65,44.97
2026-08-23T05:09:51,109.75,45.07
2026-08-23T05:09:52,109.41,44.73
2026-08-23T05:09:53,109.42,44.74
2026-08-23T05:09:54,109.82,45.14
2026-08-23T05:09:55,109.78,45.1
2026-08-23T05:09:56,109.71,45.03
2026-08-23T05:09:57,109.31,44.63
2026-08-23T05:09:58,109.29,44.61
2026-08-23T05:09:59,110.07,45.39
2026-08-23T05:10:00,110.02,45.33
2026-08-23T05:10:01,109.36,44.68
2026-08-23T05:10:02,109.6,44.92
2026-08-23T05:10:03,109.86,45.17
2026-08-23T05:10:04,109.46,44.78
2026-08-23T05:10:05,109.37,44.69
2026-08-23T05:10:06,109.86,45.17
2026-08-23T05:10:07,110.01,45.32
2026-08-23T05:10:08,109.93,45.25
2026-08-23T05:10:09,110.0,45.32
2026-08-23T05:10:10,110.2,45.51
2026-08-23T05:10:11,110.48,45.79
2026-08-23T05:10:12,110.48,45.78
2026-08-23T05:10:13,110.31,45.62
2026-08-23T05:10:14,109.96,45.27
2026-08-23T05:10:15,109.83,45.15
2026-08-23T05:10:16,109.91,45.23
2026-08-23T05:10:17,110.61,45.91
2026-08-23T05:10:18,110.1,45.41
2026-08-23T05:10:19,110.67,45.97
2026-08-23T05:10:20,110.32,45.63
2026-08-23T05:10:21,109.86,45.18
2026-08-23T05:10:22,110.48,45.79
2026-08-23T05:10:23,110.15,45.46
2026-08-23T05:10:24,110.34,45.65
2026-08-23T05:10:25,110.31,45.62
2026-08-23T05:10:26,109.77,45.09
2026-08-23T05:10:27,110.02,45.34
2026-08-23T05:10:28,109.9,45.21
2026-08-23T05:10:29,109.9,45.22
2026-08-23T05:10:30,110.08,45.39
2026-08-23T05:10:31,109.75,45.07
2026-08-23T05:10:32,110.08,45.4
2026-08-23T05:10:33,109.87,45.19
2026-08-23T05:10:34,109.6,44.92
2026-08-23T05:10:35,109.7,45.02
2026-08-23T05:10:36,110.19,45.5
2026-08-23T05:10:37,109.89,45.21
2026-08-23T05:10:38,110.24,45.55
2026-08-23T05:10:39,110.41,45.72
2026-08-23T05:10:40,109.75,45.07
2026-08-23T05:10:41,110.17,45.48
2026-08-23T05:10:42,109.58,44.9
2026-08-23T05:10:43,109.09,44.41
2026-08-23T05:10:44,109.73,45.04
2026-08-23T05:10:45,109.49,44.81
2026-08-23T05:10:46,109.72,45.03
2026-08-23T05:10:47,110.44,45.75
2026-08-23T05:10:48,110.51,45.82
2026-08-23T05:10:49,110.15,45.46
2026-08-23T05:10:50,109.97,45.28
2026-08-23T05:10:51,109.77,45.09
2026-08-23T05:10:52,109.72,45.04
2026-08-23T05:10:53,110.11,45.42
2026-08-23T05:10:54,110.4,45.71
2026-08-23T05:10:55,111.78,47.07
2026-08-23T05:10:56,109.7,45.02
2026-08-23T05:10:57,110.13,45.44
2026-08-23T05:10:58,110.03,45.34
2026-08-23T05:10:59,109.65,44.97
2026-08-23T05:11:00,109.56,44.88
2026-08-23T05:11:01,109.66,44.98
2026-08-23T05:11:02,110.15,45.46
2026-08-23T05:11:03,109.48,44.8
2026-08-23T05:11:04,109.89,45.2
2026-08-23T05:11:05,109.3,44.63
2026-08-23T05:11:06,109.99,45.3
2026-08-23T05:11:07,110.12,45.43
2026-08-23T05:11:08,109.83,45.14
2026-08-23T05:11:09,110.19,45.5
2026-08-23T05:11:10,110.35,45.66
2026-08-23T05:11:11,109.84,45.16
2026-08-23T05:11:12,109.95,45.26
2026-08-23T05:11:13,110.01,45.32
2026-08-23T05:11:14,110.09,45.4
2026-08-23T05:11:15,110.15,45.46
2026-08-23T05:11:16,109.41,44.73
2026-08-23T05:11:17,109.98,45.29
2026-08-23T05:11:18,110.03,45.35
2026-08-23T05:11:19,110.51,45.82
2026-08-23T05:11:20,109.99,45.3
2026-08-23T05:11:21,110.23,45.54
2026-08-23T05:11:22,110.08,45.39
2026-08-23T05:11:23,109.97,45.29
2026-08-23T05:11:24,110.23,45.54
2026-08-23T05:11:25,110.34,45.64
2026-08-23T05:11:26,110.13,45.44
2026-08-23T05:11:27,110.15,45.46
2026-08-23T05:11:28,109.93,45.25
2026-08-23T05:11:29,110.23,45.54
2026-08-23T05:11:30,110.13,45.44
2026-08-23T05:11:31,109.98,45.29
2026-08-23T05:11:32,109.97,45.29
2026-08-23T05:11:33,109.95,45.26
2026-08-23T05:11:34,110.15,45.46
2026-08-23T05:11:35,109.91,45.22
2026-08-23T05:11:36,110.33,45.64
2026-08-23T05:11:37,111.14,46.43
2026-08-23T05:11:38,111.55,46.85
2026-08-23T05:11:39,111.51,46.81
2026-08-23T05:11:40,111.35,46.65
2026-08-23T05:11:41,111.54,46.83
2026-08-23T05:11:42,110.69,46.0
2026-08-23T05:11:43,110.59,45.89
2026-08-23T05:11:44,110.6,45.91
2026-08-23T05:11:45,110.97,46.27
2026-08-23T05:11:46,110.42,45.73
2026-08-23T05:11:47,110.44,45.75
2026-08-23T05:11:48,110.62,45.92
2026-08-23T05:11:49,110.7,46.0
2026-08-23T05:11:50,110.31,45.62
2026-08-23T05:11:51,110.85,46.15
2026-08-23T05:11:52,110.71,46.01
2026-08-23T05:11:53,110.59,45.9
2026-08-23T05:11:54,110.97,46.27
2026-08-23T05:11:55,110.26,45.57
2026-08-23T05:11:56,110.61,45.91
2026-08-23T05:11:57,110.58,45.89
2026-08-23T05:11:58,110.91,46.21
2026-08-23T05:11:59,110.47,45.78
2026-08-23T05:12:00,110.58,45.88
2026-08-23T05:12:01,110.1,45.41
2026-08-23T05:12:02,110.39,45.69
2026-08-23T05:12:03,109.96,45.28
2026-08-23T05:12:04,109.99,45.3
2026-08-23T05:12:05,110.58,45.89
2026-08-23T05:12:06,110.52,45.82
2026-08-23T05:12:07,110.38,45.69
2026-08-23T05:12:08,110.51,45.81
2026-08-23T05:12:09,110.43,45.74
2026-08-23T05:12:10,110.46,45.77
2026-08-23T05:12:11,111.23,46.52
2026-08-23T05:12:12,110.26,45.57
2026-08-23T05:12:13,110.88,46.18
2026-08-23T05:12:14,111.56,46.85
2026-08-23T05:12:15,111.46,46.75
2026-08-23T05:12:16,110.92,46.22
2026-08-23T05:12:17,111.23,46.52
2026-08-23T05:12:18,111.89,47.18
2026-08-23T05:12:19,111.6,46.89
2026-08-23T05:12:20,110.62,45.92
2026-08-23T05:12:21,110.48,45.78
2026-08-23T05:12:22,110.46,45.77
2026-08-23T05:12:23,111.4,46.69
2026-08-23T05:12:24,111.74,47.02
2026-08-23T05:12:25,112.45,47.72
2026-08-23T05:12:26,111.94,47.22
2026-08-23T05:12:27,112.39,47.67
2026-08-23T05:12:28,113.58,48.84
2026-08-23T05:12:29,112.17,47.46
2026-08-23T05:12:30,111.69,46.98
2026-08-23T05:12:31,111.19,46.49
2026-08-23T05:12:32,113.08,48.35
2026-08-23T05:12:33,115.2,50.44
2026-08-23T05:12:34,112.03,47.32
2026-08-23T05:12:35,111.78,47.07
2026-08-23T05:12:36,113.42,48.68
2026-08-23T05:12:37,112.54,47.81
2026-08-23T05:12:38,111.39,46.68
2026-08-23T05:12:39,114.62,49.87
2026-08-23T05:12:40,111.8,47.09
2026-08-23T05:12:41,112.2,47.48
2026-08-23T05:12:42,112.11,47.39
2026-08-23T05:12:43,111.66,46.95
2026-08-23T05:12:44,112.08,47.36
2026-08-23T05:12:45,111.89,47.18
2026-08-23T05:12:46,112.51,47.78
2026-08-23T05:12:47,113.15,48.42
2026-08-23T05:12:48,112.41,47.69
2026-08-23T05:12:49,112.23,47.51
2026-08-23T05:12:50,110.81,46.11
2026-08-23T05:12:51,111.42,46.71
2026-08-23T05:12:52,112.94,48.21
2026-08-23T05:12:53,111.89,47.18
2026-08-23T05:12:54,111.06,46.35
2026-08-23T05:12:55,110.77,46.07
2026-08-23T05:12:56,110.2,45.51
2026-08-23T05:12:57,109.87,45.18
2026-08-23T05:12:58,109.92,45.23
2026-08-23T05:12:59,109.67,44.98
2026-08-23T05:13:00,109.95,45.27
2026-08-23T05:13:01,109.74,45.06
2026-08-23T05:13:02,109.87,45.18
2026-08-23T05:13:03,110.12,45.43
2026-08-23T05:13:04,110.36,45.66
2026-08-23T05:13:05,110.59,45.9
2026-08-23T05:13:06,110.37,45.68
2026-08-23T05:13:07,110.78,46.09
2026-08-23T05:13:08,110.56,45.86
2026-08-23T05:13:09,110.34,45.65
2026-08-23T05:13:10,110.32,45.63
2026-08-23T05:13:11,110.26,45.57
2026-08-23T05:13:12,110.23,45.54
2026-08-23T05:13:13,110.56,45.87
2026-08-23T05:13:14,110.59,45.89
2026-08-23T05:13:15,110.48,45.78
2026-08-23T05:13:16,110.87,46.17
2026-08-23T05:13:17,111.12,46.41
2026-08-23T05:13:18,110.69,45.99
2026-08-23T05:13:19,110.52,45.83
2026-08-23T05:13:20,110.98,46.28
2026-08-23T05:13:21,110.72,46.02
2026-08-23T05:13:22,110.65,45.96
2026-08-23T05:13:23,110.17,45.48
2026-08-23T05:13:24,109.81,45.13
2026-08-23T05:13:25,109.52,44.84
2026-08-23T05:13:26,109.99,45.31
2026-08-23T05:13:27,110.56,45.87
2026-08-23T05:13:28,110.58,45.88
2026-08-23T05:13:29,111.12,46.41
2026-08-23T05:13:30,111.41,46.7
2026-08-23T05:13:31,110.55,45.86
2026-08-23T05:13:32,109.91,45.22
2026-08-23T05:13:33,110.11,45.42
2026-08-23T05:13:34,110.03,45.34
2026-08-23T05:13:35,109.92,45.23
2026-08-23T05:13:36,110.03,45.34
2026-08-23T05:13:37,110.13,45.44
2026-08-23T05:13:38,110.23,45.54
2026-08-23T05:13:39,109.89,45.21
2026-08-23T05:13:40,110.03,45.35
2026-08-23T05:13:41,110.27,45.58
2026-08-23T05:13:42,109.91,45.23
2026-08-23T05:13:43,109.94,45.26
2026-08-23T05:13:44,110.13,45.44
2026-08-23T05:13:45,110.61,45.91
2026-08-23T05:13:46,111.67,46.96
2026-08-23T05:13:47,112.06,47.34
2026-08-23T05:13:48,111.16,46.46
2026-08-23T05:13:49,110.91,46.21
2026-08-23T05:13:50,111.2,46.49
2026-08-23T05:13:51,111.24,46.53
2026-08-23T05:13:52,112.14,47.42
2026-08-23T05:13:53,111.72,47.01
2026-08-23T05:13:54,111.43,46.72
2026-08-23T05:13:55,110.92,46.22
2026-08-23T05:13:56,110.86,46.17
2026-08-23T05:13:57,110.1,45.41
2026-08-23T05:13:58,109.62,44.94
2026-08-23T05:13:59,109.91,45.22
2026-08-23T05:14:00,110.56,45.87
2026-08-23T05:14:01,110.59,45.9
2026-08-23T05:14:02,110.1,45.41
2026-08-23T05:14:03,110.11,45.42
2026-08-23T05:14:04,110.48,45.78
2026-08-23T05:14:05,110.1,45.42
2026-08-23T05:14:06,110.62,45.92
2026-08-23T05:14:07,110.67,45.97
2026-08-23T05:14:08,111.34,46.64
2026-08-23T05:14:09,110.6,45.91
2026-08-23T05:14:10,110.45,45.76
2026-08-23T05:14:11,111.05,46.35
2026-08-23T05:14:12,110.71,46.01
2026-08-23T05:14:13,111.48,46.77
2026-08-23T05:14:14,111.42,46.71
2026-08-23T05:14:15,110.33,45.64
2026-08-23T05:14:16,110.22,45.53
2026-08-23T05:14:17,109.99,45.3
2026-08-23T05:14:18,110.31,45.62
2026-08-23T05:14:19,110.38,45.69
2026-08-23T05:14:20,110.56,45.86
2026-08-23T05:14:21,110.99,46.29
2026-08-23T05:14:22,111.02,46.32
2026-08-23T05:14:23,110.79,46.1
2026-08-23T05:14:24,110.91,46.21
2026-08-23T05:14:25,110.97,46.27
2026-08-23T05:14:26,110.9,46.21
2026-08-23T05:14:27,110.72,46.02
2026-08-23T05:14:28,111.38,46.67
2026-08-23T05:14:29,113.04,48.31
2026-08-23T05:14:30,111.44,46.74
2026-08-23T05:14:31,111.55,46.84
2026-08-23T05:14:32,112.02,47.31
2026-08-23T05:14:33,111.14,46.44
2026-08-23T05:14:34,110.52,45.83
2026-08-23T05:14:35,110.98,46.28
2026-08-23T05:14:36,112.56,47.84
2026-08-23T05:14:37,112.85,48.12
2026-08-23T05:14:38,110.86,46.16
2026-08-23T05:14:39,110.53,45.84
2026-08-23T05:14:40,110.5,45.81
2026-08-23T05:14:41,110.09,45.4
2026-08-23T05:14:42,110.21,45.52
2026-08-23T05:14:43,109.95,45.26
2026-08-23T05:14:44,110.44,45.75
2026-08-23T05:14:45,110.43,45.73
2026-08-23T05:14:46,110.73,46.03
2026-08-23T05:14:47,111.2,46.5
2026-08-23T05:14:48,111.68,46.97
2026-08-23T05:14:49,112.91,48.18
2026-08-23T05:14:50,110.79,46.09
2026-08-23T05:14:51,110.7,46.0
2026-08-23T05:14:52,110.17,45.48
2026-08-23T05:14:53,109.98,45.29
2026-08-23T05:14:54,110.07,45.38
2026-08-23T05:14:55,110.58,45.88
2026-08-23T05:14:56,110.03,45.35
2026-08-23T05:14:57,109.75,45.07
2026-08-23T05:14:58,109.82,45.13
2026-08-23T05:14:59,110.57,45.87
2026-08-23T05:15:00,110.27,45.58
2026-08-23T05:15:01,109.83,45.15
2026-08-23T05:15:02,109.97,45.29
2026-08-23T05:15:03,109.92,45.23
2026-08-23T05:15:04,110.12,45.44
2026-08-23T05:15:05,110.33,45.64
2026-08-23T05:15:06,109.89,45.2
2026-08-23T05:15:07,110.32,45.63
2026-08-23T05:15:08,110.26,45.57
2026-08-23T05:15:09,110.36,45.66
2026-08-23T05:15:10,110.43,45.74
2026-08-23T05:15:11,109.65,44.97
2026-08-23T05:15:12,109.77,45.08
2026-08-23T05:15:13,109.6,44.92
2026-08-23T05:15:14,109.84,45.16
2026-08-23T05:15:15,109.74,45.06
2026-08-23T05:15:16,109.81,45.12
2026-08-23T05:15:17,109.72,45.04
2026-08-23T05:15:18,109.99,45.3
2026-08-23T05:15:19,110.16,45.47
2026-08-23T05:15:20,109.74,45.06
2026-08-23T05:15:21,109.2,44.53
2026-08-23T05:15:22,109.44,44.77
2026-08-23T05:15:23,109.61,44.93
2026-08-23T05:15:24,109.76,45.07
2026-08-23T05:15:25,109.68,45.0
2026-08-23T05:15:26,110.33,45.64
2026-08-23T05:15:27,110.27,45.58
2026-08-23T05:15:28,110.6,45.9
2026-08-23T05:15:29,110.86,46.16
2026-08-23T05:15:30,110.0,45.31
2026-08-23T05:15:31,110.0,45.31
2026-08-23T05:15:32,110.18,45.49
2026-08-23T05:15:33,110.24,45.55
2026-08-23T05:15:34,109.76,45.08
2026-08-23T05:15:35,110.42,45.72
2026-08-23T05:15:36,110.46,45.77
2026-08-23T05:15:37,110.28,45.59
2026-08-23T05:15:38,110.58,45.88
2026-08-23T05:15:39,110.16,45.47
2026-08-23T05:15:40,110.47,45.78
2026-08-23T05:15:41,110.3,45.61
2026-08-23T05:15:42,109.99,45.3
2026-08-23T05:15:43,109.97,45.28
2026-08-23T05:15:44,110.05,45.36
2026-08-23T05:15:45,109.93,45.24
2026-08-23T05:15:46,110.05,45.36
2026-08-23T05:15:47,110.09,45.4
2026-08-23T05:15:48,110.3,45.61
2026-08-23T05:15:49,110.21,45.52
2026-08-23T05:15:50,110.55,45.86
2026-08-23T05:15:51,109.6,44.92
2026-08-23T05:15:52,110.03,45.34
2026-08-23T05:15:53,110.37,45.68
2026-08-23T05:15:54,110.06,45.37
2026-08-23T05:15:55,109.99,45.3
2026-08-23T05:15:56,109.84,45.15
2026-08-23T05:15:57,109.71,45.02
2026-08-23T05:15:58,109.82,45.14
2026-08-23T05:15:59,109.56,44.88
2026-08-23T05:16:00,109.57,44.89
2026-08-23T05:16:01,109.85,45.17
2026-08-23T05:16:02,109.78,45.1
2026-08-23T05:16:03,109.46,44.78
2026-08-23T05:16:04,109.53,44.85
2026-08-23T05:16:05,109.66,44.98
2026-08-23T05:16:06,109.72,45.04
2026-08-23T05:16:07,109.84,45.16
2026-08-23T05:16:08,109.64,44.96
2026-08-23T05:16:09,110.04,45.35
2026-08-23T05:16:10,110.23,45.54
2026-08-23T05:16:11,109.98,45.3
2026-08-23T05:16:12,110.55,45.86
2026-08-23T05:16:13,110.97,46.27
2026-08-23T05:16:14,110.95,46.25
2026-08-23T05:16:15,111.77,47.06
2026-08-23T05:16:16,112.28,47.56
2026-08-23T05:16:17,112.96,48.24
2026-08-23T05:16:18,114.98,50.22
2026-08-23T05:16:19,116.9,52.11
2026-08-23T05:16:20,120.12,55.28
2026-08-23T05:16:21,122.35,57.48
2026-08-23T05:16:22,125.41,60.5
2026-08-23T05:16:23,127.9,62.96
2026-08-23T05:16:24,129.67,64.7
2026-08-23T05:16:25,125.96,61.05
2026-08-23T05:16:26,121.91,57.05
2026-08-23T05:16:27,118.06,53.26
2026-08-23T05:16:28,115.97,51.2
2026-08-23T05:16:29,114.14,49.4
2026-08-23T05:16:30,113.06,48.33
2026-08-23T05:16:31,113.48,48.75
2026-08-23T05:16:32,111.75,47.04
2026-08-23T05:16:33,110.83,46.13
2026-08-23T05:16:34,110.43,45.74
2026-08-23T05:16:35,110.71,46.01
2026-08-23T05:16:36,110.5,45.81
2026-08-23T05:16:37,109.84,45.15
2026-08-23T05:16:38,109.48,44.8
2026-08-23T05:16:39,110.13,45.44
2026-08-23T05:16:40,110.6,45.9
2026-08-23T05:16:41,109.85,45.17
2026-08-23T05:16:42,109.71,45.03
2026-08-23T05:16:43,109.72,45.04
2026-08-23T05:16:44,109.69,45.01
2026-08-23T05:16:45,109.36,44.68
2026-08-23T05:16:46,109.71,45.03
2026-08-23T05:16:47,110.0,45.31
2026-08-23T05:16:48,110.25,45.56
2026-08-23T05:16:49,109.88,45.19
2026-08-23T05:16:50,109.55,44.87
2026-08-23T05:16:51,109.75,45.07
2026-08-23T05:16:52,109.55,44.87
2026-08-23T05:16:53,109.5,44.82
2026-08-23T05:16:54,109.6,44.92
2026-08-23T05:16:55,109.52,44.84
2026-08-23T05:16:56,109.57,44.89
2026-08-23T05:16:57,109.72,45.04
2026-08-23T05:16:58,109.64,44.96
2026-08-23T05:16:59,109.76,45.08
2026-08-23T05:17:00,109.91,45.22
2026-08-23T05:17:01,109.84,45.15
2026-08-23T05:17:02,109.72,45.03
2026-08-23T05:17:03,109.49,44.81
2026-08-23T05:17:04,109.72,45.04
2026-08-23T05:17:05,109.49,44.81
2026-08-23T05:17:06,109.79,45.1
2026-08-23T05:17:07,109.28,44.61
2026-08-23T05:17:08,109.42,44.75
2026-08-23T05:17:09,109.96,45.27
2026-08-23T05:17:10,109.27,44.59
2026-08-23T05:17:11,109.58,44.9
2026-08-23T05:17:12,109.62,44.94
2026-08-23T05:17:13,109.54,44.86
2026-08-23T05:17:14,109.33,44.65
2026-08-23T05:17:15,109.51,44.83
2026-08-23T05:17:16,109.64,44.95
2026-08-23T05:17:17,109.7,45.02
2026-08-23T05:17:18,109.95,45.26
2026-08-23T05:17:19,110.11,45.42
2026-08-23T05:17:20,109.8,45.12
2026-08-23T05:17:21,109.83,45.14
2026-08-23T05:17:22,110.17,45.48
2026-08-23T05:17:23,110.41,45.71
2026-08-23T05:17:24,109.89,45.2
2026-08-23T05:17:25,109.28,44.6
2026-08-23T05:17:26,109.7,45.02
2026-08-23T05:17:27,109.88,45.2
2026-08-23T05:17:28,110.31,45.61
2026-08-23T05:17:29,109.84,45.15
2026-08-23T05:17:30,109.78,45.1
2026-08-23T05:17:31,109.78,45.1
2026-08-23T05:17:32,109.98,45.29
2026-08-23T05:17:33,109.57,44.89
2026-08-23T05:17:34,110.09,45.4
2026-08-23T05:17:35,109.92,45.24
2026-08-23T05:17:36,109.73,45.04
2026-08-23T05:17:37,110.41,45.72
2026-08-23T05:17:38,110.59,45.89
2026-08-23T05:17:39,110.77,46.07
2026-08-23T05:17:40,110.59,45.89
2026-08-23T05:17:41,110.99,46.29
2026-08-23T05:17:42,110.54,45.85
2026-08-23T05:17:43,110.85,46.15
2026-08-23T05:17:44,110.71,46.02
2026-08-23T05:17:45,110.46,45.77
2026-08-23T05:17:46,110.26,45.57
2026-08-23T05:17:47,111.11,46.41
2026-08-23T05:17:48,110.71,46.01
2026-08-23T05:17:49,111.12,46.42
2026-08-23T05:17:50,110.74,46.04
2026-08-23T05:17:51,110.84,46.14
2026-08-23T05:17:52,110.88,46.18
2026-08-23T05:17:53,110.21,45.52
2026-08-23T05:17:54,110.79,46.09
2026-08-23T05:17:55,110.62,45.92
2026-08-23T05:17:56,110.48,45.79
2026-08-23T05:17:57,110.05,45.36
2026-08-23T05:17:58,110.5,45.81
2026-08-23T05:17:59,110.83,46.13
2026-08-23T05:18:00,110.28,45.59
2026-08-23T05:18:01,110.75,46.06
2026-08-23T05:18:02,110.47,45.78
2026-08-23T05:18:03,109.98,45.29
2026-08-23T05:18:04,110.41,45.71
2026-08-23T05:18:05,110.44,45.75
2026-08-23T05:18:06,109.95,45.26
2026-08-23T05:18:07,110.51,45.81
2026-08-23T05:18:08,110.11,45.42
2026-08-23T05:18:09,110.23,45.54
2026-08-23T05:18:10,110.96,46.26
2026-08-23T05:18:11,110.31,45.62
2026-08-23T05:18:12,110.42,45.73
2026-08-23T05:18:13,109.89,45.2
2026-08-23T05:18:14,110.32,45.63
2026-08-23T05:18:15,110.47,45.77
2026-08-23T05:18:16,110.51,45.81
2026-08-23T05:18:17,110.85,46.15
2026-08-23T05:18:18,110.41,45.71
2026-08-23T05:18:19,110.3,45.6
2026-08-23T05:18:20,109.59,44.91
2026-08-23T05:18:21,109.98,45.29
2026-08-23T05:18:22,109.99,45.3
2026-08-23T05:18:23,110.18,45.49
2026-08-23T05:18:24,109.73,45.05
2026-08-23T05:18:25,109.62,44.94
2026-08-23T05:18:26,109.43,44.75
2026-08-23T05:18:27,109.41,44.73
2026-08-23T05:18:28,109.77,45.09
2026-08-23T05:18:29,110.13,45.44
2026-08-23T05:18:30,109.51,44.83
2026-08-23T05:18:31,109.69,45.01
2026-08-23T05:18:32,109.61,44.93
2026-08-23T05:18:33,109.41,44.73
2026-08-23T05:18:34,109.52,44.84
2026-08-23T05:18:35,110.04,45.36
2026-08-23T05:18:36,110.36,45.67
2026-08-23T05:18:37,109.81,45.13
2026-08-23T05:18:38,109.88,45.19
2026-08-23T05:18:39,109.9,45.22
2026-08-23T05:18:40,109.82,45.14
2026-08-23T05:18:41,110.0,45.32
2026-08-23T05:18:42,110.09,45.4
2026-08-23T05:18:43,109.62,44.94
2026-08-23T05:18:44,109.86,45.18
2026-08-23T05:18:45,110.24,45.55
2026-08-23T05:18:46,110.34,45.65
2026-08-23T05:18:47,111.01,46.31
2026-08-23T05:18:48,110.08,45.39
2026-08-23T05:18:49,109.97,45.28
2026-08-23T05:18:50,109.95,45.26
2026-08-23T05:18:51,110.27,45.58
2026-08-23T05:18:52,110.19,45.5
2026-08-23T05:18:53,109.82,45.14
2026-08-23T05:18:54,110.0,45.31
2026-08-23T05:18:55,110.39,45.7
2026-08-23T05:18:56,110.19,45.5
2026-08-23T05:18:57,109.76,45.08
2026-08-23T05:18:58,110.18,45.49
2026-08-23T05:18:59,110.25,45.56
2026-08-23T05:19:00,109.77,45.09
2026-08-23T05:19:01,109.98,45.29
2026-08-23T05:19:02,110.59,45.89
2026-08-23T05:19:03,110.5,45.8
2026-08-23T05:19:04,109.94,45.26
2026-08-23T05:19:05,110.04,45.36
2026-08-23T05:19:06,109.86,45.18
2026-08-23T05:19:07,109.92,45.24
2026-08-23T05:19:08,110.1,45.41
2026-08-23T05:19:09,109.81,45.13
2026-08-23T05:19:10,109.74,45.05
2026-08-23T05:19:11,109.57,44.89
2026-08-23T05:19:12,109.49,44.81
2026-08-23T05:19:13,109.57,44.89
2026-08-23T05:19:14,109.49,44.81
2026-08-23T05:19:15,110.08,45.39
2026-08-23T05:19:16,109.72,45.04
2026-08-23T05:19:17,110.0,45.32
2026-08-23T05:19:18,109.82,45.13
2026-08-23T05:19:19,110.19,45.5
2026-08-23T05:19:20,110.53,45.84
2026-08-23T05:19:21,110.16,45.47
2026-08-23T05:19:22,110.24,45.55
2026-08-23T05:19:23,110.25,45.56
2026-08-23T05:19:24,110.53,45.83
2026-08-23T05:19:25,110.41,45.72
2026-08-23T05:19:26,110.29,45.6
2026-08-23T05:19:27,110.19,45.5
2026-08-23T05:19:28,109.87,45.19
2026-08-23T05:19:29,110.17,45.48
2026-08-23T05:19:30,110.04,45.35
2026-08-23T05:19:31,110.25,45.56
2026-08-23T05:19:32,110.32,45.63
2026-08-23T05:19:33,110.24,45.55
2026-08-23T05:19:34,109.9,45.21
2026-08-23T05:19:35,110.13,45.44
2026-08-23T05:19:36,110.13,45.44
2026-08-23T05:19:37,110.14,45.45
2026-08-23T05:19:38,110.77,46.07
2026-08-23T05:19:39,110.41,45.72
2026-08-23T05:19:40,110.93,46.23
2026-08-23T05:19:41,110.97,46.27
2026-08-23T05:19:42,110.46,45.76
2026-08-23T05:19:43,110.71,46.01
2026-08-23T05:19:44,110.44,45.75
2026-08-23T05:19:45,110.38,45.69
2026-08-23T05:19:46,110.62,45.92
2026-08-23T05:19:47,110.85,46.15
2026-08-23T05:19:48,111.19,46.48
2026-08-23T05:19:49,110.85,46.15
2026-08-23T05:19:50,110.76,46.06
2026-08-23T05:19:51,110.96,46.26
2026-08-23T05:19:52,110.71,46.02
2026-08-23T05:19:53,110.59,45.9
2026-08-23T05:19:54,110.5,45.81
2026-08-23T05:19:55,110.5,45.8
2026-08-23T05:19:56,110.8,46.1
2026-08-23T05:19:57,110.59,45.9
2026-08-23T05:19:58,110.63,45.94
2026-08-23T05:19:59,111.09,46.39
2026-08-23T05:20:00,111.28,46.58
2026-08-23T05:20:01,110.73,46.04
2026-08-23T05:20:02,111.31,46.6
2026-08-23T05:20:03,111.47,46.76
2026-08-23T05:20:04,110.86,46.16
2026-08-23T05:20:05,110.98,46.27
2026-08-23T05:20:06,111.49,46.78
2026-08-23T05:20:07,111.05,46.35
2026-08-23T05:20:08,110.97,46.27
2026-08-23T05:20:09,110.73,46.03
2026-08-23T05:20:10,110.56,45.87
2026-08-23T05:20:11,110.63,45.93
2026-08-23T05:20:12,110.7,46.01
2026-08-23T05:20:13,110.23,45.54
2026-08-23T05:20:14,110.34,45.65
2026-08-23T05:20:15,110.49,45.8
2026-08-23T05:20:16,110.74,46.05
2026-08-23T05:20:17,110.85,46.15
2026-08-23T05:20:18,111.08,46.38
2026-08-23T05:20:19,110.98,46.28
2026-08-23T05:20:20,110.49,45.8
2026-08-23T05:20:21,110.98,46.28
2026-08-23T05:20:22,110.94,46.24
2026-08-23T05:20:23,111.0,46.3
2026-08-23T05:20:24,111.19,46.48
2026-08-23T05:20:25,111.13,46.43
2026-08-23T05:20:26,111.09,46.39
2026-08-23T05:20:27,110.89,46.19
2026-08-23T05:20:28,110.52,45.83
2026-08-23T05:20:29,110.57,45.87
2026-08-23T05:20:30,111.73,47.02
2026-08-23T05:20:31,111.39,46.68
2026-08-23T05:20:32,110.38,45.69
2026-08-23T05:20:33,111.09,46.39
2026-08-23T05:20:34,111.06,46.36
2026-08-23T05:20:35,110.65,45.95
2026-08-23T05:20:36,110.87,46.17
2026-08-23T05:20:37,110.89,46.19
2026-08-23T05:20:38,110.44,45.74
2026-08-23T05:20:39,110.8,46.1
2026-08-23T05:20:40,111.05,46.34
2026-08-23T05:20:41,110.4,45.71
2026-08-23T05:20:42,110.47,45.78
2026-08-23T05:20:43,111.14,46.44
2026-08-23T05:20:44,110.99,46.29
2026-08-23T05:20:45,111.57,46.86
2026-08-23T05:20:46,110.71,46.01
2026-08-23T05:20:47,111.45,46.74
2026-08-23T05:20:48,111.54,46.83
2026-08-23T05:20:49,111.59,46.88
2026-08-23T05:20:50,111.93,47.22
2026-08-23T05:20:51,112.52,47.8
2026-08-23T05:20:52,110.81,46.11
2026-08-23T05:20:53,110.57,45.87
2026-08-23T05:20:54,110.33,45.64
2026-08-23T05:20:55,110.81,46.11
2026-08-23T05:20:56,110.35,45.66
2026-08-23T05:20:57,110.93,46.23
2026-08-23T05:20:58,111.37,46.66
2026-08-23T05:20:59,110.43,45.73
2026-08-23T05:21:00,110.53,45.83
2026-08-23T05:21:01,112.35,47.63
2026-08-23T05:21:02,112.04,47.33
2026-08-23T05:21:03,109.82,45.14
2026-08-23T05:21:04,110.12,45.43
2026-08-23T05:21:05,110.15,45.46
2026-08-23T05:21:06,110.33,45.64
2026-08-23T05:21:07,109.88,45.2
2026-08-23T05:21:08,110.55,45.85
2026-08-23T05:21:09,110.8,46.1
2026-08-23T05:21:10,110.41,45.72
2026-08-23T05:21:11,110.48,45.79
2026-08-23T05:21:12,110.97,46.27
2026-08-23T05:21:13,110.29,45.6
2026-08-23T05:21:14,110.31,45.62
2026-08-23T05:21:15,110.27,45.58
2026-08-23T05:21:16,110.41,45.72
2026-08-23T05:21:17,110.45,45.76
2026-08-23T05:21:18,110.25,45.56
2026-08-23T05:21:19,110.4,45.71
2026-08-23T05:21:20,109.96,45.27
2026-08-23T05:21:21,110.3,45.61
2026-08-23T05:21:22,110.63,45.94
2026-08-23T05:21:23,110.52,45.83
2026-08-23T05:21:24,111.73,47.02
2026-08-23T05:21:25,110.47,45.78
2026-08-23T05:21:26,110.3,45.61
2026-08-23T05:21:27,110.44,45.75
2026-08-23T05:21:28,112.13,47.41
2026-08-23T05:21:29,110.67,45.97
2026-08-23T05:21:30,110.19,45.5
2026-08-23T05:21:31,110.5,45.8
2026-08-23T05:21:32,110.11,45.42
2026-08-23T05:21:33,110.01,45.32
2026-08-23T05:21:34,113.81,49.07
2026-08-23T05:21:35,113.08,48.35
2026-08-23T05:21:36,110.78,46.08
2026-08-23T05:21:37,110.08,45.39
2026-08-23T05:21:38,110.39,45.7
2026-08-23T05:21:39,109.94,45.26
2026-08-23T05:21:40,109.85,45.17
2026-08-23T05:21:41,110.14,45.45
2026-08-23T05:21:42,110.18,45.49
2026-08-23T05:21:43,109.89,45.2
2026-08-23T05:21:44,110.27,45.58
2026-08-23T05:21:45,110.3,45.61
2026-08-23T05:21:46,110.21,45.52
2026-08-23T05:21:47,110.24,45.55
2026-08-23T05:21:48,110.54,45.85
2026-08-23T05:21:49,110.54,45.85
2026-08-23T05:21:50,110.54,45.85
2026-08-23T05:21:51,110.55,45.86
2026-08-23T05:21:52,110.39,45.7
2026-08-23T05:21:53,110.27,45.58
2026-08-23T05:21:54,110.19,45.5
2026-08-23T05:21:55,110.34,45.65
2026-08-23T05:21:56,110.14,45.45
2026-08-23T05:21:57,110.08,45.39
2026-08-23T05:21:58,110.24,45.55
2026-08-23T05:21:59,109.99,45.3
2026-08-23T05:22:00,110.05,45.36
2026-08-23T05:22:01,109.89,45.21
2026-08-23T05:22:02,109.61,44.93
2026-08-23T05:22:03,109.44,44.76
2026-08-23T05:22:04,109.86,45.18
2026-08-23T05:22:05,109.99,45.3
2026-08-23T05:22:06,110.4,45.7
2026-08-23T05:22:07,110.2,45.51
2026-08-23T05:22:08,110.32,45.62
2026-08-23T05:22:09,110.53,45.84
2026-08-23T05:22:10,110.41,45.72
2026-08-23T05:22:11,110.4,45.71
2026-08-23T05:22:12,110.26,45.57
2026-08-23T05:22:13,110.45,45.75
2026-08-23T05:22:14,110.1,45.41
2026-08-23T05:22:15,110.11,45.42
2026-08-23T05:22:16,110.25,45.56
2026-08-23T05:22:17,110.0,45.31
2026-08-23T05:22:18,110.09,45.4
2026-08-23T05:22:19,110.09,45.41
2026-08-23T05:22:20,110.23,45.54
2026-08-23T05:22:21,110.16,45.47
2026-08-23T05:22:22,109.95,45.27
2026-08-23T05:22:23,109.99,45.31
2026-08-23T05:22:24,110.24,45.55
2026-08-23T05:22:25,110.49,45.79
2026-08-23T05:22:26,110.36,45.67
2026-08-23T05:22:27,110.5,45.81
2026-08-23T05:22:28,110.57,45.88
2026-08-23T05:22:29,110.41,45.72
2026-08-23T05:22:30,110.35,45.66
2026-08-23T05:22:31,110.62,45.93
2026-08-23T05:22:32,109.85,45.17
2026-08-23T05:22:33,110.48,45.78
2026-08-23T05:22:34,110.16,45.48
2026-08-23T05:22:35,109.92,45.24
2026-08-23T05:22:36,109.94,45.25
2026-08-23T05:22:37,110.28,45.59
2026-08-23T05:22:38,110.64,45.94
2026-08-23T05:22:39,110.39,45.7
2026-08-23T05:22:40,110.52,45.82
2026-08-23T05:22:41,110.06,45.37
2026-08-23T05:22:42,109.75,45.07
2026-08-23T05:22:43,110.05,45.36
2026-08-23T05:22:44,109.83,45.14
2026-08-23T05:22:45,110.01,45.32
2026-08-23T05:22:46,110.08,45.39
2026-08-23T05:22:47,110.73,46.03
2026-08-23T05:22:48,110.53,45.84
2026-08-23T05:22:49,110.25,45.56
2026-08-23T05:22:50,110.27,45.58
2026-08-23T05:22:51,110.11,45.42
2026-08-23T05:22:52,110.17,45.48
2026-08-23T05:22:53,109.78,45.09
2026-08-23T05:22:54,109.79,45.11
2026-08-23T05:22:55,109.73,45.05
2026-08-23T05:22:56,109.78,45.1
2026-08-23T05:22:57,110.17,45.48
2026-08-23T05:22:58,109.97,45.29
2026-08-23T05:22:59,110.14,45.45
2026-08-23T05:23:00,110.24,45.55
2026-08-23T05:23:01,110.44,45.74
2026-08-23T05:23:02,110.82,46.12
2026-08-23T05:23:03,110.82,46.12
2026-08-23T05:23:04,110.63,45.93
2026-08-23T05:23:05,110.72,46.02
2026-08-23T05:23:06,111.0,46.3
2026-08-23T05:23:07,110.22,45.53
2026-08-23T05:23:08,110.49,45.8
2026-08-23T05:23:09,110.27,45.58
2026-08-23T05:23:10,110.07,45.38
2026-08-23T05:23:11,110.76,46.06
2026-08-23T05:23:12,110.81,46.11
2026-08-23T05:23:13,110.55,45.85
2026-08-23T05:23:14,111.03,46.33
2026-08-23T05:23:15,111.17,46.47
2026-08-23T05:23:16,110.31,45.62
2026-08-23T05:23:17,110.51,45.82
2026-08-23T05:23:18,110.83,46.13
2026-08-23T05:23:19,110.46,45.76
2026-08-23T05:23:20,110.23,45.54
2026-08-23T05:23:21,110.18,45.49
2026-08-23T05:23:22,110.31,45.62
2026-08-23T05:23:23,110.51,45.82
2026-08-23T05:23:24,110.52,45.83
2026-08-23T05:23:25,110.56,45.86
2026-08-23T05:23:26,111.36,46.66
2026-08-23T05:23:27,110.27,45.58
2026-08-23T05:23:28,110.01,45.32
2026-08-23T05:23:29,109.99,45.3
2026-08-23T05:23:30,110.27,45.58
2026-08-23T05:23:31,109.89,45.2
2026-08-23T05:23:32,110.24,45.55
2026-08-23T05:23:33,109.77,45.08
2026-08-23T05:23:34,109.99,45.3
2026-08-23T05:23:35,110.04,45.35
2026-08-23T05:23:36,109.75,45.07
2026-08-23T05:23:37,109.67,44.99
2026-08-23T05:23:38,110.03,45.35
2026-08-23T05:23:39,109.78,45.1
2026-08-23T05:23:40,109.56,44.88
2026-08-23T05:23:41,109.46,44.78
2026-08-23T05:23:42,110.01,45.32
2026-08-23T05:23:43,109.89,45.21
2026-08-23T05:23:44,110.14,45.45
2026-08-23T05:23:45,109.82,45.13
2026-08-23T05:23:46,109.89,45.2
2026-08-23T05:23:47,109.81,45.12
2026-08-23T05:23:48,109.61,44.93
2026-08-23T05:23:49,109.7,45.02
2026-08-23T05:23:50,110.2,45.51
2026-08-23T05:23:51,110.72,46.02
2026-08-23T05:23:52,110.8,46.1
2026-08-23T05:23:53,110.86,46.16
2026-08-23T05:23:54,110.35,45.65
2026-08-23T05:23:55,110.3,45.61
2026-08-23T05:23:56,109.87,45.19
2026-08-23T05:23:57,110.02,45.33
2026-08-23T05:23:58,110.08,45.39
2026-08-23T05:23:59,110.75,46.05
2026-08-23T05:24:00,110.79,46.09
2026-08-23T05:24:01,110.8,46.11
2026-08-23T05:24:02,110.84,46.15
2026-08-23T05:24:03,110.43,45.73
2026-08-23T05:24:04,110.26,45.57
2026-08-23T05:24:05,110.11,45.42
2026-08-23T05:24:06,110.41,45.72
2026-08-23T05:24:07,110.31,45.62
2026-08-23T05:24:08,109.98,45.3
2026-08-23T05:24:09,110.27,45.58
2026-08-23T05:24:10,110.56,45.87
2026-08-23T05:24:11,110.54,45.84
2026-08-23T05:24:12,110.36,45.67
2026-08-23T05:24:13,110.56,45.87
2026-08-23T05:24:14,110.1,45.41
2026-08-23T05:24:15,110.11,45.42
2026-08-23T05:24:16,110.28,45.59
2026-08-23T05:24:17,110.04,45.35
2026-08-23T05:24:18,110.06,45.37
2026-08-23T05:24:19,109.65,44.96
2026-08-23T05:24:20,110.21,45.53
2026-08-23T05:24:21,109.62,44.94
2026-08-23T05:24:22,109.8,45.11
2026-08-23T05:24:23,110.06,45.38
2026-08-23T05:24:24,109.97,45.28
2026-08-23T05:24:25,110.14,45.45
2026-08-23T05:24:26,110.03,45.35
2026-08-23T05:24:27,109.98,45.29
2026-08-23T05:24:28,109.54,44.86
2026-08-23T05:24:29,110.01,45.33
2026-08-23T05:24:30,109.8,45.12
2026-08-23T05:24:31,109.73,45.05
2026-08-23T05:24:32,109.91,45.22
2026-08-23T05:24:33,109.75,45.07
2026-08-23T05:24:34,109.67,44.99
2026-08-23T05:24:35,110.41,45.72
2026-08-23T05:24:36,111.32,46.62
2026-08-23T05:24:37,111.03,46.33
2026-08-23T05:24:38,111.09,46.39
2026-08-23T05:24:39,110.79,46.09
2026-08-23T05:24:40,110.24,45.55
2026-08-23T05:24:41,110.45,45.76
2026-08-23T05:24:42,110.07,45.38
2026-08-23T05:24:43,110.22,45.53
2026-08-23T05:24:44,109.99,45.3
2026-08-23T05:24:45,110.45,45.76
2026-08-23T05:24:46,110.63,45.94
2026-08-23T05:24:47,109.7,45.02
2026-08-23T05:24:48,110.24,45.55
2026-08-23T05:24:49,110.37,45.68
2026-08-23T05:24:50,110.43,45.73
2026-08-23T05:24:51,110.07,45.38
2026-08-23T05:24:52,110.01,45.32
2026-08-23T05:24:53,110.05,45.37
2026-08-23T05:24:54,110.34,45.65
2026-08-23T05:24:55,109.89,45.21
2026-08-23T05:24:56,110.18,45.49
2026-08-23T05:24:57,109.94,45.26
2026-08-23T05:24:58,110.2,45.51
2026-08-23T05:24:59,110.74,46.05
2026-08-23T05:25:00,111.79,47.08
2026-08-23T05:25:01,112.61,47.88
2026-08-23T05:25:02,113.28,48.55
2026-08-23T05:25:03,114.5,49.75
2026-08-23T05:25:04,115.84,51.07
2026-08-23T05:25:05,119.81,54.98
2026-08-23T05:25:06,122.56,57.69
2026-08-23T05:25:07,124.21,59.32
2026-08-23T05:25:08,124.98,60.08
2026-08-23T05:25:09,125.3,60.39
2026-08-23T05:25:10,123.99,59.1
2026-08-23T05:25:11,124.32,59.43
2026-08-23T05:25:12,125.53,60.62
2026-08-23T05:25:13,126.42,61.5
2026-08-23T05:25:14,125.64,60.73
2026-08-23T05:25:15,125.51,60.6
2026-08-23T05:25:16,123.42,58.54
2026-08-23T05:25:17,120.07,55.24
2026-08-23T05:25:18,117.59,52.79
2026-08-23T05:25:19,115.2,50.44
2026-08-23T05:25:20,114.72,49.96
2026-08-23T05:25:21,114.49,49.74
2026-08-23T05:25:22,113.76,49.02
2026-08-23T05:25:23,113.51,48.77
2026-08-23T05:25:24,113.19,48.46
2026-08-23T05:25:25,113.19,48.46
2026-08-23T05:25:26,111.78,47.07
2026-08-23T05:25:27,112.15,47.43
2026-08-23T05:25:28,112.27,47.55
2026-08-23T05:25:29,112.81,48.08
2026-08-23T05:25:30,113.29,48.55
2026-08-23T05:25:31,115.41,50.65
2026-08-23T05:25:32,117.93,53.13
2026-08-23T05:25:33,120.13,55.3
2026-08-23T05:25:34,123.61,58.73
2026-08-23T05:25:35,124.36,59.47
2026-08-23T05:25:36,126.99,62.07
2026-08-23T05:25:37,119.15,54.33
2026-08-23T05:25:38,115.54,50.77
2026-08-23T05:25:39,113.02,48.29
2026-08-23T05:25:40,111.99,47.28
2026-08-23T05:25:41,111.06,46.36
2026-08-23T05:25:42,111.63,46.92
2026-08-23T05:25:43,111.71,47.0
2026-08-23T05:25:44,111.5,46.79
2026-08-23T05:25:45,111.22,46.52
2026-08-23T05:25:46,110.13,45.44
2026-08-23T05:25:47,109.86,45.17
2026-08-23T05:25:48,109.91,45.23
2026-08-23T05:25:49,109.86,45.18
2026-08-23T05:25:50,109.68,45.0
2026-08-23T05:25:51,109.69,45.01
2026-08-23T05:25:52,109.69,45.01
2026-08-23T05:25:53,109.96,45.27
2026-08-23T05:25:54,110.25,45.56
2026-08-23T05:25:55,109.76,45.07
2026-08-23T05:25:56,109.97,45.28
2026-08-23T05:25:57,110.27,45.58
2026-08-23T05:25:58,109.76,45.08
2026-08-23T05:25:59,110.21,45.52
2026-08-23T05:26:00,110.19,45.5
2026-08-23T05:26:01,110.66,45.96
2026-08-23T05:26:02,110.67,45.97
2026-08-23T05:26:03,110.49,45.79
2026-08-23T05:26:04,111.52,46.81
2026-08-23T05:26:05,111.43,46.72
2026-08-23T05:26:06,109.9,45.21
2026-08-23T05:26:07,110.38,45.69
2026-08-23T05:26:08,110.3,45.61
2026-08-23T05:26:09,110.63,45.93
2026-08-23T05:26:10,110.64,45.94
2026-08-23T05:26:11,110.03,45.35
2026-08-23T05:26:12,110.1,45.41
2026-08-23T05:26:13,109.66,44.98
2026-08-23T05:26:14,109.93,45.25
2026-08-23T05:26:15,109.77,45.09
2026-08-23T05:26:16,110.35,45.66
2026-08-23T05:26:17,110.2,45.51
2026-08-23T05:26:18,110.39,45.7
2026-08-23T05:26:19,109.94,45.26
2026-08-23T05:26:20,110.01,45.32
2026-08-23T05:26:21,110.34,45.65
2026-08-23T05:26:22,110.1,45.41
2026-08-23T05:26:23,109.82,45.14
2026-08-23T05:26:24,109.54,44.86
2026-08-23T05:26:25,109.85,45.16
2026-08-23T05:26:26,109.49,44.81
2026-08-23T05:26:27,109.7,45.02
2026-08-23T05:26:28,109.35,44.67
2026-08-23T05:26:29,109.58,44.9
2026-08-23T05:26:30,109.25,44.57
2026-08-23T05:26:31,109.25,44.58
2026-08-23T05:26:32,108.99,44.32
2026-08-23T05:26:33,109.39,44.72
2026-08-23T05:26:34,109.27,44.6
2026-08-23T05:26:35,109.29,44.61
2026-08-23T05:26:36,109.6,44.92
2026-08-23T05:26:37,109.39,44.72
2026-08-23T05:26:38,109.56,44.88
2026-08-23T05:26:39,109.03,44.35
2026-08-23T05:26:40,109.43,44.75
2026-08-23T05:26:41,109.69,45.0
2026-08-23T05:26:42,109.41,44.73
2026-08-23T05:26:43,109.65,44.97
2026-08-23T05:26:44,109.64,44.96
2026-08-23T05:26:45,109.83,45.15
2026-08-23T05:26:46,109.97,45.29
2026-08-23T05:26:47,110.55,45.86
2026-08-23T05:26:48,110.19,45.5
2026-08-23T05:26:49,110.07,45.39
2026-08-23T05:26:50,110.08,45.39
2026-08-23T05:26:51,109.88,45.19
2026-08-23T05:26:52,110.26,45.57
2026-08-23T05:26:53,110.09,45.4
2026-08-23T05:26:54,109.99,45.3
2026-08-23T05:26:55,110.48,45.78
2026-08-23T05:26:56,110.56,45.87
2026-08-23T05:26:57,110.58,45.89
2026-08-23T05:26:58,110.61,45.92
2026-08-23T05:26:59,110.99,46.29
2026-08-23T05:27:00,110.4,45.7
2026-08-23T05:27:01,110.22,45.53
2026-08-23T05:27:02,110.64,45.94
2026-08-23T05:27:03,110.8,46.11
2026-08-23T05:27:04,111.27,46.56
2026-08-23T05:27:05,111.7,46.99
2026-08-23T05:27:06,110.63,45.93
2026-08-23T05:27:07,111.29,46.58
2026-08-23T05:27:08,110.74,46.05
2026-08-23T05:27:09,111.3,46.59
2026-08-23T05:27:10,111.03,46.32
2026-08-23T05:27:11,111.15,46.45
2026-08-23T05:27:12,110.92,46.22
2026-08-23T05:27:13,111.59,46.89
2026-08-23T05:27:14,111.02,46.31
2026-08-23T05:27:15,110.68,45.98
2026-08-23T05:27:16,111.23,46.53
2026-08-23T05:27:17,111.51,46.8
2026-08-23T05:27:18,110.5,45.8
2026-08-23T05:27:19,111.2,46.5
2026-08-23T05:27:20,110.58,45.89
2026-08-23T05:27:21,110.45,45.76
2026-08-23T05:27:22,110.62,45.93
2026-08-23T05:27:23,111.61,46.9
2026-08-23T05:27:24,110.76,46.06
2026-08-23T05:27:25,111.3,46.6
2026-08-23T05:27:26,110.59,45.9
2026-08-23T05:27:27,110.43,45.74
2026-08-23T05:27:28,111.14,46.44
2026-08-23T05:27:29,110.77,46.08
2026-08-23T05:27:30,110.76,46.06
2026-08-23T05:27:31,110.6,45.91
2026-08-23T05:27:32,110.7,46.0
2026-08-23T05:27:33,110.56,45.86
2026-08-23T05:27:34,111.23,46.52
2026-08-23T05:27:35,110.98,46.28
2026-08-23T05:27:36,110.32,45.63
2026-08-23T05:27:37,110.32,45.62
2026-08-23T05:27:38,110.86,46.17
2026-08-23T05:27:39,110.67,45.97
2026-08-23T05:27:40,110.11,45.42
2026-08-23T05:27:41,110.37,45.67
2026-08-23T05:27:42,110.09,45.4
2026-08-23T05:27:43,110.44,45.74
2026-08-23T05:27:44,110.97,46.27
2026-08-23T05:27:45,110.47,45.78
2026-08-23T05:27:46,110.19,45.5
2026-08-23T05:27:47,110.02,45.33
2026-08-23T05:27:48,109.83,45.15
2026-08-23T05:27:49,110.33,45.63
2026-08-23T05:27:50,110.48,45.78
2026-08-23T05:27:51,111.05,46.35
2026-08-23T05:27:52,110.27,45.58
2026-08-23T05:27:53,109.75,45.07
2026-08-23T05:27:54,110.3,45.61
2026-08-23T05:27:55,111.29,46.58
2026-08-23T05:27:56,111.43,46.72
2026-08-23T05:27:57,110.51,45.81
2026-08-23T05:27:58,109.78,45.1
2026-08-23T05:27:59,110.14,45.45
2026-08-23T05:28:00,110.26,45.56
2026-08-23T05:28:01,110.04,45.36
2026-08-23T05:28:02,109.81,45.12
2026-08-23T05:28:03,109.57,44.89
2026-08-23T05:28:04,109.57,44.89
2026-08-23T05:28:05,109.81,45.12
2026-08-23T05:28:06,109.94,45.26
2026-08-23T05:28:07,110.4,45.71
2026-08-23T05:28:08,110.19,45.5
2026-08-23T05:28:09,110.07,45.38
2026-08-23T05:28:10,110.08,45.39
2026-08-23T05:28:11,110.21,45.52
2026-08-23T05:28:12,109.46,44.78
2026-08-23T05:28:13,110.01,45.32
2026-08-23T05:28:14,109.97,45.28
2026-08-23T05:28:15,110.12,45.43
2026-08-23T05:28:16,110.36,45.67
2026-08-23T05:28:17,110.43,45.74
2026-08-23T05:28:18,110.56,45.87
2026-08-23T05:28:19,109.98,45.29
2026-08-23T05:28:20,110.09,45.4
2026-08-23T05:28:21,109.95,45.26
2026-08-23T05:28:22,109.85,45.17
2026-08-23T05:28:23,109.78,45.09
2026-08-23T05:28:24,109.79,45.11
2026-08-23T05:28:25,109.93,45.24
2026-08-23T05:28:26,110.0,45.31
2026-08-23T05:28:27,109.67,44.99
2026-08-23T05:28:28,109.83,45.15
2026-08-23T05:28:29,110.1,45.41
2026-08-23T05:28:30,110.88,46.18
2026-08-23T05:28:31,110.18,45.49
2026-08-23T05:28:32,110.74,46.04
2026-08-23T05:28:33,111.86,47.15
2026-08-23T05:28:34,110.92,46.22
2026-08-23T05:28:35,109.76,45.07
2026-08-23T05:28:36,109.57,44.89
2026-08-23T05:28:37,109.57,44.89
2026-08-23T05:28:38,109.5,44.82
2026-08-23T05:28:39,109.74,45.05
2026-08-23T05:28:40,109.85,45.17
2026-08-23T05:28:41,110.0,45.31
2026-08-23T05:28:42,109.59,44.91
2026-08-23T05:28:43,110.23,45.54
2026-08-23T05:28:44,109.7,45.02
2026-08-23T05:28:45,109.84,45.15
2026-08-23T05:28:46,109.92,45.23
2026-08-23T05:28:47,109.67,44.99
2026-08-23T05:28:48,109.77,45.09
2026-08-23T05:28:49,109.72,45.04
2026-08-23T05:28:50,109.53,44.85
2026-08-23T05:28:51,109.18,44.5
2026-08-23T05:28:52,109.28,44.6
2026-08-23T05:28:53,109.89,45.21
2026-08-23T05:28:54,109.45,44.77
2026-08-23T05:28:55,110.29,45.59
2026-08-23T05:28:56,111.19,46.49
2026-08-23T05:28:57,115.43,50.66
2026-08-23T05:28:58,118.01,53.21
2026-08-23T05:28:59,114.8,50.05
2026-08-23T05:29:00,116.89,52.1
2026-08-23T05:29:01,114.55,49.8
2026-08-23T05:29:02,110.71,46.01
2026-08-23T05:29:03,110.42,45.73
2026-08-23T05:29:04,110.17,45.48
2026-08-23T05:29:05,110.02,45.34
2026-08-23T05:29:06,110.14,45.45
2026-08-23T05:29:07,109.7,45.01
2026-08-23T05:29:08,109.86,45.18
2026-08-23T05:29:09,109.83,45.15
2026-08-23T05:29:10,109.69,45.01
2026-08-23T05:29:11,109.59,44.91
2026-08-23T05:29:12,109.36,44.68
2026-08-23T05:29:13,109.81,45.12
2026-08-23T05:29:14,109.51,44.83
2026-08-23T05:29:15,109.78,45.1
2026-08-23T05:29:16,110.24,45.55
2026-08-23T05:29:17,110.37,45.68
2026-08-23T05:29:18,110.33,45.64
2026-08-23T05:29:19,110.06,45.37
2026-08-23T05:29:20,110.2,45.51
2026-08-23T05:29:21,109.95,45.27
2026-08-23T05:29:22,109.82,45.14
2026-08-23T05:29:23,110.07,45.38
2026-08-23T05:29:24,109.52,44.84
2026-08-23T05:29:25,109.46,44.78
2026-08-23T05:29:26,109.91,45.22
2026-08-23T05:29:27,109.54,44.86
2026-08-23T05:29:28,109.74,45.06
2026-08-23T05:29:29,109.56,44.88
2026-08-23T05:29:30,109.55,44.87
2026-08-23T05:29:31,109.18,44.51
2026-08-23T05:29:32,109.29,44.62
2026-08-23T05:29:33,109.43,44.75
2026-08-23T05:29:34,109.56,44.88
2026-08-23T05:29:35,109.46,44.78
2026-08-23T05:29:36,109.57,44.89
2026-08-23T05:29:37,109.57,44.89
2026-08-23T05:29:38,109.22,44.54
2026-08-23T05:29:39,109.86,45.17
2026-08-23T05:29:40,109.58,44.9
2026-08-23T05:29:41,109.53,44.85
2026-08-23T05:29:42,109.68,45.0
2026-08-23T05:29:43,109.86,45.18
2026-08-23T05:29:44,109.77,45.08
2026-08-23T05:29:45,109.56,44.88
2026-08-23T05:29:46,109.82,45.13
2026-08-23T05:29:47,110.12,45.43
2026-08-23T05:29:48,109.84,45.16
2026-08-23T05:29:49,109.47,44.79
2026-08-23T05:29:50,109.67,44.98
2026-08-23T05:29:51,110.09,45.4
2026-08-23T05:29:52,109.63,44.95
2026-08-23T05:29:53,109.77,45.09
2026-08-23T05:29:54,109.69,45.01
2026-08-23T05:29:55,109.77,45.08
2026-08-23T05:29:56,110.09,45.4
2026-08-23T05:29:57,110.19,45.5
2026-08-23T05:29:58,109.78,45.1
2026-08-23T05:29:59,109.54,44.86
2026-08-23T05:30:00,109.74,45.06
2026-08-23T05:30:01,109.83,45.14
2026-08-23T05:30:02,110.04,45.35
2026-08-23T05:30:03,110.12,45.43
2026-08-23T05:30:04,110.02,45.34
2026-08-23T05:30:05,110.22,45.53
2026-08-23T05:30:06,109.72,45.04
2026-08-23T05:30:07,110.08,45.39
2026-08-23T05:30:08,109.93,45.24
2026-08-23T05:30:09,109.86,45.18
2026-08-23T05:30:10,109.85,45.16
2026-08-23T05:30:11,109.77,45.08
2026-08-23T05:30:12,109.93,45.24
2026-08-23T05:30:13,109.87,45.19
2026-08-23T05:30:14,109.72,45.03
2026-08-23T05:30:15,109.99,45.3
2026-08-23T05:30:16,110.07,45.38
2026-08-23T05:30:17,110.23,45.54
2026-08-23T05:30:18,109.86,45.18
2026-08-23T05:30:19,110.12,45.43
2026-08-23T05:30:20,110.12,45.43
2026-08-23T05:30:21,109.97,45.29
2026-08-23T05:30:22,109.49,44.81
2026-08-23T05:30:23,109.08,44.41
2026-08-23T05:30:24,109.86,45.18
2026-08-23T05:30:25,109.86,45.17
2026-08-23T05:30:26,110.09,45.4
2026-08-23T05:30:27,110.08,45.39
2026-08-23T05:30:28,110.34,45.65
2026-08-23T05:30:29,111.84,47.13
2026-08-23T05:30:30,114.99,50.23
2026-08-23T05:30:31,117.74,52.95
2026-08-23T05:30:32,120.31,55.48
2026-08-23T05:30:33,125.93,61.02
2026-08-23T05:30:34,131.6,66.6
2026-08-23T05:30:35,132.96,67.95
2026-08-23T05:30:36,132.46,67.45
2026-08-23T05:30:37,128.28,63.33
2026-08-23T05:30:38,123.26,58.39
2026-08-23T05:30:39,121.12,56.28
2026-08-23T05:30:40,120.21,55.38
2026-08-23T05:30:41,118.85,54.04
2026-08-23T05:30:42,115.25,50.49
2026-08-23T05:30:43,114.06,49.32
2026-08-23T05:30:44,113.29,48.56
2026-08-23T05:30:45,111.53,46.82
2026-08-23T05:30:46,111.22,46.52
2026-08-23T05:30:47,111.43,46.73
2026-08-23T05:30:48,112.3,47.58
2026-08-23T05:30:49,112.95,48.22
2026-08-23T05:30:50,112.44,47.72
2026-08-23T05:30:51,110.95,46.25
2026-08-23T05:30:52,111.69,46.98
2026-08-23T05:30:53,113.22,48.49
2026-08-23T05:30:54,112.22,47.5
2026-08-23T05:30:55,110.51,45.82
2026-08-23T05:30:56,110.6,45.9
2026-08-23T05:30:57,110.04,45.35
2026-08-23T05:30:58,118.25,53.45
2026-08-23T05:30:59,122.63,57.76
2026-08-23T05:31:00,119.29,54.47
2026-08-23T05:31:01,115.99,51.22
2026-08-23T05:31:02,114.55,49.8
2026-08-23T05:31:03,117.47,52.68
2026-08-23T05:31:04,111.66,46.95
2026-08-23T05:31:05,111.4,46.69
2026-08-23T05:31:06,120.58,55.74
2026-08-23T05:31:07,117.1,52.31
2026-08-23T05:31:08,114.39,49.64
2026-08-23T05:31:09,114.37,49.63
2026-08-23T05:31:10,111.55,46.84
2026-08-23T05:31:11,112.38,47.66
2026-08-23T05:31:12,114.33,49.59
2026-08-23T05:31:13,115.56,50.79
2026-08-23T05:31:14,119.91,55.09
2026-08-23T05:31:15,122.69,57.83
2026-08-23T05:31:16,125.16,60.26
2026-08-23T05:31:17,125.5,60.59
2026-08-23T05:31:18,124.65,59.76
2026-08-23T05:31:19,120.79,55.95
2026-08-23T05:31:20,117.4,52.61
2026-08-23T05:31:21,115.49,50.73
2026-08-23T05:31:22,114.48,49.73
2026-08-23T05:31:23,114.22,49.48
2026-08-23T05:31:24,114.68,49.92
2026-08-23T05:31:25,112.6,47.87
2026-08-23T05:31:26,112.86,48.13
2026-08-23T05:31:27,112.62,47.89
2026-08-23T05:31:28,113.43,48.69
2026-08-23T05:31:29,115.37,50.6
2026-08-23T05:31:30,111.75,47.04
2026-08-23T05:31:31,111.23,46.53
2026-08-23T05:31:32,110.94,46.24
2026-08-23T05:31:33,111.3,46.59
2026-08-23T05:31:34,110.95,46.25
2026-08-23T05:31:35,112.54,47.82
2026-08-23T05:31:36,109.77,45.09
2026-08-23T05:31:37,110.2,45.51
2026-08-23T05:31:38,110.35,45.66
2026-08-23T05:31:39,109.64,44.95
2026-08-23T05:31:40,109.98,45.29
2026-08-23T05:31:41,110.93,46.23
2026-08-23T05:31:42,110.47,45.78
2026-08-23T05:31:43,110.07,45.38
2026-08-23T05:31:44,110.71,46.01
2026-08-23T05:31:45,111.47,46.77
2026-08-23T05:31:46,114.55,49.8
2026-08-23T05:31:47,117.8,53.01
2026-08-23T05:31:48,114.06,49.31
2026-08-23T05:31:49,114.05,49.31
2026-08-23T05:31:50,114.29,49.55
2026-08-23T05:31:51,111.89,47.18
2026-08-23T05:31:52,111.85,47.14
2026-08-23T05:31:53,110.89,46.19
2026-08-23T05:31:54,111.04,46.34
2026-08-23T05:31:55,110.96,46.26
2026-08-23T05:31:56,112.4,47.68
2026-08-23T05:31:57,110.53,45.84
2026-08-23T05:31:58,111.16,46.46
2026-08-23T05:31:59,110.95,46.25
2026-08-23T05:32:00,112.83,48.11
2026-08-23T05:32:01,117.89,53.09
2026-08-23T05:32:02,112.44,47.72
2026-08-23T05:32:03,110.5,45.8
2026-08-23T05:32:04,112.38,47.66
2026-08-23T05:32:05,117.35,52.55
2026-08-23T05:32:06,122.36,57.49
2026-08-23T05:32:07,119.03,54.21
2026-08-23T05:32:08,117.46,52.67
2026-08-23T05:32:09,114.76,50.0
2026-08-23T05:32:10,119.26,54.44
2026-08-23T05:32:11,119.37,54.55
2026-08-23T05:32:12,114.6,49.85
2026-08-23T05:32:13,113.24,48.51
2026-08-23T05:32:14,111.74,47.03
2026-08-23T05:32:15,114.68,49.92
2026-08-23T05:32:16,116.48,51.7
2026-08-23T05:32:17,114.26,49.52
2026-08-23T05:32:18,114.6,49.85
2026-08-23T05:32:19,116.65,51.87
2026-08-23T05:32:20,117.14,52.35
2026-08-23T05:32:21,113.62,48.88
2026-08-23T05:32:22,113.8,49.05
2026-08-23T05:32:23,113.17,48.44
2026-08-23T05:32:24,113.17,48.44
2026-08-23T05:32:25,113.43,48.69
2026-08-23T05:32:26,114.3,49.56
2026-08-23T05:32:27,111.19,46.48
2026-08-23T05:32:28,110.67,45.97
2026-08-23T05:32:29,110.48,45.79
2026-08-23T05:32:30,110.58,45.88
2026-08-23T05:32:31,111.26,46.56
2026-08-23T05:32:32,111.03,46.33
2026-08-23T05:32:33,110.27,45.58
2026-08-23T05:32:34,110.73,46.03
2026-08-23T05:32:35,110.95,46.25
2026-08-23T05:32:36,110.25,45.56
2026-08-23T05:32:37,109.68,45.0
2026-08-23T05:32:38,110.11,45.42
2026-08-23T05:32:39,110.04,45.35
2026-08-23T05:32:40,109.57,44.89
2026-08-23T05:32:41,110.28,45.59
2026-08-23T05:32:42,110.07,45.38
2026-08-23T05:32:43,111.06,46.36
2026-08-23T05:32:44,111.26,46.56
2026-08-23T05:32:45,111.04,46.34
2026-08-23T05:32:46,111.96,47.25
2026-08-23T05:32:47,112.07,47.35
2026-08-23T05:32:48,111.17,46.47
2026-08-23T05:32:49,111.59,46.88
2026-08-23T05:32:50,112.32,47.6
2026-08-23T05:32:51,112.26,47.54
2026-08-23T05:32:52,112.07,47.35
2026-08-23T05:32:53,111.43,46.72
2026-08-23T05:32:54,110.69,45.99
2026-08-23T05:32:55,110.66,45.97
2026-08-23T05:32:56,111.09,46.38
2026-08-23T05:32:57,111.69,46.98
2026-08-23T05:32:58,112.2,47.48
2026-08-23T05:32:59,112.16,47.45
2026-08-23T05:33:00,111.86,47.15
2026-08-23T05:33:01,111.31,46.61
2026-08-23T05:33:02,110.9,46.2
2026-08-23T05:33:03,110.32,45.63
2026-08-23T05:33:04,110.23,45.54
2026-08-23T05:33:05,110.39,45.7
2026-08-23T05:33:06,110.97,46.27
2026-08-23T05:33:07,110.46,45.77
2026-08-23T05:33:08,110.55,45.86
2026-08-23T05:33:09,109.99,45.31
2026-08-23T05:33:10,109.87,45.18
2026-08-23T05:33:11,111.5,46.8
2026-08-23T05:33:12,115.44,50.67
2026-08-23T05:33:13,116.76,51.98
2026-08-23T05:33:14,117.9,53.1
2026-08-23T05:33:15,117.02,52.23
2026-08-23T05:33:16,119.25,54.44
2026-08-23T05:33:17,117.89,53.09
2026-08-23T05:33:18,115.46,50.69
2026-08-23T05:33:19,114.28,49.54
2026-08-23T05:33:20,113.01,48.28
2026-08-23T05:33:21,110.99,46.29
2026-08-23T05:33:22,112.41,47.69
2026-08-23T05:33:23,113.83,49.09
2026-08-23T05:33:24,112.46,47.73
2026-08-23T05:33:25,112.23,47.51
2026-08-23T05:33:26,113.55,48.81
2026-08-23T05:33:27,116.15,51.38
2026-08-23T05:33:28,117.63,52.84
2026-08-23T05:33:29,113.18,48.45
2026-08-23T05:33:30,110.89,46.19
2026-08-23T05:33:31,111.04,46.34
2026-08-23T05:33:32,110.73,46.03
2026-08-23T05:33:33,111.02,46.32
2026-08-23T05:33:34,110.47,45.78
2026-08-23T05:33:35,110.38,45.68
2026-08-23T05:33:36,110.07,45.38
2026-08-23T05:33:37,110.47,45.78
2026-08-23T05:33:38,110.65,45.95
2026-08-23T05:33:39,111.02,46.32
2026-08-23T05:33:40,111.65,46.94
2026-08-23T05:33:41,111.95,47.23
2026-08-23T05:33:42,111.68,46.97
2026-08-23T05:33:43,111.38,46.68
2026-08-23T05:33:44,111.15,46.45
2026-08-23T05:33:45,111.28,46.57
2026-08-23T05:33:46,111.63,46.92
2026-08-23T05:33:47,112.51,47.79
2026-08-23T05:33:48,113.5,48.76
2026-08-23T05:33:49,114.09,49.35
2026-08-23T05:33:50,114.65,49.9
2026-08-23T05:33:51,116.37,51.59
2026-08-23T05:33:52,119.8,54.97
2026-08-23T05:33:53,123.38,58.51
2026-08-23T05:33:54,124.51,59.62
2026-08-23T05:33:55,126.27,61.35
2026-08-23T05:33:56,127.47,62.54
2026-08-23T05:33:57,126.58,61.66
2026-08-23T05:33:58,124.82,59.92
2026-08-23T05:33:59,120.86,56.02
2026-08-23T05:34:00,118.76,53.95
2026-08-23T05:34:01,117.27,52.48
2026-08-23T05:34:02,115.7,50.93
2026-08-23T05:34:03,114.86,50.11
2026-08-23T05:34:04,114.18,49.44
2026-08-23T05:34:05,114.18,49.43
2026-08-23T05:34:06,113.12,48.39
2026-08-23T05:34:07,112.64,47.92
2026-08-23T05:34:08,111.58,46.87
2026-08-23T05:34:09,111.31,46.6
2026-08-23T05:34:10,111.34,46.63
2026-08-23T05:34:11,111.18,46.48
2026-08-23T05:34:12,110.72,46.02
2026-08-23T05:34:13,110.93,46.23
2026-08-23T05:34:14,113.03,48.3
2026-08-23T05:34:15,111.39,46.69
2026-08-23T05:34:16,112.51,47.79
2026-08-23T05:34:17,111.81,47.1
2026-08-23T05:34:18,110.91,46.21
2026-08-23T05:34:19,110.61,45.91
2026-08-23T05:34:20,110.45,45.76
2026-08-23T05:34:21,110.93,46.23
2026-08-23T05:34:22,110.95,46.25
2026-08-23T05:34:23,111.22,46.51
2026-08-23T05:34:24,111.72,47.0
2026-08-23T05:34:25,112.25,47.53
2026-08-23T05:34:26,111.85,47.14
2026-08-23T05:34:27,111.88,47.17
2026-08-23T05:34:28,111.44,46.74
2026-08-23T05:34:29,111.5,46.8
2026-08-23T05:34:30,111.35,46.65
2026-08-23T05:34:31,111.16,46.46
2026-08-23T05:34:32,110.47,45.78
2026-08-23T05:34:33,110.73,46.03
2026-08-23T05:34:34,110.75,46.05
2026-08-23T05:34:35,110.42,45.73
2026-08-23T05:34:36,111.11,46.4
2026-08-23T05:34:37,112.65,47.93
2026-08-23T05:34:38,111.44,46.73
2026-08-23T05:34:39,111.77,47.05
2026-08-23T05:34:40,111.79,47.08
2026-08-23T05:34:41,111.19,46.49
2026-08-23T05:34:42,110.71,46.01
2026-08-23T05:34:43,110.71,46.01
2026-08-23T05:34:44,111.22,46.51
2026-08-23T05:34:45,111.36,46.65
2026-08-23T05:34:46,111.01,46.31
2026-08-23T05:34:47,111.03,46.33
2026-08-23T05:34:48,111.38,46.68
2026-08-23T05:34:49,111.07,46.37
2026-08-23T05:34:50,110.65,45.96
2026-08-23T05:34:51,110.93,46.23
2026-08-23T05:34:52,110.63,45.93
2026-08-23T05:34:53,110.45,45.76
2026-08-23T05:34:54,110.37,45.67
2026-08-23T05:34:55,110.65,45.95
2026-08-23T05:34:56,110.76,46.06
2026-08-23T05:34:57,110.24,45.55
2026-08-23T05:34:58,109.88,45.19
2026-08-23T05:34:59,110.06,45.37
2026-08-23T05:35:00,109.88,45.19
2026-08-23T05:35:01,110.51,45.81
2026-08-23T05:35:02,110.05,45.36
2026-08-23T05:35:03,110.0,45.31
2026-08-23T05:35:04,110.79,46.09
2026-08-23T05:35:05,110.86,46.16
2026-08-23T05:35:06,110.54,45.84
2026-08-23T05:35:07,111.12,46.42
2026-08-23T05:35:08,110.94,46.24
2026-08-23T05:35:09,109.87,45.19
2026-08-23T05:35:10,110.25,45.56
2026-08-23T05:35:11,111.1,46.4
2026-08-23T05:35:12,110.54,45.84
2026-08-23T05:35:13,110.92,46.22
2026-08-23T05:35:14,110.67,45.97
2026-08-23T05:35:15,110.91,46.21
2026-08-23T05:35:16,110.61,45.91
2026-08-23T05:35:17,110.41,45.72
2026-08-23T05:35:18,110.52,45.82
2026-08-23T05:35:19,110.31,45.62
2026-08-23T05:35:20,110.55,45.85
2026-08-23T05:35:21,110.45,45.75
2026-08-23T05:35:22,110.71,46.02
2026-08-23T05:35:23,111.19,46.49
2026-08-23T05:35:24,110.81,46.11
2026-08-23T05:35:25,110.73,46.03
2026-08-23T05:35:26,110.93,46.23
2026-08-23T05:35:27,110.95,46.25
2026-08-23T05:35:28,110.67,45.97
2026-08-23T05:35:29,110.45,45.76
2026-08-23T05:35:30,111.08,46.37
2026-08-23T05:35:31,110.75,46.05
2026-08-23T05:35:32,111.42,46.72
2026-08-23T05:35:33,110.65,45.96
2026-08-23T05:35:34,110.45,45.76
2026-08-23T05:35:35,110.04,45.36
2026-08-23T05:35:36,110.38,45.69
2026-08-23T05:35:37,109.82,45.13
2026-08-23T05:35:38,110.37,45.68
2026-08-23T05:35:39,110.64,45.94
2026-08-23T05:35:40,110.1,45.41
2026-08-23T05:35:41,110.2,45.51
2026-08-23T05:35:42,110.83,46.13
2026-08-23T05:35:43,111.8,47.09
2026-08-23T05:35:44,110.62,45.93
2026-08-23T05:35:45,110.33,45.64
2026-08-23T05:35:46,110.79,46.09
2026-08-23T05:35:47,110.75,46.05
2026-08-23T05:35:48,110.59,45.9
2026-08-23T05:35:49,110.03,45.35
2026-08-23T05:35:50,110.23,45.54
2026-08-23T05:35:51,110.1,45.41
2026-08-23T05:35:52,110.37,45.67
2026-08-23T05:35:53,110.51,45.81
2026-08-23T05:35:54,111.6,46.89
2026-08-23T05:35:55,110.32,45.63
2026-08-23T05:35:56,110.7,46.0
2026-08-23T05:35:57,110.9,46.2
2026-08-23T05:35:58,111.04,46.34
2026-08-23T05:35:59,110.46,45.77
2026-08-23T05:36:00,110.54,45.84
2026-08-23T05:36:01,110.02,45.34
2026-08-23T05:36:02,110.98,46.28
2026-08-23T05:36:03,110.75,46.06
2026-08-23T05:36:04,115.14,50.38
2026-08-23T05:36:05,120.19,55.35
2026-08-23T05:36:06,122.75,57.88
2026-08-23T05:36:07,116.46,51.68
2026-08-23T05:36:08,123.04,58.17
2026-08-23T05:36:09,119.17,54.35
2026-08-23T05:36:10,117.19,52.4
2026-08-23T05:36:11,116.22,51.45
2026-08-23T05:36:12,115.03,50.27
2026-08-23T05:36:13,115.05,50.29
2026-08-23T05:36:14,113.98,49.23
2026-08-23T05:36:15,111.71,47.0
2026-08-23T05:36:16,111.65,46.94
2026-08-23T05:36:17,110.41,45.72
2026-08-23T05:36:18,111.37,46.66
2026-08-23T05:36:19,111.05,46.35
2026-08-23T05:36:20,110.96,46.26
2026-08-23T05:36:21,111.0,46.29
2026-08-23T05:36:22,110.67,45.98
2026-08-23T05:36:23,111.9,47.18
2026-08-23T05:36:24,112.03,47.32
2026-08-23T05:36:25,111.3,46.59
2026-08-23T05:36:26,110.89,46.19
2026-08-23T05:36:27,110.6,45.91
2026-08-23T05:36:28,111.06,46.36
2026-08-23T05:36:29,111.02,46.32
2026-08-23T05:36:30,110.69,45.99
2026-08-23T05:36:31,110.88,46.18
2026-08-23T05:36:32,110.54,45.85
2026-08-23T05:36:33,110.36,45.67
2026-08-23T05:36:34,110.71,46.02
2026-08-23T05:36:35,110.56,45.86
2026-08-23T05:36:36,110.56,45.87
2026-08-23T05:36:37,110.51,45.81
2026-08-23T05:36:38,110.54,45.84
2026-08-23T05:36:39,110.81,46.11
2026-08-23T05:36:40,110.92,46.22
2026-08-23T05:36:41,111.37,46.66
2026-08-23T05:36:42,111.24,46.54
2026-08-23T05:36:43,110.93,46.23
2026-08-23T05:36:44,110.8,46.1
2026-08-23T05:36:45,110.75,46.06
2026-08-23T05:36:46,110.08,45.39
2026-08-23T05:36:47,110.53,45.84
2026-08-23T05:36:48,110.62,45.92
2026-08-23T05:36:49,111.0,46.3
2026-08-23T05:36:50,111.05,46.35
2026-08-23T05:36:51,112.22,47.5
2026-08-23T05:36:52,112.19,47.47
2026-08-23T05:36:53,112.36,47.64
2026-08-23T05:36:54,112.9,48.17
2026-08-23T05:36:55,113.05,48.32
2026-08-23T05:36:56,114.84,50.09
2026-08-23T05:36:57,116.0,51.23
2026-08-23T05:36:58,119.73,54.91
2026-08-23T05:36:59,121.93,57.07
2026-08-23T05:37:00,123.48,58.6
2026-08-23T05:37:01,124.05,59.16
2026-08-23T05:37:02,124.14,59.25
2026-08-23T05:37:03,123.2,58.32
2026-08-23T05:37:04,121.01,56.17
2026-08-23T05:37:05,117.87,53.07
2026-08-23T05:37:06,116.52,51.74
2026-08-23T05:37:07,116.67,51.88
2026-08-23T05:37:08,114.74,49.98
2026-08-23T05:37:09,113.69,48.95
2026-08-23T05:37:10,112.89,48.16
2026-08-23T05:37:11,113.32,48.58
2026-08-23T05:37:12,112.33,47.61
2026-08-23T05:37:13,112.15,47.43
2026-08-23T05:37:14,111.67,46.96
2026-08-23T05:37:15,111.23,46.52
2026-08-23T05:37:16,111.06,46.36
2026-08-23T05:37:17,110.89,46.19
2026-08-23T05:37:18,110.89,46.2
2026-08-23T05:37:19,110.53,45.84
2026-08-23T05:37:20,109.85,45.16
2026-08-23T05:37:21,110.49,45.79
2026-08-23T05:37:22,110.92,46.22
2026-08-23T05:37:23,110.74,46.04
2026-08-23T05:37:24,110.16,45.47
2026-08-23T05:37:25,110.0,45.31
2026-08-23T05:37:26,110.31,45.62
2026-08-23T05:37:27,110.42,45.73
2026-08-23T05:37:28,110.61,45.92
2026-08-23T05:37:29,110.82,46.12
2026-08-23T05:37:30,110.69,45.99
2026-08-23T05:37:31,110.57,45.88
2026-08-23T05:37:32,110.59,45.89
2026-08-23T05:37:33,111.3,46.6
2026-08-23T05:37:34,111.01,46.31
2026-08-23T05:37:35,110.99,46.29
2026-08-23T05:37:36,110.98,46.28
2026-08-23T05:37:37,110.29,45.6
2026-08-23T05:37:38,110.81,46.11
2026-08-23T05:37:39,110.49,45.79
2026-08-23T05:37:40,110.99,46.29
2026-08-23T05:37:41,110.54,45.84
2026-08-23T05:37:42,110.72,46.02
2026-08-23T05:37:43,110.75,46.05
2026-08-23T05:37:44,112.93,48.2
2026-08-23T05:37:45,112.87,48.14
2026-08-23T05:37:46,112.2,47.48
2026-08-23T05:37:47,111.78,47.07
2026-08-23T05:37:48,110.89,46.19
2026-08-23T05:37:49,110.16,45.47
2026-08-23T05:37:50,109.87,45.18
2026-08-23T05:37:51,110.63,45.93
2026-08-23T05:37:52,110.38,45.68
2026-08-23T05:37:53,110.79,46.1
2026-08-23T05:37:54,111.85,47.14
2026-08-23T05:37:55,111.69,46.98
2026-08-23T05:37:56,111.02,46.31
2026-08-23T05:37:57,111.22,46.52
2026-08-23T05:37:58,109.98,45.29
2026-08-23T05:37:59,110.44,45.74
2026-08-23T05:38:00,110.14,45.45
2026-08-23T05:38:01,109.81,45.13
2026-08-23T05:38:02,110.84,46.14
2026-08-23T05:38:03,110.45,45.75
2026-08-23T05:38:04,109.97,45.28
2026-08-23T05:38:05,110.76,46.06
2026-08-23T05:38:06,110.95,46.25
2026-08-23T05:38:07,110.64,45.94
2026-08-23T05:38:08,109.79,45.11
2026-08-23T05:38:09,109.7,45.02
2026-08-23T05:38:10,109.85,45.17
2026-08-23T05:38:11,109.7,45.02
2026-08-23T05:38:12,109.53,44.85
2026-08-23T05:38:13,109.56,44.88
2026-08-23T05:38:14,110.04,45.35
2026-08-23T05:38:15,110.0,45.31
2026-08-23T05:38:16,109.89,45.2
2026-08-23T05:38:17,109.74,45.06
2026-08-23T05:38:18,109.37,44.69
2026-08-23T05:38:19,109.66,44.97
2026-08-23T05:38:20,109.52,44.84
2026-08-23T05:38:21,109.34,44.67
2026-08-23T05:38:22,110.13,45.44
2026-08-23T05:38:23,109.5,44.82
2026-08-23T05:38:24,110.11,45.42
2026-08-23T05:38:25,109.6,44.91
2026-08-23T05:38:26,109.92,45.23
2026-08-23T05:38:27,110.07,45.38
2026-08-23T05:38:28,110.31,45.62
2026-08-23T05:38:29,109.93,45.25
2026-08-23T05:38:30,109.87,45.19
2026-08-23T05:38:31,109.99,45.3
2026-08-23T05:38:32,110.78,46.08
2026-08-23T05:38:33,112.29,47.57
2026-08-23T05:38:34,112.3,47.58
2026-08-23T05:38:35,113.47,48.73
2026-08-23T05:38:36,113.07,48.34
2026-08-23T05:38:37,113.57,48.83
2026-08-23T05:38:38,112.38,47.66
2026-08-23T05:38:39,110.21,45.52
2026-08-23T05:38:40,113.27,48.54
2026-08-23T05:38:41,117.15,52.37
2026-08-23T05:38:42,117.46,52.67
2026-08-23T05:38:43,119.91,55.08
2026-08-23T05:38:44,115.34,50.58
2026-08-23T05:38:45,111.06,46.36
2026-08-23T05:38:46,111.0,46.3
2026-08-23T05:38:47,112.62,47.89
2026-08-23T05:38:48,112.43,47.71
2026-08-23T05:38:49,111.14,46.43
2026-08-23T05:38:50,110.49,45.79
2026-08-23T05:38:51,111.14,46.44
2026-08-23T05:38:52,110.98,46.28
2026-08-23T05:38:53,111.18,46.48
2026-08-23T05:38:54,111.11,46.41
2026-08-23T05:38:55,110.98,46.28
2026-08-23T05:38:56,110.45,45.75
2026-08-23T05:38:57,110.61,45.91
2026-08-23T05:38:58,110.32,45.62
2026-08-23T05:38:59,110.19,45.5
2026-08-23T05:39:00,110.25,45.56
2026-08-23T05:39:01,110.52,45.83
2026-08-23T05:39:02,110.66,45.97
2026-08-23T05:39:03,110.5,45.81
2026-08-23T05:39:04,110.75,46.05
2026-08-23T05:39:05,111.43,46.72
2026-08-23T05:39:06,111.01,46.31
2026-08-23T05:39:07,111.86,47.15
2026-08-23T05:39:08,112.45,47.73
2026-08-23T05:39:09,112.06,47.34
2026-08-23T05:39:10,113.07,48.34
2026-08-23T05:39:11,113.62,48.88
2026-08-23T05:39:12,116.34,51.56
2026-08-23T05:39:13,119.77,54.94
2026-08-23T05:39:14,121.2,56.36
2026-08-23T05:39:15,122.87,58.0
2026-08-23T05:39:16,125.05,60.15
2026-08-23T05:39:17,126.03,61.11
2026-08-23T05:39:18,124.94,60.05
2026-08-23T05:39:19,122.58,57.71
2026-08-23T05:39:20,119.67,54.84
2026-08-23T05:39:21,118.87,54.06
2026-08-23T05:39:22,117.41,52.62
2026-08-23T05:39:23,117.2,52.41
2026-08-23T05:39:24,118.17,53.37
2026-08-23T05:39:25,121.44,56.59
2026-08-23T05:39:26,123.41,58.54
2026-08-23T05:39:27,125.49,60.58
2026-08-23T05:39:28,126.88,61.95
2026-08-23T05:39:29,126.91,61.98
2026-08-23T05:39:30,124.82,59.92
2026-08-23T05:39:31,121.3,56.46
2026-08-23T05:39:32,118.17,53.37
2026-08-23T05:39:33,115.74,50.97
2026-08-23T05:39:34,114.49,49.74
2026-08-23T05:39:35,114.4,49.66
2026-08-23T05:39:36,114.78,50.02
2026-08-23T05:39:37,115.31,50.55
2026-08-23T05:39:38,115.58,50.82
2026-08-23T05:39:39,117.36,52.57
2026-08-23T05:39:40,120.54,55.7
2026-08-23T05:39:41,122.32,57.46
2026-08-23T05:39:42,122.59,57.73
2026-08-23T05:39:43,122.31,57.45
2026-08-23T05:39:44,121.64,56.79
2026-08-23T05:39:45,119.77,54.94
2026-08-23T05:39:46,116.87,52.09
2026-08-23T05:39:47,115.64,50.88
2026-08-23T05:39:48,114.9,50.15
2026-08-23T05:39:49,114.43,49.68
2026-08-23T05:39:50,113.74,49.0
2026-08-23T05:39:51,112.51,47.78
2026-08-23T05:39:52,112.88,48.15
2026-08-23T05:39:53,111.93,47.22
2026-08-23T05:39:54,111.17,46.46
2026-08-23T05:39:55,110.93,46.23
2026-08-23T05:39:56,112.0,47.28
2026-08-23T05:39:57,112.22,47.5
2026-08-23T05:39:58,112.15,47.43
2026-08-23T05:39:59,114.61,49.86
2026-08-23T05:40:00,111.48,46.77
2026-08-23T05:40:01,111.04,46.34
2026-08-23T05:40:02,111.78,47.06
2026-08-23T05:40:03,111.25,46.55
2026-08-23T05:40:04,110.77,46.07
2026-08-23T05:40:05,110.62,45.92
2026-08-23T05:40:06,110.08,45.4
2026-08-23T05:40:07,110.4,45.7
2026-08-23T05:40:08,110.22,45.53
2026-08-23T05:40:09,109.76,45.08
2026-08-23T05:40:10,110.21,45.52
2026-08-23T05:40:11,110.03,45.35
2026-08-23T05:40:12,110.02,45.33
2026-08-23T05:40:13,109.79,45.11
2026-08-23T05:40:14,110.52,45.83
2026-08-23T05:40:15,110.14,45.45
2026-08-23T05:40:16,110.23,45.54
2026-08-23T05:40:17,109.73,45.05
2026-08-23T05:40:18,109.82,45.14
2026-08-23T05:40:19,110.08,45.39
2026-08-23T05:40:20,109.92,45.23
2026-08-23T05:40:21,109.97,45.28
2026-08-23T05:40:22,110.32,45.63
2026-08-23T05:40:23,110.59,45.9
2026-08-23T05:40:24,110.45,45.76
2026-08-23T05:40:25,110.18,45.49
2026-08-23T05:40:26,110.09,45.4
2026-08-23T05:40:27,110.13,45.44
2026-08-23T05:40:28,109.96,45.28
2026-08-23T05:40:29,110.41,45.72
2026-08-23T05:40:30,110.17,45.49
2026-08-23T05:40:31,110.12,45.44
2026-08-23T05:40:32,110.09,45.4
2026-08-23T05:40:33,110.08,45.39
2026-08-23T05:40:34,110.12,45.43
2026-08-23T05:40:35,110.24,45.55
2026-08-23T05:40:36,109.8,45.12
2026-08-23T05:40:37,110.32,45.63
2026-08-23T05:40:38,110.85,46.15
2026-08-23T05:40:39,111.4,46.7
2026-08-23T05:40:40,111.01,46.31
2026-08-23T05:40:41,110.53,45.83
2026-08-23T05:40:42,110.23,45.54
2026-08-23T05:40:43,112.72,47.99
2026-08-23T05:40:44,116.13,51.36
2026-08-23T05:40:45,116.62,51.84
2026-08-23T05:40:46,119.52,54.7
2026-08-23T05:40:47,120.62,55.79
2026-08-23T05:40:48,124.14,59.25
2026-08-23T05:40:49,116.87,52.09
2026-08-23T05:40:50,117.81,53.01
2026-08-23T05:40:51,122.54,57.68
2026-08-23T05:40:52,122.74,57.87
2026-08-23T05:40:53,121.51,56.66
2026-08-23T05:40:54,119.53,54.7
2026-08-23T05:40:55,115.99,51.22
2026-08-23T05:40:56,116.19,51.41
2026-08-23T05:40:57,114.5,49.75
2026-08-23T05:40:58,111.61,46.9
2026-08-23T05:40:59,110.17,45.48
2026-08-23T05:41:00,110.42,45.72
2026-08-23T05:41:01,110.51,45.82
2026-08-23T05:41:02,111.48,46.77
2026-08-23T05:41:03,111.15,46.44
2026-08-23T05:41:04,110.29,45.6
2026-08-23T05:41:05,111.41,46.7
2026-08-23T05:41:06,110.6,45.9
2026-08-23T05:41:07,110.45,45.76
2026-08-23T05:41:08,112.89,48.17
2026-08-23T05:41:09,118.85,54.04
2026-08-23T05:41:10,121.09,56.24
2026-08-23T05:41:11,117.31,52.52
2026-08-23T05:41:12,118.43,53.62
2026-08-23T05:41:13,118.36,53.55
2026-08-23T05:41:14,117.09,52.31
2026-08-23T05:41:15,115.05,50.29
2026-08-23T05:41:16,110.92,46.22
2026-08-23T05:41:17,114.48,49.73
2026-08-23T05:41:18,115.32,50.55
2026-08-23T05:41:19,114.95,50.19
2026-08-23T05:41:20,111.67,46.96
2026-08-23T05:41:21,110.6,45.9
2026-08-23T05:41:22,111.07,46.37
2026-08-23T05:41:23,111.35,46.64
2026-08-23T05:41:24,111.91,47.2
2026-08-23T05:41:25,112.58,47.86
2026-08-23T05:41:26,111.73,47.01
2026-08-23T05:41:27,111.61,46.9
2026-08-23T05:41:28,110.54,45.85
2026-08-23T05:41:29,110.41,45.72
2026-08-23T05:41:30,110.52,45.83
2026-08-23T05:41:31,110.51,45.81
2026-08-23T05:41:32,110.05,45.36
2026-08-23T05:41:33,110.14,45.45
2026-08-23T05:41:34,110.7,46.0
2026-08-23T05:41:35,111.19,46.48
2026-08-23T05:41:36,111.31,46.61
2026-08-23T05:41:37,110.95,46.25
2026-08-23T05:41:38,110.69,45.99
2026-08-23T05:41:39,110.84,46.14
2026-08-23T05:41:40,111.02,46.32
2026-08-23T05:41:41,113.33,48.6
2026-08-23T05:41:42,110.89,46.19
2026-08-23T05:41:43,111.97,47.26
2026-08-23T05:41:44,119.77,54.94
2026-08-23T05:41:45,123.55,58.67
2026-08-23T05:41:46,116.43,51.66
2026-08-23T05:41:47,116.63,51.85
2026-08-23T05:41:48,119.16,54.34
2026-08-23T05:41:49,123.58,58.7
2026-08-23T05:41:50,126.69,61.77
2026-08-23T05:41:51,128.75,63.8
2026-08-23T05:41:52,129.27,64.31
2026-08-23T05:41:53,128.36,63.42
2026-08-23T05:41:54,123.92,59.04
2026-08-23T05:41:55,120.07,55.24
2026-08-23T05:41:56,117.82,53.02
2026-08-23T05:41:57,117.0,52.21
2026-08-23T05:41:58,116.75,51.97
2026-08-23T05:41:59,117.77,52.97
2026-08-23T05:42:00,115.79,51.02
2026-08-23T05:42:01,114.79,50.03
2026-08-23T05:42:02,113.67,48.93
2026-08-23T05:42:03,113.14,48.41
2026-08-23T05:42:04,112.96,48.23
2026-08-23T05:42:05,112.05,47.34
2026-08-23T05:42:06,111.41,46.7
2026-08-23T05:42:07,111.88,47.17
2026-08-23T05:42:08,111.05,46.35
2026-08-23T05:42:09,111.28,46.57
2026-08-23T05:42:10,110.89,46.19
2026-08-23T05:42:11,110.99,46.29
2026-08-23T05:42:12,110.87,46.17
2026-08-23T05:42:13,110.74,46.04
2026-08-23T05:42:14,110.32,45.63
2026-08-23T05:42:15,110.46,45.77
2026-08-23T05:42:16,110.66,45.96
2026-08-23T05:42:17,111.11,46.4
2026-08-23T05:42:18,111.42,46.71
2026-08-23T05:42:19,111.07,46.37
2026-08-23T05:42:20,111.51,46.81
2026-08-23T05:42:21,110.66,45.96
2026-08-23T05:42:22,110.62,45.93
2026-08-23T05:42:23,111.16,46.45
2026-08-23T05:42:24,111.02,46.32
2026-08-23T05:42:25,111.14,46.43
2026-08-23T05:42:26,112.12,47.4
2026-08-23T05:42:27,114.02,49.27
2026-08-23T05:42:28,115.16,50.4
2026-08-23T05:42:29,115.97,51.2
2026-08-23T05:42:30,117.12,52.33
2026-08-23T05:42:31,121.49,56.64
2026-08-23T05:42:32,123.1,58.23
2026-08-23T05:42:33,124.92,60.02
2026-08-23T05:42:34,126.15,61.23
2026-08-23T05:42:35,126.07,61.15
2026-08-23T05:42:36,123.68,58.8
2026-08-23T05:42:37,120.14,55.31
2026-08-23T05:42:38,117.88,53.08
2026-08-23T05:42:39,116.66,51.88
2026-08-23T05:42:40,115.99,51.22
2026-08-23T05:42:41,114.97,50.22
2026-08-23T05:42:42,115.81,51.04
2026-08-23T05:42:43,113.13,48.4
2026-08-23T05:42:44,111.5,46.79
2026-08-23T05:42:45,111.36,46.65
2026-08-23T05:42:46,111.36,46.66
2026-08-23T05:42:47,111.13,46.43
2026-08-23T05:42:48,110.92,46.22
2026-08-23T05:42:49,111.54,46.83
2026-08-23T05:42:50,111.07,46.37
2026-08-23T05:42:51,111.13,46.43
2026-08-23T05:42:52,110.94,46.24
2026-08-23T05:42:53,111.39,46.68
2026-08-23T05:42:54,111.35,46.64
2026-08-23T05:42:55,111.37,46.66
2026-08-23T05:42:56,110.87,46.17
2026-08-23T05:42:57,110.75,46.06
2026-08-23T05:42:58,110.98,46.28
2026-08-23T05:42:59,110.7,46.0
2026-08-23T05:43:00,110.84,46.14
2026-08-23T05:43:01,111.39,46.68
2026-08-23T05:43:02,110.76,46.07
2026-08-23T05:43:03,110.89,46.19
2026-08-23T05:43:04,110.76,46.07
2026-08-23T05:43:05,110.92,46.22
2026-08-23T05:43:06,111.44,46.73
2026-08-23T05:43:07,111.95,47.24
2026-08-23T05:43:08,117.04,52.26
2026-08-23T05:43:09,116.35,51.57
2026-08-23T05:43:10,113.76,49.02
2026-08-23T05:43:11,114.98,50.22
2026-08-23T05:43:12,116.88,52.1
2026-08-23T05:43:13,116.11,51.33
2026-08-23T05:43:14,115.07,50.31
2026-08-23T05:43:15,118.32,53.51
2026-08-23T05:43:16,113.62,48.88
2026-08-23T05:43:17,112.4,47.68
2026-08-23T05:43:18,110.74,46.05
2026-08-23T05:43:19,111.59,46.88
2026-08-23T05:43:20,111.88,47.17
2026-08-23T05:43:21,117.72,52.92
2026-08-23T05:43:22,118.57,53.76
2026-08-23T05:43:23,120.76,55.92
2026-08-23T05:43:24,115.66,50.89
2026-08-23T05:43:25,113.56,48.83
2026-08-23T05:43:26,110.85,46.16
2026-08-23T05:43:27,110.32,45.63
2026-08-23T05:43:28,111.08,46.37
2026-08-23T05:43:29,112.61,47.88
2026-08-23T05:43:30,111.49,46.78
2026-08-23T05:43:31,111.02,46.32
2026-08-23T05:43:32,110.19,45.5
2026-08-23T05:43:33,110.08,45.39
2026-08-23T05:43:34,116.83,52.05
2026-08-23T05:43:35,120.46,55.62
2026-08-23T05:43:36,111.31,46.6
2026-08-23T05:43:37,110.26,45.57
2026-08-23T05:43:38,110.15,45.46
2026-08-23T05:43:39,110.67,45.98
2026-08-23T05:43:40,111.17,46.47
2026-08-23T05:43:41,110.93,46.23
2026-08-23T05:43:42,110.91,46.21
2026-08-23T05:43:43,110.73,46.03
2026-08-23T05:43:44,110.53,45.84
2026-08-23T05:43:45,110.67,45.98
2026-08-23T05:43:46,110.64,45.94
2026-08-23T05:43:47,110.37,45.68
2026-08-23T05:43:48,110.48,45.78
2026-08-23T05:43:49,110.18,45.49
2026-08-23T05:43:50,110.75,46.05
2026-08-23T05:43:51,110.67,45.98
2026-08-23T05:43:52,111.06,46.36
2026-08-23T05:43:53,111.08,46.37
2026-08-23T05:43:54,110.7,46.0
2026-08-23T05:43:55,110.88,46.18
2026-08-23T05:43:56,111.27,46.56
2026-08-23T05:43:57,111.64,46.93
2026-08-23T05:43:58,111.35,46.65
2026-08-23T05:43:59,111.3,46.6
2026-08-23T05:44:00,111.22,46.52
2026-08-23T05:44:01,111.52,46.81
2026-08-23T05:44:02,111.04,46.34
2026-08-23T05:44:03,111.54,46.83
2026-08-23T05:44:04,110.59,45.9
2026-08-23T05:44:05,110.7,46.01
2026-08-23T05:44:06,110.06,45.37
2026-08-23T05:44:07,110.52,45.83
2026-08-23T05:44:08,111.21,46.5
2026-08-23T05:44:09,110.61,45.91
2026-08-23T05:44:10,110.56,45.86
2026-08-23T05:44:11,110.58,45.88
2026-08-23T05:44:12,111.33,46.63
2026-08-23T05:44:13,112.28,47.56
2026-08-23T05:44:14,112.14,47.42
2026-08-23T05:44:15,112.38,47.66
2026-08-23T05:44:16,113.11,48.38
2026-08-23T05:44:17,112.51,47.79
2026-08-23T05:44:18,112.04,47.32
2026-08-23T05:44:19,113.88,49.14
2026-08-23T05:44:20,112.99,48.26
2026-08-23T05:44:21,113.61,48.87
2026-08-23T05:44:22,116.68,51.9
2026-08-23T05:44:23,118.15,53.34
2026-08-23T05:44:24,116.66,51.88
2026-08-23T05:44:25,113.44,48.71
2026-08-23T05:44:26,110.46,45.76
2026-08-23T05:44:27,112.55,47.83
2026-08-23T05:44:28,112.38,47.66
2026-08-23T05:44:29,114.24,49.49
2026-08-23T05:44:30,115.74,50.98
2026-08-23T05:44:31,117.02,52.23
2026-08-23T05:44:32,119.2,54.38
2026-08-23T05:44:33,122.8,57.93
2026-08-23T05:44:34,124.17,59.29
2026-08-23T05:44:35,125.41,60.51
2026-08-23T05:44:36,125.63,60.72
2026-08-23T05:44:37,124.55,59.65
2026-08-23T05:44:38,123.26,58.38
2026-08-23T05:44:39,118.22,53.41
2026-08-23T05:44:40,116.48,51.7
2026-08-23T05:44:41,119.93,55.1
2026-08-23T05:44:42,115.16,50.4
2026-08-23T05:44:43,115.74,50.98
2026-08-23T05:44:44,119.21,54.39
2026-08-23T05:44:45,113.84,49.1
2026-08-23T05:44:46,111.38,46.68
2026-08-23T05:44:47,111.27,46.57
2026-08-23T05:44:48,111.01,46.31
2026-08-23T05:44:49,111.02,46.32
2026-08-23T05:44:50,110.84,46.14
2026-08-23T05:44:51,111.03,46.33
2026-08-23T05:44:52,110.6,45.91
2026-08-23T05:44:53,110.09,45.4
2026-08-23T05:44:54,110.77,46.07
2026-08-23T05:44:55,110.87,46.18
2026-08-23T05:44:56,111.46,46.76
2026-08-23T05:44:57,110.36,45.67
2026-08-23T05:44:58,109.94,45.26
2026-08-23T05:44:59,110.23,45.54
2026-08-23T05:45:00,110.24,45.55
2026-08-23T05:45:01,110.31,45.61
2026-08-23T05:45:02,110.32,45.63
2026-08-23T05:45:03,110.1,45.41
2026-08-23T05:45:04,109.84,45.16
2026-08-23T05:45:05,110.21,45.52
2026-08-23T05:45:06,109.82,45.14
2026-08-23T05:45:07,109.61,44.93
2026-08-23T05:45:08,110.23,45.54
2026-08-23T05:45:09,110.15,45.46
2026-08-23T05:45:10,110.11,45.42
2026-08-23T05:45:11,110.35,45.66
2026-08-23T05:45:12,110.14,45.45
2026-08-23T05:45:13,110.25,45.56
2026-08-23T05:45:14,110.78,46.08
2026-08-23T05:45:15,110.42,45.73
2026-08-23T05:45:16,110.66,45.97
2026-08-23T05:45:17,111.35,46.65
2026-08-23T05:45:18,111.07,46.37
2026-08-23T05:45:19,110.8,46.11
2026-08-23T05:45:20,111.09,46.39
2026-08-23T05:45:21,111.01,46.31
2026-08-23T05:45:22,111.43,46.72
2026-08-23T05:45:23,110.55,45.85
2026-08-23T05:45:24,111.1,46.4
2026-08-23T05:45:25,111.04,46.34
2026-08-23T05:45:26,110.5,45.81
2026-08-23T05:45:27,110.37,45.67
2026-08-23T05:45:28,109.89,45.2
2026-08-23T05:45:29,110.34,45.65
2026-08-23T05:45:30,110.14,45.45
2026-08-23T05:45:31,110.3,45.6
2026-08-23T05:45:32,110.55,45.86
2026-08-23T05:45:33,110.52,45.82
2026-08-23T05:45:34,109.82,45.14
2026-08-23T05:45:35,109.89,45.21
2026-08-23T05:45:36,109.67,44.99
2026-08-23T05:45:37,109.9,45.21
2026-08-23T05:45:38,110.1,45.41
2026-08-23T05:45:39,109.86,45.18
2026-08-23T05:45:40,110.34,45.64
2026-08-23T05:45:41,110.97,46.27
2026-08-23T05:45:42,111.94,47.22
2026-08-23T05:45:43,111.41,46.7
2026-08-23T05:45:44,111.29,46.58
2026-08-23T05:45:45,111.11,46.41
2026-08-23T05:45:46,112.93,48.2
2026-08-23T05:45:47,112.89,48.17
2026-08-23T05:45:48,112.07,47.35
2026-08-23T05:45:49,110.59,45.89
2026-08-23T05:45:50,109.67,44.98
2026-08-23T05:45:51,109.92,45.23
2026-08-23T05:45:52,109.75,45.07
2026-08-23T05:45:53,109.79,45.11
2026-08-23T05:45:54,111.5,46.79
2026-08-23T05:45:55,111.15,46.45
2026-08-23T05:45:56,111.35,46.65
2026-08-23T05:45:57,111.61,46.9
2026-08-23T05:45:58,111.8,47.08
2026-08-23T05:45:59,111.35,46.64
2026-08-23T05:46:00,111.84,47.12
2026-08-23T05:46:01,111.16,46.46
2026-08-23T05:46:02,111.03,46.33
2026-08-23T05:46:03,110.54,45.85
2026-08-23T05:46:04,110.7,46.0
2026-08-23T05:46:05,111.89,47.18
2026-08-23T05:46:06,110.33,45.64
2026-08-23T05:46:07,109.98,45.29
2026-08-23T05:46:08,110.62,45.93
2026-08-23T05:46:09,110.47,45.78
2026-08-23T05:46:10,110.07,45.38
2026-08-23T05:46:11,110.3,45.61
2026-08-23T05:46:12,110.88,46.18
2026-08-23T05:46:13,110.67,45.98
2026-08-23T05:46:14,110.31,45.62
2026-08-23T05:46:15,110.36,45.67
2026-08-23T05:46:16,110.24,45.55
2026-08-23T05:46:17,110.44,45.74
2026-08-23T05:46:18,109.7,45.02
2026-08-23T05:46:19,109.74,45.06
2026-08-23T05:46:20,109.25,44.57
2026-08-23T05:46:21,109.71,45.03
2026-08-23T05:46:22,109.56,44.88
2026-08-23T05:46:23,109.98,45.29
2026-08-23T05:46:24,110.26,45.57
2026-08-23T05:46:25,110.11,45.42
2026-08-23T05:46:26,110.08,45.4
2026-08-23T05:46:27,109.37,44.7
2026-08-23T05:46:28,109.67,44.98
2026-08-23T05:46:29,109.37,44.69
2026-08-23T05:46:30,109.98,45.29
2026-08-23T05:46:31,110.25,45.56
2026-08-23T05:46:32,110.44,45.75
2026-08-23T05:46:33,110.14,45.45
2026-08-23T05:46:34,110.41,45.72
2026-08-23T05:46:35,110.73,46.03
2026-08-23T05:46:36,111.51,46.8
2026-08-23T05:46:37,111.58,46.87
2026-08-23T05:46:38,111.76,47.05
2026-08-23T05:46:39,112.95,48.22
2026-08-23T05:46:40,115.95,51.18
2026-08-23T05:46:41,118.75,53.94
2026-08-23T05:46:42,118.79,53.97
2026-08-23T05:46:43,119.97,55.14
2026-08-23T05:46:44,119.99,55.16
2026-08-23T05:46:45,121.48,56.63
2026-08-23T05:46:46,121.42,56.57
2026-08-23T05:46:47,119.89,55.07
2026-08-23T05:46:48,116.79,52.0
2026-08-23T05:46:49,115.26,50.5
2026-08-23T05:46:50,113.84,49.1
2026-08-23T05:46:51,112.74,48.01
2026-08-23T05:46:52,112.28,47.56
2026-08-23T05:46:53,111.63,46.92
2026-08-23T05:46:54,111.8,47.09
2026-08-23T05:46:55,112.07,47.35
2026-08-23T05:46:56,111.34,46.63
2026-08-23T05:46:57,111.05,46.35
2026-08-23T05:46:58,110.44,45.75
2026-08-23T05:46:59,110.12,45.44
2026-08-23T05:47:00,110.31,45.62
2026-08-23T05:47:01,110.42,45.73
2026-08-23T05:47:02,110.36,45.67
2026-08-23T05:47:03,109.94,45.25
2026-08-23T05:47:04,110.29,45.6
2026-08-23T05:47:05,110.52,45.82
2026-08-23T05:47:06,110.87,46.17
2026-08-23T05:47:07,111.11,46.4
2026-08-23T05:47:08,110.87,46.17
2026-08-23T05:47:09,111.07,46.37
2026-08-23T05:47:10,111.03,46.33
2026-08-23T05:47:11,110.65,45.95
2026-08-23T05:47:12,110.39,45.7
2026-08-23T05:47:13,110.12,45.44
2026-08-23T05:47:14,110.97,46.27
2026-08-23T05:47:15,110.48,45.79
2026-08-23T05:47:16,110.85,46.15
2026-08-23T05:47:17,111.13,46.43
2026-08-23T05:47:18,110.76,46.06
2026-08-23T05:47:19,110.39,45.69
2026-08-23T05:47:20,110.7,46.0
2026-08-23T05:47:21,111.64,46.93
2026-08-23T05:47:22,111.65,46.93
2026-08-23T05:47:23,111.03,46.33
2026-08-23T05:47:24,110.82,46.12
2026-08-23T05:47:25,110.71,46.02
2026-08-23T05:47:26,111.92,47.21
2026-08-23T05:47:27,112.85,48.13
2026-08-23T05:47:28,113.78,49.04
2026-08-23T05:47:29,114.37,49.62
2026-08-23T05:47:30,114.6,49.85
2026-08-23T05:47:31,113.47,48.73
2026-08-23T05:47:32,112.96,48.23
2026-08-23T05:47:33,110.94,46.24
2026-08-23T05:47:34,110.51,45.82
2026-08-23T05:47:35,110.8,46.1
2026-08-23T05:47:36,110.56,45.86
2026-08-23T05:47:37,110.62,45.92
2026-08-23T05:47:38,110.69,45.99
2026-08-23T05:47:39,110.84,46.14
2026-08-23T05:47:40,110.75,46.05
2026-08-23T05:47:41,110.55,45.86
2026-08-23T05:47:42,110.84,46.14
2026-08-23T05:47:43,111.06,46.35
2026-08-23T05:47:44,110.74,46.04
2026-08-23T05:47:45,110.33,45.64
2026-08-23T05:47:46,110.69,45.99
2026-08-23T05:47:47,110.78,46.09
2026-08-23T05:47:48,110.37,45.67
2026-08-23T05:47:49,109.88,45.2
2026-08-23T05:47:50,110.45,45.76
2026-08-23T05:47:51,110.36,45.67
2026-08-23T05:47:52,109.94,45.26
2026-08-23T05:47:53,110.06,45.37
2026-08-23T05:47:54,109.87,45.18
2026-08-23T05:47:55,110.61,45.91
2026-08-23T05:47:56,110.19,45.5
2026-08-23T05:47:57,110.19,45.5
2026-08-23T05:47:58,110.33,45.63
2026-08-23T05:47:59,110.57,45.88
2026-08-23T05:48:00,110.6,45.91
2026-08-23T05:48:01,110.73,46.04
2026-08-23T05:48:02,110.38,45.69
2026-08-23T05:48:03,110.5,45.81
2026-08-23T05:48:04,111.06,46.36
2026-08-23T05:48:05,111.24,46.53
2026-08-23T05:48:06,112.41,47.69
2026-08-23T05:48:07,112.09,47.37
2026-08-23T05:48:08,112.21,47.49
2026-08-23T05:48:09,113.33,48.6
2026-08-23T05:48:10,113.21,48.48
2026-08-23T05:48:11,113.23,48.5
2026-08-23T05:48:12,112.83,48.1
2026-08-23T05:48:13,112.11,47.39
2026-08-23T05:48:14,111.25,46.54
2026-08-23T05:48:15,117.81,53.01
2026-08-23T05:48:16,114.62,49.86
2026-08-23T05:48:17,111.02,46.32
2026-08-23T05:48:18,111.34,46.64
2026-08-23T05:48:19,110.22,45.53
2026-08-23T05:48:20,110.81,46.12
2026-08-23T05:48:21,109.72,45.03
2026-08-23T05:48:22,109.88,45.19
2026-08-23T05:48:23,109.5,44.82
2026-08-23T05:48:24,110.16,45.47
2026-08-23T05:48:25,109.76,45.08
2026-08-23T05:48:26,110.25,45.56
2026-08-23T05:48:27,110.28,45.59
2026-08-23T05:48:28,110.03,45.34
2026-08-23T05:48:29,110.59,45.89
2026-08-23T05:48:30,110.45,45.75
2026-08-23T05:48:31,110.9,46.2
2026-08-23T05:48:32,110.86,46.16
2026-08-23T05:48:33,111.33,46.62
2026-08-23T05:48:34,111.33,46.63
2026-08-23T05:48:35,110.57,45.87
2026-08-23T05:48:36,110.68,45.99
2026-08-23T05:48:37,110.39,45.7
2026-08-23T05:48:38,110.2,45.51
2026-08-23T05:48:39,110.51,45.82
2026-08-23T05:48:40,110.64,45.95
2026-08-23T05:48:41,110.73,46.03
2026-08-23T05:48:42,110.47,45.77
2026-08-23T05:48:43,109.99,45.31
2026-08-23T05:48:44,110.0,45.31
2026-08-23T05:48:45,109.68,45.0
2026-08-23T05:48:46,110.01,45.33
2026-08-23T05:48:47,109.94,45.25
2026-08-23T05:48:48,109.99,45.3
2026-08-23T05:48:49,110.48,45.78
2026-08-23T05:48:50,110.86,46.16
2026-08-23T05:48:51,109.97,45.29
2026-08-23T05:48:52,110.22,45.53
2026-08-23T05:48:53,109.94,45.26
2026-08-23T05:48:54,109.91,45.23
2026-08-23T05:48:55,109.88,45.19
2026-08-23T05:48:56,110.0,45.31
2026-08-23T05:48:57,109.93,45.24
2026-08-23T05:48:58,111.19,46.49
2026-08-23T05:48:59,110.56,45.86
2026-08-23T05:49:00,110.21,45.52
2026-08-23T05:49:01,110.74,46.05
2026-08-23T05:49:02,110.82,46.12
2026-08-23T05:49:03,110.1,45.41
2026-08-23T05:49:04,110.4,45.71
2026-08-23T05:49:05,110.22,45.53
2026-08-23T05:49:06,110.5,45.8
2026-08-23T05:49:07,110.21,45.52
2026-08-23T05:49:08,109.77,45.09
2026-08-23T05:49:09,109.94,45.26
2026-08-23T05:49:10,110.33,45.64
2026-08-23T05:49:11,109.63,44.95
2026-08-23T05:49:12,109.75,45.06
2026-08-23T05:49:13,109.91,45.23
2026-08-23T05:49:14,109.86,45.17
2026-08-23T05:49:15,109.88,45.2
2026-08-23T05:49:16,109.87,45.19
2026-08-23T05:49:17,109.7,45.01
2026-08-23T05:49:18,109.92,45.23
2026-08-23T05:49:19,110.35,45.66
2026-08-23T05:49:20,110.03,45.34
2026-08-23T05:49:21,110.09,45.4
2026-08-23T05:49:22,109.94,45.26
2026-08-23T05:49:23,110.14,45.45
2026-08-23T05:49:24,109.84,45.15
2026-08-23T05:49:25,109.74,45.06
2026-08-23T05:49:26,109.79,45.11
2026-08-23T05:49:27,109.74,45.06
2026-08-23T05:49:28,109.75,45.07
2026-08-23T05:49:29,110.17,45.48
2026-08-23T05:49:30,109.84,45.15
2026-08-23T05:49:31,109.88,45.19
2026-08-23T05:49:32,109.56,44.88
2026-08-23T05:49:33,109.55,44.87
2026-08-23T05:49:34,109.39,44.71
2026-08-23T05:49:35,110.01,45.32
2026-08-23T05:49:36,110.54,45.84
2026-08-23T05:49:37,110.98,46.28
2026-08-23T05:49:38,110.99,46.28
2026-08-23T05:49:39,111.04,46.34
2026-08-23T05:49:40,110.9,46.2
2026-08-23T05:49:41,111.32,46.61
2026-08-23T05:49:42,111.21,46.5
2026-08-23T05:49:43,111.76,47.05
2026-08-23T05:49:44,110.88,46.18
2026-08-23T05:49:45,110.22,45.53
2026-08-23T05:49:46,110.34,45.65
2026-08-23T05:49:47,110.4,45.71
2026-08-23T05:49:48,111.07,46.37
2026-08-23T05:49:49,110.95,46.25
2026-08-23T05:49:50,111.21,46.5
2026-08-23T05:49:51,110.45,45.75
2026-08-23T05:49:52,110.35,45.66
2026-08-23T05:49:53,110.66,45.97
2026-08-23T05:49:54,109.59,44.91
2026-08-23T05:49:55,109.85,45.16
2026-08-23T05:49:56,109.72,45.04
2026-08-23T05:49:57,109.92,45.24
2026-08-23T05:49:58,110.88,46.18
2026-08-23T05:49:59,111.11,46.41
2026-08-23T05:50:00,111.08,46.38
2026-08-23T05:50:01,110.36,45.66
2026-08-23T05:50:02,110.32,45.63
2026-08-23T05:50:03,110.09,45.4
2026-08-23T05:50:04,110.29,45.6
2026-08-23T05:50:05,109.73,45.04
2026-08-23T05:50:06,109.53,44.85
2026-08-23T05:50:07,109.41,44.73
2026-08-23T05:50:08,109.64,44.95
2026-08-23T05:50:09,110.26,45.57
2026-08-23T05:50:10,109.8,45.12
2026-08-23T05:50:11,109.35,44.67
2026-08-23T05:50:12,109.55,44.87
2026-08-23T05:50:13,109.99,45.31
2026-08-23T05:50:14,110.35,45.65
2026-08-23T05:50:15,110.2,45.51
2026-08-23T05:50:16,110.07,45.39
2026-08-23T05:50:17,110.4,45.71
2026-08-23T05:50:18,110.3,45.61
2026-08-23T05:50:19,110.26,45.57
2026-08-23T05:50:20,109.92,45.24
2026-08-23T05:50:21,109.8,45.11
2026-08-23T05:50:22,109.9,45.21
2026-08-23T05:50:23,110.34,45.65
2026-08-23T05:50:24,109.99,45.31
2026-08-23T05:50:25,110.39,45.69
2026-08-23T05:50:26,110.16,45.48
2026-08-23T05:50:27,110.35,45.66
2026-08-23T05:50:28,110.38,45.68
2026-08-23T05:50:29,110.33,45.64
2026-08-23T05:50:30,110.08,45.39
2026-08-23T05:50:31,110.01,45.33
2026-08-23T05:50:32,110.01,45.32
2026-08-23T05:50:33,110.18,45.49
2026-08-23T05:50:34,110.22,45.53
2026-08-23T05:50:35,111.43,46.73
2026-08-23T05:50:36,112.58,47.86
2026-08-23T05:50:37,112.88,48.15
2026-08-23T05:50:38,114.2,49.45
2026-08-23T05:50:39,115.68,50.91
2026-08-23T05:50:40,118.08,53.27
2026-08-23T05:50:41,120.67,55.83
2026-08-23T05:50:42,120.86,56.02
2026-08-23T05:50:43,122.31,57.44
2026-08-23T05:50:44,124.18,59.29
2026-08-23T05:50:45,124.16,59.27
2026-08-23T05:50:46,123.61,58.73
2026-08-23T05:50:47,120.95,56.11
2026-08-23T05:50:48,118.43,53.63
2026-08-23T05:50:49,117.28,52.49
2026-08-23T05:50:50,115.26,50.5
2026-08-23T05:50:51,113.99,49.25
2026-08-23T05:50:52,113.09,48.36
2026-08-23T05:50:53,112.95,48.23
2026-08-23T05:50:54,113.64,48.9
2026-08-23T05:50:55,113.29,48.56
2026-08-23T05:50:56,113.96,49.22
2026-08-23T05:50:57,113.48,48.74
2026-08-23T05:50:58,113.05,48.32
2026-08-23T05:50:59,113.38,48.64
2026-08-23T05:51:00,114.59,49.84
2026-08-23T05:51:01,116.16,51.39
2026-08-23T05:51:02,119.57,54.75
2026-08-23T05:51:03,122.08,57.22
2026-08-23T05:51:04,125.67,60.76
2026-08-23T05:51:05,125.97,61.05
2026-08-23T05:51:06,124.07,59.19
2026-08-23T05:51:07,119.57,54.75
2026-08-23T05:51:08,116.59,51.81
2026-08-23T05:51:09,115.33,50.57
2026-08-23T05:51:10,114.47,49.72
2026-08-23T05:51:11,114.9,50.15
2026-08-23T05:51:12,116.01,51.24
2026-08-23T05:51:13,115.84,51.07
2026-08-23T05:51:14,113.1,48.37
2026-08-23T05:51:15,113.13,48.4
2026-08-23T05:51:16,115.43,50.67
2026-08-23T05:51:17,113.79,49.05
2026-08-23T05:51:18,112.38,47.66
2026-08-23T05:51:19,112.34,47.62
2026-08-23T05:51:20,111.12,46.42
2026-08-23T05:51:21,111.1,46.4
2026-08-23T05:51:22,110.67,45.98
2026-08-23T05:51:23,111.06,46.36
2026-08-23T05:51:24,109.74,45.05
2026-08-23T05:51:25,109.77,45.09
2026-08-23T05:51:26,110.04,45.35
2026-08-23T05:51:27,109.87,45.19
2026-08-23T05:51:28,110.13,45.44
2026-08-23T05:51:29,109.65,44.96
2026-08-23T05:51:30,109.94,45.25
2026-08-23T05:51:31,109.99,45.3
2026-08-23T05:51:32,109.82,45.13
2026-08-23T05:51:33,111.07,46.37
2026-08-23T05:51:34,110.69,46.0
2026-08-23T05:51:35,110.28,45.58
2026-08-23T05:51:36,110.98,46.28
2026-08-23T05:51:37,109.64,44.96
2026-08-23T05:51:38,110.34,45.65
2026-08-23T05:51:39,110.88,46.18
2026-08-23T05:51:40,110.95,46.24
2026-08-23T05:51:41,111.45,46.74
2026-08-23T05:51:42,111.28,46.58
2026-08-23T05:51:43,110.42,45.73
2026-08-23T05:51:44,110.13,45.44
2026-08-23T05:51:45,110.38,45.68
2026-08-23T05:51:46,110.23,45.54
2026-08-23T05:51:47,110.22,45.53
2026-08-23T05:51:48,109.32,44.64
2026-08-23T05:51:49,109.71,45.03
2026-08-23T05:51:50,109.73,45.05
2026-08-23T05:51:51,109.87,45.19
2026-08-23T05:51:52,110.11,45.42
2026-08-23T05:51:53,110.39,45.7
2026-08-23T05:51:54,110.97,46.27
2026-08-23T05:51:55,111.51,46.8
2026-08-23T05:51:56,110.57,45.88
2026-08-23T05:51:57,109.87,45.18
2026-08-23T05:51:58,109.79,45.1
2026-08-23T05:51:59,110.11,45.42
2026-08-23T05:52:00,110.61,45.91
2026-08-23T05:52:01,110.17,45.48
2026-08-23T05:52:02,110.99,46.29
2026-08-23T05:52:03,110.0,45.31
2026-08-23T05:52:04,109.88,45.2
2026-08-23T05:52:05,109.82,45.13
2026-08-23T05:52:06,110.14,45.45
2026-08-23T05:52:07,110.26,45.57
2026-08-23T05:52:08,109.86,45.17
2026-08-23T05:52:09,109.79,45.11
2026-08-23T05:52:10,110.15,45.47
2026-08-23T05:52:11,110.26,45.57
2026-08-23T05:52:12,110.03,45.34
2026-08-23T05:52:13,109.95,45.27
2026-08-23T05:52:14,109.98,45.29
2026-08-23T05:52:15,110.42,45.73
2026-08-23T05:52:16,109.88,45.19
2026-08-23T05:52:17,110.3,45.61
2026-08-23T05:52:18,110.21,45.52
2026-08-23T05:52:19,109.76,45.08
2026-08-23T05:52:20,110.85,46.15
2026-08-23T05:52:21,111.89,47.17
2026-08-23T05:52:22,112.3,47.58
2026-08-23T05:52:23,112.63,47.91
2026-08-23T05:52:24,113.99,49.24
2026-08-23T05:52:25,115.36,50.6
2026-08-23T05:52:26,119.95,55.12
2026-08-23T05:52:27,122.74,57.87
2026-08-23T05:52:28,124.51,59.61
2026-08-23T05:52:29,124.94,60.04
2026-08-23T05:52:30,124.4,59.51
2026-08-23T05:52:31,124.91,60.01
2026-08-23T05:52:32,122.27,57.41
2026-08-23T05:52:33,119.47,54.64
2026-08-23T05:52:34,118.61,53.8
2026-08-23T05:52:35,116.11,51.34
2026-08-23T05:52:36,115.83,51.06
2026-08-23T05:52:37,115.61,50.84
2026-08-23T05:52:38,115.27,50.51
2026-08-23T05:52:39,113.73,48.99
2026-08-23T05:52:40,112.98,48.25
2026-08-23T05:52:41,111.79,47.08
2026-08-23T05:52:42,111.33,46.63
2026-08-23T05:52:43,111.82,47.1
2026-08-23T05:52:44,111.21,46.51
2026-08-23T05:52:45,111.26,46.56
2026-08-23T05:52:46,111.41,46.71
2026-08-23T05:52:47,112.22,47.5
2026-08-23T05:52:48,111.7,46.99
2026-08-23T05:52:49,112.24,47.53
2026-08-23T05:52:50,111.33,46.62
2026-08-23T05:52:51,111.68,46.97
2026-08-23T05:52:52,111.05,46.35
2026-08-23T05:52:53,111.78,47.07
2026-08-23T05:52:54,110.64,45.95
2026-08-23T05:52:55,111.57,46.86
2026-08-23T05:52:56,112.05,47.33
2026-08-23T05:52:57,111.32,46.62
2026-08-23T05:52:58,110.14,45.45
2026-08-23T05:52:59,111.32,46.62
2026-08-23T05:53:00,110.52,45.83
2026-08-23T05:53:01,110.84,46.14
2026-08-23T05:53:02,110.29,45.6
2026-08-23T05:53:03,109.79,45.11
2026-08-23T05:53:04,110.49,45.8
2026-08-23T05:53:05,110.58,45.88
2026-08-23T05:53:06,109.59,44.91
2026-08-23T05:53:07,111.48,46.77
2026-08-23T05:53:08,111.43,46.72
2026-08-23T05:53:09,110.71,46.01
2026-08-23T05:53:10,110.16,45.47
2026-08-23T05:53:11,109.9,45.22
2026-08-23T05:53:12,109.74,45.06
2026-08-23T05:53:13,109.44,44.76
2026-08-23T05:53:14,109.57,44.89
2026-08-23T05:53:15,110.05,45.37
2026-08-23T05:53:16,110.27,45.58
2026-08-23T05:53:17,109.47,44.79
2026-08-23T05:53:18,109.59,44.91
2026-08-23T05:53:19,109.82,45.13
2026-08-23T05:53:20,109.71,45.03
2026-08-23T05:53:21,109.9,45.22
2026-08-23T05:53:22,110.05,45.36
2026-08-23T05:53:23,110.24,45.55
2026-08-23T05:53:24,109.68,45.0
2026-08-23T05:53:25,109.87,45.19
2026-08-23T05:53:26,109.8,45.11
2026-08-23T05:53:27,109.15,44.47
2026-08-23T05:53:28,110.29,45.6
2026-08-23T05:53:29,109.57,44.89
2026-08-23T05:53:30,109.56,44.88
2026-08-23T05:53:31,109.32,44.65
2026-08-23T05:53:32,109.78,45.09
2026-08-23T05:53:33,109.49,44.81
2026-08-23T05:53:34,109.75,45.07
2026-08-23T05:53:35,109.47,44.79
2026-08-23T05:53:36,109.68,44.99
2026-08-23T05:53:37,109.89,45.21
2026-08-23T05:53:38,109.75,45.07
2026-08-23T05:53:39,109.78,45.09
2026-08-23T05:53:40,110.06,45.37
2026-08-23T05:53:41,109.87,45.19
2026-08-23T05:53:42,109.65,44.97
2026-08-23T05:53:43,109.97,45.28
2026-08-23T05:53:44,109.75,45.06
2026-08-23T05:53:45,109.93,45.24
2026-08-23T05:53:46,111.06,46.36
2026-08-23T05:53:47,110.36,45.67
2026-08-23T05:53:48,109.5,44.82
2026-08-23T05:53:49,109.64,44.95
2026-08-23T05:53:50,109.51,44.83
2026-08-23T05:53:51,109.38,44.7
2026-08-23T05:53:52,109.76,45.08
2026-08-23T05:53:53,109.34,44.66
2026-08-23T05:53:54,109.39,44.71
2026-08-23T05:53:55,109.36,44.68
2026-08-23T05:53:56,109.51,44.83
2026-08-23T05:53:57,110.43,45.74
2026-08-23T05:53:58,109.61,44.93
2026-08-23T05:53:59,109.55,44.87
2026-08-23T05:54:00,109.61,44.92
2026-08-23T05:54:01,109.99,45.31
2026-08-23T05:54:02,109.51,44.83
2026-08-23T05:54:03,109.75,45.07
2026-08-23T05:54:04,109.4,44.72
2026-08-23T05:54:05,109.43,44.76
2026-08-23T05:54:06,109.22,44.55
2026-08-23T05:54:07,109.49,44.81
2026-08-23T05:54:08,109.43,44.75
2026-08-23T05:54:09,109.53,44.85
2026-08-23T05:54:10,109.64,44.96
2026-08-23T05:54:11,109.57,44.89
2026-08-23T05:54:12,109.75,45.07
2026-08-23T05:54:13,109.58,44.9
2026-08-23T05:54:14,111.61,46.9
2026-08-23T05:54:15,109.29,44.61
2026-08-23T05:54:16,109.86,45.18
2026-08-23T05:54:17,110.28,45.59
2026-08-23T05:54:18,110.02,45.33
2026-08-23T05:54:19,109.63,44.95
2026-08-23T05:54:20,109.43,44.76
2026-08-23T05:54:21,109.47,44.79
2026-08-23T05:54:22,109.56,44.88
2026-08-23T05:54:23,109.62,44.94
2026-08-23T05:54:24,109.83,45.15
2026-08-23T05:54:25,109.48,44.8
2026-08-23T05:54:26,109.37,44.69
2026-08-23T05:54:27,108.91,44.24
2026-08-23T05:54:28,109.5,44.83
2026-08-23T05:54:29,109.39,44.71
2026-08-23T05:54:30,109.43,44.75
2026-08-23T05:54:31,109.24,44.56
2026-08-23T05:54:32,109.53,44.85
2026-08-23T05:54:33,109.7,45.02
2026-08-23T05:54:34,109.53,44.85
2026-08-23T05:54:35,109.8,45.12
2026-08-23T05:54:36,109.48,44.81
2026-08-23T05:54:37,109.35,44.67
2026-08-23T05:54:38,109.47,44.79
2026-08-23T05:54:39,109.41,44.74
2026-08-23T05:54:40,109.44,44.76
2026-08-23T05:54:41,109.4,44.73
2026-08-23T05:54:42,109.02,44.35
2026-08-23T05:54:43,109.39,44.71
2026-08-23T05:54:44,109.42,44.75
2026-08-23T05:54:45,109.2,44.52
2026-08-23T05:54:46,109.17,44.49
2026-08-23T05:54:47,109.54,44.86
2026-08-23T05:54:48,109.5,44.82
2026-08-23T05:54:49,108.72,44.05
2026-08-23T05:54:50,108.93,44.26
2026-08-23T05:54:51,109.02,44.34
2026-08-23T05:54:52,109.13,44.45
2026-08-23T05:54:53,109.34,44.66
2026-08-23T05:54:54,109.36,44.68
2026-08-23T05:54:55,109.66,44.98
2026-08-23T05:54:56,109.52,44.84
2026-08-23T05:54:57,109.66,44.98
2026-08-23T05:54:58,109.37,44.7
2026-08-23T05:54:59,109.47,44.79
2026-08-23T05:55:00,109.55,44.87
2026-08-23T05:55:01,109.49,44.81
2026-08-23T05:55:02,109.53,44.85
2026-08-23T05:55:03,109.82,45.14
2026-08-23T05:55:04,109.38,44.7
2026-08-23T05:55:05,109.72,45.04
2026-08-23T05:55:06,109.65,44.97
2026-08-23T05:55:07,109.57,44.89
2026-08-23T05:55:08,109.41,44.73
2026-08-23T05:55:09,109.82,45.14
2026-08-23T05:55:10,109.39,44.72
2026-08-23T05:55:11,109.49,44.81
2026-08-23T05:55:12,109.53,44.85
2026-08-23T05:55:13,109.5,44.82
2026-08-23T05:55:14,109.46,44.78
2026-08-23T05:55:15,109.58,44.9
2026-08-23T05:55:16,109.78,45.1
2026-08-23T05:55:17,109.82,45.13
2026-08-23T05:55:18,109.31,44.64
2026-08-23T05:55:19,109.19,44.51
2026-08-23T05:55:20,109.48,44.8
2026-08-23T05:55:21,110.05,45.36
2026-08-23T05:55:22,109.26,44.58
2026-08-23T05:55:23,109.4,44.73
2026-08-23T05:55:24,109.2,44.53
2026-08-23T05:55:25,109.2,44.53
2026-08-23T05:55:26,109.62,44.94
2026-08-23T05:55:27,109.22,44.55
2026-08-23T05:55:28,109.13,44.45
2026-08-23T05:55:29,109.08,44.41
2026-08-23T05:55:30,109.24,44.57
2026-08-23T05:55:31,109.32,44.64
2026-08-23T05:55:32,109.53,44.85
2026-08-23T05:55:33,109.4,44.72
2026-08-23T05:55:34,109.35,44.67
2026-08-23T05:55:35,109.13,44.46
2026-08-23T05:55:36,109.16,44.49
2026-08-23T05:55:37,108.66,43.99
2026-08-23T05:55:38,109.03,44.36
2026-08-23T05:55:39,109.17,44.5
2026-08-23T05:55:40,109.46,44.78
2026-08-23T05:55:41,109.03,44.36
2026-08-23T05:55:42,108.92,44.25
2026-08-23T05:55:43,109.17,44.5
2026-08-23T05:55:44,108.99,44.32
2026-08-23T05:55:45,109.17,44.49
2026-08-23T05:55:46,108.86,44.19
2026-08-23T05:55:47,108.86,44.19
2026-08-23T05:55:48,108.76,44.09
2026-08-23T05:55:49,108.88,44.21
2026-08-23T05:55:50,109.12,44.44
2026-08-23T05:55:51,109.03,44.36
2026-08-23T05:55:52,109.01,44.34
2026-08-23T05:55:53,110.31,45.62
2026-08-23T05:55:54,109.9,45.21
2026-08-23T05:55:55,109.84,45.16
2026-08-23T05:55:56,109.16,44.49
2026-08-23T05:55:57,108.77,44.1
2026-08-23T05:55:58,109.14,44.46
2026-08-23T05:55:59,109.1,44.42
2026-08-23T05:56:00,109.34,44.67
2026-08-23T05:56:01,109.44,44.76
2026-08-23T05:56:02,109.69,45.0
2026-08-23T05:56:03,109.74,45.05
2026-08-23T05:56:04,109.46,44.78
2026-08-23T05:56:05,108.95,44.28
2026-08-23T05:56:06,109.2,44.52
2026-08-23T05:56:07,110.11,45.42
2026-08-23T05:56:08,110.18,45.49
2026-08-23T05:56:09,110.16,45.47
2026-08-23T05:56:10,109.24,44.56
2026-08-23T05:56:11,108.75,44.08
2026-08-23T05:56:12,109.43,44.75
2026-08-23T05:56:13,109.03,44.35
2026-08-23T05:56:14,109.36,44.69
2026-08-23T05:56:15,109.1,44.43
2026-08-23T05:56:16,109.42,44.74
2026-08-23T05:56:17,109.42,44.74
2026-08-23T05:56:18,109.58,44.9
2026-08-23T05:56:19,109.19,44.51
2026-08-23T05:56:20,109.09,44.41
2026-08-23T05:56:21,109.26,44.58
2026-08-23T05:56:22,109.05,44.38
2026-08-23T05:56:23,109.06,44.39
2026-08-23T05:56:24,109.22,44.54
2026-08-23T05:56:25,108.9,44.22
2026-08-23T05:56:26,110.03,45.35
2026-08-23T05:56:27,109.54,44.86
2026-08-23T05:56:28,108.86,44.19
2026-08-23T05:56:29,108.76,44.09
2026-08-23T05:56:30,108.8,44.13
2026-08-23T05:56:31,108.95,44.28
2026-08-23T05:56:32,108.75,44.08
2026-08-23T05:56:33,108.96,44.29
2026-08-23T05:56:34,109.13,44.46
2026-08-23T05:56:35,109.0,44.33
2026-08-23T05:56:36,108.75,44.08
2026-08-23T05:56:37,108.95,44.28
2026-08-23T05:56:38,108.74,44.07
2026-08-23T05:56:39,108.62,43.95
2026-08-23T05:56:40,109.16,44.48
2026-08-23T05:56:41,108.44,43.77
2026-08-23T05:56:42,109.1,44.43
2026-08-23T05:56:43,109.24,44.57
2026-08-23T05:56:44,108.68,44.01
2026-08-23T05:56:45,108.94,44.27
2026-08-23T05:56:46,108.58,43.91
2026-08-23T05:56:47,109.35,44.67
2026-08-23T05:56:48,108.7,44.03
2026-08-23T05:56:49,108.85,44.18
2026-08-23T05:56:50,108.69,44.03
2026-08-23T05:56:51,109.16,44.48
2026-08-23T05:56:52,108.98,44.31
2026-08-23T05:56:53,108.86,44.19
2026-08-23T05:56:54,109.19,44.51
2026-08-23T05:56:55,108.88,44.21
2026-08-23T05:56:56,109.15,44.47
2026-08-23T05:56:57,109.02,44.34
2026-08-23T05:56:58,109.04,44.37
2026-08-23T05:56:59,108.98,44.31
2026-08-23T05:57:00,109.78,45.1
2026-08-23T05:57:01,109.8,45.12
2026-08-23T05:57:02,109.9,45.21
2026-08-23T05:57:03,109.47,44.79
2026-08-23T05:57:04,109.57,44.89
2026-08-23T05:57:05,109.94,45.26
2026-08-23T05:57:06,109.39,44.71
2026-08-23T05:57:07,109.72,45.04
2026-08-23T05:57:08,109.86,45.17
2026-08-23T05:57:09,109.5,44.82
2026-08-23T05:57:10,109.62,44.93
2026-08-23T05:57:11,109.29,44.61
2026-08-23T05:57:12,109.53,44.85
2026-08-23T05:57:13,109.11,44.44
2026-08-23T05:57:14,109.63,44.95
2026-08-23T05:57:15,109.09,44.42
2026-08-23T05:57:16,109.29,44.61
2026-08-23T05:57:17,109.09,44.42
2026-08-23T05:57:18,109.3,44.63
2026-08-23T05:57:19,108.74,44.07
2026-08-23T05:57:20,109.66,44.97
2026-08-23T05:57:21,108.9,44.23
2026-08-23T05:57:22,108.96,44.28
2026-08-23T05:57:23,109.19,44.52
2026-08-23T05:57:24,109.26,44.58
2026-08-23T05:57:25,109.65,44.97
2026-08-23T05:57:26,109.41,44.73
2026-08-23T05:57:27,109.25,44.57
2026-08-23T05:57:28,109.68,45.0
2026-08-23T05:57:29,110.2,45.51
2026-08-23T05:57:30,109.84,45.16
2026-08-23T05:57:31,109.48,44.8
2026-08-23T05:57:32,109.43,44.75
2026-08-23T05:57:33,109.27,44.59
2026-08-23T05:57:34,109.49,44.81
2026-08-23T05:57:35,109.29,44.61
2026-08-23T05:57:36,109.33,44.66
2026-08-23T05:57:37,109.38,44.7
2026-08-23T05:57:38,109.24,44.56
2026-08-23T05:57:39,109.15,44.48
2026-08-23T05:57:40,109.32,44.65
2026-08-23T05:57:41,109.92,45.24
2026-08-23T05:57:42,109.88,45.2
2026-08-23T05:57:43,109.65,44.97
2026-08-23T05:57:44,109.3,44.63
2026-08-23T05:57:45,109.17,44.5
2026-08-23T05:57:46,108.94,44.27
2026-08-23T05:57:47,110.04,45.36
2026-08-23T05:57:48,110.68,45.99
2026-08-23T05:57:49,109.4,44.73
2026-08-23T05:57:50,109.66,44.98
2026-08-23T05:57:51,109.92,45.23
2026-08-23T05:57:52,109.15,44.47
2026-08-23T05:57:53,109.22,44.55
2026-08-23T05:57:54,109.33,44.65
2026-08-23T05:57:55,109.08,44.4
2026-08-23T05:57:56,109.37,44.69
2026-08-23T05:57:57,109.42,44.74
2026-08-23T05:57:58,109.58,44.9
2026-08-23T05:57:59,109.74,45.06
2026-08-23T05:58:00,109.68,44.99
2026-08-23T05:58:01,109.48,44.8
2026-08-23T05:58:02,110.11,45.43
2026-08-23T05:58:03,109.27,44.6
2026-08-23T05:58:04,109.39,44.71
2026-08-23T05:58:05,109.47,44.79
2026-08-23T05:58:06,109.6,44.92
2026-08-23T05:58:07,109.7,45.02
2026-08-23T05:58:08,109.75,45.07
2026-08-23T05:58:09,109.79,45.11
2026-08-23T05:58:10,109.77,45.09
2026-08-23T05:58:11,109.54,44.86
2026-08-23T05:58:12,109.66,44.98
2026-08-23T05:58:13,109.3,44.62
2026-08-23T05:58:14,109.53,44.85
2026-08-23T05:58:15,109.46,44.78
2026-08-23T05:58:16,109.35,44.67
2026-08-23T05:58:17,109.53,44.85
2026-08-23T05:58:18,109.19,44.52
2026-08-23T05:58:19,110.08,45.39
2026-08-23T05:58:20,110.44,45.75
2026-08-23T05:58:21,110.79,46.09
2026-08-23T05:58:22,110.37,45.68
2026-08-23T05:58:23,110.41,45.72
2026-08-23T05:58:24,110.61,45.92
2026-08-23T05:58:25,110.72,46.02
2026-08-23T05:58:26,109.52,44.84
2026-08-23T05:58:27,108.61,43.94
2026-08-23T05:58:28,109.25,44.57
2026-08-23T05:58:29,110.26,45.57
2026-08-23T05:58:30,109.89,45.21
2026-08-23T05:58:31,110.11,45.42
2026-08-23T05:58:32,110.51,45.82
2026-08-23T05:58:33,109.97,45.29
2026-08-23T05:58:34,109.64,44.96
2026-08-23T05:58:35,109.38,44.7
2026-08-23T05:58:36,108.88,44.21
2026-08-23T05:58:37,109.34,44.66
2026-08-23T05:58:38,109.41,44.73
2026-08-23T05:58:39,109.62,44.94
2026-08-23T05:58:40,109.96,45.27
2026-08-23T05:58:41,110.77,46.07
2026-08-23T05:58:42,110.05,45.36
2026-08-23T05:58:43,109.62,44.93
2026-08-23T05:58:44,110.2,45.51
2026-08-23T05:58:45,109.66,44.98
2026-08-23T05:58:46,110.17,45.48
2026-08-23T05:58:47,109.62,44.94
2026-08-23T05:58:48,109.89,45.2
2026-08-23T05:58:49,110.86,46.16
2026-08-23T05:58:50,110.44,45.75
2026-08-23T05:58:51,110.21,45.52
2026-08-23T05:58:52,110.31,45.62
2026-08-23T05:58:53,110.19,45.5
2026-08-23T05:58:54,109.04,44.37
2026-08-23T05:58:55,109.52,44.84
2026-08-23T05:58:56,109.1,44.43
2026-08-23T05:58:57,109.22,44.55
2026-08-23T05:58:58,110.23,45.54
2026-08-23T05:58:59,109.79,45.11
2026-08-23T05:59:00,109.56,44.88
2026-08-23T05:59:01,109.63,44.95
2026-08-23T05:59:02,109.0,44.33
2026-08-23T05:59:03,110.13,45.44
2026-08-23T05:59:04,109.92,45.24
2026-08-23T05:59:05,109.89,45.2
2026-08-23T05:59:06,109.36,44.68
2026-08-23T05:59:07,109.25,44.57
2026-08-23T05:59:08,109.25,44.58
2026-08-23T05:59:09,109.23,44.55
2026-08-23T05:59:10,109.1,44.43
2026-08-23T05:59:11,109.07,44.4
2026-08-23T05:59:12,109.67,44.99
2026-08-23T05:59:13,109.57,44.89
2026-08-23T05:59:14,109.28,44.61
2026-08-23T05:59:15,109.2,44.52
2026-08-23T05:59:16,109.63,44.95
2026-08-23T05:59:17,109.68,45.0
2026-08-23T05:59:18,109.65,44.97
2026-08-23T05:59:19,109.59,44.91
2026-08-23T05:59:20,109.89,45.21
2026-08-23T05:59:21,109.72,45.04
2026-08-23T05:59:22,109.97,45.29
2026-08-23T05:59:23,109.52,44.84
2026-08-23T05:59:24,109.33,44.65
2026-08-23T05:59:25,109.75,45.07
2026-08-23T05:59:26,109.18,44.51
2026-08-23T05:59:27,110.53,45.83
2026-08-23T05:59:28,111.76,47.05
2026-08-23T05:59:29,110.34,45.65
2026-08-23T05:59:30,109.54,44.86
2026-08-23T05:59:31,109.46,44.78
2026-08-23T05:59:32,109.65,44.96
2026-08-23T05:59:33,110.01,45.32
2026-08-23T05:59:34,109.66,44.98
2026-08-23T05:59:35,109.75,45.06
2026-08-23T05:59:36,109.73,45.05
2026-08-23T05:59:37,109.53,44.85
2026-08-23T05:59:38,109.58,44.9
2026-08-23T05:59:39,110.53,45.84
2026-08-23T05:59:40,110.5,45.81
2026-08-23T05:59:41,109.8,45.11
2026-08-23T05:59:42,111.09,46.39
2026-08-23T05:59:43,110.12,45.43
2026-08-23T05:59:44,110.08,45.4
2026-08-23T05:59:45,111.34,46.63
2026-08-23T05:59:46,110.0,45.32
2026-08-23T05:59:47,109.6,44.92
2026-08-23T05:59:48,109.78,45.1
2026-08-23T05:59:49,109.46,44.78
2026-08-23T05:59:50,109.54,44.86
2026-08-23T05:59:51,109.97,45.29
2026-08-23T05:59:52,110.44,45.75
2026-08-23T05:59:53,110.32,45.63
2026-08-23T05:59:54,111.55,46.84
2026-08-23T05:59:55,111.27,46.56
2026-08-23T05:59:56,110.3,45.6
2026-08-23T05:59:57,109.93,45.24
2026-08-23T05:59:58,109.98,45.29
2026-08-23T05:59:59,110.28,45.59
2026-08-23T06:00:00,110.05,45.36
2026-08-23T06:00:01,109.62,44.94
2026-08-23T06:00:02,109.85,45.16
2026-08-23T06:00:03,109.67,44.99
2026-08-23T06:00:04,109.71,45.02
2026-08-23T06:00:05,110.01,45.33
2026-08-23T06:00:06,109.74,45.06
2026-08-23T06:00:07,110.12,45.43
2026-08-23T06:00:08,110.09,45.4
2026-08-23T06:00:09,109.83,45.14
2026-08-23T06:00:10,109.47,44.8
2026-08-23T06:00:11,109.26,44.58
2026-08-23T06:00:12,110.07,45.38
2026-08-23T06:00:13,109.55,44.87
2026-08-23T06:00:14,109.67,44.98
2026-08-23T06:00:15,109.51,44.83
2026-08-23T06:00:16,109.34,44.67
2026-08-23T06:00:17,109.22,44.54
2026-08-23T06:00:18,109.51,44.83
2026-08-23T06:00:19,109.51,44.83
2026-08-23T06:00:20,109.47,44.79
2026-08-23T06:00:21,109.65,44.97
2026-08-23T06:00:22,109.55,44.87
2026-08-23T06:00:23,109.47,44.79
2026-08-23T06:00:24,109.62,44.94
2026-08-23T06:00:25,109.14,44.46
2026-08-23T06:00:26,108.9,44.23
2026-08-23T06:00:27,109.29,44.62
2026-08-23T06:00:28,108.96,44.29
2026-08-23T06:00:29,109.29,44.62
2026-08-23T06:00:30,109.08,44.41
2026-08-23T06:00:31,109.33,44.65
2026-08-23T06:00:32,109.17,44.5
2026-08-23T06:00:33,109.7,45.01
2026-08-23T06:00:34,109.5,44.82
2026-08-23T06:00:35,109.37,44.69
2026-08-23T06:00:36,109.7,45.02
2026-08-23T06:00:37,109.46,44.78
2026-08-23T06:00:38,109.35,44.67
2026-08-23T06:00:39,109.56,44.88
2026-08-23T06:00:40,109.79,45.11
2026-08-23T06:00:41,109.26,44.59
2026-08-23T06:00:42,110.17,45.48
2026-08-23T06:00:43,110.06,45.38
2026-08-23T06:00:44,109.92,45.23
2026-08-23T06:00:45,109.77,45.08
2026-08-23T06:00:46,110.23,45.54
2026-08-23T06:00:47,109.81,45.13
2026-08-23T06:00:48,109.99,45.31
2026-08-23T06:00:49,109.53,44.85
2026-08-23T06:00:50,109.59,44.91
2026-08-23T06:00:51,109.76,45.08
2026-08-23T06:00:52,109.74,45.06
2026-08-23T06:00:53,109.78,45.1
2026-08-23T06:00:54,109.63,44.95
2026-08-23T06:00:55,109.64,44.96
2026-08-23T06:00:56,109.49,44.81
2026-08-23T06:00:57,109.16,44.49
2026-08-23T06:00:58,109.39,44.71
2026-08-23T06:00:59,109.13,44.46
2026-08-23T06:01:00,109.13,44.46
2026-08-23T06:01:01,109.48,44.8
2026-08-23T06:01:02,109.17,44.5
2026-08-23T06:01:03,109.47,44.79
2026-08-23T06:01:04,109.78,45.1
2026-08-23T06:01:05,110.29,45.6
2026-08-23T06:01:06,109.76,45.07
2026-08-23T06:01:07,110.01,45.32
2026-08-23T06:01:08,109.72,45.03
2026-08-23T06:01:09,109.81,45.12
2026-08-23T06:01:10,109.52,44.84
2026-08-23T06:01:11,109.55,44.87
2026-08-23T06:01:12,109.44,44.76
2026-08-23T06:01:13,109.73,45.05
2026-08-23T06:01:14,109.96,45.27
2026-08-23T06:01:15,109.96,45.27
2026-08-23T06:01:16,109.22,44.55
2026-08-23T06:01:17,109.14,44.46
2026-08-23T06:01:18,109.47,44.79
2026-08-23T06:01:19,109.52,44.84
2026-08-23T06:01:20,109.62,44.94
2026-08-23T06:01:21,109.74,45.06
2026-08-23T06:01:22,109.76,45.07
2026-08-23T06:01:23,109.57,44.89
2026-08-23T06:01:24,109.51,44.83
2026-08-23T06:01:25,109.87,45.18
2026-08-23T06:01:26,109.25,44.58
2026-08-23T06:01:27,109.87,45.19
2026-08-23T06:01:28,109.73,45.05
2026-08-23T06:01:29,109.66,44.98
2026-08-23T06:01:30,109.48,44.8
2026-08-23T06:01:31,109.95,45.27
2026-08-23T06:01:32,109.66,44.98
2026-08-23T06:01:33,109.34,44.66
2026-08-23T06:01:34,109.53,44.85
2026-08-23T06:01:35,109.7,45.02
2026-08-23T06:01:36,110.02,45.33
2026-08-23T06:01:37,110.4,45.71
2026-08-23T06:01:38,109.7,45.02
2026-08-23T06:01:39,110.81,46.11
2026-08-23T06:01:40,110.87,46.17
2026-08-23T06:01:41,110.25,45.56
2026-08-23T06:01:42,110.92,46.22
2026-08-23T06:01:43,111.67,46.96
2026-08-23T06:01:44,111.72,47.0
2026-08-23T06:01:45,112.04,47.32
2026-08-23T06:01:46,112.22,47.51
2026-08-23T06:01:47,113.17,48.44
2026-08-23T06:01:48,111.91,47.19
2026-08-23T06:01:49,112.61,47.88
2026-08-23T06:01:50,113.11,48.38
2026-08-23T06:01:51,114.51,49.76
2026-08-23T06:01:52,118.57,53.76
2026-08-23T06:01:53,116.96,52.18
2026-08-23T06:01:54,114.53,49.78
2026-08-23T06:01:55,113.42,48.68
2026-08-23T06:01:56,112.49,47.77
2026-08-23T06:01:57,113.09,48.36
2026-08-23T06:01:58,114.59,49.84
2026-08-23T06:01:59,114.95,50.2
2026-08-23T06:02:00,114.35,49.6
2026-08-23T06:02:01,113.87,49.13
2026-08-23T06:02:02,115.86,51.09
2026-08-23T06:02:03,116.02,51.25
2026-08-23T06:02:04,114.75,50.0
2026-08-23T06:02:05,113.65,48.91
2026-08-23T06:02:06,112.27,47.55
2026-08-23T06:02:07,114.18,49.43
2026-08-23T06:02:08,113.48,48.74
2026-08-23T06:02:09,113.29,48.56
2026-08-23T06:02:10,114.8,50.04
2026-08-23T06:02:11,114.78,50.02
2026-08-23T06:02:12,117.31,52.52
2026-08-23T06:02:13,115.13,50.37
2026-08-23T06:02:14,113.51,48.77
2026-08-23T06:02:15,112.16,47.44
2026-08-23T06:02:16,112.71,47.99
2026-08-23T06:02:17,113.3,48.56
2026-08-23T06:02:18,112.79,48.06
2026-08-23T06:02:19,115.09,50.33
2026-08-23T06:02:20,115.45,50.69
2026-08-23T06:02:21,114.15,49.41
2026-08-23T06:02:22,112.52,47.8
2026-08-23T06:02:23,113.36,48.63
2026-08-23T06:02:24,113.76,49.02
2026-08-23T06:02:25,114.26,49.51
2026-08-23T06:02:26,117.12,52.33
2026-08-23T06:02:27,117.16,52.37
2026-08-23T06:02:28,117.72,52.92
2026-08-23T06:02:29,116.78,51.99
2026-08-23T06:02:30,114.81,50.06
2026-08-23T06:02:31,114.73,49.98
2026-08-23T06:02:32,111.88,47.17
2026-08-23T06:02:33,113.53,48.79
2026-08-23T06:02:34,112.8,48.07
2026-08-23T06:02:35,112.32,47.6
2026-08-23T06:02:36,112.52,47.8
2026-08-23T06:02:37,111.75,47.04
2026-08-23T06:02:38,111.1,46.4
2026-08-23T06:02:39,110.48,45.79
2026-08-23T06:02:40,110.8,46.1
2026-08-23T06:02:41,113.04,48.31
2026-08-23T06:02:42,114.31,49.57
2026-08-23T06:02:43,112.44,47.71
2026-08-23T06:02:44,110.89,46.19
2026-08-23T06:02:45,111.17,46.47
2026-08-23T06:02:46,111.62,46.91
2026-08-23T06:02:47,110.52,45.83
2026-08-23T06:02:48,111.25,46.55
2026-08-23T06:02:49,112.66,47.94
2026-08-23T06:02:50,110.97,46.27
2026-08-23T06:02:51,110.85,46.15
2026-08-23T06:02:52,110.94,46.24
2026-08-23T06:02:53,111.39,46.68
2026-08-23T06:02:54,110.29,45.6
2026-08-23T06:02:55,110.99,46.29
2026-08-23T06:02:56,110.33,45.64
2026-08-23T06:02:57,109.8,45.12
2026-08-23T06:02:58,110.64,45.95
2026-08-23T06:02:59,109.5,44.82
2026-08-23T06:03:00,110.53,45.84
2026-08-23T06:03:01,110.37,45.68
2026-08-23T06:03:02,109.58,44.9
2026-08-23T06:03:03,109.54,44.86
2026-08-23T06:03:04,110.85,46.15
2026-08-23T06:03:05,110.21,45.52
2026-08-23T06:03:06,109.49,44.81
2026-08-23T06:03:07,109.53,44.85
2026-08-23T06:03:08,110.15,45.47
2026-08-23T06:03:09,111.3,46.59
2026-08-23T06:03:10,111.66,46.95
2026-08-23T06:03:11,111.0,46.29
2026-08-23T06:03:12,112.15,47.44
2026-08-23T06:03:13,111.9,47.19
2026-08-23T06:03:14,110.55,45.85
2026-08-23T06:03:15,112.09,47.37
2026-08-23T06:03:16,116.56,51.78
2026-08-23T06:03:17,115.26,50.5
2026-08-23T06:03:18,110.76,46.06
2026-08-23T06:03:19,109.75,45.07
2026-08-23T06:03:20,114.04,49.3
2026-08-23T06:03:21,113.49,48.76
2026-08-23T06:03:22,116.61,51.83
2026-08-23T06:03:23,111.58,46.87
2026-08-23T06:03:24,112.02,47.3
2026-08-23T06:03:25,117.37,52.58
2026-08-23T06:03:26,120.63,55.8
2026-08-23T06:03:27,113.39,48.65
2026-08-23T06:03:28,109.84,45.15
2026-08-23T06:03:29,109.77,45.09
2026-08-23T06:03:30,110.59,45.89
2026-08-23T06:03:31,109.56,44.88
2026-08-23T06:03:32,109.55,44.87
2026-08-23T06:03:33,109.96,45.28
2026-08-23T06:03:34,109.88,45.19
2026-08-23T06:03:35,108.88,44.21
2026-08-23T06:03:36,109.63,44.94
2026-08-23T06:03:37,109.45,44.77
2026-08-23T06:03:38,108.75,44.08
2026-08-23T06:03:39,109.37,44.69
2026-08-23T06:03:40,108.65,43.98
2026-08-23T06:03:41,108.76,44.09
2026-08-23T06:03:42,108.65,43.98
2026-08-23T06:03:43,108.69,44.02
2026-08-23T06:03:44,108.73,44.06
2026-08-23T06:03:45,108.78,44.11
2026-08-23T06:03:46,108.78,44.11
2026-08-23T06:03:47,108.76,44.09
2026-08-23T06:03:48,109.35,44.67
2026-08-23T06:03:49,109.22,44.54
2026-08-23T06:03:50,109.5,44.82
2026-08-23T06:03:51,109.24,44.56
2026-08-23T06:03:52,108.92,44.24
2026-08-23T06:03:53,109.09,44.42
2026-08-23T06:03:54,108.97,44.29
2026-08-23T06:03:55,108.93,44.26
2026-08-23T06:03:56,108.82,44.15
2026-08-23T06:03:57,109.38,44.7
2026-08-23T06:03:58,109.63,44.95
2026-08-23T06:03:59,109.04,44.37
2026-08-23T06:04:00,109.13,44.45
2026-08-23T06:04:01,108.94,44.27
2026-08-23T06:04:02,108.99,44.32
2026-08-23T06:04:03,108.91,44.24
2026-08-23T06:04:04,108.98,44.31
2026-08-23T06:04:05,109.32,44.64
2026-08-23T06:04:06,109.03,44.36
2026-08-23T06:04:07,109.38,44.7
2026-08-23T06:04:08,109.62,44.94
2026-08-23T06:04:09,110.25,45.56
2026-08-23T06:04:10,110.02,45.33
2026-08-23T06:04:11,111.06,46.36
2026-08-23T06:04:12,112.16,47.45
2026-08-23T06:04:13,114.67,49.92
2026-08-23T06:04:14,118.22,53.41
2026-08-23T06:04:15,120.73,55.89
2026-08-23T06:04:16,121.34,56.49
2026-08-23T06:04:17,121.4,56.55
2026-08-23T06:04:18,120.05,55.22
2026-08-23T06:04:19,118.97,54.16
2026-08-23T06:04:20,117.63,52.83
2026-08-23T06:04:21,114.14,49.4
2026-08-23T06:04:22,113.04,48.31
2026-08-23T06:04:23,112.99,48.27
2026-08-23T06:04:24,112.29,47.57
2026-08-23T06:04:25,111.85,47.14
2026-08-23T06:04:26,111.69,46.98
2026-08-23T06:04:27,111.1,46.4
2026-08-23T06:04:28,110.16,45.47
2026-08-23T06:04:29,109.72,45.04
2026-08-23T06:04:30,109.54,44.86
2026-08-23T06:04:31,109.77,45.09
2026-08-23T06:04:32,109.23,44.56
2026-08-23T06:04:33,109.47,44.79
2026-08-23T06:04:34,109.23,44.56
2026-08-23T06:04:35,109.49,44.81
2026-08-23T06:04:36,109.41,44.74
2026-08-23T06:04:37,109.27,44.59
2026-08-23T06:04:38,109.56,44.87
2026-08-23T06:04:39,109.92,45.24
2026-08-23T06:04:40,109.62,44.94
2026-08-23T06:04:41,110.46,45.77
2026-08-23T06:04:42,110.13,45.44
2026-08-23T06:04:43,110.46,45.76
2026-08-23T06:04:44,110.16,45.47
2026-08-23T06:04:45,110.48,45.79
2026-08-23T06:04:46,110.9,46.2
2026-08-23T06:04:47,111.81,47.1
2026-08-23T06:04:48,112.19,47.47
2026-08-23T06:04:49,111.97,47.26
2026-08-23T06:04:50,110.9,46.2
2026-08-23T06:04:51,109.98,45.29
2026-08-23T06:04:52,110.45,45.76
2026-08-23T06:04:53,109.98,45.3
2026-08-23T06:04:54,109.73,45.05
2026-08-23T06:04:55,109.57,44.89
2026-08-23T06:04:56,109.98,45.3
2026-08-23T06:04:57,109.34,44.66
2026-08-23T06:04:58,109.43,44.75
2026-08-23T06:04:59,109.45,44.77
2026-08-23T06:05:00,109.51,44.83
2026-08-23T06:05:01,109.91,45.22
2026-08-23T06:05:02,109.28,44.61
2026-08-23T06:05:03,109.15,44.48
2026-08-23T06:05:04,109.4,44.73
2026-08-23T06:05:05,109.11,44.43
2026-08-23T06:05:06,109.36,44.68
2026-08-23T06:05:07,109.03,44.36
2026-08-23T06:05:08,109.75,45.07
2026-08-23T06:05:09,109.4,44.72
2026-08-23T06:05:10,109.25,44.58
2026-08-23T06:05:11,109.48,44.8
2026-08-23T06:05:12,109.51,44.83
2026-08-23T06:05:13,110.59,45.89
2026-08-23T06:05:14,110.54,45.84
2026-08-23T06:05:15,110.18,45.49
2026-08-23T06:05:16,110.66,45.96
2026-08-23T06:05:17,109.55,44.86
2026-08-23T06:05:18,110.16,45.47
2026-08-23T06:05:19,109.88,45.2
2026-08-23T06:05:20,110.53,45.83
2026-08-23T06:05:21,110.8,46.1
2026-08-23T06:05:22,111.1,46.4
2026-08-23T06:05:23,111.22,46.52
2026-08-23T06:05:24,111.98,47.27
2026-08-23T06:05:25,113.41,48.68
2026-08-23T06:05:26,115.33,50.57
2026-08-23T06:05:27,117.35,52.55
2026-08-23T06:05:28,120.11,55.28
2026-08-23T06:05:29,123.58,58.7
2026-08-23T06:05:30,126.19,61.27
2026-08-23T06:05:31,129.67,64.71
2026-08-23T06:05:32,130.78,65.8
2026-08-23T06:05:33,127.9,62.96
2026-08-23T06:05:34,126.4,61.48
2026-08-23T06:05:35,123.29,58.42
2026-08-23T06:05:36,119.24,54.43
2026-08-23T06:05:37,115.97,51.2
2026-08-23T06:05:38,114.68,49.92
2026-08-23T06:05:39,112.26,47.54
2026-08-23T06:05:40,113.16,48.42
2026-08-23T06:05:41,112.44,47.72
2026-08-23T06:05:42,110.57,45.87
2026-08-23T06:05:43,109.94,45.25
2026-08-23T06:05:44,109.37,44.69
2026-08-23T06:05:45,109.48,44.8
2026-08-23T06:05:46,109.24,44.57
2026-08-23T06:05:47,108.96,44.29
2026-08-23T06:05:48,109.76,45.07
2026-08-23T06:05:49,109.07,44.4
2026-08-23T06:05:50,109.47,44.79
2026-08-23T06:05:51,110.17,45.48
2026-08-23T06:05:52,108.95,44.28
2026-08-23T06:05:53,109.84,45.15
2026-08-23T06:05:54,110.61,45.92
2026-08-23T06:05:55,109.11,44.44
2026-08-23T06:05:56,108.97,44.3
2026-08-23T06:05:57,109.74,45.05
2026-08-23T06:05:58,108.98,44.31
2026-08-23T06:05:59,109.26,44.58
2026-08-23T06:06:00,108.75,44.08
2026-08-23T06:06:01,109.12,44.44
2026-08-23T06:06:02,109.22,44.54
2026-08-23T06:06:03,109.04,44.37
2026-08-23T06:06:04,110.8,46.11
2026-08-23T06:06:05,109.6,44.91
2026-08-23T06:06:06,109.64,44.96
2026-08-23T06:06:07,109.74,45.05
2026-08-23T06:06:08,109.21,44.54
2026-08-23T06:06:09,109.78,45.1
2026-08-23T06:06:10,110.08,45.39
2026-08-23T06:06:11,110.42,45.73
2026-08-23T06:06:12,111.05,46.35
2026-08-23T06:06:13,111.63,46.92
2026-08-23T06:06:14,112.44,47.72
2026-08-23T06:06:15,113.18,48.44
2026-08-23T06:06:16,114.34,49.59
2026-08-23T06:06:17,114.83,50.07
2026-08-23T06:06:18,114.29,49.54
2026-08-23T06:06:19,112.64,47.91
2026-08-23T06:06:20,113.01,48.28
2026-08-23T06:06:21,115.36,50.59
2026-08-23T06:06:22,115.21,50.45
2026-08-23T06:06:23,114.6,49.85
2026-08-23T06:06:24,113.11,48.37
2026-08-23T06:06:25,112.38,47.66
2026-08-23T06:06:26,111.47,46.76
2026-08-23T06:06:27,110.92,46.22
2026-08-23T06:06:28,110.9,46.2
2026-08-23T06:06:29,110.84,46.14
2026-08-23T06:06:30,109.72,45.03
2026-08-23T06:06:31,108.84,44.17
2026-08-23T06:06:32,109.33,44.65
2026-08-23T06:06:33,109.21,44.53
2026-08-23T06:06:34,109.18,44.5
2026-08-23T06:06:35,109.02,44.34
2026-08-23T06:06:36,109.53,44.85
2026-08-23T06:06:37,108.9,44.23
2026-08-23T06:06:38,109.28,44.6
2026-08-23T06:06:39,109.86,45.17
2026-08-23T06:06:40,109.7,45.02
2026-08-23T06:06:41,109.81,45.13
2026-08-23T06:06:42,109.47,44.8
2026-08-23T06:06:43,109.17,44.5
2026-08-23T06:06:44,109.39,44.71
2026-08-23T06:06:45,109.35,44.67
2026-08-23T06:06:46,109.16,44.49
2026-08-23T06:06:47,109.01,44.33
2026-08-23T06:06:48,109.16,44.48
2026-08-23T06:06:49,109.39,44.71
2026-08-23T06:06:50,108.92,44.25
2026-08-23T06:06:51,108.96,44.29
2026-08-23T06:06:52,109.15,44.47
2026-08-23T06:06:53,108.87,44.2
2026-08-23T06:06:54,108.85,44.18
2026-08-23T06:06:55,109.08,44.4
2026-08-23T06:06:56,108.96,44.28
2026-08-23T06:06:57,108.87,44.2
2026-08-23T06:06:58,109.17,44.5
2026-08-23T06:06:59,108.95,44.28
2026-08-23T06:07:00,109.37,44.69
2026-08-23T06:07:01,109.07,44.4
2026-08-23T06:07:02,109.3,44.62
2026-08-23T06:07:03,109.72,45.04
2026-08-23T06:07:04,108.96,44.29
2026-08-23T06:07:05,109.39,44.72
2026-08-23T06:07:06,109.38,44.7
2026-08-23T06:07:07,109.55,44.87
2026-08-23T06:07:08,109.44,44.76
2026-08-23T06:07:09,109.38,44.7
2026-08-23T06:07:10,109.41,44.74
2026-08-23T06:07:11,109.01,44.33
2026-08-23T06:07:12,109.14,44.46
2026-08-23T06:07:13,108.86,44.19
2026-08-23T06:07:14,109.03,44.35
2026-08-23T06:07:15,108.97,44.3
2026-08-23T06:07:16,109.18,44.5
2026-08-23T06:07:17,109.4,44.72
2026-08-23T06:07:18,108.98,44.31
2026-08-23T06:07:19,109.06,44.39
2026-08-23T06:07:20,108.83,44.16
2026-08-23T06:07:21,109.74,45.06
2026-08-23T06:07:22,109.1,44.43
2026-08-23T06:07:23,109.38,44.7
2026-08-23T06:07:24,108.98,44.31
2026-08-23T06:07:25,108.83,44.16
2026-08-23T06:07:26,109.06,44.38
2026-08-23T06:07:27,109.64,44.96
2026-08-23T06:07:28,109.29,44.61
2026-08-23T06:07:29,109.22,44.54
2026-08-23T06:07:30,109.32,44.64
2026-08-23T06:07:31,109.23,44.56
2026-08-23T06:07:32,109.4,44.73
2026-08-23T06:07:33,109.23,44.56
2026-08-23T06:07:34,109.33,44.65
2026-08-23T06:07:35,109.33,44.65
2026-08-23T06:07:36,109.01,44.34
2026-08-23T06:07:37,108.94,44.27
2026-08-23T06:07:38,109.16,44.48
2026-08-23T06:07:39,109.3,44.62
2026-08-23T06:07:40,109.36,44.68
2026-08-23T06:07:41,108.83,44.16
2026-08-23T06:07:42,109.1,44.43
2026-08-23T06:07:43,109.15,44.47
2026-08-23T06:07:44,109.18,44.5
2026-08-23T06:07:45,109.22,44.54
2026-08-23T06:07:46,108.73,44.06
2026-08-23T06:07:47,108.97,44.3
2026-08-23T06:07:48,108.97,44.3
2026-08-23T06:07:49,108.85,44.18
2026-08-23T06:07:50,109.06,44.39
2026-08-23T06:07:51,109.04,44.36
2026-08-23T06:07:52,109.62,44.94
2026-08-23T06:07:53,109.32,44.64
2026-08-23T06:07:54,108.92,44.25
2026-08-23T06:07:55,109.44,44.77
2026-08-23T06:07:56,109.57,44.89
2026-08-23T06:07:57,108.93,44.26
2026-08-23T06:07:58,109.0,44.33
2026-08-23T06:07:59,109.16,44.48
2026-08-23T06:08:00,109.1,44.43
2026-08-23T06:08:01,108.59,43.93
2026-08-23T06:08:02,109.29,44.61
2026-08-23T06:08:03,108.92,44.25
2026-08-23T06:08:04,109.34,44.66
2026-08-23T06:08:05,109.5,44.82
2026-08-23T06:08:06,109.39,44.71
2026-08-23T06:08:07,109.38,44.71
2026-08-23T06:08:08,109.61,44.93
2026-08-23T06:08:09,109.88,45.19
2026-08-23T06:08:10,110.42,45.73
2026-08-23T06:08:11,111.43,46.72
2026-08-23T06:08:12,113.05,48.32
2026-08-23T06:08:13,115.4,50.64
2026-08-23T06:08:14,117.89,53.09
2026-08-23T06:08:15,120.99,56.14
2026-08-23T06:08:16,123.8,58.92
2026-08-23T06:08:17,127.35,62.42
2026-08-23T06:08:18,125.91,61.0
2026-08-23T06:08:19,121.02,56.17
2026-08-23T06:08:20,116.96,52.17
2026-08-23T06:08:21,113.71,48.97
2026-08-23T06:08:22,111.51,46.8
2026-08-23T06:08:23,110.5,45.81
2026-08-23T06:08:24,111.21,46.51
2026-08-23T06:08:25,110.39,45.7
2026-08-23T06:08:26,109.61,44.93
2026-08-23T06:08:27,109.54,44.86
2026-08-23T06:08:28,109.31,44.63
2026-08-23T06:08:29,109.1,44.43
2026-08-23T06:08:30,109.55,44.87
2026-08-23T06:08:31,108.97,44.3
2026-08-23T06:08:32,109.01,44.34
2026-08-23T06:08:33,109.3,44.63
2026-08-23T06:08:34,110.04,45.35
2026-08-23T06:08:35,109.15,44.48
2026-08-23T06:08:36,109.55,44.87
2026-08-23T06:08:37,109.05,44.38
2026-08-23T06:08:38,108.9,44.23
2026-08-23T06:08:39,109.13,44.45
2026-08-23T06:08:40,108.87,44.19
2026-08-23T06:08:41,109.09,44.42
2026-08-23T06:08:42,109.02,44.35
2026-08-23T06:08:43,108.75,44.08
2026-08-23T06:08:44,109.19,44.51
2026-08-23T06:08:45,109.17,44.49
2026-08-23T06:08:46,108.99,44.32
2026-08-23T06:08:47,109.15,44.47
2026-08-23T06:08:48,108.64,43.97
2026-08-23T06:08:49,109.53,44.85
2026-08-23T06:08:50,109.92,45.24
2026-08-23T06:08:51,109.38,44.7
2026-08-23T06:08:52,109.73,45.04
2026-08-23T06:08:53,109.95,45.26
2026-08-23T06:08:54,109.45,44.77
2026-08-23T06:08:55,109.31,44.63
2026-08-23T06:08:56,109.69,45.01
2026-08-23T06:08:57,109.46,44.79
2026-08-23T06:08:58,109.94,45.25
2026-08-23T06:08:59,109.96,45.28
2026-08-23T06:09:00,111.02,46.32
2026-08-23T06:09:01,112.41,47.68
2026-08-23T06:09:02,113.06,48.33
2026-08-23T06:09:03,114.19,49.45
2026-08-23T06:09:04,113.6,48.86
2026-08-23T06:09:05,113.76,49.02
2026-08-23T06:09:06,116.92,52.13
2026-08-23T06:09:07,118.58,53.77
2026-08-23T06:09:08,121.35,56.5
2026-08-23T06:09:09,123.39,58.51
2026-08-23T06:09:10,124.85,59.95
2026-08-23T06:09:11,125.14,60.24
2026-08-23T06:09:12,124.39,59.5
2026-08-23T06:09:13,124.07,59.18
2026-08-23T06:09:14,122.11,57.26
2026-08-23T06:09:15,121.02,56.18
2026-08-23T06:09:16,118.56,53.75
2026-08-23T06:09:17,117.8,53.0
2026-08-23T06:09:18,117.08,52.29
2026-08-23T06:09:19,116.07,51.3
2026-08-23T06:09:20,115.74,50.98
2026-08-23T06:09:21,116.01,51.24
2026-08-23T06:09:22,114.68,49.93
2026-08-23T06:09:23,115.59,50.82
2026-08-23T06:09:24,116.83,52.05
2026-08-23T06:09:25,117.55,52.75
2026-08-23T06:09:26,120.72,55.88
2026-08-23T06:09:27,122.79,57.92
2026-08-23T06:09:28,122.84,57.97
2026-08-23T06:09:29,124.44,59.55
2026-08-23T06:09:30,128.06,63.12
2026-08-23T06:09:31,129.28,64.32
2026-08-23T06:09:32,128.73,63.78
2026-08-23T06:09:33,126.91,61.98
2026-08-23T06:09:34,124.47,59.58
2026-08-23T06:09:35,120.55,55.72
2026-08-23T06:09:36,117.94,53.14
2026-08-23T06:09:37,116.87,52.08
2026-08-23T06:09:38,115.56,50.79
2026-08-23T06:09:39,114.53,49.78
2026-08-23T06:09:40,112.63,47.91
2026-08-23T06:09:41,112.45,47.73
2026-08-23T06:09:42,110.89,46.19
2026-08-23T06:09:43,110.19,45.5
2026-08-23T06:09:44,109.48,44.8
2026-08-23T06:09:45,109.34,44.66
2026-08-23T06:09:46,109.6,44.92
2026-08-23T06:09:47,109.26,44.59
2026-08-23T06:09:48,109.3,44.63
2026-08-23T06:09:49,109.53,44.85
2026-08-23T06:09:50,109.57,44.89
2026-08-23T06:09:51,109.79,45.11
2026-08-23T06:09:52,109.91,45.23
2026-08-23T06:09:53,110.56,45.86
2026-08-23T06:09:54,110.12,45.43
2026-08-23T06:09:55,110.06,45.37
2026-08-23T06:09:56,110.34,45.64
2026-08-23T06:09:57,110.31,45.62
2026-08-23T06:09:58,110.71,46.02
2026-08-23T06:09:59,111.4,46.7
2026-08-23T06:10:00,110.9,46.2
2026-08-23T06:10:01,110.22,45.53
2026-08-23T06:10:02,110.14,45.45
2026-08-23T06:10:03,109.44,44.76
2026-08-23T06:10:04,109.04,44.37
2026-08-23T06:10:05,109.6,44.92
2026-08-23T06:10:06,109.69,45.01
2026-08-23T06:10:07,109.94,45.25
2026-08-23T06:10:08,109.45,44.77
2026-08-23T06:10:09,109.51,44.83
2026-08-23T06:10:10,109.55,44.87
2026-08-23T06:10:11,110.65,45.96
2026-08-23T06:10:12,110.36,45.67
2026-08-23T06:10:13,112.0,47.29
2026-08-23T06:10:14,113.0,48.27
2026-08-23T06:10:15,113.81,49.07
2026-08-23T06:10:16,114.78,50.03
2026-08-23T06:10:17,116.39,51.61
2026-08-23T06:10:18,118.89,54.08
2026-08-23T06:10:19,122.59,57.72
2026-08-23T06:10:20,123.72,58.84
2026-08-23T06:10:21,125.27,60.37
2026-08-23T06:10:22,125.75,60.84
2026-08-23T06:10:23,125.53,60.62
2026-08-23T06:10:24,124.09,59.2
2026-08-23T06:10:25,120.95,56.11
2026-08-23T06:10:26,119.31,54.49
2026-08-23T06:10:27,116.66,51.88
2026-08-23T06:10:28,115.99,51.22
2026-08-23T06:10:29,115.34,50.57
2026-08-23T06:10:30,114.55,49.8
2026-08-23T06:10:31,113.89,49.14
2026-08-23T06:10:32,116.45,51.68
2026-08-23T06:10:33,111.87,47.15
2026-08-23T06:10:34,111.7,46.99
2026-08-23T06:10:35,111.12,46.42
2026-08-23T06:10:36,111.21,46.5
2026-08-23T06:10:37,111.23,46.52
2026-08-23T06:10:38,110.05,45.36
2026-08-23T06:10:39,110.23,45.54
2026-08-23T06:10:40,109.88,45.2
2026-08-23T06:10:41,109.72,45.04
2026-08-23T06:10:42,109.8,45.12
2026-08-23T06:10:43,109.86,45.18
2026-08-23T06:10:44,109.77,45.08
2026-08-23T06:10:45,109.44,44.77
2026-08-23T06:10:46,109.36,44.69
2026-08-23T06:10:47,109.53,44.85
2026-08-23T06:10:48,109.88,45.19
2026-08-23T06:10:49,110.42,45.73
2026-08-23T06:10:50,110.09,45.4
2026-08-23T06:10:51,109.75,45.07
2026-08-23T06:10:52,109.69,45.01
2026-08-23T06:10:53,109.21,44.53
2026-08-23T06:10:54,109.58,44.9
2026-08-23T06:10:55,110.26,45.57
2026-08-23T06:10:56,109.54,44.86
2026-08-23T06:10:57,109.59,44.91
2026-08-23T06:10:58,109.75,45.07
2026-08-23T06:10:59,109.97,45.29
2026-08-23T06:11:00,109.98,45.3
2026-08-23T06:11:01,109.83,45.15
2026-08-23T06:11:02,109.65,44.97
2026-08-23T06:11:03,109.75,45.06
2026-08-23T06:11:04,111.53,46.82
2026-08-23T06:11:05,112.54,47.82
2026-08-23T06:11:06,112.61,47.89
2026-08-23T06:11:07,111.23,46.53
2026-08-23T06:11:08,110.27,45.58
2026-08-23T06:11:09,110.31,45.62
2026-08-23T06:11:10,110.55,45.85
2026-08-23T06:11:11,110.71,46.01
2026-08-23T06:11:12,110.34,45.65
2026-08-23T06:11:13,110.37,45.67
2026-08-23T06:11:14,111.26,46.55
2026-08-23T06:11:15,110.84,46.14
2026-08-23T06:11:16,111.69,46.98
2026-08-23T06:11:17,111.97,47.25
2026-08-23T06:11:18,111.5,46.79
2026-08-23T06:11:19,111.04,46.34
2026-08-23T06:11:20,111.64,46.93
2026-08-23T06:11:21,111.74,47.03
2026-08-23T06:11:22,111.91,47.19
2026-08-23T06:11:23,112.68,47.95
2026-08-23T06:11:24,111.73,47.02
2026-08-23T06:11:25,111.38,46.67
2026-08-23T06:11:26,110.39,45.7
2026-08-23T06:11:27,110.09,45.41
2026-08-23T06:11:28,110.04,45.35
2026-08-23T06:11:29,109.94,45.26
2026-08-23T06:11:30,109.51,44.83
2026-08-23T06:11:31,109.71,45.03
2026-08-23T06:11:32,109.73,45.04
2026-08-23T06:11:33,109.73,45.04
2026-08-23T06:11:34,109.72,45.04
2026-08-23T06:11:35,110.1,45.41
2026-08-23T06:11:36,110.4,45.71
2026-08-23T06:11:37,110.35,45.66
2026-08-23T06:11:38,110.09,45.41
2026-08-23T06:11:39,110.29,45.6
2026-08-23T06:11:40,110.08,45.39
2026-08-23T06:11:41,110.72,46.02
2026-08-23T06:11:42,111.98,47.26
2026-08-23T06:11:43,113.67,48.93
2026-08-23T06:11:44,113.72,48.98
2026-08-23T06:11:45,114.5,49.75
2026-08-23T06:11:46,115.08,50.32
2026-08-23T06:11:47,115.69,50.93
2026-08-23T06:11:48,116.74,51.96
2026-08-23T06:11:49,118.84,54.03
2026-08-23T06:11:50,121.97,57.12
2026-08-23T06:11:51,123.97,59.09
2026-08-23T06:11:52,127.08,62.15
2026-08-23T06:11:53,122.26,57.4
2026-08-23T06:11:54,120.52,55.68
2026-08-23T06:11:55,120.9,56.06
2026-08-23T06:11:56,122.5,57.63
2026-08-23T06:11:57,124.85,59.95
2026-08-23T06:11:58,124.72,59.82
2026-08-23T06:11:59,124.47,59.58
2026-08-23T06:12:00,122.99,58.12
2026-08-23T06:12:01,119.5,54.68
2026-08-23T06:12:02,116.64,51.86
2026-08-23T06:12:03,115.52,50.76
2026-08-23T06:12:04,114.59,49.83
2026-08-23T06:12:05,113.96,49.22
2026-08-23T06:12:06,113.89,49.15
2026-08-23T06:12:07,113.41,48.68
2026-08-23T06:12:08,112.58,47.85
2026-08-23T06:12:09,111.99,47.27
2026-08-23T06:12:10,111.87,47.16
2026-08-23T06:12:11,111.59,46.88
2026-08-23T06:12:12,110.54,45.85
2026-08-23T06:12:13,110.91,46.21
2026-08-23T06:12:14,110.4,45.71
2026-08-23T06:12:15,110.56,45.87
2026-08-23T06:12:16,110.43,45.74
2026-08-23T06:12:17,111.02,46.32
2026-08-23T06:12:18,110.79,46.1
2026-08-23T06:12:19,110.9,46.2
2026-08-23T06:12:20,111.27,46.56
2026-08-23T06:12:21,110.71,46.01
2026-08-23T06:12:22,110.64,45.95
2026-08-23T06:12:23,110.17,45.49
2026-08-23T06:12:24,110.2,45.51
2026-08-23T06:12:25,109.91,45.23
2026-08-23T06:12:26,109.52,44.84
2026-08-23T06:12:27,109.43,44.76
2026-08-23T06:12:28,109.66,44.98
2026-08-23T06:12:29,110.2,45.51
2026-08-23T06:12:30,110.65,45.95
2026-08-23T06:12:31,110.1,45.41
2026-08-23T06:12:32,109.81,45.12
2026-08-23T06:12:33,109.79,45.11
2026-08-23T06:12:34,110.0,45.31
2026-08-23T06:12:35,110.11,45.42
2026-08-23T06:12:36,110.26,45.57
2026-08-23T06:12:37,109.6,44.92
2026-08-23T06:12:38,110.31,45.62
2026-08-23T06:12:39,110.63,45.93
2026-08-23T06:12:40,109.88,45.2
2026-08-23T06:12:41,109.51,44.83
2026-08-23T06:12:42,109.75,45.07
2026-08-23T06:12:43,109.19,44.51
2026-08-23T06:12:44,110.09,45.4
2026-08-23T06:12:45,110.58,45.89
2026-08-23T06:12:46,110.69,46.0
2026-08-23T06:12:47,110.48,45.79
2026-08-23T06:12:48,110.33,45.64
2026-08-23T06:12:49,109.26,44.59
2026-08-23T06:12:50,109.44,44.76
2026-08-23T06:12:51,108.93,44.26
2026-08-23T06:12:52,108.98,44.31
2026-08-23T06:12:53,109.19,44.51
2026-08-23T06:12:54,109.06,44.39
2026-08-23T06:12:55,109.45,44.77
2026-08-23T06:12:56,109.34,44.66
2026-08-23T06:12:57,109.47,44.79
2026-08-23T06:12:58,109.77,45.09
2026-08-23T06:12:59,109.84,45.16
2026-08-23T06:13:00,109.5,44.82
2026-08-23T06:13:01,109.86,45.17
2026-08-23T06:13:02,109.86,45.18
2026-08-23T06:13:03,109.43,44.75
2026-08-23T06:13:04,109.59,44.91
2026-08-23T06:13:05,109.07,44.4
2026-08-23T06:13:06,109.42,44.74
2026-08-23T06:13:07,109.49,44.81
2026-08-23T06:13:08,109.72,45.04
2026-08-23T06:13:09,109.63,44.94
2026-08-23T06:13:10,109.52,44.84
2026-08-23T06:13:11,109.69,45.01
2026-08-23T06:13:12,109.7,45.02
2026-08-23T06:13:13,109.69,45.01
2026-08-23T06:13:14,110.33,45.63
2026-08-23T06:13:15,110.18,45.49
2026-08-23T06:13:16,109.98,45.3
2026-08-23T06:13:17,110.11,45.42
2026-08-23T06:13:18,110.17,45.48
2026-08-23T06:13:19,110.07,45.38
2026-08-23T06:13:20,109.75,45.07
2026-08-23T06:13:21,110.13,45.44
2026-08-23T06:13:22,110.15,45.46
2026-08-23T06:13:23,109.54,44.86
2026-08-23T06:13:24,110.32,45.63
2026-08-23T06:13:25,110.66,45.96
2026-08-23T06:13:26,111.42,46.71
2026-08-23T06:13:27,111.63,46.92
2026-08-23T06:13:28,112.26,47.54
2026-08-23T06:13:29,112.25,47.53
2026-08-23T06:13:30,112.31,47.59
2026-08-23T06:13:31,113.38,48.65
2026-08-23T06:13:32,114.7,49.95
2026-08-23T06:13:33,116.69,51.91
2026-08-23T06:13:34,119.88,55.06
2026-08-23T06:13:35,121.3,56.45
2026-08-23T06:13:36,122.88,58.01
2026-08-23T06:13:37,123.55,58.67
2026-08-23T06:13:38,123.48,58.6
2026-08-23T06:13:39,122.79,57.93
2026-08-23T06:13:40,120.99,56.14
2026-08-23T06:13:41,119.08,54.26
2026-08-23T06:13:42,116.5,51.72
2026-08-23T06:13:43,115.61,50.84
2026-08-23T06:13:44,113.59,48.86
2026-08-23T06:13:45,112.52,47.8
2026-08-23T06:13:46,111.79,47.07
2026-08-23T06:13:47,111.56,46.85
2026-08-23T06:13:48,110.9,46.2
2026-08-23T06:13:49,110.95,46.25
2026-08-23T06:13:50,110.92,46.22
2026-08-23T06:13:51,110.79,46.09
2026-08-23T06:13:52,110.56,45.87
2026-08-23T06:13:53,110.46,45.77
2026-08-23T06:13:54,110.49,45.8
2026-08-23T06:13:55,110.1,45.42
2026-08-23T06:13:56,110.57,45.88
2026-08-23T06:13:57,110.27,45.58
2026-08-23T06:13:58,110.15,45.46
2026-08-23T06:13:59,110.06,45.37
2026-08-23T06:14:00,110.26,45.57
2026-08-23T06:14:01,109.46,44.79
2026-08-23T06:14:02,110.08,45.4
2026-08-23T06:14:03,110.4,45.71
2026-08-23T06:14:04,110.72,46.02
2026-08-23T06:14:05,110.78,46.08
2026-08-23T06:14:06,110.84,46.14
2026-08-23T06:14:07,110.88,46.18
2026-08-23T06:14:08,111.05,46.34
2026-08-23T06:14:09,110.73,46.03
2026-08-23T06:14:10,110.98,46.28
2026-08-23T06:14:11,110.7,46.0
2026-08-23T06:14:12,111.64,46.93
2026-08-23T06:14:13,110.77,46.07
2026-08-23T06:14:14,111.75,47.04
2026-08-23T06:14:15,112.35,47.63
2026-08-23T06:14:16,112.67,47.95
2026-08-23T06:14:17,114.4,49.65
2026-08-23T06:14:18,115.16,50.4
2026-08-23T06:14:19,116.96,52.18
2026-08-23T06:14:20,118.53,53.72
2026-08-23T06:14:21,121.77,56.91
2026-08-23T06:14:22,122.83,57.96
2026-08-23T06:14:23,121.39,56.54
2026-08-23T06:14:24,119.53,54.71
2026-08-23T06:14:25,116.49,51.71
2026-08-23T06:14:26,114.07,49.32
2026-08-23T06:14:27,113.97,49.22
2026-08-23T06:14:28,113.53,48.79
2026-08-23T06:14:29,113.76,49.02
2026-08-23T06:14:30,114.66,49.9
2026-08-23T06:14:31,115.08,50.32
2026-08-23T06:14:32,115.25,50.49
2026-08-23T06:14:33,115.29,50.53
2026-08-23T06:14:34,115.08,50.33
2026-08-23T06:14:35,115.15,50.39
2026-08-23T06:14:36,116.7,51.91
2026-08-23T06:14:37,118.68,53.87
2026-08-23T06:14:38,120.31,55.48
2026-08-23T06:14:39,123.23,58.35
2026-08-23T06:14:40,124.83,59.94
2026-08-23T06:14:41,124.64,59.74
2026-08-23T06:14:42,121.44,56.59
2026-08-23T06:14:43,118.5,53.69
2026-08-23T06:14:44,115.67,50.9
2026-08-23T06:14:45,114.14,49.4
2026-08-23T06:14:46,113.53,48.8
2026-08-23T06:14:47,114.1,49.35
2026-08-23T06:14:48,114.73,49.98
2026-08-23T06:14:49,115.83,51.06
2026-08-23T06:14:50,117.23,52.44
2026-08-23T06:14:51,119.67,54.84
2026-08-23T06:14:52,122.98,58.11
2026-08-23T06:14:53,126.64,61.72
2026-08-23T06:14:54,128.04,63.1
2026-08-23T06:14:55,123.12,58.25
2026-08-23T06:14:56,118.72,53.91
2026-08-23T06:14:57,115.47,50.7
2026-08-23T06:14:58,113.9,49.15
2026-08-23T06:14:59,113.54,48.8
2026-08-23T06:15:00,114.1,49.35
2026-08-23T06:15:01,114.82,50.06
2026-08-23T06:15:02,115.61,50.84
2026-08-23T06:15:03,116.93,52.15
2026-08-23T06:15:04,118.07,53.27
2026-08-23T06:15:05,117.96,53.16
2026-08-23T06:15:06,117.93,53.13
2026-08-23T06:15:07,120.39,55.55
2026-08-23T06:15:08,121.83,56.98
2026-08-23T06:15:09,124.63,59.73
2026-08-23T06:15:10,125.97,61.06
2026-08-23T06:15:11,126.4,61.48
2026-08-23T06:15:12,126.16,61.24
2026-08-23T06:15:13,124.3,59.41
2026-08-23T06:15:14,121.38,56.53
2026-08-23T06:15:15,119.76,54.93
2026-08-23T06:15:16,117.61,52.82
2026-08-23T06:15:17,116.37,51.59
2026-08-23T06:15:18,115.75,50.99
2026-08-23T06:15:19,115.72,50.95
2026-08-23T06:15:20,113.91,49.17
2026-08-23T06:15:21,112.06,47.34
2026-08-23T06:15:22,112.09,47.38
2026-08-23T06:15:23,111.05,46.35
2026-08-23T06:15:24,111.12,46.42
2026-08-23T06:15:25,110.95,46.25
2026-08-23T06:15:26,110.01,45.33
2026-08-23T06:15:27,110.05,45.36
2026-08-23T06:15:28,110.6,45.91
2026-08-23T06:15:29,110.73,46.03
2026-08-23T06:15:30,111.16,46.46
2026-08-23T06:15:31,112.13,47.41
2026-08-23T06:15:32,112.84,48.11
2026-08-23T06:15:33,112.37,47.65
2026-08-23T06:15:34,112.35,47.63
2026-08-23T06:15:35,112.6,47.88
2026-08-23T06:15:36,112.62,47.9
2026-08-23T06:15:37,112.46,47.74
2026-08-23T06:15:38,111.8,47.08
2026-08-23T06:15:39,111.42,46.71
2026-08-23T06:15:40,110.93,46.23
2026-08-23T06:15:41,110.45,45.76
2026-08-23T06:15:42,109.51,44.83
2026-08-23T06:15:43,109.95,45.27
2026-08-23T06:15:44,109.93,45.24
2026-08-23T06:15:45,110.15,45.46
2026-08-23T06:15:46,109.44,44.76
2026-08-23T06:15:47,109.4,44.72
2026-08-23T06:15:48,109.8,45.12
2026-08-23T06:15:49,110.2,45.51
2026-08-23T06:15:50,110.36,45.67
2026-08-23T06:15:51,110.0,45.32
2026-08-23T06:15:52,110.04,45.35
2026-08-23T06:15:53,110.24,45.55
2026-08-23T06:15:54,110.79,46.09
2026-08-23T06:15:55,110.88,46.18
2026-08-23T06:15:56,111.76,47.04
2026-08-23T06:15:57,111.68,46.97
2026-08-23T06:15:58,112.82,48.09
2026-08-23T06:15:59,113.5,48.76
2026-08-23T06:16:00,115.6,50.84
2026-08-23T06:16:01,116.74,51.96
2026-08-23T06:16:02,119.97,55.15
2026-08-23T06:16:03,123.16,58.29
2026-08-23T06:16:04,125.79,60.88
2026-08-23T06:16:05,123.62,58.74
2026-08-23T06:16:06,118.53,53.72
2026-08-23T06:16:07,115.86,51.09
2026-08-23T06:16:08,113.55,48.82
2026-08-23T06:16:09,111.66,46.95
2026-08-23T06:16:10,110.66,45.96
2026-08-23T06:16:11,110.53,45.84
2026-08-23T06:16:12,110.26,45.57
2026-08-23T06:16:13,110.51,45.82
2026-08-23T06:16:14,110.92,46.22
2026-08-23T06:16:15,110.01,45.32
2026-08-23T06:16:16,109.67,44.99
2026-08-23T06:16:17,110.33,45.63
2026-08-23T06:16:18,109.77,45.08
2026-08-23T06:16:19,109.31,44.63
2026-08-23T06:16:20,109.57,44.89
2026-08-23T06:16:21,109.52,44.84
2026-08-23T06:16:22,109.28,44.6
2026-08-23T06:16:23,109.6,44.92
2026-08-23T06:16:24,109.47,44.79
2026-08-23T06:16:25,109.61,44.93
2026-08-23T06:16:26,109.32,44.64
2026-08-23T06:16:27,110.08,45.39
2026-08-23T06:16:28,110.35,45.65
2026-08-23T06:16:29,110.44,45.75
2026-08-23T06:16:30,111.0,46.3
2026-08-23T06:16:31,111.73,47.01
2026-08-23T06:16:32,112.68,47.95
2026-08-23T06:16:33,115.49,50.73
2026-08-23T06:16:34,118.23,53.43
2026-08-23T06:16:35,120.85,56.01
2026-08-23T06:16:36,122.87,58.0
2026-08-23T06:16:37,124.16,59.27
2026-08-23T06:16:38,124.29,59.4
2026-08-23T06:16:39,121.66,56.8
2026-08-23T06:16:40,118.75,53.94
2026-08-23T06:16:41,116.96,52.17
2026-08-23T06:16:42,115.26,50.5
2026-08-23T06:16:43,113.89,49.14
2026-08-23T06:16:44,112.21,47.49
2026-08-23T06:16:45,111.74,47.02
2026-08-23T06:16:46,111.71,47.0
2026-08-23T06:16:47,111.09,46.39
2026-08-23T06:16:48,111.03,46.32
2026-08-23T06:16:49,111.1,46.4
2026-08-23T06:16:50,110.75,46.06
2026-08-23T06:16:51,110.5,45.81
2026-08-23T06:16:52,110.67,45.97
2026-08-23T06:16:53,110.92,46.22
2026-08-23T06:16:54,110.67,45.97
2026-08-23T06:16:55,110.89,46.19
2026-08-23T06:16:56,111.53,46.82
2026-08-23T06:16:57,112.36,47.64
2026-08-23T06:16:58,114.11,49.37
2026-08-23T06:16:59,115.44,50.68
2026-08-23T06:17:00,117.39,52.6
2026-08-23T06:17:01,119.24,54.42
2026-08-23T06:17:02,122.02,57.16
2026-08-23T06:17:03,126.04,61.12
2026-08-23T06:17:04,127.59,62.65
2026-08-23T06:17:05,127.73,62.79
2026-08-23T06:17:06,120.86,56.02
2026-08-23T06:17:07,117.95,53.15
2026-08-23T06:17:08,116.1,51.32
2026-08-23T06:17:09,115.78,51.01
2026-08-23T06:17:10,114.98,50.23
2026-08-23T06:17:11,115.12,50.36
2026-08-23T06:17:12,113.84,49.1
2026-08-23T06:17:13,113.08,48.35
2026-08-23T06:17:14,115.03,50.27
2026-08-23T06:17:15,112.46,47.74
2026-08-23T06:17:16,111.4,46.7
2026-08-23T06:17:17,111.28,46.57
2026-08-23T06:17:18,110.64,45.95
2026-08-23T06:17:19,110.57,45.88
2026-08-23T06:17:20,110.44,45.75
2026-08-23T06:17:21,110.17,45.48
2026-08-23T06:17:22,109.9,45.21
2026-08-23T06:17:23,109.99,45.31
2026-08-23T06:17:24,109.75,45.06
2026-08-23T06:17:25,109.97,45.28
2026-08-23T06:17:26,109.63,44.95
2026-08-23T06:17:27,110.04,45.35
2026-08-23T06:17:28,109.91,45.23
2026-08-23T06:17:29,109.72,45.03
2026-08-23T06:17:30,109.44,44.76
2026-08-23T06:17:31,109.44,44.76
2026-08-23T06:17:32,109.73,45.05
2026-08-23T06:17:33,109.9,45.22
2026-08-23T06:17:34,110.9,46.2
2026-08-23T06:17:35,110.25,45.56
2026-08-23T06:17:36,110.62,45.93
2026-08-23T06:17:37,109.85,45.16
2026-08-23T06:17:38,109.39,44.71
2026-08-23T06:17:39,109.43,44.75
2026-08-23T06:17:40,109.32,44.65
2026-08-23T06:17:41,108.99,44.31
2026-08-23T06:17:42,109.81,45.12
2026-08-23T06:17:43,109.47,44.79
2026-08-23T06:17:44,109.94,45.25
2026-08-23T06:17:45,110.54,45.84
2026-08-23T06:17:46,109.94,45.25
2026-08-23T06:17:47,109.49,44.81
2026-08-23T06:17:48,109.32,44.64
2026-08-23T06:17:49,109.74,45.06
2026-08-23T06:17:50,109.15,44.48
2026-08-23T06:17:51,108.97,44.3
2026-08-23T06:17:52,109.04,44.36
2026-08-23T06:17:53,109.1,44.43
2026-08-23T06:17:54,108.54,43.87
2026-08-23T06:17:55,108.97,44.29
2026-08-23T06:17:56,109.13,44.46
2026-08-23T06:17:57,111.17,46.46
2026-08-23T06:17:58,110.25,45.56
2026-08-23T06:17:59,110.25,45.56
2026-08-23T06:18:00,109.84,45.15
2026-08-23T06:18:01,109.48,44.8
2026-08-23T06:18:02,109.26,44.58
2026-08-23T06:18:03,109.24,44.56
2026-08-23T06:18:04,109.07,44.39
2026-08-23T06:18:05,109.5,44.82
2026-08-23T06:18:06,109.52,44.84
2026-08-23T06:18:07,109.92,45.24
2026-08-23T06:18:08,109.23,44.56
2026-08-23T06:18:09,109.41,44.73
2026-08-23T06:18:10,109.32,44.65
2026-08-23T06:18:11,108.93,44.26
2026-08-23T06:18:12,108.85,44.18
2026-08-23T06:18:13,109.09,44.41
2026-08-23T06:18:14,109.1,44.42
2026-08-23T06:18:15,109.15,44.47
2026-08-23T06:18:16,109.47,44.79
2026-08-23T06:18:17,109.39,44.71
2026-08-23T06:18:18,109.78,45.09
2026-08-23T06:18:19,109.33,44.65
2026-08-23T06:18:20,109.57,44.89
2026-08-23T06:18:21,109.18,44.5
2026-08-23T06:18:22,109.12,44.45
2026-08-23T06:18:23,109.24,44.56
2026-08-23T06:18:24,109.19,44.52
2026-08-23T06:18:25,109.1,44.43
2026-08-23T06:18:26,109.2,44.53
2026-08-23T06:18:27,110.18,45.5
2026-08-23T06:18:28,110.48,45.79
2026-08-23T06:18:29,109.98,45.29
2026-08-23T06:18:30,109.65,44.97
2026-08-23T06:18:31,110.57,45.87
2026-08-23T06:18:32,110.06,45.37
2026-08-23T06:18:33,108.76,44.09
2026-08-23T06:18:34,108.99,44.32
2026-08-23T06:18:35,108.87,44.2
2026-08-23T06:18:36,109.06,44.38
2026-08-23T06:18:37,109.17,44.49
2026-08-23T06:18:38,109.13,44.45
2026-08-23T06:18:39,108.87,44.2
2026-08-23T06:18:40,108.84,44.17
2026-08-23T06:18:41,109.37,44.69
2026-08-23T06:18:42,109.49,44.81
2026-08-23T06:18:43,109.29,44.61
2026-08-23T06:18:44,109.98,45.3
2026-08-23T06:18:45,109.97,45.29
2026-08-23T06:18:46,110.13,45.44
2026-08-23T06:18:47,110.52,45.83
2026-08-23T06:18:48,111.75,47.04
2026-08-23T06:18:49,111.75,47.04
2026-08-23T06:18:50,111.62,46.91
2026-08-23T06:18:51,110.54,45.85
2026-08-23T06:18:52,109.89,45.2
2026-08-23T06:18:53,109.41,44.74
2026-08-23T06:18:54,110.32,45.62
2026-08-23T06:18:55,112.81,48.08
2026-08-23T06:18:56,113.73,48.99
2026-08-23T06:18:57,115.01,50.26
2026-08-23T06:18:58,113.73,48.99
2026-08-23T06:18:59,115.06,50.3
2026-08-23T06:19:00,112.21,47.49
2026-08-23T06:19:01,111.18,46.47
2026-08-23T06:19:02,113.28,48.55
2026-08-23T06:19:03,111.57,46.86
2026-08-23T06:19:04,109.92,45.23
2026-08-23T06:19:05,110.57,45.88
2026-08-23T06:19:06,110.95,46.25
2026-08-23T06:19:07,110.33,45.64
2026-08-23T06:19:08,109.54,44.86
2026-08-23T06:19:09,109.25,44.58
2026-08-23T06:19:10,109.44,44.76
2026-08-23T06:19:11,108.98,44.3
2026-08-23T06:19:12,108.9,44.23
2026-08-23T06:19:13,108.76,44.09
2026-08-23T06:19:14,109.06,44.39
2026-08-23T06:19:15,109.17,44.49
2026-08-23T06:19:16,109.25,44.58
2026-08-23T06:19:17,109.45,44.77
2026-08-23T06:19:18,109.23,44.56
2026-08-23T06:19:19,109.29,44.62
2026-08-23T06:19:20,109.77,45.08
2026-08-23T06:19:21,109.85,45.17
2026-08-23T06:19:22,110.0,45.32
2026-08-23T06:19:23,111.22,46.51
2026-08-23T06:19:24,111.65,46.94
2026-08-23T06:19:25,112.44,47.72
2026-08-23T06:19:26,113.67,48.93
2026-08-23T06:19:27,114.65,49.9
2026-08-23T06:19:28,117.08,52.29
2026-08-23T06:19:29,120.01,55.18
2026-08-23T06:19:30,121.77,56.92
2026-08-23T06:19:31,125.44,60.53
2026-08-23T06:19:32,128.64,63.69
2026-08-23T06:19:33,130.14,65.17
2026-08-23T06:19:34,123.46,58.58
2026-08-23T06:19:35,119.46,54.64
2026-08-23T06:19:36,116.3,51.53
2026-08-23T06:19:37,113.54,48.8
2026-08-23T06:19:38,112.28,47.56
2026-08-23T06:19:39,111.38,46.67
2026-08-23T06:19:40,111.59,46.88
2026-08-23T06:19:41,110.27,45.58
2026-08-23T06:19:42,109.75,45.07
2026-08-23T06:19:43,109.16,44.48
2026-08-23T06:19:44,109.39,44.71
2026-08-23T06:19:45,109.27,44.59
2026-08-23T06:19:46,108.95,44.28
2026-08-23T06:19:47,108.95,44.28
2026-08-23T06:19:48,108.53,43.87
2026-08-23T06:19:49,108.99,44.32
2026-08-23T06:19:50,108.83,44.16
2026-08-23T06:19:51,108.84,44.17
2026-08-23T06:19:52,108.95,44.28
2026-08-23T06:19:53,108.88,44.21
2026-08-23T06:19:54,108.89,44.22
2026-08-23T06:19:55,108.72,44.05
2026-08-23T06:19:56,108.93,44.26
2026-08-23T06:19:57,108.89,44.22
2026-08-23T06:19:58,109.47,44.79
2026-08-23T06:19:59,109.02,44.35
2026-08-23T06:20:00,109.16,44.48
2026-08-23T06:20:01,108.95,44.28
2026-08-23T06:20:02,108.97,44.29
2026-08-23T06:20:03,109.12,44.45
2026-08-23T06:20:04,108.67,44.0
2026-08-23T06:20:05,108.71,44.04
2026-08-23T06:20:06,108.8,44.13
2026-08-23T06:20:07,108.76,44.1
2026-08-23T06:20:08,109.11,44.44
2026-08-23T06:20:09,108.96,44.29
2026-08-23T06:20:10,108.45,43.78
2026-08-23T06:20:11,109.22,44.55
2026-08-23T06:20:12,108.98,44.3
2026-08-23T06:20:13,108.98,44.31
2026-08-23T06:20:14,108.99,44.32
2026-08-23T06:20:15,109.08,44.41
2026-08-23T06:20:16,108.97,44.29
2026-08-23T06:20:17,109.01,44.34
2026-08-23T06:20:18,108.54,43.88
2026-08-23T06:20:19,109.41,44.73
2026-08-23T06:20:20,109.17,44.49
2026-08-23T06:20:21,109.26,44.58
2026-08-23T06:20:22,108.24,43.58
2026-08-23T06:20:23,109.05,44.38
2026-08-23T06:20:24,108.64,43.97
2026-08-23T06:20:25,108.56,43.89
2026-08-23T06:20:26,108.6,43.93
2026-08-23T06:20:27,108.99,44.32
2026-08-23T06:20:28,108.9,44.23
2026-08-23T06:20:29,109.04,44.37
2026-08-23T06:20:30,108.78,44.11
2026-08-23T06:20:31,108.69,44.02
2026-08-23T06:20:32,108.96,44.28
2026-08-23T06:20:33,109.04,44.37
2026-08-23T06:20:34,108.61,43.94
2026-08-23T06:20:35,108.6,43.93
2026-08-23T06:20:36,108.83,44.16
2026-08-23T06:20:37,108.54,43.87
2026-08-23T06:20:38,108.76,44.09
2026-08-23T06:20:39,108.85,44.18
2026-08-23T06:20:40,108.92,44.25
2026-08-23T06:20:41,108.68,44.01
2026-08-23T06:20:42,109.16,44.49
2026-08-23T06:20:43,109.39,44.71
2026-08-23T06:20:44,108.85,44.18
2026-08-23T06:20:45,108.96,44.29
2026-08-23T06:20:46,109.44,44.76
2026-08-23T06:20:47,108.97,44.3
2026-08-23T06:20:48,109.15,44.47
2026-08-23T06:20:49,108.88,44.21
2026-08-23T06:20:50,108.76,44.09
2026-08-23T06:20:51,108.95,44.28
2026-08-23T06:20:52,108.55,43.88
2026-08-23T06:20:53,109.06,44.38
2026-08-23T06:20:54,109.19,44.52
2026-08-23T06:20:55,108.85,44.18
2026-08-23T06:20:56,109.08,44.41
2026-08-23T06:20:57,108.35,43.68
2026-08-23T06:20:58,108.89,44.22
2026-08-23T06:20:59,108.5,43.84
2026-08-23T06:21:00,108.51,43.84
2026-08-23T06:21:01,108.75,44.08
2026-08-23T06:21:02,109.3,44.62
2026-08-23T06:21:03,109.03,44.35
2026-08-23T06:21:04,108.92,44.25
2026-08-23T06:21:05,108.9,44.23
2026-08-23T06:21:06,108.82,44.15
2026-08-23T06:21:07,108.79,44.12
2026-08-23T06:21:08,109.2,44.52
2026-08-23T06:21:09,109.19,44.52
2026-08-23T06:21:10,108.67,44.0
2026-08-23T06:21:11,109.08,44.4
2026-08-23T06:21:12,108.84,44.17
2026-08-23T06:21:13,109.16,44.49
2026-08-23T06:21:14,109.03,44.36
2026-08-23T06:21:15,108.9,44.23
2026-08-23T06:21:16,108.9,44.22
2026-08-23T06:21:17,108.86,44.18
2026-08-23T06:21:18,109.0,44.32
2026-08-23T06:21:19,109.65,44.96
2026-08-23T06:21:20,109.32,44.64
2026-08-23T06:21:21,108.43,43.76
2026-08-23T06:21:22,108.7,44.04
2026-08-23T06:21:23,108.42,43.76
2026-08-23T06:21:24,109.02,44.35
2026-08-23T06:21:25,108.86,44.19
2026-08-23T06:21:26,108.64,43.97
2026-08-23T06:21:27,109.1,44.43
2026-08-23T06:21:28,108.57,43.91
2026-08-23T06:21:29,108.68,44.02
2026-08-23T06:21:30,108.43,43.76
2026-08-23T06:21:31,109.52,44.84
2026-08-23T06:21:32,108.97,44.3
2026-08-23T06:21:33,108.36,43.7
2026-08-23T06:21:34,108.71,44.04
2026-08-23T06:21:35,108.48,43.82
2026-08-23T06:21:36,108.52,43.85
2026-08-23T06:21:37,108.63,43.96
2026-08-23T06:21:38,108.69,44.02
2026-08-23T06:21:39,109.05,44.37
2026-08-23T06:21:40,108.88,44.21
2026-08-23T06:21:41,108.67,44.0
2026-08-23T06:21:42,108.8,44.13
2026-08-23T06:21:43,109.57,44.89
2026-08-23T06:21:44,109.64,44.96
2026-08-23T06:21:45,109.24,44.57
2026-08-23T06:21:46,108.83,44.16
2026-08-23T06:21:47,108.85,44.18
2026-08-23T06:21:48,109.41,44.73
2026-08-23T06:21:49,108.97,44.3
2026-08-23T06:21:50,109.22,44.54
2026-08-23T06:21:51,109.11,44.44
2026-08-23T06:21:52,109.48,44.8
2026-08-23T06:21:53,109.67,44.99
2026-08-23T06:21:54,109.42,44.74
2026-08-23T06:21:55,109.0,44.33
2026-08-23T06:21:56,109.19,44.51
2026-08-23T06:21:57,108.76,44.1
2026-08-23T06:21:58,108.97,44.3
2026-08-23T06:21:59,109.07,44.39
2026-08-23T06:22:00,109.2,44.52
2026-08-23T06:22:01,109.08,44.41
2026-08-23T06:22:02,108.79,44.12
2026-08-23T06:22:03,108.65,43.98
2026-08-23T06:22:04,109.55,44.87
2026-08-23T06:22:05,109.77,45.09
2026-08-23T06:22:06,109.46,44.78
2026-08-23T06:22:07,109.62,44.94
2026-08-23T06:22:08,109.19,44.52
2026-08-23T06:22:09,110.38,45.69
2026-08-23T06:22:10,110.72,46.03
2026-08-23T06:22:11,110.58,45.89
2026-08-23T06:22:12,110.25,45.56
2026-08-23T06:22:13,111.02,46.32
2026-08-23T06:22:14,112.56,47.84
2026-08-23T06:22:15,113.37,48.63
2026-08-23T06:22:16,114.89,50.13
2026-08-23T06:22:17,115.81,51.04
2026-08-23T06:22:18,116.69,51.91
2026-08-23T06:22:19,118.39,53.59
2026-08-23T06:22:20,120.05,55.22
2026-08-23T06:22:21,120.43,55.6
2026-08-23T06:22:22,115.65,50.88
2026-08-23T06:22:23,116.38,51.61
2026-08-23T06:22:24,114.2,49.46
2026-08-23T06:22:25,112.8,48.07
2026-08-23T06:22:26,112.09,47.38
2026-08-23T06:22:27,112.34,47.62
2026-08-23T06:22:28,111.81,47.1
2026-08-23T06:22:29,111.14,46.44
2026-08-23T06:22:30,110.52,45.83
2026-08-23T06:22:31,110.01,45.33
2026-08-23T06:22:32,109.33,44.66
2026-08-23T06:22:33,109.99,45.3
2026-08-23T06:22:34,109.29,44.61
2026-08-23T06:22:35,109.82,45.14
2026-08-23T06:22:36,109.22,44.55
2026-08-23T06:22:37,109.13,44.45
2026-08-23T06:22:38,109.03,44.36
2026-08-23T06:22:39,109.47,44.79
2026-08-23T06:22:40,109.26,44.58
2026-08-23T06:22:41,109.09,44.42
2026-08-23T06:22:42,109.0,44.32
2026-08-23T06:22:43,108.76,44.1
2026-08-23T06:22:44,108.78,44.11
2026-08-23T06:22:45,108.62,43.95
2026-08-23T06:22:46,109.19,44.51
2026-08-23T06:22:47,109.2,44.53
2026-08-23T06:22:48,109.0,44.33
2026-08-23T06:22:49,109.17,44.5
2026-08-23T06:22:50,108.9,44.23
2026-08-23T06:22:51,109.3,44.63
2026-08-23T06:22:52,109.43,44.76
2026-08-23T06:22:53,109.31,44.63
2026-08-23T06:22:54,109.12,44.44
2026-08-23T06:22:55,108.98,44.31
2026-08-23T06:22:56,108.8,44.13
2026-08-23T06:22:57,108.81,44.14
2026-08-23T06:22:58,108.71,44.05
2026-08-23T06:22:59,109.27,44.6
2026-08-23T06:23:00,109.19,44.51
2026-08-23T06:23:01,109.21,44.53
2026-08-23T06:23:02,109.09,44.41
2026-08-23T06:23:03,108.85,44.18
2026-08-23T06:23:04,108.69,44.02
2026-08-23T06:23:05,109.01,44.34
2026-08-23T06:23:06,109.18,44.5
2026-08-23T06:23:07,109.08,44.41
2026-08-23T06:23:08,109.17,44.49
2026-08-23T06:23:09,109.42,44.74
2026-08-23T06:23:10,108.84,44.17
2026-08-23T06:23:11,109.09,44.42
2026-08-23T06:23:12,108.43,43.77
2026-08-23T06:23:13,108.95,44.28
2026-08-23T06:23:14,108.97,44.3
2026-08-23T06:23:15,108.86,44.19
2026-08-23T06:23:16,109.19,44.52
2026-08-23T06:23:17,108.84,44.17
2026-08-23T06:23:18,109.3,44.62
2026-08-23T06:23:19,109.09,44.41
2026-08-23T06:23:20,109.3,44.62
2026-08-23T06:23:21,109.28,44.6
2026-08-23T06:23:22,109.12,44.45
2026-08-23T06:23:23,108.85,44.17
2026-08-23T06:23:24,108.96,44.29
2026-08-23T06:23:25,109.09,44.41
2026-08-23T06:23:26,109.28,44.6
2026-08-23T06:23:27,109.22,44.54
2026-08-23T06:23:28,109.32,44.65
2026-08-23T06:23:29,109.45,44.77
2026-08-23T06:23:30,109.36,44.68
2026-08-23T06:23:31,109.42,44.74
2026-08-23T06:23:32,109.61,44.93
2026-08-23T06:23:33,109.06,44.39
2026-08-23T06:23:34,109.76,45.08
2026-08-23T06:23:35,110.48,45.79
2026-08-23T06:23:36,110.47,45.78
2026-08-23T06:23:37,109.55,44.87
2026-08-23T06:23:38,109.46,44.78
2026-08-23T06:23:39,109.99,45.3
2026-08-23T06:23:40,110.03,45.34
2026-08-23T06:23:41,109.94,45.25
2026-08-23T06:23:42,109.95,45.27
2026-08-23T06:23:43,109.88,45.19
2026-08-23T06:23:44,109.82,45.13
2026-08-23T06:23:45,110.07,45.38
2026-08-23T06:23:46,109.52,44.84
2026-08-23T06:23:47,109.41,44.73
2026-08-23T06:23:48,109.51,44.83
2026-08-23T06:23:49,109.41,44.73
2026-08-23T06:23:50,109.25,44.58
2026-08-23T06:23:51,109.05,44.38
2026-08-23T06:23:52,109.23,44.55
2026-08-23T06:23:53,109.1,44.43
2026-08-23T06:23:54,109.51,44.83
2026-08-23T06:23:55,109.16,44.49
2026-08-23T06:23:56,109.67,44.99
2026-08-23T06:23:57,109.42,44.75
2026-08-23T06:23:58,109.87,45.19
2026-08-23T06:23:59,109.86,45.17
2026-08-23T06:24:00,109.72,45.04
2026-08-23T06:24:01,110.53,45.84
2026-08-23T06:24:02,110.29,45.6
2026-08-23T06:24:03,110.63,45.93
2026-08-23T06:24:04,110.27,45.58
2026-08-23T06:24:05,110.32,45.62
2026-08-23T06:24:06,110.73,46.03
2026-08-23T06:24:07,110.36,45.66
2026-08-23T06:24:08,110.48,45.79
2026-08-23T06:24:09,110.05,45.37
2026-08-23T06:24:10,111.8,47.09
2026-08-23T06:24:11,113.83,49.09
2026-08-23T06:24:12,121.19,56.35
2026-08-23T06:24:13,116.31,51.53
2026-08-23T06:24:14,114.22,49.47
2026-08-23T06:24:15,113.46,48.73
2026-08-23T06:24:16,112.05,47.34
2026-08-23T06:24:17,111.45,46.74
2026-08-23T06:24:18,111.3,46.6
2026-08-23T06:24:19,112.71,47.99
2026-08-23T06:24:20,112.78,48.05
2026-08-23T06:24:21,110.73,46.03
2026-08-23T06:24:22,111.5,46.79
2026-08-23T06:24:23,112.59,47.86
2026-08-23T06:24:24,113.5,48.76
2026-08-23T06:24:25,114.32,49.57
2026-08-23T06:24:26,116.17,51.4
2026-08-23T06:24:27,119.02,54.2
2026-08-23T06:24:28,121.21,56.36
2026-08-23T06:24:29,123.99,59.1
2026-08-23T06:24:30,126.95,62.02
2026-08-23T06:24:31,128.32,63.38
2026-08-23T06:24:32,126.88,61.96
2026-08-23T06:24:33,122.01,57.15
2026-08-23T06:24:34,124.47,59.58
2026-08-23T06:24:35,121.99,57.13
2026-08-23T06:24:36,122.57,57.71
2026-08-23T06:24:37,121.32,56.48
2026-08-23T06:24:38,117.91,53.12
2026-08-23T06:24:39,115.08,50.32
2026-08-23T06:24:40,114.37,49.62
2026-08-23T06:24:41,115.3,50.54
2026-08-23T06:24:42,117.08,52.29
2026-08-23T06:24:43,116.23,51.45
2026-08-23T06:24:44,114.08,49.33
2026-08-23T06:24:45,112.5,47.78
2026-08-23T06:24:46,111.36,46.65
2026-08-23T06:24:47,110.94,46.24
2026-08-23T06:24:48,110.6,45.91
2026-08-23T06:24:49,110.88,46.18
2026-08-23T06:24:50,109.85,45.16
2026-08-23T06:24:51,109.84,45.15
2026-08-23T06:24:52,109.59,44.9
2026-08-23T06:24:53,109.25,44.57
2026-08-23T06:24:54,109.23,44.56
2026-08-23T06:24:55,109.32,44.64
2026-08-23T06:24:56,109.69,45.01
2026-08-23T06:24:57,109.92,45.24
2026-08-23T06:24:58,109.77,45.09
2026-08-23T06:24:59,109.4,44.72
2026-08-23T06:25:00,109.68,45.0
2026-08-23T06:25:01,109.63,44.95
2026-08-23T06:25:02,109.55,44.87
2026-08-23T06:25:03,109.81,45.12
2026-08-23T06:25:04,109.69,45.01
2026-08-23T06:25:05,110.61,45.91
2026-08-23T06:25:06,110.19,45.5
2026-08-23T06:25:07,109.49,44.81
2026-08-23T06:25:08,109.49,44.81
2026-08-23T06:25:09,109.69,45.01
2026-08-23T06:25:10,109.11,44.43
2026-08-23T06:25:11,108.74,44.07
2026-08-23T06:25:12,109.1,44.43
2026-08-23T06:25:13,109.26,44.58
2026-08-23T06:25:14,109.75,45.06
2026-08-23T06:25:15,109.11,44.43
2026-08-23T06:25:16,108.64,43.98
2026-08-23T06:25:17,108.92,44.25
2026-08-23T06:25:18,108.92,44.25
2026-08-23T06:25:19,109.58,44.89
2026-08-23T06:25:20,109.09,44.41
2026-08-23T06:25:21,109.37,44.7
2026-08-23T06:25:22,110.28,45.58
2026-08-23T06:25:23,109.95,45.26
2026-08-23T06:25:24,110.56,45.86
2026-08-23T06:25:25,109.76,45.07
2026-08-23T06:25:26,110.03,45.34
2026-08-23T06:25:27,110.07,45.38
2026-08-23T06:25:28,109.87,45.19
2026-08-23T06:25:29,110.26,45.57
2026-08-23T06:25:30,109.98,45.3
2026-08-23T06:25:31,109.93,45.24
2026-08-23T06:25:32,109.94,45.26
2026-08-23T06:25:33,110.35,45.66
2026-08-23T06:25:34,111.66,46.95
2026-08-23T06:25:35,111.28,46.58
2026-08-23T06:25:36,110.62,45.92
2026-08-23T06:25:37,109.84,45.16
2026-08-23T06:25:38,111.24,46.53
2026-08-23T06:25:39,110.87,46.17
2026-08-23T06:25:40,110.11,45.42
2026-08-23T06:25:41,110.71,46.02
2026-08-23T06:25:42,109.81,45.13
2026-08-23T06:25:43,110.0,45.31
2026-08-23T06:25:44,110.08,45.39
2026-08-23T06:25:45,110.02,45.33
2026-08-23T06:25:46,109.84,45.16
2026-08-23T06:25:47,110.22,45.53
2026-08-23T06:25:48,109.49,44.81
2026-08-23T06:25:49,109.78,45.09
2026-08-23T06:25:50,109.32,44.64
2026-08-23T06:25:51,109.22,44.55
2026-08-23T06:25:52,109.7,45.01
2026-08-23T06:25:53,109.56,44.88
2026-08-23T06:25:54,110.1,45.41
2026-08-23T06:25:55,109.64,44.96
2026-08-23T06:25:56,110.0,45.31
2026-08-23T06:25:57,110.69,45.99
2026-08-23T06:25:58,111.37,46.67
2026-08-23T06:25:59,112.25,47.53
2026-08-23T06:26:00,113.61,48.87
2026-08-23T06:26:01,116.38,51.6
2026-08-23T06:26:02,118.01,53.21
2026-08-23T06:26:03,119.58,54.75
2026-08-23T06:26:04,120.91,56.07
2026-08-23T06:26:05,121.45,56.6
2026-08-23T06:26:06,121.8,56.94
2026-08-23T06:26:07,119.61,54.79
2026-08-23T06:26:08,116.93,52.14
2026-08-23T06:26:09,115.33,50.57
2026-08-23T06:26:10,114.47,49.72
2026-08-23T06:26:11,113.31,48.57
2026-08-23T06:26:12,112.82,48.09
2026-08-23T06:26:13,112.47,47.75
2026-08-23T06:26:14,112.17,47.45
2026-08-23T06:26:15,111.93,47.22
2026-08-23T06:26:16,111.8,47.09
2026-08-23T06:26:17,111.26,46.55
2026-08-23T06:26:18,111.19,46.48
2026-08-23T06:26:19,110.6,45.9
2026-08-23T06:26:20,110.79,46.09
2026-08-23T06:26:21,110.61,45.91
2026-08-23T06:26:22,110.36,45.67
2026-08-23T06:26:23,111.45,46.75
2026-08-23T06:26:24,110.71,46.01
2026-08-23T06:26:25,110.62,45.92
2026-08-23T06:26:26,111.33,46.63
2026-08-23T06:26:27,111.45,46.74
2026-08-23T06:26:28,111.48,46.78
2026-08-23T06:26:29,112.96,48.23
2026-08-23T06:26:30,112.78,48.05
2026-08-23T06:26:31,113.67,48.93
2026-08-23T06:26:32,114.96,50.2
2026-08-23T06:26:33,113.03,48.3
2026-08-23T06:26:34,112.24,47.52
2026-08-23T06:26:35,112.76,48.03
2026-08-23T06:26:36,116.66,51.88
2026-08-23T06:26:37,118.02,53.22
2026-08-23T06:26:38,118.54,53.74
2026-08-23T06:26:39,120.37,55.54
2026-08-23T06:26:40,122.18,57.32
2026-08-23T06:26:41,122.19,57.33
2026-08-23T06:26:42,120.35,55.51
2026-08-23T06:26:43,117.86,53.06
2026-08-23T06:26:44,116.73,51.95
2026-08-23T06:26:45,116.48,51.71
2026-08-23T06:26:46,115.98,51.21
2026-08-23T06:26:47,116.67,51.89
2026-08-23T06:26:48,118.0,53.2
2026-08-23T06:26:49,113.16,48.43
2026-08-23T06:26:50,111.78,47.06
2026-08-23T06:26:51,112.08,47.36
2026-08-23T06:26:52,112.52,47.8
2026-08-23T06:26:53,112.54,47.82
2026-08-23T06:26:54,112.18,47.46
2026-08-23T06:26:55,111.52,46.81
2026-08-23T06:26:56,111.05,46.35
2026-08-23T06:26:57,110.98,46.27
2026-08-23T06:26:58,111.07,46.37
2026-08-23T06:26:59,111.25,46.54
2026-08-23T06:27:00,111.11,46.41
2026-08-23T06:27:01,111.15,46.44
2026-08-23T06:27:02,111.01,46.31
2026-08-23T06:27:03,110.69,46.0
2026-08-23T06:27:04,111.14,46.44
2026-08-23T06:27:05,110.75,46.06
2026-08-23T06:27:06,110.2,45.51
2026-08-23T06:27:07,109.85,45.17
2026-08-23T06:27:08,110.23,45.54
2026-08-23T06:27:09,112.69,47.96
2026-08-23T06:27:10,109.74,45.06
2026-08-23T06:27:11,109.77,45.09
2026-08-23T06:27:12,110.36,45.67
2026-08-23T06:27:13,109.9,45.21
2026-08-23T06:27:14,110.9,46.2
2026-08-23T06:27:15,114.95,50.19
2026-08-23T06:27:16,112.93,48.21
2026-08-23T06:27:17,110.1,45.41
2026-08-23T06:27:18,110.12,45.43
2026-08-23T06:27:19,110.71,46.01
2026-08-23T06:27:20,111.52,46.81
2026-08-23T06:27:21,110.76,46.07
2026-08-23T06:27:22,109.62,44.94
2026-08-23T06:27:23,109.63,44.95
2026-08-23T06:27:24,110.04,45.35
2026-08-23T06:27:25,110.03,45.34
2026-08-23T06:27:26,109.97,45.28
2026-08-23T06:27:27,110.1,45.41
2026-08-23T06:27:28,110.14,45.45
2026-08-23T06:27:29,110.54,45.84
2026-08-23T06:27:30,110.6,45.9
2026-08-23T06:27:31,110.98,46.28
2026-08-23T06:27:32,113.79,49.05
2026-08-23T06:27:33,115.62,50.85
2026-08-23T06:27:34,111.25,46.55
2026-08-23T06:27:35,112.86,48.13
2026-08-23T06:27:36,109.94,45.25
2026-08-23T06:27:37,110.15,45.46
2026-08-23T06:27:38,110.33,45.63
2026-08-23T06:27:39,109.83,45.15
2026-08-23T06:27:40,110.65,45.96
2026-08-23T06:27:41,110.16,45.47
2026-08-23T06:27:42,109.79,45.1
2026-08-23T06:27:43,109.94,45.25
2026-08-23T06:27:44,110.04,45.35
2026-08-23T06:27:45,109.7,45.02
2026-08-23T06:27:46,109.22,44.54
2026-08-23T06:27:47,109.8,45.12
2026-08-23T06:27:48,109.68,45.0
2026-08-23T06:27:49,109.26,44.58
2026-08-23T06:27:50,109.37,44.7
2026-08-23T06:27:51,109.38,44.7
2026-08-23T06:27:52,109.67,44.99
2026-08-23T06:27:53,110.14,45.45
2026-08-23T06:27:54,110.92,46.22
2026-08-23T06:27:55,110.3,45.61
2026-08-23T06:27:56,110.09,45.4
2026-08-23T06:27:57,110.02,45.33
2026-08-23T06:27:58,110.09,45.4
2026-08-23T06:27:59,110.56,45.87
2026-08-23T06:28:00,110.82,46.12
2026-08-23T06:28:01,109.75,45.06
2026-08-23T06:28:02,109.88,45.2
2026-08-23T06:28:03,109.58,44.9
2026-08-23T06:28:04,109.55,44.86
2026-08-23T06:28:05,109.27,44.59
2026-08-23T06:28:06,109.16,44.49
2026-08-23T06:28:07,109.4,44.72
2026-08-23T06:28:08,109.24,44.57
2026-08-23T06:28:09,109.2,44.52
2026-08-23T06:28:10,109.51,44.83
2026-08-23T06:28:11,109.88,45.2
2026-08-23T06:28:12,109.47,44.79
2026-08-23T06:28:13,109.32,44.65
2026-08-23T06:28:14,109.68,45.0
2026-08-23T06:28:15,109.86,45.17
2026-08-23T06:28:16,109.91,45.22
2026-08-23T06:28:17,110.08,45.4
2026-08-23T06:28:18,109.83,45.15
2026-08-23T06:28:19,109.46,44.78
2026-08-23T06:28:20,109.53,44.85
2026-08-23T06:28:21,109.69,45.0
2026-08-23T06:28:22,109.52,44.84
2026-08-23T06:28:23,109.65,44.97
2026-08-23T06:28:24,110.71,46.01
2026-08-23T06:28:25,110.57,45.88
2026-08-23T06:28:26,109.71,45.03
2026-08-23T06:28:27,109.94,45.26
2026-08-23T06:28:28,109.81,45.13
2026-08-23T06:28:29,109.98,45.29
2026-08-23T06:28:30,109.8,45.11
2026-08-23T06:28:31,109.88,45.19
2026-08-23T06:28:32,109.79,45.11
2026-08-23T06:28:33,109.69,45.01
2026-08-23T06:28:34,109.52,44.84
2026-08-23T06:28:35,110.19,45.5
2026-08-23T06:28:36,109.44,44.76
2026-08-23T06:28:37,109.58,44.9
2026-08-23T06:28:38,109.3,44.62
2026-08-23T06:28:39,109.76,45.08
2026-08-23T06:28:40,109.71,45.02
2026-08-23T06:28:41,109.44,44.76
2026-08-23T06:28:42,109.4,44.72
2026-08-23T06:28:43,109.5,44.82
2026-08-23T06:28:44,109.86,45.18
2026-08-23T06:28:45,110.07,45.38
2026-08-23T06:28:46,109.51,44.83
2026-08-23T06:28:47,109.66,44.98
2026-08-23T06:28:48,109.56,44.88
2026-08-23T06:28:49,109.92,45.23
2026-08-23T06:28:50,110.26,45.57
2026-08-23T06:28:51,110.26,45.57
2026-08-23T06:28:52,109.91,45.23
2026-08-23T06:28:53,109.58,44.89
2026-08-23T06:28:54,109.67,44.99
2026-08-23T06:28:55,109.65,44.97
2026-08-23T06:28:56,109.53,44.85
2026-08-23T06:28:57,108.98,44.31
2026-08-23T06:28:58,109.79,45.1
2026-08-23T06:28:59,110.08,45.39
2026-08-23T06:29:00,110.39,45.7
2026-08-23T06:29:01,109.96,45.28
2026-08-23T06:29:02,109.69,45.0
2026-08-23T06:29:03,110.14,45.45
2026-08-23T06:29:04,109.96,45.28
2026-08-23T06:29:05,109.35,44.67
2026-08-23T06:29:06,109.81,45.12
2026-08-23T06:29:07,109.7,45.02
2026-08-23T06:29:08,109.97,45.29
2026-08-23T06:29:09,110.2,45.52
2026-08-23T06:29:10,110.58,45.88
2026-08-23T06:29:11,110.28,45.58
2026-08-23T06:29:12,110.46,45.76
2026-08-23T06:29:13,110.53,45.84
2026-08-23T06:29:14,110.4,45.7
2026-08-23T06:29:15,111.0,46.3
2026-08-23T06:29:16,110.04,45.35
2026-08-23T06:29:17,109.97,45.28
2026-08-23T06:29:18,109.64,44.96
2026-08-23T06:29:19,110.26,45.57
2026-08-23T06:29:20,111.28,46.57
2026-08-23T06:29:21,111.23,46.53
2026-08-23T06:29:22,109.85,45.16
2026-08-23T06:29:23,109.67,44.99
2026-08-23T06:29:24,110.7,46.01
2026-08-23T06:29:25,110.64,45.95
2026-08-23T06:29:26,109.96,45.28
2026-08-23T06:29:27,110.1,45.42
2026-08-23T06:29:28,110.42,45.72
2026-08-23T06:29:29,111.19,46.49
2026-08-23T06:29:30,110.4,45.7
2026-08-23T06:29:31,110.57,45.88
2026-08-23T06:29:32,110.82,46.13
2026-08-23T06:29:33,110.93,46.23
2026-08-23T06:29:34,111.42,46.72
2026-08-23T06:29:35,110.68,45.98
2026-08-23T06:29:36,110.99,46.29
2026-08-23T06:29:37,110.84,46.14
2026-08-23T06:29:38,110.92,46.22
2026-08-23T06:29:39,110.93,46.23
2026-08-23T06:29:40,110.94,46.23
2026-08-23T06:29:41,111.61,46.9
2026-08-23T06:29:42,110.79,46.09
2026-08-23T06:29:43,110.52,45.83
2026-08-23T06:29:44,110.48,45.78
2026-08-23T06:29:45,110.54,45.85
2026-08-23T06:29:46,111.02,46.32
2026-08-23T06:29:47,110.05,45.36
2026-08-23T06:29:48,111.31,46.61
2026-08-23T06:29:49,110.89,46.19
2026-08-23T06:29:50,109.89,45.21
2026-08-23T06:29:51,109.6,44.92
2026-08-23T06:29:52,110.42,45.72
2026-08-23T06:29:53,110.49,45.79
2026-08-23T06:29:54,110.62,45.93
2026-08-23T06:29:55,110.7,46.0
2026-08-23T06:29:56,112.05,47.33
2026-08-23T06:29:57,111.17,46.47
2026-08-23T06:29:58,112.18,47.46
2026-08-23T06:29:59,111.99,47.27
2026-08-23T06:30:00,112.03,47.32
