timestamp,apparent_db,calibrated_db_a
2026-09-10T00:00:04,143.16,78.0
2026-09-10T00:00:05,108.21,43.55
2026-09-10T00:00:06,107.94,43.28
2026-09-10T00:00:07,107.9,43.24
2026-09-10T00:00:08,108.21,43.55
2026-09-10T00:00:09,108.17,43.51
2026-09-10T00:00:10,108.03,43.37
2026-09-10T00:00:11,107.9,43.24
2026-09-10T00:00:12,108.1,43.44
2026-09-10T00:00:13,108.24,43.58
2026-09-10T00:00:14,108.7,44.03
2026-09-10T00:00:15,108.03,43.37
2026-09-10T00:00:16,108.31,43.65
2026-09-10T00:00:17,108.08,43.42
2026-09-10T00:00:18,108.25,43.59
2026-09-10T00:00:19,108.18,43.52
2026-09-10T00:00:20,107.79,43.14
2026-09-10T00:00:21,108.39,43.73
2026-09-10T00:00:22,108.05,43.39
2026-09-10T00:00:23,108.24,43.58
2026-09-10T00:00:24,108.37,43.7
2026-09-10T00:00:25,108.23,43.56
2026-09-10T00:00:26,107.69,43.04
2026-09-10T00:00:27,108.94,44.27
2026-09-10T00:00:28,107.83,43.17
2026-09-10T00:00:29,108.22,43.56
2026-09-10T00:00:30,108.28,43.62
2026-09-10T00:00:31,108.43,43.77
2026-09-10T00:00:32,108.61,43.95
2026-09-10T00:00:33,108.21,43.55
2026-09-10T00:00:34,108.42,43.75
2026-09-10T00:00:35,108.0,43.34
2026-09-10T00:00:36,108.07,43.41
2026-09-10T00:00:37,108.44,43.77
2026-09-10T00:00:38,108.37,43.7
2026-09-10T00:00:39,107.94,43.28
2026-09-10T00:00:40,108.42,43.76
2026-09-10T00:00:41,108.05,43.39
2026-09-10T00:00:42,108.26,43.6
2026-09-10T00:00:43,108.22,43.56
2026-09-10T00:00:44,107.76,43.11
2026-09-10T00:00:45,108.11,43.45
2026-09-10T00:00:46,108.03,43.37
2026-09-10T00:00:47,108.12,43.46
2026-09-10T00:00:48,107.72,43.07
2026-09-10T00:00:49,108.39,43.72
2026-09-10T00:00:50,108.49,43.82
2026-09-10T00:00:51,107.78,43.12
2026-09-10T00:00:52,108.09,43.43
2026-09-10T00:00:53,107.73,43.08
2026-09-10T00:00:54,108.13,43.47
2026-09-10T00:00:55,108.44,43.78
2026-09-10T00:00:56,108.1,43.44
2026-09-10T00:00:57,108.23,43.57
2026-09-10T00:00:58,108.06,43.4
2026-09-10T00:00:59,108.17,43.51
2026-09-10T00:01:00,108.25,43.59
2026-09-10T00:01:01,108.01,43.35
2026-09-10T00:01:02,107.97,43.31
2026-09-10T00:01:03,108.08,43.42
2026-09-10T00:01:04,108.17,43.51
2026-09-10T00:01:05,108.28,43.62
2026-09-10T00:01:06,108.1,43.44
2026-09-10T00:01:07,108.02,43.36
2026-09-10T00:01:08,108.6,43.93
2026-09-10T00:01:09,107.91,43.26
2026-09-10T00:01:10,108.17,43.51
2026-09-10T00:01:11,108.47,43.81
2026-09-10T00:01:12,108.15,43.49
2026-09-10T00:01:13,107.93,43.27
2026-09-10T00:01:14,108.79,44.12
2026-09-10T00:01:15,108.29,43.62
2026-09-10T00:01:16,108.86,44.19
2026-09-10T00:01:17,109.55,44.87
2026-09-10T00:01:18,110.36,45.66
2026-09-10T00:01:19,110.37,45.68
2026-09-10T00:01:20,111.89,47.18
2026-09-10T00:01:21,111.88,47.17
2026-09-10T00:01:22,108.39,43.73
2026-09-10T00:01:23,108.6,43.93
2026-09-10T00:01:24,108.32,43.66
2026-09-10T00:01:25,107.9,43.25
2026-09-10T00:01:26,108.13,43.47
2026-09-10T00:01:27,108.3,43.64
2026-09-10T00:01:28,108.11,43.45
2026-09-10T00:01:29,108.34,43.67
2026-09-10T00:01:30,107.92,43.26
2026-09-10T00:01:31,108.05,43.39
2026-09-10T00:01:32,107.85,43.19
2026-09-10T00:01:33,107.95,43.29
2026-09-10T00:01:34,108.55,43.88
2026-09-10T00:01:35,108.39,43.72
2026-09-10T00:01:36,107.56,42.91
2026-09-10T00:01:37,108.36,43.7
2026-09-10T00:01:38,108.25,43.59
2026-09-10T00:01:39,108.82,44.15
2026-09-10T00:01:40,108.73,44.06
2026-09-10T00:01:41,109.21,44.54
2026-09-10T00:01:42,109.61,44.93
2026-09-10T00:01:43,109.05,44.37
2026-09-10T00:01:44,108.17,43.51
2026-09-10T00:01:45,108.13,43.47
2026-09-10T00:01:46,108.17,43.51
2026-09-10T00:01:47,108.11,43.45
2026-09-10T00:01:48,108.08,43.42
2026-09-10T00:01:49,107.67,43.02
2026-09-10T00:01:50,107.9,43.24
2026-09-10T00:01:51,108.19,43.53
2026-09-10T00:01:52,107.84,43.19
2026-09-10T00:01:53,107.85,43.19
2026-09-10T00:01:54,108.72,44.05
2026-09-10T00:01:55,107.99,43.33
2026-09-10T00:01:56,107.75,43.09
2026-09-10T00:01:57,108.03,43.37
2026-09-10T00:01:58,108.52,43.86
2026-09-10T00:01:59,108.05,43.39
2026-09-10T00:02:00,108.3,43.64
2026-09-10T00:02:01,108.0,43.34
2026-09-10T00:02:02,108.12,43.46
2026-09-10T00:02:03,108.05,43.39
2026-09-10T00:02:04,108.14,43.48
2026-09-10T00:02:05,108.31,43.65
2026-09-10T00:02:06,107.62,42.96
2026-09-10T00:02:07,108.14,43.48
2026-09-10T00:02:08,107.98,43.32
2026-09-10T00:02:09,108.44,43.77
2026-09-10T00:02:10,107.95,43.29
2026-09-10T00:02:11,108.03,43.37
2026-09-10T00:02:12,107.86,43.2
2026-09-10T00:02:13,108.55,43.88
2026-09-10T00:02:14,108.34,43.68
2026-09-10T00:02:15,108.35,43.68
2026-09-10T00:02:16,108.31,43.64
2026-09-10T00:02:17,108.17,43.51
2026-09-10T00:02:18,108.28,43.62
2026-09-10T00:02:19,108.12,43.46
2026-09-10T00:02:20,108.11,43.45
2026-09-10T00:02:21,109.07,44.4
2026-09-10T00:02:22,108.75,44.08
2026-09-10T00:02:23,107.86,43.2
2026-09-10T00:02:24,108.13,43.47
2026-09-10T00:02:25,108.43,43.76
2026-09-10T00:02:26,108.82,44.15
2026-09-10T00:02:27,108.41,43.74
2026-09-10T00:02:28,108.42,43.75
2026-09-10T00:02:29,108.51,43.85
2026-09-10T00:02:30,108.73,44.06
2026-09-10T00:02:31,107.93,43.27
2026-09-10T00:02:32,109.02,44.34
2026-09-10T00:02:33,108.29,43.63
2026-09-10T00:02:34,108.14,43.48
2026-09-10T00:02:35,108.61,43.94
2026-09-10T00:02:36,108.17,43.51
2026-09-10T00:02:37,108.66,43.99
2026-09-10T00:02:38,108.78,44.11
2026-09-10T00:02:39,108.95,44.28
2026-09-10T00:02:40,108.64,43.97
2026-09-10T00:02:41,108.87,44.2
2026-09-10T00:02:42,109.05,44.38
2026-09-10T00:02:43,108.45,43.78
2026-09-10T00:02:44,108.67,44.0
2026-09-10T00:02:45,108.6,43.94
2026-09-10T00:02:46,108.58,43.91
2026-09-10T00:02:47,108.99,44.31
2026-09-10T00:02:48,109.35,44.67
2026-09-10T00:02:49,109.58,44.9
2026-09-10T00:02:50,110.48,45.78
2026-09-10T00:02:51,111.67,46.96
2026-09-10T00:02:52,111.93,47.22
2026-09-10T00:02:53,111.91,47.2
2026-09-10T00:02:54,109.94,45.25
2026-09-10T00:02:55,109.06,44.38
2026-09-10T00:02:56,109.21,44.54
2026-09-10T00:02:57,109.46,44.78
2026-09-10T00:02:58,108.78,44.11
2026-09-10T00:02:59,109.11,44.44
2026-09-10T00:03:00,108.3,43.63
2026-09-10T00:03:01,108.32,43.65
2026-09-10T00:03:02,108.49,43.83
2026-09-10T00:03:03,109.01,44.34
2026-09-10T00:03:04,108.09,43.43
2026-09-10T00:03:05,108.82,44.15
2026-09-10T00:03:06,108.93,44.25
2026-09-10T00:03:07,109.09,44.41
2026-09-10T00:03:08,108.45,43.79
2026-09-10T00:03:09,108.81,44.14
2026-09-10T00:03:10,108.35,43.69
2026-09-10T00:03:11,109.1,44.43
2026-09-10T00:03:12,108.77,44.1
2026-09-10T00:03:13,108.17,43.51
2026-09-10T00:03:14,108.4,43.74
2026-09-10T00:03:15,108.34,43.68
2026-09-10T00:03:16,108.22,43.56
2026-09-10T00:03:17,108.27,43.61
2026-09-10T00:03:18,108.44,43.77
2026-09-10T00:03:19,108.37,43.71
2026-09-10T00:03:20,108.74,44.07
2026-09-10T00:03:21,108.64,43.97
2026-09-10T00:03:22,108.05,43.4
2026-09-10T00:03:23,108.38,43.72
2026-09-10T00:03:24,108.35,43.69
2026-09-10T00:03:25,108.48,43.81
2026-09-10T00:03:26,108.09,43.43
2026-09-10T00:03:27,108.23,43.57
2026-09-10T00:03:28,108.78,44.11
2026-09-10T00:03:29,108.58,43.91
2026-09-10T00:03:30,108.5,43.84
2026-09-10T00:03:31,108.49,43.82
2026-09-10T00:03:32,108.31,43.65
2026-09-10T00:03:33,108.21,43.54
2026-09-10T00:03:34,108.48,43.82
2026-09-10T00:03:35,108.05,43.39
2026-09-10T00:03:36,108.23,43.57
2026-09-10T00:03:37,108.42,43.75
2026-09-10T00:03:38,107.82,43.16
2026-09-10T00:03:39,107.83,43.17
2026-09-10T00:03:40,108.11,43.45
2026-09-10T00:03:41,108.03,43.37
2026-09-10T00:03:42,108.26,43.6
2026-09-10T00:03:43,107.85,43.2
2026-09-10T00:03:44,108.6,43.93
2026-09-10T00:03:45,108.2,43.54
2026-09-10T00:03:46,108.45,43.79
2026-09-10T00:03:47,108.07,43.41
2026-09-10T00:03:48,108.25,43.59
2026-09-10T00:03:49,107.88,43.22
2026-09-10T00:03:50,107.72,43.07
2026-09-10T00:03:51,107.9,43.24
2026-09-10T00:03:52,107.79,43.14
2026-09-10T00:03:53,108.06,43.4
2026-09-10T00:03:54,108.41,43.74
2026-09-10T00:03:55,108.96,44.29
2026-09-10T00:03:56,107.75,43.09
2026-09-10T00:03:57,107.96,43.3
2026-09-10T00:03:58,108.21,43.55
2026-09-10T00:03:59,108.06,43.4
2026-09-10T00:04:00,108.22,43.56
2026-09-10T00:04:01,107.6,42.95
2026-09-10T00:04:02,108.06,43.4
2026-09-10T00:04:03,108.07,43.41
2026-09-10T00:04:04,107.88,43.22
2026-09-10T00:04:05,108.5,43.83
2026-09-10T00:04:06,108.13,43.47
2026-09-10T00:04:07,108.28,43.62
2026-09-10T00:04:08,108.04,43.38
2026-09-10T00:04:09,108.12,43.46
2026-09-10T00:04:10,108.14,43.48
2026-09-10T00:04:11,108.6,43.94
2026-09-10T00:04:12,108.39,43.73
2026-09-10T00:04:13,108.42,43.75
2026-09-10T00:04:14,108.1,43.44
2026-09-10T00:04:15,107.78,43.13
2026-09-10T00:04:16,108.11,43.45
2026-09-10T00:04:17,108.21,43.55
2026-09-10T00:04:18,108.46,43.8
2026-09-10T00:04:19,108.68,44.01
2026-09-10T00:04:20,110.24,45.54
2026-09-10T00:04:21,108.44,43.77
2026-09-10T00:04:22,108.08,43.42
2026-09-10T00:04:23,108.21,43.54
2026-09-10T00:04:24,108.19,43.53
2026-09-10T00:04:25,108.03,43.38
2026-09-10T00:04:26,107.98,43.32
2026-09-10T00:04:27,107.93,43.27
2026-09-10T00:04:28,107.59,42.94
2026-09-10T00:04:29,108.13,43.47
2026-09-10T00:04:30,108.26,43.6
2026-09-10T00:04:31,108.5,43.84
2026-09-10T00:04:32,107.88,43.22
2026-09-10T00:04:33,108.05,43.39
2026-09-10T00:04:34,108.31,43.64
2026-09-10T00:04:35,108.18,43.52
2026-09-10T00:04:36,107.79,43.13
2026-09-10T00:04:37,108.17,43.51
2026-09-10T00:04:38,108.24,43.58
2026-09-10T00:04:39,108.22,43.56
2026-09-10T00:04:40,107.92,43.26
2026-09-10T00:04:41,108.24,43.58
2026-09-10T00:04:42,108.02,43.36
2026-09-10T00:04:43,107.86,43.2
2026-09-10T00:04:44,108.07,43.41
2026-09-10T00:04:45,108.5,43.83
2026-09-10T00:04:46,108.29,43.62
2026-09-10T00:04:47,107.97,43.31
2026-09-10T00:04:48,108.07,43.41
2026-09-10T00:04:49,107.94,43.28
2026-09-10T00:04:50,108.33,43.67
2026-09-10T00:04:51,108.13,43.47
2026-09-10T00:04:52,108.34,43.68
2026-09-10T00:04:53,107.99,43.33
2026-09-10T00:04:54,108.15,43.49
2026-09-10T00:04:55,107.97,43.31
2026-09-10T00:04:56,108.46,43.79
2026-09-10T00:04:57,108.3,43.64
2026-09-10T00:04:58,107.87,43.21
2026-09-10T00:04:59,108.06,43.41
2026-09-10T00:05:00,108.07,43.41
2026-09-10T00:05:01,107.78,43.12
2026-09-10T00:05:02,107.95,43.3
2026-09-10T00:05:03,107.67,43.02
2026-09-10T00:05:04,108.15,43.49
2026-09-10T00:05:05,108.49,43.83
2026-09-10T00:05:06,107.98,43.32
2026-09-10T00:05:07,108.56,43.89
2026-09-10T00:05:08,108.06,43.4
2026-09-10T00:05:09,108.01,43.35
2026-09-10T00:05:10,108.72,44.05
2026-09-10T00:05:11,108.01,43.35
2026-09-10T00:05:12,107.88,43.22
2026-09-10T00:05:13,108.09,43.43
2026-09-10T00:05:14,108.16,43.5
2026-09-10T00:05:15,108.01,43.35
2026-09-10T00:05:16,107.99,43.33
2026-09-10T00:05:17,108.3,43.64
2026-09-10T00:05:18,107.85,43.19
2026-09-10T00:05:19,108.14,43.48
2026-09-10T00:05:20,107.77,43.11
2026-09-10T00:05:21,108.0,43.35
2026-09-10T00:05:22,108.27,43.61
2026-09-10T00:05:23,108.26,43.6
2026-09-10T00:05:24,107.78,43.13
2026-09-10T00:05:25,108.33,43.67
2026-09-10T00:05:26,108.3,43.64
2026-09-10T00:05:27,107.87,43.22
2026-09-10T00:05:28,107.77,43.11
2026-09-10T00:05:29,108.18,43.52
2026-09-10T00:05:30,108.12,43.46
2026-09-10T00:05:31,108.36,43.7
2026-09-10T00:05:32,107.93,43.28
2026-09-10T00:05:33,108.11,43.45
2026-09-10T00:05:34,108.26,43.6
2026-09-10T00:05:35,107.59,42.94
2026-09-10T00:05:36,108.21,43.55
2026-09-10T00:05:37,108.13,43.47
2026-09-10T00:05:38,108.65,43.98
2026-09-10T00:05:39,108.42,43.75
2026-09-10T00:05:40,109.06,44.39
2026-09-10T00:05:41,109.2,44.53
2026-09-10T00:05:42,110.08,45.39
2026-09-10T00:05:43,111.23,46.52
2026-09-10T00:05:44,112.16,47.44
2026-09-10T00:05:45,113.19,48.46
2026-09-10T00:05:46,109.19,44.51
2026-09-10T00:05:47,108.83,44.16
2026-09-10T00:05:48,108.25,43.59
2026-09-10T00:05:49,108.37,43.71
2026-09-10T00:05:50,108.59,43.92
2026-09-10T00:05:51,108.68,44.01
2026-09-10T00:05:52,108.05,43.39
2026-09-10T00:05:53,108.13,43.47
2026-09-10T00:05:54,108.16,43.5
2026-09-10T00:05:55,108.41,43.74
2026-09-10T00:05:56,108.01,43.35
2026-09-10T00:05:57,108.25,43.59
2026-09-10T00:05:58,108.36,43.69
2026-09-10T00:05:59,108.24,43.58
2026-09-10T00:06:00,108.84,44.17
2026-09-10T00:06:01,108.41,43.75
2026-09-10T00:06:02,108.38,43.72
2026-09-10T00:06:03,107.97,43.31
2026-09-10T00:06:04,107.97,43.31
2026-09-10T00:06:05,108.29,43.63
2026-09-10T00:06:06,107.88,43.22
2026-09-10T00:06:07,108.2,43.54
2026-09-10T00:06:08,108.27,43.61
2026-09-10T00:06:09,108.36,43.69
2026-09-10T00:06:10,107.98,43.32
2026-09-10T00:06:11,107.94,43.28
2026-09-10T00:06:12,107.84,43.18
2026-09-10T00:06:13,108.44,43.77
2026-09-10T00:06:14,108.26,43.59
2026-09-10T00:06:15,108.06,43.4
2026-09-10T00:06:16,108.13,43.47
2026-09-10T00:06:17,108.41,43.74
2026-09-10T00:06:18,108.29,43.63
2026-09-10T00:06:19,108.18,43.52
2026-09-10T00:06:20,107.79,43.14
2026-09-10T00:06:21,108.18,43.52
2026-09-10T00:06:22,108.02,43.36
2026-09-10T00:06:23,108.05,43.39
2026-09-10T00:06:24,107.74,43.09
2026-09-10T00:06:25,107.58,42.93
2026-09-10T00:06:26,108.12,43.46
2026-09-10T00:06:27,107.66,43.01
2026-09-10T00:06:28,108.04,43.38
2026-09-10T00:06:29,107.94,43.28
2026-09-10T00:06:30,108.31,43.65
2026-09-10T00:06:31,108.4,43.73
2026-09-10T00:06:32,108.23,43.57
2026-09-10T00:06:33,108.22,43.56
2026-09-10T00:06:34,107.86,43.21
2026-09-10T00:06:35,108.59,43.92
2026-09-10T00:06:36,108.13,43.47
2026-09-10T00:06:37,108.06,43.4
2026-09-10T00:06:38,108.4,43.74
2026-09-10T00:06:39,108.12,43.46
2026-09-10T00:06:40,108.42,43.75
2026-09-10T00:06:41,108.31,43.65
2026-09-10T00:06:42,107.78,43.12
2026-09-10T00:06:43,108.31,43.64
2026-09-10T00:06:44,108.04,43.38
2026-09-10T00:06:45,108.2,43.54
2026-09-10T00:06:46,107.84,43.18
2026-09-10T00:06:47,108.21,43.55
2026-09-10T00:06:48,107.55,42.89
2026-09-10T00:06:49,107.94,43.29
2026-09-10T00:06:50,108.13,43.47
2026-09-10T00:06:51,108.11,43.45
2026-09-10T00:06:52,108.28,43.62
2026-09-10T00:06:53,108.34,43.67
2026-09-10T00:06:54,108.25,43.59
2026-09-10T00:06:55,108.12,43.46
2026-09-10T00:06:56,108.2,43.54
2026-09-10T00:06:57,107.92,43.27
2026-09-10T00:06:58,108.44,43.77
2026-09-10T00:06:59,107.8,43.14
2026-09-10T00:07:00,108.21,43.55
2026-09-10T00:07:01,107.85,43.2
2026-09-10T00:07:02,108.31,43.65
2026-09-10T00:07:03,107.76,43.11
2026-09-10T00:07:04,108.17,43.51
2026-09-10T00:07:05,108.38,43.72
2026-09-10T00:07:06,108.21,43.55
2026-09-10T00:07:07,108.07,43.41
2026-09-10T00:07:08,108.04,43.39
2026-09-10T00:07:09,108.23,43.57
2026-09-10T00:07:10,107.66,43.01
2026-09-10T00:07:11,108.16,43.5
2026-09-10T00:07:12,108.21,43.55
2026-09-10T00:07:13,107.87,43.22
2026-09-10T00:07:14,108.11,43.45
2026-09-10T00:07:15,107.86,43.2
2026-09-10T00:07:16,107.78,43.12
2026-09-10T00:07:17,108.18,43.52
2026-09-10T00:07:18,107.84,43.19
2026-09-10T00:07:19,108.26,43.6
2026-09-10T00:07:20,108.11,43.45
2026-09-10T00:07:21,108.26,43.6
2026-09-10T00:07:22,107.95,43.3
2026-09-10T00:07:23,107.96,43.31
2026-09-10T00:07:24,108.19,43.53
2026-09-10T00:07:25,107.74,43.08
2026-09-10T00:07:26,108.14,43.48
2026-09-10T00:07:27,108.05,43.39
2026-09-10T00:07:28,107.7,43.04
2026-09-10T00:07:29,108.01,43.35
2026-09-10T00:07:30,108.42,43.75
2026-09-10T00:07:31,107.9,43.25
2026-09-10T00:07:32,107.91,43.25
2026-09-10T00:07:33,108.23,43.56
2026-09-10T00:07:34,108.62,43.95
2026-09-10T00:07:35,107.68,43.03
2026-09-10T00:07:36,107.93,43.27
2026-09-10T00:07:37,108.25,43.59
2026-09-10T00:07:38,108.49,43.82
2026-09-10T00:07:39,108.25,43.59
2026-09-10T00:07:40,108.86,44.19
2026-09-10T00:07:41,108.07,43.41
2026-09-10T00:07:42,108.62,43.96
2026-09-10T00:07:43,108.23,43.57
2026-09-10T00:07:44,108.09,43.43
2026-09-10T00:07:45,108.13,43.47
2026-09-10T00:07:46,108.28,43.62
2026-09-10T00:07:47,108.42,43.75
2026-09-10T00:07:48,108.41,43.74
2026-09-10T00:07:49,109.88,45.2
2026-09-10T00:07:50,108.37,43.71
2026-09-10T00:07:51,108.13,43.47
2026-09-10T00:07:52,107.84,43.19
2026-09-10T00:07:53,108.38,43.72
2026-09-10T00:07:54,108.23,43.56
2026-09-10T00:07:55,108.32,43.65
2026-09-10T00:07:56,108.33,43.67
2026-09-10T00:07:57,108.36,43.7
2026-09-10T00:07:58,107.96,43.3
2026-09-10T00:07:59,107.94,43.28
2026-09-10T00:08:00,108.39,43.73
2026-09-10T00:08:01,107.63,42.97
2026-09-10T00:08:02,108.11,43.45
2026-09-10T00:08:03,107.9,43.25
2026-09-10T00:08:04,107.86,43.21
2026-09-10T00:08:05,108.0,43.34
2026-09-10T00:08:06,108.25,43.58
2026-09-10T00:08:07,107.85,43.19
2026-09-10T00:08:08,107.81,43.16
2026-09-10T00:08:09,107.87,43.22
2026-09-10T00:08:10,108.2,43.54
2026-09-10T00:08:11,107.92,43.27
2026-09-10T00:08:12,108.35,43.69
2026-09-10T00:08:13,108.26,43.59
2026-09-10T00:08:14,108.17,43.51
2026-09-10T00:08:15,108.46,43.8
2026-09-10T00:08:16,108.24,43.58
2026-09-10T00:08:17,108.02,43.36
2026-09-10T00:08:18,108.14,43.48
2026-09-10T00:08:19,108.25,43.58
2026-09-10T00:08:20,107.85,43.19
2026-09-10T00:08:21,108.34,43.68
2026-09-10T00:08:22,108.19,43.53
2026-09-10T00:08:23,108.11,43.45
2026-09-10T00:08:24,108.52,43.85
2026-09-10T00:08:25,107.82,43.17
2026-09-10T00:08:26,108.26,43.6
2026-09-10T00:08:27,107.92,43.26
2026-09-10T00:08:28,108.76,44.09
2026-09-10T00:08:29,108.12,43.46
2026-09-10T00:08:30,108.12,43.46
2026-09-10T00:08:31,108.46,43.8
2026-09-10T00:08:32,108.51,43.85
2026-09-10T00:08:33,107.71,43.06
2026-09-10T00:08:34,108.4,43.74
2026-09-10T00:08:35,107.72,43.06
2026-09-10T00:08:36,108.34,43.68
2026-09-10T00:08:37,108.24,43.58
2026-09-10T00:08:38,108.42,43.76
2026-09-10T00:08:39,108.1,43.44
2026-09-10T00:08:40,108.62,43.95
2026-09-10T00:08:41,107.82,43.16
2026-09-10T00:08:42,108.16,43.5
2026-09-10T00:08:43,108.51,43.85
2026-09-10T00:08:44,108.0,43.34
2026-09-10T00:08:45,108.0,43.34
2026-09-10T00:08:46,108.38,43.71
2026-09-10T00:08:47,109.73,45.05
2026-09-10T00:08:48,108.11,43.45
2026-09-10T00:08:49,108.1,43.44
2026-09-10T00:08:50,108.01,43.35
2026-09-10T00:08:51,108.11,43.45
2026-09-10T00:08:52,108.05,43.39
2026-09-10T00:08:53,108.39,43.72
2026-09-10T00:08:54,108.35,43.69
2026-09-10T00:08:55,108.46,43.79
2026-09-10T00:08:56,108.31,43.65
2026-09-10T00:08:57,108.31,43.65
2026-09-10T00:08:58,108.16,43.5
2026-09-10T00:08:59,107.8,43.14
2026-09-10T00:09:00,107.95,43.3
2026-09-10T00:09:01,108.11,43.45
2026-09-10T00:09:02,107.76,43.11
2026-09-10T00:09:03,107.73,43.08
2026-09-10T00:09:04,108.24,43.57
2026-09-10T00:09:05,107.68,43.02
2026-09-10T00:09:06,107.87,43.21
2026-09-10T00:09:07,108.33,43.66
2026-09-10T00:09:08,108.04,43.38
2026-09-10T00:09:09,108.19,43.53
2026-09-10T00:09:10,108.25,43.59
2026-09-10T00:09:11,107.95,43.3
2026-09-10T00:09:12,107.98,43.32
2026-09-10T00:09:13,108.09,43.43
2026-09-10T00:09:14,108.07,43.41
2026-09-10T00:09:15,108.14,43.48
2026-09-10T00:09:16,107.59,42.94
2026-09-10T00:09:17,108.38,43.72
2026-09-10T00:09:18,107.43,42.78
2026-09-10T00:09:19,108.51,43.85
2026-09-10T00:09:20,109.07,44.39
2026-09-10T00:09:21,109.76,45.08
2026-09-10T00:09:22,108.01,43.35
2026-09-10T00:09:23,108.09,43.43
2026-09-10T00:09:24,107.79,43.13
2026-09-10T00:09:25,108.07,43.41
2026-09-10T00:09:26,108.4,43.74
2026-09-10T00:09:27,108.07,43.41
2026-09-10T00:09:28,108.14,43.48
2026-09-10T00:09:29,108.54,43.87
2026-09-10T00:09:30,108.07,43.41
2026-09-10T00:09:31,108.19,43.53
2026-09-10T00:09:32,108.09,43.43
2026-09-10T00:09:33,107.88,43.22
2026-09-10T00:09:34,108.29,43.63
2026-09-10T00:09:35,108.1,43.44
2026-09-10T00:09:36,108.09,43.43
2026-09-10T00:09:37,107.86,43.2
2026-09-10T00:09:38,107.9,43.24
2026-09-10T00:09:39,108.38,43.72
2026-09-10T00:09:40,108.42,43.75
2026-09-10T00:09:41,108.62,43.96
2026-09-10T00:09:42,108.02,43.36
2026-09-10T00:09:43,108.09,43.43
2026-09-10T00:09:44,108.25,43.59
2026-09-10T00:09:45,107.85,43.19
2026-09-10T00:09:46,108.11,43.45
2026-09-10T00:09:47,108.21,43.54
2026-09-10T00:09:48,108.34,43.67
2026-09-10T00:09:49,108.35,43.68
2026-09-10T00:09:50,108.48,43.81
2026-09-10T00:09:51,107.96,43.3
2026-09-10T00:09:52,108.36,43.7
2026-09-10T00:09:53,107.81,43.16
2026-09-10T00:09:54,108.34,43.67
2026-09-10T00:09:55,108.06,43.4
2026-09-10T00:09:56,108.23,43.57
2026-09-10T00:09:57,108.46,43.79
2026-09-10T00:09:58,108.25,43.59
2026-09-10T00:09:59,107.71,43.05
2026-09-10T00:10:00,108.4,43.74
2026-09-10T00:10:01,108.44,43.77
2026-09-10T00:10:02,107.87,43.22
2026-09-10T00:10:03,108.32,43.66
2026-09-10T00:10:04,108.15,43.49
2026-09-10T00:10:05,108.43,43.76
2026-09-10T00:10:06,108.24,43.57
2026-09-10T00:10:07,108.1,43.44
2026-09-10T00:10:08,108.0,43.34
2026-09-10T00:10:09,108.01,43.36
2026-09-10T00:10:10,108.12,43.46
2026-09-10T00:10:11,108.2,43.54
2026-09-10T00:10:12,108.81,44.14
2026-09-10T00:10:13,108.75,44.08
2026-09-10T00:10:14,109.53,44.85
2026-09-10T00:10:15,110.4,45.71
2026-09-10T00:10:16,110.91,46.21
2026-09-10T00:10:17,111.89,47.18
2026-09-10T00:10:18,108.89,44.22
2026-09-10T00:10:19,108.46,43.79
2026-09-10T00:10:20,108.56,43.89
2026-09-10T00:10:21,108.2,43.54
2026-09-10T00:10:22,108.26,43.6
2026-09-10T00:10:23,108.27,43.61
2026-09-10T00:10:24,107.99,43.33
2026-09-10T00:10:25,107.91,43.25
2026-09-10T00:10:26,107.88,43.22
2026-09-10T00:10:27,108.09,43.43
2026-09-10T00:10:28,108.29,43.63
2026-09-10T00:10:29,108.18,43.51
2026-09-10T00:10:30,108.23,43.57
2026-09-10T00:10:31,108.49,43.82
2026-09-10T00:10:32,108.02,43.36
2026-09-10T00:10:33,107.83,43.17
2026-09-10T00:10:34,108.27,43.61
2026-09-10T00:10:35,108.32,43.66
2026-09-10T00:10:36,108.19,43.53
2026-09-10T00:10:37,108.47,43.8
2026-09-10T00:10:38,108.14,43.48
2026-09-10T00:10:39,107.82,43.16
2026-09-10T00:10:40,108.15,43.49
2026-09-10T00:10:41,108.3,43.63
2026-09-10T00:10:42,108.12,43.46
2026-09-10T00:10:43,108.37,43.7
2026-09-10T00:10:44,108.09,43.43
2026-09-10T00:10:45,107.79,43.13
2026-09-10T00:10:46,107.93,43.27
2026-09-10T00:10:47,108.62,43.95
2026-09-10T00:10:48,108.03,43.38
2026-09-10T00:10:49,108.47,43.8
2026-09-10T00:10:50,107.94,43.28
2026-09-10T00:10:51,108.08,43.42
2026-09-10T00:10:52,108.44,43.77
2026-09-10T00:10:53,109.4,44.72
2026-09-10T00:10:54,110.69,45.99
2026-09-10T00:10:55,112.05,47.34
2026-09-10T00:10:56,113.96,49.22
2026-09-10T00:10:57,109.56,44.88
2026-09-10T00:10:58,108.54,43.87
2026-09-10T00:10:59,108.62,43.95
2026-09-10T00:11:00,107.89,43.23
2026-09-10T00:11:01,108.55,43.88
2026-09-10T00:11:02,108.16,43.5
2026-09-10T00:11:03,108.41,43.75
2026-09-10T00:11:04,108.11,43.45
2026-09-10T00:11:05,108.33,43.67
2026-09-10T00:11:06,107.83,43.17
2026-09-10T00:11:07,107.87,43.21
2026-09-10T00:11:08,108.22,43.56
2026-09-10T00:11:09,107.93,43.28
2026-09-10T00:11:10,108.16,43.5
2026-09-10T00:11:11,108.24,43.57
2026-09-10T00:11:12,108.43,43.77
2026-09-10T00:11:13,107.97,43.31
2026-09-10T00:11:14,107.75,43.1
2026-09-10T00:11:15,108.06,43.4
2026-09-10T00:11:16,108.39,43.73
2026-09-10T00:11:17,108.27,43.61
2026-09-10T00:11:18,108.33,43.67
2026-09-10T00:11:19,108.83,44.16
2026-09-10T00:11:20,108.26,43.6
2026-09-10T00:11:21,107.96,43.3
2026-09-10T00:11:22,108.52,43.86
2026-09-10T00:11:23,108.36,43.69
2026-09-10T00:11:24,108.07,43.41
2026-09-10T00:11:25,108.13,43.47
2026-09-10T00:11:26,108.09,43.43
2026-09-10T00:11:27,108.2,43.54
2026-09-10T00:11:28,108.02,43.36
2026-09-10T00:11:29,108.32,43.65
2026-09-10T00:11:30,108.53,43.87
2026-09-10T00:11:31,107.73,43.07
2026-09-10T00:11:32,108.2,43.54
2026-09-10T00:11:33,108.18,43.52
2026-09-10T00:11:34,107.91,43.26
2026-09-10T00:11:35,108.19,43.53
2026-09-10T00:11:36,108.64,43.98
2026-09-10T00:11:37,108.27,43.61
2026-09-10T00:11:38,108.2,43.54
2026-09-10T00:11:39,108.15,43.49
2026-09-10T00:11:40,108.24,43.58
2026-09-10T00:11:41,107.93,43.27
2026-09-10T00:11:42,107.83,43.18
2026-09-10T00:11:43,107.98,43.32
2026-09-10T00:11:44,108.1,43.44
2026-09-10T00:11:45,108.02,43.36
2026-09-10T00:11:46,107.91,43.25
2026-09-10T00:11:47,108.0,43.34
2026-09-10T00:11:48,108.06,43.4
2026-09-10T00:11:49,107.79,43.13
2026-09-10T00:11:50,108.15,43.49
2026-09-10T00:11:51,108.79,44.12
2026-09-10T00:11:52,108.38,43.71
2026-09-10T00:11:53,108.52,43.86
2026-09-10T00:11:54,108.19,43.53
2026-09-10T00:11:55,107.98,43.32
2026-09-10T00:11:56,107.84,43.18
2026-09-10T00:11:57,108.26,43.6
2026-09-10T00:11:58,107.89,43.23
2026-09-10T00:11:59,108.2,43.54
2026-09-10T00:12:00,108.01,43.35
2026-09-10T00:12:01,107.99,43.33
2026-09-10T00:12:02,108.04,43.38
2026-09-10T00:12:03,108.16,43.5
2026-09-10T00:12:04,107.98,43.32
2026-09-10T00:12:05,107.9,43.25
2026-09-10T00:12:06,108.19,43.53
2026-09-10T00:12:07,107.91,43.25
2026-09-10T00:12:08,107.81,43.16
2026-09-10T00:12:09,107.86,43.2
2026-09-10T00:12:10,107.85,43.2
2026-09-10T00:12:11,108.3,43.64
2026-09-10T00:12:12,108.64,43.98
2026-09-10T00:12:13,108.48,43.81
2026-09-10T00:12:14,107.88,43.23
2026-09-10T00:12:15,107.92,43.26
2026-09-10T00:12:16,108.19,43.53
2026-09-10T00:12:17,108.39,43.73
2026-09-10T00:12:18,108.25,43.59
2026-09-10T00:12:19,108.09,43.43
2026-09-10T00:12:20,107.83,43.17
2026-09-10T00:12:21,108.1,43.44
2026-09-10T00:12:22,108.36,43.69
2026-09-10T00:12:23,108.22,43.56
2026-09-10T00:12:24,108.19,43.53
2026-09-10T00:12:25,108.16,43.5
2026-09-10T00:12:26,108.53,43.86
2026-09-10T00:12:27,108.47,43.81
2026-09-10T00:12:28,108.2,43.54
2026-09-10T00:12:29,107.73,43.08
2026-09-10T00:12:30,108.04,43.38
2026-09-10T00:12:31,107.83,43.18
2026-09-10T00:12:32,107.99,43.34
2026-09-10T00:12:33,108.38,43.72
2026-09-10T00:12:34,108.02,43.36
2026-09-10T00:12:35,108.02,43.36
2026-09-10T00:12:36,108.2,43.54
2026-09-10T00:12:37,107.98,43.32
2026-09-10T00:12:38,107.85,43.19
2026-09-10T00:12:39,108.07,43.41
2026-09-10T00:12:40,108.37,43.71
2026-09-10T00:12:41,108.44,43.77
2026-09-10T00:12:42,108.14,43.48
2026-09-10T00:12:43,107.95,43.29
2026-09-10T00:12:44,107.98,43.32
2026-09-10T00:12:45,108.15,43.49
2026-09-10T00:12:46,108.14,43.48
2026-09-10T00:12:47,108.56,43.89
2026-09-10T00:12:48,108.11,43.45
2026-09-10T00:12:49,108.44,43.78
2026-09-10T00:12:50,107.96,43.3
2026-09-10T00:12:51,107.84,43.19
2026-09-10T00:12:52,108.38,43.71
2026-09-10T00:12:53,108.54,43.87
2026-09-10T00:12:54,108.17,43.51
2026-09-10T00:12:55,108.17,43.51
2026-09-10T00:12:56,108.01,43.35
2026-09-10T00:12:57,108.35,43.69
2026-09-10T00:12:58,108.03,43.37
2026-09-10T00:12:59,108.6,43.94
2026-09-10T00:13:00,108.48,43.81
2026-09-10T00:13:01,108.14,43.48
2026-09-10T00:13:02,108.07,43.41
2026-09-10T00:13:03,108.27,43.61
2026-09-10T00:13:04,107.99,43.33
2026-09-10T00:13:05,107.82,43.17
2026-09-10T00:13:06,107.92,43.26
2026-09-10T00:13:07,108.06,43.4
2026-09-10T00:13:08,108.37,43.71
2026-09-10T00:13:09,108.58,43.92
2026-09-10T00:13:10,108.14,43.48
2026-09-10T00:13:11,108.52,43.85
2026-09-10T00:13:12,108.52,43.86
2026-09-10T00:13:13,108.39,43.72
2026-09-10T00:13:14,108.2,43.53
2026-09-10T00:13:15,108.23,43.57
2026-09-10T00:13:16,108.06,43.4
2026-09-10T00:13:17,107.95,43.29
2026-09-10T00:13:18,108.13,43.47
2026-09-10T00:13:19,107.85,43.19
2026-09-10T00:13:20,108.13,43.47
2026-09-10T00:13:21,108.31,43.65
2026-09-10T00:13:22,108.28,43.61
2026-09-10T00:13:23,108.16,43.5
2026-09-10T00:13:24,108.11,43.45
2026-09-10T00:13:25,108.27,43.61
2026-09-10T00:13:26,108.13,43.47
2026-09-10T00:13:27,107.77,43.12
2026-09-10T00:13:28,108.46,43.8
2026-09-10T00:13:29,108.23,43.57
2026-09-10T00:13:30,108.08,43.42
2026-09-10T00:13:31,108.86,44.19
2026-09-10T00:13:32,107.83,43.18
2026-09-10T00:13:33,108.11,43.45
2026-09-10T00:13:34,108.35,43.69
2026-09-10T00:13:35,108.08,43.42
2026-09-10T00:13:36,108.41,43.74
2026-09-10T00:13:37,108.19,43.52
2026-09-10T00:13:38,107.79,43.14
2026-09-10T00:13:39,108.35,43.68
2026-09-10T00:13:40,108.5,43.84
2026-09-10T00:13:41,108.47,43.81
2026-09-10T00:13:42,108.01,43.36
2026-09-10T00:13:43,108.24,43.58
2026-09-10T00:13:44,108.44,43.78
2026-09-10T00:13:45,108.15,43.48
2026-09-10T00:13:46,108.2,43.54
2026-09-10T00:13:47,108.73,44.06
2026-09-10T00:13:48,108.43,43.76
2026-09-10T00:13:49,108.32,43.65
2026-09-10T00:13:50,108.56,43.89
2026-09-10T00:13:51,108.99,44.32
2026-09-10T00:13:52,108.51,43.84
2026-09-10T00:13:53,108.76,44.09
2026-09-10T00:13:54,108.59,43.92
2026-09-10T00:13:55,108.43,43.76
2026-09-10T00:13:56,108.1,43.44
2026-09-10T00:13:57,108.39,43.72
2026-09-10T00:13:58,108.12,43.46
2026-09-10T00:13:59,108.01,43.35
2026-09-10T00:14:00,108.33,43.67
2026-09-10T00:14:01,108.52,43.85
2026-09-10T00:14:02,108.1,43.44
2026-09-10T00:14:03,108.57,43.9
2026-09-10T00:14:04,108.07,43.41
2026-09-10T00:14:05,107.84,43.19
2026-09-10T00:14:06,108.46,43.8
2026-09-10T00:14:07,108.57,43.9
2026-09-10T00:14:08,108.27,43.6
2026-09-10T00:14:09,108.34,43.67
2026-09-10T00:14:10,108.45,43.78
2026-09-10T00:14:11,108.54,43.87
2026-09-10T00:14:12,108.21,43.55
2026-09-10T00:14:13,108.3,43.64
2026-09-10T00:14:14,108.29,43.63
2026-09-10T00:14:15,108.41,43.75
2026-09-10T00:14:16,108.2,43.54
2026-09-10T00:14:17,108.58,43.92
2026-09-10T00:14:18,107.99,43.33
2026-09-10T00:14:19,108.23,43.57
2026-09-10T00:14:20,108.1,43.45
2026-09-10T00:14:21,109.85,45.16
2026-09-10T00:14:22,109.0,44.33
2026-09-10T00:14:23,108.56,43.9
2026-09-10T00:14:24,108.31,43.65
2026-09-10T00:14:25,109.17,44.5
2026-09-10T00:14:26,109.21,44.53
2026-09-10T00:14:27,109.33,44.65
2026-09-10T00:14:28,108.95,44.28
2026-09-10T00:14:29,109.17,44.49
2026-09-10T00:14:30,109.87,45.18
2026-09-10T00:14:31,109.87,45.19
2026-09-10T00:14:32,109.0,44.32
2026-09-10T00:14:33,109.91,45.23
2026-09-10T00:14:34,109.89,45.2
2026-09-10T00:14:35,108.65,43.99
2026-09-10T00:14:36,108.65,43.98
2026-09-10T00:14:37,108.26,43.6
2026-09-10T00:14:38,108.96,44.28
2026-09-10T00:14:39,108.6,43.94
2026-09-10T00:14:40,108.2,43.54
2026-09-10T00:14:41,108.66,43.99
2026-09-10T00:14:42,108.35,43.69
2026-09-10T00:14:43,108.16,43.5
2026-09-10T00:14:44,108.18,43.52
2026-09-10T00:14:45,108.12,43.46
2026-09-10T00:14:46,107.96,43.3
2026-09-10T00:14:47,107.94,43.29
2026-09-10T00:14:48,108.2,43.54
2026-09-10T00:14:49,108.45,43.78
2026-09-10T00:14:50,108.26,43.6
2026-09-10T00:14:51,107.93,43.28
2026-09-10T00:14:52,108.45,43.79
2026-09-10T00:14:53,108.21,43.55
2026-09-10T00:14:54,108.14,43.48
2026-09-10T00:14:55,107.99,43.34
2026-09-10T00:14:56,108.29,43.63
2026-09-10T00:14:57,108.58,43.92
2026-09-10T00:14:58,108.24,43.58
2026-09-10T00:14:59,108.18,43.52
2026-09-10T00:15:00,108.25,43.59
2026-09-10T00:15:01,108.12,43.46
2026-09-10T00:15:02,108.31,43.65
2026-09-10T00:15:03,108.24,43.58
2026-09-10T00:15:04,108.37,43.71
2026-09-10T00:15:05,107.9,43.24
2026-09-10T00:15:06,108.21,43.54
2026-09-10T00:15:07,108.29,43.62
2026-09-10T00:15:08,107.77,43.11
2026-09-10T00:15:09,108.56,43.9
2026-09-10T00:15:10,108.47,43.8
2026-09-10T00:15:11,108.17,43.51
2026-09-10T00:15:12,108.36,43.7
2026-09-10T00:15:13,108.23,43.57
2026-09-10T00:15:14,107.63,42.98
2026-09-10T00:15:15,108.19,43.53
2026-09-10T00:15:16,108.08,43.42
2026-09-10T00:15:17,107.97,43.32
2026-09-10T00:15:18,107.94,43.28
2026-09-10T00:15:19,108.19,43.53
2026-09-10T00:15:20,107.72,43.07
2026-09-10T00:15:21,107.7,43.04
2026-09-10T00:15:22,107.82,43.16
2026-09-10T00:15:23,108.07,43.41
2026-09-10T00:15:24,108.14,43.48
2026-09-10T00:15:25,108.69,44.02
2026-09-10T00:15:26,108.56,43.9
2026-09-10T00:15:27,108.26,43.6
2026-09-10T00:15:28,108.49,43.83
2026-09-10T00:15:29,107.94,43.28
2026-09-10T00:15:30,108.11,43.45
2026-09-10T00:15:31,108.34,43.67
2026-09-10T00:15:32,108.02,43.36
2026-09-10T00:15:33,108.01,43.35
2026-09-10T00:15:34,107.8,43.14
2026-09-10T00:15:35,108.38,43.71
2026-09-10T00:15:36,108.01,43.36
2026-09-10T00:15:37,108.09,43.43
2026-09-10T00:15:38,108.15,43.49
2026-09-10T00:15:39,108.44,43.77
2026-09-10T00:15:40,107.92,43.26
2026-09-10T00:15:41,107.99,43.33
2026-09-10T00:15:42,108.37,43.71
2026-09-10T00:15:43,108.12,43.46
2026-09-10T00:15:44,108.26,43.59
2026-09-10T00:15:45,108.24,43.58
2026-09-10T00:15:46,108.14,43.48
2026-09-10T00:15:47,108.23,43.57
2026-09-10T00:15:48,107.91,43.25
2026-09-10T00:15:49,108.6,43.93
2026-09-10T00:15:50,108.23,43.56
2026-09-10T00:15:51,107.94,43.28
2026-09-10T00:15:52,108.52,43.86
2026-09-10T00:15:53,107.99,43.34
2026-09-10T00:15:54,108.22,43.55
2026-09-10T00:15:55,108.17,43.51
2026-09-10T00:15:56,108.23,43.57
2026-09-10T00:15:57,108.13,43.47
2026-09-10T00:15:58,108.54,43.87
2026-09-10T00:15:59,107.69,43.04
2026-09-10T00:16:00,108.19,43.53
2026-09-10T00:16:01,108.7,44.03
2026-09-10T00:16:02,108.23,43.57
2026-09-10T00:16:03,108.18,43.52
2026-09-10T00:16:04,108.44,43.77
2026-09-10T00:16:05,108.31,43.64
2026-09-10T00:16:06,107.98,43.32
2026-09-10T00:16:07,108.27,43.61
2026-09-10T00:16:08,108.04,43.38
2026-09-10T00:16:09,107.68,43.03
2026-09-10T00:16:10,108.33,43.67
2026-09-10T00:16:11,108.35,43.69
2026-09-10T00:16:12,108.19,43.53
2026-09-10T00:16:13,108.61,43.94
2026-09-10T00:16:14,108.15,43.49
2026-09-10T00:16:15,108.39,43.72
2026-09-10T00:16:16,108.08,43.42
2026-09-10T00:16:17,107.94,43.29
2026-09-10T00:16:18,108.24,43.58
2026-09-10T00:16:19,108.03,43.37
2026-09-10T00:16:20,108.56,43.89
2026-09-10T00:16:21,107.75,43.09
2026-09-10T00:16:22,108.18,43.52
2026-09-10T00:16:23,108.19,43.53
2026-09-10T00:16:24,108.35,43.68
2026-09-10T00:16:25,108.16,43.5
2026-09-10T00:16:26,108.21,43.54
2026-09-10T00:16:27,108.17,43.51
2026-09-10T00:16:28,108.12,43.46
2026-09-10T00:16:29,108.2,43.53
2026-09-10T00:16:30,108.3,43.63
2026-09-10T00:16:31,107.86,43.2
2026-09-10T00:16:32,107.86,43.2
2026-09-10T00:16:33,107.95,43.3
2026-09-10T00:16:34,107.88,43.22
2026-09-10T00:16:35,107.87,43.22
2026-09-10T00:16:36,108.14,43.48
2026-09-10T00:16:37,107.93,43.28
2026-09-10T00:16:38,108.2,43.54
2026-09-10T00:16:39,108.19,43.53
2026-09-10T00:16:40,108.09,43.43
2026-09-10T00:16:41,107.97,43.31
2026-09-10T00:16:42,108.13,43.47
2026-09-10T00:16:43,108.61,43.94
2026-09-10T00:16:44,108.52,43.85
2026-09-10T00:16:45,108.25,43.59
2026-09-10T00:16:46,108.39,43.72
2026-09-10T00:16:47,107.7,43.04
2026-09-10T00:16:48,108.5,43.83
2026-09-10T00:16:49,108.01,43.36
2026-09-10T00:16:50,108.66,43.99
2026-09-10T00:16:51,107.99,43.33
2026-09-10T00:16:52,108.06,43.4
2026-09-10T00:16:53,108.07,43.41
2026-09-10T00:16:54,108.39,43.73
2026-09-10T00:16:55,107.96,43.31
2026-09-10T00:16:56,108.45,43.78
2026-09-10T00:16:57,108.05,43.39
2026-09-10T00:16:58,108.14,43.48
2026-09-10T00:16:59,107.79,43.14
2026-09-10T00:17:00,108.18,43.52
2026-09-10T00:17:01,108.49,43.82
2026-09-10T00:17:02,108.15,43.49
2026-09-10T00:17:03,108.35,43.68
2026-09-10T00:17:04,108.26,43.6
2026-09-10T00:17:05,108.01,43.35
2026-09-10T00:17:06,108.27,43.61
2026-09-10T00:17:07,108.14,43.48
2026-09-10T00:17:08,107.85,43.2
2026-09-10T00:17:09,107.82,43.16
2026-09-10T00:17:10,107.5,42.85
2026-09-10T00:17:11,108.43,43.77
2026-09-10T00:17:12,108.02,43.36
2026-09-10T00:17:13,107.95,43.29
2026-09-10T00:17:14,108.14,43.48
2026-09-10T00:17:15,108.18,43.52
2026-09-10T00:17:16,108.1,43.44
2026-09-10T00:17:17,108.15,43.49
2026-09-10T00:17:18,107.93,43.27
2026-09-10T00:17:19,108.04,43.38
2026-09-10T00:17:20,107.8,43.14
2026-09-10T00:17:21,108.14,43.48
2026-09-10T00:17:22,108.17,43.51
2026-09-10T00:17:23,107.98,43.32
2026-09-10T00:17:24,107.94,43.29
2026-09-10T00:17:25,108.11,43.45
2026-09-10T00:17:26,107.68,43.03
2026-09-10T00:17:27,108.06,43.4
2026-09-10T00:17:28,108.25,43.59
2026-09-10T00:17:29,107.96,43.3
2026-09-10T00:17:30,108.37,43.71
2026-09-10T00:17:31,108.29,43.62
2026-09-10T00:17:32,108.31,43.65
2026-09-10T00:17:33,107.8,43.15
2026-09-10T00:17:34,107.87,43.22
2026-09-10T00:17:35,108.05,43.4
2026-09-10T00:17:36,107.89,43.24
2026-09-10T00:17:37,108.14,43.48
2026-09-10T00:17:38,108.4,43.73
2026-09-10T00:17:39,108.51,43.85
2026-09-10T00:17:40,108.18,43.52
2026-09-10T00:17:41,108.14,43.48
2026-09-10T00:17:42,108.28,43.61
2026-09-10T00:17:43,108.48,43.81
2026-09-10T00:17:44,108.0,43.34
2026-09-10T00:17:45,108.33,43.67
2026-09-10T00:17:46,107.72,43.07
2026-09-10T00:17:47,107.57,42.92
2026-09-10T00:17:48,107.86,43.2
2026-09-10T00:17:49,108.04,43.38
2026-09-10T00:17:50,108.19,43.53
2026-09-10T00:17:51,108.13,43.47
2026-09-10T00:17:52,107.98,43.33
2026-09-10T00:17:53,108.12,43.46
2026-09-10T00:17:54,108.01,43.35
2026-09-10T00:17:55,108.22,43.56
2026-09-10T00:17:56,107.82,43.17
2026-09-10T00:17:57,108.58,43.91
2026-09-10T00:17:58,108.44,43.78
2026-09-10T00:17:59,108.03,43.37
2026-09-10T00:18:00,108.35,43.69
2026-09-10T00:18:01,108.13,43.47
2026-09-10T00:18:02,108.17,43.51
2026-09-10T00:18:03,108.11,43.45
2026-09-10T00:18:04,107.94,43.28
2026-09-10T00:18:05,108.53,43.87
2026-09-10T00:18:06,108.2,43.54
2026-09-10T00:18:07,108.0,43.35
2026-09-10T00:18:08,108.49,43.82
2026-09-10T00:18:09,108.06,43.4
2026-09-10T00:18:10,108.42,43.76
2026-09-10T00:18:11,107.99,43.33
2026-09-10T00:18:12,108.3,43.63
2026-09-10T00:18:13,108.18,43.52
2026-09-10T00:18:14,107.77,43.11
2026-09-10T00:18:15,107.83,43.17
2026-09-10T00:18:16,108.28,43.61
2026-09-10T00:18:17,108.51,43.84
2026-09-10T00:18:18,108.36,43.69
2026-09-10T00:18:19,107.99,43.34
2026-09-10T00:18:20,107.62,42.97
2026-09-10T00:18:21,108.55,43.88
2026-09-10T00:18:22,107.92,43.26
2026-09-10T00:18:23,108.1,43.44
2026-09-10T00:18:24,108.64,43.97
2026-09-10T00:18:25,108.21,43.55
2026-09-10T00:18:26,108.16,43.5
2026-09-10T00:18:27,108.37,43.7
2026-09-10T00:18:28,107.67,43.01
2026-09-10T00:18:29,108.17,43.51
2026-09-10T00:18:30,108.32,43.66
2026-09-10T00:18:31,108.42,43.75
2026-09-10T00:18:32,108.34,43.67
2026-09-10T00:18:33,108.68,44.01
2026-09-10T00:18:34,108.32,43.66
2026-09-10T00:18:35,108.97,44.29
2026-09-10T00:18:36,108.46,43.79
2026-09-10T00:18:37,108.16,43.5
2026-09-10T00:18:38,108.54,43.88
2026-09-10T00:18:39,108.17,43.51
2026-09-10T00:18:40,108.24,43.58
2026-09-10T00:18:41,108.43,43.77
2026-09-10T00:18:42,108.68,44.01
2026-09-10T00:18:43,108.03,43.37
2026-09-10T00:18:44,108.31,43.65
2026-09-10T00:18:45,108.45,43.79
2026-09-10T00:18:46,108.34,43.67
2026-09-10T00:18:47,108.32,43.66
2026-09-10T00:18:48,108.25,43.59
2026-09-10T00:18:49,108.09,43.43
2026-09-10T00:18:50,107.98,43.32
2026-09-10T00:18:51,108.2,43.54
2026-09-10T00:18:52,108.13,43.47
2026-09-10T00:18:53,107.91,43.25
2026-09-10T00:18:54,108.49,43.83
2026-09-10T00:18:55,108.08,43.42
2026-09-10T00:18:56,109.03,44.36
2026-09-10T00:18:57,108.57,43.9
2026-09-10T00:18:58,108.39,43.72
2026-09-10T00:18:59,108.51,43.84
2026-09-10T00:19:00,108.38,43.72
2026-09-10T00:19:01,108.02,43.36
2026-09-10T00:19:02,108.48,43.81
2026-09-10T00:19:03,108.6,43.94
2026-09-10T00:19:04,108.13,43.47
2026-09-10T00:19:05,108.3,43.64
2026-09-10T00:19:06,108.23,43.57
2026-09-10T00:19:07,108.73,44.06
2026-09-10T00:19:08,108.52,43.85
2026-09-10T00:19:09,108.2,43.54
2026-09-10T00:19:10,108.41,43.75
2026-09-10T00:19:11,108.04,43.38
2026-09-10T00:19:12,108.3,43.64
2026-09-10T00:19:13,108.22,43.56
2026-09-10T00:19:14,108.88,44.21
2026-09-10T00:19:15,108.39,43.72
2026-09-10T00:19:16,108.2,43.54
2026-09-10T00:19:17,108.89,44.22
2026-09-10T00:19:18,109.28,44.6
2026-09-10T00:19:19,108.83,44.16
2026-09-10T00:19:20,108.65,43.99
2026-09-10T00:19:21,108.26,43.6
2026-09-10T00:19:22,109.99,45.3
2026-09-10T00:19:23,108.32,43.66
2026-09-10T00:19:24,108.78,44.11
2026-09-10T00:19:25,108.87,44.2
2026-09-10T00:19:26,108.12,43.46
2026-09-10T00:19:27,108.29,43.62
2026-09-10T00:19:28,108.45,43.78
2026-09-10T00:19:29,108.53,43.86
2026-09-10T00:19:30,107.85,43.19
2026-09-10T00:19:31,108.6,43.93
2026-09-10T00:19:32,108.2,43.54
2026-09-10T00:19:33,108.1,43.44
2026-09-10T00:19:34,108.65,43.98
2026-09-10T00:19:35,107.74,43.09
2026-09-10T00:19:36,108.64,43.98
2026-09-10T00:19:37,107.98,43.33
2026-09-10T00:19:38,108.19,43.53
2026-09-10T00:19:39,108.06,43.4
2026-09-10T00:19:40,107.86,43.21
2026-09-10T00:19:41,108.39,43.73
2026-09-10T00:19:42,108.14,43.48
2026-09-10T00:19:43,107.95,43.29
2026-09-10T00:19:44,108.41,43.74
2026-09-10T00:19:45,108.42,43.76
2026-09-10T00:19:46,108.48,43.81
2026-09-10T00:19:47,108.24,43.58
2026-09-10T00:19:48,107.85,43.19
2026-09-10T00:19:49,107.98,43.32
2026-09-10T00:19:50,108.31,43.64
2026-09-10T00:19:51,108.43,43.76
2026-09-10T00:19:52,108.39,43.73
2026-09-10T00:19:53,108.55,43.89
2026-09-10T00:19:54,108.61,43.95
2026-09-10T00:19:55,108.01,43.35
2026-09-10T00:19:56,108.22,43.56
2026-09-10T00:19:57,107.99,43.33
2026-09-10T00:19:58,108.1,43.44
2026-09-10T00:19:59,108.38,43.71
2026-09-10T00:20:00,108.75,44.08
2026-09-10T00:20:01,107.85,43.19
2026-09-10T00:20:02,108.39,43.73
2026-09-10T00:20:03,108.5,43.84
2026-09-10T00:20:04,108.36,43.7
2026-09-10T00:20:05,108.38,43.72
2026-09-10T00:20:06,107.74,43.09
2026-09-10T00:20:07,108.49,43.83
2026-09-10T00:20:08,108.08,43.42
2026-09-10T00:20:09,108.1,43.44
2026-09-10T00:20:10,108.22,43.56
2026-09-10T00:20:11,108.2,43.54
2026-09-10T00:20:12,107.9,43.24
2026-09-10T00:20:13,107.59,42.94
2026-09-10T00:20:14,108.2,43.54
2026-09-10T00:20:15,107.97,43.32
2026-09-10T00:20:16,108.67,44.0
2026-09-10T00:20:17,108.1,43.44
2026-09-10T00:20:18,108.39,43.72
2026-09-10T00:20:19,108.18,43.52
2026-09-10T00:20:20,107.8,43.15
2026-09-10T00:20:21,108.26,43.59
2026-09-10T00:20:22,108.16,43.5
2026-09-10T00:20:23,108.34,43.68
2026-09-10T00:20:24,108.59,43.92
2026-09-10T00:20:25,108.21,43.55
2026-09-10T00:20:26,108.59,43.92
2026-09-10T00:20:27,108.4,43.73
2026-09-10T00:20:28,108.3,43.63
2026-09-10T00:20:29,108.4,43.74
2026-09-10T00:20:30,108.46,43.8
2026-09-10T00:20:31,107.9,43.24
2026-09-10T00:20:32,108.27,43.61
2026-09-10T00:20:33,107.68,43.02
2026-09-10T00:20:34,108.27,43.61
2026-09-10T00:20:35,108.03,43.37
2026-09-10T00:20:36,108.79,44.12
2026-09-10T00:20:37,107.74,43.09
2026-09-10T00:20:38,108.35,43.68
2026-09-10T00:20:39,108.37,43.71
2026-09-10T00:20:40,108.16,43.5
2026-09-10T00:20:41,107.97,43.31
2026-09-10T00:20:42,108.24,43.58
2026-09-10T00:20:43,108.37,43.71
2026-09-10T00:20:44,107.77,43.12
2026-09-10T00:20:45,107.92,43.27
2026-09-10T00:20:46,108.07,43.41
2026-09-10T00:20:47,107.85,43.19
2026-09-10T00:20:48,108.13,43.47
2026-09-10T00:20:49,108.19,43.52
2026-09-10T00:20:50,107.7,43.05
2026-09-10T00:20:51,108.61,43.94
2026-09-10T00:20:52,108.61,43.94
2026-09-10T00:20:53,108.01,43.35
2026-09-10T00:20:54,108.49,43.83
2026-09-10T00:20:55,107.96,43.31
2026-09-10T00:20:56,107.93,43.27
2026-09-10T00:20:57,107.84,43.18
2026-09-10T00:20:58,108.02,43.36
2026-09-10T00:20:59,108.35,43.69
2026-09-10T00:21:00,107.96,43.31
2026-09-10T00:21:01,108.17,43.51
2026-09-10T00:21:02,108.15,43.49
2026-09-10T00:21:03,108.35,43.68
2026-09-10T00:21:04,108.34,43.67
2026-09-10T00:21:05,108.19,43.53
2026-09-10T00:21:06,108.24,43.58
2026-09-10T00:21:07,108.21,43.55
2026-09-10T00:21:08,108.45,43.78
2026-09-10T00:21:09,108.21,43.55
2026-09-10T00:21:10,107.98,43.32
2026-09-10T00:21:11,108.13,43.47
2026-09-10T00:21:12,107.74,43.08
2026-09-10T00:21:13,108.21,43.55
2026-09-10T00:21:14,108.04,43.38
2026-09-10T00:21:15,108.35,43.69
2026-09-10T00:21:16,107.88,43.22
2026-09-10T00:21:17,108.08,43.43
2026-09-10T00:21:18,108.25,43.59
2026-09-10T00:21:19,108.15,43.49
2026-09-10T00:21:20,108.34,43.67
2026-09-10T00:21:21,108.25,43.59
2026-09-10T00:21:22,108.27,43.61
2026-09-10T00:21:23,108.04,43.38
2026-09-10T00:21:24,108.37,43.71
2026-09-10T00:21:25,107.98,43.32
2026-09-10T00:21:26,108.36,43.69
2026-09-10T00:21:27,108.18,43.52
2026-09-10T00:21:28,108.42,43.76
2026-09-10T00:21:29,108.29,43.63
2026-09-10T00:21:30,108.56,43.89
2026-09-10T00:21:31,108.29,43.63
2026-09-10T00:21:32,108.25,43.59
2026-09-10T00:21:33,108.17,43.51
2026-09-10T00:21:34,108.47,43.8
2026-09-10T00:21:35,108.12,43.46
2026-09-10T00:21:36,108.57,43.91
2026-09-10T00:21:37,108.11,43.45
2026-09-10T00:21:38,108.19,43.53
2026-09-10T00:21:39,108.14,43.48
2026-09-10T00:21:40,107.92,43.27
2026-09-10T00:21:41,108.12,43.46
2026-09-10T00:21:42,108.4,43.73
2026-09-10T00:21:43,108.08,43.42
2026-09-10T00:21:44,107.95,43.3
2026-09-10T00:21:45,107.86,43.21
2026-09-10T00:21:46,108.41,43.74
2026-09-10T00:21:47,108.13,43.47
2026-09-10T00:21:48,107.93,43.27
2026-09-10T00:21:49,108.68,44.01
2026-09-10T00:21:50,109.07,44.39
2026-09-10T00:21:51,108.32,43.66
2026-09-10T00:21:52,108.04,43.38
2026-09-10T00:21:53,108.29,43.63
2026-09-10T00:21:54,108.36,43.7
2026-09-10T00:21:55,107.85,43.2
2026-09-10T00:21:56,108.4,43.74
2026-09-10T00:21:57,108.55,43.88
2026-09-10T00:21:58,108.41,43.75
2026-09-10T00:21:59,108.82,44.15
2026-09-10T00:22:00,108.84,44.17
2026-09-10T00:22:01,108.55,43.89
2026-09-10T00:22:02,109.41,44.74
2026-09-10T00:22:03,109.54,44.86
2026-09-10T00:22:04,110.43,45.73
2026-09-10T00:22:05,111.18,46.48
2026-09-10T00:22:06,109.15,44.47
2026-09-10T00:22:07,108.96,44.29
2026-09-10T00:22:08,108.42,43.75
2026-09-10T00:22:09,108.27,43.61
2026-09-10T00:22:10,107.95,43.29
2026-09-10T00:22:11,108.48,43.81
2026-09-10T00:22:12,108.16,43.5
2026-09-10T00:22:13,108.07,43.41
2026-09-10T00:22:14,108.17,43.5
2026-09-10T00:22:15,108.13,43.47
2026-09-10T00:22:16,108.76,44.09
2026-09-10T00:22:17,108.52,43.85
2026-09-10T00:22:18,108.66,43.99
2026-09-10T00:22:19,108.38,43.72
2026-09-10T00:22:20,107.87,43.21
2026-09-10T00:22:21,108.45,43.78
2026-09-10T00:22:22,108.13,43.47
2026-09-10T00:22:23,108.56,43.89
2026-09-10T00:22:24,108.0,43.35
2026-09-10T00:22:25,108.4,43.73
2026-09-10T00:22:26,108.71,44.04
2026-09-10T00:22:27,108.22,43.56
2026-09-10T00:22:28,108.13,43.47
2026-09-10T00:22:29,108.47,43.81
2026-09-10T00:22:30,108.4,43.74
2026-09-10T00:22:31,108.33,43.67
2026-09-10T00:22:32,108.26,43.59
2026-09-10T00:22:33,107.94,43.29
2026-09-10T00:22:34,108.67,44.0
2026-09-10T00:22:35,108.2,43.54
2026-09-10T00:22:36,107.79,43.13
2026-09-10T00:22:37,108.05,43.39
2026-09-10T00:22:38,108.12,43.46
2026-09-10T00:22:39,107.91,43.26
2026-09-10T00:22:40,108.59,43.93
2026-09-10T00:22:41,108.56,43.9
2026-09-10T00:22:42,108.4,43.74
2026-09-10T00:22:43,108.33,43.67
2026-09-10T00:22:44,108.17,43.51
2026-09-10T00:22:45,108.26,43.6
2026-09-10T00:22:46,108.49,43.82
2026-09-10T00:22:47,108.25,43.58
2026-09-10T00:22:48,108.6,43.93
2026-09-10T00:22:49,107.82,43.16
2026-09-10T00:22:50,108.58,43.91
2026-09-10T00:22:51,108.87,44.2
2026-09-10T00:22:52,108.41,43.75
2026-09-10T00:22:53,108.38,43.72
2026-09-10T00:22:54,108.24,43.58
2026-09-10T00:22:55,108.6,43.93
2026-09-10T00:22:56,108.55,43.89
2026-09-10T00:22:57,108.08,43.42
2026-09-10T00:22:58,108.29,43.63
2026-09-10T00:22:59,108.21,43.55
2026-09-10T00:23:00,108.36,43.7
2026-09-10T00:23:01,108.04,43.39
2026-09-10T00:23:02,108.57,43.91
2026-09-10T00:23:03,108.33,43.67
2026-09-10T00:23:04,108.23,43.57
2026-09-10T00:23:05,108.26,43.59
2026-09-10T00:23:06,108.31,43.65
2026-09-10T00:23:07,107.89,43.23
2026-09-10T00:23:08,108.23,43.57
2026-09-10T00:23:09,108.37,43.71
2026-09-10T00:23:10,108.37,43.71
2026-09-10T00:23:11,108.4,43.73
2026-09-10T00:23:12,108.0,43.34
2026-09-10T00:23:13,109.5,44.82
2026-09-10T00:23:14,108.36,43.69
2026-09-10T00:23:15,108.31,43.65
2026-09-10T00:23:16,108.03,43.37
2026-09-10T00:23:17,107.88,43.22
2026-09-10T00:23:18,107.95,43.29
2026-09-10T00:23:19,108.28,43.62
2026-09-10T00:23:20,108.26,43.6
2026-09-10T00:23:21,108.45,43.78
2026-09-10T00:23:22,108.26,43.6
2026-09-10T00:23:23,108.1,43.44
2026-09-10T00:23:24,108.32,43.66
2026-09-10T00:23:25,107.99,43.33
2026-09-10T00:23:26,107.87,43.21
2026-09-10T00:23:27,108.55,43.88
2026-09-10T00:23:28,108.02,43.37
2026-09-10T00:23:29,108.03,43.37
2026-09-10T00:23:30,108.34,43.67
2026-09-10T00:23:31,108.28,43.62
2026-09-10T00:23:32,108.14,43.48
2026-09-10T00:23:33,108.51,43.85
2026-09-10T00:23:34,107.85,43.19
2026-09-10T00:23:35,108.47,43.8
2026-09-10T00:23:36,108.79,44.12
2026-09-10T00:23:37,108.82,44.15
2026-09-10T00:23:38,108.86,44.19
2026-09-10T00:23:39,108.11,43.45
2026-09-10T00:23:40,108.29,43.63
2026-09-10T00:23:41,108.47,43.8
2026-09-10T00:23:42,109.62,44.94
2026-09-10T00:23:43,110.62,45.92
2026-09-10T00:23:44,111.63,46.92
2026-09-10T00:23:45,115.43,50.67
2026-09-10T00:23:46,109.67,44.99
2026-09-10T00:23:47,108.36,43.69
2026-09-10T00:23:48,108.76,44.1
2026-09-10T00:23:49,107.94,43.28
2026-09-10T00:23:50,108.46,43.79
2026-09-10T00:23:51,108.34,43.67
2026-09-10T00:23:52,108.33,43.66
2026-09-10T00:23:53,108.06,43.4
2026-09-10T00:23:54,108.58,43.91
2026-09-10T00:23:55,108.03,43.37
2026-09-10T00:23:56,108.01,43.35
2026-09-10T00:23:57,108.21,43.55
2026-09-10T00:23:58,108.45,43.79
2026-09-10T00:23:59,108.3,43.64
2026-09-10T00:24:00,108.15,43.49
2026-09-10T00:24:01,107.89,43.23
2026-09-10T00:24:02,108.44,43.78
2026-09-10T00:24:03,108.6,43.93
2026-09-10T00:24:04,108.48,43.81
2026-09-10T00:24:05,108.49,43.82
2026-09-10T00:24:06,108.07,43.41
2026-09-10T00:24:07,108.46,43.79
2026-09-10T00:24:08,108.32,43.66
2026-09-10T00:24:09,108.27,43.61
2026-09-10T00:24:10,108.4,43.74
2026-09-10T00:24:11,107.88,43.22
2026-09-10T00:24:12,107.99,43.33
2026-09-10T00:24:13,108.3,43.64
2026-09-10T00:24:14,108.15,43.49
2026-09-10T00:24:15,108.04,43.38
2026-09-10T00:24:16,107.79,43.13
2026-09-10T00:24:17,108.2,43.54
2026-09-10T00:24:18,107.85,43.19
2026-09-10T00:24:19,108.22,43.56
2026-09-10T00:24:20,107.99,43.33
2026-09-10T00:24:21,108.31,43.65
2026-09-10T00:24:22,108.87,44.2
2026-09-10T00:24:23,110.6,45.9
2026-09-10T00:24:24,108.18,43.52
2026-09-10T00:24:25,108.25,43.59
2026-09-10T00:24:26,107.91,43.25
2026-09-10T00:24:27,108.67,44.0
2026-09-10T00:24:28,108.66,43.99
2026-09-10T00:24:29,108.27,43.61
2026-09-10T00:24:30,107.82,43.16
2026-09-10T00:24:31,108.47,43.8
2026-09-10T00:24:32,108.14,43.48
2026-09-10T00:24:33,108.21,43.55
2026-09-10T00:24:34,108.15,43.49
2026-09-10T00:24:35,108.25,43.59
2026-09-10T00:24:36,108.41,43.75
2026-09-10T00:24:37,108.23,43.57
2026-09-10T00:24:38,108.4,43.74
2026-09-10T00:24:39,108.04,43.38
2026-09-10T00:24:40,108.3,43.64
2026-09-10T00:24:41,108.02,43.36
2026-09-10T00:24:42,108.04,43.38
2026-09-10T00:24:43,108.48,43.81
2026-09-10T00:24:44,107.69,43.03
2026-09-10T00:24:45,107.93,43.27
2026-09-10T00:24:46,108.23,43.57
2026-09-10T00:24:47,108.13,43.47
2026-09-10T00:24:48,108.17,43.5
2026-09-10T00:24:49,108.1,43.44
2026-09-10T00:24:50,108.72,44.05
2026-09-10T00:24:51,108.28,43.61
2026-09-10T00:24:52,108.2,43.54
2026-09-10T00:24:53,108.6,43.94
2026-09-10T00:24:54,108.11,43.45
2026-09-10T00:24:55,107.84,43.19
2026-09-10T00:24:56,108.34,43.67
2026-09-10T00:24:57,108.18,43.51
2026-09-10T00:24:58,108.24,43.58
2026-09-10T00:24:59,108.63,43.97
2026-09-10T00:25:00,108.44,43.78
2026-09-10T00:25:01,107.92,43.26
2026-09-10T00:25:02,108.05,43.39
2026-09-10T00:25:03,108.38,43.72
2026-09-10T00:25:04,108.67,44.0
2026-09-10T00:25:05,108.45,43.78
2026-09-10T00:25:06,108.09,43.43
2026-09-10T00:25:07,108.52,43.85
2026-09-10T00:25:08,108.15,43.49
2026-09-10T00:25:09,108.12,43.46
2026-09-10T00:25:10,107.95,43.29
2026-09-10T00:25:11,107.81,43.16
2026-09-10T00:25:12,108.2,43.54
2026-09-10T00:25:13,108.35,43.69
2026-09-10T00:25:14,108.25,43.59
2026-09-10T00:25:15,108.18,43.52
2026-09-10T00:25:16,108.51,43.84
2026-09-10T00:25:17,108.22,43.56
2026-09-10T00:25:18,108.33,43.67
2026-09-10T00:25:19,108.1,43.44
2026-09-10T00:25:20,108.21,43.55
2026-09-10T00:25:21,108.4,43.74
2026-09-10T00:25:22,108.33,43.67
2026-09-10T00:25:23,108.62,43.95
2026-09-10T00:25:24,107.67,43.02
2026-09-10T00:25:25,108.41,43.75
2026-09-10T00:25:26,108.37,43.7
2026-09-10T00:25:27,108.26,43.6
2026-09-10T00:25:28,107.84,43.18
2026-09-10T00:25:29,108.44,43.77
2026-09-10T00:25:30,108.63,43.96
2026-09-10T00:25:31,108.31,43.65
2026-09-10T00:25:32,107.9,43.24
2026-09-10T00:25:33,108.26,43.6
2026-09-10T00:25:34,108.55,43.88
2026-09-10T00:25:35,107.99,43.33
2026-09-10T00:25:36,108.22,43.56
2026-09-10T00:25:37,108.23,43.57
2026-09-10T00:25:38,108.25,43.58
2026-09-10T00:25:39,108.47,43.81
2026-09-10T00:25:40,108.3,43.64
2026-09-10T00:25:41,108.1,43.44
2026-09-10T00:25:42,108.03,43.37
2026-09-10T00:25:43,108.32,43.66
2026-09-10T00:25:44,107.91,43.25
2026-09-10T00:25:45,108.44,43.77
2026-09-10T00:25:46,108.07,43.41
2026-09-10T00:25:47,108.33,43.67
2026-09-10T00:25:48,108.35,43.69
2026-09-10T00:25:49,107.9,43.24
2026-09-10T00:25:50,107.74,43.08
2026-09-10T00:25:51,107.75,43.1
2026-09-10T00:25:52,107.99,43.33
2026-09-10T00:25:53,108.11,43.45
2026-09-10T00:25:54,107.81,43.15
2026-09-10T00:25:55,108.38,43.72
2026-09-10T00:25:56,108.03,43.38
2026-09-10T00:25:57,108.16,43.5
2026-09-10T00:25:58,108.52,43.85
2026-09-10T00:25:59,108.22,43.56
2026-09-10T00:26:00,108.21,43.55
2026-09-10T00:26:01,108.1,43.44
2026-09-10T00:26:02,108.27,43.61
2026-09-10T00:26:03,107.98,43.32
2026-09-10T00:26:04,108.47,43.81
2026-09-10T00:26:05,108.2,43.54
2026-09-10T00:26:06,108.25,43.58
2026-09-10T00:26:07,107.88,43.22
2026-09-10T00:26:08,107.95,43.29
2026-09-10T00:26:09,108.09,43.43
2026-09-10T00:26:10,108.51,43.85
2026-09-10T00:26:11,108.21,43.55
2026-09-10T00:26:12,108.97,44.3
2026-09-10T00:26:13,108.58,43.91
2026-09-10T00:26:14,108.05,43.39
2026-09-10T00:26:15,108.64,43.97
2026-09-10T00:26:16,108.01,43.35
2026-09-10T00:26:17,108.05,43.39
2026-09-10T00:26:18,107.96,43.3
2026-09-10T00:26:19,108.52,43.85
2026-09-10T00:26:20,107.85,43.19
2026-09-10T00:26:21,108.68,44.01
2026-09-10T00:26:22,108.81,44.14
2026-09-10T00:26:23,109.4,44.73
2026-09-10T00:26:24,111.48,46.78
2026-09-10T00:26:25,112.33,47.61
2026-09-10T00:26:26,113.82,49.07
2026-09-10T00:26:27,110.11,45.42
2026-09-10T00:26:28,109.73,45.05
2026-09-10T00:26:29,108.73,44.06
2026-09-10T00:26:30,108.47,43.8
2026-09-10T00:26:31,108.0,43.34
2026-09-10T00:26:32,108.3,43.63
2026-09-10T00:26:33,108.35,43.68
2026-09-10T00:26:34,108.11,43.45
2026-09-10T00:26:35,108.44,43.77
2026-09-10T00:26:36,108.42,43.76
2026-09-10T00:26:37,107.96,43.3
2026-09-10T00:26:38,108.12,43.46
2026-09-10T00:26:39,108.4,43.73
2026-09-10T00:26:40,108.37,43.71
2026-09-10T00:26:41,108.65,43.98
2026-09-10T00:26:42,108.37,43.7
2026-09-10T00:26:43,108.43,43.76
2026-09-10T00:26:44,108.59,43.93
2026-09-10T00:26:45,108.79,44.12
2026-09-10T00:26:46,108.56,43.89
2026-09-10T00:26:47,108.53,43.87
2026-09-10T00:26:48,108.85,44.18
2026-09-10T00:26:49,109.13,44.46
2026-09-10T00:26:50,109.49,44.81
2026-09-10T00:26:51,109.26,44.59
2026-09-10T00:26:52,109.39,44.71
2026-09-10T00:26:53,109.4,44.72
2026-09-10T00:26:54,109.1,44.43
2026-09-10T00:26:55,109.01,44.34
2026-09-10T00:26:56,108.56,43.9
2026-09-10T00:26:57,108.45,43.78
2026-09-10T00:26:58,108.52,43.86
2026-09-10T00:26:59,108.35,43.69
2026-09-10T00:27:00,108.68,44.01
2026-09-10T00:27:01,108.3,43.64
2026-09-10T00:27:02,108.14,43.48
2026-09-10T00:27:03,108.13,43.47
2026-09-10T00:27:04,108.31,43.65
2026-09-10T00:27:05,108.54,43.87
2026-09-10T00:27:06,108.58,43.92
2026-09-10T00:27:07,108.35,43.69
2026-09-10T00:27:08,108.28,43.62
2026-09-10T00:27:09,108.42,43.75
2026-09-10T00:27:10,108.64,43.98
2026-09-10T00:27:11,108.12,43.46
2026-09-10T00:27:12,108.03,43.37
2026-09-10T00:27:13,107.85,43.2
2026-09-10T00:27:14,108.54,43.87
2026-09-10T00:27:15,107.7,43.05
2026-09-10T00:27:16,108.3,43.63
2026-09-10T00:27:17,108.53,43.87
2026-09-10T00:27:18,107.94,43.28
2026-09-10T00:27:19,108.22,43.55
2026-09-10T00:27:20,108.51,43.84
2026-09-10T00:27:21,108.21,43.55
2026-09-10T00:27:22,108.23,43.57
2026-09-10T00:27:23,108.55,43.88
2026-09-10T00:27:24,108.43,43.77
2026-09-10T00:27:25,108.09,43.43
2026-09-10T00:27:26,107.61,42.96
2026-09-10T00:27:27,108.15,43.49
2026-09-10T00:27:28,107.78,43.13
2026-09-10T00:27:29,108.06,43.4
2026-09-10T00:27:30,108.6,43.94
2026-09-10T00:27:31,108.06,43.4
2026-09-10T00:27:32,108.37,43.7
2026-09-10T00:27:33,108.04,43.38
2026-09-10T00:27:34,108.06,43.41
2026-09-10T00:27:35,108.48,43.81
2026-09-10T00:27:36,108.01,43.35
2026-09-10T00:27:37,108.27,43.61
2026-09-10T00:27:38,108.14,43.48
2026-09-10T00:27:39,108.3,43.64
2026-09-10T00:27:40,108.46,43.79
2026-09-10T00:27:41,108.09,43.43
2026-09-10T00:27:42,108.12,43.46
2026-09-10T00:27:43,108.38,43.71
2026-09-10T00:27:44,107.95,43.3
2026-09-10T00:27:45,108.18,43.51
2026-09-10T00:27:46,108.45,43.78
2026-09-10T00:27:47,108.05,43.39
2026-09-10T00:27:48,108.37,43.7
2026-09-10T00:27:49,108.0,43.35
2026-09-10T00:27:50,108.1,43.44
2026-09-10T00:27:51,108.3,43.63
2026-09-10T00:27:52,108.61,43.94
2026-09-10T00:27:53,108.26,43.6
2026-09-10T00:27:54,108.22,43.56
2026-09-10T00:27:55,108.01,43.36
2026-09-10T00:27:56,108.21,43.54
2026-09-10T00:27:57,108.28,43.62
2026-09-10T00:27:58,108.24,43.58
2026-09-10T00:27:59,108.46,43.8
2026-09-10T00:28:00,108.28,43.61
2026-09-10T00:28:01,108.18,43.52
2026-09-10T00:28:02,108.43,43.76
2026-09-10T00:28:03,108.24,43.58
2026-09-10T00:28:04,107.8,43.14
2026-09-10T00:28:05,108.06,43.4
2026-09-10T00:28:06,108.11,43.45
2026-09-10T00:28:07,108.26,43.6
2026-09-10T00:28:08,108.55,43.88
2026-09-10T00:28:09,107.89,43.23
2026-09-10T00:28:10,108.18,43.52
2026-09-10T00:28:11,108.36,43.7
2026-09-10T00:28:12,108.51,43.84
2026-09-10T00:28:13,108.56,43.9
2026-09-10T00:28:14,108.64,43.98
2026-09-10T00:28:15,107.94,43.28
2026-09-10T00:28:16,108.42,43.76
2026-09-10T00:28:17,108.8,44.13
2026-09-10T00:28:18,108.07,43.41
2026-09-10T00:28:19,108.18,43.52
2026-09-10T00:28:20,108.14,43.48
2026-09-10T00:28:21,107.83,43.17
2026-09-10T00:28:22,107.79,43.14
2026-09-10T00:28:23,108.29,43.63
2026-09-10T00:28:24,108.25,43.59
2026-09-10T00:28:25,108.12,43.46
2026-09-10T00:28:26,108.26,43.6
2026-09-10T00:28:27,108.26,43.59
2026-09-10T00:28:28,107.85,43.2
2026-09-10T00:28:29,108.11,43.45
2026-09-10T00:28:30,107.65,42.99
2026-09-10T00:28:31,108.13,43.47
2026-09-10T00:28:32,108.22,43.55
2026-09-10T00:28:33,108.52,43.86
2026-09-10T00:28:34,108.4,43.73
2026-09-10T00:28:35,108.44,43.78
2026-09-10T00:28:36,107.83,43.17
2026-09-10T00:28:37,107.92,43.27
2026-09-10T00:28:38,108.29,43.63
2026-09-10T00:28:39,108.17,43.51
2026-09-10T00:28:40,108.38,43.72
2026-09-10T00:28:41,107.4,42.75
2026-09-10T00:28:42,108.48,43.81
2026-09-10T00:28:43,108.43,43.77
2026-09-10T00:28:44,108.96,44.28
2026-09-10T00:28:45,109.37,44.69
2026-09-10T00:28:46,109.86,45.17
2026-09-10T00:28:47,111.07,46.36
2026-09-10T00:28:48,110.85,46.15
2026-09-10T00:28:49,109.34,44.66
2026-09-10T00:28:50,108.77,44.1
2026-09-10T00:28:51,108.54,43.87
2026-09-10T00:28:52,108.53,43.86
2026-09-10T00:28:53,108.48,43.82
2026-09-10T00:28:54,108.72,44.05
2026-09-10T00:28:55,107.87,43.21
2026-09-10T00:28:56,108.12,43.46
2026-09-10T00:28:57,107.96,43.3
2026-09-10T00:28:58,108.51,43.84
2026-09-10T00:28:59,108.37,43.71
2026-09-10T00:29:00,107.95,43.29
2026-09-10T00:29:01,107.95,43.29
2026-09-10T00:29:02,108.3,43.63
2026-09-10T00:29:03,108.67,44.0
2026-09-10T00:29:04,108.58,43.91
2026-09-10T00:29:05,107.99,43.33
2026-09-10T00:29:06,108.19,43.53
2026-09-10T00:29:07,108.24,43.57
2026-09-10T00:29:08,107.98,43.32
2026-09-10T00:29:09,108.02,43.36
2026-09-10T00:29:10,108.52,43.86
2026-09-10T00:29:11,108.09,43.44
2026-09-10T00:29:12,107.66,43.0
2026-09-10T00:29:13,108.4,43.74
2026-09-10T00:29:14,108.54,43.87
2026-09-10T00:29:15,107.58,42.93
2026-09-10T00:29:16,107.73,43.08
2026-09-10T00:29:17,108.3,43.64
2026-09-10T00:29:18,107.83,43.17
2026-09-10T00:29:19,108.11,43.45
2026-09-10T00:29:20,107.83,43.17
2026-09-10T00:29:21,108.38,43.71
2026-09-10T00:29:22,108.37,43.7
2026-09-10T00:29:23,109.66,44.98
2026-09-10T00:29:24,108.76,44.09
2026-09-10T00:29:25,108.34,43.68
2026-09-10T00:29:26,108.43,43.76
2026-09-10T00:29:27,108.18,43.52
2026-09-10T00:29:28,107.86,43.2
2026-09-10T00:29:29,108.2,43.54
2026-09-10T00:29:30,108.15,43.49
2026-09-10T00:29:31,107.88,43.22
2026-09-10T00:29:32,108.64,43.98
2026-09-10T00:29:33,107.71,43.06
2026-09-10T00:29:34,107.92,43.26
2026-09-10T00:29:35,108.37,43.7
2026-09-10T00:29:36,108.12,43.46
2026-09-10T00:29:37,108.09,43.43
2026-09-10T00:29:38,107.78,43.13
2026-09-10T00:29:39,108.14,43.48
2026-09-10T00:29:40,108.16,43.5
2026-09-10T00:29:41,107.85,43.2
2026-09-10T00:29:42,108.26,43.6
2026-09-10T00:29:43,108.53,43.87
2026-09-10T00:29:44,107.88,43.22
2026-09-10T00:29:45,108.23,43.57
2026-09-10T00:29:46,107.82,43.16
2026-09-10T00:29:47,108.23,43.57
2026-09-10T00:29:48,108.27,43.6
2026-09-10T00:29:49,108.34,43.67
2026-09-10T00:29:50,108.27,43.61
2026-09-10T00:29:51,109.08,44.41
2026-09-10T00:29:52,107.75,43.1
2026-09-10T00:29:53,108.18,43.52
2026-09-10T00:29:54,107.55,42.9
2026-09-10T00:29:55,108.61,43.95
2026-09-10T00:29:56,108.32,43.66
2026-09-10T00:29:57,108.31,43.65
2026-09-10T00:29:58,108.32,43.66
2026-09-10T00:29:59,108.13,43.47
2026-09-10T00:30:00,108.92,44.25
2026-09-10T00:30:01,107.89,43.24
2026-09-10T00:30:02,108.03,43.38
2026-09-10T00:30:03,108.38,43.72
2026-09-10T00:30:04,108.55,43.89
2026-09-10T00:30:05,108.0,43.34
2026-09-10T00:30:06,107.97,43.32
2026-09-10T00:30:07,108.23,43.57
2026-09-10T00:30:08,107.82,43.16
2026-09-10T00:30:09,108.16,43.5
2026-09-10T00:30:10,110.52,45.83
2026-09-10T00:30:11,110.8,46.1
2026-09-10T00:30:12,108.6,43.93
2026-09-10T00:30:13,109.2,44.52
2026-09-10T00:30:14,111.76,47.05
2026-09-10T00:30:15,108.57,43.9
2026-09-10T00:30:16,108.33,43.67
2026-09-10T00:30:17,108.11,43.45
2026-09-10T00:30:18,113.12,48.39
2026-09-10T00:30:19,108.41,43.74
2026-09-10T00:30:20,107.79,43.13
2026-09-10T00:30:21,110.31,45.62
2026-09-10T00:30:22,108.08,43.42
2026-09-10T00:30:23,108.09,43.43
2026-09-10T00:30:24,108.07,43.41
2026-09-10T00:30:25,108.5,43.84
2026-09-10T00:30:26,108.04,43.38
2026-09-10T00:30:27,108.35,43.68
2026-09-10T00:30:28,108.16,43.5
2026-09-10T00:30:29,107.96,43.3
2026-09-10T00:30:30,108.52,43.86
2026-09-10T00:30:31,108.32,43.65
2026-09-10T00:30:32,108.14,43.48
2026-09-10T00:30:33,108.96,44.28
2026-09-10T00:30:34,107.44,42.79
2026-09-10T00:30:35,108.71,44.04
2026-09-10T00:30:36,107.79,43.13
2026-09-10T00:30:37,107.64,42.99
2026-09-10T00:30:38,107.95,43.3
2026-09-10T00:30:39,107.83,43.18
2026-09-10T00:30:40,108.6,43.93
2026-09-10T00:30:41,108.31,43.65
2026-09-10T00:30:42,108.6,43.94
2026-09-10T00:30:43,108.67,44.0
2026-09-10T00:30:44,109.37,44.69
2026-09-10T00:30:45,110.24,45.55
2026-09-10T00:30:46,110.25,45.56
2026-09-10T00:30:47,112.33,47.61
2026-09-10T00:30:48,109.28,44.6
2026-09-10T00:30:49,109.01,44.34
2026-09-10T00:30:50,108.42,43.76
2026-09-10T00:30:51,108.5,43.84
2026-09-10T00:30:52,108.04,43.38
2026-09-10T00:30:53,107.67,43.02
2026-09-10T00:30:54,108.5,43.84
2026-09-10T00:30:55,108.13,43.47
2026-09-10T00:30:56,107.82,43.16
2026-09-10T00:30:57,108.08,43.42
2026-09-10T00:30:58,108.05,43.39
2026-09-10T00:30:59,108.03,43.37
2026-09-10T00:31:00,108.09,43.43
2026-09-10T00:31:01,108.19,43.53
2026-09-10T00:31:02,108.53,43.86
2026-09-10T00:31:03,108.17,43.51
2026-09-10T00:31:04,107.67,43.02
2026-09-10T00:31:05,108.44,43.78
2026-09-10T00:31:06,108.36,43.7
2026-09-10T00:31:07,108.52,43.85
2026-09-10T00:31:08,108.09,43.43
2026-09-10T00:31:09,107.83,43.17
2026-09-10T00:31:10,108.07,43.41
2026-09-10T00:31:11,108.0,43.34
2026-09-10T00:31:12,108.05,43.39
2026-09-10T00:31:13,108.06,43.4
2026-09-10T00:31:14,108.22,43.56
2026-09-10T00:31:15,108.0,43.34
2026-09-10T00:31:16,108.16,43.5
2026-09-10T00:31:17,108.5,43.83
2026-09-10T00:31:18,107.97,43.31
2026-09-10T00:31:19,108.32,43.66
2026-09-10T00:31:20,108.28,43.62
2026-09-10T00:31:21,107.92,43.27
2026-09-10T00:31:22,107.85,43.2
2026-09-10T00:31:23,108.46,43.8
2026-09-10T00:31:24,108.47,43.81
2026-09-10T00:31:25,107.55,42.9
2026-09-10T00:31:26,108.3,43.64
2026-09-10T00:31:27,108.25,43.59
2026-09-10T00:31:28,108.45,43.78
2026-09-10T00:31:29,109.31,44.64
2026-09-10T00:31:30,108.54,43.87
2026-09-10T00:31:31,108.55,43.88
2026-09-10T00:31:32,108.5,43.84
2026-09-10T00:31:33,108.5,43.83
2026-09-10T00:31:34,108.65,43.98
2026-09-10T00:31:35,108.05,43.39
2026-09-10T00:31:36,108.53,43.86
2026-09-10T00:31:37,108.27,43.6
2026-09-10T00:31:38,108.07,43.42
2026-09-10T00:31:39,108.43,43.77
2026-09-10T00:31:40,108.29,43.63
2026-09-10T00:31:41,108.14,43.48
2026-09-10T00:31:42,108.19,43.53
2026-09-10T00:31:43,108.13,43.47
2026-09-10T00:31:44,108.19,43.53
2026-09-10T00:31:45,108.18,43.52
2026-09-10T00:31:46,108.28,43.62
2026-09-10T00:31:47,108.32,43.66
2026-09-10T00:31:48,108.13,43.47
2026-09-10T00:31:49,108.61,43.94
2026-09-10T00:31:50,108.83,44.16
2026-09-10T00:31:51,108.11,43.45
2026-09-10T00:31:52,107.9,43.24
2026-09-10T00:31:53,108.27,43.61
2026-09-10T00:31:54,108.61,43.95
2026-09-10T00:31:55,107.97,43.31
2026-09-10T00:31:56,108.25,43.59
2026-09-10T00:31:57,108.22,43.55
2026-09-10T00:31:58,108.65,43.98
2026-09-10T00:31:59,108.3,43.64
2026-09-10T00:32:00,108.42,43.76
2026-09-10T00:32:01,108.27,43.61
2026-09-10T00:32:02,108.42,43.75
2026-09-10T00:32:03,108.29,43.63
2026-09-10T00:32:04,108.13,43.47
2026-09-10T00:32:05,107.69,43.04
2026-09-10T00:32:06,108.29,43.63
2026-09-10T00:32:07,107.83,43.18
2026-09-10T00:32:08,108.56,43.89
2026-09-10T00:32:09,107.88,43.22
2026-09-10T00:32:10,107.75,43.09
2026-09-10T00:32:11,108.12,43.46
2026-09-10T00:32:12,108.33,43.66
2026-09-10T00:32:13,108.36,43.69
2026-09-10T00:32:14,108.84,44.17
2026-09-10T00:32:15,109.03,44.36
2026-09-10T00:32:16,108.62,43.95
2026-09-10T00:32:17,109.32,44.64
2026-09-10T00:32:18,110.54,45.85
2026-09-10T00:32:19,109.37,44.7
2026-09-10T00:32:20,109.25,44.57
2026-09-10T00:32:21,108.42,43.75
2026-09-10T00:32:22,108.57,43.9
2026-09-10T00:32:23,108.35,43.69
2026-09-10T00:32:24,108.21,43.55
2026-09-10T00:32:25,108.02,43.36
2026-09-10T00:32:26,108.64,43.98
2026-09-10T00:32:27,108.42,43.76
2026-09-10T00:32:28,108.42,43.76
2026-09-10T00:32:29,108.39,43.73
2026-09-10T00:32:30,108.54,43.87
2026-09-10T00:32:31,108.63,43.96
2026-09-10T00:32:32,107.85,43.19
2026-09-10T00:32:33,108.3,43.64
2026-09-10T00:32:34,108.34,43.68
2026-09-10T00:32:35,108.67,44.0
2026-09-10T00:32:36,108.05,43.39
2026-09-10T00:32:37,108.32,43.66
2026-09-10T00:32:38,108.16,43.49
2026-09-10T00:32:39,108.55,43.88
2026-09-10T00:32:40,108.01,43.35
2026-09-10T00:32:41,107.6,42.95
2026-09-10T00:32:42,107.74,43.08
2026-09-10T00:32:43,108.01,43.35
2026-09-10T00:32:44,107.92,43.26
2026-09-10T00:32:45,107.72,43.06
2026-09-10T00:32:46,107.91,43.25
2026-09-10T00:32:47,108.26,43.6
2026-09-10T00:32:48,108.06,43.4
2026-09-10T00:32:49,107.79,43.14
2026-09-10T00:32:50,108.13,43.47
2026-09-10T00:32:51,108.38,43.72
2026-09-10T00:32:52,108.39,43.72
2026-09-10T00:32:53,107.72,43.06
2026-09-10T00:32:54,108.12,43.46
2026-09-10T00:32:55,108.17,43.5
2026-09-10T00:32:56,108.28,43.62
2026-09-10T00:32:57,107.93,43.27
2026-09-10T00:32:58,108.6,43.94
2026-09-10T00:32:59,108.11,43.45
2026-09-10T00:33:00,108.22,43.56
2026-09-10T00:33:01,108.33,43.66
2026-09-10T00:33:02,108.32,43.65
2026-09-10T00:33:03,107.78,43.12
2026-09-10T00:33:04,108.29,43.63
2026-09-10T00:33:05,108.35,43.69
2026-09-10T00:33:06,108.63,43.97
2026-09-10T00:33:07,108.16,43.5
2026-09-10T00:33:08,107.59,42.94
2026-09-10T00:33:09,108.56,43.89
2026-09-10T00:33:10,107.94,43.28
2026-09-10T00:33:11,107.81,43.16
2026-09-10T00:33:12,108.39,43.72
2026-09-10T00:33:13,108.19,43.53
2026-09-10T00:33:14,108.51,43.85
2026-09-10T00:33:15,108.15,43.49
2026-09-10T00:33:16,108.67,44.0
2026-09-10T00:33:17,108.79,44.12
2026-09-10T00:33:18,107.9,43.24
2026-09-10T00:33:19,108.11,43.45
2026-09-10T00:33:20,108.96,44.29
2026-09-10T00:33:21,107.89,43.23
2026-09-10T00:33:22,108.35,43.69
2026-09-10T00:33:23,108.55,43.89
2026-09-10T00:33:24,108.93,44.26
2026-09-10T00:33:25,108.28,43.62
2026-09-10T00:33:26,107.95,43.29
2026-09-10T00:33:27,108.51,43.84
2026-09-10T00:33:28,108.37,43.71
2026-09-10T00:33:29,108.52,43.86
2026-09-10T00:33:30,108.33,43.66
2026-09-10T00:33:31,108.7,44.03
2026-09-10T00:33:32,108.45,43.79
2026-09-10T00:33:33,108.41,43.75
2026-09-10T00:33:34,108.62,43.95
2026-09-10T00:33:35,107.83,43.18
2026-09-10T00:33:36,108.48,43.82
2026-09-10T00:33:37,108.09,43.43
2026-09-10T00:33:38,108.34,43.68
2026-09-10T00:33:39,108.43,43.77
2026-09-10T00:33:40,108.22,43.56
2026-09-10T00:33:41,107.96,43.3
2026-09-10T00:33:42,108.01,43.35
2026-09-10T00:33:43,108.14,43.48
2026-09-10T00:33:44,107.96,43.3
2026-09-10T00:33:45,108.52,43.85
2026-09-10T00:33:46,108.08,43.43
2026-09-10T00:33:47,107.71,43.05
2026-09-10T00:33:48,107.99,43.33
2026-09-10T00:33:49,108.7,44.03
2026-09-10T00:33:50,108.07,43.42
2026-09-10T00:33:51,108.03,43.37
2026-09-10T00:33:52,108.08,43.42
2026-09-10T00:33:53,108.26,43.6
2026-09-10T00:33:54,108.29,43.63
2026-09-10T00:33:55,108.27,43.61
2026-09-10T00:33:56,108.15,43.49
2026-09-10T00:33:57,107.92,43.26
2026-09-10T00:33:58,108.38,43.72
2026-09-10T00:33:59,108.3,43.63
2026-09-10T00:34:00,108.1,43.44
2026-09-10T00:34:01,108.62,43.95
2026-09-10T00:34:02,108.22,43.56
2026-09-10T00:34:03,108.22,43.56
2026-09-10T00:34:04,108.46,43.8
2026-09-10T00:34:05,108.36,43.69
2026-09-10T00:34:06,108.55,43.89
2026-09-10T00:34:07,108.2,43.54
2026-09-10T00:34:08,107.86,43.2
2026-09-10T00:34:09,108.3,43.64
2026-09-10T00:34:10,108.17,43.51
2026-09-10T00:34:11,107.85,43.19
2026-09-10T00:34:12,108.06,43.4
2026-09-10T00:34:13,108.06,43.4
2026-09-10T00:34:14,108.52,43.86
2026-09-10T00:34:15,108.64,43.97
2026-09-10T00:34:16,108.0,43.35
2026-09-10T00:34:17,108.02,43.36
2026-09-10T00:34:18,108.28,43.62
2026-09-10T00:34:19,107.98,43.32
2026-09-10T00:34:20,108.1,43.44
2026-09-10T00:34:21,108.23,43.57
2026-09-10T00:34:22,108.26,43.59
2026-09-10T00:34:23,108.03,43.37
2026-09-10T00:34:24,110.56,45.86
2026-09-10T00:34:25,108.15,43.49
2026-09-10T00:34:26,108.25,43.59
2026-09-10T00:34:27,108.19,43.52
2026-09-10T00:34:28,108.25,43.59
2026-09-10T00:34:29,108.62,43.95
2026-09-10T00:34:30,108.04,43.38
2026-09-10T00:34:31,108.17,43.51
2026-09-10T00:34:32,108.3,43.64
2026-09-10T00:34:33,107.71,43.06
2026-09-10T00:34:34,108.46,43.8
2026-09-10T00:34:35,108.05,43.39
2026-09-10T00:34:36,108.1,43.44
2026-09-10T00:34:37,108.15,43.49
2026-09-10T00:34:38,108.43,43.77
2026-09-10T00:34:39,108.2,43.54
2026-09-10T00:34:40,108.41,43.75
2026-09-10T00:34:41,108.04,43.38
2026-09-10T00:34:42,107.79,43.14
2026-09-10T00:34:43,108.52,43.85
2026-09-10T00:34:44,108.26,43.6
2026-09-10T00:34:45,108.13,43.47
2026-09-10T00:34:46,108.64,43.97
2026-09-10T00:34:47,107.97,43.31
2026-09-10T00:34:48,108.09,43.43
2026-09-10T00:34:49,108.44,43.77
2026-09-10T00:34:50,108.54,43.87
2026-09-10T00:34:51,108.12,43.46
2026-09-10T00:34:52,107.87,43.22
2026-09-10T00:34:53,108.14,43.48
2026-09-10T00:34:54,107.51,42.86
2026-09-10T00:34:55,108.0,43.34
2026-09-10T00:34:56,107.92,43.26
2026-09-10T00:34:57,107.95,43.29
2026-09-10T00:34:58,108.15,43.49
2026-09-10T00:34:59,107.73,43.07
2026-09-10T00:35:00,107.97,43.32
2026-09-10T00:35:01,108.0,43.35
2026-09-10T00:35:02,107.99,43.34
2026-09-10T00:35:03,108.23,43.56
2026-09-10T00:35:04,108.25,43.58
2026-09-10T00:35:05,108.16,43.5
2026-09-10T00:35:06,108.3,43.64
2026-09-10T00:35:07,108.03,43.37
2026-09-10T00:35:08,108.37,43.7
2026-09-10T00:35:09,108.2,43.54
2026-09-10T00:35:10,107.94,43.28
2026-09-10T00:35:11,108.21,43.55
2026-09-10T00:35:12,107.62,42.97
2026-09-10T00:35:13,108.53,43.87
2026-09-10T00:35:14,108.42,43.76
2026-09-10T00:35:15,108.22,43.56
2026-09-10T00:35:16,108.15,43.49
2026-09-10T00:35:17,108.33,43.67
2026-09-10T00:35:18,108.34,43.67
2026-09-10T00:35:19,108.17,43.51
2026-09-10T00:35:20,108.55,43.89
2026-09-10T00:35:21,108.31,43.64
2026-09-10T00:35:22,108.36,43.69
2026-09-10T00:35:23,108.56,43.9
2026-09-10T00:35:24,108.66,43.99
2026-09-10T00:35:25,110.0,45.32
2026-09-10T00:35:26,110.75,46.05
2026-09-10T00:35:27,113.43,48.7
2026-09-10T00:35:28,109.31,44.63
2026-09-10T00:35:29,108.87,44.2
2026-09-10T00:35:30,108.64,43.97
2026-09-10T00:35:31,108.29,43.63
2026-09-10T00:35:32,108.09,43.43
2026-09-10T00:35:33,108.3,43.64
2026-09-10T00:35:34,108.4,43.74
2026-09-10T00:35:35,108.09,43.43
2026-09-10T00:35:36,108.22,43.56
2026-09-10T00:35:37,108.39,43.73
2026-09-10T00:35:38,107.91,43.26
2026-09-10T00:35:39,108.18,43.52
2026-09-10T00:35:40,108.48,43.82
2026-09-10T00:35:41,107.78,43.13
2026-09-10T00:35:42,107.95,43.29
2026-09-10T00:35:43,108.31,43.65
2026-09-10T00:35:44,108.44,43.77
2026-09-10T00:35:45,108.4,43.74
2026-09-10T00:35:46,107.52,42.87
2026-09-10T00:35:47,107.53,42.88
2026-09-10T00:35:48,108.2,43.54
2026-09-10T00:35:49,108.49,43.83
2026-09-10T00:35:50,108.42,43.75
2026-09-10T00:35:51,108.17,43.51
2026-09-10T00:35:52,108.54,43.87
2026-09-10T00:35:53,108.59,43.92
2026-09-10T00:35:54,107.94,43.28
2026-09-10T00:35:55,108.07,43.41
2026-09-10T00:35:56,107.87,43.21
2026-09-10T00:35:57,108.67,44.01
2026-09-10T00:35:58,108.16,43.5
2026-09-10T00:35:59,107.66,43.01
2026-09-10T00:36:00,108.08,43.42
2026-09-10T00:36:01,108.41,43.74
2026-09-10T00:36:02,108.22,43.56
2026-09-10T00:36:03,108.22,43.56
2026-09-10T00:36:04,108.07,43.41
2026-09-10T00:36:05,107.81,43.16
2026-09-10T00:36:06,108.16,43.5
2026-09-10T00:36:07,108.36,43.7
2026-09-10T00:36:08,108.2,43.54
2026-09-10T00:36:09,108.5,43.83
2026-09-10T00:36:10,107.96,43.3
2026-09-10T00:36:11,108.08,43.42
2026-09-10T00:36:12,107.84,43.19
2026-09-10T00:36:13,108.23,43.57
2026-09-10T00:36:14,108.63,43.96
2026-09-10T00:36:15,108.01,43.35
2026-09-10T00:36:16,107.67,43.02
2026-09-10T00:36:17,108.09,43.44
2026-09-10T00:36:18,108.01,43.36
2026-09-10T00:36:19,108.32,43.65
2026-09-10T00:36:20,108.38,43.71
2026-09-10T00:36:21,108.19,43.53
2026-09-10T00:36:22,107.96,43.3
2026-09-10T00:36:23,107.74,43.09
2026-09-10T00:36:24,107.87,43.22
2026-09-10T00:36:25,108.37,43.71
2026-09-10T00:36:26,107.91,43.26
2026-09-10T00:36:27,107.61,42.96
2026-09-10T00:36:28,107.93,43.27
2026-09-10T00:36:29,108.26,43.6
2026-09-10T00:36:30,108.27,43.6
2026-09-10T00:36:31,108.22,43.56
2026-09-10T00:36:32,108.07,43.41
2026-09-10T00:36:33,108.09,43.43
2026-09-10T00:36:34,108.24,43.58
2026-09-10T00:36:35,108.21,43.54
2026-09-10T00:36:36,108.5,43.83
2026-09-10T00:36:37,108.35,43.68
2026-09-10T00:36:38,108.53,43.87
2026-09-10T00:36:39,108.31,43.64
2026-09-10T00:36:40,107.96,43.31
2026-09-10T00:36:41,108.21,43.55
2026-09-10T00:36:42,107.84,43.19
2026-09-10T00:36:43,108.2,43.54
2026-09-10T00:36:44,108.22,43.56
2026-09-10T00:36:45,108.37,43.71
2026-09-10T00:36:46,107.64,42.99
2026-09-10T00:36:47,108.06,43.4
2026-09-10T00:36:48,107.9,43.24
2026-09-10T00:36:49,108.31,43.65
2026-09-10T00:36:50,107.88,43.22
2026-09-10T00:36:51,107.84,43.18
2026-09-10T00:36:52,108.05,43.4
2026-09-10T00:36:53,108.31,43.65
2026-09-10T00:36:54,108.42,43.76
2026-09-10T00:36:55,108.43,43.76
2026-09-10T00:36:56,108.26,43.6
2026-09-10T00:36:57,108.5,43.84
2026-09-10T00:36:58,108.57,43.9
2026-09-10T00:36:59,108.19,43.53
2026-09-10T00:37:00,108.49,43.82
2026-09-10T00:37:01,108.09,43.43
2026-09-10T00:37:02,108.25,43.58
2026-09-10T00:37:03,108.55,43.89
2026-09-10T00:37:04,108.22,43.55
2026-09-10T00:37:05,107.93,43.27
2026-09-10T00:37:06,107.95,43.29
2026-09-10T00:37:07,107.91,43.25
2026-09-10T00:37:08,107.96,43.3
2026-09-10T00:37:09,108.12,43.46
2026-09-10T00:37:10,108.22,43.56
2026-09-10T00:37:11,108.28,43.62
2026-09-10T00:37:12,108.55,43.88
2026-09-10T00:37:13,108.05,43.39
2026-09-10T00:37:14,108.21,43.55
2026-09-10T00:37:15,108.28,43.62
2026-09-10T00:37:16,107.96,43.3
2026-09-10T00:37:17,109.38,44.7
2026-09-10T00:37:18,108.11,43.45
2026-09-10T00:37:19,108.24,43.58
2026-09-10T00:37:20,108.0,43.34
2026-09-10T00:37:21,108.23,43.57
2026-09-10T00:37:22,107.8,43.14
2026-09-10T00:37:23,107.83,43.17
2026-09-10T00:37:24,107.9,43.24
2026-09-10T00:37:25,108.2,43.54
2026-09-10T00:37:26,108.21,43.55
2026-09-10T00:37:27,108.08,43.42
2026-09-10T00:37:28,108.17,43.51
2026-09-10T00:37:29,107.31,42.66
2026-09-10T00:37:30,108.25,43.59
2026-09-10T00:37:31,108.09,43.43
2026-09-10T00:37:32,107.76,43.11
2026-09-10T00:37:33,108.32,43.65
2026-09-10T00:37:34,107.91,43.25
2026-09-10T00:37:35,107.73,43.07
2026-09-10T00:37:36,107.92,43.26
2026-09-10T00:37:37,108.08,43.42
2026-09-10T00:37:38,107.98,43.32
2026-09-10T00:37:39,108.47,43.8
2026-09-10T00:37:40,107.84,43.19
2026-09-10T00:37:41,108.09,43.43
2026-09-10T00:37:42,107.76,43.1
2026-09-10T00:37:43,108.24,43.58
2026-09-10T00:37:44,108.05,43.39
2026-09-10T00:37:45,108.22,43.56
2026-09-10T00:37:46,107.81,43.16
2026-09-10T00:37:47,108.4,43.74
2026-09-10T00:37:48,108.12,43.46
2026-09-10T00:37:49,108.41,43.74
2026-09-10T00:37:50,108.56,43.89
2026-09-10T00:37:51,108.4,43.74
2026-09-10T00:37:52,107.82,43.16
2026-09-10T00:37:53,108.77,44.1
2026-09-10T00:37:54,107.86,43.21
2026-09-10T00:37:55,108.03,43.37
2026-09-10T00:37:56,108.13,43.47
2026-09-10T00:37:57,108.54,43.87
2026-09-10T00:37:58,108.08,43.42
2026-09-10T00:37:59,108.1,43.44
2026-09-10T00:38:00,108.11,43.45
2026-09-10T00:38:01,107.92,43.26
2026-09-10T00:38:02,108.35,43.69
2026-09-10T00:38:03,108.65,43.98
2026-09-10T00:38:04,108.13,43.47
2026-09-10T00:38:05,108.1,43.44
2026-09-10T00:38:06,108.11,43.45
2026-09-10T00:38:07,107.94,43.28
2026-09-10T00:38:08,108.06,43.4
2026-09-10T00:38:09,108.15,43.49
2026-09-10T00:38:10,108.38,43.71
2026-09-10T00:38:11,108.01,43.36
2026-09-10T00:38:12,108.0,43.34
2026-09-10T00:38:13,107.99,43.33
2026-09-10T00:38:14,108.04,43.38
2026-09-10T00:38:15,107.72,43.06
2026-09-10T00:38:16,107.6,42.95
2026-09-10T00:38:17,107.98,43.33
2026-09-10T00:38:18,108.54,43.87
2026-09-10T00:38:19,108.04,43.38
2026-09-10T00:38:20,107.6,42.95
2026-09-10T00:38:21,108.6,43.93
2026-09-10T00:38:22,108.6,43.93
2026-09-10T00:38:23,108.26,43.59
2026-09-10T00:38:24,108.02,43.36
2026-09-10T00:38:25,108.32,43.66
2026-09-10T00:38:26,107.75,43.1
2026-09-10T00:38:27,108.12,43.46
2026-09-10T00:38:28,107.99,43.33
2026-09-10T00:38:29,108.42,43.75
2026-09-10T00:38:30,108.13,43.47
2026-09-10T00:38:31,108.02,43.36
2026-09-10T00:38:32,108.63,43.97
2026-09-10T00:38:33,107.87,43.22
2026-09-10T00:38:34,108.4,43.74
2026-09-10T00:38:35,108.04,43.38
2026-09-10T00:38:36,107.59,42.94
2026-09-10T00:38:37,107.94,43.28
2026-09-10T00:38:38,108.36,43.7
2026-09-10T00:38:39,108.16,43.5
2026-09-10T00:38:40,108.05,43.39
2026-09-10T00:38:41,108.45,43.79
2026-09-10T00:38:42,108.29,43.63
2026-09-10T00:38:43,108.35,43.68
2026-09-10T00:38:44,108.3,43.63
2026-09-10T00:38:45,107.97,43.32
2026-09-10T00:38:46,108.15,43.49
2026-09-10T00:38:47,107.77,43.12
2026-09-10T00:38:48,108.16,43.5
2026-09-10T00:38:49,108.12,43.46
2026-09-10T00:38:50,108.14,43.48
2026-09-10T00:38:51,108.72,44.05
2026-09-10T00:38:52,108.35,43.69
2026-09-10T00:38:53,107.62,42.97
2026-09-10T00:38:54,108.43,43.77
2026-09-10T00:38:55,108.49,43.83
2026-09-10T00:38:56,108.09,43.43
2026-09-10T00:38:57,108.01,43.35
2026-09-10T00:38:58,108.38,43.72
2026-09-10T00:38:59,108.02,43.36
2026-09-10T00:39:00,108.24,43.57
2026-09-10T00:39:01,108.01,43.35
2026-09-10T00:39:02,107.78,43.12
2026-09-10T00:39:03,107.98,43.32
2026-09-10T00:39:04,108.38,43.72
2026-09-10T00:39:05,108.09,43.43
2026-09-10T00:39:06,108.18,43.52
2026-09-10T00:39:07,108.2,43.54
2026-09-10T00:39:08,108.22,43.56
2026-09-10T00:39:09,108.16,43.5
2026-09-10T00:39:10,107.59,42.94
2026-09-10T00:39:11,108.19,43.53
2026-09-10T00:39:12,108.26,43.6
2026-09-10T00:39:13,107.95,43.3
2026-09-10T00:39:14,108.27,43.61
2026-09-10T00:39:15,108.47,43.81
2026-09-10T00:39:16,108.03,43.37
2026-09-10T00:39:17,108.2,43.54
2026-09-10T00:39:18,107.99,43.33
2026-09-10T00:39:19,107.93,43.28
2026-09-10T00:39:20,108.08,43.42
2026-09-10T00:39:21,107.82,43.16
2026-09-10T00:39:22,107.68,43.02
2026-09-10T00:39:23,108.42,43.76
2026-09-10T00:39:24,108.03,43.37
2026-09-10T00:39:25,110.02,45.34
2026-09-10T00:39:26,108.05,43.39
2026-09-10T00:39:27,108.25,43.59
2026-09-10T00:39:28,108.21,43.55
2026-09-10T00:39:29,107.92,43.26
2026-09-10T00:39:30,107.76,43.11
2026-09-10T00:39:31,108.19,43.53
2026-09-10T00:39:32,108.55,43.88
2026-09-10T00:39:33,108.35,43.68
2026-09-10T00:39:34,107.7,43.05
2026-09-10T00:39:35,108.16,43.5
2026-09-10T00:39:36,108.18,43.52
2026-09-10T00:39:37,107.79,43.14
2026-09-10T00:39:38,107.96,43.31
2026-09-10T00:39:39,108.34,43.68
2026-09-10T00:39:40,107.86,43.2
2026-09-10T00:39:41,107.86,43.21
2026-09-10T00:39:42,107.63,42.97
2026-09-10T00:39:43,108.23,43.57
2026-09-10T00:39:44,108.07,43.41
2026-09-10T00:39:45,108.41,43.74
2026-09-10T00:39:46,108.1,43.44
2026-09-10T00:39:47,108.15,43.49
2026-09-10T00:39:48,107.78,43.13
2026-09-10T00:39:49,107.96,43.3
2026-09-10T00:39:50,108.6,43.94
2026-09-10T00:39:51,108.22,43.56
2026-09-10T00:39:52,108.12,43.46
2026-09-10T00:39:53,108.46,43.8
2026-09-10T00:39:54,108.37,43.7
2026-09-10T00:39:55,107.55,42.9
2026-09-10T00:39:56,107.99,43.33
2026-09-10T00:39:57,108.53,43.87
2026-09-10T00:39:58,108.34,43.67
2026-09-10T00:39:59,108.19,43.53
2026-09-10T00:40:00,107.66,43.01
2026-09-10T00:40:01,107.65,43.0
2026-09-10T00:40:02,108.67,44.01
2026-09-10T00:40:03,108.22,43.56
2026-09-10T00:40:04,108.12,43.46
2026-09-10T00:40:05,108.64,43.97
2026-09-10T00:40:06,107.95,43.3
2026-09-10T00:40:07,107.83,43.18
2026-09-10T00:40:08,107.92,43.27
2026-09-10T00:40:09,108.07,43.41
2026-09-10T00:40:10,108.75,44.08
2026-09-10T00:40:11,108.1,43.44
2026-09-10T00:40:12,107.65,43.0
2026-09-10T00:40:13,107.88,43.22
2026-09-10T00:40:14,108.49,43.83
2026-09-10T00:40:15,108.26,43.59
2026-09-10T00:40:16,108.07,43.41
2026-09-10T00:40:17,108.02,43.36
2026-09-10T00:40:18,107.94,43.28
2026-09-10T00:40:19,108.53,43.86
2026-09-10T00:40:20,107.76,43.1
2026-09-10T00:40:21,108.23,43.57
2026-09-10T00:40:22,108.37,43.7
2026-09-10T00:40:23,107.63,42.98
2026-09-10T00:40:24,107.61,42.96
2026-09-10T00:40:25,108.59,43.93
2026-09-10T00:40:26,107.89,43.23
2026-09-10T00:40:27,108.34,43.68
2026-09-10T00:40:28,108.24,43.58
2026-09-10T00:40:29,107.77,43.12
2026-09-10T00:40:30,108.3,43.63
2026-09-10T00:40:31,108.18,43.51
2026-09-10T00:40:32,107.65,42.99
2026-09-10T00:40:33,108.0,43.34
2026-09-10T00:40:34,107.8,43.15
2026-09-10T00:40:35,108.24,43.58
2026-09-10T00:40:36,108.11,43.45
2026-09-10T00:40:37,108.59,43.92
2026-09-10T00:40:38,108.28,43.62
2026-09-10T00:40:39,108.31,43.65
2026-09-10T00:40:40,108.54,43.88
2026-09-10T00:40:41,108.67,44.0
2026-09-10T00:40:42,109.16,44.48
2026-09-10T00:40:43,109.51,44.83
2026-09-10T00:40:44,110.81,46.11
2026-09-10T00:40:45,112.4,47.68
2026-09-10T00:40:46,109.34,44.66
2026-09-10T00:40:47,108.41,43.75
2026-09-10T00:40:48,108.31,43.65
2026-09-10T00:40:49,108.21,43.55
2026-09-10T00:40:50,107.95,43.29
2026-09-10T00:40:51,107.98,43.32
2026-09-10T00:40:52,107.97,43.31
2026-09-10T00:40:53,108.16,43.5
2026-09-10T00:40:54,108.1,43.44
2026-09-10T00:40:55,108.49,43.82
2026-09-10T00:40:56,108.45,43.78
2026-09-10T00:40:57,108.58,43.91
2026-09-10T00:40:58,108.0,43.35
2026-09-10T00:40:59,108.1,43.44
2026-09-10T00:41:00,107.72,43.06
2026-09-10T00:41:01,108.01,43.35
2026-09-10T00:41:02,107.81,43.16
2026-09-10T00:41:03,108.38,43.72
2026-09-10T00:41:04,107.85,43.19
2026-09-10T00:41:05,108.19,43.53
2026-09-10T00:41:06,108.26,43.59
2026-09-10T00:41:07,107.74,43.08
2026-09-10T00:41:08,108.05,43.39
2026-09-10T00:41:09,107.59,42.94
2026-09-10T00:41:10,107.87,43.21
2026-09-10T00:41:11,108.07,43.41
2026-09-10T00:41:12,107.94,43.28
2026-09-10T00:41:13,108.27,43.6
2026-09-10T00:41:14,107.56,42.91
2026-09-10T00:41:15,108.17,43.51
2026-09-10T00:41:16,108.54,43.87
2026-09-10T00:41:17,107.48,42.83
2026-09-10T00:41:18,108.44,43.78
2026-09-10T00:41:19,108.4,43.74
2026-09-10T00:41:20,107.99,43.33
2026-09-10T00:41:21,108.45,43.78
2026-09-10T00:41:22,108.75,44.08
2026-09-10T00:41:23,108.6,43.93
2026-09-10T00:41:24,107.94,43.28
2026-09-10T00:41:25,107.94,43.28
2026-09-10T00:41:26,108.19,43.53
2026-09-10T00:41:27,108.08,43.42
2026-09-10T00:41:28,108.1,43.44
2026-09-10T00:41:29,108.12,43.46
2026-09-10T00:41:30,108.07,43.41
2026-09-10T00:41:31,107.86,43.21
2026-09-10T00:41:32,108.28,43.62
2026-09-10T00:41:33,108.27,43.6
2026-09-10T00:41:34,108.18,43.52
2026-09-10T00:41:35,108.12,43.46
2026-09-10T00:41:36,107.87,43.22
2026-09-10T00:41:37,107.79,43.13
2026-09-10T00:41:38,108.34,43.68
2026-09-10T00:41:39,108.11,43.45
2026-09-10T00:41:40,107.75,43.1
2026-09-10T00:41:41,107.81,43.15
2026-09-10T00:41:42,108.13,43.47
2026-09-10T00:41:43,108.28,43.61
2026-09-10T00:41:44,107.81,43.15
2026-09-10T00:41:45,108.13,43.47
2026-09-10T00:41:46,108.13,43.47
2026-09-10T00:41:47,108.29,43.63
2026-09-10T00:41:48,108.16,43.5
2026-09-10T00:41:49,108.58,43.92
2026-09-10T00:41:50,108.35,43.69
2026-09-10T00:41:51,108.34,43.67
2026-09-10T00:41:52,108.13,43.47
2026-09-10T00:41:53,108.22,43.56
2026-09-10T00:41:54,108.1,43.44
2026-09-10T00:41:55,108.27,43.61
2026-09-10T00:41:56,108.34,43.68
2026-09-10T00:41:57,108.1,43.44
2026-09-10T00:41:58,107.86,43.2
2026-09-10T00:41:59,108.16,43.5
2026-09-10T00:42:00,108.31,43.65
2026-09-10T00:42:01,108.42,43.75
2026-09-10T00:42:02,108.34,43.68
2026-09-10T00:42:03,108.44,43.78
2026-09-10T00:42:04,108.09,43.43
2026-09-10T00:42:05,108.32,43.65
2026-09-10T00:42:06,107.77,43.12
2026-09-10T00:42:07,107.75,43.09
2026-09-10T00:42:08,108.18,43.52
2026-09-10T00:42:09,108.28,43.62
2026-09-10T00:42:10,107.98,43.32
2026-09-10T00:42:11,108.35,43.69
2026-09-10T00:42:12,108.12,43.46
2026-09-10T00:42:13,108.06,43.41
2026-09-10T00:42:14,108.58,43.91
2026-09-10T00:42:15,108.39,43.73
2026-09-10T00:42:16,108.21,43.55
2026-09-10T00:42:17,108.24,43.58
2026-09-10T00:42:18,108.42,43.75
2026-09-10T00:42:19,108.3,43.64
2026-09-10T00:42:20,107.92,43.26
2026-09-10T00:42:21,108.37,43.7
2026-09-10T00:42:22,108.12,43.46
2026-09-10T00:42:23,108.37,43.71
2026-09-10T00:42:24,108.4,43.74
2026-09-10T00:42:25,108.14,43.48
2026-09-10T00:42:26,107.79,43.14
2026-09-10T00:42:27,108.1,43.44
2026-09-10T00:42:28,107.9,43.25
2026-09-10T00:42:29,108.39,43.72
2026-09-10T00:42:30,108.04,43.38
2026-09-10T00:42:31,108.42,43.75
2026-09-10T00:42:32,107.95,43.29
2026-09-10T00:42:33,108.11,43.45
2026-09-10T00:42:34,107.94,43.29
2026-09-10T00:42:35,108.55,43.88
2026-09-10T00:42:36,108.24,43.57
2026-09-10T00:42:37,108.02,43.36
2026-09-10T00:42:38,108.16,43.5
2026-09-10T00:42:39,107.83,43.18
2026-09-10T00:42:40,108.7,44.03
2026-09-10T00:42:41,108.23,43.57
2026-09-10T00:42:42,108.53,43.87
2026-09-10T00:42:43,108.03,43.37
2026-09-10T00:42:44,108.53,43.86
2026-09-10T00:42:45,108.45,43.79
2026-09-10T00:42:46,108.34,43.68
2026-09-10T00:42:47,107.95,43.29
2026-09-10T00:42:48,108.73,44.06
2026-09-10T00:42:49,108.48,43.82
2026-09-10T00:42:50,107.72,43.07
2026-09-10T00:42:51,108.02,43.36
2026-09-10T00:42:52,108.8,44.13
2026-09-10T00:42:53,108.77,44.1
2026-09-10T00:42:54,108.22,43.56
2026-09-10T00:42:55,108.57,43.9
2026-09-10T00:42:56,108.23,43.57
2026-09-10T00:42:57,108.73,44.06
2026-09-10T00:42:58,108.44,43.77
2026-09-10T00:42:59,107.61,42.96
2026-09-10T00:43:00,107.85,43.2
2026-09-10T00:43:01,108.33,43.66
2026-09-10T00:43:02,108.35,43.69
2026-09-10T00:43:03,108.0,43.34
2026-09-10T00:43:04,108.48,43.81
2026-09-10T00:43:05,108.33,43.67
2026-09-10T00:43:06,108.24,43.58
2026-09-10T00:43:07,108.3,43.64
2026-09-10T00:43:08,107.87,43.21
2026-09-10T00:43:09,107.89,43.23
2026-09-10T00:43:10,108.67,44.0
2026-09-10T00:43:11,107.74,43.09
2026-09-10T00:43:12,108.57,43.9
2026-09-10T00:43:13,108.43,43.76
2026-09-10T00:43:14,107.74,43.09
2026-09-10T00:43:15,107.69,43.04
2026-09-10T00:43:16,108.0,43.35
2026-09-10T00:43:17,108.14,43.48
2026-09-10T00:43:18,107.78,43.12
2026-09-10T00:43:19,108.81,44.14
2026-09-10T00:43:20,108.57,43.91
2026-09-10T00:43:21,107.96,43.3
2026-09-10T00:43:22,107.81,43.16
2026-09-10T00:43:23,107.91,43.25
2026-09-10T00:43:24,108.12,43.46
2026-09-10T00:43:25,107.91,43.25
2026-09-10T00:43:26,108.04,43.38
2026-09-10T00:43:27,107.92,43.27
2026-09-10T00:43:28,108.01,43.35
2026-09-10T00:43:29,108.15,43.49
2026-09-10T00:43:30,108.16,43.49
2026-09-10T00:43:31,108.22,43.56
2026-09-10T00:43:32,107.96,43.31
2026-09-10T00:43:33,107.93,43.27
2026-09-10T00:43:34,108.05,43.39
2026-09-10T00:43:35,108.25,43.59
2026-09-10T00:43:36,108.32,43.66
2026-09-10T00:43:37,108.34,43.68
2026-09-10T00:43:38,107.87,43.22
2026-09-10T00:43:39,108.45,43.79
2026-09-10T00:43:40,108.38,43.72
2026-09-10T00:43:41,108.16,43.5
2026-09-10T00:43:42,108.33,43.67
2026-09-10T00:43:43,108.56,43.89
2026-09-10T00:43:44,107.92,43.26
2026-09-10T00:43:45,108.11,43.45
2026-09-10T00:43:46,108.61,43.94
2026-09-10T00:43:47,108.03,43.37
2026-09-10T00:43:48,107.89,43.23
2026-09-10T00:43:49,108.12,43.46
2026-09-10T00:43:50,108.67,44.0
2026-09-10T00:43:51,108.44,43.77
2026-09-10T00:43:52,108.41,43.75
2026-09-10T00:43:53,108.21,43.54
2026-09-10T00:43:54,107.88,43.22
2026-09-10T00:43:55,107.72,43.06
2026-09-10T00:43:56,107.69,43.03
2026-09-10T00:43:57,108.36,43.69
2026-09-10T00:43:58,108.39,43.73
2026-09-10T00:43:59,108.06,43.4
2026-09-10T00:44:00,108.32,43.65
2026-09-10T00:44:01,108.15,43.49
2026-09-10T00:44:02,108.37,43.7
2026-09-10T00:44:03,108.18,43.52
2026-09-10T00:44:04,108.26,43.6
2026-09-10T00:44:05,108.29,43.63
2026-09-10T00:44:06,108.24,43.58
2026-09-10T00:44:07,108.28,43.62
2026-09-10T00:44:08,107.99,43.33
2026-09-10T00:44:09,109.99,45.3
2026-09-10T00:44:10,107.84,43.18
2026-09-10T00:44:11,108.54,43.87
2026-09-10T00:44:12,108.51,43.85
2026-09-10T00:44:13,108.11,43.45
2026-09-10T00:44:14,107.95,43.29
2026-09-10T00:44:15,108.44,43.78
2026-09-10T00:44:16,107.67,43.02
2026-09-10T00:44:17,108.08,43.42
2026-09-10T00:44:18,108.4,43.74
2026-09-10T00:44:19,108.47,43.81
2026-09-10T00:44:20,108.2,43.54
2026-09-10T00:44:21,108.53,43.86
2026-09-10T00:44:22,107.86,43.21
2026-09-10T00:44:23,108.07,43.41
2026-09-10T00:44:24,108.55,43.88
2026-09-10T00:44:25,109.3,44.63
2026-09-10T00:44:26,109.91,45.23
2026-09-10T00:44:27,108.65,43.99
2026-09-10T00:44:28,109.09,44.41
2026-09-10T00:44:29,109.69,45.01
2026-09-10T00:44:30,111.28,46.58
2026-09-10T00:44:31,113.72,48.98
2026-09-10T00:44:32,113.04,48.31
2026-09-10T00:44:33,109.38,44.7
2026-09-10T00:44:34,108.76,44.09
2026-09-10T00:44:35,108.51,43.85
2026-09-10T00:44:36,108.55,43.88
2026-09-10T00:44:37,108.11,43.45
2026-09-10T00:44:38,108.1,43.44
2026-09-10T00:44:39,108.48,43.82
2026-09-10T00:44:40,108.38,43.72
2026-09-10T00:44:41,107.86,43.2
2026-09-10T00:44:42,108.03,43.38
2026-09-10T00:44:43,107.84,43.18
2026-09-10T00:44:44,107.97,43.31
2026-09-10T00:44:45,108.47,43.81
2026-09-10T00:44:46,107.64,42.98
2026-09-10T00:44:47,107.84,43.19
2026-09-10T00:44:48,108.1,43.44
2026-09-10T00:44:49,108.06,43.4
2026-09-10T00:44:50,108.94,44.27
2026-09-10T00:44:51,108.27,43.61
2026-09-10T00:44:52,108.13,43.47
2026-09-10T00:44:53,108.39,43.73
2026-09-10T00:44:54,108.49,43.82
2026-09-10T00:44:55,108.1,43.44
2026-09-10T00:44:56,107.93,43.27
2026-09-10T00:44:57,108.36,43.69
2026-09-10T00:44:58,108.15,43.49
2026-09-10T00:44:59,108.19,43.53
2026-09-10T00:45:00,108.3,43.63
2026-09-10T00:45:01,107.99,43.33
2026-09-10T00:45:02,108.25,43.59
2026-09-10T00:45:03,108.67,44.0
2026-09-10T00:45:04,108.23,43.57
2026-09-10T00:45:05,108.49,43.82
2026-09-10T00:45:06,107.87,43.21
2026-09-10T00:45:07,108.21,43.55
2026-09-10T00:45:08,108.44,43.78
2026-09-10T00:45:09,108.14,43.48
2026-09-10T00:45:10,107.98,43.32
2026-09-10T00:45:11,108.63,43.96
2026-09-10T00:45:12,108.33,43.67
2026-09-10T00:45:13,108.08,43.42
2026-09-10T00:45:14,108.15,43.49
2026-09-10T00:45:15,108.1,43.45
2026-09-10T00:45:16,107.54,42.89
2026-09-10T00:45:17,108.49,43.82
2026-09-10T00:45:18,108.21,43.55
2026-09-10T00:45:19,108.19,43.53
2026-09-10T00:45:20,108.57,43.9
2026-09-10T00:45:21,108.6,43.93
2026-09-10T00:45:22,107.8,43.14
2026-09-10T00:45:23,108.42,43.75
2026-09-10T00:45:24,108.22,43.56
2026-09-10T00:45:25,107.81,43.16
2026-09-10T00:45:26,108.68,44.01
2026-09-10T00:45:27,108.18,43.52
2026-09-10T00:45:28,108.17,43.51
2026-09-10T00:45:29,107.96,43.3
2026-09-10T00:45:30,107.99,43.33
2026-09-10T00:45:31,107.83,43.18
2026-09-10T00:45:32,107.93,43.28
2026-09-10T00:45:33,108.44,43.77
2026-09-10T00:45:34,107.82,43.17
2026-09-10T00:45:35,107.96,43.3
2026-09-10T00:45:36,108.06,43.4
2026-09-10T00:45:37,107.94,43.28
2026-09-10T00:45:38,107.91,43.26
2026-09-10T00:45:39,107.91,43.25
2026-09-10T00:45:40,107.72,43.06
2026-09-10T00:45:41,107.64,42.99
2026-09-10T00:45:42,109.22,44.55
2026-09-10T00:45:43,108.02,43.36
2026-09-10T00:45:44,107.62,42.97
2026-09-10T00:45:45,108.06,43.4
2026-09-10T00:45:46,108.0,43.34
2026-09-10T00:45:47,108.29,43.63
2026-09-10T00:45:48,108.11,43.45
2026-09-10T00:45:49,108.31,43.64
2026-09-10T00:45:50,108.05,43.4
2026-09-10T00:45:51,108.29,43.63
2026-09-10T00:45:52,108.06,43.4
2026-09-10T00:45:53,107.65,43.0
2026-09-10T00:45:54,107.83,43.17
2026-09-10T00:45:55,108.0,43.34
2026-09-10T00:45:56,107.75,43.1
2026-09-10T00:45:57,108.08,43.42
2026-09-10T00:45:58,108.04,43.38
2026-09-10T00:45:59,108.67,44.0
2026-09-10T00:46:00,108.16,43.49
2026-09-10T00:46:01,108.87,44.2
2026-09-10T00:46:02,108.25,43.59
2026-09-10T00:46:03,107.95,43.3
2026-09-10T00:46:04,108.25,43.59
2026-09-10T00:46:05,107.96,43.3
2026-09-10T00:46:06,108.08,43.42
2026-09-10T00:46:07,108.14,43.48
2026-09-10T00:46:08,107.85,43.19
2026-09-10T00:46:09,108.28,43.62
2026-09-10T00:46:10,108.08,43.43
2026-09-10T00:46:11,108.78,44.12
2026-09-10T00:46:12,108.49,43.83
2026-09-10T00:46:13,109.19,44.52
2026-09-10T00:46:14,110.02,45.34
2026-09-10T00:46:15,109.12,44.45
2026-09-10T00:46:16,107.85,43.2
2026-09-10T00:46:17,107.77,43.11
2026-09-10T00:46:18,108.13,43.47
2026-09-10T00:46:19,108.22,43.56
2026-09-10T00:46:20,107.86,43.2
2026-09-10T00:46:21,108.37,43.71
2026-09-10T00:46:22,108.37,43.7
2026-09-10T00:46:23,108.56,43.89
2026-09-10T00:46:24,107.94,43.28
2026-09-10T00:46:25,108.4,43.74
2026-09-10T00:46:26,108.06,43.4
2026-09-10T00:46:27,108.23,43.57
2026-09-10T00:46:28,108.0,43.34
2026-09-10T00:46:29,108.28,43.62
2026-09-10T00:46:30,107.85,43.2
2026-09-10T00:46:31,108.08,43.42
2026-09-10T00:46:32,107.67,43.01
2026-09-10T00:46:33,108.14,43.48
2026-09-10T00:46:34,108.21,43.55
2026-09-10T00:46:35,107.93,43.28
2026-09-10T00:46:36,108.44,43.77
2026-09-10T00:46:37,107.91,43.25
2026-09-10T00:46:38,108.56,43.89
2026-09-10T00:46:39,107.5,42.85
2026-09-10T00:46:40,108.35,43.68
2026-09-10T00:46:41,108.15,43.49
2026-09-10T00:46:42,108.25,43.59
2026-09-10T00:46:43,107.58,42.93
2026-09-10T00:46:44,107.57,42.92
2026-09-10T00:46:45,108.23,43.57
2026-09-10T00:46:46,108.71,44.04
2026-09-10T00:46:47,108.12,43.46
2026-09-10T00:46:48,108.37,43.7
2026-09-10T00:46:49,108.5,43.83
2026-09-10T00:46:50,108.59,43.92
2026-09-10T00:46:51,108.85,44.18
2026-09-10T00:46:52,108.27,43.6
2026-09-10T00:46:53,108.14,43.48
2026-09-10T00:46:54,107.9,43.25
2026-09-10T00:46:55,108.24,43.58
2026-09-10T00:46:56,107.73,43.08
2026-09-10T00:46:57,108.05,43.4
2026-09-10T00:46:58,108.09,43.43
2026-09-10T00:46:59,108.69,44.03
2026-09-10T00:47:00,109.04,44.37
2026-09-10T00:47:01,107.73,43.07
2026-09-10T00:47:02,108.22,43.56
2026-09-10T00:47:03,107.83,43.17
2026-09-10T00:47:04,107.79,43.13
2026-09-10T00:47:05,108.17,43.51
2026-09-10T00:47:06,107.9,43.24
2026-09-10T00:47:07,108.14,43.48
2026-09-10T00:47:08,108.02,43.36
2026-09-10T00:47:09,108.2,43.54
2026-09-10T00:47:10,108.09,43.43
2026-09-10T00:47:11,108.23,43.56
2026-09-10T00:47:12,107.96,43.3
2026-09-10T00:47:13,108.19,43.53
2026-09-10T00:47:14,108.26,43.6
2026-09-10T00:47:15,107.77,43.12
2026-09-10T00:47:16,107.77,43.11
2026-09-10T00:47:17,107.89,43.23
2026-09-10T00:47:18,108.64,43.97
2026-09-10T00:47:19,108.04,43.38
2026-09-10T00:47:20,108.12,43.46
2026-09-10T00:47:21,108.03,43.38
2026-09-10T00:47:22,108.4,43.74
2026-09-10T00:47:23,108.02,43.36
2026-09-10T00:47:24,108.14,43.48
2026-09-10T00:47:25,108.01,43.36
2026-09-10T00:47:26,108.4,43.74
2026-09-10T00:47:27,108.27,43.61
2026-09-10T00:47:28,108.02,43.36
2026-09-10T00:47:29,107.88,43.22
2026-09-10T00:47:30,108.23,43.57
2026-09-10T00:47:31,107.78,43.13
2026-09-10T00:47:32,108.21,43.55
2026-09-10T00:47:33,108.18,43.52
2026-09-10T00:47:34,108.1,43.44
2026-09-10T00:47:35,107.88,43.22
2026-09-10T00:47:36,108.23,43.57
2026-09-10T00:47:37,107.94,43.28
2026-09-10T00:47:38,108.11,43.45
2026-09-10T00:47:39,107.97,43.31
2026-09-10T00:47:40,107.61,42.95
2026-09-10T00:47:41,108.27,43.61
2026-09-10T00:47:42,108.2,43.54
2026-09-10T00:47:43,108.08,43.42
2026-09-10T00:47:44,108.0,43.34
2026-09-10T00:47:45,108.49,43.82
2026-09-10T00:47:46,108.12,43.46
2026-09-10T00:47:47,108.38,43.71
2026-09-10T00:47:48,107.8,43.14
2026-09-10T00:47:49,108.22,43.56
2026-09-10T00:47:50,108.26,43.6
2026-09-10T00:47:51,108.65,43.98
2026-09-10T00:47:52,108.15,43.49
2026-09-10T00:47:53,108.43,43.76
2026-09-10T00:47:54,107.84,43.19
2026-09-10T00:47:55,108.06,43.4
2026-09-10T00:47:56,107.83,43.17
2026-09-10T00:47:57,108.1,43.44
2026-09-10T00:47:58,108.14,43.48
2026-09-10T00:47:59,108.41,43.75
2026-09-10T00:48:00,108.25,43.59
2026-09-10T00:48:01,108.42,43.76
2026-09-10T00:48:02,108.22,43.55
2026-09-10T00:48:03,107.89,43.24
2026-09-10T00:48:04,108.76,44.09
2026-09-10T00:48:05,108.21,43.55
2026-09-10T00:48:06,108.02,43.36
2026-09-10T00:48:07,108.18,43.52
2026-09-10T00:48:08,108.28,43.62
2026-09-10T00:48:09,108.63,43.96
2026-09-10T00:48:10,108.89,44.22
2026-09-10T00:48:11,108.37,43.7
2026-09-10T00:48:12,108.56,43.89
2026-09-10T00:48:13,110.65,45.95
2026-09-10T00:48:14,110.2,45.51
2026-09-10T00:48:15,113.77,49.03
2026-09-10T00:48:16,109.6,44.92
2026-09-10T00:48:17,110.62,45.93
2026-09-10T00:48:18,110.83,46.13
2026-09-10T00:48:19,109.52,44.84
2026-09-10T00:48:20,108.65,43.98
2026-09-10T00:48:21,108.12,43.46
2026-09-10T00:48:22,108.28,43.62
2026-09-10T00:48:23,108.38,43.71
2026-09-10T00:48:24,108.31,43.65
2026-09-10T00:48:25,107.99,43.33
2026-09-10T00:48:26,108.74,44.08
2026-09-10T00:48:27,108.12,43.46
2026-09-10T00:48:28,108.27,43.61
2026-09-10T00:48:29,108.13,43.47
2026-09-10T00:48:30,108.47,43.81
2026-09-10T00:48:31,108.5,43.84
2026-09-10T00:48:32,107.97,43.31
2026-09-10T00:48:33,108.31,43.65
2026-09-10T00:48:34,107.62,42.97
2026-09-10T00:48:35,108.11,43.45
2026-09-10T00:48:36,107.98,43.32
2026-09-10T00:48:37,108.24,43.58
2026-09-10T00:48:38,108.33,43.66
2026-09-10T00:48:39,107.95,43.29
2026-09-10T00:48:40,108.27,43.61
2026-09-10T00:48:41,107.99,43.34
2026-09-10T00:48:42,108.04,43.38
2026-09-10T00:48:43,108.12,43.46
2026-09-10T00:48:44,108.45,43.78
2026-09-10T00:48:45,108.18,43.52
2026-09-10T00:48:46,107.92,43.26
2026-09-10T00:48:47,107.85,43.2
2026-09-10T00:48:48,108.23,43.57
2026-09-10T00:48:49,107.96,43.3
2026-09-10T00:48:50,108.23,43.57
2026-09-10T00:48:51,108.72,44.06
2026-09-10T00:48:52,107.6,42.95
2026-09-10T00:48:53,108.96,44.29
2026-09-10T00:48:54,107.66,43.01
2026-09-10T00:48:55,107.88,43.23
2026-09-10T00:48:56,108.16,43.5
2026-09-10T00:48:57,108.2,43.54
2026-09-10T00:48:58,108.04,43.38
2026-09-10T00:48:59,107.84,43.19
2026-09-10T00:49:00,107.57,42.92
2026-09-10T00:49:01,108.07,43.41
2026-09-10T00:49:02,108.7,44.03
2026-09-10T00:49:03,108.19,43.53
2026-09-10T00:49:04,107.91,43.26
2026-09-10T00:49:05,108.71,44.04
2026-09-10T00:49:06,108.19,43.53
2026-09-10T00:49:07,108.33,43.67
2026-09-10T00:49:08,108.18,43.52
2026-09-10T00:49:09,107.97,43.32
2026-09-10T00:49:10,108.33,43.67
2026-09-10T00:49:11,108.17,43.51
2026-09-10T00:49:12,108.07,43.41
2026-09-10T00:49:13,108.23,43.57
2026-09-10T00:49:14,108.4,43.74
2026-09-10T00:49:15,108.16,43.5
2026-09-10T00:49:16,108.28,43.62
2026-09-10T00:49:17,108.1,43.44
2026-09-10T00:49:18,107.78,43.12
2026-09-10T00:49:19,108.0,43.34
2026-09-10T00:49:20,108.49,43.82
2026-09-10T00:49:21,108.43,43.76
2026-09-10T00:49:22,108.24,43.57
2026-09-10T00:49:23,108.01,43.36
2026-09-10T00:49:24,108.42,43.76
2026-09-10T00:49:25,108.03,43.38
2026-09-10T00:49:26,110.28,45.59
2026-09-10T00:49:27,108.5,43.83
2026-09-10T00:49:28,108.87,44.2
2026-09-10T00:49:29,109.65,44.97
2026-09-10T00:49:30,108.49,43.83
2026-09-10T00:49:31,107.99,43.33
2026-09-10T00:49:32,108.15,43.49
2026-09-10T00:49:33,107.93,43.27
2026-09-10T00:49:34,108.73,44.07
2026-09-10T00:49:35,108.12,43.46
2026-09-10T00:49:36,108.23,43.56
2026-09-10T00:49:37,108.29,43.63
2026-09-10T00:49:38,108.21,43.55
2026-09-10T00:49:39,108.05,43.39
2026-09-10T00:49:40,107.93,43.27
2026-09-10T00:49:41,108.03,43.37
2026-09-10T00:49:42,108.21,43.54
2026-09-10T00:49:43,108.76,44.09
2026-09-10T00:49:44,107.74,43.08
2026-09-10T00:49:45,107.68,43.02
2026-09-10T00:49:46,108.36,43.69
2026-09-10T00:49:47,108.52,43.86
2026-09-10T00:49:48,108.56,43.9
2026-09-10T00:49:49,108.18,43.52
2026-09-10T00:49:50,108.31,43.65
2026-09-10T00:49:51,108.21,43.55
2026-09-10T00:49:52,108.47,43.81
2026-09-10T00:49:53,107.85,43.19
2026-09-10T00:49:54,107.9,43.25
2026-09-10T00:49:55,108.29,43.62
2026-09-10T00:49:56,108.3,43.64
2026-09-10T00:49:57,108.72,44.05
2026-09-10T00:49:58,108.0,43.35
2026-09-10T00:49:59,108.41,43.75
2026-09-10T00:50:00,108.5,43.84
2026-09-10T00:50:01,108.16,43.5
2026-09-10T00:50:02,108.03,43.37
2026-09-10T00:50:03,107.89,43.23
2026-09-10T00:50:04,107.81,43.15
2026-09-10T00:50:05,108.09,43.43
2026-09-10T00:50:06,108.48,43.81
2026-09-10T00:50:07,108.22,43.55
2026-09-10T00:50:08,107.94,43.28
2026-09-10T00:50:09,108.24,43.58
2026-09-10T00:50:10,108.79,44.12
2026-09-10T00:50:11,107.96,43.3
2026-09-10T00:50:12,108.41,43.74
2026-09-10T00:50:13,108.17,43.51
2026-09-10T00:50:14,108.63,43.96
2026-09-10T00:50:15,108.14,43.48
2026-09-10T00:50:16,108.5,43.83
2026-09-10T00:50:17,107.85,43.2
2026-09-10T00:50:18,108.82,44.15
2026-09-10T00:50:19,108.42,43.76
2026-09-10T00:50:20,108.42,43.75
2026-09-10T00:50:21,108.67,44.0
2026-09-10T00:50:22,108.81,44.14
2026-09-10T00:50:23,108.29,43.63
2026-09-10T00:50:24,108.14,43.48
2026-09-10T00:50:25,108.2,43.53
2026-09-10T00:50:26,108.36,43.7
2026-09-10T00:50:27,108.65,43.98
2026-09-10T00:50:28,108.23,43.57
2026-09-10T00:50:29,108.38,43.72
2026-09-10T00:50:30,108.27,43.61
2026-09-10T00:50:31,109.0,44.33
2026-09-10T00:50:32,109.39,44.72
2026-09-10T00:50:33,108.0,43.35
2026-09-10T00:50:34,108.57,43.9
2026-09-10T00:50:35,108.64,43.97
2026-09-10T00:50:36,108.87,44.2
2026-09-10T00:50:37,108.6,43.94
2026-09-10T00:50:38,108.21,43.55
2026-09-10T00:50:39,108.14,43.48
2026-09-10T00:50:40,108.68,44.01
2026-09-10T00:50:41,108.96,44.29
2026-09-10T00:50:42,108.03,43.37
2026-09-10T00:50:43,108.07,43.41
2026-09-10T00:50:44,108.45,43.78
2026-09-10T00:50:45,108.78,44.11
2026-09-10T00:50:46,108.33,43.67
2026-09-10T00:50:47,108.24,43.58
2026-09-10T00:50:48,108.68,44.01
2026-09-10T00:50:49,108.77,44.1
2026-09-10T00:50:50,108.65,43.98
2026-09-10T00:50:51,108.23,43.57
2026-09-10T00:50:52,108.4,43.74
2026-09-10T00:50:53,108.06,43.4
2026-09-10T00:50:54,108.43,43.76
2026-09-10T00:50:55,108.26,43.6
2026-09-10T00:50:56,108.29,43.62
2026-09-10T00:50:57,108.57,43.9
2026-09-10T00:50:58,108.55,43.89
2026-09-10T00:50:59,108.35,43.68
2026-09-10T00:51:00,108.65,43.98
2026-09-10T00:51:01,108.52,43.85
2026-09-10T00:51:02,108.12,43.46
2026-09-10T00:51:03,108.95,44.28
2026-09-10T00:51:04,108.22,43.56
2026-09-10T00:51:05,108.19,43.53
2026-09-10T00:51:06,108.62,43.95
2026-09-10T00:51:07,109.8,45.12
2026-09-10T00:51:08,109.26,44.59
2026-09-10T00:51:09,108.21,43.55
2026-09-10T00:51:10,108.4,43.74
2026-09-10T00:51:11,108.45,43.78
2026-09-10T00:51:12,109.09,44.42
2026-09-10T00:51:13,108.36,43.7
2026-09-10T00:51:14,108.37,43.71
2026-09-10T00:51:15,108.08,43.42
2026-09-10T00:51:16,108.02,43.36
2026-09-10T00:51:17,108.68,44.02
2026-09-10T00:51:18,108.46,43.79
2026-09-10T00:51:19,108.34,43.68
2026-09-10T00:51:20,107.9,43.24
2026-09-10T00:51:21,108.35,43.69
2026-09-10T00:51:22,108.41,43.74
2026-09-10T00:51:23,108.19,43.53
2026-09-10T00:51:24,107.41,42.76
2026-09-10T00:51:25,108.27,43.61
2026-09-10T00:51:26,108.56,43.89
2026-09-10T00:51:27,107.95,43.29
2026-09-10T00:51:28,108.1,43.44
2026-09-10T00:51:29,108.57,43.9
2026-09-10T00:51:30,108.35,43.68
2026-09-10T00:51:31,108.24,43.58
2026-09-10T00:51:32,108.24,43.58
2026-09-10T00:51:33,108.34,43.67
2026-09-10T00:51:34,108.01,43.35
2026-09-10T00:51:35,108.67,44.0
2026-09-10T00:51:36,108.32,43.66
2026-09-10T00:51:37,107.92,43.26
2026-09-10T00:51:38,108.06,43.4
2026-09-10T00:51:39,108.22,43.56
2026-09-10T00:51:40,108.51,43.84
2026-09-10T00:51:41,108.3,43.63
2026-09-10T00:51:42,108.05,43.39
2026-09-10T00:51:43,107.52,42.87
2026-09-10T00:51:44,108.28,43.62
2026-09-10T00:51:45,108.21,43.55
2026-09-10T00:51:46,107.71,43.05
2026-09-10T00:51:47,107.77,43.11
2026-09-10T00:51:48,108.3,43.64
2026-09-10T00:51:49,108.05,43.39
2026-09-10T00:51:50,108.03,43.37
2026-09-10T00:51:51,107.68,43.03
2026-09-10T00:51:52,108.12,43.46
2026-09-10T00:51:53,108.55,43.88
2026-09-10T00:51:54,107.85,43.19
2026-09-10T00:51:55,108.14,43.48
2026-09-10T00:51:56,108.08,43.42
2026-09-10T00:51:57,108.56,43.9
2026-09-10T00:51:58,108.22,43.56
2026-09-10T00:51:59,108.21,43.55
2026-09-10T00:52:00,108.32,43.66
2026-09-10T00:52:01,108.34,43.68
2026-09-10T00:52:02,107.93,43.27
2026-09-10T00:52:03,108.61,43.94
2026-09-10T00:52:04,108.81,44.14
2026-09-10T00:52:05,107.68,43.03
2026-09-10T00:52:06,107.97,43.32
2026-09-10T00:52:07,108.07,43.41
2026-09-10T00:52:08,107.88,43.22
2026-09-10T00:52:09,107.98,43.32
2026-09-10T00:52:10,108.1,43.44
2026-09-10T00:52:11,108.2,43.53
2026-09-10T00:52:12,108.15,43.49
2026-09-10T00:52:13,107.98,43.32
2026-09-10T00:52:14,108.18,43.52
2026-09-10T00:52:15,108.51,43.85
2026-09-10T00:52:16,107.98,43.32
2026-09-10T00:52:17,108.28,43.62
2026-09-10T00:52:18,108.08,43.42
2026-09-10T00:52:19,108.61,43.94
2026-09-10T00:52:20,108.59,43.93
2026-09-10T00:52:21,108.24,43.58
2026-09-10T00:52:22,108.2,43.54
2026-09-10T00:52:23,107.87,43.22
2026-09-10T00:52:24,108.27,43.61
2026-09-10T00:52:25,107.94,43.28
2026-09-10T00:52:26,108.02,43.36
2026-09-10T00:52:27,108.35,43.69
2026-09-10T00:52:28,108.17,43.51
2026-09-10T00:52:29,107.89,43.23
2026-09-10T00:52:30,108.08,43.42
2026-09-10T00:52:31,108.01,43.35
2026-09-10T00:52:32,108.54,43.87
2026-09-10T00:52:33,108.23,43.57
2026-09-10T00:52:34,108.2,43.54
2026-09-10T00:52:35,107.8,43.15
2026-09-10T00:52:36,107.82,43.16
2026-09-10T00:52:37,108.28,43.61
2026-09-10T00:52:38,108.47,43.8
2026-09-10T00:52:39,108.08,43.42
2026-09-10T00:52:40,107.79,43.14
2026-09-10T00:52:41,108.92,44.25
2026-09-10T00:52:42,108.43,43.76
2026-09-10T00:52:43,108.69,44.02
2026-09-10T00:52:44,107.73,43.08
2026-09-10T00:52:45,108.02,43.36
2026-09-10T00:52:46,108.02,43.36
2026-09-10T00:52:47,108.59,43.92
2026-09-10T00:52:48,108.57,43.9
2026-09-10T00:52:49,107.79,43.13
2026-09-10T00:52:50,108.11,43.45
2026-09-10T00:52:51,108.39,43.72
2026-09-10T00:52:52,108.6,43.93
2026-09-10T00:52:53,108.49,43.83
2026-09-10T00:52:54,108.19,43.53
2026-09-10T00:52:55,108.01,43.35
2026-09-10T00:52:56,107.99,43.33
2026-09-10T00:52:57,108.5,43.83
2026-09-10T00:52:58,108.59,43.92
2026-09-10T00:52:59,107.8,43.14
2026-09-10T00:53:00,108.54,43.88
2026-09-10T00:53:01,108.94,44.27
2026-09-10T00:53:02,108.07,43.41
2026-09-10T00:53:03,108.19,43.53
2026-09-10T00:53:04,107.83,43.17
2026-09-10T00:53:05,107.68,43.03
2026-09-10T00:53:06,108.98,44.31
2026-09-10T00:53:07,107.72,43.07
2026-09-10T00:53:08,108.57,43.9
2026-09-10T00:53:09,108.14,43.48
2026-09-10T00:53:10,107.78,43.13
2026-09-10T00:53:11,108.72,44.05
2026-09-10T00:53:12,108.01,43.35
2026-09-10T00:53:13,108.58,43.91
2026-09-10T00:53:14,108.01,43.35
2026-09-10T00:53:15,108.26,43.6
2026-09-10T00:53:16,109.16,44.49
2026-09-10T00:53:17,107.88,43.23
2026-09-10T00:53:18,108.12,43.46
2026-09-10T00:53:19,107.96,43.3
2026-09-10T00:53:20,109.05,44.37
2026-09-10T00:53:21,108.4,43.73
2026-09-10T00:53:22,108.16,43.5
2026-09-10T00:53:23,108.26,43.6
2026-09-10T00:53:24,108.05,43.39
2026-09-10T00:53:25,108.45,43.79
2026-09-10T00:53:26,107.95,43.29
2026-09-10T00:53:27,107.86,43.21
2026-09-10T00:53:28,108.18,43.51
2026-09-10T00:53:29,108.43,43.77
2026-09-10T00:53:30,108.26,43.6
2026-09-10T00:53:31,108.08,43.42
2026-09-10T00:53:32,108.03,43.37
2026-09-10T00:53:33,108.35,43.69
2026-09-10T00:53:34,108.48,43.81
2026-09-10T00:53:35,108.19,43.52
2026-09-10T00:53:36,107.91,43.25
2026-09-10T00:53:37,108.0,43.34
2026-09-10T00:53:38,108.0,43.34
2026-09-10T00:53:39,108.21,43.55
2026-09-10T00:53:40,108.23,43.57
2026-09-10T00:53:41,107.98,43.32
2026-09-10T00:53:42,108.1,43.44
2026-09-10T00:53:43,109.05,44.38
2026-09-10T00:53:44,108.38,43.72
2026-09-10T00:53:45,108.56,43.9
2026-09-10T00:53:46,108.48,43.82
2026-09-10T00:53:47,109.08,44.41
2026-09-10T00:53:48,109.12,44.44
2026-09-10T00:53:49,109.94,45.25
2026-09-10T00:53:50,110.33,45.64
2026-09-10T00:53:51,111.67,46.96
2026-09-10T00:53:52,109.31,44.63
2026-09-10T00:53:53,108.0,43.35
2026-09-10T00:53:54,108.47,43.81
2026-09-10T00:53:55,108.03,43.37
2026-09-10T00:53:56,109.04,44.37
2026-09-10T00:53:57,108.19,43.53
2026-09-10T00:53:58,108.44,43.78
2026-09-10T00:53:59,108.26,43.6
2026-09-10T00:54:00,109.2,44.53
2026-09-10T00:54:01,108.46,43.79
2026-09-10T00:54:02,108.62,43.95
2026-09-10T00:54:03,107.83,43.17
2026-09-10T00:54:04,108.44,43.78
2026-09-10T00:54:05,108.54,43.88
2026-09-10T00:54:06,108.02,43.36
2026-09-10T00:54:07,107.75,43.1
2026-09-10T00:54:08,108.34,43.68
2026-09-10T00:54:09,108.58,43.91
2026-09-10T00:54:10,108.23,43.57
2026-09-10T00:54:11,108.17,43.51
2026-09-10T00:54:12,108.21,43.55
2026-09-10T00:54:13,108.83,44.16
2026-09-10T00:54:14,108.15,43.49
2026-09-10T00:54:15,108.06,43.4
2026-09-10T00:54:16,107.94,43.28
2026-09-10T00:54:17,108.12,43.46
2026-09-10T00:54:18,108.07,43.41
2026-09-10T00:54:19,108.07,43.42
2026-09-10T00:54:20,107.96,43.31
2026-09-10T00:54:21,107.89,43.23
2026-09-10T00:54:22,108.34,43.68
2026-09-10T00:54:23,107.89,43.23
2026-09-10T00:54:24,108.09,43.43
2026-09-10T00:54:25,108.11,43.45
2026-09-10T00:54:26,108.27,43.61
2026-09-10T00:54:27,110.29,45.6
2026-09-10T00:54:28,108.11,43.45
2026-09-10T00:54:29,108.46,43.79
2026-09-10T00:54:30,108.46,43.79
2026-09-10T00:54:31,109.09,44.42
2026-09-10T00:54:32,108.33,43.67
2026-09-10T00:54:33,108.06,43.4
2026-09-10T00:54:34,108.36,43.7
2026-09-10T00:54:35,107.99,43.33
2026-09-10T00:54:36,108.07,43.41
2026-09-10T00:54:37,108.33,43.67
2026-09-10T00:54:38,108.54,43.88
2026-09-10T00:54:39,108.23,43.57
2026-09-10T00:54:40,108.12,43.46
2026-09-10T00:54:41,108.31,43.64
2026-09-10T00:54:42,108.41,43.75
2026-09-10T00:54:43,108.47,43.8
2026-09-10T00:54:44,108.48,43.81
2026-09-10T00:54:45,108.75,44.08
2026-09-10T00:54:46,109.27,44.59
2026-09-10T00:54:47,108.62,43.95
2026-09-10T00:54:48,108.36,43.7
2026-09-10T00:54:49,108.76,44.09
2026-09-10T00:54:50,108.25,43.59
2026-09-10T00:54:51,108.77,44.1
2026-09-10T00:54:52,108.31,43.65
2026-09-10T00:54:53,108.74,44.07
2026-09-10T00:54:54,108.34,43.68
2026-09-10T00:54:55,108.8,44.13
2026-09-10T00:54:56,108.73,44.06
2026-09-10T00:54:57,108.6,43.93
2026-09-10T00:54:58,108.58,43.92
2026-09-10T00:54:59,108.49,43.83
2026-09-10T00:55:00,108.85,44.18
2026-09-10T00:55:01,107.87,43.22
2026-09-10T00:55:02,108.32,43.66
2026-09-10T00:55:03,108.43,43.77
2026-09-10T00:55:04,108.36,43.69
2026-09-10T00:55:05,108.35,43.69
2026-09-10T00:55:06,108.33,43.66
2026-09-10T00:55:07,107.77,43.11
2026-09-10T00:55:08,108.03,43.37
2026-09-10T00:55:09,108.43,43.77
2026-09-10T00:55:10,108.72,44.05
2026-09-10T00:55:11,108.23,43.56
2026-09-10T00:55:12,108.04,43.38
2026-09-10T00:55:13,107.99,43.33
2026-09-10T00:55:14,108.3,43.64
2026-09-10T00:55:15,107.94,43.29
2026-09-10T00:55:16,108.06,43.4
2026-09-10T00:55:17,107.83,43.17
2026-09-10T00:55:18,108.29,43.63
2026-09-10T00:55:19,108.75,44.08
2026-09-10T00:55:20,108.54,43.87
2026-09-10T00:55:21,108.53,43.86
2026-09-10T00:55:22,108.47,43.81
2026-09-10T00:55:23,108.28,43.62
2026-09-10T00:55:24,108.52,43.85
2026-09-10T00:55:25,108.19,43.53
2026-09-10T00:55:26,107.93,43.27
2026-09-10T00:55:27,108.97,44.3
2026-09-10T00:55:28,108.09,43.43
2026-09-10T00:55:29,108.47,43.8
2026-09-10T00:55:30,107.81,43.16
2026-09-10T00:55:31,108.52,43.85
2026-09-10T00:55:32,108.33,43.67
2026-09-10T00:55:33,108.72,44.05
2026-09-10T00:55:34,108.3,43.64
2026-09-10T00:55:35,108.38,43.72
2026-09-10T00:55:36,108.86,44.19
2026-09-10T00:55:37,108.56,43.89
2026-09-10T00:55:38,108.26,43.6
2026-09-10T00:55:39,108.58,43.92
2026-09-10T00:55:40,108.04,43.38
2026-09-10T00:55:41,108.38,43.72
2026-09-10T00:55:42,108.66,43.99
2026-09-10T00:55:43,108.64,43.98
2026-09-10T00:55:44,108.3,43.63
2026-09-10T00:55:45,108.79,44.12
2026-09-10T00:55:46,108.21,43.55
2026-09-10T00:55:47,108.34,43.67
2026-09-10T00:55:48,107.71,43.06
2026-09-10T00:55:49,108.05,43.39
2026-09-10T00:55:50,108.42,43.76
2026-09-10T00:55:51,108.73,44.06
2026-09-10T00:55:52,108.19,43.53
2026-09-10T00:55:53,108.41,43.75
2026-09-10T00:55:54,108.42,43.76
2026-09-10T00:55:55,107.76,43.1
2026-09-10T00:55:56,108.85,44.18
2026-09-10T00:55:57,107.99,43.33
2026-09-10T00:55:58,108.64,43.97
2026-09-10T00:55:59,108.22,43.55
2026-09-10T00:56:00,108.95,44.27
2026-09-10T00:56:01,108.07,43.41
2026-09-10T00:56:02,108.11,43.45
2026-09-10T00:56:03,108.66,43.99
2026-09-10T00:56:04,107.95,43.29
2026-09-10T00:56:05,108.71,44.04
2026-09-10T00:56:06,108.26,43.59
2026-09-10T00:56:07,107.86,43.2
2026-09-10T00:56:08,108.03,43.37
2026-09-10T00:56:09,108.29,43.63
2026-09-10T00:56:10,108.11,43.45
2026-09-10T00:56:11,107.74,43.09
2026-09-10T00:56:12,107.91,43.26
2026-09-10T00:56:13,107.62,42.97
2026-09-10T00:56:14,108.51,43.84
2026-09-10T00:56:15,108.13,43.47
2026-09-10T00:56:16,108.43,43.77
2026-09-10T00:56:17,108.06,43.4
2026-09-10T00:56:18,108.49,43.83
2026-09-10T00:56:19,107.95,43.29
2026-09-10T00:56:20,108.14,43.48
2026-09-10T00:56:21,107.92,43.26
2026-09-10T00:56:22,108.32,43.66
2026-09-10T00:56:23,108.57,43.9
2026-09-10T00:56:24,107.91,43.25
2026-09-10T00:56:25,107.95,43.3
2026-09-10T00:56:26,107.85,43.19
2026-09-10T00:56:27,108.27,43.61
2026-09-10T00:56:28,108.35,43.69
2026-09-10T00:56:29,108.45,43.79
2026-09-10T00:56:30,107.62,42.97
2026-09-10T00:56:31,108.19,43.53
2026-09-10T00:56:32,108.63,43.96
2026-09-10T00:56:33,108.4,43.74
2026-09-10T00:56:34,107.76,43.1
2026-09-10T00:56:35,107.77,43.11
2026-09-10T00:56:36,108.24,43.58
2026-09-10T00:56:37,108.38,43.72
2026-09-10T00:56:38,108.2,43.54
2026-09-10T00:56:39,107.74,43.09
2026-09-10T00:56:40,108.1,43.44
2026-09-10T00:56:41,108.45,43.79
2026-09-10T00:56:42,107.86,43.21
2026-09-10T00:56:43,108.12,43.46
2026-09-10T00:56:44,107.94,43.28
2026-09-10T00:56:45,107.89,43.23
2026-09-10T00:56:46,107.93,43.27
2026-09-10T00:56:47,108.1,43.44
2026-09-10T00:56:48,107.94,43.28
2026-09-10T00:56:49,108.24,43.57
2026-09-10T00:56:50,108.23,43.57
2026-09-10T00:56:51,108.33,43.67
2026-09-10T00:56:52,107.99,43.33
2026-09-10T00:56:53,108.4,43.73
2026-09-10T00:56:54,108.47,43.81
2026-09-10T00:56:55,108.57,43.9
2026-09-10T00:56:56,107.93,43.27
2026-09-10T00:56:57,108.07,43.42
2026-09-10T00:56:58,108.04,43.39
2026-09-10T00:56:59,108.83,44.16
2026-09-10T00:57:00,108.27,43.61
2026-09-10T00:57:01,108.43,43.76
2026-09-10T00:57:02,107.84,43.18
2026-09-10T00:57:03,108.23,43.57
2026-09-10T00:57:04,107.77,43.11
2026-09-10T00:57:05,108.0,43.34
2026-09-10T00:57:06,108.04,43.38
2026-09-10T00:57:07,108.07,43.42
2026-09-10T00:57:08,108.57,43.91
2026-09-10T00:57:09,108.23,43.57
2026-09-10T00:57:10,107.47,42.82
2026-09-10T00:57:11,108.09,43.43
2026-09-10T00:57:12,108.47,43.8
2026-09-10T00:57:13,108.01,43.35
2026-09-10T00:57:14,108.29,43.63
2026-09-10T00:57:15,108.34,43.68
2026-09-10T00:57:16,108.63,43.96
2026-09-10T00:57:17,108.43,43.77
2026-09-10T00:57:18,107.96,43.3
2026-09-10T00:57:19,107.77,43.12
2026-09-10T00:57:20,107.5,42.85
2026-09-10T00:57:21,108.31,43.65
2026-09-10T00:57:22,108.48,43.81
2026-09-10T00:57:23,108.04,43.38
2026-09-10T00:57:24,107.36,42.71
2026-09-10T00:57:25,108.1,43.44
2026-09-10T00:57:26,109.02,44.35
2026-09-10T00:57:27,108.2,43.54
2026-09-10T00:57:28,108.31,43.64
2026-09-10T00:57:29,107.86,43.21
2026-09-10T00:57:30,108.06,43.4
2026-09-10T00:57:31,108.22,43.56
2026-09-10T00:57:32,108.06,43.4
2026-09-10T00:57:33,108.24,43.58
2026-09-10T00:57:34,108.34,43.68
2026-09-10T00:57:35,108.0,43.34
2026-09-10T00:57:36,108.52,43.85
2026-09-10T00:57:37,108.24,43.58
2026-09-10T00:57:38,108.01,43.35
2026-09-10T00:57:39,108.15,43.49
2026-09-10T00:57:40,108.78,44.11
2026-09-10T00:57:41,108.18,43.52
2026-09-10T00:57:42,108.4,43.74
2026-09-10T00:57:43,107.8,43.14
2026-09-10T00:57:44,108.49,43.83
2026-09-10T00:57:45,108.64,43.97
2026-09-10T00:57:46,107.9,43.24
2026-09-10T00:57:47,108.2,43.54
2026-09-10T00:57:48,108.49,43.82
2026-09-10T00:57:49,108.99,44.31
2026-09-10T00:57:50,108.43,43.77
2026-09-10T00:57:51,108.43,43.76
2026-09-10T00:57:52,108.05,43.39
2026-09-10T00:57:53,108.46,43.8
2026-09-10T00:57:54,109.09,44.42
2026-09-10T00:57:55,108.11,43.45
2026-09-10T00:57:56,108.12,43.46
2026-09-10T00:57:57,108.43,43.77
2026-09-10T00:57:58,108.97,44.3
2026-09-10T00:57:59,108.61,43.95
2026-09-10T00:58:00,107.67,43.02
2026-09-10T00:58:01,108.28,43.61
2026-09-10T00:58:02,108.7,44.04
2026-09-10T00:58:03,108.75,44.08
2026-09-10T00:58:04,108.23,43.57
2026-09-10T00:58:05,108.54,43.88
2026-09-10T00:58:06,108.8,44.13
2026-09-10T00:58:07,109.3,44.62
2026-09-10T00:58:08,108.18,43.52
2026-09-10T00:58:09,107.72,43.06
2026-09-10T00:58:10,107.83,43.17
2026-09-10T00:58:11,108.74,44.07
2026-09-10T00:58:12,108.31,43.65
2026-09-10T00:58:13,107.87,43.22
2026-09-10T00:58:14,107.88,43.23
2026-09-10T00:58:15,108.93,44.26
2026-09-10T00:58:16,108.4,43.74
2026-09-10T00:58:17,108.15,43.49
2026-09-10T00:58:18,108.08,43.42
2026-09-10T00:58:19,108.42,43.76
2026-09-10T00:58:20,108.6,43.93
2026-09-10T00:58:21,108.05,43.39
2026-09-10T00:58:22,108.16,43.49
2026-09-10T00:58:23,108.36,43.7
2026-09-10T00:58:24,109.0,44.33
2026-09-10T00:58:25,107.72,43.07
2026-09-10T00:58:26,108.39,43.73
2026-09-10T00:58:27,108.6,43.93
2026-09-10T00:58:28,109.07,44.39
2026-09-10T00:58:29,108.3,43.63
2026-09-10T00:58:30,107.83,43.18
2026-09-10T00:58:31,108.19,43.53
2026-09-10T00:58:32,108.48,43.81
2026-09-10T00:58:33,108.75,44.08
2026-09-10T00:58:34,108.24,43.58
2026-09-10T00:58:35,108.05,43.39
2026-09-10T00:58:36,108.29,43.63
2026-09-10T00:58:37,109.11,44.44
2026-09-10T00:58:38,108.02,43.36
2026-09-10T00:58:39,108.12,43.46
2026-09-10T00:58:40,108.33,43.67
2026-09-10T00:58:41,108.77,44.1
2026-09-10T00:58:42,108.84,44.17
2026-09-10T00:58:43,107.97,43.31
2026-09-10T00:58:44,108.25,43.59
2026-09-10T00:58:45,108.7,44.03
2026-09-10T00:58:46,109.11,44.43
2026-09-10T00:58:47,108.17,43.5
2026-09-10T00:58:48,107.94,43.29
2026-09-10T00:58:49,108.5,43.84
2026-09-10T00:58:50,109.85,45.17
2026-09-10T00:58:51,108.02,43.36
2026-09-10T00:58:52,107.95,43.29
2026-09-10T00:58:53,108.15,43.49
2026-09-10T00:58:54,109.03,44.36
2026-09-10T00:58:55,108.82,44.15
2026-09-10T00:58:56,107.93,43.28
2026-09-10T00:58:57,108.64,43.97
2026-09-10T00:58:58,108.3,43.64
2026-09-10T00:58:59,108.68,44.01
2026-09-10T00:59:00,108.29,43.62
2026-09-10T00:59:01,107.86,43.2
2026-09-10T00:59:02,107.92,43.26
2026-09-10T00:59:03,108.67,44.0
2026-09-10T00:59:04,108.51,43.84
2026-09-10T00:59:05,108.07,43.41
2026-09-10T00:59:06,107.86,43.21
2026-09-10T00:59:07,108.36,43.7
2026-09-10T00:59:08,109.49,44.81
2026-09-10T00:59:09,107.81,43.15
2026-09-10T00:59:10,108.14,43.48
2026-09-10T00:59:11,107.91,43.26
2026-09-10T00:59:12,109.02,44.35
2026-09-10T00:59:13,108.75,44.08
2026-09-10T00:59:14,108.35,43.68
2026-09-10T00:59:15,107.8,43.14
2026-09-10T00:59:16,108.37,43.7
2026-09-10T00:59:17,108.16,43.49
2026-09-10T00:59:18,108.58,43.92
2026-09-10T00:59:19,107.81,43.15
2026-09-10T00:59:20,108.16,43.5
2026-09-10T00:59:21,108.45,43.78
2026-09-10T00:59:22,109.5,44.82
2026-09-10T00:59:23,108.42,43.75
2026-09-10T00:59:24,107.87,43.21
2026-09-10T00:59:25,108.24,43.57
2026-09-10T00:59:26,109.15,44.48
2026-09-10T00:59:27,109.48,44.8
2026-09-10T00:59:28,110.04,45.35
2026-09-10T00:59:29,108.0,43.34
2026-09-10T00:59:30,108.19,43.53
2026-09-10T00:59:31,108.02,43.36
2026-09-10T00:59:32,108.18,43.52
2026-09-10T00:59:33,108.11,43.45
2026-09-10T00:59:34,108.12,43.46
2026-09-10T00:59:35,108.95,44.28
2026-09-10T00:59:36,107.9,43.24
2026-09-10T00:59:37,108.59,43.93
2026-09-10T00:59:38,108.1,43.44
2026-09-10T00:59:39,108.65,43.98
2026-09-10T00:59:40,107.84,43.19
2026-09-10T00:59:41,108.1,43.44
2026-09-10T00:59:42,108.55,43.89
2026-09-10T00:59:43,108.52,43.86
2026-09-10T00:59:44,108.19,43.52
2026-09-10T00:59:45,108.04,43.38
2026-09-10T00:59:46,108.14,43.48
2026-09-10T00:59:47,107.75,43.09
2026-09-10T00:59:48,108.48,43.81
2026-09-10T00:59:49,108.97,44.3
2026-09-10T00:59:50,108.21,43.55
2026-09-10T00:59:51,107.73,43.07
2026-09-10T00:59:52,108.0,43.34
2026-09-10T00:59:53,108.37,43.71
2026-09-10T00:59:54,108.52,43.85
2026-09-10T00:59:55,108.02,43.36
2026-09-10T00:59:56,107.72,43.06
2026-09-10T00:59:57,108.39,43.72
2026-09-10T00:59:58,108.8,44.13
2026-09-10T00:59:59,108.62,43.96
2026-09-10T01:00:00,108.06,43.4
2026-09-10T01:00:01,107.94,43.29
2026-09-10T01:00:02,108.11,43.45
2026-09-10T01:00:03,108.71,44.04
2026-09-10T01:00:04,108.04,43.39
2026-09-10T01:00:05,108.52,43.85
2026-09-10T01:00:06,107.86,43.2
2026-09-10T01:00:07,108.07,43.41
2026-09-10T01:00:08,108.39,43.72
2026-09-10T01:00:09,108.3,43.64
2026-09-10T01:00:10,108.1,43.44
2026-09-10T01:00:11,108.38,43.72
2026-09-10T01:00:12,108.33,43.66
2026-09-10T01:00:13,108.31,43.64
2026-09-10T01:00:14,108.64,43.97
2026-09-10T01:00:15,108.22,43.56
2026-09-10T01:00:16,107.97,43.31
2026-09-10T01:00:17,107.96,43.31
2026-09-10T01:00:18,108.31,43.65
2026-09-10T01:00:19,108.85,44.18
2026-09-10T01:00:20,107.75,43.09
2026-09-10T01:00:21,107.99,43.33
2026-09-10T01:00:22,108.06,43.4
2026-09-10T01:00:23,108.64,43.97
2026-09-10T01:00:24,108.21,43.54
2026-09-10T01:00:25,107.7,43.05
2026-09-10T01:00:26,108.02,43.36
2026-09-10T01:00:27,108.31,43.65
2026-09-10T01:00:28,108.45,43.79
2026-09-10T01:00:29,108.0,43.34
2026-09-10T01:00:30,108.17,43.51
2026-09-10T01:00:31,107.73,43.07
2026-09-10T01:00:32,108.56,43.89
2026-09-10T01:00:33,108.13,43.47
2026-09-10T01:00:34,108.16,43.5
2026-09-10T01:00:35,107.99,43.33
2026-09-10T01:00:36,107.95,43.29
2026-09-10T01:00:37,108.09,43.43
2026-09-10T01:00:38,107.94,43.28
2026-09-10T01:00:39,108.19,43.53
2026-09-10T01:00:40,108.27,43.61
2026-09-10T01:00:41,108.31,43.65
2026-09-10T01:00:42,108.07,43.41
2026-09-10T01:00:43,108.14,43.48
2026-09-10T01:00:44,107.98,43.33
2026-09-10T01:00:45,108.36,43.69
2026-09-10T01:00:46,108.24,43.58
2026-09-10T01:00:47,107.94,43.28
2026-09-10T01:00:48,107.72,43.06
2026-09-10T01:00:49,108.15,43.49
2026-09-10T01:00:50,107.5,42.85
2026-09-10T01:00:51,108.17,43.51
2026-09-10T01:00:52,108.31,43.64
2026-09-10T01:00:53,108.3,43.64
2026-09-10T01:00:54,108.23,43.57
2026-09-10T01:00:55,107.68,43.03
2026-09-10T01:00:56,107.72,43.06
2026-09-10T01:00:57,108.43,43.77
2026-09-10T01:00:58,107.7,43.05
2026-09-10T01:00:59,108.35,43.69
2026-09-10T01:01:00,108.19,43.53
2026-09-10T01:01:01,108.07,43.41
2026-09-10T01:01:02,108.13,43.47
2026-09-10T01:01:03,108.42,43.76
2026-09-10T01:01:04,107.98,43.32
2026-09-10T01:01:05,108.04,43.38
2026-09-10T01:01:06,107.85,43.19
2026-09-10T01:01:07,107.98,43.32
2026-09-10T01:01:08,108.62,43.95
2026-09-10T01:01:09,107.75,43.1
2026-09-10T01:01:10,107.72,43.07
2026-09-10T01:01:11,108.06,43.4
2026-09-10T01:01:12,108.38,43.72
2026-09-10T01:01:13,108.33,43.67
2026-09-10T01:01:14,107.8,43.14
2026-09-10T01:01:15,107.91,43.25
2026-09-10T01:01:16,108.73,44.07
2026-09-10T01:01:17,108.05,43.39
2026-09-10T01:01:18,107.64,42.99
2026-09-10T01:01:19,108.35,43.69
2026-09-10T01:01:20,108.09,43.43
2026-09-10T01:01:21,108.49,43.82
2026-09-10T01:01:22,107.9,43.24
2026-09-10T01:01:23,108.39,43.72
2026-09-10T01:01:24,108.12,43.46
2026-09-10T01:01:25,108.46,43.79
2026-09-10T01:01:26,108.69,44.02
2026-09-10T01:01:27,107.94,43.28
2026-09-10T01:01:28,108.14,43.48
2026-09-10T01:01:29,108.63,43.96
2026-09-10T01:01:30,108.38,43.71
2026-09-10T01:01:31,107.82,43.17
2026-09-10T01:01:32,108.12,43.46
2026-09-10T01:01:33,108.72,44.06
2026-09-10T01:01:34,108.71,44.04
2026-09-10T01:01:35,107.79,43.14
2026-09-10T01:01:36,108.05,43.39
2026-09-10T01:01:37,108.15,43.49
2026-09-10T01:01:38,108.31,43.64
2026-09-10T01:01:39,108.11,43.45
2026-09-10T01:01:40,107.91,43.26
2026-09-10T01:01:41,107.81,43.15
2026-09-10T01:01:42,108.2,43.54
2026-09-10T01:01:43,108.23,43.57
2026-09-10T01:01:44,107.99,43.33
2026-09-10T01:01:45,108.29,43.63
2026-09-10T01:01:46,108.32,43.66
2026-09-10T01:01:47,108.39,43.73
2026-09-10T01:01:48,107.98,43.32
2026-09-10T01:01:49,107.8,43.14
2026-09-10T01:01:50,107.85,43.2
2026-09-10T01:01:51,108.53,43.87
2026-09-10T01:01:52,108.04,43.38
2026-09-10T01:01:53,108.24,43.58
2026-09-10T01:01:54,107.81,43.15
2026-09-10T01:01:55,107.85,43.19
2026-09-10T01:01:56,108.58,43.91
2026-09-10T01:01:57,108.34,43.68
2026-09-10T01:01:58,108.2,43.54
2026-09-10T01:01:59,108.23,43.56
2026-09-10T01:02:00,108.5,43.83
2026-09-10T01:02:01,108.53,43.87
2026-09-10T01:02:02,108.18,43.52
2026-09-10T01:02:03,108.13,43.47
2026-09-10T01:02:04,107.77,43.12
2026-09-10T01:02:05,108.82,44.15
2026-09-10T01:02:06,108.29,43.63
2026-09-10T01:02:07,107.83,43.17
2026-09-10T01:02:08,108.1,43.44
2026-09-10T01:02:09,107.9,43.25
2026-09-10T01:02:10,108.61,43.94
2026-09-10T01:02:11,107.77,43.11
2026-09-10T01:02:12,108.25,43.59
2026-09-10T01:02:13,107.58,42.93
2026-09-10T01:02:14,108.46,43.79
2026-09-10T01:02:15,108.42,43.76
2026-09-10T01:02:16,107.86,43.2
2026-09-10T01:02:17,107.78,43.13
2026-09-10T01:02:18,108.03,43.37
2026-09-10T01:02:19,108.61,43.94
2026-09-10T01:02:20,108.46,43.8
2026-09-10T01:02:21,107.98,43.33
2026-09-10T01:02:22,107.79,43.14
2026-09-10T01:02:23,108.03,43.37
2026-09-10T01:02:24,108.28,43.62
2026-09-10T01:02:25,107.91,43.25
2026-09-10T01:02:26,108.15,43.49
2026-09-10T01:02:27,107.69,43.03
2026-09-10T01:02:28,108.41,43.74
2026-09-10T01:02:29,108.41,43.75
2026-09-10T01:02:30,107.79,43.14
2026-09-10T01:02:31,108.36,43.69
2026-09-10T01:02:32,107.93,43.28
2026-09-10T01:02:33,108.77,44.1
2026-09-10T01:02:34,107.79,43.13
2026-09-10T01:02:35,108.02,43.36
2026-09-10T01:02:36,108.27,43.61
2026-09-10T01:02:37,108.26,43.6
2026-09-10T01:02:38,108.2,43.54
2026-09-10T01:02:39,108.37,43.7
2026-09-10T01:02:40,108.22,43.56
2026-09-10T01:02:41,108.13,43.47
2026-09-10T01:02:42,108.83,44.16
2026-09-10T01:02:43,107.91,43.25
2026-09-10T01:02:44,107.84,43.18
2026-09-10T01:02:45,108.02,43.36
2026-09-10T01:02:46,108.93,44.25
2026-09-10T01:02:47,108.25,43.59
2026-09-10T01:02:48,108.05,43.39
2026-09-10T01:02:49,107.74,43.08
2026-09-10T01:02:50,109.6,44.92
2026-09-10T01:02:51,108.25,43.59
2026-09-10T01:02:52,108.23,43.56
2026-09-10T01:02:53,108.05,43.39
2026-09-10T01:02:54,108.3,43.64
2026-09-10T01:02:55,107.69,43.04
2026-09-10T01:02:56,108.4,43.73
2026-09-10T01:02:57,108.45,43.78
2026-09-10T01:02:58,107.76,43.1
2026-09-10T01:02:59,108.03,43.37
2026-09-10T01:03:00,107.69,43.04
2026-09-10T01:03:01,108.08,43.42
2026-09-10T01:03:02,108.14,43.48
2026-09-10T01:03:03,107.8,43.15
2026-09-10T01:03:04,108.14,43.48
2026-09-10T01:03:05,108.17,43.51
2026-09-10T01:03:06,108.05,43.39
2026-09-10T01:03:07,108.09,43.43
2026-09-10T01:03:08,108.01,43.35
2026-09-10T01:03:09,108.18,43.52
2026-09-10T01:03:10,108.05,43.39
2026-09-10T01:03:11,107.96,43.31
2026-09-10T01:03:12,107.81,43.15
2026-09-10T01:03:13,108.28,43.62
2026-09-10T01:03:14,107.76,43.1
2026-09-10T01:03:15,108.18,43.52
2026-09-10T01:03:16,108.04,43.38
2026-09-10T01:03:17,108.6,43.94
2026-09-10T01:03:18,108.34,43.67
2026-09-10T01:03:19,108.25,43.58
2026-09-10T01:03:20,107.63,42.97
2026-09-10T01:03:21,108.48,43.82
2026-09-10T01:03:22,107.67,43.02
2026-09-10T01:03:23,108.17,43.51
2026-09-10T01:03:24,107.86,43.2
2026-09-10T01:03:25,108.09,43.43
2026-09-10T01:03:26,107.96,43.3
2026-09-10T01:03:27,108.0,43.34
2026-09-10T01:03:28,108.21,43.55
2026-09-10T01:03:29,107.68,43.03
2026-09-10T01:03:30,108.06,43.4
2026-09-10T01:03:31,108.41,43.74
2026-09-10T01:03:32,108.06,43.4
2026-09-10T01:03:33,108.26,43.6
2026-09-10T01:03:34,108.56,43.89
2026-09-10T01:03:35,108.14,43.48
2026-09-10T01:03:36,108.17,43.51
2026-09-10T01:03:37,107.98,43.32
2026-09-10T01:03:38,107.7,43.04
2026-09-10T01:03:39,108.12,43.46
2026-09-10T01:03:40,107.95,43.29
2026-09-10T01:03:41,108.53,43.86
2026-09-10T01:03:42,108.68,44.01
2026-09-10T01:03:43,108.23,43.57
2026-09-10T01:03:44,108.96,44.29
2026-09-10T01:03:45,107.81,43.15
2026-09-10T01:03:46,107.58,42.93
2026-09-10T01:03:47,108.2,43.54
2026-09-10T01:03:48,108.04,43.38
2026-09-10T01:03:49,108.35,43.68
2026-09-10T01:03:50,107.95,43.29
2026-09-10T01:03:51,108.3,43.64
2026-09-10T01:03:52,108.04,43.39
2026-09-10T01:03:53,107.75,43.1
2026-09-10T01:03:54,107.97,43.31
2026-09-10T01:03:55,108.1,43.44
2026-09-10T01:03:56,107.66,43.01
2026-09-10T01:03:57,108.48,43.81
2026-09-10T01:03:58,107.95,43.29
2026-09-10T01:03:59,108.31,43.64
2026-09-10T01:04:00,108.68,44.01
2026-09-10T01:04:01,107.55,42.9
2026-09-10T01:04:02,107.86,43.2
2026-09-10T01:04:03,108.01,43.35
2026-09-10T01:04:04,108.74,44.08
2026-09-10T01:04:05,107.92,43.26
2026-09-10T01:04:06,107.52,42.87
2026-09-10T01:04:07,107.99,43.33
2026-09-10T01:04:08,108.34,43.68
2026-09-10T01:04:09,108.01,43.36
2026-09-10T01:04:10,108.05,43.39
2026-09-10T01:04:11,108.2,43.54
2026-09-10T01:04:12,108.2,43.54
2026-09-10T01:04:13,108.38,43.72
2026-09-10T01:04:14,108.2,43.54
2026-09-10T01:04:15,107.77,43.11
2026-09-10T01:04:16,107.75,43.09
2026-09-10T01:04:17,107.78,43.12
2026-09-10T01:04:18,108.2,43.54
2026-09-10T01:04:19,108.37,43.71
2026-09-10T01:04:20,108.44,43.77
2026-09-10T01:04:21,108.27,43.61
2026-09-10T01:04:22,108.56,43.89
2026-09-10T01:04:23,107.95,43.29
2026-09-10T01:04:24,108.07,43.41
2026-09-10T01:04:25,108.47,43.8
2026-09-10T01:04:26,108.06,43.4
2026-09-10T01:04:27,108.43,43.76
2026-09-10T01:04:28,110.44,45.74
2026-09-10T01:04:29,108.69,44.02
2026-09-10T01:04:30,108.14,43.48
2026-09-10T01:04:31,107.94,43.28
2026-09-10T01:04:32,108.07,43.41
2026-09-10T01:04:33,108.25,43.59
2026-09-10T01:04:34,108.08,43.42
2026-09-10T01:04:35,108.25,43.59
2026-09-10T01:04:36,107.8,43.14
2026-09-10T01:04:37,108.31,43.64
2026-09-10T01:04:38,107.9,43.24
2026-09-10T01:04:39,108.3,43.63
2026-09-10T01:04:40,108.32,43.66
2026-09-10T01:04:41,107.82,43.17
2026-09-10T01:04:42,107.72,43.06
2026-09-10T01:04:43,108.25,43.58
2026-09-10T01:04:44,108.09,43.43
2026-09-10T01:04:45,108.34,43.67
2026-09-10T01:04:46,108.06,43.4
2026-09-10T01:04:47,108.29,43.63
2026-09-10T01:04:48,107.99,43.33
2026-09-10T01:04:49,108.24,43.57
2026-09-10T01:04:50,107.89,43.23
2026-09-10T01:04:51,108.09,43.43
2026-09-10T01:04:52,108.35,43.68
2026-09-10T01:04:53,108.07,43.41
2026-09-10T01:04:54,108.05,43.39
2026-09-10T01:04:55,108.23,43.57
2026-09-10T01:04:56,109.07,44.4
2026-09-10T01:04:57,108.15,43.49
2026-09-10T01:04:58,107.5,42.85
2026-09-10T01:04:59,108.13,43.47
2026-09-10T01:05:00,108.24,43.57
2026-09-10T01:05:01,108.21,43.55
2026-09-10T01:05:02,107.9,43.24
2026-09-10T01:05:03,108.04,43.38
2026-09-10T01:05:04,108.26,43.6
2026-09-10T01:05:05,108.1,43.44
2026-09-10T01:05:06,107.95,43.3
2026-09-10T01:05:07,108.28,43.61
2026-09-10T01:05:08,108.88,44.21
2026-09-10T01:05:09,108.23,43.57
2026-09-10T01:05:10,107.8,43.15
2026-09-10T01:05:11,108.56,43.89
2026-09-10T01:05:12,108.12,43.46
2026-09-10T01:05:13,108.28,43.62
2026-09-10T01:05:14,108.41,43.74
2026-09-10T01:05:15,108.82,44.15
2026-09-10T01:05:16,108.3,43.64
2026-09-10T01:05:17,108.46,43.79
2026-09-10T01:05:18,107.66,43.01
2026-09-10T01:05:19,107.82,43.16
2026-09-10T01:05:20,108.23,43.57
2026-09-10T01:05:21,108.1,43.45
2026-09-10T01:05:22,108.12,43.46
2026-09-10T01:05:23,108.25,43.59
2026-09-10T01:05:24,108.6,43.93
2026-09-10T01:05:25,108.28,43.62
2026-09-10T01:05:26,108.41,43.74
2026-09-10T01:05:27,108.24,43.58
2026-09-10T01:05:28,107.54,42.89
2026-09-10T01:05:29,109.85,45.17
2026-09-10T01:05:30,108.28,43.62
2026-09-10T01:05:31,108.11,43.45
2026-09-10T01:05:32,108.46,43.79
2026-09-10T01:05:33,108.08,43.42
2026-09-10T01:05:34,107.94,43.28
2026-09-10T01:05:35,108.42,43.76
2026-09-10T01:05:36,107.91,43.25
2026-09-10T01:05:37,107.96,43.3
2026-09-10T01:05:38,108.51,43.84
2026-09-10T01:05:39,107.99,43.34
2026-09-10T01:05:40,108.09,43.43
2026-09-10T01:05:41,107.68,43.02
2026-09-10T01:05:42,108.27,43.61
2026-09-10T01:05:43,107.9,43.24
2026-09-10T01:05:44,108.07,43.41
2026-09-10T01:05:45,107.52,42.87
2026-09-10T01:05:46,108.29,43.63
2026-09-10T01:05:47,108.0,43.34
2026-09-10T01:05:48,108.19,43.52
2026-09-10T01:05:49,108.41,43.75
2026-09-10T01:05:50,108.17,43.51
2026-09-10T01:05:51,108.28,43.62
2026-09-10T01:05:52,107.92,43.26
2026-09-10T01:05:53,108.11,43.45
2026-09-10T01:05:54,108.1,43.44
2026-09-10T01:05:55,107.94,43.28
2026-09-10T01:05:56,107.82,43.17
2026-09-10T01:05:57,107.78,43.13
2026-09-10T01:05:58,108.23,43.57
2026-09-10T01:05:59,108.98,44.31
2026-09-10T01:06:00,108.22,43.55
2026-09-10T01:06:01,108.14,43.48
2026-09-10T01:06:02,108.15,43.49
2026-09-10T01:06:03,108.2,43.54
2026-09-10T01:06:04,108.05,43.39
2026-09-10T01:06:05,108.25,43.58
2026-09-10T01:06:06,107.93,43.27
2026-09-10T01:06:07,107.85,43.19
2026-09-10T01:06:08,108.22,43.56
2026-09-10T01:06:09,108.13,43.47
2026-09-10T01:06:10,108.56,43.9
2026-09-10T01:06:11,108.2,43.54
2026-09-10T01:06:12,107.93,43.28
2026-09-10T01:06:13,108.33,43.66
2026-09-10T01:06:14,108.34,43.68
2026-09-10T01:06:15,108.38,43.71
2026-09-10T01:06:16,108.27,43.61
2026-09-10T01:06:17,108.42,43.75
2026-09-10T01:06:18,108.49,43.82
2026-09-10T01:06:19,108.37,43.71
2026-09-10T01:06:20,108.41,43.75
2026-09-10T01:06:21,108.06,43.4
2026-09-10T01:06:22,108.45,43.79
2026-09-10T01:06:23,108.27,43.61
2026-09-10T01:06:24,108.31,43.65
2026-09-10T01:06:25,108.29,43.63
2026-09-10T01:06:26,107.93,43.27
2026-09-10T01:06:27,107.78,43.13
2026-09-10T01:06:28,107.68,43.02
2026-09-10T01:06:29,108.35,43.69
2026-09-10T01:06:30,108.03,43.37
2026-09-10T01:06:31,108.2,43.53
2026-09-10T01:06:32,107.74,43.09
2026-09-10T01:06:33,107.65,43.0
2026-09-10T01:06:34,108.03,43.37
2026-09-10T01:06:35,108.19,43.53
2026-09-10T01:06:36,107.93,43.27
2026-09-10T01:06:37,108.1,43.44
2026-09-10T01:06:38,107.74,43.09
2026-09-10T01:06:39,108.0,43.34
2026-09-10T01:06:40,107.96,43.3
2026-09-10T01:06:41,108.01,43.35
2026-09-10T01:06:42,108.15,43.49
2026-09-10T01:06:43,107.88,43.22
2026-09-10T01:06:44,107.96,43.3
2026-09-10T01:06:45,107.9,43.24
2026-09-10T01:06:46,107.53,42.88
2026-09-10T01:06:47,108.12,43.46
2026-09-10T01:06:48,108.18,43.52
2026-09-10T01:06:49,107.82,43.17
2026-09-10T01:06:50,108.26,43.59
2026-09-10T01:06:51,108.25,43.59
2026-09-10T01:06:52,108.26,43.6
2026-09-10T01:06:53,108.14,43.48
2026-09-10T01:06:54,108.12,43.46
2026-09-10T01:06:55,107.74,43.09
2026-09-10T01:06:56,108.13,43.47
2026-09-10T01:06:57,107.85,43.19
2026-09-10T01:06:58,108.29,43.62
2026-09-10T01:06:59,108.81,44.14
2026-09-10T01:07:00,108.16,43.5
2026-09-10T01:07:01,108.19,43.53
2026-09-10T01:07:02,108.34,43.67
2026-09-10T01:07:03,108.74,44.07
2026-09-10T01:07:04,108.3,43.64
2026-09-10T01:07:05,108.45,43.79
2026-09-10T01:07:06,108.3,43.63
2026-09-10T01:07:07,108.02,43.36
2026-09-10T01:07:08,108.36,43.69
2026-09-10T01:07:09,107.95,43.29
2026-09-10T01:07:10,108.21,43.55
2026-09-10T01:07:11,108.15,43.49
2026-09-10T01:07:12,108.54,43.87
2026-09-10T01:07:13,108.63,43.96
2026-09-10T01:07:14,108.08,43.42
2026-09-10T01:07:15,108.16,43.5
2026-09-10T01:07:16,107.66,43.0
2026-09-10T01:07:17,108.78,44.11
2026-09-10T01:07:18,108.32,43.66
2026-09-10T01:07:19,108.46,43.79
2026-09-10T01:07:20,108.28,43.62
2026-09-10T01:07:21,108.55,43.88
2026-09-10T01:07:22,108.76,44.09
2026-09-10T01:07:23,107.77,43.11
2026-09-10T01:07:24,107.74,43.09
2026-09-10T01:07:25,107.93,43.27
2026-09-10T01:07:26,108.58,43.91
2026-09-10T01:07:27,108.04,43.38
2026-09-10T01:07:28,108.33,43.66
2026-09-10T01:07:29,108.32,43.65
2026-09-10T01:07:30,107.92,43.27
2026-09-10T01:07:31,108.18,43.52
2026-09-10T01:07:32,108.44,43.78
2026-09-10T01:07:33,108.5,43.84
2026-09-10T01:07:34,107.86,43.2
2026-09-10T01:07:35,108.44,43.78
2026-09-10T01:07:36,108.5,43.84
2026-09-10T01:07:37,108.06,43.4
2026-09-10T01:07:38,108.49,43.83
2026-09-10T01:07:39,108.3,43.64
2026-09-10T01:07:40,108.01,43.35
2026-09-10T01:07:41,107.89,43.23
2026-09-10T01:07:42,108.0,43.35
2026-09-10T01:07:43,108.26,43.6
2026-09-10T01:07:44,108.69,44.02
2026-09-10T01:07:45,108.08,43.42
2026-09-10T01:07:46,108.33,43.67
2026-09-10T01:07:47,108.13,43.47
2026-09-10T01:07:48,107.95,43.29
2026-09-10T01:07:49,107.77,43.11
2026-09-10T01:07:50,108.07,43.41
2026-09-10T01:07:51,108.13,43.47
2026-09-10T01:07:52,107.86,43.2
2026-09-10T01:07:53,108.32,43.66
2026-09-10T01:07:54,108.58,43.92
2026-09-10T01:07:55,108.05,43.39
2026-09-10T01:07:56,108.0,43.34
2026-09-10T01:07:57,108.06,43.4
2026-09-10T01:07:58,108.05,43.39
2026-09-10T01:07:59,108.52,43.86
2026-09-10T01:08:00,108.31,43.64
2026-09-10T01:08:01,108.36,43.7
2026-09-10T01:08:02,107.87,43.21
2026-09-10T01:08:03,108.08,43.42
2026-09-10T01:08:04,108.55,43.89
2026-09-10T01:08:05,108.11,43.45
2026-09-10T01:08:06,108.12,43.46
2026-09-10T01:08:07,107.91,43.25
2026-09-10T01:08:08,107.65,43.0
2026-09-10T01:08:09,108.11,43.45
2026-09-10T01:08:10,108.16,43.5
2026-09-10T01:08:11,108.12,43.46
2026-09-10T01:08:12,107.87,43.22
2026-09-10T01:08:13,108.44,43.77
2026-09-10T01:08:14,108.39,43.73
2026-09-10T01:08:15,108.06,43.4
2026-09-10T01:08:16,108.4,43.73
2026-09-10T01:08:17,107.87,43.21
2026-09-10T01:08:18,107.97,43.31
2026-09-10T01:08:19,108.53,43.87
2026-09-10T01:08:20,107.81,43.16
2026-09-10T01:08:21,107.91,43.25
2026-09-10T01:08:22,108.22,43.55
2026-09-10T01:08:23,107.82,43.16
2026-09-10T01:08:24,108.1,43.44
2026-09-10T01:08:25,108.33,43.67
2026-09-10T01:08:26,108.14,43.48
2026-09-10T01:08:27,107.97,43.31
2026-09-10T01:08:28,108.56,43.89
2026-09-10T01:08:29,107.99,43.33
2026-09-10T01:08:30,107.75,43.1
2026-09-10T01:08:31,107.64,42.98
2026-09-10T01:08:32,108.26,43.6
2026-09-10T01:08:33,108.43,43.77
2026-09-10T01:08:34,108.19,43.53
2026-09-10T01:08:35,108.44,43.77
2026-09-10T01:08:36,108.06,43.4
2026-09-10T01:08:37,108.45,43.79
2026-09-10T01:08:38,107.97,43.31
2026-09-10T01:08:39,107.71,43.05
2026-09-10T01:08:40,108.21,43.55
2026-09-10T01:08:41,107.73,43.08
2026-09-10T01:08:42,108.4,43.73
2026-09-10T01:08:43,108.45,43.78
2026-09-10T01:08:44,107.91,43.25
2026-09-10T01:08:45,108.31,43.65
2026-09-10T01:08:46,108.31,43.64
2026-09-10T01:08:47,108.34,43.68
2026-09-10T01:08:48,108.53,43.87
2026-09-10T01:08:49,108.26,43.59
2026-09-10T01:08:50,108.52,43.85
2026-09-10T01:08:51,108.45,43.79
2026-09-10T01:08:52,108.12,43.46
2026-09-10T01:08:53,108.36,43.69
2026-09-10T01:08:54,108.14,43.48
2026-09-10T01:08:55,109.14,44.46
2026-09-10T01:08:56,108.13,43.47
2026-09-10T01:08:57,108.2,43.54
2026-09-10T01:08:58,108.16,43.5
2026-09-10T01:08:59,108.07,43.41
2026-09-10T01:09:00,108.37,43.7
2026-09-10T01:09:01,108.24,43.57
2026-09-10T01:09:02,108.16,43.5
2026-09-10T01:09:03,107.75,43.09
2026-09-10T01:09:04,108.3,43.63
2026-09-10T01:09:05,108.43,43.76
2026-09-10T01:09:06,108.6,43.94
2026-09-10T01:09:07,108.12,43.46
2026-09-10T01:09:08,108.02,43.36
2026-09-10T01:09:09,108.26,43.6
2026-09-10T01:09:10,107.7,43.05
2026-09-10T01:09:11,107.96,43.3
2026-09-10T01:09:12,107.85,43.2
2026-09-10T01:09:13,108.08,43.42
2026-09-10T01:09:14,108.82,44.15
2026-09-10T01:09:15,107.91,43.25
2026-09-10T01:09:16,107.72,43.07
2026-09-10T01:09:17,107.96,43.31
2026-09-10T01:09:18,108.11,43.45
2026-09-10T01:09:19,107.99,43.33
2026-09-10T01:09:20,108.15,43.49
2026-09-10T01:09:21,108.05,43.39
2026-09-10T01:09:22,107.97,43.31
2026-09-10T01:09:23,108.72,44.05
2026-09-10T01:09:24,107.94,43.29
2026-09-10T01:09:25,107.87,43.21
2026-09-10T01:09:26,108.0,43.34
2026-09-10T01:09:27,108.0,43.34
2026-09-10T01:09:28,108.57,43.9
2026-09-10T01:09:29,110.68,45.98
2026-09-10T01:09:30,108.41,43.75
2026-09-10T01:09:31,107.97,43.31
2026-09-10T01:09:32,108.31,43.64
2026-09-10T01:09:33,108.26,43.59
2026-09-10T01:09:34,108.24,43.57
2026-09-10T01:09:35,108.17,43.51
2026-09-10T01:09:36,108.58,43.91
2026-09-10T01:09:37,108.96,44.29
2026-09-10T01:09:38,108.11,43.45
2026-09-10T01:09:39,107.87,43.21
2026-09-10T01:09:40,107.9,43.24
2026-09-10T01:09:41,108.24,43.58
2026-09-10T01:09:42,108.38,43.71
2026-09-10T01:09:43,108.3,43.64
2026-09-10T01:09:44,108.14,43.48
2026-09-10T01:09:45,108.49,43.83
2026-09-10T01:09:46,108.24,43.58
2026-09-10T01:09:47,107.96,43.31
2026-09-10T01:09:48,107.97,43.31
2026-09-10T01:09:49,108.04,43.38
2026-09-10T01:09:50,108.07,43.41
2026-09-10T01:09:51,108.55,43.88
2026-09-10T01:09:52,108.04,43.39
2026-09-10T01:09:53,108.02,43.36
2026-09-10T01:09:54,108.37,43.7
2026-09-10T01:09:55,108.4,43.73
2026-09-10T01:09:56,108.13,43.47
2026-09-10T01:09:57,108.72,44.05
2026-09-10T01:09:58,108.33,43.67
2026-09-10T01:09:59,108.2,43.54
2026-09-10T01:10:00,108.48,43.81
2026-09-10T01:10:01,107.75,43.1
2026-09-10T01:10:02,108.17,43.51
2026-09-10T01:10:03,108.35,43.68
2026-09-10T01:10:04,108.49,43.82
2026-09-10T01:10:05,108.04,43.38
2026-09-10T01:10:06,108.38,43.71
2026-09-10T01:10:07,107.9,43.25
2026-09-10T01:10:08,107.83,43.17
2026-09-10T01:10:09,108.09,43.43
2026-09-10T01:10:10,108.28,43.62
2026-09-10T01:10:11,108.18,43.51
2026-09-10T01:10:12,108.45,43.79
2026-09-10T01:10:13,108.54,43.88
2026-09-10T01:10:14,107.81,43.15
2026-09-10T01:10:15,108.07,43.41
2026-09-10T01:10:16,107.99,43.33
2026-09-10T01:10:17,107.98,43.33
2026-09-10T01:10:18,108.4,43.74
2026-09-10T01:10:19,107.95,43.29
2026-09-10T01:10:20,108.56,43.89
2026-09-10T01:10:21,107.95,43.29
2026-09-10T01:10:22,108.25,43.59
2026-09-10T01:10:23,108.45,43.79
2026-09-10T01:10:24,107.83,43.17
2026-09-10T01:10:25,108.08,43.42
2026-09-10T01:10:26,108.27,43.6
2026-09-10T01:10:27,108.11,43.45
2026-09-10T01:10:28,107.97,43.31
2026-09-10T01:10:29,107.75,43.1
2026-09-10T01:10:30,108.07,43.41
2026-09-10T01:10:31,108.29,43.63
2026-09-10T01:10:32,108.45,43.78
2026-09-10T01:10:33,108.63,43.96
2026-09-10T01:10:34,107.79,43.14
2026-09-10T01:10:35,108.34,43.67
2026-09-10T01:10:36,108.02,43.36
2026-09-10T01:10:37,108.5,43.83
2026-09-10T01:10:38,107.81,43.15
2026-09-10T01:10:39,108.02,43.36
2026-09-10T01:10:40,107.9,43.25
2026-09-10T01:10:41,108.48,43.82
2026-09-10T01:10:42,108.35,43.69
2026-09-10T01:10:43,108.37,43.71
2026-09-10T01:10:44,108.2,43.54
2026-09-10T01:10:45,108.63,43.96
2026-09-10T01:10:46,108.82,44.15
2026-09-10T01:10:47,108.25,43.59
2026-09-10T01:10:48,108.26,43.6
2026-09-10T01:10:49,108.24,43.58
2026-09-10T01:10:50,108.63,43.96
2026-09-10T01:10:51,108.32,43.66
2026-09-10T01:10:52,108.68,44.01
2026-09-10T01:10:53,108.35,43.69
2026-09-10T01:10:54,108.15,43.49
2026-09-10T01:10:55,109.08,44.4
2026-09-10T01:10:56,108.94,44.27
2026-09-10T01:10:57,108.1,43.44
2026-09-10T01:10:58,108.82,44.15
2026-09-10T01:10:59,108.48,43.82
2026-09-10T01:11:00,108.38,43.71
2026-09-10T01:11:01,108.13,43.47
2026-09-10T01:11:02,108.18,43.52
2026-09-10T01:11:03,108.06,43.4
2026-09-10T01:11:04,108.42,43.76
2026-09-10T01:11:05,108.23,43.56
2026-09-10T01:11:06,108.33,43.67
2026-09-10T01:11:07,108.15,43.49
2026-09-10T01:11:08,108.67,44.0
2026-09-10T01:11:09,108.29,43.63
2026-09-10T01:11:10,108.05,43.39
2026-09-10T01:11:11,108.1,43.44
2026-09-10T01:11:12,108.45,43.79
2026-09-10T01:11:13,108.42,43.76
2026-09-10T01:11:14,107.89,43.23
2026-09-10T01:11:15,107.69,43.04
2026-09-10T01:11:16,108.43,43.76
2026-09-10T01:11:17,108.66,43.99
2026-09-10T01:11:18,108.26,43.59
2026-09-10T01:11:19,107.94,43.29
2026-09-10T01:11:20,108.12,43.46
2026-09-10T01:11:21,108.76,44.09
2026-09-10T01:11:22,108.59,43.93
2026-09-10T01:11:23,107.96,43.3
2026-09-10T01:11:24,107.82,43.17
2026-09-10T01:11:25,109.08,44.41
2026-09-10T01:11:26,108.97,44.3
2026-09-10T01:11:27,108.01,43.35
2026-09-10T01:11:28,108.21,43.55
2026-09-10T01:11:29,107.75,43.1
2026-09-10T01:11:30,108.06,43.4
2026-09-10T01:11:31,107.8,43.15
2026-09-10T01:11:32,108.08,43.42
2026-09-10T01:11:33,108.16,43.5
2026-09-10T01:11:34,108.02,43.36
2026-09-10T01:11:35,107.66,43.01
2026-09-10T01:11:36,107.99,43.34
2026-09-10T01:11:37,108.03,43.37
2026-09-10T01:11:38,108.09,43.43
2026-09-10T01:11:39,108.31,43.64
2026-09-10T01:11:40,107.61,42.96
2026-09-10T01:11:41,108.11,43.45
2026-09-10T01:11:42,107.93,43.27
2026-09-10T01:11:43,107.79,43.14
2026-09-10T01:11:44,108.02,43.36
2026-09-10T01:11:45,108.15,43.49
2026-09-10T01:11:46,108.53,43.86
2026-09-10T01:11:47,107.67,43.01
2026-09-10T01:11:48,107.65,42.99
2026-09-10T01:11:49,107.87,43.22
2026-09-10T01:11:50,108.3,43.64
2026-09-10T01:11:51,108.42,43.75
2026-09-10T01:11:52,108.31,43.65
2026-09-10T01:11:53,107.82,43.16
2026-09-10T01:11:54,108.49,43.83
2026-09-10T01:11:55,108.12,43.46
2026-09-10T01:11:56,108.48,43.81
2026-09-10T01:11:57,108.13,43.47
2026-09-10T01:11:58,107.71,43.06
2026-09-10T01:11:59,108.38,43.71
2026-09-10T01:12:00,107.72,43.07
2026-09-10T01:12:01,108.08,43.42
2026-09-10T01:12:02,108.19,43.53
2026-09-10T01:12:03,108.42,43.75
2026-09-10T01:12:04,108.55,43.89
2026-09-10T01:12:05,107.77,43.11
2026-09-10T01:12:06,108.02,43.36
2026-09-10T01:12:07,108.56,43.89
2026-09-10T01:12:08,108.21,43.55
2026-09-10T01:12:09,108.02,43.37
2026-09-10T01:12:10,108.0,43.35
2026-09-10T01:12:11,108.07,43.42
2026-09-10T01:12:12,107.61,42.96
2026-09-10T01:12:13,108.42,43.76
2026-09-10T01:12:14,108.22,43.56
2026-09-10T01:12:15,107.78,43.13
2026-09-10T01:12:16,108.47,43.8
2026-09-10T01:12:17,108.33,43.66
2026-09-10T01:12:18,107.91,43.25
2026-09-10T01:12:19,107.8,43.14
2026-09-10T01:12:20,108.16,43.5
2026-09-10T01:12:21,108.41,43.75
2026-09-10T01:12:22,108.15,43.49
2026-09-10T01:12:23,107.92,43.27
2026-09-10T01:12:24,108.09,43.43
2026-09-10T01:12:25,108.46,43.8
2026-09-10T01:12:26,108.42,43.75
2026-09-10T01:12:27,108.17,43.51
2026-09-10T01:12:28,108.51,43.85
2026-09-10T01:12:29,108.35,43.68
2026-09-10T01:12:30,107.7,43.04
2026-09-10T01:12:31,108.18,43.52
2026-09-10T01:12:32,108.23,43.56
2026-09-10T01:12:33,107.93,43.27
2026-09-10T01:12:34,108.25,43.59
2026-09-10T01:12:35,108.34,43.68
2026-09-10T01:12:36,108.2,43.54
2026-09-10T01:12:37,108.37,43.71
2026-09-10T01:12:38,108.13,43.47
2026-09-10T01:12:39,108.73,44.06
2026-09-10T01:12:40,107.75,43.1
2026-09-10T01:12:41,107.72,43.07
2026-09-10T01:12:42,108.22,43.56
2026-09-10T01:12:43,108.17,43.51
2026-09-10T01:12:44,107.88,43.22
2026-09-10T01:12:45,108.13,43.47
2026-09-10T01:12:46,108.2,43.54
2026-09-10T01:12:47,107.98,43.33
2026-09-10T01:12:48,108.57,43.91
2026-09-10T01:12:49,107.77,43.12
2026-09-10T01:12:50,107.8,43.15
2026-09-10T01:12:51,108.1,43.44
2026-09-10T01:12:52,108.17,43.51
2026-09-10T01:12:53,108.59,43.92
2026-09-10T01:12:54,108.28,43.62
2026-09-10T01:12:55,107.86,43.21
2026-09-10T01:12:56,108.37,43.71
2026-09-10T01:12:57,108.84,44.17
2026-09-10T01:12:58,107.89,43.23
2026-09-10T01:12:59,108.01,43.35
2026-09-10T01:13:00,108.13,43.47
2026-09-10T01:13:01,108.46,43.79
2026-09-10T01:13:02,108.34,43.67
2026-09-10T01:13:03,108.34,43.68
2026-09-10T01:13:04,108.46,43.8
2026-09-10T01:13:05,108.24,43.58
2026-09-10T01:13:06,108.16,43.5
2026-09-10T01:13:07,107.9,43.24
2026-09-10T01:13:08,108.45,43.78
2026-09-10T01:13:09,108.36,43.7
2026-09-10T01:13:10,108.39,43.73
2026-09-10T01:13:11,108.38,43.72
2026-09-10T01:13:12,108.62,43.95
2026-09-10T01:13:13,108.67,44.0
2026-09-10T01:13:14,108.65,43.98
2026-09-10T01:13:15,108.65,43.99
2026-09-10T01:13:16,108.41,43.75
2026-09-10T01:13:17,107.97,43.31
2026-09-10T01:13:18,108.36,43.69
2026-09-10T01:13:19,108.99,44.32
2026-09-10T01:13:20,108.71,44.04
2026-09-10T01:13:21,108.44,43.78
2026-09-10T01:13:22,107.98,43.32
2026-09-10T01:13:23,109.17,44.49
2026-09-10T01:13:24,109.42,44.74
2026-09-10T01:13:25,108.58,43.91
2026-09-10T01:13:26,108.49,43.82
2026-09-10T01:13:27,108.7,44.03
2026-09-10T01:13:28,108.24,43.58
2026-09-10T01:13:29,108.39,43.73
2026-09-10T01:13:30,108.51,43.85
2026-09-10T01:13:31,107.78,43.12
2026-09-10T01:13:32,109.01,44.34
2026-09-10T01:13:33,108.23,43.56
2026-09-10T01:13:34,108.66,43.99
2026-09-10T01:13:35,108.58,43.91
2026-09-10T01:13:36,108.8,44.13
2026-09-10T01:13:37,108.67,44.01
2026-09-10T01:13:38,108.17,43.51
2026-09-10T01:13:39,108.1,43.44
2026-09-10T01:13:40,108.55,43.88
2026-09-10T01:13:41,108.2,43.54
2026-09-10T01:13:42,108.46,43.79
2026-09-10T01:13:43,107.78,43.12
2026-09-10T01:13:44,108.27,43.61
2026-09-10T01:13:45,108.56,43.89
2026-09-10T01:13:46,108.35,43.69
2026-09-10T01:13:47,107.6,42.95
2026-09-10T01:13:48,108.21,43.55
2026-09-10T01:13:49,107.94,43.28
2026-09-10T01:13:50,108.48,43.82
2026-09-10T01:13:51,107.83,43.17
2026-09-10T01:13:52,108.31,43.65
2026-09-10T01:13:53,108.26,43.6
2026-09-10T01:13:54,107.79,43.14
2026-09-10T01:13:55,108.47,43.81
2026-09-10T01:13:56,108.17,43.51
2026-09-10T01:13:57,108.11,43.45
2026-09-10T01:13:58,108.66,43.99
2026-09-10T01:13:59,108.4,43.73
2026-09-10T01:14:00,107.32,42.67
2026-09-10T01:14:01,108.28,43.61
2026-09-10T01:14:02,108.1,43.44
2026-09-10T01:14:03,107.8,43.15
2026-09-10T01:14:04,108.63,43.96
2026-09-10T01:14:05,107.73,43.07
2026-09-10T01:14:06,108.09,43.43
2026-09-10T01:14:07,107.8,43.15
2026-09-10T01:14:08,108.46,43.8
2026-09-10T01:14:09,108.28,43.62
2026-09-10T01:14:10,107.76,43.1
2026-09-10T01:14:11,107.72,43.07
2026-09-10T01:14:12,108.0,43.34
2026-09-10T01:14:13,108.68,44.01
2026-09-10T01:14:14,108.26,43.6
2026-09-10T01:14:15,108.01,43.35
2026-09-10T01:14:16,107.83,43.18
2026-09-10T01:14:17,108.45,43.79
2026-09-10T01:14:18,108.54,43.88
2026-09-10T01:14:19,108.13,43.47
2026-09-10T01:14:20,108.18,43.51
2026-09-10T01:14:21,108.69,44.02
2026-09-10T01:14:22,107.99,43.33
2026-09-10T01:14:23,108.46,43.79
2026-09-10T01:14:24,108.02,43.36
2026-09-10T01:14:25,107.33,42.68
2026-09-10T01:14:26,108.98,44.31
2026-09-10T01:14:27,108.33,43.67
2026-09-10T01:14:28,107.76,43.1
2026-09-10T01:14:29,109.1,44.43
2026-09-10T01:14:30,110.49,45.79
2026-09-10T01:14:31,107.97,43.32
2026-09-10T01:14:32,107.97,43.31
2026-09-10T01:14:33,107.82,43.16
2026-09-10T01:14:34,108.16,43.5
2026-09-10T01:14:35,108.24,43.58
2026-09-10T01:14:36,108.46,43.79
2026-09-10T01:14:37,108.3,43.63
2026-09-10T01:14:38,108.19,43.53
2026-09-10T01:14:39,108.26,43.6
2026-09-10T01:14:40,108.33,43.67
2026-09-10T01:14:41,108.28,43.61
2026-09-10T01:14:42,108.02,43.36
2026-09-10T01:14:43,107.87,43.21
2026-09-10T01:14:44,108.21,43.55
2026-09-10T01:14:45,107.63,42.98
2026-09-10T01:14:46,107.89,43.23
2026-09-10T01:14:47,107.94,43.28
2026-09-10T01:14:48,108.01,43.35
2026-09-10T01:14:49,108.35,43.69
2026-09-10T01:14:50,108.59,43.92
2026-09-10T01:14:51,108.57,43.9
2026-09-10T01:14:52,108.33,43.66
2026-09-10T01:14:53,108.32,43.66
2026-09-10T01:14:54,108.13,43.47
2026-09-10T01:14:55,107.92,43.26
2026-09-10T01:14:56,107.94,43.29
2026-09-10T01:14:57,108.44,43.78
2026-09-10T01:14:58,107.93,43.28
2026-09-10T01:14:59,108.13,43.47
2026-09-10T01:15:00,108.2,43.54
2026-09-10T01:15:01,107.93,43.27
2026-09-10T01:15:02,108.08,43.42
2026-09-10T01:15:03,108.9,44.23
2026-09-10T01:15:04,109.28,44.61
2026-09-10T01:15:05,110.54,45.85
2026-09-10T01:15:06,111.9,47.19
2026-09-10T01:15:07,114.06,49.31
2026-09-10T01:15:08,109.38,44.7
2026-09-10T01:15:09,108.66,43.99
2026-09-10T01:15:10,108.15,43.49
2026-09-10T01:15:11,107.98,43.32
2026-09-10T01:15:12,107.91,43.25
2026-09-10T01:15:13,107.91,43.25
2026-09-10T01:15:14,108.52,43.86
2026-09-10T01:15:15,107.95,43.29
2026-09-10T01:15:16,108.2,43.54
2026-09-10T01:15:17,108.05,43.39
2026-09-10T01:15:18,107.77,43.11
2026-09-10T01:15:19,108.28,43.61
2026-09-10T01:15:20,108.6,43.93
2026-09-10T01:15:21,108.26,43.59
2026-09-10T01:15:22,107.7,43.04
2026-09-10T01:15:23,108.44,43.77
2026-09-10T01:15:24,108.45,43.78
2026-09-10T01:15:25,107.64,42.99
2026-09-10T01:15:26,108.02,43.36
2026-09-10T01:15:27,108.36,43.7
2026-09-10T01:15:28,107.84,43.18
2026-09-10T01:15:29,108.15,43.49
2026-09-10T01:15:30,108.18,43.52
2026-09-10T01:15:31,108.49,43.83
2026-09-10T01:15:32,108.21,43.55
2026-09-10T01:15:33,108.45,43.78
2026-09-10T01:15:34,108.07,43.41
2026-09-10T01:15:35,108.52,43.86
2026-09-10T01:15:36,108.07,43.41
2026-09-10T01:15:37,108.58,43.91
2026-09-10T01:15:38,108.25,43.59
2026-09-10T01:15:39,108.02,43.36
2026-09-10T01:15:40,108.29,43.63
2026-09-10T01:15:41,107.87,43.22
2026-09-10T01:15:42,107.78,43.13
2026-09-10T01:15:43,107.85,43.19
2026-09-10T01:15:44,108.02,43.36
2026-09-10T01:15:45,108.1,43.44
2026-09-10T01:15:46,108.66,43.99
2026-09-10T01:15:47,108.0,43.34
2026-09-10T01:15:48,108.17,43.51
2026-09-10T01:15:49,107.88,43.22
2026-09-10T01:15:50,107.72,43.07
2026-09-10T01:15:51,108.37,43.71
2026-09-10T01:15:52,108.22,43.56
2026-09-10T01:15:53,107.82,43.16
2026-09-10T01:15:54,108.14,43.48
2026-09-10T01:15:55,108.35,43.69
2026-09-10T01:15:56,108.38,43.72
2026-09-10T01:15:57,108.14,43.48
2026-09-10T01:15:58,108.02,43.36
2026-09-10T01:15:59,108.43,43.76
2026-09-10T01:16:00,108.13,43.47
2026-09-10T01:16:01,108.17,43.5
2026-09-10T01:16:02,107.93,43.27
2026-09-10T01:16:03,107.84,43.18
2026-09-10T01:16:04,108.31,43.65
2026-09-10T01:16:05,108.02,43.36
2026-09-10T01:16:06,107.76,43.1
2026-09-10T01:16:07,107.93,43.27
2026-09-10T01:16:08,107.97,43.31
2026-09-10T01:16:09,108.49,43.83
2026-09-10T01:16:10,108.43,43.77
2026-09-10T01:16:11,108.03,43.38
2026-09-10T01:16:12,108.02,43.36
2026-09-10T01:16:13,108.12,43.46
2026-09-10T01:16:14,108.13,43.47
2026-09-10T01:16:15,108.53,43.87
2026-09-10T01:16:16,108.51,43.84
2026-09-10T01:16:17,108.88,44.21
2026-09-10T01:16:18,108.24,43.57
2026-09-10T01:16:19,108.43,43.77
2026-09-10T01:16:20,107.86,43.2
2026-09-10T01:16:21,108.51,43.84
2026-09-10T01:16:22,108.38,43.71
2026-09-10T01:16:23,107.77,43.12
2026-09-10T01:16:24,108.33,43.67
2026-09-10T01:16:25,108.19,43.53
2026-09-10T01:16:26,108.11,43.45
2026-09-10T01:16:27,108.38,43.72
2026-09-10T01:16:28,108.08,43.42
2026-09-10T01:16:29,108.81,44.14
2026-09-10T01:16:30,108.17,43.51
2026-09-10T01:16:31,108.21,43.55
2026-09-10T01:16:32,108.15,43.49
2026-09-10T01:16:33,108.75,44.08
2026-09-10T01:16:34,107.97,43.31
2026-09-10T01:16:35,108.09,43.43
2026-09-10T01:16:36,107.92,43.26
2026-09-10T01:16:37,108.19,43.53
2026-09-10T01:16:38,107.96,43.3
2026-09-10T01:16:39,108.34,43.67
2026-09-10T01:16:40,107.94,43.28
2026-09-10T01:16:41,108.63,43.97
2026-09-10T01:16:42,108.14,43.48
2026-09-10T01:16:43,108.14,43.48
2026-09-10T01:16:44,108.85,44.18
2026-09-10T01:16:45,108.27,43.61
2026-09-10T01:16:46,108.3,43.64
2026-09-10T01:16:47,108.06,43.4
2026-09-10T01:16:48,108.68,44.01
2026-09-10T01:16:49,108.22,43.56
2026-09-10T01:16:50,108.07,43.41
2026-09-10T01:16:51,107.66,43.01
2026-09-10T01:16:52,108.12,43.46
2026-09-10T01:16:53,108.68,44.01
2026-09-10T01:16:54,107.53,42.87
2026-09-10T01:16:55,108.25,43.59
2026-09-10T01:16:56,108.08,43.42
2026-09-10T01:16:57,108.54,43.87
2026-09-10T01:16:58,108.14,43.48
2026-09-10T01:16:59,107.88,43.22
2026-09-10T01:17:00,107.94,43.28
2026-09-10T01:17:01,108.06,43.41
2026-09-10T01:17:02,108.05,43.39
2026-09-10T01:17:03,108.72,44.05
2026-09-10T01:17:04,108.08,43.42
2026-09-10T01:17:05,108.0,43.34
2026-09-10T01:17:06,108.63,43.96
2026-09-10T01:17:07,108.0,43.35
2026-09-10T01:17:08,107.92,43.26
2026-09-10T01:17:09,108.28,43.62
2026-09-10T01:17:10,108.43,43.77
2026-09-10T01:17:11,108.2,43.54
2026-09-10T01:17:12,107.67,43.02
2026-09-10T01:17:13,108.39,43.73
2026-09-10T01:17:14,108.74,44.07
2026-09-10T01:17:15,108.51,43.84
2026-09-10T01:17:16,107.8,43.15
2026-09-10T01:17:17,108.06,43.4
2026-09-10T01:17:18,107.7,43.05
2026-09-10T01:17:19,108.74,44.07
2026-09-10T01:17:20,108.15,43.49
2026-09-10T01:17:21,108.26,43.6
2026-09-10T01:17:22,107.91,43.26
2026-09-10T01:17:23,108.83,44.16
2026-09-10T01:17:24,108.53,43.87
2026-09-10T01:17:25,107.74,43.08
2026-09-10T01:17:26,107.86,43.21
2026-09-10T01:17:27,108.42,43.75
2026-09-10T01:17:28,108.08,43.42
2026-09-10T01:17:29,107.99,43.33
2026-09-10T01:17:30,108.28,43.62
2026-09-10T01:17:31,108.54,43.87
2026-09-10T01:17:32,108.57,43.9
2026-09-10T01:17:33,108.34,43.67
2026-09-10T01:17:34,108.12,43.46
2026-09-10T01:17:35,108.02,43.37
2026-09-10T01:17:36,108.64,43.97
2026-09-10T01:17:37,108.65,43.98
2026-09-10T01:17:38,108.22,43.56
2026-09-10T01:17:39,108.58,43.91
2026-09-10T01:17:40,109.14,44.46
2026-09-10T01:17:41,109.35,44.68
2026-09-10T01:17:42,109.22,44.55
2026-09-10T01:17:43,109.8,45.11
2026-09-10T01:17:44,110.31,45.62
2026-09-10T01:17:45,110.82,46.12
2026-09-10T01:17:46,109.2,44.52
2026-09-10T01:17:47,108.96,44.29
2026-09-10T01:17:48,109.06,44.39
2026-09-10T01:17:49,109.3,44.63
2026-09-10T01:17:50,108.32,43.66
2026-09-10T01:17:51,108.49,43.82
2026-09-10T01:17:52,108.52,43.85
2026-09-10T01:17:53,108.89,44.22
2026-09-10T01:17:54,108.26,43.59
2026-09-10T01:17:55,108.0,43.34
2026-09-10T01:17:56,108.44,43.77
2026-09-10T01:17:57,108.7,44.03
2026-09-10T01:17:58,108.35,43.69
2026-09-10T01:17:59,108.35,43.69
2026-09-10T01:18:00,108.27,43.6
2026-09-10T01:18:01,108.21,43.55
2026-09-10T01:18:02,108.44,43.78
2026-09-10T01:18:03,108.06,43.4
2026-09-10T01:18:04,108.32,43.65
2026-09-10T01:18:05,108.09,43.43
2026-09-10T01:18:06,107.93,43.28
2026-09-10T01:18:07,107.72,43.07
2026-09-10T01:18:08,108.78,44.11
2026-09-10T01:18:09,107.96,43.3
2026-09-10T01:18:10,108.23,43.57
2026-09-10T01:18:11,108.44,43.78
2026-09-10T01:18:12,108.06,43.4
2026-09-10T01:18:13,107.95,43.29
2026-09-10T01:18:14,108.34,43.68
2026-09-10T01:18:15,108.45,43.79
2026-09-10T01:18:16,107.93,43.27
2026-09-10T01:18:17,108.07,43.41
2026-09-10T01:18:18,108.56,43.89
2026-09-10T01:18:19,107.8,43.15
2026-09-10T01:18:20,108.27,43.61
2026-09-10T01:18:21,108.09,43.43
2026-09-10T01:18:22,108.55,43.88
2026-09-10T01:18:23,108.27,43.61
2026-09-10T01:18:24,108.25,43.59
2026-09-10T01:18:25,108.28,43.62
2026-09-10T01:18:26,107.89,43.23
2026-09-10T01:18:27,108.06,43.4
2026-09-10T01:18:28,107.98,43.32
2026-09-10T01:18:29,108.63,43.96
2026-09-10T01:18:30,107.83,43.18
2026-09-10T01:18:31,107.91,43.25
2026-09-10T01:18:32,108.19,43.52
2026-09-10T01:18:33,108.15,43.49
2026-09-10T01:18:34,108.34,43.68
2026-09-10T01:18:35,108.19,43.53
2026-09-10T01:18:36,107.88,43.22
2026-09-10T01:18:37,108.16,43.5
2026-09-10T01:18:38,107.89,43.23
2026-09-10T01:18:39,107.88,43.23
2026-09-10T01:18:40,108.26,43.6
2026-09-10T01:18:41,108.12,43.46
2026-09-10T01:18:42,108.09,43.43
2026-09-10T01:18:43,108.22,43.56
2026-09-10T01:18:44,108.1,43.44
2026-09-10T01:18:45,107.8,43.15
2026-09-10T01:18:46,107.7,43.05
2026-09-10T01:18:47,108.39,43.73
2026-09-10T01:18:48,107.94,43.28
2026-09-10T01:18:49,108.45,43.79
2026-09-10T01:18:50,107.99,43.33
2026-09-10T01:18:51,108.13,43.47
2026-09-10T01:18:52,107.92,43.26
2026-09-10T01:18:53,107.87,43.22
2026-09-10T01:18:54,108.56,43.89
2026-09-10T01:18:55,108.07,43.41
2026-09-10T01:18:56,107.96,43.3
2026-09-10T01:18:57,108.4,43.74
2026-09-10T01:18:58,107.93,43.28
2026-09-10T01:18:59,107.89,43.24
2026-09-10T01:19:00,108.12,43.46
2026-09-10T01:19:01,107.96,43.3
2026-09-10T01:19:02,108.05,43.39
2026-09-10T01:19:03,107.99,43.33
2026-09-10T01:19:04,107.7,43.05
2026-09-10T01:19:05,108.29,43.63
2026-09-10T01:19:06,108.13,43.47
2026-09-10T01:19:07,107.92,43.26
2026-09-10T01:19:08,108.34,43.68
2026-09-10T01:19:09,108.52,43.86
2026-09-10T01:19:10,108.28,43.62
2026-09-10T01:19:11,107.94,43.29
2026-09-10T01:19:12,108.55,43.88
2026-09-10T01:19:13,108.27,43.61
2026-09-10T01:19:14,107.77,43.11
2026-09-10T01:19:15,108.25,43.59
2026-09-10T01:19:16,107.8,43.14
2026-09-10T01:19:17,108.01,43.35
2026-09-10T01:19:18,108.31,43.64
2026-09-10T01:19:19,108.22,43.56
2026-09-10T01:19:20,108.33,43.66
2026-09-10T01:19:21,108.1,43.44
2026-09-10T01:19:22,108.39,43.72
2026-09-10T01:19:23,107.95,43.29
2026-09-10T01:19:24,108.43,43.76
2026-09-10T01:19:25,108.41,43.74
2026-09-10T01:19:26,107.82,43.17
2026-09-10T01:19:27,108.17,43.51
2026-09-10T01:19:28,107.92,43.26
2026-09-10T01:19:29,108.24,43.58
2026-09-10T01:19:30,109.64,44.96
2026-09-10T01:19:31,109.08,44.4
2026-09-10T01:19:32,107.93,43.27
2026-09-10T01:19:33,108.84,44.17
2026-09-10T01:19:34,108.3,43.64
2026-09-10T01:19:35,108.19,43.53
2026-09-10T01:19:36,108.46,43.8
2026-09-10T01:19:37,107.83,43.18
2026-09-10T01:19:38,108.21,43.55
2026-09-10T01:19:39,108.18,43.52
2026-09-10T01:19:40,108.11,43.45
2026-09-10T01:19:41,108.24,43.58
2026-09-10T01:19:42,108.33,43.67
2026-09-10T01:19:43,108.23,43.56
2026-09-10T01:19:44,108.33,43.67
2026-09-10T01:19:45,108.23,43.57
2026-09-10T01:19:46,108.53,43.87
2026-09-10T01:19:47,108.33,43.67
2026-09-10T01:19:48,107.59,42.94
2026-09-10T01:19:49,108.1,43.44
2026-09-10T01:19:50,108.12,43.46
2026-09-10T01:19:51,108.25,43.59
2026-09-10T01:19:52,108.02,43.36
2026-09-10T01:19:53,107.94,43.28
2026-09-10T01:19:54,107.88,43.22
2026-09-10T01:19:55,108.9,44.23
2026-09-10T01:19:56,107.96,43.31
2026-09-10T01:19:57,108.25,43.59
2026-09-10T01:19:58,108.02,43.36
2026-09-10T01:19:59,108.5,43.84
2026-09-10T01:20:00,107.78,43.12
2026-09-10T01:20:01,108.03,43.38
2026-09-10T01:20:02,108.07,43.41
2026-09-10T01:20:03,107.98,43.32
2026-09-10T01:20:04,108.12,43.46
2026-09-10T01:20:05,108.2,43.54
2026-09-10T01:20:06,108.09,43.43
2026-09-10T01:20:07,108.18,43.52
2026-09-10T01:20:08,108.22,43.55
2026-09-10T01:20:09,108.07,43.41
2026-09-10T01:20:10,108.24,43.57
2026-09-10T01:20:11,108.45,43.78
2026-09-10T01:20:12,108.51,43.84
2026-09-10T01:20:13,107.88,43.23
2026-09-10T01:20:14,107.92,43.27
2026-09-10T01:20:15,107.83,43.17
2026-09-10T01:20:16,108.56,43.89
2026-09-10T01:20:17,107.71,43.06
2026-09-10T01:20:18,108.53,43.87
2026-09-10T01:20:19,107.41,42.76
2026-09-10T01:20:20,108.67,44.0
2026-09-10T01:20:21,108.5,43.83
2026-09-10T01:20:22,107.74,43.09
2026-09-10T01:20:23,107.8,43.15
2026-09-10T01:20:24,108.36,43.7
2026-09-10T01:20:25,108.48,43.81
2026-09-10T01:20:26,108.4,43.74
2026-09-10T01:20:27,108.25,43.59
2026-09-10T01:20:28,107.84,43.18
2026-09-10T01:20:29,108.71,44.04
2026-09-10T01:20:30,107.98,43.32
2026-09-10T01:20:31,107.89,43.23
2026-09-10T01:20:32,107.94,43.28
2026-09-10T01:20:33,108.28,43.62
2026-09-10T01:20:34,108.43,43.77
2026-09-10T01:20:35,108.23,43.57
2026-09-10T01:20:36,108.04,43.38
2026-09-10T01:20:37,108.28,43.61
2026-09-10T01:20:38,108.25,43.58
2026-09-10T01:20:39,108.64,43.97
2026-09-10T01:20:40,107.99,43.33
2026-09-10T01:20:41,107.64,42.99
2026-09-10T01:20:42,107.9,43.24
2026-09-10T01:20:43,108.27,43.61
2026-09-10T01:20:44,108.04,43.38
2026-09-10T01:20:45,108.21,43.55
2026-09-10T01:20:46,108.38,43.71
2026-09-10T01:20:47,108.04,43.38
2026-09-10T01:20:48,107.98,43.32
2026-09-10T01:20:49,107.84,43.18
2026-09-10T01:20:50,108.62,43.96
2026-09-10T01:20:51,108.17,43.51
2026-09-10T01:20:52,107.89,43.23
2026-09-10T01:20:53,108.16,43.5
2026-09-10T01:20:54,108.49,43.82
2026-09-10T01:20:55,108.96,44.29
2026-09-10T01:20:56,108.24,43.58
2026-09-10T01:20:57,107.84,43.19
2026-09-10T01:20:58,108.12,43.46
2026-09-10T01:20:59,108.72,44.05
2026-09-10T01:21:00,108.67,44.0
2026-09-10T01:21:01,108.2,43.54
2026-09-10T01:21:02,108.03,43.38
2026-09-10T01:21:03,108.56,43.89
2026-09-10T01:21:04,108.31,43.65
2026-09-10T01:21:05,108.38,43.71
2026-09-10T01:21:06,108.0,43.34
2026-09-10T01:21:07,108.32,43.66
2026-09-10T01:21:08,108.65,43.98
2026-09-10T01:21:09,108.02,43.36
2026-09-10T01:21:10,108.22,43.55
2026-09-10T01:21:11,108.26,43.59
2026-09-10T01:21:12,108.24,43.58
2026-09-10T01:21:13,107.62,42.97
2026-09-10T01:21:14,107.96,43.3
2026-09-10T01:21:15,108.07,43.41
2026-09-10T01:21:16,107.69,43.03
2026-09-10T01:21:17,108.63,43.97
2026-09-10T01:21:18,108.54,43.88
2026-09-10T01:21:19,107.7,43.04
2026-09-10T01:21:20,107.92,43.26
2026-09-10T01:21:21,108.67,44.0
2026-09-10T01:21:22,108.72,44.05
2026-09-10T01:21:23,108.11,43.45
2026-09-10T01:21:24,108.07,43.41
2026-09-10T01:21:25,108.25,43.59
2026-09-10T01:21:26,108.52,43.86
2026-09-10T01:21:27,108.18,43.52
2026-09-10T01:21:28,107.89,43.24
2026-09-10T01:21:29,108.31,43.65
2026-09-10T01:21:30,108.49,43.83
2026-09-10T01:21:31,107.78,43.12
2026-09-10T01:21:32,108.4,43.74
2026-09-10T01:21:33,108.43,43.76
2026-09-10T01:21:34,108.53,43.87
2026-09-10T01:21:35,108.41,43.74
2026-09-10T01:21:36,108.34,43.68
2026-09-10T01:21:37,108.28,43.61
2026-09-10T01:21:38,107.72,43.06
2026-09-10T01:21:39,107.42,42.77
2026-09-10T01:21:40,108.01,43.36
2026-09-10T01:21:41,107.86,43.21
2026-09-10T01:21:42,108.6,43.94
2026-09-10T01:21:43,108.36,43.7
2026-09-10T01:21:44,108.32,43.66
2026-09-10T01:21:45,107.66,43.01
2026-09-10T01:21:46,108.31,43.65
2026-09-10T01:21:47,108.22,43.55
2026-09-10T01:21:48,108.12,43.46
2026-09-10T01:21:49,108.25,43.59
2026-09-10T01:21:50,108.61,43.94
2026-09-10T01:21:51,108.26,43.59
2026-09-10T01:21:52,108.0,43.34
2026-09-10T01:21:53,108.26,43.6
2026-09-10T01:21:54,108.28,43.61
2026-09-10T01:21:55,108.06,43.4
2026-09-10T01:21:56,108.73,44.06
2026-09-10T01:21:57,109.4,44.73
2026-09-10T01:21:58,107.46,42.81
2026-09-10T01:21:59,107.93,43.27
2026-09-10T01:22:00,108.18,43.51
2026-09-10T01:22:01,108.58,43.91
2026-09-10T01:22:02,108.14,43.48
2026-09-10T01:22:03,107.9,43.24
2026-09-10T01:22:04,108.0,43.34
2026-09-10T01:22:05,108.51,43.84
2026-09-10T01:22:06,108.55,43.89
2026-09-10T01:22:07,108.55,43.88
2026-09-10T01:22:08,108.05,43.39
2026-09-10T01:22:09,108.83,44.16
2026-09-10T01:22:10,108.2,43.53
2026-09-10T01:22:11,108.13,43.47
2026-09-10T01:22:12,108.31,43.65
2026-09-10T01:22:13,108.23,43.57
2026-09-10T01:22:14,108.38,43.72
2026-09-10T01:22:15,108.45,43.78
2026-09-10T01:22:16,108.48,43.82
2026-09-10T01:22:17,108.37,43.7
2026-09-10T01:22:18,109.38,44.7
2026-09-10T01:22:19,109.99,45.3
2026-09-10T01:22:20,108.78,44.11
2026-09-10T01:22:21,108.7,44.03
2026-09-10T01:22:22,109.17,44.5
2026-09-10T01:22:23,108.89,44.22
2026-09-10T01:22:24,108.37,43.71
2026-09-10T01:22:25,108.51,43.84
2026-09-10T01:22:26,108.17,43.51
2026-09-10T01:22:27,109.21,44.53
2026-09-10T01:22:28,108.23,43.57
2026-09-10T01:22:29,108.03,43.37
2026-09-10T01:22:30,108.44,43.77
2026-09-10T01:22:31,108.59,43.92
2026-09-10T01:22:32,108.64,43.98
2026-09-10T01:22:33,108.13,43.47
2026-09-10T01:22:34,108.06,43.4
2026-09-10T01:22:35,108.17,43.51
2026-09-10T01:22:36,108.24,43.58
2026-09-10T01:22:37,108.21,43.55
2026-09-10T01:22:38,108.02,43.36
2026-09-10T01:22:39,108.21,43.54
2026-09-10T01:22:40,107.75,43.1
2026-09-10T01:22:41,108.61,43.94
2026-09-10T01:22:42,108.46,43.8
2026-09-10T01:22:43,108.3,43.63
2026-09-10T01:22:44,108.34,43.68
2026-09-10T01:22:45,108.18,43.52
2026-09-10T01:22:46,108.21,43.55
2026-09-10T01:22:47,108.36,43.69
2026-09-10T01:22:48,107.37,42.72
2026-09-10T01:22:49,107.96,43.3
2026-09-10T01:22:50,107.87,43.21
2026-09-10T01:22:51,107.93,43.27
2026-09-10T01:22:52,108.27,43.61
2026-09-10T01:22:53,108.03,43.37
2026-09-10T01:22:54,108.23,43.57
2026-09-10T01:22:55,107.96,43.3
2026-09-10T01:22:56,108.43,43.77
2026-09-10T01:22:57,108.13,43.47
2026-09-10T01:22:58,108.25,43.59
2026-09-10T01:22:59,108.15,43.49
2026-09-10T01:23:00,107.92,43.27
2026-09-10T01:23:01,108.72,44.06
2026-09-10T01:23:02,108.29,43.63
2026-09-10T01:23:03,109.67,44.99
2026-09-10T01:23:04,108.12,43.46
2026-09-10T01:23:05,108.03,43.37
2026-09-10T01:23:06,108.49,43.83
2026-09-10T01:23:07,108.29,43.63
2026-09-10T01:23:08,107.88,43.23
2026-09-10T01:23:09,108.14,43.48
2026-09-10T01:23:10,108.33,43.66
2026-09-10T01:23:11,108.65,43.99
2026-09-10T01:23:12,108.31,43.64
2026-09-10T01:23:13,108.25,43.58
2026-09-10T01:23:14,108.28,43.62
2026-09-10T01:23:15,108.74,44.07
2026-09-10T01:23:16,108.38,43.71
2026-09-10T01:23:17,108.08,43.42
2026-09-10T01:23:18,107.92,43.26
2026-09-10T01:23:19,108.33,43.67
2026-09-10T01:23:20,108.07,43.41
2026-09-10T01:23:21,107.79,43.13
2026-09-10T01:23:22,107.96,43.3
2026-09-10T01:23:23,108.44,43.77
2026-09-10T01:23:24,108.56,43.9
2026-09-10T01:23:25,108.16,43.5
2026-09-10T01:23:26,108.39,43.72
2026-09-10T01:23:27,108.04,43.38
2026-09-10T01:23:28,108.22,43.56
2026-09-10T01:23:29,108.16,43.5
2026-09-10T01:23:30,108.14,43.48
2026-09-10T01:23:31,108.1,43.44
2026-09-10T01:23:32,108.3,43.64
2026-09-10T01:23:33,108.05,43.39
2026-09-10T01:23:34,107.95,43.29
2026-09-10T01:23:35,107.77,43.11
2026-09-10T01:23:36,108.19,43.53
2026-09-10T01:23:37,108.14,43.48
2026-09-10T01:23:38,108.02,43.36
2026-09-10T01:23:39,107.52,42.87
2026-09-10T01:23:40,108.3,43.63
2026-09-10T01:23:41,108.0,43.34
2026-09-10T01:23:42,108.36,43.7
2026-09-10T01:23:43,107.75,43.1
2026-09-10T01:23:44,108.4,43.74
2026-09-10T01:23:45,108.65,43.98
2026-09-10T01:23:46,107.79,43.13
2026-09-10T01:23:47,108.21,43.55
2026-09-10T01:23:48,107.94,43.28
2026-09-10T01:23:49,108.63,43.97
2026-09-10T01:23:50,107.74,43.08
2026-09-10T01:23:51,108.25,43.59
2026-09-10T01:23:52,108.02,43.37
2026-09-10T01:23:53,108.07,43.41
2026-09-10T01:23:54,108.59,43.92
2026-09-10T01:23:55,108.4,43.74
2026-09-10T01:23:56,108.22,43.56
2026-09-10T01:23:57,108.08,43.42
2026-09-10T01:23:58,108.71,44.04
2026-09-10T01:23:59,108.03,43.37
2026-09-10T01:24:00,108.12,43.46
2026-09-10T01:24:01,108.66,43.99
2026-09-10T01:24:02,108.05,43.4
2026-09-10T01:24:03,108.16,43.49
2026-09-10T01:24:04,107.9,43.24
2026-09-10T01:24:05,108.05,43.4
2026-09-10T01:24:06,107.64,42.98
2026-09-10T01:24:07,108.1,43.44
2026-09-10T01:24:08,108.42,43.75
2026-09-10T01:24:09,108.12,43.46
2026-09-10T01:24:10,108.38,43.72
2026-09-10T01:24:11,108.4,43.74
2026-09-10T01:24:12,108.36,43.7
2026-09-10T01:24:13,108.36,43.7
2026-09-10T01:24:14,108.25,43.58
2026-09-10T01:24:15,107.99,43.33
2026-09-10T01:24:16,107.68,43.03
2026-09-10T01:24:17,108.76,44.09
2026-09-10T01:24:18,107.79,43.13
2026-09-10T01:24:19,108.01,43.36
2026-09-10T01:24:20,108.25,43.59
2026-09-10T01:24:21,109.04,44.36
2026-09-10T01:24:22,108.18,43.52
2026-09-10T01:24:23,109.02,44.35
2026-09-10T01:24:24,110.16,45.47
2026-09-10T01:24:25,110.85,46.15
2026-09-10T01:24:26,111.2,46.5
2026-09-10T01:24:27,111.61,46.9
2026-09-10T01:24:28,109.75,45.07
2026-09-10T01:24:29,108.4,43.74
2026-09-10T01:24:30,108.41,43.75
2026-09-10T01:24:31,110.69,45.99
2026-09-10T01:24:32,107.71,43.06
2026-09-10T01:24:33,108.23,43.57
2026-09-10T01:24:34,108.31,43.64
2026-09-10T01:24:35,108.67,44.0
2026-09-10T01:24:36,107.75,43.09
2026-09-10T01:24:37,108.2,43.54
2026-09-10T01:24:38,108.11,43.45
2026-09-10T01:24:39,109.0,44.33
2026-09-10T01:24:40,108.87,44.2
2026-09-10T01:24:41,108.76,44.09
2026-09-10T01:24:42,107.92,43.26
2026-09-10T01:24:43,108.37,43.71
2026-09-10T01:24:44,109.32,44.64
2026-09-10T01:24:45,108.0,43.34
2026-09-10T01:24:46,107.86,43.2
2026-09-10T01:24:47,108.2,43.54
2026-09-10T01:24:48,107.95,43.29
2026-09-10T01:24:49,108.04,43.38
2026-09-10T01:24:50,107.86,43.2
2026-09-10T01:24:51,107.82,43.17
2026-09-10T01:24:52,108.17,43.51
2026-09-10T01:24:53,107.92,43.27
2026-09-10T01:24:54,108.58,43.91
2026-09-10T01:24:55,108.28,43.62
2026-09-10T01:24:56,107.75,43.09
2026-09-10T01:24:57,107.66,43.01
2026-09-10T01:24:58,108.93,44.26
2026-09-10T01:24:59,107.95,43.29
2026-09-10T01:25:00,108.3,43.63
2026-09-10T01:25:01,107.94,43.28
2026-09-10T01:25:02,108.54,43.87
2026-09-10T01:25:03,108.33,43.67
2026-09-10T01:25:04,108.34,43.67
2026-09-10T01:25:05,108.55,43.88
2026-09-10T01:25:06,108.36,43.7
2026-09-10T01:25:07,108.17,43.51
2026-09-10T01:25:08,108.05,43.39
2026-09-10T01:25:09,108.01,43.35
2026-09-10T01:25:10,107.92,43.26
2026-09-10T01:25:11,108.09,43.43
2026-09-10T01:25:12,108.21,43.54
2026-09-10T01:25:13,108.12,43.46
2026-09-10T01:25:14,108.09,43.43
2026-09-10T01:25:15,107.87,43.21
2026-09-10T01:25:16,108.61,43.94
2026-09-10T01:25:17,108.12,43.46
2026-09-10T01:25:18,108.42,43.75
2026-09-10T01:25:19,108.19,43.53
2026-09-10T01:25:20,108.23,43.56
2026-09-10T01:25:21,108.81,44.14
2026-09-10T01:25:22,108.27,43.6
2026-09-10T01:25:23,108.25,43.59
2026-09-10T01:25:24,108.02,43.36
2026-09-10T01:25:25,108.55,43.88
2026-09-10T01:25:26,108.18,43.52
2026-09-10T01:25:27,107.85,43.2
2026-09-10T01:25:28,108.05,43.39
2026-09-10T01:25:29,108.5,43.83
2026-09-10T01:25:30,108.06,43.4
2026-09-10T01:25:31,108.36,43.69
2026-09-10T01:25:32,107.91,43.25
2026-09-10T01:25:33,107.78,43.12
2026-09-10T01:25:34,108.28,43.62
2026-09-10T01:25:35,108.07,43.41
2026-09-10T01:25:36,108.06,43.4
2026-09-10T01:25:37,108.3,43.64
2026-09-10T01:25:38,108.21,43.55
2026-09-10T01:25:39,108.18,43.52
2026-09-10T01:25:40,108.26,43.6
2026-09-10T01:25:41,108.13,43.47
2026-09-10T01:25:42,107.8,43.14
2026-09-10T01:25:43,108.18,43.52
2026-09-10T01:25:44,108.51,43.85
2026-09-10T01:25:45,108.1,43.44
2026-09-10T01:25:46,107.71,43.05
2026-09-10T01:25:47,107.8,43.14
2026-09-10T01:25:48,108.26,43.6
2026-09-10T01:25:49,107.86,43.21
2026-09-10T01:25:50,107.85,43.19
2026-09-10T01:25:51,108.13,43.47
2026-09-10T01:25:52,108.54,43.87
2026-09-10T01:25:53,108.2,43.54
2026-09-10T01:25:54,108.13,43.47
2026-09-10T01:25:55,108.11,43.45
2026-09-10T01:25:56,108.41,43.74
2026-09-10T01:25:57,108.72,44.06
2026-09-10T01:25:58,107.94,43.28
2026-09-10T01:25:59,108.07,43.41
2026-09-10T01:26:00,107.64,42.99
2026-09-10T01:26:01,108.37,43.71
2026-09-10T01:26:02,108.4,43.73
2026-09-10T01:26:03,108.48,43.81
2026-09-10T01:26:04,108.44,43.78
2026-09-10T01:26:05,108.2,43.54
2026-09-10T01:26:06,108.48,43.82
2026-09-10T01:26:07,108.23,43.57
2026-09-10T01:26:08,107.73,43.08
2026-09-10T01:26:09,108.68,44.01
2026-09-10T01:26:10,108.05,43.39
2026-09-10T01:26:11,107.88,43.22
2026-09-10T01:26:12,107.71,43.06
2026-09-10T01:26:13,107.74,43.08
2026-09-10T01:26:14,108.09,43.43
2026-09-10T01:26:15,107.93,43.27
2026-09-10T01:26:16,108.14,43.48
2026-09-10T01:26:17,108.02,43.36
2026-09-10T01:26:18,107.76,43.11
2026-09-10T01:26:19,107.77,43.12
2026-09-10T01:26:20,107.96,43.3
2026-09-10T01:26:21,108.17,43.51
2026-09-10T01:26:22,108.02,43.36
2026-09-10T01:26:23,107.74,43.08
2026-09-10T01:26:24,108.28,43.61
2026-09-10T01:26:25,107.8,43.14
2026-09-10T01:26:26,108.1,43.44
2026-09-10T01:26:27,108.01,43.35
2026-09-10T01:26:28,108.02,43.36
2026-09-10T01:26:29,107.86,43.21
2026-09-10T01:26:30,107.86,43.21
2026-09-10T01:26:31,108.05,43.4
2026-09-10T01:26:32,107.97,43.31
2026-09-10T01:26:33,108.2,43.54
2026-09-10T01:26:34,107.81,43.15
2026-09-10T01:26:35,107.69,43.03
2026-09-10T01:26:36,108.23,43.57
2026-09-10T01:26:37,108.4,43.73
2026-09-10T01:26:38,108.38,43.72
2026-09-10T01:26:39,108.65,43.99
2026-09-10T01:26:40,107.82,43.17
2026-09-10T01:26:41,108.23,43.57
2026-09-10T01:26:42,108.37,43.7
2026-09-10T01:26:43,108.32,43.66
2026-09-10T01:26:44,108.27,43.61
2026-09-10T01:26:45,107.78,43.12
2026-09-10T01:26:46,108.27,43.6
2026-09-10T01:26:47,107.99,43.33
2026-09-10T01:26:48,108.59,43.92
2026-09-10T01:26:49,107.98,43.32
2026-09-10T01:26:50,108.13,43.47
2026-09-10T01:26:51,108.14,43.48
2026-09-10T01:26:52,108.6,43.93
2026-09-10T01:26:53,108.2,43.54
2026-09-10T01:26:54,108.05,43.39
2026-09-10T01:26:55,107.58,42.93
2026-09-10T01:26:56,108.18,43.52
2026-09-10T01:26:57,107.93,43.27
2026-09-10T01:26:58,107.71,43.05
2026-09-10T01:26:59,107.71,43.06
2026-09-10T01:27:00,108.24,43.58
2026-09-10T01:27:01,108.09,43.43
2026-09-10T01:27:02,108.39,43.72
2026-09-10T01:27:03,108.25,43.58
2026-09-10T01:27:04,108.42,43.75
2026-09-10T01:27:05,107.92,43.26
2026-09-10T01:27:06,107.49,42.84
2026-09-10T01:27:07,107.54,42.89
2026-09-10T01:27:08,107.35,42.7
2026-09-10T01:27:09,107.99,43.33
2026-09-10T01:27:10,107.89,43.23
2026-09-10T01:27:11,108.62,43.95
2026-09-10T01:27:12,107.75,43.1
2026-09-10T01:27:13,107.96,43.3
2026-09-10T01:27:14,108.38,43.71
2026-09-10T01:27:15,107.89,43.24
2026-09-10T01:27:16,108.03,43.37
2026-09-10T01:27:17,108.25,43.59
2026-09-10T01:27:18,108.35,43.69
2026-09-10T01:27:19,108.27,43.6
2026-09-10T01:27:20,108.22,43.56
2026-09-10T01:27:21,107.77,43.12
2026-09-10T01:27:22,108.15,43.49
2026-09-10T01:27:23,108.05,43.39
2026-09-10T01:27:24,108.22,43.56
2026-09-10T01:27:25,108.01,43.35
2026-09-10T01:27:26,107.83,43.17
2026-09-10T01:27:27,107.75,43.09
2026-09-10T01:27:28,108.16,43.5
2026-09-10T01:27:29,108.09,43.43
2026-09-10T01:27:30,107.6,42.94
2026-09-10T01:27:31,107.98,43.33
2026-09-10T01:27:32,107.76,43.11
2026-09-10T01:27:33,108.34,43.68
2026-09-10T01:27:34,108.03,43.37
2026-09-10T01:27:35,108.06,43.41
2026-09-10T01:27:36,107.8,43.15
2026-09-10T01:27:37,108.2,43.54
2026-09-10T01:27:38,107.96,43.3
2026-09-10T01:27:39,108.26,43.6
2026-09-10T01:27:40,108.19,43.53
2026-09-10T01:27:41,108.1,43.44
2026-09-10T01:27:42,108.07,43.41
2026-09-10T01:27:43,108.41,43.74
2026-09-10T01:27:44,108.12,43.46
2026-09-10T01:27:45,108.13,43.47
2026-09-10T01:27:46,107.93,43.28
2026-09-10T01:27:47,108.89,44.22
2026-09-10T01:27:48,108.86,44.19
2026-09-10T01:27:49,109.54,44.86
2026-09-10T01:27:50,110.4,45.7
2026-09-10T01:27:51,111.22,46.52
2026-09-10T01:27:52,113.3,48.57
2026-09-10T01:27:53,108.95,44.28
2026-09-10T01:27:54,108.58,43.91
2026-09-10T01:27:55,108.35,43.69
2026-09-10T01:27:56,109.22,44.55
2026-09-10T01:27:57,107.93,43.27
2026-09-10T01:27:58,107.87,43.21
2026-09-10T01:27:59,107.85,43.2
2026-09-10T01:28:00,108.09,43.43
2026-09-10T01:28:01,107.82,43.16
2026-09-10T01:28:02,108.38,43.71
2026-09-10T01:28:03,108.37,43.71
2026-09-10T01:28:04,108.21,43.55
2026-09-10T01:28:05,108.41,43.75
2026-09-10T01:28:06,108.66,43.99
2026-09-10T01:28:07,107.67,43.01
2026-09-10T01:28:08,107.99,43.33
2026-09-10T01:28:09,108.23,43.56
2026-09-10T01:28:10,107.9,43.24
2026-09-10T01:28:11,107.96,43.3
2026-09-10T01:28:12,107.85,43.19
2026-09-10T01:28:13,108.85,44.17
2026-09-10T01:28:14,108.16,43.5
2026-09-10T01:28:15,108.39,43.72
2026-09-10T01:28:16,107.93,43.28
2026-09-10T01:28:17,107.88,43.22
2026-09-10T01:28:18,108.36,43.69
2026-09-10T01:28:19,108.03,43.37
2026-09-10T01:28:20,107.82,43.16
2026-09-10T01:28:21,108.28,43.61
2026-09-10T01:28:22,108.32,43.65
2026-09-10T01:28:23,107.8,43.15
2026-09-10T01:28:24,107.91,43.25
2026-09-10T01:28:25,108.16,43.5
2026-09-10T01:28:26,108.36,43.7
2026-09-10T01:28:27,108.38,43.71
2026-09-10T01:28:28,107.72,43.07
2026-09-10T01:28:29,108.14,43.48
2026-09-10T01:28:30,108.6,43.94
2026-09-10T01:28:31,108.52,43.85
2026-09-10T01:28:32,107.72,43.07
2026-09-10T01:28:33,107.89,43.23
2026-09-10T01:28:34,108.01,43.35
2026-09-10T01:28:35,108.64,43.97
2026-09-10T01:28:36,107.93,43.27
2026-09-10T01:28:37,108.18,43.52
2026-09-10T01:28:38,107.41,42.76
2026-09-10T01:28:39,108.3,43.63
2026-09-10T01:28:40,108.02,43.36
2026-09-10T01:28:41,108.1,43.45
2026-09-10T01:28:42,108.31,43.65
2026-09-10T01:28:43,108.34,43.68
2026-09-10T01:28:44,108.42,43.76
2026-09-10T01:28:45,108.15,43.48
2026-09-10T01:28:46,107.96,43.3
2026-09-10T01:28:47,108.56,43.89
2026-09-10T01:28:48,107.87,43.21
2026-09-10T01:28:49,107.83,43.17
2026-09-10T01:28:50,108.27,43.6
2026-09-10T01:28:51,108.4,43.74
2026-09-10T01:28:52,108.54,43.88
2026-09-10T01:28:53,107.72,43.06
2026-09-10T01:28:54,107.98,43.32
2026-09-10T01:28:55,108.83,44.16
2026-09-10T01:28:56,108.14,43.48
2026-09-10T01:28:57,108.0,43.34
2026-09-10T01:28:58,107.88,43.22
2026-09-10T01:28:59,107.99,43.33
2026-09-10T01:29:00,108.22,43.56
2026-09-10T01:29:01,108.12,43.46
2026-09-10T01:29:02,108.12,43.46
2026-09-10T01:29:03,108.43,43.77
2026-09-10T01:29:04,108.06,43.4
2026-09-10T01:29:05,108.15,43.49
2026-09-10T01:29:06,108.02,43.36
2026-09-10T01:29:07,108.64,43.98
2026-09-10T01:29:08,107.67,43.02
2026-09-10T01:29:09,108.23,43.57
2026-09-10T01:29:10,107.81,43.16
2026-09-10T01:29:11,108.4,43.73
2026-09-10T01:29:12,108.11,43.45
2026-09-10T01:29:13,107.89,43.23
2026-09-10T01:29:14,108.37,43.71
2026-09-10T01:29:15,108.32,43.66
2026-09-10T01:29:16,108.68,44.01
2026-09-10T01:29:17,107.62,42.96
2026-09-10T01:29:18,107.88,43.22
2026-09-10T01:29:19,108.61,43.94
2026-09-10T01:29:20,108.89,44.22
2026-09-10T01:29:21,107.89,43.23
2026-09-10T01:29:22,108.26,43.6
2026-09-10T01:29:23,108.03,43.38
2026-09-10T01:29:24,107.8,43.14
2026-09-10T01:29:25,107.78,43.12
2026-09-10T01:29:26,108.87,44.2
2026-09-10T01:29:27,108.24,43.57
2026-09-10T01:29:28,108.04,43.38
2026-09-10T01:29:29,108.45,43.78
2026-09-10T01:29:30,108.1,43.44
2026-09-10T01:29:31,108.89,44.22
2026-09-10T01:29:32,110.48,45.78
2026-09-10T01:29:33,108.75,44.08
2026-09-10T01:29:34,107.96,43.3
2026-09-10T01:29:35,108.14,43.48
2026-09-10T01:29:36,108.11,43.45
2026-09-10T01:29:37,108.28,43.62
2026-09-10T01:29:38,108.19,43.53
2026-09-10T01:29:39,107.95,43.29
2026-09-10T01:29:40,108.32,43.65
2026-09-10T01:29:41,108.2,43.53
2026-09-10T01:29:42,107.9,43.24
2026-09-10T01:29:43,107.95,43.29
2026-09-10T01:29:44,108.21,43.54
2026-09-10T01:29:45,108.17,43.51
2026-09-10T01:29:46,107.96,43.3
2026-09-10T01:29:47,107.99,43.34
2026-09-10T01:29:48,108.12,43.46
2026-09-10T01:29:49,108.34,43.67
2026-09-10T01:29:50,107.84,43.19
2026-09-10T01:29:51,107.8,43.15
2026-09-10T01:29:52,108.45,43.79
2026-09-10T01:29:53,107.98,43.33
2026-09-10T01:29:54,107.96,43.3
2026-09-10T01:29:55,107.89,43.23
2026-09-10T01:29:56,108.09,43.43
2026-09-10T01:29:57,107.93,43.27
2026-09-10T01:29:58,108.36,43.7
2026-09-10T01:29:59,107.86,43.21
2026-09-10T01:30:00,107.93,43.28
2026-09-10T01:30:01,107.92,43.26
2026-09-10T01:30:02,108.25,43.59
2026-09-10T01:30:03,107.95,43.29
2026-09-10T01:30:04,108.17,43.51
2026-09-10T01:30:05,108.71,44.04
2026-09-10T01:30:06,108.07,43.41
2026-09-10T01:30:07,108.19,43.53
2026-09-10T01:30:08,108.78,44.11
2026-09-10T01:30:09,108.01,43.35
2026-09-10T01:30:10,108.08,43.42
2026-09-10T01:30:11,107.76,43.11
2026-09-10T01:30:12,108.06,43.4
2026-09-10T01:30:13,107.74,43.09
2026-09-10T01:30:14,108.39,43.72
2026-09-10T01:30:15,108.59,43.92
2026-09-10T01:30:16,107.84,43.19
2026-09-10T01:30:17,108.11,43.45
2026-09-10T01:30:18,107.94,43.28
2026-09-10T01:30:19,108.03,43.38
2026-09-10T01:30:20,108.09,43.43
2026-09-10T01:30:21,107.92,43.26
2026-09-10T01:30:22,107.63,42.97
2026-09-10T01:30:23,108.07,43.41
2026-09-10T01:30:24,107.96,43.3
2026-09-10T01:30:25,108.17,43.51
2026-09-10T01:30:26,108.21,43.55
2026-09-10T01:30:27,107.98,43.32
2026-09-10T01:30:28,107.95,43.29
2026-09-10T01:30:29,108.55,43.89
2026-09-10T01:30:30,108.25,43.59
2026-09-10T01:30:31,108.99,44.31
2026-09-10T01:30:32,109.2,44.52
2026-09-10T01:30:33,109.6,44.92
2026-09-10T01:30:34,110.42,45.73
2026-09-10T01:30:35,110.46,45.77
2026-09-10T01:30:36,109.95,45.27
2026-09-10T01:30:37,109.21,44.53
2026-09-10T01:30:38,108.55,43.88
2026-09-10T01:30:39,108.64,43.98
2026-09-10T01:30:40,108.0,43.34
2026-09-10T01:30:41,108.55,43.89
2026-09-10T01:30:42,108.27,43.61
2026-09-10T01:30:43,108.12,43.46
2026-09-10T01:30:44,108.12,43.46
2026-09-10T01:30:45,108.33,43.67
2026-09-10T01:30:46,108.15,43.49
2026-09-10T01:30:47,107.69,43.04
2026-09-10T01:30:48,108.07,43.41
2026-09-10T01:30:49,108.07,43.41
2026-09-10T01:30:50,107.88,43.23
2026-09-10T01:30:51,107.79,43.14
2026-09-10T01:30:52,108.23,43.57
2026-09-10T01:30:53,107.86,43.21
2026-09-10T01:30:54,108.09,43.43
2026-09-10T01:30:55,108.1,43.44
2026-09-10T01:30:56,108.13,43.47
2026-09-10T01:30:57,108.38,43.71
2026-09-10T01:30:58,107.8,43.15
2026-09-10T01:30:59,107.95,43.3
2026-09-10T01:31:00,108.1,43.44
2026-09-10T01:31:01,107.86,43.2
2026-09-10T01:31:02,107.99,43.33
2026-09-10T01:31:03,108.37,43.71
2026-09-10T01:31:04,108.03,43.38
2026-09-10T01:31:05,107.57,42.92
2026-09-10T01:31:06,108.0,43.34
2026-09-10T01:31:07,108.41,43.75
2026-09-10T01:31:08,108.03,43.37
2026-09-10T01:31:09,107.6,42.94
2026-09-10T01:31:10,108.09,43.43
2026-09-10T01:31:11,108.35,43.69
2026-09-10T01:31:12,107.81,43.15
2026-09-10T01:31:13,108.77,44.1
2026-09-10T01:31:14,108.42,43.76
2026-09-10T01:31:15,108.51,43.85
2026-09-10T01:31:16,108.61,43.94
2026-09-10T01:31:17,108.58,43.92
2026-09-10T01:31:18,108.98,44.31
2026-09-10T01:31:19,108.27,43.61
2026-09-10T01:31:20,108.01,43.35
2026-09-10T01:31:21,109.65,44.96
2026-09-10T01:31:22,110.41,45.72
2026-09-10T01:31:23,108.51,43.84
2026-09-10T01:31:24,108.2,43.54
2026-09-10T01:31:25,109.55,44.87
2026-09-10T01:31:26,107.98,43.33
2026-09-10T01:31:27,108.77,44.1
2026-09-10T01:31:28,107.86,43.2
2026-09-10T01:31:29,108.73,44.06
2026-09-10T01:31:30,108.09,43.43
2026-09-10T01:31:31,108.26,43.6
2026-09-10T01:31:32,108.05,43.39
2026-09-10T01:31:33,108.36,43.69
2026-09-10T01:31:34,108.35,43.69
2026-09-10T01:31:35,107.77,43.12
2026-09-10T01:31:36,107.65,43.0
2026-09-10T01:31:37,108.27,43.6
2026-09-10T01:31:38,107.82,43.16
2026-09-10T01:31:39,108.11,43.45
2026-09-10T01:31:40,107.96,43.3
2026-09-10T01:31:41,107.99,43.33
2026-09-10T01:31:42,108.2,43.54
2026-09-10T01:31:43,108.19,43.53
2026-09-10T01:31:44,107.56,42.91
2026-09-10T01:31:45,108.28,43.62
2026-09-10T01:31:46,107.72,43.07
2026-09-10T01:31:47,107.72,43.06
2026-09-10T01:31:48,108.67,44.0
2026-09-10T01:31:49,108.09,43.43
2026-09-10T01:31:50,108.08,43.42
2026-09-10T01:31:51,108.41,43.74
2026-09-10T01:31:52,107.94,43.28
2026-09-10T01:31:53,108.21,43.55
2026-09-10T01:31:54,108.44,43.78
2026-09-10T01:31:55,108.33,43.67
2026-09-10T01:31:56,108.13,43.47
2026-09-10T01:31:57,108.04,43.38
2026-09-10T01:31:58,108.76,44.09
2026-09-10T01:31:59,107.8,43.14
2026-09-10T01:32:00,108.08,43.42
2026-09-10T01:32:01,108.22,43.56
2026-09-10T01:32:02,108.11,43.45
2026-09-10T01:32:03,108.04,43.38
2026-09-10T01:32:04,107.57,42.92
2026-09-10T01:32:05,108.04,43.38
2026-09-10T01:32:06,108.26,43.59
2026-09-10T01:32:07,108.4,43.74
2026-09-10T01:32:08,108.18,43.52
2026-09-10T01:32:09,107.94,43.28
2026-09-10T01:32:10,108.47,43.8
2026-09-10T01:32:11,107.95,43.29
2026-09-10T01:32:12,108.9,44.22
2026-09-10T01:32:13,108.21,43.55
2026-09-10T01:32:14,107.7,43.04
2026-09-10T01:32:15,107.75,43.1
2026-09-10T01:32:16,107.99,43.33
2026-09-10T01:32:17,107.66,43.01
2026-09-10T01:32:18,107.81,43.15
2026-09-10T01:32:19,108.4,43.73
2026-09-10T01:32:20,107.8,43.14
2026-09-10T01:32:21,107.99,43.33
2026-09-10T01:32:22,108.38,43.71
2026-09-10T01:32:23,108.15,43.49
2026-09-10T01:32:24,108.07,43.41
2026-09-10T01:32:25,107.83,43.17
2026-09-10T01:32:26,108.38,43.71
2026-09-10T01:32:27,108.19,43.53
2026-09-10T01:32:28,108.47,43.81
2026-09-10T01:32:29,108.17,43.51
2026-09-10T01:32:30,108.11,43.45
2026-09-10T01:32:31,108.11,43.45
2026-09-10T01:32:32,107.83,43.18
2026-09-10T01:32:33,107.95,43.29
2026-09-10T01:32:34,107.99,43.33
2026-09-10T01:32:35,107.91,43.26
2026-09-10T01:32:36,108.26,43.6
2026-09-10T01:32:37,108.49,43.82
2026-09-10T01:32:38,107.64,42.99
2026-09-10T01:32:39,108.24,43.58
2026-09-10T01:32:40,108.62,43.95
2026-09-10T01:32:41,108.37,43.71
2026-09-10T01:32:42,109.21,44.54
2026-09-10T01:32:43,108.73,44.06
2026-09-10T01:32:44,108.18,43.52
2026-09-10T01:32:45,108.37,43.71
2026-09-10T01:32:46,107.95,43.29
2026-09-10T01:32:47,108.44,43.78
2026-09-10T01:32:48,108.16,43.49
2026-09-10T01:32:49,108.4,43.74
2026-09-10T01:32:50,108.55,43.88
2026-09-10T01:32:51,108.43,43.76
2026-09-10T01:32:52,107.74,43.08
2026-09-10T01:32:53,108.33,43.67
2026-09-10T01:32:54,108.06,43.41
2026-09-10T01:32:55,108.43,43.76
2026-09-10T01:32:56,107.8,43.15
2026-09-10T01:32:57,108.55,43.89
2026-09-10T01:32:58,108.49,43.82
2026-09-10T01:32:59,108.59,43.92
2026-09-10T01:33:00,108.53,43.86
2026-09-10T01:33:01,108.28,43.62
2026-09-10T01:33:02,108.88,44.21
2026-09-10T01:33:03,108.2,43.54
2026-09-10T01:33:04,107.97,43.31
2026-09-10T01:33:05,108.37,43.7
2026-09-10T01:33:06,107.89,43.23
2026-09-10T01:33:07,108.12,43.46
2026-09-10T01:33:08,108.82,44.15
2026-09-10T01:33:09,108.17,43.51
2026-09-10T01:33:10,108.11,43.45
2026-09-10T01:33:11,108.34,43.68
2026-09-10T01:33:12,108.23,43.57
2026-09-10T01:33:13,108.29,43.63
2026-09-10T01:33:14,108.11,43.45
2026-09-10T01:33:15,108.01,43.35
2026-09-10T01:33:16,107.81,43.16
2026-09-10T01:33:17,108.57,43.9
2026-09-10T01:33:18,108.44,43.78
2026-09-10T01:33:19,108.28,43.62
2026-09-10T01:33:20,107.9,43.24
2026-09-10T01:33:21,108.07,43.41
2026-09-10T01:33:22,108.58,43.91
2026-09-10T01:33:23,107.91,43.26
2026-09-10T01:33:24,107.77,43.11
2026-09-10T01:33:25,108.17,43.5
2026-09-10T01:33:26,107.71,43.06
2026-09-10T01:33:27,108.33,43.67
2026-09-10T01:33:28,108.08,43.42
2026-09-10T01:33:29,108.15,43.49
2026-09-10T01:33:30,108.04,43.38
2026-09-10T01:33:31,107.96,43.3
2026-09-10T01:33:32,108.26,43.6
2026-09-10T01:33:33,107.93,43.27
2026-09-10T01:33:34,108.26,43.6
2026-09-10T01:33:35,107.89,43.23
2026-09-10T01:33:36,108.16,43.5
2026-09-10T01:33:37,108.77,44.1
2026-09-10T01:33:38,108.02,43.36
2026-09-10T01:33:39,108.07,43.41
2026-09-10T01:33:40,108.35,43.69
2026-09-10T01:33:41,108.18,43.52
2026-09-10T01:33:42,108.1,43.44
2026-09-10T01:33:43,107.86,43.21
2026-09-10T01:33:44,107.78,43.12
2026-09-10T01:33:45,108.05,43.39
2026-09-10T01:33:46,108.02,43.36
2026-09-10T01:33:47,107.98,43.32
2026-09-10T01:33:48,107.83,43.17
2026-09-10T01:33:49,107.84,43.18
2026-09-10T01:33:50,107.92,43.27
2026-09-10T01:33:51,107.55,42.9
2026-09-10T01:33:52,108.13,43.47
2026-09-10T01:33:53,108.61,43.94
2026-09-10T01:33:54,108.31,43.65
2026-09-10T01:33:55,108.47,43.81
2026-09-10T01:33:56,108.12,43.46
2026-09-10T01:33:57,108.42,43.75
2026-09-10T01:33:58,108.06,43.4
2026-09-10T01:33:59,108.35,43.69
2026-09-10T01:34:00,107.8,43.14
2026-09-10T01:34:01,108.06,43.41
2026-09-10T01:34:02,108.32,43.65
2026-09-10T01:34:03,108.04,43.38
2026-09-10T01:34:04,107.78,43.13
2026-09-10T01:34:05,108.08,43.42
2026-09-10T01:34:06,108.17,43.51
2026-09-10T01:34:07,108.16,43.5
2026-09-10T01:34:08,108.69,44.02
2026-09-10T01:34:09,108.25,43.58
2026-09-10T01:34:10,108.23,43.57
2026-09-10T01:34:11,107.94,43.28
2026-09-10T01:34:12,107.92,43.26
2026-09-10T01:34:13,108.12,43.46
2026-09-10T01:34:14,108.11,43.45
2026-09-10T01:34:15,108.04,43.38
2026-09-10T01:34:16,107.81,43.16
2026-09-10T01:34:17,108.22,43.56
2026-09-10T01:34:18,108.22,43.56
2026-09-10T01:34:19,108.19,43.53
2026-09-10T01:34:20,107.84,43.19
2026-09-10T01:34:21,108.15,43.49
2026-09-10T01:34:22,108.17,43.51
2026-09-10T01:34:23,107.67,43.02
2026-09-10T01:34:24,107.65,43.0
2026-09-10T01:34:25,108.22,43.55
2026-09-10T01:34:26,108.41,43.75
2026-09-10T01:34:27,108.13,43.47
2026-09-10T01:34:28,108.1,43.44
2026-09-10T01:34:29,108.54,43.87
2026-09-10T01:34:30,107.97,43.31
2026-09-10T01:34:31,108.45,43.79
2026-09-10T01:34:32,109.29,44.61
2026-09-10T01:34:33,109.41,44.73
2026-09-10T01:34:34,108.21,43.55
2026-09-10T01:34:35,108.29,43.63
2026-09-10T01:34:36,108.36,43.7
2026-09-10T01:34:37,108.15,43.49
2026-09-10T01:34:38,107.82,43.16
2026-09-10T01:34:39,107.84,43.19
2026-09-10T01:34:40,108.56,43.9
2026-09-10T01:34:41,108.31,43.65
2026-09-10T01:34:42,107.44,42.79
2026-09-10T01:34:43,108.36,43.69
2026-09-10T01:34:44,108.81,44.14
2026-09-10T01:34:45,108.03,43.37
2026-09-10T01:34:46,107.6,42.94
2026-09-10T01:34:47,108.18,43.52
2026-09-10T01:34:48,109.0,44.33
2026-09-10T01:34:49,107.89,43.23
2026-09-10T01:34:50,108.15,43.49
2026-09-10T01:34:51,108.12,43.46
2026-09-10T01:34:52,108.43,43.76
2026-09-10T01:34:53,108.33,43.67
2026-09-10T01:34:54,107.93,43.27
2026-09-10T01:34:55,108.35,43.69
2026-09-10T01:34:56,107.91,43.25
2026-09-10T01:34:57,107.97,43.32
2026-09-10T01:34:58,108.38,43.72
2026-09-10T01:34:59,108.28,43.62
2026-09-10T01:35:00,108.12,43.46
2026-09-10T01:35:01,108.04,43.38
2026-09-10T01:35:02,108.05,43.39
2026-09-10T01:35:03,107.94,43.28
2026-09-10T01:35:04,108.1,43.44
2026-09-10T01:35:05,108.01,43.35
2026-09-10T01:35:06,107.96,43.3
2026-09-10T01:35:07,108.05,43.39
2026-09-10T01:35:08,108.81,44.14
2026-09-10T01:35:09,108.02,43.36
2026-09-10T01:35:10,107.84,43.19
2026-09-10T01:35:11,108.4,43.74
2026-09-10T01:35:12,108.22,43.56
2026-09-10T01:35:13,107.82,43.17
2026-09-10T01:35:14,108.45,43.79
2026-09-10T01:35:15,107.78,43.12
2026-09-10T01:35:16,108.26,43.6
2026-09-10T01:35:17,108.07,43.41
2026-09-10T01:35:18,107.76,43.1
2026-09-10T01:35:19,107.89,43.23
2026-09-10T01:35:20,108.35,43.69
2026-09-10T01:35:21,108.17,43.5
2026-09-10T01:35:22,107.72,43.07
2026-09-10T01:35:23,108.03,43.37
2026-09-10T01:35:24,107.92,43.26
2026-09-10T01:35:25,108.06,43.4
2026-09-10T01:35:26,107.86,43.21
2026-09-10T01:35:27,107.75,43.09
2026-09-10T01:35:28,108.23,43.57
2026-09-10T01:35:29,108.31,43.65
2026-09-10T01:35:30,108.36,43.69
2026-09-10T01:35:31,109.33,44.65
2026-09-10T01:35:32,108.72,44.05
2026-09-10T01:35:33,109.34,44.66
2026-09-10T01:35:34,109.53,44.85
2026-09-10T01:35:35,110.33,45.64
2026-09-10T01:35:36,110.37,45.68
2026-09-10T01:35:37,110.32,45.63
2026-09-10T01:35:38,109.32,44.65
2026-09-10T01:35:39,109.15,44.48
2026-09-10T01:35:40,108.62,43.95
2026-09-10T01:35:41,107.69,43.04
2026-09-10T01:35:42,108.22,43.56
2026-09-10T01:35:43,108.5,43.84
2026-09-10T01:35:44,108.62,43.96
2026-09-10T01:35:45,107.91,43.25
2026-09-10T01:35:46,108.28,43.61
2026-09-10T01:35:47,107.96,43.3
2026-09-10T01:35:48,108.82,44.15
2026-09-10T01:35:49,108.17,43.51
2026-09-10T01:35:50,107.8,43.15
2026-09-10T01:35:51,108.25,43.59
2026-09-10T01:35:52,108.57,43.9
2026-09-10T01:35:53,108.51,43.84
2026-09-10T01:35:54,108.36,43.69
2026-09-10T01:35:55,108.11,43.45
2026-09-10T01:35:56,108.36,43.7
2026-09-10T01:35:57,108.39,43.73
2026-09-10T01:35:58,108.3,43.64
2026-09-10T01:35:59,107.78,43.12
2026-09-10T01:36:00,108.22,43.56
2026-09-10T01:36:01,108.57,43.9
2026-09-10T01:36:02,107.96,43.3
2026-09-10T01:36:03,108.56,43.9
2026-09-10T01:36:04,108.17,43.51
2026-09-10T01:36:05,108.85,44.18
2026-09-10T01:36:06,107.95,43.29
2026-09-10T01:36:07,108.39,43.72
2026-09-10T01:36:08,108.15,43.49
2026-09-10T01:36:09,108.7,44.03
2026-09-10T01:36:10,107.95,43.3
2026-09-10T01:36:11,108.47,43.8
2026-09-10T01:36:12,107.8,43.14
2026-09-10T01:36:13,108.38,43.72
2026-09-10T01:36:14,108.68,44.02
2026-09-10T01:36:15,108.29,43.62
2026-09-10T01:36:16,107.71,43.06
2026-09-10T01:36:17,108.29,43.63
2026-09-10T01:36:18,109.09,44.42
2026-09-10T01:36:19,108.2,43.53
2026-09-10T01:36:20,108.39,43.73
2026-09-10T01:36:21,108.29,43.63
2026-09-10T01:36:22,109.18,44.5
2026-09-10T01:36:23,108.02,43.36
2026-09-10T01:36:24,108.26,43.6
2026-09-10T01:36:25,108.18,43.52
2026-09-10T01:36:26,109.14,44.47
2026-09-10T01:36:27,108.23,43.56
2026-09-10T01:36:28,108.59,43.92
2026-09-10T01:36:29,108.87,44.2
2026-09-10T01:36:30,108.99,44.32
2026-09-10T01:36:31,108.57,43.91
2026-09-10T01:36:32,108.31,43.64
2026-09-10T01:36:33,107.79,43.13
2026-09-10T01:36:34,108.63,43.97
2026-09-10T01:36:35,108.33,43.66
2026-09-10T01:36:36,107.96,43.3
2026-09-10T01:36:37,108.58,43.92
2026-09-10T01:36:38,108.09,43.43
2026-09-10T01:36:39,108.23,43.56
2026-09-10T01:36:40,108.14,43.48
2026-09-10T01:36:41,108.08,43.42
2026-09-10T01:36:42,108.23,43.57
2026-09-10T01:36:43,108.11,43.45
2026-09-10T01:36:44,108.26,43.6
2026-09-10T01:36:45,107.78,43.13
2026-09-10T01:36:46,108.32,43.66
2026-09-10T01:36:47,108.35,43.69
2026-09-10T01:36:48,108.4,43.73
2026-09-10T01:36:49,108.52,43.86
2026-09-10T01:36:50,109.1,44.42
2026-09-10T01:36:51,108.3,43.64
2026-09-10T01:36:52,107.7,43.05
2026-09-10T01:36:53,108.09,43.43
2026-09-10T01:36:54,108.77,44.1
2026-09-10T01:36:55,108.61,43.94
2026-09-10T01:36:56,108.29,43.62
2026-09-10T01:36:57,108.45,43.78
2026-09-10T01:36:58,108.15,43.49
2026-09-10T01:36:59,108.37,43.7
2026-09-10T01:37:00,108.32,43.66
2026-09-10T01:37:01,108.15,43.49
2026-09-10T01:37:02,108.18,43.51
2026-09-10T01:37:03,108.31,43.65
2026-09-10T01:37:04,108.31,43.65
2026-09-10T01:37:05,108.08,43.43
2026-09-10T01:37:06,107.82,43.17
2026-09-10T01:37:07,107.78,43.12
2026-09-10T01:37:08,108.29,43.63
2026-09-10T01:37:09,108.05,43.39
2026-09-10T01:37:10,108.53,43.87
2026-09-10T01:37:11,108.51,43.84
2026-09-10T01:37:12,108.4,43.74
2026-09-10T01:37:13,108.05,43.39
2026-09-10T01:37:14,108.17,43.51
2026-09-10T01:37:15,108.07,43.41
2026-09-10T01:37:16,108.0,43.34
2026-09-10T01:37:17,108.46,43.79
2026-09-10T01:37:18,108.26,43.6
2026-09-10T01:37:19,109.07,44.4
2026-09-10T01:37:20,110.31,45.62
2026-09-10T01:37:21,109.73,45.05
2026-09-10T01:37:22,110.14,45.45
2026-09-10T01:37:23,108.87,44.19
2026-09-10T01:37:24,109.05,44.37
2026-09-10T01:37:25,108.74,44.07
2026-09-10T01:37:26,109.1,44.43
2026-09-10T01:37:27,109.04,44.36
2026-09-10T01:37:28,108.9,44.23
2026-09-10T01:37:29,109.08,44.4
2026-09-10T01:37:30,109.18,44.51
2026-09-10T01:37:31,110.67,45.97
2026-09-10T01:37:32,109.94,45.26
2026-09-10T01:37:33,113.4,48.67
2026-09-10T01:37:34,110.63,45.93
2026-09-10T01:37:35,110.5,45.8
2026-09-10T01:37:36,110.1,45.41
2026-09-10T01:37:37,110.95,46.25
2026-09-10T01:37:38,109.61,44.93
2026-09-10T01:37:39,109.5,44.82
2026-09-10T01:37:40,108.29,43.63
2026-09-10T01:37:41,108.16,43.5
2026-09-10T01:37:42,108.17,43.51
2026-09-10T01:37:43,109.04,44.37
2026-09-10T01:37:44,108.7,44.03
2026-09-10T01:37:45,108.76,44.09
2026-09-10T01:37:46,108.5,43.84
2026-09-10T01:37:47,108.57,43.9
2026-09-10T01:37:48,108.69,44.03
2026-09-10T01:37:49,108.56,43.89
2026-09-10T01:37:50,108.44,43.78
2026-09-10T01:37:51,108.41,43.75
2026-09-10T01:37:52,108.38,43.72
2026-09-10T01:37:53,108.4,43.73
2026-09-10T01:37:54,109.17,44.49
2026-09-10T01:37:55,108.77,44.1
2026-09-10T01:37:56,107.95,43.29
2026-09-10T01:37:57,108.58,43.91
2026-09-10T01:37:58,108.74,44.07
2026-09-10T01:37:59,108.7,44.03
2026-09-10T01:38:00,108.31,43.64
2026-09-10T01:38:01,108.28,43.62
2026-09-10T01:38:02,108.35,43.69
2026-09-10T01:38:03,108.02,43.37
2026-09-10T01:38:04,107.71,43.06
2026-09-10T01:38:05,108.21,43.55
2026-09-10T01:38:06,109.03,44.36
2026-09-10T01:38:07,108.11,43.45
2026-09-10T01:38:08,108.76,44.09
2026-09-10T01:38:09,108.25,43.59
2026-09-10T01:38:10,108.37,43.71
2026-09-10T01:38:11,108.51,43.84
2026-09-10T01:38:12,108.06,43.4
2026-09-10T01:38:13,108.35,43.69
2026-09-10T01:38:14,108.48,43.81
2026-09-10T01:38:15,108.74,44.08
2026-09-10T01:38:16,107.99,43.33
2026-09-10T01:38:17,108.48,43.82
2026-09-10T01:38:18,108.29,43.62
2026-09-10T01:38:19,108.65,43.99
2026-09-10T01:38:20,108.75,44.08
2026-09-10T01:38:21,108.46,43.8
2026-09-10T01:38:22,108.56,43.9
2026-09-10T01:38:23,108.79,44.12
2026-09-10T01:38:24,108.49,43.82
2026-09-10T01:38:25,108.09,43.43
2026-09-10T01:38:26,108.13,43.47
2026-09-10T01:38:27,109.12,44.44
2026-09-10T01:38:28,108.7,44.03
2026-09-10T01:38:29,108.37,43.71
2026-09-10T01:38:30,108.18,43.52
2026-09-10T01:38:31,108.05,43.39
2026-09-10T01:38:32,108.77,44.11
2026-09-10T01:38:33,108.77,44.1
2026-09-10T01:38:34,108.03,43.37
2026-09-10T01:38:35,108.28,43.62
2026-09-10T01:38:36,108.63,43.96
2026-09-10T01:38:37,108.15,43.49
2026-09-10T01:38:38,108.36,43.69
2026-09-10T01:38:39,108.23,43.57
2026-09-10T01:38:40,108.45,43.78
2026-09-10T01:38:41,108.72,44.05
2026-09-10T01:38:42,108.24,43.58
2026-09-10T01:38:43,108.47,43.81
2026-09-10T01:38:44,107.92,43.26
2026-09-10T01:38:45,108.81,44.14
2026-09-10T01:38:46,108.55,43.88
2026-09-10T01:38:47,108.12,43.46
2026-09-10T01:38:48,107.81,43.16
2026-09-10T01:38:49,108.67,44.0
2026-09-10T01:38:50,108.53,43.87
2026-09-10T01:38:51,108.17,43.51
2026-09-10T01:38:52,107.95,43.29
2026-09-10T01:38:53,108.49,43.83
2026-09-10T01:38:54,108.44,43.78
2026-09-10T01:38:55,108.57,43.9
2026-09-10T01:38:56,108.33,43.66
2026-09-10T01:38:57,108.48,43.82
2026-09-10T01:38:58,108.43,43.76
2026-09-10T01:38:59,108.61,43.94
2026-09-10T01:39:00,108.18,43.52
2026-09-10T01:39:01,108.34,43.67
2026-09-10T01:39:02,108.08,43.42
2026-09-10T01:39:03,108.45,43.79
2026-09-10T01:39:04,108.28,43.62
2026-09-10T01:39:05,108.34,43.68
2026-09-10T01:39:06,108.36,43.69
2026-09-10T01:39:07,108.54,43.88
2026-09-10T01:39:08,108.23,43.57
2026-09-10T01:39:09,108.26,43.6
2026-09-10T01:39:10,108.14,43.48
2026-09-10T01:39:11,108.68,44.02
2026-09-10T01:39:12,108.77,44.1
2026-09-10T01:39:13,108.09,43.43
2026-09-10T01:39:14,108.26,43.59
2026-09-10T01:39:15,108.3,43.63
2026-09-10T01:39:16,108.54,43.87
2026-09-10T01:39:17,108.32,43.66
2026-09-10T01:39:18,108.39,43.73
2026-09-10T01:39:19,108.39,43.72
2026-09-10T01:39:20,108.68,44.01
2026-09-10T01:39:21,108.71,44.04
2026-09-10T01:39:22,108.16,43.5
2026-09-10T01:39:23,107.74,43.09
2026-09-10T01:39:24,108.49,43.83
2026-09-10T01:39:25,108.35,43.69
2026-09-10T01:39:26,108.26,43.6
2026-09-10T01:39:27,108.47,43.8
2026-09-10T01:39:28,108.11,43.45
2026-09-10T01:39:29,108.45,43.79
2026-09-10T01:39:30,108.19,43.53
2026-09-10T01:39:31,108.78,44.11
2026-09-10T01:39:32,108.27,43.61
2026-09-10T01:39:33,110.85,46.15
2026-09-10T01:39:34,108.13,43.47
2026-09-10T01:39:35,108.29,43.63
2026-09-10T01:39:36,107.82,43.17
2026-09-10T01:39:37,108.68,44.01
2026-09-10T01:39:38,108.42,43.75
2026-09-10T01:39:39,108.11,43.45
2026-09-10T01:39:40,108.33,43.67
2026-09-10T01:39:41,107.99,43.33
2026-09-10T01:39:42,108.82,44.15
2026-09-10T01:39:43,108.7,44.03
2026-09-10T01:39:44,107.98,43.32
2026-09-10T01:39:45,108.02,43.36
2026-09-10T01:39:46,108.74,44.07
2026-09-10T01:39:47,108.83,44.16
2026-09-10T01:39:48,108.63,43.97
2026-09-10T01:39:49,108.55,43.88
2026-09-10T01:39:50,108.38,43.71
2026-09-10T01:39:51,108.57,43.9
2026-09-10T01:39:52,108.01,43.35
2026-09-10T01:39:53,108.71,44.04
2026-09-10T01:39:54,108.5,43.84
2026-09-10T01:39:55,108.91,44.24
2026-09-10T01:39:56,108.92,44.25
2026-09-10T01:39:57,109.05,44.38
2026-09-10T01:39:58,108.22,43.56
2026-09-10T01:39:59,108.82,44.15
2026-09-10T01:40:00,109.29,44.61
2026-09-10T01:40:01,107.97,43.32
2026-09-10T01:40:02,109.52,44.84
2026-09-10T01:40:03,108.99,44.31
2026-09-10T01:40:04,108.66,43.99
2026-09-10T01:40:05,109.07,44.39
2026-09-10T01:40:06,108.6,43.93
2026-09-10T01:40:07,108.9,44.23
2026-09-10T01:40:08,110.94,46.24
2026-09-10T01:40:09,113.45,48.71
2026-09-10T01:40:10,108.82,44.15
2026-09-10T01:40:11,108.55,43.88
2026-09-10T01:40:12,109.18,44.5
2026-09-10T01:40:13,109.21,44.53
2026-09-10T01:40:14,108.2,43.53
2026-09-10T01:40:15,108.9,44.22
2026-09-10T01:40:16,108.73,44.06
2026-09-10T01:40:17,108.87,44.2
2026-09-10T01:40:18,108.1,43.44
2026-09-10T01:40:19,107.99,43.33
2026-09-10T01:40:20,108.17,43.51
2026-09-10T01:40:21,108.72,44.05
2026-09-10T01:40:22,108.32,43.65
2026-09-10T01:40:23,108.48,43.82
2026-09-10T01:40:24,108.62,43.95
2026-09-10T01:40:25,108.63,43.97
2026-09-10T01:40:26,109.2,44.53
2026-09-10T01:40:27,108.54,43.88
2026-09-10T01:40:28,108.22,43.56
2026-09-10T01:40:29,108.22,43.56
2026-09-10T01:40:30,108.27,43.61
2026-09-10T01:40:31,109.22,44.55
2026-09-10T01:40:32,108.55,43.88
2026-09-10T01:40:33,107.79,43.13
2026-09-10T01:40:34,108.23,43.57
2026-09-10T01:40:35,108.45,43.78
2026-09-10T01:40:36,109.25,44.57
2026-09-10T01:40:37,108.28,43.62
2026-09-10T01:40:38,108.12,43.46
2026-09-10T01:40:39,108.32,43.66
2026-09-10T01:40:40,108.59,43.92
2026-09-10T01:40:41,108.88,44.21
2026-09-10T01:40:42,108.28,43.62
2026-09-10T01:40:43,108.23,43.57
2026-09-10T01:40:44,108.42,43.76
2026-09-10T01:40:45,108.63,43.97
2026-09-10T01:40:46,108.46,43.79
2026-09-10T01:40:47,107.82,43.16
2026-09-10T01:40:48,108.17,43.51
2026-09-10T01:40:49,108.5,43.83
2026-09-10T01:40:50,107.93,43.28
2026-09-10T01:40:51,108.66,43.99
2026-09-10T01:40:52,108.47,43.81
2026-09-10T01:40:53,108.36,43.69
2026-09-10T01:40:54,108.33,43.66
2026-09-10T01:40:55,108.46,43.79
2026-09-10T01:40:56,108.5,43.83
2026-09-10T01:40:57,107.79,43.14
2026-09-10T01:40:58,108.46,43.79
2026-09-10T01:40:59,108.67,44.0
2026-09-10T01:41:00,108.66,43.99
2026-09-10T01:41:01,108.17,43.51
2026-09-10T01:41:02,108.17,43.51
2026-09-10T01:41:03,108.06,43.4
2026-09-10T01:41:04,108.35,43.68
2026-09-10T01:41:05,108.47,43.81
2026-09-10T01:41:06,108.39,43.73
2026-09-10T01:41:07,108.12,43.46
2026-09-10T01:41:08,107.95,43.29
2026-09-10T01:41:09,108.4,43.74
2026-09-10T01:41:10,108.35,43.68
2026-09-10T01:41:11,107.94,43.28
2026-09-10T01:41:12,108.51,43.84
2026-09-10T01:41:13,108.9,44.23
2026-09-10T01:41:14,108.44,43.77
2026-09-10T01:41:15,108.07,43.41
2026-09-10T01:41:16,107.65,42.99
2026-09-10T01:41:17,108.53,43.86
2026-09-10T01:41:18,108.43,43.76
2026-09-10T01:41:19,108.39,43.73
2026-09-10T01:41:20,108.37,43.71
2026-09-10T01:41:21,108.76,44.09
2026-09-10T01:41:22,108.16,43.5
2026-09-10T01:41:23,108.1,43.44
2026-09-10T01:41:24,108.08,43.42
2026-09-10T01:41:25,107.91,43.26
2026-09-10T01:41:26,109.08,44.41
2026-09-10T01:41:27,108.31,43.65
2026-09-10T01:41:28,108.43,43.77
2026-09-10T01:41:29,108.39,43.73
2026-09-10T01:41:30,108.43,43.76
2026-09-10T01:41:31,108.26,43.6
2026-09-10T01:41:32,108.2,43.54
2026-09-10T01:41:33,108.33,43.67
2026-09-10T01:41:34,108.25,43.59
2026-09-10T01:41:35,108.67,44.0
2026-09-10T01:41:36,108.23,43.57
2026-09-10T01:41:37,107.88,43.23
2026-09-10T01:41:38,108.16,43.5
2026-09-10T01:41:39,108.1,43.44
2026-09-10T01:41:40,108.06,43.4
2026-09-10T01:41:41,108.31,43.65
2026-09-10T01:41:42,107.83,43.17
2026-09-10T01:41:43,108.37,43.71
2026-09-10T01:41:44,108.53,43.86
2026-09-10T01:41:45,107.95,43.29
2026-09-10T01:41:46,107.56,42.9
2026-09-10T01:41:47,107.84,43.19
2026-09-10T01:41:48,108.47,43.8
2026-09-10T01:41:49,108.2,43.54
2026-09-10T01:41:50,107.79,43.13
2026-09-10T01:41:51,107.81,43.15
2026-09-10T01:41:52,107.98,43.33
2026-09-10T01:41:53,108.59,43.92
2026-09-10T01:41:54,108.25,43.59
2026-09-10T01:41:55,107.9,43.24
2026-09-10T01:41:56,108.02,43.37
2026-09-10T01:41:57,108.03,43.37
2026-09-10T01:41:58,108.35,43.69
2026-09-10T01:41:59,107.96,43.3
2026-09-10T01:42:00,108.05,43.39
2026-09-10T01:42:01,108.15,43.49
2026-09-10T01:42:02,108.44,43.78
2026-09-10T01:42:03,108.1,43.44
2026-09-10T01:42:04,108.15,43.49
2026-09-10T01:42:05,108.0,43.35
2026-09-10T01:42:06,107.7,43.04
2026-09-10T01:42:07,108.55,43.89
2026-09-10T01:42:08,107.94,43.28
2026-09-10T01:42:09,108.33,43.66
2026-09-10T01:42:10,108.01,43.35
2026-09-10T01:42:11,108.18,43.52
2026-09-10T01:42:12,108.15,43.49
2026-09-10T01:42:13,108.26,43.6
2026-09-10T01:42:14,107.79,43.13
2026-09-10T01:42:15,108.11,43.45
2026-09-10T01:42:16,108.15,43.49
2026-09-10T01:42:17,107.54,42.88
2026-09-10T01:42:18,108.2,43.54
2026-09-10T01:42:19,108.03,43.37
2026-09-10T01:42:20,108.28,43.61
2026-09-10T01:42:21,108.15,43.49
2026-09-10T01:42:22,108.34,43.68
2026-09-10T01:42:23,107.8,43.15
2026-09-10T01:42:24,108.46,43.79
2026-09-10T01:42:25,108.32,43.66
2026-09-10T01:42:26,107.83,43.18
2026-09-10T01:42:27,108.22,43.56
2026-09-10T01:42:28,107.69,43.04
2026-09-10T01:42:29,108.03,43.37
2026-09-10T01:42:30,108.44,43.77
2026-09-10T01:42:31,108.15,43.49
2026-09-10T01:42:32,108.12,43.46
2026-09-10T01:42:33,108.16,43.5
2026-09-10T01:42:34,108.75,44.08
2026-09-10T01:42:35,108.43,43.76
2026-09-10T01:42:36,108.38,43.72
2026-09-10T01:42:37,107.71,43.06
2026-09-10T01:42:38,108.81,44.14
2026-09-10T01:42:39,108.45,43.79
2026-09-10T01:42:40,108.21,43.55
2026-09-10T01:42:41,108.27,43.6
2026-09-10T01:42:42,107.84,43.18
2026-09-10T01:42:43,108.73,44.07
2026-09-10T01:42:44,108.37,43.71
2026-09-10T01:42:45,108.45,43.79
2026-09-10T01:42:46,108.19,43.52
2026-09-10T01:42:47,108.65,43.98
2026-09-10T01:42:48,108.51,43.85
2026-09-10T01:42:49,108.04,43.38
2026-09-10T01:42:50,107.93,43.27
2026-09-10T01:42:51,107.88,43.22
2026-09-10T01:42:52,108.39,43.73
2026-09-10T01:42:53,108.15,43.49
2026-09-10T01:42:54,108.39,43.73
2026-09-10T01:42:55,108.32,43.65
2026-09-10T01:42:56,108.33,43.66
2026-09-10T01:42:57,108.19,43.53
2026-09-10T01:42:58,108.02,43.36
2026-09-10T01:42:59,107.93,43.27
2026-09-10T01:43:00,108.67,44.0
2026-09-10T01:43:01,108.69,44.02
2026-09-10T01:43:02,107.77,43.12
2026-09-10T01:43:03,108.25,43.59
2026-09-10T01:43:04,108.47,43.8
2026-09-10T01:43:05,108.52,43.85
2026-09-10T01:43:06,108.43,43.77
2026-09-10T01:43:07,108.44,43.78
2026-09-10T01:43:08,108.36,43.7
2026-09-10T01:43:09,108.34,43.67
2026-09-10T01:43:10,108.49,43.83
2026-09-10T01:43:11,107.85,43.19
2026-09-10T01:43:12,107.76,43.11
2026-09-10T01:43:13,107.96,43.3
2026-09-10T01:43:14,108.4,43.73
2026-09-10T01:43:15,107.82,43.16
2026-09-10T01:43:16,107.98,43.32
2026-09-10T01:43:17,108.12,43.46
2026-09-10T01:43:18,108.1,43.44
2026-09-10T01:43:19,108.62,43.96
2026-09-10T01:43:20,108.33,43.67
2026-09-10T01:43:21,107.74,43.08
2026-09-10T01:43:22,108.48,43.81
2026-09-10T01:43:23,107.98,43.32
2026-09-10T01:43:24,108.36,43.7
2026-09-10T01:43:25,108.35,43.69
2026-09-10T01:43:26,107.82,43.16
2026-09-10T01:43:27,107.99,43.33
2026-09-10T01:43:28,108.51,43.85
2026-09-10T01:43:29,108.36,43.7
2026-09-10T01:43:30,108.21,43.55
2026-09-10T01:43:31,108.36,43.7
2026-09-10T01:43:32,107.87,43.22
2026-09-10T01:43:33,109.0,44.33
2026-09-10T01:43:34,107.82,43.16
2026-09-10T01:43:35,107.85,43.19
2026-09-10T01:43:36,108.04,43.38
2026-09-10T01:43:37,107.95,43.29
2026-09-10T01:43:38,108.46,43.79
2026-09-10T01:43:39,108.33,43.67
2026-09-10T01:43:40,107.8,43.15
2026-09-10T01:43:41,108.3,43.64
2026-09-10T01:43:42,108.63,43.96
2026-09-10T01:43:43,108.1,43.44
2026-09-10T01:43:44,108.13,43.47
2026-09-10T01:43:45,108.42,43.75
2026-09-10T01:43:46,108.4,43.74
2026-09-10T01:43:47,108.26,43.6
2026-09-10T01:43:48,108.75,44.08
2026-09-10T01:43:49,108.24,43.58
2026-09-10T01:43:50,108.29,43.62
2026-09-10T01:43:51,108.49,43.82
2026-09-10T01:43:52,107.98,43.32
2026-09-10T01:43:53,108.26,43.6
2026-09-10T01:43:54,108.17,43.51
2026-09-10T01:43:55,108.38,43.71
2026-09-10T01:43:56,108.32,43.65
2026-09-10T01:43:57,108.22,43.56
2026-09-10T01:43:58,107.9,43.25
2026-09-10T01:43:59,108.54,43.87
2026-09-10T01:44:00,108.29,43.63
2026-09-10T01:44:01,107.81,43.15
2026-09-10T01:44:02,108.37,43.71
2026-09-10T01:44:03,108.38,43.71
2026-09-10T01:44:04,108.1,43.44
2026-09-10T01:44:05,108.21,43.55
2026-09-10T01:44:06,108.21,43.55
2026-09-10T01:44:07,108.16,43.5
2026-09-10T01:44:08,108.16,43.5
2026-09-10T01:44:09,108.27,43.61
2026-09-10T01:44:10,109.62,44.94
2026-09-10T01:44:11,108.35,43.69
2026-09-10T01:44:12,108.39,43.73
2026-09-10T01:44:13,108.62,43.95
2026-09-10T01:44:14,108.24,43.58
2026-09-10T01:44:15,107.95,43.3
2026-09-10T01:44:16,107.92,43.27
2026-09-10T01:44:17,108.55,43.89
2026-09-10T01:44:18,108.37,43.71
2026-09-10T01:44:19,107.92,43.26
2026-09-10T01:44:20,108.21,43.55
2026-09-10T01:44:21,107.92,43.26
2026-09-10T01:44:22,108.61,43.94
2026-09-10T01:44:23,108.46,43.79
2026-09-10T01:44:24,108.19,43.52
2026-09-10T01:44:25,107.95,43.29
2026-09-10T01:44:26,108.27,43.61
2026-09-10T01:44:27,108.08,43.42
2026-09-10T01:44:28,107.98,43.32
2026-09-10T01:44:29,108.22,43.56
2026-09-10T01:44:30,107.94,43.29
2026-09-10T01:44:31,107.9,43.24
2026-09-10T01:44:32,108.64,43.97
2026-09-10T01:44:33,108.09,43.43
2026-09-10T01:44:34,110.36,45.67
2026-09-10T01:44:35,108.25,43.59
2026-09-10T01:44:36,108.33,43.67
2026-09-10T01:44:37,108.64,43.97
2026-09-10T01:44:38,109.36,44.68
2026-09-10T01:44:39,109.71,45.02
2026-09-10T01:44:40,111.11,46.41
2026-09-10T01:44:41,111.05,46.35
2026-09-10T01:44:42,110.04,45.36
2026-09-10T01:44:43,109.55,44.87
2026-09-10T01:44:44,108.99,44.32
2026-09-10T01:44:45,108.9,44.23
2026-09-10T01:44:46,108.17,43.51
2026-09-10T01:44:47,108.39,43.72
2026-09-10T01:44:48,108.23,43.57
2026-09-10T01:44:49,108.53,43.86
2026-09-10T01:44:50,108.3,43.64
2026-09-10T01:44:51,108.18,43.52
2026-09-10T01:44:52,107.84,43.18
2026-09-10T01:44:53,108.27,43.61
2026-09-10T01:44:54,108.55,43.89
2026-09-10T01:44:55,108.3,43.64
2026-09-10T01:44:56,108.39,43.72
2026-09-10T01:44:57,108.02,43.36
2026-09-10T01:44:58,108.47,43.81
2026-09-10T01:44:59,108.32,43.65
2026-09-10T01:45:00,108.04,43.38
2026-09-10T01:45:01,108.34,43.68
2026-09-10T01:45:02,108.18,43.52
2026-09-10T01:45:03,109.22,44.55
2026-09-10T01:45:04,108.36,43.7
2026-09-10T01:45:05,108.01,43.35
2026-09-10T01:45:06,108.38,43.71
2026-09-10T01:45:07,107.65,42.99
2026-09-10T01:45:08,108.03,43.37
2026-09-10T01:45:09,108.23,43.57
2026-09-10T01:45:10,108.25,43.59
2026-09-10T01:45:11,107.89,43.23
2026-09-10T01:45:12,108.36,43.7
2026-09-10T01:45:13,108.09,43.43
2026-09-10T01:45:14,108.09,43.43
2026-09-10T01:45:15,107.91,43.25
2026-09-10T01:45:16,108.22,43.56
2026-09-10T01:45:17,108.23,43.56
2026-09-10T01:45:18,108.1,43.44
2026-09-10T01:45:19,107.94,43.28
2026-09-10T01:45:20,108.13,43.47
2026-09-10T01:45:21,108.32,43.66
2026-09-10T01:45:22,108.58,43.92
2026-09-10T01:45:23,108.23,43.57
2026-09-10T01:45:24,107.73,43.08
2026-09-10T01:45:25,108.48,43.81
2026-09-10T01:45:26,108.08,43.42
2026-09-10T01:45:27,108.41,43.74
2026-09-10T01:45:28,107.93,43.28
2026-09-10T01:45:29,108.05,43.4
2026-09-10T01:45:30,108.33,43.67
2026-09-10T01:45:31,108.32,43.65
2026-09-10T01:45:32,108.5,43.84
2026-09-10T01:45:33,108.15,43.49
2026-09-10T01:45:34,108.35,43.68
2026-09-10T01:45:35,108.21,43.55
2026-09-10T01:45:36,108.33,43.67
2026-09-10T01:45:37,108.44,43.77
2026-09-10T01:45:38,108.41,43.75
2026-09-10T01:45:39,107.83,43.17
2026-09-10T01:45:40,108.53,43.87
2026-09-10T01:45:41,108.18,43.52
2026-09-10T01:45:42,108.27,43.61
2026-09-10T01:45:43,108.34,43.68
2026-09-10T01:45:44,108.19,43.53
2026-09-10T01:45:45,108.35,43.69
2026-09-10T01:45:46,107.7,43.05
2026-09-10T01:45:47,108.07,43.41
2026-09-10T01:45:48,108.01,43.35
2026-09-10T01:45:49,108.13,43.47
2026-09-10T01:45:50,108.38,43.71
2026-09-10T01:45:51,107.97,43.31
2026-09-10T01:45:52,108.0,43.35
2026-09-10T01:45:53,108.18,43.52
2026-09-10T01:45:54,108.05,43.39
2026-09-10T01:45:55,108.42,43.75
2026-09-10T01:45:56,107.99,43.33
2026-09-10T01:45:57,108.06,43.4
2026-09-10T01:45:58,107.94,43.28
2026-09-10T01:45:59,108.18,43.52
2026-09-10T01:46:00,108.48,43.81
2026-09-10T01:46:01,108.14,43.48
2026-09-10T01:46:02,107.99,43.33
2026-09-10T01:46:03,108.2,43.54
2026-09-10T01:46:04,108.06,43.4
2026-09-10T01:46:05,107.82,43.16
2026-09-10T01:46:06,108.05,43.4
2026-09-10T01:46:07,107.95,43.29
2026-09-10T01:46:08,107.68,43.03
2026-09-10T01:46:09,108.26,43.6
2026-09-10T01:46:10,108.19,43.53
2026-09-10T01:46:11,108.35,43.69
2026-09-10T01:46:12,108.35,43.69
2026-09-10T01:46:13,108.0,43.34
2026-09-10T01:46:14,107.91,43.25
2026-09-10T01:46:15,108.15,43.49
2026-09-10T01:46:16,108.39,43.73
2026-09-10T01:46:17,108.01,43.35
2026-09-10T01:46:18,108.36,43.7
2026-09-10T01:46:19,108.16,43.5
2026-09-10T01:46:20,108.27,43.61
2026-09-10T01:46:21,108.19,43.53
2026-09-10T01:46:22,107.99,43.33
2026-09-10T01:46:23,108.16,43.5
2026-09-10T01:46:24,108.5,43.84
2026-09-10T01:46:25,108.16,43.5
2026-09-10T01:46:26,108.0,43.34
2026-09-10T01:46:27,107.79,43.13
2026-09-10T01:46:28,108.02,43.36
2026-09-10T01:46:29,108.65,43.98
2026-09-10T01:46:30,108.11,43.45
2026-09-10T01:46:31,107.84,43.18
2026-09-10T01:46:32,108.44,43.77
2026-09-10T01:46:33,108.21,43.55
2026-09-10T01:46:34,108.03,43.37
2026-09-10T01:46:35,107.85,43.19
2026-09-10T01:46:36,108.39,43.73
2026-09-10T01:46:37,108.1,43.44
2026-09-10T01:46:38,108.04,43.38
2026-09-10T01:46:39,107.75,43.09
2026-09-10T01:46:40,107.91,43.25
2026-09-10T01:46:41,108.13,43.47
2026-09-10T01:46:42,108.18,43.52
2026-09-10T01:46:43,107.84,43.18
2026-09-10T01:46:44,108.11,43.45
2026-09-10T01:46:45,108.14,43.48
2026-09-10T01:46:46,108.44,43.78
2026-09-10T01:46:47,108.09,43.43
2026-09-10T01:46:48,108.06,43.4
2026-09-10T01:46:49,108.0,43.34
2026-09-10T01:46:50,108.16,43.5
2026-09-10T01:46:51,107.86,43.2
2026-09-10T01:46:52,108.13,43.47
2026-09-10T01:46:53,107.9,43.25
2026-09-10T01:46:54,108.42,43.76
2026-09-10T01:46:55,108.23,43.57
2026-09-10T01:46:56,108.12,43.46
2026-09-10T01:46:57,108.39,43.72
2026-09-10T01:46:58,107.83,43.18
2026-09-10T01:46:59,108.12,43.46
2026-09-10T01:47:00,108.14,43.48
2026-09-10T01:47:01,108.69,44.02
2026-09-10T01:47:02,108.17,43.51
2026-09-10T01:47:03,108.56,43.89
2026-09-10T01:47:04,108.05,43.39
2026-09-10T01:47:05,108.25,43.58
2026-09-10T01:47:06,108.36,43.7
2026-09-10T01:47:07,108.11,43.45
2026-09-10T01:47:08,108.0,43.34
2026-09-10T01:47:09,107.83,43.18
2026-09-10T01:47:10,108.16,43.49
2026-09-10T01:47:11,108.07,43.41
2026-09-10T01:47:12,108.78,44.11
2026-09-10T01:47:13,108.0,43.34
2026-09-10T01:47:14,107.91,43.25
2026-09-10T01:47:15,108.48,43.82
2026-09-10T01:47:16,108.01,43.35
2026-09-10T01:47:17,108.22,43.56
2026-09-10T01:47:18,108.18,43.52
2026-09-10T01:47:19,108.09,43.43
2026-09-10T01:47:20,108.42,43.75
2026-09-10T01:47:21,108.0,43.34
2026-09-10T01:47:22,108.03,43.37
2026-09-10T01:47:23,107.94,43.28
2026-09-10T01:47:24,108.26,43.59
2026-09-10T01:47:25,108.07,43.41
2026-09-10T01:47:26,107.94,43.28
2026-09-10T01:47:27,108.08,43.42
2026-09-10T01:47:28,108.11,43.45
2026-09-10T01:47:29,107.94,43.29
2026-09-10T01:47:30,107.75,43.09
2026-09-10T01:47:31,108.11,43.45
2026-09-10T01:47:32,107.67,43.01
2026-09-10T01:47:33,107.86,43.21
2026-09-10T01:47:34,107.32,42.67
2026-09-10T01:47:35,107.99,43.34
2026-09-10T01:47:36,107.49,42.83
2026-09-10T01:47:37,108.12,43.46
2026-09-10T01:47:38,108.17,43.5
2026-09-10T01:47:39,108.3,43.64
2026-09-10T01:47:40,108.21,43.55
2026-09-10T01:47:41,108.06,43.4
2026-09-10T01:47:42,108.37,43.7
2026-09-10T01:47:43,107.93,43.27
2026-09-10T01:47:44,107.96,43.3
2026-09-10T01:47:45,107.81,43.16
2026-09-10T01:47:46,107.79,43.13
2026-09-10T01:47:47,108.04,43.38
2026-09-10T01:47:48,108.64,43.97
2026-09-10T01:47:49,108.33,43.66
2026-09-10T01:47:50,107.71,43.06
2026-09-10T01:47:51,108.44,43.77
2026-09-10T01:47:52,108.07,43.41
2026-09-10T01:47:53,108.22,43.56
2026-09-10T01:47:54,108.42,43.76
2026-09-10T01:47:55,108.32,43.65
2026-09-10T01:47:56,107.96,43.3
2026-09-10T01:47:57,107.93,43.28
2026-09-10T01:47:58,108.33,43.67
2026-09-10T01:47:59,108.06,43.41
2026-09-10T01:48:00,107.87,43.21
2026-09-10T01:48:01,107.84,43.18
2026-09-10T01:48:02,107.96,43.3
2026-09-10T01:48:03,107.76,43.11
2026-09-10T01:48:04,108.11,43.45
2026-09-10T01:48:05,107.9,43.24
2026-09-10T01:48:06,107.7,43.05
2026-09-10T01:48:07,108.04,43.39
2026-09-10T01:48:08,108.18,43.52
2026-09-10T01:48:09,107.86,43.2
2026-09-10T01:48:10,107.57,42.91
2026-09-10T01:48:11,108.09,43.43
2026-09-10T01:48:12,107.97,43.31
2026-09-10T01:48:13,108.15,43.49
2026-09-10T01:48:14,107.94,43.28
2026-09-10T01:48:15,108.23,43.57
2026-09-10T01:48:16,108.26,43.6
2026-09-10T01:48:17,107.6,42.95
2026-09-10T01:48:18,108.21,43.55
2026-09-10T01:48:19,107.33,42.68
2026-09-10T01:48:20,108.11,43.45
2026-09-10T01:48:21,107.8,43.15
2026-09-10T01:48:22,108.12,43.46
2026-09-10T01:48:23,108.34,43.68
2026-09-10T01:48:24,108.22,43.56
2026-09-10T01:48:25,108.1,43.44
2026-09-10T01:48:26,108.32,43.66
2026-09-10T01:48:27,108.03,43.37
2026-09-10T01:48:28,108.81,44.14
2026-09-10T01:48:29,108.34,43.68
2026-09-10T01:48:30,107.8,43.15
2026-09-10T01:48:31,107.83,43.18
2026-09-10T01:48:32,107.99,43.34
2026-09-10T01:48:33,108.2,43.54
2026-09-10T01:48:34,108.2,43.54
2026-09-10T01:48:35,108.24,43.58
2026-09-10T01:48:36,107.62,42.97
2026-09-10T01:48:37,108.29,43.63
2026-09-10T01:48:38,107.84,43.18
2026-09-10T01:48:39,107.74,43.08
2026-09-10T01:48:40,108.64,43.97
2026-09-10T01:48:41,108.06,43.4
2026-09-10T01:48:42,108.33,43.67
2026-09-10T01:48:43,107.69,43.04
2026-09-10T01:48:44,108.18,43.52
2026-09-10T01:48:45,107.82,43.16
2026-09-10T01:48:46,108.02,43.36
2026-09-10T01:48:47,108.5,43.83
2026-09-10T01:48:48,108.17,43.51
2026-09-10T01:48:49,107.77,43.12
2026-09-10T01:48:50,107.86,43.2
2026-09-10T01:48:51,108.28,43.62
2026-09-10T01:48:52,108.71,44.04
2026-09-10T01:48:53,108.05,43.39
2026-09-10T01:48:54,108.09,43.43
2026-09-10T01:48:55,107.95,43.29
2026-09-10T01:48:56,108.12,43.46
2026-09-10T01:48:57,107.92,43.26
2026-09-10T01:48:58,108.21,43.55
2026-09-10T01:48:59,107.94,43.29
2026-09-10T01:49:00,108.03,43.37
2026-09-10T01:49:01,107.98,43.32
2026-09-10T01:49:02,108.29,43.63
2026-09-10T01:49:03,107.84,43.19
2026-09-10T01:49:04,108.28,43.62
2026-09-10T01:49:05,107.91,43.25
2026-09-10T01:49:06,108.06,43.4
2026-09-10T01:49:07,108.31,43.65
2026-09-10T01:49:08,108.14,43.48
2026-09-10T01:49:09,108.21,43.55
2026-09-10T01:49:10,108.2,43.54
2026-09-10T01:49:11,107.76,43.1
2026-09-10T01:49:12,108.3,43.64
2026-09-10T01:49:13,108.17,43.51
2026-09-10T01:49:14,107.45,42.8
2026-09-10T01:49:15,108.06,43.4
2026-09-10T01:49:16,107.92,43.27
2026-09-10T01:49:17,108.22,43.56
2026-09-10T01:49:18,108.02,43.36
2026-09-10T01:49:19,108.33,43.67
2026-09-10T01:49:20,108.15,43.49
2026-09-10T01:49:21,107.74,43.09
2026-09-10T01:49:22,108.2,43.54
2026-09-10T01:49:23,108.3,43.64
2026-09-10T01:49:24,108.25,43.59
2026-09-10T01:49:25,107.91,43.25
2026-09-10T01:49:26,108.1,43.44
2026-09-10T01:49:27,107.87,43.21
2026-09-10T01:49:28,108.17,43.51
2026-09-10T01:49:29,108.01,43.35
2026-09-10T01:49:30,108.43,43.76
2026-09-10T01:49:31,107.75,43.09
2026-09-10T01:49:32,108.17,43.51
2026-09-10T01:49:33,108.68,44.01
2026-09-10T01:49:34,108.86,44.19
2026-09-10T01:49:35,109.77,45.08
2026-09-10T01:49:36,108.09,43.43
2026-09-10T01:49:37,108.18,43.52
2026-09-10T01:49:38,107.81,43.15
2026-09-10T01:49:39,108.34,43.68
2026-09-10T01:49:40,108.43,43.77
2026-09-10T01:49:41,107.74,43.08
2026-09-10T01:49:42,108.32,43.66
2026-09-10T01:49:43,108.19,43.53
2026-09-10T01:49:44,108.39,43.72
2026-09-10T01:49:45,107.96,43.3
2026-09-10T01:49:46,107.83,43.18
2026-09-10T01:49:47,107.93,43.27
2026-09-10T01:49:48,108.26,43.59
2026-09-10T01:49:49,107.82,43.17
2026-09-10T01:49:50,108.48,43.81
2026-09-10T01:49:51,108.06,43.4
2026-09-10T01:49:52,108.25,43.59
2026-09-10T01:49:53,107.61,42.96
2026-09-10T01:49:54,108.34,43.68
2026-09-10T01:49:55,108.25,43.58
2026-09-10T01:49:56,108.36,43.69
2026-09-10T01:49:57,108.4,43.73
2026-09-10T01:49:58,108.02,43.36
2026-09-10T01:49:59,108.42,43.76
2026-09-10T01:50:00,108.31,43.65
2026-09-10T01:50:01,107.53,42.88
2026-09-10T01:50:02,108.03,43.37
2026-09-10T01:50:03,108.01,43.35
2026-09-10T01:50:04,108.34,43.68
2026-09-10T01:50:05,108.44,43.77
2026-09-10T01:50:06,108.26,43.59
2026-09-10T01:50:07,108.68,44.01
2026-09-10T01:50:08,107.89,43.24
2026-09-10T01:50:09,108.5,43.84
2026-09-10T01:50:10,108.44,43.77
2026-09-10T01:50:11,108.19,43.53
2026-09-10T01:50:12,108.25,43.59
2026-09-10T01:50:13,108.09,43.43
2026-09-10T01:50:14,107.98,43.32
2026-09-10T01:50:15,108.73,44.07
2026-09-10T01:50:16,108.45,43.79
2026-09-10T01:50:17,108.05,43.39
2026-09-10T01:50:18,108.2,43.54
2026-09-10T01:50:19,108.38,43.72
2026-09-10T01:50:20,108.02,43.36
2026-09-10T01:50:21,108.19,43.53
2026-09-10T01:50:22,108.07,43.41
2026-09-10T01:50:23,108.25,43.59
2026-09-10T01:50:24,107.66,43.01
2026-09-10T01:50:25,108.41,43.75
2026-09-10T01:50:26,108.68,44.01
2026-09-10T01:50:27,108.07,43.41
2026-09-10T01:50:28,108.38,43.72
2026-09-10T01:50:29,108.21,43.55
2026-09-10T01:50:30,108.05,43.39
2026-09-10T01:50:31,108.32,43.66
2026-09-10T01:50:32,108.74,44.07
2026-09-10T01:50:33,108.14,43.48
2026-09-10T01:50:34,108.0,43.35
2026-09-10T01:50:35,108.22,43.56
2026-09-10T01:50:36,108.59,43.92
2026-09-10T01:50:37,108.63,43.96
2026-09-10T01:50:38,108.4,43.74
2026-09-10T01:50:39,107.88,43.23
2026-09-10T01:50:40,108.22,43.56
2026-09-10T01:50:41,108.43,43.77
2026-09-10T01:50:42,107.78,43.13
2026-09-10T01:50:43,107.72,43.07
2026-09-10T01:50:44,108.26,43.6
2026-09-10T01:50:45,108.05,43.39
2026-09-10T01:50:46,108.15,43.49
2026-09-10T01:50:47,107.94,43.28
2026-09-10T01:50:48,108.26,43.6
2026-09-10T01:50:49,108.17,43.51
2026-09-10T01:50:50,108.12,43.46
2026-09-10T01:50:51,108.24,43.58
2026-09-10T01:50:52,108.08,43.42
2026-09-10T01:50:53,107.7,43.05
2026-09-10T01:50:54,107.79,43.13
2026-09-10T01:50:55,107.52,42.87
2026-09-10T01:50:56,108.34,43.68
2026-09-10T01:50:57,108.32,43.66
2026-09-10T01:50:58,108.04,43.38
2026-09-10T01:50:59,107.92,43.26
2026-09-10T01:51:00,108.33,43.67
2026-09-10T01:51:01,107.91,43.25
2026-09-10T01:51:02,108.16,43.5
2026-09-10T01:51:03,107.73,43.07
2026-09-10T01:51:04,108.34,43.68
2026-09-10T01:51:05,107.97,43.32
2026-09-10T01:51:06,108.48,43.81
2026-09-10T01:51:07,108.22,43.56
2026-09-10T01:51:08,108.02,43.36
2026-09-10T01:51:09,108.21,43.55
2026-09-10T01:51:10,108.16,43.5
2026-09-10T01:51:11,107.86,43.2
2026-09-10T01:51:12,107.62,42.97
2026-09-10T01:51:13,108.12,43.46
2026-09-10T01:51:14,108.15,43.49
2026-09-10T01:51:15,108.35,43.69
2026-09-10T01:51:16,108.11,43.45
2026-09-10T01:51:17,108.26,43.6
2026-09-10T01:51:18,108.25,43.59
2026-09-10T01:51:19,107.99,43.33
2026-09-10T01:51:20,108.53,43.86
2026-09-10T01:51:21,107.83,43.18
2026-09-10T01:51:22,108.48,43.81
2026-09-10T01:51:23,108.0,43.34
2026-09-10T01:51:24,107.97,43.31
2026-09-10T01:51:25,108.2,43.54
2026-09-10T01:51:26,108.15,43.49
2026-09-10T01:51:27,107.99,43.33
2026-09-10T01:51:28,108.13,43.47
2026-09-10T01:51:29,108.63,43.96
2026-09-10T01:51:30,108.13,43.47
2026-09-10T01:51:31,107.8,43.15
2026-09-10T01:51:32,107.92,43.27
2026-09-10T01:51:33,107.84,43.19
2026-09-10T01:51:34,108.53,43.86
2026-09-10T01:51:35,108.92,44.24
2026-09-10T01:51:36,108.23,43.56
2026-09-10T01:51:37,108.1,43.44
2026-09-10T01:51:38,108.16,43.5
2026-09-10T01:51:39,108.17,43.5
2026-09-10T01:51:40,108.28,43.62
2026-09-10T01:51:41,108.17,43.51
2026-09-10T01:51:42,108.59,43.92
2026-09-10T01:51:43,108.3,43.63
2026-09-10T01:51:44,108.25,43.59
2026-09-10T01:51:45,108.14,43.48
2026-09-10T01:51:46,107.76,43.11
2026-09-10T01:51:47,108.2,43.54
2026-09-10T01:51:48,107.84,43.19
2026-09-10T01:51:49,108.39,43.73
2026-09-10T01:51:50,107.97,43.31
2026-09-10T01:51:51,108.11,43.45
2026-09-10T01:51:52,108.42,43.75
2026-09-10T01:51:53,108.18,43.52
2026-09-10T01:51:54,107.86,43.2
2026-09-10T01:51:55,107.77,43.11
2026-09-10T01:51:56,108.06,43.4
2026-09-10T01:51:57,108.06,43.41
2026-09-10T01:51:58,107.78,43.13
2026-09-10T01:51:59,108.31,43.64
2026-09-10T01:52:00,108.03,43.37
2026-09-10T01:52:01,108.21,43.55
2026-09-10T01:52:02,108.52,43.85
2026-09-10T01:52:03,108.32,43.66
2026-09-10T01:52:04,108.07,43.41
2026-09-10T01:52:05,108.2,43.54
2026-09-10T01:52:06,108.85,44.18
2026-09-10T01:52:07,108.93,44.26
2026-09-10T01:52:08,109.67,44.99
2026-09-10T01:52:09,111.03,46.33
2026-09-10T01:52:10,111.7,46.99
2026-09-10T01:52:11,115.78,51.01
2026-09-10T01:52:12,109.26,44.58
2026-09-10T01:52:13,108.87,44.2
2026-09-10T01:52:14,108.33,43.67
2026-09-10T01:52:15,108.07,43.41
2026-09-10T01:52:16,108.45,43.79
2026-09-10T01:52:17,108.26,43.6
2026-09-10T01:52:18,108.02,43.36
2026-09-10T01:52:19,107.81,43.15
2026-09-10T01:52:20,108.12,43.46
2026-09-10T01:52:21,108.58,43.92
2026-09-10T01:52:22,107.9,43.24
2026-09-10T01:52:23,108.64,43.97
2026-09-10T01:52:24,107.91,43.25
2026-09-10T01:52:25,107.89,43.24
2026-09-10T01:52:26,108.1,43.44
2026-09-10T01:52:27,108.22,43.55
2026-09-10T01:52:28,108.31,43.64
2026-09-10T01:52:29,108.19,43.53
2026-09-10T01:52:30,108.01,43.35
2026-09-10T01:52:31,108.5,43.84
2026-09-10T01:52:32,108.41,43.75
2026-09-10T01:52:33,108.19,43.52
2026-09-10T01:52:34,108.52,43.86
2026-09-10T01:52:35,108.02,43.36
2026-09-10T01:52:36,108.4,43.74
2026-09-10T01:52:37,108.16,43.5
2026-09-10T01:52:38,107.8,43.14
2026-09-10T01:52:39,108.36,43.7
2026-09-10T01:52:40,107.96,43.3
2026-09-10T01:52:41,108.36,43.69
2026-09-10T01:52:42,108.38,43.72
2026-09-10T01:52:43,107.95,43.29
2026-09-10T01:52:44,108.01,43.35
2026-09-10T01:52:45,108.15,43.49
2026-09-10T01:52:46,108.11,43.45
2026-09-10T01:52:47,108.12,43.46
2026-09-10T01:52:48,108.03,43.37
2026-09-10T01:52:49,108.73,44.06
2026-09-10T01:52:50,108.02,43.36
2026-09-10T01:52:51,107.58,42.93
2026-09-10T01:52:52,108.06,43.4
2026-09-10T01:52:53,108.38,43.71
2026-09-10T01:52:54,109.31,44.63
2026-09-10T01:52:55,108.02,43.36
2026-09-10T01:52:56,108.27,43.6
2026-09-10T01:52:57,108.34,43.67
2026-09-10T01:52:58,108.39,43.73
2026-09-10T01:52:59,108.33,43.66
2026-09-10T01:53:00,108.16,43.5
2026-09-10T01:53:01,108.15,43.49
2026-09-10T01:53:02,108.45,43.78
2026-09-10T01:53:03,108.18,43.52
2026-09-10T01:53:04,107.87,43.21
2026-09-10T01:53:05,107.88,43.22
2026-09-10T01:53:06,108.5,43.84
2026-09-10T01:53:07,108.5,43.83
2026-09-10T01:53:08,108.2,43.54
2026-09-10T01:53:09,108.15,43.49
2026-09-10T01:53:10,108.54,43.88
2026-09-10T01:53:11,108.53,43.86
2026-09-10T01:53:12,107.87,43.22
2026-09-10T01:53:13,108.35,43.68
2026-09-10T01:53:14,107.74,43.08
2026-09-10T01:53:15,107.95,43.3
2026-09-10T01:53:16,108.5,43.83
2026-09-10T01:53:17,108.43,43.76
2026-09-10T01:53:18,107.72,43.06
2026-09-10T01:53:19,108.38,43.72
2026-09-10T01:53:20,107.64,42.98
2026-09-10T01:53:21,108.29,43.63
2026-09-10T01:53:22,108.33,43.66
2026-09-10T01:53:23,107.96,43.3
2026-09-10T01:53:24,108.42,43.75
2026-09-10T01:53:25,108.3,43.64
2026-09-10T01:53:26,108.34,43.68
2026-09-10T01:53:27,108.32,43.66
2026-09-10T01:53:28,107.98,43.32
2026-09-10T01:53:29,108.01,43.35
2026-09-10T01:53:30,107.81,43.15
2026-09-10T01:53:31,108.39,43.72
2026-09-10T01:53:32,108.31,43.65
2026-09-10T01:53:33,108.09,43.43
2026-09-10T01:53:34,108.2,43.54
2026-09-10T01:53:35,107.44,42.79
2026-09-10T01:53:36,107.63,42.97
2026-09-10T01:53:37,108.24,43.58
2026-09-10T01:53:38,108.45,43.78
2026-09-10T01:53:39,108.3,43.63
2026-09-10T01:53:40,108.19,43.53
2026-09-10T01:53:41,107.96,43.3
2026-09-10T01:53:42,107.79,43.13
2026-09-10T01:53:43,108.24,43.58
2026-09-10T01:53:44,108.25,43.59
2026-09-10T01:53:45,108.04,43.38
2026-09-10T01:53:46,108.63,43.96
2026-09-10T01:53:47,108.46,43.79
2026-09-10T01:53:48,108.05,43.39
2026-09-10T01:53:49,108.15,43.49
2026-09-10T01:53:50,107.82,43.16
2026-09-10T01:53:51,108.17,43.51
2026-09-10T01:53:52,107.92,43.26
2026-09-10T01:53:53,108.24,43.58
2026-09-10T01:53:54,107.86,43.2
2026-09-10T01:53:55,108.51,43.85
2026-09-10T01:53:56,108.61,43.94
2026-09-10T01:53:57,108.63,43.96
2026-09-10T01:53:58,107.94,43.28
2026-09-10T01:53:59,108.33,43.67
2026-09-10T01:54:00,108.94,44.27
2026-09-10T01:54:01,108.24,43.58
2026-09-10T01:54:02,107.97,43.31
2026-09-10T01:54:03,108.11,43.45
2026-09-10T01:54:04,108.09,43.43
2026-09-10T01:54:05,107.97,43.32
2026-09-10T01:54:06,108.5,43.84
2026-09-10T01:54:07,107.61,42.96
2026-09-10T01:54:08,108.0,43.34
2026-09-10T01:54:09,108.41,43.74
2026-09-10T01:54:10,108.15,43.49
2026-09-10T01:54:11,108.28,43.62
2026-09-10T01:54:12,107.66,43.01
2026-09-10T01:54:13,107.95,43.29
2026-09-10T01:54:14,108.32,43.65
2026-09-10T01:54:15,108.2,43.54
2026-09-10T01:54:16,108.05,43.4
2026-09-10T01:54:17,108.19,43.53
2026-09-10T01:54:18,108.56,43.89
2026-09-10T01:54:19,108.3,43.64
2026-09-10T01:54:20,108.45,43.78
2026-09-10T01:54:21,108.45,43.79
2026-09-10T01:54:22,107.93,43.27
2026-09-10T01:54:23,107.98,43.32
2026-09-10T01:54:24,108.32,43.66
2026-09-10T01:54:25,108.07,43.41
2026-09-10T01:54:26,108.36,43.69
2026-09-10T01:54:27,108.18,43.52
2026-09-10T01:54:28,107.99,43.33
2026-09-10T01:54:29,108.09,43.43
2026-09-10T01:54:30,108.16,43.5
2026-09-10T01:54:31,108.03,43.37
2026-09-10T01:54:32,108.16,43.5
2026-09-10T01:54:33,108.62,43.96
2026-09-10T01:54:34,107.91,43.26
2026-09-10T01:54:35,110.0,45.31
2026-09-10T01:54:36,109.09,44.41
2026-09-10T01:54:37,107.97,43.32
2026-09-10T01:54:38,108.12,43.46
2026-09-10T01:54:39,107.74,43.08
2026-09-10T01:54:40,107.91,43.25
2026-09-10T01:54:41,108.13,43.47
2026-09-10T01:54:42,108.42,43.75
2026-09-10T01:54:43,107.89,43.23
2026-09-10T01:54:44,107.76,43.11
2026-09-10T01:54:45,108.18,43.52
2026-09-10T01:54:46,108.13,43.47
2026-09-10T01:54:47,108.04,43.38
2026-09-10T01:54:48,108.33,43.67
2026-09-10T01:54:49,107.96,43.31
2026-09-10T01:54:50,107.91,43.25
2026-09-10T01:54:51,108.21,43.54
2026-09-10T01:54:52,108.24,43.58
2026-09-10T01:54:53,107.88,43.23
2026-09-10T01:54:54,107.83,43.17
2026-09-10T01:54:55,108.0,43.35
2026-09-10T01:54:56,107.93,43.28
2026-09-10T01:54:57,107.98,43.32
2026-09-10T01:54:58,108.14,43.48
2026-09-10T01:54:59,107.9,43.25
2026-09-10T01:55:00,108.23,43.57
2026-09-10T01:55:01,108.99,44.32
2026-09-10T01:55:02,107.8,43.14
2026-09-10T01:55:03,108.38,43.72
2026-09-10T01:55:04,108.32,43.66
2026-09-10T01:55:05,108.34,43.68
2026-09-10T01:55:06,107.94,43.29
2026-09-10T01:55:07,108.07,43.41
2026-09-10T01:55:08,107.93,43.28
2026-09-10T01:55:09,108.59,43.93
2026-09-10T01:55:10,108.56,43.89
2026-09-10T01:55:11,108.05,43.39
2026-09-10T01:55:12,107.92,43.26
2026-09-10T01:55:13,108.28,43.62
2026-09-10T01:55:14,108.36,43.7
2026-09-10T01:55:15,108.21,43.55
2026-09-10T01:55:16,107.77,43.12
2026-09-10T01:55:17,108.48,43.82
2026-09-10T01:55:18,108.7,44.03
2026-09-10T01:55:19,108.23,43.57
2026-09-10T01:55:20,108.03,43.37
2026-09-10T01:55:21,108.38,43.72
2026-09-10T01:55:22,108.31,43.65
2026-09-10T01:55:23,108.17,43.51
2026-09-10T01:55:24,107.82,43.16
2026-09-10T01:55:25,108.12,43.46
2026-09-10T01:55:26,107.86,43.2
2026-09-10T01:55:27,108.68,44.01
2026-09-10T01:55:28,108.16,43.49
2026-09-10T01:55:29,108.29,43.63
2026-09-10T01:55:30,108.29,43.63
2026-09-10T01:55:31,108.04,43.38
2026-09-10T01:55:32,108.4,43.73
2026-09-10T01:55:33,108.21,43.55
2026-09-10T01:55:34,108.12,43.46
2026-09-10T01:55:35,108.1,43.44
2026-09-10T01:55:36,108.07,43.41
2026-09-10T01:55:37,108.27,43.61
2026-09-10T01:55:38,108.33,43.67
2026-09-10T01:55:39,108.09,43.43
2026-09-10T01:55:40,108.02,43.36
2026-09-10T01:55:41,108.21,43.55
2026-09-10T01:55:42,108.57,43.9
2026-09-10T01:55:43,108.21,43.55
2026-09-10T01:55:44,108.11,43.45
2026-09-10T01:55:45,108.18,43.52
2026-09-10T01:55:46,108.33,43.67
2026-09-10T01:55:47,107.81,43.16
2026-09-10T01:55:48,108.25,43.59
2026-09-10T01:55:49,107.92,43.26
2026-09-10T01:55:50,108.57,43.91
2026-09-10T01:55:51,107.63,42.98
2026-09-10T01:55:52,107.9,43.25
2026-09-10T01:55:53,108.13,43.47
2026-09-10T01:55:54,108.04,43.38
2026-09-10T01:55:55,108.17,43.51
2026-09-10T01:55:56,108.28,43.62
2026-09-10T01:55:57,108.01,43.35
2026-09-10T01:55:58,108.43,43.77
2026-09-10T01:55:59,107.8,43.15
2026-09-10T01:56:00,108.24,43.58
2026-09-10T01:56:01,108.42,43.75
2026-09-10T01:56:02,108.31,43.65
2026-09-10T01:56:03,108.03,43.37
2026-09-10T01:56:04,108.02,43.37
2026-09-10T01:56:05,108.36,43.69
2026-09-10T01:56:06,108.23,43.57
2026-09-10T01:56:07,107.97,43.31
2026-09-10T01:56:08,108.47,43.81
2026-09-10T01:56:09,108.01,43.35
2026-09-10T01:56:10,108.15,43.49
2026-09-10T01:56:11,108.18,43.52
2026-09-10T01:56:12,108.35,43.68
2026-09-10T01:56:13,108.17,43.51
2026-09-10T01:56:14,108.17,43.51
2026-09-10T01:56:15,108.4,43.74
2026-09-10T01:56:16,108.43,43.76
2026-09-10T01:56:17,108.14,43.48
2026-09-10T01:56:18,107.94,43.28
2026-09-10T01:56:19,108.87,44.2
2026-09-10T01:56:20,108.8,44.13
2026-09-10T01:56:21,108.1,43.44
2026-09-10T01:56:22,109.34,44.66
2026-09-10T01:56:23,110.67,45.97
2026-09-10T01:56:24,111.35,46.64
2026-09-10T01:56:25,111.36,46.65
2026-09-10T01:56:26,110.98,46.28
2026-09-10T01:56:27,109.96,45.27
2026-09-10T01:56:28,108.86,44.19
2026-09-10T01:56:29,109.16,44.48
2026-09-10T01:56:30,109.16,44.48
2026-09-10T01:56:31,108.56,43.89
2026-09-10T01:56:32,108.11,43.45
2026-09-10T01:56:33,109.18,44.51
2026-09-10T01:56:34,108.22,43.56
2026-09-10T01:56:35,108.22,43.56
2026-09-10T01:56:36,108.35,43.69
2026-09-10T01:56:37,109.16,44.48
2026-09-10T01:56:38,108.49,43.83
2026-09-10T01:56:39,108.07,43.41
2026-09-10T01:56:40,109.12,44.45
2026-09-10T01:56:41,108.47,43.8
2026-09-10T01:56:42,107.97,43.31
2026-09-10T01:56:43,109.04,44.37
2026-09-10T01:56:44,108.98,44.31
2026-09-10T01:56:45,107.67,43.02
2026-09-10T01:56:46,107.93,43.28
2026-09-10T01:56:47,108.78,44.11
2026-09-10T01:56:48,108.31,43.65
2026-09-10T01:56:49,107.94,43.28
2026-09-10T01:56:50,108.69,44.02
2026-09-10T01:56:51,108.28,43.62
2026-09-10T01:56:52,108.41,43.75
2026-09-10T01:56:53,108.35,43.68
2026-09-10T01:56:54,108.89,44.22
2026-09-10T01:56:55,108.07,43.41
2026-09-10T01:56:56,108.06,43.4
2026-09-10T01:56:57,108.37,43.7
2026-09-10T01:56:58,108.42,43.76
2026-09-10T01:56:59,108.06,43.4
2026-09-10T01:57:00,108.55,43.89
2026-09-10T01:57:01,108.95,44.28
2026-09-10T01:57:02,108.21,43.55
2026-09-10T01:57:03,108.55,43.89
2026-09-10T01:57:04,108.7,44.03
2026-09-10T01:57:05,108.39,43.72
2026-09-10T01:57:06,108.32,43.65
2026-09-10T01:57:07,108.41,43.75
2026-09-10T01:57:08,108.99,44.32
2026-09-10T01:57:09,108.03,43.37
2026-09-10T01:57:10,108.11,43.45
2026-09-10T01:57:11,108.09,43.43
2026-09-10T01:57:12,108.32,43.66
2026-09-10T01:57:13,107.71,43.06
2026-09-10T01:57:14,107.98,43.33
2026-09-10T01:57:15,108.57,43.9
2026-09-10T01:57:16,108.93,44.25
2026-09-10T01:57:17,107.91,43.25
2026-09-10T01:57:18,107.89,43.23
2026-09-10T01:57:19,108.91,44.24
2026-09-10T01:57:20,108.68,44.01
2026-09-10T01:57:21,108.08,43.43
2026-09-10T01:57:22,107.83,43.17
2026-09-10T01:57:23,109.32,44.64
2026-09-10T01:57:24,108.09,43.43
2026-09-10T01:57:25,108.06,43.4
2026-09-10T01:57:26,108.87,44.2
2026-09-10T01:57:27,108.33,43.67
2026-09-10T01:57:28,107.79,43.14
2026-09-10T01:57:29,108.41,43.74
2026-09-10T01:57:30,108.33,43.67
2026-09-10T01:57:31,108.33,43.67
2026-09-10T01:57:32,108.47,43.8
2026-09-10T01:57:33,108.11,43.45
2026-09-10T01:57:34,108.77,44.11
2026-09-10T01:57:35,107.85,43.2
2026-09-10T01:57:36,108.06,43.4
2026-09-10T01:57:37,108.37,43.71
2026-09-10T01:57:38,108.48,43.81
2026-09-10T01:57:39,108.24,43.58
2026-09-10T01:57:40,107.99,43.33
2026-09-10T01:57:41,108.83,44.16
2026-09-10T01:57:42,108.22,43.56
2026-09-10T01:57:43,108.06,43.4
2026-09-10T01:57:44,109.24,44.57
2026-09-10T01:57:45,107.94,43.29
2026-09-10T01:57:46,107.71,43.05
2026-09-10T01:57:47,107.77,43.11
2026-09-10T01:57:48,108.72,44.05
2026-09-10T01:57:49,107.73,43.07
2026-09-10T01:57:50,108.17,43.5
2026-09-10T01:57:51,107.96,43.3
2026-09-10T01:57:52,108.62,43.95
2026-09-10T01:57:53,108.36,43.7
2026-09-10T01:57:54,108.25,43.59
2026-09-10T01:57:55,108.26,43.6
2026-09-10T01:57:56,108.16,43.5
2026-09-10T01:57:57,108.01,43.35
2026-09-10T01:57:58,107.94,43.28
2026-09-10T01:57:59,108.1,43.44
2026-09-10T01:58:00,108.16,43.5
2026-09-10T01:58:01,107.56,42.91
2026-09-10T01:58:02,108.39,43.72
2026-09-10T01:58:03,108.09,43.43
2026-09-10T01:58:04,108.12,43.46
2026-09-10T01:58:05,108.28,43.62
2026-09-10T01:58:06,108.32,43.66
2026-09-10T01:58:07,108.23,43.57
2026-09-10T01:58:08,107.98,43.32
2026-09-10T01:58:09,108.17,43.51
2026-09-10T01:58:10,108.54,43.87
2026-09-10T01:58:11,108.08,43.42
2026-09-10T01:58:12,107.92,43.27
2026-09-10T01:58:13,108.14,43.48
2026-09-10T01:58:14,107.7,43.05
2026-09-10T01:58:15,107.99,43.33
2026-09-10T01:58:16,108.65,43.98
2026-09-10T01:58:17,108.18,43.51
2026-09-10T01:58:18,108.4,43.74
2026-09-10T01:58:19,108.39,43.73
2026-09-10T01:58:20,108.21,43.55
2026-09-10T01:58:21,108.14,43.48
2026-09-10T01:58:22,107.96,43.3
2026-09-10T01:58:23,108.14,43.48
2026-09-10T01:58:24,107.6,42.94
2026-09-10T01:58:25,107.7,43.04
2026-09-10T01:58:26,108.05,43.39
2026-09-10T01:58:27,107.96,43.3
2026-09-10T01:58:28,108.25,43.58
2026-09-10T01:58:29,108.12,43.46
2026-09-10T01:58:30,108.0,43.34
2026-09-10T01:58:31,107.86,43.21
2026-09-10T01:58:32,108.18,43.52
2026-09-10T01:58:33,108.11,43.45
2026-09-10T01:58:34,108.58,43.91
2026-09-10T01:58:35,108.61,43.95
2026-09-10T01:58:36,107.9,43.24
2026-09-10T01:58:37,108.52,43.85
2026-09-10T01:58:38,108.43,43.76
2026-09-10T01:58:39,108.33,43.67
2026-09-10T01:58:40,108.29,43.63
2026-09-10T01:58:41,108.4,43.74
2026-09-10T01:58:42,108.65,43.98
2026-09-10T01:58:43,108.45,43.78
2026-09-10T01:58:44,107.9,43.24
2026-09-10T01:58:45,108.21,43.55
2026-09-10T01:58:46,108.3,43.64
2026-09-10T01:58:47,108.19,43.53
2026-09-10T01:58:48,108.44,43.78
2026-09-10T01:58:49,108.07,43.41
2026-09-10T01:58:50,108.78,44.11
2026-09-10T01:58:51,108.68,44.01
2026-09-10T01:58:52,108.03,43.37
2026-09-10T01:58:53,108.19,43.53
2026-09-10T01:58:54,108.08,43.42
2026-09-10T01:58:55,108.33,43.66
2026-09-10T01:58:56,107.87,43.22
2026-09-10T01:58:57,108.09,43.43
2026-09-10T01:58:58,108.66,43.99
2026-09-10T01:58:59,108.29,43.63
2026-09-10T01:59:00,108.33,43.66
2026-09-10T01:59:01,108.4,43.74
2026-09-10T01:59:02,107.8,43.15
2026-09-10T01:59:03,107.81,43.16
2026-09-10T01:59:04,108.13,43.47
2026-09-10T01:59:05,108.15,43.49
2026-09-10T01:59:06,108.22,43.56
2026-09-10T01:59:07,107.82,43.17
2026-09-10T01:59:08,108.52,43.85
2026-09-10T01:59:09,108.29,43.62
2026-09-10T01:59:10,108.2,43.54
2026-09-10T01:59:11,108.2,43.54
2026-09-10T01:59:12,108.2,43.54
2026-09-10T01:59:13,107.67,43.02
2026-09-10T01:59:14,108.15,43.49
2026-09-10T01:59:15,108.07,43.41
2026-09-10T01:59:16,108.21,43.55
2026-09-10T01:59:17,108.08,43.42
2026-09-10T01:59:18,108.11,43.45
2026-09-10T01:59:19,108.63,43.97
2026-09-10T01:59:20,108.25,43.58
2026-09-10T01:59:21,107.71,43.06
2026-09-10T01:59:22,108.45,43.79
2026-09-10T01:59:23,108.11,43.45
2026-09-10T01:59:24,108.02,43.36
2026-09-10T01:59:25,108.12,43.46
2026-09-10T01:59:26,108.27,43.61
2026-09-10T01:59:27,108.49,43.83
2026-09-10T01:59:28,107.8,43.14
2026-09-10T01:59:29,108.58,43.91
2026-09-10T01:59:30,108.16,43.5
2026-09-10T01:59:31,108.42,43.75
2026-09-10T01:59:32,108.58,43.91
2026-09-10T01:59:33,108.47,43.8
2026-09-10T01:59:34,108.08,43.42
2026-09-10T01:59:35,108.29,43.62
2026-09-10T01:59:36,110.39,45.7
2026-09-10T01:59:37,108.4,43.74
2026-09-10T01:59:38,108.43,43.76
2026-09-10T01:59:39,107.83,43.18
2026-09-10T01:59:40,108.19,43.53
2026-09-10T01:59:41,108.29,43.62
2026-09-10T01:59:42,108.26,43.59
2026-09-10T01:59:43,107.93,43.28
2026-09-10T01:59:44,108.27,43.61
2026-09-10T01:59:45,108.21,43.55
2026-09-10T01:59:46,108.1,43.44
2026-09-10T01:59:47,108.0,43.34
2026-09-10T01:59:48,108.13,43.47
2026-09-10T01:59:49,108.4,43.73
2026-09-10T01:59:50,107.71,43.05
2026-09-10T01:59:51,108.27,43.61
2026-09-10T01:59:52,108.15,43.49
2026-09-10T01:59:53,107.97,43.31
2026-09-10T01:59:54,107.9,43.24
2026-09-10T01:59:55,108.15,43.49
2026-09-10T01:59:56,108.22,43.56
2026-09-10T01:59:57,107.65,43.0
2026-09-10T01:59:58,108.81,44.14
2026-09-10T01:59:59,108.09,43.43
2026-09-10T02:00:00,108.12,43.46
2026-09-10T02:00:01,108.32,43.66
2026-09-10T02:00:02,108.24,43.57
2026-09-10T02:00:03,107.83,43.17
2026-09-10T02:00:04,107.95,43.29
2026-09-10T02:00:05,107.84,43.18
2026-09-10T02:00:06,107.98,43.33
2026-09-10T02:00:07,108.52,43.86
2026-09-10T02:00:08,108.07,43.42
2026-09-10T02:00:09,108.22,43.56
2026-09-10T02:00:10,108.24,43.58
2026-09-10T02:00:11,108.23,43.56
2026-09-10T02:00:12,108.32,43.66
2026-09-10T02:00:13,108.38,43.72
2026-09-10T02:00:14,108.11,43.45
2026-09-10T02:00:15,108.19,43.53
2026-09-10T02:00:16,108.25,43.59
2026-09-10T02:00:17,107.79,43.14
2026-09-10T02:00:18,107.7,43.04
2026-09-10T02:00:19,108.09,43.43
2026-09-10T02:00:20,108.65,43.98
2026-09-10T02:00:21,108.31,43.65
2026-09-10T02:00:22,108.11,43.45
2026-09-10T02:00:23,108.31,43.65
2026-09-10T02:00:24,108.37,43.71
2026-09-10T02:00:25,108.85,44.18
2026-09-10T02:00:26,107.99,43.33
2026-09-10T02:00:27,107.86,43.21
2026-09-10T02:00:28,108.35,43.68
2026-09-10T02:00:29,108.11,43.45
2026-09-10T02:00:30,107.53,42.88
2026-09-10T02:00:31,108.46,43.79
2026-09-10T02:00:32,108.48,43.82
2026-09-10T02:00:33,108.54,43.87
2026-09-10T02:00:34,108.21,43.55
2026-09-10T02:00:35,108.43,43.77
2026-09-10T02:00:36,108.04,43.38
2026-09-10T02:00:37,108.55,43.88
2026-09-10T02:00:38,107.97,43.31
2026-09-10T02:00:39,108.08,43.42
2026-09-10T02:00:40,108.13,43.47
2026-09-10T02:00:41,108.29,43.63
2026-09-10T02:00:42,107.85,43.19
2026-09-10T02:00:43,108.19,43.53
2026-09-10T02:00:44,108.11,43.45
2026-09-10T02:00:45,108.41,43.75
2026-09-10T02:00:46,107.9,43.24
2026-09-10T02:00:47,107.93,43.27
2026-09-10T02:00:48,108.41,43.75
2026-09-10T02:00:49,108.06,43.4
2026-09-10T02:00:50,108.25,43.59
2026-09-10T02:00:51,108.38,43.72
2026-09-10T02:00:52,108.28,43.61
2026-09-10T02:00:53,108.8,44.13
2026-09-10T02:00:54,108.69,44.02
2026-09-10T02:00:55,108.84,44.17
2026-09-10T02:00:56,109.02,44.35
2026-09-10T02:00:57,108.57,43.9
2026-09-10T02:00:58,107.86,43.2
2026-09-10T02:00:59,108.31,43.65
2026-09-10T02:01:00,108.28,43.62
2026-09-10T02:01:01,108.28,43.62
2026-09-10T02:01:02,107.93,43.27
2026-09-10T02:01:03,108.05,43.39
2026-09-10T02:01:04,107.9,43.24
2026-09-10T02:01:05,108.14,43.48
2026-09-10T02:01:06,108.16,43.5
2026-09-10T02:01:07,107.88,43.22
2026-09-10T02:01:08,108.48,43.81
2026-09-10T02:01:09,108.28,43.62
2026-09-10T02:01:10,107.85,43.19
2026-09-10T02:01:11,108.35,43.69
2026-09-10T02:01:12,108.46,43.8
2026-09-10T02:01:13,108.27,43.6
2026-09-10T02:01:14,108.07,43.42
2026-09-10T02:01:15,108.07,43.41
2026-09-10T02:01:16,108.6,43.93
2026-09-10T02:01:17,108.14,43.48
2026-09-10T02:01:18,108.34,43.68
2026-09-10T02:01:19,108.33,43.67
2026-09-10T02:01:20,107.78,43.13
2026-09-10T02:01:21,107.96,43.31
2026-09-10T02:01:22,108.11,43.45
2026-09-10T02:01:23,108.44,43.77
2026-09-10T02:01:24,108.44,43.77
2026-09-10T02:01:25,108.98,44.31
2026-09-10T02:01:26,108.85,44.18
2026-09-10T02:01:27,108.15,43.49
2026-09-10T02:01:28,108.31,43.65
2026-09-10T02:01:29,108.75,44.08
2026-09-10T02:01:30,108.8,44.13
2026-09-10T02:01:31,107.91,43.25
2026-09-10T02:01:32,107.92,43.26
2026-09-10T02:01:33,108.36,43.69
2026-09-10T02:01:34,108.48,43.82
2026-09-10T02:01:35,108.17,43.51
2026-09-10T02:01:36,108.49,43.83
2026-09-10T02:01:37,107.94,43.28
2026-09-10T02:01:38,108.15,43.49
2026-09-10T02:01:39,108.38,43.71
2026-09-10T02:01:40,109.08,44.41
2026-09-10T02:01:41,108.58,43.92
2026-09-10T02:01:42,107.88,43.23
2026-09-10T02:01:43,108.22,43.56
2026-09-10T02:01:44,108.1,43.44
2026-09-10T02:01:45,108.46,43.79
2026-09-10T02:01:46,107.99,43.33
2026-09-10T02:01:47,108.14,43.48
2026-09-10T02:01:48,108.58,43.91
2026-09-10T02:01:49,108.32,43.66
2026-09-10T02:01:50,109.0,44.33
2026-09-10T02:01:51,108.39,43.72
2026-09-10T02:01:52,108.4,43.73
2026-09-10T02:01:53,107.98,43.32
2026-09-10T02:01:54,107.94,43.28
2026-09-10T02:01:55,108.75,44.08
2026-09-10T02:01:56,108.39,43.73
2026-09-10T02:01:57,108.54,43.88
2026-09-10T02:01:58,108.01,43.35
2026-09-10T02:01:59,108.22,43.56
2026-09-10T02:02:00,108.43,43.77
2026-09-10T02:02:01,108.06,43.4
2026-09-10T02:02:02,108.15,43.49
2026-09-10T02:02:03,108.13,43.47
2026-09-10T02:02:04,108.27,43.61
2026-09-10T02:02:05,108.25,43.58
2026-09-10T02:02:06,108.6,43.93
2026-09-10T02:02:07,108.1,43.44
2026-09-10T02:02:08,108.19,43.53
2026-09-10T02:02:09,108.34,43.68
2026-09-10T02:02:10,108.45,43.79
2026-09-10T02:02:11,108.69,44.02
2026-09-10T02:02:12,108.3,43.64
2026-09-10T02:02:13,108.73,44.06
2026-09-10T02:02:14,108.28,43.62
2026-09-10T02:02:15,109.24,44.56
2026-09-10T02:02:16,108.13,43.47
2026-09-10T02:02:17,108.16,43.49
2026-09-10T02:02:18,107.85,43.19
2026-09-10T02:02:19,108.66,43.99
2026-09-10T02:02:20,108.82,44.15
2026-09-10T02:02:21,108.24,43.58
2026-09-10T02:02:22,108.04,43.39
2026-09-10T02:02:23,108.14,43.48
2026-09-10T02:02:24,108.73,44.06
2026-09-10T02:02:25,108.22,43.56
2026-09-10T02:02:26,107.8,43.15
2026-09-10T02:02:27,108.59,43.92
2026-09-10T02:02:28,108.0,43.34
2026-09-10T02:02:29,108.66,44.0
2026-09-10T02:02:30,108.05,43.39
2026-09-10T02:02:31,108.03,43.37
2026-09-10T02:02:32,108.69,44.02
2026-09-10T02:02:33,108.23,43.57
2026-09-10T02:02:34,107.96,43.3
2026-09-10T02:02:35,107.9,43.24
2026-09-10T02:02:36,107.95,43.29
2026-09-10T02:02:37,108.24,43.58
2026-09-10T02:02:38,107.6,42.94
2026-09-10T02:02:39,108.06,43.4
2026-09-10T02:02:40,107.95,43.29
2026-09-10T02:02:41,108.57,43.9
2026-09-10T02:02:42,108.33,43.67
2026-09-10T02:02:43,108.51,43.84
2026-09-10T02:02:44,108.22,43.56
2026-09-10T02:02:45,108.61,43.95
2026-09-10T02:02:46,108.01,43.35
2026-09-10T02:02:47,108.41,43.75
2026-09-10T02:02:48,108.27,43.6
2026-09-10T02:02:49,108.55,43.89
2026-09-10T02:02:50,108.53,43.86
2026-09-10T02:02:51,108.54,43.87
2026-09-10T02:02:52,108.08,43.42
2026-09-10T02:02:53,108.27,43.61
2026-09-10T02:02:54,108.68,44.01
2026-09-10T02:02:55,108.51,43.84
2026-09-10T02:02:56,107.61,42.95
2026-09-10T02:02:57,108.07,43.41
2026-09-10T02:02:58,108.61,43.94
2026-09-10T02:02:59,108.54,43.87
2026-09-10T02:03:00,108.4,43.74
2026-09-10T02:03:01,108.23,43.57
2026-09-10T02:03:02,108.04,43.38
2026-09-10T02:03:03,108.2,43.54
2026-09-10T02:03:04,108.05,43.39
2026-09-10T02:03:05,107.89,43.24
2026-09-10T02:03:06,108.78,44.11
2026-09-10T02:03:07,107.93,43.27
2026-09-10T02:03:08,107.88,43.22
2026-09-10T02:03:09,108.19,43.53
2026-09-10T02:03:10,108.33,43.66
2026-09-10T02:03:11,108.22,43.56
2026-09-10T02:03:12,108.54,43.88
2026-09-10T02:03:13,107.91,43.25
2026-09-10T02:03:14,108.36,43.7
2026-09-10T02:03:15,107.78,43.13
2026-09-10T02:03:16,108.16,43.5
2026-09-10T02:03:17,108.5,43.83
2026-09-10T02:03:18,107.94,43.29
2026-09-10T02:03:19,108.39,43.72
2026-09-10T02:03:20,107.97,43.31
2026-09-10T02:03:21,108.04,43.38
2026-09-10T02:03:22,109.07,44.39
2026-09-10T02:03:23,108.43,43.77
2026-09-10T02:03:24,108.03,43.37
2026-09-10T02:03:25,107.88,43.22
2026-09-10T02:03:26,108.36,43.69
2026-09-10T02:03:27,108.23,43.57
2026-09-10T02:03:28,108.05,43.39
2026-09-10T02:03:29,108.28,43.62
2026-09-10T02:03:30,108.08,43.42
2026-09-10T02:03:31,108.78,44.11
2026-09-10T02:03:32,109.04,44.37
2026-09-10T02:03:33,108.77,44.1
2026-09-10T02:03:34,108.08,43.42
2026-09-10T02:03:35,108.05,43.4
2026-09-10T02:03:36,108.11,43.45
2026-09-10T02:03:37,108.82,44.15
2026-09-10T02:03:38,108.29,43.62
2026-09-10T02:03:39,108.51,43.84
2026-09-10T02:03:40,108.24,43.58
2026-09-10T02:03:41,108.53,43.86
2026-09-10T02:03:42,108.87,44.2
2026-09-10T02:03:43,108.02,43.36
2026-09-10T02:03:44,108.62,43.95
2026-09-10T02:03:45,108.83,44.16
2026-09-10T02:03:46,109.66,44.98
2026-09-10T02:03:47,109.68,45.0
2026-09-10T02:03:48,111.23,46.53
2026-09-10T02:03:49,114.31,49.56
2026-09-10T02:03:50,116.56,51.78
2026-09-10T02:03:51,113.08,48.35
2026-09-10T02:03:52,109.88,45.19
2026-09-10T02:03:53,108.87,44.2
2026-09-10T02:03:54,108.44,43.77
2026-09-10T02:03:55,108.62,43.96
2026-09-10T02:03:56,108.54,43.87
2026-09-10T02:03:57,108.08,43.42
2026-09-10T02:03:58,107.96,43.31
2026-09-10T02:03:59,108.48,43.81
2026-09-10T02:04:00,108.11,43.45
2026-09-10T02:04:01,108.14,43.48
2026-09-10T02:04:02,108.17,43.51
2026-09-10T02:04:03,108.56,43.89
2026-09-10T02:04:04,107.96,43.3
2026-09-10T02:04:05,109.06,44.38
2026-09-10T02:04:06,108.37,43.7
2026-09-10T02:04:07,109.04,44.37
2026-09-10T02:04:08,108.36,43.69
2026-09-10T02:04:09,108.38,43.72
2026-09-10T02:04:10,108.72,44.05
2026-09-10T02:04:11,108.51,43.85
2026-09-10T02:04:12,107.76,43.11
2026-09-10T02:04:13,108.51,43.84
2026-09-10T02:04:14,108.31,43.64
2026-09-10T02:04:15,108.81,44.14
2026-09-10T02:04:16,108.33,43.67
2026-09-10T02:04:17,108.2,43.54
2026-09-10T02:04:18,108.45,43.78
2026-09-10T02:04:19,108.42,43.76
2026-09-10T02:04:20,108.4,43.74
2026-09-10T02:04:21,108.7,44.03
2026-09-10T02:04:22,108.59,43.93
2026-09-10T02:04:23,108.25,43.59
2026-09-10T02:04:24,108.59,43.92
2026-09-10T02:04:25,108.66,43.99
2026-09-10T02:04:26,107.99,43.33
2026-09-10T02:04:27,109.13,44.45
2026-09-10T02:04:28,108.53,43.87
2026-09-10T02:04:29,108.82,44.15
2026-09-10T02:04:30,108.86,44.19
2026-09-10T02:04:31,109.36,44.69
2026-09-10T02:04:32,108.73,44.06
2026-09-10T02:04:33,108.96,44.29
2026-09-10T02:04:34,108.32,43.66
2026-09-10T02:04:35,109.34,44.66
2026-09-10T02:04:36,109.22,44.55
2026-09-10T02:04:37,110.91,46.21
2026-09-10T02:04:38,110.54,45.84
2026-09-10T02:04:39,111.53,46.82
2026-09-10T02:04:40,110.3,45.61
2026-09-10T02:04:41,111.21,46.5
2026-09-10T02:04:42,110.69,45.99
2026-09-10T02:04:43,108.72,44.05
2026-09-10T02:04:44,113.84,49.1
2026-09-10T02:04:45,109.19,44.51
2026-09-10T02:04:46,110.42,45.73
2026-09-10T02:04:47,110.08,45.39
2026-09-10T02:04:48,109.5,44.82
2026-09-10T02:04:49,108.6,43.93
2026-09-10T02:04:50,108.33,43.67
2026-09-10T02:04:51,108.34,43.68
2026-09-10T02:04:52,108.79,44.12
2026-09-10T02:04:53,109.22,44.55
2026-09-10T02:04:54,110.06,45.37
2026-09-10T02:04:55,111.5,46.8
2026-09-10T02:04:56,112.16,47.44
2026-09-10T02:04:57,112.3,47.58
2026-09-10T02:04:58,109.86,45.17
2026-09-10T02:04:59,108.83,44.16
2026-09-10T02:05:00,108.33,43.67
2026-09-10T02:05:01,108.2,43.54
2026-09-10T02:05:02,108.06,43.41
2026-09-10T02:05:03,108.29,43.62
2026-09-10T02:05:04,108.41,43.75
2026-09-10T02:05:05,108.12,43.46
2026-09-10T02:05:06,108.24,43.58
2026-09-10T02:05:07,108.4,43.73
2026-09-10T02:05:08,108.27,43.61
2026-09-10T02:05:09,108.94,44.26
2026-09-10T02:05:10,109.3,44.63
2026-09-10T02:05:11,109.59,44.91
2026-09-10T02:05:12,109.39,44.71
2026-09-10T02:05:13,108.22,43.56
2026-09-10T02:05:14,108.11,43.45
2026-09-10T02:05:15,108.99,44.32
2026-09-10T02:05:16,110.14,45.45
2026-09-10T02:05:17,108.67,44.0
2026-09-10T02:05:18,108.58,43.92
2026-09-10T02:05:19,108.46,43.79
2026-09-10T02:05:20,108.56,43.89
2026-09-10T02:05:21,108.0,43.34
2026-09-10T02:05:22,108.97,44.3
2026-09-10T02:05:23,108.37,43.71
2026-09-10T02:05:24,108.06,43.4
2026-09-10T02:05:25,108.15,43.48
2026-09-10T02:05:26,108.34,43.67
2026-09-10T02:05:27,108.47,43.8
2026-09-10T02:05:28,108.63,43.96
2026-09-10T02:05:29,108.02,43.36
2026-09-10T02:05:30,108.1,43.44
2026-09-10T02:05:31,108.37,43.71
2026-09-10T02:05:32,107.95,43.29
2026-09-10T02:05:33,108.06,43.4
2026-09-10T02:05:34,108.55,43.88
2026-09-10T02:05:35,108.16,43.5
2026-09-10T02:05:36,108.21,43.54
2026-09-10T02:05:37,108.31,43.65
2026-09-10T02:05:38,107.97,43.31
2026-09-10T02:05:39,107.53,42.87
2026-09-10T02:05:40,108.02,43.36
2026-09-10T02:05:41,107.96,43.3
2026-09-10T02:05:42,107.91,43.25
2026-09-10T02:05:43,107.81,43.15
2026-09-10T02:05:44,108.45,43.79
2026-09-10T02:05:45,107.93,43.27
2026-09-10T02:05:46,108.1,43.44
2026-09-10T02:05:47,108.27,43.61
2026-09-10T02:05:48,107.91,43.25
2026-09-10T02:05:49,108.43,43.77
2026-09-10T02:05:50,108.52,43.86
2026-09-10T02:05:51,108.45,43.79
2026-09-10T02:05:52,108.47,43.8
2026-09-10T02:05:53,108.15,43.49
2026-09-10T02:05:54,107.97,43.31
2026-09-10T02:05:55,107.88,43.22
2026-09-10T02:05:56,108.37,43.71
2026-09-10T02:05:57,108.35,43.69
2026-09-10T02:05:58,108.15,43.49
2026-09-10T02:05:59,108.47,43.8
2026-09-10T02:06:00,107.95,43.29
2026-09-10T02:06:01,108.26,43.6
2026-09-10T02:06:02,108.54,43.87
2026-09-10T02:06:03,108.44,43.78
2026-09-10T02:06:04,108.17,43.51
2026-09-10T02:06:05,107.93,43.28
2026-09-10T02:06:06,108.01,43.35
2026-09-10T02:06:07,108.39,43.73
2026-09-10T02:06:08,108.44,43.78
2026-09-10T02:06:09,108.2,43.54
2026-09-10T02:06:10,108.05,43.39
2026-09-10T02:06:11,107.91,43.25
2026-09-10T02:06:12,108.09,43.43
2026-09-10T02:06:13,108.02,43.36
2026-09-10T02:06:14,108.18,43.52
2026-09-10T02:06:15,107.88,43.22
2026-09-10T02:06:16,108.25,43.59
2026-09-10T02:06:17,109.06,44.39
2026-09-10T02:06:18,108.35,43.68
2026-09-10T02:06:19,108.32,43.66
2026-09-10T02:06:20,108.56,43.89
2026-09-10T02:06:21,108.08,43.42
2026-09-10T02:06:22,108.4,43.73
2026-09-10T02:06:23,108.33,43.66
2026-09-10T02:06:24,108.41,43.75
2026-09-10T02:06:25,108.04,43.38
2026-09-10T02:06:26,108.02,43.36
2026-09-10T02:06:27,108.52,43.86
2026-09-10T02:06:28,107.9,43.25
2026-09-10T02:06:29,107.96,43.31
2026-09-10T02:06:30,108.2,43.54
2026-09-10T02:06:31,108.25,43.59
2026-09-10T02:06:32,108.53,43.87
2026-09-10T02:06:33,107.91,43.25
2026-09-10T02:06:34,108.35,43.69
2026-09-10T02:06:35,108.03,43.37
2026-09-10T02:06:36,107.76,43.1
2026-09-10T02:06:37,108.48,43.81
2026-09-10T02:06:38,108.22,43.56
2026-09-10T02:06:39,108.02,43.36
2026-09-10T02:06:40,108.77,44.1
2026-09-10T02:06:41,108.31,43.64
2026-09-10T02:06:42,108.3,43.64
2026-09-10T02:06:43,108.21,43.55
2026-09-10T02:06:44,107.97,43.31
2026-09-10T02:06:45,107.85,43.2
2026-09-10T02:06:46,107.6,42.95
2026-09-10T02:06:47,108.21,43.54
2026-09-10T02:06:48,107.6,42.95
2026-09-10T02:06:49,107.84,43.18
2026-09-10T02:06:50,108.33,43.66
2026-09-10T02:06:51,108.05,43.39
2026-09-10T02:06:52,107.91,43.25
2026-09-10T02:06:53,107.95,43.29
2026-09-10T02:06:54,108.16,43.49
2026-09-10T02:06:55,108.58,43.92
2026-09-10T02:06:56,108.15,43.49
2026-09-10T02:06:57,108.34,43.67
2026-09-10T02:06:58,107.81,43.16
2026-09-10T02:06:59,107.71,43.06
2026-09-10T02:07:00,108.14,43.48
2026-09-10T02:07:01,107.96,43.3
2026-09-10T02:07:02,107.89,43.23
2026-09-10T02:07:03,108.47,43.81
2026-09-10T02:07:04,107.9,43.25
2026-09-10T02:07:05,108.24,43.58
2026-09-10T02:07:06,108.2,43.54
2026-09-10T02:07:07,108.09,43.43
2026-09-10T02:07:08,107.8,43.15
2026-09-10T02:07:09,108.05,43.39
2026-09-10T02:07:10,108.21,43.55
2026-09-10T02:07:11,108.03,43.37
2026-09-10T02:07:12,108.04,43.38
2026-09-10T02:07:13,108.22,43.55
2026-09-10T02:07:14,108.19,43.53
2026-09-10T02:07:15,107.77,43.12
2026-09-10T02:07:16,107.76,43.1
2026-09-10T02:07:17,107.72,43.06
2026-09-10T02:07:18,107.93,43.27
2026-09-10T02:07:19,107.89,43.23
2026-09-10T02:07:20,108.45,43.79
2026-09-10T02:07:21,108.17,43.51
2026-09-10T02:07:22,108.42,43.75
2026-09-10T02:07:23,108.42,43.75
2026-09-10T02:07:24,108.67,44.01
2026-09-10T02:07:25,108.42,43.76
2026-09-10T02:07:26,108.6,43.93
2026-09-10T02:07:27,108.77,44.1
2026-09-10T02:07:28,108.87,44.2
2026-09-10T02:07:29,110.07,45.38
2026-09-10T02:07:30,112.25,47.53
2026-09-10T02:07:31,113.96,49.21
2026-09-10T02:07:32,109.06,44.39
2026-09-10T02:07:33,108.4,43.74
2026-09-10T02:07:34,108.28,43.62
2026-09-10T02:07:35,108.63,43.96
2026-09-10T02:07:36,108.29,43.62
2026-09-10T02:07:37,108.01,43.35
2026-09-10T02:07:38,108.54,43.87
2026-09-10T02:07:39,108.45,43.79
2026-09-10T02:07:40,108.42,43.76
2026-09-10T02:07:41,107.78,43.13
2026-09-10T02:07:42,108.03,43.38
2026-09-10T02:07:43,108.24,43.58
2026-09-10T02:07:44,108.69,44.02
2026-09-10T02:07:45,107.69,43.04
2026-09-10T02:07:46,107.89,43.24
2026-09-10T02:07:47,107.92,43.26
2026-09-10T02:07:48,108.52,43.86
2026-09-10T02:07:49,108.02,43.36
2026-09-10T02:07:50,108.12,43.46
2026-09-10T02:07:51,108.35,43.68
2026-09-10T02:07:52,108.31,43.65
2026-09-10T02:07:53,108.09,43.43
2026-09-10T02:07:54,108.8,44.13
2026-09-10T02:07:55,108.27,43.6
2026-09-10T02:07:56,107.74,43.09
2026-09-10T02:07:57,108.14,43.48
2026-09-10T02:07:58,108.63,43.96
2026-09-10T02:07:59,108.52,43.86
2026-09-10T02:08:00,108.02,43.36
2026-09-10T02:08:01,108.43,43.77
2026-09-10T02:08:02,108.45,43.79
2026-09-10T02:08:03,107.79,43.14
2026-09-10T02:08:04,108.25,43.59
2026-09-10T02:08:05,108.21,43.54
2026-09-10T02:08:06,107.87,43.21
2026-09-10T02:08:07,108.56,43.89
2026-09-10T02:08:08,108.02,43.36
2026-09-10T02:08:09,108.11,43.45
2026-09-10T02:08:10,108.01,43.35
2026-09-10T02:08:11,107.69,43.03
2026-09-10T02:08:12,108.18,43.52
2026-09-10T02:08:13,108.05,43.39
2026-09-10T02:08:14,108.42,43.76
2026-09-10T02:08:15,108.07,43.41
2026-09-10T02:08:16,107.92,43.26
2026-09-10T02:08:17,107.82,43.17
2026-09-10T02:08:18,108.43,43.77
2026-09-10T02:08:19,108.27,43.61
2026-09-10T02:08:20,108.21,43.55
2026-09-10T02:08:21,108.21,43.55
2026-09-10T02:08:22,108.77,44.1
2026-09-10T02:08:23,108.06,43.4
2026-09-10T02:08:24,108.32,43.66
2026-09-10T02:08:25,108.25,43.58
2026-09-10T02:08:26,108.62,43.95
2026-09-10T02:08:27,108.21,43.55
2026-09-10T02:08:28,107.73,43.07
2026-09-10T02:08:29,107.76,43.1
2026-09-10T02:08:30,108.07,43.41
2026-09-10T02:08:31,108.35,43.69
2026-09-10T02:08:32,107.85,43.19
2026-09-10T02:08:33,107.83,43.18
2026-09-10T02:08:34,108.29,43.63
2026-09-10T02:08:35,107.86,43.2
2026-09-10T02:08:36,107.91,43.25
2026-09-10T02:08:37,107.6,42.95
2026-09-10T02:08:38,108.33,43.66
2026-09-10T02:08:39,108.08,43.42
2026-09-10T02:08:40,108.27,43.61
2026-09-10T02:08:41,108.12,43.46
2026-09-10T02:08:42,107.84,43.18
2026-09-10T02:08:43,108.1,43.44
2026-09-10T02:08:44,107.89,43.24
2026-09-10T02:08:45,108.1,43.44
2026-09-10T02:08:46,108.42,43.76
2026-09-10T02:08:47,108.41,43.75
2026-09-10T02:08:48,107.96,43.3
2026-09-10T02:08:49,108.3,43.64
2026-09-10T02:08:50,107.83,43.18
2026-09-10T02:08:51,108.59,43.92
2026-09-10T02:08:52,108.07,43.41
2026-09-10T02:08:53,108.28,43.62
2026-09-10T02:08:54,108.72,44.05
2026-09-10T02:08:55,108.27,43.6
2026-09-10T02:08:56,108.39,43.73
2026-09-10T02:08:57,107.84,43.18
2026-09-10T02:08:58,107.64,42.99
2026-09-10T02:08:59,107.84,43.18
2026-09-10T02:09:00,108.14,43.48
2026-09-10T02:09:01,108.57,43.9
2026-09-10T02:09:02,108.37,43.71
2026-09-10T02:09:03,108.4,43.73
2026-09-10T02:09:04,108.39,43.72
2026-09-10T02:09:05,108.84,44.17
2026-09-10T02:09:06,108.03,43.37
2026-09-10T02:09:07,108.27,43.61
2026-09-10T02:09:08,108.3,43.64
2026-09-10T02:09:09,108.05,43.39
2026-09-10T02:09:10,108.04,43.38
2026-09-10T02:09:11,108.01,43.35
2026-09-10T02:09:12,108.11,43.45
2026-09-10T02:09:13,108.23,43.56
2026-09-10T02:09:14,108.5,43.84
2026-09-10T02:09:15,108.19,43.53
2026-09-10T02:09:16,108.07,43.41
2026-09-10T02:09:17,108.36,43.7
2026-09-10T02:09:18,107.8,43.14
2026-09-10T02:09:19,108.22,43.56
2026-09-10T02:09:20,108.52,43.86
2026-09-10T02:09:21,108.35,43.69
2026-09-10T02:09:22,108.27,43.61
2026-09-10T02:09:23,108.82,44.15
2026-09-10T02:09:24,108.58,43.91
2026-09-10T02:09:25,107.93,43.28
2026-09-10T02:09:26,108.28,43.62
2026-09-10T02:09:27,108.16,43.5
2026-09-10T02:09:28,108.15,43.49
2026-09-10T02:09:29,107.97,43.32
2026-09-10T02:09:30,108.41,43.74
2026-09-10T02:09:31,108.57,43.91
2026-09-10T02:09:32,107.92,43.26
2026-09-10T02:09:33,108.1,43.44
2026-09-10T02:09:34,108.8,44.13
2026-09-10T02:09:35,107.94,43.28
2026-09-10T02:09:36,107.82,43.16
2026-09-10T02:09:37,109.49,44.81
2026-09-10T02:09:38,109.33,44.65
2026-09-10T02:09:39,107.93,43.27
2026-09-10T02:09:40,107.72,43.07
2026-09-10T02:09:41,108.15,43.49
2026-09-10T02:09:42,108.48,43.81
2026-09-10T02:09:43,108.16,43.5
2026-09-10T02:09:44,107.76,43.11
2026-09-10T02:09:45,108.08,43.42
2026-09-10T02:09:46,108.54,43.87
2026-09-10T02:09:47,107.99,43.34
2026-09-10T02:09:48,107.88,43.23
2026-09-10T02:09:49,107.64,42.98
2026-09-10T02:09:50,107.56,42.91
2026-09-10T02:09:51,107.64,42.98
2026-09-10T02:09:52,107.55,42.9
2026-09-10T02:09:53,107.97,43.31
2026-09-10T02:09:54,108.1,43.44
2026-09-10T02:09:55,108.23,43.57
2026-09-10T02:09:56,108.3,43.64
2026-09-10T02:09:57,108.07,43.41
2026-09-10T02:09:58,108.36,43.69
2026-09-10T02:09:59,108.11,43.45
2026-09-10T02:10:00,108.41,43.75
2026-09-10T02:10:01,108.12,43.46
2026-09-10T02:10:02,107.99,43.33
2026-09-10T02:10:03,108.12,43.46
2026-09-10T02:10:04,107.94,43.28
2026-09-10T02:10:05,108.2,43.54
2026-09-10T02:10:06,108.57,43.91
2026-09-10T02:10:07,107.42,42.77
2026-09-10T02:10:08,107.9,43.24
2026-09-10T02:10:09,108.05,43.39
2026-09-10T02:10:10,107.85,43.19
2026-09-10T02:10:11,107.82,43.16
2026-09-10T02:10:12,108.08,43.42
2026-09-10T02:10:13,108.32,43.66
2026-09-10T02:10:14,107.81,43.15
2026-09-10T02:10:15,108.26,43.6
2026-09-10T02:10:16,108.28,43.62
2026-09-10T02:10:17,108.46,43.8
2026-09-10T02:10:18,108.13,43.47
2026-09-10T02:10:19,108.05,43.39
2026-09-10T02:10:20,108.18,43.52
2026-09-10T02:10:21,108.13,43.47
2026-09-10T02:10:22,108.31,43.65
2026-09-10T02:10:23,107.9,43.25
2026-09-10T02:10:24,108.0,43.35
2026-09-10T02:10:25,108.35,43.69
2026-09-10T02:10:26,107.99,43.33
2026-09-10T02:10:27,108.38,43.72
2026-09-10T02:10:28,108.07,43.41
2026-09-10T02:10:29,108.0,43.34
2026-09-10T02:10:30,108.26,43.6
2026-09-10T02:10:31,108.1,43.44
2026-09-10T02:10:32,108.01,43.35
2026-09-10T02:10:33,108.08,43.43
2026-09-10T02:10:34,108.14,43.48
2026-09-10T02:10:35,108.07,43.41
2026-09-10T02:10:36,108.35,43.69
2026-09-10T02:10:37,108.44,43.78
2026-09-10T02:10:38,107.93,43.28
2026-09-10T02:10:39,107.82,43.16
2026-09-10T02:10:40,108.26,43.6
2026-09-10T02:10:41,107.87,43.21
2026-09-10T02:10:42,107.97,43.31
2026-09-10T02:10:43,108.12,43.46
2026-09-10T02:10:44,108.54,43.88
2026-09-10T02:10:45,108.18,43.52
2026-09-10T02:10:46,108.49,43.82
2026-09-10T02:10:47,108.08,43.42
2026-09-10T02:10:48,108.09,43.43
2026-09-10T02:10:49,107.98,43.32
2026-09-10T02:10:50,108.05,43.39
2026-09-10T02:10:51,108.54,43.87
2026-09-10T02:10:52,108.47,43.8
2026-09-10T02:10:53,108.3,43.64
2026-09-10T02:10:54,108.67,44.01
2026-09-10T02:10:55,107.9,43.25
2026-09-10T02:10:56,108.04,43.38
2026-09-10T02:10:57,108.09,43.43
2026-09-10T02:10:58,108.36,43.7
2026-09-10T02:10:59,110.11,45.42
2026-09-10T02:11:00,108.28,43.61
2026-09-10T02:11:01,108.12,43.46
2026-09-10T02:11:02,108.44,43.78
2026-09-10T02:11:03,108.07,43.41
2026-09-10T02:11:04,107.88,43.22
2026-09-10T02:11:05,108.28,43.62
2026-09-10T02:11:06,107.89,43.23
2026-09-10T02:11:07,108.22,43.55
2026-09-10T02:11:08,108.45,43.79
2026-09-10T02:11:09,108.54,43.88
2026-09-10T02:11:10,107.88,43.22
2026-09-10T02:11:11,108.38,43.71
2026-09-10T02:11:12,108.2,43.54
2026-09-10T02:11:13,108.56,43.9
2026-09-10T02:11:14,107.96,43.3
2026-09-10T02:11:15,108.23,43.57
2026-09-10T02:11:16,108.33,43.67
2026-09-10T02:11:17,108.07,43.41
2026-09-10T02:11:18,108.89,44.22
2026-09-10T02:11:19,108.03,43.37
2026-09-10T02:11:20,107.87,43.21
2026-09-10T02:11:21,108.24,43.58
2026-09-10T02:11:22,107.76,43.1
2026-09-10T02:11:23,108.8,44.13
2026-09-10T02:11:24,107.63,42.98
2026-09-10T02:11:25,107.83,43.17
2026-09-10T02:11:26,108.3,43.63
2026-09-10T02:11:27,108.06,43.4
2026-09-10T02:11:28,108.17,43.51
2026-09-10T02:11:29,107.96,43.31
2026-09-10T02:11:30,107.82,43.17
2026-09-10T02:11:31,107.94,43.29
2026-09-10T02:11:32,107.98,43.32
2026-09-10T02:11:33,108.02,43.36
2026-09-10T02:11:34,108.24,43.58
2026-09-10T02:11:35,107.92,43.26
2026-09-10T02:11:36,108.08,43.42
2026-09-10T02:11:37,108.13,43.47
2026-09-10T02:11:38,108.36,43.7
2026-09-10T02:11:39,108.66,43.99
2026-09-10T02:11:40,108.03,43.37
2026-09-10T02:11:41,108.07,43.41
2026-09-10T02:11:42,107.8,43.14
2026-09-10T02:11:43,108.2,43.54
2026-09-10T02:11:44,108.64,43.97
2026-09-10T02:11:45,108.05,43.39
2026-09-10T02:11:46,108.14,43.48
2026-09-10T02:11:47,107.98,43.32
2026-09-10T02:11:48,107.96,43.3
2026-09-10T02:11:49,108.24,43.58
2026-09-10T02:11:50,107.78,43.12
2026-09-10T02:11:51,108.62,43.95
2026-09-10T02:11:52,107.91,43.26
2026-09-10T02:11:53,108.17,43.51
2026-09-10T02:11:54,107.86,43.21
2026-09-10T02:11:55,108.06,43.4
2026-09-10T02:11:56,108.48,43.81
2026-09-10T02:11:57,108.35,43.68
2026-09-10T02:11:58,107.82,43.17
2026-09-10T02:11:59,108.31,43.65
2026-09-10T02:12:00,108.2,43.54
2026-09-10T02:12:01,108.4,43.74
2026-09-10T02:12:02,108.26,43.59
2026-09-10T02:12:03,108.22,43.56
2026-09-10T02:12:04,107.99,43.33
2026-09-10T02:12:05,107.85,43.19
2026-09-10T02:12:06,108.19,43.53
2026-09-10T02:12:07,107.95,43.29
2026-09-10T02:12:08,108.04,43.38
2026-09-10T02:12:09,108.07,43.41
2026-09-10T02:12:10,107.9,43.24
2026-09-10T02:12:11,109.16,44.49
2026-09-10T02:12:12,108.44,43.77
2026-09-10T02:12:13,107.94,43.28
2026-09-10T02:12:14,107.95,43.29
2026-09-10T02:12:15,108.35,43.69
2026-09-10T02:12:16,108.47,43.81
2026-09-10T02:12:17,108.26,43.6
2026-09-10T02:12:18,108.05,43.39
2026-09-10T02:12:19,108.25,43.59
2026-09-10T02:12:20,108.04,43.39
2026-09-10T02:12:21,107.89,43.24
2026-09-10T02:12:22,108.69,44.02
2026-09-10T02:12:23,108.47,43.81
2026-09-10T02:12:24,108.07,43.41
2026-09-10T02:12:25,107.83,43.18
2026-09-10T02:12:26,108.16,43.5
2026-09-10T02:12:27,108.29,43.62
2026-09-10T02:12:28,108.0,43.34
2026-09-10T02:12:29,108.32,43.65
2026-09-10T02:12:30,107.94,43.28
2026-09-10T02:12:31,108.1,43.44
2026-09-10T02:12:32,108.01,43.36
2026-09-10T02:12:33,107.99,43.33
2026-09-10T02:12:34,107.7,43.05
2026-09-10T02:12:35,108.19,43.53
2026-09-10T02:12:36,108.25,43.59
2026-09-10T02:12:37,108.0,43.35
2026-09-10T02:12:38,108.67,44.0
2026-09-10T02:12:39,107.89,43.24
2026-09-10T02:12:40,108.13,43.47
2026-09-10T02:12:41,107.81,43.16
2026-09-10T02:12:42,108.48,43.81
2026-09-10T02:12:43,107.92,43.26
2026-09-10T02:12:44,107.95,43.29
2026-09-10T02:12:45,107.96,43.3
2026-09-10T02:12:46,108.25,43.59
2026-09-10T02:12:47,108.12,43.46
2026-09-10T02:12:48,107.99,43.33
2026-09-10T02:12:49,108.03,43.37
2026-09-10T02:12:50,108.18,43.52
2026-09-10T02:12:51,108.09,43.43
2026-09-10T02:12:52,107.92,43.26
2026-09-10T02:12:53,108.42,43.76
2026-09-10T02:12:54,108.15,43.49
2026-09-10T02:12:55,108.34,43.68
2026-09-10T02:12:56,107.99,43.33
2026-09-10T02:12:57,108.17,43.51
2026-09-10T02:12:58,108.31,43.65
2026-09-10T02:12:59,108.53,43.86
2026-09-10T02:13:00,107.98,43.32
2026-09-10T02:13:01,108.01,43.35
2026-09-10T02:13:02,108.1,43.44
2026-09-10T02:13:03,108.26,43.6
2026-09-10T02:13:04,107.85,43.2
2026-09-10T02:13:05,108.24,43.57
2026-09-10T02:13:06,108.27,43.61
2026-09-10T02:13:07,107.61,42.96
2026-09-10T02:13:08,108.66,43.99
2026-09-10T02:13:09,107.97,43.32
2026-09-10T02:13:10,108.23,43.57
2026-09-10T02:13:11,108.48,43.82
2026-09-10T02:13:12,108.27,43.6
2026-09-10T02:13:13,107.82,43.17
2026-09-10T02:13:14,108.35,43.69
2026-09-10T02:13:15,108.03,43.37
2026-09-10T02:13:16,108.19,43.53
2026-09-10T02:13:17,108.3,43.64
2026-09-10T02:13:18,108.12,43.46
2026-09-10T02:13:19,108.75,44.08
2026-09-10T02:13:20,108.13,43.47
2026-09-10T02:13:21,108.48,43.82
2026-09-10T02:13:22,108.11,43.45
2026-09-10T02:13:23,107.82,43.16
2026-09-10T02:13:24,107.96,43.31
2026-09-10T02:13:25,107.95,43.3
2026-09-10T02:13:26,108.35,43.69
2026-09-10T02:13:27,108.15,43.49
2026-09-10T02:13:28,108.35,43.69
2026-09-10T02:13:29,107.92,43.26
2026-09-10T02:13:30,108.12,43.46
2026-09-10T02:13:31,107.98,43.32
2026-09-10T02:13:32,108.28,43.62
2026-09-10T02:13:33,107.94,43.28
2026-09-10T02:13:34,108.16,43.5
2026-09-10T02:13:35,108.32,43.66
2026-09-10T02:13:36,108.44,43.77
2026-09-10T02:13:37,108.07,43.41
2026-09-10T02:13:38,108.23,43.57
2026-09-10T02:13:39,108.13,43.47
2026-09-10T02:13:40,108.43,43.76
2026-09-10T02:13:41,107.97,43.31
2026-09-10T02:13:42,108.35,43.69
2026-09-10T02:13:43,108.51,43.85
2026-09-10T02:13:44,108.47,43.8
2026-09-10T02:13:45,108.02,43.36
2026-09-10T02:13:46,107.91,43.26
2026-09-10T02:13:47,108.07,43.41
2026-09-10T02:13:48,108.12,43.46
2026-09-10T02:13:49,108.61,43.94
2026-09-10T02:13:50,108.35,43.69
2026-09-10T02:13:51,108.56,43.9
2026-09-10T02:13:52,107.97,43.32
2026-09-10T02:13:53,108.58,43.92
2026-09-10T02:13:54,108.23,43.57
2026-09-10T02:13:55,107.72,43.07
2026-09-10T02:13:56,108.03,43.37
2026-09-10T02:13:57,108.48,43.82
2026-09-10T02:13:58,108.55,43.88
2026-09-10T02:13:59,108.26,43.59
2026-09-10T02:14:00,108.26,43.6
2026-09-10T02:14:01,108.01,43.35
2026-09-10T02:14:02,108.13,43.47
2026-09-10T02:14:03,108.25,43.59
2026-09-10T02:14:04,107.95,43.29
2026-09-10T02:14:05,107.81,43.16
2026-09-10T02:14:06,107.96,43.3
2026-09-10T02:14:07,108.35,43.69
2026-09-10T02:14:08,107.88,43.22
2026-09-10T02:14:09,108.19,43.53
2026-09-10T02:14:10,107.94,43.29
2026-09-10T02:14:11,108.46,43.79
2026-09-10T02:14:12,108.49,43.82
2026-09-10T02:14:13,108.11,43.45
2026-09-10T02:14:14,108.17,43.51
2026-09-10T02:14:15,108.16,43.5
2026-09-10T02:14:16,108.41,43.75
2026-09-10T02:14:17,108.81,44.14
2026-09-10T02:14:18,108.12,43.46
2026-09-10T02:14:19,107.98,43.32
2026-09-10T02:14:20,108.47,43.81
2026-09-10T02:14:21,108.09,43.43
2026-09-10T02:14:22,108.36,43.7
2026-09-10T02:14:23,108.29,43.62
2026-09-10T02:14:24,108.28,43.62
2026-09-10T02:14:25,108.25,43.58
2026-09-10T02:14:26,108.18,43.52
2026-09-10T02:14:27,107.89,43.23
2026-09-10T02:14:28,108.1,43.44
2026-09-10T02:14:29,108.44,43.78
2026-09-10T02:14:30,108.07,43.41
2026-09-10T02:14:31,108.4,43.74
2026-09-10T02:14:32,107.72,43.06
2026-09-10T02:14:33,107.88,43.22
2026-09-10T02:14:34,108.04,43.38
2026-09-10T02:14:35,108.33,43.67
2026-09-10T02:14:36,108.22,43.56
2026-09-10T02:14:37,108.17,43.51
2026-09-10T02:14:38,110.08,45.39
2026-09-10T02:14:39,108.24,43.58
2026-09-10T02:14:40,108.43,43.77
2026-09-10T02:14:41,107.93,43.27
2026-09-10T02:14:42,107.92,43.27
2026-09-10T02:14:43,108.11,43.45
2026-09-10T02:14:44,108.26,43.59
2026-09-10T02:14:45,108.0,43.35
2026-09-10T02:14:46,108.32,43.66
2026-09-10T02:14:47,107.87,43.22
2026-09-10T02:14:48,108.31,43.65
2026-09-10T02:14:49,107.85,43.2
2026-09-10T02:14:50,108.74,44.07
2026-09-10T02:14:51,108.27,43.61
2026-09-10T02:14:52,108.32,43.66
2026-09-10T02:14:53,107.73,43.08
2026-09-10T02:14:54,108.26,43.6
2026-09-10T02:14:55,107.85,43.19
2026-09-10T02:14:56,107.98,43.32
2026-09-10T02:14:57,108.09,43.43
2026-09-10T02:14:58,108.31,43.64
2026-09-10T02:14:59,108.79,44.12
2026-09-10T02:15:00,108.37,43.7
2026-09-10T02:15:01,108.2,43.54
2026-09-10T02:15:02,108.42,43.76
2026-09-10T02:15:03,108.24,43.58
2026-09-10T02:15:04,107.99,43.33
2026-09-10T02:15:05,108.15,43.49
2026-09-10T02:15:06,107.86,43.2
2026-09-10T02:15:07,108.24,43.58
2026-09-10T02:15:08,108.0,43.34
2026-09-10T02:15:09,107.94,43.28
2026-09-10T02:15:10,108.55,43.88
2026-09-10T02:15:11,108.25,43.59
2026-09-10T02:15:12,108.37,43.7
2026-09-10T02:15:13,108.18,43.51
2026-09-10T02:15:14,108.3,43.64
2026-09-10T02:15:15,108.74,44.07
2026-09-10T02:15:16,108.33,43.67
2026-09-10T02:15:17,108.4,43.74
2026-09-10T02:15:18,107.87,43.21
2026-09-10T02:15:19,108.36,43.69
2026-09-10T02:15:20,108.45,43.78
2026-09-10T02:15:21,108.17,43.51
2026-09-10T02:15:22,108.28,43.62
2026-09-10T02:15:23,108.28,43.62
2026-09-10T02:15:24,108.85,44.18
2026-09-10T02:15:25,108.34,43.68
2026-09-10T02:15:26,108.71,44.04
2026-09-10T02:15:27,108.77,44.1
2026-09-10T02:15:28,108.22,43.56
2026-09-10T02:15:29,108.57,43.91
2026-09-10T02:15:30,108.23,43.57
2026-09-10T02:15:31,108.63,43.96
2026-09-10T02:15:32,108.04,43.38
2026-09-10T02:15:33,108.36,43.69
2026-09-10T02:15:34,108.24,43.58
2026-09-10T02:15:35,108.42,43.76
2026-09-10T02:15:36,108.37,43.7
2026-09-10T02:15:37,108.27,43.61
2026-09-10T02:15:38,108.32,43.66
2026-09-10T02:15:39,108.4,43.74
2026-09-10T02:15:40,108.0,43.34
2026-09-10T02:15:41,108.26,43.6
2026-09-10T02:15:42,108.2,43.54
2026-09-10T02:15:43,108.31,43.65
2026-09-10T02:15:44,108.42,43.76
2026-09-10T02:15:45,107.67,43.02
2026-09-10T02:15:46,107.76,43.1
2026-09-10T02:15:47,107.83,43.18
2026-09-10T02:15:48,107.62,42.97
2026-09-10T02:15:49,108.21,43.55
2026-09-10T02:15:50,108.3,43.64
2026-09-10T02:15:51,108.62,43.96
2026-09-10T02:15:52,108.68,44.02
2026-09-10T02:15:53,108.09,43.43
2026-09-10T02:15:54,108.95,44.27
2026-09-10T02:15:55,108.77,44.1
2026-09-10T02:15:56,108.71,44.04
2026-09-10T02:15:57,108.91,44.24
2026-09-10T02:15:58,108.12,43.46
2026-09-10T02:15:59,108.09,43.43
2026-09-10T02:16:00,108.4,43.73
2026-09-10T02:16:01,108.26,43.6
2026-09-10T02:16:02,108.66,43.99
2026-09-10T02:16:03,108.59,43.93
2026-09-10T02:16:04,108.27,43.61
2026-09-10T02:16:05,108.62,43.95
2026-09-10T02:16:06,108.33,43.66
2026-09-10T02:16:07,107.77,43.12
2026-09-10T02:16:08,108.29,43.62
2026-09-10T02:16:09,108.66,43.99
2026-09-10T02:16:10,109.08,44.4
2026-09-10T02:16:11,108.99,44.32
2026-09-10T02:16:12,109.14,44.46
2026-09-10T02:16:13,108.47,43.81
2026-09-10T02:16:14,108.58,43.91
2026-09-10T02:16:15,108.15,43.49
2026-09-10T02:16:16,109.14,44.46
2026-09-10T02:16:17,108.91,44.24
2026-09-10T02:16:18,108.82,44.15
2026-09-10T02:16:19,108.39,43.73
2026-09-10T02:16:20,108.23,43.57
2026-09-10T02:16:21,108.24,43.58
2026-09-10T02:16:22,108.45,43.79
2026-09-10T02:16:23,108.78,44.11
2026-09-10T02:16:24,108.37,43.7
2026-09-10T02:16:25,108.44,43.78
2026-09-10T02:16:26,108.3,43.64
2026-09-10T02:16:27,108.07,43.41
2026-09-10T02:16:28,108.73,44.06
2026-09-10T02:16:29,108.88,44.21
2026-09-10T02:16:30,108.58,43.91
2026-09-10T02:16:31,109.35,44.68
2026-09-10T02:16:32,108.71,44.04
2026-09-10T02:16:33,108.93,44.26
2026-09-10T02:16:34,108.83,44.16
2026-09-10T02:16:35,109.23,44.55
2026-09-10T02:16:36,109.52,44.84
2026-09-10T02:16:37,109.42,44.74
2026-09-10T02:16:38,108.74,44.07
2026-09-10T02:16:39,108.78,44.11
2026-09-10T02:16:40,108.15,43.49
2026-09-10T02:16:41,108.44,43.78
2026-09-10T02:16:42,108.85,44.18
2026-09-10T02:16:43,108.32,43.66
2026-09-10T02:16:44,108.54,43.88
2026-09-10T02:16:45,108.29,43.62
2026-09-10T02:16:46,108.59,43.93
2026-09-10T02:16:47,107.89,43.23
2026-09-10T02:16:48,108.65,43.98
2026-09-10T02:16:49,108.33,43.66
2026-09-10T02:16:50,108.59,43.92
2026-09-10T02:16:51,109.27,44.6
2026-09-10T02:16:52,109.39,44.71
2026-09-10T02:16:53,108.66,43.99
2026-09-10T02:16:54,108.7,44.04
2026-09-10T02:16:55,108.9,44.22
2026-09-10T02:16:56,108.46,43.79
2026-09-10T02:16:57,108.09,43.43
2026-09-10T02:16:58,108.02,43.36
2026-09-10T02:16:59,107.99,43.34
2026-09-10T02:17:00,108.41,43.74
2026-09-10T02:17:01,107.62,42.97
2026-09-10T02:17:02,108.03,43.37
2026-09-10T02:17:03,108.15,43.49
2026-09-10T02:17:04,108.26,43.59
2026-09-10T02:17:05,107.46,42.81
2026-09-10T02:17:06,108.32,43.66
2026-09-10T02:17:07,108.62,43.96
2026-09-10T02:17:08,108.36,43.69
2026-09-10T02:17:09,107.76,43.11
2026-09-10T02:17:10,108.11,43.45
2026-09-10T02:17:11,108.14,43.48
2026-09-10T02:17:12,108.25,43.59
2026-09-10T02:17:13,108.2,43.54
2026-09-10T02:17:14,107.97,43.31
2026-09-10T02:17:15,108.07,43.41
2026-09-10T02:17:16,108.02,43.36
2026-09-10T02:17:17,107.81,43.15
2026-09-10T02:17:18,107.92,43.27
2026-09-10T02:17:19,107.67,43.01
2026-09-10T02:17:20,108.18,43.52
2026-09-10T02:17:21,107.94,43.28
2026-09-10T02:17:22,107.73,43.08
2026-09-10T02:17:23,108.22,43.56
2026-09-10T02:17:24,108.32,43.66
2026-09-10T02:17:25,107.96,43.3
2026-09-10T02:17:26,108.21,43.55
2026-09-10T02:17:27,108.59,43.92
2026-09-10T02:17:28,108.35,43.69
2026-09-10T02:17:29,108.0,43.34
2026-09-10T02:17:30,108.05,43.39
2026-09-10T02:17:31,107.75,43.1
2026-09-10T02:17:32,108.03,43.37
2026-09-10T02:17:33,107.85,43.2
2026-09-10T02:17:34,108.07,43.41
2026-09-10T02:17:35,108.02,43.36
2026-09-10T02:17:36,108.12,43.46
2026-09-10T02:17:37,108.45,43.79
2026-09-10T02:17:38,107.91,43.26
2026-09-10T02:17:39,108.69,44.02
2026-09-10T02:17:40,108.07,43.41
2026-09-10T02:17:41,108.56,43.89
2026-09-10T02:17:42,107.89,43.23
2026-09-10T02:17:43,107.8,43.14
2026-09-10T02:17:44,108.0,43.34
2026-09-10T02:17:45,108.03,43.37
2026-09-10T02:17:46,107.93,43.27
2026-09-10T02:17:47,107.95,43.29
2026-09-10T02:17:48,108.38,43.72
2026-09-10T02:17:49,108.22,43.56
2026-09-10T02:17:50,108.08,43.42
2026-09-10T02:17:51,107.81,43.15
2026-09-10T02:17:52,108.08,43.42
2026-09-10T02:17:53,107.72,43.06
2026-09-10T02:17:54,107.98,43.32
2026-09-10T02:17:55,108.12,43.46
2026-09-10T02:17:56,108.35,43.69
2026-09-10T02:17:57,107.93,43.27
2026-09-10T02:17:58,108.23,43.57
2026-09-10T02:17:59,108.27,43.6
2026-09-10T02:18:00,108.13,43.47
2026-09-10T02:18:01,108.09,43.43
2026-09-10T02:18:02,107.85,43.19
2026-09-10T02:18:03,108.49,43.82
2026-09-10T02:18:04,108.39,43.73
2026-09-10T02:18:05,108.29,43.63
2026-09-10T02:18:06,108.18,43.52
2026-09-10T02:18:07,108.39,43.73
2026-09-10T02:18:08,108.04,43.38
2026-09-10T02:18:09,108.29,43.63
2026-09-10T02:18:10,108.04,43.38
2026-09-10T02:18:11,108.85,44.18
2026-09-10T02:18:12,108.91,44.24
2026-09-10T02:18:13,110.17,45.48
2026-09-10T02:18:14,111.53,46.82
2026-09-10T02:18:15,112.97,48.24
2026-09-10T02:18:16,112.69,47.96
2026-09-10T02:18:17,110.02,45.33
2026-09-10T02:18:18,108.99,44.32
2026-09-10T02:18:19,108.43,43.77
2026-09-10T02:18:20,108.09,43.43
2026-09-10T02:18:21,108.49,43.83
2026-09-10T02:18:22,108.32,43.65
2026-09-10T02:18:23,108.05,43.39
2026-09-10T02:18:24,108.76,44.09
2026-09-10T02:18:25,108.35,43.69
2026-09-10T02:18:26,108.28,43.61
2026-09-10T02:18:27,108.18,43.51
2026-09-10T02:18:28,107.83,43.17
2026-09-10T02:18:29,108.46,43.79
2026-09-10T02:18:30,107.89,43.23
2026-09-10T02:18:31,108.28,43.62
2026-09-10T02:18:32,108.13,43.47
2026-09-10T02:18:33,107.87,43.21
2026-09-10T02:18:34,107.8,43.15
2026-09-10T02:18:35,107.91,43.25
2026-09-10T02:18:36,107.58,42.93
2026-09-10T02:18:37,108.01,43.35
2026-09-10T02:18:38,108.11,43.45
2026-09-10T02:18:39,107.89,43.23
2026-09-10T02:18:40,108.28,43.62
2026-09-10T02:18:41,108.22,43.56
2026-09-10T02:18:42,108.1,43.44
2026-09-10T02:18:43,108.22,43.55
2026-09-10T02:18:44,107.81,43.16
2026-09-10T02:18:45,107.91,43.25
2026-09-10T02:18:46,108.0,43.34
2026-09-10T02:18:47,108.48,43.82
2026-09-10T02:18:48,108.26,43.6
2026-09-10T02:18:49,108.04,43.39
2026-09-10T02:18:50,107.89,43.24
2026-09-10T02:18:51,108.18,43.52
2026-09-10T02:18:52,108.12,43.46
2026-09-10T02:18:53,107.71,43.05
2026-09-10T02:18:54,108.03,43.37
2026-09-10T02:18:55,107.85,43.19
2026-09-10T02:18:56,108.43,43.77
2026-09-10T02:18:57,108.16,43.5
2026-09-10T02:18:58,108.15,43.49
2026-09-10T02:18:59,108.25,43.59
2026-09-10T02:19:00,108.29,43.63
2026-09-10T02:19:01,108.19,43.52
2026-09-10T02:19:02,108.37,43.71
2026-09-10T02:19:03,107.98,43.32
2026-09-10T02:19:04,107.56,42.91
2026-09-10T02:19:05,107.97,43.31
2026-09-10T02:19:06,107.9,43.24
2026-09-10T02:19:07,108.21,43.55
2026-09-10T02:19:08,108.41,43.75
2026-09-10T02:19:09,108.4,43.73
2026-09-10T02:19:10,107.96,43.3
2026-09-10T02:19:11,108.15,43.49
2026-09-10T02:19:12,108.4,43.74
2026-09-10T02:19:13,108.28,43.62
2026-09-10T02:19:14,108.02,43.37
2026-09-10T02:19:15,108.15,43.49
2026-09-10T02:19:16,107.64,42.98
2026-09-10T02:19:17,108.18,43.52
2026-09-10T02:19:18,107.71,43.06
2026-09-10T02:19:19,107.84,43.18
2026-09-10T02:19:20,108.29,43.63
2026-09-10T02:19:21,107.71,43.05
2026-09-10T02:19:22,108.0,43.35
2026-09-10T02:19:23,107.73,43.07
2026-09-10T02:19:24,108.09,43.43
2026-09-10T02:19:25,108.29,43.63
2026-09-10T02:19:26,108.18,43.51
2026-09-10T02:19:27,108.08,43.42
2026-09-10T02:19:28,108.01,43.35
2026-09-10T02:19:29,108.35,43.68
2026-09-10T02:19:30,107.95,43.3
2026-09-10T02:19:31,108.1,43.44
2026-09-10T02:19:32,108.27,43.61
2026-09-10T02:19:33,107.79,43.14
2026-09-10T02:19:34,108.31,43.65
2026-09-10T02:19:35,107.95,43.29
2026-09-10T02:19:36,107.82,43.16
2026-09-10T02:19:37,107.95,43.29
2026-09-10T02:19:38,108.24,43.58
2026-09-10T02:19:39,110.42,45.72
2026-09-10T02:19:40,108.0,43.34
2026-09-10T02:19:41,107.69,43.03
2026-09-10T02:19:42,108.09,43.43
2026-09-10T02:19:43,108.23,43.57
2026-09-10T02:19:44,107.92,43.26
2026-09-10T02:19:45,107.98,43.32
2026-09-10T02:19:46,108.5,43.84
2026-09-10T02:19:47,108.11,43.45
2026-09-10T02:19:48,108.29,43.63
2026-09-10T02:19:49,108.14,43.48
2026-09-10T02:19:50,108.31,43.65
2026-09-10T02:19:51,108.19,43.52
2026-09-10T02:19:52,107.63,42.98
2026-09-10T02:19:53,107.75,43.1
2026-09-10T02:19:54,107.99,43.33
2026-09-10T02:19:55,108.3,43.64
2026-09-10T02:19:56,108.34,43.68
2026-09-10T02:19:57,107.83,43.18
2026-09-10T02:19:58,108.16,43.5
2026-09-10T02:19:59,107.84,43.18
2026-09-10T02:20:00,108.18,43.52
2026-09-10T02:20:01,107.9,43.24
2026-09-10T02:20:02,108.63,43.96
2026-09-10T02:20:03,108.03,43.38
2026-09-10T02:20:04,107.86,43.2
2026-09-10T02:20:05,107.6,42.95
2026-09-10T02:20:06,107.77,43.11
2026-09-10T02:20:07,108.6,43.94
2026-09-10T02:20:08,107.87,43.21
2026-09-10T02:20:09,108.21,43.55
2026-09-10T02:20:10,108.35,43.68
2026-09-10T02:20:11,108.05,43.39
2026-09-10T02:20:12,108.47,43.8
2026-09-10T02:20:13,107.55,42.9
2026-09-10T02:20:14,107.64,42.98
2026-09-10T02:20:15,107.95,43.29
2026-09-10T02:20:16,107.99,43.34
2026-09-10T02:20:17,107.5,42.85
2026-09-10T02:20:18,108.15,43.49
2026-09-10T02:20:19,107.9,43.25
2026-09-10T02:20:20,108.34,43.68
2026-09-10T02:20:21,108.24,43.58
2026-09-10T02:20:22,108.32,43.66
2026-09-10T02:20:23,107.92,43.26
2026-09-10T02:20:24,107.99,43.33
2026-09-10T02:20:25,108.59,43.93
2026-09-10T02:20:26,107.83,43.17
2026-09-10T02:20:27,108.2,43.54
2026-09-10T02:20:28,107.97,43.31
2026-09-10T02:20:29,108.06,43.4
2026-09-10T02:20:30,108.11,43.45
2026-09-10T02:20:31,107.98,43.32
2026-09-10T02:20:32,108.19,43.53
2026-09-10T02:20:33,107.84,43.18
2026-09-10T02:20:34,107.92,43.26
2026-09-10T02:20:35,108.37,43.7
2026-09-10T02:20:36,108.0,43.34
2026-09-10T02:20:37,108.04,43.39
2026-09-10T02:20:38,108.09,43.43
2026-09-10T02:20:39,108.37,43.71
2026-09-10T02:20:40,108.1,43.44
2026-09-10T02:20:41,108.33,43.67
2026-09-10T02:20:42,108.0,43.34
2026-09-10T02:20:43,108.74,44.07
2026-09-10T02:20:44,108.01,43.35
2026-09-10T02:20:45,108.08,43.42
2026-09-10T02:20:46,108.2,43.54
2026-09-10T02:20:47,107.95,43.29
2026-09-10T02:20:48,107.66,43.01
2026-09-10T02:20:49,108.05,43.39
2026-09-10T02:20:50,108.43,43.77
2026-09-10T02:20:51,108.0,43.34
2026-09-10T02:20:52,108.06,43.4
2026-09-10T02:20:53,108.41,43.74
2026-09-10T02:20:54,107.74,43.08
2026-09-10T02:20:55,108.07,43.41
2026-09-10T02:20:56,108.22,43.56
2026-09-10T02:20:57,107.81,43.15
2026-09-10T02:20:58,107.85,43.2
2026-09-10T02:20:59,108.31,43.65
2026-09-10T02:21:00,108.08,43.42
2026-09-10T02:21:01,108.17,43.51
2026-09-10T02:21:02,107.98,43.32
2026-09-10T02:21:03,107.9,43.24
2026-09-10T02:21:04,108.14,43.48
2026-09-10T02:21:05,108.19,43.53
2026-09-10T02:21:06,108.05,43.39
2026-09-10T02:21:07,108.1,43.44
2026-09-10T02:21:08,107.73,43.08
2026-09-10T02:21:09,108.11,43.45
2026-09-10T02:21:10,107.99,43.33
2026-09-10T02:21:11,108.01,43.35
2026-09-10T02:21:12,108.05,43.39
2026-09-10T02:21:13,108.05,43.39
2026-09-10T02:21:14,107.6,42.95
2026-09-10T02:21:15,107.63,42.98
2026-09-10T02:21:16,107.86,43.21
2026-09-10T02:21:17,107.7,43.04
2026-09-10T02:21:18,107.94,43.28
2026-09-10T02:21:19,107.86,43.21
2026-09-10T02:21:20,107.36,42.71
2026-09-10T02:21:21,107.88,43.22
2026-09-10T02:21:22,108.09,43.43
2026-09-10T02:21:23,107.88,43.22
2026-09-10T02:21:24,107.88,43.23
2026-09-10T02:21:25,108.24,43.58
2026-09-10T02:21:26,107.76,43.11
2026-09-10T02:21:27,107.91,43.25
2026-09-10T02:21:28,107.59,42.93
2026-09-10T02:21:29,107.96,43.31
2026-09-10T02:21:30,108.07,43.41
2026-09-10T02:21:31,108.0,43.34
2026-09-10T02:21:32,108.17,43.51
2026-09-10T02:21:33,107.97,43.31
2026-09-10T02:21:34,107.8,43.14
2026-09-10T02:21:35,108.04,43.38
2026-09-10T02:21:36,107.65,42.99
2026-09-10T02:21:37,108.27,43.61
2026-09-10T02:21:38,109.06,44.39
2026-09-10T02:21:39,108.84,44.17
2026-09-10T02:21:40,108.75,44.08
2026-09-10T02:21:41,108.56,43.9
2026-09-10T02:21:42,107.95,43.29
2026-09-10T02:21:43,108.28,43.62
2026-09-10T02:21:44,112.6,47.88
2026-09-10T02:21:45,108.07,43.41
2026-09-10T02:21:46,108.26,43.6
2026-09-10T02:21:47,108.27,43.61
2026-09-10T02:21:48,108.13,43.47
2026-09-10T02:21:49,109.73,45.05
2026-09-10T02:21:50,109.97,45.28
2026-09-10T02:21:51,108.35,43.69
2026-09-10T02:21:52,108.65,43.98
2026-09-10T02:21:53,108.45,43.78
2026-09-10T02:21:54,111.21,46.51
2026-09-10T02:21:55,108.34,43.68
2026-09-10T02:21:56,108.51,43.84
2026-09-10T02:21:57,108.55,43.88
2026-09-10T02:21:58,110.73,46.03
2026-09-10T02:21:59,108.19,43.53
2026-09-10T02:22:00,107.81,43.16
2026-09-10T02:22:01,108.26,43.59
2026-09-10T02:22:02,108.12,43.46
2026-09-10T02:22:03,108.35,43.68
2026-09-10T02:22:04,108.49,43.82
2026-09-10T02:22:05,108.26,43.6
2026-09-10T02:22:06,107.72,43.07
2026-09-10T02:22:07,108.2,43.54
2026-09-10T02:22:08,108.05,43.39
2026-09-10T02:22:09,108.27,43.61
2026-09-10T02:22:10,108.47,43.8
2026-09-10T02:22:11,107.83,43.18
2026-09-10T02:22:12,108.67,44.0
2026-09-10T02:22:13,108.43,43.76
2026-09-10T02:22:14,108.5,43.84
2026-09-10T02:22:15,108.18,43.52
2026-09-10T02:22:16,108.15,43.49
2026-09-10T02:22:17,107.86,43.2
2026-09-10T02:22:18,108.6,43.93
2026-09-10T02:22:19,107.73,43.08
2026-09-10T02:22:20,108.15,43.49
2026-09-10T02:22:21,108.32,43.66
2026-09-10T02:22:22,108.47,43.8
2026-09-10T02:22:23,107.96,43.3
2026-09-10T02:22:24,107.92,43.26
2026-09-10T02:22:25,108.01,43.35
2026-09-10T02:22:26,108.27,43.6
2026-09-10T02:22:27,107.9,43.25
2026-09-10T02:22:28,108.32,43.66
2026-09-10T02:22:29,108.3,43.63
2026-09-10T02:22:30,107.48,42.83
2026-09-10T02:22:31,108.25,43.58
2026-09-10T02:22:32,108.15,43.49
2026-09-10T02:22:33,108.14,43.48
2026-09-10T02:22:34,108.01,43.35
2026-09-10T02:22:35,107.8,43.15
2026-09-10T02:22:36,107.95,43.29
2026-09-10T02:22:37,108.22,43.55
2026-09-10T02:22:38,107.98,43.32
2026-09-10T02:22:39,107.92,43.27
2026-09-10T02:22:40,108.18,43.52
2026-09-10T02:22:41,107.94,43.29
2026-09-10T02:22:42,108.51,43.84
2026-09-10T02:22:43,108.32,43.66
2026-09-10T02:22:44,107.7,43.05
2026-09-10T02:22:45,108.11,43.45
2026-09-10T02:22:46,107.88,43.23
2026-09-10T02:22:47,108.25,43.59
2026-09-10T02:22:48,108.23,43.57
2026-09-10T02:22:49,108.11,43.45
2026-09-10T02:22:50,108.11,43.45
2026-09-10T02:22:51,107.47,42.82
2026-09-10T02:22:52,108.3,43.64
2026-09-10T02:22:53,108.45,43.78
2026-09-10T02:22:54,108.27,43.61
2026-09-10T02:22:55,107.94,43.29
2026-09-10T02:22:56,107.97,43.31
2026-09-10T02:22:57,107.91,43.25
2026-09-10T02:22:58,108.9,44.23
2026-09-10T02:22:59,109.59,44.91
2026-09-10T02:23:00,108.15,43.49
2026-09-10T02:23:01,108.3,43.64
2026-09-10T02:23:02,108.57,43.9
2026-09-10T02:23:03,108.45,43.79
2026-09-10T02:23:04,108.11,43.45
2026-09-10T02:23:05,108.66,43.99
2026-09-10T02:23:06,107.93,43.28
2026-09-10T02:23:07,108.19,43.53
2026-09-10T02:23:08,108.05,43.39
2026-09-10T02:23:09,108.08,43.42
2026-09-10T02:23:10,108.26,43.59
2026-09-10T02:23:11,108.16,43.5
2026-09-10T02:23:12,108.17,43.51
2026-09-10T02:23:13,107.76,43.11
2026-09-10T02:23:14,107.95,43.29
2026-09-10T02:23:15,108.09,43.43
2026-09-10T02:23:16,108.28,43.62
2026-09-10T02:23:17,107.9,43.24
2026-09-10T02:23:18,107.93,43.28
2026-09-10T02:23:19,107.9,43.24
2026-09-10T02:23:20,108.04,43.38
2026-09-10T02:23:21,107.87,43.22
2026-09-10T02:23:22,108.28,43.61
2026-09-10T02:23:23,107.89,43.23
2026-09-10T02:23:24,107.49,42.84
2026-09-10T02:23:25,107.82,43.16
2026-09-10T02:23:26,107.74,43.08
2026-09-10T02:23:27,107.91,43.26
2026-09-10T02:23:28,107.87,43.21
2026-09-10T02:23:29,107.72,43.07
2026-09-10T02:23:30,108.3,43.64
2026-09-10T02:23:31,108.41,43.74
2026-09-10T02:23:32,107.89,43.23
2026-09-10T02:23:33,108.02,43.36
2026-09-10T02:23:34,107.98,43.32
2026-09-10T02:23:35,107.78,43.13
2026-09-10T02:23:36,108.24,43.58
2026-09-10T02:23:37,108.08,43.42
2026-09-10T02:23:38,108.0,43.34
2026-09-10T02:23:39,108.41,43.75
2026-09-10T02:23:40,108.04,43.38
2026-09-10T02:23:41,108.01,43.36
2026-09-10T02:23:42,108.49,43.83
2026-09-10T02:23:43,108.32,43.66
2026-09-10T02:23:44,108.04,43.39
2026-09-10T02:23:45,108.24,43.58
2026-09-10T02:23:46,108.19,43.53
2026-09-10T02:23:47,108.22,43.55
2026-09-10T02:23:48,108.46,43.8
2026-09-10T02:23:49,108.6,43.94
2026-09-10T02:23:50,108.21,43.55
2026-09-10T02:23:51,107.78,43.13
2026-09-10T02:23:52,108.23,43.57
2026-09-10T02:23:53,108.84,44.17
2026-09-10T02:23:54,107.9,43.24
2026-09-10T02:23:55,108.68,44.01
2026-09-10T02:23:56,109.44,44.76
2026-09-10T02:23:57,108.5,43.84
2026-09-10T02:23:58,108.19,43.53
2026-09-10T02:23:59,108.36,43.7
2026-09-10T02:24:00,108.06,43.4
2026-09-10T02:24:01,108.08,43.42
2026-09-10T02:24:02,107.93,43.28
2026-09-10T02:24:03,108.25,43.58
2026-09-10T02:24:04,107.9,43.24
2026-09-10T02:24:05,108.4,43.73
2026-09-10T02:24:06,108.15,43.48
2026-09-10T02:24:07,108.38,43.71
2026-09-10T02:24:08,108.15,43.49
2026-09-10T02:24:09,108.55,43.88
2026-09-10T02:24:10,108.3,43.63
2026-09-10T02:24:11,107.86,43.2
2026-09-10T02:24:12,107.96,43.3
2026-09-10T02:24:13,108.36,43.7
2026-09-10T02:24:14,108.31,43.65
2026-09-10T02:24:15,108.35,43.69
2026-09-10T02:24:16,107.97,43.31
2026-09-10T02:24:17,108.07,43.41
2026-09-10T02:24:18,108.5,43.83
2026-09-10T02:24:19,108.18,43.52
2026-09-10T02:24:20,108.64,43.97
2026-09-10T02:24:21,108.16,43.5
2026-09-10T02:24:22,108.16,43.5
2026-09-10T02:24:23,108.15,43.49
2026-09-10T02:24:24,108.42,43.75
2026-09-10T02:24:25,108.6,43.93
2026-09-10T02:24:26,108.14,43.48
2026-09-10T02:24:27,108.31,43.64
2026-09-10T02:24:28,108.29,43.63
2026-09-10T02:24:29,108.29,43.63
2026-09-10T02:24:30,108.65,43.98
2026-09-10T02:24:31,108.19,43.52
2026-09-10T02:24:32,108.18,43.52
2026-09-10T02:24:33,107.87,43.21
2026-09-10T02:24:34,108.28,43.62
2026-09-10T02:24:35,108.32,43.65
2026-09-10T02:24:36,108.54,43.88
2026-09-10T02:24:37,108.27,43.61
2026-09-10T02:24:38,108.77,44.1
2026-09-10T02:24:39,109.34,44.67
2026-09-10T02:24:40,109.2,44.52
2026-09-10T02:24:41,108.6,43.93
2026-09-10T02:24:42,108.76,44.09
2026-09-10T02:24:43,108.69,44.03
2026-09-10T02:24:44,108.83,44.16
2026-09-10T02:24:45,108.59,43.92
2026-09-10T02:24:46,108.4,43.73
2026-09-10T02:24:47,108.71,44.04
2026-09-10T02:24:48,108.93,44.25
2026-09-10T02:24:49,109.24,44.57
2026-09-10T02:24:50,108.85,44.18
2026-09-10T02:24:51,108.53,43.87
2026-09-10T02:24:52,109.39,44.71
2026-09-10T02:24:53,109.08,44.41
2026-09-10T02:24:54,108.82,44.15
2026-09-10T02:24:55,108.71,44.04
2026-09-10T02:24:56,108.88,44.21
2026-09-10T02:24:57,108.77,44.1
2026-09-10T02:24:58,109.21,44.54
2026-09-10T02:24:59,108.99,44.31
2026-09-10T02:25:00,109.19,44.51
2026-09-10T02:25:01,109.43,44.75
2026-09-10T02:25:02,108.81,44.14
2026-09-10T02:25:03,109.24,44.56
2026-09-10T02:25:04,109.28,44.6
2026-09-10T02:25:05,108.61,43.94
2026-09-10T02:25:06,108.59,43.93
2026-09-10T02:25:07,108.58,43.92
2026-09-10T02:25:08,108.06,43.4
2026-09-10T02:25:09,108.18,43.52
2026-09-10T02:25:10,108.3,43.63
2026-09-10T02:25:11,108.73,44.06
2026-09-10T02:25:12,108.23,43.57
2026-09-10T02:25:13,108.27,43.61
2026-09-10T02:25:14,108.55,43.88
2026-09-10T02:25:15,108.74,44.07
2026-09-10T02:25:16,108.47,43.8
2026-09-10T02:25:17,108.13,43.47
2026-09-10T02:25:18,108.73,44.06
2026-09-10T02:25:19,108.08,43.42
2026-09-10T02:25:20,108.35,43.69
2026-09-10T02:25:21,107.96,43.31
2026-09-10T02:25:22,107.98,43.32
2026-09-10T02:25:23,108.4,43.74
2026-09-10T02:25:24,108.17,43.51
2026-09-10T02:25:25,108.51,43.84
2026-09-10T02:25:26,108.55,43.89
2026-09-10T02:25:27,108.58,43.92
2026-09-10T02:25:28,108.45,43.78
2026-09-10T02:25:29,108.29,43.63
2026-09-10T02:25:30,108.2,43.54
2026-09-10T02:25:31,108.16,43.5
2026-09-10T02:25:32,108.23,43.57
2026-09-10T02:25:33,108.05,43.39
2026-09-10T02:25:34,108.0,43.34
2026-09-10T02:25:35,108.26,43.6
2026-09-10T02:25:36,107.76,43.11
2026-09-10T02:25:37,108.95,44.28
2026-09-10T02:25:38,108.28,43.62
2026-09-10T02:25:39,108.06,43.4
2026-09-10T02:25:40,108.53,43.87
2026-09-10T02:25:41,108.38,43.72
2026-09-10T02:25:42,108.62,43.95
2026-09-10T02:25:43,108.04,43.38
2026-09-10T02:25:44,108.2,43.54
2026-09-10T02:25:45,108.36,43.7
2026-09-10T02:25:46,108.22,43.56
2026-09-10T02:25:47,107.75,43.1
2026-09-10T02:25:48,108.5,43.84
2026-09-10T02:25:49,108.13,43.47
2026-09-10T02:25:50,107.76,43.11
2026-09-10T02:25:51,108.18,43.52
2026-09-10T02:25:52,107.96,43.3
2026-09-10T02:25:53,108.21,43.55
2026-09-10T02:25:54,108.08,43.43
2026-09-10T02:25:55,107.75,43.09
2026-09-10T02:25:56,108.16,43.5
2026-09-10T02:25:57,108.14,43.48
2026-09-10T02:25:58,108.02,43.36
2026-09-10T02:25:59,107.72,43.06
2026-09-10T02:26:00,107.8,43.15
2026-09-10T02:26:01,108.2,43.54
2026-09-10T02:26:02,108.57,43.9
2026-09-10T02:26:03,107.69,43.04
2026-09-10T02:26:04,108.22,43.55
2026-09-10T02:26:05,107.79,43.13
2026-09-10T02:26:06,108.09,43.43
2026-09-10T02:26:07,108.03,43.37
2026-09-10T02:26:08,108.33,43.66
2026-09-10T02:26:09,108.33,43.67
2026-09-10T02:26:10,108.0,43.34
2026-09-10T02:26:11,108.07,43.41
2026-09-10T02:26:12,107.97,43.31
2026-09-10T02:26:13,107.97,43.31
2026-09-10T02:26:14,107.76,43.1
2026-09-10T02:26:15,108.15,43.49
2026-09-10T02:26:16,107.87,43.21
2026-09-10T02:26:17,108.37,43.7
2026-09-10T02:26:18,107.98,43.32
2026-09-10T02:26:19,108.68,44.01
2026-09-10T02:26:20,108.01,43.35
2026-09-10T02:26:21,108.04,43.38
2026-09-10T02:26:22,107.97,43.31
2026-09-10T02:26:23,108.01,43.35
2026-09-10T02:26:24,107.81,43.15
2026-09-10T02:26:25,107.61,42.96
2026-09-10T02:26:26,107.9,43.24
2026-09-10T02:26:27,107.93,43.27
2026-09-10T02:26:28,108.84,44.17
2026-09-10T02:26:29,108.27,43.61
2026-09-10T02:26:30,108.61,43.94
2026-09-10T02:26:31,108.68,44.01
2026-09-10T02:26:32,108.6,43.93
2026-09-10T02:26:33,108.46,43.79
2026-09-10T02:26:34,108.27,43.61
2026-09-10T02:26:35,108.32,43.66
2026-09-10T02:26:36,108.08,43.42
2026-09-10T02:26:37,108.18,43.52
2026-09-10T02:26:38,108.11,43.45
2026-09-10T02:26:39,108.05,43.39
2026-09-10T02:26:40,108.06,43.4
2026-09-10T02:26:41,108.45,43.78
2026-09-10T02:26:42,108.18,43.52
2026-09-10T02:26:43,108.12,43.46
2026-09-10T02:26:44,108.39,43.73
2026-09-10T02:26:45,108.29,43.62
2026-09-10T02:26:46,108.05,43.39
2026-09-10T02:26:47,108.18,43.51
2026-09-10T02:26:48,107.86,43.2
2026-09-10T02:26:49,108.63,43.96
2026-09-10T02:26:50,108.77,44.1
2026-09-10T02:26:51,108.64,43.98
2026-09-10T02:26:52,108.42,43.75
2026-09-10T02:26:53,108.26,43.6
2026-09-10T02:26:54,109.0,44.33
2026-09-10T02:26:55,108.36,43.7
2026-09-10T02:26:56,108.35,43.69
2026-09-10T02:26:57,108.42,43.75
2026-09-10T02:26:58,108.33,43.66
2026-09-10T02:26:59,107.96,43.3
2026-09-10T02:27:00,107.92,43.27
2026-09-10T02:27:01,108.22,43.56
2026-09-10T02:27:02,107.77,43.11
2026-09-10T02:27:03,108.11,43.45
2026-09-10T02:27:04,108.12,43.46
2026-09-10T02:27:05,108.11,43.45
2026-09-10T02:27:06,108.23,43.57
2026-09-10T02:27:07,108.29,43.63
2026-09-10T02:27:08,107.85,43.19
2026-09-10T02:27:09,108.42,43.75
2026-09-10T02:27:10,108.66,43.99
2026-09-10T02:27:11,107.9,43.24
2026-09-10T02:27:12,108.41,43.74
2026-09-10T02:27:13,108.57,43.91
2026-09-10T02:27:14,108.56,43.89
2026-09-10T02:27:15,108.64,43.97
2026-09-10T02:27:16,108.75,44.08
2026-09-10T02:27:17,108.14,43.48
2026-09-10T02:27:18,108.16,43.5
2026-09-10T02:27:19,108.43,43.77
2026-09-10T02:27:20,108.19,43.52
2026-09-10T02:27:21,107.92,43.27
2026-09-10T02:27:22,108.38,43.71
2026-09-10T02:27:23,108.63,43.97
2026-09-10T02:27:24,108.34,43.68
2026-09-10T02:27:25,108.11,43.45
2026-09-10T02:27:26,108.37,43.7
2026-09-10T02:27:27,108.43,43.77
2026-09-10T02:27:28,109.24,44.56
2026-09-10T02:27:29,108.46,43.8
2026-09-10T02:27:30,108.72,44.05
2026-09-10T02:27:31,108.56,43.9
2026-09-10T02:27:32,108.68,44.01
2026-09-10T02:27:33,108.3,43.64
2026-09-10T02:27:34,108.48,43.81
2026-09-10T02:27:35,108.23,43.57
2026-09-10T02:27:36,108.53,43.86
2026-09-10T02:27:37,107.92,43.26
2026-09-10T02:27:38,108.02,43.36
2026-09-10T02:27:39,108.31,43.65
2026-09-10T02:27:40,108.61,43.94
2026-09-10T02:27:41,108.36,43.69
2026-09-10T02:27:42,108.0,43.34
2026-09-10T02:27:43,108.02,43.36
2026-09-10T02:27:44,108.33,43.67
2026-09-10T02:27:45,107.8,43.15
2026-09-10T02:27:46,107.81,43.15
2026-09-10T02:27:47,108.11,43.45
2026-09-10T02:27:48,107.92,43.27
2026-09-10T02:27:49,107.91,43.25
2026-09-10T02:27:50,107.97,43.31
2026-09-10T02:27:51,107.92,43.26
2026-09-10T02:27:52,108.2,43.54
2026-09-10T02:27:53,108.66,43.99
2026-09-10T02:27:54,107.94,43.29
2026-09-10T02:27:55,107.67,43.02
2026-09-10T02:27:56,108.3,43.64
2026-09-10T02:27:57,108.93,44.26
2026-09-10T02:27:58,108.96,44.29
2026-09-10T02:27:59,108.17,43.51
2026-09-10T02:28:00,107.81,43.16
2026-09-10T02:28:01,108.79,44.12
2026-09-10T02:28:02,108.46,43.79
2026-09-10T02:28:03,108.36,43.7
2026-09-10T02:28:04,108.35,43.69
2026-09-10T02:28:05,108.71,44.05
2026-09-10T02:28:06,108.58,43.91
2026-09-10T02:28:07,108.47,43.8
2026-09-10T02:28:08,108.28,43.62
2026-09-10T02:28:09,108.51,43.84
2026-09-10T02:28:10,108.12,43.46
2026-09-10T02:28:11,108.11,43.45
2026-09-10T02:28:12,108.66,43.99
2026-09-10T02:28:13,108.03,43.37
2026-09-10T02:28:14,108.41,43.75
2026-09-10T02:28:15,108.47,43.81
2026-09-10T02:28:16,108.25,43.59
2026-09-10T02:28:17,108.47,43.81
2026-09-10T02:28:18,108.62,43.95
2026-09-10T02:28:19,108.28,43.62
2026-09-10T02:28:20,108.56,43.89
2026-09-10T02:28:21,108.59,43.92
2026-09-10T02:28:22,108.01,43.35
2026-09-10T02:28:23,108.76,44.09
2026-09-10T02:28:24,108.56,43.89
2026-09-10T02:28:25,108.49,43.83
2026-09-10T02:28:26,109.07,44.4
2026-09-10T02:28:27,108.62,43.96
2026-09-10T02:28:28,108.17,43.51
2026-09-10T02:28:29,108.43,43.76
2026-09-10T02:28:30,107.82,43.17
2026-09-10T02:28:31,108.54,43.87
2026-09-10T02:28:32,108.48,43.82
2026-09-10T02:28:33,108.57,43.91
2026-09-10T02:28:34,108.22,43.56
2026-09-10T02:28:35,108.15,43.49
2026-09-10T02:28:36,108.11,43.45
2026-09-10T02:28:37,108.58,43.91
2026-09-10T02:28:38,108.46,43.8
2026-09-10T02:28:39,108.42,43.75
2026-09-10T02:28:40,107.91,43.25
2026-09-10T02:28:41,108.35,43.69
2026-09-10T02:28:42,108.56,43.9
2026-09-10T02:28:43,108.07,43.42
2026-09-10T02:28:44,107.81,43.15
2026-09-10T02:28:45,107.97,43.31
2026-09-10T02:28:46,108.19,43.53
2026-09-10T02:28:47,107.94,43.28
2026-09-10T02:28:48,108.76,44.09
2026-09-10T02:28:49,108.33,43.66
2026-09-10T02:28:50,108.32,43.66
2026-09-10T02:28:51,108.23,43.57
2026-09-10T02:28:52,108.34,43.68
2026-09-10T02:28:53,108.45,43.78
2026-09-10T02:28:54,107.66,43.01
2026-09-10T02:28:55,108.03,43.38
2026-09-10T02:28:56,108.59,43.92
2026-09-10T02:28:57,108.04,43.38
2026-09-10T02:28:58,108.11,43.45
2026-09-10T02:28:59,107.88,43.22
2026-09-10T02:29:00,108.41,43.75
2026-09-10T02:29:01,107.87,43.21
2026-09-10T02:29:02,107.79,43.14
2026-09-10T02:29:03,108.42,43.76
2026-09-10T02:29:04,108.13,43.47
2026-09-10T02:29:05,108.29,43.62
2026-09-10T02:29:06,108.2,43.53
2026-09-10T02:29:07,108.03,43.37
2026-09-10T02:29:08,108.16,43.5
2026-09-10T02:29:09,108.08,43.42
2026-09-10T02:29:10,108.09,43.43
2026-09-10T02:29:11,107.86,43.2
2026-09-10T02:29:12,107.9,43.24
2026-09-10T02:29:13,108.04,43.38
2026-09-10T02:29:14,108.15,43.49
2026-09-10T02:29:15,108.42,43.76
2026-09-10T02:29:16,107.78,43.12
2026-09-10T02:29:17,108.24,43.58
2026-09-10T02:29:18,107.67,43.01
2026-09-10T02:29:19,107.88,43.22
2026-09-10T02:29:20,107.92,43.27
2026-09-10T02:29:21,108.39,43.73
2026-09-10T02:29:22,107.79,43.13
2026-09-10T02:29:23,108.16,43.5
2026-09-10T02:29:24,108.07,43.41
2026-09-10T02:29:25,107.9,43.24
2026-09-10T02:29:26,108.16,43.5
2026-09-10T02:29:27,107.82,43.17
2026-09-10T02:29:28,107.65,43.0
2026-09-10T02:29:29,108.38,43.72
2026-09-10T02:29:30,108.04,43.39
2026-09-10T02:29:31,108.51,43.84
2026-09-10T02:29:32,108.44,43.78
2026-09-10T02:29:33,108.03,43.38
2026-09-10T02:29:34,107.81,43.16
2026-09-10T02:29:35,107.96,43.3
2026-09-10T02:29:36,108.5,43.83
2026-09-10T02:29:37,108.12,43.46
2026-09-10T02:29:38,107.76,43.11
2026-09-10T02:29:39,108.21,43.55
2026-09-10T02:29:40,110.98,46.28
2026-09-10T02:29:41,108.21,43.55
2026-09-10T02:29:42,108.1,43.44
2026-09-10T02:29:43,108.02,43.36
2026-09-10T02:29:44,108.04,43.38
2026-09-10T02:29:45,107.38,42.73
2026-09-10T02:29:46,108.03,43.37
2026-09-10T02:29:47,108.09,43.43
2026-09-10T02:29:48,107.72,43.07
2026-09-10T02:29:49,108.16,43.5
2026-09-10T02:29:50,107.82,43.16
2026-09-10T02:29:51,107.87,43.21
2026-09-10T02:29:52,108.23,43.57
2026-09-10T02:29:53,108.59,43.92
2026-09-10T02:29:54,108.41,43.75
2026-09-10T02:29:55,108.3,43.64
2026-09-10T02:29:56,108.61,43.94
2026-09-10T02:29:57,108.7,44.03
2026-09-10T02:29:58,109.07,44.4
2026-09-10T02:29:59,110.11,45.42
2026-09-10T02:30:00,111.13,46.43
2026-09-10T02:30:01,111.61,46.9
2026-09-10T02:30:02,111.74,47.03
2026-09-10T02:30:03,110.81,46.12
2026-09-10T02:30:04,109.44,44.76
2026-09-10T02:30:05,109.19,44.52
2026-09-10T02:30:06,108.52,43.85
2026-09-10T02:30:07,108.6,43.93
2026-09-10T02:30:08,108.57,43.9
2026-09-10T02:30:09,108.54,43.87
2026-09-10T02:30:10,108.32,43.65
2026-09-10T02:30:11,108.88,44.21
2026-09-10T02:30:12,108.8,44.13
2026-09-10T02:30:13,108.44,43.78
2026-09-10T02:30:14,108.51,43.84
2026-09-10T02:30:15,108.13,43.47
2026-09-10T02:30:16,108.51,43.84
2026-09-10T02:30:17,107.97,43.32
2026-09-10T02:30:18,108.08,43.42
2026-09-10T02:30:19,108.08,43.42
2026-09-10T02:30:20,108.26,43.59
2026-09-10T02:30:21,108.02,43.36
2026-09-10T02:30:22,108.64,43.97
2026-09-10T02:30:23,108.95,44.28
2026-09-10T02:30:24,108.07,43.41
2026-09-10T02:30:25,108.03,43.37
2026-09-10T02:30:26,108.01,43.35
2026-09-10T02:30:27,108.75,44.08
2026-09-10T02:30:28,108.04,43.38
2026-09-10T02:30:29,108.42,43.76
2026-09-10T02:30:30,107.5,42.85
2026-09-10T02:30:31,108.77,44.1
2026-09-10T02:30:32,108.56,43.89
2026-09-10T02:30:33,108.1,43.44
2026-09-10T02:30:34,108.13,43.47
2026-09-10T02:30:35,107.87,43.21
2026-09-10T02:30:36,108.16,43.5
2026-09-10T02:30:37,107.96,43.3
2026-09-10T02:30:38,107.92,43.26
2026-09-10T02:30:39,107.93,43.27
2026-09-10T02:30:40,108.68,44.01
2026-09-10T02:30:41,108.45,43.78
2026-09-10T02:30:42,108.8,44.13
2026-09-10T02:30:43,108.35,43.69
2026-09-10T02:30:44,107.83,43.17
2026-09-10T02:30:45,108.11,43.45
2026-09-10T02:30:46,108.18,43.52
2026-09-10T02:30:47,109.15,44.48
2026-09-10T02:30:48,108.22,43.56
2026-09-10T02:30:49,108.49,43.83
2026-09-10T02:30:50,108.48,43.82
2026-09-10T02:30:51,108.28,43.61
2026-09-10T02:30:52,108.51,43.84
2026-09-10T02:30:53,108.66,43.99
2026-09-10T02:30:54,108.01,43.36
2026-09-10T02:30:55,108.52,43.85
2026-09-10T02:30:56,108.48,43.81
2026-09-10T02:30:57,108.87,44.2
2026-09-10T02:30:58,108.16,43.5
2026-09-10T02:30:59,108.35,43.69
2026-09-10T02:31:00,109.46,44.78
2026-09-10T02:31:01,108.69,44.02
2026-09-10T02:31:02,108.56,43.9
2026-09-10T02:31:03,108.53,43.87
2026-09-10T02:31:04,108.81,44.14
2026-09-10T02:31:05,108.38,43.72
2026-09-10T02:31:06,108.87,44.2
2026-09-10T02:31:07,108.58,43.91
2026-09-10T02:31:08,108.37,43.71
2026-09-10T02:31:09,108.3,43.64
2026-09-10T02:31:10,108.3,43.64
2026-09-10T02:31:11,108.59,43.92
2026-09-10T02:31:12,108.81,44.14
2026-09-10T02:31:13,108.5,43.83
2026-09-10T02:31:14,108.12,43.46
2026-09-10T02:31:15,108.51,43.84
2026-09-10T02:31:16,108.23,43.57
2026-09-10T02:31:17,107.99,43.33
2026-09-10T02:31:18,108.35,43.69
2026-09-10T02:31:19,107.88,43.23
2026-09-10T02:31:20,108.05,43.39
2026-09-10T02:31:21,108.29,43.63
2026-09-10T02:31:22,108.69,44.02
2026-09-10T02:31:23,108.18,43.52
2026-09-10T02:31:24,108.17,43.51
2026-09-10T02:31:25,108.49,43.83
2026-09-10T02:31:26,108.55,43.88
2026-09-10T02:31:27,108.27,43.61
2026-09-10T02:31:28,108.55,43.89
2026-09-10T02:31:29,108.64,43.97
2026-09-10T02:31:30,108.1,43.44
2026-09-10T02:31:31,108.07,43.41
2026-09-10T02:31:32,108.26,43.6
2026-09-10T02:31:33,108.05,43.39
2026-09-10T02:31:34,108.21,43.55
2026-09-10T02:31:35,108.27,43.6
2026-09-10T02:31:36,108.53,43.87
2026-09-10T02:31:37,108.12,43.46
2026-09-10T02:31:38,108.48,43.81
2026-09-10T02:31:39,108.18,43.52
2026-09-10T02:31:40,108.31,43.65
2026-09-10T02:31:41,107.9,43.24
2026-09-10T02:31:42,108.21,43.55
2026-09-10T02:31:43,107.8,43.15
2026-09-10T02:31:44,107.9,43.24
2026-09-10T02:31:45,107.9,43.24
2026-09-10T02:31:46,108.17,43.51
2026-09-10T02:31:47,108.15,43.48
2026-09-10T02:31:48,108.45,43.78
2026-09-10T02:31:49,108.18,43.52
2026-09-10T02:31:50,108.49,43.82
2026-09-10T02:31:51,108.41,43.74
2026-09-10T02:31:52,108.07,43.41
2026-09-10T02:31:53,108.28,43.62
2026-09-10T02:31:54,107.96,43.3
2026-09-10T02:31:55,108.2,43.53
2026-09-10T02:31:56,108.03,43.37
2026-09-10T02:31:57,107.91,43.26
2026-09-10T02:31:58,108.34,43.68
2026-09-10T02:31:59,108.32,43.66
2026-09-10T02:32:00,108.24,43.58
2026-09-10T02:32:01,107.89,43.24
2026-09-10T02:32:02,107.68,43.03
2026-09-10T02:32:03,107.82,43.16
2026-09-10T02:32:04,108.04,43.38
2026-09-10T02:32:05,107.81,43.16
2026-09-10T02:32:06,107.77,43.12
2026-09-10T02:32:07,107.57,42.92
2026-09-10T02:32:08,108.27,43.6
2026-09-10T02:32:09,107.9,43.24
2026-09-10T02:32:10,108.13,43.47
2026-09-10T02:32:11,108.35,43.69
2026-09-10T02:32:12,108.45,43.79
2026-09-10T02:32:13,108.11,43.45
2026-09-10T02:32:14,107.94,43.28
2026-09-10T02:32:15,108.19,43.53
2026-09-10T02:32:16,108.14,43.48
2026-09-10T02:32:17,108.16,43.5
2026-09-10T02:32:18,108.13,43.47
2026-09-10T02:32:19,108.14,43.47
2026-09-10T02:32:20,108.11,43.45
2026-09-10T02:32:21,108.42,43.76
2026-09-10T02:32:22,108.02,43.37
2026-09-10T02:32:23,108.15,43.49
2026-09-10T02:32:24,108.03,43.37
2026-09-10T02:32:25,107.73,43.07
2026-09-10T02:32:26,107.72,43.07
2026-09-10T02:32:27,108.19,43.53
2026-09-10T02:32:28,107.89,43.23
2026-09-10T02:32:29,108.05,43.39
2026-09-10T02:32:30,108.19,43.53
2026-09-10T02:32:31,107.99,43.33
2026-09-10T02:32:32,107.87,43.22
2026-09-10T02:32:33,107.94,43.28
2026-09-10T02:32:34,107.76,43.11
2026-09-10T02:32:35,108.18,43.52
2026-09-10T02:32:36,108.03,43.37
2026-09-10T02:32:37,107.84,43.19
2026-09-10T02:32:38,107.87,43.21
2026-09-10T02:32:39,107.59,42.94
2026-09-10T02:32:40,108.14,43.48
2026-09-10T02:32:41,108.2,43.54
2026-09-10T02:32:42,107.79,43.13
2026-09-10T02:32:43,107.9,43.25
2026-09-10T02:32:44,108.16,43.5
2026-09-10T02:32:45,108.11,43.45
2026-09-10T02:32:46,108.7,44.03
2026-09-10T02:32:47,108.06,43.4
2026-09-10T02:32:48,107.9,43.24
2026-09-10T02:32:49,108.11,43.45
2026-09-10T02:32:50,108.18,43.52
2026-09-10T02:32:51,108.02,43.36
2026-09-10T02:32:52,107.75,43.09
2026-09-10T02:32:53,108.39,43.72
2026-09-10T02:32:54,108.47,43.8
2026-09-10T02:32:55,107.91,43.25
2026-09-10T02:32:56,108.14,43.48
2026-09-10T02:32:57,108.51,43.84
2026-09-10T02:32:58,108.27,43.61
2026-09-10T02:32:59,108.11,43.45
2026-09-10T02:33:00,108.46,43.79
2026-09-10T02:33:01,107.76,43.1
2026-09-10T02:33:02,107.59,42.94
2026-09-10T02:33:03,108.23,43.57
2026-09-10T02:33:04,108.38,43.71
2026-09-10T02:33:05,108.07,43.41
2026-09-10T02:33:06,107.68,43.03
2026-09-10T02:33:07,108.04,43.38
2026-09-10T02:33:08,108.03,43.38
2026-09-10T02:33:09,108.21,43.55
2026-09-10T02:33:10,107.85,43.19
2026-09-10T02:33:11,108.97,44.3
2026-09-10T02:33:12,108.22,43.56
2026-09-10T02:33:13,108.62,43.95
2026-09-10T02:33:14,107.97,43.32
2026-09-10T02:33:15,107.82,43.17
2026-09-10T02:33:16,108.21,43.55
2026-09-10T02:33:17,107.86,43.2
2026-09-10T02:33:18,108.26,43.6
2026-09-10T02:33:19,107.69,43.04
2026-09-10T02:33:20,108.16,43.5
2026-09-10T02:33:21,108.12,43.46
2026-09-10T02:33:22,108.12,43.46
2026-09-10T02:33:23,107.62,42.97
2026-09-10T02:33:24,107.92,43.27
2026-09-10T02:33:25,108.36,43.7
2026-09-10T02:33:26,108.25,43.58
2026-09-10T02:33:27,108.21,43.55
2026-09-10T02:33:28,108.28,43.62
2026-09-10T02:33:29,107.93,43.27
2026-09-10T02:33:30,107.94,43.28
2026-09-10T02:33:31,107.91,43.25
2026-09-10T02:33:32,107.87,43.22
2026-09-10T02:33:33,108.09,43.43
2026-09-10T02:33:34,107.87,43.21
2026-09-10T02:33:35,108.58,43.91
2026-09-10T02:33:36,107.94,43.28
2026-09-10T02:33:37,107.82,43.16
2026-09-10T02:33:38,107.97,43.32
2026-09-10T02:33:39,107.54,42.89
2026-09-10T02:33:40,108.48,43.81
2026-09-10T02:33:41,107.78,43.12
2026-09-10T02:33:42,108.19,43.53
2026-09-10T02:33:43,108.23,43.57
2026-09-10T02:33:44,108.16,43.5
2026-09-10T02:33:45,107.43,42.78
2026-09-10T02:33:46,107.82,43.17
2026-09-10T02:33:47,108.31,43.65
2026-09-10T02:33:48,107.64,42.98
2026-09-10T02:33:49,108.31,43.64
2026-09-10T02:33:50,108.38,43.72
2026-09-10T02:33:51,108.22,43.56
2026-09-10T02:33:52,108.06,43.4
2026-09-10T02:33:53,108.26,43.6
2026-09-10T02:33:54,107.77,43.11
2026-09-10T02:33:55,107.9,43.24
2026-09-10T02:33:56,108.03,43.37
2026-09-10T02:33:57,108.31,43.65
2026-09-10T02:33:58,108.13,43.47
2026-09-10T02:33:59,107.78,43.12
2026-09-10T02:34:00,108.26,43.6
2026-09-10T02:34:01,108.27,43.61
2026-09-10T02:34:02,108.1,43.44
2026-09-10T02:34:03,108.24,43.57
2026-09-10T02:34:04,107.79,43.13
2026-09-10T02:34:05,107.97,43.32
2026-09-10T02:34:06,107.92,43.26
2026-09-10T02:34:07,107.89,43.24
2026-09-10T02:34:08,108.33,43.67
2026-09-10T02:34:09,108.44,43.78
2026-09-10T02:34:10,107.93,43.28
2026-09-10T02:34:11,107.75,43.09
2026-09-10T02:34:12,108.09,43.43
2026-09-10T02:34:13,107.88,43.22
2026-09-10T02:34:14,108.05,43.39
2026-09-10T02:34:15,107.81,43.15
2026-09-10T02:34:16,107.86,43.2
2026-09-10T02:34:17,108.29,43.62
2026-09-10T02:34:18,107.99,43.33
2026-09-10T02:34:19,108.11,43.45
2026-09-10T02:34:20,107.85,43.19
2026-09-10T02:34:21,108.54,43.87
2026-09-10T02:34:22,107.94,43.29
2026-09-10T02:34:23,108.45,43.79
2026-09-10T02:34:24,108.05,43.39
2026-09-10T02:34:25,108.47,43.81
2026-09-10T02:34:26,108.41,43.74
2026-09-10T02:34:27,107.88,43.23
2026-09-10T02:34:28,108.93,44.26
2026-09-10T02:34:29,108.12,43.46
2026-09-10T02:34:30,108.11,43.45
2026-09-10T02:34:31,108.34,43.68
2026-09-10T02:34:32,107.99,43.33
2026-09-10T02:34:33,107.59,42.93
2026-09-10T02:34:34,108.02,43.36
2026-09-10T02:34:35,108.02,43.36
2026-09-10T02:34:36,108.33,43.67
2026-09-10T02:34:37,107.86,43.2
2026-09-10T02:34:38,108.13,43.47
2026-09-10T02:34:39,108.1,43.44
2026-09-10T02:34:40,107.65,43.0
2026-09-10T02:34:41,110.19,45.5
2026-09-10T02:34:42,107.92,43.27
2026-09-10T02:34:43,108.17,43.51
2026-09-10T02:34:44,108.13,43.47
2026-09-10T02:34:45,107.88,43.23
2026-09-10T02:34:46,108.27,43.61
2026-09-10T02:34:47,108.43,43.76
2026-09-10T02:34:48,108.37,43.71
2026-09-10T02:34:49,108.48,43.82
2026-09-10T02:34:50,108.08,43.42
2026-09-10T02:34:51,108.14,43.48
2026-09-10T02:34:52,107.75,43.09
2026-09-10T02:34:53,108.19,43.52
2026-09-10T02:34:54,108.58,43.91
2026-09-10T02:34:55,108.14,43.48
2026-09-10T02:34:56,107.96,43.3
2026-09-10T02:34:57,108.36,43.7
2026-09-10T02:34:58,108.22,43.56
2026-09-10T02:34:59,107.99,43.33
2026-09-10T02:35:00,108.12,43.46
2026-09-10T02:35:01,108.72,44.05
2026-09-10T02:35:02,107.96,43.3
2026-09-10T02:35:03,107.79,43.13
2026-09-10T02:35:04,108.86,44.19
2026-09-10T02:35:05,108.39,43.73
2026-09-10T02:35:06,108.52,43.85
2026-09-10T02:35:07,108.44,43.77
2026-09-10T02:35:08,108.72,44.05
2026-09-10T02:35:09,109.43,44.75
2026-09-10T02:35:10,110.31,45.61
2026-09-10T02:35:11,110.93,46.23
2026-09-10T02:35:12,109.87,45.18
2026-09-10T02:35:13,108.79,44.12
2026-09-10T02:35:14,108.37,43.71
2026-09-10T02:35:15,108.5,43.83
2026-09-10T02:35:16,108.42,43.75
2026-09-10T02:35:17,108.49,43.83
2026-09-10T02:35:18,108.45,43.79
2026-09-10T02:35:19,108.29,43.63
2026-09-10T02:35:20,108.68,44.01
2026-09-10T02:35:21,108.78,44.11
2026-09-10T02:35:22,107.98,43.32
2026-09-10T02:35:23,108.24,43.57
2026-09-10T02:35:24,108.32,43.66
2026-09-10T02:35:25,108.01,43.36
2026-09-10T02:35:26,108.61,43.95
2026-09-10T02:35:27,108.37,43.71
2026-09-10T02:35:28,108.06,43.4
2026-09-10T02:35:29,108.38,43.71
2026-09-10T02:35:30,108.38,43.71
2026-09-10T02:35:31,108.52,43.86
2026-09-10T02:35:32,108.26,43.6
2026-09-10T02:35:33,108.06,43.4
2026-09-10T02:35:34,108.46,43.8
2026-09-10T02:35:35,108.2,43.54
2026-09-10T02:35:36,108.2,43.54
2026-09-10T02:35:37,108.4,43.74
2026-09-10T02:35:38,108.37,43.71
2026-09-10T02:35:39,108.24,43.58
2026-09-10T02:35:40,108.56,43.9
2026-09-10T02:35:41,108.11,43.45
2026-09-10T02:35:42,107.98,43.32
2026-09-10T02:35:43,108.31,43.65
2026-09-10T02:35:44,108.12,43.46
2026-09-10T02:35:45,107.92,43.27
2026-09-10T02:35:46,108.16,43.5
2026-09-10T02:35:47,108.79,44.12
2026-09-10T02:35:48,108.63,43.97
2026-09-10T02:35:49,108.93,44.26
2026-09-10T02:35:50,109.48,44.8
2026-09-10T02:35:51,110.39,45.7
2026-09-10T02:35:52,111.04,46.34
2026-09-10T02:35:53,111.74,47.03
2026-09-10T02:35:54,110.46,45.76
2026-09-10T02:35:55,109.09,44.42
2026-09-10T02:35:56,108.57,43.91
2026-09-10T02:35:57,108.53,43.87
2026-09-10T02:35:58,108.56,43.9
2026-09-10T02:35:59,108.52,43.86
2026-09-10T02:36:00,108.62,43.96
2026-09-10T02:36:01,108.26,43.6
2026-09-10T02:36:02,108.42,43.76
2026-09-10T02:36:03,108.15,43.48
2026-09-10T02:36:04,108.55,43.89
2026-09-10T02:36:05,108.36,43.7
2026-09-10T02:36:06,108.14,43.48
2026-09-10T02:36:07,108.26,43.59
2026-09-10T02:36:08,108.4,43.74
2026-09-10T02:36:09,108.64,43.97
2026-09-10T02:36:10,108.32,43.66
2026-09-10T02:36:11,108.25,43.59
2026-09-10T02:36:12,108.5,43.83
2026-09-10T02:36:13,108.29,43.63
2026-09-10T02:36:14,108.31,43.65
2026-09-10T02:36:15,108.19,43.53
2026-09-10T02:36:16,108.15,43.49
2026-09-10T02:36:17,108.18,43.52
2026-09-10T02:36:18,107.65,43.0
2026-09-10T02:36:19,108.52,43.86
2026-09-10T02:36:20,108.44,43.77
2026-09-10T02:36:21,108.13,43.47
2026-09-10T02:36:22,108.5,43.83
2026-09-10T02:36:23,107.87,43.22
2026-09-10T02:36:24,107.84,43.18
2026-09-10T02:36:25,107.9,43.24
2026-09-10T02:36:26,108.09,43.43
2026-09-10T02:36:27,108.46,43.8
2026-09-10T02:36:28,108.27,43.61
2026-09-10T02:36:29,108.28,43.62
2026-09-10T02:36:30,108.12,43.46
2026-09-10T02:36:31,108.14,43.48
2026-09-10T02:36:32,107.72,43.07
2026-09-10T02:36:33,107.91,43.25
2026-09-10T02:36:34,107.58,42.92
2026-09-10T02:36:35,108.09,43.43
2026-09-10T02:36:36,108.19,43.52
2026-09-10T02:36:37,107.76,43.1
2026-09-10T02:36:38,108.01,43.35
2026-09-10T02:36:39,107.97,43.32
2026-09-10T02:36:40,107.67,43.01
2026-09-10T02:36:41,108.32,43.66
2026-09-10T02:36:42,107.84,43.19
2026-09-10T02:36:43,107.71,43.05
2026-09-10T02:36:44,107.87,43.22
2026-09-10T02:36:45,108.28,43.62
2026-09-10T02:36:46,108.55,43.88
2026-09-10T02:36:47,107.86,43.21
2026-09-10T02:36:48,108.02,43.36
2026-09-10T02:36:49,108.59,43.92
2026-09-10T02:36:50,107.84,43.18
2026-09-10T02:36:51,107.91,43.25
2026-09-10T02:36:52,107.85,43.19
2026-09-10T02:36:53,108.48,43.82
2026-09-10T02:36:54,108.26,43.59
2026-09-10T02:36:55,108.18,43.52
2026-09-10T02:36:56,108.2,43.54
2026-09-10T02:36:57,108.25,43.59
2026-09-10T02:36:58,108.37,43.71
2026-09-10T02:36:59,108.12,43.46
2026-09-10T02:37:00,107.88,43.22
2026-09-10T02:37:01,108.05,43.39
2026-09-10T02:37:02,108.27,43.6
2026-09-10T02:37:03,107.57,42.91
2026-09-10T02:37:04,107.74,43.09
2026-09-10T02:37:05,107.71,43.06
2026-09-10T02:37:06,108.15,43.49
2026-09-10T02:37:07,107.9,43.24
2026-09-10T02:37:08,107.75,43.09
2026-09-10T02:37:09,107.94,43.29
2026-09-10T02:37:10,108.04,43.38
2026-09-10T02:37:11,108.32,43.66
2026-09-10T02:37:12,108.25,43.59
2026-09-10T02:37:13,108.08,43.42
2026-09-10T02:37:14,108.11,43.45
2026-09-10T02:37:15,108.11,43.45
2026-09-10T02:37:16,108.06,43.4
2026-09-10T02:37:17,108.17,43.51
2026-09-10T02:37:18,108.46,43.8
2026-09-10T02:37:19,108.09,43.43
2026-09-10T02:37:20,108.27,43.61
2026-09-10T02:37:21,108.47,43.81
2026-09-10T02:37:22,108.62,43.95
2026-09-10T02:37:23,108.51,43.85
2026-09-10T02:37:24,108.11,43.45
2026-09-10T02:37:25,107.76,43.1
2026-09-10T02:37:26,107.42,42.77
2026-09-10T02:37:27,108.38,43.71
2026-09-10T02:37:28,107.85,43.19
2026-09-10T02:37:29,108.41,43.75
2026-09-10T02:37:30,107.95,43.3
2026-09-10T02:37:31,107.68,43.03
2026-09-10T02:37:32,108.26,43.6
2026-09-10T02:37:33,108.41,43.74
2026-09-10T02:37:34,108.2,43.54
2026-09-10T02:37:35,108.09,43.43
2026-09-10T02:37:36,108.0,43.34
2026-09-10T02:37:37,107.85,43.19
2026-09-10T02:37:38,107.73,43.08
2026-09-10T02:37:39,107.95,43.3
2026-09-10T02:37:40,108.26,43.6
2026-09-10T02:37:41,108.57,43.91
2026-09-10T02:37:42,107.58,42.93
2026-09-10T02:37:43,107.88,43.22
2026-09-10T02:37:44,108.27,43.61
2026-09-10T02:37:45,108.34,43.67
2026-09-10T02:37:46,107.95,43.3
2026-09-10T02:37:47,108.09,43.43
2026-09-10T02:37:48,108.12,43.46
2026-09-10T02:37:49,108.46,43.79
2026-09-10T02:37:50,107.77,43.12
2026-09-10T02:37:51,107.89,43.23
2026-09-10T02:37:52,108.09,43.43
2026-09-10T02:37:53,107.89,43.23
2026-09-10T02:37:54,108.8,44.13
2026-09-10T02:37:55,107.81,43.16
2026-09-10T02:37:56,108.48,43.81
2026-09-10T02:37:57,108.12,43.46
2026-09-10T02:37:58,108.49,43.82
2026-09-10T02:37:59,108.35,43.69
2026-09-10T02:38:00,108.28,43.62
2026-09-10T02:38:01,107.78,43.13
2026-09-10T02:38:02,107.98,43.32
2026-09-10T02:38:03,108.11,43.45
2026-09-10T02:38:04,108.21,43.54
2026-09-10T02:38:05,107.87,43.21
2026-09-10T02:38:06,108.42,43.75
2026-09-10T02:38:07,107.63,42.98
2026-09-10T02:38:08,108.24,43.58
2026-09-10T02:38:09,107.76,43.11
2026-09-10T02:38:10,108.27,43.61
2026-09-10T02:38:11,107.85,43.19
2026-09-10T02:38:12,108.02,43.36
2026-09-10T02:38:13,108.33,43.67
2026-09-10T02:38:14,108.45,43.78
2026-09-10T02:38:15,107.99,43.33
2026-09-10T02:38:16,107.88,43.22
2026-09-10T02:38:17,108.07,43.41
2026-09-10T02:38:18,108.3,43.64
2026-09-10T02:38:19,108.14,43.48
2026-09-10T02:38:20,108.14,43.48
2026-09-10T02:38:21,108.39,43.73
2026-09-10T02:38:22,108.41,43.74
2026-09-10T02:38:23,108.08,43.42
2026-09-10T02:38:24,108.11,43.45
2026-09-10T02:38:25,107.95,43.29
2026-09-10T02:38:26,108.07,43.41
2026-09-10T02:38:27,107.88,43.22
2026-09-10T02:38:28,107.83,43.18
2026-09-10T02:38:29,107.91,43.25
2026-09-10T02:38:30,107.99,43.33
2026-09-10T02:38:31,108.17,43.51
2026-09-10T02:38:32,107.91,43.25
2026-09-10T02:38:33,107.69,43.04
2026-09-10T02:38:34,108.43,43.76
2026-09-10T02:38:35,108.12,43.46
2026-09-10T02:38:36,108.41,43.75
2026-09-10T02:38:37,107.96,43.3
2026-09-10T02:38:38,108.24,43.58
2026-09-10T02:38:39,108.32,43.66
2026-09-10T02:38:40,108.3,43.63
2026-09-10T02:38:41,108.74,44.07
2026-09-10T02:38:42,107.99,43.33
2026-09-10T02:38:43,108.37,43.7
2026-09-10T02:38:44,108.58,43.91
2026-09-10T02:38:45,108.55,43.89
2026-09-10T02:38:46,108.64,43.97
2026-09-10T02:38:47,108.63,43.96
2026-09-10T02:38:48,108.36,43.69
2026-09-10T02:38:49,108.4,43.74
2026-09-10T02:38:50,108.18,43.52
2026-09-10T02:38:51,107.61,42.96
2026-09-10T02:38:52,107.68,43.03
2026-09-10T02:38:53,108.53,43.87
2026-09-10T02:38:54,108.07,43.41
2026-09-10T02:38:55,108.1,43.44
2026-09-10T02:38:56,108.05,43.4
2026-09-10T02:38:57,108.48,43.81
2026-09-10T02:38:58,108.08,43.42
2026-09-10T02:38:59,108.18,43.52
2026-09-10T02:39:00,108.28,43.62
2026-09-10T02:39:01,107.81,43.15
2026-09-10T02:39:02,108.21,43.54
2026-09-10T02:39:03,108.2,43.54
2026-09-10T02:39:04,108.25,43.59
2026-09-10T02:39:05,108.63,43.96
2026-09-10T02:39:06,108.18,43.52
2026-09-10T02:39:07,108.37,43.7
2026-09-10T02:39:08,107.68,43.02
2026-09-10T02:39:09,108.09,43.43
2026-09-10T02:39:10,108.27,43.6
2026-09-10T02:39:11,108.14,43.48
2026-09-10T02:39:12,108.35,43.69
2026-09-10T02:39:13,108.05,43.39
2026-09-10T02:39:14,108.25,43.59
2026-09-10T02:39:15,107.98,43.32
2026-09-10T02:39:16,108.02,43.36
2026-09-10T02:39:17,108.25,43.58
2026-09-10T02:39:18,108.01,43.36
2026-09-10T02:39:19,108.07,43.41
2026-09-10T02:39:20,107.83,43.17
2026-09-10T02:39:21,108.16,43.5
2026-09-10T02:39:22,108.0,43.35
2026-09-10T02:39:23,107.94,43.28
2026-09-10T02:39:24,109.63,44.95
2026-09-10T02:39:25,108.16,43.5
2026-09-10T02:39:26,107.86,43.21
2026-09-10T02:39:27,108.63,43.96
2026-09-10T02:39:28,108.48,43.81
2026-09-10T02:39:29,107.8,43.14
2026-09-10T02:39:30,107.97,43.31
2026-09-10T02:39:31,107.82,43.17
2026-09-10T02:39:32,107.91,43.25
2026-09-10T02:39:33,108.22,43.55
2026-09-10T02:39:34,108.36,43.7
2026-09-10T02:39:35,108.65,43.98
2026-09-10T02:39:36,108.08,43.42
2026-09-10T02:39:37,108.17,43.51
2026-09-10T02:39:38,108.17,43.51
2026-09-10T02:39:39,107.76,43.1
2026-09-10T02:39:40,108.24,43.58
2026-09-10T02:39:41,108.62,43.95
2026-09-10T02:39:42,109.6,44.92
2026-09-10T02:39:43,108.17,43.51
2026-09-10T02:39:44,108.5,43.83
2026-09-10T02:39:45,108.2,43.54
2026-09-10T02:39:46,107.97,43.31
2026-09-10T02:39:47,108.08,43.42
2026-09-10T02:39:48,107.9,43.24
2026-09-10T02:39:49,108.41,43.75
2026-09-10T02:39:50,108.19,43.53
2026-09-10T02:39:51,108.17,43.51
2026-09-10T02:39:52,108.33,43.67
2026-09-10T02:39:53,107.88,43.22
2026-09-10T02:39:54,108.24,43.58
2026-09-10T02:39:55,108.31,43.65
2026-09-10T02:39:56,111.84,47.12
2026-09-10T02:39:57,112.35,47.63
2026-09-10T02:39:58,111.52,46.82
2026-09-10T02:39:59,111.57,46.86
2026-09-10T02:40:00,112.02,47.3
2026-09-10T02:40:01,111.45,46.74
2026-09-10T02:40:02,113.78,49.04
2026-09-10T02:40:03,112.39,47.67
2026-09-10T02:40:04,109.62,44.94
2026-09-10T02:40:05,110.43,45.74
2026-09-10T02:40:06,110.03,45.34
2026-09-10T02:40:07,109.04,44.37
2026-09-10T02:40:08,110.91,46.21
2026-09-10T02:40:09,112.0,47.29
2026-09-10T02:40:10,110.72,46.02
2026-09-10T02:40:11,111.41,46.7
2026-09-10T02:40:12,111.43,46.73
2026-09-10T02:40:13,111.44,46.74
2026-09-10T02:40:14,109.1,44.42
2026-09-10T02:40:15,108.38,43.71
2026-09-10T02:40:16,109.13,44.45
2026-09-10T02:40:17,109.44,44.76
2026-09-10T02:40:18,111.05,46.35
2026-09-10T02:40:19,113.62,48.88
2026-09-10T02:40:20,110.31,45.62
2026-09-10T02:40:21,110.78,46.09
2026-09-10T02:40:22,108.91,44.24
2026-09-10T02:40:23,108.63,43.97
2026-09-10T02:40:24,108.11,43.45
2026-09-10T02:40:25,107.98,43.32
2026-09-10T02:40:26,108.26,43.59
2026-09-10T02:40:27,108.35,43.69
2026-09-10T02:40:28,108.53,43.86
2026-09-10T02:40:29,109.52,44.84
2026-09-10T02:40:30,110.68,45.98
2026-09-10T02:40:31,110.76,46.07
2026-09-10T02:40:32,109.44,44.76
2026-09-10T02:40:33,108.75,44.08
2026-09-10T02:40:34,108.79,44.12
2026-09-10T02:40:35,109.93,45.25
2026-09-10T02:40:36,109.44,44.76
2026-09-10T02:40:37,109.24,44.57
2026-09-10T02:40:38,108.07,43.41
2026-09-10T02:40:39,108.64,43.97
2026-09-10T02:40:40,108.0,43.34
2026-09-10T02:40:41,109.42,44.74
2026-09-10T02:40:42,109.92,45.23
2026-09-10T02:40:43,109.86,45.17
2026-09-10T02:40:44,109.27,44.6
2026-09-10T02:40:45,109.14,44.47
2026-09-10T02:40:46,109.49,44.81
2026-09-10T02:40:47,110.54,45.85
2026-09-10T02:40:48,109.47,44.79
2026-09-10T02:40:49,108.9,44.23
2026-09-10T02:40:50,108.5,43.84
2026-09-10T02:40:51,109.31,44.64
2026-09-10T02:40:52,109.41,44.73
2026-09-10T02:40:53,108.98,44.3
2026-09-10T02:40:54,109.17,44.49
2026-09-10T02:40:55,109.04,44.36
2026-09-10T02:40:56,108.5,43.84
2026-09-10T02:40:57,112.54,47.82
2026-09-10T02:40:58,111.26,46.56
2026-09-10T02:40:59,115.89,51.12
2026-09-10T02:41:00,109.79,45.1
2026-09-10T02:41:01,108.01,43.35
2026-09-10T02:41:02,108.61,43.94
2026-09-10T02:41:03,108.39,43.72
2026-09-10T02:41:04,108.37,43.7
2026-09-10T02:41:05,108.48,43.81
2026-09-10T02:41:06,107.74,43.09
2026-09-10T02:41:07,108.3,43.64
2026-09-10T02:41:08,108.0,43.34
2026-09-10T02:41:09,107.98,43.33
2026-09-10T02:41:10,107.88,43.22
2026-09-10T02:41:11,108.29,43.63
2026-09-10T02:41:12,107.92,43.26
2026-09-10T02:41:13,107.76,43.1
2026-09-10T02:41:14,108.59,43.93
2026-09-10T02:41:15,108.21,43.55
2026-09-10T02:41:16,108.35,43.69
2026-09-10T02:41:17,108.18,43.52
2026-09-10T02:41:18,107.75,43.1
2026-09-10T02:41:19,108.28,43.61
2026-09-10T02:41:20,108.12,43.46
2026-09-10T02:41:21,108.24,43.58
2026-09-10T02:41:22,108.12,43.46
2026-09-10T02:41:23,108.02,43.36
2026-09-10T02:41:24,108.11,43.45
2026-09-10T02:41:25,107.79,43.14
2026-09-10T02:41:26,107.99,43.33
2026-09-10T02:41:27,107.97,43.31
2026-09-10T02:41:28,108.3,43.64
2026-09-10T02:41:29,107.86,43.21
2026-09-10T02:41:30,107.8,43.14
2026-09-10T02:41:31,108.29,43.63
2026-09-10T02:41:32,107.91,43.25
2026-09-10T02:41:33,107.69,43.04
2026-09-10T02:41:34,107.96,43.3
2026-09-10T02:41:35,107.93,43.28
2026-09-10T02:41:36,107.91,43.25
2026-09-10T02:41:37,108.05,43.39
2026-09-10T02:41:38,108.29,43.63
2026-09-10T02:41:39,108.49,43.83
2026-09-10T02:41:40,107.94,43.28
2026-09-10T02:41:41,108.25,43.59
2026-09-10T02:41:42,108.26,43.6
2026-09-10T02:41:43,107.34,42.69
2026-09-10T02:41:44,108.1,43.44
2026-09-10T02:41:45,107.98,43.32
2026-09-10T02:41:46,108.64,43.97
2026-09-10T02:41:47,108.13,43.47
2026-09-10T02:41:48,107.99,43.33
2026-09-10T02:41:49,107.94,43.28
2026-09-10T02:41:50,108.74,44.07
2026-09-10T02:41:51,107.74,43.09
2026-09-10T02:41:52,108.1,43.44
2026-09-10T02:41:53,107.99,43.33
2026-09-10T02:41:54,107.92,43.26
2026-09-10T02:41:55,107.74,43.09
2026-09-10T02:41:56,108.07,43.41
2026-09-10T02:41:57,108.38,43.72
2026-09-10T02:41:58,108.33,43.67
2026-09-10T02:41:59,108.37,43.7
2026-09-10T02:42:00,108.39,43.73
2026-09-10T02:42:01,107.65,42.99
2026-09-10T02:42:02,108.19,43.53
2026-09-10T02:42:03,108.25,43.59
2026-09-10T02:42:04,107.91,43.26
2026-09-10T02:42:05,108.1,43.44
2026-09-10T02:42:06,108.14,43.48
2026-09-10T02:42:07,107.89,43.23
2026-09-10T02:42:08,107.86,43.21
2026-09-10T02:42:09,108.43,43.77
2026-09-10T02:42:10,107.95,43.29
2026-09-10T02:42:11,107.99,43.33
2026-09-10T02:42:12,108.0,43.34
2026-09-10T02:42:13,108.37,43.71
2026-09-10T02:42:14,108.11,43.45
2026-09-10T02:42:15,108.38,43.72
2026-09-10T02:42:16,108.07,43.41
2026-09-10T02:42:17,108.42,43.76
2026-09-10T02:42:18,108.01,43.35
2026-09-10T02:42:19,107.87,43.21
2026-09-10T02:42:20,107.95,43.29
2026-09-10T02:42:21,108.15,43.49
2026-09-10T02:42:22,108.1,43.44
2026-09-10T02:42:23,108.63,43.96
2026-09-10T02:42:24,108.39,43.73
2026-09-10T02:42:25,107.98,43.32
2026-09-10T02:42:26,108.09,43.43
2026-09-10T02:42:27,108.38,43.71
2026-09-10T02:42:28,107.99,43.33
2026-09-10T02:42:29,107.86,43.2
2026-09-10T02:42:30,107.52,42.86
2026-09-10T02:42:31,108.15,43.49
2026-09-10T02:42:32,108.3,43.64
2026-09-10T02:42:33,107.96,43.31
2026-09-10T02:42:34,107.77,43.12
2026-09-10T02:42:35,108.1,43.44
2026-09-10T02:42:36,108.56,43.89
2026-09-10T02:42:37,108.51,43.85
2026-09-10T02:42:38,107.94,43.29
2026-09-10T02:42:39,107.96,43.31
2026-09-10T02:42:40,107.87,43.21
2026-09-10T02:42:41,108.3,43.64
2026-09-10T02:42:42,108.13,43.46
2026-09-10T02:42:43,107.89,43.23
2026-09-10T02:42:44,108.16,43.5
2026-09-10T02:42:45,108.41,43.75
2026-09-10T02:42:46,107.63,42.98
2026-09-10T02:42:47,108.34,43.67
2026-09-10T02:42:48,108.54,43.87
2026-09-10T02:42:49,108.17,43.51
2026-09-10T02:42:50,108.24,43.58
2026-09-10T02:42:51,108.12,43.46
2026-09-10T02:42:52,108.16,43.5
2026-09-10T02:42:53,107.8,43.14
2026-09-10T02:42:54,108.25,43.59
2026-09-10T02:42:55,107.83,43.18
2026-09-10T02:42:56,107.85,43.2
2026-09-10T02:42:57,108.07,43.41
2026-09-10T02:42:58,107.74,43.08
2026-09-10T02:42:59,108.35,43.69
2026-09-10T02:43:00,108.0,43.34
2026-09-10T02:43:01,108.05,43.4
2026-09-10T02:43:02,108.33,43.67
2026-09-10T02:43:03,108.31,43.65
2026-09-10T02:43:04,108.14,43.48
2026-09-10T02:43:05,108.24,43.58
2026-09-10T02:43:06,108.62,43.95
2026-09-10T02:43:07,108.78,44.11
2026-09-10T02:43:08,108.3,43.64
2026-09-10T02:43:09,108.56,43.89
2026-09-10T02:43:10,108.65,43.98
2026-09-10T02:43:11,108.56,43.89
2026-09-10T02:43:12,108.14,43.48
2026-09-10T02:43:13,108.16,43.5
2026-09-10T02:43:14,108.05,43.39
2026-09-10T02:43:15,108.57,43.91
2026-09-10T02:43:16,108.59,43.92
2026-09-10T02:43:17,108.28,43.61
2026-09-10T02:43:18,108.14,43.47
2026-09-10T02:43:19,108.0,43.34
2026-09-10T02:43:20,108.83,44.16
2026-09-10T02:43:21,108.09,43.43
2026-09-10T02:43:22,107.72,43.07
2026-09-10T02:43:23,108.27,43.61
2026-09-10T02:43:24,107.8,43.14
2026-09-10T02:43:25,108.66,43.99
2026-09-10T02:43:26,108.11,43.45
2026-09-10T02:43:27,108.04,43.38
2026-09-10T02:43:28,108.36,43.69
2026-09-10T02:43:29,108.43,43.77
2026-09-10T02:43:30,109.05,44.38
2026-09-10T02:43:31,109.81,45.13
2026-09-10T02:43:32,109.87,45.18
2026-09-10T02:43:33,109.57,44.89
2026-09-10T02:43:34,109.67,44.98
2026-09-10T02:43:35,110.25,45.56
2026-09-10T02:43:36,111.01,46.31
2026-09-10T02:43:37,112.01,47.3
2026-09-10T02:43:38,110.78,46.08
2026-09-10T02:43:39,109.66,44.98
2026-09-10T02:43:40,110.61,45.92
2026-09-10T02:43:41,109.16,44.48
2026-09-10T02:43:42,109.03,44.35
2026-09-10T02:43:43,109.31,44.63
2026-09-10T02:43:44,109.51,44.83
2026-09-10T02:43:45,108.66,43.99
2026-09-10T02:43:46,108.72,44.05
2026-09-10T02:43:47,108.31,43.65
2026-09-10T02:43:48,108.03,43.37
2026-09-10T02:43:49,108.25,43.59
2026-09-10T02:43:50,108.28,43.62
2026-09-10T02:43:51,108.62,43.96
2026-09-10T02:43:52,107.95,43.3
2026-09-10T02:43:53,108.18,43.52
2026-09-10T02:43:54,108.17,43.51
2026-09-10T02:43:55,108.51,43.84
2026-09-10T02:43:56,108.22,43.56
2026-09-10T02:43:57,108.46,43.8
2026-09-10T02:43:58,108.02,43.36
2026-09-10T02:43:59,107.96,43.3
2026-09-10T02:44:00,108.13,43.47
2026-09-10T02:44:01,107.87,43.22
2026-09-10T02:44:02,108.07,43.41
2026-09-10T02:44:03,107.92,43.26
2026-09-10T02:44:04,108.03,43.37
2026-09-10T02:44:05,108.38,43.72
2026-09-10T02:44:06,108.64,43.98
2026-09-10T02:44:07,108.28,43.62
2026-09-10T02:44:08,108.51,43.84
2026-09-10T02:44:09,108.74,44.07
2026-09-10T02:44:10,110.51,45.82
2026-09-10T02:44:11,108.5,43.83
2026-09-10T02:44:12,108.9,44.23
2026-09-10T02:44:13,108.59,43.93
2026-09-10T02:44:14,108.63,43.97
2026-09-10T02:44:15,108.32,43.65
2026-09-10T02:44:16,108.24,43.58
2026-09-10T02:44:17,108.17,43.5
2026-09-10T02:44:18,108.61,43.94
2026-09-10T02:44:19,108.53,43.86
2026-09-10T02:44:20,107.92,43.27
2026-09-10T02:44:21,107.82,43.16
2026-09-10T02:44:22,108.31,43.65
2026-09-10T02:44:23,108.29,43.63
2026-09-10T02:44:24,108.25,43.58
2026-09-10T02:44:25,107.99,43.33
2026-09-10T02:44:26,108.7,44.03
2026-09-10T02:44:27,108.7,44.03
2026-09-10T02:44:28,107.97,43.31
2026-09-10T02:44:29,107.99,43.33
2026-09-10T02:44:30,108.03,43.37
2026-09-10T02:44:31,108.2,43.54
2026-09-10T02:44:32,108.3,43.63
2026-09-10T02:44:33,108.18,43.52
2026-09-10T02:44:34,108.23,43.57
2026-09-10T02:44:35,108.17,43.51
2026-09-10T02:44:36,108.37,43.7
2026-09-10T02:44:37,108.59,43.93
2026-09-10T02:44:38,108.35,43.69
2026-09-10T02:44:39,108.55,43.88
2026-09-10T02:44:40,108.54,43.87
2026-09-10T02:44:41,108.18,43.52
2026-09-10T02:44:42,109.53,44.85
2026-09-10T02:44:43,109.26,44.58
2026-09-10T02:44:44,108.11,43.45
2026-09-10T02:44:45,108.04,43.38
2026-09-10T02:44:46,108.09,43.43
2026-09-10T02:44:47,108.16,43.5
2026-09-10T02:44:48,108.36,43.7
2026-09-10T02:44:49,108.43,43.76
2026-09-10T02:44:50,108.27,43.6
2026-09-10T02:44:51,108.08,43.42
2026-09-10T02:44:52,107.62,42.97
2026-09-10T02:44:53,108.29,43.62
2026-09-10T02:44:54,108.55,43.89
2026-09-10T02:44:55,107.95,43.29
2026-09-10T02:44:56,107.99,43.33
2026-09-10T02:44:57,108.8,44.13
2026-09-10T02:44:58,108.29,43.63
2026-09-10T02:44:59,107.84,43.18
2026-09-10T02:45:00,108.12,43.46
2026-09-10T02:45:01,108.29,43.63
2026-09-10T02:45:02,107.78,43.13
2026-09-10T02:45:03,107.88,43.22
2026-09-10T02:45:04,107.59,42.94
2026-09-10T02:45:05,108.11,43.45
2026-09-10T02:45:06,107.6,42.94
2026-09-10T02:45:07,108.15,43.49
2026-09-10T02:45:08,107.64,42.99
2026-09-10T02:45:09,108.46,43.8
2026-09-10T02:45:10,108.15,43.49
2026-09-10T02:45:11,107.87,43.22
2026-09-10T02:45:12,108.53,43.87
2026-09-10T02:45:13,107.91,43.25
2026-09-10T02:45:14,108.14,43.48
2026-09-10T02:45:15,108.06,43.4
2026-09-10T02:45:16,107.73,43.07
2026-09-10T02:45:17,107.73,43.08
2026-09-10T02:45:18,108.49,43.82
2026-09-10T02:45:19,107.93,43.28
2026-09-10T02:45:20,108.1,43.44
2026-09-10T02:45:21,107.92,43.26
2026-09-10T02:45:22,108.02,43.36
2026-09-10T02:45:23,108.22,43.56
2026-09-10T02:45:24,107.94,43.29
2026-09-10T02:45:25,108.01,43.35
2026-09-10T02:45:26,108.41,43.75
2026-09-10T02:45:27,108.45,43.78
2026-09-10T02:45:28,108.21,43.55
2026-09-10T02:45:29,107.95,43.3
2026-09-10T02:45:30,108.12,43.46
2026-09-10T02:45:31,107.98,43.32
2026-09-10T02:45:32,108.68,44.01
2026-09-10T02:45:33,108.1,43.44
2026-09-10T02:45:34,108.19,43.53
2026-09-10T02:45:35,108.17,43.51
2026-09-10T02:45:36,108.85,44.18
2026-09-10T02:45:37,109.01,44.34
2026-09-10T02:45:38,108.81,44.14
2026-09-10T02:45:39,109.0,44.33
2026-09-10T02:45:40,110.64,45.94
2026-09-10T02:45:41,110.43,45.74
2026-09-10T02:45:42,111.32,46.61
2026-09-10T02:45:43,111.1,46.39
2026-09-10T02:45:44,110.33,45.64
2026-09-10T02:45:45,109.47,44.79
2026-09-10T02:45:46,108.82,44.15
2026-09-10T02:45:47,109.13,44.45
2026-09-10T02:45:48,109.84,45.15
2026-09-10T02:45:49,108.59,43.93
2026-09-10T02:45:50,108.54,43.88
2026-09-10T02:45:51,108.19,43.53
2026-09-10T02:45:52,108.18,43.52
2026-09-10T02:45:53,108.04,43.38
2026-09-10T02:45:54,108.68,44.02
2026-09-10T02:45:55,109.15,44.48
2026-09-10T02:45:56,108.54,43.87
2026-09-10T02:45:57,108.43,43.77
2026-09-10T02:45:58,108.56,43.9
2026-09-10T02:45:59,108.22,43.56
2026-09-10T02:46:00,108.03,43.37
2026-09-10T02:46:01,108.31,43.65
2026-09-10T02:46:02,108.31,43.65
2026-09-10T02:46:03,108.65,43.98
2026-09-10T02:46:04,107.96,43.3
2026-09-10T02:46:05,108.31,43.65
2026-09-10T02:46:06,107.89,43.24
2026-09-10T02:46:07,108.2,43.54
2026-09-10T02:46:08,108.59,43.93
2026-09-10T02:46:09,108.13,43.47
2026-09-10T02:46:10,108.52,43.85
2026-09-10T02:46:11,108.31,43.65
2026-09-10T02:46:12,108.18,43.52
2026-09-10T02:46:13,108.43,43.77
2026-09-10T02:46:14,108.71,44.04
2026-09-10T02:46:15,108.41,43.75
2026-09-10T02:46:16,108.41,43.75
2026-09-10T02:46:17,108.05,43.39
2026-09-10T02:46:18,109.05,44.37
2026-09-10T02:46:19,108.84,44.17
2026-09-10T02:46:20,108.88,44.21
2026-09-10T02:46:21,109.2,44.53
2026-09-10T02:46:22,108.93,44.26
2026-09-10T02:46:23,109.26,44.58
2026-09-10T02:46:24,110.1,45.41
2026-09-10T02:46:25,110.1,45.41
2026-09-10T02:46:26,108.79,44.12
2026-09-10T02:46:27,108.32,43.66
2026-09-10T02:46:28,108.35,43.68
2026-09-10T02:46:29,108.52,43.86
2026-09-10T02:46:30,108.04,43.38
2026-09-10T02:46:31,108.31,43.65
2026-09-10T02:46:32,108.27,43.61
2026-09-10T02:46:33,108.37,43.7
2026-09-10T02:46:34,108.27,43.61
2026-09-10T02:46:35,108.0,43.34
2026-09-10T02:46:36,108.39,43.72
2026-09-10T02:46:37,108.18,43.52
2026-09-10T02:46:38,108.11,43.45
2026-09-10T02:46:39,108.48,43.82
2026-09-10T02:46:40,107.94,43.29
2026-09-10T02:46:41,108.25,43.59
2026-09-10T02:46:42,108.51,43.85
2026-09-10T02:46:43,108.36,43.69
2026-09-10T02:46:44,107.61,42.96
2026-09-10T02:46:45,108.39,43.73
2026-09-10T02:46:46,108.69,44.02
2026-09-10T02:46:47,108.26,43.6
2026-09-10T02:46:48,108.0,43.34
2026-09-10T02:46:49,107.73,43.07
2026-09-10T02:46:50,108.3,43.64
2026-09-10T02:46:51,108.17,43.51
2026-09-10T02:46:52,107.77,43.12
2026-09-10T02:46:53,108.41,43.74
2026-09-10T02:46:54,108.91,44.24
2026-09-10T02:46:55,108.47,43.8
2026-09-10T02:46:56,108.53,43.86
2026-09-10T02:46:57,108.33,43.67
2026-09-10T02:46:58,108.56,43.89
2026-09-10T02:46:59,108.23,43.57
2026-09-10T02:47:00,107.99,43.33
2026-09-10T02:47:01,108.4,43.73
2026-09-10T02:47:02,108.59,43.92
2026-09-10T02:47:03,108.54,43.88
2026-09-10T02:47:04,108.69,44.02
2026-09-10T02:47:05,109.09,44.41
2026-09-10T02:47:06,108.47,43.81
2026-09-10T02:47:07,109.08,44.4
2026-09-10T02:47:08,108.17,43.51
2026-09-10T02:47:09,108.18,43.52
2026-09-10T02:47:10,108.23,43.57
2026-09-10T02:47:11,108.01,43.36
2026-09-10T02:47:12,108.72,44.05
2026-09-10T02:47:13,108.03,43.37
2026-09-10T02:47:14,108.25,43.59
2026-09-10T02:47:15,108.8,44.13
2026-09-10T02:47:16,108.63,43.96
2026-09-10T02:47:17,108.53,43.87
2026-09-10T02:47:18,108.69,44.02
2026-09-10T02:47:19,108.44,43.78
2026-09-10T02:47:20,108.57,43.91
2026-09-10T02:47:21,108.72,44.05
2026-09-10T02:47:22,108.1,43.44
2026-09-10T02:47:23,108.16,43.5
2026-09-10T02:47:24,107.93,43.27
2026-09-10T02:47:25,108.29,43.63
2026-09-10T02:47:26,108.23,43.57
2026-09-10T02:47:27,108.31,43.65
2026-09-10T02:47:28,108.09,43.43
2026-09-10T02:47:29,108.32,43.66
2026-09-10T02:47:30,108.1,43.44
2026-09-10T02:47:31,108.32,43.66
2026-09-10T02:47:32,108.2,43.54
2026-09-10T02:47:33,108.59,43.93
2026-09-10T02:47:34,108.19,43.53
2026-09-10T02:47:35,107.74,43.09
2026-09-10T02:47:36,108.29,43.63
2026-09-10T02:47:37,108.21,43.55
2026-09-10T02:47:38,108.12,43.46
2026-09-10T02:47:39,108.14,43.48
2026-09-10T02:47:40,107.84,43.18
2026-09-10T02:47:41,108.5,43.84
2026-09-10T02:47:42,108.5,43.83
2026-09-10T02:47:43,108.73,44.06
2026-09-10T02:47:44,108.02,43.36
2026-09-10T02:47:45,107.85,43.2
2026-09-10T02:47:46,108.44,43.78
2026-09-10T02:47:47,107.96,43.3
2026-09-10T02:47:48,107.99,43.33
2026-09-10T02:47:49,108.1,43.44
2026-09-10T02:47:50,108.21,43.55
2026-09-10T02:47:51,108.08,43.42
2026-09-10T02:47:52,108.07,43.41
2026-09-10T02:47:53,108.67,44.0
2026-09-10T02:47:54,108.13,43.47
2026-09-10T02:47:55,107.94,43.28
2026-09-10T02:47:56,108.17,43.51
2026-09-10T02:47:57,108.61,43.95
2026-09-10T02:47:58,108.28,43.62
2026-09-10T02:47:59,108.05,43.39
2026-09-10T02:48:00,108.29,43.63
2026-09-10T02:48:01,108.29,43.63
2026-09-10T02:48:02,108.04,43.38
2026-09-10T02:48:03,108.73,44.06
2026-09-10T02:48:04,107.82,43.17
2026-09-10T02:48:05,108.41,43.75
2026-09-10T02:48:06,108.19,43.53
2026-09-10T02:48:07,108.53,43.86
2026-09-10T02:48:08,108.16,43.5
2026-09-10T02:48:09,107.73,43.08
2026-09-10T02:48:10,107.99,43.33
2026-09-10T02:48:11,108.56,43.89
2026-09-10T02:48:12,108.31,43.65
2026-09-10T02:48:13,108.77,44.1
2026-09-10T02:48:14,108.46,43.8
2026-09-10T02:48:15,107.94,43.28
2026-09-10T02:48:16,108.48,43.82
2026-09-10T02:48:17,108.61,43.95
2026-09-10T02:48:18,108.58,43.91
2026-09-10T02:48:19,107.58,42.92
2026-09-10T02:48:20,108.13,43.47
2026-09-10T02:48:21,108.61,43.94
2026-09-10T02:48:22,108.48,43.81
2026-09-10T02:48:23,108.24,43.57
2026-09-10T02:48:24,108.42,43.75
2026-09-10T02:48:25,108.41,43.74
2026-09-10T02:48:26,108.53,43.86
2026-09-10T02:48:27,107.76,43.1
2026-09-10T02:48:28,108.18,43.52
2026-09-10T02:48:29,108.03,43.37
2026-09-10T02:48:30,108.12,43.46
2026-09-10T02:48:31,108.48,43.82
2026-09-10T02:48:32,108.43,43.77
2026-09-10T02:48:33,107.92,43.26
2026-09-10T02:48:34,108.2,43.54
2026-09-10T02:48:35,108.11,43.45
2026-09-10T02:48:36,108.58,43.92
2026-09-10T02:48:37,108.1,43.44
2026-09-10T02:48:38,108.3,43.64
2026-09-10T02:48:39,108.07,43.41
2026-09-10T02:48:40,108.52,43.85
2026-09-10T02:48:41,108.38,43.71
2026-09-10T02:48:42,108.32,43.65
2026-09-10T02:48:43,108.37,43.7
2026-09-10T02:48:44,107.99,43.33
2026-09-10T02:48:45,108.19,43.52
2026-09-10T02:48:46,108.59,43.92
2026-09-10T02:48:47,108.69,44.02
2026-09-10T02:48:48,108.1,43.44
2026-09-10T02:48:49,108.5,43.83
2026-09-10T02:48:50,108.27,43.61
2026-09-10T02:48:51,108.35,43.69
2026-09-10T02:48:52,108.41,43.75
2026-09-10T02:48:53,108.13,43.47
2026-09-10T02:48:54,108.35,43.68
2026-09-10T02:48:55,108.4,43.74
2026-09-10T02:48:56,108.33,43.66
2026-09-10T02:48:57,108.06,43.4
2026-09-10T02:48:58,108.03,43.37
2026-09-10T02:48:59,107.83,43.17
2026-09-10T02:49:00,108.02,43.36
2026-09-10T02:49:01,108.41,43.75
2026-09-10T02:49:02,108.51,43.84
2026-09-10T02:49:03,108.15,43.49
2026-09-10T02:49:04,108.12,43.46
2026-09-10T02:49:05,108.62,43.95
2026-09-10T02:49:06,107.95,43.29
2026-09-10T02:49:07,108.1,43.44
2026-09-10T02:49:08,108.3,43.64
2026-09-10T02:49:09,108.56,43.9
2026-09-10T02:49:10,107.73,43.07
2026-09-10T02:49:11,107.99,43.33
2026-09-10T02:49:12,108.13,43.47
2026-09-10T02:49:13,107.98,43.33
2026-09-10T02:49:14,107.86,43.21
2026-09-10T02:49:15,107.92,43.26
2026-09-10T02:49:16,107.49,42.84
2026-09-10T02:49:17,107.85,43.19
2026-09-10T02:49:18,108.22,43.56
2026-09-10T02:49:19,107.92,43.26
2026-09-10T02:49:20,108.04,43.38
2026-09-10T02:49:21,108.11,43.45
2026-09-10T02:49:22,107.94,43.28
2026-09-10T02:49:23,107.76,43.11
2026-09-10T02:49:24,108.32,43.66
2026-09-10T02:49:25,108.21,43.55
2026-09-10T02:49:26,108.02,43.36
2026-09-10T02:49:27,108.58,43.91
2026-09-10T02:49:28,108.28,43.62
2026-09-10T02:49:29,107.92,43.26
2026-09-10T02:49:30,108.02,43.36
2026-09-10T02:49:31,108.15,43.49
2026-09-10T02:49:32,107.42,42.77
2026-09-10T02:49:33,108.23,43.57
2026-09-10T02:49:34,108.03,43.38
2026-09-10T02:49:35,108.17,43.51
2026-09-10T02:49:36,108.33,43.67
2026-09-10T02:49:37,108.43,43.76
2026-09-10T02:49:38,108.06,43.4
2026-09-10T02:49:39,108.8,44.14
2026-09-10T02:49:40,107.84,43.18
2026-09-10T02:49:41,108.15,43.49
2026-09-10T02:49:42,108.59,43.92
2026-09-10T02:49:43,110.52,45.83
2026-09-10T02:49:44,108.06,43.4
2026-09-10T02:49:45,108.32,43.65
2026-09-10T02:49:46,108.15,43.49
2026-09-10T02:49:47,108.28,43.61
2026-09-10T02:49:48,108.04,43.38
2026-09-10T02:49:49,108.32,43.65
2026-09-10T02:49:50,108.35,43.69
2026-09-10T02:49:51,108.65,43.98
2026-09-10T02:49:52,108.23,43.57
2026-09-10T02:49:53,107.8,43.14
2026-09-10T02:49:54,108.27,43.61
2026-09-10T02:49:55,108.75,44.08
2026-09-10T02:49:56,108.24,43.58
2026-09-10T02:49:57,107.73,43.07
2026-09-10T02:49:58,108.15,43.48
2026-09-10T02:49:59,108.12,43.46
2026-09-10T02:50:00,108.17,43.51
2026-09-10T02:50:01,108.41,43.74
2026-09-10T02:50:02,108.07,43.41
2026-09-10T02:50:03,107.95,43.29
2026-09-10T02:50:04,108.16,43.5
2026-09-10T02:50:05,107.95,43.29
2026-09-10T02:50:06,108.52,43.86
2026-09-10T02:50:07,108.08,43.42
2026-09-10T02:50:08,108.76,44.09
2026-09-10T02:50:09,108.36,43.7
2026-09-10T02:50:10,108.29,43.63
2026-09-10T02:50:11,108.22,43.56
2026-09-10T02:50:12,107.92,43.26
2026-09-10T02:50:13,107.9,43.24
2026-09-10T02:50:14,108.33,43.67
2026-09-10T02:50:15,108.16,43.5
2026-09-10T02:50:16,108.33,43.67
2026-09-10T02:50:17,108.09,43.43
2026-09-10T02:50:18,107.94,43.29
2026-09-10T02:50:19,107.82,43.16
2026-09-10T02:50:20,107.93,43.27
2026-09-10T02:50:21,107.77,43.12
2026-09-10T02:50:22,108.33,43.67
2026-09-10T02:50:23,108.19,43.52
2026-09-10T02:50:24,107.93,43.28
2026-09-10T02:50:25,108.1,43.44
2026-09-10T02:50:26,108.08,43.42
2026-09-10T02:50:27,108.63,43.96
2026-09-10T02:50:28,108.17,43.51
2026-09-10T02:50:29,107.9,43.25
2026-09-10T02:50:30,108.06,43.4
2026-09-10T02:50:31,107.73,43.07
2026-09-10T02:50:32,108.32,43.65
2026-09-10T02:50:33,108.12,43.46
2026-09-10T02:50:34,108.42,43.75
2026-09-10T02:50:35,108.45,43.79
2026-09-10T02:50:36,108.25,43.58
2026-09-10T02:50:37,108.05,43.39
2026-09-10T02:50:38,108.09,43.43
2026-09-10T02:50:39,108.33,43.67
2026-09-10T02:50:40,107.68,43.03
2026-09-10T02:50:41,107.93,43.28
2026-09-10T02:50:42,108.25,43.59
2026-09-10T02:50:43,108.66,43.99
2026-09-10T02:50:44,108.52,43.86
2026-09-10T02:50:45,108.27,43.6
2026-09-10T02:50:46,107.93,43.27
2026-09-10T02:50:47,108.26,43.6
2026-09-10T02:50:48,108.13,43.47
2026-09-10T02:50:49,108.1,43.44
2026-09-10T02:50:50,108.06,43.4
2026-09-10T02:50:51,108.35,43.68
2026-09-10T02:50:52,108.5,43.84
2026-09-10T02:50:53,108.0,43.35
2026-09-10T02:50:54,108.25,43.59
2026-09-10T02:50:55,108.57,43.91
2026-09-10T02:50:56,108.44,43.78
2026-09-10T02:50:57,108.06,43.4
2026-09-10T02:50:58,108.17,43.51
2026-09-10T02:50:59,108.43,43.77
2026-09-10T02:51:00,108.41,43.74
2026-09-10T02:51:01,107.9,43.24
2026-09-10T02:51:02,107.86,43.2
2026-09-10T02:51:03,107.99,43.33
2026-09-10T02:51:04,108.47,43.81
2026-09-10T02:51:05,108.5,43.83
2026-09-10T02:51:06,108.02,43.37
2026-09-10T02:51:07,108.64,43.97
2026-09-10T02:51:08,108.13,43.47
2026-09-10T02:51:09,108.66,43.99
2026-09-10T02:51:10,108.2,43.54
2026-09-10T02:51:11,107.85,43.19
2026-09-10T02:51:12,107.98,43.32
2026-09-10T02:51:13,108.28,43.61
2026-09-10T02:51:14,108.0,43.35
2026-09-10T02:51:15,108.43,43.76
2026-09-10T02:51:16,108.2,43.54
2026-09-10T02:51:17,108.03,43.38
2026-09-10T02:51:18,108.27,43.61
2026-09-10T02:51:19,108.41,43.75
2026-09-10T02:51:20,108.05,43.39
2026-09-10T02:51:21,108.2,43.54
2026-09-10T02:51:22,108.13,43.47
2026-09-10T02:51:23,107.73,43.07
2026-09-10T02:51:24,108.29,43.63
2026-09-10T02:51:25,108.39,43.73
2026-09-10T02:51:26,107.7,43.05
2026-09-10T02:51:27,107.79,43.14
2026-09-10T02:51:28,107.99,43.33
2026-09-10T02:51:29,108.13,43.47
2026-09-10T02:51:30,107.58,42.93
2026-09-10T02:51:31,108.1,43.44
2026-09-10T02:51:32,108.88,44.21
2026-09-10T02:51:33,107.83,43.17
2026-09-10T02:51:34,108.11,43.45
2026-09-10T02:51:35,108.04,43.38
2026-09-10T02:51:36,108.13,43.47
2026-09-10T02:51:37,108.71,44.04
2026-09-10T02:51:38,107.78,43.12
2026-09-10T02:51:39,108.24,43.58
2026-09-10T02:51:40,108.45,43.78
2026-09-10T02:51:41,108.02,43.36
2026-09-10T02:51:42,108.14,43.48
2026-09-10T02:51:43,108.64,43.97
2026-09-10T02:51:44,108.19,43.53
2026-09-10T02:51:45,108.4,43.73
2026-09-10T02:51:46,108.04,43.38
2026-09-10T02:51:47,107.88,43.22
2026-09-10T02:51:48,108.15,43.49
2026-09-10T02:51:49,108.11,43.45
2026-09-10T02:51:50,108.09,43.43
2026-09-10T02:51:51,108.77,44.1
2026-09-10T02:51:52,108.3,43.64
2026-09-10T02:51:53,108.46,43.79
2026-09-10T02:51:54,108.4,43.74
2026-09-10T02:51:55,108.19,43.53
2026-09-10T02:51:56,108.56,43.89
2026-09-10T02:51:57,107.91,43.25
2026-09-10T02:51:58,108.17,43.51
2026-09-10T02:51:59,107.93,43.27
2026-09-10T02:52:00,108.56,43.89
2026-09-10T02:52:01,107.91,43.25
2026-09-10T02:52:02,108.53,43.87
2026-09-10T02:52:03,108.27,43.6
2026-09-10T02:52:04,108.15,43.49
2026-09-10T02:52:05,108.5,43.84
2026-09-10T02:52:06,108.11,43.45
2026-09-10T02:52:07,108.48,43.82
2026-09-10T02:52:08,108.48,43.82
2026-09-10T02:52:09,108.21,43.55
2026-09-10T02:52:10,108.2,43.54
2026-09-10T02:52:11,108.61,43.94
2026-09-10T02:52:12,108.37,43.71
2026-09-10T02:52:13,108.57,43.9
2026-09-10T02:52:14,108.29,43.63
2026-09-10T02:52:15,108.22,43.56
2026-09-10T02:52:16,108.79,44.12
2026-09-10T02:52:17,107.98,43.32
2026-09-10T02:52:18,108.94,44.27
2026-09-10T02:52:19,107.94,43.28
2026-09-10T02:52:20,108.27,43.6
2026-09-10T02:52:21,107.8,43.15
2026-09-10T02:52:22,107.98,43.32
2026-09-10T02:52:23,107.99,43.33
2026-09-10T02:52:24,109.53,44.85
2026-09-10T02:52:25,109.02,44.34
2026-09-10T02:52:26,108.49,43.83
2026-09-10T02:52:27,108.49,43.82
2026-09-10T02:52:28,108.47,43.8
2026-09-10T02:52:29,108.49,43.82
2026-09-10T02:52:30,107.83,43.18
2026-09-10T02:52:31,107.99,43.33
2026-09-10T02:52:32,108.18,43.52
2026-09-10T02:52:33,108.12,43.46
2026-09-10T02:52:34,108.31,43.65
2026-09-10T02:52:35,108.56,43.9
2026-09-10T02:52:36,107.98,43.32
2026-09-10T02:52:37,108.12,43.46
2026-09-10T02:52:38,108.18,43.52
2026-09-10T02:52:39,108.18,43.52
2026-09-10T02:52:40,107.81,43.15
2026-09-10T02:52:41,107.95,43.3
2026-09-10T02:52:42,107.74,43.08
2026-09-10T02:52:43,107.98,43.32
2026-09-10T02:52:44,108.49,43.82
2026-09-10T02:52:45,108.52,43.85
2026-09-10T02:52:46,108.0,43.34
2026-09-10T02:52:47,107.99,43.34
2026-09-10T02:52:48,108.36,43.7
2026-09-10T02:52:49,108.04,43.38
2026-09-10T02:52:50,108.39,43.72
2026-09-10T02:52:51,107.91,43.25
2026-09-10T02:52:52,107.78,43.12
2026-09-10T02:52:53,108.99,44.32
2026-09-10T02:52:54,108.33,43.67
2026-09-10T02:52:55,108.16,43.5
2026-09-10T02:52:56,108.26,43.6
2026-09-10T02:52:57,108.1,43.44
2026-09-10T02:52:58,108.2,43.54
2026-09-10T02:52:59,108.56,43.89
2026-09-10T02:53:00,108.47,43.81
2026-09-10T02:53:01,108.46,43.8
2026-09-10T02:53:02,107.93,43.28
2026-09-10T02:53:03,108.38,43.72
2026-09-10T02:53:04,107.57,42.92
2026-09-10T02:53:05,108.3,43.64
2026-09-10T02:53:06,107.89,43.23
2026-09-10T02:53:07,108.14,43.48
2026-09-10T02:53:08,108.37,43.71
2026-09-10T02:53:09,108.29,43.62
2026-09-10T02:53:10,108.36,43.7
2026-09-10T02:53:11,108.38,43.71
2026-09-10T02:53:12,108.25,43.59
2026-09-10T02:53:13,108.14,43.48
2026-09-10T02:53:14,108.06,43.4
2026-09-10T02:53:15,108.23,43.57
2026-09-10T02:53:16,108.11,43.45
2026-09-10T02:53:17,108.52,43.86
2026-09-10T02:53:18,108.18,43.52
2026-09-10T02:53:19,108.19,43.53
2026-09-10T02:53:20,107.75,43.1
2026-09-10T02:53:21,107.87,43.21
2026-09-10T02:53:22,108.7,44.03
2026-09-10T02:53:23,107.59,42.94
2026-09-10T02:53:24,108.01,43.35
2026-09-10T02:53:25,108.18,43.52
2026-09-10T02:53:26,108.46,43.79
2026-09-10T02:53:27,108.81,44.14
2026-09-10T02:53:28,107.89,43.23
2026-09-10T02:53:29,108.07,43.41
2026-09-10T02:53:30,108.03,43.37
2026-09-10T02:53:31,108.31,43.65
2026-09-10T02:53:32,108.76,44.09
2026-09-10T02:53:33,108.11,43.45
2026-09-10T02:53:34,108.47,43.81
2026-09-10T02:53:35,108.92,44.25
2026-09-10T02:53:36,108.65,43.98
2026-09-10T02:53:37,107.65,43.0
2026-09-10T02:53:38,107.8,43.15
2026-09-10T02:53:39,108.68,44.01
2026-09-10T02:53:40,108.29,43.63
2026-09-10T02:53:41,107.93,43.28
2026-09-10T02:53:42,108.18,43.52
2026-09-10T02:53:43,108.92,44.25
2026-09-10T02:53:44,107.92,43.27
2026-09-10T02:53:45,107.83,43.17
2026-09-10T02:53:46,108.22,43.55
2026-09-10T02:53:47,108.27,43.61
2026-09-10T02:53:48,107.89,43.23
2026-09-10T02:53:49,108.05,43.39
2026-09-10T02:53:50,107.7,43.04
2026-09-10T02:53:51,107.97,43.32
2026-09-10T02:53:52,107.76,43.11
2026-09-10T02:53:53,108.49,43.83
2026-09-10T02:53:54,108.19,43.53
2026-09-10T02:53:55,108.25,43.59
2026-09-10T02:53:56,108.35,43.68
2026-09-10T02:53:57,107.63,42.98
2026-09-10T02:53:58,108.04,43.38
2026-09-10T02:53:59,108.23,43.57
2026-09-10T02:54:00,107.86,43.21
2026-09-10T02:54:01,108.0,43.34
2026-09-10T02:54:02,108.08,43.42
2026-09-10T02:54:03,107.99,43.33
2026-09-10T02:54:04,108.63,43.96
2026-09-10T02:54:05,108.09,43.43
2026-09-10T02:54:06,107.96,43.3
2026-09-10T02:54:07,107.63,42.98
2026-09-10T02:54:08,108.29,43.62
2026-09-10T02:54:09,108.02,43.37
2026-09-10T02:54:10,108.56,43.9
2026-09-10T02:54:11,107.99,43.33
2026-09-10T02:54:12,107.66,43.0
2026-09-10T02:54:13,108.1,43.44
2026-09-10T02:54:14,108.1,43.44
2026-09-10T02:54:15,107.69,43.04
2026-09-10T02:54:16,108.22,43.56
2026-09-10T02:54:17,107.9,43.24
2026-09-10T02:54:18,108.31,43.64
2026-09-10T02:54:19,108.14,43.48
2026-09-10T02:54:20,108.17,43.5
2026-09-10T02:54:21,108.4,43.74
2026-09-10T02:54:22,108.16,43.5
2026-09-10T02:54:23,108.07,43.41
2026-09-10T02:54:24,107.9,43.24
2026-09-10T02:54:25,107.62,42.97
2026-09-10T02:54:26,108.23,43.57
2026-09-10T02:54:27,108.18,43.52
2026-09-10T02:54:28,107.79,43.13
2026-09-10T02:54:29,107.94,43.29
2026-09-10T02:54:30,107.8,43.14
2026-09-10T02:54:31,108.37,43.71
2026-09-10T02:54:32,107.38,42.73
2026-09-10T02:54:33,108.07,43.41
2026-09-10T02:54:34,108.12,43.46
2026-09-10T02:54:35,108.11,43.45
2026-09-10T02:54:36,108.39,43.73
2026-09-10T02:54:37,108.01,43.36
2026-09-10T02:54:38,107.61,42.96
2026-09-10T02:54:39,108.45,43.78
2026-09-10T02:54:40,108.37,43.71
2026-09-10T02:54:41,108.22,43.56
2026-09-10T02:54:42,108.17,43.5
2026-09-10T02:54:43,108.43,43.77
2026-09-10T02:54:44,110.13,45.44
2026-09-10T02:54:45,107.98,43.32
2026-09-10T02:54:46,108.46,43.79
2026-09-10T02:54:47,107.72,43.06
2026-09-10T02:54:48,108.05,43.39
2026-09-10T02:54:49,108.29,43.63
2026-09-10T02:54:50,108.4,43.74
2026-09-10T02:54:51,107.64,42.98
2026-09-10T02:54:52,108.02,43.36
2026-09-10T02:54:53,107.87,43.22
2026-09-10T02:54:54,108.29,43.63
2026-09-10T02:54:55,108.99,44.32
2026-09-10T02:54:56,107.79,43.13
2026-09-10T02:54:57,108.28,43.61
2026-09-10T02:54:58,108.31,43.64
2026-09-10T02:54:59,108.21,43.54
2026-09-10T02:55:00,107.84,43.18
2026-09-10T02:55:01,108.19,43.53
2026-09-10T02:55:02,108.31,43.65
2026-09-10T02:55:03,108.95,44.28
2026-09-10T02:55:04,108.38,43.71
2026-09-10T02:55:05,108.58,43.91
2026-09-10T02:55:06,108.6,43.93
2026-09-10T02:55:07,108.85,44.18
2026-09-10T02:55:08,107.94,43.28
2026-09-10T02:55:09,107.65,43.0
2026-09-10T02:55:10,108.83,44.16
2026-09-10T02:55:11,108.61,43.95
2026-09-10T02:55:12,108.09,43.43
2026-09-10T02:55:13,108.13,43.47
2026-09-10T02:55:14,108.42,43.75
2026-09-10T02:55:15,108.65,43.98
2026-09-10T02:55:16,108.73,44.06
2026-09-10T02:55:17,107.95,43.29
2026-09-10T02:55:18,108.0,43.34
2026-09-10T02:55:19,108.44,43.77
2026-09-10T02:55:20,108.74,44.07
2026-09-10T02:55:21,108.22,43.56
2026-09-10T02:55:22,108.61,43.94
2026-09-10T02:55:23,108.45,43.79
2026-09-10T02:55:24,109.12,44.45
2026-09-10T02:55:25,109.21,44.53
2026-09-10T02:55:26,107.88,43.22
2026-09-10T02:55:27,108.17,43.51
2026-09-10T02:55:28,107.98,43.32
2026-09-10T02:55:29,108.68,44.02
2026-09-10T02:55:30,108.43,43.77
2026-09-10T02:55:31,108.34,43.68
2026-09-10T02:55:32,108.73,44.07
2026-09-10T02:55:33,108.45,43.78
2026-09-10T02:55:34,108.26,43.6
2026-09-10T02:55:35,108.18,43.52
2026-09-10T02:55:36,108.55,43.88
2026-09-10T02:55:37,111.22,46.52
2026-09-10T02:55:38,109.05,44.38
2026-09-10T02:55:39,108.94,44.27
2026-09-10T02:55:40,108.92,44.25
2026-09-10T02:55:41,109.02,44.34
2026-09-10T02:55:42,110.33,45.64
2026-09-10T02:55:43,109.08,44.41
2026-09-10T02:55:44,108.37,43.7
2026-09-10T02:55:45,109.54,44.86
2026-09-10T02:55:46,109.98,45.3
2026-09-10T02:55:47,109.16,44.48
2026-09-10T02:55:48,110.01,45.32
2026-09-10T02:55:49,109.15,44.47
2026-09-10T02:55:50,108.88,44.21
2026-09-10T02:55:51,109.29,44.62
2026-09-10T02:55:52,110.25,45.56
2026-09-10T02:55:53,109.87,45.19
2026-09-10T02:55:54,108.76,44.09
2026-09-10T02:55:55,109.26,44.58
2026-09-10T02:55:56,109.78,45.09
2026-09-10T02:55:57,108.99,44.31
2026-09-10T02:55:58,109.06,44.39
2026-09-10T02:55:59,110.75,46.05
2026-09-10T02:56:00,108.97,44.3
2026-09-10T02:56:01,108.59,43.92
2026-09-10T02:56:02,108.95,44.28
2026-09-10T02:56:03,108.65,43.98
2026-09-10T02:56:04,109.21,44.54
2026-09-10T02:56:05,108.86,44.19
2026-09-10T02:56:06,108.81,44.14
2026-09-10T02:56:07,109.08,44.41
2026-09-10T02:56:08,108.07,43.41
2026-09-10T02:56:09,108.27,43.61
2026-09-10T02:56:10,108.37,43.7
2026-09-10T02:56:11,107.95,43.29
2026-09-10T02:56:12,108.19,43.53
2026-09-10T02:56:13,108.67,44.01
2026-09-10T02:56:14,109.74,45.06
2026-09-10T02:56:15,109.52,44.84
2026-09-10T02:56:16,109.35,44.67
2026-09-10T02:56:17,108.31,43.64
2026-09-10T02:56:18,108.51,43.84
2026-09-10T02:56:19,108.83,44.16
2026-09-10T02:56:20,108.49,43.83
2026-09-10T02:56:21,108.56,43.89
2026-09-10T02:56:22,108.47,43.8
2026-09-10T02:56:23,108.79,44.12
2026-09-10T02:56:24,108.8,44.13
2026-09-10T02:56:25,108.83,44.16
2026-09-10T02:56:26,109.08,44.41
2026-09-10T02:56:27,108.84,44.17
2026-09-10T02:56:28,108.68,44.02
2026-09-10T02:56:29,109.38,44.71
2026-09-10T02:56:30,108.36,43.7
2026-09-10T02:56:31,108.33,43.66
2026-09-10T02:56:32,108.16,43.5
2026-09-10T02:56:33,107.7,43.04
2026-09-10T02:56:34,108.15,43.49
2026-09-10T02:56:35,108.2,43.54
2026-09-10T02:56:36,108.0,43.35
2026-09-10T02:56:37,108.25,43.59
2026-09-10T02:56:38,108.03,43.37
2026-09-10T02:56:39,107.81,43.15
2026-09-10T02:56:40,108.23,43.57
2026-09-10T02:56:41,108.56,43.89
2026-09-10T02:56:42,107.93,43.27
2026-09-10T02:56:43,107.97,43.31
2026-09-10T02:56:44,108.79,44.12
2026-09-10T02:56:45,108.55,43.89
2026-09-10T02:56:46,108.09,43.43
2026-09-10T02:56:47,108.28,43.62
2026-09-10T02:56:48,108.32,43.66
2026-09-10T02:56:49,108.25,43.59
2026-09-10T02:56:50,108.03,43.37
2026-09-10T02:56:51,107.63,42.98
2026-09-10T02:56:52,107.66,43.01
2026-09-10T02:56:53,108.35,43.69
2026-09-10T02:56:54,108.35,43.69
2026-09-10T02:56:55,108.01,43.35
2026-09-10T02:56:56,108.17,43.51
2026-09-10T02:56:57,108.0,43.35
2026-09-10T02:56:58,108.25,43.59
2026-09-10T02:56:59,108.35,43.68
2026-09-10T02:57:00,107.85,43.2
2026-09-10T02:57:01,108.57,43.9
2026-09-10T02:57:02,108.41,43.75
2026-09-10T02:57:03,108.28,43.62
2026-09-10T02:57:04,108.09,43.43
2026-09-10T02:57:05,108.37,43.71
2026-09-10T02:57:06,108.29,43.62
2026-09-10T02:57:07,108.42,43.76
2026-09-10T02:57:08,108.34,43.68
2026-09-10T02:57:09,108.56,43.89
2026-09-10T02:57:10,108.29,43.63
2026-09-10T02:57:11,108.44,43.77
2026-09-10T02:57:12,107.59,42.94
2026-09-10T02:57:13,107.97,43.32
2026-09-10T02:57:14,108.22,43.56
2026-09-10T02:57:15,108.02,43.36
2026-09-10T02:57:16,108.69,44.02
2026-09-10T02:57:17,107.92,43.26
2026-09-10T02:57:18,108.2,43.53
2026-09-10T02:57:19,107.85,43.2
2026-09-10T02:57:20,108.08,43.42
2026-09-10T02:57:21,108.71,44.04
2026-09-10T02:57:22,108.48,43.81
2026-09-10T02:57:23,108.05,43.39
2026-09-10T02:57:24,107.85,43.19
2026-09-10T02:57:25,107.89,43.24
2026-09-10T02:57:26,108.38,43.71
2026-09-10T02:57:27,108.2,43.54
2026-09-10T02:57:28,108.2,43.53
2026-09-10T02:57:29,107.81,43.15
2026-09-10T02:57:30,108.61,43.95
2026-09-10T02:57:31,108.01,43.35
2026-09-10T02:57:32,108.34,43.68
2026-09-10T02:57:33,108.14,43.48
2026-09-10T02:57:34,108.24,43.58
2026-09-10T02:57:35,108.33,43.66
2026-09-10T02:57:36,108.36,43.7
2026-09-10T02:57:37,108.12,43.46
2026-09-10T02:57:38,108.09,43.43
2026-09-10T02:57:39,108.76,44.09
2026-09-10T02:57:40,108.01,43.35
2026-09-10T02:57:41,108.32,43.65
2026-09-10T02:57:42,108.59,43.93
2026-09-10T02:57:43,108.64,43.97
2026-09-10T02:57:44,108.72,44.05
2026-09-10T02:57:45,108.27,43.61
2026-09-10T02:57:46,107.82,43.17
2026-09-10T02:57:47,107.5,42.85
2026-09-10T02:57:48,108.57,43.9
2026-09-10T02:57:49,108.12,43.46
2026-09-10T02:57:50,108.12,43.46
2026-09-10T02:57:51,107.9,43.24
2026-09-10T02:57:52,108.24,43.58
2026-09-10T02:57:53,108.16,43.5
2026-09-10T02:57:54,107.96,43.3
2026-09-10T02:57:55,108.41,43.75
2026-09-10T02:57:56,108.21,43.54
2026-09-10T02:57:57,108.44,43.77
2026-09-10T02:57:58,107.86,43.21
2026-09-10T02:57:59,107.92,43.26
2026-09-10T02:58:00,107.73,43.07
2026-09-10T02:58:01,108.04,43.38
2026-09-10T02:58:02,107.97,43.31
2026-09-10T02:58:03,107.89,43.23
2026-09-10T02:58:04,108.15,43.49
2026-09-10T02:58:05,108.07,43.41
2026-09-10T02:58:06,108.43,43.77
2026-09-10T02:58:07,108.25,43.59
2026-09-10T02:58:08,107.75,43.09
2026-09-10T02:58:09,107.78,43.13
2026-09-10T02:58:10,108.77,44.1
2026-09-10T02:58:11,107.83,43.17
2026-09-10T02:58:12,108.17,43.51
2026-09-10T02:58:13,108.17,43.51
2026-09-10T02:58:14,108.43,43.76
2026-09-10T02:58:15,108.9,44.23
2026-09-10T02:58:16,108.52,43.85
2026-09-10T02:58:17,108.2,43.54
2026-09-10T02:58:18,108.38,43.71
2026-09-10T02:58:19,108.67,44.0
2026-09-10T02:58:20,108.12,43.46
2026-09-10T02:58:21,108.37,43.7
2026-09-10T02:58:22,108.01,43.35
2026-09-10T02:58:23,108.96,44.29
2026-09-10T02:58:24,108.54,43.88
2026-09-10T02:58:25,108.02,43.36
2026-09-10T02:58:26,108.42,43.75
2026-09-10T02:58:27,109.34,44.66
2026-09-10T02:58:28,108.38,43.72
2026-09-10T02:58:29,108.22,43.56
2026-09-10T02:58:30,108.11,43.45
2026-09-10T02:58:31,108.31,43.65
2026-09-10T02:58:32,108.32,43.65
2026-09-10T02:58:33,108.43,43.77
2026-09-10T02:58:34,107.98,43.33
2026-09-10T02:58:35,108.27,43.61
2026-09-10T02:58:36,108.17,43.51
2026-09-10T02:58:37,108.16,43.5
2026-09-10T02:58:38,108.19,43.53
2026-09-10T02:58:39,108.56,43.89
2026-09-10T02:58:40,107.94,43.29
2026-09-10T02:58:41,108.16,43.5
2026-09-10T02:58:42,108.22,43.56
2026-09-10T02:58:43,108.27,43.6
2026-09-10T02:58:44,108.29,43.62
2026-09-10T02:58:45,108.43,43.77
2026-09-10T02:58:46,107.94,43.28
2026-09-10T02:58:47,107.83,43.18
2026-09-10T02:58:48,108.11,43.45
2026-09-10T02:58:49,108.43,43.77
2026-09-10T02:58:50,108.47,43.8
2026-09-10T02:58:51,108.3,43.63
2026-09-10T02:58:52,108.02,43.36
2026-09-10T02:58:53,108.13,43.47
2026-09-10T02:58:54,108.14,43.48
2026-09-10T02:58:55,108.4,43.73
2026-09-10T02:58:56,107.93,43.28
2026-09-10T02:58:57,108.01,43.35
2026-09-10T02:58:58,108.36,43.7
2026-09-10T02:58:59,108.45,43.78
2026-09-10T02:59:00,108.58,43.91
2026-09-10T02:59:01,108.06,43.4
2026-09-10T02:59:02,107.93,43.27
2026-09-10T02:59:03,108.3,43.63
2026-09-10T02:59:04,108.01,43.36
2026-09-10T02:59:05,108.47,43.8
2026-09-10T02:59:06,108.41,43.75
2026-09-10T02:59:07,108.35,43.68
2026-09-10T02:59:08,108.06,43.4
2026-09-10T02:59:09,108.05,43.39
2026-09-10T02:59:10,108.06,43.4
2026-09-10T02:59:11,107.81,43.16
2026-09-10T02:59:12,108.47,43.8
2026-09-10T02:59:13,108.58,43.91
2026-09-10T02:59:14,107.84,43.19
2026-09-10T02:59:15,108.29,43.63
2026-09-10T02:59:16,108.17,43.51
2026-09-10T02:59:17,107.98,43.32
2026-09-10T02:59:18,108.03,43.37
2026-09-10T02:59:19,108.05,43.39
2026-09-10T02:59:20,108.0,43.34
2026-09-10T02:59:21,108.33,43.67
2026-09-10T02:59:22,108.33,43.66
2026-09-10T02:59:23,107.77,43.12
2026-09-10T02:59:24,108.32,43.66
2026-09-10T02:59:25,108.25,43.58
2026-09-10T02:59:26,108.45,43.79
2026-09-10T02:59:27,107.9,43.24
2026-09-10T02:59:28,108.12,43.46
2026-09-10T02:59:29,108.21,43.54
2026-09-10T02:59:30,108.63,43.97
2026-09-10T02:59:31,107.86,43.21
2026-09-10T02:59:32,107.72,43.07
2026-09-10T02:59:33,108.46,43.79
2026-09-10T02:59:34,108.08,43.42
2026-09-10T02:59:35,108.12,43.46
2026-09-10T02:59:36,108.17,43.51
2026-09-10T02:59:37,108.06,43.41
2026-09-10T02:59:38,108.14,43.48
2026-09-10T02:59:39,108.09,43.43
2026-09-10T02:59:40,108.66,43.99
2026-09-10T02:59:41,108.42,43.76
2026-09-10T02:59:42,107.99,43.33
2026-09-10T02:59:43,108.04,43.38
2026-09-10T02:59:44,109.61,44.93
2026-09-10T02:59:45,109.62,44.94
2026-09-10T02:59:46,108.04,43.38
2026-09-10T02:59:47,108.24,43.58
2026-09-10T02:59:48,107.13,42.48
2026-09-10T02:59:49,108.09,43.43
2026-09-10T02:59:50,108.97,44.3
2026-09-10T02:59:51,108.25,43.58
2026-09-10T02:59:52,108.16,43.5
2026-09-10T02:59:53,107.96,43.3
2026-09-10T02:59:54,108.2,43.54
2026-09-10T02:59:55,108.24,43.58
2026-09-10T02:59:56,108.62,43.95
2026-09-10T02:59:57,108.95,44.28
2026-09-10T02:59:58,107.7,43.05
2026-09-10T02:59:59,107.63,42.97
2026-09-10T03:00:00,108.23,43.57
2026-09-10T03:00:01,108.29,43.62
2026-09-10T03:00:02,108.38,43.71
2026-09-10T03:00:03,108.26,43.59
2026-09-10T03:00:04,108.25,43.58
2026-09-10T03:00:05,108.3,43.63
2026-09-10T03:00:06,108.34,43.68
2026-09-10T03:00:07,107.8,43.15
2026-09-10T03:00:08,108.25,43.59
2026-09-10T03:00:09,108.22,43.55
2026-09-10T03:00:10,108.52,43.85
2026-09-10T03:00:11,107.73,43.08
2026-09-10T03:00:12,108.45,43.78
2026-09-10T03:00:13,108.06,43.4
2026-09-10T03:00:14,108.54,43.87
2026-09-10T03:00:15,108.56,43.89
2026-09-10T03:00:16,108.11,43.45
2026-09-10T03:00:17,108.19,43.53
2026-09-10T03:00:18,107.89,43.23
2026-09-10T03:00:19,109.12,44.45
2026-09-10T03:00:20,108.79,44.12
2026-09-10T03:00:21,109.4,44.72
2026-09-10T03:00:22,109.97,45.28
2026-09-10T03:00:23,110.37,45.68
2026-09-10T03:00:24,113.21,48.48
2026-09-10T03:00:25,109.36,44.68
2026-09-10T03:00:26,108.37,43.7
2026-09-10T03:00:27,108.58,43.91
2026-09-10T03:00:28,108.04,43.38
2026-09-10T03:00:29,108.35,43.69
2026-09-10T03:00:30,108.2,43.54
2026-09-10T03:00:31,107.99,43.33
2026-09-10T03:00:32,108.02,43.36
2026-09-10T03:00:33,108.11,43.45
2026-09-10T03:00:34,108.41,43.74
2026-09-10T03:00:35,108.21,43.55
2026-09-10T03:00:36,108.0,43.34
2026-09-10T03:00:37,108.47,43.81
2026-09-10T03:00:38,108.37,43.71
2026-09-10T03:00:39,108.59,43.92
2026-09-10T03:00:40,108.66,43.99
2026-09-10T03:00:41,107.76,43.11
2026-09-10T03:00:42,108.31,43.65
2026-09-10T03:00:43,108.48,43.82
2026-09-10T03:00:44,108.47,43.8
2026-09-10T03:00:45,107.98,43.33
2026-09-10T03:00:46,108.04,43.38
2026-09-10T03:00:47,108.08,43.42
2026-09-10T03:00:48,108.47,43.81
2026-09-10T03:00:49,108.11,43.45
2026-09-10T03:00:50,108.34,43.68
2026-09-10T03:00:51,108.08,43.42
2026-09-10T03:00:52,108.34,43.67
2026-09-10T03:00:53,108.38,43.71
2026-09-10T03:00:54,108.59,43.93
2026-09-10T03:00:55,107.76,43.1
2026-09-10T03:00:56,107.98,43.32
2026-09-10T03:00:57,108.24,43.58
2026-09-10T03:00:58,108.16,43.5
2026-09-10T03:00:59,108.14,43.48
2026-09-10T03:01:00,108.08,43.42
2026-09-10T03:01:01,107.99,43.33
2026-09-10T03:01:02,108.32,43.65
2026-09-10T03:01:03,108.46,43.8
2026-09-10T03:01:04,108.32,43.66
2026-09-10T03:01:05,108.26,43.6
2026-09-10T03:01:06,108.61,43.94
2026-09-10T03:01:07,108.09,43.43
2026-09-10T03:01:08,108.41,43.75
2026-09-10T03:01:09,108.51,43.85
2026-09-10T03:01:10,108.21,43.55
2026-09-10T03:01:11,108.13,43.47
2026-09-10T03:01:12,108.31,43.65
2026-09-10T03:01:13,108.87,44.2
2026-09-10T03:01:14,108.16,43.5
2026-09-10T03:01:15,108.22,43.56
2026-09-10T03:01:16,107.81,43.15
2026-09-10T03:01:17,108.9,44.23
2026-09-10T03:01:18,108.72,44.05
2026-09-10T03:01:19,107.93,43.27
2026-09-10T03:01:20,107.88,43.22
2026-09-10T03:01:21,108.08,43.42
2026-09-10T03:01:22,108.61,43.95
2026-09-10T03:01:23,108.34,43.68
2026-09-10T03:01:24,107.74,43.08
2026-09-10T03:01:25,107.9,43.24
2026-09-10T03:01:26,108.64,43.98
2026-09-10T03:01:27,108.51,43.84
2026-09-10T03:01:28,108.12,43.46
2026-09-10T03:01:29,108.02,43.36
2026-09-10T03:01:30,107.74,43.09
2026-09-10T03:01:31,108.16,43.5
2026-09-10T03:01:32,108.12,43.46
2026-09-10T03:01:33,108.44,43.78
2026-09-10T03:01:34,108.34,43.68
2026-09-10T03:01:35,108.45,43.78
2026-09-10T03:01:36,107.97,43.31
2026-09-10T03:01:37,107.9,43.24
2026-09-10T03:01:38,108.45,43.79
2026-09-10T03:01:39,108.19,43.53
2026-09-10T03:01:40,108.65,43.98
2026-09-10T03:01:41,107.83,43.17
2026-09-10T03:01:42,108.5,43.83
2026-09-10T03:01:43,108.34,43.68
2026-09-10T03:01:44,108.58,43.91
2026-09-10T03:01:45,108.43,43.76
2026-09-10T03:01:46,108.3,43.63
2026-09-10T03:01:47,107.88,43.23
2026-09-10T03:01:48,108.18,43.52
2026-09-10T03:01:49,108.42,43.75
2026-09-10T03:01:50,108.0,43.34
2026-09-10T03:01:51,108.58,43.91
2026-09-10T03:01:52,108.09,43.43
2026-09-10T03:01:53,108.05,43.39
2026-09-10T03:01:54,108.18,43.52
2026-09-10T03:01:55,108.22,43.56
2026-09-10T03:01:56,108.64,43.98
2026-09-10T03:01:57,108.31,43.65
2026-09-10T03:01:58,107.41,42.76
2026-09-10T03:01:59,108.43,43.76
2026-09-10T03:02:00,108.05,43.39
2026-09-10T03:02:01,107.93,43.28
2026-09-10T03:02:02,107.99,43.33
2026-09-10T03:02:03,108.55,43.88
2026-09-10T03:02:04,108.3,43.64
2026-09-10T03:02:05,108.05,43.39
2026-09-10T03:02:06,107.85,43.2
2026-09-10T03:02:07,107.9,43.24
2026-09-10T03:02:08,108.04,43.38
2026-09-10T03:02:09,108.41,43.75
2026-09-10T03:02:10,108.52,43.86
2026-09-10T03:02:11,108.14,43.48
2026-09-10T03:02:12,108.38,43.72
2026-09-10T03:02:13,107.97,43.31
2026-09-10T03:02:14,108.11,43.45
2026-09-10T03:02:15,108.4,43.74
2026-09-10T03:02:16,108.07,43.41
2026-09-10T03:02:17,108.54,43.87
2026-09-10T03:02:18,108.05,43.39
2026-09-10T03:02:19,108.23,43.57
2026-09-10T03:02:20,107.83,43.18
2026-09-10T03:02:21,108.16,43.5
2026-09-10T03:02:22,108.63,43.97
2026-09-10T03:02:23,107.97,43.31
2026-09-10T03:02:24,108.36,43.7
2026-09-10T03:02:25,107.96,43.3
2026-09-10T03:02:26,108.32,43.66
2026-09-10T03:02:27,107.98,43.32
2026-09-10T03:02:28,108.52,43.85
2026-09-10T03:02:29,108.37,43.71
2026-09-10T03:02:30,107.93,43.27
2026-09-10T03:02:31,107.97,43.31
2026-09-10T03:02:32,108.09,43.43
2026-09-10T03:02:33,107.95,43.29
2026-09-10T03:02:34,108.09,43.43
2026-09-10T03:02:35,108.32,43.66
2026-09-10T03:02:36,108.14,43.48
2026-09-10T03:02:37,107.48,42.83
2026-09-10T03:02:38,108.9,44.23
2026-09-10T03:02:39,108.52,43.85
2026-09-10T03:02:40,108.19,43.53
2026-09-10T03:02:41,108.28,43.62
2026-09-10T03:02:42,107.69,43.04
2026-09-10T03:02:43,108.12,43.46
2026-09-10T03:02:44,108.39,43.73
2026-09-10T03:02:45,108.25,43.59
2026-09-10T03:02:46,107.78,43.12
2026-09-10T03:02:47,108.02,43.36
2026-09-10T03:02:48,108.3,43.63
2026-09-10T03:02:49,108.12,43.46
2026-09-10T03:02:50,107.98,43.32
2026-09-10T03:02:51,107.88,43.22
2026-09-10T03:02:52,107.75,43.09
2026-09-10T03:02:53,108.03,43.37
2026-09-10T03:02:54,108.49,43.82
2026-09-10T03:02:55,108.32,43.66
2026-09-10T03:02:56,108.09,43.43
2026-09-10T03:02:57,107.96,43.3
2026-09-10T03:02:58,107.79,43.13
2026-09-10T03:02:59,107.98,43.32
2026-09-10T03:03:00,108.0,43.35
2026-09-10T03:03:01,108.07,43.41
2026-09-10T03:03:02,108.41,43.75
2026-09-10T03:03:03,108.14,43.48
2026-09-10T03:03:04,108.18,43.52
2026-09-10T03:03:05,107.99,43.33
2026-09-10T03:03:06,107.93,43.27
2026-09-10T03:03:07,108.7,44.03
2026-09-10T03:03:08,108.13,43.47
2026-09-10T03:03:09,108.0,43.35
2026-09-10T03:03:10,108.04,43.38
2026-09-10T03:03:11,107.98,43.32
2026-09-10T03:03:12,108.17,43.51
2026-09-10T03:03:13,107.93,43.27
2026-09-10T03:03:14,108.16,43.5
2026-09-10T03:03:15,107.92,43.26
2026-09-10T03:03:16,108.36,43.7
2026-09-10T03:03:17,107.62,42.96
2026-09-10T03:03:18,108.23,43.57
2026-09-10T03:03:19,107.9,43.24
2026-09-10T03:03:20,108.0,43.34
2026-09-10T03:03:21,108.18,43.52
2026-09-10T03:03:22,107.76,43.11
2026-09-10T03:03:23,108.19,43.53
2026-09-10T03:03:24,108.48,43.82
2026-09-10T03:03:25,108.01,43.35
2026-09-10T03:03:26,108.51,43.84
2026-09-10T03:03:27,108.26,43.6
2026-09-10T03:03:28,108.12,43.46
2026-09-10T03:03:29,108.14,43.48
2026-09-10T03:03:30,107.95,43.29
2026-09-10T03:03:31,108.19,43.52
2026-09-10T03:03:32,108.27,43.6
2026-09-10T03:03:33,107.98,43.33
2026-09-10T03:03:34,108.52,43.86
2026-09-10T03:03:35,108.28,43.62
2026-09-10T03:03:36,107.87,43.22
2026-09-10T03:03:37,107.98,43.32
2026-09-10T03:03:38,108.2,43.54
2026-09-10T03:03:39,108.01,43.35
2026-09-10T03:03:40,108.4,43.74
2026-09-10T03:03:41,107.89,43.23
2026-09-10T03:03:42,107.83,43.18
2026-09-10T03:03:43,108.1,43.44
2026-09-10T03:03:44,108.58,43.91
2026-09-10T03:03:45,108.76,44.09
2026-09-10T03:03:46,107.96,43.3
2026-09-10T03:03:47,108.13,43.47
2026-09-10T03:03:48,108.7,44.03
2026-09-10T03:03:49,108.6,43.93
2026-09-10T03:03:50,108.7,44.03
2026-09-10T03:03:51,109.11,44.44
2026-09-10T03:03:52,109.62,44.94
2026-09-10T03:03:53,110.42,45.73
2026-09-10T03:03:54,110.86,46.17
2026-09-10T03:03:55,110.21,45.52
2026-09-10T03:03:56,109.45,44.77
2026-09-10T03:03:57,108.95,44.28
2026-09-10T03:03:58,108.24,43.58
2026-09-10T03:03:59,108.58,43.91
2026-09-10T03:04:00,108.03,43.38
2026-09-10T03:04:01,108.0,43.34
2026-09-10T03:04:02,107.89,43.24
2026-09-10T03:04:03,108.14,43.48
2026-09-10T03:04:04,108.6,43.94
2026-09-10T03:04:05,108.06,43.4
2026-09-10T03:04:06,108.68,44.01
2026-09-10T03:04:07,107.91,43.25
2026-09-10T03:04:08,108.51,43.84
2026-09-10T03:04:09,107.94,43.28
2026-09-10T03:04:10,108.66,43.99
2026-09-10T03:04:11,108.34,43.67
2026-09-10T03:04:12,108.24,43.57
2026-09-10T03:04:13,108.6,43.93
2026-09-10T03:04:14,108.05,43.39
2026-09-10T03:04:15,108.17,43.51
2026-09-10T03:04:16,107.74,43.08
2026-09-10T03:04:17,108.17,43.51
2026-09-10T03:04:18,108.95,44.28
2026-09-10T03:04:19,108.23,43.57
2026-09-10T03:04:20,107.97,43.32
2026-09-10T03:04:21,107.94,43.28
2026-09-10T03:04:22,108.48,43.82
2026-09-10T03:04:23,108.54,43.87
2026-09-10T03:04:24,107.68,43.02
2026-09-10T03:04:25,107.83,43.17
2026-09-10T03:04:26,107.96,43.3
2026-09-10T03:04:27,108.68,44.02
2026-09-10T03:04:28,108.12,43.46
2026-09-10T03:04:29,108.38,43.71
2026-09-10T03:04:30,108.31,43.64
2026-09-10T03:04:31,108.44,43.77
2026-09-10T03:04:32,108.87,44.2
2026-09-10T03:04:33,108.62,43.95
2026-09-10T03:04:34,108.64,43.97
2026-09-10T03:04:35,108.47,43.81
2026-09-10T03:04:36,108.35,43.68
2026-09-10T03:04:37,108.25,43.59
2026-09-10T03:04:38,107.94,43.28
2026-09-10T03:04:39,107.9,43.24
2026-09-10T03:04:40,108.19,43.53
2026-09-10T03:04:41,108.57,43.9
2026-09-10T03:04:42,107.96,43.3
2026-09-10T03:04:43,108.12,43.46
2026-09-10T03:04:44,108.44,43.78
2026-09-10T03:04:45,110.22,45.53
2026-09-10T03:04:46,108.46,43.8
2026-09-10T03:04:47,108.22,43.56
2026-09-10T03:04:48,108.09,43.43
2026-09-10T03:04:49,108.54,43.88
2026-09-10T03:04:50,108.14,43.48
2026-09-10T03:04:51,108.1,43.44
2026-09-10T03:04:52,107.78,43.12
2026-09-10T03:04:53,108.39,43.73
2026-09-10T03:04:54,108.54,43.87
2026-09-10T03:04:55,108.08,43.42
2026-09-10T03:04:56,108.2,43.54
2026-09-10T03:04:57,108.32,43.66
2026-09-10T03:04:58,108.42,43.75
2026-09-10T03:04:59,107.83,43.18
2026-09-10T03:05:00,108.37,43.71
2026-09-10T03:05:01,107.61,42.96
2026-09-10T03:05:02,109.05,44.38
2026-09-10T03:05:03,108.42,43.75
2026-09-10T03:05:04,107.37,42.72
2026-09-10T03:05:05,108.07,43.41
2026-09-10T03:05:06,108.2,43.54
2026-09-10T03:05:07,108.75,44.08
2026-09-10T03:05:08,108.39,43.72
2026-09-10T03:05:09,108.05,43.39
2026-09-10T03:05:10,108.41,43.74
2026-09-10T03:05:11,109.16,44.49
2026-09-10T03:05:12,108.36,43.69
2026-09-10T03:05:13,108.43,43.77
2026-09-10T03:05:14,107.74,43.08
2026-09-10T03:05:15,108.47,43.8
2026-09-10T03:05:16,108.37,43.71
2026-09-10T03:05:17,107.85,43.2
2026-09-10T03:05:18,108.19,43.53
2026-09-10T03:05:19,108.08,43.42
2026-09-10T03:05:20,109.27,44.59
2026-09-10T03:05:21,107.9,43.25
2026-09-10T03:05:22,107.95,43.3
2026-09-10T03:05:23,108.01,43.35
2026-09-10T03:05:24,108.02,43.36
2026-09-10T03:05:25,108.21,43.55
2026-09-10T03:05:26,108.03,43.37
2026-09-10T03:05:27,108.2,43.54
2026-09-10T03:05:28,108.08,43.42
2026-09-10T03:05:29,108.59,43.92
2026-09-10T03:05:30,108.05,43.39
2026-09-10T03:05:31,108.31,43.64
2026-09-10T03:05:32,108.31,43.65
2026-09-10T03:05:33,108.07,43.41
2026-09-10T03:05:34,108.9,44.23
2026-09-10T03:05:35,107.71,43.06
2026-09-10T03:05:36,108.54,43.87
2026-09-10T03:05:37,108.12,43.46
2026-09-10T03:05:38,108.51,43.85
2026-09-10T03:05:39,108.62,43.96
2026-09-10T03:05:40,107.94,43.28
2026-09-10T03:05:41,108.36,43.69
2026-09-10T03:05:42,108.22,43.56
2026-09-10T03:05:43,108.54,43.88
2026-09-10T03:05:44,108.56,43.9
2026-09-10T03:05:45,108.18,43.52
2026-09-10T03:05:46,108.14,43.48
2026-09-10T03:05:47,107.97,43.31
2026-09-10T03:05:48,108.38,43.71
2026-09-10T03:05:49,107.97,43.31
2026-09-10T03:05:50,107.93,43.27
2026-09-10T03:05:51,108.46,43.8
2026-09-10T03:05:52,108.43,43.77
2026-09-10T03:05:53,108.45,43.79
2026-09-10T03:05:54,108.16,43.5
2026-09-10T03:05:55,107.93,43.27
2026-09-10T03:05:56,108.1,43.44
2026-09-10T03:05:57,108.31,43.64
2026-09-10T03:05:58,109.16,44.48
2026-09-10T03:05:59,107.84,43.18
2026-09-10T03:06:00,107.73,43.08
2026-09-10T03:06:01,107.84,43.19
2026-09-10T03:06:02,108.01,43.35
2026-09-10T03:06:03,108.12,43.46
2026-09-10T03:06:04,108.03,43.37
2026-09-10T03:06:05,108.15,43.49
2026-09-10T03:06:06,108.08,43.42
2026-09-10T03:06:07,107.87,43.22
2026-09-10T03:06:08,108.34,43.68
2026-09-10T03:06:09,108.07,43.41
2026-09-10T03:06:10,107.73,43.08
2026-09-10T03:06:11,108.25,43.59
2026-09-10T03:06:12,108.16,43.5
2026-09-10T03:06:13,108.28,43.61
2026-09-10T03:06:14,107.76,43.11
2026-09-10T03:06:15,108.01,43.35
2026-09-10T03:06:16,108.22,43.56
2026-09-10T03:06:17,108.2,43.54
2026-09-10T03:06:18,108.39,43.73
2026-09-10T03:06:19,108.26,43.6
2026-09-10T03:06:20,107.86,43.21
2026-09-10T03:06:21,108.24,43.58
2026-09-10T03:06:22,107.95,43.3
2026-09-10T03:06:23,108.4,43.74
2026-09-10T03:06:24,107.83,43.17
2026-09-10T03:06:25,108.19,43.53
2026-09-10T03:06:26,108.18,43.52
2026-09-10T03:06:27,108.13,43.47
2026-09-10T03:06:28,108.19,43.52
2026-09-10T03:06:29,108.6,43.93
2026-09-10T03:06:30,108.38,43.72
2026-09-10T03:06:31,107.84,43.19
2026-09-10T03:06:32,108.15,43.49
2026-09-10T03:06:33,107.72,43.06
2026-09-10T03:06:34,108.33,43.67
2026-09-10T03:06:35,108.18,43.52
2026-09-10T03:06:36,108.72,44.05
2026-09-10T03:06:37,108.48,43.81
2026-09-10T03:06:38,108.55,43.89
2026-09-10T03:06:39,107.88,43.23
2026-09-10T03:06:40,108.26,43.6
2026-09-10T03:06:41,108.57,43.91
2026-09-10T03:06:42,108.26,43.59
2026-09-10T03:06:43,108.25,43.59
2026-09-10T03:06:44,108.58,43.91
2026-09-10T03:06:45,108.04,43.38
2026-09-10T03:06:46,108.25,43.59
2026-09-10T03:06:47,108.55,43.89
2026-09-10T03:06:48,108.58,43.91
2026-09-10T03:06:49,107.77,43.12
2026-09-10T03:06:50,108.33,43.67
2026-09-10T03:06:51,108.03,43.37
2026-09-10T03:06:52,108.42,43.76
2026-09-10T03:06:53,108.46,43.79
2026-09-10T03:06:54,108.29,43.63
2026-09-10T03:06:55,108.55,43.88
2026-09-10T03:06:56,107.98,43.33
2026-09-10T03:06:57,107.92,43.26
2026-09-10T03:06:58,108.41,43.74
2026-09-10T03:06:59,107.97,43.32
2026-09-10T03:07:00,108.29,43.63
2026-09-10T03:07:01,108.9,44.23
2026-09-10T03:07:02,107.87,43.21
2026-09-10T03:07:03,108.34,43.68
2026-09-10T03:07:04,108.1,43.44
2026-09-10T03:07:05,107.81,43.15
2026-09-10T03:07:06,107.94,43.28
2026-09-10T03:07:07,108.46,43.79
2026-09-10T03:07:08,108.56,43.89
2026-09-10T03:07:09,108.46,43.79
2026-09-10T03:07:10,108.31,43.65
2026-09-10T03:07:11,108.19,43.53
2026-09-10T03:07:12,108.49,43.83
2026-09-10T03:07:13,108.38,43.72
2026-09-10T03:07:14,108.23,43.57
2026-09-10T03:07:15,108.02,43.36
2026-09-10T03:07:16,108.21,43.54
2026-09-10T03:07:17,108.09,43.44
2026-09-10T03:07:18,108.34,43.68
2026-09-10T03:07:19,107.64,42.98
2026-09-10T03:07:20,108.11,43.45
2026-09-10T03:07:21,108.48,43.81
2026-09-10T03:07:22,107.88,43.22
2026-09-10T03:07:23,108.25,43.58
2026-09-10T03:07:24,108.17,43.51
2026-09-10T03:07:25,108.31,43.64
2026-09-10T03:07:26,108.14,43.48
2026-09-10T03:07:27,108.54,43.88
2026-09-10T03:07:28,107.95,43.29
2026-09-10T03:07:29,108.47,43.81
2026-09-10T03:07:30,108.29,43.63
2026-09-10T03:07:31,108.12,43.46
2026-09-10T03:07:32,108.45,43.79
2026-09-10T03:07:33,108.25,43.59
2026-09-10T03:07:34,108.28,43.62
2026-09-10T03:07:35,108.39,43.72
2026-09-10T03:07:36,107.84,43.18
2026-09-10T03:07:37,108.53,43.87
2026-09-10T03:07:38,108.25,43.59
2026-09-10T03:07:39,108.38,43.72
2026-09-10T03:07:40,107.79,43.13
2026-09-10T03:07:41,108.36,43.69
2026-09-10T03:07:42,108.43,43.76
2026-09-10T03:07:43,108.3,43.64
2026-09-10T03:07:44,107.89,43.24
2026-09-10T03:07:45,107.96,43.3
2026-09-10T03:07:46,107.96,43.3
2026-09-10T03:07:47,107.99,43.33
2026-09-10T03:07:48,108.34,43.68
2026-09-10T03:07:49,107.85,43.19
2026-09-10T03:07:50,108.75,44.08
2026-09-10T03:07:51,109.96,45.28
2026-09-10T03:07:52,108.96,44.29
2026-09-10T03:07:53,108.2,43.54
2026-09-10T03:07:54,108.39,43.72
2026-09-10T03:07:55,108.35,43.69
2026-09-10T03:07:56,108.14,43.47
2026-09-10T03:07:57,108.41,43.75
2026-09-10T03:07:58,108.33,43.66
2026-09-10T03:07:59,108.21,43.55
2026-09-10T03:08:00,108.16,43.5
2026-09-10T03:08:01,107.9,43.24
2026-09-10T03:08:02,108.19,43.53
2026-09-10T03:08:03,108.35,43.69
2026-09-10T03:08:04,108.14,43.48
2026-09-10T03:08:05,108.23,43.57
2026-09-10T03:08:06,108.25,43.59
2026-09-10T03:08:07,107.98,43.32
2026-09-10T03:08:08,108.49,43.83
2026-09-10T03:08:09,110.4,45.71
2026-09-10T03:08:10,108.08,43.43
2026-09-10T03:08:11,107.96,43.3
2026-09-10T03:08:12,108.45,43.79
2026-09-10T03:08:13,107.98,43.32
2026-09-10T03:08:14,108.36,43.7
2026-09-10T03:08:15,107.96,43.3
2026-09-10T03:08:16,108.18,43.52
2026-09-10T03:08:17,108.34,43.68
2026-09-10T03:08:18,108.32,43.66
2026-09-10T03:08:19,108.09,43.43
2026-09-10T03:08:20,107.25,42.6
2026-09-10T03:08:21,108.1,43.44
2026-09-10T03:08:22,108.4,43.73
2026-09-10T03:08:23,108.33,43.67
2026-09-10T03:08:24,108.46,43.79
2026-09-10T03:08:25,107.83,43.17
2026-09-10T03:08:26,107.91,43.26
2026-09-10T03:08:27,108.73,44.06
2026-09-10T03:08:28,108.24,43.57
2026-09-10T03:08:29,108.11,43.45
2026-09-10T03:08:30,108.18,43.52
2026-09-10T03:08:31,108.12,43.46
2026-09-10T03:08:32,108.23,43.57
2026-09-10T03:08:33,108.13,43.47
2026-09-10T03:08:34,108.14,43.48
2026-09-10T03:08:35,108.08,43.42
2026-09-10T03:08:36,108.03,43.37
2026-09-10T03:08:37,108.92,44.25
2026-09-10T03:08:38,108.09,43.43
2026-09-10T03:08:39,108.33,43.67
2026-09-10T03:08:40,108.09,43.43
2026-09-10T03:08:41,108.58,43.91
2026-09-10T03:08:42,108.06,43.4
2026-09-10T03:08:43,108.18,43.52
2026-09-10T03:08:44,107.72,43.06
2026-09-10T03:08:45,107.99,43.34
2026-09-10T03:08:46,108.61,43.95
2026-09-10T03:08:47,107.81,43.16
2026-09-10T03:08:48,107.72,43.07
2026-09-10T03:08:49,108.5,43.83
2026-09-10T03:08:50,107.85,43.19
2026-09-10T03:08:51,108.31,43.65
2026-09-10T03:08:52,108.09,43.43
2026-09-10T03:08:53,108.12,43.46
2026-09-10T03:08:54,108.52,43.85
2026-09-10T03:08:55,108.24,43.58
2026-09-10T03:08:56,108.43,43.76
2026-09-10T03:08:57,107.98,43.33
2026-09-10T03:08:58,108.0,43.34
2026-09-10T03:08:59,108.13,43.47
2026-09-10T03:09:00,108.42,43.76
2026-09-10T03:09:01,108.28,43.62
2026-09-10T03:09:02,107.97,43.31
2026-09-10T03:09:03,107.95,43.29
2026-09-10T03:09:04,107.6,42.95
2026-09-10T03:09:05,108.07,43.41
2026-09-10T03:09:06,108.38,43.71
2026-09-10T03:09:07,108.13,43.47
2026-09-10T03:09:08,108.12,43.46
2026-09-10T03:09:09,108.31,43.65
2026-09-10T03:09:10,108.31,43.64
2026-09-10T03:09:11,108.45,43.78
2026-09-10T03:09:12,108.34,43.68
2026-09-10T03:09:13,108.02,43.36
2026-09-10T03:09:14,108.06,43.4
2026-09-10T03:09:15,108.9,44.23
2026-09-10T03:09:16,108.41,43.74
2026-09-10T03:09:17,108.06,43.4
2026-09-10T03:09:18,108.7,44.03
2026-09-10T03:09:19,108.77,44.1
2026-09-10T03:09:20,108.54,43.88
2026-09-10T03:09:21,108.43,43.77
2026-09-10T03:09:22,107.74,43.08
2026-09-10T03:09:23,107.95,43.3
2026-09-10T03:09:24,108.73,44.06
2026-09-10T03:09:25,108.17,43.51
2026-09-10T03:09:26,108.52,43.85
2026-09-10T03:09:27,107.89,43.24
2026-09-10T03:09:28,108.52,43.85
2026-09-10T03:09:29,108.42,43.76
2026-09-10T03:09:30,108.7,44.03
2026-09-10T03:09:31,108.06,43.4
2026-09-10T03:09:32,108.4,43.74
2026-09-10T03:09:33,108.48,43.81
2026-09-10T03:09:34,109.14,44.47
2026-09-10T03:09:35,108.42,43.75
2026-09-10T03:09:36,108.54,43.87
2026-09-10T03:09:37,108.6,43.94
2026-09-10T03:09:38,109.75,45.07
2026-09-10T03:09:39,109.91,45.22
2026-09-10T03:09:40,110.66,45.96
2026-09-10T03:09:41,111.22,46.52
2026-09-10T03:09:42,110.2,45.51
2026-09-10T03:09:43,108.8,44.13
2026-09-10T03:09:44,109.36,44.69
2026-09-10T03:09:45,108.36,43.69
2026-09-10T03:09:46,110.36,45.67
2026-09-10T03:09:47,108.47,43.81
2026-09-10T03:09:48,108.95,44.28
2026-09-10T03:09:49,108.39,43.73
2026-09-10T03:09:50,107.81,43.15
2026-09-10T03:09:51,108.63,43.96
2026-09-10T03:09:52,108.53,43.86
2026-09-10T03:09:53,108.45,43.79
2026-09-10T03:09:54,108.38,43.71
2026-09-10T03:09:55,107.96,43.3
2026-09-10T03:09:56,108.2,43.54
2026-09-10T03:09:57,107.79,43.13
2026-09-10T03:09:58,107.81,43.16
2026-09-10T03:09:59,108.46,43.79
2026-09-10T03:10:00,107.86,43.2
2026-09-10T03:10:01,108.14,43.48
2026-09-10T03:10:02,108.24,43.58
2026-09-10T03:10:03,108.18,43.52
2026-09-10T03:10:04,108.42,43.76
2026-09-10T03:10:05,108.26,43.6
2026-09-10T03:10:06,108.16,43.5
2026-09-10T03:10:07,108.47,43.81
2026-09-10T03:10:08,108.48,43.81
2026-09-10T03:10:09,107.96,43.3
2026-09-10T03:10:10,107.75,43.1
2026-09-10T03:10:11,107.92,43.27
2026-09-10T03:10:12,108.02,43.36
2026-09-10T03:10:13,108.26,43.6
2026-09-10T03:10:14,108.7,44.03
2026-09-10T03:10:15,108.01,43.35
2026-09-10T03:10:16,108.19,43.53
2026-09-10T03:10:17,108.01,43.35
2026-09-10T03:10:18,108.11,43.45
2026-09-10T03:10:19,108.2,43.54
2026-09-10T03:10:20,108.13,43.47
2026-09-10T03:10:21,108.09,43.43
2026-09-10T03:10:22,108.54,43.87
2026-09-10T03:10:23,108.74,44.07
2026-09-10T03:10:24,108.63,43.97
2026-09-10T03:10:25,107.45,42.8
2026-09-10T03:10:26,108.41,43.74
2026-09-10T03:10:27,107.96,43.3
2026-09-10T03:10:28,108.43,43.76
2026-09-10T03:10:29,108.81,44.14
2026-09-10T03:10:30,108.61,43.94
2026-09-10T03:10:31,107.96,43.31
2026-09-10T03:10:32,107.89,43.24
2026-09-10T03:10:33,107.96,43.3
2026-09-10T03:10:34,108.29,43.63
2026-09-10T03:10:35,108.72,44.05
2026-09-10T03:10:36,107.96,43.3
2026-09-10T03:10:37,108.1,43.44
2026-09-10T03:10:38,108.07,43.41
2026-09-10T03:10:39,108.01,43.36
2026-09-10T03:10:40,108.34,43.68
2026-09-10T03:10:41,108.24,43.58
2026-09-10T03:10:42,108.35,43.69
2026-09-10T03:10:43,107.56,42.91
2026-09-10T03:10:44,108.36,43.7
2026-09-10T03:10:45,108.13,43.47
2026-09-10T03:10:46,108.21,43.55
2026-09-10T03:10:47,108.0,43.35
2026-09-10T03:10:48,108.51,43.85
2026-09-10T03:10:49,109.17,44.49
2026-09-10T03:10:50,108.36,43.69
2026-09-10T03:10:51,108.08,43.42
2026-09-10T03:10:52,108.64,43.97
2026-09-10T03:10:53,108.54,43.87
2026-09-10T03:10:54,108.57,43.9
2026-09-10T03:10:55,107.93,43.28
2026-09-10T03:10:56,108.31,43.65
2026-09-10T03:10:57,107.65,42.99
2026-09-10T03:10:58,108.85,44.18
2026-09-10T03:10:59,108.18,43.52
2026-09-10T03:11:00,107.6,42.94
2026-09-10T03:11:01,108.48,43.81
2026-09-10T03:11:02,108.4,43.73
2026-09-10T03:11:03,108.78,44.11
2026-09-10T03:11:04,108.03,43.37
2026-09-10T03:11:05,108.11,43.45
2026-09-10T03:11:06,108.47,43.81
2026-09-10T03:11:07,107.89,43.24
2026-09-10T03:11:08,109.03,44.36
2026-09-10T03:11:09,107.95,43.29
2026-09-10T03:11:10,108.34,43.68
2026-09-10T03:11:11,108.47,43.8
2026-09-10T03:11:12,108.4,43.74
2026-09-10T03:11:13,108.64,43.97
2026-09-10T03:11:14,107.72,43.07
2026-09-10T03:11:15,107.82,43.17
2026-09-10T03:11:16,108.12,43.46
2026-09-10T03:11:17,108.31,43.65
2026-09-10T03:11:18,108.21,43.55
2026-09-10T03:11:19,107.83,43.18
2026-09-10T03:11:20,108.11,43.45
2026-09-10T03:11:21,108.04,43.39
2026-09-10T03:11:22,108.32,43.66
2026-09-10T03:11:23,108.08,43.42
2026-09-10T03:11:24,108.19,43.53
2026-09-10T03:11:25,108.21,43.55
2026-09-10T03:11:26,108.41,43.74
2026-09-10T03:11:27,108.87,44.2
2026-09-10T03:11:28,108.18,43.52
2026-09-10T03:11:29,107.93,43.27
2026-09-10T03:11:30,108.34,43.67
2026-09-10T03:11:31,108.09,43.43
2026-09-10T03:11:32,108.75,44.08
2026-09-10T03:11:33,108.21,43.55
2026-09-10T03:11:34,107.81,43.15
2026-09-10T03:11:35,108.67,44.01
2026-09-10T03:11:36,108.43,43.76
2026-09-10T03:11:37,108.3,43.64
2026-09-10T03:11:38,108.39,43.73
2026-09-10T03:11:39,108.07,43.41
2026-09-10T03:11:40,108.16,43.5
2026-09-10T03:11:41,108.1,43.44
2026-09-10T03:11:42,107.99,43.33
2026-09-10T03:11:43,108.58,43.91
2026-09-10T03:11:44,108.09,43.43
2026-09-10T03:11:45,107.98,43.32
2026-09-10T03:11:46,108.23,43.57
2026-09-10T03:11:47,108.56,43.89
2026-09-10T03:11:48,108.62,43.95
2026-09-10T03:11:49,108.37,43.71
2026-09-10T03:11:50,107.75,43.09
2026-09-10T03:11:51,108.07,43.41
2026-09-10T03:11:52,108.25,43.58
2026-09-10T03:11:53,108.24,43.58
2026-09-10T03:11:54,108.2,43.54
2026-09-10T03:11:55,107.95,43.29
2026-09-10T03:11:56,108.32,43.66
2026-09-10T03:11:57,108.6,43.93
2026-09-10T03:11:58,108.22,43.56
2026-09-10T03:11:59,107.97,43.31
2026-09-10T03:12:00,108.09,43.43
2026-09-10T03:12:01,108.57,43.91
2026-09-10T03:12:02,108.59,43.92
2026-09-10T03:12:03,107.81,43.16
2026-09-10T03:12:04,108.79,44.12
2026-09-10T03:12:05,108.36,43.7
2026-09-10T03:12:06,108.24,43.57
2026-09-10T03:12:07,108.44,43.77
2026-09-10T03:12:08,108.0,43.34
2026-09-10T03:12:09,108.11,43.45
2026-09-10T03:12:10,108.44,43.77
2026-09-10T03:12:11,107.78,43.13
2026-09-10T03:12:12,108.38,43.72
2026-09-10T03:12:13,108.42,43.76
2026-09-10T03:12:14,108.44,43.77
2026-09-10T03:12:15,107.99,43.34
2026-09-10T03:12:16,108.57,43.9
2026-09-10T03:12:17,108.42,43.75
2026-09-10T03:12:18,108.39,43.72
2026-09-10T03:12:19,108.54,43.88
2026-09-10T03:12:20,108.41,43.75
2026-09-10T03:12:21,108.35,43.69
2026-09-10T03:12:22,108.31,43.65
2026-09-10T03:12:23,107.85,43.19
2026-09-10T03:12:24,108.27,43.61
2026-09-10T03:12:25,107.87,43.21
2026-09-10T03:12:26,108.57,43.9
2026-09-10T03:12:27,107.67,43.01
2026-09-10T03:12:28,108.8,44.13
2026-09-10T03:12:29,108.17,43.51
2026-09-10T03:12:30,108.41,43.75
2026-09-10T03:12:31,108.36,43.7
2026-09-10T03:12:32,108.13,43.47
2026-09-10T03:12:33,108.14,43.48
2026-09-10T03:12:34,108.26,43.6
2026-09-10T03:12:35,108.56,43.9
2026-09-10T03:12:36,108.7,44.03
2026-09-10T03:12:37,109.01,44.34
2026-09-10T03:12:38,108.99,44.32
2026-09-10T03:12:39,108.61,43.94
2026-09-10T03:12:40,109.41,44.73
2026-09-10T03:12:41,108.55,43.89
2026-09-10T03:12:42,108.16,43.5
2026-09-10T03:12:43,108.45,43.79
2026-09-10T03:12:44,109.03,44.36
2026-09-10T03:12:45,108.67,44.0
2026-09-10T03:12:46,109.45,44.77
2026-09-10T03:12:47,108.4,43.74
2026-09-10T03:12:48,108.78,44.11
2026-09-10T03:12:49,108.73,44.06
2026-09-10T03:12:50,109.05,44.38
2026-09-10T03:12:51,110.14,45.45
2026-09-10T03:12:52,110.47,45.78
2026-09-10T03:12:53,110.27,45.58
2026-09-10T03:12:54,110.2,45.51
2026-09-10T03:12:55,111.44,46.74
2026-09-10T03:12:56,110.55,45.86
2026-09-10T03:12:57,110.18,45.49
2026-09-10T03:12:58,109.24,44.57
2026-09-10T03:12:59,108.63,43.97
2026-09-10T03:13:00,108.47,43.81
2026-09-10T03:13:01,108.22,43.56
2026-09-10T03:13:02,108.67,44.0
2026-09-10T03:13:03,108.16,43.5
2026-09-10T03:13:04,107.92,43.27
2026-09-10T03:13:05,108.49,43.82
2026-09-10T03:13:06,108.25,43.59
2026-09-10T03:13:07,107.9,43.24
2026-09-10T03:13:08,108.2,43.54
2026-09-10T03:13:09,108.31,43.64
2026-09-10T03:13:10,108.75,44.08
2026-09-10T03:13:11,108.43,43.77
2026-09-10T03:13:12,108.56,43.89
2026-09-10T03:13:13,107.95,43.29
2026-09-10T03:13:14,108.19,43.53
2026-09-10T03:13:15,108.56,43.9
2026-09-10T03:13:16,107.81,43.15
2026-09-10T03:13:17,108.13,43.47
2026-09-10T03:13:18,108.06,43.4
2026-09-10T03:13:19,108.48,43.82
2026-09-10T03:13:20,107.94,43.28
2026-09-10T03:13:21,107.72,43.07
2026-09-10T03:13:22,107.98,43.32
2026-09-10T03:13:23,108.05,43.39
2026-09-10T03:13:24,108.02,43.36
2026-09-10T03:13:25,108.25,43.59
2026-09-10T03:13:26,108.18,43.52
2026-09-10T03:13:27,108.13,43.47
2026-09-10T03:13:28,108.07,43.41
2026-09-10T03:13:29,108.01,43.35
2026-09-10T03:13:30,108.19,43.53
2026-09-10T03:13:31,107.9,43.24
2026-09-10T03:13:32,108.79,44.12
2026-09-10T03:13:33,108.55,43.88
2026-09-10T03:13:34,108.24,43.58
2026-09-10T03:13:35,108.22,43.55
2026-09-10T03:13:36,107.75,43.09
2026-09-10T03:13:37,108.7,44.04
2026-09-10T03:13:38,107.94,43.28
2026-09-10T03:13:39,108.05,43.39
2026-09-10T03:13:40,107.9,43.24
2026-09-10T03:13:41,108.11,43.45
2026-09-10T03:13:42,108.37,43.71
2026-09-10T03:13:43,107.66,43.0
2026-09-10T03:13:44,107.82,43.17
2026-09-10T03:13:45,107.96,43.3
2026-09-10T03:13:46,108.58,43.91
2026-09-10T03:13:47,108.2,43.54
2026-09-10T03:13:48,108.28,43.62
2026-09-10T03:13:49,108.13,43.47
2026-09-10T03:13:50,108.36,43.7
2026-09-10T03:13:51,108.75,44.08
2026-09-10T03:13:52,108.17,43.51
2026-09-10T03:13:53,108.04,43.38
2026-09-10T03:13:54,108.17,43.51
2026-09-10T03:13:55,108.31,43.65
2026-09-10T03:13:56,108.26,43.6
2026-09-10T03:13:57,108.7,44.03
2026-09-10T03:13:58,107.86,43.2
2026-09-10T03:13:59,107.85,43.19
2026-09-10T03:14:00,107.76,43.1
2026-09-10T03:14:01,108.81,44.14
2026-09-10T03:14:02,108.32,43.66
2026-09-10T03:14:03,108.08,43.42
2026-09-10T03:14:04,108.11,43.45
2026-09-10T03:14:05,108.16,43.49
2026-09-10T03:14:06,108.62,43.95
2026-09-10T03:14:07,108.26,43.6
2026-09-10T03:14:08,108.18,43.52
2026-09-10T03:14:09,107.79,43.13
2026-09-10T03:14:10,108.24,43.58
2026-09-10T03:14:11,108.42,43.76
2026-09-10T03:14:12,107.97,43.31
2026-09-10T03:14:13,108.38,43.72
2026-09-10T03:14:14,107.84,43.18
2026-09-10T03:14:15,108.63,43.96
2026-09-10T03:14:16,108.07,43.41
2026-09-10T03:14:17,108.35,43.69
2026-09-10T03:14:18,108.12,43.46
2026-09-10T03:14:19,108.15,43.49
2026-09-10T03:14:20,108.98,44.31
2026-09-10T03:14:21,108.4,43.74
2026-09-10T03:14:22,107.89,43.23
2026-09-10T03:14:23,107.7,43.04
2026-09-10T03:14:24,108.07,43.41
2026-09-10T03:14:25,108.55,43.89
2026-09-10T03:14:26,108.41,43.74
2026-09-10T03:14:27,108.26,43.59
2026-09-10T03:14:28,108.05,43.39
2026-09-10T03:14:29,108.55,43.88
2026-09-10T03:14:30,108.22,43.56
2026-09-10T03:14:31,107.46,42.81
2026-09-10T03:14:32,107.97,43.31
2026-09-10T03:14:33,108.58,43.91
2026-09-10T03:14:34,109.19,44.51
2026-09-10T03:14:35,107.93,43.28
2026-09-10T03:14:36,108.25,43.59
2026-09-10T03:14:37,107.99,43.33
2026-09-10T03:14:38,108.27,43.6
2026-09-10T03:14:39,107.94,43.29
2026-09-10T03:14:40,107.71,43.05
2026-09-10T03:14:41,108.09,43.43
2026-09-10T03:14:42,107.85,43.19
2026-09-10T03:14:43,108.76,44.09
2026-09-10T03:14:44,108.51,43.84
2026-09-10T03:14:45,108.09,43.43
2026-09-10T03:14:46,109.2,44.52
2026-09-10T03:14:47,110.03,45.34
2026-09-10T03:14:48,108.5,43.83
2026-09-10T03:14:49,108.12,43.46
2026-09-10T03:14:50,108.15,43.49
2026-09-10T03:14:51,108.4,43.74
2026-09-10T03:14:52,108.75,44.08
2026-09-10T03:14:53,107.87,43.21
2026-09-10T03:14:54,108.03,43.37
2026-09-10T03:14:55,108.3,43.64
2026-09-10T03:14:56,108.21,43.55
2026-09-10T03:14:57,109.06,44.38
2026-09-10T03:14:58,108.02,43.36
2026-09-10T03:14:59,107.65,43.0
2026-09-10T03:15:00,108.44,43.78
2026-09-10T03:15:01,108.12,43.46
2026-09-10T03:15:02,108.86,44.19
2026-09-10T03:15:03,108.5,43.83
2026-09-10T03:15:04,107.94,43.28
2026-09-10T03:15:05,108.11,43.45
2026-09-10T03:15:06,107.93,43.28
2026-09-10T03:15:07,108.39,43.72
2026-09-10T03:15:08,108.32,43.66
2026-09-10T03:15:09,108.1,43.44
2026-09-10T03:15:10,108.01,43.35
2026-09-10T03:15:11,107.74,43.08
2026-09-10T03:15:12,108.46,43.79
2026-09-10T03:15:13,107.72,43.07
2026-09-10T03:15:14,108.07,43.41
2026-09-10T03:15:15,108.43,43.76
2026-09-10T03:15:16,108.58,43.92
2026-09-10T03:15:17,108.74,44.07
2026-09-10T03:15:18,108.08,43.42
2026-09-10T03:15:19,108.25,43.59
2026-09-10T03:15:20,107.86,43.2
2026-09-10T03:15:21,108.82,44.15
2026-09-10T03:15:22,108.36,43.7
2026-09-10T03:15:23,108.09,43.43
2026-09-10T03:15:24,107.8,43.15
2026-09-10T03:15:25,108.24,43.58
2026-09-10T03:15:26,108.39,43.73
2026-09-10T03:15:27,108.01,43.35
2026-09-10T03:15:28,108.31,43.65
2026-09-10T03:15:29,108.6,43.93
2026-09-10T03:15:30,108.42,43.76
2026-09-10T03:15:31,108.64,43.98
2026-09-10T03:15:32,107.92,43.26
2026-09-10T03:15:33,108.22,43.55
2026-09-10T03:15:34,108.45,43.78
2026-09-10T03:15:35,108.98,44.31
2026-09-10T03:15:36,108.21,43.55
2026-09-10T03:15:37,108.5,43.83
2026-09-10T03:15:38,108.36,43.69
2026-09-10T03:15:39,108.51,43.84
2026-09-10T03:15:40,108.17,43.51
2026-09-10T03:15:41,108.17,43.51
2026-09-10T03:15:42,108.07,43.41
2026-09-10T03:15:43,108.48,43.81
2026-09-10T03:15:44,108.25,43.59
2026-09-10T03:15:45,108.49,43.83
2026-09-10T03:15:46,108.62,43.95
2026-09-10T03:15:47,108.3,43.63
2026-09-10T03:15:48,108.13,43.47
2026-09-10T03:15:49,108.73,44.06
2026-09-10T03:15:50,108.91,44.24
2026-09-10T03:15:51,108.13,43.47
2026-09-10T03:15:52,108.05,43.39
2026-09-10T03:15:53,108.51,43.85
2026-09-10T03:15:54,108.07,43.42
2026-09-10T03:15:55,108.44,43.78
2026-09-10T03:15:56,108.3,43.63
2026-09-10T03:15:57,107.92,43.27
2026-09-10T03:15:58,108.27,43.61
2026-09-10T03:15:59,107.96,43.31
2026-09-10T03:16:00,108.31,43.65
2026-09-10T03:16:01,108.32,43.66
2026-09-10T03:16:02,108.31,43.65
2026-09-10T03:16:03,107.9,43.24
2026-09-10T03:16:04,108.52,43.85
2026-09-10T03:16:05,108.67,44.01
2026-09-10T03:16:06,108.33,43.67
2026-09-10T03:16:07,108.04,43.39
2026-09-10T03:16:08,108.12,43.46
2026-09-10T03:16:09,108.01,43.35
2026-09-10T03:16:10,108.72,44.05
2026-09-10T03:16:11,108.66,43.99
2026-09-10T03:16:12,107.96,43.3
2026-09-10T03:16:13,107.7,43.05
2026-09-10T03:16:14,108.13,43.47
2026-09-10T03:16:15,107.87,43.21
2026-09-10T03:16:16,108.5,43.83
2026-09-10T03:16:17,108.09,43.43
2026-09-10T03:16:18,108.47,43.8
2026-09-10T03:16:19,108.5,43.83
2026-09-10T03:16:20,108.66,43.99
2026-09-10T03:16:21,108.09,43.43
2026-09-10T03:16:22,108.1,43.44
2026-09-10T03:16:23,108.64,43.97
2026-09-10T03:16:24,108.28,43.62
2026-09-10T03:16:25,108.25,43.59
2026-09-10T03:16:26,108.19,43.53
2026-09-10T03:16:27,108.33,43.67
2026-09-10T03:16:28,108.07,43.41
2026-09-10T03:16:29,108.58,43.92
2026-09-10T03:16:30,108.3,43.64
2026-09-10T03:16:31,108.22,43.56
2026-09-10T03:16:32,108.46,43.79
2026-09-10T03:16:33,108.07,43.42
2026-09-10T03:16:34,108.14,43.48
2026-09-10T03:16:35,108.54,43.87
2026-09-10T03:16:36,108.02,43.36
2026-09-10T03:16:37,108.19,43.53
2026-09-10T03:16:38,108.27,43.61
2026-09-10T03:16:39,108.23,43.57
2026-09-10T03:16:40,108.53,43.86
2026-09-10T03:16:41,108.2,43.54
2026-09-10T03:16:42,108.31,43.65
2026-09-10T03:16:43,108.09,43.43
2026-09-10T03:16:44,108.67,44.0
2026-09-10T03:16:45,108.12,43.46
2026-09-10T03:16:46,107.32,42.67
2026-09-10T03:16:47,108.17,43.51
2026-09-10T03:16:48,107.88,43.23
2026-09-10T03:16:49,108.13,43.47
2026-09-10T03:16:50,108.09,43.43
2026-09-10T03:16:51,108.21,43.55
2026-09-10T03:16:52,108.14,43.48
2026-09-10T03:16:53,108.17,43.51
2026-09-10T03:16:54,107.91,43.25
2026-09-10T03:16:55,109.03,44.36
2026-09-10T03:16:56,108.14,43.48
2026-09-10T03:16:57,107.92,43.26
2026-09-10T03:16:58,108.25,43.59
2026-09-10T03:16:59,108.16,43.5
2026-09-10T03:17:00,108.35,43.68
2026-09-10T03:17:01,108.3,43.64
2026-09-10T03:17:02,108.3,43.63
2026-09-10T03:17:03,107.85,43.19
2026-09-10T03:17:04,108.55,43.89
2026-09-10T03:17:05,108.47,43.8
2026-09-10T03:17:06,108.05,43.39
2026-09-10T03:17:07,107.83,43.18
2026-09-10T03:17:08,108.5,43.83
2026-09-10T03:17:09,107.82,43.16
2026-09-10T03:17:10,108.23,43.57
2026-09-10T03:17:11,107.95,43.3
2026-09-10T03:17:12,107.97,43.31
2026-09-10T03:17:13,108.47,43.81
2026-09-10T03:17:14,107.86,43.2
2026-09-10T03:17:15,108.54,43.87
2026-09-10T03:17:16,108.1,43.44
2026-09-10T03:17:17,107.47,42.82
2026-09-10T03:17:18,108.1,43.44
2026-09-10T03:17:19,108.32,43.65
2026-09-10T03:17:20,108.64,43.97
2026-09-10T03:17:21,107.94,43.28
2026-09-10T03:17:22,107.95,43.3
2026-09-10T03:17:23,108.22,43.56
2026-09-10T03:17:24,108.27,43.61
2026-09-10T03:17:25,108.32,43.66
2026-09-10T03:17:26,107.88,43.22
2026-09-10T03:17:27,108.49,43.83
2026-09-10T03:17:28,108.1,43.44
2026-09-10T03:17:29,107.93,43.27
2026-09-10T03:17:30,108.31,43.65
2026-09-10T03:17:31,108.41,43.74
2026-09-10T03:17:32,108.62,43.95
2026-09-10T03:17:33,108.18,43.51
2026-09-10T03:17:34,108.32,43.65
2026-09-10T03:17:35,107.93,43.27
2026-09-10T03:17:36,108.81,44.14
2026-09-10T03:17:37,108.08,43.42
2026-09-10T03:17:38,108.22,43.56
2026-09-10T03:17:39,108.0,43.34
2026-09-10T03:17:40,108.32,43.66
2026-09-10T03:17:41,108.61,43.94
2026-09-10T03:17:42,108.3,43.63
2026-09-10T03:17:43,108.35,43.68
2026-09-10T03:17:44,108.06,43.4
2026-09-10T03:17:45,107.84,43.19
2026-09-10T03:17:46,108.74,44.07
2026-09-10T03:17:47,108.11,43.45
2026-09-10T03:17:48,107.61,42.96
2026-09-10T03:17:49,107.8,43.15
2026-09-10T03:17:50,108.67,44.0
2026-09-10T03:17:51,108.28,43.62
2026-09-10T03:17:52,108.07,43.41
2026-09-10T03:17:53,108.38,43.71
2026-09-10T03:17:54,108.46,43.79
2026-09-10T03:17:55,108.31,43.64
2026-09-10T03:17:56,108.53,43.86
2026-09-10T03:17:57,108.34,43.68
2026-09-10T03:17:58,107.86,43.2
2026-09-10T03:17:59,108.06,43.4
2026-09-10T03:18:00,108.34,43.67
2026-09-10T03:18:01,108.34,43.68
2026-09-10T03:18:02,107.6,42.95
2026-09-10T03:18:03,107.99,43.33
2026-09-10T03:18:04,108.48,43.81
2026-09-10T03:18:05,108.47,43.8
2026-09-10T03:18:06,108.67,44.0
2026-09-10T03:18:07,108.3,43.64
2026-09-10T03:18:08,108.44,43.77
2026-09-10T03:18:09,108.32,43.65
2026-09-10T03:18:10,108.14,43.48
2026-09-10T03:18:11,108.33,43.66
2026-09-10T03:18:12,108.3,43.64
2026-09-10T03:18:13,108.45,43.79
2026-09-10T03:18:14,107.95,43.29
2026-09-10T03:18:15,108.47,43.81
2026-09-10T03:18:16,108.61,43.94
2026-09-10T03:18:17,108.22,43.56
2026-09-10T03:18:18,107.74,43.08
2026-09-10T03:18:19,108.02,43.37
2026-09-10T03:18:20,108.36,43.69
2026-09-10T03:18:21,108.63,43.96
2026-09-10T03:18:22,108.09,43.43
2026-09-10T03:18:23,107.86,43.2
2026-09-10T03:18:24,108.32,43.66
2026-09-10T03:18:25,107.86,43.21
2026-09-10T03:18:26,108.89,44.22
2026-09-10T03:18:27,108.09,43.43
2026-09-10T03:18:28,108.02,43.37
2026-09-10T03:18:29,108.01,43.35
2026-09-10T03:18:30,108.18,43.52
2026-09-10T03:18:31,108.94,44.27
2026-09-10T03:18:32,108.17,43.51
2026-09-10T03:18:33,107.97,43.31
2026-09-10T03:18:34,107.86,43.2
2026-09-10T03:18:35,108.61,43.94
2026-09-10T03:18:36,108.49,43.83
2026-09-10T03:18:37,108.41,43.75
2026-09-10T03:18:38,107.91,43.25
2026-09-10T03:18:39,107.74,43.09
2026-09-10T03:18:40,108.05,43.39
2026-09-10T03:18:41,107.86,43.21
2026-09-10T03:18:42,108.51,43.85
2026-09-10T03:18:43,108.36,43.69
2026-09-10T03:18:44,108.24,43.58
2026-09-10T03:18:45,108.22,43.56
2026-09-10T03:18:46,108.29,43.62
2026-09-10T03:18:47,107.99,43.33
2026-09-10T03:18:48,107.94,43.28
2026-09-10T03:18:49,108.51,43.85
2026-09-10T03:18:50,107.82,43.17
2026-09-10T03:18:51,108.03,43.37
2026-09-10T03:18:52,108.4,43.73
2026-09-10T03:18:53,108.08,43.42
2026-09-10T03:18:54,108.19,43.52
2026-09-10T03:18:55,108.07,43.41
2026-09-10T03:18:56,108.33,43.66
2026-09-10T03:18:57,108.6,43.93
2026-09-10T03:18:58,108.52,43.85
2026-09-10T03:18:59,107.83,43.18
2026-09-10T03:19:00,107.86,43.21
2026-09-10T03:19:01,108.29,43.62
2026-09-10T03:19:02,108.71,44.04
2026-09-10T03:19:03,108.68,44.01
2026-09-10T03:19:04,108.17,43.5
2026-09-10T03:19:05,108.06,43.4
2026-09-10T03:19:06,107.97,43.31
2026-09-10T03:19:07,108.48,43.81
2026-09-10T03:19:08,108.15,43.49
2026-09-10T03:19:09,108.47,43.81
2026-09-10T03:19:10,107.98,43.32
2026-09-10T03:19:11,108.5,43.83
2026-09-10T03:19:12,108.71,44.04
2026-09-10T03:19:13,108.3,43.64
2026-09-10T03:19:14,108.06,43.4
2026-09-10T03:19:15,108.2,43.54
2026-09-10T03:19:16,108.76,44.09
2026-09-10T03:19:17,108.09,43.43
2026-09-10T03:19:18,108.2,43.54
2026-09-10T03:19:19,108.25,43.59
2026-09-10T03:19:20,108.34,43.68
2026-09-10T03:19:21,108.65,43.98
2026-09-10T03:19:22,108.04,43.38
2026-09-10T03:19:23,108.24,43.58
2026-09-10T03:19:24,107.83,43.17
2026-09-10T03:19:25,108.49,43.82
2026-09-10T03:19:26,108.87,44.2
2026-09-10T03:19:27,107.97,43.31
2026-09-10T03:19:28,108.27,43.61
2026-09-10T03:19:29,108.43,43.77
2026-09-10T03:19:30,108.93,44.26
2026-09-10T03:19:31,107.73,43.08
2026-09-10T03:19:32,108.07,43.41
2026-09-10T03:19:33,108.53,43.86
2026-09-10T03:19:34,107.87,43.22
2026-09-10T03:19:35,108.47,43.81
2026-09-10T03:19:36,108.51,43.84
2026-09-10T03:19:37,108.29,43.63
2026-09-10T03:19:38,108.49,43.82
2026-09-10T03:19:39,108.27,43.61
2026-09-10T03:19:40,108.37,43.71
2026-09-10T03:19:41,108.58,43.91
2026-09-10T03:19:42,107.85,43.2
2026-09-10T03:19:43,108.42,43.76
2026-09-10T03:19:44,108.14,43.48
2026-09-10T03:19:45,108.31,43.65
2026-09-10T03:19:46,107.78,43.12
2026-09-10T03:19:47,110.51,45.81
2026-09-10T03:19:48,108.37,43.71
2026-09-10T03:19:49,108.72,44.05
2026-09-10T03:19:50,108.53,43.87
2026-09-10T03:19:51,108.23,43.57
2026-09-10T03:19:52,108.26,43.6
2026-09-10T03:19:53,108.46,43.79
2026-09-10T03:19:54,108.2,43.54
2026-09-10T03:19:55,107.9,43.24
2026-09-10T03:19:56,108.33,43.66
2026-09-10T03:19:57,108.58,43.92
2026-09-10T03:19:58,108.95,44.28
2026-09-10T03:19:59,108.12,43.46
2026-09-10T03:20:00,108.33,43.67
2026-09-10T03:20:01,108.31,43.64
2026-09-10T03:20:02,108.17,43.51
2026-09-10T03:20:03,108.13,43.47
2026-09-10T03:20:04,107.8,43.15
2026-09-10T03:20:05,108.15,43.49
2026-09-10T03:20:06,108.66,43.99
2026-09-10T03:20:07,108.34,43.68
2026-09-10T03:20:08,108.17,43.51
2026-09-10T03:20:09,107.83,43.17
2026-09-10T03:20:10,108.05,43.39
2026-09-10T03:20:11,108.32,43.66
2026-09-10T03:20:12,108.54,43.87
2026-09-10T03:20:13,108.16,43.5
2026-09-10T03:20:14,107.99,43.33
2026-09-10T03:20:15,108.45,43.79
2026-09-10T03:20:16,108.07,43.41
2026-09-10T03:20:17,108.47,43.8
2026-09-10T03:20:18,108.03,43.37
2026-09-10T03:20:19,107.84,43.18
2026-09-10T03:20:20,107.88,43.23
2026-09-10T03:20:21,108.14,43.48
2026-09-10T03:20:22,107.67,43.02
2026-09-10T03:20:23,108.12,43.46
2026-09-10T03:20:24,108.26,43.6
2026-09-10T03:20:25,108.54,43.88
2026-09-10T03:20:26,108.38,43.71
2026-09-10T03:20:27,108.36,43.7
2026-09-10T03:20:28,107.88,43.22
2026-09-10T03:20:29,108.09,43.43
2026-09-10T03:20:30,108.59,43.92
2026-09-10T03:20:31,108.58,43.91
2026-09-10T03:20:32,108.05,43.39
2026-09-10T03:20:33,107.89,43.23
2026-09-10T03:20:34,108.44,43.77
2026-09-10T03:20:35,108.62,43.95
2026-09-10T03:20:36,108.23,43.57
2026-09-10T03:20:37,108.01,43.35
2026-09-10T03:20:38,108.14,43.48
2026-09-10T03:20:39,108.51,43.84
2026-09-10T03:20:40,108.82,44.15
2026-09-10T03:20:41,108.03,43.37
2026-09-10T03:20:42,108.44,43.77
2026-09-10T03:20:43,108.69,44.02
2026-09-10T03:20:44,109.34,44.66
2026-09-10T03:20:45,110.37,45.68
2026-09-10T03:20:46,111.15,46.45
2026-09-10T03:20:47,111.37,46.66
2026-09-10T03:20:48,110.39,45.7
2026-09-10T03:20:49,109.74,45.06
2026-09-10T03:20:50,108.98,44.31
2026-09-10T03:20:51,108.8,44.13
2026-09-10T03:20:52,108.86,44.19
2026-09-10T03:20:53,108.31,43.65
2026-09-10T03:20:54,108.32,43.66
2026-09-10T03:20:55,108.71,44.04
2026-09-10T03:20:56,108.11,43.45
2026-09-10T03:20:57,108.16,43.5
2026-09-10T03:20:58,108.33,43.67
2026-09-10T03:20:59,108.64,43.98
2026-09-10T03:21:00,107.94,43.28
2026-09-10T03:21:01,107.67,43.02
2026-09-10T03:21:02,107.98,43.32
2026-09-10T03:21:03,108.94,44.26
2026-09-10T03:21:04,108.68,44.02
2026-09-10T03:21:05,108.58,43.92
2026-09-10T03:21:06,108.39,43.73
2026-09-10T03:21:07,108.41,43.74
2026-09-10T03:21:08,109.0,44.33
2026-09-10T03:21:09,108.26,43.6
2026-09-10T03:21:10,108.27,43.61
2026-09-10T03:21:11,107.97,43.31
2026-09-10T03:21:12,108.44,43.78
2026-09-10T03:21:13,108.18,43.52
2026-09-10T03:21:14,107.38,42.73
2026-09-10T03:21:15,108.18,43.52
2026-09-10T03:21:16,107.33,42.68
2026-09-10T03:21:17,108.34,43.68
2026-09-10T03:21:18,108.02,43.36
2026-09-10T03:21:19,108.06,43.4
2026-09-10T03:21:20,107.91,43.25
2026-09-10T03:21:21,108.34,43.68
2026-09-10T03:21:22,108.51,43.84
2026-09-10T03:21:23,108.04,43.38
2026-09-10T03:21:24,108.26,43.59
2026-09-10T03:21:25,107.89,43.24
2026-09-10T03:21:26,107.6,42.95
2026-09-10T03:21:27,108.34,43.68
2026-09-10T03:21:28,107.37,42.72
2026-09-10T03:21:29,108.17,43.51
2026-09-10T03:21:30,108.35,43.69
2026-09-10T03:21:31,108.01,43.35
2026-09-10T03:21:32,108.73,44.07
2026-09-10T03:21:33,107.68,43.02
2026-09-10T03:21:34,108.06,43.4
2026-09-10T03:21:35,108.29,43.63
2026-09-10T03:21:36,108.35,43.69
2026-09-10T03:21:37,108.24,43.58
2026-09-10T03:21:38,108.01,43.35
2026-09-10T03:21:39,108.16,43.5
2026-09-10T03:21:40,108.35,43.68
2026-09-10T03:21:41,109.24,44.56
2026-09-10T03:21:42,108.05,43.39
2026-09-10T03:21:43,107.95,43.29
2026-09-10T03:21:44,107.95,43.29
2026-09-10T03:21:45,108.23,43.57
2026-09-10T03:21:46,108.78,44.11
2026-09-10T03:21:47,108.63,43.96
2026-09-10T03:21:48,108.01,43.35
2026-09-10T03:21:49,108.39,43.72
2026-09-10T03:21:50,108.77,44.1
2026-09-10T03:21:51,108.81,44.14
2026-09-10T03:21:52,108.4,43.74
2026-09-10T03:21:53,108.24,43.57
2026-09-10T03:21:54,107.77,43.11
2026-09-10T03:21:55,108.51,43.85
2026-09-10T03:21:56,107.86,43.2
2026-09-10T03:21:57,108.29,43.63
2026-09-10T03:21:58,107.99,43.33
2026-09-10T03:21:59,108.05,43.39
2026-09-10T03:22:00,107.94,43.28
2026-09-10T03:22:01,108.2,43.53
2026-09-10T03:22:02,107.72,43.07
2026-09-10T03:22:03,107.82,43.17
2026-09-10T03:22:04,108.22,43.56
2026-09-10T03:22:05,108.51,43.85
2026-09-10T03:22:06,108.27,43.6
2026-09-10T03:22:07,108.03,43.37
2026-09-10T03:22:08,108.08,43.42
2026-09-10T03:22:09,107.88,43.22
2026-09-10T03:22:10,108.61,43.94
2026-09-10T03:22:11,108.13,43.47
2026-09-10T03:22:12,108.27,43.61
2026-09-10T03:22:13,108.35,43.68
2026-09-10T03:22:14,108.14,43.48
2026-09-10T03:22:15,108.95,44.28
2026-09-10T03:22:16,108.18,43.52
2026-09-10T03:22:17,108.08,43.42
2026-09-10T03:22:18,108.25,43.58
2026-09-10T03:22:19,108.49,43.83
2026-09-10T03:22:20,108.44,43.78
2026-09-10T03:22:21,107.73,43.08
2026-09-10T03:22:22,108.14,43.48
2026-09-10T03:22:23,108.4,43.73
2026-09-10T03:22:24,108.11,43.45
2026-09-10T03:22:25,108.29,43.63
2026-09-10T03:22:26,108.42,43.76
2026-09-10T03:22:27,107.86,43.2
2026-09-10T03:22:28,108.07,43.41
2026-09-10T03:22:29,108.2,43.54
2026-09-10T03:22:30,107.88,43.22
2026-09-10T03:22:31,108.19,43.52
2026-09-10T03:22:32,108.29,43.62
2026-09-10T03:22:33,108.32,43.66
2026-09-10T03:22:34,108.24,43.58
2026-09-10T03:22:35,108.42,43.75
2026-09-10T03:22:36,108.32,43.66
2026-09-10T03:22:37,108.81,44.14
2026-09-10T03:22:38,108.63,43.96
2026-09-10T03:22:39,108.01,43.36
2026-09-10T03:22:40,107.86,43.21
2026-09-10T03:22:41,108.32,43.66
2026-09-10T03:22:42,108.5,43.83
2026-09-10T03:22:43,108.54,43.87
2026-09-10T03:22:44,108.65,43.98
2026-09-10T03:22:45,108.2,43.54
2026-09-10T03:22:46,108.64,43.97
2026-09-10T03:22:47,108.48,43.82
2026-09-10T03:22:48,108.19,43.53
2026-09-10T03:22:49,108.51,43.84
2026-09-10T03:22:50,108.22,43.56
2026-09-10T03:22:51,108.51,43.84
2026-09-10T03:22:52,108.04,43.38
2026-09-10T03:22:53,107.8,43.15
2026-09-10T03:22:54,108.19,43.53
2026-09-10T03:22:55,108.42,43.75
2026-09-10T03:22:56,108.65,43.99
2026-09-10T03:22:57,108.24,43.58
2026-09-10T03:22:58,108.18,43.52
2026-09-10T03:22:59,107.97,43.31
2026-09-10T03:23:00,108.67,44.0
2026-09-10T03:23:01,108.45,43.79
2026-09-10T03:23:02,107.73,43.08
2026-09-10T03:23:03,107.83,43.17
2026-09-10T03:23:04,109.04,44.37
2026-09-10T03:23:05,109.22,44.54
2026-09-10T03:23:06,108.08,43.42
2026-09-10T03:23:07,108.15,43.49
2026-09-10T03:23:08,108.09,43.43
2026-09-10T03:23:09,108.76,44.09
2026-09-10T03:23:10,108.09,43.43
2026-09-10T03:23:11,108.31,43.65
2026-09-10T03:23:12,108.05,43.39
2026-09-10T03:23:13,108.28,43.61
2026-09-10T03:23:14,108.67,44.0
2026-09-10T03:23:15,107.78,43.12
2026-09-10T03:23:16,107.86,43.2
2026-09-10T03:23:17,107.75,43.1
2026-09-10T03:23:18,108.45,43.79
2026-09-10T03:23:19,108.27,43.61
2026-09-10T03:23:20,108.06,43.4
2026-09-10T03:23:21,107.98,43.32
2026-09-10T03:23:22,108.4,43.73
2026-09-10T03:23:23,108.86,44.19
2026-09-10T03:23:24,108.35,43.69
2026-09-10T03:23:25,107.35,42.71
2026-09-10T03:23:26,108.2,43.54
2026-09-10T03:23:27,108.23,43.57
2026-09-10T03:23:28,108.38,43.71
2026-09-10T03:23:29,108.25,43.58
2026-09-10T03:23:30,108.17,43.5
2026-09-10T03:23:31,108.34,43.68
2026-09-10T03:23:32,108.8,44.13
2026-09-10T03:23:33,108.51,43.85
2026-09-10T03:23:34,107.85,43.2
2026-09-10T03:23:35,108.03,43.37
2026-09-10T03:23:36,108.37,43.71
2026-09-10T03:23:37,108.42,43.76
2026-09-10T03:23:38,108.28,43.61
2026-09-10T03:23:39,108.53,43.86
2026-09-10T03:23:40,108.02,43.37
2026-09-10T03:23:41,108.27,43.6
2026-09-10T03:23:42,108.43,43.77
2026-09-10T03:23:43,108.74,44.08
2026-09-10T03:23:44,108.05,43.39
2026-09-10T03:23:45,108.27,43.61
2026-09-10T03:23:46,108.26,43.6
2026-09-10T03:23:47,109.07,44.4
2026-09-10T03:23:48,108.37,43.71
2026-09-10T03:23:49,108.47,43.8
2026-09-10T03:23:50,107.83,43.18
2026-09-10T03:23:51,108.25,43.59
2026-09-10T03:23:52,108.77,44.1
2026-09-10T03:23:53,108.2,43.54
2026-09-10T03:23:54,107.71,43.06
2026-09-10T03:23:55,108.1,43.44
2026-09-10T03:23:56,108.23,43.57
2026-09-10T03:23:57,108.18,43.52
2026-09-10T03:23:58,108.18,43.52
2026-09-10T03:23:59,108.32,43.66
2026-09-10T03:24:00,107.87,43.21
2026-09-10T03:24:01,108.59,43.92
2026-09-10T03:24:02,108.61,43.94
2026-09-10T03:24:03,107.93,43.28
2026-09-10T03:24:04,108.44,43.78
2026-09-10T03:24:05,108.22,43.56
2026-09-10T03:24:06,108.06,43.4
2026-09-10T03:24:07,108.04,43.38
2026-09-10T03:24:08,107.74,43.09
2026-09-10T03:24:09,108.39,43.72
2026-09-10T03:24:10,107.59,42.93
2026-09-10T03:24:11,108.16,43.5
2026-09-10T03:24:12,108.51,43.84
2026-09-10T03:24:13,108.74,44.08
2026-09-10T03:24:14,108.09,43.43
2026-09-10T03:24:15,108.53,43.87
2026-09-10T03:24:16,108.09,43.43
2026-09-10T03:24:17,108.92,44.25
2026-09-10T03:24:18,107.95,43.3
2026-09-10T03:24:19,107.57,42.91
2026-09-10T03:24:20,107.82,43.16
2026-09-10T03:24:21,108.17,43.51
2026-09-10T03:24:22,108.58,43.91
2026-09-10T03:24:23,108.31,43.64
2026-09-10T03:24:24,107.83,43.17
2026-09-10T03:24:25,108.48,43.82
2026-09-10T03:24:26,108.34,43.68
2026-09-10T03:24:27,108.63,43.97
2026-09-10T03:24:28,108.58,43.91
2026-09-10T03:24:29,107.85,43.19
2026-09-10T03:24:30,107.98,43.32
2026-09-10T03:24:31,108.12,43.46
2026-09-10T03:24:32,108.25,43.58
2026-09-10T03:24:33,108.42,43.76
2026-09-10T03:24:34,107.95,43.3
2026-09-10T03:24:35,108.35,43.69
2026-09-10T03:24:36,108.15,43.49
2026-09-10T03:24:37,108.53,43.86
2026-09-10T03:24:38,108.31,43.65
2026-09-10T03:24:39,108.02,43.36
2026-09-10T03:24:40,107.98,43.32
2026-09-10T03:24:41,108.09,43.43
2026-09-10T03:24:42,107.85,43.19
2026-09-10T03:24:43,108.34,43.68
2026-09-10T03:24:44,108.06,43.4
2026-09-10T03:24:45,108.52,43.85
2026-09-10T03:24:46,108.28,43.62
2026-09-10T03:24:47,108.03,43.37
2026-09-10T03:24:48,110.69,46.0
2026-09-10T03:24:49,107.4,42.75
2026-09-10T03:24:50,108.49,43.82
2026-09-10T03:24:51,108.13,43.47
2026-09-10T03:24:52,108.95,44.28
2026-09-10T03:24:53,108.38,43.71
2026-09-10T03:24:54,107.94,43.28
2026-09-10T03:24:55,108.11,43.45
2026-09-10T03:24:56,108.04,43.38
2026-09-10T03:24:57,108.73,44.06
2026-09-10T03:24:58,108.22,43.56
2026-09-10T03:24:59,108.27,43.61
2026-09-10T03:25:00,107.68,43.03
2026-09-10T03:25:01,108.02,43.36
2026-09-10T03:25:02,108.73,44.06
2026-09-10T03:25:03,108.06,43.4
2026-09-10T03:25:04,108.08,43.42
2026-09-10T03:25:05,107.99,43.33
2026-09-10T03:25:06,108.29,43.63
2026-09-10T03:25:07,108.26,43.6
2026-09-10T03:25:08,108.16,43.5
2026-09-10T03:25:09,108.19,43.53
2026-09-10T03:25:10,108.31,43.65
2026-09-10T03:25:11,108.16,43.5
2026-09-10T03:25:12,108.54,43.87
2026-09-10T03:25:13,107.99,43.33
2026-09-10T03:25:14,108.22,43.55
2026-09-10T03:25:15,108.59,43.92
2026-09-10T03:25:16,108.05,43.39
2026-09-10T03:25:17,107.89,43.23
2026-09-10T03:25:18,108.36,43.69
2026-09-10T03:25:19,108.74,44.07
2026-09-10T03:25:20,108.39,43.73
2026-09-10T03:25:21,108.59,43.92
2026-09-10T03:25:22,108.67,44.01
2026-09-10T03:25:23,107.88,43.23
2026-09-10T03:25:24,108.23,43.56
2026-09-10T03:25:25,108.39,43.73
2026-09-10T03:25:26,107.94,43.28
2026-09-10T03:25:27,108.37,43.71
2026-09-10T03:25:28,108.23,43.57
2026-09-10T03:25:29,107.91,43.25
2026-09-10T03:25:30,108.57,43.91
2026-09-10T03:25:31,107.99,43.33
2026-09-10T03:25:32,107.92,43.26
2026-09-10T03:25:33,108.42,43.75
2026-09-10T03:25:34,108.17,43.51
2026-09-10T03:25:35,108.11,43.45
2026-09-10T03:25:36,108.13,43.47
2026-09-10T03:25:37,108.55,43.89
2026-09-10T03:25:38,108.54,43.87
2026-09-10T03:25:39,107.82,43.17
2026-09-10T03:25:40,108.63,43.96
2026-09-10T03:25:41,107.93,43.27
2026-09-10T03:25:42,108.18,43.52
2026-09-10T03:25:43,107.62,42.96
2026-09-10T03:25:44,107.95,43.3
2026-09-10T03:25:45,107.92,43.27
2026-09-10T03:25:46,107.67,43.01
2026-09-10T03:25:47,108.13,43.47
2026-09-10T03:25:48,108.23,43.57
2026-09-10T03:25:49,108.62,43.95
2026-09-10T03:25:50,108.08,43.42
2026-09-10T03:25:51,107.86,43.21
2026-09-10T03:25:52,108.55,43.89
2026-09-10T03:25:53,108.29,43.62
2026-09-10T03:25:54,107.72,43.06
2026-09-10T03:25:55,108.25,43.59
2026-09-10T03:25:56,108.12,43.46
2026-09-10T03:25:57,108.64,43.98
2026-09-10T03:25:58,108.17,43.51
2026-09-10T03:25:59,108.02,43.36
2026-09-10T03:26:00,108.16,43.5
2026-09-10T03:26:01,108.09,43.43
2026-09-10T03:26:02,108.72,44.05
2026-09-10T03:26:03,108.27,43.61
2026-09-10T03:26:04,108.69,44.02
2026-09-10T03:26:05,107.79,43.13
2026-09-10T03:26:06,108.22,43.56
2026-09-10T03:26:07,108.72,44.05
2026-09-10T03:26:08,108.27,43.61
2026-09-10T03:26:09,108.46,43.79
2026-09-10T03:26:10,108.27,43.61
2026-09-10T03:26:11,108.16,43.5
2026-09-10T03:26:12,108.08,43.42
2026-09-10T03:26:13,108.24,43.58
2026-09-10T03:26:14,107.8,43.14
2026-09-10T03:26:15,108.15,43.49
2026-09-10T03:26:16,109.03,44.36
2026-09-10T03:26:17,108.7,44.03
2026-09-10T03:26:18,108.61,43.94
2026-09-10T03:26:19,108.47,43.8
2026-09-10T03:26:20,108.24,43.58
2026-09-10T03:26:21,108.63,43.96
2026-09-10T03:26:22,108.07,43.41
2026-09-10T03:26:23,108.2,43.53
2026-09-10T03:26:24,107.72,43.06
2026-09-10T03:26:25,107.94,43.28
2026-09-10T03:26:26,108.56,43.89
2026-09-10T03:26:27,108.38,43.71
2026-09-10T03:26:28,108.05,43.39
2026-09-10T03:26:29,108.32,43.66
2026-09-10T03:26:30,108.48,43.81
2026-09-10T03:26:31,108.77,44.11
2026-09-10T03:26:32,107.88,43.22
2026-09-10T03:26:33,108.21,43.55
2026-09-10T03:26:34,108.25,43.59
2026-09-10T03:26:35,108.29,43.63
2026-09-10T03:26:36,108.97,44.3
2026-09-10T03:26:37,108.12,43.46
2026-09-10T03:26:38,108.16,43.5
2026-09-10T03:26:39,108.2,43.54
2026-09-10T03:26:40,108.42,43.76
2026-09-10T03:26:41,108.33,43.67
2026-09-10T03:26:42,108.17,43.51
2026-09-10T03:26:43,107.92,43.27
2026-09-10T03:26:44,107.7,43.05
2026-09-10T03:26:45,108.71,44.04
2026-09-10T03:26:46,108.52,43.85
2026-09-10T03:26:47,108.12,43.46
2026-09-10T03:26:48,108.17,43.51
2026-09-10T03:26:49,108.33,43.67
2026-09-10T03:26:50,107.81,43.15
2026-09-10T03:26:51,107.91,43.25
2026-09-10T03:26:52,107.92,43.27
2026-09-10T03:26:53,108.02,43.36
2026-09-10T03:26:54,108.53,43.86
2026-09-10T03:26:55,108.8,44.13
2026-09-10T03:26:56,108.06,43.4
2026-09-10T03:26:57,108.08,43.42
2026-09-10T03:26:58,108.29,43.63
2026-09-10T03:26:59,108.11,43.45
2026-09-10T03:27:00,108.29,43.62
2026-09-10T03:27:01,107.77,43.11
2026-09-10T03:27:02,108.32,43.66
2026-09-10T03:27:03,107.87,43.21
2026-09-10T03:27:04,109.0,44.33
2026-09-10T03:27:05,108.19,43.53
2026-09-10T03:27:06,107.92,43.26
2026-09-10T03:27:07,107.84,43.18
2026-09-10T03:27:08,108.35,43.68
2026-09-10T03:27:09,108.66,43.99
2026-09-10T03:27:10,108.08,43.42
2026-09-10T03:27:11,108.72,44.05
2026-09-10T03:27:12,108.31,43.65
2026-09-10T03:27:13,108.29,43.63
2026-09-10T03:27:14,108.54,43.87
2026-09-10T03:27:15,108.22,43.56
2026-09-10T03:27:16,108.21,43.55
2026-09-10T03:27:17,107.93,43.27
2026-09-10T03:27:18,108.71,44.04
2026-09-10T03:27:19,108.0,43.34
2026-09-10T03:27:20,107.6,42.95
2026-09-10T03:27:21,108.56,43.9
2026-09-10T03:27:22,107.94,43.28
2026-09-10T03:27:23,108.49,43.83
2026-09-10T03:27:24,108.58,43.92
2026-09-10T03:27:25,108.5,43.83
2026-09-10T03:27:26,108.14,43.48
2026-09-10T03:27:27,108.55,43.88
2026-09-10T03:27:28,108.1,43.44
2026-09-10T03:27:29,108.51,43.84
2026-09-10T03:27:30,108.19,43.53
2026-09-10T03:27:31,108.18,43.52
2026-09-10T03:27:32,107.93,43.27
2026-09-10T03:27:33,108.41,43.75
2026-09-10T03:27:34,108.49,43.82
2026-09-10T03:27:35,107.87,43.21
2026-09-10T03:27:36,108.18,43.52
2026-09-10T03:27:37,108.08,43.42
2026-09-10T03:27:38,108.07,43.41
2026-09-10T03:27:39,108.09,43.43
2026-09-10T03:27:40,108.15,43.49
2026-09-10T03:27:41,107.95,43.29
2026-09-10T03:27:42,107.68,43.03
2026-09-10T03:27:43,108.31,43.65
2026-09-10T03:27:44,108.34,43.68
2026-09-10T03:27:45,108.39,43.72
2026-09-10T03:27:46,107.73,43.07
2026-09-10T03:27:47,108.05,43.39
2026-09-10T03:27:48,108.32,43.65
2026-09-10T03:27:49,108.56,43.9
2026-09-10T03:27:50,107.95,43.29
2026-09-10T03:27:51,108.21,43.55
2026-09-10T03:27:52,108.5,43.84
2026-09-10T03:27:53,107.89,43.23
2026-09-10T03:27:54,108.33,43.67
2026-09-10T03:27:55,108.46,43.8
2026-09-10T03:27:56,108.14,43.48
2026-09-10T03:27:57,107.8,43.15
2026-09-10T03:27:58,108.33,43.66
2026-09-10T03:27:59,108.18,43.52
2026-09-10T03:28:00,108.05,43.4
2026-09-10T03:28:01,108.19,43.53
2026-09-10T03:28:02,107.93,43.27
2026-09-10T03:28:03,108.27,43.61
2026-09-10T03:28:04,108.41,43.74
2026-09-10T03:28:05,108.14,43.48
2026-09-10T03:28:06,108.14,43.48
2026-09-10T03:28:07,107.78,43.12
2026-09-10T03:28:08,108.14,43.48
2026-09-10T03:28:09,108.45,43.79
2026-09-10T03:28:10,108.04,43.38
2026-09-10T03:28:11,108.01,43.35
2026-09-10T03:28:12,108.05,43.39
2026-09-10T03:28:13,108.24,43.58
2026-09-10T03:28:14,108.68,44.01
2026-09-10T03:28:15,108.43,43.77
2026-09-10T03:28:16,108.13,43.47
2026-09-10T03:28:17,108.67,44.01
2026-09-10T03:28:18,108.15,43.49
2026-09-10T03:28:19,108.45,43.78
2026-09-10T03:28:20,108.09,43.43
2026-09-10T03:28:21,107.92,43.27
2026-09-10T03:28:22,108.67,44.0
2026-09-10T03:28:23,108.03,43.38
2026-09-10T03:28:24,108.61,43.94
2026-09-10T03:28:25,108.2,43.54
2026-09-10T03:28:26,108.29,43.62
2026-09-10T03:28:27,108.71,44.04
2026-09-10T03:28:28,108.31,43.65
2026-09-10T03:28:29,107.78,43.13
2026-09-10T03:28:30,108.27,43.6
2026-09-10T03:28:31,107.88,43.23
2026-09-10T03:28:32,108.21,43.55
2026-09-10T03:28:33,108.41,43.75
2026-09-10T03:28:34,108.38,43.71
2026-09-10T03:28:35,107.96,43.3
2026-09-10T03:28:36,108.27,43.6
2026-09-10T03:28:37,108.31,43.65
2026-09-10T03:28:38,107.77,43.11
2026-09-10T03:28:39,108.17,43.51
2026-09-10T03:28:40,107.91,43.25
2026-09-10T03:28:41,108.64,43.98
2026-09-10T03:28:42,108.06,43.4
2026-09-10T03:28:43,107.74,43.09
2026-09-10T03:28:44,108.09,43.43
2026-09-10T03:28:45,108.06,43.4
2026-09-10T03:28:46,108.6,43.94
2026-09-10T03:28:47,107.95,43.29
2026-09-10T03:28:48,108.02,43.37
2026-09-10T03:28:49,107.69,43.04
2026-09-10T03:28:50,108.32,43.66
2026-09-10T03:28:51,107.84,43.19
2026-09-10T03:28:52,107.96,43.31
2026-09-10T03:28:53,108.32,43.65
2026-09-10T03:28:54,107.35,42.7
2026-09-10T03:28:55,107.75,43.09
2026-09-10T03:28:56,108.35,43.68
2026-09-10T03:28:57,108.03,43.37
2026-09-10T03:28:58,108.16,43.5
2026-09-10T03:28:59,107.78,43.12
2026-09-10T03:29:00,107.97,43.31
2026-09-10T03:29:01,108.11,43.45
2026-09-10T03:29:02,107.98,43.32
2026-09-10T03:29:03,108.23,43.57
2026-09-10T03:29:04,108.21,43.55
2026-09-10T03:29:05,108.18,43.52
2026-09-10T03:29:06,107.91,43.25
2026-09-10T03:29:07,108.08,43.42
2026-09-10T03:29:08,107.89,43.23
2026-09-10T03:29:09,107.88,43.23
2026-09-10T03:29:10,107.68,43.03
2026-09-10T03:29:11,108.2,43.54
2026-09-10T03:29:12,108.34,43.68
2026-09-10T03:29:13,108.05,43.39
2026-09-10T03:29:14,108.28,43.62
2026-09-10T03:29:15,108.0,43.34
2026-09-10T03:29:16,108.17,43.51
2026-09-10T03:29:17,108.45,43.79
2026-09-10T03:29:18,108.28,43.61
2026-09-10T03:29:19,108.03,43.37
2026-09-10T03:29:20,107.82,43.16
2026-09-10T03:29:21,107.76,43.1
2026-09-10T03:29:22,108.04,43.38
2026-09-10T03:29:23,108.46,43.8
2026-09-10T03:29:24,107.93,43.28
2026-09-10T03:29:25,107.98,43.32
2026-09-10T03:29:26,107.72,43.06
2026-09-10T03:29:27,108.46,43.79
2026-09-10T03:29:28,108.0,43.34
2026-09-10T03:29:29,108.08,43.42
2026-09-10T03:29:30,108.08,43.42
2026-09-10T03:29:31,108.13,43.47
2026-09-10T03:29:32,108.37,43.71
2026-09-10T03:29:33,108.03,43.37
2026-09-10T03:29:34,107.95,43.3
2026-09-10T03:29:35,108.22,43.56
2026-09-10T03:29:36,108.62,43.95
2026-09-10T03:29:37,108.68,44.02
2026-09-10T03:29:38,108.7,44.03
2026-09-10T03:29:39,107.77,43.12
2026-09-10T03:29:40,107.94,43.29
2026-09-10T03:29:41,108.29,43.62
2026-09-10T03:29:42,108.23,43.57
2026-09-10T03:29:43,107.93,43.27
2026-09-10T03:29:44,108.45,43.79
2026-09-10T03:29:45,107.88,43.22
2026-09-10T03:29:46,108.12,43.46
2026-09-10T03:29:47,108.15,43.49
2026-09-10T03:29:48,108.76,44.09
2026-09-10T03:29:49,109.68,45.0
2026-09-10T03:29:50,107.92,43.27
2026-09-10T03:29:51,108.05,43.39
2026-09-10T03:29:52,108.05,43.39
2026-09-10T03:29:53,108.27,43.6
2026-09-10T03:29:54,108.35,43.68
2026-09-10T03:29:55,108.11,43.45
2026-09-10T03:29:56,107.78,43.12
2026-09-10T03:29:57,108.55,43.88
2026-09-10T03:29:58,108.41,43.75
2026-09-10T03:29:59,108.16,43.49
2026-09-10T03:30:00,108.11,43.45
2026-09-10T03:30:01,108.34,43.67
2026-09-10T03:30:02,108.64,43.97
2026-09-10T03:30:03,108.56,43.89
2026-09-10T03:30:04,108.18,43.52
2026-09-10T03:30:05,108.22,43.55
2026-09-10T03:30:06,108.04,43.39
2026-09-10T03:30:07,108.6,43.93
2026-09-10T03:30:08,108.46,43.8
2026-09-10T03:30:09,108.26,43.59
2026-09-10T03:30:10,108.31,43.65
2026-09-10T03:30:11,107.99,43.34
2026-09-10T03:30:12,108.48,43.82
2026-09-10T03:30:13,107.97,43.31
2026-09-10T03:30:14,108.26,43.6
2026-09-10T03:30:15,107.65,43.0
2026-09-10T03:30:16,108.07,43.41
2026-09-10T03:30:17,108.53,43.86
2026-09-10T03:30:18,107.83,43.17
2026-09-10T03:30:19,108.19,43.53
2026-09-10T03:30:20,107.94,43.29
2026-09-10T03:30:21,108.49,43.82
2026-09-10T03:30:22,108.28,43.61
2026-09-10T03:30:23,108.19,43.52
2026-09-10T03:30:24,108.57,43.9
2026-09-10T03:30:25,108.57,43.91
2026-09-10T03:30:26,109.11,44.43
2026-09-10T03:30:27,110.28,45.59
2026-09-10T03:30:28,110.58,45.89
2026-09-10T03:30:29,111.0,46.3
2026-09-10T03:30:30,112.02,47.3
2026-09-10T03:30:31,112.27,47.55
2026-09-10T03:30:32,110.32,45.63
2026-09-10T03:30:33,109.74,45.06
2026-09-10T03:30:34,108.43,43.76
2026-09-10T03:30:35,108.4,43.74
2026-09-10T03:30:36,108.09,43.43
2026-09-10T03:30:37,108.68,44.02
2026-09-10T03:30:38,108.06,43.4
2026-09-10T03:30:39,107.92,43.27
2026-09-10T03:30:40,108.25,43.59
2026-09-10T03:30:41,108.52,43.85
2026-09-10T03:30:42,108.61,43.94
2026-09-10T03:30:43,108.43,43.77
2026-09-10T03:30:44,108.09,43.43
2026-09-10T03:30:45,107.92,43.26
2026-09-10T03:30:46,107.71,43.05
2026-09-10T03:30:47,108.63,43.96
2026-09-10T03:30:48,107.81,43.16
2026-09-10T03:30:49,108.23,43.57
2026-09-10T03:30:50,108.32,43.66
2026-09-10T03:30:51,107.85,43.19
2026-09-10T03:30:52,108.42,43.75
2026-09-10T03:30:53,108.52,43.86
2026-09-10T03:30:54,107.99,43.33
2026-09-10T03:30:55,108.47,43.8
2026-09-10T03:30:56,108.27,43.61
2026-09-10T03:30:57,108.25,43.59
2026-09-10T03:30:58,108.12,43.46
2026-09-10T03:30:59,108.34,43.67
2026-09-10T03:31:00,107.87,43.21
2026-09-10T03:31:01,107.85,43.2
2026-09-10T03:31:02,108.38,43.72
2026-09-10T03:31:03,108.09,43.43
2026-09-10T03:31:04,108.16,43.5
2026-09-10T03:31:05,107.89,43.23
2026-09-10T03:31:06,108.57,43.91
2026-09-10T03:31:07,108.42,43.75
2026-09-10T03:31:08,107.96,43.3
2026-09-10T03:31:09,108.14,43.48
2026-09-10T03:31:10,108.31,43.64
2026-09-10T03:31:11,108.7,44.03
2026-09-10T03:31:12,108.24,43.58
2026-09-10T03:31:13,108.14,43.47
2026-09-10T03:31:14,107.86,43.21
2026-09-10T03:31:15,108.19,43.53
2026-09-10T03:31:16,108.52,43.85
2026-09-10T03:31:17,107.86,43.2
2026-09-10T03:31:18,108.4,43.73
2026-09-10T03:31:19,108.21,43.55
2026-09-10T03:31:20,108.64,43.98
2026-09-10T03:31:21,108.51,43.84
2026-09-10T03:31:22,108.05,43.39
2026-09-10T03:31:23,107.7,43.05
2026-09-10T03:31:24,108.29,43.63
2026-09-10T03:31:25,108.35,43.69
2026-09-10T03:31:26,108.32,43.65
2026-09-10T03:31:27,108.29,43.63
2026-09-10T03:31:28,107.96,43.3
2026-09-10T03:31:29,108.07,43.41
2026-09-10T03:31:30,108.06,43.4
2026-09-10T03:31:31,107.64,42.99
2026-09-10T03:31:32,107.85,43.19
2026-09-10T03:31:33,108.7,44.03
2026-09-10T03:31:34,108.4,43.74
2026-09-10T03:31:35,108.48,43.81
2026-09-10T03:31:36,107.65,42.99
2026-09-10T03:31:37,108.04,43.38
2026-09-10T03:31:38,108.93,44.26
2026-09-10T03:31:39,108.46,43.8
2026-09-10T03:31:40,108.1,43.44
2026-09-10T03:31:41,108.04,43.38
2026-09-10T03:31:42,108.17,43.51
2026-09-10T03:31:43,108.04,43.38
2026-09-10T03:31:44,107.84,43.19
2026-09-10T03:31:45,108.03,43.37
2026-09-10T03:31:46,108.19,43.53
2026-09-10T03:31:47,108.01,43.35
2026-09-10T03:31:48,108.12,43.46
2026-09-10T03:31:49,108.38,43.71
2026-09-10T03:31:50,107.8,43.15
2026-09-10T03:31:51,107.79,43.14
2026-09-10T03:31:52,108.39,43.73
2026-09-10T03:31:53,108.19,43.53
2026-09-10T03:31:54,108.25,43.59
2026-09-10T03:31:55,108.01,43.36
2026-09-10T03:31:56,107.62,42.96
2026-09-10T03:31:57,107.96,43.31
2026-09-10T03:31:58,107.88,43.23
2026-09-10T03:31:59,108.11,43.45
2026-09-10T03:32:00,108.36,43.7
2026-09-10T03:32:01,107.98,43.32
2026-09-10T03:32:02,108.04,43.38
2026-09-10T03:32:03,108.33,43.67
2026-09-10T03:32:04,108.25,43.59
2026-09-10T03:32:05,108.13,43.47
2026-09-10T03:32:06,107.78,43.12
2026-09-10T03:32:07,108.09,43.43
2026-09-10T03:32:08,108.42,43.76
2026-09-10T03:32:09,108.82,44.15
2026-09-10T03:32:10,107.84,43.19
2026-09-10T03:32:11,108.38,43.72
2026-09-10T03:32:12,108.33,43.67
2026-09-10T03:32:13,107.71,43.06
2026-09-10T03:32:14,108.27,43.6
2026-09-10T03:32:15,107.87,43.21
2026-09-10T03:32:16,107.98,43.33
2026-09-10T03:32:17,107.75,43.09
2026-09-10T03:32:18,107.95,43.3
2026-09-10T03:32:19,108.18,43.52
2026-09-10T03:32:20,108.11,43.45
2026-09-10T03:32:21,108.42,43.76
2026-09-10T03:32:22,108.5,43.84
2026-09-10T03:32:23,107.78,43.12
2026-09-10T03:32:24,108.44,43.77
2026-09-10T03:32:25,108.67,44.0
2026-09-10T03:32:26,108.21,43.55
2026-09-10T03:32:27,108.72,44.06
2026-09-10T03:32:28,108.51,43.84
2026-09-10T03:32:29,108.67,44.0
2026-09-10T03:32:30,108.21,43.54
2026-09-10T03:32:31,108.32,43.66
2026-09-10T03:32:32,108.53,43.86
2026-09-10T03:32:33,107.85,43.2
2026-09-10T03:32:34,107.82,43.17
2026-09-10T03:32:35,108.42,43.76
2026-09-10T03:32:36,108.66,43.99
2026-09-10T03:32:37,108.15,43.49
2026-09-10T03:32:38,108.26,43.6
2026-09-10T03:32:39,108.35,43.69
2026-09-10T03:32:40,108.4,43.74
2026-09-10T03:32:41,108.11,43.45
2026-09-10T03:32:42,108.08,43.42
2026-09-10T03:32:43,108.03,43.37
2026-09-10T03:32:44,108.13,43.47
2026-09-10T03:32:45,107.97,43.32
2026-09-10T03:32:46,108.21,43.55
2026-09-10T03:32:47,108.47,43.81
2026-09-10T03:32:48,108.3,43.63
2026-09-10T03:32:49,108.17,43.5
2026-09-10T03:32:50,108.39,43.72
2026-09-10T03:32:51,108.33,43.67
2026-09-10T03:32:52,108.21,43.55
2026-09-10T03:32:53,108.01,43.35
2026-09-10T03:32:54,108.23,43.56
2026-09-10T03:32:55,108.77,44.1
2026-09-10T03:32:56,107.67,43.02
2026-09-10T03:32:57,107.7,43.05
2026-09-10T03:32:58,107.97,43.31
2026-09-10T03:32:59,108.14,43.48
2026-09-10T03:33:00,108.15,43.49
2026-09-10T03:33:01,107.85,43.2
2026-09-10T03:33:02,108.55,43.89
2026-09-10T03:33:03,108.04,43.38
2026-09-10T03:33:04,108.27,43.61
2026-09-10T03:33:05,107.57,42.92
2026-09-10T03:33:06,107.94,43.28
2026-09-10T03:33:07,108.4,43.73
2026-09-10T03:33:08,108.45,43.79
2026-09-10T03:33:09,108.04,43.38
2026-09-10T03:33:10,108.65,43.98
2026-09-10T03:33:11,108.15,43.49
2026-09-10T03:33:12,107.93,43.27
2026-09-10T03:33:13,108.18,43.52
2026-09-10T03:33:14,108.23,43.56
2026-09-10T03:33:15,108.05,43.39
2026-09-10T03:33:16,108.2,43.54
2026-09-10T03:33:17,107.68,43.03
2026-09-10T03:33:18,107.71,43.06
2026-09-10T03:33:19,108.5,43.83
2026-09-10T03:33:20,108.14,43.48
2026-09-10T03:33:21,107.73,43.08
2026-09-10T03:33:22,108.21,43.55
2026-09-10T03:33:23,107.98,43.32
2026-09-10T03:33:24,108.15,43.49
2026-09-10T03:33:25,107.95,43.29
2026-09-10T03:33:26,107.95,43.29
2026-09-10T03:33:27,108.38,43.72
2026-09-10T03:33:28,108.31,43.64
2026-09-10T03:33:29,108.19,43.53
2026-09-10T03:33:30,108.28,43.62
2026-09-10T03:33:31,108.29,43.63
2026-09-10T03:33:32,107.99,43.33
2026-09-10T03:33:33,108.18,43.52
2026-09-10T03:33:34,107.87,43.21
2026-09-10T03:33:35,107.61,42.95
2026-09-10T03:33:36,107.88,43.22
2026-09-10T03:33:37,108.25,43.59
2026-09-10T03:33:38,108.1,43.44
2026-09-10T03:33:39,108.04,43.38
2026-09-10T03:33:40,108.11,43.45
2026-09-10T03:33:41,108.26,43.6
2026-09-10T03:33:42,107.5,42.84
2026-09-10T03:33:43,108.01,43.35
2026-09-10T03:33:44,107.84,43.18
2026-09-10T03:33:45,108.07,43.41
2026-09-10T03:33:46,107.79,43.14
2026-09-10T03:33:47,108.1,43.44
2026-09-10T03:33:48,108.05,43.39
2026-09-10T03:33:49,108.71,44.04
2026-09-10T03:33:50,108.31,43.65
2026-09-10T03:33:51,108.33,43.66
2026-09-10T03:33:52,107.92,43.26
2026-09-10T03:33:53,108.65,43.98
2026-09-10T03:33:54,108.21,43.54
2026-09-10T03:33:55,108.13,43.47
2026-09-10T03:33:56,108.27,43.61
2026-09-10T03:33:57,107.76,43.11
2026-09-10T03:33:58,107.78,43.12
2026-09-10T03:33:59,108.07,43.41
2026-09-10T03:34:00,107.89,43.23
2026-09-10T03:34:01,108.08,43.42
2026-09-10T03:34:02,107.85,43.19
2026-09-10T03:34:03,108.36,43.69
2026-09-10T03:34:04,107.93,43.27
2026-09-10T03:34:05,108.16,43.5
2026-09-10T03:34:06,108.18,43.52
2026-09-10T03:34:07,108.38,43.72
2026-09-10T03:34:08,107.96,43.3
2026-09-10T03:34:09,108.11,43.45
2026-09-10T03:34:10,108.39,43.72
2026-09-10T03:34:11,108.01,43.35
2026-09-10T03:34:12,107.92,43.26
2026-09-10T03:34:13,108.72,44.05
2026-09-10T03:34:14,108.12,43.46
2026-09-10T03:34:15,107.87,43.22
2026-09-10T03:34:16,107.98,43.32
2026-09-10T03:34:17,108.37,43.71
2026-09-10T03:34:18,108.01,43.35
2026-09-10T03:34:19,108.42,43.75
2026-09-10T03:34:20,107.79,43.13
2026-09-10T03:34:21,108.01,43.35
2026-09-10T03:34:22,107.67,43.02
2026-09-10T03:34:23,107.95,43.29
2026-09-10T03:34:24,107.94,43.28
2026-09-10T03:34:25,108.27,43.61
2026-09-10T03:34:26,108.25,43.59
2026-09-10T03:34:27,108.16,43.5
2026-09-10T03:34:28,108.07,43.41
2026-09-10T03:34:29,108.38,43.72
2026-09-10T03:34:30,107.92,43.27
2026-09-10T03:34:31,108.25,43.59
2026-09-10T03:34:32,107.94,43.28
2026-09-10T03:34:33,107.98,43.32
2026-09-10T03:34:34,108.6,43.94
2026-09-10T03:34:35,107.99,43.33
2026-09-10T03:34:36,108.11,43.45
2026-09-10T03:34:37,107.61,42.96
2026-09-10T03:34:38,107.96,43.3
2026-09-10T03:34:39,107.71,43.05
2026-09-10T03:34:40,107.94,43.29
2026-09-10T03:34:41,108.23,43.57
2026-09-10T03:34:42,108.21,43.55
2026-09-10T03:34:43,108.03,43.37
2026-09-10T03:34:44,108.75,44.08
2026-09-10T03:34:45,108.45,43.78
2026-09-10T03:34:46,108.52,43.85
2026-09-10T03:34:47,108.26,43.6
2026-09-10T03:34:48,108.51,43.84
2026-09-10T03:34:49,110.28,45.59
2026-09-10T03:34:50,109.64,44.96
2026-09-10T03:34:51,108.62,43.95
2026-09-10T03:34:52,109.57,44.89
2026-09-10T03:34:53,110.49,45.8
2026-09-10T03:34:54,113.09,48.36
2026-09-10T03:34:55,111.71,47.0
2026-09-10T03:34:56,110.4,45.71
2026-09-10T03:34:57,109.4,44.72
2026-09-10T03:34:58,108.94,44.27
2026-09-10T03:34:59,107.83,43.18
2026-09-10T03:35:00,109.04,44.37
2026-09-10T03:35:01,108.15,43.49
2026-09-10T03:35:02,108.2,43.54
2026-09-10T03:35:03,108.53,43.86
2026-09-10T03:35:04,108.29,43.63
2026-09-10T03:35:05,107.8,43.14
2026-09-10T03:35:06,107.89,43.23
2026-09-10T03:35:07,108.05,43.4
2026-09-10T03:35:08,108.28,43.62
2026-09-10T03:35:09,108.45,43.79
2026-09-10T03:35:10,108.77,44.1
2026-09-10T03:35:11,109.15,44.47
2026-09-10T03:35:12,109.93,45.24
2026-09-10T03:35:13,110.14,45.45
2026-09-10T03:35:14,110.08,45.39
2026-09-10T03:35:15,110.39,45.7
2026-09-10T03:35:16,109.68,45.0
2026-09-10T03:35:17,108.93,44.26
2026-09-10T03:35:18,108.53,43.87
2026-09-10T03:35:19,108.27,43.61
2026-09-10T03:35:20,107.94,43.28
2026-09-10T03:35:21,108.11,43.45
2026-09-10T03:35:22,108.48,43.81
2026-09-10T03:35:23,108.17,43.51
2026-09-10T03:35:24,108.41,43.74
2026-09-10T03:35:25,108.23,43.57
2026-09-10T03:35:26,107.87,43.21
2026-09-10T03:35:27,108.61,43.94
2026-09-10T03:35:28,108.25,43.59
2026-09-10T03:35:29,107.95,43.29
2026-09-10T03:35:30,108.06,43.4
2026-09-10T03:35:31,107.83,43.17
2026-09-10T03:35:32,108.25,43.59
2026-09-10T03:35:33,107.63,42.98
2026-09-10T03:35:34,107.93,43.27
2026-09-10T03:35:35,108.04,43.38
2026-09-10T03:35:36,108.14,43.48
2026-09-10T03:35:37,108.11,43.45
2026-09-10T03:35:38,108.3,43.63
2026-09-10T03:35:39,108.54,43.87
2026-09-10T03:35:40,108.14,43.48
2026-09-10T03:35:41,107.87,43.22
2026-09-10T03:35:42,108.17,43.51
2026-09-10T03:35:43,108.19,43.53
2026-09-10T03:35:44,107.58,42.93
2026-09-10T03:35:45,108.04,43.38
2026-09-10T03:35:46,108.58,43.91
2026-09-10T03:35:47,108.1,43.44
2026-09-10T03:35:48,108.55,43.89
2026-09-10T03:35:49,107.85,43.19
2026-09-10T03:35:50,108.16,43.5
2026-09-10T03:35:51,108.04,43.38
2026-09-10T03:35:52,108.18,43.51
2026-09-10T03:35:53,107.98,43.32
2026-09-10T03:35:54,108.73,44.06
2026-09-10T03:35:55,107.82,43.16
2026-09-10T03:35:56,107.81,43.15
2026-09-10T03:35:57,108.2,43.54
2026-09-10T03:35:58,107.35,42.7
2026-09-10T03:35:59,108.5,43.83
2026-09-10T03:36:00,108.26,43.6
2026-09-10T03:36:01,108.31,43.65
2026-09-10T03:36:02,108.2,43.54
2026-09-10T03:36:03,107.99,43.33
2026-09-10T03:36:04,107.94,43.28
2026-09-10T03:36:05,108.52,43.86
2026-09-10T03:36:06,107.86,43.2
2026-09-10T03:36:07,108.02,43.36
2026-09-10T03:36:08,107.95,43.29
2026-09-10T03:36:09,108.15,43.49
2026-09-10T03:36:10,108.13,43.47
2026-09-10T03:36:11,107.98,43.32
2026-09-10T03:36:12,107.89,43.24
2026-09-10T03:36:13,107.84,43.19
2026-09-10T03:36:14,107.85,43.19
2026-09-10T03:36:15,108.97,44.3
2026-09-10T03:36:16,107.94,43.29
2026-09-10T03:36:17,108.1,43.44
2026-09-10T03:36:18,107.98,43.32
2026-09-10T03:36:19,108.03,43.37
2026-09-10T03:36:20,108.59,43.92
2026-09-10T03:36:21,107.93,43.27
2026-09-10T03:36:22,108.3,43.64
2026-09-10T03:36:23,107.71,43.06
2026-09-10T03:36:24,108.2,43.54
2026-09-10T03:36:25,108.19,43.53
2026-09-10T03:36:26,108.54,43.87
2026-09-10T03:36:27,108.45,43.79
2026-09-10T03:36:28,108.42,43.75
2026-09-10T03:36:29,108.01,43.35
2026-09-10T03:36:30,107.63,42.98
2026-09-10T03:36:31,108.04,43.38
2026-09-10T03:36:32,108.21,43.54
2026-09-10T03:36:33,107.99,43.33
2026-09-10T03:36:34,108.15,43.49
2026-09-10T03:36:35,108.14,43.48
2026-09-10T03:36:36,108.21,43.55
2026-09-10T03:36:37,107.67,43.02
2026-09-10T03:36:38,108.01,43.35
2026-09-10T03:36:39,108.16,43.5
2026-09-10T03:36:40,107.58,42.92
2026-09-10T03:36:41,108.2,43.54
2026-09-10T03:36:42,108.55,43.89
2026-09-10T03:36:43,108.39,43.73
2026-09-10T03:36:44,107.71,43.05
2026-09-10T03:36:45,107.94,43.28
2026-09-10T03:36:46,108.09,43.43
2026-09-10T03:36:47,108.47,43.8
2026-09-10T03:36:48,107.91,43.25
2026-09-10T03:36:49,107.88,43.22
2026-09-10T03:36:50,107.66,43.01
2026-09-10T03:36:51,108.06,43.4
2026-09-10T03:36:52,108.15,43.49
2026-09-10T03:36:53,108.32,43.66
2026-09-10T03:36:54,108.21,43.55
2026-09-10T03:36:55,108.19,43.53
2026-09-10T03:36:56,108.01,43.35
2026-09-10T03:36:57,108.22,43.56
2026-09-10T03:36:58,108.34,43.68
2026-09-10T03:36:59,108.37,43.7
2026-09-10T03:37:00,108.51,43.85
2026-09-10T03:37:01,108.39,43.73
2026-09-10T03:37:02,107.4,42.75
2026-09-10T03:37:03,108.32,43.66
2026-09-10T03:37:04,107.93,43.27
2026-09-10T03:37:05,108.18,43.52
2026-09-10T03:37:06,108.6,43.93
2026-09-10T03:37:07,108.82,44.15
2026-09-10T03:37:08,108.31,43.65
2026-09-10T03:37:09,107.87,43.22
2026-09-10T03:37:10,108.34,43.68
2026-09-10T03:37:11,108.25,43.59
2026-09-10T03:37:12,107.89,43.23
2026-09-10T03:37:13,108.25,43.59
2026-09-10T03:37:14,108.05,43.39
2026-09-10T03:37:15,108.18,43.52
2026-09-10T03:37:16,108.49,43.82
2026-09-10T03:37:17,108.51,43.85
2026-09-10T03:37:18,108.52,43.86
2026-09-10T03:37:19,107.76,43.1
2026-09-10T03:37:20,107.95,43.29
2026-09-10T03:37:21,108.21,43.54
2026-09-10T03:37:22,108.12,43.46
2026-09-10T03:37:23,108.07,43.41
2026-09-10T03:37:24,107.79,43.13
2026-09-10T03:37:25,107.67,43.01
2026-09-10T03:37:26,108.26,43.6
2026-09-10T03:37:27,108.47,43.8
2026-09-10T03:37:28,108.76,44.09
2026-09-10T03:37:29,108.87,44.2
2026-09-10T03:37:30,108.27,43.6
2026-09-10T03:37:31,109.11,44.44
2026-09-10T03:37:32,110.95,46.25
2026-09-10T03:37:33,111.01,46.31
2026-09-10T03:37:34,111.88,47.17
2026-09-10T03:37:35,109.48,44.8
2026-09-10T03:37:36,109.13,44.46
2026-09-10T03:37:37,108.8,44.13
2026-09-10T03:37:38,108.5,43.84
2026-09-10T03:37:39,108.51,43.84
2026-09-10T03:37:40,107.87,43.21
2026-09-10T03:37:41,108.14,43.48
2026-09-10T03:37:42,108.1,43.44
2026-09-10T03:37:43,108.83,44.16
2026-09-10T03:37:44,108.54,43.88
2026-09-10T03:37:45,108.88,44.21
2026-09-10T03:37:46,108.61,43.94
2026-09-10T03:37:47,108.05,43.39
2026-09-10T03:37:48,108.43,43.76
2026-09-10T03:37:49,108.27,43.61
2026-09-10T03:37:50,108.27,43.61
2026-09-10T03:37:51,108.1,43.44
2026-09-10T03:37:52,108.19,43.53
2026-09-10T03:37:53,108.1,43.44
2026-09-10T03:37:54,108.03,43.37
2026-09-10T03:37:55,108.0,43.34
2026-09-10T03:37:56,108.06,43.4
2026-09-10T03:37:57,108.58,43.91
2026-09-10T03:37:58,108.23,43.57
2026-09-10T03:37:59,108.38,43.71
2026-09-10T03:38:00,108.01,43.36
2026-09-10T03:38:01,108.58,43.92
2026-09-10T03:38:02,107.91,43.25
2026-09-10T03:38:03,108.62,43.95
2026-09-10T03:38:04,107.85,43.19
2026-09-10T03:38:05,107.87,43.22
2026-09-10T03:38:06,108.14,43.48
2026-09-10T03:38:07,108.48,43.81
2026-09-10T03:38:08,108.15,43.49
2026-09-10T03:38:09,108.13,43.47
2026-09-10T03:38:10,108.03,43.37
2026-09-10T03:38:11,108.35,43.69
2026-09-10T03:38:12,107.88,43.22
2026-09-10T03:38:13,107.95,43.29
2026-09-10T03:38:14,108.5,43.83
2026-09-10T03:38:15,108.14,43.48
2026-09-10T03:38:16,108.22,43.56
2026-09-10T03:38:17,108.21,43.55
2026-09-10T03:38:18,107.96,43.3
2026-09-10T03:38:19,108.4,43.73
2026-09-10T03:38:20,108.1,43.44
2026-09-10T03:38:21,108.02,43.36
2026-09-10T03:38:22,107.76,43.1
2026-09-10T03:38:23,108.19,43.53
2026-09-10T03:38:24,108.11,43.45
2026-09-10T03:38:25,108.1,43.44
2026-09-10T03:38:26,107.68,43.02
2026-09-10T03:38:27,108.31,43.65
2026-09-10T03:38:28,108.4,43.73
2026-09-10T03:38:29,108.39,43.73
2026-09-10T03:38:30,107.96,43.3
2026-09-10T03:38:31,108.18,43.52
2026-09-10T03:38:32,108.31,43.65
2026-09-10T03:38:33,108.02,43.36
2026-09-10T03:38:34,107.99,43.33
2026-09-10T03:38:35,107.9,43.24
2026-09-10T03:38:36,108.23,43.57
2026-09-10T03:38:37,108.41,43.75
2026-09-10T03:38:38,108.21,43.55
2026-09-10T03:38:39,108.21,43.55
2026-09-10T03:38:40,108.37,43.71
2026-09-10T03:38:41,108.14,43.48
2026-09-10T03:38:42,108.29,43.62
2026-09-10T03:38:43,108.28,43.61
2026-09-10T03:38:44,108.05,43.39
2026-09-10T03:38:45,108.05,43.39
2026-09-10T03:38:46,108.11,43.45
2026-09-10T03:38:47,108.1,43.45
2026-09-10T03:38:48,108.0,43.35
2026-09-10T03:38:49,107.8,43.14
2026-09-10T03:38:50,107.72,43.07
2026-09-10T03:38:51,107.89,43.23
2026-09-10T03:38:52,108.11,43.45
2026-09-10T03:38:53,108.08,43.42
2026-09-10T03:38:54,107.58,42.93
2026-09-10T03:38:55,108.08,43.42
2026-09-10T03:38:56,108.15,43.49
2026-09-10T03:38:57,108.29,43.63
2026-09-10T03:38:58,107.7,43.05
2026-09-10T03:38:59,107.98,43.32
2026-09-10T03:39:00,107.87,43.21
2026-09-10T03:39:01,108.48,43.81
2026-09-10T03:39:02,108.14,43.48
2026-09-10T03:39:03,107.98,43.32
2026-09-10T03:39:04,107.43,42.78
2026-09-10T03:39:05,108.5,43.83
2026-09-10T03:39:06,107.95,43.29
2026-09-10T03:39:07,108.3,43.64
2026-09-10T03:39:08,108.02,43.37
2026-09-10T03:39:09,108.29,43.62
2026-09-10T03:39:10,108.76,44.09
2026-09-10T03:39:11,108.56,43.89
2026-09-10T03:39:12,108.05,43.39
2026-09-10T03:39:13,108.3,43.64
2026-09-10T03:39:14,107.97,43.31
2026-09-10T03:39:15,108.08,43.42
2026-09-10T03:39:16,108.84,44.17
2026-09-10T03:39:17,107.81,43.15
2026-09-10T03:39:18,108.29,43.62
2026-09-10T03:39:19,107.77,43.12
2026-09-10T03:39:20,108.01,43.35
2026-09-10T03:39:21,108.03,43.37
2026-09-10T03:39:22,108.27,43.6
2026-09-10T03:39:23,108.18,43.52
2026-09-10T03:39:24,108.17,43.51
2026-09-10T03:39:25,109.41,44.73
2026-09-10T03:39:26,110.41,45.72
2026-09-10T03:39:27,111.69,46.98
2026-09-10T03:39:28,111.43,46.72
2026-09-10T03:39:29,109.54,44.86
2026-09-10T03:39:30,108.8,44.13
2026-09-10T03:39:31,108.4,43.74
2026-09-10T03:39:32,108.33,43.67
2026-09-10T03:39:33,108.64,43.97
2026-09-10T03:39:34,109.17,44.49
2026-09-10T03:39:35,108.3,43.64
2026-09-10T03:39:36,108.36,43.7
2026-09-10T03:39:37,108.31,43.65
2026-09-10T03:39:38,108.65,43.98
2026-09-10T03:39:39,109.0,44.32
2026-09-10T03:39:40,109.51,44.83
2026-09-10T03:39:41,110.33,45.64
2026-09-10T03:39:42,111.22,46.52
2026-09-10T03:39:43,110.57,45.87
2026-09-10T03:39:44,109.64,44.96
2026-09-10T03:39:45,108.62,43.95
2026-09-10T03:39:46,108.34,43.68
2026-09-10T03:39:47,108.46,43.79
2026-09-10T03:39:48,108.09,43.43
2026-09-10T03:39:49,108.23,43.57
2026-09-10T03:39:50,110.47,45.78
2026-09-10T03:39:51,107.73,43.08
2026-09-10T03:39:52,108.18,43.52
2026-09-10T03:39:53,107.91,43.25
2026-09-10T03:39:54,108.34,43.68
2026-09-10T03:39:55,108.64,43.97
2026-09-10T03:39:56,107.91,43.25
2026-09-10T03:39:57,108.15,43.49
2026-09-10T03:39:58,108.24,43.58
2026-09-10T03:39:59,108.34,43.67
2026-09-10T03:40:00,107.95,43.29
2026-09-10T03:40:01,108.32,43.66
2026-09-10T03:40:02,107.74,43.08
2026-09-10T03:40:03,108.08,43.42
2026-09-10T03:40:04,108.36,43.7
2026-09-10T03:40:05,108.39,43.72
2026-09-10T03:40:06,107.93,43.28
2026-09-10T03:40:07,108.05,43.39
2026-09-10T03:40:08,107.66,43.01
2026-09-10T03:40:09,108.05,43.39
2026-09-10T03:40:10,108.43,43.77
2026-09-10T03:40:11,108.29,43.63
2026-09-10T03:40:12,108.17,43.51
2026-09-10T03:40:13,108.3,43.64
2026-09-10T03:40:14,107.88,43.22
2026-09-10T03:40:15,107.42,42.77
2026-09-10T03:40:16,108.23,43.57
2026-09-10T03:40:17,108.22,43.56
2026-09-10T03:40:18,108.21,43.55
2026-09-10T03:40:19,108.36,43.7
2026-09-10T03:40:20,108.15,43.49
2026-09-10T03:40:21,107.88,43.23
2026-09-10T03:40:22,108.18,43.51
2026-09-10T03:40:23,107.93,43.27
2026-09-10T03:40:24,108.1,43.44
2026-09-10T03:40:25,108.57,43.9
2026-09-10T03:40:26,108.54,43.87
2026-09-10T03:40:27,107.92,43.27
2026-09-10T03:40:28,108.06,43.4
2026-09-10T03:40:29,108.14,43.48
2026-09-10T03:40:30,108.4,43.73
2026-09-10T03:40:31,108.5,43.84
2026-09-10T03:40:32,108.34,43.67
2026-09-10T03:40:33,107.99,43.33
2026-09-10T03:40:34,108.04,43.38
2026-09-10T03:40:35,107.94,43.28
2026-09-10T03:40:36,108.17,43.51
2026-09-10T03:40:37,107.62,42.97
2026-09-10T03:40:38,107.99,43.33
2026-09-10T03:40:39,108.34,43.68
2026-09-10T03:40:40,108.14,43.47
2026-09-10T03:40:41,108.09,43.43
2026-09-10T03:40:42,108.27,43.6
2026-09-10T03:40:43,108.6,43.93
2026-09-10T03:40:44,109.41,44.73
2026-09-10T03:40:45,110.16,45.47
2026-09-10T03:40:46,109.92,45.24
2026-09-10T03:40:47,108.58,43.91
2026-09-10T03:40:48,108.65,43.99
2026-09-10T03:40:49,109.46,44.78
2026-09-10T03:40:50,109.74,45.05
2026-09-10T03:40:51,109.3,44.63
2026-09-10T03:40:52,108.88,44.21
2026-09-10T03:40:53,109.09,44.42
2026-09-10T03:40:54,109.08,44.41
2026-09-10T03:40:55,108.43,43.77
2026-09-10T03:40:56,108.53,43.87
2026-09-10T03:40:57,108.65,43.98
2026-09-10T03:40:58,108.21,43.55
2026-09-10T03:40:59,108.42,43.76
2026-09-10T03:41:00,109.0,44.33
2026-09-10T03:41:01,108.52,43.86
2026-09-10T03:41:02,108.79,44.12
2026-09-10T03:41:03,108.72,44.05
2026-09-10T03:41:04,108.36,43.7
2026-09-10T03:41:05,108.36,43.69
2026-09-10T03:41:06,108.32,43.65
2026-09-10T03:41:07,108.29,43.62
2026-09-10T03:41:08,108.2,43.54
2026-09-10T03:41:09,108.2,43.54
2026-09-10T03:41:10,108.06,43.4
2026-09-10T03:41:11,108.51,43.84
2026-09-10T03:41:12,108.15,43.49
2026-09-10T03:41:13,108.5,43.83
2026-09-10T03:41:14,108.65,43.98
2026-09-10T03:41:15,108.44,43.77
2026-09-10T03:41:16,108.0,43.34
2026-09-10T03:41:17,108.34,43.68
2026-09-10T03:41:18,107.84,43.18
2026-09-10T03:41:19,107.81,43.16
2026-09-10T03:41:20,108.12,43.46
2026-09-10T03:41:21,108.24,43.58
2026-09-10T03:41:22,108.01,43.35
2026-09-10T03:41:23,108.12,43.46
2026-09-10T03:41:24,107.52,42.87
2026-09-10T03:41:25,108.22,43.55
2026-09-10T03:41:26,107.83,43.17
2026-09-10T03:41:27,108.18,43.52
2026-09-10T03:41:28,107.97,43.31
2026-09-10T03:41:29,108.21,43.55
2026-09-10T03:41:30,108.17,43.5
2026-09-10T03:41:31,108.05,43.39
2026-09-10T03:41:32,108.2,43.54
2026-09-10T03:41:33,108.02,43.36
2026-09-10T03:41:34,107.78,43.12
2026-09-10T03:41:35,107.68,43.03
2026-09-10T03:41:36,107.95,43.29
2026-09-10T03:41:37,107.83,43.17
2026-09-10T03:41:38,108.33,43.66
2026-09-10T03:41:39,108.21,43.54
2026-09-10T03:41:40,107.72,43.06
2026-09-10T03:41:41,108.33,43.67
2026-09-10T03:41:42,107.86,43.2
2026-09-10T03:41:43,108.03,43.37
2026-09-10T03:41:44,108.22,43.56
2026-09-10T03:41:45,108.34,43.68
2026-09-10T03:41:46,108.09,43.43
2026-09-10T03:41:47,108.07,43.41
2026-09-10T03:41:48,108.02,43.36
2026-09-10T03:41:49,107.87,43.21
2026-09-10T03:41:50,108.29,43.62
2026-09-10T03:41:51,107.87,43.21
2026-09-10T03:41:52,108.3,43.64
2026-09-10T03:41:53,108.74,44.07
2026-09-10T03:41:54,107.86,43.2
2026-09-10T03:41:55,108.2,43.53
2026-09-10T03:41:56,108.12,43.46
2026-09-10T03:41:57,108.05,43.39
2026-09-10T03:41:58,108.5,43.84
2026-09-10T03:41:59,107.72,43.07
2026-09-10T03:42:00,108.14,43.48
2026-09-10T03:42:01,108.24,43.58
2026-09-10T03:42:02,108.45,43.78
2026-09-10T03:42:03,108.06,43.4
2026-09-10T03:42:04,108.45,43.79
2026-09-10T03:42:05,108.03,43.37
2026-09-10T03:42:06,107.56,42.91
2026-09-10T03:42:07,108.16,43.5
2026-09-10T03:42:08,107.96,43.3
2026-09-10T03:42:09,107.8,43.14
2026-09-10T03:42:10,108.11,43.45
2026-09-10T03:42:11,107.95,43.29
2026-09-10T03:42:12,107.87,43.21
2026-09-10T03:42:13,107.67,43.02
2026-09-10T03:42:14,107.6,42.95
2026-09-10T03:42:15,107.87,43.22
2026-09-10T03:42:16,108.39,43.73
2026-09-10T03:42:17,107.87,43.22
2026-09-10T03:42:18,107.74,43.09
2026-09-10T03:42:19,107.96,43.3
2026-09-10T03:42:20,107.88,43.23
2026-09-10T03:42:21,107.87,43.21
2026-09-10T03:42:22,108.21,43.55
2026-09-10T03:42:23,108.39,43.73
2026-09-10T03:42:24,108.29,43.63
2026-09-10T03:42:25,108.54,43.87
2026-09-10T03:42:26,108.43,43.77
2026-09-10T03:42:27,108.05,43.39
2026-09-10T03:42:28,108.32,43.66
2026-09-10T03:42:29,108.16,43.5
2026-09-10T03:42:30,107.82,43.17
2026-09-10T03:42:31,108.17,43.51
2026-09-10T03:42:32,108.37,43.71
2026-09-10T03:42:33,108.47,43.81
2026-09-10T03:42:34,107.88,43.23
2026-09-10T03:42:35,107.93,43.27
2026-09-10T03:42:36,108.04,43.38
2026-09-10T03:42:37,108.42,43.76
2026-09-10T03:42:38,107.8,43.15
2026-09-10T03:42:39,107.63,42.97
2026-09-10T03:42:40,107.85,43.19
2026-09-10T03:42:41,108.22,43.55
2026-09-10T03:42:42,107.91,43.25
2026-09-10T03:42:43,108.25,43.59
2026-09-10T03:42:44,107.86,43.2
2026-09-10T03:42:45,108.21,43.55
2026-09-10T03:42:46,108.35,43.68
2026-09-10T03:42:47,108.21,43.55
2026-09-10T03:42:48,107.99,43.33
2026-09-10T03:42:49,108.06,43.4
2026-09-10T03:42:50,108.33,43.66
2026-09-10T03:42:51,107.78,43.12
2026-09-10T03:42:52,108.9,44.23
2026-09-10T03:42:53,108.41,43.75
2026-09-10T03:42:54,107.88,43.23
2026-09-10T03:42:55,108.5,43.84
2026-09-10T03:42:56,108.5,43.84
2026-09-10T03:42:57,108.18,43.52
2026-09-10T03:42:58,108.78,44.11
2026-09-10T03:42:59,108.62,43.95
2026-09-10T03:43:00,108.1,43.44
2026-09-10T03:43:01,108.04,43.38
2026-09-10T03:43:02,108.46,43.8
2026-09-10T03:43:03,108.35,43.68
2026-09-10T03:43:04,108.32,43.65
2026-09-10T03:43:05,108.16,43.5
2026-09-10T03:43:06,108.42,43.76
2026-09-10T03:43:07,108.0,43.34
2026-09-10T03:43:08,108.34,43.67
2026-09-10T03:43:09,108.19,43.53
2026-09-10T03:43:10,108.21,43.55
2026-09-10T03:43:11,108.14,43.48
2026-09-10T03:43:12,108.12,43.46
2026-09-10T03:43:13,107.94,43.28
2026-09-10T03:43:14,108.03,43.37
2026-09-10T03:43:15,108.27,43.6
2026-09-10T03:43:16,108.17,43.51
2026-09-10T03:43:17,108.15,43.49
2026-09-10T03:43:18,108.17,43.51
2026-09-10T03:43:19,108.5,43.83
2026-09-10T03:43:20,107.96,43.3
2026-09-10T03:43:21,108.0,43.35
2026-09-10T03:43:22,108.82,44.15
2026-09-10T03:43:23,108.47,43.81
2026-09-10T03:43:24,108.56,43.89
2026-09-10T03:43:25,108.17,43.51
2026-09-10T03:43:26,108.76,44.1
2026-09-10T03:43:27,108.52,43.85
2026-09-10T03:43:28,108.03,43.37
2026-09-10T03:43:29,108.42,43.75
2026-09-10T03:43:30,108.18,43.52
2026-09-10T03:43:31,108.59,43.92
2026-09-10T03:43:32,108.3,43.64
2026-09-10T03:43:33,108.23,43.57
2026-09-10T03:43:34,108.65,43.98
2026-09-10T03:43:35,108.84,44.17
2026-09-10T03:43:36,109.26,44.58
2026-09-10T03:43:37,109.8,45.12
2026-09-10T03:43:38,109.91,45.22
2026-09-10T03:43:39,110.1,45.41
2026-09-10T03:43:40,109.87,45.18
2026-09-10T03:43:41,109.47,44.79
2026-09-10T03:43:42,109.19,44.51
2026-09-10T03:43:43,108.45,43.79
2026-09-10T03:43:44,108.22,43.56
2026-09-10T03:43:45,108.07,43.42
2026-09-10T03:43:46,108.46,43.79
2026-09-10T03:43:47,108.59,43.92
2026-09-10T03:43:48,108.39,43.73
2026-09-10T03:43:49,108.31,43.65
2026-09-10T03:43:50,108.79,44.12
2026-09-10T03:43:51,108.73,44.06
2026-09-10T03:43:52,108.25,43.59
2026-09-10T03:43:53,108.39,43.72
2026-09-10T03:43:54,108.12,43.46
2026-09-10T03:43:55,108.55,43.88
2026-09-10T03:43:56,108.58,43.92
2026-09-10T03:43:57,108.02,43.36
2026-09-10T03:43:58,108.21,43.55
2026-09-10T03:43:59,107.93,43.28
2026-09-10T03:44:00,108.47,43.81
2026-09-10T03:44:01,108.11,43.45
2026-09-10T03:44:02,108.3,43.64
2026-09-10T03:44:03,107.81,43.16
2026-09-10T03:44:04,108.33,43.66
2026-09-10T03:44:05,108.35,43.69
2026-09-10T03:44:06,107.72,43.06
2026-09-10T03:44:07,108.18,43.52
2026-09-10T03:44:08,108.19,43.53
2026-09-10T03:44:09,108.68,44.01
2026-09-10T03:44:10,107.95,43.29
2026-09-10T03:44:11,110.23,45.54
2026-09-10T03:44:12,108.53,43.86
2026-09-10T03:44:13,108.13,43.47
2026-09-10T03:44:14,108.22,43.56
2026-09-10T03:44:15,107.86,43.2
2026-09-10T03:44:16,108.09,43.43
2026-09-10T03:44:17,108.19,43.53
2026-09-10T03:44:18,108.31,43.65
2026-09-10T03:44:19,107.68,43.03
2026-09-10T03:44:20,108.2,43.54
2026-09-10T03:44:21,108.54,43.87
2026-09-10T03:44:22,108.04,43.38
2026-09-10T03:44:23,108.04,43.38
2026-09-10T03:44:24,108.1,43.44
2026-09-10T03:44:25,108.36,43.7
2026-09-10T03:44:26,108.72,44.05
2026-09-10T03:44:27,107.81,43.15
2026-09-10T03:44:28,107.8,43.14
2026-09-10T03:44:29,107.76,43.1
2026-09-10T03:44:30,108.18,43.52
2026-09-10T03:44:31,107.8,43.14
2026-09-10T03:44:32,107.92,43.26
2026-09-10T03:44:33,108.38,43.71
2026-09-10T03:44:34,107.78,43.12
2026-09-10T03:44:35,107.96,43.3
2026-09-10T03:44:36,108.28,43.62
2026-09-10T03:44:37,108.91,44.24
2026-09-10T03:44:38,109.75,45.07
2026-09-10T03:44:39,108.12,43.46
2026-09-10T03:44:40,109.06,44.39
2026-09-10T03:44:41,108.16,43.5
2026-09-10T03:44:42,108.05,43.39
2026-09-10T03:44:43,108.11,43.45
2026-09-10T03:44:44,108.35,43.69
2026-09-10T03:44:45,108.08,43.43
2026-09-10T03:44:46,108.0,43.34
2026-09-10T03:44:47,108.21,43.55
2026-09-10T03:44:48,108.34,43.68
2026-09-10T03:44:49,108.17,43.5
2026-09-10T03:44:50,108.68,44.02
2026-09-10T03:44:51,110.02,45.33
2026-09-10T03:44:52,107.71,43.06
2026-09-10T03:44:53,108.11,43.45
2026-09-10T03:44:54,108.2,43.54
2026-09-10T03:44:55,107.9,43.24
2026-09-10T03:44:56,108.08,43.42
2026-09-10T03:44:57,108.22,43.56
2026-09-10T03:44:58,107.73,43.08
2026-09-10T03:44:59,108.4,43.74
2026-09-10T03:45:00,108.24,43.58
2026-09-10T03:45:01,107.81,43.16
2026-09-10T03:45:02,107.93,43.27
2026-09-10T03:45:03,108.13,43.47
2026-09-10T03:45:04,108.16,43.5
2026-09-10T03:45:05,108.12,43.46
2026-09-10T03:45:06,108.28,43.62
2026-09-10T03:45:07,108.27,43.6
2026-09-10T03:45:08,108.33,43.67
2026-09-10T03:45:09,108.59,43.93
2026-09-10T03:45:10,108.56,43.89
2026-09-10T03:45:11,107.74,43.08
2026-09-10T03:45:12,108.01,43.35
2026-09-10T03:45:13,108.15,43.49
2026-09-10T03:45:14,108.12,43.46
2026-09-10T03:45:15,107.98,43.32
2026-09-10T03:45:16,108.45,43.78
2026-09-10T03:45:17,108.28,43.62
2026-09-10T03:45:18,108.38,43.71
2026-09-10T03:45:19,108.24,43.57
2026-09-10T03:45:20,108.5,43.83
2026-09-10T03:45:21,108.11,43.45
2026-09-10T03:45:22,108.49,43.83
2026-09-10T03:45:23,107.8,43.14
2026-09-10T03:45:24,108.18,43.52
2026-09-10T03:45:25,108.0,43.34
2026-09-10T03:45:26,108.02,43.36
2026-09-10T03:45:27,107.99,43.33
2026-09-10T03:45:28,108.2,43.54
2026-09-10T03:45:29,108.14,43.48
2026-09-10T03:45:30,108.41,43.75
2026-09-10T03:45:31,108.07,43.41
2026-09-10T03:45:32,108.34,43.68
2026-09-10T03:45:33,108.04,43.38
2026-09-10T03:45:34,108.06,43.4
2026-09-10T03:45:35,108.24,43.58
2026-09-10T03:45:36,108.08,43.42
2026-09-10T03:45:37,108.23,43.57
2026-09-10T03:45:38,108.34,43.68
2026-09-10T03:45:39,108.18,43.52
2026-09-10T03:45:40,107.49,42.84
2026-09-10T03:45:41,108.09,43.43
2026-09-10T03:45:42,108.1,43.44
2026-09-10T03:45:43,108.43,43.77
2026-09-10T03:45:44,107.93,43.28
2026-09-10T03:45:45,108.21,43.54
2026-09-10T03:45:46,107.82,43.16
2026-09-10T03:45:47,108.19,43.53
2026-09-10T03:45:48,108.72,44.05
2026-09-10T03:45:49,107.74,43.08
2026-09-10T03:45:50,108.25,43.59
2026-09-10T03:45:51,108.14,43.48
2026-09-10T03:45:52,108.19,43.53
2026-09-10T03:45:53,108.54,43.87
2026-09-10T03:45:54,108.6,43.93
2026-09-10T03:45:55,108.65,43.98
2026-09-10T03:45:56,108.42,43.76
2026-09-10T03:45:57,108.19,43.53
2026-09-10T03:45:58,108.34,43.68
2026-09-10T03:45:59,108.58,43.91
2026-09-10T03:46:00,109.07,44.4
2026-09-10T03:46:01,109.29,44.61
2026-09-10T03:46:02,108.84,44.17
2026-09-10T03:46:03,109.12,44.45
2026-09-10T03:46:04,109.89,45.21
2026-09-10T03:46:05,109.04,44.37
2026-09-10T03:46:06,108.36,43.7
2026-09-10T03:46:07,108.72,44.05
2026-09-10T03:46:08,107.97,43.31
2026-09-10T03:46:09,108.43,43.76
2026-09-10T03:46:10,108.23,43.57
2026-09-10T03:46:11,108.34,43.67
2026-09-10T03:46:12,108.18,43.52
2026-09-10T03:46:13,108.65,43.98
2026-09-10T03:46:14,108.5,43.83
2026-09-10T03:46:15,108.34,43.68
2026-09-10T03:46:16,108.38,43.72
2026-09-10T03:46:17,108.35,43.69
2026-09-10T03:46:18,108.25,43.59
2026-09-10T03:46:19,108.78,44.11
2026-09-10T03:46:20,107.95,43.29
2026-09-10T03:46:21,107.97,43.31
2026-09-10T03:46:22,108.08,43.42
2026-09-10T03:46:23,108.67,44.0
2026-09-10T03:46:24,108.33,43.67
2026-09-10T03:46:25,108.35,43.69
2026-09-10T03:46:26,108.15,43.49
2026-09-10T03:46:27,108.51,43.84
2026-09-10T03:46:28,108.14,43.47
2026-09-10T03:46:29,108.1,43.44
2026-09-10T03:46:30,108.46,43.79
2026-09-10T03:46:31,108.05,43.39
2026-09-10T03:46:32,108.5,43.84
2026-09-10T03:46:33,108.14,43.48
2026-09-10T03:46:34,107.87,43.21
2026-09-10T03:46:35,107.71,43.05
2026-09-10T03:46:36,108.2,43.54
2026-09-10T03:46:37,108.17,43.51
2026-09-10T03:46:38,108.0,43.34
2026-09-10T03:46:39,108.31,43.64
2026-09-10T03:46:40,108.27,43.6
2026-09-10T03:46:41,107.65,43.0
2026-09-10T03:46:42,108.02,43.36
2026-09-10T03:46:43,108.14,43.48
2026-09-10T03:46:44,107.94,43.28
2026-09-10T03:46:45,108.01,43.35
2026-09-10T03:46:46,107.95,43.29
2026-09-10T03:46:47,108.07,43.41
2026-09-10T03:46:48,108.03,43.38
2026-09-10T03:46:49,108.32,43.66
2026-09-10T03:46:50,108.18,43.51
2026-09-10T03:46:51,108.35,43.69
2026-09-10T03:46:52,107.96,43.3
2026-09-10T03:46:53,107.72,43.06
2026-09-10T03:46:54,108.08,43.42
2026-09-10T03:46:55,108.12,43.46
2026-09-10T03:46:56,108.2,43.54
2026-09-10T03:46:57,107.94,43.28
2026-09-10T03:46:58,108.47,43.81
2026-09-10T03:46:59,108.22,43.56
2026-09-10T03:47:00,108.04,43.38
2026-09-10T03:47:01,108.21,43.55
2026-09-10T03:47:02,108.08,43.42
2026-09-10T03:47:03,108.2,43.54
2026-09-10T03:47:04,108.61,43.95
2026-09-10T03:47:05,108.05,43.39
2026-09-10T03:47:06,108.11,43.45
2026-09-10T03:47:07,107.69,43.03
2026-09-10T03:47:08,107.58,42.93
2026-09-10T03:47:09,108.2,43.54
2026-09-10T03:47:10,108.14,43.48
2026-09-10T03:47:11,108.14,43.48
2026-09-10T03:47:12,107.89,43.23
2026-09-10T03:47:13,107.84,43.18
2026-09-10T03:47:14,107.78,43.13
2026-09-10T03:47:15,108.19,43.53
2026-09-10T03:47:16,108.61,43.94
2026-09-10T03:47:17,108.26,43.6
2026-09-10T03:47:18,107.78,43.12
2026-09-10T03:47:19,108.08,43.42
2026-09-10T03:47:20,107.52,42.86
2026-09-10T03:47:21,108.15,43.49
2026-09-10T03:47:22,107.48,42.83
2026-09-10T03:47:23,107.9,43.24
2026-09-10T03:47:24,107.96,43.3
2026-09-10T03:47:25,108.01,43.35
2026-09-10T03:47:26,108.18,43.51
2026-09-10T03:47:27,108.1,43.44
2026-09-10T03:47:28,108.19,43.53
2026-09-10T03:47:29,107.97,43.31
2026-09-10T03:47:30,108.13,43.47
2026-09-10T03:47:31,108.64,43.97
2026-09-10T03:47:32,108.24,43.58
2026-09-10T03:47:33,108.13,43.47
2026-09-10T03:47:34,107.96,43.3
2026-09-10T03:47:35,108.35,43.69
2026-09-10T03:47:36,108.6,43.93
2026-09-10T03:47:37,108.43,43.76
2026-09-10T03:47:38,107.99,43.34
2026-09-10T03:47:39,108.45,43.78
2026-09-10T03:47:40,108.24,43.58
2026-09-10T03:47:41,108.62,43.95
2026-09-10T03:47:42,108.4,43.73
2026-09-10T03:47:43,108.45,43.79
2026-09-10T03:47:44,108.63,43.96
2026-09-10T03:47:45,108.29,43.63
2026-09-10T03:47:46,108.18,43.52
2026-09-10T03:47:47,108.66,43.99
2026-09-10T03:47:48,108.0,43.34
2026-09-10T03:47:49,107.93,43.27
2026-09-10T03:47:50,108.27,43.61
2026-09-10T03:47:51,108.36,43.7
2026-09-10T03:47:52,108.07,43.41
2026-09-10T03:47:53,107.85,43.2
2026-09-10T03:47:54,108.21,43.55
2026-09-10T03:47:55,108.07,43.41
2026-09-10T03:47:56,108.03,43.37
2026-09-10T03:47:57,108.02,43.36
2026-09-10T03:47:58,107.69,43.03
2026-09-10T03:47:59,107.96,43.3
2026-09-10T03:48:00,107.61,42.96
2026-09-10T03:48:01,108.16,43.5
2026-09-10T03:48:02,107.83,43.18
2026-09-10T03:48:03,108.05,43.39
2026-09-10T03:48:04,108.14,43.48
2026-09-10T03:48:05,108.45,43.79
2026-09-10T03:48:06,107.93,43.27
2026-09-10T03:48:07,108.4,43.74
2026-09-10T03:48:08,107.97,43.31
2026-09-10T03:48:09,107.79,43.13
2026-09-10T03:48:10,108.73,44.06
2026-09-10T03:48:11,108.05,43.39
2026-09-10T03:48:12,107.82,43.16
2026-09-10T03:48:13,108.29,43.63
2026-09-10T03:48:14,107.66,43.01
2026-09-10T03:48:15,108.13,43.47
2026-09-10T03:48:16,108.17,43.51
2026-09-10T03:48:17,108.14,43.48
2026-09-10T03:48:18,108.26,43.59
2026-09-10T03:48:19,108.26,43.6
2026-09-10T03:48:20,107.9,43.24
2026-09-10T03:48:21,108.2,43.53
2026-09-10T03:48:22,108.04,43.38
2026-09-10T03:48:23,107.98,43.32
2026-09-10T03:48:24,108.07,43.41
2026-09-10T03:48:25,107.49,42.83
2026-09-10T03:48:26,108.07,43.41
2026-09-10T03:48:27,108.2,43.54
2026-09-10T03:48:28,108.14,43.48
2026-09-10T03:48:29,108.22,43.56
2026-09-10T03:48:30,108.01,43.35
2026-09-10T03:48:31,108.09,43.43
2026-09-10T03:48:32,108.58,43.91
2026-09-10T03:48:33,108.07,43.41
2026-09-10T03:48:34,108.28,43.62
2026-09-10T03:48:35,108.16,43.5
2026-09-10T03:48:36,107.89,43.24
2026-09-10T03:48:37,107.88,43.23
2026-09-10T03:48:38,108.06,43.4
2026-09-10T03:48:39,108.46,43.79
2026-09-10T03:48:40,108.01,43.35
2026-09-10T03:48:41,107.85,43.2
2026-09-10T03:48:42,107.89,43.23
2026-09-10T03:48:43,107.95,43.29
2026-09-10T03:48:44,108.25,43.59
2026-09-10T03:48:45,108.17,43.51
2026-09-10T03:48:46,108.09,43.43
2026-09-10T03:48:47,108.26,43.6
2026-09-10T03:48:48,107.99,43.33
2026-09-10T03:48:49,108.03,43.37
2026-09-10T03:48:50,108.22,43.56
2026-09-10T03:48:51,107.84,43.18
2026-09-10T03:48:52,108.22,43.56
2026-09-10T03:48:53,108.43,43.77
2026-09-10T03:48:54,108.22,43.56
2026-09-10T03:48:55,108.12,43.46
2026-09-10T03:48:56,108.33,43.67
2026-09-10T03:48:57,107.85,43.19
2026-09-10T03:48:58,108.04,43.39
2026-09-10T03:48:59,108.15,43.49
2026-09-10T03:49:00,108.39,43.72
2026-09-10T03:49:01,108.14,43.48
2026-09-10T03:49:02,107.52,42.87
2026-09-10T03:49:03,107.88,43.22
2026-09-10T03:49:04,108.01,43.35
2026-09-10T03:49:05,108.03,43.38
2026-09-10T03:49:06,108.16,43.5
2026-09-10T03:49:07,108.19,43.53
2026-09-10T03:49:08,108.1,43.44
2026-09-10T03:49:09,108.37,43.7
2026-09-10T03:49:10,108.05,43.39
2026-09-10T03:49:11,108.02,43.37
2026-09-10T03:49:12,107.61,42.96
2026-09-10T03:49:13,108.13,43.47
2026-09-10T03:49:14,107.66,43.0
2026-09-10T03:49:15,108.24,43.58
2026-09-10T03:49:16,108.12,43.46
2026-09-10T03:49:17,107.65,43.0
2026-09-10T03:49:18,108.2,43.54
2026-09-10T03:49:19,108.43,43.76
2026-09-10T03:49:20,107.93,43.27
2026-09-10T03:49:21,108.18,43.52
2026-09-10T03:49:22,107.8,43.14
2026-09-10T03:49:23,108.02,43.36
2026-09-10T03:49:24,107.78,43.12
2026-09-10T03:49:25,108.46,43.79
2026-09-10T03:49:26,108.11,43.45
2026-09-10T03:49:27,108.33,43.66
2026-09-10T03:49:28,107.69,43.04
2026-09-10T03:49:29,108.49,43.83
2026-09-10T03:49:30,107.85,43.19
2026-09-10T03:49:31,108.05,43.39
2026-09-10T03:49:32,108.27,43.61
2026-09-10T03:49:33,108.12,43.46
2026-09-10T03:49:34,108.27,43.6
2026-09-10T03:49:35,108.04,43.39
2026-09-10T03:49:36,108.18,43.52
2026-09-10T03:49:37,108.26,43.59
2026-09-10T03:49:38,107.6,42.95
2026-09-10T03:49:39,108.0,43.34
2026-09-10T03:49:40,108.07,43.41
2026-09-10T03:49:41,108.04,43.38
2026-09-10T03:49:42,108.0,43.35
2026-09-10T03:49:43,107.98,43.32
2026-09-10T03:49:44,108.41,43.74
2026-09-10T03:49:45,107.6,42.95
2026-09-10T03:49:46,107.86,43.21
2026-09-10T03:49:47,108.5,43.84
2026-09-10T03:49:48,107.95,43.29
2026-09-10T03:49:49,107.88,43.23
2026-09-10T03:49:50,108.38,43.72
2026-09-10T03:49:51,109.24,44.56
2026-09-10T03:49:52,109.06,44.39
2026-09-10T03:49:53,107.91,43.25
2026-09-10T03:49:54,108.58,43.92
2026-09-10T03:49:55,107.86,43.2
2026-09-10T03:49:56,107.97,43.32
2026-09-10T03:49:57,108.46,43.79
2026-09-10T03:49:58,107.9,43.24
2026-09-10T03:49:59,108.08,43.42
2026-09-10T03:50:00,107.79,43.13
2026-09-10T03:50:01,108.0,43.34
2026-09-10T03:50:02,107.93,43.27
2026-09-10T03:50:03,107.49,42.84
2026-09-10T03:50:04,107.66,43.01
2026-09-10T03:50:05,108.48,43.81
2026-09-10T03:50:06,108.26,43.59
2026-09-10T03:50:07,108.33,43.67
2026-09-10T03:50:08,107.78,43.13
2026-09-10T03:50:09,108.08,43.42
2026-09-10T03:50:10,108.32,43.65
2026-09-10T03:50:11,108.01,43.36
2026-09-10T03:50:12,107.86,43.2
2026-09-10T03:50:13,108.26,43.6
2026-09-10T03:50:14,107.89,43.23
2026-09-10T03:50:15,108.2,43.53
2026-09-10T03:50:16,107.97,43.32
2026-09-10T03:50:17,108.1,43.44
2026-09-10T03:50:18,108.26,43.6
2026-09-10T03:50:19,108.26,43.59
2026-09-10T03:50:20,107.93,43.28
2026-09-10T03:50:21,107.58,42.93
2026-09-10T03:50:22,108.17,43.5
2026-09-10T03:50:23,108.08,43.42
2026-09-10T03:50:24,107.93,43.27
2026-09-10T03:50:25,108.25,43.58
2026-09-10T03:50:26,108.13,43.47
2026-09-10T03:50:27,108.49,43.82
2026-09-10T03:50:28,108.31,43.65
2026-09-10T03:50:29,108.27,43.61
2026-09-10T03:50:30,108.12,43.46
2026-09-10T03:50:31,107.86,43.2
2026-09-10T03:50:32,108.08,43.43
2026-09-10T03:50:33,108.09,43.43
2026-09-10T03:50:34,108.28,43.62
2026-09-10T03:50:35,108.69,44.02
2026-09-10T03:50:36,108.65,43.98
2026-09-10T03:50:37,107.94,43.28
2026-09-10T03:50:38,108.1,43.44
2026-09-10T03:50:39,108.19,43.52
2026-09-10T03:50:40,108.11,43.45
2026-09-10T03:50:41,108.23,43.57
2026-09-10T03:50:42,108.32,43.65
2026-09-10T03:50:43,108.2,43.54
2026-09-10T03:50:44,108.3,43.64
2026-09-10T03:50:45,108.18,43.52
2026-09-10T03:50:46,108.17,43.51
2026-09-10T03:50:47,108.4,43.73
2026-09-10T03:50:48,108.04,43.38
2026-09-10T03:50:49,108.46,43.79
2026-09-10T03:50:50,108.08,43.42
2026-09-10T03:50:51,108.04,43.39
2026-09-10T03:50:52,108.39,43.72
2026-09-10T03:50:53,108.05,43.39
2026-09-10T03:50:54,108.27,43.6
2026-09-10T03:50:55,108.36,43.7
2026-09-10T03:50:56,107.75,43.09
2026-09-10T03:50:57,108.06,43.4
2026-09-10T03:50:58,108.71,44.04
2026-09-10T03:50:59,108.38,43.71
2026-09-10T03:51:00,108.38,43.71
2026-09-10T03:51:01,108.08,43.42
2026-09-10T03:51:02,108.45,43.78
2026-09-10T03:51:03,107.94,43.28
2026-09-10T03:51:04,108.04,43.38
2026-09-10T03:51:05,108.1,43.44
2026-09-10T03:51:06,108.45,43.78
2026-09-10T03:51:07,108.23,43.57
2026-09-10T03:51:08,108.31,43.65
2026-09-10T03:51:09,108.04,43.38
2026-09-10T03:51:10,108.5,43.83
2026-09-10T03:51:11,108.22,43.55
2026-09-10T03:51:12,108.38,43.72
2026-09-10T03:51:13,107.93,43.28
2026-09-10T03:51:14,108.01,43.35
2026-09-10T03:51:15,108.18,43.52
2026-09-10T03:51:16,107.88,43.22
2026-09-10T03:51:17,108.15,43.49
2026-09-10T03:51:18,108.4,43.74
2026-09-10T03:51:19,108.26,43.6
2026-09-10T03:51:20,108.29,43.63
2026-09-10T03:51:21,108.33,43.67
2026-09-10T03:51:22,108.18,43.52
2026-09-10T03:51:23,107.96,43.31
2026-09-10T03:51:24,108.72,44.05
2026-09-10T03:51:25,108.47,43.81
2026-09-10T03:51:26,108.34,43.67
2026-09-10T03:51:27,107.89,43.23
2026-09-10T03:51:28,108.38,43.71
2026-09-10T03:51:29,108.0,43.34
2026-09-10T03:51:30,108.31,43.65
2026-09-10T03:51:31,107.99,43.33
2026-09-10T03:51:32,108.21,43.55
2026-09-10T03:51:33,108.23,43.57
2026-09-10T03:51:34,108.35,43.68
2026-09-10T03:51:35,107.77,43.12
2026-09-10T03:51:36,107.86,43.21
2026-09-10T03:51:37,108.43,43.76
2026-09-10T03:51:38,108.41,43.75
2026-09-10T03:51:39,108.28,43.62
2026-09-10T03:51:40,108.19,43.53
2026-09-10T03:51:41,108.13,43.47
2026-09-10T03:51:42,108.01,43.35
2026-09-10T03:51:43,108.32,43.66
2026-09-10T03:51:44,107.75,43.09
2026-09-10T03:51:45,108.0,43.34
2026-09-10T03:51:46,107.84,43.18
2026-09-10T03:51:47,108.45,43.79
2026-09-10T03:51:48,108.23,43.57
2026-09-10T03:51:49,108.25,43.59
2026-09-10T03:51:50,107.74,43.09
2026-09-10T03:51:51,108.77,44.1
2026-09-10T03:51:52,107.88,43.23
2026-09-10T03:51:53,108.16,43.5
2026-09-10T03:51:54,107.8,43.14
2026-09-10T03:51:55,108.28,43.61
2026-09-10T03:51:56,108.12,43.46
2026-09-10T03:51:57,107.97,43.32
2026-09-10T03:51:58,107.84,43.18
2026-09-10T03:51:59,108.1,43.44
2026-09-10T03:52:00,108.02,43.36
2026-09-10T03:52:01,108.04,43.38
2026-09-10T03:52:02,107.89,43.23
2026-09-10T03:52:03,108.11,43.45
2026-09-10T03:52:04,108.17,43.51
2026-09-10T03:52:05,108.08,43.42
2026-09-10T03:52:06,107.7,43.05
2026-09-10T03:52:07,108.21,43.55
2026-09-10T03:52:08,108.48,43.82
2026-09-10T03:52:09,108.12,43.46
2026-09-10T03:52:10,108.11,43.45
2026-09-10T03:52:11,108.34,43.68
2026-09-10T03:52:12,107.87,43.21
2026-09-10T03:52:13,107.41,42.76
2026-09-10T03:52:14,107.74,43.08
2026-09-10T03:52:15,108.09,43.43
2026-09-10T03:52:16,108.06,43.4
2026-09-10T03:52:17,108.17,43.51
2026-09-10T03:52:18,107.76,43.1
2026-09-10T03:52:19,108.08,43.42
2026-09-10T03:52:20,108.17,43.51
2026-09-10T03:52:21,108.26,43.6
2026-09-10T03:52:22,108.0,43.34
2026-09-10T03:52:23,107.96,43.3
2026-09-10T03:52:24,107.92,43.26
2026-09-10T03:52:25,107.63,42.97
2026-09-10T03:52:26,108.26,43.6
2026-09-10T03:52:27,107.99,43.33
2026-09-10T03:52:28,108.74,44.08
2026-09-10T03:52:29,108.37,43.7
2026-09-10T03:52:30,108.31,43.65
2026-09-10T03:52:31,107.96,43.3
2026-09-10T03:52:32,108.31,43.65
2026-09-10T03:52:33,108.01,43.35
2026-09-10T03:52:34,107.95,43.29
2026-09-10T03:52:35,108.16,43.5
2026-09-10T03:52:36,107.96,43.31
2026-09-10T03:52:37,108.19,43.53
2026-09-10T03:52:38,108.55,43.89
2026-09-10T03:52:39,107.88,43.22
2026-09-10T03:52:40,107.44,42.79
2026-09-10T03:52:41,107.96,43.31
2026-09-10T03:52:42,108.11,43.45
2026-09-10T03:52:43,107.91,43.26
2026-09-10T03:52:44,107.86,43.2
2026-09-10T03:52:45,108.16,43.5
2026-09-10T03:52:46,107.78,43.12
2026-09-10T03:52:47,107.98,43.32
2026-09-10T03:52:48,107.83,43.17
2026-09-10T03:52:49,108.27,43.6
2026-09-10T03:52:50,107.95,43.29
2026-09-10T03:52:51,107.97,43.31
2026-09-10T03:52:52,108.01,43.35
2026-09-10T03:52:53,108.25,43.59
2026-09-10T03:52:54,108.18,43.52
2026-09-10T03:52:55,108.62,43.95
2026-09-10T03:52:56,108.34,43.68
2026-09-10T03:52:57,107.82,43.17
2026-09-10T03:52:58,108.28,43.62
2026-09-10T03:52:59,107.76,43.1
2026-09-10T03:53:00,108.18,43.52
2026-09-10T03:53:01,108.19,43.53
2026-09-10T03:53:02,108.08,43.42
2026-09-10T03:53:03,108.25,43.59
2026-09-10T03:53:04,107.98,43.32
2026-09-10T03:53:05,108.55,43.88
2026-09-10T03:53:06,107.89,43.23
2026-09-10T03:53:07,107.9,43.24
2026-09-10T03:53:08,108.22,43.56
2026-09-10T03:53:09,107.72,43.06
2026-09-10T03:53:10,108.14,43.48
2026-09-10T03:53:11,108.24,43.57
2026-09-10T03:53:12,107.97,43.31
2026-09-10T03:53:13,108.28,43.62
2026-09-10T03:53:14,108.81,44.14
2026-09-10T03:53:15,107.97,43.31
2026-09-10T03:53:16,108.36,43.7
2026-09-10T03:53:17,108.44,43.78
2026-09-10T03:53:18,108.48,43.82
2026-09-10T03:53:19,108.45,43.79
2026-09-10T03:53:20,108.23,43.57
2026-09-10T03:53:21,108.13,43.47
2026-09-10T03:53:22,108.19,43.53
2026-09-10T03:53:23,108.3,43.64
2026-09-10T03:53:24,108.03,43.37
2026-09-10T03:53:25,108.25,43.59
2026-09-10T03:53:26,107.79,43.13
2026-09-10T03:53:27,108.09,43.43
2026-09-10T03:53:28,108.11,43.45
2026-09-10T03:53:29,107.73,43.08
2026-09-10T03:53:30,108.4,43.74
2026-09-10T03:53:31,107.87,43.21
2026-09-10T03:53:32,107.87,43.21
2026-09-10T03:53:33,108.09,43.43
2026-09-10T03:53:34,108.41,43.75
2026-09-10T03:53:35,108.18,43.52
2026-09-10T03:53:36,108.19,43.53
2026-09-10T03:53:37,108.28,43.62
2026-09-10T03:53:38,108.74,44.07
2026-09-10T03:53:39,108.74,44.07
2026-09-10T03:53:40,108.13,43.47
2026-09-10T03:53:41,108.13,43.47
2026-09-10T03:53:42,108.42,43.75
2026-09-10T03:53:43,108.39,43.73
2026-09-10T03:53:44,108.23,43.57
2026-09-10T03:53:45,108.35,43.69
2026-09-10T03:53:46,108.15,43.49
2026-09-10T03:53:47,108.17,43.51
2026-09-10T03:53:48,108.14,43.48
2026-09-10T03:53:49,108.18,43.52
2026-09-10T03:53:50,108.1,43.44
2026-09-10T03:53:51,108.39,43.72
2026-09-10T03:53:52,107.98,43.33
2026-09-10T03:53:53,108.4,43.73
2026-09-10T03:53:54,108.28,43.61
2026-09-10T03:53:55,108.31,43.65
2026-09-10T03:53:56,108.04,43.38
2026-09-10T03:53:57,108.55,43.89
2026-09-10T03:53:58,108.36,43.7
2026-09-10T03:53:59,108.07,43.41
2026-09-10T03:54:00,108.18,43.51
2026-09-10T03:54:01,108.43,43.77
2026-09-10T03:54:02,108.39,43.73
2026-09-10T03:54:03,108.65,43.99
2026-09-10T03:54:04,108.28,43.62
2026-09-10T03:54:05,108.32,43.66
2026-09-10T03:54:06,109.13,44.46
2026-09-10T03:54:07,109.16,44.49
2026-09-10T03:54:08,109.49,44.81
2026-09-10T03:54:09,110.8,46.1
2026-09-10T03:54:10,111.45,46.74
2026-09-10T03:54:11,112.26,47.54
2026-09-10T03:54:12,112.83,48.1
2026-09-10T03:54:13,110.94,46.24
2026-09-10T03:54:14,109.69,45.01
2026-09-10T03:54:15,109.2,44.52
2026-09-10T03:54:16,109.36,44.68
2026-09-10T03:54:17,108.84,44.17
2026-09-10T03:54:18,108.25,43.59
2026-09-10T03:54:19,108.77,44.1
2026-09-10T03:54:20,108.72,44.05
2026-09-10T03:54:21,108.27,43.6
2026-09-10T03:54:22,108.45,43.78
2026-09-10T03:54:23,108.33,43.67
2026-09-10T03:54:24,108.25,43.59
2026-09-10T03:54:25,108.43,43.77
2026-09-10T03:54:26,108.03,43.37
2026-09-10T03:54:27,108.33,43.67
2026-09-10T03:54:28,108.6,43.94
2026-09-10T03:54:29,108.51,43.85
2026-09-10T03:54:30,108.16,43.5
2026-09-10T03:54:31,108.37,43.71
2026-09-10T03:54:32,108.17,43.51
2026-09-10T03:54:33,108.09,43.43
2026-09-10T03:54:34,108.21,43.55
2026-09-10T03:54:35,108.43,43.77
2026-09-10T03:54:36,108.31,43.64
2026-09-10T03:54:37,108.16,43.5
2026-09-10T03:54:38,108.12,43.46
2026-09-10T03:54:39,108.79,44.12
2026-09-10T03:54:40,110.26,45.57
2026-09-10T03:54:41,110.17,45.48
2026-09-10T03:54:42,110.98,46.28
2026-09-10T03:54:43,110.33,45.64
2026-09-10T03:54:44,109.74,45.06
2026-09-10T03:54:45,109.13,44.45
2026-09-10T03:54:46,108.43,43.76
2026-09-10T03:54:47,108.51,43.85
2026-09-10T03:54:48,108.28,43.62
2026-09-10T03:54:49,109.06,44.39
2026-09-10T03:54:50,108.27,43.61
2026-09-10T03:54:51,108.44,43.78
2026-09-10T03:54:52,110.2,45.51
2026-09-10T03:54:53,108.29,43.63
2026-09-10T03:54:54,108.07,43.41
2026-09-10T03:54:55,108.18,43.52
2026-09-10T03:54:56,108.41,43.75
2026-09-10T03:54:57,107.93,43.27
2026-09-10T03:54:58,107.95,43.3
2026-09-10T03:54:59,108.1,43.44
2026-09-10T03:55:00,107.97,43.31
2026-09-10T03:55:01,108.05,43.4
2026-09-10T03:55:02,108.27,43.61
2026-09-10T03:55:03,108.51,43.85
2026-09-10T03:55:04,108.3,43.64
2026-09-10T03:55:05,108.2,43.54
2026-09-10T03:55:06,107.9,43.24
2026-09-10T03:55:07,107.98,43.32
2026-09-10T03:55:08,108.08,43.42
2026-09-10T03:55:09,107.75,43.1
2026-09-10T03:55:10,108.11,43.45
2026-09-10T03:55:11,107.88,43.23
2026-09-10T03:55:12,108.22,43.56
2026-09-10T03:55:13,108.12,43.46
2026-09-10T03:55:14,107.98,43.32
2026-09-10T03:55:15,108.18,43.52
2026-09-10T03:55:16,108.18,43.52
2026-09-10T03:55:17,107.95,43.29
2026-09-10T03:55:18,107.93,43.27
2026-09-10T03:55:19,107.7,43.04
2026-09-10T03:55:20,107.88,43.23
2026-09-10T03:55:21,108.0,43.34
2026-09-10T03:55:22,108.0,43.34
2026-09-10T03:55:23,108.2,43.54
2026-09-10T03:55:24,107.96,43.31
2026-09-10T03:55:25,108.27,43.61
2026-09-10T03:55:26,108.09,43.43
2026-09-10T03:55:27,108.0,43.34
2026-09-10T03:55:28,108.33,43.67
2026-09-10T03:55:29,108.13,43.47
2026-09-10T03:55:30,108.19,43.53
2026-09-10T03:55:31,108.07,43.41
2026-09-10T03:55:32,108.42,43.76
2026-09-10T03:55:33,107.68,43.02
2026-09-10T03:55:34,108.3,43.64
2026-09-10T03:55:35,108.43,43.76
2026-09-10T03:55:36,107.87,43.21
2026-09-10T03:55:37,107.91,43.25
2026-09-10T03:55:38,108.28,43.62
2026-09-10T03:55:39,108.22,43.56
2026-09-10T03:55:40,107.91,43.26
2026-09-10T03:55:41,107.88,43.22
2026-09-10T03:55:42,108.02,43.36
2026-09-10T03:55:43,108.66,43.99
2026-09-10T03:55:44,107.89,43.24
2026-09-10T03:55:45,108.06,43.4
2026-09-10T03:55:46,108.68,44.02
2026-09-10T03:55:47,108.23,43.57
2026-09-10T03:55:48,108.52,43.85
2026-09-10T03:55:49,107.93,43.27
2026-09-10T03:55:50,108.06,43.4
2026-09-10T03:55:51,108.2,43.54
2026-09-10T03:55:52,108.02,43.36
2026-09-10T03:55:53,107.95,43.29
2026-09-10T03:55:54,107.41,42.76
2026-09-10T03:55:55,107.96,43.3
2026-09-10T03:55:56,108.16,43.5
2026-09-10T03:55:57,108.0,43.34
2026-09-10T03:55:58,108.43,43.76
2026-09-10T03:55:59,107.92,43.27
2026-09-10T03:56:00,107.83,43.17
2026-09-10T03:56:01,107.66,43.01
2026-09-10T03:56:02,107.85,43.2
2026-09-10T03:56:03,107.78,43.13
2026-09-10T03:56:04,107.76,43.11
2026-09-10T03:56:05,108.08,43.42
2026-09-10T03:56:06,108.11,43.45
2026-09-10T03:56:07,108.08,43.42
2026-09-10T03:56:08,107.73,43.07
2026-09-10T03:56:09,108.34,43.68
2026-09-10T03:56:10,108.1,43.44
2026-09-10T03:56:11,108.28,43.62
2026-09-10T03:56:12,107.72,43.07
2026-09-10T03:56:13,108.19,43.53
2026-09-10T03:56:14,108.0,43.34
2026-09-10T03:56:15,108.06,43.4
2026-09-10T03:56:16,108.14,43.48
2026-09-10T03:56:17,107.77,43.11
2026-09-10T03:56:18,107.53,42.88
2026-09-10T03:56:19,108.3,43.64
2026-09-10T03:56:20,107.79,43.13
2026-09-10T03:56:21,107.91,43.25
2026-09-10T03:56:22,107.84,43.18
2026-09-10T03:56:23,108.21,43.55
2026-09-10T03:56:24,108.13,43.47
2026-09-10T03:56:25,108.03,43.38
2026-09-10T03:56:26,107.98,43.32
2026-09-10T03:56:27,108.01,43.35
2026-09-10T03:56:28,108.22,43.55
2026-09-10T03:56:29,108.25,43.59
2026-09-10T03:56:30,108.1,43.44
2026-09-10T03:56:31,108.06,43.4
2026-09-10T03:56:32,108.07,43.41
2026-09-10T03:56:33,108.09,43.43
2026-09-10T03:56:34,107.6,42.95
2026-09-10T03:56:35,108.44,43.77
2026-09-10T03:56:36,108.43,43.77
2026-09-10T03:56:37,107.82,43.16
2026-09-10T03:56:38,108.12,43.46
2026-09-10T03:56:39,108.22,43.56
2026-09-10T03:56:40,107.93,43.27
2026-09-10T03:56:41,108.27,43.61
2026-09-10T03:56:42,108.39,43.73
2026-09-10T03:56:43,107.71,43.06
2026-09-10T03:56:44,107.85,43.19
2026-09-10T03:56:45,107.81,43.15
2026-09-10T03:56:46,108.12,43.46
2026-09-10T03:56:47,108.53,43.86
2026-09-10T03:56:48,107.99,43.34
2026-09-10T03:56:49,108.27,43.61
2026-09-10T03:56:50,108.5,43.83
2026-09-10T03:56:51,107.92,43.27
2026-09-10T03:56:52,107.81,43.16
2026-09-10T03:56:53,107.74,43.09
2026-09-10T03:56:54,108.46,43.8
2026-09-10T03:56:55,108.37,43.71
2026-09-10T03:56:56,108.0,43.35
2026-09-10T03:56:57,108.04,43.38
2026-09-10T03:56:58,108.39,43.73
2026-09-10T03:56:59,108.21,43.55
2026-09-10T03:57:00,108.15,43.49
2026-09-10T03:57:01,108.31,43.65
2026-09-10T03:57:02,109.13,44.46
2026-09-10T03:57:03,109.19,44.51
2026-09-10T03:57:04,109.58,44.9
2026-09-10T03:57:05,110.04,45.35
2026-09-10T03:57:06,109.4,44.72
2026-09-10T03:57:07,109.23,44.55
2026-09-10T03:57:08,108.49,43.83
2026-09-10T03:57:09,108.55,43.89
2026-09-10T03:57:10,108.37,43.71
2026-09-10T03:57:11,108.25,43.59
2026-09-10T03:57:12,108.0,43.34
2026-09-10T03:57:13,108.54,43.87
2026-09-10T03:57:14,107.87,43.21
2026-09-10T03:57:15,107.75,43.1
2026-09-10T03:57:16,107.48,42.82
2026-09-10T03:57:17,108.02,43.36
2026-09-10T03:57:18,108.15,43.49
2026-09-10T03:57:19,108.05,43.39
2026-09-10T03:57:20,107.96,43.3
2026-09-10T03:57:21,108.06,43.4
2026-09-10T03:57:22,108.21,43.55
2026-09-10T03:57:23,108.09,43.43
2026-09-10T03:57:24,108.21,43.55
2026-09-10T03:57:25,108.0,43.34
2026-09-10T03:57:26,108.67,44.0
2026-09-10T03:57:27,107.72,43.07
2026-09-10T03:57:28,107.93,43.28
2026-09-10T03:57:29,108.01,43.35
2026-09-10T03:57:30,108.43,43.77
2026-09-10T03:57:31,108.07,43.41
2026-09-10T03:57:32,107.82,43.17
2026-09-10T03:57:33,107.64,42.98
2026-09-10T03:57:34,108.48,43.81
2026-09-10T03:57:35,108.02,43.36
2026-09-10T03:57:36,108.21,43.55
2026-09-10T03:57:37,108.04,43.38
2026-09-10T03:57:38,108.24,43.58
2026-09-10T03:57:39,108.26,43.59
2026-09-10T03:57:40,108.31,43.65
2026-09-10T03:57:41,107.94,43.29
2026-09-10T03:57:42,108.3,43.63
2026-09-10T03:57:43,108.14,43.48
2026-09-10T03:57:44,107.55,42.9
2026-09-10T03:57:45,108.14,43.48
2026-09-10T03:57:46,107.93,43.27
2026-09-10T03:57:47,107.98,43.33
2026-09-10T03:57:48,108.18,43.52
2026-09-10T03:57:49,108.04,43.38
2026-09-10T03:57:50,108.14,43.48
2026-09-10T03:57:51,107.69,43.03
2026-09-10T03:57:52,108.21,43.55
2026-09-10T03:57:53,108.44,43.77
2026-09-10T03:57:54,107.86,43.2
2026-09-10T03:57:55,107.94,43.29
2026-09-10T03:57:56,107.86,43.21
2026-09-10T03:57:57,107.95,43.29
2026-09-10T03:57:58,108.11,43.45
2026-09-10T03:57:59,108.49,43.83
2026-09-10T03:58:00,108.3,43.64
2026-09-10T03:58:01,108.17,43.51
2026-09-10T03:58:02,108.19,43.53
2026-09-10T03:58:03,108.2,43.54
2026-09-10T03:58:04,108.34,43.68
2026-09-10T03:58:05,107.59,42.94
2026-09-10T03:58:06,108.18,43.52
2026-09-10T03:58:07,107.72,43.06
2026-09-10T03:58:08,108.04,43.38
2026-09-10T03:58:09,108.1,43.44
2026-09-10T03:58:10,108.18,43.52
2026-09-10T03:58:11,107.99,43.33
2026-09-10T03:58:12,107.96,43.31
2026-09-10T03:58:13,108.06,43.4
2026-09-10T03:58:14,108.34,43.68
2026-09-10T03:58:15,108.18,43.52
2026-09-10T03:58:16,108.1,43.44
2026-09-10T03:58:17,107.98,43.33
2026-09-10T03:58:18,108.18,43.52
2026-09-10T03:58:19,107.93,43.27
2026-09-10T03:58:20,107.89,43.23
2026-09-10T03:58:21,108.12,43.46
2026-09-10T03:58:22,108.33,43.67
2026-09-10T03:58:23,107.77,43.11
2026-09-10T03:58:24,108.29,43.62
2026-09-10T03:58:25,108.3,43.64
2026-09-10T03:58:26,108.17,43.51
2026-09-10T03:58:27,108.11,43.45
2026-09-10T03:58:28,108.38,43.71
2026-09-10T03:58:29,107.76,43.11
2026-09-10T03:58:30,108.34,43.68
2026-09-10T03:58:31,108.46,43.79
2026-09-10T03:58:32,107.47,42.82
2026-09-10T03:58:33,108.22,43.56
2026-09-10T03:58:34,107.96,43.3
2026-09-10T03:58:35,108.07,43.41
2026-09-10T03:58:36,107.97,43.31
2026-09-10T03:58:37,107.98,43.32
2026-09-10T03:58:38,108.03,43.37
2026-09-10T03:58:39,108.38,43.72
2026-09-10T03:58:40,108.59,43.93
2026-09-10T03:58:41,108.63,43.96
2026-09-10T03:58:42,108.86,44.19
2026-09-10T03:58:43,109.2,44.53
2026-09-10T03:58:44,109.25,44.58
2026-09-10T03:58:45,110.37,45.67
2026-09-10T03:58:46,109.62,44.94
2026-09-10T03:58:47,109.33,44.65
2026-09-10T03:58:48,108.89,44.22
2026-09-10T03:58:49,108.7,44.03
2026-09-10T03:58:50,108.68,44.01
2026-09-10T03:58:51,108.01,43.35
2026-09-10T03:58:52,108.17,43.51
2026-09-10T03:58:53,108.01,43.35
2026-09-10T03:58:54,108.48,43.81
2026-09-10T03:58:55,108.79,44.12
2026-09-10T03:58:56,109.28,44.6
2026-09-10T03:58:57,110.03,45.34
2026-09-10T03:58:58,110.01,45.33
2026-09-10T03:58:59,110.91,46.21
2026-09-10T03:59:00,109.87,45.19
2026-09-10T03:59:01,109.23,44.55
2026-09-10T03:59:02,108.7,44.04
2026-09-10T03:59:03,108.75,44.08
2026-09-10T03:59:04,108.6,43.94
2026-09-10T03:59:05,108.46,43.79
2026-09-10T03:59:06,107.96,43.3
2026-09-10T03:59:07,108.71,44.04
2026-09-10T03:59:08,108.26,43.6
2026-09-10T03:59:09,108.22,43.56
2026-09-10T03:59:10,108.09,43.43
2026-09-10T03:59:11,107.91,43.26
2026-09-10T03:59:12,108.29,43.63
2026-09-10T03:59:13,108.25,43.59
2026-09-10T03:59:14,108.23,43.57
2026-09-10T03:59:15,107.77,43.12
2026-09-10T03:59:16,107.59,42.94
2026-09-10T03:59:17,108.05,43.39
2026-09-10T03:59:18,107.59,42.94
2026-09-10T03:59:19,108.26,43.6
2026-09-10T03:59:20,108.25,43.58
2026-09-10T03:59:21,108.19,43.53
2026-09-10T03:59:22,108.11,43.45
2026-09-10T03:59:23,107.72,43.06
2026-09-10T03:59:24,107.98,43.33
2026-09-10T03:59:25,108.57,43.91
2026-09-10T03:59:26,108.21,43.55
2026-09-10T03:59:27,108.46,43.79
2026-09-10T03:59:28,108.12,43.46
2026-09-10T03:59:29,108.05,43.39
2026-09-10T03:59:30,107.95,43.29
2026-09-10T03:59:31,108.12,43.46
2026-09-10T03:59:32,108.31,43.65
2026-09-10T03:59:33,108.15,43.49
2026-09-10T03:59:34,108.41,43.75
2026-09-10T03:59:35,108.17,43.51
2026-09-10T03:59:36,108.17,43.51
2026-09-10T03:59:37,108.01,43.35
2026-09-10T03:59:38,107.91,43.26
2026-09-10T03:59:39,108.16,43.5
2026-09-10T03:59:40,108.6,43.93
2026-09-10T03:59:41,108.43,43.77
2026-09-10T03:59:42,108.37,43.71
2026-09-10T03:59:43,108.2,43.54
2026-09-10T03:59:44,108.21,43.55
2026-09-10T03:59:45,108.11,43.45
2026-09-10T03:59:46,108.24,43.58
2026-09-10T03:59:47,108.22,43.55
2026-09-10T03:59:48,108.43,43.76
2026-09-10T03:59:49,108.06,43.4
2026-09-10T03:59:50,107.98,43.32
2026-09-10T03:59:51,108.47,43.81
2026-09-10T03:59:52,108.21,43.54
2026-09-10T03:59:53,110.26,45.57
2026-09-10T03:59:54,108.12,43.46
2026-09-10T03:59:55,108.21,43.55
2026-09-10T03:59:56,107.98,43.32
2026-09-10T03:59:57,108.17,43.51
2026-09-10T03:59:58,108.3,43.63
2026-09-10T03:59:59,108.69,44.03
2026-09-10T04:00:00,108.37,43.71
2026-09-10T04:00:01,107.9,43.25
2026-09-10T04:00:02,107.83,43.17
2026-09-10T04:00:03,108.32,43.66
2026-09-10T04:00:04,107.72,43.06
2026-09-10T04:00:05,108.18,43.52
2026-09-10T04:00:06,107.82,43.16
2026-09-10T04:00:07,107.97,43.31
2026-09-10T04:00:08,107.87,43.22
2026-09-10T04:00:09,108.28,43.62
2026-09-10T04:00:10,108.3,43.63
2026-09-10T04:00:11,107.82,43.16
2026-09-10T04:00:12,108.14,43.48
2026-09-10T04:00:13,107.81,43.16
2026-09-10T04:00:14,107.97,43.31
2026-09-10T04:00:15,108.15,43.49
2026-09-10T04:00:16,108.18,43.52
2026-09-10T04:00:17,108.55,43.89
2026-09-10T04:00:18,108.52,43.85
2026-09-10T04:00:19,108.27,43.61
2026-09-10T04:00:20,108.04,43.38
2026-09-10T04:00:21,108.09,43.43
2026-09-10T04:00:22,108.22,43.56
2026-09-10T04:00:23,107.95,43.29
2026-09-10T04:00:24,108.11,43.45
2026-09-10T04:00:25,108.48,43.81
2026-09-10T04:00:26,108.28,43.61
2026-09-10T04:00:27,108.24,43.58
2026-09-10T04:00:28,108.1,43.44
2026-09-10T04:00:29,107.98,43.33
2026-09-10T04:00:30,108.76,44.09
2026-09-10T04:00:31,108.4,43.74
2026-09-10T04:00:32,108.19,43.53
2026-09-10T04:00:33,107.94,43.28
2026-09-10T04:00:34,107.37,42.72
2026-09-10T04:00:35,108.62,43.95
2026-09-10T04:00:36,108.16,43.5
2026-09-10T04:00:37,108.32,43.66
2026-09-10T04:00:38,108.39,43.73
2026-09-10T04:00:39,107.8,43.15
2026-09-10T04:00:40,108.31,43.65
2026-09-10T04:00:41,108.25,43.59
2026-09-10T04:00:42,108.4,43.74
2026-09-10T04:00:43,108.95,44.28
2026-09-10T04:00:44,108.26,43.6
2026-09-10T04:00:45,108.4,43.74
2026-09-10T04:00:46,108.22,43.56
2026-09-10T04:00:47,108.91,44.24
2026-09-10T04:00:48,107.91,43.25
2026-09-10T04:00:49,108.13,43.47
2026-09-10T04:00:50,108.15,43.49
2026-09-10T04:00:51,108.39,43.73
2026-09-10T04:00:52,108.08,43.42
2026-09-10T04:00:53,108.13,43.47
2026-09-10T04:00:54,108.55,43.89
2026-09-10T04:00:55,108.64,43.98
2026-09-10T04:00:56,108.46,43.79
2026-09-10T04:00:57,108.09,43.43
2026-09-10T04:00:58,108.32,43.66
2026-09-10T04:00:59,108.37,43.71
2026-09-10T04:01:00,108.02,43.36
2026-09-10T04:01:01,108.52,43.85
2026-09-10T04:01:02,107.86,43.21
2026-09-10T04:01:03,107.97,43.31
2026-09-10T04:01:04,108.25,43.59
2026-09-10T04:01:05,108.13,43.47
2026-09-10T04:01:06,108.42,43.76
2026-09-10T04:01:07,108.34,43.68
2026-09-10T04:01:08,108.25,43.59
2026-09-10T04:01:09,108.03,43.37
2026-09-10T04:01:10,108.2,43.54
2026-09-10T04:01:11,108.78,44.11
2026-09-10T04:01:12,108.56,43.89
2026-09-10T04:01:13,107.95,43.29
2026-09-10T04:01:14,107.86,43.21
2026-09-10T04:01:15,107.97,43.31
2026-09-10T04:01:16,108.74,44.07
2026-09-10T04:01:17,108.27,43.61
2026-09-10T04:01:18,108.23,43.56
2026-09-10T04:01:19,108.22,43.56
2026-09-10T04:01:20,107.86,43.2
2026-09-10T04:01:21,107.94,43.28
2026-09-10T04:01:22,109.22,44.54
2026-09-10T04:01:23,108.78,44.11
2026-09-10T04:01:24,109.28,44.61
2026-09-10T04:01:25,109.89,45.2
2026-09-10T04:01:26,110.39,45.7
2026-09-10T04:01:27,110.56,45.86
2026-09-10T04:01:28,109.93,45.24
2026-09-10T04:01:29,109.14,44.47
2026-09-10T04:01:30,108.68,44.01
2026-09-10T04:01:31,108.39,43.72
2026-09-10T04:01:32,108.08,43.42
2026-09-10T04:01:33,108.29,43.62
2026-09-10T04:01:34,108.47,43.8
2026-09-10T04:01:35,108.27,43.6
2026-09-10T04:01:36,108.41,43.75
2026-09-10T04:01:37,108.37,43.7
2026-09-10T04:01:38,108.31,43.65
2026-09-10T04:01:39,108.53,43.86
2026-09-10T04:01:40,108.19,43.53
2026-09-10T04:01:41,107.81,43.16
2026-09-10T04:01:42,108.12,43.46
2026-09-10T04:01:43,107.99,43.33
2026-09-10T04:01:44,107.97,43.31
2026-09-10T04:01:45,107.65,43.0
2026-09-10T04:01:46,107.81,43.16
2026-09-10T04:01:47,107.89,43.24
2026-09-10T04:01:48,108.28,43.62
2026-09-10T04:01:49,107.93,43.27
2026-09-10T04:01:50,107.9,43.24
2026-09-10T04:01:51,108.73,44.06
2026-09-10T04:01:52,108.17,43.51
2026-09-10T04:01:53,108.22,43.56
2026-09-10T04:01:54,108.04,43.38
2026-09-10T04:01:55,108.36,43.7
2026-09-10T04:01:56,108.03,43.37
2026-09-10T04:01:57,108.36,43.69
2026-09-10T04:01:58,107.7,43.05
2026-09-10T04:01:59,108.25,43.59
2026-09-10T04:02:00,108.28,43.62
2026-09-10T04:02:01,108.67,44.0
2026-09-10T04:02:02,107.91,43.26
2026-09-10T04:02:03,108.41,43.75
2026-09-10T04:02:04,107.75,43.1
2026-09-10T04:02:05,108.14,43.47
2026-09-10T04:02:06,107.79,43.13
2026-09-10T04:02:07,108.46,43.8
2026-09-10T04:02:08,112.07,47.36
2026-09-10T04:02:09,111.13,46.43
2026-09-10T04:02:10,109.38,44.71
2026-09-10T04:02:11,109.0,44.33
2026-09-10T04:02:12,108.46,43.8
2026-09-10T04:02:13,109.34,44.66
2026-09-10T04:02:14,111.72,47.01
2026-09-10T04:02:15,108.52,43.86
2026-09-10T04:02:16,110.76,46.06
2026-09-10T04:02:17,109.2,44.52
2026-09-10T04:02:18,109.99,45.3
2026-09-10T04:02:19,110.77,46.07
2026-09-10T04:02:20,116.25,51.48
2026-09-10T04:02:21,115.27,50.51
2026-09-10T04:02:22,109.03,44.36
2026-09-10T04:02:23,108.4,43.73
2026-09-10T04:02:24,108.13,43.47
2026-09-10T04:02:25,108.36,43.7
2026-09-10T04:02:26,108.0,43.34
2026-09-10T04:02:27,108.61,43.94
2026-09-10T04:02:28,107.99,43.33
2026-09-10T04:02:29,107.96,43.3
2026-09-10T04:02:30,108.1,43.44
2026-09-10T04:02:31,108.56,43.89
2026-09-10T04:02:32,108.26,43.59
2026-09-10T04:02:33,107.55,42.9
2026-09-10T04:02:34,108.06,43.4
2026-09-10T04:02:35,108.06,43.4
2026-09-10T04:02:36,108.35,43.69
2026-09-10T04:02:37,108.5,43.84
2026-09-10T04:02:38,107.85,43.19
2026-09-10T04:02:39,108.39,43.73
2026-09-10T04:02:40,108.71,44.04
2026-09-10T04:02:41,108.27,43.61
2026-09-10T04:02:42,107.67,43.02
2026-09-10T04:02:43,107.75,43.1
2026-09-10T04:02:44,108.17,43.51
2026-09-10T04:02:45,108.35,43.69
2026-09-10T04:02:46,108.33,43.67
2026-09-10T04:02:47,108.32,43.66
2026-09-10T04:02:48,108.01,43.35
2026-09-10T04:02:49,108.08,43.42
2026-09-10T04:02:50,108.0,43.34
2026-09-10T04:02:51,108.07,43.41
2026-09-10T04:02:52,108.39,43.72
2026-09-10T04:02:53,108.09,43.43
2026-09-10T04:02:54,107.89,43.24
2026-09-10T04:02:55,107.92,43.26
2026-09-10T04:02:56,108.01,43.35
2026-09-10T04:02:57,107.83,43.17
2026-09-10T04:02:58,107.85,43.19
2026-09-10T04:02:59,108.04,43.38
2026-09-10T04:03:00,108.09,43.43
2026-09-10T04:03:01,108.07,43.41
2026-09-10T04:03:02,108.36,43.7
2026-09-10T04:03:03,107.98,43.32
2026-09-10T04:03:04,107.79,43.14
2026-09-10T04:03:05,107.9,43.24
2026-09-10T04:03:06,108.9,44.23
2026-09-10T04:03:07,108.14,43.48
2026-09-10T04:03:08,108.28,43.62
2026-09-10T04:03:09,112.56,47.84
2026-09-10T04:03:10,108.74,44.07
2026-09-10T04:03:11,107.94,43.29
2026-09-10T04:03:12,107.62,42.96
2026-09-10T04:03:13,108.32,43.66
2026-09-10T04:03:14,107.84,43.18
2026-09-10T04:03:15,107.81,43.16
2026-09-10T04:03:16,108.76,44.09
2026-09-10T04:03:17,108.58,43.92
2026-09-10T04:03:18,108.3,43.63
2026-09-10T04:03:19,108.36,43.7
2026-09-10T04:03:20,108.88,44.21
2026-09-10T04:03:21,108.43,43.76
2026-09-10T04:03:22,108.73,44.07
2026-09-10T04:03:23,108.36,43.7
2026-09-10T04:03:24,109.22,44.54
2026-09-10T04:03:25,108.63,43.96
2026-09-10T04:03:26,109.02,44.35
2026-09-10T04:03:27,109.2,44.53
2026-09-10T04:03:28,109.64,44.96
2026-09-10T04:03:29,108.38,43.71
2026-09-10T04:03:30,109.39,44.71
2026-09-10T04:03:31,108.3,43.64
2026-09-10T04:03:32,109.15,44.48
2026-09-10T04:03:33,108.89,44.22
2026-09-10T04:03:34,109.66,44.97
2026-09-10T04:03:35,109.22,44.54
2026-09-10T04:03:36,109.23,44.56
2026-09-10T04:03:37,109.55,44.87
2026-09-10T04:03:38,109.72,45.04
2026-09-10T04:03:39,108.62,43.95
2026-09-10T04:03:40,108.74,44.07
2026-09-10T04:03:41,108.37,43.71
2026-09-10T04:03:42,108.64,43.97
2026-09-10T04:03:43,107.78,43.13
2026-09-10T04:03:44,108.21,43.55
2026-09-10T04:03:45,108.16,43.5
2026-09-10T04:03:46,107.95,43.29
2026-09-10T04:03:47,107.68,43.02
2026-09-10T04:03:48,108.35,43.69
2026-09-10T04:03:49,107.83,43.17
2026-09-10T04:03:50,108.05,43.39
2026-09-10T04:03:51,107.96,43.3
2026-09-10T04:03:52,108.29,43.63
2026-09-10T04:03:53,108.25,43.59
2026-09-10T04:03:54,108.0,43.34
2026-09-10T04:03:55,108.46,43.8
2026-09-10T04:03:56,108.32,43.65
2026-09-10T04:03:57,108.33,43.67
2026-09-10T04:03:58,108.18,43.52
2026-09-10T04:03:59,108.08,43.42
2026-09-10T04:04:00,107.76,43.1
2026-09-10T04:04:01,108.11,43.45
2026-09-10T04:04:02,108.11,43.45
2026-09-10T04:04:03,107.85,43.2
2026-09-10T04:04:04,107.84,43.18
2026-09-10T04:04:05,108.15,43.49
2026-09-10T04:04:06,108.31,43.65
2026-09-10T04:04:07,108.13,43.47
2026-09-10T04:04:08,108.13,43.47
2026-09-10T04:04:09,108.73,44.06
2026-09-10T04:04:10,107.94,43.28
2026-09-10T04:04:11,108.3,43.63
2026-09-10T04:04:12,108.18,43.51
2026-09-10T04:04:13,108.28,43.62
2026-09-10T04:04:14,107.66,43.01
2026-09-10T04:04:15,107.93,43.27
2026-09-10T04:04:16,108.3,43.64
2026-09-10T04:04:17,108.21,43.55
2026-09-10T04:04:18,108.04,43.38
2026-09-10T04:04:19,108.19,43.53
2026-09-10T04:04:20,108.62,43.96
2026-09-10T04:04:21,108.5,43.83
2026-09-10T04:04:22,108.03,43.37
2026-09-10T04:04:23,108.13,43.47
2026-09-10T04:04:24,110.49,45.8
2026-09-10T04:04:25,113.42,48.68
2026-09-10T04:04:26,111.1,46.4
2026-09-10T04:04:27,108.3,43.64
2026-09-10T04:04:28,107.72,43.06
2026-09-10T04:04:29,107.95,43.3
2026-09-10T04:04:30,108.11,43.45
2026-09-10T04:04:31,108.09,43.43
2026-09-10T04:04:32,108.37,43.7
2026-09-10T04:04:33,108.06,43.4
2026-09-10T04:04:34,108.16,43.5
2026-09-10T04:04:35,108.11,43.45
2026-09-10T04:04:36,107.93,43.27
2026-09-10T04:04:37,108.29,43.63
2026-09-10T04:04:38,108.01,43.36
2026-09-10T04:04:39,108.41,43.74
2026-09-10T04:04:40,108.14,43.48
2026-09-10T04:04:41,108.28,43.62
2026-09-10T04:04:42,108.09,43.43
2026-09-10T04:04:43,108.55,43.88
2026-09-10T04:04:44,107.88,43.23
2026-09-10T04:04:45,108.35,43.69
2026-09-10T04:04:46,107.91,43.25
2026-09-10T04:04:47,108.07,43.41
2026-09-10T04:04:48,107.95,43.29
2026-09-10T04:04:49,107.83,43.17
2026-09-10T04:04:50,107.99,43.33
2026-09-10T04:04:51,108.21,43.55
2026-09-10T04:04:52,108.58,43.92
2026-09-10T04:04:53,109.24,44.57
2026-09-10T04:04:54,109.69,45.01
2026-09-10T04:04:55,108.02,43.37
2026-09-10T04:04:56,107.64,42.98
2026-09-10T04:04:57,108.04,43.38
2026-09-10T04:04:58,108.07,43.41
2026-09-10T04:04:59,107.83,43.18
2026-09-10T04:05:00,108.27,43.61
2026-09-10T04:05:01,108.28,43.62
2026-09-10T04:05:02,107.74,43.08
2026-09-10T04:05:03,107.88,43.22
2026-09-10T04:05:04,107.98,43.32
2026-09-10T04:05:05,108.19,43.53
2026-09-10T04:05:06,108.11,43.45
2026-09-10T04:05:07,108.02,43.36
2026-09-10T04:05:08,107.97,43.31
2026-09-10T04:05:09,107.93,43.28
2026-09-10T04:05:10,108.27,43.61
2026-09-10T04:05:11,107.81,43.15
2026-09-10T04:05:12,108.01,43.35
2026-09-10T04:05:13,108.14,43.48
2026-09-10T04:05:14,107.9,43.25
2026-09-10T04:05:15,107.7,43.05
2026-09-10T04:05:16,107.96,43.31
2026-09-10T04:05:17,108.16,43.5
2026-09-10T04:05:18,107.76,43.1
2026-09-10T04:05:19,108.15,43.49
2026-09-10T04:05:20,107.91,43.26
2026-09-10T04:05:21,108.06,43.4
2026-09-10T04:05:22,108.6,43.93
2026-09-10T04:05:23,107.59,42.94
2026-09-10T04:05:24,108.75,44.08
2026-09-10T04:05:25,108.13,43.47
2026-09-10T04:05:26,108.09,43.43
2026-09-10T04:05:27,108.31,43.65
2026-09-10T04:05:28,107.94,43.28
2026-09-10T04:05:29,108.13,43.47
2026-09-10T04:05:30,108.24,43.58
2026-09-10T04:05:31,108.25,43.59
2026-09-10T04:05:32,108.15,43.49
2026-09-10T04:05:33,107.57,42.92
2026-09-10T04:05:34,108.15,43.49
2026-09-10T04:05:35,108.0,43.34
2026-09-10T04:05:36,107.95,43.29
2026-09-10T04:05:37,107.88,43.22
2026-09-10T04:05:38,107.91,43.25
2026-09-10T04:05:39,107.78,43.12
2026-09-10T04:05:40,108.35,43.68
2026-09-10T04:05:41,108.19,43.53
2026-09-10T04:05:42,108.02,43.36
2026-09-10T04:05:43,107.81,43.15
2026-09-10T04:05:44,107.82,43.17
2026-09-10T04:05:45,107.78,43.13
2026-09-10T04:05:46,108.23,43.57
2026-09-10T04:05:47,107.99,43.34
2026-09-10T04:05:48,108.32,43.65
2026-09-10T04:05:49,108.13,43.47
2026-09-10T04:05:50,108.25,43.59
2026-09-10T04:05:51,108.68,44.01
2026-09-10T04:05:52,108.51,43.84
2026-09-10T04:05:53,108.79,44.12
2026-09-10T04:05:54,108.32,43.66
2026-09-10T04:05:55,108.94,44.27
2026-09-10T04:05:56,108.03,43.37
2026-09-10T04:05:57,108.27,43.61
2026-09-10T04:05:58,108.21,43.55
2026-09-10T04:05:59,108.12,43.46
2026-09-10T04:06:00,108.19,43.53
2026-09-10T04:06:01,108.23,43.57
2026-09-10T04:06:02,108.25,43.59
2026-09-10T04:06:03,108.06,43.4
2026-09-10T04:06:04,108.08,43.42
2026-09-10T04:06:05,108.43,43.76
2026-09-10T04:06:06,108.64,43.97
2026-09-10T04:06:07,108.18,43.52
2026-09-10T04:06:08,108.23,43.57
2026-09-10T04:06:09,107.69,43.04
2026-09-10T04:06:10,108.47,43.81
2026-09-10T04:06:11,107.81,43.15
2026-09-10T04:06:12,108.25,43.59
2026-09-10T04:06:13,108.64,43.97
2026-09-10T04:06:14,108.19,43.52
2026-09-10T04:06:15,108.85,44.18
2026-09-10T04:06:16,108.53,43.87
2026-09-10T04:06:17,108.56,43.9
2026-09-10T04:06:18,108.44,43.78
2026-09-10T04:06:19,109.04,44.36
2026-09-10T04:06:20,108.5,43.84
2026-09-10T04:06:21,109.57,44.89
2026-09-10T04:06:22,108.51,43.84
2026-09-10T04:06:23,108.36,43.7
2026-09-10T04:06:24,108.77,44.1
2026-09-10T04:06:25,109.06,44.39
2026-09-10T04:06:26,108.88,44.21
2026-09-10T04:06:27,108.38,43.71
2026-09-10T04:06:28,108.45,43.79
2026-09-10T04:06:29,108.23,43.56
2026-09-10T04:06:30,107.69,43.04
2026-09-10T04:06:31,109.85,45.16
2026-09-10T04:06:32,110.93,46.23
2026-09-10T04:06:33,111.87,47.16
2026-09-10T04:06:34,111.19,46.49
2026-09-10T04:06:35,111.59,46.88
2026-09-10T04:06:36,108.78,44.11
2026-09-10T04:06:37,108.63,43.97
2026-09-10T04:06:38,109.62,44.94
2026-09-10T04:06:39,114.94,50.18
2026-09-10T04:06:40,109.23,44.56
2026-09-10T04:06:41,110.21,45.52
2026-09-10T04:06:42,112.19,47.47
2026-09-10T04:06:43,109.04,44.37
2026-09-10T04:06:44,111.65,46.93
2026-09-10T04:06:45,111.14,46.44
2026-09-10T04:06:46,111.32,46.62
2026-09-10T04:06:47,110.1,45.41
2026-09-10T04:06:48,109.47,44.79
2026-09-10T04:06:49,108.52,43.85
2026-09-10T04:06:50,109.35,44.67
2026-09-10T04:06:51,108.19,43.53
2026-09-10T04:06:52,107.84,43.19
2026-09-10T04:06:53,109.2,44.52
2026-09-10T04:06:54,108.61,43.94
2026-09-10T04:06:55,108.34,43.68
2026-09-10T04:06:56,108.14,43.48
2026-09-10T04:06:57,108.47,43.81
2026-09-10T04:06:58,108.42,43.75
2026-09-10T04:06:59,108.32,43.66
2026-09-10T04:07:00,108.46,43.79
2026-09-10T04:07:01,108.41,43.75
2026-09-10T04:07:02,109.38,44.71
2026-09-10T04:07:03,109.84,45.16
2026-09-10T04:07:04,110.76,46.06
2026-09-10T04:07:05,110.95,46.25
2026-09-10T04:07:06,110.03,45.35
2026-09-10T04:07:07,109.36,44.68
2026-09-10T04:07:08,108.98,44.31
2026-09-10T04:07:09,108.02,43.36
2026-09-10T04:07:10,108.24,43.57
2026-09-10T04:07:11,108.48,43.82
2026-09-10T04:07:12,108.77,44.1
2026-09-10T04:07:13,107.9,43.25
2026-09-10T04:07:14,108.42,43.75
2026-09-10T04:07:15,107.98,43.33
2026-09-10T04:07:16,108.17,43.51
2026-09-10T04:07:17,108.28,43.61
2026-09-10T04:07:18,108.14,43.48
2026-09-10T04:07:19,107.72,43.07
2026-09-10T04:07:20,108.47,43.81
2026-09-10T04:07:21,108.04,43.38
2026-09-10T04:07:22,108.08,43.42
2026-09-10T04:07:23,107.94,43.28
2026-09-10T04:07:24,108.26,43.6
2026-09-10T04:07:25,108.22,43.56
2026-09-10T04:07:26,108.36,43.69
2026-09-10T04:07:27,108.66,43.99
2026-09-10T04:07:28,108.16,43.5
2026-09-10T04:07:29,108.24,43.57
2026-09-10T04:07:30,108.35,43.69
2026-09-10T04:07:31,108.09,43.43
2026-09-10T04:07:32,108.63,43.96
2026-09-10T04:07:33,108.46,43.8
2026-09-10T04:07:34,111.08,46.38
2026-09-10T04:07:35,109.88,45.19
2026-09-10T04:07:36,108.83,44.16
2026-09-10T04:07:37,108.0,43.34
2026-09-10T04:07:38,108.24,43.58
2026-09-10T04:07:39,108.22,43.56
2026-09-10T04:07:40,108.39,43.72
2026-09-10T04:07:41,107.55,42.9
2026-09-10T04:07:42,108.04,43.38
2026-09-10T04:07:43,107.91,43.25
2026-09-10T04:07:44,108.03,43.37
2026-09-10T04:07:45,107.93,43.28
2026-09-10T04:07:46,108.26,43.59
2026-09-10T04:07:47,107.99,43.34
2026-09-10T04:07:48,108.18,43.52
2026-09-10T04:07:49,107.74,43.08
2026-09-10T04:07:50,107.63,42.97
2026-09-10T04:07:51,108.08,43.42
2026-09-10T04:07:52,108.44,43.78
2026-09-10T04:07:53,108.27,43.61
2026-09-10T04:07:54,108.08,43.42
2026-09-10T04:07:55,108.01,43.36
2026-09-10T04:07:56,108.44,43.78
2026-09-10T04:07:57,108.2,43.54
2026-09-10T04:07:58,108.5,43.83
2026-09-10T04:07:59,108.27,43.6
2026-09-10T04:08:00,108.21,43.55
2026-09-10T04:08:01,108.15,43.49
2026-09-10T04:08:02,108.45,43.79
2026-09-10T04:08:03,108.12,43.46
2026-09-10T04:08:04,108.12,43.46
2026-09-10T04:08:05,107.89,43.23
2026-09-10T04:08:06,107.98,43.32
2026-09-10T04:08:07,108.02,43.36
2026-09-10T04:08:08,107.69,43.04
2026-09-10T04:08:09,108.07,43.41
2026-09-10T04:08:10,107.92,43.26
2026-09-10T04:08:11,108.45,43.79
2026-09-10T04:08:12,108.5,43.83
2026-09-10T04:08:13,107.94,43.28
2026-09-10T04:08:14,107.59,42.94
2026-09-10T04:08:15,108.09,43.43
2026-09-10T04:08:16,108.5,43.83
2026-09-10T04:08:17,108.14,43.48
2026-09-10T04:08:18,108.24,43.58
2026-09-10T04:08:19,108.27,43.6
2026-09-10T04:08:20,107.79,43.13
2026-09-10T04:08:21,108.67,44.0
2026-09-10T04:08:22,108.31,43.64
2026-09-10T04:08:23,108.13,43.47
2026-09-10T04:08:24,108.01,43.35
2026-09-10T04:08:25,107.99,43.33
2026-09-10T04:08:26,108.06,43.4
2026-09-10T04:08:27,107.76,43.1
2026-09-10T04:08:28,108.34,43.68
2026-09-10T04:08:29,108.07,43.41
2026-09-10T04:08:30,107.8,43.15
2026-09-10T04:08:31,108.08,43.42
2026-09-10T04:08:32,107.71,43.05
2026-09-10T04:08:33,107.89,43.23
2026-09-10T04:08:34,107.94,43.28
2026-09-10T04:08:35,108.57,43.9
2026-09-10T04:08:36,108.04,43.38
2026-09-10T04:08:37,108.17,43.51
2026-09-10T04:08:38,108.14,43.48
2026-09-10T04:08:39,107.82,43.17
2026-09-10T04:08:40,108.64,43.97
2026-09-10T04:08:41,108.37,43.7
2026-09-10T04:08:42,107.83,43.17
2026-09-10T04:08:43,108.4,43.74
2026-09-10T04:08:44,108.06,43.4
2026-09-10T04:08:45,107.87,43.21
2026-09-10T04:08:46,107.31,42.66
2026-09-10T04:08:47,108.32,43.66
2026-09-10T04:08:48,107.87,43.21
2026-09-10T04:08:49,108.03,43.37
2026-09-10T04:08:50,108.09,43.43
2026-09-10T04:08:51,108.13,43.47
2026-09-10T04:08:52,108.19,43.53
2026-09-10T04:08:53,108.1,43.44
2026-09-10T04:08:54,107.88,43.22
2026-09-10T04:08:55,108.07,43.41
2026-09-10T04:08:56,107.71,43.05
2026-09-10T04:08:57,108.16,43.5
2026-09-10T04:08:58,108.26,43.6
2026-09-10T04:08:59,108.32,43.66
2026-09-10T04:09:00,108.46,43.8
2026-09-10T04:09:01,108.64,43.97
2026-09-10T04:09:02,109.93,45.24
2026-09-10T04:09:03,111.07,46.37
2026-09-10T04:09:04,110.62,45.92
2026-09-10T04:09:05,111.83,47.12
2026-09-10T04:09:06,110.5,45.81
2026-09-10T04:09:07,109.74,45.06
2026-09-10T04:09:08,109.09,44.42
2026-09-10T04:09:09,108.53,43.86
2026-09-10T04:09:10,108.17,43.51
2026-09-10T04:09:11,108.09,43.43
2026-09-10T04:09:12,108.21,43.55
2026-09-10T04:09:13,107.81,43.15
2026-09-10T04:09:14,108.42,43.75
2026-09-10T04:09:15,108.16,43.5
2026-09-10T04:09:16,108.13,43.47
2026-09-10T04:09:17,107.67,43.01
2026-09-10T04:09:18,107.96,43.3
2026-09-10T04:09:19,107.85,43.19
2026-09-10T04:09:20,108.19,43.53
2026-09-10T04:09:21,107.79,43.14
2026-09-10T04:09:22,107.88,43.23
2026-09-10T04:09:23,107.87,43.22
2026-09-10T04:09:24,108.16,43.5
2026-09-10T04:09:25,108.33,43.67
2026-09-10T04:09:26,108.34,43.67
2026-09-10T04:09:27,108.4,43.74
2026-09-10T04:09:28,108.39,43.73
2026-09-10T04:09:29,107.94,43.28
2026-09-10T04:09:30,108.31,43.65
2026-09-10T04:09:31,108.26,43.6
2026-09-10T04:09:32,108.78,44.11
2026-09-10T04:09:33,109.11,44.43
2026-09-10T04:09:34,110.16,45.47
2026-09-10T04:09:35,111.65,46.94
2026-09-10T04:09:36,112.15,47.43
2026-09-10T04:09:37,110.85,46.15
2026-09-10T04:09:38,109.8,45.12
2026-09-10T04:09:39,109.17,44.49
2026-09-10T04:09:40,108.69,44.03
2026-09-10T04:09:41,108.66,43.99
2026-09-10T04:09:42,108.86,44.19
2026-09-10T04:09:43,108.2,43.54
2026-09-10T04:09:44,108.16,43.5
2026-09-10T04:09:45,108.14,43.48
2026-09-10T04:09:46,108.24,43.58
2026-09-10T04:09:47,108.2,43.54
2026-09-10T04:09:48,108.1,43.44
2026-09-10T04:09:49,108.17,43.51
2026-09-10T04:09:50,108.18,43.52
2026-09-10T04:09:51,108.12,43.46
2026-09-10T04:09:52,108.59,43.92
2026-09-10T04:09:53,107.74,43.08
2026-09-10T04:09:54,110.12,45.43
2026-09-10T04:09:55,108.26,43.6
2026-09-10T04:09:56,108.28,43.62
2026-09-10T04:09:57,108.0,43.34
2026-09-10T04:09:58,108.58,43.91
2026-09-10T04:09:59,108.34,43.68
2026-09-10T04:10:00,107.62,42.97
2026-09-10T04:10:01,107.92,43.27
2026-09-10T04:10:02,107.73,43.08
2026-09-10T04:10:03,108.02,43.36
2026-09-10T04:10:04,108.08,43.42
2026-09-10T04:10:05,107.88,43.23
2026-09-10T04:10:06,107.88,43.23
2026-09-10T04:10:07,108.24,43.57
2026-09-10T04:10:08,108.07,43.41
2026-09-10T04:10:09,108.15,43.49
2026-09-10T04:10:10,108.41,43.75
2026-09-10T04:10:11,108.17,43.51
2026-09-10T04:10:12,108.21,43.55
2026-09-10T04:10:13,108.18,43.52
2026-09-10T04:10:14,107.74,43.08
2026-09-10T04:10:15,108.29,43.63
2026-09-10T04:10:16,107.92,43.27
2026-09-10T04:10:17,108.12,43.46
2026-09-10T04:10:18,107.9,43.24
2026-09-10T04:10:19,107.73,43.08
2026-09-10T04:10:20,108.09,43.43
2026-09-10T04:10:21,108.07,43.41
2026-09-10T04:10:22,107.87,43.21
2026-09-10T04:10:23,108.11,43.45
2026-09-10T04:10:24,108.18,43.52
2026-09-10T04:10:25,107.97,43.32
2026-09-10T04:10:26,108.42,43.75
2026-09-10T04:10:27,107.76,43.1
2026-09-10T04:10:28,107.74,43.08
2026-09-10T04:10:29,107.97,43.31
2026-09-10T04:10:30,108.03,43.37
2026-09-10T04:10:31,108.44,43.78
2026-09-10T04:10:32,108.05,43.39
2026-09-10T04:10:33,108.11,43.45
2026-09-10T04:10:34,108.2,43.54
2026-09-10T04:10:35,108.59,43.92
2026-09-10T04:10:36,108.27,43.61
2026-09-10T04:10:37,108.25,43.59
2026-09-10T04:10:38,108.38,43.72
2026-09-10T04:10:39,108.1,43.44
2026-09-10T04:10:40,108.04,43.38
2026-09-10T04:10:41,108.02,43.36
2026-09-10T04:10:42,108.36,43.7
2026-09-10T04:10:43,108.58,43.91
2026-09-10T04:10:44,108.06,43.4
2026-09-10T04:10:45,108.26,43.6
2026-09-10T04:10:46,108.09,43.43
2026-09-10T04:10:47,111.06,46.36
2026-09-10T04:10:48,108.55,43.89
2026-09-10T04:10:49,108.54,43.88
2026-09-10T04:10:50,108.61,43.95
2026-09-10T04:10:51,110.23,45.54
2026-09-10T04:10:52,108.4,43.74
2026-09-10T04:10:53,109.83,45.14
2026-09-10T04:10:54,108.88,44.21
2026-09-10T04:10:55,108.36,43.7
2026-09-10T04:10:56,108.28,43.62
2026-09-10T04:10:57,108.5,43.83
2026-09-10T04:10:58,108.8,44.14
2026-09-10T04:10:59,108.61,43.94
2026-09-10T04:11:00,107.97,43.31
2026-09-10T04:11:01,107.92,43.26
2026-09-10T04:11:02,108.77,44.1
2026-09-10T04:11:03,107.76,43.11
2026-09-10T04:11:04,108.06,43.4
2026-09-10T04:11:05,107.98,43.32
2026-09-10T04:11:06,108.45,43.79
2026-09-10T04:11:07,107.96,43.3
2026-09-10T04:11:08,108.02,43.36
2026-09-10T04:11:09,107.73,43.08
2026-09-10T04:11:10,107.99,43.33
2026-09-10T04:11:11,107.65,43.0
2026-09-10T04:11:12,108.2,43.54
2026-09-10T04:11:13,108.05,43.39
2026-09-10T04:11:14,108.45,43.79
2026-09-10T04:11:15,107.62,42.97
2026-09-10T04:11:16,107.88,43.23
2026-09-10T04:11:17,108.24,43.58
2026-09-10T04:11:18,108.51,43.84
2026-09-10T04:11:19,108.15,43.49
2026-09-10T04:11:20,107.79,43.13
2026-09-10T04:11:21,108.31,43.65
2026-09-10T04:11:22,109.68,45.0
2026-09-10T04:11:23,108.8,44.13
2026-09-10T04:11:24,108.36,43.69
2026-09-10T04:11:25,107.84,43.18
2026-09-10T04:11:26,108.1,43.44
2026-09-10T04:11:27,108.5,43.83
2026-09-10T04:11:28,107.86,43.21
2026-09-10T04:11:29,107.93,43.27
2026-09-10T04:11:30,108.51,43.85
2026-09-10T04:11:31,108.33,43.66
2026-09-10T04:11:32,108.08,43.42
2026-09-10T04:11:33,108.11,43.45
2026-09-10T04:11:34,108.36,43.69
2026-09-10T04:11:35,108.14,43.48
2026-09-10T04:11:36,107.86,43.21
2026-09-10T04:11:37,108.11,43.45
2026-09-10T04:11:38,107.9,43.24
2026-09-10T04:11:39,108.14,43.48
2026-09-10T04:11:40,108.07,43.41
2026-09-10T04:11:41,107.99,43.33
2026-09-10T04:11:42,107.98,43.33
2026-09-10T04:11:43,108.17,43.51
2026-09-10T04:11:44,107.94,43.28
2026-09-10T04:11:45,107.92,43.26
2026-09-10T04:11:46,108.1,43.44
2026-09-10T04:11:47,108.73,44.06
2026-09-10T04:11:48,108.36,43.7
2026-09-10T04:11:49,108.25,43.59
2026-09-10T04:11:50,108.21,43.55
2026-09-10T04:11:51,107.89,43.23
2026-09-10T04:11:52,108.19,43.53
2026-09-10T04:11:53,108.17,43.51
2026-09-10T04:11:54,108.2,43.54
2026-09-10T04:11:55,108.38,43.72
2026-09-10T04:11:56,108.08,43.42
2026-09-10T04:11:57,107.71,43.06
2026-09-10T04:11:58,107.84,43.18
2026-09-10T04:11:59,108.36,43.7
2026-09-10T04:12:00,108.15,43.49
2026-09-10T04:12:01,108.29,43.62
2026-09-10T04:12:02,108.27,43.61
2026-09-10T04:12:03,108.17,43.51
2026-09-10T04:12:04,108.27,43.61
2026-09-10T04:12:05,107.85,43.2
2026-09-10T04:12:06,107.8,43.14
2026-09-10T04:12:07,108.18,43.52
2026-09-10T04:12:08,107.9,43.25
2026-09-10T04:12:09,108.25,43.59
2026-09-10T04:12:10,107.97,43.31
2026-09-10T04:12:11,108.62,43.95
2026-09-10T04:12:12,108.0,43.34
2026-09-10T04:12:13,108.25,43.58
2026-09-10T04:12:14,108.07,43.41
2026-09-10T04:12:15,108.34,43.68
2026-09-10T04:12:16,108.45,43.78
2026-09-10T04:12:17,108.7,44.03
2026-09-10T04:12:18,107.66,43.01
2026-09-10T04:12:19,108.34,43.68
2026-09-10T04:12:20,108.2,43.54
2026-09-10T04:12:21,108.3,43.64
2026-09-10T04:12:22,108.26,43.6
2026-09-10T04:12:23,108.48,43.82
2026-09-10T04:12:24,108.51,43.84
2026-09-10T04:12:25,108.04,43.38
2026-09-10T04:12:26,108.14,43.48
2026-09-10T04:12:27,107.95,43.3
2026-09-10T04:12:28,108.74,44.07
2026-09-10T04:12:29,108.1,43.44
2026-09-10T04:12:30,108.23,43.57
2026-09-10T04:12:31,107.96,43.3
2026-09-10T04:12:32,108.15,43.49
2026-09-10T04:12:33,108.56,43.89
2026-09-10T04:12:34,108.29,43.62
2026-09-10T04:12:35,108.27,43.61
2026-09-10T04:12:36,107.95,43.3
2026-09-10T04:12:37,108.32,43.65
2026-09-10T04:12:38,108.5,43.83
2026-09-10T04:12:39,108.02,43.36
2026-09-10T04:12:40,108.26,43.59
2026-09-10T04:12:41,108.26,43.6
2026-09-10T04:12:42,107.91,43.25
2026-09-10T04:12:43,108.31,43.64
2026-09-10T04:12:44,108.49,43.82
2026-09-10T04:12:45,108.69,44.02
2026-09-10T04:12:46,108.23,43.57
2026-09-10T04:12:47,108.59,43.92
2026-09-10T04:12:48,108.52,43.85
2026-09-10T04:12:49,108.17,43.51
2026-09-10T04:12:50,108.04,43.38
2026-09-10T04:12:51,108.2,43.54
2026-09-10T04:12:52,108.26,43.6
2026-09-10T04:12:53,107.59,42.94
2026-09-10T04:12:54,108.43,43.76
2026-09-10T04:12:55,108.33,43.66
2026-09-10T04:12:56,108.11,43.45
2026-09-10T04:12:57,108.05,43.39
2026-09-10T04:12:58,108.69,44.02
2026-09-10T04:12:59,107.95,43.29
2026-09-10T04:13:00,107.97,43.31
2026-09-10T04:13:01,108.11,43.45
2026-09-10T04:13:02,108.12,43.46
2026-09-10T04:13:03,107.96,43.3
2026-09-10T04:13:04,107.98,43.32
2026-09-10T04:13:05,108.51,43.85
2026-09-10T04:13:06,108.49,43.82
2026-09-10T04:13:07,107.89,43.24
2026-09-10T04:13:08,107.74,43.09
2026-09-10T04:13:09,108.06,43.4
2026-09-10T04:13:10,108.4,43.73
2026-09-10T04:13:11,107.83,43.17
2026-09-10T04:13:12,108.06,43.4
2026-09-10T04:13:13,108.22,43.56
2026-09-10T04:13:14,108.2,43.54
2026-09-10T04:13:15,108.13,43.47
2026-09-10T04:13:16,108.24,43.58
2026-09-10T04:13:17,108.4,43.74
2026-09-10T04:13:18,108.07,43.41
2026-09-10T04:13:19,108.6,43.93
2026-09-10T04:13:20,107.82,43.16
2026-09-10T04:13:21,108.18,43.52
2026-09-10T04:13:22,108.32,43.65
2026-09-10T04:13:23,107.95,43.29
2026-09-10T04:13:24,108.34,43.68
2026-09-10T04:13:25,108.05,43.4
2026-09-10T04:13:26,107.87,43.21
2026-09-10T04:13:27,108.09,43.43
2026-09-10T04:13:28,107.76,43.11
2026-09-10T04:13:29,108.22,43.56
2026-09-10T04:13:30,107.91,43.25
2026-09-10T04:13:31,108.05,43.39
2026-09-10T04:13:32,108.04,43.38
2026-09-10T04:13:33,108.53,43.86
2026-09-10T04:13:34,108.3,43.63
2026-09-10T04:13:35,108.11,43.45
2026-09-10T04:13:36,107.46,42.81
2026-09-10T04:13:37,108.22,43.56
2026-09-10T04:13:38,108.17,43.51
2026-09-10T04:13:39,108.3,43.64
2026-09-10T04:13:40,108.0,43.34
2026-09-10T04:13:41,107.8,43.14
2026-09-10T04:13:42,108.31,43.65
2026-09-10T04:13:43,108.05,43.39
2026-09-10T04:13:44,108.33,43.67
2026-09-10T04:13:45,107.81,43.15
2026-09-10T04:13:46,108.51,43.85
2026-09-10T04:13:47,108.98,44.31
2026-09-10T04:13:48,109.27,44.59
2026-09-10T04:13:49,108.29,43.62
2026-09-10T04:13:50,107.86,43.2
2026-09-10T04:13:51,112.29,47.57
2026-09-10T04:13:52,108.31,43.65
2026-09-10T04:13:53,109.69,45.01
2026-09-10T04:13:54,109.36,44.68
2026-09-10T04:13:55,110.97,46.27
2026-09-10T04:13:56,111.54,46.83
2026-09-10T04:13:57,113.89,49.15
2026-09-10T04:13:58,115.7,50.93
2026-09-10T04:13:59,118.5,53.7
2026-09-10T04:14:00,118.06,53.26
2026-09-10T04:14:01,115.24,50.48
2026-09-10T04:14:02,112.97,48.24
2026-09-10T04:14:03,114.78,50.02
2026-09-10T04:14:04,110.23,45.54
2026-09-10T04:14:05,109.59,44.91
2026-09-10T04:14:06,109.37,44.69
2026-09-10T04:14:07,108.96,44.28
2026-09-10T04:14:08,108.51,43.85
2026-09-10T04:14:09,108.7,44.03
2026-09-10T04:14:10,108.49,43.82
2026-09-10T04:14:11,108.47,43.81
2026-09-10T04:14:12,108.38,43.72
2026-09-10T04:14:13,108.61,43.94
2026-09-10T04:14:14,108.98,44.31
2026-09-10T04:14:15,110.13,45.44
2026-09-10T04:14:16,111.24,46.53
2026-09-10T04:14:17,113.86,49.12
2026-09-10T04:14:18,113.17,48.44
2026-09-10T04:14:19,111.88,47.16
2026-09-10T04:14:20,110.19,45.5
2026-09-10T04:14:21,111.68,46.97
2026-09-10T04:14:22,111.08,46.38
2026-09-10T04:14:23,108.82,44.15
2026-09-10T04:14:24,108.18,43.52
2026-09-10T04:14:25,108.69,44.02
2026-09-10T04:14:26,108.11,43.45
2026-09-10T04:14:27,108.63,43.96
2026-09-10T04:14:28,108.45,43.78
2026-09-10T04:14:29,108.44,43.77
2026-09-10T04:14:30,109.61,44.92
2026-09-10T04:14:31,110.24,45.55
2026-09-10T04:14:32,110.74,46.05
2026-09-10T04:14:33,111.09,46.39
2026-09-10T04:14:34,113.15,48.42
2026-09-10T04:14:35,111.24,46.54
2026-09-10T04:14:36,110.74,46.04
2026-09-10T04:14:37,110.85,46.15
2026-09-10T04:14:38,109.67,44.98
2026-09-10T04:14:39,108.97,44.3
2026-09-10T04:14:40,109.35,44.67
2026-09-10T04:14:41,109.06,44.39
2026-09-10T04:14:42,108.97,44.3
2026-09-10T04:14:43,108.51,43.84
2026-09-10T04:14:44,108.38,43.72
2026-09-10T04:14:45,108.48,43.81
2026-09-10T04:14:46,108.3,43.63
2026-09-10T04:14:47,107.86,43.2
2026-09-10T04:14:48,108.31,43.65
2026-09-10T04:14:49,108.37,43.71
2026-09-10T04:14:50,108.41,43.75
2026-09-10T04:14:51,108.42,43.75
2026-09-10T04:14:52,108.4,43.74
2026-09-10T04:14:53,108.16,43.5
2026-09-10T04:14:54,108.14,43.48
2026-09-10T04:14:55,110.27,45.58
2026-09-10T04:14:56,107.86,43.2
2026-09-10T04:14:57,108.17,43.51
2026-09-10T04:14:58,108.2,43.53
2026-09-10T04:14:59,107.94,43.28
2026-09-10T04:15:00,108.61,43.94
2026-09-10T04:15:01,108.16,43.5
2026-09-10T04:15:02,108.03,43.38
2026-09-10T04:15:03,108.22,43.55
2026-09-10T04:15:04,108.42,43.76
2026-09-10T04:15:05,108.2,43.54
2026-09-10T04:15:06,108.25,43.59
2026-09-10T04:15:07,108.38,43.72
2026-09-10T04:15:08,107.57,42.92
2026-09-10T04:15:09,108.24,43.58
2026-09-10T04:15:10,108.24,43.58
2026-09-10T04:15:11,108.4,43.74
2026-09-10T04:15:12,108.23,43.56
2026-09-10T04:15:13,108.13,43.47
2026-09-10T04:15:14,108.3,43.64
2026-09-10T04:15:15,108.03,43.37
2026-09-10T04:15:16,107.93,43.27
2026-09-10T04:15:17,108.13,43.47
2026-09-10T04:15:18,108.24,43.57
2026-09-10T04:15:19,108.56,43.89
2026-09-10T04:15:20,108.27,43.61
2026-09-10T04:15:21,108.17,43.51
2026-09-10T04:15:22,108.81,44.14
2026-09-10T04:15:23,108.26,43.6
2026-09-10T04:15:24,108.36,43.7
2026-09-10T04:15:25,108.49,43.83
2026-09-10T04:15:26,108.37,43.7
2026-09-10T04:15:27,107.67,43.02
2026-09-10T04:15:28,107.8,43.15
2026-09-10T04:15:29,108.31,43.65
2026-09-10T04:15:30,108.28,43.62
2026-09-10T04:15:31,108.39,43.73
2026-09-10T04:15:32,108.21,43.55
2026-09-10T04:15:33,108.4,43.74
2026-09-10T04:15:34,108.02,43.37
2026-09-10T04:15:35,108.13,43.47
2026-09-10T04:15:36,108.16,43.5
2026-09-10T04:15:37,108.34,43.68
2026-09-10T04:15:38,108.11,43.45
2026-09-10T04:15:39,108.04,43.38
2026-09-10T04:15:40,108.81,44.14
2026-09-10T04:15:41,107.78,43.12
2026-09-10T04:15:42,108.07,43.41
2026-09-10T04:15:43,108.04,43.38
2026-09-10T04:15:44,107.67,43.01
2026-09-10T04:15:45,107.97,43.31
2026-09-10T04:15:46,108.52,43.85
2026-09-10T04:15:47,108.8,44.14
2026-09-10T04:15:48,108.41,43.75
2026-09-10T04:15:49,108.45,43.79
2026-09-10T04:15:50,108.3,43.64
2026-09-10T04:15:51,108.61,43.95
2026-09-10T04:15:52,107.96,43.3
2026-09-10T04:15:53,108.26,43.6
2026-09-10T04:15:54,108.12,43.46
2026-09-10T04:15:55,108.3,43.63
2026-09-10T04:15:56,108.14,43.48
2026-09-10T04:15:57,108.17,43.51
2026-09-10T04:15:58,107.98,43.32
2026-09-10T04:15:59,108.17,43.51
2026-09-10T04:16:00,107.97,43.31
2026-09-10T04:16:01,107.89,43.24
2026-09-10T04:16:02,108.07,43.41
2026-09-10T04:16:03,108.03,43.37
2026-09-10T04:16:04,107.92,43.27
2026-09-10T04:16:05,108.26,43.59
2026-09-10T04:16:06,108.05,43.4
2026-09-10T04:16:07,108.22,43.56
2026-09-10T04:16:08,108.29,43.62
2026-09-10T04:16:09,108.57,43.9
2026-09-10T04:16:10,108.69,44.02
2026-09-10T04:16:11,107.77,43.11
2026-09-10T04:16:12,108.71,44.04
2026-09-10T04:16:13,108.28,43.62
2026-09-10T04:16:14,108.27,43.6
2026-09-10T04:16:15,107.72,43.06
2026-09-10T04:16:16,108.57,43.9
2026-09-10T04:16:17,108.33,43.67
2026-09-10T04:16:18,108.06,43.4
2026-09-10T04:16:19,107.71,43.06
2026-09-10T04:16:20,108.4,43.74
2026-09-10T04:16:21,108.12,43.46
2026-09-10T04:16:22,108.24,43.57
2026-09-10T04:16:23,108.38,43.72
2026-09-10T04:16:24,107.84,43.18
2026-09-10T04:16:25,108.14,43.48
2026-09-10T04:16:26,108.08,43.42
2026-09-10T04:16:27,108.47,43.8
2026-09-10T04:16:28,108.16,43.5
2026-09-10T04:16:29,107.83,43.17
2026-09-10T04:16:30,107.98,43.32
2026-09-10T04:16:31,108.01,43.35
2026-09-10T04:16:32,108.33,43.67
2026-09-10T04:16:33,107.88,43.23
2026-09-10T04:16:34,107.98,43.32
2026-09-10T04:16:35,108.27,43.61
2026-09-10T04:16:36,107.94,43.28
2026-09-10T04:16:37,108.3,43.64
2026-09-10T04:16:38,108.16,43.5
2026-09-10T04:16:39,108.1,43.44
2026-09-10T04:16:40,108.56,43.89
2026-09-10T04:16:41,107.83,43.18
2026-09-10T04:16:42,108.17,43.51
2026-09-10T04:16:43,108.43,43.76
2026-09-10T04:16:44,108.63,43.96
2026-09-10T04:16:45,108.57,43.91
2026-09-10T04:16:46,107.89,43.23
2026-09-10T04:16:47,108.38,43.71
2026-09-10T04:16:48,107.95,43.29
2026-09-10T04:16:49,108.26,43.59
2026-09-10T04:16:50,108.26,43.6
2026-09-10T04:16:51,108.86,44.19
2026-09-10T04:16:52,108.25,43.59
2026-09-10T04:16:53,108.39,43.72
2026-09-10T04:16:54,109.16,44.48
2026-09-10T04:16:55,108.78,44.12
2026-09-10T04:16:56,108.77,44.1
2026-09-10T04:16:57,108.83,44.16
2026-09-10T04:16:58,109.02,44.35
2026-09-10T04:16:59,108.7,44.03
2026-09-10T04:17:00,108.72,44.05
2026-09-10T04:17:01,108.51,43.84
2026-09-10T04:17:02,108.33,43.67
2026-09-10T04:17:03,108.45,43.79
2026-09-10T04:17:04,108.53,43.87
2026-09-10T04:17:05,108.68,44.01
2026-09-10T04:17:06,108.33,43.67
2026-09-10T04:17:07,108.16,43.5
2026-09-10T04:17:08,108.27,43.61
2026-09-10T04:17:09,107.94,43.29
2026-09-10T04:17:10,108.23,43.57
2026-09-10T04:17:11,108.06,43.4
2026-09-10T04:17:12,107.86,43.21
2026-09-10T04:17:13,107.9,43.24
2026-09-10T04:17:14,108.13,43.47
2026-09-10T04:17:15,108.03,43.38
2026-09-10T04:17:16,108.12,43.46
2026-09-10T04:17:17,108.41,43.75
2026-09-10T04:17:18,108.01,43.36
2026-09-10T04:17:19,107.75,43.1
2026-09-10T04:17:20,107.8,43.15
2026-09-10T04:17:21,108.14,43.48
2026-09-10T04:17:22,108.25,43.59
2026-09-10T04:17:23,108.65,43.99
2026-09-10T04:17:24,108.45,43.78
2026-09-10T04:17:25,108.27,43.61
2026-09-10T04:17:26,107.89,43.24
2026-09-10T04:17:27,108.32,43.66
2026-09-10T04:17:28,108.47,43.8
2026-09-10T04:17:29,108.05,43.39
2026-09-10T04:17:30,108.49,43.83
2026-09-10T04:17:31,108.04,43.38
2026-09-10T04:17:32,108.31,43.64
2026-09-10T04:17:33,108.48,43.82
2026-09-10T04:17:34,108.18,43.51
2026-09-10T04:17:35,107.97,43.32
2026-09-10T04:17:36,107.93,43.28
2026-09-10T04:17:37,107.83,43.17
2026-09-10T04:17:38,107.8,43.14
2026-09-10T04:17:39,108.19,43.53
2026-09-10T04:17:40,108.36,43.7
2026-09-10T04:17:41,108.5,43.83
2026-09-10T04:17:42,107.67,43.02
2026-09-10T04:17:43,108.08,43.42
2026-09-10T04:17:44,107.89,43.23
2026-09-10T04:17:45,108.19,43.53
2026-09-10T04:17:46,108.4,43.74
2026-09-10T04:17:47,107.98,43.32
2026-09-10T04:17:48,108.04,43.38
2026-09-10T04:17:49,108.21,43.55
2026-09-10T04:17:50,108.48,43.82
2026-09-10T04:17:51,108.09,43.43
2026-09-10T04:17:52,108.35,43.68
2026-09-10T04:17:53,108.31,43.65
2026-09-10T04:17:54,108.41,43.75
2026-09-10T04:17:55,108.75,44.08
2026-09-10T04:17:56,108.04,43.38
2026-09-10T04:17:57,108.72,44.05
2026-09-10T04:17:58,108.37,43.71
2026-09-10T04:17:59,108.31,43.64
2026-09-10T04:18:00,107.72,43.06
2026-09-10T04:18:01,108.07,43.42
2026-09-10T04:18:02,108.06,43.4
2026-09-10T04:18:03,108.26,43.6
2026-09-10T04:18:04,108.2,43.54
2026-09-10T04:18:05,108.7,44.03
2026-09-10T04:18:06,108.5,43.84
2026-09-10T04:18:07,108.2,43.53
2026-09-10T04:18:08,108.36,43.7
2026-09-10T04:18:09,108.44,43.78
2026-09-10T04:18:10,107.8,43.14
2026-09-10T04:18:11,108.15,43.49
2026-09-10T04:18:12,108.21,43.55
2026-09-10T04:18:13,108.65,43.98
2026-09-10T04:18:14,108.52,43.85
2026-09-10T04:18:15,108.01,43.35
2026-09-10T04:18:16,108.5,43.84
2026-09-10T04:18:17,108.12,43.46
2026-09-10T04:18:18,108.01,43.35
2026-09-10T04:18:19,108.37,43.71
2026-09-10T04:18:20,108.14,43.48
2026-09-10T04:18:21,108.61,43.94
2026-09-10T04:18:22,108.98,44.31
2026-09-10T04:18:23,108.02,43.36
2026-09-10T04:18:24,108.49,43.83
2026-09-10T04:18:25,108.46,43.79
2026-09-10T04:18:26,108.3,43.63
2026-09-10T04:18:27,108.62,43.96
2026-09-10T04:18:28,108.35,43.69
2026-09-10T04:18:29,108.72,44.05
2026-09-10T04:18:30,108.87,44.2
2026-09-10T04:18:31,108.75,44.08
2026-09-10T04:18:32,108.83,44.16
2026-09-10T04:18:33,109.12,44.44
2026-09-10T04:18:34,108.92,44.25
2026-09-10T04:18:35,108.8,44.13
2026-09-10T04:18:36,108.54,43.87
2026-09-10T04:18:37,109.04,44.37
2026-09-10T04:18:38,108.26,43.6
2026-09-10T04:18:39,108.23,43.57
2026-09-10T04:18:40,108.4,43.74
2026-09-10T04:18:41,108.52,43.85
2026-09-10T04:18:42,108.36,43.7
2026-09-10T04:18:43,108.52,43.85
2026-09-10T04:18:44,108.51,43.84
2026-09-10T04:18:45,108.8,44.13
2026-09-10T04:18:46,108.53,43.86
2026-09-10T04:18:47,108.44,43.77
2026-09-10T04:18:48,107.9,43.25
2026-09-10T04:18:49,108.52,43.85
2026-09-10T04:18:50,107.99,43.33
2026-09-10T04:18:51,107.5,42.85
2026-09-10T04:18:52,108.12,43.46
2026-09-10T04:18:53,108.46,43.8
2026-09-10T04:18:54,108.24,43.58
2026-09-10T04:18:55,107.91,43.25
2026-09-10T04:18:56,108.35,43.69
2026-09-10T04:18:57,108.51,43.85
2026-09-10T04:18:58,107.66,43.0
2026-09-10T04:18:59,108.29,43.63
2026-09-10T04:19:00,108.0,43.35
2026-09-10T04:19:01,108.38,43.72
2026-09-10T04:19:02,108.3,43.63
2026-09-10T04:19:03,108.67,44.0
2026-09-10T04:19:04,108.07,43.41
2026-09-10T04:19:05,108.23,43.57
2026-09-10T04:19:06,108.5,43.83
2026-09-10T04:19:07,108.07,43.41
2026-09-10T04:19:08,108.24,43.58
2026-09-10T04:19:09,108.37,43.7
2026-09-10T04:19:10,108.43,43.76
2026-09-10T04:19:11,108.03,43.37
2026-09-10T04:19:12,108.41,43.75
2026-09-10T04:19:13,108.21,43.55
2026-09-10T04:19:14,108.03,43.37
2026-09-10T04:19:15,108.02,43.36
2026-09-10T04:19:16,108.43,43.76
2026-09-10T04:19:17,108.24,43.58
2026-09-10T04:19:18,108.49,43.82
2026-09-10T04:19:19,108.11,43.45
2026-09-10T04:19:20,108.19,43.53
2026-09-10T04:19:21,107.86,43.21
2026-09-10T04:19:22,107.93,43.27
2026-09-10T04:19:23,107.71,43.05
2026-09-10T04:19:24,108.09,43.43
2026-09-10T04:19:25,108.63,43.96
2026-09-10T04:19:26,108.0,43.34
2026-09-10T04:19:27,108.5,43.83
2026-09-10T04:19:28,107.98,43.32
2026-09-10T04:19:29,108.26,43.59
2026-09-10T04:19:30,107.86,43.2
2026-09-10T04:19:31,108.15,43.49
2026-09-10T04:19:32,108.26,43.6
2026-09-10T04:19:33,108.09,43.43
2026-09-10T04:19:34,107.82,43.17
2026-09-10T04:19:35,108.19,43.53
2026-09-10T04:19:36,108.35,43.69
2026-09-10T04:19:37,108.42,43.76
2026-09-10T04:19:38,108.35,43.68
2026-09-10T04:19:39,108.18,43.52
2026-09-10T04:19:40,108.29,43.63
2026-09-10T04:19:41,108.32,43.66
2026-09-10T04:19:42,107.73,43.07
2026-09-10T04:19:43,108.45,43.78
2026-09-10T04:19:44,107.96,43.3
2026-09-10T04:19:45,108.64,43.97
2026-09-10T04:19:46,108.52,43.86
2026-09-10T04:19:47,108.33,43.67
2026-09-10T04:19:48,108.65,43.98
2026-09-10T04:19:49,107.96,43.3
2026-09-10T04:19:50,107.87,43.22
2026-09-10T04:19:51,108.6,43.93
2026-09-10T04:19:52,108.01,43.35
2026-09-10T04:19:53,108.19,43.52
2026-09-10T04:19:54,108.42,43.75
2026-09-10T04:19:55,109.09,44.41
2026-09-10T04:19:56,110.16,45.47
2026-09-10T04:19:57,108.47,43.8
2026-09-10T04:19:58,108.23,43.57
2026-09-10T04:19:59,107.97,43.31
2026-09-10T04:20:00,108.48,43.81
2026-09-10T04:20:01,108.38,43.72
2026-09-10T04:20:02,108.0,43.35
2026-09-10T04:20:03,108.2,43.53
2026-09-10T04:20:04,107.84,43.18
2026-09-10T04:20:05,108.54,43.87
2026-09-10T04:20:06,107.76,43.11
2026-09-10T04:20:07,108.24,43.58
2026-09-10T04:20:08,108.04,43.38
2026-09-10T04:20:09,108.44,43.77
2026-09-10T04:20:10,108.28,43.62
2026-09-10T04:20:11,108.13,43.47
2026-09-10T04:20:12,107.9,43.25
2026-09-10T04:20:13,108.24,43.58
2026-09-10T04:20:14,108.73,44.06
2026-09-10T04:20:15,108.4,43.73
2026-09-10T04:20:16,108.21,43.55
2026-09-10T04:20:17,108.19,43.53
2026-09-10T04:20:18,108.21,43.54
2026-09-10T04:20:19,108.35,43.69
2026-09-10T04:20:20,108.16,43.5
2026-09-10T04:20:21,108.04,43.38
2026-09-10T04:20:22,108.4,43.74
2026-09-10T04:20:23,108.0,43.34
2026-09-10T04:20:24,108.14,43.48
2026-09-10T04:20:25,108.33,43.66
2026-09-10T04:20:26,108.43,43.77
2026-09-10T04:20:27,108.36,43.7
2026-09-10T04:20:28,108.57,43.91
2026-09-10T04:20:29,108.08,43.42
2026-09-10T04:20:30,108.16,43.5
2026-09-10T04:20:31,107.8,43.15
2026-09-10T04:20:32,107.96,43.3
2026-09-10T04:20:33,108.45,43.79
2026-09-10T04:20:34,108.37,43.7
2026-09-10T04:20:35,108.1,43.44
2026-09-10T04:20:36,107.9,43.25
2026-09-10T04:20:37,108.17,43.51
2026-09-10T04:20:38,108.18,43.52
2026-09-10T04:20:39,107.98,43.32
2026-09-10T04:20:40,108.83,44.16
2026-09-10T04:20:41,108.16,43.5
2026-09-10T04:20:42,108.33,43.67
2026-09-10T04:20:43,108.14,43.48
2026-09-10T04:20:44,108.61,43.95
2026-09-10T04:20:45,108.56,43.89
2026-09-10T04:20:46,108.6,43.94
2026-09-10T04:20:47,108.25,43.59
2026-09-10T04:20:48,108.15,43.49
2026-09-10T04:20:49,108.3,43.64
2026-09-10T04:20:50,108.34,43.67
2026-09-10T04:20:51,108.23,43.57
2026-09-10T04:20:52,108.24,43.58
2026-09-10T04:20:53,108.41,43.74
2026-09-10T04:20:54,108.52,43.85
2026-09-10T04:20:55,108.5,43.83
2026-09-10T04:20:56,108.83,44.16
2026-09-10T04:20:57,108.15,43.48
2026-09-10T04:20:58,108.89,44.22
2026-09-10T04:20:59,108.01,43.35
2026-09-10T04:21:00,108.21,43.55
2026-09-10T04:21:01,108.1,43.44
2026-09-10T04:21:02,108.27,43.6
2026-09-10T04:21:03,108.72,44.05
2026-09-10T04:21:04,108.31,43.65
2026-09-10T04:21:05,108.18,43.52
2026-09-10T04:21:06,108.38,43.72
2026-09-10T04:21:07,108.81,44.14
2026-09-10T04:21:08,108.43,43.77
2026-09-10T04:21:09,108.3,43.64
2026-09-10T04:21:10,108.52,43.85
2026-09-10T04:21:11,108.22,43.56
2026-09-10T04:21:12,109.1,44.42
2026-09-10T04:21:13,109.35,44.67
2026-09-10T04:21:14,110.27,45.58
2026-09-10T04:21:15,110.73,46.03
2026-09-10T04:21:16,111.21,46.5
2026-09-10T04:21:17,111.38,46.67
2026-09-10T04:21:18,110.2,45.51
2026-09-10T04:21:19,109.17,44.5
2026-09-10T04:21:20,108.75,44.09
2026-09-10T04:21:21,108.91,44.24
2026-09-10T04:21:22,108.81,44.14
2026-09-10T04:21:23,108.94,44.27
2026-09-10T04:21:24,108.68,44.01
2026-09-10T04:21:25,108.63,43.96
2026-09-10T04:21:26,108.11,43.45
2026-09-10T04:21:27,108.24,43.58
2026-09-10T04:21:28,108.57,43.9
2026-09-10T04:21:29,108.41,43.75
2026-09-10T04:21:30,108.27,43.61
2026-09-10T04:21:31,108.0,43.35
2026-09-10T04:21:32,108.35,43.69
2026-09-10T04:21:33,108.37,43.71
2026-09-10T04:21:34,108.22,43.56
2026-09-10T04:21:35,108.29,43.62
2026-09-10T04:21:36,107.8,43.15
2026-09-10T04:21:37,108.25,43.59
2026-09-10T04:21:38,108.47,43.8
2026-09-10T04:21:39,108.09,43.43
2026-09-10T04:21:40,108.29,43.63
2026-09-10T04:21:41,107.72,43.06
2026-09-10T04:21:42,108.4,43.73
2026-09-10T04:21:43,107.77,43.12
2026-09-10T04:21:44,108.09,43.43
2026-09-10T04:21:45,108.06,43.4
2026-09-10T04:21:46,108.13,43.47
2026-09-10T04:21:47,107.9,43.24
2026-09-10T04:21:48,107.82,43.17
2026-09-10T04:21:49,108.67,44.01
2026-09-10T04:21:50,108.31,43.65
2026-09-10T04:21:51,108.14,43.48
2026-09-10T04:21:52,108.13,43.47
2026-09-10T04:21:53,108.07,43.41
2026-09-10T04:21:54,108.19,43.53
2026-09-10T04:21:55,107.86,43.2
2026-09-10T04:21:56,108.25,43.59
2026-09-10T04:21:57,108.04,43.38
2026-09-10T04:21:58,108.12,43.46
2026-09-10T04:21:59,108.25,43.59
2026-09-10T04:22:00,108.14,43.48
2026-09-10T04:22:01,108.54,43.87
2026-09-10T04:22:02,108.21,43.55
2026-09-10T04:22:03,108.55,43.89
2026-09-10T04:22:04,108.07,43.41
2026-09-10T04:22:05,108.01,43.35
2026-09-10T04:22:06,108.04,43.38
2026-09-10T04:22:07,108.1,43.44
2026-09-10T04:22:08,108.59,43.92
2026-09-10T04:22:09,108.25,43.59
2026-09-10T04:22:10,108.54,43.87
2026-09-10T04:22:11,108.07,43.41
2026-09-10T04:22:12,108.12,43.46
2026-09-10T04:22:13,108.71,44.04
2026-09-10T04:22:14,108.04,43.38
2026-09-10T04:22:15,108.18,43.52
2026-09-10T04:22:16,108.07,43.41
2026-09-10T04:22:17,108.62,43.95
2026-09-10T04:22:18,108.29,43.63
2026-09-10T04:22:19,108.53,43.86
2026-09-10T04:22:20,108.29,43.62
2026-09-10T04:22:21,108.24,43.58
2026-09-10T04:22:22,108.18,43.52
2026-09-10T04:22:23,108.46,43.79
2026-09-10T04:22:24,108.78,44.11
2026-09-10T04:22:25,108.23,43.57
2026-09-10T04:22:26,108.41,43.74
2026-09-10T04:22:27,108.37,43.71
2026-09-10T04:22:28,108.24,43.57
2026-09-10T04:22:29,108.19,43.53
2026-09-10T04:22:30,109.0,44.33
2026-09-10T04:22:31,108.79,44.12
2026-09-10T04:22:32,108.71,44.04
2026-09-10T04:22:33,110.37,45.67
2026-09-10T04:22:34,113.05,48.32
2026-09-10T04:22:35,113.78,49.04
2026-09-10T04:22:36,114.95,50.19
2026-09-10T04:22:37,112.55,47.83
2026-09-10T04:22:38,110.75,46.05
2026-09-10T04:22:39,109.83,45.14
2026-09-10T04:22:40,109.3,44.62
2026-09-10T04:22:41,109.48,44.8
2026-09-10T04:22:42,108.53,43.86
2026-09-10T04:22:43,108.3,43.64
2026-09-10T04:22:44,108.68,44.01
2026-09-10T04:22:45,108.62,43.96
2026-09-10T04:22:46,108.22,43.56
2026-09-10T04:22:47,108.13,43.47
2026-09-10T04:22:48,108.2,43.54
2026-09-10T04:22:49,108.35,43.69
2026-09-10T04:22:50,107.9,43.24
2026-09-10T04:22:51,108.29,43.63
2026-09-10T04:22:52,107.79,43.14
2026-09-10T04:22:53,108.33,43.67
2026-09-10T04:22:54,108.28,43.62
2026-09-10T04:22:55,108.41,43.74
2026-09-10T04:22:56,108.17,43.51
2026-09-10T04:22:57,108.12,43.46
2026-09-10T04:22:58,107.96,43.31
2026-09-10T04:22:59,108.05,43.39
2026-09-10T04:23:00,108.19,43.53
2026-09-10T04:23:01,108.38,43.71
2026-09-10T04:23:02,108.13,43.47
2026-09-10T04:23:03,108.0,43.34
2026-09-10T04:23:04,108.71,44.04
2026-09-10T04:23:05,108.42,43.76
2026-09-10T04:23:06,108.22,43.56
2026-09-10T04:23:07,108.61,43.95
2026-09-10T04:23:08,108.1,43.44
2026-09-10T04:23:09,108.47,43.8
2026-09-10T04:23:10,108.62,43.95
2026-09-10T04:23:11,108.18,43.52
2026-09-10T04:23:12,108.42,43.76
2026-09-10T04:23:13,107.94,43.28
2026-09-10T04:23:14,107.76,43.11
2026-09-10T04:23:15,108.07,43.41
2026-09-10T04:23:16,108.31,43.64
2026-09-10T04:23:17,107.88,43.22
2026-09-10T04:23:18,108.38,43.72
2026-09-10T04:23:19,108.32,43.66
2026-09-10T04:23:20,108.82,44.15
2026-09-10T04:23:21,108.6,43.94
2026-09-10T04:23:22,107.8,43.15
2026-09-10T04:23:23,108.52,43.86
2026-09-10T04:23:24,108.12,43.46
2026-09-10T04:23:25,108.62,43.95
2026-09-10T04:23:26,108.5,43.84
2026-09-10T04:23:27,108.65,43.98
2026-09-10T04:23:28,108.36,43.7
2026-09-10T04:23:29,108.59,43.92
2026-09-10T04:23:30,108.82,44.15
2026-09-10T04:23:31,109.29,44.61
2026-09-10T04:23:32,108.67,44.01
2026-09-10T04:23:33,108.15,43.49
2026-09-10T04:23:34,107.93,43.27
2026-09-10T04:23:35,108.2,43.53
2026-09-10T04:23:36,108.22,43.56
2026-09-10T04:23:37,108.78,44.11
2026-09-10T04:23:38,108.32,43.66
2026-09-10T04:23:39,108.35,43.69
2026-09-10T04:23:40,107.99,43.34
2026-09-10T04:23:41,108.61,43.94
2026-09-10T04:23:42,107.99,43.33
2026-09-10T04:23:43,108.04,43.38
2026-09-10T04:23:44,107.78,43.12
2026-09-10T04:23:45,108.31,43.65
2026-09-10T04:23:46,108.27,43.61
2026-09-10T04:23:47,108.41,43.75
2026-09-10T04:23:48,108.37,43.71
2026-09-10T04:23:49,108.15,43.49
2026-09-10T04:23:50,107.99,43.33
2026-09-10T04:23:51,108.18,43.51
2026-09-10T04:23:52,108.66,44.0
2026-09-10T04:23:53,108.52,43.86
2026-09-10T04:23:54,108.54,43.88
2026-09-10T04:23:55,108.72,44.06
2026-09-10T04:23:56,108.98,44.31
2026-09-10T04:23:57,108.73,44.06
2026-09-10T04:23:58,108.14,43.48
2026-09-10T04:23:59,108.58,43.92
2026-09-10T04:24:00,108.52,43.85
2026-09-10T04:24:01,108.55,43.89
2026-09-10T04:24:02,108.3,43.64
2026-09-10T04:24:03,108.05,43.39
2026-09-10T04:24:04,108.19,43.53
2026-09-10T04:24:05,108.15,43.49
2026-09-10T04:24:06,108.25,43.58
2026-09-10T04:24:07,108.27,43.61
2026-09-10T04:24:08,108.31,43.64
2026-09-10T04:24:09,107.82,43.17
2026-09-10T04:24:10,109.06,44.39
2026-09-10T04:24:11,107.95,43.3
2026-09-10T04:24:12,108.37,43.71
2026-09-10T04:24:13,108.45,43.79
2026-09-10T04:24:14,108.18,43.52
2026-09-10T04:24:15,108.66,44.0
2026-09-10T04:24:16,108.26,43.6
2026-09-10T04:24:17,108.12,43.46
2026-09-10T04:24:18,108.71,44.05
2026-09-10T04:24:19,108.48,43.82
2026-09-10T04:24:20,108.2,43.54
2026-09-10T04:24:21,108.04,43.39
2026-09-10T04:24:22,108.22,43.56
2026-09-10T04:24:23,108.23,43.57
2026-09-10T04:24:24,108.52,43.85
2026-09-10T04:24:25,109.01,44.34
2026-09-10T04:24:26,108.11,43.45
2026-09-10T04:24:27,108.63,43.96
2026-09-10T04:24:28,108.59,43.92
2026-09-10T04:24:29,108.28,43.61
2026-09-10T04:24:30,107.88,43.22
2026-09-10T04:24:31,108.37,43.7
2026-09-10T04:24:32,108.27,43.61
2026-09-10T04:24:33,107.95,43.29
2026-09-10T04:24:34,108.33,43.66
2026-09-10T04:24:35,108.33,43.66
2026-09-10T04:24:36,107.88,43.22
2026-09-10T04:24:37,108.67,44.0
2026-09-10T04:24:38,107.99,43.33
2026-09-10T04:24:39,108.35,43.68
2026-09-10T04:24:40,108.57,43.9
2026-09-10T04:24:41,108.2,43.54
2026-09-10T04:24:42,108.29,43.63
2026-09-10T04:24:43,108.16,43.5
2026-09-10T04:24:44,107.93,43.27
2026-09-10T04:24:45,107.84,43.19
2026-09-10T04:24:46,108.44,43.77
2026-09-10T04:24:47,107.99,43.33
2026-09-10T04:24:48,108.77,44.1
2026-09-10T04:24:49,108.15,43.48
2026-09-10T04:24:50,108.64,43.98
2026-09-10T04:24:51,108.1,43.45
2026-09-10T04:24:52,108.45,43.79
2026-09-10T04:24:53,107.95,43.29
2026-09-10T04:24:54,108.27,43.6
2026-09-10T04:24:55,108.19,43.52
2026-09-10T04:24:56,109.79,45.11
2026-09-10T04:24:57,108.95,44.28
2026-09-10T04:24:58,108.59,43.92
2026-09-10T04:24:59,108.38,43.72
2026-09-10T04:25:00,108.04,43.38
2026-09-10T04:25:01,107.99,43.33
2026-09-10T04:25:02,108.18,43.52
2026-09-10T04:25:03,108.25,43.58
2026-09-10T04:25:04,108.21,43.55
2026-09-10T04:25:05,108.22,43.55
2026-09-10T04:25:06,107.54,42.89
2026-09-10T04:25:07,108.18,43.52
2026-09-10T04:25:08,108.37,43.71
2026-09-10T04:25:09,108.16,43.5
2026-09-10T04:25:10,108.34,43.68
2026-09-10T04:25:11,108.37,43.71
2026-09-10T04:25:12,108.52,43.85
2026-09-10T04:25:13,108.36,43.7
2026-09-10T04:25:14,108.1,43.44
2026-09-10T04:25:15,108.43,43.76
2026-09-10T04:25:16,108.28,43.62
2026-09-10T04:25:17,108.08,43.42
2026-09-10T04:25:18,108.47,43.8
2026-09-10T04:25:19,108.13,43.47
2026-09-10T04:25:20,108.01,43.35
2026-09-10T04:25:21,107.87,43.21
2026-09-10T04:25:22,108.55,43.88
2026-09-10T04:25:23,108.38,43.72
2026-09-10T04:25:24,108.03,43.37
2026-09-10T04:25:25,108.01,43.35
2026-09-10T04:25:26,108.38,43.72
2026-09-10T04:25:27,108.09,43.43
2026-09-10T04:25:28,108.31,43.65
2026-09-10T04:25:29,108.2,43.54
2026-09-10T04:25:30,108.42,43.75
2026-09-10T04:25:31,108.58,43.91
2026-09-10T04:25:32,108.44,43.77
2026-09-10T04:25:33,108.08,43.42
2026-09-10T04:25:34,107.97,43.31
2026-09-10T04:25:35,108.5,43.83
2026-09-10T04:25:36,108.91,44.24
2026-09-10T04:25:37,108.63,43.96
2026-09-10T04:25:38,108.95,44.28
2026-09-10T04:25:39,111.49,46.78
2026-09-10T04:25:40,111.71,46.99
2026-09-10T04:25:41,111.06,46.36
2026-09-10T04:25:42,110.89,46.19
2026-09-10T04:25:43,109.69,45.0
2026-09-10T04:25:44,109.29,44.61
2026-09-10T04:25:45,108.94,44.27
2026-09-10T04:25:46,108.69,44.03
2026-09-10T04:25:47,108.41,43.75
2026-09-10T04:25:48,108.64,43.97
2026-09-10T04:25:49,108.68,44.02
2026-09-10T04:25:50,108.5,43.84
2026-09-10T04:25:51,108.21,43.55
2026-09-10T04:25:52,108.24,43.58
2026-09-10T04:25:53,107.89,43.23
2026-09-10T04:25:54,108.18,43.52
2026-09-10T04:25:55,108.44,43.78
2026-09-10T04:25:56,108.11,43.45
2026-09-10T04:25:57,108.46,43.79
2026-09-10T04:25:58,108.45,43.78
2026-09-10T04:25:59,108.42,43.75
2026-09-10T04:26:00,107.96,43.3
2026-09-10T04:26:01,107.69,43.03
2026-09-10T04:26:02,108.03,43.37
2026-09-10T04:26:03,107.85,43.2
2026-09-10T04:26:04,107.88,43.22
2026-09-10T04:26:05,108.12,43.46
2026-09-10T04:26:06,108.57,43.9
2026-09-10T04:26:07,108.14,43.48
2026-09-10T04:26:08,107.99,43.34
2026-09-10T04:26:09,108.33,43.67
2026-09-10T04:26:10,108.41,43.74
2026-09-10T04:26:11,108.32,43.65
2026-09-10T04:26:12,108.03,43.37
2026-09-10T04:26:13,108.72,44.05
2026-09-10T04:26:14,108.29,43.63
2026-09-10T04:26:15,108.25,43.59
2026-09-10T04:26:16,107.97,43.31
2026-09-10T04:26:17,108.35,43.69
2026-09-10T04:26:18,108.3,43.64
2026-09-10T04:26:19,108.1,43.44
2026-09-10T04:26:20,108.47,43.8
2026-09-10T04:26:21,108.31,43.65
2026-09-10T04:26:22,108.02,43.36
2026-09-10T04:26:23,108.34,43.67
2026-09-10T04:26:24,108.15,43.48
2026-09-10T04:26:25,108.6,43.93
2026-09-10T04:26:26,108.43,43.76
2026-09-10T04:26:27,108.41,43.74
2026-09-10T04:26:28,108.46,43.79
2026-09-10T04:26:29,108.5,43.83
2026-09-10T04:26:30,109.25,44.58
2026-09-10T04:26:31,108.7,44.03
2026-09-10T04:26:32,108.57,43.91
2026-09-10T04:26:33,108.52,43.86
2026-09-10T04:26:34,108.54,43.88
2026-09-10T04:26:35,108.49,43.83
2026-09-10T04:26:36,108.83,44.16
2026-09-10T04:26:37,109.58,44.9
2026-09-10T04:26:38,110.41,45.72
2026-09-10T04:26:39,111.51,46.8
2026-09-10T04:26:40,112.56,47.83
2026-09-10T04:26:41,111.09,46.39
2026-09-10T04:26:42,109.61,44.93
2026-09-10T04:26:43,108.56,43.89
2026-09-10T04:26:44,108.4,43.74
2026-09-10T04:26:45,108.05,43.39
2026-09-10T04:26:46,107.99,43.33
2026-09-10T04:26:47,108.39,43.72
2026-09-10T04:26:48,108.51,43.84
2026-09-10T04:26:49,108.45,43.78
2026-09-10T04:26:50,108.71,44.05
2026-09-10T04:26:51,108.4,43.74
2026-09-10T04:26:52,108.17,43.51
2026-09-10T04:26:53,108.52,43.86
2026-09-10T04:26:54,107.94,43.28
2026-09-10T04:26:55,108.47,43.81
2026-09-10T04:26:56,108.44,43.78
2026-09-10T04:26:57,108.79,44.12
2026-09-10T04:26:58,108.29,43.62
2026-09-10T04:26:59,108.35,43.69
2026-09-10T04:27:00,107.85,43.19
2026-09-10T04:27:01,108.1,43.44
2026-09-10T04:27:02,107.74,43.09
2026-09-10T04:27:03,108.05,43.39
2026-09-10T04:27:04,108.08,43.42
2026-09-10T04:27:05,108.25,43.59
2026-09-10T04:27:06,108.52,43.85
2026-09-10T04:27:07,108.43,43.77
2026-09-10T04:27:08,108.64,43.97
2026-09-10T04:27:09,109.72,45.04
2026-09-10T04:27:10,109.81,45.12
2026-09-10T04:27:11,110.59,45.9
2026-09-10T04:27:12,110.71,46.01
2026-09-10T04:27:13,109.34,44.66
2026-09-10T04:27:14,108.63,43.96
2026-09-10T04:27:15,108.8,44.13
2026-09-10T04:27:16,108.32,43.65
2026-09-10T04:27:17,108.2,43.53
2026-09-10T04:27:18,108.3,43.64
2026-09-10T04:27:19,108.02,43.36
2026-09-10T04:27:20,108.41,43.74
2026-09-10T04:27:21,108.04,43.38
2026-09-10T04:27:22,108.51,43.85
2026-09-10T04:27:23,107.87,43.21
2026-09-10T04:27:24,108.58,43.91
2026-09-10T04:27:25,108.2,43.54
2026-09-10T04:27:26,108.23,43.57
2026-09-10T04:27:27,110.43,45.73
2026-09-10T04:27:28,108.67,44.0
2026-09-10T04:27:29,108.55,43.88
2026-09-10T04:27:30,109.98,45.29
2026-09-10T04:27:31,109.14,44.46
2026-09-10T04:27:32,109.19,44.51
2026-09-10T04:27:33,108.28,43.62
2026-09-10T04:27:34,110.46,45.77
2026-09-10T04:27:35,109.48,44.8
2026-09-10T04:27:36,108.13,43.47
2026-09-10T04:27:37,108.42,43.75
2026-09-10T04:27:38,107.54,42.88
2026-09-10T04:27:39,109.15,44.48
2026-09-10T04:27:40,107.97,43.31
2026-09-10T04:27:41,110.69,45.99
2026-09-10T04:27:42,115.5,50.73
2026-09-10T04:27:43,116.5,51.72
2026-09-10T04:27:44,110.19,45.5
2026-09-10T04:27:45,109.41,44.73
2026-09-10T04:27:46,109.23,44.55
2026-09-10T04:27:47,108.64,43.97
2026-09-10T04:27:48,109.15,44.48
2026-09-10T04:27:49,109.7,45.02
2026-09-10T04:27:50,108.95,44.28
2026-09-10T04:27:51,107.8,43.14
2026-09-10T04:27:52,108.05,43.39
2026-09-10T04:27:53,108.21,43.54
2026-09-10T04:27:54,107.66,43.0
2026-09-10T04:27:55,107.97,43.31
2026-09-10T04:27:56,108.18,43.52
2026-09-10T04:27:57,108.45,43.79
2026-09-10T04:27:58,108.43,43.76
2026-09-10T04:27:59,107.96,43.3
2026-09-10T04:28:00,108.04,43.38
2026-09-10T04:28:01,108.38,43.72
2026-09-10T04:28:02,108.56,43.9
2026-09-10T04:28:03,107.96,43.3
2026-09-10T04:28:04,107.55,42.89
2026-09-10T04:28:05,108.09,43.43
2026-09-10T04:28:06,108.06,43.4
2026-09-10T04:28:07,108.44,43.78
2026-09-10T04:28:08,108.23,43.57
2026-09-10T04:28:09,108.0,43.35
2026-09-10T04:28:10,107.94,43.29
2026-09-10T04:28:11,107.89,43.23
2026-09-10T04:28:12,108.24,43.58
2026-09-10T04:28:13,108.28,43.61
2026-09-10T04:28:14,108.27,43.61
2026-09-10T04:28:15,108.09,43.43
2026-09-10T04:28:16,108.17,43.51
2026-09-10T04:28:17,107.96,43.3
2026-09-10T04:28:18,107.99,43.33
2026-09-10T04:28:19,107.55,42.9
2026-09-10T04:28:20,108.32,43.66
2026-09-10T04:28:21,107.8,43.15
2026-09-10T04:28:22,107.93,43.28
2026-09-10T04:28:23,108.0,43.34
2026-09-10T04:28:24,108.29,43.63
2026-09-10T04:28:25,107.75,43.09
2026-09-10T04:28:26,108.12,43.46
2026-09-10T04:28:27,108.04,43.38
2026-09-10T04:28:28,108.25,43.58
2026-09-10T04:28:29,108.13,43.47
2026-09-10T04:28:30,108.56,43.89
2026-09-10T04:28:31,108.14,43.48
2026-09-10T04:28:32,108.33,43.67
2026-09-10T04:28:33,108.01,43.35
2026-09-10T04:28:34,108.56,43.9
2026-09-10T04:28:35,108.77,44.1
2026-09-10T04:28:36,108.66,43.99
2026-09-10T04:28:37,108.47,43.8
2026-09-10T04:28:38,108.7,44.03
2026-09-10T04:28:39,108.12,43.46
2026-09-10T04:28:40,108.43,43.77
2026-09-10T04:28:41,108.18,43.52
2026-09-10T04:28:42,108.04,43.38
2026-09-10T04:28:43,108.31,43.64
2026-09-10T04:28:44,107.83,43.18
2026-09-10T04:28:45,108.63,43.97
2026-09-10T04:28:46,108.22,43.56
2026-09-10T04:28:47,108.22,43.56
2026-09-10T04:28:48,107.53,42.88
2026-09-10T04:28:49,107.99,43.34
2026-09-10T04:28:50,107.93,43.28
2026-09-10T04:28:51,108.05,43.39
2026-09-10T04:28:52,108.34,43.67
2026-09-10T04:28:53,108.16,43.5
2026-09-10T04:28:54,108.33,43.67
2026-09-10T04:28:55,108.69,44.02
2026-09-10T04:28:56,108.47,43.81
2026-09-10T04:28:57,108.2,43.54
2026-09-10T04:28:58,107.94,43.28
2026-09-10T04:28:59,108.08,43.42
2026-09-10T04:29:00,108.71,44.04
2026-09-10T04:29:01,107.81,43.15
2026-09-10T04:29:02,108.19,43.53
2026-09-10T04:29:03,107.83,43.17
2026-09-10T04:29:04,108.49,43.82
2026-09-10T04:29:05,108.0,43.34
2026-09-10T04:29:06,107.84,43.18
2026-09-10T04:29:07,108.14,43.48
2026-09-10T04:29:08,108.03,43.37
2026-09-10T04:29:09,108.8,44.13
2026-09-10T04:29:10,108.15,43.48
2026-09-10T04:29:11,108.52,43.85
2026-09-10T04:29:12,107.94,43.28
2026-09-10T04:29:13,107.76,43.11
2026-09-10T04:29:14,107.92,43.26
2026-09-10T04:29:15,108.43,43.77
2026-09-10T04:29:16,108.01,43.35
2026-09-10T04:29:17,108.27,43.61
2026-09-10T04:29:18,108.28,43.62
2026-09-10T04:29:19,107.83,43.18
2026-09-10T04:29:20,107.85,43.2
2026-09-10T04:29:21,108.36,43.69
2026-09-10T04:29:22,108.41,43.74
2026-09-10T04:29:23,108.38,43.72
2026-09-10T04:29:24,108.98,44.31
2026-09-10T04:29:25,108.2,43.54
2026-09-10T04:29:26,108.78,44.11
2026-09-10T04:29:27,108.47,43.8
2026-09-10T04:29:28,108.92,44.25
2026-09-10T04:29:29,108.68,44.01
2026-09-10T04:29:30,109.06,44.38
2026-09-10T04:29:31,109.81,45.13
2026-09-10T04:29:32,108.95,44.28
2026-09-10T04:29:33,108.93,44.26
2026-09-10T04:29:34,108.26,43.6
2026-09-10T04:29:35,108.88,44.21
2026-09-10T04:29:36,109.06,44.38
2026-09-10T04:29:37,108.28,43.62
2026-09-10T04:29:38,108.88,44.21
2026-09-10T04:29:39,108.62,43.95
2026-09-10T04:29:40,108.5,43.83
2026-09-10T04:29:41,108.22,43.56
2026-09-10T04:29:42,107.91,43.25
2026-09-10T04:29:43,107.91,43.25
2026-09-10T04:29:44,108.06,43.4
2026-09-10T04:29:45,107.9,43.25
2026-09-10T04:29:46,108.18,43.52
2026-09-10T04:29:47,108.46,43.8
2026-09-10T04:29:48,108.48,43.82
2026-09-10T04:29:49,107.99,43.34
2026-09-10T04:29:50,107.85,43.2
2026-09-10T04:29:51,108.07,43.41
2026-09-10T04:29:52,108.17,43.51
2026-09-10T04:29:53,107.93,43.28
2026-09-10T04:29:54,107.87,43.21
2026-09-10T04:29:55,108.0,43.34
2026-09-10T04:29:56,108.13,43.47
2026-09-10T04:29:57,110.4,45.7
2026-09-10T04:29:58,108.59,43.92
2026-09-10T04:29:59,108.73,44.06
2026-09-10T04:30:00,108.7,44.03
2026-09-10T04:30:01,108.47,43.8
2026-09-10T04:30:02,108.37,43.71
2026-09-10T04:30:03,108.32,43.66
2026-09-10T04:30:04,112.26,47.54
2026-09-10T04:30:05,112.62,47.9
2026-09-10T04:30:06,111.11,46.4
2026-09-10T04:30:07,111.95,47.23
2026-09-10T04:30:08,108.41,43.75
2026-09-10T04:30:09,108.2,43.54
2026-09-10T04:30:10,108.0,43.34
2026-09-10T04:30:11,108.57,43.91
2026-09-10T04:30:12,108.08,43.42
2026-09-10T04:30:13,107.94,43.29
2026-09-10T04:30:14,110.74,46.04
2026-09-10T04:30:15,108.26,43.6
2026-09-10T04:30:16,108.36,43.7
2026-09-10T04:30:17,108.64,43.97
2026-09-10T04:30:18,108.56,43.89
2026-09-10T04:30:19,108.27,43.61
2026-09-10T04:30:20,108.12,43.46
2026-09-10T04:30:21,108.15,43.49
2026-09-10T04:30:22,108.49,43.82
2026-09-10T04:30:23,107.69,43.04
2026-09-10T04:30:24,107.97,43.31
2026-09-10T04:30:25,108.21,43.55
2026-09-10T04:30:26,107.83,43.17
2026-09-10T04:30:27,107.99,43.33
2026-09-10T04:30:28,108.3,43.64
2026-09-10T04:30:29,108.45,43.79
2026-09-10T04:30:30,108.28,43.62
2026-09-10T04:30:31,108.99,44.32
2026-09-10T04:30:32,109.13,44.46
2026-09-10T04:30:33,110.14,45.45
2026-09-10T04:30:34,112.25,47.53
2026-09-10T04:30:35,111.56,46.85
2026-09-10T04:30:36,109.88,45.19
2026-09-10T04:30:37,109.06,44.39
2026-09-10T04:30:38,108.92,44.24
2026-09-10T04:30:39,108.95,44.28
2026-09-10T04:30:40,108.4,43.74
2026-09-10T04:30:41,108.65,43.98
2026-09-10T04:30:42,108.35,43.68
2026-09-10T04:30:43,108.45,43.79
2026-09-10T04:30:44,107.98,43.32
2026-09-10T04:30:45,108.02,43.36
2026-09-10T04:30:46,108.68,44.01
2026-09-10T04:30:47,108.75,44.08
2026-09-10T04:30:48,107.98,43.32
2026-09-10T04:30:49,107.83,43.18
2026-09-10T04:30:50,108.21,43.55
2026-09-10T04:30:51,107.82,43.17
2026-09-10T04:30:52,108.12,43.46
2026-09-10T04:30:53,108.15,43.49
2026-09-10T04:30:54,107.91,43.26
2026-09-10T04:30:55,108.28,43.62
2026-09-10T04:30:56,107.98,43.32
2026-09-10T04:30:57,108.52,43.85
2026-09-10T04:30:58,107.53,42.88
2026-09-10T04:30:59,108.44,43.78
2026-09-10T04:31:00,107.95,43.29
2026-09-10T04:31:01,108.14,43.48
2026-09-10T04:31:02,108.18,43.52
2026-09-10T04:31:03,108.25,43.58
2026-09-10T04:31:04,108.31,43.65
2026-09-10T04:31:05,108.07,43.41
2026-09-10T04:31:06,108.28,43.62
2026-09-10T04:31:07,107.99,43.33
2026-09-10T04:31:08,108.33,43.67
2026-09-10T04:31:09,107.78,43.12
2026-09-10T04:31:10,108.16,43.5
2026-09-10T04:31:11,108.19,43.53
2026-09-10T04:31:12,108.15,43.49
2026-09-10T04:31:13,108.06,43.4
2026-09-10T04:31:14,108.11,43.45
2026-09-10T04:31:15,107.88,43.22
2026-09-10T04:31:16,107.78,43.13
2026-09-10T04:31:17,108.02,43.36
2026-09-10T04:31:18,108.23,43.57
2026-09-10T04:31:19,108.03,43.37
2026-09-10T04:31:20,107.99,43.33
2026-09-10T04:31:21,107.72,43.07
2026-09-10T04:31:22,107.73,43.08
2026-09-10T04:31:23,107.56,42.91
2026-09-10T04:31:24,108.17,43.51
2026-09-10T04:31:25,108.0,43.34
2026-09-10T04:31:26,108.05,43.39
2026-09-10T04:31:27,108.33,43.67
2026-09-10T04:31:28,107.82,43.16
2026-09-10T04:31:29,107.95,43.29
2026-09-10T04:31:30,108.1,43.44
2026-09-10T04:31:31,108.01,43.36
2026-09-10T04:31:32,108.07,43.41
2026-09-10T04:31:33,108.0,43.34
2026-09-10T04:31:34,108.32,43.66
2026-09-10T04:31:35,108.06,43.4
2026-09-10T04:31:36,108.34,43.68
2026-09-10T04:31:37,108.52,43.86
2026-09-10T04:31:38,108.23,43.57
2026-09-10T04:31:39,108.03,43.37
2026-09-10T04:31:40,108.45,43.79
2026-09-10T04:31:41,108.75,44.09
2026-09-10T04:31:42,108.57,43.9
2026-09-10T04:31:43,108.49,43.82
2026-09-10T04:31:44,108.17,43.51
2026-09-10T04:31:45,108.81,44.14
2026-09-10T04:31:46,108.47,43.81
2026-09-10T04:31:47,107.98,43.32
2026-09-10T04:31:48,107.8,43.14
2026-09-10T04:31:49,108.32,43.65
2026-09-10T04:31:50,108.26,43.6
2026-09-10T04:31:51,108.39,43.73
2026-09-10T04:31:52,108.46,43.8
2026-09-10T04:31:53,108.46,43.8
2026-09-10T04:31:54,108.45,43.78
2026-09-10T04:31:55,108.03,43.37
2026-09-10T04:31:56,108.53,43.86
2026-09-10T04:31:57,108.28,43.62
2026-09-10T04:31:58,108.06,43.4
2026-09-10T04:31:59,108.12,43.46
2026-09-10T04:32:00,108.34,43.67
2026-09-10T04:32:01,108.2,43.54
2026-09-10T04:32:02,108.1,43.44
2026-09-10T04:32:03,107.94,43.29
2026-09-10T04:32:04,108.27,43.61
2026-09-10T04:32:05,108.55,43.89
2026-09-10T04:32:06,108.54,43.88
2026-09-10T04:32:07,108.53,43.86
2026-09-10T04:32:08,108.37,43.71
2026-09-10T04:32:09,108.02,43.36
2026-09-10T04:32:10,107.56,42.91
2026-09-10T04:32:11,108.24,43.58
2026-09-10T04:32:12,107.84,43.19
2026-09-10T04:32:13,107.88,43.22
2026-09-10T04:32:14,108.78,44.11
2026-09-10T04:32:15,108.75,44.08
2026-09-10T04:32:16,107.86,43.2
2026-09-10T04:32:17,108.5,43.84
2026-09-10T04:32:18,108.14,43.48
2026-09-10T04:32:19,108.51,43.85
2026-09-10T04:32:20,108.52,43.86
2026-09-10T04:32:21,108.12,43.46
2026-09-10T04:32:22,108.65,43.98
2026-09-10T04:32:23,108.57,43.9
2026-09-10T04:32:24,108.21,43.54
2026-09-10T04:32:25,109.06,44.39
2026-09-10T04:32:26,108.92,44.25
2026-09-10T04:32:27,108.47,43.81
2026-09-10T04:32:28,108.47,43.81
2026-09-10T04:32:29,108.11,43.45
2026-09-10T04:32:30,108.35,43.69
2026-09-10T04:32:31,108.57,43.9
2026-09-10T04:32:32,108.45,43.79
2026-09-10T04:32:33,109.06,44.39
2026-09-10T04:32:34,108.4,43.73
2026-09-10T04:32:35,108.14,43.48
2026-09-10T04:32:36,108.61,43.94
2026-09-10T04:32:37,108.03,43.37
2026-09-10T04:32:38,108.48,43.82
2026-09-10T04:32:39,108.41,43.75
2026-09-10T04:32:40,108.11,43.45
2026-09-10T04:32:41,108.26,43.6
2026-09-10T04:32:42,108.55,43.89
2026-09-10T04:32:43,108.65,43.98
2026-09-10T04:32:44,108.25,43.59
2026-09-10T04:32:45,108.07,43.41
2026-09-10T04:32:46,108.18,43.52
2026-09-10T04:32:47,108.13,43.47
2026-09-10T04:32:48,108.27,43.61
2026-09-10T04:32:49,108.2,43.54
2026-09-10T04:32:50,107.64,42.99
2026-09-10T04:32:51,108.07,43.41
2026-09-10T04:32:52,108.65,43.99
2026-09-10T04:32:53,108.75,44.08
2026-09-10T04:32:54,108.29,43.63
2026-09-10T04:32:55,108.05,43.39
2026-09-10T04:32:56,107.7,43.05
2026-09-10T04:32:57,108.75,44.08
2026-09-10T04:32:58,108.85,44.18
2026-09-10T04:32:59,108.01,43.35
2026-09-10T04:33:00,108.19,43.53
2026-09-10T04:33:01,108.09,43.43
2026-09-10T04:33:02,108.47,43.81
2026-09-10T04:33:03,108.22,43.56
2026-09-10T04:33:04,108.34,43.68
2026-09-10T04:33:05,108.08,43.42
2026-09-10T04:33:06,108.32,43.66
2026-09-10T04:33:07,108.61,43.95
2026-09-10T04:33:08,108.05,43.39
2026-09-10T04:33:09,111.56,46.85
2026-09-10T04:33:10,108.05,43.39
2026-09-10T04:33:11,108.13,43.47
2026-09-10T04:33:12,108.46,43.8
2026-09-10T04:33:13,108.17,43.51
2026-09-10T04:33:14,108.22,43.55
2026-09-10T04:33:15,108.66,44.0
2026-09-10T04:33:16,107.79,43.13
2026-09-10T04:33:17,108.1,43.44
2026-09-10T04:33:18,107.96,43.3
2026-09-10T04:33:19,107.9,43.24
2026-09-10T04:33:20,108.17,43.51
2026-09-10T04:33:21,108.01,43.35
2026-09-10T04:33:22,108.15,43.49
2026-09-10T04:33:23,108.54,43.87
2026-09-10T04:33:24,108.28,43.62
2026-09-10T04:33:25,108.11,43.45
2026-09-10T04:33:26,107.91,43.25
2026-09-10T04:33:27,108.35,43.69
2026-09-10T04:33:28,108.84,44.17
2026-09-10T04:33:29,108.09,43.43
2026-09-10T04:33:30,108.27,43.61
2026-09-10T04:33:31,108.12,43.46
2026-09-10T04:33:32,108.39,43.73
2026-09-10T04:33:33,108.65,43.98
2026-09-10T04:33:34,108.31,43.65
2026-09-10T04:33:35,108.12,43.46
2026-09-10T04:33:36,108.11,43.45
2026-09-10T04:33:37,108.25,43.59
2026-09-10T04:33:38,108.09,43.43
2026-09-10T04:33:39,108.44,43.78
2026-09-10T04:33:40,108.5,43.83
2026-09-10T04:33:41,108.36,43.7
2026-09-10T04:33:42,108.15,43.49
2026-09-10T04:33:43,107.86,43.21
2026-09-10T04:33:44,108.64,43.97
2026-09-10T04:33:45,108.11,43.45
2026-09-10T04:33:46,108.89,44.21
2026-09-10T04:33:47,108.07,43.41
2026-09-10T04:33:48,108.03,43.37
2026-09-10T04:33:49,108.47,43.8
2026-09-10T04:33:50,107.92,43.26
2026-09-10T04:33:51,108.47,43.81
2026-09-10T04:33:52,108.21,43.55
2026-09-10T04:33:53,108.18,43.52
2026-09-10T04:33:54,108.21,43.54
2026-09-10T04:33:55,107.86,43.2
2026-09-10T04:33:56,108.5,43.84
2026-09-10T04:33:57,108.6,43.94
2026-09-10T04:33:58,108.21,43.55
2026-09-10T04:33:59,108.27,43.61
2026-09-10T04:34:00,108.25,43.59
2026-09-10T04:34:01,108.66,43.99
2026-09-10T04:34:02,108.41,43.75
2026-09-10T04:34:03,108.46,43.8
2026-09-10T04:34:04,108.33,43.66
2026-09-10T04:34:05,108.37,43.71
2026-09-10T04:34:06,108.48,43.81
2026-09-10T04:34:07,108.47,43.8
2026-09-10T04:34:08,107.92,43.26
2026-09-10T04:34:09,108.38,43.72
2026-09-10T04:34:10,108.42,43.75
2026-09-10T04:34:11,108.13,43.47
2026-09-10T04:34:12,108.65,43.99
2026-09-10T04:34:13,108.34,43.68
2026-09-10T04:34:14,108.21,43.55
2026-09-10T04:34:15,108.33,43.66
2026-09-10T04:34:16,108.72,44.05
2026-09-10T04:34:17,108.98,44.3
2026-09-10T04:34:18,108.39,43.72
2026-09-10T04:34:19,108.55,43.88
2026-09-10T04:34:20,108.34,43.68
2026-09-10T04:34:21,108.13,43.47
2026-09-10T04:34:22,108.41,43.75
2026-09-10T04:34:23,108.24,43.58
2026-09-10T04:34:24,107.92,43.27
2026-09-10T04:34:25,108.56,43.89
2026-09-10T04:34:26,108.69,44.03
2026-09-10T04:34:27,107.66,43.0
2026-09-10T04:34:28,108.34,43.68
2026-09-10T04:34:29,108.59,43.93
2026-09-10T04:34:30,108.55,43.88
2026-09-10T04:34:31,108.43,43.76
2026-09-10T04:34:32,107.79,43.14
2026-09-10T04:34:33,108.47,43.81
2026-09-10T04:34:34,108.02,43.36
2026-09-10T04:34:35,109.15,44.48
2026-09-10T04:34:36,108.54,43.87
2026-09-10T04:34:37,108.21,43.55
2026-09-10T04:34:38,108.26,43.6
2026-09-10T04:34:39,108.45,43.79
2026-09-10T04:34:40,108.45,43.79
2026-09-10T04:34:41,108.06,43.41
2026-09-10T04:34:42,108.23,43.56
2026-09-10T04:34:43,108.07,43.41
2026-09-10T04:34:44,107.63,42.98
2026-09-10T04:34:45,108.58,43.91
2026-09-10T04:34:46,107.88,43.22
2026-09-10T04:34:47,108.31,43.65
2026-09-10T04:34:48,108.13,43.47
2026-09-10T04:34:49,108.37,43.71
2026-09-10T04:34:50,108.24,43.58
2026-09-10T04:34:51,107.72,43.06
2026-09-10T04:34:52,108.25,43.59
2026-09-10T04:34:53,108.03,43.37
2026-09-10T04:34:54,108.25,43.59
2026-09-10T04:34:55,108.01,43.35
2026-09-10T04:34:56,108.04,43.38
2026-09-10T04:34:57,108.56,43.89
2026-09-10T04:34:58,110.12,45.43
2026-09-10T04:34:59,111.77,47.06
2026-09-10T04:35:00,111.5,46.79
2026-09-10T04:35:01,108.62,43.95
2026-09-10T04:35:02,108.82,44.15
2026-09-10T04:35:03,108.26,43.6
2026-09-10T04:35:04,108.66,43.99
2026-09-10T04:35:05,108.45,43.79
2026-09-10T04:35:06,108.32,43.66
2026-09-10T04:35:07,108.13,43.47
2026-09-10T04:35:08,108.37,43.71
2026-09-10T04:35:09,111.89,47.18
2026-09-10T04:35:10,108.48,43.82
2026-09-10T04:35:11,108.21,43.54
2026-09-10T04:35:12,108.33,43.67
2026-09-10T04:35:13,108.49,43.82
2026-09-10T04:35:14,108.45,43.78
2026-09-10T04:35:15,108.95,44.27
2026-09-10T04:35:16,108.46,43.8
2026-09-10T04:35:17,107.93,43.27
2026-09-10T04:35:18,108.44,43.78
2026-09-10T04:35:19,108.64,43.97
2026-09-10T04:35:20,108.65,43.98
2026-09-10T04:35:21,108.23,43.56
2026-09-10T04:35:22,108.6,43.93
2026-09-10T04:35:23,108.59,43.93
2026-09-10T04:35:24,107.97,43.31
2026-09-10T04:35:25,108.34,43.68
2026-09-10T04:35:26,108.26,43.6
2026-09-10T04:35:27,108.66,43.99
2026-09-10T04:35:28,108.06,43.4
2026-09-10T04:35:29,107.78,43.13
2026-09-10T04:35:30,108.06,43.4
2026-09-10T04:35:31,108.14,43.48
2026-09-10T04:35:32,108.37,43.71
2026-09-10T04:35:33,108.82,44.15
2026-09-10T04:35:34,108.51,43.84
2026-09-10T04:35:35,108.15,43.49
2026-09-10T04:35:36,108.38,43.72
2026-09-10T04:35:37,109.07,44.4
2026-09-10T04:35:38,108.38,43.72
2026-09-10T04:35:39,108.08,43.42
2026-09-10T04:35:40,108.39,43.72
2026-09-10T04:35:41,108.43,43.77
2026-09-10T04:35:42,108.08,43.42
2026-09-10T04:35:43,108.11,43.45
2026-09-10T04:35:44,108.01,43.35
2026-09-10T04:35:45,108.14,43.48
2026-09-10T04:35:46,108.01,43.35
2026-09-10T04:35:47,108.26,43.6
2026-09-10T04:35:48,108.2,43.54
2026-09-10T04:35:49,108.03,43.37
2026-09-10T04:35:50,108.45,43.79
2026-09-10T04:35:51,108.67,44.01
2026-09-10T04:35:52,108.54,43.88
2026-09-10T04:35:53,108.61,43.94
2026-09-10T04:35:54,108.5,43.84
2026-09-10T04:35:55,108.36,43.69
2026-09-10T04:35:56,108.59,43.92
2026-09-10T04:35:57,107.46,42.81
2026-09-10T04:35:58,108.04,43.38
2026-09-10T04:35:59,108.41,43.75
2026-09-10T04:36:00,108.38,43.72
2026-09-10T04:36:01,108.44,43.77
2026-09-10T04:36:02,108.33,43.67
2026-09-10T04:36:03,108.72,44.05
2026-09-10T04:36:04,109.03,44.36
2026-09-10T04:36:05,108.56,43.89
2026-09-10T04:36:06,109.85,45.16
2026-09-10T04:36:07,109.82,45.14
2026-09-10T04:36:08,110.51,45.82
2026-09-10T04:36:09,112.18,47.46
2026-09-10T04:36:10,110.75,46.05
2026-09-10T04:36:11,109.31,44.64
2026-09-10T04:36:12,109.78,45.1
2026-09-10T04:36:13,108.91,44.24
2026-09-10T04:36:14,108.4,43.74
2026-09-10T04:36:15,108.71,44.04
2026-09-10T04:36:16,108.41,43.75
2026-09-10T04:36:17,108.21,43.54
2026-09-10T04:36:18,107.82,43.17
2026-09-10T04:36:19,108.08,43.42
2026-09-10T04:36:20,108.15,43.49
2026-09-10T04:36:21,108.01,43.35
2026-09-10T04:36:22,108.53,43.87
2026-09-10T04:36:23,108.57,43.9
2026-09-10T04:36:24,108.08,43.42
2026-09-10T04:36:25,108.3,43.64
2026-09-10T04:36:26,108.54,43.88
2026-09-10T04:36:27,108.25,43.58
2026-09-10T04:36:28,108.17,43.51
2026-09-10T04:36:29,108.59,43.92
2026-09-10T04:36:30,108.05,43.39
2026-09-10T04:36:31,108.52,43.85
2026-09-10T04:36:32,108.05,43.39
2026-09-10T04:36:33,108.14,43.48
2026-09-10T04:36:34,107.98,43.33
2026-09-10T04:36:35,108.21,43.55
2026-09-10T04:36:36,108.27,43.61
2026-09-10T04:36:37,108.4,43.73
2026-09-10T04:36:38,108.55,43.89
2026-09-10T04:36:39,107.98,43.32
2026-09-10T04:36:40,108.36,43.7
2026-09-10T04:36:41,108.15,43.49
2026-09-10T04:36:42,108.7,44.04
2026-09-10T04:36:43,108.22,43.56
2026-09-10T04:36:44,108.88,44.21
2026-09-10T04:36:45,108.31,43.65
2026-09-10T04:36:46,108.39,43.73
2026-09-10T04:36:47,108.05,43.39
2026-09-10T04:36:48,108.34,43.67
2026-09-10T04:36:49,108.65,43.98
2026-09-10T04:36:50,108.16,43.5
2026-09-10T04:36:51,108.2,43.54
2026-09-10T04:36:52,108.28,43.62
2026-09-10T04:36:53,108.52,43.85
2026-09-10T04:36:54,108.36,43.7
2026-09-10T04:36:55,108.72,44.06
2026-09-10T04:36:56,107.9,43.24
2026-09-10T04:36:57,108.03,43.37
2026-09-10T04:36:58,108.26,43.59
2026-09-10T04:36:59,108.83,44.16
2026-09-10T04:37:00,130.75,65.77
2026-09-10T04:37:01,128.81,63.86
2026-09-10T04:37:02,127.38,62.45
2026-09-10T04:37:03,114.44,49.69
2026-09-10T04:37:04,120.31,55.48
2026-09-10T04:37:05,113.05,48.32
2026-09-10T04:37:06,116.32,51.54
2026-09-10T04:37:07,109.4,44.73
2026-09-10T04:37:08,108.48,43.82
2026-09-10T04:37:09,108.19,43.53
2026-09-10T04:37:10,108.77,44.1
2026-09-10T04:37:11,108.47,43.81
2026-09-10T04:37:12,108.58,43.91
2026-09-10T04:37:13,109.4,44.73
2026-09-10T04:37:14,108.73,44.06
2026-09-10T04:37:15,108.37,43.71
2026-09-10T04:37:16,108.08,43.42
2026-09-10T04:37:17,108.18,43.52
2026-09-10T04:37:18,108.03,43.37
2026-09-10T04:37:19,107.99,43.34
2026-09-10T04:37:20,108.15,43.49
2026-09-10T04:37:21,108.28,43.62
2026-09-10T04:37:22,108.76,44.09
2026-09-10T04:37:23,108.31,43.65
2026-09-10T04:37:24,107.92,43.26
2026-09-10T04:37:25,108.57,43.9
2026-09-10T04:37:26,109.09,44.41
2026-09-10T04:37:27,110.0,45.31
2026-09-10T04:37:28,110.34,45.64
2026-09-10T04:37:29,110.61,45.91
2026-09-10T04:37:30,110.19,45.51
2026-09-10T04:37:31,109.88,45.19
2026-09-10T04:37:32,109.0,44.33
2026-09-10T04:37:33,108.7,44.03
2026-09-10T04:37:34,109.03,44.36
2026-09-10T04:37:35,108.66,44.0
2026-09-10T04:37:36,108.17,43.5
2026-09-10T04:37:37,107.81,43.16
2026-09-10T04:37:38,107.95,43.29
2026-09-10T04:37:39,108.23,43.57
2026-09-10T04:37:40,108.79,44.12
2026-09-10T04:37:41,108.29,43.63
2026-09-10T04:37:42,107.94,43.29
2026-09-10T04:37:43,108.18,43.52
2026-09-10T04:37:44,108.54,43.87
2026-09-10T04:37:45,108.3,43.63
2026-09-10T04:37:46,108.06,43.4
2026-09-10T04:37:47,108.93,44.26
2026-09-10T04:37:48,108.59,43.92
2026-09-10T04:37:49,108.85,44.18
2026-09-10T04:37:50,109.25,44.58
2026-09-10T04:37:51,109.51,44.83
2026-09-10T04:37:52,110.28,45.58
2026-09-10T04:37:53,111.12,46.42
2026-09-10T04:37:54,110.88,46.18
2026-09-10T04:37:55,109.63,44.95
2026-09-10T04:37:56,108.81,44.14
2026-09-10T04:37:57,108.81,44.14
2026-09-10T04:37:58,108.67,44.0
2026-09-10T04:37:59,108.56,43.9
2026-09-10T04:38:00,108.37,43.71
2026-09-10T04:38:01,108.4,43.74
2026-09-10T04:38:02,108.38,43.72
2026-09-10T04:38:03,108.06,43.4
2026-09-10T04:38:04,107.87,43.21
2026-09-10T04:38:05,108.37,43.7
2026-09-10T04:38:06,108.09,43.43
2026-09-10T04:38:07,108.37,43.71
2026-09-10T04:38:08,108.34,43.67
2026-09-10T04:38:09,108.02,43.37
2026-09-10T04:38:10,108.2,43.54
2026-09-10T04:38:11,108.05,43.39
2026-09-10T04:38:12,108.15,43.49
2026-09-10T04:38:13,108.49,43.82
2026-09-10T04:38:14,107.86,43.2
2026-09-10T04:38:15,111.69,46.98
2026-09-10T04:38:16,108.14,43.48
2026-09-10T04:38:17,107.98,43.32
2026-09-10T04:38:18,108.17,43.51
2026-09-10T04:38:19,107.72,43.06
2026-09-10T04:38:20,108.15,43.49
2026-09-10T04:38:21,108.36,43.69
2026-09-10T04:38:22,107.73,43.08
2026-09-10T04:38:23,108.41,43.74
2026-09-10T04:38:24,108.3,43.63
2026-09-10T04:38:25,108.36,43.69
2026-09-10T04:38:26,108.47,43.8
2026-09-10T04:38:27,108.61,43.94
2026-09-10T04:38:28,108.05,43.39
2026-09-10T04:38:29,108.07,43.41
2026-09-10T04:38:30,108.37,43.71
2026-09-10T04:38:31,108.29,43.63
2026-09-10T04:38:32,108.3,43.64
2026-09-10T04:38:33,107.93,43.27
2026-09-10T04:38:34,108.24,43.58
2026-09-10T04:38:35,108.08,43.42
2026-09-10T04:38:36,108.59,43.92
2026-09-10T04:38:37,107.84,43.19
2026-09-10T04:38:38,107.97,43.31
2026-09-10T04:38:39,108.19,43.53
2026-09-10T04:38:40,108.08,43.42
2026-09-10T04:38:41,108.75,44.08
2026-09-10T04:38:42,108.37,43.7
2026-09-10T04:38:43,108.24,43.58
2026-09-10T04:38:44,108.63,43.97
2026-09-10T04:38:45,108.13,43.47
2026-09-10T04:38:46,107.96,43.3
2026-09-10T04:38:47,108.54,43.87
2026-09-10T04:38:48,108.02,43.37
2026-09-10T04:38:49,108.37,43.7
2026-09-10T04:38:50,108.28,43.62
2026-09-10T04:38:51,108.24,43.58
2026-09-10T04:38:52,108.32,43.65
2026-09-10T04:38:53,107.87,43.21
2026-09-10T04:38:54,107.99,43.33
2026-09-10T04:38:55,108.71,44.04
2026-09-10T04:38:56,108.14,43.48
2026-09-10T04:38:57,108.18,43.52
2026-09-10T04:38:58,108.39,43.73
2026-09-10T04:38:59,108.22,43.56
2026-09-10T04:39:00,107.85,43.2
2026-09-10T04:39:01,108.05,43.39
2026-09-10T04:39:02,108.59,43.92
2026-09-10T04:39:03,107.89,43.23
2026-09-10T04:39:04,108.25,43.59
2026-09-10T04:39:05,108.21,43.55
2026-09-10T04:39:06,108.14,43.48
2026-09-10T04:39:07,107.74,43.09
2026-09-10T04:39:08,108.01,43.35
2026-09-10T04:39:09,108.21,43.54
2026-09-10T04:39:10,108.08,43.42
2026-09-10T04:39:11,108.55,43.88
2026-09-10T04:39:12,108.37,43.71
2026-09-10T04:39:13,108.06,43.4
2026-09-10T04:39:14,108.33,43.66
2026-09-10T04:39:15,108.71,44.04
2026-09-10T04:39:16,108.75,44.08
2026-09-10T04:39:17,108.14,43.48
2026-09-10T04:39:18,108.43,43.77
2026-09-10T04:39:19,108.48,43.81
2026-09-10T04:39:20,108.48,43.82
2026-09-10T04:39:21,108.21,43.55
2026-09-10T04:39:22,108.75,44.08
2026-09-10T04:39:23,108.24,43.58
2026-09-10T04:39:24,108.04,43.38
2026-09-10T04:39:25,108.08,43.42
2026-09-10T04:39:26,108.46,43.79
2026-09-10T04:39:27,108.03,43.37
2026-09-10T04:39:28,108.11,43.45
2026-09-10T04:39:29,108.22,43.56
2026-09-10T04:39:30,108.62,43.95
2026-09-10T04:39:31,108.29,43.63
2026-09-10T04:39:32,108.32,43.65
2026-09-10T04:39:33,108.43,43.77
2026-09-10T04:39:34,108.4,43.74
2026-09-10T04:39:35,107.78,43.13
2026-09-10T04:39:36,108.31,43.65
2026-09-10T04:39:37,108.0,43.34
2026-09-10T04:39:38,109.13,44.45
2026-09-10T04:39:39,108.06,43.4
2026-09-10T04:39:40,108.48,43.82
2026-09-10T04:39:41,108.23,43.57
2026-09-10T04:39:42,108.27,43.61
2026-09-10T04:39:43,107.83,43.18
2026-09-10T04:39:44,108.21,43.55
2026-09-10T04:39:45,108.29,43.63
2026-09-10T04:39:46,108.2,43.53
2026-09-10T04:39:47,108.16,43.5
2026-09-10T04:39:48,108.57,43.91
2026-09-10T04:39:49,108.17,43.51
2026-09-10T04:39:50,108.09,43.43
2026-09-10T04:39:51,108.44,43.77
2026-09-10T04:39:52,108.52,43.85
2026-09-10T04:39:53,108.42,43.76
2026-09-10T04:39:54,108.75,44.09
2026-09-10T04:39:55,108.29,43.62
2026-09-10T04:39:56,108.37,43.7
2026-09-10T04:39:57,108.38,43.71
2026-09-10T04:39:58,109.37,44.7
2026-09-10T04:39:59,109.59,44.91
2026-09-10T04:40:00,108.15,43.49
2026-09-10T04:40:01,108.25,43.59
2026-09-10T04:40:02,108.49,43.83
2026-09-10T04:40:03,108.16,43.49
2026-09-10T04:40:04,108.18,43.52
2026-09-10T04:40:05,108.5,43.84
2026-09-10T04:40:06,108.23,43.57
2026-09-10T04:40:07,108.69,44.02
2026-09-10T04:40:08,108.42,43.75
2026-09-10T04:40:09,108.89,44.21
2026-09-10T04:40:10,108.12,43.46
2026-09-10T04:40:11,108.71,44.04
2026-09-10T04:40:12,108.19,43.53
2026-09-10T04:40:13,108.44,43.78
2026-09-10T04:40:14,108.3,43.63
2026-09-10T04:40:15,108.51,43.84
2026-09-10T04:40:16,108.21,43.55
2026-09-10T04:40:17,107.91,43.25
2026-09-10T04:40:18,108.03,43.37
2026-09-10T04:40:19,108.3,43.64
2026-09-10T04:40:20,108.93,44.26
2026-09-10T04:40:21,108.22,43.56
2026-09-10T04:40:22,108.45,43.79
2026-09-10T04:40:23,108.62,43.96
2026-09-10T04:40:24,108.69,44.02
2026-09-10T04:40:25,108.46,43.79
2026-09-10T04:40:26,108.66,43.99
2026-09-10T04:40:27,108.41,43.74
2026-09-10T04:40:28,107.98,43.33
2026-09-10T04:40:29,108.35,43.69
2026-09-10T04:40:30,108.17,43.51
2026-09-10T04:40:31,108.09,43.43
2026-09-10T04:40:32,107.88,43.22
2026-09-10T04:40:33,108.02,43.36
2026-09-10T04:40:34,108.04,43.38
2026-09-10T04:40:35,108.15,43.49
2026-09-10T04:40:36,108.33,43.67
2026-09-10T04:40:37,108.32,43.66
2026-09-10T04:40:38,107.91,43.26
2026-09-10T04:40:39,108.14,43.48
2026-09-10T04:40:40,108.1,43.44
2026-09-10T04:40:41,108.27,43.6
2026-09-10T04:40:42,108.39,43.73
2026-09-10T04:40:43,108.64,43.98
2026-09-10T04:40:44,108.24,43.57
2026-09-10T04:40:45,108.42,43.75
2026-09-10T04:40:46,108.48,43.82
2026-09-10T04:40:47,108.39,43.73
2026-09-10T04:40:48,107.84,43.19
2026-09-10T04:40:49,108.23,43.57
2026-09-10T04:40:50,108.74,44.07
2026-09-10T04:40:51,108.68,44.01
2026-09-10T04:40:52,108.25,43.58
2026-09-10T04:40:53,108.1,43.44
2026-09-10T04:40:54,108.07,43.41
2026-09-10T04:40:55,108.46,43.79
2026-09-10T04:40:56,107.76,43.11
2026-09-10T04:40:57,107.9,43.24
2026-09-10T04:40:58,108.37,43.71
2026-09-10T04:40:59,108.35,43.69
2026-09-10T04:41:00,108.21,43.55
2026-09-10T04:41:01,108.76,44.09
2026-09-10T04:41:02,108.32,43.65
2026-09-10T04:41:03,107.88,43.22
2026-09-10T04:41:04,108.29,43.63
2026-09-10T04:41:05,108.69,44.03
2026-09-10T04:41:06,108.67,44.0
2026-09-10T04:41:07,108.98,44.31
2026-09-10T04:41:08,109.53,44.85
2026-09-10T04:41:09,110.06,45.37
2026-09-10T04:41:10,110.27,45.58
2026-09-10T04:41:11,110.9,46.2
2026-09-10T04:41:12,111.68,46.97
2026-09-10T04:41:13,111.97,47.26
2026-09-10T04:41:14,111.19,46.49
2026-09-10T04:41:15,111.86,47.14
2026-09-10T04:41:16,112.23,47.51
2026-09-10T04:41:17,110.67,45.97
2026-09-10T04:41:18,109.36,44.68
2026-09-10T04:41:19,108.97,44.3
2026-09-10T04:41:20,108.49,43.82
2026-09-10T04:41:21,108.84,44.17
2026-09-10T04:41:22,108.54,43.87
2026-09-10T04:41:23,108.49,43.82
2026-09-10T04:41:24,108.61,43.94
2026-09-10T04:41:25,108.82,44.15
2026-09-10T04:41:26,108.74,44.07
2026-09-10T04:41:27,108.63,43.96
2026-09-10T04:41:28,108.48,43.82
2026-09-10T04:41:29,108.8,44.13
2026-09-10T04:41:30,108.02,43.37
2026-09-10T04:41:31,108.55,43.88
2026-09-10T04:41:32,108.0,43.34
2026-09-10T04:41:33,108.07,43.41
2026-09-10T04:41:34,108.72,44.05
2026-09-10T04:41:35,108.12,43.46
2026-09-10T04:41:36,108.22,43.56
2026-09-10T04:41:37,108.17,43.51
2026-09-10T04:41:38,108.28,43.61
2026-09-10T04:41:39,108.39,43.72
2026-09-10T04:41:40,107.7,43.04
2026-09-10T04:41:41,107.71,43.05
2026-09-10T04:41:42,108.13,43.47
2026-09-10T04:41:43,108.48,43.81
2026-09-10T04:41:44,108.27,43.61
2026-09-10T04:41:45,108.27,43.61
2026-09-10T04:41:46,108.21,43.54
2026-09-10T04:41:47,108.34,43.68
2026-09-10T04:41:48,107.94,43.29
2026-09-10T04:41:49,107.98,43.32
2026-09-10T04:41:50,108.46,43.8
2026-09-10T04:41:51,108.4,43.73
2026-09-10T04:41:52,108.37,43.71
2026-09-10T04:41:53,108.36,43.7
2026-09-10T04:41:54,108.19,43.53
2026-09-10T04:41:55,108.27,43.61
2026-09-10T04:41:56,108.05,43.39
2026-09-10T04:41:57,108.69,44.02
2026-09-10T04:41:58,108.4,43.73
2026-09-10T04:41:59,108.41,43.75
2026-09-10T04:42:00,108.44,43.78
2026-09-10T04:42:01,107.58,42.93
2026-09-10T04:42:02,107.97,43.31
2026-09-10T04:42:03,108.32,43.66
2026-09-10T04:42:04,108.29,43.63
2026-09-10T04:42:05,108.4,43.73
2026-09-10T04:42:06,108.36,43.69
2026-09-10T04:42:07,107.93,43.27
2026-09-10T04:42:08,108.58,43.91
2026-09-10T04:42:09,107.91,43.25
2026-09-10T04:42:10,107.76,43.11
2026-09-10T04:42:11,108.34,43.67
2026-09-10T04:42:12,108.23,43.57
2026-09-10T04:42:13,107.91,43.25
2026-09-10T04:42:14,107.9,43.24
2026-09-10T04:42:15,108.13,43.47
2026-09-10T04:42:16,108.29,43.63
2026-09-10T04:42:17,108.23,43.57
2026-09-10T04:42:18,108.93,44.26
2026-09-10T04:42:19,108.34,43.68
2026-09-10T04:42:20,108.84,44.17
2026-09-10T04:42:21,108.86,44.19
2026-09-10T04:42:22,108.54,43.87
2026-09-10T04:42:23,108.95,44.28
2026-09-10T04:42:24,109.01,44.34
2026-09-10T04:42:25,110.21,45.52
2026-09-10T04:42:26,110.25,45.56
2026-09-10T04:42:27,114.27,49.52
2026-09-10T04:42:28,109.69,45.01
2026-09-10T04:42:29,108.72,44.05
2026-09-10T04:42:30,108.35,43.69
2026-09-10T04:42:31,108.5,43.84
2026-09-10T04:42:32,108.31,43.64
2026-09-10T04:42:33,108.56,43.9
2026-09-10T04:42:34,108.19,43.53
2026-09-10T04:42:35,108.08,43.42
2026-09-10T04:42:36,107.78,43.13
2026-09-10T04:42:37,108.2,43.54
2026-09-10T04:42:38,108.38,43.72
2026-09-10T04:42:39,108.44,43.78
2026-09-10T04:42:40,108.15,43.49
2026-09-10T04:42:41,108.09,43.43
2026-09-10T04:42:42,108.27,43.6
2026-09-10T04:42:43,108.59,43.92
2026-09-10T04:42:44,108.38,43.72
2026-09-10T04:42:45,108.04,43.39
2026-09-10T04:42:46,108.07,43.41
2026-09-10T04:42:47,109.08,44.4
2026-09-10T04:42:48,108.76,44.09
2026-09-10T04:42:49,108.36,43.7
2026-09-10T04:42:50,108.58,43.92
2026-09-10T04:42:51,108.49,43.82
2026-09-10T04:42:52,108.76,44.09
2026-09-10T04:42:53,108.59,43.92
2026-09-10T04:42:54,108.73,44.06
2026-09-10T04:42:55,108.28,43.62
2026-09-10T04:42:56,108.7,44.03
2026-09-10T04:42:57,108.64,43.97
2026-09-10T04:42:58,108.16,43.5
2026-09-10T04:42:59,108.39,43.73
2026-09-10T04:43:00,108.19,43.53
2026-09-10T04:43:01,108.42,43.76
2026-09-10T04:43:02,108.83,44.16
2026-09-10T04:43:03,109.35,44.67
2026-09-10T04:43:04,109.65,44.96
2026-09-10T04:43:05,110.44,45.75
2026-09-10T04:43:06,110.73,46.04
2026-09-10T04:43:07,109.6,44.92
2026-09-10T04:43:08,109.3,44.62
2026-09-10T04:43:09,108.49,43.82
2026-09-10T04:43:10,109.09,44.42
2026-09-10T04:43:11,108.5,43.83
2026-09-10T04:43:12,108.62,43.95
2026-09-10T04:43:13,108.93,44.26
2026-09-10T04:43:14,108.48,43.81
2026-09-10T04:43:15,109.0,44.33
2026-09-10T04:43:16,109.26,44.58
2026-09-10T04:43:17,109.25,44.57
2026-09-10T04:43:18,108.89,44.22
2026-09-10T04:43:19,108.23,43.57
2026-09-10T04:43:20,108.36,43.69
2026-09-10T04:43:21,108.69,44.03
2026-09-10T04:43:22,108.83,44.16
2026-09-10T04:43:23,108.89,44.22
2026-09-10T04:43:24,108.17,43.51
2026-09-10T04:43:25,108.39,43.72
2026-09-10T04:43:26,108.31,43.65
2026-09-10T04:43:27,108.92,44.25
2026-09-10T04:43:28,108.54,43.88
2026-09-10T04:43:29,108.47,43.8
2026-09-10T04:43:30,108.19,43.53
2026-09-10T04:43:31,108.51,43.84
2026-09-10T04:43:32,108.47,43.8
2026-09-10T04:43:33,108.62,43.95
2026-09-10T04:43:34,108.55,43.89
2026-09-10T04:43:35,108.15,43.49
2026-09-10T04:43:36,108.45,43.78
2026-09-10T04:43:37,108.15,43.49
2026-09-10T04:43:38,108.14,43.48
2026-09-10T04:43:39,108.64,43.97
2026-09-10T04:43:40,108.61,43.94
2026-09-10T04:43:41,108.36,43.69
2026-09-10T04:43:42,108.55,43.89
2026-09-10T04:43:43,108.06,43.4
2026-09-10T04:43:44,108.65,43.98
2026-09-10T04:43:45,107.75,43.09
2026-09-10T04:43:46,108.3,43.63
2026-09-10T04:43:47,107.9,43.24
2026-09-10T04:43:48,108.07,43.41
2026-09-10T04:43:49,108.21,43.55
2026-09-10T04:43:50,108.14,43.48
2026-09-10T04:43:51,108.23,43.57
2026-09-10T04:43:52,108.17,43.51
2026-09-10T04:43:53,108.64,43.97
2026-09-10T04:43:54,108.97,44.3
2026-09-10T04:43:55,108.14,43.48
2026-09-10T04:43:56,108.3,43.64
2026-09-10T04:43:57,108.75,44.08
2026-09-10T04:43:58,109.43,44.75
2026-09-10T04:43:59,110.15,45.46
2026-09-10T04:44:00,110.36,45.67
2026-09-10T04:44:01,109.56,44.88
2026-09-10T04:44:02,109.01,44.34
2026-09-10T04:44:03,108.82,44.15
2026-09-10T04:44:04,108.68,44.01
2026-09-10T04:44:05,108.35,43.69
2026-09-10T04:44:06,108.01,43.36
2026-09-10T04:44:07,108.55,43.88
2026-09-10T04:44:08,108.65,43.98
2026-09-10T04:44:09,108.09,43.43
2026-09-10T04:44:10,107.84,43.18
2026-09-10T04:44:11,107.68,43.03
2026-09-10T04:44:12,110.11,45.42
2026-09-10T04:44:13,108.31,43.65
2026-09-10T04:44:14,108.2,43.54
2026-09-10T04:44:15,108.15,43.49
2026-09-10T04:44:16,108.34,43.68
2026-09-10T04:44:17,108.45,43.78
2026-09-10T04:44:18,108.25,43.59
2026-09-10T04:44:19,108.01,43.35
2026-09-10T04:44:20,108.27,43.61
2026-09-10T04:44:21,108.76,44.09
2026-09-10T04:44:22,108.28,43.62
2026-09-10T04:44:23,108.33,43.67
2026-09-10T04:44:24,108.67,44.0
2026-09-10T04:44:25,108.19,43.53
2026-09-10T04:44:26,108.57,43.9
2026-09-10T04:44:27,108.55,43.88
2026-09-10T04:44:28,107.9,43.24
2026-09-10T04:44:29,108.26,43.6
2026-09-10T04:44:30,108.21,43.55
2026-09-10T04:44:31,108.13,43.47
2026-09-10T04:44:32,108.56,43.89
2026-09-10T04:44:33,108.49,43.82
2026-09-10T04:44:34,108.34,43.68
2026-09-10T04:44:35,108.01,43.35
2026-09-10T04:44:36,108.45,43.78
2026-09-10T04:44:37,108.27,43.61
2026-09-10T04:44:38,108.27,43.61
2026-09-10T04:44:39,107.9,43.25
2026-09-10T04:44:40,107.83,43.18
2026-09-10T04:44:41,108.12,43.46
2026-09-10T04:44:42,108.06,43.4
2026-09-10T04:44:43,108.54,43.87
2026-09-10T04:44:44,108.02,43.36
2026-09-10T04:44:45,108.24,43.58
2026-09-10T04:44:46,108.3,43.64
2026-09-10T04:44:47,108.26,43.6
2026-09-10T04:44:48,107.88,43.22
2026-09-10T04:44:49,108.19,43.53
2026-09-10T04:44:50,108.38,43.72
2026-09-10T04:44:51,107.54,42.89
2026-09-10T04:44:52,108.52,43.86
2026-09-10T04:44:53,108.44,43.78
2026-09-10T04:44:54,108.39,43.72
2026-09-10T04:44:55,108.69,44.02
2026-09-10T04:44:56,108.07,43.41
2026-09-10T04:44:57,108.49,43.83
2026-09-10T04:44:58,108.94,44.27
2026-09-10T04:44:59,112.08,47.36
2026-09-10T04:45:00,112.16,47.44
2026-09-10T04:45:01,112.11,47.39
2026-09-10T04:45:02,111.33,46.62
2026-09-10T04:45:03,111.96,47.25
2026-09-10T04:45:04,111.32,46.61
2026-09-10T04:45:05,108.55,43.88
2026-09-10T04:45:06,108.31,43.65
2026-09-10T04:45:07,108.34,43.68
2026-09-10T04:45:08,108.43,43.77
2026-09-10T04:45:09,108.04,43.38
2026-09-10T04:45:10,108.45,43.79
2026-09-10T04:45:11,108.57,43.9
2026-09-10T04:45:12,110.94,46.24
2026-09-10T04:45:13,110.6,45.91
2026-09-10T04:45:14,108.99,44.32
2026-09-10T04:45:15,109.11,44.44
2026-09-10T04:45:16,108.62,43.95
2026-09-10T04:45:17,108.4,43.74
2026-09-10T04:45:18,108.84,44.17
2026-09-10T04:45:19,108.75,44.08
2026-09-10T04:45:20,108.4,43.74
2026-09-10T04:45:21,108.44,43.78
2026-09-10T04:45:22,108.56,43.9
2026-09-10T04:45:23,108.42,43.76
2026-09-10T04:45:24,108.61,43.94
2026-09-10T04:45:25,108.69,44.02
2026-09-10T04:45:26,108.79,44.12
2026-09-10T04:45:27,109.7,45.02
2026-09-10T04:45:28,110.03,45.35
2026-09-10T04:45:29,112.29,47.57
2026-09-10T04:45:30,114.08,49.33
2026-09-10T04:45:31,118.42,53.62
2026-09-10T04:45:32,118.71,53.9
2026-09-10T04:45:33,116.37,51.59
2026-09-10T04:45:34,112.09,47.37
2026-09-10T04:45:35,115.22,50.46
2026-09-10T04:45:36,113.15,48.42
2026-09-10T04:45:37,112.2,47.48
2026-09-10T04:45:38,110.93,46.23
2026-09-10T04:45:39,109.79,45.11
2026-09-10T04:45:40,109.5,44.82
2026-09-10T04:45:41,108.99,44.32
2026-09-10T04:45:42,108.47,43.81
2026-09-10T04:45:43,108.42,43.76
2026-09-10T04:45:44,108.92,44.25
2026-09-10T04:45:45,108.67,44.01
2026-09-10T04:45:46,108.9,44.23
2026-09-10T04:45:47,108.56,43.89
2026-09-10T04:45:48,108.72,44.05
2026-09-10T04:45:49,108.27,43.61
2026-09-10T04:45:50,108.16,43.49
2026-09-10T04:45:51,108.67,44.01
2026-09-10T04:45:52,108.48,43.81
2026-09-10T04:45:53,108.3,43.64
2026-09-10T04:45:54,108.47,43.8
2026-09-10T04:45:55,108.28,43.61
2026-09-10T04:45:56,108.41,43.74
2026-09-10T04:45:57,108.16,43.5
2026-09-10T04:45:58,108.27,43.61
2026-09-10T04:45:59,108.17,43.51
2026-09-10T04:46:00,108.0,43.34
2026-09-10T04:46:01,108.38,43.71
2026-09-10T04:46:02,108.18,43.52
2026-09-10T04:46:03,108.57,43.9
2026-09-10T04:46:04,108.3,43.64
2026-09-10T04:46:05,107.63,42.98
2026-09-10T04:46:06,107.97,43.31
2026-09-10T04:46:07,108.26,43.6
2026-09-10T04:46:08,108.12,43.46
2026-09-10T04:46:09,108.1,43.44
2026-09-10T04:46:10,108.35,43.69
2026-09-10T04:46:11,108.13,43.47
2026-09-10T04:46:12,108.6,43.94
2026-09-10T04:46:13,108.74,44.07
2026-09-10T04:46:14,108.52,43.85
2026-09-10T04:46:15,108.32,43.65
2026-09-10T04:46:16,108.64,43.97
2026-09-10T04:46:17,108.6,43.94
2026-09-10T04:46:18,108.36,43.7
2026-09-10T04:46:19,108.2,43.54
2026-09-10T04:46:20,108.46,43.8
2026-09-10T04:46:21,107.95,43.3
2026-09-10T04:46:22,108.32,43.65
2026-09-10T04:46:23,108.3,43.64
2026-09-10T04:46:24,108.28,43.62
2026-09-10T04:46:25,107.62,42.97
2026-09-10T04:46:26,108.45,43.78
2026-09-10T04:46:27,108.38,43.71
2026-09-10T04:46:28,108.23,43.57
2026-09-10T04:46:29,109.06,44.39
2026-09-10T04:46:30,108.51,43.84
2026-09-10T04:46:31,108.48,43.82
2026-09-10T04:46:32,108.36,43.69
2026-09-10T04:46:33,108.59,43.93
2026-09-10T04:46:34,108.52,43.86
2026-09-10T04:46:35,108.36,43.7
2026-09-10T04:46:36,108.46,43.79
2026-09-10T04:46:37,108.36,43.7
2026-09-10T04:46:38,108.49,43.83
2026-09-10T04:46:39,108.91,44.24
2026-09-10T04:46:40,110.12,45.43
2026-09-10T04:46:41,109.55,44.87
2026-09-10T04:46:42,110.22,45.53
2026-09-10T04:46:43,112.09,47.37
2026-09-10T04:46:44,110.6,45.91
2026-09-10T04:46:45,109.85,45.17
2026-09-10T04:46:46,108.68,44.01
2026-09-10T04:46:47,108.49,43.83
2026-09-10T04:46:48,108.45,43.79
2026-09-10T04:46:49,108.98,44.31
2026-09-10T04:46:50,108.01,43.36
2026-09-10T04:46:51,108.42,43.75
2026-09-10T04:46:52,108.43,43.77
2026-09-10T04:46:53,108.64,43.97
2026-09-10T04:46:54,108.44,43.77
2026-09-10T04:46:55,107.82,43.17
2026-09-10T04:46:56,108.18,43.52
2026-09-10T04:46:57,108.15,43.49
2026-09-10T04:46:58,108.37,43.71
2026-09-10T04:46:59,108.27,43.61
2026-09-10T04:47:00,107.99,43.33
2026-09-10T04:47:01,107.79,43.13
2026-09-10T04:47:02,107.88,43.22
2026-09-10T04:47:03,108.49,43.82
2026-09-10T04:47:04,107.92,43.27
2026-09-10T04:47:05,107.97,43.31
2026-09-10T04:47:06,108.38,43.71
2026-09-10T04:47:07,108.21,43.55
2026-09-10T04:47:08,107.48,42.83
2026-09-10T04:47:09,108.67,44.01
2026-09-10T04:47:10,108.24,43.58
2026-09-10T04:47:11,108.29,43.62
2026-09-10T04:47:12,108.07,43.41
2026-09-10T04:47:13,108.47,43.81
2026-09-10T04:47:14,108.08,43.42
2026-09-10T04:47:15,108.32,43.66
2026-09-10T04:47:16,108.55,43.88
2026-09-10T04:47:17,108.34,43.68
2026-09-10T04:47:18,108.6,43.94
2026-09-10T04:47:19,108.45,43.79
2026-09-10T04:47:20,108.3,43.64
2026-09-10T04:47:21,108.48,43.81
2026-09-10T04:47:22,108.4,43.73
2026-09-10T04:47:23,108.47,43.8
2026-09-10T04:47:24,108.49,43.82
2026-09-10T04:47:25,108.31,43.65
2026-09-10T04:47:26,108.2,43.54
2026-09-10T04:47:27,108.7,44.03
2026-09-10T04:47:28,108.22,43.56
2026-09-10T04:47:29,108.44,43.78
2026-09-10T04:47:30,108.47,43.81
2026-09-10T04:47:31,108.01,43.36
2026-09-10T04:47:32,108.44,43.78
2026-09-10T04:47:33,108.6,43.93
2026-09-10T04:47:34,108.55,43.88
2026-09-10T04:47:35,107.96,43.3
2026-09-10T04:47:36,108.55,43.89
2026-09-10T04:47:37,108.75,44.08
2026-09-10T04:47:38,108.28,43.62
2026-09-10T04:47:39,108.37,43.71
2026-09-10T04:47:40,108.62,43.96
2026-09-10T04:47:41,108.42,43.76
2026-09-10T04:47:42,107.75,43.09
2026-09-10T04:47:43,108.29,43.62
2026-09-10T04:47:44,108.52,43.85
2026-09-10T04:47:45,108.28,43.62
2026-09-10T04:47:46,108.39,43.73
2026-09-10T04:47:47,108.31,43.65
2026-09-10T04:47:48,108.15,43.49
2026-09-10T04:47:49,108.71,44.04
2026-09-10T04:47:50,108.37,43.7
2026-09-10T04:47:51,108.11,43.45
2026-09-10T04:47:52,108.26,43.59
2026-09-10T04:47:53,108.7,44.03
2026-09-10T04:47:54,108.34,43.68
2026-09-10T04:47:55,108.28,43.61
2026-09-10T04:47:56,108.58,43.91
2026-09-10T04:47:57,108.31,43.65
2026-09-10T04:47:58,108.77,44.1
2026-09-10T04:47:59,108.37,43.71
2026-09-10T04:48:00,108.03,43.37
2026-09-10T04:48:01,108.16,43.5
2026-09-10T04:48:02,108.45,43.78
2026-09-10T04:48:03,108.22,43.56
2026-09-10T04:48:04,108.18,43.52
2026-09-10T04:48:05,108.57,43.9
2026-09-10T04:48:06,108.13,43.47
2026-09-10T04:48:07,108.09,43.43
2026-09-10T04:48:08,108.63,43.97
2026-09-10T04:48:09,108.61,43.94
2026-09-10T04:48:10,108.08,43.43
2026-09-10T04:48:11,108.32,43.66
2026-09-10T04:48:12,108.68,44.01
2026-09-10T04:48:13,107.94,43.29
2026-09-10T04:48:14,107.93,43.27
2026-09-10T04:48:15,107.85,43.19
2026-09-10T04:48:16,108.26,43.6
2026-09-10T04:48:17,108.59,43.93
2026-09-10T04:48:18,108.21,43.55
2026-09-10T04:48:19,108.53,43.87
2026-09-10T04:48:20,108.27,43.61
2026-09-10T04:48:21,107.95,43.29
2026-09-10T04:48:22,108.8,44.13
2026-09-10T04:48:23,107.87,43.21
2026-09-10T04:48:24,108.23,43.57
2026-09-10T04:48:25,108.41,43.74
2026-09-10T04:48:26,108.66,43.99
2026-09-10T04:48:27,108.56,43.89
2026-09-10T04:48:28,108.62,43.96
2026-09-10T04:48:29,108.4,43.73
2026-09-10T04:48:30,108.36,43.7
2026-09-10T04:48:31,108.56,43.9
2026-09-10T04:48:32,108.59,43.92
2026-09-10T04:48:33,108.49,43.83
2026-09-10T04:48:34,108.18,43.52
2026-09-10T04:48:35,108.37,43.7
2026-09-10T04:48:36,108.27,43.61
2026-09-10T04:48:37,108.42,43.76
2026-09-10T04:48:38,108.46,43.79
2026-09-10T04:48:39,108.1,43.44
2026-09-10T04:48:40,108.44,43.78
2026-09-10T04:48:41,108.04,43.38
2026-09-10T04:48:42,108.18,43.52
2026-09-10T04:48:43,108.11,43.45
2026-09-10T04:48:44,108.61,43.94
2026-09-10T04:48:45,108.28,43.62
2026-09-10T04:48:46,108.09,43.43
2026-09-10T04:48:47,108.12,43.46
2026-09-10T04:48:48,107.93,43.28
2026-09-10T04:48:49,108.34,43.68
2026-09-10T04:48:50,108.24,43.58
2026-09-10T04:48:51,108.0,43.35
2026-09-10T04:48:52,108.37,43.71
2026-09-10T04:48:53,108.74,44.07
2026-09-10T04:48:54,108.53,43.86
2026-09-10T04:48:55,108.53,43.87
2026-09-10T04:48:56,109.18,44.5
2026-09-10T04:48:57,109.75,45.07
2026-09-10T04:48:58,110.61,45.92
2026-09-10T04:48:59,111.17,46.47
2026-09-10T04:49:00,109.76,45.08
2026-09-10T04:49:01,109.67,44.99
2026-09-10T04:49:02,109.0,44.33
2026-09-10T04:49:03,108.69,44.02
2026-09-10T04:49:04,108.29,43.63
2026-09-10T04:49:05,108.45,43.78
2026-09-10T04:49:06,108.91,44.24
2026-09-10T04:49:07,108.25,43.58
2026-09-10T04:49:08,109.19,44.52
2026-09-10T04:49:09,109.23,44.56
2026-09-10T04:49:10,109.9,45.22
2026-09-10T04:49:11,110.85,46.15
2026-09-10T04:49:12,111.69,46.98
2026-09-10T04:49:13,110.32,45.63
2026-09-10T04:49:14,110.71,46.01
2026-09-10T04:49:15,111.07,46.37
2026-09-10T04:49:16,111.49,46.78
2026-09-10T04:49:17,111.37,46.66
2026-09-10T04:49:18,110.23,45.54
2026-09-10T04:49:19,109.78,45.09
2026-09-10T04:49:20,109.05,44.38
2026-09-10T04:49:21,108.84,44.17
2026-09-10T04:49:22,108.76,44.09
2026-09-10T04:49:23,108.73,44.06
2026-09-10T04:49:24,108.71,44.04
2026-09-10T04:49:25,108.41,43.74
2026-09-10T04:49:26,108.75,44.08
2026-09-10T04:49:27,108.48,43.81
2026-09-10T04:49:28,108.8,44.13
2026-09-10T04:49:29,108.27,43.6
2026-09-10T04:49:30,108.31,43.65
2026-09-10T04:49:31,108.27,43.61
2026-09-10T04:49:32,108.17,43.51
2026-09-10T04:49:33,108.44,43.78
2026-09-10T04:49:34,108.48,43.81
2026-09-10T04:49:35,109.06,44.38
2026-09-10T04:49:36,108.7,44.04
2026-09-10T04:49:37,108.08,43.42
2026-09-10T04:49:38,108.61,43.94
2026-09-10T04:49:39,108.47,43.8
2026-09-10T04:49:40,108.78,44.11
2026-09-10T04:49:41,108.19,43.53
2026-09-10T04:49:42,108.32,43.66
2026-09-10T04:49:43,108.67,44.0
2026-09-10T04:49:44,108.64,43.97
2026-09-10T04:49:45,109.12,44.44
2026-09-10T04:49:46,109.28,44.6
2026-09-10T04:49:47,109.74,45.06
2026-09-10T04:49:48,110.22,45.53
2026-09-10T04:49:49,111.52,46.81
2026-09-10T04:49:50,111.23,46.53
2026-09-10T04:49:51,112.66,47.94
2026-09-10T04:49:52,113.14,48.41
2026-09-10T04:49:53,111.71,47.0
2026-09-10T04:49:54,110.41,45.71
2026-09-10T04:49:55,109.81,45.12
2026-09-10T04:49:56,109.19,44.52
2026-09-10T04:49:57,109.19,44.51
2026-09-10T04:49:58,109.18,44.5
2026-09-10T04:49:59,108.74,44.07
2026-09-10T04:50:00,110.64,45.95
2026-09-10T04:50:01,109.08,44.41
2026-09-10T04:50:02,108.78,44.11
2026-09-10T04:50:03,108.33,43.67
2026-09-10T04:50:04,108.78,44.11
2026-09-10T04:50:05,108.63,43.96
2026-09-10T04:50:06,108.64,43.97
2026-09-10T04:50:07,108.34,43.68
2026-09-10T04:50:08,108.58,43.91
2026-09-10T04:50:09,108.34,43.68
2026-09-10T04:50:10,108.75,44.08
2026-09-10T04:50:11,108.66,43.99
2026-09-10T04:50:12,109.55,44.87
2026-09-10T04:50:13,109.54,44.86
2026-09-10T04:50:14,110.2,45.51
2026-09-10T04:50:15,110.92,46.22
2026-09-10T04:50:16,110.32,45.63
2026-09-10T04:50:17,109.58,44.9
2026-09-10T04:50:18,109.42,44.74
2026-09-10T04:50:19,109.15,44.47
2026-09-10T04:50:20,108.63,43.97
2026-09-10T04:50:21,108.59,43.92
2026-09-10T04:50:22,108.53,43.87
2026-09-10T04:50:23,108.18,43.52
2026-09-10T04:50:24,108.17,43.51
2026-09-10T04:50:25,108.45,43.78
2026-09-10T04:50:26,108.69,44.02
2026-09-10T04:50:27,108.47,43.8
2026-09-10T04:50:28,108.52,43.85
2026-09-10T04:50:29,108.27,43.61
2026-09-10T04:50:30,108.38,43.72
2026-09-10T04:50:31,108.61,43.94
2026-09-10T04:50:32,108.65,43.98
2026-09-10T04:50:33,108.55,43.89
2026-09-10T04:50:34,108.44,43.78
2026-09-10T04:50:35,108.44,43.77
2026-09-10T04:50:36,108.25,43.59
2026-09-10T04:50:37,108.62,43.95
2026-09-10T04:50:38,108.5,43.83
2026-09-10T04:50:39,108.26,43.6
2026-09-10T04:50:40,108.16,43.5
2026-09-10T04:50:41,108.64,43.98
2026-09-10T04:50:42,108.59,43.92
2026-09-10T04:50:43,108.89,44.22
2026-09-10T04:50:44,108.46,43.79
2026-09-10T04:50:45,108.48,43.82
2026-09-10T04:50:46,108.22,43.56
2026-09-10T04:50:47,108.62,43.95
2026-09-10T04:50:48,108.11,43.45
2026-09-10T04:50:49,108.86,44.19
2026-09-10T04:50:50,108.64,43.97
2026-09-10T04:50:51,108.0,43.34
2026-09-10T04:50:52,109.46,44.78
2026-09-10T04:50:53,109.0,44.32
2026-09-10T04:50:54,108.73,44.06
2026-09-10T04:50:55,108.68,44.01
2026-09-10T04:50:56,108.53,43.87
2026-09-10T04:50:57,108.46,43.79
2026-09-10T04:50:58,108.21,43.55
2026-09-10T04:50:59,109.21,44.53
2026-09-10T04:51:00,108.91,44.24
2026-09-10T04:51:01,109.8,45.12
2026-09-10T04:51:02,110.18,45.49
2026-09-10T04:51:03,110.39,45.69
2026-09-10T04:51:04,110.84,46.14
2026-09-10T04:51:05,112.06,47.34
2026-09-10T04:51:06,111.52,46.81
2026-09-10T04:51:07,110.47,45.77
2026-09-10T04:51:08,109.59,44.91
2026-09-10T04:51:09,109.47,44.79
2026-09-10T04:51:10,108.65,43.98
2026-09-10T04:51:11,108.78,44.11
2026-09-10T04:51:12,108.57,43.91
2026-09-10T04:51:13,108.75,44.08
2026-09-10T04:51:14,108.71,44.05
2026-09-10T04:51:15,108.51,43.85
2026-09-10T04:51:16,108.38,43.72
2026-09-10T04:51:17,108.44,43.78
2026-09-10T04:51:18,108.4,43.74
2026-09-10T04:51:19,108.25,43.59
2026-09-10T04:51:20,108.36,43.69
2026-09-10T04:51:21,108.3,43.64
2026-09-10T04:51:22,108.2,43.54
2026-09-10T04:51:23,108.42,43.76
2026-09-10T04:51:24,108.45,43.79
2026-09-10T04:51:25,108.79,44.12
2026-09-10T04:51:26,108.89,44.22
2026-09-10T04:51:27,108.67,44.0
2026-09-10T04:51:28,108.69,44.02
2026-09-10T04:51:29,108.85,44.18
2026-09-10T04:51:30,109.27,44.6
2026-09-10T04:51:31,109.75,45.07
2026-09-10T04:51:32,109.4,44.72
2026-09-10T04:51:33,109.79,45.11
2026-09-10T04:51:34,110.32,45.62
2026-09-10T04:51:35,110.23,45.54
2026-09-10T04:51:36,109.55,44.87
2026-09-10T04:51:37,109.76,45.08
2026-09-10T04:51:38,108.85,44.18
2026-09-10T04:51:39,108.66,43.99
2026-09-10T04:51:40,108.92,44.25
2026-09-10T04:51:41,109.44,44.76
2026-09-10T04:51:42,108.64,43.97
2026-09-10T04:51:43,108.6,43.93
2026-09-10T04:51:44,108.59,43.92
2026-09-10T04:51:45,108.41,43.75
2026-09-10T04:51:46,108.43,43.77
2026-09-10T04:51:47,108.08,43.43
2026-09-10T04:51:48,108.52,43.86
2026-09-10T04:51:49,108.76,44.09
2026-09-10T04:51:50,108.61,43.94
2026-09-10T04:51:51,108.43,43.77
2026-09-10T04:51:52,108.79,44.12
2026-09-10T04:51:53,108.56,43.89
2026-09-10T04:51:54,108.15,43.49
2026-09-10T04:51:55,108.55,43.88
2026-09-10T04:51:56,108.46,43.79
2026-09-10T04:51:57,108.97,44.3
2026-09-10T04:51:58,108.46,43.79
2026-09-10T04:51:59,108.55,43.88
2026-09-10T04:52:00,108.37,43.71
2026-09-10T04:52:01,108.52,43.85
2026-09-10T04:52:02,108.66,43.99
2026-09-10T04:52:03,109.35,44.67
2026-09-10T04:52:04,109.06,44.39
2026-09-10T04:52:05,109.54,44.86
2026-09-10T04:52:06,110.69,45.99
2026-09-10T04:52:07,109.92,45.24
2026-09-10T04:52:08,108.86,44.19
2026-09-10T04:52:09,108.83,44.16
2026-09-10T04:52:10,108.9,44.23
2026-09-10T04:52:11,108.3,43.64
2026-09-10T04:52:12,108.4,43.74
2026-09-10T04:52:13,108.56,43.89
2026-09-10T04:52:14,108.49,43.82
2026-09-10T04:52:15,108.39,43.73
2026-09-10T04:52:16,108.32,43.66
2026-09-10T04:52:17,108.57,43.9
2026-09-10T04:52:18,108.53,43.86
2026-09-10T04:52:19,108.3,43.63
2026-09-10T04:52:20,108.34,43.67
2026-09-10T04:52:21,108.41,43.75
2026-09-10T04:52:22,108.18,43.52
2026-09-10T04:52:23,108.45,43.79
2026-09-10T04:52:24,108.67,44.0
2026-09-10T04:52:25,108.17,43.51
2026-09-10T04:52:26,108.13,43.47
2026-09-10T04:52:27,108.06,43.4
2026-09-10T04:52:28,108.53,43.86
2026-09-10T04:52:29,108.37,43.71
2026-09-10T04:52:30,108.16,43.5
2026-09-10T04:52:31,108.52,43.85
2026-09-10T04:52:32,108.79,44.12
2026-09-10T04:52:33,108.69,44.02
2026-09-10T04:52:34,108.08,43.42
2026-09-10T04:52:35,108.64,43.98
2026-09-10T04:52:36,108.87,44.2
2026-09-10T04:52:37,108.18,43.51
2026-09-10T04:52:38,108.15,43.49
2026-09-10T04:52:39,108.61,43.94
2026-09-10T04:52:40,108.68,44.01
2026-09-10T04:52:41,108.68,44.01
2026-09-10T04:52:42,108.76,44.09
2026-09-10T04:52:43,108.26,43.6
2026-09-10T04:52:44,108.38,43.71
2026-09-10T04:52:45,108.67,44.01
2026-09-10T04:52:46,108.43,43.77
2026-09-10T04:52:47,108.13,43.47
2026-09-10T04:52:48,108.09,43.43
2026-09-10T04:52:49,108.2,43.54
2026-09-10T04:52:50,108.43,43.77
2026-09-10T04:52:51,108.1,43.44
2026-09-10T04:52:52,108.48,43.82
2026-09-10T04:52:53,108.65,43.98
2026-09-10T04:52:54,108.64,43.97
2026-09-10T04:52:55,109.27,44.6
2026-09-10T04:52:56,109.37,44.69
2026-09-10T04:52:57,109.79,45.11
2026-09-10T04:52:58,111.57,46.87
2026-09-10T04:52:59,112.43,47.71
2026-09-10T04:53:00,111.71,47.0
2026-09-10T04:53:01,109.78,45.1
2026-09-10T04:53:02,109.19,44.52
2026-09-10T04:53:03,108.69,44.03
2026-09-10T04:53:04,108.9,44.22
2026-09-10T04:53:05,108.48,43.81
2026-09-10T04:53:06,107.81,43.16
2026-09-10T04:53:07,108.25,43.58
2026-09-10T04:53:08,108.4,43.74
2026-09-10T04:53:09,108.72,44.05
2026-09-10T04:53:10,108.26,43.6
2026-09-10T04:53:11,108.48,43.81
2026-09-10T04:53:12,108.31,43.65
2026-09-10T04:53:13,108.7,44.03
2026-09-10T04:53:14,108.85,44.18
2026-09-10T04:53:15,108.51,43.84
2026-09-10T04:53:16,108.28,43.62
2026-09-10T04:53:17,108.59,43.93
2026-09-10T04:53:18,108.79,44.12
2026-09-10T04:53:19,108.92,44.25
2026-09-10T04:53:20,108.92,44.25
2026-09-10T04:53:21,108.18,43.52
2026-09-10T04:53:22,108.91,44.24
2026-09-10T04:53:23,108.06,43.4
2026-09-10T04:53:24,108.19,43.53
2026-09-10T04:53:25,108.33,43.67
2026-09-10T04:53:26,107.91,43.25
2026-09-10T04:53:27,108.34,43.67
2026-09-10T04:53:28,108.43,43.77
2026-09-10T04:53:29,108.38,43.72
2026-09-10T04:53:30,108.39,43.73
2026-09-10T04:53:31,108.51,43.84
2026-09-10T04:53:32,108.56,43.89
2026-09-10T04:53:33,108.42,43.75
2026-09-10T04:53:34,108.27,43.6
2026-09-10T04:53:35,108.28,43.62
2026-09-10T04:53:36,108.64,43.97
2026-09-10T04:53:37,108.37,43.7
2026-09-10T04:53:38,107.74,43.08
2026-09-10T04:53:39,108.16,43.5
2026-09-10T04:53:40,108.37,43.71
2026-09-10T04:53:41,108.17,43.51
2026-09-10T04:53:42,108.34,43.68
2026-09-10T04:53:43,108.61,43.94
2026-09-10T04:53:44,108.76,44.09
2026-09-10T04:53:45,108.71,44.04
2026-09-10T04:53:46,108.51,43.85
2026-09-10T04:53:47,109.07,44.4
2026-09-10T04:53:48,108.78,44.11
2026-09-10T04:53:49,108.45,43.78
2026-09-10T04:53:50,108.11,43.45
2026-09-10T04:53:51,108.68,44.01
2026-09-10T04:53:52,108.31,43.64
2026-09-10T04:53:53,108.96,44.29
2026-09-10T04:53:54,108.72,44.05
2026-09-10T04:53:55,108.15,43.49
2026-09-10T04:53:56,108.24,43.58
2026-09-10T04:53:57,108.69,44.03
2026-09-10T04:53:58,108.28,43.62
2026-09-10T04:53:59,108.48,43.81
2026-09-10T04:54:00,108.14,43.48
2026-09-10T04:54:01,108.24,43.58
2026-09-10T04:54:02,108.29,43.62
2026-09-10T04:54:03,108.39,43.73
2026-09-10T04:54:04,108.04,43.38
2026-09-10T04:54:05,107.83,43.18
2026-09-10T04:54:06,108.06,43.4
2026-09-10T04:54:07,108.58,43.91
2026-09-10T04:54:08,108.45,43.79
2026-09-10T04:54:09,108.22,43.56
2026-09-10T04:54:10,108.36,43.7
2026-09-10T04:54:11,108.18,43.52
2026-09-10T04:54:12,108.54,43.87
2026-09-10T04:54:13,108.75,44.08
2026-09-10T04:54:14,108.56,43.89
2026-09-10T04:54:15,108.26,43.6
2026-09-10T04:54:16,107.74,43.08
2026-09-10T04:54:17,108.16,43.5
2026-09-10T04:54:18,108.43,43.76
2026-09-10T04:54:19,108.32,43.66
2026-09-10T04:54:20,108.71,44.04
2026-09-10T04:54:21,108.26,43.59
2026-09-10T04:54:22,108.38,43.71
2026-09-10T04:54:23,108.44,43.78
2026-09-10T04:54:24,108.18,43.52
2026-09-10T04:54:25,107.98,43.32
2026-09-10T04:54:26,108.09,43.43
2026-09-10T04:54:27,108.52,43.85
2026-09-10T04:54:28,108.15,43.49
2026-09-10T04:54:29,108.47,43.8
2026-09-10T04:54:30,107.98,43.33
2026-09-10T04:54:31,108.06,43.4
2026-09-10T04:54:32,107.77,43.11
2026-09-10T04:54:33,108.57,43.91
2026-09-10T04:54:34,107.97,43.31
2026-09-10T04:54:35,108.68,44.02
2026-09-10T04:54:36,108.18,43.51
2026-09-10T04:54:37,108.8,44.13
2026-09-10T04:54:38,108.68,44.01
2026-09-10T04:54:39,109.1,44.43
2026-09-10T04:54:40,109.47,44.8
2026-09-10T04:54:41,110.47,45.78
2026-09-10T04:54:42,110.38,45.69
2026-09-10T04:54:43,110.79,46.09
2026-09-10T04:54:44,109.82,45.14
2026-09-10T04:54:45,109.38,44.7
2026-09-10T04:54:46,109.45,44.78
2026-09-10T04:54:47,108.31,43.65
2026-09-10T04:54:48,108.84,44.17
2026-09-10T04:54:49,108.59,43.92
2026-09-10T04:54:50,108.35,43.69
2026-09-10T04:54:51,108.53,43.86
2026-09-10T04:54:52,108.21,43.55
2026-09-10T04:54:53,108.49,43.82
2026-09-10T04:54:54,108.7,44.04
2026-09-10T04:54:55,108.1,43.44
2026-09-10T04:54:56,108.23,43.57
2026-09-10T04:54:57,108.08,43.42
2026-09-10T04:54:58,108.12,43.46
2026-09-10T04:54:59,108.61,43.94
2026-09-10T04:55:00,108.81,44.14
2026-09-10T04:55:01,109.94,45.26
2026-09-10T04:55:02,108.41,43.74
2026-09-10T04:55:03,108.66,43.99
2026-09-10T04:55:04,108.17,43.51
2026-09-10T04:55:05,108.24,43.58
2026-09-10T04:55:06,108.36,43.7
2026-09-10T04:55:07,108.13,43.47
2026-09-10T04:55:08,108.68,44.01
2026-09-10T04:55:09,108.64,43.97
2026-09-10T04:55:10,108.57,43.9
2026-09-10T04:55:11,108.5,43.83
2026-09-10T04:55:12,108.25,43.59
2026-09-10T04:55:13,108.09,43.43
2026-09-10T04:55:14,108.48,43.82
2026-09-10T04:55:15,108.37,43.7
2026-09-10T04:55:16,108.19,43.53
2026-09-10T04:55:17,107.93,43.27
2026-09-10T04:55:18,108.55,43.88
2026-09-10T04:55:19,108.45,43.79
2026-09-10T04:55:20,108.92,44.25
2026-09-10T04:55:21,108.26,43.6
2026-09-10T04:55:22,108.23,43.56
2026-09-10T04:55:23,107.87,43.21
2026-09-10T04:55:24,108.42,43.76
2026-09-10T04:55:25,108.42,43.76
2026-09-10T04:55:26,108.8,44.13
2026-09-10T04:55:27,108.01,43.35
2026-09-10T04:55:28,107.98,43.32
2026-09-10T04:55:29,108.29,43.63
2026-09-10T04:55:30,108.28,43.62
2026-09-10T04:55:31,108.22,43.56
2026-09-10T04:55:32,108.18,43.52
2026-09-10T04:55:33,108.24,43.58
2026-09-10T04:55:34,108.5,43.83
2026-09-10T04:55:35,108.23,43.56
2026-09-10T04:55:36,108.18,43.52
2026-09-10T04:55:37,108.22,43.56
2026-09-10T04:55:38,108.45,43.78
2026-09-10T04:55:39,108.49,43.82
2026-09-10T04:55:40,108.25,43.59
2026-09-10T04:55:41,108.41,43.75
2026-09-10T04:55:42,108.25,43.59
2026-09-10T04:55:43,108.36,43.69
2026-09-10T04:55:44,108.72,44.05
2026-09-10T04:55:45,108.54,43.87
2026-09-10T04:55:46,108.53,43.86
2026-09-10T04:55:47,108.51,43.85
2026-09-10T04:55:48,108.58,43.91
2026-09-10T04:55:49,108.76,44.09
2026-09-10T04:55:50,108.15,43.49
2026-09-10T04:55:51,108.59,43.92
2026-09-10T04:55:52,108.63,43.96
2026-09-10T04:55:53,108.25,43.59
2026-09-10T04:55:54,108.77,44.1
2026-09-10T04:55:55,108.84,44.17
2026-09-10T04:55:56,108.33,43.66
2026-09-10T04:55:57,108.47,43.81
2026-09-10T04:55:58,107.64,42.99
2026-09-10T04:55:59,108.98,44.31
2026-09-10T04:56:00,108.26,43.6
2026-09-10T04:56:01,108.42,43.75
2026-09-10T04:56:02,108.55,43.88
2026-09-10T04:56:03,108.34,43.68
2026-09-10T04:56:04,108.69,44.02
2026-09-10T04:56:05,107.93,43.27
2026-09-10T04:56:06,108.59,43.92
2026-09-10T04:56:07,108.36,43.69
2026-09-10T04:56:08,108.84,44.17
2026-09-10T04:56:09,108.63,43.96
2026-09-10T04:56:10,108.59,43.93
2026-09-10T04:56:11,108.92,44.25
2026-09-10T04:56:12,108.48,43.81
2026-09-10T04:56:13,108.55,43.88
2026-09-10T04:56:14,108.48,43.81
2026-09-10T04:56:15,108.95,44.28
2026-09-10T04:56:16,108.55,43.89
2026-09-10T04:56:17,108.44,43.78
2026-09-10T04:56:18,108.42,43.76
2026-09-10T04:56:19,109.14,44.47
2026-09-10T04:56:20,108.28,43.62
2026-09-10T04:56:21,107.92,43.27
2026-09-10T04:56:22,108.58,43.92
2026-09-10T04:56:23,108.86,44.19
2026-09-10T04:56:24,108.37,43.7
2026-09-10T04:56:25,108.15,43.49
2026-09-10T04:56:26,108.17,43.51
2026-09-10T04:56:27,108.52,43.86
2026-09-10T04:56:28,108.33,43.67
2026-09-10T04:56:29,108.49,43.83
2026-09-10T04:56:30,108.07,43.41
2026-09-10T04:56:31,108.39,43.73
2026-09-10T04:56:32,108.18,43.52
2026-09-10T04:56:33,108.38,43.71
2026-09-10T04:56:34,108.7,44.03
2026-09-10T04:56:35,108.7,44.03
2026-09-10T04:56:36,108.26,43.6
2026-09-10T04:56:37,108.44,43.77
2026-09-10T04:56:38,108.52,43.86
2026-09-10T04:56:39,108.79,44.12
2026-09-10T04:56:40,108.94,44.27
2026-09-10T04:56:41,108.87,44.2
2026-09-10T04:56:42,109.07,44.4
2026-09-10T04:56:43,108.81,44.14
2026-09-10T04:56:44,108.51,43.85
2026-09-10T04:56:45,108.43,43.77
2026-09-10T04:56:46,108.35,43.68
2026-09-10T04:56:47,109.52,44.84
2026-09-10T04:56:48,109.39,44.71
2026-09-10T04:56:49,108.6,43.94
2026-09-10T04:56:50,109.01,44.34
2026-09-10T04:56:51,108.21,43.55
2026-09-10T04:56:52,108.47,43.81
2026-09-10T04:56:53,108.33,43.67
2026-09-10T04:56:54,109.24,44.56
2026-09-10T04:56:55,108.98,44.31
2026-09-10T04:56:56,110.27,45.58
2026-09-10T04:56:57,110.99,46.29
2026-09-10T04:56:58,111.69,46.98
2026-09-10T04:56:59,111.82,47.1
2026-09-10T04:57:00,111.39,46.68
2026-09-10T04:57:01,110.55,45.86
2026-09-10T04:57:02,109.7,45.02
2026-09-10T04:57:03,109.4,44.72
2026-09-10T04:57:04,109.05,44.38
2026-09-10T04:57:05,108.58,43.91
2026-09-10T04:57:06,108.58,43.91
2026-09-10T04:57:07,108.65,43.99
2026-09-10T04:57:08,108.36,43.69
2026-09-10T04:57:09,108.77,44.1
2026-09-10T04:57:10,108.77,44.1
2026-09-10T04:57:11,108.38,43.71
2026-09-10T04:57:12,107.99,43.33
2026-09-10T04:57:13,108.98,44.31
2026-09-10T04:57:14,108.41,43.74
2026-09-10T04:57:15,108.21,43.55
2026-09-10T04:57:16,108.41,43.75
2026-09-10T04:57:17,107.96,43.31
2026-09-10T04:57:18,108.48,43.81
2026-09-10T04:57:19,108.24,43.58
2026-09-10T04:57:20,108.82,44.15
2026-09-10T04:57:21,109.25,44.57
2026-09-10T04:57:22,108.54,43.87
2026-09-10T04:57:23,108.77,44.1
2026-09-10T04:57:24,108.64,43.98
2026-09-10T04:57:25,108.65,43.98
2026-09-10T04:57:26,108.62,43.95
2026-09-10T04:57:27,108.36,43.7
2026-09-10T04:57:28,108.51,43.84
2026-09-10T04:57:29,108.28,43.61
2026-09-10T04:57:30,108.38,43.71
2026-09-10T04:57:31,108.28,43.61
2026-09-10T04:57:32,108.81,44.14
2026-09-10T04:57:33,108.04,43.39
2026-09-10T04:57:34,108.29,43.63
2026-09-10T04:57:35,108.16,43.5
2026-09-10T04:57:36,108.67,44.0
2026-09-10T04:57:37,108.46,43.79
2026-09-10T04:57:38,108.48,43.81
2026-09-10T04:57:39,108.35,43.69
2026-09-10T04:57:40,108.77,44.1
2026-09-10T04:57:41,108.13,43.47
2026-09-10T04:57:42,108.2,43.54
2026-09-10T04:57:43,108.19,43.52
2026-09-10T04:57:44,108.37,43.7
2026-09-10T04:57:45,108.85,44.18
2026-09-10T04:57:46,108.04,43.38
2026-09-10T04:57:47,108.65,43.98
2026-09-10T04:57:48,108.93,44.26
2026-09-10T04:57:49,109.01,44.34
2026-09-10T04:57:50,110.5,45.8
2026-09-10T04:57:51,111.97,47.25
2026-09-10T04:57:52,112.29,47.57
2026-09-10T04:57:53,112.67,47.95
2026-09-10T04:57:54,111.15,46.45
2026-09-10T04:57:55,109.67,44.99
2026-09-10T04:57:56,109.4,44.73
2026-09-10T04:57:57,110.51,45.82
2026-09-10T04:57:58,113.04,48.31
2026-09-10T04:57:59,109.59,44.91
2026-09-10T04:58:00,108.9,44.23
2026-09-10T04:58:01,108.62,43.95
2026-09-10T04:58:02,113.23,48.5
2026-09-10T04:58:03,111.72,47.01
2026-09-10T04:58:04,109.5,44.82
2026-09-10T04:58:05,108.62,43.95
2026-09-10T04:58:06,108.76,44.1
2026-09-10T04:58:07,108.51,43.85
2026-09-10T04:58:08,108.49,43.82
2026-09-10T04:58:09,109.44,44.76
2026-09-10T04:58:10,108.42,43.76
2026-09-10T04:58:11,108.64,43.97
2026-09-10T04:58:12,108.91,44.24
2026-09-10T04:58:13,110.23,45.54
2026-09-10T04:58:14,109.67,44.99
2026-09-10T04:58:15,108.63,43.96
2026-09-10T04:58:16,108.6,43.94
2026-09-10T04:58:17,108.23,43.57
2026-09-10T04:58:18,108.13,43.47
2026-09-10T04:58:19,108.45,43.79
2026-09-10T04:58:20,108.59,43.92
2026-09-10T04:58:21,107.71,43.06
2026-09-10T04:58:22,108.64,43.98
2026-09-10T04:58:23,108.02,43.36
2026-09-10T04:58:24,108.28,43.62
2026-09-10T04:58:25,108.2,43.54
2026-09-10T04:58:26,108.14,43.48
2026-09-10T04:58:27,108.7,44.03
2026-09-10T04:58:28,108.41,43.75
2026-09-10T04:58:29,108.71,44.04
2026-09-10T04:58:30,108.16,43.5
2026-09-10T04:58:31,108.24,43.57
2026-09-10T04:58:32,108.52,43.85
2026-09-10T04:58:33,108.67,44.0
2026-09-10T04:58:34,109.38,44.7
2026-09-10T04:58:35,108.36,43.7
2026-09-10T04:58:36,108.61,43.95
2026-09-10T04:58:37,108.49,43.83
2026-09-10T04:58:38,108.34,43.67
2026-09-10T04:58:39,108.93,44.26
2026-09-10T04:58:40,108.25,43.59
2026-09-10T04:58:41,108.49,43.83
2026-09-10T04:58:42,108.86,44.19
2026-09-10T04:58:43,108.47,43.8
2026-09-10T04:58:44,108.46,43.8
2026-09-10T04:58:45,108.34,43.68
2026-09-10T04:58:46,108.43,43.76
2026-09-10T04:58:47,108.04,43.38
2026-09-10T04:58:48,108.33,43.67
2026-09-10T04:58:49,108.96,44.29
2026-09-10T04:58:50,108.38,43.71
2026-09-10T04:58:51,108.26,43.6
2026-09-10T04:58:52,108.35,43.69
2026-09-10T04:58:53,108.75,44.08
2026-09-10T04:58:54,108.45,43.79
2026-09-10T04:58:55,108.68,44.01
2026-09-10T04:58:56,108.66,43.99
2026-09-10T04:58:57,108.39,43.72
2026-09-10T04:58:58,108.48,43.82
2026-09-10T04:58:59,108.17,43.51
2026-09-10T04:59:00,108.82,44.15
2026-09-10T04:59:01,108.87,44.2
2026-09-10T04:59:02,108.61,43.94
2026-09-10T04:59:03,108.96,44.29
2026-09-10T04:59:04,108.21,43.55
2026-09-10T04:59:05,108.62,43.95
2026-09-10T04:59:06,108.46,43.8
2026-09-10T04:59:07,108.33,43.67
2026-09-10T04:59:08,108.45,43.79
2026-09-10T04:59:09,108.55,43.88
2026-09-10T04:59:10,108.26,43.6
2026-09-10T04:59:11,108.27,43.6
2026-09-10T04:59:12,108.42,43.75
2026-09-10T04:59:13,109.05,44.38
2026-09-10T04:59:14,108.73,44.06
2026-09-10T04:59:15,108.49,43.82
2026-09-10T04:59:16,108.9,44.22
2026-09-10T04:59:17,109.76,45.08
2026-09-10T04:59:18,110.26,45.57
2026-09-10T04:59:19,111.14,46.44
2026-09-10T04:59:20,113.33,48.6
2026-09-10T04:59:21,113.74,49.0
2026-09-10T04:59:22,110.87,46.17
2026-09-10T04:59:23,109.8,45.11
2026-09-10T04:59:24,109.26,44.58
2026-09-10T04:59:25,109.09,44.41
2026-09-10T04:59:26,109.07,44.39
2026-09-10T04:59:27,108.75,44.08
2026-09-10T04:59:28,108.67,44.0
2026-09-10T04:59:29,108.83,44.16
2026-09-10T04:59:30,108.3,43.64
2026-09-10T04:59:31,108.58,43.91
2026-09-10T04:59:32,108.68,44.01
2026-09-10T04:59:33,109.62,44.94
2026-09-10T04:59:34,108.26,43.59
2026-09-10T04:59:35,108.75,44.08
2026-09-10T04:59:36,108.46,43.8
2026-09-10T04:59:37,108.36,43.7
2026-09-10T04:59:38,108.9,44.23
2026-09-10T04:59:39,108.28,43.61
2026-09-10T04:59:40,108.61,43.94
2026-09-10T04:59:41,108.72,44.05
2026-09-10T04:59:42,107.98,43.32
2026-09-10T04:59:43,108.22,43.56
2026-09-10T04:59:44,108.94,44.27
2026-09-10T04:59:45,109.02,44.34
2026-09-10T04:59:46,108.36,43.7
2026-09-10T04:59:47,108.62,43.95
2026-09-10T04:59:48,108.83,44.16
2026-09-10T04:59:49,108.6,43.93
2026-09-10T04:59:50,108.46,43.8
2026-09-10T04:59:51,108.46,43.8
2026-09-10T04:59:52,108.65,43.98
2026-09-10T04:59:53,108.7,44.03
2026-09-10T04:59:54,108.59,43.92
2026-09-10T04:59:55,108.65,43.98
2026-09-10T04:59:56,108.34,43.67
2026-09-10T04:59:57,108.39,43.73
2026-09-10T04:59:58,108.12,43.46
2026-09-10T04:59:59,108.47,43.81
2026-09-10T05:00:00,108.82,44.15
2026-09-10T05:00:01,110.16,45.47
2026-09-10T05:00:02,109.14,44.46
2026-09-10T05:00:03,108.41,43.74
2026-09-10T05:00:04,108.52,43.85
2026-09-10T05:00:05,108.63,43.96
2026-09-10T05:00:06,109.19,44.51
2026-09-10T05:00:07,108.13,43.47
2026-09-10T05:00:08,108.77,44.1
2026-09-10T05:00:09,108.43,43.77
2026-09-10T05:00:10,107.6,42.95
2026-09-10T05:00:11,108.52,43.85
2026-09-10T05:00:12,108.54,43.87
2026-09-10T05:00:13,108.4,43.73
2026-09-10T05:00:14,108.44,43.78
2026-09-10T05:00:15,108.29,43.63
2026-09-10T05:00:16,108.31,43.65
2026-09-10T05:00:17,107.84,43.19
2026-09-10T05:00:18,108.86,44.19
2026-09-10T05:00:19,108.61,43.94
2026-09-10T05:00:20,108.21,43.55
2026-09-10T05:00:21,108.08,43.42
2026-09-10T05:00:22,108.48,43.81
2026-09-10T05:00:23,108.44,43.78
2026-09-10T05:00:24,108.4,43.74
2026-09-10T05:00:25,108.7,44.03
2026-09-10T05:00:26,108.27,43.61
2026-09-10T05:00:27,108.42,43.75
2026-09-10T05:00:28,107.94,43.28
2026-09-10T05:00:29,108.07,43.41
2026-09-10T05:00:30,108.21,43.55
2026-09-10T05:00:31,107.85,43.19
2026-09-10T05:00:32,108.71,44.04
2026-09-10T05:00:33,108.26,43.6
2026-09-10T05:00:34,108.2,43.54
2026-09-10T05:00:35,108.46,43.79
2026-09-10T05:00:36,108.35,43.69
2026-09-10T05:00:37,108.22,43.56
2026-09-10T05:00:38,108.15,43.49
2026-09-10T05:00:39,108.13,43.47
2026-09-10T05:00:40,108.44,43.78
2026-09-10T05:00:41,108.09,43.43
2026-09-10T05:00:42,108.43,43.77
2026-09-10T05:00:43,108.57,43.9
2026-09-10T05:00:44,108.49,43.82
2026-09-10T05:00:45,108.78,44.11
2026-09-10T05:00:46,108.19,43.53
2026-09-10T05:00:47,108.22,43.56
2026-09-10T05:00:48,108.3,43.64
2026-09-10T05:00:49,108.06,43.4
2026-09-10T05:00:50,108.21,43.55
2026-09-10T05:00:51,108.33,43.67
2026-09-10T05:00:52,108.55,43.88
2026-09-10T05:00:53,108.45,43.78
2026-09-10T05:00:54,108.02,43.36
2026-09-10T05:00:55,108.48,43.82
2026-09-10T05:00:56,108.43,43.76
2026-09-10T05:00:57,108.15,43.49
2026-09-10T05:00:58,108.16,43.5
2026-09-10T05:00:59,107.94,43.29
2026-09-10T05:01:00,108.35,43.69
2026-09-10T05:01:01,107.99,43.33
2026-09-10T05:01:02,108.26,43.6
2026-09-10T05:01:03,107.85,43.2
2026-09-10T05:01:04,108.73,44.06
2026-09-10T05:01:05,108.04,43.38
2026-09-10T05:01:06,108.17,43.51
2026-09-10T05:01:07,108.27,43.61
2026-09-10T05:01:08,108.21,43.54
2026-09-10T05:01:09,108.49,43.83
2026-09-10T05:01:10,108.54,43.87
2026-09-10T05:01:11,108.55,43.88
2026-09-10T05:01:12,109.41,44.73
2026-09-10T05:01:13,109.89,45.2
2026-09-10T05:01:14,110.13,45.44
2026-09-10T05:01:15,110.12,45.43
2026-09-10T05:01:16,110.53,45.83
2026-09-10T05:01:17,110.55,45.85
2026-09-10T05:01:18,109.12,44.45
2026-09-10T05:01:19,109.12,44.44
2026-09-10T05:01:20,108.56,43.9
2026-09-10T05:01:21,108.73,44.06
2026-09-10T05:01:22,108.72,44.06
2026-09-10T05:01:23,108.61,43.95
2026-09-10T05:01:24,108.54,43.88
2026-09-10T05:01:25,108.59,43.92
2026-09-10T05:01:26,108.15,43.49
2026-09-10T05:01:27,108.33,43.67
2026-09-10T05:01:28,108.25,43.59
2026-09-10T05:01:29,108.39,43.73
2026-09-10T05:01:30,108.73,44.06
2026-09-10T05:01:31,108.8,44.13
2026-09-10T05:01:32,108.51,43.85
2026-09-10T05:01:33,108.74,44.07
2026-09-10T05:01:34,108.73,44.07
2026-09-10T05:01:35,108.32,43.66
2026-09-10T05:01:36,108.53,43.86
2026-09-10T05:01:37,108.59,43.93
2026-09-10T05:01:38,108.9,44.23
2026-09-10T05:01:39,108.79,44.12
2026-09-10T05:01:40,108.47,43.81
2026-09-10T05:01:41,108.95,44.28
2026-09-10T05:01:42,108.86,44.18
2026-09-10T05:01:43,108.94,44.27
2026-09-10T05:01:44,108.54,43.88
2026-09-10T05:01:45,108.57,43.9
2026-09-10T05:01:46,108.64,43.97
2026-09-10T05:01:47,108.71,44.04
2026-09-10T05:01:48,108.79,44.12
2026-09-10T05:01:49,109.01,44.34
2026-09-10T05:01:50,108.86,44.19
2026-09-10T05:01:51,108.35,43.68
2026-09-10T05:01:52,109.12,44.45
2026-09-10T05:01:53,108.89,44.22
2026-09-10T05:01:54,108.98,44.31
2026-09-10T05:01:55,109.22,44.54
2026-09-10T05:01:56,109.48,44.8
2026-09-10T05:01:57,108.87,44.19
2026-09-10T05:01:58,110.86,46.16
2026-09-10T05:01:59,111.34,46.63
2026-09-10T05:02:00,110.23,45.54
2026-09-10T05:02:01,110.69,46.0
2026-09-10T05:02:02,110.21,45.53
2026-09-10T05:02:03,108.88,44.21
2026-09-10T05:02:04,108.55,43.88
2026-09-10T05:02:05,108.55,43.89
2026-09-10T05:02:06,108.59,43.93
2026-09-10T05:02:07,108.64,43.97
2026-09-10T05:02:08,108.59,43.93
2026-09-10T05:02:09,108.64,43.97
2026-09-10T05:02:10,108.07,43.41
2026-09-10T05:02:11,108.29,43.62
2026-09-10T05:02:12,108.07,43.41
2026-09-10T05:02:13,108.28,43.62
2026-09-10T05:02:14,108.25,43.59
2026-09-10T05:02:15,108.59,43.92
2026-09-10T05:02:16,108.3,43.64
2026-09-10T05:02:17,108.34,43.68
2026-09-10T05:02:18,108.56,43.9
2026-09-10T05:02:19,109.11,44.43
2026-09-10T05:02:20,108.29,43.63
2026-09-10T05:02:21,108.38,43.71
2026-09-10T05:02:22,108.78,44.11
2026-09-10T05:02:23,108.99,44.32
2026-09-10T05:02:24,109.22,44.55
2026-09-10T05:02:25,108.44,43.78
2026-09-10T05:02:26,108.04,43.38
2026-09-10T05:02:27,108.35,43.68
2026-09-10T05:02:28,108.7,44.04
2026-09-10T05:02:29,108.7,44.03
2026-09-10T05:02:30,108.43,43.77
2026-09-10T05:02:31,108.25,43.59
2026-09-10T05:02:32,108.38,43.72
2026-09-10T05:02:33,108.13,43.47
2026-09-10T05:02:34,109.81,45.12
2026-09-10T05:02:35,108.76,44.09
2026-09-10T05:02:36,108.8,44.13
2026-09-10T05:02:37,109.32,44.64
2026-09-10T05:02:38,108.35,43.69
2026-09-10T05:02:39,108.4,43.73
2026-09-10T05:02:40,108.23,43.57
2026-09-10T05:02:41,108.52,43.86
2026-09-10T05:02:42,108.69,44.03
2026-09-10T05:02:43,108.28,43.62
2026-09-10T05:02:44,108.41,43.75
2026-09-10T05:02:45,108.5,43.84
2026-09-10T05:02:46,108.73,44.06
2026-09-10T05:02:47,108.88,44.21
2026-09-10T05:02:48,109.04,44.36
2026-09-10T05:02:49,108.35,43.68
2026-09-10T05:02:50,108.28,43.62
2026-09-10T05:02:51,107.78,43.12
2026-09-10T05:02:52,108.16,43.5
2026-09-10T05:02:53,108.38,43.72
2026-09-10T05:02:54,108.34,43.68
2026-09-10T05:02:55,108.37,43.7
2026-09-10T05:02:56,107.85,43.19
2026-09-10T05:02:57,108.28,43.61
2026-09-10T05:02:58,108.33,43.67
2026-09-10T05:02:59,108.47,43.8
2026-09-10T05:03:00,108.46,43.79
2026-09-10T05:03:01,108.62,43.95
2026-09-10T05:03:02,108.7,44.03
2026-09-10T05:03:03,108.14,43.48
2026-09-10T05:03:04,108.01,43.35
2026-09-10T05:03:05,108.39,43.73
2026-09-10T05:03:06,108.35,43.69
2026-09-10T05:03:07,108.35,43.69
2026-09-10T05:03:08,108.3,43.64
2026-09-10T05:03:09,108.87,44.2
2026-09-10T05:03:10,108.49,43.82
2026-09-10T05:03:11,107.92,43.26
2026-09-10T05:03:12,107.97,43.31
2026-09-10T05:03:13,108.7,44.03
2026-09-10T05:03:14,108.45,43.78
2026-09-10T05:03:15,108.51,43.84
2026-09-10T05:03:16,107.77,43.11
2026-09-10T05:03:17,108.23,43.57
2026-09-10T05:03:18,108.62,43.96
2026-09-10T05:03:19,108.17,43.51
2026-09-10T05:03:20,108.4,43.74
2026-09-10T05:03:21,108.49,43.83
2026-09-10T05:03:22,108.4,43.74
2026-09-10T05:03:23,108.7,44.03
2026-09-10T05:03:24,107.89,43.24
2026-09-10T05:03:25,108.38,43.71
2026-09-10T05:03:26,108.28,43.62
2026-09-10T05:03:27,108.45,43.78
2026-09-10T05:03:28,108.4,43.73
2026-09-10T05:03:29,108.11,43.45
2026-09-10T05:03:30,108.09,43.43
2026-09-10T05:03:31,108.5,43.84
2026-09-10T05:03:32,108.49,43.83
2026-09-10T05:03:33,108.48,43.81
2026-09-10T05:03:34,108.15,43.49
2026-09-10T05:03:35,108.3,43.64
2026-09-10T05:03:36,108.74,44.07
2026-09-10T05:03:37,108.27,43.61
2026-09-10T05:03:38,108.79,44.12
2026-09-10T05:03:39,108.72,44.05
2026-09-10T05:03:40,109.63,44.95
2026-09-10T05:03:41,110.65,45.95
2026-09-10T05:03:42,110.42,45.72
2026-09-10T05:03:43,110.55,45.85
2026-09-10T05:03:44,110.64,45.94
2026-09-10T05:03:45,110.05,45.36
2026-09-10T05:03:46,109.91,45.22
2026-09-10T05:03:47,109.47,44.79
2026-09-10T05:03:48,110.23,45.54
2026-09-10T05:03:49,110.25,45.56
2026-09-10T05:03:50,110.49,45.79
2026-09-10T05:03:51,111.74,47.03
2026-09-10T05:03:52,111.76,47.05
2026-09-10T05:03:53,110.63,45.94
2026-09-10T05:03:54,110.52,45.83
2026-09-10T05:03:55,109.75,45.07
2026-09-10T05:03:56,109.18,44.5
2026-09-10T05:03:57,109.05,44.38
2026-09-10T05:03:58,108.62,43.96
2026-09-10T05:03:59,108.73,44.06
2026-09-10T05:04:00,108.78,44.11
2026-09-10T05:04:01,108.68,44.01
2026-09-10T05:04:02,108.33,43.67
2026-09-10T05:04:03,108.31,43.65
2026-09-10T05:04:04,108.25,43.59
2026-09-10T05:04:05,108.27,43.61
2026-09-10T05:04:06,108.46,43.79
2026-09-10T05:04:07,108.25,43.59
2026-09-10T05:04:08,108.66,43.99
2026-09-10T05:04:09,108.96,44.28
2026-09-10T05:04:10,108.18,43.52
2026-09-10T05:04:11,108.34,43.68
2026-09-10T05:04:12,108.83,44.16
2026-09-10T05:04:13,109.27,44.59
2026-09-10T05:04:14,109.23,44.56
2026-09-10T05:04:15,109.73,45.05
2026-09-10T05:04:16,109.77,45.08
2026-09-10T05:04:17,110.62,45.93
2026-09-10T05:04:18,109.07,44.4
2026-09-10T05:04:19,108.61,43.94
2026-09-10T05:04:20,108.34,43.68
2026-09-10T05:04:21,108.43,43.77
2026-09-10T05:04:22,108.25,43.58
2026-09-10T05:04:23,108.24,43.57
2026-09-10T05:04:24,108.1,43.44
2026-09-10T05:04:25,108.59,43.92
2026-09-10T05:04:26,108.2,43.54
2026-09-10T05:04:27,108.23,43.57
2026-09-10T05:04:28,108.45,43.78
2026-09-10T05:04:29,108.37,43.71
2026-09-10T05:04:30,108.34,43.68
2026-09-10T05:04:31,108.42,43.75
2026-09-10T05:04:32,108.46,43.79
2026-09-10T05:04:33,108.31,43.65
2026-09-10T05:04:34,108.27,43.6
2026-09-10T05:04:35,108.12,43.46
2026-09-10T05:04:36,108.02,43.36
2026-09-10T05:04:37,108.12,43.46
2026-09-10T05:04:38,108.02,43.36
2026-09-10T05:04:39,108.37,43.7
2026-09-10T05:04:40,107.89,43.23
2026-09-10T05:04:41,108.17,43.51
2026-09-10T05:04:42,108.26,43.6
2026-09-10T05:04:43,107.94,43.28
2026-09-10T05:04:44,108.27,43.61
2026-09-10T05:04:45,108.29,43.62
2026-09-10T05:04:46,108.62,43.95
2026-09-10T05:04:47,108.19,43.52
2026-09-10T05:04:48,108.11,43.45
2026-09-10T05:04:49,108.23,43.57
2026-09-10T05:04:50,107.98,43.32
2026-09-10T05:04:51,107.82,43.16
2026-09-10T05:04:52,108.04,43.38
2026-09-10T05:04:53,108.61,43.95
2026-09-10T05:04:54,107.7,43.05
2026-09-10T05:04:55,108.32,43.66
2026-09-10T05:04:56,108.62,43.95
2026-09-10T05:04:57,108.85,44.18
2026-09-10T05:04:58,107.98,43.32
2026-09-10T05:04:59,108.27,43.61
2026-09-10T05:05:00,108.02,43.36
2026-09-10T05:05:01,108.43,43.77
2026-09-10T05:05:02,110.57,45.87
2026-09-10T05:05:03,108.11,43.45
2026-09-10T05:05:04,108.6,43.93
2026-09-10T05:05:05,107.96,43.3
2026-09-10T05:05:06,108.14,43.48
2026-09-10T05:05:07,108.43,43.76
2026-09-10T05:05:08,108.24,43.58
2026-09-10T05:05:09,108.45,43.79
2026-09-10T05:05:10,108.53,43.87
2026-09-10T05:05:11,108.35,43.69
2026-09-10T05:05:12,107.78,43.12
2026-09-10T05:05:13,108.55,43.89
2026-09-10T05:05:14,107.96,43.3
2026-09-10T05:05:15,108.18,43.52
2026-09-10T05:05:16,108.31,43.64
2026-09-10T05:05:17,107.72,43.06
2026-09-10T05:05:18,108.5,43.84
2026-09-10T05:05:19,108.19,43.53
2026-09-10T05:05:20,108.39,43.72
2026-09-10T05:05:21,108.54,43.88
2026-09-10T05:05:22,108.17,43.51
2026-09-10T05:05:23,108.48,43.81
2026-09-10T05:05:24,108.16,43.49
2026-09-10T05:05:25,108.34,43.68
2026-09-10T05:05:26,108.28,43.62
2026-09-10T05:05:27,108.52,43.86
2026-09-10T05:05:28,108.8,44.13
2026-09-10T05:05:29,108.27,43.61
2026-09-10T05:05:30,107.73,43.08
2026-09-10T05:05:31,109.15,44.48
2026-09-10T05:05:32,108.32,43.66
2026-09-10T05:05:33,108.27,43.6
2026-09-10T05:05:34,108.39,43.73
2026-09-10T05:05:35,108.1,43.44
2026-09-10T05:05:36,108.3,43.64
2026-09-10T05:05:37,108.89,44.22
2026-09-10T05:05:38,108.93,44.26
2026-09-10T05:05:39,108.86,44.19
2026-09-10T05:05:40,109.85,45.16
2026-09-10T05:05:41,110.9,46.2
2026-09-10T05:05:42,111.35,46.64
2026-09-10T05:05:43,111.13,46.43
2026-09-10T05:05:44,111.13,46.43
2026-09-10T05:05:45,110.0,45.31
2026-09-10T05:05:46,109.82,45.13
2026-09-10T05:05:47,109.2,44.53
2026-09-10T05:05:48,109.27,44.59
2026-09-10T05:05:49,108.93,44.26
2026-09-10T05:05:50,108.72,44.05
2026-09-10T05:05:51,109.19,44.51
2026-09-10T05:05:52,110.31,45.62
2026-09-10T05:05:53,111.44,46.73
2026-09-10T05:05:54,111.65,46.94
2026-09-10T05:05:55,111.69,46.98
2026-09-10T05:05:56,110.27,45.58
2026-09-10T05:05:57,109.2,44.53
2026-09-10T05:05:58,108.88,44.21
2026-09-10T05:05:59,108.96,44.29
2026-09-10T05:06:00,108.82,44.15
2026-09-10T05:06:01,108.53,43.87
2026-09-10T05:06:02,109.1,44.43
2026-09-10T05:06:03,108.14,43.48
2026-09-10T05:06:04,108.36,43.7
2026-09-10T05:06:05,108.92,44.25
2026-09-10T05:06:06,108.89,44.22
2026-09-10T05:06:07,108.92,44.25
2026-09-10T05:06:08,109.81,45.12
2026-09-10T05:06:09,111.28,46.57
2026-09-10T05:06:10,109.6,44.92
2026-09-10T05:06:11,108.58,43.91
2026-09-10T05:06:12,109.42,44.74
2026-09-10T05:06:13,108.36,43.7
2026-09-10T05:06:14,108.38,43.71
2026-09-10T05:06:15,108.89,44.21
2026-09-10T05:06:16,108.49,43.83
2026-09-10T05:06:17,108.76,44.09
2026-09-10T05:06:18,108.22,43.56
2026-09-10T05:06:19,108.33,43.67
2026-09-10T05:06:20,108.89,44.22
2026-09-10T05:06:21,108.3,43.63
2026-09-10T05:06:22,108.42,43.76
2026-09-10T05:06:23,107.89,43.23
2026-09-10T05:06:24,108.36,43.7
2026-09-10T05:06:25,108.56,43.9
2026-09-10T05:06:26,108.47,43.8
2026-09-10T05:06:27,108.54,43.87
2026-09-10T05:06:28,108.4,43.73
2026-09-10T05:06:29,108.7,44.03
2026-09-10T05:06:30,108.57,43.91
2026-09-10T05:06:31,108.49,43.82
2026-09-10T05:06:32,108.61,43.95
2026-09-10T05:06:33,108.42,43.76
2026-09-10T05:06:34,107.9,43.24
2026-09-10T05:06:35,108.58,43.91
2026-09-10T05:06:36,108.45,43.79
2026-09-10T05:06:37,108.68,44.01
2026-09-10T05:06:38,108.07,43.41
2026-09-10T05:06:39,108.27,43.61
2026-09-10T05:06:40,108.19,43.53
2026-09-10T05:06:41,108.51,43.84
2026-09-10T05:06:42,108.3,43.63
2026-09-10T05:06:43,108.32,43.66
2026-09-10T05:06:44,108.74,44.07
2026-09-10T05:06:45,109.49,44.81
2026-09-10T05:06:46,109.3,44.62
2026-09-10T05:06:47,109.86,45.17
2026-09-10T05:06:48,110.48,45.79
2026-09-10T05:06:49,110.55,45.85
2026-09-10T05:06:50,109.59,44.91
2026-09-10T05:06:51,109.86,45.17
2026-09-10T05:06:52,109.31,44.63
2026-09-10T05:06:53,108.9,44.23
2026-09-10T05:06:54,108.59,43.93
2026-09-10T05:06:55,108.52,43.85
2026-09-10T05:06:56,108.87,44.2
2026-09-10T05:06:57,108.45,43.78
2026-09-10T05:06:58,108.49,43.82
2026-09-10T05:06:59,108.41,43.74
2026-09-10T05:07:00,108.85,44.18
2026-09-10T05:07:01,108.61,43.94
2026-09-10T05:07:02,108.42,43.75
2026-09-10T05:07:03,108.41,43.75
2026-09-10T05:07:04,108.17,43.51
2026-09-10T05:07:05,108.58,43.91
2026-09-10T05:07:06,108.31,43.65
2026-09-10T05:07:07,108.47,43.81
2026-09-10T05:07:08,108.51,43.85
2026-09-10T05:07:09,108.23,43.57
2026-09-10T05:07:10,108.38,43.72
2026-09-10T05:07:11,108.45,43.78
2026-09-10T05:07:12,108.83,44.16
2026-09-10T05:07:13,108.64,43.97
2026-09-10T05:07:14,108.33,43.66
2026-09-10T05:07:15,108.74,44.08
2026-09-10T05:07:16,108.56,43.89
2026-09-10T05:07:17,108.25,43.59
2026-09-10T05:07:18,108.25,43.59
2026-09-10T05:07:19,108.81,44.14
2026-09-10T05:07:20,108.55,43.89
2026-09-10T05:07:21,109.02,44.35
2026-09-10T05:07:22,109.02,44.35
2026-09-10T05:07:23,108.34,43.68
2026-09-10T05:07:24,108.48,43.82
2026-09-10T05:07:25,108.29,43.63
2026-09-10T05:07:26,109.0,44.33
2026-09-10T05:07:27,108.42,43.76
2026-09-10T05:07:28,108.75,44.08
2026-09-10T05:07:29,108.64,43.97
2026-09-10T05:07:30,108.85,44.18
2026-09-10T05:07:31,109.18,44.51
2026-09-10T05:07:32,109.06,44.38
2026-09-10T05:07:33,110.86,46.16
2026-09-10T05:07:34,112.34,47.62
2026-09-10T05:07:35,113.65,48.91
2026-09-10T05:07:36,116.68,51.9
2026-09-10T05:07:37,115.38,50.62
2026-09-10T05:07:38,111.72,47.01
2026-09-10T05:07:39,110.59,45.9
2026-09-10T05:07:40,109.93,45.25
2026-09-10T05:07:41,108.87,44.2
2026-09-10T05:07:42,109.17,44.5
2026-09-10T05:07:43,109.26,44.58
2026-09-10T05:07:44,109.34,44.66
2026-09-10T05:07:45,110.27,45.58
2026-09-10T05:07:46,109.25,44.57
2026-09-10T05:07:47,110.08,45.39
2026-09-10T05:07:48,109.2,44.52
2026-09-10T05:07:49,108.98,44.31
2026-09-10T05:07:50,109.05,44.37
2026-09-10T05:07:51,109.84,45.16
2026-09-10T05:07:52,109.16,44.49
2026-09-10T05:07:53,109.06,44.39
2026-09-10T05:07:54,108.35,43.69
2026-09-10T05:07:55,109.01,44.34
2026-09-10T05:07:56,109.09,44.42
2026-09-10T05:07:57,109.23,44.56
2026-09-10T05:07:58,109.08,44.41
2026-09-10T05:07:59,108.62,43.95
2026-09-10T05:08:00,108.31,43.65
2026-09-10T05:08:01,108.61,43.95
2026-09-10T05:08:02,108.66,43.99
2026-09-10T05:08:03,108.51,43.85
2026-09-10T05:08:04,108.82,44.15
2026-09-10T05:08:05,108.84,44.17
2026-09-10T05:08:06,109.14,44.46
2026-09-10T05:08:07,109.02,44.34
2026-09-10T05:08:08,109.0,44.33
2026-09-10T05:08:09,108.85,44.18
2026-09-10T05:08:10,108.58,43.91
2026-09-10T05:08:11,108.78,44.11
2026-09-10T05:08:12,108.48,43.81
2026-09-10T05:08:13,108.04,43.38
2026-09-10T05:08:14,108.74,44.07
2026-09-10T05:08:15,108.63,43.96
2026-09-10T05:08:16,108.58,43.91
2026-09-10T05:08:17,108.94,44.26
2026-09-10T05:08:18,108.27,43.6
2026-09-10T05:08:19,108.86,44.19
2026-09-10T05:08:20,108.62,43.96
2026-09-10T05:08:21,107.95,43.29
2026-09-10T05:08:22,108.77,44.1
2026-09-10T05:08:23,108.03,43.37
2026-09-10T05:08:24,108.07,43.41
2026-09-10T05:08:25,107.97,43.32
2026-09-10T05:08:26,108.0,43.35
2026-09-10T05:08:27,108.85,44.17
2026-09-10T05:08:28,107.72,43.06
2026-09-10T05:08:29,108.8,44.13
2026-09-10T05:08:30,108.08,43.42
2026-09-10T05:08:31,107.94,43.28
2026-09-10T05:08:32,108.34,43.67
2026-09-10T05:08:33,108.49,43.83
2026-09-10T05:08:34,108.14,43.48
2026-09-10T05:08:35,107.72,43.07
2026-09-10T05:08:36,108.22,43.56
2026-09-10T05:08:37,108.09,43.43
2026-09-10T05:08:38,108.83,44.16
2026-09-10T05:08:39,109.29,44.61
2026-09-10T05:08:40,109.91,45.23
2026-09-10T05:08:41,110.34,45.65
2026-09-10T05:08:42,110.31,45.62
2026-09-10T05:08:43,109.45,44.77
2026-09-10T05:08:44,109.59,44.91
2026-09-10T05:08:45,109.05,44.38
2026-09-10T05:08:46,108.57,43.9
2026-09-10T05:08:47,108.69,44.02
2026-09-10T05:08:48,108.54,43.88
2026-09-10T05:08:49,108.29,43.62
2026-09-10T05:08:50,108.79,44.12
2026-09-10T05:08:51,107.85,43.19
2026-09-10T05:08:52,108.16,43.5
2026-09-10T05:08:53,108.36,43.7
2026-09-10T05:08:54,108.49,43.83
2026-09-10T05:08:55,108.31,43.65
2026-09-10T05:08:56,107.92,43.27
2026-09-10T05:08:57,108.72,44.06
2026-09-10T05:08:58,108.51,43.84
2026-09-10T05:08:59,109.12,44.44
2026-09-10T05:09:00,108.68,44.01
2026-09-10T05:09:01,108.38,43.72
2026-09-10T05:09:02,107.76,43.11
2026-09-10T05:09:03,107.91,43.25
2026-09-10T05:09:04,108.49,43.82
2026-09-10T05:09:05,108.65,43.98
2026-09-10T05:09:06,108.05,43.39
2026-09-10T05:09:07,108.11,43.45
2026-09-10T05:09:08,107.92,43.27
2026-09-10T05:09:09,108.08,43.42
2026-09-10T05:09:10,108.1,43.44
2026-09-10T05:09:11,108.42,43.76
2026-09-10T05:09:12,107.94,43.28
2026-09-10T05:09:13,107.82,43.16
2026-09-10T05:09:14,108.0,43.35
2026-09-10T05:09:15,108.27,43.61
2026-09-10T05:09:16,107.87,43.22
2026-09-10T05:09:17,108.3,43.63
2026-09-10T05:09:18,108.42,43.75
2026-09-10T05:09:19,108.34,43.68
2026-09-10T05:09:20,108.27,43.61
2026-09-10T05:09:21,108.15,43.49
2026-09-10T05:09:22,108.78,44.11
2026-09-10T05:09:23,109.9,45.22
2026-09-10T05:09:24,109.97,45.29
2026-09-10T05:09:25,110.74,46.04
2026-09-10T05:09:26,109.99,45.31
2026-09-10T05:09:27,109.13,44.46
2026-09-10T05:09:28,108.45,43.79
2026-09-10T05:09:29,108.11,43.45
2026-09-10T05:09:30,108.6,43.93
2026-09-10T05:09:31,108.67,44.0
2026-09-10T05:09:32,108.23,43.57
2026-09-10T05:09:33,108.67,44.0
2026-09-10T05:09:34,108.23,43.57
2026-09-10T05:09:35,108.4,43.74
2026-09-10T05:09:36,108.27,43.6
2026-09-10T05:09:37,108.21,43.54
2026-09-10T05:09:38,108.25,43.59
2026-09-10T05:09:39,108.08,43.42
2026-09-10T05:09:40,107.79,43.13
2026-09-10T05:09:41,108.46,43.79
2026-09-10T05:09:42,107.85,43.2
2026-09-10T05:09:43,108.21,43.55
2026-09-10T05:09:44,108.31,43.65
2026-09-10T05:09:45,108.07,43.41
2026-09-10T05:09:46,108.22,43.55
2026-09-10T05:09:47,108.17,43.51
2026-09-10T05:09:48,108.41,43.75
2026-09-10T05:09:49,107.68,43.03
2026-09-10T05:09:50,107.99,43.33
2026-09-10T05:09:51,108.19,43.52
2026-09-10T05:09:52,108.16,43.5
2026-09-10T05:09:53,108.05,43.39
2026-09-10T05:09:54,108.57,43.9
2026-09-10T05:09:55,108.05,43.39
2026-09-10T05:09:56,108.16,43.5
2026-09-10T05:09:57,108.11,43.45
2026-09-10T05:09:58,107.99,43.33
2026-09-10T05:09:59,108.0,43.34
2026-09-10T05:10:00,107.99,43.34
2026-09-10T05:10:01,108.44,43.77
2026-09-10T05:10:02,108.83,44.16
2026-09-10T05:10:03,109.94,45.25
2026-09-10T05:10:04,107.94,43.29
2026-09-10T05:10:05,108.27,43.6
2026-09-10T05:10:06,108.28,43.62
2026-09-10T05:10:07,108.11,43.45
2026-09-10T05:10:08,108.51,43.84
2026-09-10T05:10:09,108.58,43.91
2026-09-10T05:10:10,108.16,43.5
2026-09-10T05:10:11,108.53,43.86
2026-09-10T05:10:12,108.48,43.82
2026-09-10T05:10:13,108.06,43.4
2026-09-10T05:10:14,108.08,43.42
2026-09-10T05:10:15,108.23,43.56
2026-09-10T05:10:16,108.23,43.57
2026-09-10T05:10:17,108.24,43.58
2026-09-10T05:10:18,108.26,43.59
2026-09-10T05:10:19,108.32,43.66
2026-09-10T05:10:20,108.27,43.61
2026-09-10T05:10:21,108.56,43.9
2026-09-10T05:10:22,108.41,43.75
2026-09-10T05:10:23,107.84,43.19
2026-09-10T05:10:24,108.41,43.74
2026-09-10T05:10:25,108.47,43.8
2026-09-10T05:10:26,108.21,43.55
2026-09-10T05:10:27,108.43,43.77
2026-09-10T05:10:28,108.77,44.1
2026-09-10T05:10:29,109.4,44.73
2026-09-10T05:10:30,110.24,45.55
2026-09-10T05:10:31,111.0,46.3
2026-09-10T05:10:32,112.21,47.49
2026-09-10T05:10:33,112.26,47.54
2026-09-10T05:10:34,111.24,46.54
2026-09-10T05:10:35,111.98,47.26
2026-09-10T05:10:36,111.43,46.73
2026-09-10T05:10:37,110.2,45.51
2026-09-10T05:10:38,108.81,44.14
2026-09-10T05:10:39,108.82,44.15
2026-09-10T05:10:40,108.92,44.25
2026-09-10T05:10:41,108.15,43.49
2026-09-10T05:10:42,108.6,43.94
2026-09-10T05:10:43,108.59,43.92
2026-09-10T05:10:44,108.04,43.38
2026-09-10T05:10:45,108.41,43.75
2026-09-10T05:10:46,107.93,43.27
2026-09-10T05:10:47,107.81,43.15
2026-09-10T05:10:48,108.39,43.73
2026-09-10T05:10:49,108.27,43.61
2026-09-10T05:10:50,108.12,43.46
2026-09-10T05:10:51,108.28,43.62
2026-09-10T05:10:52,108.62,43.95
2026-09-10T05:10:53,108.96,44.29
2026-09-10T05:10:54,109.53,44.85
2026-09-10T05:10:55,110.47,45.78
2026-09-10T05:10:56,112.04,47.32
2026-09-10T05:10:57,111.87,47.16
2026-09-10T05:10:58,111.95,47.24
2026-09-10T05:10:59,111.74,47.03
2026-09-10T05:11:00,110.55,45.86
2026-09-10T05:11:01,109.65,44.97
2026-09-10T05:11:02,109.17,44.49
2026-09-10T05:11:03,109.31,44.64
2026-09-10T05:11:04,108.36,43.69
2026-09-10T05:11:05,108.74,44.07
2026-09-10T05:11:06,108.24,43.58
2026-09-10T05:11:07,108.46,43.8
2026-09-10T05:11:08,108.62,43.95
2026-09-10T05:11:09,108.14,43.48
2026-09-10T05:11:10,108.53,43.86
2026-09-10T05:11:11,108.18,43.52
2026-09-10T05:11:12,108.37,43.7
2026-09-10T05:11:13,108.62,43.95
2026-09-10T05:11:14,108.04,43.38
2026-09-10T05:11:15,108.14,43.48
2026-09-10T05:11:16,108.18,43.52
2026-09-10T05:11:17,107.91,43.25
2026-09-10T05:11:18,108.09,43.43
2026-09-10T05:11:19,108.19,43.53
2026-09-10T05:11:20,107.82,43.16
2026-09-10T05:11:21,108.27,43.61
2026-09-10T05:11:22,108.19,43.53
2026-09-10T05:11:23,108.58,43.91
2026-09-10T05:11:24,108.09,43.43
2026-09-10T05:11:25,107.9,43.24
2026-09-10T05:11:26,108.13,43.47
2026-09-10T05:11:27,108.39,43.73
2026-09-10T05:11:28,108.34,43.67
2026-09-10T05:11:29,108.25,43.59
2026-09-10T05:11:30,108.26,43.6
2026-09-10T05:11:31,108.39,43.73
2026-09-10T05:11:32,108.24,43.58
2026-09-10T05:11:33,108.83,44.16
2026-09-10T05:11:34,109.8,45.12
2026-09-10T05:11:35,109.65,44.97
2026-09-10T05:11:36,110.46,45.77
2026-09-10T05:11:37,110.43,45.74
2026-09-10T05:11:38,109.81,45.13
2026-09-10T05:11:39,109.04,44.37
2026-09-10T05:11:40,109.39,44.71
2026-09-10T05:11:41,108.67,44.0
2026-09-10T05:11:42,108.28,43.61
2026-09-10T05:11:43,108.57,43.91
2026-09-10T05:11:44,108.42,43.75
2026-09-10T05:11:45,108.28,43.62
2026-09-10T05:11:46,108.4,43.74
2026-09-10T05:11:47,108.12,43.46
2026-09-10T05:11:48,108.06,43.4
2026-09-10T05:11:49,108.24,43.58
2026-09-10T05:11:50,107.64,42.99
2026-09-10T05:11:51,108.21,43.55
2026-09-10T05:11:52,108.24,43.58
2026-09-10T05:11:53,108.45,43.78
2026-09-10T05:11:54,108.65,43.98
2026-09-10T05:11:55,108.84,44.17
2026-09-10T05:11:56,109.28,44.61
2026-09-10T05:11:57,110.11,45.43
2026-09-10T05:11:58,109.42,44.75
2026-09-10T05:11:59,108.81,44.14
2026-09-10T05:12:00,108.22,43.55
2026-09-10T05:12:01,108.46,43.79
2026-09-10T05:12:02,108.13,43.47
2026-09-10T05:12:03,108.14,43.48
2026-09-10T05:12:04,108.32,43.65
2026-09-10T05:12:05,108.81,44.14
2026-09-10T05:12:06,107.97,43.31
2026-09-10T05:12:07,108.16,43.5
2026-09-10T05:12:08,107.86,43.21
2026-09-10T05:12:09,108.16,43.5
2026-09-10T05:12:10,107.71,43.05
2026-09-10T05:12:11,108.18,43.52
2026-09-10T05:12:12,108.22,43.56
2026-09-10T05:12:13,108.39,43.72
2026-09-10T05:12:14,108.25,43.59
2026-09-10T05:12:15,108.06,43.4
2026-09-10T05:12:16,107.87,43.22
2026-09-10T05:12:17,108.68,44.01
2026-09-10T05:12:18,108.72,44.05
2026-09-10T05:12:19,108.32,43.65
2026-09-10T05:12:20,108.03,43.37
2026-09-10T05:12:21,107.92,43.26
2026-09-10T05:12:22,108.33,43.67
2026-09-10T05:12:23,108.3,43.64
2026-09-10T05:12:24,109.03,44.36
2026-09-10T05:12:25,108.07,43.41
2026-09-10T05:12:26,108.76,44.09
2026-09-10T05:12:27,108.75,44.08
2026-09-10T05:12:28,108.64,43.98
2026-09-10T05:12:29,108.69,44.02
2026-09-10T05:12:30,108.16,43.49
2026-09-10T05:12:31,108.41,43.75
2026-09-10T05:12:32,108.8,44.13
2026-09-10T05:12:33,108.42,43.76
2026-09-10T05:12:34,107.9,43.24
2026-09-10T05:12:35,107.82,43.17
2026-09-10T05:12:36,108.07,43.41
2026-09-10T05:12:37,108.06,43.4
2026-09-10T05:12:38,107.79,43.14
2026-09-10T05:12:39,108.14,43.48
2026-09-10T05:12:40,108.68,44.01
2026-09-10T05:12:41,108.06,43.4
2026-09-10T05:12:42,108.17,43.51
2026-09-10T05:12:43,108.31,43.65
2026-09-10T05:12:44,108.09,43.43
2026-09-10T05:12:45,108.16,43.5
2026-09-10T05:12:46,107.95,43.29
2026-09-10T05:12:47,108.27,43.61
2026-09-10T05:12:48,108.57,43.9
2026-09-10T05:12:49,108.18,43.52
2026-09-10T05:12:50,107.76,43.1
2026-09-10T05:12:51,108.01,43.35
2026-09-10T05:12:52,107.95,43.29
2026-09-10T05:12:53,108.68,44.01
2026-09-10T05:12:54,108.09,43.43
2026-09-10T05:12:55,108.39,43.72
2026-09-10T05:12:56,108.2,43.54
2026-09-10T05:12:57,107.83,43.18
2026-09-10T05:12:58,107.83,43.18
2026-09-10T05:12:59,108.09,43.43
2026-09-10T05:13:00,108.31,43.65
2026-09-10T05:13:01,108.09,43.43
2026-09-10T05:13:02,108.57,43.91
2026-09-10T05:13:03,108.06,43.4
2026-09-10T05:13:04,108.25,43.59
2026-09-10T05:13:05,108.24,43.57
2026-09-10T05:13:06,108.08,43.42
2026-09-10T05:13:07,108.68,44.01
2026-09-10T05:13:08,108.28,43.62
2026-09-10T05:13:09,108.29,43.63
2026-09-10T05:13:10,108.13,43.47
2026-09-10T05:13:11,108.2,43.54
2026-09-10T05:13:12,108.34,43.68
2026-09-10T05:13:13,108.14,43.48
2026-09-10T05:13:14,108.12,43.46
2026-09-10T05:13:15,108.14,43.48
2026-09-10T05:13:16,108.37,43.71
2026-09-10T05:13:17,108.12,43.46
2026-09-10T05:13:18,107.98,43.32
2026-09-10T05:13:19,108.11,43.45
2026-09-10T05:13:20,108.24,43.58
2026-09-10T05:13:21,107.98,43.32
2026-09-10T05:13:22,108.05,43.39
2026-09-10T05:13:23,108.47,43.8
2026-09-10T05:13:24,108.6,43.93
2026-09-10T05:13:25,107.91,43.26
2026-09-10T05:13:26,108.07,43.41
2026-09-10T05:13:27,108.21,43.55
2026-09-10T05:13:28,108.01,43.35
2026-09-10T05:13:29,108.2,43.54
2026-09-10T05:13:30,108.19,43.53
2026-09-10T05:13:31,107.97,43.31
2026-09-10T05:13:32,108.7,44.03
2026-09-10T05:13:33,108.76,44.09
2026-09-10T05:13:34,108.45,43.78
2026-09-10T05:13:35,108.16,43.5
2026-09-10T05:13:36,108.08,43.42
2026-09-10T05:13:37,108.51,43.85
2026-09-10T05:13:38,108.38,43.71
2026-09-10T05:13:39,107.78,43.13
2026-09-10T05:13:40,107.8,43.15
2026-09-10T05:13:41,108.15,43.49
2026-09-10T05:13:42,107.85,43.2
2026-09-10T05:13:43,108.04,43.38
2026-09-10T05:13:44,108.44,43.78
2026-09-10T05:13:45,108.32,43.66
2026-09-10T05:13:46,108.44,43.77
2026-09-10T05:13:47,108.17,43.51
2026-09-10T05:13:48,108.05,43.39
2026-09-10T05:13:49,108.28,43.62
2026-09-10T05:13:50,108.1,43.44
2026-09-10T05:13:51,107.94,43.28
2026-09-10T05:13:52,108.3,43.64
2026-09-10T05:13:53,108.2,43.54
2026-09-10T05:13:54,108.26,43.6
2026-09-10T05:13:55,108.56,43.89
2026-09-10T05:13:56,108.24,43.58
2026-09-10T05:13:57,108.35,43.69
2026-09-10T05:13:58,108.38,43.71
2026-09-10T05:13:59,108.43,43.77
2026-09-10T05:14:00,108.97,44.3
2026-09-10T05:14:01,108.04,43.38
2026-09-10T05:14:02,108.01,43.36
2026-09-10T05:14:03,107.97,43.31
2026-09-10T05:14:04,108.4,43.74
2026-09-10T05:14:05,108.22,43.55
2026-09-10T05:14:06,108.08,43.42
2026-09-10T05:14:07,108.09,43.43
2026-09-10T05:14:08,108.34,43.68
2026-09-10T05:14:09,108.4,43.73
2026-09-10T05:14:10,108.41,43.74
2026-09-10T05:14:11,108.28,43.62
2026-09-10T05:14:12,108.38,43.72
2026-09-10T05:14:13,108.57,43.9
2026-09-10T05:14:14,108.17,43.51
2026-09-10T05:14:15,107.93,43.28
2026-09-10T05:14:16,108.15,43.49
2026-09-10T05:14:17,108.34,43.67
2026-09-10T05:14:18,108.41,43.75
2026-09-10T05:14:19,108.76,44.09
2026-09-10T05:14:20,108.55,43.88
2026-09-10T05:14:21,109.07,44.4
2026-09-10T05:14:22,110.11,45.42
2026-09-10T05:14:23,111.33,46.63
2026-09-10T05:14:24,112.25,47.53
2026-09-10T05:14:25,112.81,48.08
2026-09-10T05:14:26,113.15,48.42
2026-09-10T05:14:27,111.47,46.77
2026-09-10T05:14:28,110.04,45.35
2026-09-10T05:14:29,109.46,44.78
2026-09-10T05:14:30,109.09,44.42
2026-09-10T05:14:31,108.6,43.93
2026-09-10T05:14:32,108.7,44.03
2026-09-10T05:14:33,108.22,43.56
2026-09-10T05:14:34,108.95,44.28
2026-09-10T05:14:35,108.7,44.03
2026-09-10T05:14:36,107.93,43.27
2026-09-10T05:14:37,108.13,43.47
2026-09-10T05:14:38,108.27,43.61
2026-09-10T05:14:39,108.34,43.68
2026-09-10T05:14:40,107.99,43.34
2026-09-10T05:14:41,108.71,44.05
2026-09-10T05:14:42,108.3,43.63
2026-09-10T05:14:43,108.26,43.59
2026-09-10T05:14:44,108.22,43.56
2026-09-10T05:14:45,108.45,43.79
2026-09-10T05:14:46,108.82,44.15
2026-09-10T05:14:47,108.99,44.32
2026-09-10T05:14:48,109.55,44.87
2026-09-10T05:14:49,109.2,44.52
2026-09-10T05:14:50,109.04,44.37
2026-09-10T05:14:51,108.84,44.17
2026-09-10T05:14:52,108.87,44.2
2026-09-10T05:14:53,108.27,43.61
2026-09-10T05:14:54,108.32,43.66
2026-09-10T05:14:55,108.07,43.41
2026-09-10T05:14:56,107.96,43.3
2026-09-10T05:14:57,107.87,43.22
2026-09-10T05:14:58,108.26,43.6
2026-09-10T05:14:59,108.5,43.84
2026-09-10T05:15:00,108.31,43.65
2026-09-10T05:15:01,108.14,43.48
2026-09-10T05:15:02,107.96,43.3
2026-09-10T05:15:03,110.03,45.34
2026-09-10T05:15:04,109.21,44.53
2026-09-10T05:15:05,108.31,43.64
2026-09-10T05:15:06,108.29,43.63
2026-09-10T05:15:07,108.21,43.55
2026-09-10T05:15:08,108.0,43.35
2026-09-10T05:15:09,108.36,43.7
2026-09-10T05:15:10,108.05,43.39
2026-09-10T05:15:11,108.24,43.58
2026-09-10T05:15:12,108.04,43.38
2026-09-10T05:15:13,108.09,43.43
2026-09-10T05:15:14,108.25,43.59
2026-09-10T05:15:15,108.42,43.75
2026-09-10T05:15:16,108.18,43.52
2026-09-10T05:15:17,107.94,43.28
2026-09-10T05:15:18,108.29,43.62
2026-09-10T05:15:19,108.25,43.59
2026-09-10T05:15:20,108.64,43.98
2026-09-10T05:15:21,108.5,43.83
2026-09-10T05:15:22,108.25,43.58
2026-09-10T05:15:23,108.86,44.19
2026-09-10T05:15:24,108.08,43.42
2026-09-10T05:15:25,107.99,43.33
2026-09-10T05:15:26,108.64,43.97
2026-09-10T05:15:27,107.98,43.32
2026-09-10T05:15:28,108.1,43.44
2026-09-10T05:15:29,108.01,43.35
2026-09-10T05:15:30,108.45,43.79
2026-09-10T05:15:31,108.12,43.46
2026-09-10T05:15:32,108.25,43.59
2026-09-10T05:15:33,108.12,43.46
2026-09-10T05:15:34,108.43,43.77
2026-09-10T05:15:35,108.29,43.63
2026-09-10T05:15:36,107.95,43.29
2026-09-10T05:15:37,108.41,43.75
2026-09-10T05:15:38,108.62,43.96
2026-09-10T05:15:39,108.19,43.53
2026-09-10T05:15:40,108.49,43.83
2026-09-10T05:15:41,108.09,43.43
2026-09-10T05:15:42,108.08,43.42
2026-09-10T05:15:43,108.07,43.41
2026-09-10T05:15:44,108.15,43.49
2026-09-10T05:15:45,107.87,43.21
2026-09-10T05:15:46,108.4,43.74
2026-09-10T05:15:47,108.2,43.54
2026-09-10T05:15:48,108.1,43.44
2026-09-10T05:15:49,108.39,43.72
2026-09-10T05:15:50,108.79,44.12
2026-09-10T05:15:51,107.99,43.33
2026-09-10T05:15:52,107.86,43.2
2026-09-10T05:15:53,108.12,43.46
2026-09-10T05:15:54,108.27,43.61
2026-09-10T05:15:55,108.12,43.46
2026-09-10T05:15:56,108.55,43.89
2026-09-10T05:15:57,108.18,43.52
2026-09-10T05:15:58,108.6,43.94
2026-09-10T05:15:59,108.23,43.57
2026-09-10T05:16:00,109.23,44.55
2026-09-10T05:16:01,109.71,45.03
2026-09-10T05:16:02,110.82,46.12
2026-09-10T05:16:03,111.77,47.05
2026-09-10T05:16:04,112.11,47.39
2026-09-10T05:16:05,111.04,46.34
2026-09-10T05:16:06,109.29,44.61
2026-09-10T05:16:07,108.86,44.19
2026-09-10T05:16:08,108.68,44.01
2026-09-10T05:16:09,108.44,43.78
2026-09-10T05:16:10,108.17,43.51
2026-09-10T05:16:11,108.71,44.04
2026-09-10T05:16:12,107.93,43.27
2026-09-10T05:16:13,108.15,43.49
2026-09-10T05:16:14,108.34,43.68
2026-09-10T05:16:15,108.35,43.68
2026-09-10T05:16:16,108.48,43.82
2026-09-10T05:16:17,108.83,44.16
2026-09-10T05:16:18,107.97,43.32
2026-09-10T05:16:19,107.99,43.33
2026-09-10T05:16:20,108.34,43.68
2026-09-10T05:16:21,108.16,43.5
2026-09-10T05:16:22,108.38,43.72
2026-09-10T05:16:23,107.67,43.01
2026-09-10T05:16:24,108.18,43.52
2026-09-10T05:16:25,108.04,43.38
2026-09-10T05:16:26,108.39,43.73
2026-09-10T05:16:27,108.22,43.55
2026-09-10T05:16:28,108.69,44.03
2026-09-10T05:16:29,108.22,43.56
2026-09-10T05:16:30,108.16,43.5
2026-09-10T05:16:31,108.51,43.84
2026-09-10T05:16:32,108.22,43.56
2026-09-10T05:16:33,108.14,43.48
2026-09-10T05:16:34,108.3,43.64
2026-09-10T05:16:35,108.02,43.36
2026-09-10T05:16:36,108.38,43.72
2026-09-10T05:16:37,108.33,43.67
2026-09-10T05:16:38,108.15,43.49
2026-09-10T05:16:39,108.19,43.53
2026-09-10T05:16:40,108.06,43.4
2026-09-10T05:16:41,108.15,43.49
2026-09-10T05:16:42,108.42,43.75
2026-09-10T05:16:43,107.99,43.34
2026-09-10T05:16:44,108.12,43.46
2026-09-10T05:16:45,107.89,43.23
2026-09-10T05:16:46,107.94,43.28
2026-09-10T05:16:47,108.08,43.42
2026-09-10T05:16:48,108.32,43.66
2026-09-10T05:16:49,107.85,43.2
2026-09-10T05:16:50,108.17,43.51
2026-09-10T05:16:51,108.45,43.78
2026-09-10T05:16:52,108.18,43.52
2026-09-10T05:16:53,107.62,42.97
2026-09-10T05:16:54,108.19,43.52
2026-09-10T05:16:55,108.93,44.25
2026-09-10T05:16:56,108.59,43.92
2026-09-10T05:16:57,108.04,43.38
2026-09-10T05:16:58,108.65,43.98
2026-09-10T05:16:59,107.91,43.25
2026-09-10T05:17:00,108.32,43.65
2026-09-10T05:17:01,108.21,43.55
2026-09-10T05:17:02,108.39,43.72
2026-09-10T05:17:03,108.29,43.63
2026-09-10T05:17:04,108.4,43.73
2026-09-10T05:17:05,108.18,43.52
2026-09-10T05:17:06,108.05,43.39
2026-09-10T05:17:07,108.32,43.66
2026-09-10T05:17:08,108.53,43.87
2026-09-10T05:17:09,108.11,43.45
2026-09-10T05:17:10,108.5,43.83
2026-09-10T05:17:11,108.42,43.75
2026-09-10T05:17:12,108.8,44.13
2026-09-10T05:17:13,108.35,43.69
2026-09-10T05:17:14,108.66,43.99
2026-09-10T05:17:15,108.67,44.0
2026-09-10T05:17:16,108.9,44.23
2026-09-10T05:17:17,108.9,44.23
2026-09-10T05:17:18,109.08,44.4
2026-09-10T05:17:19,110.11,45.42
2026-09-10T05:17:20,110.38,45.68
2026-09-10T05:17:21,112.32,47.6
2026-09-10T05:17:22,113.23,48.49
2026-09-10T05:17:23,113.09,48.36
2026-09-10T05:17:24,112.35,47.63
2026-09-10T05:17:25,111.8,47.09
2026-09-10T05:17:26,110.64,45.94
2026-09-10T05:17:27,110.14,45.45
2026-09-10T05:17:28,109.28,44.61
2026-09-10T05:17:29,109.37,44.69
2026-09-10T05:17:30,109.3,44.62
2026-09-10T05:17:31,108.38,43.72
2026-09-10T05:17:32,108.57,43.91
2026-09-10T05:17:33,108.46,43.8
2026-09-10T05:17:34,108.56,43.89
2026-09-10T05:17:35,108.45,43.78
2026-09-10T05:17:36,108.67,44.0
2026-09-10T05:17:37,108.62,43.95
2026-09-10T05:17:38,108.62,43.95
2026-09-10T05:17:39,108.83,44.16
2026-09-10T05:17:40,108.55,43.89
2026-09-10T05:17:41,108.99,44.31
2026-09-10T05:17:42,108.65,43.98
2026-09-10T05:17:43,108.87,44.2
2026-09-10T05:17:44,108.85,44.17
2026-09-10T05:17:45,108.61,43.94
2026-09-10T05:17:46,108.33,43.66
2026-09-10T05:17:47,108.31,43.64
2026-09-10T05:17:48,108.45,43.78
2026-09-10T05:17:49,108.64,43.97
2026-09-10T05:17:50,108.02,43.36
2026-09-10T05:17:51,108.34,43.68
2026-09-10T05:17:52,108.35,43.68
2026-09-10T05:17:53,108.39,43.72
2026-09-10T05:17:54,108.19,43.53
2026-09-10T05:17:55,107.74,43.09
2026-09-10T05:17:56,108.6,43.93
2026-09-10T05:17:57,108.59,43.93
2026-09-10T05:17:58,108.54,43.87
2026-09-10T05:17:59,107.89,43.23
2026-09-10T05:18:00,108.11,43.45
2026-09-10T05:18:01,108.01,43.35
2026-09-10T05:18:02,108.45,43.78
2026-09-10T05:18:03,108.13,43.47
2026-09-10T05:18:04,107.89,43.23
2026-09-10T05:18:05,108.31,43.65
2026-09-10T05:18:06,108.55,43.88
2026-09-10T05:18:07,107.94,43.28
2026-09-10T05:18:08,107.95,43.29
2026-09-10T05:18:09,108.03,43.37
2026-09-10T05:18:10,108.3,43.64
2026-09-10T05:18:11,108.2,43.54
2026-09-10T05:18:12,108.14,43.48
2026-09-10T05:18:13,108.49,43.82
2026-09-10T05:18:14,108.41,43.74
2026-09-10T05:18:15,108.55,43.88
2026-09-10T05:18:16,107.96,43.31
2026-09-10T05:18:17,108.41,43.75
2026-09-10T05:18:18,108.43,43.77
2026-09-10T05:18:19,108.31,43.65
2026-09-10T05:18:20,107.88,43.22
2026-09-10T05:18:21,108.16,43.5
2026-09-10T05:18:22,108.55,43.88
2026-09-10T05:18:23,108.61,43.94
2026-09-10T05:18:24,108.14,43.48
2026-09-10T05:18:25,108.69,44.03
2026-09-10T05:18:26,108.35,43.69
2026-09-10T05:18:27,108.87,44.2
2026-09-10T05:18:28,108.18,43.52
2026-09-10T05:18:29,108.79,44.13
2026-09-10T05:18:30,108.53,43.86
2026-09-10T05:18:31,108.96,44.28
2026-09-10T05:18:32,108.86,44.19
2026-09-10T05:18:33,108.66,44.0
2026-09-10T05:18:34,108.64,43.98
2026-09-10T05:18:35,108.29,43.63
2026-09-10T05:18:36,108.37,43.71
2026-09-10T05:18:37,108.53,43.86
2026-09-10T05:18:38,108.49,43.82
2026-09-10T05:18:39,108.27,43.61
2026-09-10T05:18:40,107.89,43.23
2026-09-10T05:18:41,108.46,43.79
2026-09-10T05:18:42,108.26,43.6
2026-09-10T05:18:43,108.08,43.42
2026-09-10T05:18:44,107.66,43.01
2026-09-10T05:18:45,107.97,43.31
2026-09-10T05:18:46,108.17,43.51
2026-09-10T05:18:47,108.16,43.49
2026-09-10T05:18:48,108.08,43.42
2026-09-10T05:18:49,108.17,43.51
2026-09-10T05:18:50,108.52,43.85
2026-09-10T05:18:51,108.65,43.98
2026-09-10T05:18:52,108.47,43.8
2026-09-10T05:18:53,108.39,43.73
2026-09-10T05:18:54,108.99,44.32
2026-09-10T05:18:55,108.39,43.73
2026-09-10T05:18:56,109.53,44.85
2026-09-10T05:18:57,109.98,45.29
2026-09-10T05:18:58,110.17,45.48
2026-09-10T05:18:59,110.76,46.06
2026-09-10T05:19:00,110.37,45.68
2026-09-10T05:19:01,110.39,45.7
2026-09-10T05:19:02,110.39,45.7
2026-09-10T05:19:03,112.29,47.57
2026-09-10T05:19:04,113.84,49.1
2026-09-10T05:19:05,111.95,47.24
2026-09-10T05:19:06,110.01,45.33
2026-09-10T05:19:07,109.28,44.6
2026-09-10T05:19:08,108.23,43.57
2026-09-10T05:19:09,108.51,43.85
2026-09-10T05:19:10,108.4,43.74
2026-09-10T05:19:11,108.22,43.56
2026-09-10T05:19:12,108.67,44.01
2026-09-10T05:19:13,108.13,43.47
2026-09-10T05:19:14,108.8,44.13
2026-09-10T05:19:15,107.93,43.27
2026-09-10T05:19:16,108.49,43.83
2026-09-10T05:19:17,108.55,43.88
2026-09-10T05:19:18,108.39,43.73
2026-09-10T05:19:19,108.34,43.68
2026-09-10T05:19:20,108.56,43.89
2026-09-10T05:19:21,108.69,44.03
2026-09-10T05:19:22,109.58,44.9
2026-09-10T05:19:23,110.97,46.27
2026-09-10T05:19:24,111.92,47.21
2026-09-10T05:19:25,113.03,48.3
2026-09-10T05:19:26,114.09,49.35
2026-09-10T05:19:27,114.74,49.99
2026-09-10T05:19:28,113.12,48.39
2026-09-10T05:19:29,114.4,49.65
2026-09-10T05:19:30,118.32,53.51
2026-09-10T05:19:31,119.47,54.65
2026-09-10T05:19:32,118.78,53.97
2026-09-10T05:19:33,116.55,51.77
2026-09-10T05:19:34,113.77,49.03
2026-09-10T05:19:35,112.46,47.73
2026-09-10T05:19:36,110.66,45.96
2026-09-10T05:19:37,110.2,45.51
2026-09-10T05:19:38,109.62,44.94
2026-09-10T05:19:39,109.12,44.44
2026-09-10T05:19:40,109.18,44.5
2026-09-10T05:19:41,108.82,44.15
2026-09-10T05:19:42,108.44,43.78
2026-09-10T05:19:43,108.33,43.67
2026-09-10T05:19:44,108.48,43.82
2026-09-10T05:19:45,108.46,43.79
2026-09-10T05:19:46,107.93,43.27
2026-09-10T05:19:47,108.59,43.92
2026-09-10T05:19:48,107.9,43.24
2026-09-10T05:19:49,108.3,43.64
2026-09-10T05:19:50,108.53,43.86
2026-09-10T05:19:51,108.07,43.41
2026-09-10T05:19:52,108.44,43.78
2026-09-10T05:19:53,107.93,43.28
2026-09-10T05:19:54,108.53,43.86
2026-09-10T05:19:55,108.12,43.46
2026-09-10T05:19:56,107.74,43.08
2026-09-10T05:19:57,108.29,43.63
2026-09-10T05:19:58,108.09,43.43
2026-09-10T05:19:59,107.97,43.31
2026-09-10T05:20:00,108.6,43.93
2026-09-10T05:20:01,108.36,43.7
2026-09-10T05:20:02,108.56,43.89
2026-09-10T05:20:03,108.36,43.7
2026-09-10T05:20:04,110.5,45.81
2026-09-10T05:20:05,108.76,44.09
2026-09-10T05:20:06,108.84,44.17
2026-09-10T05:20:07,108.96,44.29
2026-09-10T05:20:08,108.45,43.79
2026-09-10T05:20:09,108.35,43.68
2026-09-10T05:20:10,108.28,43.62
2026-09-10T05:20:11,108.29,43.63
2026-09-10T05:20:12,107.87,43.22
2026-09-10T05:20:13,108.48,43.82
2026-09-10T05:20:14,108.53,43.86
2026-09-10T05:20:15,108.19,43.53
2026-09-10T05:20:16,108.03,43.37
2026-09-10T05:20:17,107.95,43.29
2026-09-10T05:20:18,108.63,43.96
2026-09-10T05:20:19,108.27,43.61
2026-09-10T05:20:20,108.26,43.59
2026-09-10T05:20:21,108.57,43.91
2026-09-10T05:20:22,108.5,43.83
2026-09-10T05:20:23,108.26,43.6
2026-09-10T05:20:24,108.25,43.59
2026-09-10T05:20:25,108.48,43.82
2026-09-10T05:20:26,108.69,44.03
2026-09-10T05:20:27,108.67,44.0
2026-09-10T05:20:28,108.8,44.13
2026-09-10T05:20:29,108.7,44.03
2026-09-10T05:20:30,108.43,43.76
2026-09-10T05:20:31,108.66,43.99
2026-09-10T05:20:32,108.32,43.66
2026-09-10T05:20:33,108.43,43.77
2026-09-10T05:20:34,108.32,43.66
2026-09-10T05:20:35,109.07,44.4
2026-09-10T05:20:36,108.72,44.05
2026-09-10T05:20:37,108.28,43.62
2026-09-10T05:20:38,108.62,43.96
2026-09-10T05:20:39,108.76,44.09
2026-09-10T05:20:40,108.25,43.59
2026-09-10T05:20:41,108.08,43.42
2026-09-10T05:20:42,108.5,43.84
2026-09-10T05:20:43,108.66,43.99
2026-09-10T05:20:44,108.39,43.73
2026-09-10T05:20:45,108.91,44.23
2026-09-10T05:20:46,108.74,44.08
2026-09-10T05:20:47,108.98,44.31
2026-09-10T05:20:48,108.76,44.09
2026-09-10T05:20:49,109.17,44.5
2026-09-10T05:20:50,109.29,44.61
2026-09-10T05:20:51,109.65,44.97
2026-09-10T05:20:52,109.81,45.13
2026-09-10T05:20:53,110.42,45.73
2026-09-10T05:20:54,110.51,45.81
2026-09-10T05:20:55,109.19,44.51
2026-09-10T05:20:56,109.71,45.03
2026-09-10T05:20:57,108.75,44.08
2026-09-10T05:20:58,108.92,44.25
2026-09-10T05:20:59,108.74,44.07
2026-09-10T05:21:00,108.61,43.94
2026-09-10T05:21:01,108.39,43.73
2026-09-10T05:21:02,108.27,43.61
2026-09-10T05:21:03,108.49,43.83
2026-09-10T05:21:04,108.29,43.63
2026-09-10T05:21:05,108.08,43.42
2026-09-10T05:21:06,108.1,43.44
2026-09-10T05:21:07,108.44,43.78
2026-09-10T05:21:08,108.12,43.46
2026-09-10T05:21:09,108.41,43.74
2026-09-10T05:21:10,108.17,43.51
2026-09-10T05:21:11,108.77,44.1
2026-09-10T05:21:12,108.64,43.97
2026-09-10T05:21:13,108.87,44.2
2026-09-10T05:21:14,108.28,43.62
2026-09-10T05:21:15,108.46,43.8
2026-09-10T05:21:16,108.61,43.95
2026-09-10T05:21:17,108.61,43.95
2026-09-10T05:21:18,108.14,43.48
2026-09-10T05:21:19,108.49,43.83
2026-09-10T05:21:20,108.15,43.49
2026-09-10T05:21:21,108.25,43.59
2026-09-10T05:21:22,108.13,43.47
2026-09-10T05:21:23,108.73,44.06
2026-09-10T05:21:24,108.13,43.47
2026-09-10T05:21:25,107.98,43.32
2026-09-10T05:21:26,108.6,43.93
2026-09-10T05:21:27,108.97,44.3
2026-09-10T05:21:28,108.87,44.2
2026-09-10T05:21:29,109.49,44.81
2026-09-10T05:21:30,110.07,45.38
2026-09-10T05:21:31,114.55,49.8
2026-09-10T05:21:32,114.13,49.38
2026-09-10T05:21:33,111.92,47.21
2026-09-10T05:21:34,110.96,46.26
2026-09-10T05:21:35,110.64,45.95
2026-09-10T05:21:36,111.26,46.55
2026-09-10T05:21:37,112.47,47.75
2026-09-10T05:21:38,113.98,49.24
2026-09-10T05:21:39,114.34,49.59
2026-09-10T05:21:40,115.4,50.64
2026-09-10T05:21:41,112.89,48.17
2026-09-10T05:21:42,111.37,46.67
2026-09-10T05:21:43,110.75,46.05
2026-09-10T05:21:44,109.93,45.25
2026-09-10T05:21:45,110.21,45.52
2026-09-10T05:21:46,110.58,45.89
2026-09-10T05:21:47,111.55,46.84
2026-09-10T05:21:48,111.32,46.61
2026-09-10T05:21:49,108.74,44.07
2026-09-10T05:21:50,108.37,43.71
2026-09-10T05:21:51,108.83,44.16
2026-09-10T05:21:52,108.37,43.7
2026-09-10T05:21:53,108.05,43.39
2026-09-10T05:21:54,108.62,43.95
2026-09-10T05:21:55,108.25,43.59
2026-09-10T05:21:56,108.56,43.9
2026-09-10T05:21:57,108.18,43.51
2026-09-10T05:21:58,108.59,43.93
2026-09-10T05:21:59,108.56,43.89
2026-09-10T05:22:00,108.7,44.03
2026-09-10T05:22:01,108.31,43.64
2026-09-10T05:22:02,108.27,43.61
2026-09-10T05:22:03,108.07,43.41
2026-09-10T05:22:04,108.57,43.9
2026-09-10T05:22:05,108.1,43.44
2026-09-10T05:22:06,107.96,43.3
2026-09-10T05:22:07,108.05,43.39
2026-09-10T05:22:08,108.3,43.64
2026-09-10T05:22:09,108.24,43.58
2026-09-10T05:22:10,108.12,43.46
2026-09-10T05:22:11,108.95,44.27
2026-09-10T05:22:12,108.26,43.6
2026-09-10T05:22:13,107.94,43.28
2026-09-10T05:22:14,108.13,43.47
2026-09-10T05:22:15,108.36,43.7
2026-09-10T05:22:16,108.28,43.61
2026-09-10T05:22:17,108.29,43.62
2026-09-10T05:22:18,108.0,43.34
2026-09-10T05:22:19,108.25,43.59
2026-09-10T05:22:20,108.2,43.54
2026-09-10T05:22:21,107.92,43.27
2026-09-10T05:22:22,107.94,43.28
2026-09-10T05:22:23,108.42,43.76
2026-09-10T05:22:24,108.61,43.94
2026-09-10T05:22:25,107.98,43.32
2026-09-10T05:22:26,108.41,43.75
2026-09-10T05:22:27,107.68,43.03
2026-09-10T05:22:28,108.13,43.47
2026-09-10T05:22:29,108.62,43.95
2026-09-10T05:22:30,108.32,43.66
2026-09-10T05:22:31,108.08,43.42
2026-09-10T05:22:32,108.4,43.73
2026-09-10T05:22:33,108.04,43.38
2026-09-10T05:22:34,108.59,43.92
2026-09-10T05:22:35,108.89,44.22
2026-09-10T05:22:36,108.05,43.39
2026-09-10T05:22:37,108.5,43.84
2026-09-10T05:22:38,107.98,43.32
2026-09-10T05:22:39,108.19,43.53
2026-09-10T05:22:40,108.21,43.55
2026-09-10T05:22:41,108.25,43.58
2026-09-10T05:22:42,108.51,43.85
2026-09-10T05:22:43,108.19,43.53
2026-09-10T05:22:44,108.45,43.79
2026-09-10T05:22:45,108.74,44.07
2026-09-10T05:22:46,108.29,43.63
2026-09-10T05:22:47,108.26,43.6
2026-09-10T05:22:48,108.16,43.5
2026-09-10T05:22:49,108.1,43.44
2026-09-10T05:22:50,108.32,43.65
2026-09-10T05:22:51,108.26,43.6
2026-09-10T05:22:52,108.41,43.74
2026-09-10T05:22:53,108.47,43.81
2026-09-10T05:22:54,108.37,43.7
2026-09-10T05:22:55,108.53,43.86
2026-09-10T05:22:56,108.21,43.55
2026-09-10T05:22:57,108.36,43.7
2026-09-10T05:22:58,108.11,43.45
2026-09-10T05:22:59,108.56,43.89
2026-09-10T05:23:00,108.43,43.77
2026-09-10T05:23:01,108.34,43.68
2026-09-10T05:23:02,108.68,44.01
2026-09-10T05:23:03,108.67,44.0
2026-09-10T05:23:04,108.21,43.54
2026-09-10T05:23:05,108.12,43.46
2026-09-10T05:23:06,108.33,43.67
2026-09-10T05:23:07,107.97,43.31
2026-09-10T05:23:08,108.64,43.97
2026-09-10T05:23:09,108.12,43.46
2026-09-10T05:23:10,108.34,43.68
2026-09-10T05:23:11,108.45,43.78
2026-09-10T05:23:12,107.88,43.23
2026-09-10T05:23:13,108.4,43.73
2026-09-10T05:23:14,108.36,43.7
2026-09-10T05:23:15,108.25,43.59
2026-09-10T05:23:16,108.11,43.45
2026-09-10T05:23:17,107.93,43.27
2026-09-10T05:23:18,108.35,43.68
2026-09-10T05:23:19,108.88,44.21
2026-09-10T05:23:20,108.43,43.77
2026-09-10T05:23:21,108.44,43.78
2026-09-10T05:23:22,108.73,44.06
2026-09-10T05:23:23,108.69,44.03
2026-09-10T05:23:24,108.67,44.0
2026-09-10T05:23:25,108.9,44.23
2026-09-10T05:23:26,109.26,44.59
2026-09-10T05:23:27,109.84,45.16
2026-09-10T05:23:28,110.19,45.5
2026-09-10T05:23:29,110.32,45.63
2026-09-10T05:23:30,109.4,44.72
2026-09-10T05:23:31,108.69,44.02
2026-09-10T05:23:32,108.29,43.63
2026-09-10T05:23:33,108.39,43.72
2026-09-10T05:23:34,108.59,43.92
2026-09-10T05:23:35,108.65,43.99
2026-09-10T05:23:36,108.24,43.58
2026-09-10T05:23:37,108.38,43.72
2026-09-10T05:23:38,108.52,43.85
2026-09-10T05:23:39,108.07,43.41
2026-09-10T05:23:40,108.61,43.95
2026-09-10T05:23:41,108.85,44.18
2026-09-10T05:23:42,109.38,44.7
2026-09-10T05:23:43,110.06,45.37
2026-09-10T05:23:44,110.8,46.1
2026-09-10T05:23:45,110.42,45.73
2026-09-10T05:23:46,110.53,45.83
2026-09-10T05:23:47,108.9,44.23
2026-09-10T05:23:48,108.65,43.98
2026-09-10T05:23:49,108.68,44.01
2026-09-10T05:23:50,108.18,43.52
2026-09-10T05:23:51,108.15,43.49
2026-09-10T05:23:52,108.31,43.65
2026-09-10T05:23:53,108.44,43.78
2026-09-10T05:23:54,108.65,43.99
2026-09-10T05:23:55,108.24,43.58
2026-09-10T05:23:56,108.47,43.8
2026-09-10T05:23:57,108.65,43.98
2026-09-10T05:23:58,108.41,43.75
2026-09-10T05:23:59,108.32,43.65
2026-09-10T05:24:00,108.46,43.79
2026-09-10T05:24:01,108.59,43.92
2026-09-10T05:24:02,108.58,43.91
2026-09-10T05:24:03,108.21,43.54
2026-09-10T05:24:04,108.65,43.98
2026-09-10T05:24:05,108.84,44.17
2026-09-10T05:24:06,108.76,44.09
2026-09-10T05:24:07,108.77,44.1
2026-09-10T05:24:08,108.98,44.31
2026-09-10T05:24:09,108.64,43.97
2026-09-10T05:24:10,108.88,44.21
2026-09-10T05:24:11,109.08,44.41
2026-09-10T05:24:12,109.21,44.54
2026-09-10T05:24:13,110.35,45.65
2026-09-10T05:24:14,111.64,46.93
2026-09-10T05:24:15,112.98,48.25
2026-09-10T05:24:16,113.87,49.13
2026-09-10T05:24:17,114.53,49.78
2026-09-10T05:24:18,114.1,49.36
2026-09-10T05:24:19,113.04,48.31
2026-09-10T05:24:20,111.82,47.11
2026-09-10T05:24:21,110.81,46.11
2026-09-10T05:24:22,110.04,45.36
2026-09-10T05:24:23,109.79,45.11
2026-09-10T05:24:24,109.42,44.74
2026-09-10T05:24:25,109.77,45.09
2026-09-10T05:24:26,109.98,45.3
2026-09-10T05:24:27,109.92,45.23
2026-09-10T05:24:28,109.01,44.34
2026-09-10T05:24:29,108.71,44.04
2026-09-10T05:24:30,108.83,44.16
2026-09-10T05:24:31,108.92,44.25
2026-09-10T05:24:32,108.89,44.21
2026-09-10T05:24:33,108.62,43.96
2026-09-10T05:24:34,108.38,43.72
2026-09-10T05:24:35,108.34,43.68
2026-09-10T05:24:36,108.56,43.89
2026-09-10T05:24:37,108.29,43.63
2026-09-10T05:24:38,108.82,44.15
2026-09-10T05:24:39,108.72,44.05
2026-09-10T05:24:40,108.29,43.63
2026-09-10T05:24:41,108.21,43.54
2026-09-10T05:24:42,108.65,43.98
2026-09-10T05:24:43,108.54,43.87
2026-09-10T05:24:44,108.34,43.68
2026-09-10T05:24:45,108.92,44.25
2026-09-10T05:24:46,108.67,44.0
2026-09-10T05:24:47,108.14,43.48
2026-09-10T05:24:48,108.56,43.9
2026-09-10T05:24:49,108.46,43.8
2026-09-10T05:24:50,108.41,43.74
2026-09-10T05:24:51,108.61,43.95
2026-09-10T05:24:52,107.99,43.33
2026-09-10T05:24:53,108.4,43.73
2026-09-10T05:24:54,108.75,44.08
2026-09-10T05:24:55,108.47,43.8
2026-09-10T05:24:56,108.66,43.99
2026-09-10T05:24:57,108.05,43.4
2026-09-10T05:24:58,108.05,43.39
2026-09-10T05:24:59,108.35,43.69
2026-09-10T05:25:00,108.47,43.81
2026-09-10T05:25:01,108.96,44.29
2026-09-10T05:25:02,108.56,43.9
2026-09-10T05:25:03,108.19,43.53
2026-09-10T05:25:04,109.05,44.38
2026-09-10T05:25:05,110.4,45.71
2026-09-10T05:25:06,108.9,44.22
2026-09-10T05:25:07,108.58,43.91
2026-09-10T05:25:08,108.29,43.62
2026-09-10T05:25:09,109.08,44.4
2026-09-10T05:25:10,108.88,44.2
2026-09-10T05:25:11,108.38,43.72
2026-09-10T05:25:12,108.55,43.88
2026-09-10T05:25:13,108.19,43.53
2026-09-10T05:25:14,108.6,43.93
2026-09-10T05:25:15,108.29,43.62
2026-09-10T05:25:16,108.56,43.89
2026-09-10T05:25:17,108.63,43.96
2026-09-10T05:25:18,108.35,43.69
2026-09-10T05:25:19,108.88,44.21
2026-09-10T05:25:20,108.53,43.86
2026-09-10T05:25:21,108.35,43.68
2026-09-10T05:25:22,108.55,43.88
2026-09-10T05:25:23,108.55,43.89
2026-09-10T05:25:24,108.27,43.61
2026-09-10T05:25:25,108.53,43.87
2026-09-10T05:25:26,108.59,43.92
2026-09-10T05:25:27,108.83,44.16
2026-09-10T05:25:28,108.61,43.94
2026-09-10T05:25:29,108.37,43.71
2026-09-10T05:25:30,108.45,43.78
2026-09-10T05:25:31,108.62,43.95
2026-09-10T05:25:32,108.49,43.83
2026-09-10T05:25:33,108.28,43.62
2026-09-10T05:25:34,108.36,43.69
2026-09-10T05:25:35,108.11,43.45
2026-09-10T05:25:36,108.69,44.03
2026-09-10T05:25:37,108.12,43.46
2026-09-10T05:25:38,108.24,43.58
2026-09-10T05:25:39,108.56,43.89
2026-09-10T05:25:40,108.95,44.28
2026-09-10T05:25:41,108.95,44.28
2026-09-10T05:25:42,108.35,43.69
2026-09-10T05:25:43,108.49,43.83
2026-09-10T05:25:44,109.02,44.35
2026-09-10T05:25:45,108.7,44.03
2026-09-10T05:25:46,108.87,44.2
2026-09-10T05:25:47,108.95,44.28
2026-09-10T05:25:48,109.55,44.87
2026-09-10T05:25:49,108.52,43.85
2026-09-10T05:25:50,108.82,44.15
2026-09-10T05:25:51,108.61,43.95
2026-09-10T05:25:52,108.38,43.72
2026-09-10T05:25:53,108.91,44.24
2026-09-10T05:25:54,108.22,43.56
2026-09-10T05:25:55,108.5,43.84
2026-09-10T05:25:56,108.76,44.09
2026-09-10T05:25:57,108.41,43.74
2026-09-10T05:25:58,108.51,43.84
2026-09-10T05:25:59,108.79,44.12
2026-09-10T05:26:00,108.18,43.51
2026-09-10T05:26:01,108.43,43.77
2026-09-10T05:26:02,108.03,43.37
2026-09-10T05:26:03,108.06,43.4
2026-09-10T05:26:04,107.74,43.08
2026-09-10T05:26:05,108.46,43.8
2026-09-10T05:26:06,108.27,43.61
2026-09-10T05:26:07,108.51,43.85
2026-09-10T05:26:08,108.92,44.25
2026-09-10T05:26:09,109.05,44.37
2026-09-10T05:26:10,108.63,43.97
2026-09-10T05:26:11,108.79,44.12
2026-09-10T05:26:12,108.45,43.79
2026-09-10T05:26:13,109.58,44.89
2026-09-10T05:26:14,110.69,45.99
2026-09-10T05:26:15,110.91,46.21
2026-09-10T05:26:16,111.7,46.99
2026-09-10T05:26:17,111.88,47.17
2026-09-10T05:26:18,111.64,46.93
2026-09-10T05:26:19,111.24,46.54
2026-09-10T05:26:20,110.05,45.37
2026-09-10T05:26:21,109.73,45.05
2026-09-10T05:26:22,109.61,44.92
2026-09-10T05:26:23,108.8,44.13
2026-09-10T05:26:24,109.19,44.51
2026-09-10T05:26:25,108.76,44.1
2026-09-10T05:26:26,108.36,43.7
2026-09-10T05:26:27,108.76,44.09
2026-09-10T05:26:28,108.75,44.08
2026-09-10T05:26:29,108.14,43.48
2026-09-10T05:26:30,108.31,43.65
2026-09-10T05:26:31,108.1,43.44
2026-09-10T05:26:32,108.21,43.55
2026-09-10T05:26:33,108.56,43.9
2026-09-10T05:26:34,108.53,43.87
2026-09-10T05:26:35,108.82,44.15
2026-09-10T05:26:36,108.68,44.01
2026-09-10T05:26:37,108.67,44.01
2026-09-10T05:26:38,108.43,43.76
2026-09-10T05:26:39,108.36,43.69
2026-09-10T05:26:40,109.06,44.39
2026-09-10T05:26:41,108.66,44.0
2026-09-10T05:26:42,108.25,43.59
2026-09-10T05:26:43,108.36,43.69
2026-09-10T05:26:44,108.41,43.75
2026-09-10T05:26:45,108.58,43.91
2026-09-10T05:26:46,108.92,44.25
2026-09-10T05:26:47,108.47,43.81
2026-09-10T05:26:48,108.42,43.75
2026-09-10T05:26:49,108.46,43.8
2026-09-10T05:26:50,108.85,44.18
2026-09-10T05:26:51,108.24,43.58
2026-09-10T05:26:52,108.45,43.79
2026-09-10T05:26:53,108.17,43.51
2026-09-10T05:26:54,107.96,43.3
2026-09-10T05:26:55,108.16,43.5
2026-09-10T05:26:56,108.77,44.1
2026-09-10T05:26:57,108.53,43.86
2026-09-10T05:26:58,108.27,43.61
2026-09-10T05:26:59,108.8,44.13
2026-09-10T05:27:00,107.9,43.24
2026-09-10T05:27:01,108.14,43.48
2026-09-10T05:27:02,108.18,43.52
2026-09-10T05:27:03,108.23,43.57
2026-09-10T05:27:04,108.86,44.19
2026-09-10T05:27:05,109.04,44.36
2026-09-10T05:27:06,108.41,43.75
2026-09-10T05:27:07,108.08,43.42
2026-09-10T05:27:08,108.11,43.45
2026-09-10T05:27:09,108.47,43.8
2026-09-10T05:27:10,108.24,43.58
2026-09-10T05:27:11,108.56,43.9
2026-09-10T05:27:12,108.24,43.58
2026-09-10T05:27:13,108.62,43.95
2026-09-10T05:27:14,108.11,43.45
2026-09-10T05:27:15,108.86,44.19
2026-09-10T05:27:16,108.39,43.73
2026-09-10T05:27:17,108.25,43.59
2026-09-10T05:27:18,108.21,43.55
2026-09-10T05:27:19,107.94,43.28
2026-09-10T05:27:20,108.47,43.81
2026-09-10T05:27:21,108.72,44.05
2026-09-10T05:27:22,108.12,43.46
2026-09-10T05:27:23,108.53,43.86
2026-09-10T05:27:24,107.87,43.21
2026-09-10T05:27:25,108.22,43.56
2026-09-10T05:27:26,108.54,43.87
2026-09-10T05:27:27,108.25,43.59
2026-09-10T05:27:28,108.77,44.1
2026-09-10T05:27:29,108.01,43.35
2026-09-10T05:27:30,108.37,43.71
2026-09-10T05:27:31,108.3,43.64
2026-09-10T05:27:32,108.86,44.19
2026-09-10T05:27:33,109.51,44.83
2026-09-10T05:27:34,109.62,44.94
2026-09-10T05:27:35,111.39,46.68
2026-09-10T05:27:36,112.35,47.63
2026-09-10T05:27:37,114.25,49.5
2026-09-10T05:27:38,115.06,50.3
2026-09-10T05:27:39,112.41,47.69
2026-09-10T05:27:40,110.71,46.01
2026-09-10T05:27:41,110.23,45.54
2026-09-10T05:27:42,109.54,44.86
2026-09-10T05:27:43,109.05,44.38
2026-09-10T05:27:44,108.55,43.88
2026-09-10T05:27:45,108.71,44.04
2026-09-10T05:27:46,108.49,43.83
2026-09-10T05:27:47,108.24,43.58
2026-09-10T05:27:48,108.69,44.02
2026-09-10T05:27:49,108.34,43.68
2026-09-10T05:27:50,108.7,44.03
2026-09-10T05:27:51,108.15,43.49
2026-09-10T05:27:52,108.51,43.85
2026-09-10T05:27:53,108.26,43.59
2026-09-10T05:27:54,108.48,43.81
2026-09-10T05:27:55,108.8,44.13
2026-09-10T05:27:56,108.93,44.25
2026-09-10T05:27:57,108.13,43.47
2026-09-10T05:27:58,108.39,43.73
2026-09-10T05:27:59,108.15,43.49
2026-09-10T05:28:00,108.95,44.28
2026-09-10T05:28:01,108.56,43.89
2026-09-10T05:28:02,108.38,43.71
2026-09-10T05:28:03,108.51,43.84
2026-09-10T05:28:04,108.43,43.77
2026-09-10T05:28:05,108.68,44.02
2026-09-10T05:28:06,109.11,44.43
2026-09-10T05:28:07,108.52,43.86
2026-09-10T05:28:08,108.16,43.5
2026-09-10T05:28:09,108.11,43.45
2026-09-10T05:28:10,108.44,43.78
2026-09-10T05:28:11,108.61,43.95
2026-09-10T05:28:12,107.98,43.32
2026-09-10T05:28:13,108.17,43.51
2026-09-10T05:28:14,108.34,43.67
2026-09-10T05:28:15,108.46,43.8
2026-09-10T05:28:16,108.66,44.0
2026-09-10T05:28:17,108.08,43.42
2026-09-10T05:28:18,108.49,43.83
2026-09-10T05:28:19,108.44,43.78
2026-09-10T05:28:20,108.7,44.03
2026-09-10T05:28:21,108.18,43.52
2026-09-10T05:28:22,108.09,43.44
2026-09-10T05:28:23,108.23,43.57
2026-09-10T05:28:24,108.03,43.37
2026-09-10T05:28:25,108.53,43.86
2026-09-10T05:28:26,108.43,43.76
2026-09-10T05:28:27,108.28,43.62
2026-09-10T05:28:28,108.61,43.94
2026-09-10T05:28:29,108.3,43.63
2026-09-10T05:28:30,107.97,43.32
2026-09-10T05:28:31,108.06,43.4
2026-09-10T05:28:32,108.16,43.5
2026-09-10T05:28:33,108.25,43.59
2026-09-10T05:28:34,108.24,43.58
2026-09-10T05:28:35,108.36,43.69
2026-09-10T05:28:36,108.6,43.93
2026-09-10T05:28:37,108.45,43.78
2026-09-10T05:28:38,108.53,43.87
2026-09-10T05:28:39,108.88,44.21
2026-09-10T05:28:40,108.3,43.63
2026-09-10T05:28:41,108.27,43.61
2026-09-10T05:28:42,108.26,43.6
2026-09-10T05:28:43,108.06,43.4
2026-09-10T05:28:44,108.49,43.82
2026-09-10T05:28:45,108.06,43.4
2026-09-10T05:28:46,108.2,43.54
2026-09-10T05:28:47,108.22,43.56
2026-09-10T05:28:48,108.11,43.45
2026-09-10T05:28:49,108.47,43.81
2026-09-10T05:28:50,108.64,43.98
2026-09-10T05:28:51,107.91,43.26
2026-09-10T05:28:52,108.42,43.76
2026-09-10T05:28:53,108.32,43.66
2026-09-10T05:28:54,108.04,43.38
2026-09-10T05:28:55,108.9,44.23
2026-09-10T05:28:56,108.35,43.69
2026-09-10T05:28:57,108.35,43.69
2026-09-10T05:28:58,107.87,43.21
2026-09-10T05:28:59,108.54,43.87
2026-09-10T05:29:00,108.08,43.42
2026-09-10T05:29:01,108.68,44.02
2026-09-10T05:29:02,108.36,43.7
2026-09-10T05:29:03,108.58,43.91
2026-09-10T05:29:04,108.64,43.97
2026-09-10T05:29:05,108.84,44.17
2026-09-10T05:29:06,109.67,44.99
2026-09-10T05:29:07,110.25,45.56
2026-09-10T05:29:08,111.85,47.13
2026-09-10T05:29:09,113.32,48.58
2026-09-10T05:29:10,116.14,51.37
2026-09-10T05:29:11,115.69,50.92
2026-09-10T05:29:12,112.38,47.66
2026-09-10T05:29:13,110.7,46.0
2026-09-10T05:29:14,109.04,44.37
2026-09-10T05:29:15,108.55,43.89
2026-09-10T05:29:16,108.55,43.88
2026-09-10T05:29:17,108.88,44.21
2026-09-10T05:29:18,108.29,43.63
2026-09-10T05:29:19,108.78,44.11
2026-09-10T05:29:20,108.75,44.08
2026-09-10T05:29:21,108.81,44.14
2026-09-10T05:29:22,108.41,43.74
2026-09-10T05:29:23,108.26,43.6
2026-09-10T05:29:24,108.47,43.8
2026-09-10T05:29:25,108.4,43.73
2026-09-10T05:29:26,108.45,43.78
2026-09-10T05:29:27,108.35,43.68
2026-09-10T05:29:28,108.45,43.78
2026-09-10T05:29:29,108.65,43.98
2026-09-10T05:29:30,108.26,43.6
2026-09-10T05:29:31,108.58,43.92
2026-09-10T05:29:32,108.54,43.87
2026-09-10T05:29:33,108.61,43.94
2026-09-10T05:29:34,108.01,43.35
2026-09-10T05:29:35,108.37,43.7
2026-09-10T05:29:36,108.22,43.56
2026-09-10T05:29:37,108.68,44.01
2026-09-10T05:29:38,108.7,44.03
2026-09-10T05:29:39,108.67,44.0
2026-09-10T05:29:40,108.43,43.77
2026-09-10T05:29:41,108.94,44.27
2026-09-10T05:29:42,108.55,43.88
2026-09-10T05:29:43,108.57,43.9
2026-09-10T05:29:44,108.22,43.56
2026-09-10T05:29:45,108.5,43.83
2026-09-10T05:29:46,108.8,44.13
2026-09-10T05:29:47,108.46,43.8
2026-09-10T05:29:48,108.11,43.45
2026-09-10T05:29:49,108.23,43.57
2026-09-10T05:29:50,108.26,43.59
2026-09-10T05:29:51,108.24,43.58
2026-09-10T05:29:52,108.46,43.8
2026-09-10T05:29:53,108.27,43.61
2026-09-10T05:29:54,108.66,43.99
2026-09-10T05:29:55,108.62,43.96
2026-09-10T05:29:56,108.84,44.17
2026-09-10T05:29:57,108.49,43.83
2026-09-10T05:29:58,108.63,43.97
2026-09-10T05:29:59,108.34,43.68
2026-09-10T05:30:00,108.56,43.89
2026-09-10T05:30:01,108.48,43.81
2026-09-10T05:30:02,108.39,43.72
2026-09-10T05:30:03,108.64,43.97
2026-09-10T05:30:04,108.42,43.75
2026-09-10T05:30:05,108.95,44.28
2026-09-10T05:30:06,110.16,45.47
2026-09-10T05:30:07,108.72,44.05
2026-09-10T05:30:08,108.81,44.14
2026-09-10T05:30:09,108.21,43.54
2026-09-10T05:30:10,108.56,43.9
2026-09-10T05:30:11,108.34,43.68
2026-09-10T05:30:12,108.67,44.0
2026-09-10T05:30:13,108.56,43.89
2026-09-10T05:30:14,108.36,43.7
2026-09-10T05:30:15,108.82,44.15
2026-09-10T05:30:16,109.39,44.71
2026-09-10T05:30:17,109.14,44.46
2026-09-10T05:30:18,110.49,45.79
2026-09-10T05:30:19,111.56,46.85
2026-09-10T05:30:20,111.87,47.16
2026-09-10T05:30:21,112.6,47.88
2026-09-10T05:30:22,112.35,47.63
2026-09-10T05:30:23,112.38,47.66
2026-09-10T05:30:24,112.81,48.08
2026-09-10T05:30:25,112.26,47.54
2026-09-10T05:30:26,111.03,46.32
2026-09-10T05:30:27,109.44,44.76
2026-09-10T05:30:28,109.22,44.54
2026-09-10T05:30:29,108.53,43.87
2026-09-10T05:30:30,108.58,43.91
2026-09-10T05:30:31,108.77,44.1
2026-09-10T05:30:32,108.69,44.02
2026-09-10T05:30:33,108.49,43.82
2026-09-10T05:30:34,108.25,43.59
2026-09-10T05:30:35,108.66,43.99
2026-09-10T05:30:36,108.14,43.48
2026-09-10T05:30:37,107.98,43.32
2026-09-10T05:30:38,108.56,43.9
2026-09-10T05:30:39,108.49,43.82
2026-09-10T05:30:40,108.62,43.95
2026-09-10T05:30:41,108.93,44.26
2026-09-10T05:30:42,108.53,43.87
2026-09-10T05:30:43,108.9,44.23
2026-09-10T05:30:44,108.39,43.72
2026-09-10T05:30:45,108.5,43.84
2026-09-10T05:30:46,108.41,43.74
2026-09-10T05:30:47,108.22,43.56
2026-09-10T05:30:48,108.47,43.8
2026-09-10T05:30:49,108.67,44.0
2026-09-10T05:30:50,108.55,43.88
2026-09-10T05:30:51,108.14,43.48
2026-09-10T05:30:52,108.35,43.69
2026-09-10T05:30:53,108.57,43.91
2026-09-10T05:30:54,108.8,44.13
2026-09-10T05:30:55,108.21,43.55
2026-09-10T05:30:56,108.18,43.52
2026-09-10T05:30:57,107.95,43.29
2026-09-10T05:30:58,108.71,44.04
2026-09-10T05:30:59,108.41,43.74
2026-09-10T05:31:00,108.33,43.67
2026-09-10T05:31:01,108.71,44.04
2026-09-10T05:31:02,108.59,43.93
2026-09-10T05:31:03,108.7,44.03
2026-09-10T05:31:04,108.71,44.04
2026-09-10T05:31:05,108.58,43.91
2026-09-10T05:31:06,108.3,43.63
2026-09-10T05:31:07,108.57,43.9
2026-09-10T05:31:08,108.32,43.65
2026-09-10T05:31:09,108.07,43.41
2026-09-10T05:31:10,108.4,43.74
2026-09-10T05:31:11,108.57,43.9
2026-09-10T05:31:12,108.26,43.6
2026-09-10T05:31:13,108.37,43.71
2026-09-10T05:31:14,108.46,43.79
2026-09-10T05:31:15,108.39,43.73
2026-09-10T05:31:16,108.51,43.84
2026-09-10T05:31:17,108.42,43.75
2026-09-10T05:31:18,108.52,43.86
2026-09-10T05:31:19,108.95,44.27
2026-09-10T05:31:20,109.15,44.48
2026-09-10T05:31:21,109.28,44.61
2026-09-10T05:31:22,110.13,45.44
2026-09-10T05:31:23,111.52,46.81
2026-09-10T05:31:24,113.24,48.51
2026-09-10T05:31:25,111.03,46.33
2026-09-10T05:31:26,110.44,45.75
2026-09-10T05:31:27,110.99,46.29
2026-09-10T05:31:28,111.69,46.98
2026-09-10T05:31:29,112.14,47.42
2026-09-10T05:31:30,109.55,44.87
2026-09-10T05:31:31,109.49,44.81
2026-09-10T05:31:32,109.17,44.49
2026-09-10T05:31:33,109.18,44.51
2026-09-10T05:31:34,109.51,44.83
2026-09-10T05:31:35,109.22,44.55
2026-09-10T05:31:36,109.14,44.47
2026-09-10T05:31:37,108.85,44.18
2026-09-10T05:31:38,109.08,44.41
2026-09-10T05:31:39,108.78,44.11
2026-09-10T05:31:40,108.8,44.13
2026-09-10T05:31:41,108.87,44.2
2026-09-10T05:31:42,108.92,44.25
2026-09-10T05:31:43,108.53,43.87
2026-09-10T05:31:44,108.82,44.15
2026-09-10T05:31:45,108.5,43.83
2026-09-10T05:31:46,108.33,43.67
2026-09-10T05:31:47,108.38,43.72
2026-09-10T05:31:48,109.26,44.58
2026-09-10T05:31:49,108.26,43.6
2026-09-10T05:31:50,107.96,43.3
2026-09-10T05:31:51,107.93,43.28
2026-09-10T05:31:52,108.52,43.86
2026-09-10T05:31:53,108.31,43.64
2026-09-10T05:31:54,108.25,43.59
2026-09-10T05:31:55,108.07,43.41
2026-09-10T05:31:56,108.22,43.56
2026-09-10T05:31:57,108.03,43.37
2026-09-10T05:31:58,108.68,44.01
2026-09-10T05:31:59,108.47,43.81
2026-09-10T05:32:00,108.45,43.79
2026-09-10T05:32:01,108.06,43.4
2026-09-10T05:32:02,108.2,43.54
2026-09-10T05:32:03,108.78,44.11
2026-09-10T05:32:04,108.27,43.61
2026-09-10T05:32:05,108.47,43.81
2026-09-10T05:32:06,108.36,43.69
2026-09-10T05:32:07,108.54,43.87
2026-09-10T05:32:08,108.06,43.4
2026-09-10T05:32:09,108.22,43.56
2026-09-10T05:32:10,108.29,43.63
2026-09-10T05:32:11,108.14,43.48
2026-09-10T05:32:12,108.33,43.67
2026-09-10T05:32:13,108.92,44.24
2026-09-10T05:32:14,107.98,43.32
2026-09-10T05:32:15,108.19,43.53
2026-09-10T05:32:16,108.65,43.98
2026-09-10T05:32:17,108.0,43.34
2026-09-10T05:32:18,108.16,43.5
2026-09-10T05:32:19,108.54,43.88
2026-09-10T05:32:20,108.61,43.94
2026-09-10T05:32:21,108.26,43.6
2026-09-10T05:32:22,108.51,43.85
2026-09-10T05:32:23,108.68,44.01
2026-09-10T05:32:24,108.38,43.72
2026-09-10T05:32:25,108.34,43.68
2026-09-10T05:32:26,108.47,43.81
2026-09-10T05:32:27,107.97,43.31
2026-09-10T05:32:28,108.43,43.76
2026-09-10T05:32:29,108.68,44.01
2026-09-10T05:32:30,108.69,44.02
2026-09-10T05:32:31,109.05,44.38
2026-09-10T05:32:32,108.58,43.91
2026-09-10T05:32:33,108.45,43.79
2026-09-10T05:32:34,108.74,44.07
2026-09-10T05:32:35,108.99,44.32
2026-09-10T05:32:36,107.96,43.31
2026-09-10T05:32:37,108.44,43.78
2026-09-10T05:32:38,108.19,43.53
2026-09-10T05:32:39,109.12,44.45
2026-09-10T05:32:40,108.63,43.96
2026-09-10T05:32:41,108.38,43.71
2026-09-10T05:32:42,108.58,43.91
2026-09-10T05:32:43,108.97,44.3
2026-09-10T05:32:44,109.11,44.43
2026-09-10T05:32:45,108.95,44.28
2026-09-10T05:32:46,109.36,44.68
2026-09-10T05:32:47,109.98,45.29
2026-09-10T05:32:48,109.27,44.59
2026-09-10T05:32:49,108.6,43.93
2026-09-10T05:32:50,109.06,44.38
2026-09-10T05:32:51,108.76,44.09
2026-09-10T05:32:52,108.44,43.78
2026-09-10T05:32:53,108.86,44.19
2026-09-10T05:32:54,108.82,44.15
2026-09-10T05:32:55,109.17,44.49
2026-09-10T05:32:56,110.74,46.04
2026-09-10T05:32:57,110.98,46.28
2026-09-10T05:32:58,111.81,47.1
2026-09-10T05:32:59,113.14,48.41
2026-09-10T05:33:00,114.07,49.33
2026-09-10T05:33:01,116.01,51.24
2026-09-10T05:33:02,116.04,51.27
2026-09-10T05:33:03,116.23,51.46
2026-09-10T05:33:04,114.41,49.66
2026-09-10T05:33:05,115.09,50.33
2026-09-10T05:33:06,115.83,51.07
2026-09-10T05:33:07,113.84,49.1
2026-09-10T05:33:08,112.44,47.72
2026-09-10T05:33:09,111.36,46.66
2026-09-10T05:33:10,110.82,46.12
2026-09-10T05:33:11,111.07,46.37
2026-09-10T05:33:12,111.78,47.07
2026-09-10T05:33:13,114.87,50.11
2026-09-10T05:33:14,121.28,56.43
2026-09-10T05:33:15,117.0,52.21
2026-09-10T05:33:16,110.87,46.17
2026-09-10T05:33:17,109.86,45.18
2026-09-10T05:33:18,108.96,44.29
2026-09-10T05:33:19,108.51,43.84
2026-09-10T05:33:20,108.34,43.68
2026-09-10T05:33:21,109.01,44.34
2026-09-10T05:33:22,108.6,43.93
2026-09-10T05:33:23,108.69,44.02
2026-09-10T05:33:24,108.47,43.81
2026-09-10T05:33:25,108.23,43.57
2026-09-10T05:33:26,108.41,43.75
2026-09-10T05:33:27,108.51,43.84
2026-09-10T05:33:28,108.85,44.18
2026-09-10T05:33:29,108.43,43.76
2026-09-10T05:33:30,108.48,43.81
2026-09-10T05:33:31,108.78,44.11
2026-09-10T05:33:32,108.66,43.99
2026-09-10T05:33:33,108.28,43.62
2026-09-10T05:33:34,108.7,44.03
2026-09-10T05:33:35,109.06,44.38
2026-09-10T05:33:36,108.73,44.06
2026-09-10T05:33:37,109.07,44.39
2026-09-10T05:33:38,108.86,44.19
2026-09-10T05:33:39,108.13,43.47
2026-09-10T05:33:40,108.3,43.64
2026-09-10T05:33:41,108.64,43.97
2026-09-10T05:33:42,109.34,44.67
2026-09-10T05:33:43,108.98,44.31
2026-09-10T05:33:44,108.88,44.21
2026-09-10T05:33:45,109.14,44.47
2026-09-10T05:33:46,109.28,44.61
2026-09-10T05:33:47,109.37,44.69
2026-09-10T05:33:48,108.69,44.02
2026-09-10T05:33:49,108.66,43.99
2026-09-10T05:33:50,108.74,44.07
2026-09-10T05:33:51,108.96,44.29
2026-09-10T05:33:52,108.79,44.12
2026-09-10T05:33:53,108.51,43.85
2026-09-10T05:33:54,109.05,44.38
2026-09-10T05:33:55,109.29,44.61
2026-09-10T05:33:56,108.46,43.8
2026-09-10T05:33:57,108.36,43.7
2026-09-10T05:33:58,109.0,44.33
2026-09-10T05:33:59,108.98,44.3
2026-09-10T05:34:00,108.7,44.03
2026-09-10T05:34:01,108.39,43.73
2026-09-10T05:34:02,108.44,43.78
2026-09-10T05:34:03,108.38,43.72
2026-09-10T05:34:04,108.69,44.02
2026-09-10T05:34:05,108.78,44.11
2026-09-10T05:34:06,108.57,43.9
2026-09-10T05:34:07,108.4,43.73
2026-09-10T05:34:08,108.34,43.68
2026-09-10T05:34:09,108.3,43.64
2026-09-10T05:34:10,108.4,43.73
2026-09-10T05:34:11,108.3,43.63
2026-09-10T05:34:12,108.84,44.17
2026-09-10T05:34:13,108.68,44.02
2026-09-10T05:34:14,108.54,43.87
2026-09-10T05:34:15,108.32,43.65
2026-09-10T05:34:16,108.44,43.77
2026-09-10T05:34:17,108.26,43.6
2026-09-10T05:34:18,108.35,43.68
2026-09-10T05:34:19,108.62,43.95
2026-09-10T05:34:20,108.21,43.55
2026-09-10T05:34:21,108.34,43.67
2026-09-10T05:34:22,108.17,43.51
2026-09-10T05:34:23,108.53,43.87
2026-09-10T05:34:24,108.32,43.65
2026-09-10T05:34:25,108.73,44.06
2026-09-10T05:34:26,108.46,43.79
2026-09-10T05:34:27,108.6,43.94
2026-09-10T05:34:28,108.82,44.15
2026-09-10T05:34:29,108.65,43.99
2026-09-10T05:34:30,108.95,44.28
2026-09-10T05:34:31,108.99,44.31
2026-09-10T05:34:32,108.74,44.07
2026-09-10T05:34:33,109.81,45.13
2026-09-10T05:34:34,110.71,46.02
2026-09-10T05:34:35,110.79,46.09
2026-09-10T05:34:36,110.89,46.19
2026-09-10T05:34:37,109.74,45.05
2026-09-10T05:34:38,109.19,44.52
2026-09-10T05:34:39,109.52,44.84
2026-09-10T05:34:40,109.91,45.23
2026-09-10T05:34:41,111.34,46.63
2026-09-10T05:34:42,112.9,48.17
2026-09-10T05:34:43,113.08,48.35
2026-09-10T05:34:44,112.54,47.81
2026-09-10T05:34:45,111.04,46.34
2026-09-10T05:34:46,110.79,46.1
2026-09-10T05:34:47,110.52,45.82
2026-09-10T05:34:48,111.23,46.53
2026-09-10T05:34:49,111.95,47.24
2026-09-10T05:34:50,110.85,46.16
2026-09-10T05:34:51,110.07,45.38
2026-09-10T05:34:52,109.05,44.37
2026-09-10T05:34:53,109.03,44.35
2026-09-10T05:34:54,109.04,44.37
2026-09-10T05:34:55,109.06,44.39
2026-09-10T05:34:56,108.62,43.95
2026-09-10T05:34:57,108.89,44.22
2026-09-10T05:34:58,108.25,43.59
2026-09-10T05:34:59,108.75,44.08
2026-09-10T05:35:00,109.29,44.61
2026-09-10T05:35:01,109.22,44.54
2026-09-10T05:35:02,110.28,45.59
2026-09-10T05:35:03,110.72,46.02
2026-09-10T05:35:04,111.34,46.63
2026-09-10T05:35:05,111.59,46.88
2026-09-10T05:35:06,112.4,47.68
2026-09-10T05:35:07,111.27,46.56
2026-09-10T05:35:08,110.86,46.16
2026-09-10T05:35:09,110.79,46.09
2026-09-10T05:35:10,109.97,45.29
2026-09-10T05:35:11,109.14,44.46
2026-09-10T05:35:12,109.2,44.52
2026-09-10T05:35:13,108.88,44.21
2026-09-10T05:35:14,108.53,43.87
2026-09-10T05:35:15,108.82,44.15
2026-09-10T05:35:16,110.15,45.46
2026-09-10T05:35:17,109.96,45.28
2026-09-10T05:35:18,111.09,46.39
2026-09-10T05:35:19,111.93,47.22
2026-09-10T05:35:20,114.83,50.08
2026-09-10T05:35:21,110.09,45.4
2026-09-10T05:35:22,109.08,44.41
2026-09-10T05:35:23,108.56,43.9
2026-09-10T05:35:24,108.57,43.9
2026-09-10T05:35:25,108.51,43.84
2026-09-10T05:35:26,108.47,43.81
2026-09-10T05:35:27,109.09,44.41
2026-09-10T05:35:28,108.51,43.84
2026-09-10T05:35:29,108.64,43.97
2026-09-10T05:35:30,108.48,43.82
2026-09-10T05:35:31,108.75,44.09
2026-09-10T05:35:32,108.57,43.9
2026-09-10T05:35:33,109.34,44.66
2026-09-10T05:35:34,110.28,45.59
2026-09-10T05:35:35,111.06,46.36
2026-09-10T05:35:36,112.07,47.35
2026-09-10T05:35:37,112.91,48.18
2026-09-10T05:35:38,111.66,46.95
2026-09-10T05:35:39,110.58,45.89
2026-09-10T05:35:40,109.27,44.59
2026-09-10T05:35:41,108.99,44.31
2026-09-10T05:35:42,108.8,44.13
2026-09-10T05:35:43,108.44,43.78
2026-09-10T05:35:44,108.57,43.9
2026-09-10T05:35:45,108.83,44.16
2026-09-10T05:35:46,109.11,44.43
2026-09-10T05:35:47,109.46,44.78
2026-09-10T05:35:48,110.46,45.77
2026-09-10T05:35:49,110.89,46.19
2026-09-10T05:35:50,111.37,46.66
2026-09-10T05:35:51,110.6,45.9
2026-09-10T05:35:52,109.51,44.83
2026-09-10T05:35:53,108.55,43.88
2026-09-10T05:35:54,108.7,44.03
2026-09-10T05:35:55,108.78,44.11
2026-09-10T05:35:56,108.5,43.83
2026-09-10T05:35:57,109.35,44.67
2026-09-10T05:35:58,110.51,45.81
2026-09-10T05:35:59,111.13,46.42
2026-09-10T05:36:00,111.34,46.63
2026-09-10T05:36:01,110.09,45.4
2026-09-10T05:36:02,109.34,44.67
2026-09-10T05:36:03,108.64,43.97
2026-09-10T05:36:04,108.78,44.12
2026-09-10T05:36:05,108.22,43.55
2026-09-10T05:36:06,107.97,43.32
2026-09-10T05:36:07,108.29,43.62
2026-09-10T05:36:08,108.41,43.74
2026-09-10T05:36:09,108.28,43.62
2026-09-10T05:36:10,108.83,44.16
2026-09-10T05:36:11,108.39,43.73
2026-09-10T05:36:12,108.88,44.21
2026-09-10T05:36:13,108.7,44.03
2026-09-10T05:36:14,109.17,44.5
2026-09-10T05:36:15,109.92,45.24
2026-09-10T05:36:16,110.5,45.81
2026-09-10T05:36:17,111.83,47.11
2026-09-10T05:36:18,112.57,47.84
2026-09-10T05:36:19,113.86,49.12
2026-09-10T05:36:20,116.74,51.95
2026-09-10T05:36:21,118.68,53.87
2026-09-10T05:36:22,121.6,56.75
2026-09-10T05:36:23,121.31,56.46
2026-09-10T05:36:24,121.33,56.48
2026-09-10T05:36:25,122.07,57.21
2026-09-10T05:36:26,123.51,58.63
2026-09-10T05:36:27,116.59,51.81
2026-09-10T05:36:28,114.81,50.05
2026-09-10T05:36:29,114.18,49.44
2026-09-10T05:36:30,112.63,47.91
2026-09-10T05:36:31,111.12,46.42
2026-09-10T05:36:32,110.83,46.13
2026-09-10T05:36:33,110.22,45.53
2026-09-10T05:36:34,110.03,45.34
2026-09-10T05:36:35,109.97,45.28
2026-09-10T05:36:36,109.42,44.75
2026-09-10T05:36:37,109.4,44.73
2026-09-10T05:36:38,109.35,44.67
2026-09-10T05:36:39,109.03,44.36
2026-09-10T05:36:40,109.06,44.38
2026-09-10T05:36:41,108.99,44.32
2026-09-10T05:36:42,108.86,44.19
2026-09-10T05:36:43,108.46,43.8
2026-09-10T05:36:44,108.63,43.96
2026-09-10T05:36:45,108.72,44.05
2026-09-10T05:36:46,108.83,44.16
2026-09-10T05:36:47,107.97,43.32
2026-09-10T05:36:48,108.41,43.75
2026-09-10T05:36:49,108.49,43.82
2026-09-10T05:36:50,108.65,43.98
2026-09-10T05:36:51,108.98,44.3
2026-09-10T05:36:52,108.4,43.74
2026-09-10T05:36:53,108.58,43.91
2026-09-10T05:36:54,108.73,44.06
2026-09-10T05:36:55,108.97,44.3
2026-09-10T05:36:56,108.51,43.84
2026-09-10T05:36:57,108.65,43.98
2026-09-10T05:36:58,108.72,44.05
2026-09-10T05:36:59,108.39,43.73
2026-09-10T05:37:00,108.35,43.68
2026-09-10T05:37:01,108.49,43.82
2026-09-10T05:37:02,108.32,43.66
2026-09-10T05:37:03,108.25,43.59
2026-09-10T05:37:04,109.09,44.41
2026-09-10T05:37:05,108.28,43.62
2026-09-10T05:37:06,108.55,43.89
2026-09-10T05:37:07,109.78,45.1
2026-09-10T05:37:08,108.32,43.65
2026-09-10T05:37:09,108.88,44.21
2026-09-10T05:37:10,110.43,45.74
2026-09-10T05:37:11,111.02,46.32
2026-09-10T05:37:12,112.24,47.52
2026-09-10T05:37:13,111.96,47.25
2026-09-10T05:37:14,113.77,49.03
2026-09-10T05:37:15,113.59,48.86
2026-09-10T05:37:16,113.03,48.3
2026-09-10T05:37:17,112.78,48.05
2026-09-10T05:37:18,109.85,45.17
2026-09-10T05:37:19,108.86,44.19
2026-09-10T05:37:20,108.7,44.04
2026-09-10T05:37:21,108.68,44.01
2026-09-10T05:37:22,109.35,44.67
2026-09-10T05:37:23,110.65,45.96
2026-09-10T05:37:24,108.8,44.13
2026-09-10T05:37:25,108.8,44.13
2026-09-10T05:37:26,108.78,44.11
2026-09-10T05:37:27,108.99,44.31
2026-09-10T05:37:28,111.7,46.99
2026-09-10T05:37:29,110.23,45.54
2026-09-10T05:37:30,109.4,44.72
2026-09-10T05:37:31,108.27,43.6
2026-09-10T05:37:32,108.47,43.81
2026-09-10T05:37:33,108.02,43.36
2026-09-10T05:37:34,109.33,44.65
2026-09-10T05:37:35,108.25,43.59
2026-09-10T05:37:36,109.03,44.36
2026-09-10T05:37:37,108.61,43.94
2026-09-10T05:37:38,109.71,45.03
2026-09-10T05:37:39,109.51,44.83
2026-09-10T05:37:40,110.03,45.34
2026-09-10T05:37:41,111.48,46.77
2026-09-10T05:37:42,111.01,46.31
2026-09-10T05:37:43,112.38,47.66
2026-09-10T05:37:44,111.44,46.74
2026-09-10T05:37:45,109.86,45.18
2026-09-10T05:37:46,109.89,45.21
2026-09-10T05:37:47,109.3,44.62
2026-09-10T05:37:48,109.12,44.44
2026-09-10T05:37:49,108.97,44.3
2026-09-10T05:37:50,108.73,44.06
2026-09-10T05:37:51,109.08,44.4
2026-09-10T05:37:52,108.95,44.28
2026-09-10T05:37:53,108.62,43.95
2026-09-10T05:37:54,108.63,43.96
2026-09-10T05:37:55,108.56,43.9
2026-09-10T05:37:56,108.48,43.81
2026-09-10T05:37:57,108.71,44.04
2026-09-10T05:37:58,108.71,44.04
2026-09-10T05:37:59,108.39,43.73
2026-09-10T05:38:00,108.42,43.75
2026-09-10T05:38:01,108.18,43.52
2026-09-10T05:38:02,108.15,43.49
2026-09-10T05:38:03,108.36,43.69
2026-09-10T05:38:04,108.17,43.51
2026-09-10T05:38:05,108.14,43.48
2026-09-10T05:38:06,108.6,43.94
2026-09-10T05:38:07,108.44,43.78
2026-09-10T05:38:08,108.32,43.66
2026-09-10T05:38:09,108.51,43.85
2026-09-10T05:38:10,108.27,43.6
2026-09-10T05:38:11,108.42,43.76
2026-09-10T05:38:12,107.82,43.17
2026-09-10T05:38:13,108.94,44.26
2026-09-10T05:38:14,108.32,43.65
2026-09-10T05:38:15,108.34,43.67
2026-09-10T05:38:16,108.08,43.42
2026-09-10T05:38:17,108.45,43.78
2026-09-10T05:38:18,108.73,44.06
2026-09-10T05:38:19,108.45,43.78
2026-09-10T05:38:20,108.57,43.9
2026-09-10T05:38:21,108.46,43.8
2026-09-10T05:38:22,107.98,43.32
2026-09-10T05:38:23,108.61,43.94
2026-09-10T05:38:24,108.41,43.74
2026-09-10T05:38:25,108.18,43.52
2026-09-10T05:38:26,108.54,43.87
2026-09-10T05:38:27,108.22,43.56
2026-09-10T05:38:28,108.59,43.93
2026-09-10T05:38:29,108.27,43.61
2026-09-10T05:38:30,108.74,44.07
2026-09-10T05:38:31,108.07,43.41
2026-09-10T05:38:32,108.45,43.79
2026-09-10T05:38:33,108.29,43.62
2026-09-10T05:38:34,108.2,43.54
2026-09-10T05:38:35,108.18,43.52
2026-09-10T05:38:36,108.07,43.41
2026-09-10T05:38:37,108.42,43.75
2026-09-10T05:38:38,107.9,43.24
2026-09-10T05:38:39,108.77,44.1
2026-09-10T05:38:40,108.64,43.97
2026-09-10T05:38:41,109.18,44.51
2026-09-10T05:38:42,110.43,45.73
2026-09-10T05:38:43,111.07,46.37
2026-09-10T05:38:44,111.65,46.94
2026-09-10T05:38:45,110.97,46.27
2026-09-10T05:38:46,110.13,45.44
2026-09-10T05:38:47,110.72,46.02
2026-09-10T05:38:48,110.55,45.85
2026-09-10T05:38:49,111.27,46.56
2026-09-10T05:38:50,110.91,46.21
2026-09-10T05:38:51,109.75,45.07
2026-09-10T05:38:52,109.25,44.57
2026-09-10T05:38:53,108.35,43.69
2026-09-10T05:38:54,108.63,43.96
2026-09-10T05:38:55,108.34,43.68
2026-09-10T05:38:56,108.61,43.94
2026-09-10T05:38:57,108.71,44.04
2026-09-10T05:38:58,108.54,43.87
2026-09-10T05:38:59,108.68,44.01
2026-09-10T05:39:00,108.69,44.02
2026-09-10T05:39:01,108.75,44.08
2026-09-10T05:39:02,108.2,43.54
2026-09-10T05:39:03,108.13,43.47
2026-09-10T05:39:04,108.44,43.77
2026-09-10T05:39:05,108.39,43.73
2026-09-10T05:39:06,108.07,43.41
2026-09-10T05:39:07,108.55,43.88
2026-09-10T05:39:08,108.61,43.94
2026-09-10T05:39:09,108.45,43.79
2026-09-10T05:39:10,108.48,43.82
2026-09-10T05:39:11,108.23,43.57
2026-09-10T05:39:12,108.42,43.75
2026-09-10T05:39:13,108.39,43.72
2026-09-10T05:39:14,108.82,44.15
2026-09-10T05:39:15,108.89,44.22
2026-09-10T05:39:16,108.26,43.6
2026-09-10T05:39:17,108.37,43.7
2026-09-10T05:39:18,108.74,44.07
2026-09-10T05:39:19,108.63,43.97
2026-09-10T05:39:20,108.73,44.06
2026-09-10T05:39:21,108.57,43.9
2026-09-10T05:39:22,108.23,43.57
2026-09-10T05:39:23,108.39,43.72
2026-09-10T05:39:24,108.37,43.71
2026-09-10T05:39:25,108.25,43.59
2026-09-10T05:39:26,108.07,43.41
2026-09-10T05:39:27,108.24,43.58
2026-09-10T05:39:28,108.51,43.84
2026-09-10T05:39:29,108.21,43.55
2026-09-10T05:39:30,108.71,44.04
2026-09-10T05:39:31,108.22,43.55
2026-09-10T05:39:32,108.39,43.73
2026-09-10T05:39:33,108.02,43.36
2026-09-10T05:39:34,108.25,43.59
2026-09-10T05:39:35,108.31,43.65
2026-09-10T05:39:36,108.47,43.8
2026-09-10T05:39:37,108.36,43.7
2026-09-10T05:39:38,107.98,43.33
2026-09-10T05:39:39,108.03,43.37
2026-09-10T05:39:40,107.97,43.31
2026-09-10T05:39:41,108.83,44.16
2026-09-10T05:39:42,108.45,43.79
2026-09-10T05:39:43,108.41,43.75
2026-09-10T05:39:44,108.57,43.91
2026-09-10T05:39:45,108.76,44.09
2026-09-10T05:39:46,109.12,44.45
2026-09-10T05:39:47,109.43,44.75
2026-09-10T05:39:48,109.76,45.07
2026-09-10T05:39:49,112.22,47.5
2026-09-10T05:39:50,112.76,48.03
2026-09-10T05:39:51,110.78,46.08
2026-09-10T05:39:52,109.69,45.01
2026-09-10T05:39:53,109.19,44.51
2026-09-10T05:39:54,108.74,44.07
2026-09-10T05:39:55,108.46,43.8
2026-09-10T05:39:56,108.24,43.58
2026-09-10T05:39:57,108.5,43.84
2026-09-10T05:39:58,108.46,43.79
2026-09-10T05:39:59,108.94,44.27
2026-09-10T05:40:00,108.56,43.89
2026-09-10T05:40:01,108.34,43.68
2026-09-10T05:40:02,108.6,43.93
2026-09-10T05:40:03,108.17,43.51
2026-09-10T05:40:04,108.6,43.93
2026-09-10T05:40:05,108.86,44.19
2026-09-10T05:40:06,108.84,44.16
2026-09-10T05:40:07,110.81,46.11
2026-09-10T05:40:08,108.71,44.05
2026-09-10T05:40:09,109.57,44.88
2026-09-10T05:40:10,109.88,45.19
2026-09-10T05:40:11,111.12,46.42
2026-09-10T05:40:12,112.53,47.81
2026-09-10T05:40:13,113.99,49.25
2026-09-10T05:40:14,114.45,49.7
2026-09-10T05:40:15,116.65,51.87
2026-09-10T05:40:16,115.52,50.75
2026-09-10T05:40:17,114.32,49.57
2026-09-10T05:40:18,113.25,48.52
2026-09-10T05:40:19,112.45,47.73
2026-09-10T05:40:20,112.16,47.44
2026-09-10T05:40:21,112.2,47.48
2026-09-10T05:40:22,111.99,47.28
2026-09-10T05:40:23,110.96,46.26
2026-09-10T05:40:24,111.54,46.83
2026-09-10T05:40:25,111.05,46.35
2026-09-10T05:40:26,110.94,46.24
2026-09-10T05:40:27,110.39,45.7
2026-09-10T05:40:28,109.61,44.93
2026-09-10T05:40:29,109.08,44.41
2026-09-10T05:40:30,108.38,43.71
2026-09-10T05:40:31,108.94,44.27
2026-09-10T05:40:32,108.79,44.12
2026-09-10T05:40:33,108.5,43.84
2026-09-10T05:40:34,108.68,44.01
2026-09-10T05:40:35,108.29,43.63
2026-09-10T05:40:36,108.2,43.54
2026-09-10T05:40:37,108.33,43.67
2026-09-10T05:40:38,108.26,43.6
2026-09-10T05:40:39,108.05,43.39
2026-09-10T05:40:40,108.17,43.51
2026-09-10T05:40:41,108.2,43.54
2026-09-10T05:40:42,108.38,43.71
2026-09-10T05:40:43,107.83,43.18
2026-09-10T05:40:44,108.45,43.78
2026-09-10T05:40:45,108.64,43.97
2026-09-10T05:40:46,108.33,43.67
2026-09-10T05:40:47,108.47,43.81
2026-09-10T05:40:48,108.72,44.05
2026-09-10T05:40:49,109.42,44.74
2026-09-10T05:40:50,109.89,45.21
2026-09-10T05:40:51,110.0,45.31
2026-09-10T05:40:52,109.63,44.95
2026-09-10T05:40:53,108.88,44.21
2026-09-10T05:40:54,108.53,43.86
2026-09-10T05:40:55,108.2,43.54
2026-09-10T05:40:56,108.4,43.73
2026-09-10T05:40:57,108.44,43.78
2026-09-10T05:40:58,108.6,43.94
2026-09-10T05:40:59,108.2,43.54
2026-09-10T05:41:00,107.95,43.29
2026-09-10T05:41:01,107.95,43.3
2026-09-10T05:41:02,108.35,43.69
2026-09-10T05:41:03,107.92,43.26
2026-09-10T05:41:04,107.9,43.24
2026-09-10T05:41:05,108.01,43.35
2026-09-10T05:41:06,108.27,43.61
2026-09-10T05:41:07,108.68,44.01
2026-09-10T05:41:08,108.34,43.67
2026-09-10T05:41:09,108.45,43.79
2026-09-10T05:41:10,108.63,43.96
2026-09-10T05:41:11,108.53,43.87
2026-09-10T05:41:12,108.67,44.0
2026-09-10T05:41:13,108.93,44.26
2026-09-10T05:41:14,109.14,44.47
2026-09-10T05:41:15,109.57,44.89
2026-09-10T05:41:16,110.48,45.78
2026-09-10T05:41:17,111.28,46.57
2026-09-10T05:41:18,112.07,47.35
2026-09-10T05:41:19,111.64,46.93
2026-09-10T05:41:20,112.09,47.37
2026-09-10T05:41:21,111.56,46.85
2026-09-10T05:41:22,110.97,46.27
2026-09-10T05:41:23,111.25,46.55
2026-09-10T05:41:24,110.4,45.71
2026-09-10T05:41:25,110.91,46.21
2026-09-10T05:41:26,110.81,46.11
2026-09-10T05:41:27,111.94,47.23
2026-09-10T05:41:28,112.16,47.44
2026-09-10T05:41:29,111.35,46.64
2026-09-10T05:41:30,110.98,46.28
2026-09-10T05:41:31,111.29,46.58
2026-09-10T05:41:32,111.12,46.41
2026-09-10T05:41:33,111.33,46.63
2026-09-10T05:41:34,111.44,46.73
2026-09-10T05:41:35,110.97,46.27
2026-09-10T05:41:36,110.85,46.15
2026-09-10T05:41:37,111.02,46.32
2026-09-10T05:41:38,111.33,46.63
2026-09-10T05:41:39,110.36,45.67
2026-09-10T05:41:40,109.46,44.78
2026-09-10T05:41:41,109.14,44.46
2026-09-10T05:41:42,109.0,44.33
2026-09-10T05:41:43,108.32,43.66
2026-09-10T05:41:44,108.48,43.82
2026-09-10T05:41:45,108.56,43.9
2026-09-10T05:41:46,108.59,43.93
2026-09-10T05:41:47,108.64,43.97
2026-09-10T05:41:48,108.7,44.03
2026-09-10T05:41:49,109.13,44.46
2026-09-10T05:41:50,109.6,44.92
2026-09-10T05:41:51,111.45,46.75
2026-09-10T05:41:52,112.22,47.5
2026-09-10T05:41:53,112.45,47.73
2026-09-10T05:41:54,109.12,44.44
2026-09-10T05:41:55,108.6,43.93
2026-09-10T05:41:56,108.73,44.06
2026-09-10T05:41:57,108.17,43.51
2026-09-10T05:41:58,108.37,43.71
2026-09-10T05:41:59,108.56,43.9
2026-09-10T05:42:00,108.09,43.43
2026-09-10T05:42:01,108.4,43.73
2026-09-10T05:42:02,108.38,43.71
2026-09-10T05:42:03,108.46,43.8
2026-09-10T05:42:04,108.06,43.4
2026-09-10T05:42:05,108.74,44.07
2026-09-10T05:42:06,107.8,43.14
2026-09-10T05:42:07,108.65,43.98
2026-09-10T05:42:08,108.24,43.58
2026-09-10T05:42:09,107.95,43.29
2026-09-10T05:42:10,108.28,43.62
2026-09-10T05:42:11,108.16,43.5
2026-09-10T05:42:12,108.4,43.73
2026-09-10T05:42:13,108.15,43.49
2026-09-10T05:42:14,108.04,43.38
2026-09-10T05:42:15,108.22,43.55
2026-09-10T05:42:16,108.47,43.8
2026-09-10T05:42:17,108.13,43.47
2026-09-10T05:42:18,108.45,43.78
2026-09-10T05:42:19,108.87,44.2
2026-09-10T05:42:20,108.36,43.7
2026-09-10T05:42:21,108.08,43.42
2026-09-10T05:42:22,108.39,43.73
2026-09-10T05:42:23,108.33,43.67
2026-09-10T05:42:24,108.7,44.03
2026-09-10T05:42:25,108.53,43.86
2026-09-10T05:42:26,108.71,44.04
2026-09-10T05:42:27,107.96,43.3
2026-09-10T05:42:28,108.49,43.83
2026-09-10T05:42:29,108.23,43.57
2026-09-10T05:42:30,108.53,43.87
2026-09-10T05:42:31,108.1,43.44
2026-09-10T05:42:32,108.72,44.05
2026-09-10T05:42:33,108.1,43.44
2026-09-10T05:42:34,108.66,43.99
2026-09-10T05:42:35,108.72,44.06
2026-09-10T05:42:36,108.57,43.9
2026-09-10T05:42:37,108.67,44.01
2026-09-10T05:42:38,109.14,44.46
2026-09-10T05:42:39,109.95,45.26
2026-09-10T05:42:40,111.19,46.48
2026-09-10T05:42:41,111.49,46.79
2026-09-10T05:42:42,112.24,47.52
2026-09-10T05:42:43,112.78,48.05
2026-09-10T05:42:44,113.71,48.97
2026-09-10T05:42:45,115.83,51.06
2026-09-10T05:42:46,113.55,48.81
2026-09-10T05:42:47,110.82,46.12
2026-09-10T05:42:48,109.48,44.8
2026-09-10T05:42:49,109.51,44.83
2026-09-10T05:42:50,109.59,44.91
2026-09-10T05:42:51,109.39,44.71
2026-09-10T05:42:52,109.68,45.0
2026-09-10T05:42:53,109.89,45.21
2026-09-10T05:42:54,110.55,45.85
2026-09-10T05:42:55,111.82,47.1
2026-09-10T05:42:56,112.25,47.54
2026-09-10T05:42:57,112.12,47.4
2026-09-10T05:42:58,111.34,46.63
2026-09-10T05:42:59,111.28,46.58
2026-09-10T05:43:00,112.08,47.36
2026-09-10T05:43:01,112.35,47.63
2026-09-10T05:43:02,112.88,48.15
2026-09-10T05:43:03,111.6,46.89
2026-09-10T05:43:04,109.92,45.23
2026-09-10T05:43:05,109.15,44.48
2026-09-10T05:43:06,108.49,43.83
2026-09-10T05:43:07,109.03,44.36
2026-09-10T05:43:08,108.45,43.78
2026-09-10T05:43:09,108.94,44.27
2026-09-10T05:43:10,108.09,43.43
2026-09-10T05:43:11,108.48,43.81
2026-09-10T05:43:12,108.46,43.8
2026-09-10T05:43:13,108.42,43.76
2026-09-10T05:43:14,108.45,43.78
2026-09-10T05:43:15,108.53,43.86
2026-09-10T05:43:16,108.32,43.66
2026-09-10T05:43:17,108.73,44.06
2026-09-10T05:43:18,108.07,43.41
2026-09-10T05:43:19,108.47,43.8
2026-09-10T05:43:20,108.56,43.89
2026-09-10T05:43:21,108.78,44.11
2026-09-10T05:43:22,108.79,44.12
2026-09-10T05:43:23,108.64,43.97
2026-09-10T05:43:24,109.36,44.69
2026-09-10T05:43:25,109.85,45.16
2026-09-10T05:43:26,110.9,46.2
2026-09-10T05:43:27,110.41,45.71
2026-09-10T05:43:28,109.66,44.97
2026-09-10T05:43:29,109.27,44.6
2026-09-10T05:43:30,108.56,43.9
2026-09-10T05:43:31,108.24,43.58
2026-09-10T05:43:32,108.94,44.27
2026-09-10T05:43:33,108.43,43.76
2026-09-10T05:43:34,108.56,43.89
2026-09-10T05:43:35,108.01,43.35
2026-09-10T05:43:36,108.84,44.17
2026-09-10T05:43:37,108.16,43.5
2026-09-10T05:43:38,108.68,44.01
2026-09-10T05:43:39,107.93,43.27
2026-09-10T05:43:40,107.68,43.03
2026-09-10T05:43:41,108.24,43.57
2026-09-10T05:43:42,107.95,43.29
2026-09-10T05:43:43,108.28,43.61
2026-09-10T05:43:44,107.95,43.29
2026-09-10T05:43:45,108.5,43.83
2026-09-10T05:43:46,108.49,43.82
2026-09-10T05:43:47,108.4,43.74
2026-09-10T05:43:48,108.35,43.69
2026-09-10T05:43:49,108.44,43.78
2026-09-10T05:43:50,107.92,43.26
2026-09-10T05:43:51,108.36,43.7
2026-09-10T05:43:52,107.75,43.09
2026-09-10T05:43:53,108.45,43.79
2026-09-10T05:43:54,108.03,43.37
2026-09-10T05:43:55,108.36,43.69
2026-09-10T05:43:56,108.31,43.65
2026-09-10T05:43:57,108.47,43.81
2026-09-10T05:43:58,108.34,43.68
2026-09-10T05:43:59,108.54,43.88
2026-09-10T05:44:00,108.39,43.72
2026-09-10T05:44:01,108.08,43.42
2026-09-10T05:44:02,108.54,43.87
2026-09-10T05:44:03,108.59,43.93
2026-09-10T05:44:04,109.21,44.53
2026-09-10T05:44:05,109.27,44.59
2026-09-10T05:44:06,110.06,45.37
2026-09-10T05:44:07,111.87,47.15
2026-09-10T05:44:08,110.94,46.24
2026-09-10T05:44:09,109.54,44.86
2026-09-10T05:44:10,108.94,44.26
2026-09-10T05:44:11,108.69,44.02
2026-09-10T05:44:12,108.49,43.83
2026-09-10T05:44:13,110.24,45.55
2026-09-10T05:44:14,108.54,43.87
2026-09-10T05:44:15,108.38,43.71
2026-09-10T05:44:16,108.63,43.96
2026-09-10T05:44:17,109.76,45.07
2026-09-10T05:44:18,110.18,45.49
2026-09-10T05:44:19,110.41,45.71
2026-09-10T05:44:20,111.03,46.33
2026-09-10T05:44:21,110.82,46.12
2026-09-10T05:44:22,110.69,46.0
2026-09-10T05:44:23,110.28,45.59
2026-09-10T05:44:24,109.51,44.83
2026-09-10T05:44:25,108.94,44.27
2026-09-10T05:44:26,108.75,44.08
2026-09-10T05:44:27,108.65,43.98
2026-09-10T05:44:28,108.41,43.75
2026-09-10T05:44:29,108.39,43.73
2026-09-10T05:44:30,108.48,43.81
2026-09-10T05:44:31,108.26,43.59
2026-09-10T05:44:32,108.58,43.91
2026-09-10T05:44:33,108.46,43.79
2026-09-10T05:44:34,108.5,43.84
2026-09-10T05:44:35,108.34,43.68
2026-09-10T05:44:36,108.19,43.53
2026-09-10T05:44:37,108.34,43.68
2026-09-10T05:44:38,108.39,43.73
2026-09-10T05:44:39,108.11,43.45
2026-09-10T05:44:40,108.4,43.74
2026-09-10T05:44:41,108.16,43.5
2026-09-10T05:44:42,108.07,43.41
2026-09-10T05:44:43,108.45,43.78
2026-09-10T05:44:44,108.37,43.71
2026-09-10T05:44:45,108.27,43.61
2026-09-10T05:44:46,108.4,43.73
2026-09-10T05:44:47,108.48,43.82
2026-09-10T05:44:48,108.7,44.03
2026-09-10T05:44:49,108.37,43.71
2026-09-10T05:44:50,107.79,43.14
2026-09-10T05:44:51,108.66,44.0
2026-09-10T05:44:52,107.79,43.13
2026-09-10T05:44:53,108.33,43.67
2026-09-10T05:44:54,108.39,43.73
2026-09-10T05:44:55,108.29,43.63
2026-09-10T05:44:56,108.11,43.45
2026-09-10T05:44:57,108.52,43.85
2026-09-10T05:44:58,108.87,44.2
2026-09-10T05:44:59,108.52,43.86
2026-09-10T05:45:00,108.31,43.65
2026-09-10T05:45:01,108.1,43.44
2026-09-10T05:45:02,108.33,43.67
2026-09-10T05:45:03,108.75,44.08
2026-09-10T05:45:04,108.55,43.89
2026-09-10T05:45:05,108.13,43.47
2026-09-10T05:45:06,108.14,43.48
2026-09-10T05:45:07,109.34,44.66
2026-09-10T05:45:08,110.2,45.51
2026-09-10T05:45:09,108.32,43.65
2026-09-10T05:45:10,109.01,44.33
2026-09-10T05:45:11,108.59,43.93
2026-09-10T05:45:12,109.0,44.33
2026-09-10T05:45:13,110.13,45.44
2026-09-10T05:45:14,110.86,46.16
2026-09-10T05:45:15,113.08,48.35
2026-09-10T05:45:16,112.79,48.06
2026-09-10T05:45:17,118.06,53.25
2026-09-10T05:45:18,112.4,47.68
2026-09-10T05:45:19,114.02,49.28
2026-09-10T05:45:20,113.05,48.32
2026-09-10T05:45:21,113.34,48.61
2026-09-10T05:45:22,114.62,49.87
2026-09-10T05:45:23,112.73,48.0
2026-09-10T05:45:24,110.5,45.81
2026-09-10T05:45:25,110.26,45.57
2026-09-10T05:45:26,109.35,44.67
2026-09-10T05:45:27,109.68,45.0
2026-09-10T05:45:28,109.52,44.84
2026-09-10T05:45:29,110.77,46.07
2026-09-10T05:45:30,111.3,46.6
2026-09-10T05:45:31,112.44,47.72
2026-09-10T05:45:32,111.66,46.95
2026-09-10T05:45:33,110.22,45.53
2026-09-10T05:45:34,109.87,45.19
2026-09-10T05:45:35,109.54,44.86
2026-09-10T05:45:36,110.09,45.4
2026-09-10T05:45:37,109.98,45.3
2026-09-10T05:45:38,111.87,47.16
2026-09-10T05:45:39,112.61,47.89
2026-09-10T05:45:40,113.74,49.0
2026-09-10T05:45:41,115.82,51.05
2026-09-10T05:45:42,120.68,55.84
2026-09-10T05:45:43,117.99,53.19
2026-09-10T05:45:44,114.47,49.72
2026-09-10T05:45:45,113.09,48.36
2026-09-10T05:45:46,111.42,46.72
2026-09-10T05:45:47,110.3,45.61
2026-09-10T05:45:48,111.37,46.66
2026-09-10T05:45:49,111.62,46.91
2026-09-10T05:45:50,109.89,45.2
2026-09-10T05:45:51,109.64,44.96
2026-09-10T05:45:52,109.04,44.36
2026-09-10T05:45:53,108.52,43.85
2026-09-10T05:45:54,108.42,43.76
2026-09-10T05:45:55,108.8,44.13
2026-09-10T05:45:56,109.38,44.7
2026-09-10T05:45:57,110.06,45.37
2026-09-10T05:45:58,110.74,46.04
2026-09-10T05:45:59,111.85,47.14
2026-09-10T05:46:00,111.87,47.16
2026-09-10T05:46:01,112.22,47.51
2026-09-10T05:46:02,109.74,45.06
2026-09-10T05:46:03,109.03,44.35
2026-09-10T05:46:04,109.1,44.42
2026-09-10T05:46:05,108.39,43.73
2026-09-10T05:46:06,108.47,43.81
2026-09-10T05:46:07,108.89,44.22
2026-09-10T05:46:08,108.76,44.09
2026-09-10T05:46:09,108.59,43.93
2026-09-10T05:46:10,108.63,43.96
2026-09-10T05:46:11,108.19,43.53
2026-09-10T05:46:12,108.08,43.42
2026-09-10T05:46:13,108.35,43.68
2026-09-10T05:46:14,108.4,43.74
2026-09-10T05:46:15,108.6,43.93
2026-09-10T05:46:16,108.35,43.68
2026-09-10T05:46:17,108.55,43.89
2026-09-10T05:46:18,108.18,43.52
2026-09-10T05:46:19,108.01,43.35
2026-09-10T05:46:20,107.95,43.3
2026-09-10T05:46:21,108.28,43.62
2026-09-10T05:46:22,108.3,43.64
2026-09-10T05:46:23,108.29,43.63
2026-09-10T05:46:24,107.97,43.32
2026-09-10T05:46:25,108.19,43.53
2026-09-10T05:46:26,108.11,43.45
2026-09-10T05:46:27,108.61,43.94
2026-09-10T05:46:28,107.96,43.31
2026-09-10T05:46:29,108.65,43.98
2026-09-10T05:46:30,108.84,44.17
2026-09-10T05:46:31,108.66,43.99
2026-09-10T05:46:32,108.26,43.59
2026-09-10T05:46:33,108.35,43.69
2026-09-10T05:46:34,108.43,43.77
2026-09-10T05:46:35,108.43,43.76
2026-09-10T05:46:36,108.83,44.16
2026-09-10T05:46:37,108.53,43.86
2026-09-10T05:46:38,108.38,43.72
2026-09-10T05:46:39,108.95,44.28
2026-09-10T05:46:40,108.42,43.75
2026-09-10T05:46:41,108.79,44.12
2026-09-10T05:46:42,109.05,44.38
2026-09-10T05:46:43,108.37,43.7
2026-09-10T05:46:44,108.32,43.66
2026-09-10T05:46:45,108.09,43.43
2026-09-10T05:46:46,108.4,43.73
2026-09-10T05:46:47,107.92,43.26
2026-09-10T05:46:48,108.65,43.98
2026-09-10T05:46:49,108.7,44.04
2026-09-10T05:46:50,108.5,43.84
2026-09-10T05:46:51,108.28,43.62
2026-09-10T05:46:52,108.58,43.91
2026-09-10T05:46:53,108.55,43.88
2026-09-10T05:46:54,108.51,43.84
2026-09-10T05:46:55,108.41,43.74
2026-09-10T05:46:56,108.72,44.05
2026-09-10T05:46:57,108.18,43.52
2026-09-10T05:46:58,108.53,43.87
2026-09-10T05:46:59,108.15,43.48
2026-09-10T05:47:00,108.22,43.56
2026-09-10T05:47:01,108.31,43.65
2026-09-10T05:47:02,108.57,43.91
2026-09-10T05:47:03,108.44,43.77
2026-09-10T05:47:04,108.47,43.81
2026-09-10T05:47:05,108.47,43.81
2026-09-10T05:47:06,108.27,43.61
2026-09-10T05:47:07,108.87,44.2
2026-09-10T05:47:08,108.7,44.03
2026-09-10T05:47:09,108.97,44.3
2026-09-10T05:47:10,109.65,44.97
2026-09-10T05:47:11,111.34,46.63
2026-09-10T05:47:12,111.36,46.66
2026-09-10T05:47:13,111.64,46.93
2026-09-10T05:47:14,113.51,48.78
2026-09-10T05:47:15,112.31,47.59
2026-09-10T05:47:16,110.11,45.42
2026-09-10T05:47:17,109.57,44.89
2026-09-10T05:47:18,111.67,46.96
2026-09-10T05:47:19,111.17,46.47
2026-09-10T05:47:20,111.08,46.38
2026-09-10T05:47:21,110.77,46.08
2026-09-10T05:47:22,110.26,45.57
2026-09-10T05:47:23,109.77,45.08
2026-09-10T05:47:24,108.86,44.19
2026-09-10T05:47:25,108.75,44.08
2026-09-10T05:47:26,108.98,44.3
2026-09-10T05:47:27,109.31,44.63
2026-09-10T05:47:28,109.8,45.12
2026-09-10T05:47:29,110.21,45.52
2026-09-10T05:47:30,110.49,45.8
2026-09-10T05:47:31,111.57,46.86
2026-09-10T05:47:32,112.5,47.78
2026-09-10T05:47:33,111.03,46.33
2026-09-10T05:47:34,109.49,44.81
2026-09-10T05:47:35,109.6,44.92
2026-09-10T05:47:36,109.09,44.42
2026-09-10T05:47:37,109.23,44.55
2026-09-10T05:47:38,108.73,44.06
2026-09-10T05:47:39,108.98,44.31
2026-09-10T05:47:40,108.36,43.7
2026-09-10T05:47:41,108.9,44.22
2026-09-10T05:47:42,108.44,43.78
2026-09-10T05:47:43,109.02,44.35
2026-09-10T05:47:44,108.46,43.79
2026-09-10T05:47:45,108.6,43.94
2026-09-10T05:47:46,108.74,44.07
2026-09-10T05:47:47,109.08,44.41
2026-09-10T05:47:48,108.89,44.22
2026-09-10T05:47:49,108.43,43.77
2026-09-10T05:47:50,108.59,43.92
2026-09-10T05:47:51,108.67,44.0
2026-09-10T05:47:52,108.45,43.78
2026-09-10T05:47:53,109.15,44.47
2026-09-10T05:47:54,109.17,44.49
2026-09-10T05:47:55,108.66,44.0
2026-09-10T05:47:56,108.63,43.96
2026-09-10T05:47:57,108.89,44.22
2026-09-10T05:47:58,108.87,44.2
2026-09-10T05:47:59,108.68,44.01
2026-09-10T05:48:00,108.59,43.92
2026-09-10T05:48:01,108.39,43.72
2026-09-10T05:48:02,108.64,43.97
2026-09-10T05:48:03,108.99,44.31
2026-09-10T05:48:04,108.6,43.93
2026-09-10T05:48:05,108.69,44.02
2026-09-10T05:48:06,108.7,44.03
2026-09-10T05:48:07,108.55,43.88
2026-09-10T05:48:08,108.75,44.08
2026-09-10T05:48:09,108.69,44.02
2026-09-10T05:48:10,108.82,44.15
2026-09-10T05:48:11,108.79,44.12
2026-09-10T05:48:12,108.67,44.0
2026-09-10T05:48:13,108.39,43.72
2026-09-10T05:48:14,108.02,43.36
2026-09-10T05:48:15,108.7,44.03
2026-09-10T05:48:16,108.71,44.05
2026-09-10T05:48:17,108.83,44.16
2026-09-10T05:48:18,108.47,43.81
2026-09-10T05:48:19,108.48,43.81
2026-09-10T05:48:20,108.71,44.05
2026-09-10T05:48:21,108.57,43.9
2026-09-10T05:48:22,108.32,43.65
2026-09-10T05:48:23,108.36,43.69
2026-09-10T05:48:24,108.6,43.94
2026-09-10T05:48:25,108.15,43.49
2026-09-10T05:48:26,108.82,44.15
2026-09-10T05:48:27,108.2,43.54
2026-09-10T05:48:28,109.04,44.37
2026-09-10T05:48:29,108.46,43.8
2026-09-10T05:48:30,108.84,44.17
2026-09-10T05:48:31,109.0,44.33
2026-09-10T05:48:32,108.83,44.16
2026-09-10T05:48:33,109.35,44.67
2026-09-10T05:48:34,110.76,46.06
2026-09-10T05:48:35,111.0,46.3
2026-09-10T05:48:36,112.08,47.36
2026-09-10T05:48:37,112.86,48.14
2026-09-10T05:48:38,112.74,48.01
2026-09-10T05:48:39,113.66,48.92
2026-09-10T05:48:40,113.15,48.42
2026-09-10T05:48:41,112.79,48.06
2026-09-10T05:48:42,112.71,47.99
2026-09-10T05:48:43,113.35,48.62
2026-09-10T05:48:44,111.87,47.16
2026-09-10T05:48:45,111.21,46.51
2026-09-10T05:48:46,111.15,46.45
2026-09-10T05:48:47,111.98,47.27
2026-09-10T05:48:48,113.48,48.74
2026-09-10T05:48:49,114.69,49.93
2026-09-10T05:48:50,112.51,47.78
2026-09-10T05:48:51,113.07,48.34
2026-09-10T05:48:52,113.66,48.92
2026-09-10T05:48:53,111.71,47.0
2026-09-10T05:48:54,110.14,45.45
2026-09-10T05:48:55,109.85,45.17
2026-09-10T05:48:56,110.18,45.49
2026-09-10T05:48:57,110.48,45.79
2026-09-10T05:48:58,113.76,49.02
2026-09-10T05:48:59,115.49,50.72
2026-09-10T05:49:00,114.21,49.47
2026-09-10T05:49:01,110.79,46.1
2026-09-10T05:49:02,109.77,45.09
2026-09-10T05:49:03,108.35,43.68
2026-09-10T05:49:04,108.83,44.16
2026-09-10T05:49:05,108.46,43.8
2026-09-10T05:49:06,109.1,44.42
2026-09-10T05:49:07,109.13,44.45
2026-09-10T05:49:08,109.48,44.8
2026-09-10T05:49:09,109.21,44.53
2026-09-10T05:49:10,109.4,44.72
2026-09-10T05:49:11,109.74,45.05
2026-09-10T05:49:12,109.75,45.07
2026-09-10T05:49:13,109.38,44.71
2026-09-10T05:49:14,109.0,44.33
2026-09-10T05:49:15,108.82,44.15
2026-09-10T05:49:16,109.18,44.51
2026-09-10T05:49:17,108.83,44.16
2026-09-10T05:49:18,109.28,44.61
2026-09-10T05:49:19,109.7,45.01
2026-09-10T05:49:20,109.73,45.04
2026-09-10T05:49:21,109.29,44.61
2026-09-10T05:49:22,109.35,44.68
2026-09-10T05:49:23,109.7,45.02
2026-09-10T05:49:24,109.61,44.93
2026-09-10T05:49:25,109.66,44.98
2026-09-10T05:49:26,110.54,45.84
2026-09-10T05:49:27,110.53,45.83
2026-09-10T05:49:28,111.82,47.11
2026-09-10T05:49:29,113.96,49.21
2026-09-10T05:49:30,113.77,49.03
2026-09-10T05:49:31,114.35,49.6
2026-09-10T05:49:32,114.04,49.29
2026-09-10T05:49:33,113.25,48.52
2026-09-10T05:49:34,113.16,48.43
2026-09-10T05:49:35,113.46,48.72
2026-09-10T05:49:36,112.47,47.75
2026-09-10T05:49:37,112.95,48.22
2026-09-10T05:49:38,114.04,49.29
2026-09-10T05:49:39,112.65,47.93
2026-09-10T05:49:40,112.16,47.44
2026-09-10T05:49:41,112.06,47.34
2026-09-10T05:49:42,112.33,47.61
2026-09-10T05:49:43,112.19,47.47
2026-09-10T05:49:44,110.44,45.74
2026-09-10T05:49:45,110.1,45.41
2026-09-10T05:49:46,109.81,45.13
2026-09-10T05:49:47,110.31,45.62
2026-09-10T05:49:48,110.86,46.16
2026-09-10T05:49:49,112.06,47.34
2026-09-10T05:49:50,112.12,47.41
2026-09-10T05:49:51,110.14,45.45
2026-09-10T05:49:52,109.52,44.84
2026-09-10T05:49:53,108.9,44.23
2026-09-10T05:49:54,109.22,44.55
2026-09-10T05:49:55,108.99,44.31
2026-09-10T05:49:56,108.79,44.12
2026-09-10T05:49:57,109.01,44.34
2026-09-10T05:49:58,108.82,44.15
2026-09-10T05:49:59,108.93,44.26
2026-09-10T05:50:00,108.78,44.11
2026-09-10T05:50:01,108.96,44.29
2026-09-10T05:50:02,108.67,44.0
2026-09-10T05:50:03,108.91,44.24
2026-09-10T05:50:04,108.94,44.27
2026-09-10T05:50:05,108.78,44.11
2026-09-10T05:50:06,109.2,44.52
2026-09-10T05:50:07,108.5,43.83
2026-09-10T05:50:08,110.67,45.97
2026-09-10T05:50:09,110.05,45.36
2026-09-10T05:50:10,109.59,44.9
2026-09-10T05:50:11,109.34,44.66
2026-09-10T05:50:12,108.58,43.91
2026-09-10T05:50:13,108.9,44.23
2026-09-10T05:50:14,109.04,44.36
2026-09-10T05:50:15,109.09,44.42
2026-09-10T05:50:16,108.66,44.0
2026-09-10T05:50:17,108.69,44.02
2026-09-10T05:50:18,108.78,44.11
2026-09-10T05:50:19,108.69,44.02
2026-09-10T05:50:20,108.7,44.03
2026-09-10T05:50:21,108.67,44.0
2026-09-10T05:50:22,108.57,43.91
2026-09-10T05:50:23,108.64,43.97
2026-09-10T05:50:24,108.32,43.66
2026-09-10T05:50:25,108.53,43.87
2026-09-10T05:50:26,108.81,44.14
2026-09-10T05:50:27,108.58,43.91
2026-09-10T05:50:28,108.44,43.78
2026-09-10T05:50:29,108.67,44.0
2026-09-10T05:50:30,109.0,44.33
2026-09-10T05:50:31,108.33,43.67
2026-09-10T05:50:32,111.21,46.5
2026-09-10T05:50:33,108.67,44.0
2026-09-10T05:50:34,108.58,43.91
2026-09-10T05:50:35,108.5,43.83
2026-09-10T05:50:36,108.61,43.94
2026-09-10T05:50:37,108.69,44.02
2026-09-10T05:50:38,108.56,43.9
2026-09-10T05:50:39,108.17,43.51
2026-09-10T05:50:40,108.24,43.57
2026-09-10T05:50:41,108.21,43.55
2026-09-10T05:50:42,108.77,44.1
2026-09-10T05:50:43,109.03,44.35
2026-09-10T05:50:44,108.34,43.67
2026-09-10T05:50:45,108.19,43.53
2026-09-10T05:50:46,108.25,43.59
2026-09-10T05:50:47,109.16,44.49
2026-09-10T05:50:48,108.62,43.96
2026-09-10T05:50:49,108.09,43.43
2026-09-10T05:50:50,108.48,43.81
2026-09-10T05:50:51,108.86,44.19
2026-09-10T05:50:52,108.61,43.94
2026-09-10T05:50:53,108.29,43.63
2026-09-10T05:50:54,108.52,43.86
2026-09-10T05:50:55,108.59,43.92
2026-09-10T05:50:56,108.51,43.84
2026-09-10T05:50:57,108.38,43.72
2026-09-10T05:50:58,108.36,43.69
2026-09-10T05:50:59,108.71,44.04
2026-09-10T05:51:00,108.49,43.83
2026-09-10T05:51:01,108.3,43.63
2026-09-10T05:51:02,108.9,44.23
2026-09-10T05:51:03,108.38,43.72
2026-09-10T05:51:04,108.31,43.65
2026-09-10T05:51:05,109.17,44.49
2026-09-10T05:51:06,109.18,44.5
2026-09-10T05:51:07,108.45,43.78
2026-09-10T05:51:08,108.6,43.94
2026-09-10T05:51:09,108.98,44.3
2026-09-10T05:51:10,108.27,43.61
2026-09-10T05:51:11,108.46,43.79
2026-09-10T05:51:12,108.63,43.96
2026-09-10T05:51:13,108.7,44.04
2026-09-10T05:51:14,108.61,43.95
2026-09-10T05:51:15,108.98,44.31
2026-09-10T05:51:16,108.46,43.8
2026-09-10T05:51:17,108.28,43.61
2026-09-10T05:51:18,108.39,43.73
2026-09-10T05:51:19,108.93,44.26
2026-09-10T05:51:20,108.38,43.72
2026-09-10T05:51:21,108.77,44.1
2026-09-10T05:51:22,108.34,43.67
2026-09-10T05:51:23,109.0,44.33
2026-09-10T05:51:24,108.61,43.94
2026-09-10T05:51:25,109.01,44.33
2026-09-10T05:51:26,109.49,44.81
2026-09-10T05:51:27,110.05,45.36
2026-09-10T05:51:28,111.73,47.02
2026-09-10T05:51:29,111.79,47.08
2026-09-10T05:51:30,112.11,47.4
2026-09-10T05:51:31,113.17,48.44
2026-09-10T05:51:32,112.28,47.56
2026-09-10T05:51:33,111.55,46.84
2026-09-10T05:51:34,110.27,45.58
2026-09-10T05:51:35,110.28,45.59
2026-09-10T05:51:36,109.9,45.21
2026-09-10T05:51:37,109.73,45.05
2026-09-10T05:51:38,109.3,44.62
2026-09-10T05:51:39,108.77,44.1
2026-09-10T05:51:40,108.98,44.31
2026-09-10T05:51:41,108.52,43.85
2026-09-10T05:51:42,108.8,44.13
2026-09-10T05:51:43,108.83,44.16
2026-09-10T05:51:44,109.25,44.57
2026-09-10T05:51:45,108.58,43.91
2026-09-10T05:51:46,109.5,44.82
2026-09-10T05:51:47,108.69,44.02
2026-09-10T05:51:48,109.08,44.4
2026-09-10T05:51:49,108.76,44.09
2026-09-10T05:51:50,109.21,44.53
2026-09-10T05:51:51,109.15,44.48
2026-09-10T05:51:52,108.81,44.14
2026-09-10T05:51:53,108.92,44.24
2026-09-10T05:51:54,108.97,44.3
2026-09-10T05:51:55,109.15,44.48
2026-09-10T05:51:56,108.68,44.01
2026-09-10T05:51:57,108.89,44.22
2026-09-10T05:51:58,109.0,44.33
2026-09-10T05:51:59,108.7,44.03
2026-09-10T05:52:00,109.23,44.56
2026-09-10T05:52:01,108.83,44.16
2026-09-10T05:52:02,108.35,43.68
2026-09-10T05:52:03,108.58,43.92
2026-09-10T05:52:04,108.27,43.61
2026-09-10T05:52:05,108.82,44.15
2026-09-10T05:52:06,108.6,43.94
2026-09-10T05:52:07,108.37,43.71
2026-09-10T05:52:08,108.13,43.47
2026-09-10T05:52:09,108.45,43.78
2026-09-10T05:52:10,108.7,44.03
2026-09-10T05:52:11,108.89,44.22
2026-09-10T05:52:12,108.21,43.55
2026-09-10T05:52:13,108.56,43.89
2026-09-10T05:52:14,108.8,44.13
2026-09-10T05:52:15,108.16,43.5
2026-09-10T05:52:16,109.5,44.82
2026-09-10T05:52:17,108.43,43.76
2026-09-10T05:52:18,108.42,43.76
2026-09-10T05:52:19,108.92,44.25
2026-09-10T05:52:20,108.78,44.11
2026-09-10T05:52:21,109.38,44.7
2026-09-10T05:52:22,112.76,48.04
2026-09-10T05:52:23,115.44,50.67
2026-09-10T05:52:24,108.64,43.98
2026-09-10T05:52:25,109.14,44.47
2026-09-10T05:52:26,109.16,44.48
2026-09-10T05:52:27,109.18,44.51
2026-09-10T05:52:28,108.99,44.32
2026-09-10T05:52:29,111.55,46.84
2026-09-10T05:52:30,114.97,50.21
2026-09-10T05:52:31,111.21,46.5
2026-09-10T05:52:32,109.78,45.09
2026-09-10T05:52:33,110.48,45.79
2026-09-10T05:52:34,109.16,44.49
2026-09-10T05:52:35,109.18,44.5
2026-09-10T05:52:36,109.11,44.44
2026-09-10T05:52:37,109.91,45.22
2026-09-10T05:52:38,109.77,45.09
2026-09-10T05:52:39,109.7,45.02
2026-09-10T05:52:40,110.19,45.5
2026-09-10T05:52:41,110.39,45.7
2026-09-10T05:52:42,109.87,45.18
2026-09-10T05:52:43,109.54,44.86
2026-09-10T05:52:44,109.68,45.0
2026-09-10T05:52:45,109.6,44.92
2026-09-10T05:52:46,110.43,45.74
2026-09-10T05:52:47,111.44,46.73
2026-09-10T05:52:48,111.72,47.01
2026-09-10T05:52:49,113.15,48.42
2026-09-10T05:52:50,116.8,52.01
2026-09-10T05:52:51,117.58,52.78
2026-09-10T05:52:52,116.63,51.85
2026-09-10T05:52:53,120.94,56.1
2026-09-10T05:52:54,115.39,50.63
2026-09-10T05:52:55,111.4,46.69
2026-09-10T05:52:56,110.95,46.25
2026-09-10T05:52:57,110.14,45.45
2026-09-10T05:52:58,110.24,45.55
2026-09-10T05:52:59,110.42,45.73
2026-09-10T05:53:00,110.06,45.37
2026-09-10T05:53:01,110.19,45.5
2026-09-10T05:53:02,109.28,44.6
2026-09-10T05:53:03,109.62,44.93
2026-09-10T05:53:04,108.89,44.22
2026-09-10T05:53:05,108.83,44.16
2026-09-10T05:53:06,108.77,44.1
2026-09-10T05:53:07,107.98,43.32
2026-09-10T05:53:08,108.53,43.86
2026-09-10T05:53:09,108.55,43.88
2026-09-10T05:53:10,108.05,43.39
2026-09-10T05:53:11,108.69,44.02
2026-09-10T05:53:12,108.62,43.95
2026-09-10T05:53:13,108.52,43.85
2026-09-10T05:53:14,108.81,44.14
2026-09-10T05:53:15,109.08,44.41
2026-09-10T05:53:16,109.47,44.79
2026-09-10T05:53:17,110.84,46.14
2026-09-10T05:53:18,111.67,46.96
2026-09-10T05:53:19,113.8,49.06
2026-09-10T05:53:20,114.06,49.32
2026-09-10T05:53:21,112.54,47.81
2026-09-10T05:53:22,111.68,46.97
2026-09-10T05:53:23,110.56,45.86
2026-09-10T05:53:24,109.86,45.18
2026-09-10T05:53:25,110.09,45.4
2026-09-10T05:53:26,109.66,44.98
2026-09-10T05:53:27,110.09,45.4
2026-09-10T05:53:28,110.64,45.94
2026-09-10T05:53:29,110.5,45.81
2026-09-10T05:53:30,110.2,45.51
2026-09-10T05:53:31,110.01,45.33
2026-09-10T05:53:32,111.04,46.34
2026-09-10T05:53:33,109.56,44.88
2026-09-10T05:53:34,110.18,45.5
2026-09-10T05:53:35,109.91,45.22
2026-09-10T05:53:36,110.89,46.19
2026-09-10T05:53:37,108.9,44.23
2026-09-10T05:53:38,108.74,44.07
2026-09-10T05:53:39,108.36,43.69
2026-09-10T05:53:40,108.86,44.19
2026-09-10T05:53:41,108.44,43.78
2026-09-10T05:53:42,109.11,44.43
2026-09-10T05:53:43,108.99,44.32
2026-09-10T05:53:44,109.48,44.8
2026-09-10T05:53:45,108.75,44.08
2026-09-10T05:53:46,109.3,44.62
2026-09-10T05:53:47,110.04,45.35
2026-09-10T05:53:48,110.18,45.49
2026-09-10T05:53:49,109.72,45.04
2026-09-10T05:53:50,109.8,45.11
2026-09-10T05:53:51,109.27,44.6
2026-09-10T05:53:52,108.93,44.26
2026-09-10T05:53:53,108.59,43.92
2026-09-10T05:53:54,108.67,44.0
2026-09-10T05:53:55,108.59,43.92
2026-09-10T05:53:56,108.27,43.61
2026-09-10T05:53:57,108.82,44.15
2026-09-10T05:53:58,109.02,44.34
2026-09-10T05:53:59,108.39,43.73
2026-09-10T05:54:00,108.97,44.29
2026-09-10T05:54:01,108.41,43.74
2026-09-10T05:54:02,108.46,43.79
2026-09-10T05:54:03,108.37,43.71
2026-09-10T05:54:04,108.69,44.02
2026-09-10T05:54:05,108.17,43.51
2026-09-10T05:54:06,108.28,43.62
2026-09-10T05:54:07,108.82,44.15
2026-09-10T05:54:08,108.32,43.66
2026-09-10T05:54:09,108.36,43.7
2026-09-10T05:54:10,108.2,43.54
2026-09-10T05:54:11,108.69,44.02
2026-09-10T05:54:12,108.52,43.86
2026-09-10T05:54:13,108.46,43.79
2026-09-10T05:54:14,108.33,43.67
2026-09-10T05:54:15,108.6,43.94
2026-09-10T05:54:16,108.81,44.14
2026-09-10T05:54:17,108.19,43.53
2026-09-10T05:54:18,108.7,44.03
2026-09-10T05:54:19,108.52,43.86
2026-09-10T05:54:20,108.67,44.0
2026-09-10T05:54:21,108.51,43.84
2026-09-10T05:54:22,108.84,44.17
2026-09-10T05:54:23,109.02,44.35
2026-09-10T05:54:24,109.35,44.67
2026-09-10T05:54:25,110.25,45.56
2026-09-10T05:54:26,110.97,46.27
2026-09-10T05:54:27,113.16,48.43
2026-09-10T05:54:28,110.96,46.25
2026-09-10T05:54:29,109.08,44.41
2026-09-10T05:54:30,108.78,44.11
2026-09-10T05:54:31,109.55,44.87
2026-09-10T05:54:32,108.65,43.98
2026-09-10T05:54:33,110.41,45.72
2026-09-10T05:54:34,109.41,44.73
2026-09-10T05:54:35,109.17,44.5
2026-09-10T05:54:36,109.93,45.24
2026-09-10T05:54:37,110.41,45.71
2026-09-10T05:54:38,111.64,46.93
2026-09-10T05:54:39,112.13,47.41
2026-09-10T05:54:40,113.84,49.1
2026-09-10T05:54:41,114.19,49.45
2026-09-10T05:54:42,113.94,49.2
2026-09-10T05:54:43,114.99,50.23
2026-09-10T05:54:44,117.27,52.48
2026-09-10T05:54:45,114.83,50.07
2026-09-10T05:54:46,113.17,48.44
2026-09-10T05:54:47,111.92,47.21
2026-09-10T05:54:48,110.81,46.11
2026-09-10T05:54:49,110.13,45.44
2026-09-10T05:54:50,110.3,45.61
2026-09-10T05:54:51,110.04,45.35
2026-09-10T05:54:52,110.16,45.47
2026-09-10T05:54:53,109.46,44.78
2026-09-10T05:54:54,109.54,44.86
2026-09-10T05:54:55,108.7,44.03
2026-09-10T05:54:56,108.61,43.94
2026-09-10T05:54:57,110.33,45.64
2026-09-10T05:54:58,110.99,46.29
2026-09-10T05:54:59,110.45,45.76
2026-09-10T05:55:00,108.73,44.06
2026-09-10T05:55:01,108.3,43.64
2026-09-10T05:55:02,109.12,44.44
2026-09-10T05:55:03,110.55,45.85
2026-09-10T05:55:04,110.43,45.73
2026-09-10T05:55:05,109.56,44.88
2026-09-10T05:55:06,110.42,45.73
2026-09-10T05:55:07,111.27,46.56
2026-09-10T05:55:08,111.06,46.35
2026-09-10T05:55:09,112.14,47.43
2026-09-10T05:55:10,110.6,45.9
2026-09-10T05:55:11,110.01,45.33
2026-09-10T05:55:12,108.57,43.9
2026-09-10T05:55:13,108.78,44.11
2026-09-10T05:55:14,108.36,43.69
2026-09-10T05:55:15,108.15,43.49
2026-09-10T05:55:16,108.51,43.84
2026-09-10T05:55:17,108.37,43.7
2026-09-10T05:55:18,108.87,44.2
2026-09-10T05:55:19,108.87,44.19
2026-09-10T05:55:20,108.73,44.06
2026-09-10T05:55:21,109.73,45.05
2026-09-10T05:55:22,110.82,46.12
2026-09-10T05:55:23,111.79,47.07
2026-09-10T05:55:24,112.78,48.05
2026-09-10T05:55:25,113.48,48.74
2026-09-10T05:55:26,112.83,48.1
2026-09-10T05:55:27,113.27,48.54
2026-09-10T05:55:28,111.67,46.96
2026-09-10T05:55:29,110.14,45.45
2026-09-10T05:55:30,110.91,46.21
2026-09-10T05:55:31,112.52,47.8
2026-09-10T05:55:32,114.54,49.79
2026-09-10T05:55:33,113.61,48.87
2026-09-10T05:55:34,115.68,50.91
2026-09-10T05:55:35,117.55,52.75
2026-09-10T05:55:36,116.1,51.32
2026-09-10T05:55:37,112.12,47.4
2026-09-10T05:55:38,108.98,44.31
2026-09-10T05:55:39,111.55,46.84
2026-09-10T05:55:40,115.01,50.25
2026-09-10T05:55:41,110.88,46.18
2026-09-10T05:55:42,110.18,45.49
2026-09-10T05:55:43,110.42,45.73
2026-09-10T05:55:44,109.41,44.73
2026-09-10T05:55:45,111.18,46.47
2026-09-10T05:55:46,113.21,48.48
2026-09-10T05:55:47,112.95,48.22
2026-09-10T05:55:48,110.8,46.1
2026-09-10T05:55:49,110.44,45.75
2026-09-10T05:55:50,109.91,45.22
2026-09-10T05:55:51,110.32,45.62
2026-09-10T05:55:52,109.67,44.99
2026-09-10T05:55:53,111.04,46.34
2026-09-10T05:55:54,111.36,46.65
2026-09-10T05:55:55,109.92,45.24
2026-09-10T05:55:56,111.13,46.43
2026-09-10T05:55:57,110.69,46.0
2026-09-10T05:55:58,111.46,46.75
2026-09-10T05:55:59,110.78,46.08
2026-09-10T05:56:00,111.14,46.44
2026-09-10T05:56:01,112.3,47.58
2026-09-10T05:56:02,114.04,49.3
2026-09-10T05:56:03,111.99,47.28
2026-09-10T05:56:04,112.46,47.74
2026-09-10T05:56:05,113.11,48.38
2026-09-10T05:56:06,113.14,48.41
2026-09-10T05:56:07,113.42,48.68
2026-09-10T05:56:08,111.89,47.18
2026-09-10T05:56:09,111.13,46.42
2026-09-10T05:56:10,109.94,45.25
2026-09-10T05:56:11,110.37,45.68
2026-09-10T05:56:12,110.05,45.36
2026-09-10T05:56:13,109.98,45.29
2026-09-10T05:56:14,109.75,45.06
2026-09-10T05:56:15,109.98,45.3
2026-09-10T05:56:16,109.72,45.04
2026-09-10T05:56:17,109.84,45.15
2026-09-10T05:56:18,110.04,45.35
2026-09-10T05:56:19,110.6,45.91
2026-09-10T05:56:20,111.38,46.67
2026-09-10T05:56:21,111.61,46.9
2026-09-10T05:56:22,111.28,46.58
2026-09-10T05:56:23,110.79,46.09
2026-09-10T05:56:24,110.0,45.31
2026-09-10T05:56:25,110.08,45.39
2026-09-10T05:56:26,109.68,45.0
2026-09-10T05:56:27,109.89,45.2
2026-09-10T05:56:28,109.7,45.02
2026-09-10T05:56:29,110.25,45.56
2026-09-10T05:56:30,109.48,44.8
2026-09-10T05:56:31,109.97,45.29
2026-09-10T05:56:32,109.24,44.56
2026-09-10T05:56:33,108.79,44.12
2026-09-10T05:56:34,108.81,44.14
2026-09-10T05:56:35,109.17,44.49
2026-09-10T05:56:36,109.84,45.16
2026-09-10T05:56:37,109.27,44.6
2026-09-10T05:56:38,108.73,44.06
2026-09-10T05:56:39,108.9,44.23
2026-09-10T05:56:40,108.85,44.18
2026-09-10T05:56:41,109.34,44.67
2026-09-10T05:56:42,109.11,44.44
2026-09-10T05:56:43,108.71,44.04
2026-09-10T05:56:44,109.12,44.44
2026-09-10T05:56:45,108.56,43.89
2026-09-10T05:56:46,109.04,44.37
2026-09-10T05:56:47,108.82,44.15
2026-09-10T05:56:48,108.64,43.97
2026-09-10T05:56:49,108.72,44.05
2026-09-10T05:56:50,108.39,43.72
2026-09-10T05:56:51,108.92,44.25
2026-09-10T05:56:52,109.07,44.4
2026-09-10T05:56:53,108.64,43.97
2026-09-10T05:56:54,108.47,43.81
2026-09-10T05:56:55,108.71,44.04
2026-09-10T05:56:56,109.08,44.41
2026-09-10T05:56:57,108.92,44.25
2026-09-10T05:56:58,108.26,43.6
2026-09-10T05:56:59,108.44,43.78
2026-09-10T05:57:00,109.24,44.56
2026-09-10T05:57:01,109.26,44.58
2026-09-10T05:57:02,108.69,44.03
2026-09-10T05:57:03,108.85,44.18
2026-09-10T05:57:04,108.45,43.79
2026-09-10T05:57:05,108.36,43.7
2026-09-10T05:57:06,108.6,43.93
2026-09-10T05:57:07,108.81,44.14
2026-09-10T05:57:08,108.97,44.3
2026-09-10T05:57:09,108.63,43.96
2026-09-10T05:57:10,108.61,43.94
2026-09-10T05:57:11,108.67,44.0
2026-09-10T05:57:12,108.87,44.2
2026-09-10T05:57:13,108.73,44.06
2026-09-10T05:57:14,108.64,43.97
2026-09-10T05:57:15,108.44,43.78
2026-09-10T05:57:16,108.87,44.19
2026-09-10T05:57:17,108.4,43.74
2026-09-10T05:57:18,108.75,44.08
2026-09-10T05:57:19,108.81,44.14
2026-09-10T05:57:20,108.34,43.68
2026-09-10T05:57:21,108.37,43.71
2026-09-10T05:57:22,108.43,43.77
2026-09-10T05:57:23,109.04,44.37
2026-09-10T05:57:24,108.68,44.01
2026-09-10T05:57:25,108.82,44.15
2026-09-10T05:57:26,108.76,44.09
2026-09-10T05:57:27,108.86,44.19
2026-09-10T05:57:28,108.82,44.15
2026-09-10T05:57:29,109.08,44.41
2026-09-10T05:57:30,109.17,44.49
2026-09-10T05:57:31,109.46,44.78
2026-09-10T05:57:32,110.16,45.47
2026-09-10T05:57:33,111.95,47.23
2026-09-10T05:57:34,112.61,47.89
2026-09-10T05:57:35,113.05,48.32
2026-09-10T05:57:36,112.01,47.3
2026-09-10T05:57:37,110.44,45.75
2026-09-10T05:57:38,109.53,44.85
2026-09-10T05:57:39,109.72,45.04
2026-09-10T05:57:40,109.82,45.14
2026-09-10T05:57:41,109.99,45.3
2026-09-10T05:57:42,109.74,45.06
2026-09-10T05:57:43,110.27,45.58
2026-09-10T05:57:44,110.8,46.1
2026-09-10T05:57:45,111.65,46.94
2026-09-10T05:57:46,112.1,47.38
2026-09-10T05:57:47,112.47,47.75
2026-09-10T05:57:48,113.04,48.31
2026-09-10T05:57:49,112.6,47.88
2026-09-10T05:57:50,113.06,48.33
2026-09-10T05:57:51,112.73,48.0
2026-09-10T05:57:52,112.94,48.21
2026-09-10T05:57:53,113.59,48.85
2026-09-10T05:57:54,112.95,48.22
2026-09-10T05:57:55,111.14,46.44
2026-09-10T05:57:56,111.09,46.39
2026-09-10T05:57:57,110.88,46.18
2026-09-10T05:57:58,110.49,45.79
2026-09-10T05:57:59,111.26,46.56
2026-09-10T05:58:00,112.35,47.63
2026-09-10T05:58:01,111.87,47.16
2026-09-10T05:58:02,112.13,47.41
2026-09-10T05:58:03,112.73,48.01
2026-09-10T05:58:04,114.0,49.25
2026-09-10T05:58:05,114.77,50.02
2026-09-10T05:58:06,115.4,50.64
2026-09-10T05:58:07,112.89,48.16
2026-09-10T05:58:08,112.29,47.57
2026-09-10T05:58:09,111.28,46.57
2026-09-10T05:58:10,110.49,45.8
2026-09-10T05:58:11,111.1,46.4
2026-09-10T05:58:12,113.46,48.73
2026-09-10T05:58:13,113.9,49.15
2026-09-10T05:58:14,109.16,44.49
2026-09-10T05:58:15,109.37,44.69
2026-09-10T05:58:16,110.25,45.56
2026-09-10T05:58:17,110.31,45.62
2026-09-10T05:58:18,108.95,44.28
2026-09-10T05:58:19,109.44,44.76
2026-09-10T05:58:20,110.08,45.4
2026-09-10T05:58:21,109.92,45.23
2026-09-10T05:58:22,109.13,44.45
2026-09-10T05:58:23,109.75,45.06
2026-09-10T05:58:24,110.17,45.48
2026-09-10T05:58:25,109.78,45.1
2026-09-10T05:58:26,109.8,45.11
2026-09-10T05:58:27,109.08,44.41
2026-09-10T05:58:28,109.08,44.4
2026-09-10T05:58:29,109.17,44.5
2026-09-10T05:58:30,108.6,43.94
2026-09-10T05:58:31,109.02,44.35
2026-09-10T05:58:32,108.87,44.2
2026-09-10T05:58:33,109.01,44.34
2026-09-10T05:58:34,108.84,44.17
2026-09-10T05:58:35,108.98,44.31
2026-09-10T05:58:36,109.23,44.55
2026-09-10T05:58:37,109.17,44.5
2026-09-10T05:58:38,109.58,44.9
2026-09-10T05:58:39,110.28,45.59
2026-09-10T05:58:40,110.78,46.08
2026-09-10T05:58:41,111.1,46.39
2026-09-10T05:58:42,110.69,45.99
2026-09-10T05:58:43,108.95,44.28
2026-09-10T05:58:44,108.69,44.03
2026-09-10T05:58:45,108.52,43.86
2026-09-10T05:58:46,108.98,44.31
2026-09-10T05:58:47,108.62,43.95
2026-09-10T05:58:48,109.07,44.4
2026-09-10T05:58:49,109.23,44.56
2026-09-10T05:58:50,110.65,45.95
2026-09-10T05:58:51,110.73,46.03
2026-09-10T05:58:52,114.31,49.57
2026-09-10T05:58:53,113.8,49.05
2026-09-10T05:58:54,115.78,51.01
2026-09-10T05:58:55,116.75,51.96
2026-09-10T05:58:56,116.52,51.74
2026-09-10T05:58:57,113.13,48.4
2026-09-10T05:58:58,111.64,46.93
2026-09-10T05:58:59,110.17,45.48
2026-09-10T05:59:00,109.68,44.99
2026-09-10T05:59:01,109.16,44.49
2026-09-10T05:59:02,108.64,43.97
2026-09-10T05:59:03,109.35,44.67
2026-09-10T05:59:04,109.0,44.32
2026-09-10T05:59:05,108.67,44.01
2026-09-10T05:59:06,108.6,43.93
2026-09-10T05:59:07,108.35,43.69
2026-09-10T05:59:08,108.33,43.66
2026-09-10T05:59:09,108.72,44.05
2026-09-10T05:59:10,108.57,43.9
2026-09-10T05:59:11,108.91,44.24
2026-09-10T05:59:12,108.29,43.62
2026-09-10T05:59:13,108.5,43.83
2026-09-10T05:59:14,109.11,44.43
2026-09-10T05:59:15,108.95,44.28
2026-09-10T05:59:16,108.85,44.17
2026-09-10T05:59:17,109.59,44.91
2026-09-10T05:59:18,109.11,44.43
2026-09-10T05:59:19,109.84,45.16
2026-09-10T05:59:20,109.98,45.29
2026-09-10T05:59:21,110.27,45.58
2026-09-10T05:59:22,110.67,45.98
2026-09-10T05:59:23,111.06,46.35
2026-09-10T05:59:24,111.12,46.42
2026-09-10T05:59:25,111.0,46.3
2026-09-10T05:59:26,111.7,46.98
2026-09-10T05:59:27,110.69,45.99
2026-09-10T05:59:28,110.4,45.71
2026-09-10T05:59:29,111.14,46.44
2026-09-10T05:59:30,111.09,46.39
2026-09-10T05:59:31,111.73,47.02
2026-09-10T05:59:32,112.48,47.76
2026-09-10T05:59:33,112.88,48.15
2026-09-10T05:59:34,113.65,48.91
2026-09-10T05:59:35,113.18,48.45
2026-09-10T05:59:36,111.61,46.9
2026-09-10T05:59:37,110.72,46.03
2026-09-10T05:59:38,110.74,46.04
2026-09-10T05:59:39,111.39,46.68
2026-09-10T05:59:40,111.69,46.98
2026-09-10T05:59:41,110.89,46.19
2026-09-10T05:59:42,109.96,45.28
2026-09-10T05:59:43,109.45,44.77
2026-09-10T05:59:44,109.29,44.61
2026-09-10T05:59:45,109.23,44.55
2026-09-10T05:59:46,108.52,43.86
2026-09-10T05:59:47,108.97,44.3
2026-09-10T05:59:48,109.13,44.46
2026-09-10T05:59:49,109.13,44.46
2026-09-10T05:59:50,108.41,43.75
2026-09-10T05:59:51,108.84,44.16
2026-09-10T05:59:52,108.81,44.14
2026-09-10T05:59:53,110.02,45.33
2026-09-10T05:59:54,110.77,46.07
2026-09-10T05:59:55,110.68,45.98
2026-09-10T05:59:56,110.65,45.96
2026-09-10T05:59:57,110.9,46.2
2026-09-10T05:59:58,109.74,45.06
2026-09-10T05:59:59,109.05,44.38
2026-09-10T06:00:00,109.14,44.46
2026-09-10T06:00:01,108.95,44.28
2026-09-10T06:00:02,108.78,44.11
2026-09-10T06:00:03,108.69,44.02
2026-09-10T06:00:04,109.09,44.41
2026-09-10T06:00:05,109.01,44.34
2026-09-10T06:00:06,108.86,44.19
2026-09-10T06:00:07,108.38,43.72
2026-09-10T06:00:08,108.72,44.05
2026-09-10T06:00:09,108.95,44.28
2026-09-10T06:00:10,110.95,46.25
2026-09-10T06:00:11,109.66,44.98
2026-09-10T06:00:12,109.95,45.26
2026-09-10T06:00:13,109.91,45.22
2026-09-10T06:00:14,109.58,44.9
2026-09-10T06:00:15,109.39,44.71
2026-09-10T06:00:16,109.46,44.78
2026-09-10T06:00:17,109.21,44.53
2026-09-10T06:00:18,108.79,44.12
2026-09-10T06:00:19,109.16,44.48
2026-09-10T06:00:20,108.82,44.15
2026-09-10T06:00:21,109.02,44.35
2026-09-10T06:00:22,108.84,44.17
2026-09-10T06:00:23,109.3,44.62
2026-09-10T06:00:24,108.56,43.9
2026-09-10T06:00:25,109.47,44.79
2026-09-10T06:00:26,108.72,44.05
2026-09-10T06:00:27,109.56,44.88
2026-09-10T06:00:28,109.92,45.23
2026-09-10T06:00:29,111.61,46.9
2026-09-10T06:00:30,112.94,48.22
2026-09-10T06:00:31,114.26,49.51
2026-09-10T06:00:32,112.46,47.74
2026-09-10T06:00:33,110.86,46.16
2026-09-10T06:00:34,109.73,45.04
2026-09-10T06:00:35,109.37,44.69
2026-09-10T06:00:36,109.16,44.48
2026-09-10T06:00:37,109.31,44.63
2026-09-10T06:00:38,108.88,44.21
2026-09-10T06:00:39,109.14,44.46
2026-09-10T06:00:40,109.21,44.53
2026-09-10T06:00:41,109.11,44.44
2026-09-10T06:00:42,110.05,45.37
2026-09-10T06:00:43,110.06,45.37
2026-09-10T06:00:44,110.88,46.18
2026-09-10T06:00:45,111.64,46.93
2026-09-10T06:00:46,115.93,51.16
2026-09-10T06:00:47,111.63,46.92
2026-09-10T06:00:48,111.2,46.5
2026-09-10T06:00:49,110.29,45.6
2026-09-10T06:00:50,109.95,45.26
2026-09-10T06:00:51,108.79,44.12
2026-09-10T06:00:52,108.76,44.1
2026-09-10T06:00:53,109.49,44.81
2026-09-10T06:00:54,109.59,44.9
2026-09-10T06:00:55,109.35,44.67
2026-09-10T06:00:56,109.36,44.68
2026-09-10T06:00:57,109.36,44.68
2026-09-10T06:00:58,110.99,46.29
2026-09-10T06:00:59,111.96,47.24
2026-09-10T06:01:00,112.5,47.77
2026-09-10T06:01:01,110.82,46.12
2026-09-10T06:01:02,109.42,44.74
2026-09-10T06:01:03,108.97,44.29
2026-09-10T06:01:04,109.34,44.67
2026-09-10T06:01:05,109.36,44.68
2026-09-10T06:01:06,109.16,44.48
2026-09-10T06:01:07,109.02,44.35
2026-09-10T06:01:08,110.49,45.8
2026-09-10T06:01:09,110.13,45.45
2026-09-10T06:01:10,109.51,44.83
2026-09-10T06:01:11,109.97,45.28
2026-09-10T06:01:12,110.71,46.01
2026-09-10T06:01:13,110.83,46.13
2026-09-10T06:01:14,110.46,45.77
2026-09-10T06:01:15,109.94,45.26
2026-09-10T06:01:16,109.41,44.73
2026-09-10T06:01:17,109.9,45.21
2026-09-10T06:01:18,109.23,44.55
2026-09-10T06:01:19,108.74,44.07
2026-09-10T06:01:20,110.11,45.42
2026-09-10T06:01:21,108.9,44.23
2026-09-10T06:01:22,108.83,44.16
2026-09-10T06:01:23,108.53,43.86
2026-09-10T06:01:24,109.09,44.42
2026-09-10T06:01:25,109.56,44.88
2026-09-10T06:01:26,110.38,45.69
2026-09-10T06:01:27,109.17,44.5
2026-09-10T06:01:28,109.31,44.63
2026-09-10T06:01:29,109.04,44.37
2026-09-10T06:01:30,108.93,44.26
2026-09-10T06:01:31,109.09,44.41
2026-09-10T06:01:32,108.78,44.11
2026-09-10T06:01:33,108.62,43.95
2026-09-10T06:01:34,108.83,44.15
2026-09-10T06:01:35,108.83,44.16
2026-09-10T06:01:36,108.9,44.23
2026-09-10T06:01:37,108.8,44.13
2026-09-10T06:01:38,108.52,43.86
2026-09-10T06:01:39,108.83,44.16
2026-09-10T06:01:40,109.14,44.46
2026-09-10T06:01:41,109.71,45.03
2026-09-10T06:01:42,110.27,45.58
2026-09-10T06:01:43,110.83,46.14
2026-09-10T06:01:44,111.6,46.89
2026-09-10T06:01:45,113.09,48.36
2026-09-10T06:01:46,111.3,46.59
2026-09-10T06:01:47,110.99,46.28
2026-09-10T06:01:48,110.94,46.24
2026-09-10T06:01:49,111.57,46.86
2026-09-10T06:01:50,111.32,46.62
2026-09-10T06:01:51,110.45,45.75
2026-09-10T06:01:52,110.25,45.56
2026-09-10T06:01:53,110.74,46.04
2026-09-10T06:01:54,111.62,46.91
2026-09-10T06:01:55,111.61,46.9
2026-09-10T06:01:56,113.06,48.33
2026-09-10T06:01:57,111.26,46.56
2026-09-10T06:01:58,110.62,45.92
2026-09-10T06:01:59,109.74,45.06
2026-09-10T06:02:00,109.83,45.14
2026-09-10T06:02:01,110.84,46.14
2026-09-10T06:02:02,111.09,46.39
2026-09-10T06:02:03,111.8,47.09
2026-09-10T06:02:04,112.23,47.51
2026-09-10T06:02:05,111.48,46.77
2026-09-10T06:02:06,111.57,46.86
2026-09-10T06:02:07,111.39,46.68
2026-09-10T06:02:08,110.85,46.15
2026-09-10T06:02:09,111.49,46.78
2026-09-10T06:02:10,111.09,46.38
2026-09-10T06:02:11,111.05,46.35
2026-09-10T06:02:12,110.47,45.78
2026-09-10T06:02:13,110.48,45.79
2026-09-10T06:02:14,109.3,44.62
2026-09-10T06:02:15,109.65,44.96
2026-09-10T06:02:16,109.61,44.93
2026-09-10T06:02:17,109.19,44.52
2026-09-10T06:02:18,109.17,44.5
2026-09-10T06:02:19,109.38,44.71
2026-09-10T06:02:20,109.57,44.89
2026-09-10T06:02:21,109.61,44.93
2026-09-10T06:02:22,110.05,45.36
2026-09-10T06:02:23,109.71,45.03
2026-09-10T06:02:24,109.5,44.82
2026-09-10T06:02:25,110.32,45.63
2026-09-10T06:02:26,110.62,45.92
2026-09-10T06:02:27,111.26,46.55
2026-09-10T06:02:28,111.35,46.64
2026-09-10T06:02:29,114.63,49.88
2026-09-10T06:02:30,116.42,51.64
2026-09-10T06:02:31,113.68,48.94
2026-09-10T06:02:32,112.32,47.6
2026-09-10T06:02:33,110.96,46.26
2026-09-10T06:02:34,110.4,45.71
2026-09-10T06:02:35,109.47,44.79
2026-09-10T06:02:36,109.61,44.93
2026-09-10T06:02:37,108.97,44.3
2026-09-10T06:02:38,109.14,44.46
2026-09-10T06:02:39,109.16,44.48
2026-09-10T06:02:40,108.84,44.17
2026-09-10T06:02:41,109.02,44.35
2026-09-10T06:02:42,110.03,45.34
2026-09-10T06:02:43,109.09,44.41
2026-09-10T06:02:44,109.81,45.13
2026-09-10T06:02:45,109.64,44.96
2026-09-10T06:02:46,109.95,45.27
2026-09-10T06:02:47,110.19,45.5
2026-09-10T06:02:48,110.73,46.03
2026-09-10T06:02:49,110.58,45.89
2026-09-10T06:02:50,111.1,46.4
2026-09-10T06:02:51,109.3,44.62
2026-09-10T06:02:52,109.22,44.55
2026-09-10T06:02:53,109.2,44.53
2026-09-10T06:02:54,109.1,44.43
2026-09-10T06:02:55,109.44,44.76
2026-09-10T06:02:56,109.19,44.52
2026-09-10T06:02:57,108.71,44.04
2026-09-10T06:02:58,108.97,44.3
2026-09-10T06:02:59,109.29,44.61
2026-09-10T06:03:00,109.19,44.52
2026-09-10T06:03:01,109.04,44.36
2026-09-10T06:03:02,109.58,44.9
2026-09-10T06:03:03,109.7,45.02
2026-09-10T06:03:04,109.59,44.9
2026-09-10T06:03:05,109.36,44.68
2026-09-10T06:03:06,109.16,44.49
2026-09-10T06:03:07,108.92,44.25
2026-09-10T06:03:08,108.9,44.23
2026-09-10T06:03:09,108.66,43.99
2026-09-10T06:03:10,108.77,44.1
2026-09-10T06:03:11,108.2,43.53
2026-09-10T06:03:12,109.01,44.33
2026-09-10T06:03:13,108.83,44.16
2026-09-10T06:03:14,109.03,44.36
2026-09-10T06:03:15,108.69,44.02
2026-09-10T06:03:16,108.6,43.94
2026-09-10T06:03:17,109.28,44.6
2026-09-10T06:03:18,109.42,44.74
2026-09-10T06:03:19,108.98,44.31
2026-09-10T06:03:20,109.53,44.85
2026-09-10T06:03:21,109.88,45.19
2026-09-10T06:03:22,110.22,45.53
2026-09-10T06:03:23,110.75,46.06
2026-09-10T06:03:24,110.76,46.06
2026-09-10T06:03:25,111.04,46.34
2026-09-10T06:03:26,111.41,46.7
2026-09-10T06:03:27,111.62,46.91
2026-09-10T06:03:28,112.43,47.71
2026-09-10T06:03:29,112.03,47.32
2026-09-10T06:03:30,113.01,48.28
2026-09-10T06:03:31,111.57,46.86
2026-09-10T06:03:32,110.89,46.19
2026-09-10T06:03:33,110.39,45.7
2026-09-10T06:03:34,109.39,44.71
2026-09-10T06:03:35,109.44,44.76
2026-09-10T06:03:36,109.48,44.8
2026-09-10T06:03:37,108.83,44.16
2026-09-10T06:03:38,109.4,44.72
2026-09-10T06:03:39,109.94,45.25
2026-09-10T06:03:40,110.41,45.72
2026-09-10T06:03:41,110.07,45.38
2026-09-10T06:03:42,110.11,45.42
2026-09-10T06:03:43,109.92,45.23
2026-09-10T06:03:44,110.39,45.7
2026-09-10T06:03:45,110.13,45.44
2026-09-10T06:03:46,109.99,45.3
2026-09-10T06:03:47,109.56,44.88
2026-09-10T06:03:48,108.93,44.25
2026-09-10T06:03:49,109.4,44.73
2026-09-10T06:03:50,108.93,44.26
2026-09-10T06:03:51,109.02,44.35
2026-09-10T06:03:52,109.01,44.34
2026-09-10T06:03:53,109.14,44.47
2026-09-10T06:03:54,109.28,44.6
2026-09-10T06:03:55,109.04,44.36
2026-09-10T06:03:56,109.24,44.56
2026-09-10T06:03:57,110.52,45.82
2026-09-10T06:03:58,111.53,46.82
2026-09-10T06:03:59,112.98,48.25
2026-09-10T06:04:00,114.02,49.28
2026-09-10T06:04:01,111.7,46.99
2026-09-10T06:04:02,110.23,45.54
2026-09-10T06:04:03,109.55,44.87
2026-09-10T06:04:04,109.6,44.92
2026-09-10T06:04:05,109.56,44.88
2026-09-10T06:04:06,109.07,44.4
2026-09-10T06:04:07,108.8,44.13
2026-09-10T06:04:08,109.6,44.92
2026-09-10T06:04:09,109.58,44.9
2026-09-10T06:04:10,108.98,44.31
2026-09-10T06:04:11,109.22,44.54
2026-09-10T06:04:12,109.05,44.38
2026-09-10T06:04:13,110.59,45.9
2026-09-10T06:04:14,110.6,45.91
2026-09-10T06:04:15,111.35,46.64
2026-09-10T06:04:16,112.54,47.82
2026-09-10T06:04:17,112.19,47.48
2026-09-10T06:04:18,115.23,50.46
2026-09-10T06:04:19,114.75,49.99
2026-09-10T06:04:20,111.52,46.81
2026-09-10T06:04:21,110.45,45.76
2026-09-10T06:04:22,109.85,45.16
2026-09-10T06:04:23,109.23,44.55
2026-09-10T06:04:24,108.87,44.2
2026-09-10T06:04:25,108.77,44.1
2026-09-10T06:04:26,108.83,44.16
2026-09-10T06:04:27,108.99,44.32
2026-09-10T06:04:28,108.49,43.83
2026-09-10T06:04:29,109.07,44.39
2026-09-10T06:04:30,108.84,44.17
2026-09-10T06:04:31,108.46,43.79
2026-09-10T06:04:32,109.04,44.37
2026-09-10T06:04:33,108.77,44.1
2026-09-10T06:04:34,108.81,44.14
2026-09-10T06:04:35,109.47,44.79
2026-09-10T06:04:36,108.21,43.55
2026-09-10T06:04:37,108.72,44.05
2026-09-10T06:04:38,108.75,44.08
2026-09-10T06:04:39,108.93,44.26
2026-09-10T06:04:40,108.2,43.54
2026-09-10T06:04:41,108.8,44.13
2026-09-10T06:04:42,108.56,43.89
2026-09-10T06:04:43,109.19,44.51
2026-09-10T06:04:44,108.47,43.8
2026-09-10T06:04:45,108.64,43.97
2026-09-10T06:04:46,108.74,44.07
2026-09-10T06:04:47,108.61,43.94
2026-09-10T06:04:48,109.08,44.41
2026-09-10T06:04:49,108.61,43.94
2026-09-10T06:04:50,108.69,44.02
2026-09-10T06:04:51,108.56,43.9
2026-09-10T06:04:52,108.65,43.98
2026-09-10T06:04:53,108.55,43.89
2026-09-10T06:04:54,108.54,43.88
2026-09-10T06:04:55,108.91,44.24
2026-09-10T06:04:56,109.33,44.65
2026-09-10T06:04:57,109.27,44.6
2026-09-10T06:04:58,109.06,44.39
2026-09-10T06:04:59,109.04,44.36
2026-09-10T06:05:00,108.47,43.8
2026-09-10T06:05:01,108.24,43.58
2026-09-10T06:05:02,108.45,43.78
2026-09-10T06:05:03,108.66,43.99
2026-09-10T06:05:04,108.63,43.96
2026-09-10T06:05:05,109.11,44.44
2026-09-10T06:05:06,108.98,44.3
2026-09-10T06:05:07,109.55,44.87
2026-09-10T06:05:08,110.73,46.04
2026-09-10T06:05:09,111.84,47.12
2026-09-10T06:05:10,114.5,49.75
2026-09-10T06:05:11,111.86,47.15
2026-09-10T06:05:12,111.12,46.42
2026-09-10T06:05:13,111.44,46.73
2026-09-10T06:05:14,110.05,45.36
2026-09-10T06:05:15,109.49,44.81
2026-09-10T06:05:16,109.05,44.38
2026-09-10T06:05:17,108.83,44.16
2026-09-10T06:05:18,109.1,44.43
2026-09-10T06:05:19,108.51,43.85
2026-09-10T06:05:20,108.87,44.2
2026-09-10T06:05:21,108.69,44.03
2026-09-10T06:05:22,108.76,44.1
2026-09-10T06:05:23,108.92,44.24
2026-09-10T06:05:24,108.51,43.85
2026-09-10T06:05:25,108.65,43.98
2026-09-10T06:05:26,108.54,43.87
2026-09-10T06:05:27,108.82,44.15
2026-09-10T06:05:28,108.75,44.08
2026-09-10T06:05:29,109.35,44.68
2026-09-10T06:05:30,108.69,44.02
2026-09-10T06:05:31,109.16,44.48
2026-09-10T06:05:32,109.07,44.4
2026-09-10T06:05:33,108.91,44.24
2026-09-10T06:05:34,109.53,44.85
2026-09-10T06:05:35,109.03,44.36
2026-09-10T06:05:36,109.26,44.58
2026-09-10T06:05:37,109.24,44.56
2026-09-10T06:05:38,109.03,44.36
2026-09-10T06:05:39,110.0,45.31
2026-09-10T06:05:40,111.45,46.74
2026-09-10T06:05:41,112.47,47.74
2026-09-10T06:05:42,113.26,48.52
2026-09-10T06:05:43,116.33,51.56
2026-09-10T06:05:44,117.16,52.37
2026-09-10T06:05:45,121.21,56.37
2026-09-10T06:05:46,117.17,52.39
2026-09-10T06:05:47,112.75,48.03
2026-09-10T06:05:48,111.37,46.66
2026-09-10T06:05:49,111.14,46.44
2026-09-10T06:05:50,110.0,45.32
2026-09-10T06:05:51,109.95,45.26
2026-09-10T06:05:52,109.84,45.16
2026-09-10T06:05:53,109.65,44.97
2026-09-10T06:05:54,109.95,45.27
2026-09-10T06:05:55,109.56,44.88
2026-09-10T06:05:56,109.6,44.92
2026-09-10T06:05:57,110.1,45.41
2026-09-10T06:05:58,109.49,44.81
2026-09-10T06:05:59,109.37,44.69
2026-09-10T06:06:00,109.52,44.84
2026-09-10T06:06:01,109.98,45.3
2026-09-10T06:06:02,109.51,44.83
2026-09-10T06:06:03,109.6,44.92
2026-09-10T06:06:04,110.04,45.35
2026-09-10T06:06:05,110.0,45.31
2026-09-10T06:06:06,110.87,46.17
2026-09-10T06:06:07,110.17,45.48
2026-09-10T06:06:08,110.08,45.39
2026-09-10T06:06:09,109.59,44.91
2026-09-10T06:06:10,109.28,44.6
2026-09-10T06:06:11,109.05,44.37
2026-09-10T06:06:12,108.73,44.06
2026-09-10T06:06:13,108.72,44.05
2026-09-10T06:06:14,108.94,44.27
2026-09-10T06:06:15,109.15,44.48
2026-09-10T06:06:16,108.99,44.31
2026-09-10T06:06:17,108.83,44.16
2026-09-10T06:06:18,109.26,44.58
2026-09-10T06:06:19,109.07,44.39
2026-09-10T06:06:20,109.26,44.59
2026-09-10T06:06:21,108.75,44.08
2026-09-10T06:06:22,109.14,44.47
2026-09-10T06:06:23,108.98,44.3
2026-09-10T06:06:24,109.06,44.39
2026-09-10T06:06:25,108.98,44.31
2026-09-10T06:06:26,108.87,44.2
2026-09-10T06:06:27,109.01,44.34
2026-09-10T06:06:28,109.09,44.41
2026-09-10T06:06:29,109.01,44.33
2026-09-10T06:06:30,109.04,44.37
2026-09-10T06:06:31,108.79,44.12
2026-09-10T06:06:32,109.32,44.64
2026-09-10T06:06:33,109.31,44.63
2026-09-10T06:06:34,109.21,44.54
2026-09-10T06:06:35,108.98,44.31
2026-09-10T06:06:36,108.92,44.24
2026-09-10T06:06:37,108.78,44.11
2026-09-10T06:06:38,109.21,44.54
2026-09-10T06:06:39,109.07,44.4
2026-09-10T06:06:40,109.5,44.82
2026-09-10T06:06:41,110.03,45.35
2026-09-10T06:06:42,110.69,46.0
2026-09-10T06:06:43,111.13,46.43
2026-09-10T06:06:44,111.5,46.79
2026-09-10T06:06:45,111.65,46.94
2026-09-10T06:06:46,111.79,47.08
2026-09-10T06:06:47,112.28,47.56
2026-09-10T06:06:48,112.59,47.87
2026-09-10T06:06:49,113.17,48.44
2026-09-10T06:06:50,114.32,49.57
2026-09-10T06:06:51,114.17,49.43
2026-09-10T06:06:52,112.16,47.44
2026-09-10T06:06:53,110.97,46.27
2026-09-10T06:06:54,110.95,46.25
2026-09-10T06:06:55,111.36,46.65
2026-09-10T06:06:56,112.12,47.41
2026-09-10T06:06:57,112.54,47.82
2026-09-10T06:06:58,111.42,46.71
2026-09-10T06:06:59,110.76,46.06
2026-09-10T06:07:00,109.56,44.88
2026-09-10T06:07:01,110.08,45.39
2026-09-10T06:07:02,110.18,45.49
2026-09-10T06:07:03,110.47,45.78
2026-09-10T06:07:04,110.53,45.83
2026-09-10T06:07:05,110.68,45.98
2026-09-10T06:07:06,110.0,45.31
2026-09-10T06:07:07,109.83,45.15
2026-09-10T06:07:08,110.44,45.75
2026-09-10T06:07:09,110.25,45.56
2026-09-10T06:07:10,110.83,46.13
2026-09-10T06:07:11,110.88,46.18
2026-09-10T06:07:12,110.41,45.72
2026-09-10T06:07:13,109.75,45.06
2026-09-10T06:07:14,109.13,44.46
2026-09-10T06:07:15,108.81,44.14
2026-09-10T06:07:16,108.68,44.01
2026-09-10T06:07:17,109.24,44.56
2026-09-10T06:07:18,108.74,44.07
2026-09-10T06:07:19,108.59,43.92
2026-09-10T06:07:20,108.81,44.14
2026-09-10T06:07:21,109.25,44.58
2026-09-10T06:07:22,110.51,45.81
2026-09-10T06:07:23,110.43,45.74
2026-09-10T06:07:24,110.98,46.28
2026-09-10T06:07:25,110.81,46.12
2026-09-10T06:07:26,110.16,45.47
2026-09-10T06:07:27,110.28,45.59
2026-09-10T06:07:28,109.34,44.67
2026-09-10T06:07:29,109.0,44.32
2026-09-10T06:07:30,109.01,44.33
2026-09-10T06:07:31,109.35,44.67
2026-09-10T06:07:32,109.45,44.77
2026-09-10T06:07:33,109.57,44.88
2026-09-10T06:07:34,109.57,44.89
2026-09-10T06:07:35,109.53,44.85
2026-09-10T06:07:36,109.9,45.22
2026-09-10T06:07:37,109.59,44.91
2026-09-10T06:07:38,109.05,44.37
2026-09-10T06:07:39,109.15,44.47
2026-09-10T06:07:40,108.96,44.28
2026-09-10T06:07:41,108.86,44.19
2026-09-10T06:07:42,109.07,44.4
2026-09-10T06:07:43,108.82,44.15
2026-09-10T06:07:44,108.43,43.76
2026-09-10T06:07:45,108.59,43.92
2026-09-10T06:07:46,108.7,44.03
2026-09-10T06:07:47,108.7,44.03
2026-09-10T06:07:48,108.48,43.81
2026-09-10T06:07:49,108.76,44.09
2026-09-10T06:07:50,108.3,43.64
2026-09-10T06:07:51,108.85,44.18
2026-09-10T06:07:52,108.85,44.18
2026-09-10T06:07:53,108.59,43.92
2026-09-10T06:07:54,108.74,44.07
2026-09-10T06:07:55,109.33,44.65
2026-09-10T06:07:56,109.28,44.6
2026-09-10T06:07:57,110.27,45.58
2026-09-10T06:07:58,110.91,46.21
2026-09-10T06:07:59,112.06,47.35
2026-09-10T06:08:00,112.13,47.41
2026-09-10T06:08:01,112.34,47.62
2026-09-10T06:08:02,111.53,46.82
2026-09-10T06:08:03,111.61,46.9
2026-09-10T06:08:04,111.15,46.45
2026-09-10T06:08:05,111.13,46.42
2026-09-10T06:08:06,110.95,46.25
2026-09-10T06:08:07,110.02,45.33
2026-09-10T06:08:08,109.61,44.93
2026-09-10T06:08:09,109.4,44.72
2026-09-10T06:08:10,108.9,44.23
2026-09-10T06:08:11,108.99,44.32
2026-09-10T06:08:12,108.98,44.31
2026-09-10T06:08:13,108.97,44.3
2026-09-10T06:08:14,108.94,44.27
2026-09-10T06:08:15,109.96,45.27
2026-09-10T06:08:16,109.69,45.0
2026-09-10T06:08:17,109.41,44.73
2026-09-10T06:08:18,109.75,45.07
2026-09-10T06:08:19,109.95,45.27
2026-09-10T06:08:20,110.96,46.26
2026-09-10T06:08:21,111.59,46.88
2026-09-10T06:08:22,111.92,47.2
2026-09-10T06:08:23,112.27,47.55
2026-09-10T06:08:24,112.42,47.69
2026-09-10T06:08:25,113.46,48.72
2026-09-10T06:08:26,112.5,47.78
2026-09-10T06:08:27,111.33,46.63
2026-09-10T06:08:28,110.66,45.96
2026-09-10T06:08:29,109.57,44.89
2026-09-10T06:08:30,109.28,44.6
2026-09-10T06:08:31,109.03,44.36
2026-09-10T06:08:32,108.7,44.03
2026-09-10T06:08:33,108.83,44.16
2026-09-10T06:08:34,108.5,43.83
2026-09-10T06:08:35,108.22,43.56
2026-09-10T06:08:36,108.33,43.67
2026-09-10T06:08:37,108.59,43.92
2026-09-10T06:08:38,108.55,43.88
2026-09-10T06:08:39,108.58,43.92
2026-09-10T06:08:40,108.66,43.99
2026-09-10T06:08:41,108.9,44.23
2026-09-10T06:08:42,108.4,43.73
2026-09-10T06:08:43,108.56,43.9
2026-09-10T06:08:44,108.95,44.27
2026-09-10T06:08:45,108.87,44.2
2026-09-10T06:08:46,109.04,44.37
2026-09-10T06:08:47,108.67,44.0
2026-09-10T06:08:48,108.62,43.95
2026-09-10T06:08:49,108.64,43.97
2026-09-10T06:08:50,108.9,44.23
2026-09-10T06:08:51,108.62,43.95
2026-09-10T06:08:52,108.93,44.26
2026-09-10T06:08:53,108.76,44.09
2026-09-10T06:08:54,108.81,44.14
2026-09-10T06:08:55,108.83,44.16
2026-09-10T06:08:56,109.02,44.35
2026-09-10T06:08:57,108.95,44.28
2026-09-10T06:08:58,108.56,43.9
2026-09-10T06:08:59,108.38,43.72
2026-09-10T06:09:00,108.74,44.07
2026-09-10T06:09:01,108.7,44.03
2026-09-10T06:09:02,108.46,43.79
2026-09-10T06:09:03,108.49,43.82
2026-09-10T06:09:04,108.26,43.59
2026-09-10T06:09:05,108.95,44.28
2026-09-10T06:09:06,108.55,43.89
2026-09-10T06:09:07,108.89,44.21
2026-09-10T06:09:08,109.21,44.53
2026-09-10T06:09:09,109.19,44.52
2026-09-10T06:09:10,110.42,45.73
2026-09-10T06:09:11,111.55,46.84
2026-09-10T06:09:12,111.53,46.82
2026-09-10T06:09:13,112.03,47.31
2026-09-10T06:09:14,110.16,45.47
2026-09-10T06:09:15,109.46,44.79
2026-09-10T06:09:16,109.59,44.91
2026-09-10T06:09:17,109.16,44.49
2026-09-10T06:09:18,108.86,44.19
2026-09-10T06:09:19,109.15,44.47
2026-09-10T06:09:20,109.4,44.72
2026-09-10T06:09:21,109.52,44.84
2026-09-10T06:09:22,109.51,44.83
2026-09-10T06:09:23,109.16,44.49
2026-09-10T06:09:24,109.5,44.82
2026-09-10T06:09:25,109.67,44.98
2026-09-10T06:09:26,110.38,45.68
2026-09-10T06:09:27,111.7,46.99
2026-09-10T06:09:28,113.38,48.65
2026-09-10T06:09:29,113.95,49.2
2026-09-10T06:09:30,114.05,49.31
2026-09-10T06:09:31,114.92,50.17
2026-09-10T06:09:32,121.17,56.33
2026-09-10T06:09:33,121.93,57.07
2026-09-10T06:09:34,123.2,58.32
2026-09-10T06:09:35,123.58,58.7
2026-09-10T06:09:36,127.83,62.89
2026-09-10T06:09:37,128.3,63.35
2026-09-10T06:09:38,126.42,61.5
2026-09-10T06:09:39,123.62,58.74
2026-09-10T06:09:40,120.44,55.61
2026-09-10T06:09:41,117.97,53.17
2026-09-10T06:09:42,116.44,51.66
2026-09-10T06:09:43,115.18,50.42
2026-09-10T06:09:44,113.48,48.74
2026-09-10T06:09:45,112.7,47.97
2026-09-10T06:09:46,112.38,47.66
2026-09-10T06:09:47,111.59,46.88
2026-09-10T06:09:48,112.13,47.41
2026-09-10T06:09:49,113.03,48.3
2026-09-10T06:09:50,112.84,48.12
2026-09-10T06:09:51,112.1,47.39
2026-09-10T06:09:52,113.03,48.3
2026-09-10T06:09:53,115.27,50.51
2026-09-10T06:09:54,112.93,48.2
2026-09-10T06:09:55,110.38,45.69
2026-09-10T06:09:56,109.81,45.13
2026-09-10T06:09:57,109.56,44.88
2026-09-10T06:09:58,109.55,44.87
2026-09-10T06:09:59,110.09,45.4
2026-09-10T06:10:00,110.35,45.66
2026-09-10T06:10:01,109.96,45.27
2026-09-10T06:10:02,109.43,44.75
2026-09-10T06:10:03,109.2,44.53
2026-09-10T06:10:04,109.04,44.37
2026-09-10T06:10:05,108.86,44.19
2026-09-10T06:10:06,109.06,44.38
2026-09-10T06:10:07,108.82,44.15
2026-09-10T06:10:08,108.52,43.86
2026-09-10T06:10:09,108.45,43.79
2026-09-10T06:10:10,108.8,44.13
2026-09-10T06:10:11,110.75,46.05
2026-09-10T06:10:12,108.75,44.08
2026-09-10T06:10:13,108.43,43.77
2026-09-10T06:10:14,108.56,43.9
2026-09-10T06:10:15,108.94,44.27
2026-09-10T06:10:16,108.32,43.66
2026-09-10T06:10:17,108.66,44.0
2026-09-10T06:10:18,108.37,43.71
2026-09-10T06:10:19,108.52,43.85
2026-09-10T06:10:20,109.23,44.55
2026-09-10T06:10:21,109.17,44.49
2026-09-10T06:10:22,108.91,44.24
2026-09-10T06:10:23,109.03,44.36
2026-09-10T06:10:24,109.33,44.65
2026-09-10T06:10:25,109.16,44.49
2026-09-10T06:10:26,108.82,44.15
2026-09-10T06:10:27,108.61,43.94
2026-09-10T06:10:28,108.87,44.2
2026-09-10T06:10:29,108.55,43.89
2026-09-10T06:10:30,108.47,43.81
2026-09-10T06:10:31,108.97,44.3
2026-09-10T06:10:32,108.46,43.8
2026-09-10T06:10:33,109.35,44.67
2026-09-10T06:10:34,108.57,43.91
2026-09-10T06:10:35,109.09,44.42
2026-09-10T06:10:36,108.82,44.15
2026-09-10T06:10:37,109.14,44.46
2026-09-10T06:10:38,109.01,44.33
2026-09-10T06:10:39,108.72,44.05
2026-09-10T06:10:40,108.57,43.91
2026-09-10T06:10:41,108.48,43.82
2026-09-10T06:10:42,108.58,43.92
2026-09-10T06:10:43,109.24,44.56
2026-09-10T06:10:44,108.21,43.55
2026-09-10T06:10:45,108.62,43.95
2026-09-10T06:10:46,109.18,44.5
2026-09-10T06:10:47,108.85,44.17
2026-09-10T06:10:48,109.23,44.56
2026-09-10T06:10:49,108.71,44.04
2026-09-10T06:10:50,108.74,44.07
2026-09-10T06:10:51,108.93,44.26
2026-09-10T06:10:52,109.15,44.47
2026-09-10T06:10:53,109.4,44.72
2026-09-10T06:10:54,110.78,46.09
2026-09-10T06:10:55,111.23,46.53
2026-09-10T06:10:56,112.33,47.61
2026-09-10T06:10:57,112.34,47.62
2026-09-10T06:10:58,113.82,49.08
2026-09-10T06:10:59,114.38,49.63
2026-09-10T06:11:00,115.21,50.45
2026-09-10T06:11:01,117.6,52.81
2026-09-10T06:11:02,120.67,55.83
2026-09-10T06:11:03,119.02,54.21
2026-09-10T06:11:04,118.17,53.36
2026-09-10T06:11:05,116.24,51.47
2026-09-10T06:11:06,115.2,50.44
2026-09-10T06:11:07,113.54,48.81
2026-09-10T06:11:08,113.2,48.47
2026-09-10T06:11:09,111.96,47.24
2026-09-10T06:11:10,110.8,46.1
2026-09-10T06:11:11,110.0,45.31
2026-09-10T06:11:12,110.66,45.96
2026-09-10T06:11:13,111.23,46.53
2026-09-10T06:11:14,111.66,46.95
2026-09-10T06:11:15,111.75,47.04
2026-09-10T06:11:16,111.39,46.68
2026-09-10T06:11:17,111.5,46.8
2026-09-10T06:11:18,112.58,47.86
2026-09-10T06:11:19,112.77,48.05
2026-09-10T06:11:20,112.6,47.88
2026-09-10T06:11:21,113.21,48.47
2026-09-10T06:11:22,112.71,47.98
2026-09-10T06:11:23,113.37,48.63
2026-09-10T06:11:24,113.41,48.67
2026-09-10T06:11:25,112.93,48.21
2026-09-10T06:11:26,112.62,47.9
2026-09-10T06:11:27,112.67,47.94
2026-09-10T06:11:28,112.28,47.56
2026-09-10T06:11:29,118.28,53.47
2026-09-10T06:11:30,122.27,57.41
2026-09-10T06:11:31,114.07,49.32
2026-09-10T06:11:32,112.92,48.19
2026-09-10T06:11:33,111.54,46.83
2026-09-10T06:11:34,111.92,47.21
2026-09-10T06:11:35,114.51,49.75
2026-09-10T06:11:36,111.81,47.1
2026-09-10T06:11:37,109.54,44.86
2026-09-10T06:11:38,110.15,45.46
2026-09-10T06:11:39,110.06,45.38
2026-09-10T06:11:40,109.33,44.65
2026-09-10T06:11:41,109.14,44.47
2026-09-10T06:11:42,108.71,44.04
2026-09-10T06:11:43,108.69,44.02
2026-09-10T06:11:44,108.44,43.77
2026-09-10T06:11:45,109.06,44.39
2026-09-10T06:11:46,108.76,44.09
2026-09-10T06:11:47,108.88,44.21
2026-09-10T06:11:48,108.51,43.84
2026-09-10T06:11:49,108.95,44.28
2026-09-10T06:11:50,108.9,44.23
2026-09-10T06:11:51,109.33,44.66
2026-09-10T06:11:52,108.5,43.84
2026-09-10T06:11:53,109.29,44.61
2026-09-10T06:11:54,108.85,44.18
2026-09-10T06:11:55,108.61,43.94
2026-09-10T06:11:56,108.71,44.04
2026-09-10T06:11:57,108.77,44.1
2026-09-10T06:11:58,108.9,44.23
2026-09-10T06:11:59,108.8,44.13
2026-09-10T06:12:00,108.61,43.94
2026-09-10T06:12:01,109.48,44.8
2026-09-10T06:12:02,109.48,44.8
2026-09-10T06:12:03,109.34,44.67
2026-09-10T06:12:04,109.33,44.66
2026-09-10T06:12:05,111.48,46.78
2026-09-10T06:12:06,110.02,45.33
2026-09-10T06:12:07,109.43,44.75
2026-09-10T06:12:08,109.5,44.82
2026-09-10T06:12:09,109.72,45.04
2026-09-10T06:12:10,109.57,44.89
2026-09-10T06:12:11,109.83,45.14
2026-09-10T06:12:12,110.09,45.4
2026-09-10T06:12:13,109.46,44.78
2026-09-10T06:12:14,110.0,45.31
2026-09-10T06:12:15,111.24,46.54
2026-09-10T06:12:16,111.45,46.75
2026-09-10T06:12:17,112.22,47.5
2026-09-10T06:12:18,114.43,49.68
2026-09-10T06:12:19,113.7,48.96
2026-09-10T06:12:20,113.56,48.82
2026-09-10T06:12:21,114.65,49.9
2026-09-10T06:12:22,113.97,49.23
2026-09-10T06:12:23,113.66,48.92
2026-09-10T06:12:24,113.53,48.8
2026-09-10T06:12:25,113.17,48.44
2026-09-10T06:12:26,112.61,47.89
2026-09-10T06:12:27,111.63,46.92
2026-09-10T06:12:28,110.99,46.29
2026-09-10T06:12:29,111.11,46.41
2026-09-10T06:12:30,110.95,46.25
2026-09-10T06:12:31,113.56,48.82
2026-09-10T06:12:32,113.39,48.65
2026-09-10T06:12:33,113.88,49.14
2026-09-10T06:12:34,113.2,48.46
2026-09-10T06:12:35,112.97,48.24
2026-09-10T06:12:36,112.02,47.3
2026-09-10T06:12:37,112.25,47.53
2026-09-10T06:12:38,112.87,48.14
2026-09-10T06:12:39,113.69,48.95
2026-09-10T06:12:40,116.29,51.51
2026-09-10T06:12:41,117.75,52.95
2026-09-10T06:12:42,120.05,55.22
2026-09-10T06:12:43,123.57,58.69
2026-09-10T06:12:44,123.45,58.57
2026-09-10T06:12:45,118.73,53.92
2026-09-10T06:12:46,115.92,51.15
2026-09-10T06:12:47,114.1,49.35
2026-09-10T06:12:48,113.64,48.9
2026-09-10T06:12:49,111.91,47.2
2026-09-10T06:12:50,111.03,46.33
2026-09-10T06:12:51,110.19,45.5
2026-09-10T06:12:52,109.98,45.29
2026-09-10T06:12:53,109.69,45.01
2026-09-10T06:12:54,109.64,44.96
2026-09-10T06:12:55,109.65,44.97
2026-09-10T06:12:56,109.23,44.55
2026-09-10T06:12:57,109.0,44.33
2026-09-10T06:12:58,109.54,44.86
2026-09-10T06:12:59,109.58,44.9
2026-09-10T06:13:00,109.97,45.29
2026-09-10T06:13:01,110.45,45.76
2026-09-10T06:13:02,110.71,46.02
2026-09-10T06:13:03,111.71,47.0
2026-09-10T06:13:04,112.21,47.49
2026-09-10T06:13:05,113.89,49.15
2026-09-10T06:13:06,115.79,51.03
2026-09-10T06:13:07,117.49,52.69
2026-09-10T06:13:08,119.64,54.82
2026-09-10T06:13:09,123.16,58.28
2026-09-10T06:13:10,122.74,57.87
2026-09-10T06:13:11,117.32,52.53
2026-09-10T06:13:12,117.43,52.64
2026-09-10T06:13:13,118.74,53.93
2026-09-10T06:13:14,119.56,54.74
2026-09-10T06:13:15,122.3,57.43
2026-09-10T06:13:16,123.98,59.1
2026-09-10T06:13:17,126.48,61.56
2026-09-10T06:13:18,124.01,59.13
2026-09-10T06:13:19,123.06,58.18
2026-09-10T06:13:20,125.23,60.32
2026-09-10T06:13:21,128.79,63.83
2026-09-10T06:13:22,128.18,63.23
2026-09-10T06:13:23,123.74,58.86
2026-09-10T06:13:24,120.75,55.91
2026-09-10T06:13:25,118.27,53.46
2026-09-10T06:13:26,116.74,51.96
2026-09-10T06:13:27,115.46,50.7
2026-09-10T06:13:28,115.06,50.31
2026-09-10T06:13:29,115.44,50.67
2026-09-10T06:13:30,115.53,50.76
2026-09-10T06:13:31,118.81,54.0
2026-09-10T06:13:32,122.91,58.04
2026-09-10T06:13:33,125.59,60.68
2026-09-10T06:13:34,127.51,62.57
2026-09-10T06:13:35,125.76,60.85
2026-09-10T06:13:36,122.69,57.82
2026-09-10T06:13:37,122.65,57.78
2026-09-10T06:13:38,121.32,56.47
2026-09-10T06:13:39,118.76,53.95
2026-09-10T06:13:40,117.61,52.82
2026-09-10T06:13:41,117.51,52.71
2026-09-10T06:13:42,115.88,51.11
2026-09-10T06:13:43,113.8,49.06
2026-09-10T06:13:44,113.74,49.0
2026-09-10T06:13:45,112.82,48.09
2026-09-10T06:13:46,113.65,48.91
2026-09-10T06:13:47,114.43,49.68
2026-09-10T06:13:48,113.1,48.37
2026-09-10T06:13:49,112.59,47.87
2026-09-10T06:13:50,112.59,47.87
2026-09-10T06:13:51,112.46,47.73
2026-09-10T06:13:52,112.29,47.57
2026-09-10T06:13:53,112.12,47.4
2026-09-10T06:13:54,111.97,47.25
2026-09-10T06:13:55,112.19,47.47
2026-09-10T06:13:56,111.37,46.67
2026-09-10T06:13:57,110.77,46.07
2026-09-10T06:13:58,110.71,46.02
2026-09-10T06:13:59,110.8,46.1
2026-09-10T06:14:00,111.0,46.3
2026-09-10T06:14:01,111.38,46.67
2026-09-10T06:14:02,110.71,46.01
2026-09-10T06:14:03,110.83,46.13
2026-09-10T06:14:04,110.05,45.36
2026-09-10T06:14:05,109.52,44.84
2026-09-10T06:14:06,109.07,44.39
2026-09-10T06:14:07,108.74,44.07
2026-09-10T06:14:08,108.84,44.17
2026-09-10T06:14:09,108.99,44.32
2026-09-10T06:14:10,109.06,44.39
2026-09-10T06:14:11,109.04,44.37
2026-09-10T06:14:12,108.95,44.27
2026-09-10T06:14:13,109.3,44.62
2026-09-10T06:14:14,108.98,44.3
2026-09-10T06:14:15,110.16,45.47
2026-09-10T06:14:16,110.09,45.4
2026-09-10T06:14:17,109.82,45.14
2026-09-10T06:14:18,111.41,46.7
2026-09-10T06:14:19,113.17,48.44
2026-09-10T06:14:20,116.03,51.26
2026-09-10T06:14:21,117.91,53.11
2026-09-10T06:14:22,120.83,55.99
2026-09-10T06:14:23,122.49,57.63
2026-09-10T06:14:24,125.42,60.51
2026-09-10T06:14:25,123.38,58.5
2026-09-10T06:14:26,116.67,51.88
2026-09-10T06:14:27,115.97,51.2
2026-09-10T06:14:28,118.1,53.3
2026-09-10T06:14:29,120.4,55.57
2026-09-10T06:14:30,124.81,59.91
2026-09-10T06:14:31,124.0,59.12
2026-09-10T06:14:32,123.25,58.38
2026-09-10T06:14:33,123.87,58.99
2026-09-10T06:14:34,122.55,57.68
2026-09-10T06:14:35,118.82,54.01
2026-09-10T06:14:36,116.15,51.38
2026-09-10T06:14:37,113.31,48.58
2026-09-10T06:14:38,111.98,47.27
2026-09-10T06:14:39,110.72,46.03
2026-09-10T06:14:40,111.54,46.83
2026-09-10T06:14:41,111.28,46.58
2026-09-10T06:14:42,110.9,46.2
2026-09-10T06:14:43,111.16,46.46
2026-09-10T06:14:44,111.5,46.79
2026-09-10T06:14:45,113.46,48.73
2026-09-10T06:14:46,115.45,50.68
2026-09-10T06:14:47,117.71,52.91
2026-09-10T06:14:48,119.32,54.5
2026-09-10T06:14:49,121.91,57.06
2026-09-10T06:14:50,124.23,59.34
2026-09-10T06:14:51,124.09,59.21
2026-09-10T06:14:52,117.47,52.68
2026-09-10T06:14:53,115.4,50.63
2026-09-10T06:14:54,114.18,49.43
2026-09-10T06:14:55,113.19,48.46
2026-09-10T06:14:56,112.1,47.38
2026-09-10T06:14:57,111.63,46.92
2026-09-10T06:14:58,112.75,48.02
2026-09-10T06:14:59,113.72,48.98
2026-09-10T06:15:00,115.73,50.96
2026-09-10T06:15:01,117.95,53.15
2026-09-10T06:15:02,122.18,57.32
2026-09-10T06:15:03,126.17,61.26
2026-09-10T06:15:04,127.04,62.11
2026-09-10T06:15:05,119.57,54.75
2026-09-10T06:15:06,117.04,52.25
2026-09-10T06:15:07,114.27,49.53
2026-09-10T06:15:08,113.83,49.09
2026-09-10T06:15:09,113.17,48.44
2026-09-10T06:15:10,113.04,48.31
2026-09-10T06:15:11,113.48,48.75
2026-09-10T06:15:12,113.61,48.87
2026-09-10T06:15:13,112.93,48.2
2026-09-10T06:15:14,112.3,47.58
2026-09-10T06:15:15,112.73,48.0
2026-09-10T06:15:16,112.74,48.01
2026-09-10T06:15:17,111.57,46.86
2026-09-10T06:15:18,111.55,46.84
2026-09-10T06:15:19,110.92,46.22
2026-09-10T06:15:20,111.57,46.86
2026-09-10T06:15:21,111.4,46.69
2026-09-10T06:15:22,111.84,47.12
2026-09-10T06:15:23,111.78,47.07
2026-09-10T06:15:24,112.17,47.46
2026-09-10T06:15:25,112.89,48.16
2026-09-10T06:15:26,113.19,48.45
2026-09-10T06:15:27,113.06,48.33
2026-09-10T06:15:28,113.0,48.27
2026-09-10T06:15:29,112.26,47.54
2026-09-10T06:15:30,112.35,47.63
2026-09-10T06:15:31,112.16,47.45
2026-09-10T06:15:32,111.73,47.02
2026-09-10T06:15:33,111.01,46.31
2026-09-10T06:15:34,110.55,45.85
2026-09-10T06:15:35,110.77,46.07
2026-09-10T06:15:36,110.28,45.59
2026-09-10T06:15:37,110.21,45.52
2026-09-10T06:15:38,109.68,45.0
2026-09-10T06:15:39,109.81,45.12
2026-09-10T06:15:40,109.03,44.36
2026-09-10T06:15:41,109.59,44.91
2026-09-10T06:15:42,109.3,44.62
2026-09-10T06:15:43,108.79,44.12
2026-09-10T06:15:44,108.92,44.25
2026-09-10T06:15:45,109.02,44.34
2026-09-10T06:15:46,108.7,44.03
2026-09-10T06:15:47,108.72,44.06
2026-09-10T06:15:48,108.07,43.41
2026-09-10T06:15:49,109.04,44.37
2026-09-10T06:15:50,109.41,44.73
2026-09-10T06:15:51,109.22,44.54
2026-09-10T06:15:52,109.9,45.22
2026-09-10T06:15:53,109.31,44.64
2026-09-10T06:15:54,109.25,44.57
2026-09-10T06:15:55,109.09,44.42
2026-09-10T06:15:56,108.79,44.13
2026-09-10T06:15:57,108.82,44.15
2026-09-10T06:15:58,108.86,44.19
2026-09-10T06:15:59,108.62,43.95
2026-09-10T06:16:00,108.37,43.71
2026-09-10T06:16:01,108.74,44.07
2026-09-10T06:16:02,109.21,44.54
2026-09-10T06:16:03,108.66,43.99
2026-09-10T06:16:04,109.12,44.44
2026-09-10T06:16:05,109.26,44.59
2026-09-10T06:16:06,108.97,44.29
2026-09-10T06:16:07,108.97,44.3
2026-09-10T06:16:08,109.17,44.49
2026-09-10T06:16:09,109.53,44.85
2026-09-10T06:16:10,109.93,45.24
2026-09-10T06:16:11,110.62,45.92
2026-09-10T06:16:12,112.47,47.74
2026-09-10T06:16:13,114.37,49.62
2026-09-10T06:16:14,117.59,52.8
2026-09-10T06:16:15,119.61,54.79
2026-09-10T06:16:16,123.71,58.83
2026-09-10T06:16:17,128.56,63.61
2026-09-10T06:16:18,128.16,63.22
2026-09-10T06:16:19,116.11,51.34
2026-09-10T06:16:20,114.64,49.89
2026-09-10T06:16:21,114.52,49.77
2026-09-10T06:16:22,113.43,48.69
2026-09-10T06:16:23,111.94,47.23
2026-09-10T06:16:24,111.74,47.03
2026-09-10T06:16:25,112.36,47.64
2026-09-10T06:16:26,114.25,49.5
2026-09-10T06:16:27,115.96,51.19
2026-09-10T06:16:28,117.9,53.1
2026-09-10T06:16:29,118.95,54.14
2026-09-10T06:16:30,120.96,56.12
2026-09-10T06:16:31,122.06,57.21
2026-09-10T06:16:32,126.36,61.44
2026-09-10T06:16:33,118.28,53.47
2026-09-10T06:16:34,116.1,51.33
2026-09-10T06:16:35,116.31,51.54
2026-09-10T06:16:36,116.24,51.46
2026-09-10T06:16:37,115.3,50.54
2026-09-10T06:16:38,112.66,47.93
2026-09-10T06:16:39,111.95,47.24
2026-09-10T06:16:40,110.31,45.62
2026-09-10T06:16:41,109.55,44.87
2026-09-10T06:16:42,109.58,44.89
2026-09-10T06:16:43,108.86,44.19
2026-09-10T06:16:44,109.4,44.72
2026-09-10T06:16:45,109.32,44.64
2026-09-10T06:16:46,109.34,44.66
2026-09-10T06:16:47,109.8,45.11
2026-09-10T06:16:48,109.12,44.45
2026-09-10T06:16:49,109.62,44.94
2026-09-10T06:16:50,110.38,45.69
2026-09-10T06:16:51,111.02,46.32
2026-09-10T06:16:52,112.04,47.33
2026-09-10T06:16:53,111.26,46.55
2026-09-10T06:16:54,110.3,45.61
2026-09-10T06:16:55,109.83,45.14
2026-09-10T06:16:56,109.62,44.94
2026-09-10T06:16:57,110.33,45.64
2026-09-10T06:16:58,110.86,46.16
2026-09-10T06:16:59,111.6,46.89
2026-09-10T06:17:00,112.29,47.57
2026-09-10T06:17:01,113.56,48.83
2026-09-10T06:17:02,113.69,48.95
2026-09-10T06:17:03,113.38,48.64
2026-09-10T06:17:04,113.22,48.49
2026-09-10T06:17:05,114.05,49.3
2026-09-10T06:17:06,113.34,48.61
2026-09-10T06:17:07,113.08,48.35
2026-09-10T06:17:08,113.82,49.08
2026-09-10T06:17:09,115.02,50.26
2026-09-10T06:17:10,113.48,48.74
2026-09-10T06:17:11,113.74,49.0
2026-09-10T06:17:12,113.73,48.99
2026-09-10T06:17:13,113.44,48.7
2026-09-10T06:17:14,113.58,48.85
2026-09-10T06:17:15,114.65,49.9
2026-09-10T06:17:16,115.26,50.5
2026-09-10T06:17:17,116.08,51.31
2026-09-10T06:17:18,117.97,53.17
2026-09-10T06:17:19,120.07,55.24
2026-09-10T06:17:20,122.95,58.08
2026-09-10T06:17:21,125.35,60.45
2026-09-10T06:17:22,129.96,64.99
2026-09-10T06:17:23,132.79,67.78
2026-09-10T06:17:24,130.67,65.69
2026-09-10T06:17:25,129.5,64.53
2026-09-10T06:17:26,129.41,64.45
2026-09-10T06:17:27,125.34,60.44
2026-09-10T06:17:28,116.04,51.27
2026-09-10T06:17:29,114.03,49.29
2026-09-10T06:17:30,113.05,48.32
2026-09-10T06:17:31,111.58,46.87
2026-09-10T06:17:32,111.89,47.17
2026-09-10T06:17:33,110.7,46.01
2026-09-10T06:17:34,112.31,47.59
2026-09-10T06:17:35,114.32,49.57
2026-09-10T06:17:36,112.72,47.99
2026-09-10T06:17:37,111.65,46.94
2026-09-10T06:17:38,110.67,45.97
2026-09-10T06:17:39,110.95,46.25
2026-09-10T06:17:40,111.08,46.38
2026-09-10T06:17:41,110.83,46.13
2026-09-10T06:17:42,110.47,45.77
2026-09-10T06:17:43,111.02,46.32
2026-09-10T06:17:44,112.69,47.97
2026-09-10T06:17:45,114.54,49.79
2026-09-10T06:17:46,115.47,50.71
2026-09-10T06:17:47,111.27,46.57
2026-09-10T06:17:48,110.73,46.03
2026-09-10T06:17:49,110.7,46.0
2026-09-10T06:17:50,111.42,46.71
2026-09-10T06:17:51,110.65,45.96
2026-09-10T06:17:52,110.74,46.04
2026-09-10T06:17:53,110.4,45.71
2026-09-10T06:17:54,109.02,44.35
2026-09-10T06:17:55,109.35,44.67
2026-09-10T06:17:56,109.01,44.33
2026-09-10T06:17:57,109.23,44.55
2026-09-10T06:17:58,109.48,44.8
2026-09-10T06:17:59,109.35,44.67
2026-09-10T06:18:00,109.2,44.52
2026-09-10T06:18:01,109.0,44.32
2026-09-10T06:18:02,109.37,44.69
2026-09-10T06:18:03,109.34,44.66
2026-09-10T06:18:04,109.5,44.82
2026-09-10T06:18:05,109.77,45.08
2026-09-10T06:18:06,109.74,45.06
2026-09-10T06:18:07,109.81,45.13
2026-09-10T06:18:08,110.17,45.48
2026-09-10T06:18:09,110.41,45.72
2026-09-10T06:18:10,112.26,47.54
2026-09-10T06:18:11,113.89,49.14
2026-09-10T06:18:12,116.66,51.88
2026-09-10T06:18:13,119.07,54.25
2026-09-10T06:18:14,121.79,56.93
2026-09-10T06:18:15,124.72,59.82
2026-09-10T06:18:16,127.61,62.68
2026-09-10T06:18:17,125.32,60.42
2026-09-10T06:18:18,122.85,57.98
2026-09-10T06:18:19,122.17,57.31
2026-09-10T06:18:20,119.93,55.1
2026-09-10T06:18:21,119.14,54.32
2026-09-10T06:18:22,117.07,52.29
2026-09-10T06:18:23,117.49,52.69
2026-09-10T06:18:24,118.07,53.27
2026-09-10T06:18:25,117.61,52.82
2026-09-10T06:18:26,118.76,53.94
2026-09-10T06:18:27,121.6,56.75
2026-09-10T06:18:28,121.83,56.98
2026-09-10T06:18:29,124.85,59.95
2026-09-10T06:18:30,126.88,61.96
2026-09-10T06:18:31,120.9,56.06
2026-09-10T06:18:32,121.31,56.47
2026-09-10T06:18:33,120.87,56.03
2026-09-10T06:18:34,123.61,58.73
2026-09-10T06:18:35,125.53,60.62
2026-09-10T06:18:36,127.61,62.68
2026-09-10T06:18:37,122.61,57.74
2026-09-10T06:18:38,118.38,53.57
2026-09-10T06:18:39,116.85,52.06
2026-09-10T06:18:40,115.7,50.93
2026-09-10T06:18:41,115.6,50.84
2026-09-10T06:18:42,114.87,50.12
2026-09-10T06:18:43,114.47,49.72
2026-09-10T06:18:44,113.41,48.67
2026-09-10T06:18:45,113.15,48.42
2026-09-10T06:18:46,112.11,47.39
2026-09-10T06:18:47,111.7,46.99
2026-09-10T06:18:48,111.58,46.87
2026-09-10T06:18:49,111.54,46.83
2026-09-10T06:18:50,110.97,46.27
2026-09-10T06:18:51,110.68,45.98
2026-09-10T06:18:52,110.41,45.72
2026-09-10T06:18:53,110.83,46.13
2026-09-10T06:18:54,110.7,46.01
2026-09-10T06:18:55,109.53,44.85
2026-09-10T06:18:56,109.56,44.88
2026-09-10T06:18:57,109.16,44.49
2026-09-10T06:18:58,109.84,45.16
2026-09-10T06:18:59,109.97,45.28
2026-09-10T06:19:00,110.17,45.48
2026-09-10T06:19:01,109.75,45.07
2026-09-10T06:19:02,109.38,44.71
2026-09-10T06:19:03,108.88,44.21
2026-09-10T06:19:04,108.89,44.22
2026-09-10T06:19:05,109.35,44.67
2026-09-10T06:19:06,109.15,44.47
2026-09-10T06:19:07,109.01,44.33
2026-09-10T06:19:08,109.21,44.53
2026-09-10T06:19:09,109.78,45.1
2026-09-10T06:19:10,109.31,44.63
2026-09-10T06:19:11,109.25,44.57
2026-09-10T06:19:12,108.92,44.25
2026-09-10T06:19:13,109.08,44.4
2026-09-10T06:19:14,108.93,44.26
2026-09-10T06:19:15,108.43,43.76
2026-09-10T06:19:16,108.92,44.24
2026-09-10T06:19:17,109.37,44.69
2026-09-10T06:19:18,108.95,44.28
2026-09-10T06:19:19,109.43,44.76
2026-09-10T06:19:20,109.14,44.47
2026-09-10T06:19:21,109.04,44.36
2026-09-10T06:19:22,108.9,44.23
2026-09-10T06:19:23,109.57,44.89
2026-09-10T06:19:24,110.01,45.32
2026-09-10T06:19:25,110.79,46.1
2026-09-10T06:19:26,113.31,48.58
2026-09-10T06:19:27,114.12,49.38
2026-09-10T06:19:28,112.62,47.89
2026-09-10T06:19:29,111.13,46.42
2026-09-10T06:19:30,109.74,45.06
2026-09-10T06:19:31,109.63,44.94
2026-09-10T06:19:32,109.16,44.48
2026-09-10T06:19:33,108.84,44.17
2026-09-10T06:19:34,109.01,44.34
2026-09-10T06:19:35,109.91,45.23
2026-09-10T06:19:36,109.47,44.79
2026-09-10T06:19:37,108.57,43.9
2026-09-10T06:19:38,108.52,43.85
2026-09-10T06:19:39,109.01,44.34
2026-09-10T06:19:40,109.03,44.36
2026-09-10T06:19:41,108.78,44.11
2026-09-10T06:19:42,108.76,44.1
2026-09-10T06:19:43,108.91,44.24
2026-09-10T06:19:44,108.65,43.98
2026-09-10T06:19:45,108.77,44.1
2026-09-10T06:19:46,109.05,44.38
2026-09-10T06:19:47,109.01,44.34
2026-09-10T06:19:48,108.65,43.98
2026-09-10T06:19:49,108.59,43.93
2026-09-10T06:19:50,108.81,44.14
2026-09-10T06:19:51,109.23,44.56
2026-09-10T06:19:52,108.73,44.06
2026-09-10T06:19:53,109.52,44.84
2026-09-10T06:19:54,109.55,44.87
2026-09-10T06:19:55,110.58,45.88
2026-09-10T06:19:56,110.29,45.6
2026-09-10T06:19:57,110.4,45.71
2026-09-10T06:19:58,110.39,45.7
2026-09-10T06:19:59,110.57,45.87
2026-09-10T06:20:00,110.23,45.54
2026-09-10T06:20:01,109.84,45.15
2026-09-10T06:20:02,110.67,45.97
2026-09-10T06:20:03,112.13,47.41
2026-09-10T06:20:04,111.52,46.81
2026-09-10T06:20:05,113.45,48.71
2026-09-10T06:20:06,114.59,49.84
2026-09-10T06:20:07,114.65,49.9
2026-09-10T06:20:08,116.06,51.29
2026-09-10T06:20:09,115.85,51.08
2026-09-10T06:20:10,114.53,49.78
2026-09-10T06:20:11,114.0,49.25
2026-09-10T06:20:12,113.88,49.14
2026-09-10T06:20:13,114.15,49.41
2026-09-10T06:20:14,114.06,49.31
2026-09-10T06:20:15,113.27,48.54
2026-09-10T06:20:16,113.05,48.32
2026-09-10T06:20:17,112.09,47.37
2026-09-10T06:20:18,112.26,47.54
2026-09-10T06:20:19,111.28,46.57
2026-09-10T06:20:20,111.45,46.74
2026-09-10T06:20:21,111.67,46.96
2026-09-10T06:20:22,113.99,49.25
2026-09-10T06:20:23,116.77,51.98
2026-09-10T06:20:24,111.81,47.1
2026-09-10T06:20:25,112.13,47.41
2026-09-10T06:20:26,112.07,47.36
2026-09-10T06:20:27,110.95,46.25
2026-09-10T06:20:28,109.85,45.17
2026-09-10T06:20:29,109.84,45.16
2026-09-10T06:20:30,109.62,44.94
2026-09-10T06:20:31,109.81,45.12
2026-09-10T06:20:32,109.63,44.95
2026-09-10T06:20:33,109.76,45.08
2026-09-10T06:20:34,109.92,45.24
2026-09-10T06:20:35,110.47,45.78
2026-09-10T06:20:36,110.55,45.85
2026-09-10T06:20:37,110.49,45.8
2026-09-10T06:20:38,110.54,45.85
2026-09-10T06:20:39,111.93,47.22
2026-09-10T06:20:40,112.18,47.46
2026-09-10T06:20:41,114.19,49.44
2026-09-10T06:20:42,116.91,52.12
2026-09-10T06:20:43,118.63,53.82
2026-09-10T06:20:44,117.63,52.83
2026-09-10T06:20:45,121.36,56.51
2026-09-10T06:20:46,122.0,57.14
2026-09-10T06:20:47,121.91,57.06
2026-09-10T06:20:48,118.91,54.09
2026-09-10T06:20:49,114.47,49.72
2026-09-10T06:20:50,112.75,48.03
2026-09-10T06:20:51,111.64,46.93
2026-09-10T06:20:52,111.83,47.11
2026-09-10T06:20:53,111.1,46.39
2026-09-10T06:20:54,111.33,46.62
2026-09-10T06:20:55,111.51,46.8
2026-09-10T06:20:56,112.65,47.93
2026-09-10T06:20:57,114.26,49.51
2026-09-10T06:20:58,115.93,51.16
2026-09-10T06:20:59,118.17,53.37
2026-09-10T06:21:00,121.05,56.21
2026-09-10T06:21:01,121.88,57.02
2026-09-10T06:21:02,126.19,61.27
2026-09-10T06:21:03,118.12,53.32
2026-09-10T06:21:04,113.23,48.5
2026-09-10T06:21:05,111.84,47.13
2026-09-10T06:21:06,111.82,47.11
2026-09-10T06:21:07,110.73,46.04
2026-09-10T06:21:08,109.66,44.97
2026-09-10T06:21:09,110.33,45.63
2026-09-10T06:21:10,110.04,45.35
2026-09-10T06:21:11,109.95,45.26
2026-09-10T06:21:12,109.79,45.1
2026-09-10T06:21:13,110.31,45.62
2026-09-10T06:21:14,110.3,45.61
2026-09-10T06:21:15,110.24,45.55
2026-09-10T06:21:16,110.63,45.93
2026-09-10T06:21:17,112.87,48.14
2026-09-10T06:21:18,113.65,48.91
2026-09-10T06:21:19,114.41,49.66
2026-09-10T06:21:20,116.03,51.26
2026-09-10T06:21:21,119.37,54.55
2026-09-10T06:21:22,121.35,56.5
2026-09-10T06:21:23,121.49,56.64
2026-09-10T06:21:24,124.91,60.01
2026-09-10T06:21:25,116.15,51.37
2026-09-10T06:21:26,114.92,50.16
2026-09-10T06:21:27,113.09,48.36
2026-09-10T06:21:28,112.44,47.72
2026-09-10T06:21:29,113.72,48.98
2026-09-10T06:21:30,111.59,46.88
2026-09-10T06:21:31,111.73,47.02
2026-09-10T06:21:32,111.89,47.18
2026-09-10T06:21:33,112.16,47.44
2026-09-10T06:21:34,111.27,46.57
2026-09-10T06:21:35,110.38,45.69
2026-09-10T06:21:36,110.22,45.53
2026-09-10T06:21:37,110.15,45.46
2026-09-10T06:21:38,110.9,46.2
2026-09-10T06:21:39,111.77,47.06
2026-09-10T06:21:40,112.54,47.82
2026-09-10T06:21:41,112.76,48.03
2026-09-10T06:21:42,113.7,48.96
2026-09-10T06:21:43,115.11,50.35
2026-09-10T06:21:44,117.26,52.47
2026-09-10T06:21:45,119.78,54.96
2026-09-10T06:21:46,123.0,58.13
2026-09-10T06:21:47,125.48,60.57
2026-09-10T06:21:48,124.24,59.35
2026-09-10T06:21:49,120.79,55.95
2026-09-10T06:21:50,119.84,55.02
2026-09-10T06:21:51,126.46,61.54
2026-09-10T06:21:52,127.3,62.36
2026-09-10T06:21:53,124.84,59.95
2026-09-10T06:21:54,119.47,54.65
2026-09-10T06:21:55,111.73,47.02
2026-09-10T06:21:56,110.56,45.87
2026-09-10T06:21:57,109.8,45.12
2026-09-10T06:21:58,114.37,49.62
2026-09-10T06:21:59,115.75,50.98
2026-09-10T06:22:00,114.12,49.38
2026-09-10T06:22:01,114.65,49.9
2026-09-10T06:22:02,114.08,49.34
2026-09-10T06:22:03,113.77,49.03
2026-09-10T06:22:04,112.35,47.63
2026-09-10T06:22:05,110.28,45.59
2026-09-10T06:22:06,109.08,44.41
2026-09-10T06:22:07,109.24,44.57
2026-09-10T06:22:08,108.84,44.17
2026-09-10T06:22:09,109.57,44.89
2026-09-10T06:22:10,110.24,45.55
2026-09-10T06:22:11,110.05,45.36
2026-09-10T06:22:12,109.16,44.48
2026-09-10T06:22:13,109.24,44.56
2026-09-10T06:22:14,110.44,45.75
2026-09-10T06:22:15,110.92,46.22
2026-09-10T06:22:16,111.89,47.18
2026-09-10T06:22:17,112.23,47.51
2026-09-10T06:22:18,111.89,47.17
2026-09-10T06:22:19,111.55,46.84
2026-09-10T06:22:20,111.88,47.17
2026-09-10T06:22:21,112.09,47.37
2026-09-10T06:22:22,111.58,46.87
2026-09-10T06:22:23,110.16,45.47
2026-09-10T06:22:24,109.87,45.19
2026-09-10T06:22:25,109.26,44.58
2026-09-10T06:22:26,109.23,44.55
2026-09-10T06:22:27,110.21,45.52
2026-09-10T06:22:28,109.72,45.04
2026-09-10T06:22:29,109.57,44.89
2026-09-10T06:22:30,109.5,44.82
2026-09-10T06:22:31,109.45,44.77
2026-09-10T06:22:32,109.46,44.78
2026-09-10T06:22:33,109.61,44.93
2026-09-10T06:22:34,109.27,44.59
2026-09-10T06:22:35,109.12,44.45
2026-09-10T06:22:36,109.28,44.6
2026-09-10T06:22:37,109.23,44.56
2026-09-10T06:22:38,108.51,43.84
2026-09-10T06:22:39,109.75,45.07
2026-09-10T06:22:40,109.7,45.01
2026-09-10T06:22:41,109.77,45.09
2026-09-10T06:22:42,110.56,45.87
2026-09-10T06:22:43,110.96,46.26
2026-09-10T06:22:44,111.88,47.16
2026-09-10T06:22:45,113.12,48.39
2026-09-10T06:22:46,114.31,49.56
2026-09-10T06:22:47,117.53,52.74
2026-09-10T06:22:48,121.0,56.16
2026-09-10T06:22:49,121.96,57.11
2026-09-10T06:22:50,122.16,57.3
2026-09-10T06:22:51,123.8,58.92
2026-09-10T06:22:52,124.15,59.26
2026-09-10T06:22:53,118.81,54.0
2026-09-10T06:22:54,117.01,52.22
2026-09-10T06:22:55,115.86,51.09
2026-09-10T06:22:56,114.35,49.6
2026-09-10T06:22:57,112.3,47.58
2026-09-10T06:22:58,112.08,47.36
2026-09-10T06:22:59,110.92,46.22
2026-09-10T06:23:00,110.28,45.59
2026-09-10T06:23:01,109.95,45.27
2026-09-10T06:23:02,109.39,44.71
2026-09-10T06:23:03,109.51,44.83
2026-09-10T06:23:04,109.89,45.21
2026-09-10T06:23:05,109.56,44.88
2026-09-10T06:23:06,109.85,45.16
2026-09-10T06:23:07,110.37,45.68
2026-09-10T06:23:08,110.22,45.53
2026-09-10T06:23:09,110.54,45.85
2026-09-10T06:23:10,111.06,46.36
2026-09-10T06:23:11,110.66,45.96
2026-09-10T06:23:12,110.49,45.8
2026-09-10T06:23:13,109.87,45.19
2026-09-10T06:23:14,110.09,45.4
2026-09-10T06:23:15,111.11,46.41
2026-09-10T06:23:16,110.78,46.09
2026-09-10T06:23:17,111.89,47.17
2026-09-10T06:23:18,112.3,47.58
2026-09-10T06:23:19,111.34,46.64
2026-09-10T06:23:20,111.54,46.83
2026-09-10T06:23:21,112.15,47.43
2026-09-10T06:23:22,112.71,47.99
2026-09-10T06:23:23,114.23,49.48
2026-09-10T06:23:24,116.54,51.76
2026-09-10T06:23:25,117.97,53.17
2026-09-10T06:23:26,116.65,51.87
2026-09-10T06:23:27,115.7,50.93
2026-09-10T06:23:28,113.58,48.85
2026-09-10T06:23:29,113.04,48.31
2026-09-10T06:23:30,113.1,48.37
2026-09-10T06:23:31,113.14,48.41
2026-09-10T06:23:32,112.8,48.07
2026-09-10T06:23:33,112.64,47.91
2026-09-10T06:23:34,112.41,47.69
2026-09-10T06:23:35,114.6,49.85
2026-09-10T06:23:36,112.77,48.04
2026-09-10T06:23:37,111.78,47.07
2026-09-10T06:23:38,110.65,45.95
2026-09-10T06:23:39,110.3,45.61
2026-09-10T06:23:40,109.59,44.91
2026-09-10T06:23:41,109.14,44.47
2026-09-10T06:23:42,109.85,45.17
2026-09-10T06:23:43,109.73,45.05
2026-09-10T06:23:44,109.16,44.49
2026-09-10T06:23:45,109.15,44.48
2026-09-10T06:23:46,109.0,44.32
2026-09-10T06:23:47,108.28,43.61
2026-09-10T06:23:48,108.94,44.27
2026-09-10T06:23:49,109.41,44.73
2026-09-10T06:23:50,109.22,44.55
2026-09-10T06:23:51,109.73,45.05
2026-09-10T06:23:52,110.62,45.93
2026-09-10T06:23:53,111.13,46.42
2026-09-10T06:23:54,111.0,46.3
2026-09-10T06:23:55,110.36,45.66
2026-09-10T06:23:56,109.68,45.0
2026-09-10T06:23:57,109.4,44.72
2026-09-10T06:23:58,109.51,44.83
2026-09-10T06:23:59,109.27,44.6
2026-09-10T06:24:00,109.42,44.74
2026-09-10T06:24:01,109.46,44.78
2026-09-10T06:24:02,109.19,44.52
2026-09-10T06:24:03,109.18,44.51
2026-09-10T06:24:04,109.58,44.89
2026-09-10T06:24:05,109.3,44.62
2026-09-10T06:24:06,108.99,44.32
2026-09-10T06:24:07,109.17,44.49
2026-09-10T06:24:08,109.27,44.6
2026-09-10T06:24:09,108.83,44.16
2026-09-10T06:24:10,108.84,44.17
2026-09-10T06:24:11,108.87,44.2
2026-09-10T06:24:12,108.9,44.23
2026-09-10T06:24:13,108.79,44.12
2026-09-10T06:24:14,109.01,44.34
2026-09-10T06:24:15,108.69,44.02
2026-09-10T06:24:16,109.0,44.32
2026-09-10T06:24:17,108.83,44.16
2026-09-10T06:24:18,109.31,44.63
2026-09-10T06:24:19,108.79,44.12
2026-09-10T06:24:20,109.13,44.46
2026-09-10T06:24:21,109.31,44.63
2026-09-10T06:24:22,109.17,44.49
2026-09-10T06:24:23,109.52,44.84
2026-09-10T06:24:24,109.43,44.75
2026-09-10T06:24:25,109.73,45.04
2026-09-10T06:24:26,110.23,45.54
2026-09-10T06:24:27,111.22,46.52
2026-09-10T06:24:28,112.4,47.68
2026-09-10T06:24:29,113.09,48.36
2026-09-10T06:24:30,114.06,49.32
2026-09-10T06:24:31,113.65,48.91
2026-09-10T06:24:32,113.15,48.42
2026-09-10T06:24:33,111.67,46.96
2026-09-10T06:24:34,110.51,45.82
2026-09-10T06:24:35,109.99,45.3
2026-09-10T06:24:36,109.73,45.05
2026-09-10T06:24:37,110.27,45.58
2026-09-10T06:24:38,109.54,44.86
2026-09-10T06:24:39,110.15,45.46
2026-09-10T06:24:40,110.52,45.83
2026-09-10T06:24:41,110.47,45.78
2026-09-10T06:24:42,110.78,46.08
2026-09-10T06:24:43,110.02,45.33
2026-09-10T06:24:44,109.92,45.23
2026-09-10T06:24:45,109.71,45.02
2026-09-10T06:24:46,109.2,44.53
2026-09-10T06:24:47,109.2,44.52
2026-09-10T06:24:48,109.5,44.82
2026-09-10T06:24:49,109.09,44.41
2026-09-10T06:24:50,109.2,44.52
2026-09-10T06:24:51,109.11,44.44
2026-09-10T06:24:52,109.28,44.6
2026-09-10T06:24:53,109.14,44.47
2026-09-10T06:24:54,108.74,44.07
2026-09-10T06:24:55,108.85,44.18
2026-09-10T06:24:56,108.78,44.11
2026-09-10T06:24:57,109.17,44.5
2026-09-10T06:24:58,109.38,44.7
2026-09-10T06:24:59,109.06,44.39
2026-09-10T06:25:00,108.93,44.26
2026-09-10T06:25:01,108.75,44.08
2026-09-10T06:25:02,108.92,44.24
2026-09-10T06:25:03,109.4,44.73
2026-09-10T06:25:04,109.01,44.34
2026-09-10T06:25:05,108.7,44.03
2026-09-10T06:25:06,109.1,44.43
2026-09-10T06:25:07,109.13,44.45
2026-09-10T06:25:08,109.13,44.46
2026-09-10T06:25:09,109.16,44.48
2026-09-10T06:25:10,108.76,44.09
2026-09-10T06:25:11,109.51,44.83
2026-09-10T06:25:12,109.02,44.35
2026-09-10T06:25:13,111.09,46.39
2026-09-10T06:25:14,109.71,45.03
2026-09-10T06:25:15,109.51,44.83
2026-09-10T06:25:16,109.53,44.85
2026-09-10T06:25:17,109.28,44.61
2026-09-10T06:25:18,109.56,44.88
2026-09-10T06:25:19,109.67,44.99
2026-09-10T06:25:20,110.91,46.21
2026-09-10T06:25:21,112.31,47.59
2026-09-10T06:25:22,113.39,48.65
2026-09-10T06:25:23,112.76,48.04
2026-09-10T06:25:24,112.88,48.15
2026-09-10T06:25:25,114.78,50.02
2026-09-10T06:25:26,113.12,48.39
2026-09-10T06:25:27,111.63,46.92
2026-09-10T06:25:28,111.13,46.42
2026-09-10T06:25:29,111.24,46.53
2026-09-10T06:25:30,111.41,46.7
2026-09-10T06:25:31,111.42,46.71
2026-09-10T06:25:32,110.35,45.66
2026-09-10T06:25:33,111.53,46.83
2026-09-10T06:25:34,111.74,47.03
2026-09-10T06:25:35,111.94,47.22
2026-09-10T06:25:36,113.29,48.56
2026-09-10T06:25:37,115.51,50.75
2026-09-10T06:25:38,117.22,52.43
2026-09-10T06:25:39,120.24,55.41
2026-09-10T06:25:40,123.37,58.5
2026-09-10T06:25:41,122.67,57.8
2026-09-10T06:25:42,125.1,60.19
2026-09-10T06:25:43,126.45,61.53
2026-09-10T06:25:44,126.32,61.4
2026-09-10T06:25:45,117.82,53.03
2026-09-10T06:25:46,116.34,51.57
2026-09-10T06:25:47,116.38,51.6
2026-09-10T06:25:48,114.24,49.49
2026-09-10T06:25:49,112.54,47.81
2026-09-10T06:25:50,112.01,47.3
2026-09-10T06:25:51,112.13,47.41
2026-09-10T06:25:52,112.41,47.69
2026-09-10T06:25:53,112.1,47.38
2026-09-10T06:25:54,110.52,45.83
2026-09-10T06:25:55,109.85,45.16
2026-09-10T06:25:56,109.76,45.07
2026-09-10T06:25:57,110.23,45.54
2026-09-10T06:25:58,110.43,45.74
2026-09-10T06:25:59,110.19,45.5
2026-09-10T06:26:00,110.3,45.6
2026-09-10T06:26:01,109.34,44.66
2026-09-10T06:26:02,109.36,44.69
2026-09-10T06:26:03,109.49,44.81
2026-09-10T06:26:04,109.98,45.29
2026-09-10T06:26:05,110.31,45.62
2026-09-10T06:26:06,111.01,46.31
2026-09-10T06:26:07,111.56,46.85
2026-09-10T06:26:08,112.87,48.14
2026-09-10T06:26:09,112.86,48.13
2026-09-10T06:26:10,113.89,49.15
2026-09-10T06:26:11,113.61,48.87
2026-09-10T06:26:12,113.56,48.82
2026-09-10T06:26:13,112.96,48.23
2026-09-10T06:26:14,112.22,47.5
2026-09-10T06:26:15,112.07,47.35
2026-09-10T06:26:16,112.17,47.46
2026-09-10T06:26:17,112.76,48.04
2026-09-10T06:26:18,112.7,47.98
2026-09-10T06:26:19,113.02,48.29
2026-09-10T06:26:20,112.99,48.26
2026-09-10T06:26:21,112.16,47.44
2026-09-10T06:26:22,111.96,47.25
2026-09-10T06:26:23,111.21,46.5
2026-09-10T06:26:24,110.8,46.1
2026-09-10T06:26:25,110.25,45.56
2026-09-10T06:26:26,111.53,46.82
2026-09-10T06:26:27,113.3,48.56
2026-09-10T06:26:28,114.59,49.84
2026-09-10T06:26:29,115.37,50.61
2026-09-10T06:26:30,114.76,50.0
2026-09-10T06:26:31,113.66,48.92
2026-09-10T06:26:32,113.14,48.41
2026-09-10T06:26:33,112.56,47.84
2026-09-10T06:26:34,112.16,47.44
2026-09-10T06:26:35,112.37,47.65
2026-09-10T06:26:36,114.08,49.34
2026-09-10T06:26:37,114.38,49.63
2026-09-10T06:26:38,113.36,48.62
2026-09-10T06:26:39,112.55,47.82
2026-09-10T06:26:40,112.38,47.66
2026-09-10T06:26:41,112.72,47.99
2026-09-10T06:26:42,111.82,47.1
2026-09-10T06:26:43,112.62,47.89
2026-09-10T06:26:44,111.75,47.04
2026-09-10T06:26:45,109.72,45.04
2026-09-10T06:26:46,110.41,45.72
2026-09-10T06:26:47,110.41,45.72
2026-09-10T06:26:48,110.56,45.87
2026-09-10T06:26:49,111.51,46.8
2026-09-10T06:26:50,112.51,47.78
2026-09-10T06:26:51,111.95,47.23
2026-09-10T06:26:52,112.73,48.01
2026-09-10T06:26:53,112.55,47.83
2026-09-10T06:26:54,111.55,46.84
2026-09-10T06:26:55,110.87,46.17
2026-09-10T06:26:56,110.53,45.83
2026-09-10T06:26:57,109.84,45.15
2026-09-10T06:26:58,109.33,44.65
2026-09-10T06:26:59,109.48,44.8
2026-09-10T06:27:00,108.95,44.27
2026-09-10T06:27:01,109.66,44.98
2026-09-10T06:27:02,109.34,44.66
2026-09-10T06:27:03,109.7,45.02
2026-09-10T06:27:04,109.75,45.07
2026-09-10T06:27:05,109.05,44.37
2026-09-10T06:27:06,108.93,44.25
2026-09-10T06:27:07,109.19,44.51
2026-09-10T06:27:08,108.98,44.31
2026-09-10T06:27:09,109.51,44.83
2026-09-10T06:27:10,109.39,44.71
2026-09-10T06:27:11,109.43,44.75
2026-09-10T06:27:12,109.15,44.47
2026-09-10T06:27:13,109.31,44.64
2026-09-10T06:27:14,109.2,44.53
2026-09-10T06:27:15,110.05,45.36
2026-09-10T06:27:16,111.25,46.54
2026-09-10T06:27:17,111.67,46.96
2026-09-10T06:27:18,112.08,47.36
2026-09-10T06:27:19,111.44,46.73
2026-09-10T06:27:20,110.99,46.29
2026-09-10T06:27:21,110.5,45.81
2026-09-10T06:27:22,109.69,45.0
2026-09-10T06:27:23,109.79,45.11
2026-09-10T06:27:24,109.97,45.28
2026-09-10T06:27:25,109.62,44.94
2026-09-10T06:27:26,109.73,45.05
2026-09-10T06:27:27,111.23,46.53
2026-09-10T06:27:28,112.93,48.2
2026-09-10T06:27:29,113.15,48.42
2026-09-10T06:27:30,111.68,46.96
2026-09-10T06:27:31,111.29,46.58
2026-09-10T06:27:32,111.63,46.92
2026-09-10T06:27:33,112.79,48.06
2026-09-10T06:27:34,113.55,48.82
2026-09-10T06:27:35,112.57,47.85
2026-09-10T06:27:36,112.22,47.5
2026-09-10T06:27:37,111.02,46.31
2026-09-10T06:27:38,109.65,44.96
2026-09-10T06:27:39,109.47,44.79
2026-09-10T06:27:40,109.58,44.9
2026-09-10T06:27:41,110.9,46.2
2026-09-10T06:27:42,110.99,46.29
2026-09-10T06:27:43,111.67,46.96
2026-09-10T06:27:44,110.9,46.2
2026-09-10T06:27:45,110.54,45.84
2026-09-10T06:27:46,111.54,46.83
2026-09-10T06:27:47,112.69,47.97
2026-09-10T06:27:48,113.28,48.55
2026-09-10T06:27:49,113.15,48.42
2026-09-10T06:27:50,114.44,49.69
2026-09-10T06:27:51,114.7,49.94
2026-09-10T06:27:52,113.51,48.78
2026-09-10T06:27:53,113.47,48.74
2026-09-10T06:27:54,113.68,48.94
2026-09-10T06:27:55,115.37,50.61
2026-09-10T06:27:56,118.13,53.32
2026-09-10T06:27:57,120.11,55.28
2026-09-10T06:27:58,121.48,56.63
2026-09-10T06:27:59,121.41,56.56
2026-09-10T06:28:00,123.44,58.56
2026-09-10T06:28:01,126.53,61.61
2026-09-10T06:28:02,122.18,57.32
2026-09-10T06:28:03,118.44,53.63
2026-09-10T06:28:04,116.9,52.12
2026-09-10T06:28:05,114.4,49.65
2026-09-10T06:28:06,112.69,47.97
2026-09-10T06:28:07,111.89,47.18
2026-09-10T06:28:08,111.55,46.84
2026-09-10T06:28:09,110.75,46.05
2026-09-10T06:28:10,111.5,46.79
2026-09-10T06:28:11,110.01,45.32
2026-09-10T06:28:12,110.92,46.22
2026-09-10T06:28:13,110.51,45.81
2026-09-10T06:28:14,110.87,46.17
2026-09-10T06:28:15,110.95,46.25
2026-09-10T06:28:16,111.12,46.42
2026-09-10T06:28:17,112.36,47.64
2026-09-10T06:28:18,113.44,48.71
2026-09-10T06:28:19,112.96,48.23
2026-09-10T06:28:20,113.14,48.41
2026-09-10T06:28:21,112.43,47.71
2026-09-10T06:28:22,111.74,47.03
2026-09-10T06:28:23,111.15,46.45
2026-09-10T06:28:24,110.98,46.28
2026-09-10T06:28:25,110.86,46.16
2026-09-10T06:28:26,110.83,46.13
2026-09-10T06:28:27,111.34,46.63
2026-09-10T06:28:28,111.74,47.03
2026-09-10T06:28:29,112.36,47.64
2026-09-10T06:28:30,111.33,46.62
2026-09-10T06:28:31,111.06,46.36
2026-09-10T06:28:32,110.15,45.47
2026-09-10T06:28:33,110.17,45.48
2026-09-10T06:28:34,109.54,44.86
2026-09-10T06:28:35,110.22,45.53
2026-09-10T06:28:36,109.51,44.83
2026-09-10T06:28:37,109.03,44.35
2026-09-10T06:28:38,108.68,44.01
2026-09-10T06:28:39,109.42,44.75
2026-09-10T06:28:40,108.98,44.31
2026-09-10T06:28:41,109.27,44.59
2026-09-10T06:28:42,109.26,44.59
2026-09-10T06:28:43,109.57,44.89
2026-09-10T06:28:44,109.2,44.53
2026-09-10T06:28:45,109.54,44.86
2026-09-10T06:28:46,109.58,44.9
2026-09-10T06:28:47,110.25,45.56
2026-09-10T06:28:48,111.44,46.73
2026-09-10T06:28:49,111.99,47.28
2026-09-10T06:28:50,112.77,48.04
2026-09-10T06:28:51,115.15,50.39
2026-09-10T06:28:52,110.42,45.73
2026-09-10T06:28:53,109.96,45.28
2026-09-10T06:28:54,109.66,44.97
2026-09-10T06:28:55,109.06,44.38
2026-09-10T06:28:56,109.13,44.45
2026-09-10T06:28:57,109.36,44.69
2026-09-10T06:28:58,108.92,44.25
2026-09-10T06:28:59,108.91,44.24
2026-09-10T06:29:00,108.8,44.13
2026-09-10T06:29:01,108.87,44.2
2026-09-10T06:29:02,108.47,43.8
2026-09-10T06:29:03,108.79,44.13
2026-09-10T06:29:04,109.06,44.39
2026-09-10T06:29:05,108.83,44.16
2026-09-10T06:29:06,109.19,44.52
2026-09-10T06:29:07,108.7,44.03
2026-09-10T06:29:08,109.02,44.34
2026-09-10T06:29:09,109.17,44.49
2026-09-10T06:29:10,108.8,44.13
2026-09-10T06:29:11,109.21,44.53
2026-09-10T06:29:12,109.56,44.88
2026-09-10T06:29:13,109.83,45.14
2026-09-10T06:29:14,110.17,45.48
2026-09-10T06:29:15,111.9,47.19
2026-09-10T06:29:16,111.5,46.79
2026-09-10T06:29:17,113.83,49.09
2026-09-10T06:29:18,110.36,45.67
2026-09-10T06:29:19,109.46,44.78
2026-09-10T06:29:20,109.13,44.46
2026-09-10T06:29:21,109.83,45.15
2026-09-10T06:29:22,110.16,45.47
2026-09-10T06:29:23,110.33,45.64
2026-09-10T06:29:24,110.61,45.91
2026-09-10T06:29:25,111.63,46.92
2026-09-10T06:29:26,112.0,47.29
2026-09-10T06:29:27,110.81,46.11
2026-09-10T06:29:28,110.83,46.13
2026-09-10T06:29:29,111.52,46.81
2026-09-10T06:29:30,112.12,47.41
2026-09-10T06:29:31,113.65,48.91
2026-09-10T06:29:32,113.81,49.07
2026-09-10T06:29:33,113.03,48.3
2026-09-10T06:29:34,113.46,48.72
2026-09-10T06:29:35,113.99,49.24
2026-09-10T06:29:36,113.42,48.68
2026-09-10T06:29:37,113.58,48.84
2026-09-10T06:29:38,111.81,47.09
2026-09-10T06:29:39,111.14,46.43
2026-09-10T06:29:40,110.91,46.21
2026-09-10T06:29:41,110.9,46.2
2026-09-10T06:29:42,111.03,46.33
2026-09-10T06:29:43,110.95,46.25
2026-09-10T06:29:44,111.81,47.09
2026-09-10T06:29:45,112.8,48.07
2026-09-10T06:29:46,113.21,48.48
2026-09-10T06:29:47,112.97,48.24
2026-09-10T06:29:48,113.4,48.66
2026-09-10T06:29:49,112.74,48.01
2026-09-10T06:29:50,113.74,49.0
2026-09-10T06:29:51,116.44,51.66
2026-09-10T06:29:52,115.54,50.77
2026-09-10T06:29:53,112.94,48.22
2026-09-10T06:29:54,112.09,47.38
2026-09-10T06:29:55,111.01,46.31
2026-09-10T06:29:56,110.48,45.79
2026-09-10T06:29:57,110.57,45.88
2026-09-10T06:29:58,110.77,46.08
2026-09-10T06:29:59,110.82,46.12
2026-09-10T06:30:00,111.77,47.06
