timestamp,apparent_db,calibrated_db_a
2026-08-24T00:00:05,149.7,84.45
2026-08-24T00:00:06,117.25,52.46
2026-08-24T00:00:07,117.35,52.56
2026-08-24T00:00:08,117.78,52.98
2026-08-24T00:00:09,117.27,52.48
2026-08-24T00:00:10,116.9,52.12
2026-08-24T00:00:11,117.05,52.26
2026-08-24T00:00:12,117.58,52.78
2026-08-24T00:00:13,117.37,52.58
2026-08-24T00:00:14,117.66,52.86
2026-08-24T00:00:15,117.53,52.74
2026-08-24T00:00:16,117.44,52.65
2026-08-24T00:00:17,116.85,52.06
2026-08-24T00:00:18,116.76,51.98
2026-08-24T00:00:19,116.64,51.86
2026-08-24T00:00:20,116.67,51.88
2026-08-24T00:00:21,116.22,51.44
2026-08-24T00:00:22,116.63,51.85
2026-08-24T00:00:23,117.09,52.3
2026-08-24T00:00:24,117.38,52.59
2026-08-24T00:00:25,117.21,52.42
2026-08-24T00:00:26,117.44,52.65
2026-08-24T00:00:27,117.5,52.71
2026-08-24T00:00:28,117.39,52.59
2026-08-24T00:00:29,116.87,52.08
2026-08-24T00:00:30,116.68,51.9
2026-08-24T00:00:31,116.71,51.93
2026-08-24T00:00:32,117.11,52.32
2026-08-24T00:00:33,117.36,52.56
2026-08-24T00:00:34,116.92,52.14
2026-08-24T00:00:35,117.07,52.28
2026-08-24T00:00:36,117.34,52.55
2026-08-24T00:00:37,117.34,52.55
2026-08-24T00:00:38,117.49,52.7
2026-08-24T00:00:39,117.29,52.5
2026-08-24T00:00:40,117.66,52.87
2026-08-24T00:00:41,117.24,52.45
2026-08-24T00:00:42,117.42,52.63
2026-08-24T00:00:43,117.35,52.56
2026-08-24T00:00:44,117.14,52.36
2026-08-24T00:00:45,117.28,52.49
2026-08-24T00:00:46,117.7,52.91
2026-08-24T00:00:47,117.15,52.36
2026-08-24T00:00:48,117.61,52.81
2026-08-24T00:00:49,117.92,53.13
2026-08-24T00:00:50,117.67,52.87
2026-08-24T00:00:51,118.12,53.32
2026-08-24T00:00:52,117.69,52.89
2026-08-24T00:00:53,117.35,52.56
2026-08-24T00:00:54,116.82,52.03
2026-08-24T00:00:55,117.66,52.87
2026-08-24T00:00:56,118.0,53.2
2026-08-24T00:00:57,117.54,52.75
2026-08-24T00:00:58,117.16,52.37
2026-08-24T00:00:59,117.52,52.73
2026-08-24T00:01:00,117.45,52.66
2026-08-24T00:01:01,117.38,52.59
2026-08-24T00:01:02,116.86,52.07
2026-08-24T00:01:03,116.9,52.12
2026-08-24T00:01:04,117.17,52.38
2026-08-24T00:01:05,117.47,52.67
2026-08-24T00:01:06,117.54,52.74
2026-08-24T00:01:07,117.06,52.27
2026-08-24T00:01:08,117.66,52.86
2026-08-24T00:01:09,117.39,52.59
2026-08-24T00:01:10,117.79,53.0
2026-08-24T00:01:11,118.11,53.31
2026-08-24T00:01:12,120.07,55.24
2026-08-24T00:01:13,121.53,56.68
2026-08-24T00:01:14,122.24,57.38
2026-08-24T00:01:15,122.1,57.24
2026-08-24T00:01:16,122.11,57.25
2026-08-24T00:01:17,122.15,57.29
2026-08-24T00:01:18,121.76,56.9
2026-08-24T00:01:19,121.85,56.99
2026-08-24T00:01:20,122.32,57.46
2026-08-24T00:01:21,123.16,58.29
2026-08-24T00:01:22,122.97,58.1
2026-08-24T00:01:23,123.22,58.34
2026-08-24T00:01:24,123.33,58.45
2026-08-24T00:01:25,122.87,58.0
2026-08-24T00:01:26,122.51,57.64
2026-08-24T00:01:27,123.6,58.72
2026-08-24T00:01:28,122.82,57.95
2026-08-24T00:01:29,122.22,57.36
2026-08-24T00:01:30,121.86,57.0
2026-08-24T00:01:31,122.49,57.63
2026-08-24T00:01:32,122.14,57.28
2026-08-24T00:01:33,121.58,56.73
2026-08-24T00:01:34,122.11,57.25
2026-08-24T00:01:35,122.56,57.69
2026-08-24T00:01:36,122.53,57.66
2026-08-24T00:01:37,123.09,58.22
2026-08-24T00:01:38,123.54,58.66
2026-08-24T00:01:39,124.85,59.95
2026-08-24T00:01:40,125.24,60.33
2026-08-24T00:01:41,125.69,60.78
2026-08-24T00:01:42,125.34,60.44
2026-08-24T00:01:43,125.39,60.48
2026-08-24T00:01:44,124.16,59.27
2026-08-24T00:01:45,120.87,56.03
2026-08-24T00:01:46,119.81,54.98
2026-08-24T00:01:47,119.17,54.35
2026-08-24T00:01:48,119.05,54.23
2026-08-24T00:01:49,118.09,53.29
2026-08-24T00:01:50,118.0,53.2
2026-08-24T00:01:51,117.77,52.98
2026-08-24T00:01:52,117.73,52.93
2026-08-24T00:01:53,118.09,53.29
2026-08-24T00:01:54,117.82,53.02
2026-08-24T00:01:55,118.26,53.46
2026-08-24T00:01:56,117.5,52.71
2026-08-24T00:01:57,117.93,53.14
2026-08-24T00:01:58,118.2,53.4
2026-08-24T00:01:59,118.75,53.94
2026-08-24T00:02:00,118.11,53.31
2026-08-24T00:02:01,117.67,52.88
2026-08-24T00:02:02,117.89,53.09
2026-08-24T00:02:03,118.45,53.65
2026-08-24T00:02:04,118.06,53.26
2026-08-24T00:02:05,118.07,53.27
2026-08-24T00:02:06,118.0,53.2
2026-08-24T00:02:07,117.46,52.67
2026-08-24T00:02:08,117.34,52.55
2026-08-24T00:02:09,117.89,53.09
2026-08-24T00:02:10,118.31,53.51
2026-08-24T00:02:11,117.42,52.63
2026-08-24T00:02:12,117.25,52.46
2026-08-24T00:02:13,116.99,52.2
2026-08-24T00:02:14,117.67,52.87
2026-08-24T00:02:15,117.35,52.56
2026-08-24T00:02:16,118.47,53.66
2026-08-24T00:02:17,118.02,53.22
2026-08-24T00:02:18,117.94,53.14
2026-08-24T00:02:19,117.55,52.75
2026-08-24T00:02:20,117.45,52.66
2026-08-24T00:02:21,117.77,52.97
2026-08-24T00:02:22,118.24,53.44
2026-08-24T00:02:23,117.38,52.59
2026-08-24T00:02:24,117.86,53.06
2026-08-24T00:02:25,117.14,52.35
2026-08-24T00:02:26,118.05,53.25
2026-08-24T00:02:27,117.27,52.48
2026-08-24T00:02:28,117.3,52.51
2026-08-24T00:02:29,117.49,52.7
2026-08-24T00:02:30,117.44,52.65
2026-08-24T00:02:31,117.87,53.07
2026-08-24T00:02:32,117.49,52.69
2026-08-24T00:02:33,117.43,52.64
2026-08-24T00:02:34,117.16,52.37
2026-08-24T00:02:35,117.22,52.43
2026-08-24T00:02:36,117.11,52.32
2026-08-24T00:02:37,117.11,52.32
2026-08-24T00:02:38,117.31,52.52
2026-08-24T00:02:39,117.22,52.44
2026-08-24T00:02:40,117.22,52.43
2026-08-24T00:02:41,117.44,52.65
2026-08-24T00:02:42,117.81,53.01
2026-08-24T00:02:43,117.65,52.85
2026-08-24T00:02:44,117.59,52.8
2026-08-24T00:02:45,117.94,53.14
2026-08-24T00:02:46,118.0,53.2
2026-08-24T00:02:47,117.72,52.92
2026-08-24T00:02:48,116.93,52.14
2026-08-24T00:02:49,116.65,51.87
2026-08-24T00:02:50,117.23,52.44
2026-08-24T00:02:51,117.78,52.98
2026-08-24T00:02:52,117.68,52.88
2026-08-24T00:02:53,117.46,52.67
2026-08-24T00:02:54,117.45,52.65
2026-08-24T00:02:55,117.35,52.56
2026-08-24T00:02:56,117.54,52.75
2026-08-24T00:02:57,117.42,52.63
2026-08-24T00:02:58,117.36,52.57
2026-08-24T00:02:59,117.4,52.61
2026-08-24T00:03:00,117.92,53.12
2026-08-24T00:03:01,118.18,53.38
2026-08-24T00:03:02,117.36,52.57
2026-08-24T00:03:03,118.41,53.61
2026-08-24T00:03:04,117.44,52.65
2026-08-24T00:03:05,117.74,52.95
2026-08-24T00:03:06,117.34,52.55
2026-08-24T00:03:07,117.8,53.01
2026-08-24T00:03:08,118.04,53.24
2026-08-24T00:03:09,118.39,53.58
2026-08-24T00:03:10,118.13,53.33
2026-08-24T00:03:11,118.18,53.38
2026-08-24T00:03:12,117.75,52.95
2026-08-24T00:03:13,117.83,53.03
2026-08-24T00:03:14,117.75,52.95
2026-08-24T00:03:15,117.73,52.94
2026-08-24T00:03:16,117.94,53.14
2026-08-24T00:03:17,117.29,52.5
2026-08-24T00:03:18,117.48,52.69
2026-08-24T00:03:19,117.45,52.65
2026-08-24T00:03:20,117.71,52.92
2026-08-24T00:03:21,117.62,52.82
2026-08-24T00:03:22,117.4,52.61
2026-08-24T00:03:23,117.85,53.05
2026-08-24T00:03:24,117.8,53.0
2026-08-24T00:03:25,117.13,52.35
2026-08-24T00:03:26,117.59,52.79
2026-08-24T00:03:27,117.51,52.72
2026-08-24T00:03:28,117.12,52.33
2026-08-24T00:03:29,117.1,52.31
2026-08-24T00:03:30,117.6,52.81
2026-08-24T00:03:31,117.84,53.04
2026-08-24T00:03:32,117.25,52.46
2026-08-24T00:03:33,117.43,52.63
2026-08-24T00:03:34,117.63,52.84
2026-08-24T00:03:35,117.18,52.39
2026-08-24T00:03:36,117.96,53.16
2026-08-24T00:03:37,119.98,55.15
2026-08-24T00:03:38,121.44,56.6
2026-08-24T00:03:39,121.7,56.85
2026-08-24T00:03:40,122.18,57.32
2026-08-24T00:03:41,121.85,56.99
2026-08-24T00:03:42,121.7,56.84
2026-08-24T00:03:43,121.75,56.89
2026-08-24T00:03:44,121.73,56.88
2026-08-24T00:03:45,122.42,57.56
2026-08-24T00:03:46,121.34,56.49
2026-08-24T00:03:47,121.86,57.0
2026-08-24T00:03:48,122.55,57.68
2026-08-24T00:03:49,121.8,56.94
2026-08-24T00:03:50,121.87,57.02
2026-08-24T00:03:51,122.47,57.61
2026-08-24T00:03:52,121.89,57.03
2026-08-24T00:03:53,121.95,57.09
2026-08-24T00:03:54,121.9,57.04
2026-08-24T00:03:55,121.73,56.87
2026-08-24T00:03:56,122.25,57.39
2026-08-24T00:03:57,121.95,57.1
2026-08-24T00:03:58,121.54,56.69
2026-08-24T00:03:59,121.99,57.13
2026-08-24T00:04:00,121.81,56.96
2026-08-24T00:04:01,121.56,56.71
2026-08-24T00:04:02,122.17,57.31
2026-08-24T00:04:03,121.32,56.47
2026-08-24T00:04:04,121.23,56.38
2026-08-24T00:04:05,122.12,57.26
2026-08-24T00:04:06,120.35,55.51
2026-08-24T00:04:07,117.65,52.85
2026-08-24T00:04:08,116.92,52.13
2026-08-24T00:04:09,116.59,51.81
2026-08-24T00:04:10,117.18,52.39
2026-08-24T00:04:11,116.91,52.12
2026-08-24T00:04:12,117.26,52.47
2026-08-24T00:04:13,116.54,51.76
2026-08-24T00:04:14,116.98,52.2
2026-08-24T00:04:15,117.47,52.67
2026-08-24T00:04:16,117.31,52.51
2026-08-24T00:04:17,117.34,52.55
2026-08-24T00:04:18,117.65,52.86
2026-08-24T00:04:19,117.34,52.55
2026-08-24T00:04:20,117.73,52.94
2026-08-24T00:04:21,116.97,52.18
2026-08-24T00:04:22,117.35,52.56
2026-08-24T00:04:23,117.27,52.48
2026-08-24T00:04:24,117.41,52.62
2026-08-24T00:04:25,117.37,52.57
2026-08-24T00:04:26,117.31,52.52
2026-08-24T00:04:27,117.85,53.05
2026-08-24T00:04:28,117.08,52.29
2026-08-24T00:04:29,117.17,52.38
2026-08-24T00:04:30,117.7,52.91
2026-08-24T00:04:31,117.37,52.58
2026-08-24T00:04:32,117.83,53.04
2026-08-24T00:04:33,117.54,52.74
2026-08-24T00:04:34,117.77,52.97
2026-08-24T00:04:35,117.65,52.86
2026-08-24T00:04:36,117.78,52.98
2026-08-24T00:04:37,117.44,52.65
2026-08-24T00:04:38,117.23,52.44
2026-08-24T00:04:39,117.67,52.87
2026-08-24T00:04:40,116.97,52.19
2026-08-24T00:04:41,117.17,52.38
2026-08-24T00:04:42,116.95,52.16
2026-08-24T00:04:43,117.25,52.46
2026-08-24T00:04:44,117.71,52.91
2026-08-24T00:04:45,116.97,52.18
2026-08-24T00:04:46,117.67,52.87
2026-08-24T00:04:47,117.85,53.05
2026-08-24T00:04:48,117.45,52.66
2026-08-24T00:04:49,117.98,53.18
2026-08-24T00:04:50,117.64,52.84
2026-08-24T00:04:51,117.42,52.63
2026-08-24T00:04:52,117.32,52.53
2026-08-24T00:04:53,117.37,52.58
2026-08-24T00:04:54,117.3,52.51
2026-08-24T00:04:55,117.36,52.57
2026-08-24T00:04:56,117.8,53.01
2026-08-24T00:04:57,117.86,53.06
2026-08-24T00:04:58,118.75,53.94
2026-08-24T00:04:59,117.72,52.92
2026-08-24T00:05:00,118.77,53.96
2026-08-24T00:05:01,118.59,53.78
2026-08-24T00:05:02,118.22,53.41
2026-08-24T00:05:03,118.35,53.54
2026-08-24T00:05:04,119.06,54.25
2026-08-24T00:05:05,118.89,54.07
2026-08-24T00:05:06,118.22,53.42
2026-08-24T00:05:07,118.82,54.01
2026-08-24T00:05:08,118.48,53.67
2026-08-24T00:05:09,118.08,53.28
2026-08-24T00:05:10,118.28,53.48
2026-08-24T00:05:11,118.25,53.44
2026-08-24T00:05:12,118.17,53.37
2026-08-24T00:05:13,117.96,53.16
2026-08-24T00:05:14,117.95,53.15
2026-08-24T00:05:15,117.93,53.13
2026-08-24T00:05:16,117.73,52.93
2026-08-24T00:05:17,118.55,53.74
2026-08-24T00:05:18,118.63,53.82
2026-08-24T00:05:19,118.59,53.78
2026-08-24T00:05:20,118.41,53.6
2026-08-24T00:05:21,118.37,53.56
2026-08-24T00:05:22,118.73,53.92
2026-08-24T00:05:23,118.94,54.13
2026-08-24T00:05:24,118.25,53.45
2026-08-24T00:05:25,118.0,53.2
2026-08-24T00:05:26,118.41,53.6
2026-08-24T00:05:27,118.77,53.96
2026-08-24T00:05:28,118.36,53.56
2026-08-24T00:05:29,118.35,53.54
2026-08-24T00:05:30,117.85,53.05
2026-08-24T00:05:31,117.67,52.87
2026-08-24T00:05:32,117.27,52.48
2026-08-24T00:05:33,117.87,53.08
2026-08-24T00:05:34,118.1,53.3
2026-08-24T00:05:35,118.3,53.5
2026-08-24T00:05:36,118.32,53.52
2026-08-24T00:05:37,119.23,54.41
2026-08-24T00:05:38,118.62,53.81
2026-08-24T00:05:39,118.05,53.25
2026-08-24T00:05:40,118.21,53.4
2026-08-24T00:05:41,118.46,53.66
2026-08-24T00:05:42,117.65,52.86
2026-08-24T00:05:43,118.13,53.33
2026-08-24T00:05:44,118.38,53.58
2026-08-24T00:05:45,117.79,52.99
2026-08-24T00:05:46,118.3,53.49
2026-08-24T00:05:47,117.28,52.49
2026-08-24T00:05:48,116.79,52.0
2026-08-24T00:05:49,117.71,52.91
2026-08-24T00:05:50,117.81,53.01
2026-08-24T00:05:51,117.74,52.95
2026-08-24T00:05:52,117.69,52.89
2026-08-24T00:05:53,117.37,52.58
2026-08-24T00:05:54,117.54,52.74
2026-08-24T00:05:55,116.8,52.02
2026-08-24T00:05:56,119.07,54.25
2026-08-24T00:05:57,120.84,56.0
2026-08-24T00:05:58,121.41,56.56
2026-08-24T00:05:59,122.91,58.04
2026-08-24T00:06:00,121.67,56.82
2026-08-24T00:06:01,121.78,56.92
2026-08-24T00:06:02,122.0,57.14
2026-08-24T00:06:03,122.74,57.87
2026-08-24T00:06:04,122.21,57.35
2026-08-24T00:06:05,121.67,56.82
2026-08-24T00:06:06,122.59,57.73
2026-08-24T00:06:07,122.31,57.45
2026-08-24T00:06:08,121.79,56.94
2026-08-24T00:06:09,121.97,57.12
2026-08-24T00:06:10,122.38,57.52
2026-08-24T00:06:11,122.17,57.31
2026-08-24T00:06:12,122.22,57.36
2026-08-24T00:06:13,123.06,58.19
2026-08-24T00:06:14,122.17,57.31
2026-08-24T00:06:15,122.11,57.25
2026-08-24T00:06:16,122.46,57.6
2026-08-24T00:06:17,122.68,57.81
2026-08-24T00:06:18,122.2,57.34
2026-08-24T00:06:19,122.53,57.67
2026-08-24T00:06:20,123.13,58.25
2026-08-24T00:06:21,123.21,58.34
2026-08-24T00:06:22,123.13,58.26
2026-08-24T00:06:23,122.82,57.95
2026-08-24T00:06:24,123.15,58.27
2026-08-24T00:06:25,121.49,56.64
2026-08-24T00:06:26,118.28,53.48
2026-08-24T00:06:27,118.1,53.3
2026-08-24T00:06:28,117.92,53.12
2026-08-24T00:06:29,117.49,52.7
2026-08-24T00:06:30,118.22,53.41
2026-08-24T00:06:31,120.79,55.95
2026-08-24T00:06:32,128.1,63.15
2026-08-24T00:06:33,117.7,52.91
2026-08-24T00:06:34,117.34,52.55
2026-08-24T00:06:35,118.15,53.35
2026-08-24T00:06:36,117.75,52.95
2026-08-24T00:06:37,122.64,57.78
2026-08-24T00:06:38,131.82,66.82
2026-08-24T00:06:39,117.19,52.4
2026-08-24T00:06:40,117.34,52.55
2026-08-24T00:06:41,117.06,52.27
2026-08-24T00:06:42,117.69,52.89
2026-08-24T00:06:43,117.66,52.87
2026-08-24T00:06:44,118.06,53.26
2026-08-24T00:06:45,117.89,53.09
2026-08-24T00:06:46,117.85,53.05
2026-08-24T00:06:47,118.14,53.34
2026-08-24T00:06:48,118.39,53.58
2026-08-24T00:06:49,117.82,53.02
2026-08-24T00:06:50,117.78,52.98
2026-08-24T00:06:51,117.73,52.93
2026-08-24T00:06:52,117.33,52.54
2026-08-24T00:06:53,117.72,52.92
2026-08-24T00:06:54,117.95,53.15
2026-08-24T00:06:55,117.7,52.91
2026-08-24T00:06:56,118.26,53.46
2026-08-24T00:06:57,118.43,53.62
2026-08-24T00:06:58,117.69,52.89
2026-08-24T00:06:59,117.02,52.23
2026-08-24T00:07:00,117.56,52.76
2026-08-24T00:07:01,117.37,52.58
2026-08-24T00:07:02,117.26,52.47
2026-08-24T00:07:03,123.91,59.03
2026-08-24T00:07:04,117.28,52.49
2026-08-24T00:07:05,131.6,66.61
2026-08-24T00:07:06,122.49,57.62
2026-08-24T00:07:07,117.76,52.96
2026-08-24T00:07:08,117.34,52.55
2026-08-24T00:07:09,118.06,53.26
2026-08-24T00:07:10,118.52,53.71
2026-08-24T00:07:11,117.79,52.99
2026-08-24T00:07:12,117.43,52.64
2026-08-24T00:07:13,117.18,52.39
2026-08-24T00:07:14,117.65,52.86
2026-08-24T00:07:15,117.52,52.73
2026-08-24T00:07:16,117.07,52.28
2026-08-24T00:07:17,116.94,52.15
2026-08-24T00:07:18,116.85,52.07
2026-08-24T00:07:19,117.1,52.32
2026-08-24T00:07:20,116.87,52.08
2026-08-24T00:07:21,117.62,52.83
2026-08-24T00:07:22,117.46,52.67
2026-08-24T00:07:23,118.39,53.58
2026-08-24T00:07:24,117.75,52.95
2026-08-24T00:07:25,117.88,53.08
2026-08-24T00:07:26,118.14,53.34
2026-08-24T00:07:27,117.85,53.05
2026-08-24T00:07:28,118.02,53.22
2026-08-24T00:07:29,118.55,53.74
2026-08-24T00:07:30,117.69,52.89
2026-08-24T00:07:31,117.16,52.37
2026-08-24T00:07:32,116.96,52.18
2026-08-24T00:07:33,117.14,52.36
2026-08-24T00:07:34,117.7,52.91
2026-08-24T00:07:35,117.65,52.85
2026-08-24T00:07:36,117.62,52.82
2026-08-24T00:07:37,118.22,53.42
2026-08-24T00:07:38,118.24,53.44
2026-08-24T00:07:39,119.29,54.47
2026-08-24T00:07:40,120.04,55.21
2026-08-24T00:07:41,117.96,53.16
2026-08-24T00:07:42,117.88,53.09
2026-08-24T00:07:43,117.37,52.58
2026-08-24T00:07:44,117.2,52.41
2026-08-24T00:07:45,117.66,52.87
2026-08-24T00:07:46,117.42,52.63
2026-08-24T00:07:47,117.8,53.01
2026-08-24T00:07:48,117.92,53.12
2026-08-24T00:07:49,117.95,53.15
2026-08-24T00:07:50,117.81,53.01
2026-08-24T00:07:51,117.74,52.94
2026-08-24T00:07:52,118.46,53.66
2026-08-24T00:07:53,118.34,53.54
2026-08-24T00:07:54,117.76,52.96
2026-08-24T00:07:55,117.8,53.0
2026-08-24T00:07:56,117.68,52.89
2026-08-24T00:07:57,117.26,52.47
2026-08-24T00:07:58,117.54,52.74
2026-08-24T00:07:59,117.55,52.76
2026-08-24T00:08:00,118.02,53.22
2026-08-24T00:08:01,118.11,53.31
2026-08-24T00:08:02,118.46,53.65
2026-08-24T00:08:03,118.51,53.7
2026-08-24T00:08:04,118.47,53.66
2026-08-24T00:08:05,118.24,53.43
2026-08-24T00:08:06,118.09,53.29
2026-08-24T00:08:07,117.76,52.97
2026-08-24T00:08:08,117.65,52.85
2026-08-24T00:08:09,118.61,53.8
2026-08-24T00:08:10,118.64,53.83
2026-08-24T00:08:11,118.46,53.65
2026-08-24T00:08:12,118.28,53.47
2026-08-24T00:08:13,118.14,53.34
2026-08-24T00:08:14,118.29,53.49
2026-08-24T00:08:15,118.12,53.32
2026-08-24T00:08:16,118.48,53.68
2026-08-24T00:08:17,118.42,53.62
2026-08-24T00:08:18,118.19,53.39
2026-08-24T00:08:19,118.47,53.67
2026-08-24T00:08:20,118.45,53.64
2026-08-24T00:08:21,118.07,53.27
2026-08-24T00:08:22,118.57,53.76
2026-08-24T00:08:23,120.0,55.17
2026-08-24T00:08:24,121.53,56.68
2026-08-24T00:08:25,122.26,57.4
2026-08-24T00:08:26,122.56,57.69
2026-08-24T00:08:27,122.49,57.63
2026-08-24T00:08:28,122.72,57.85
2026-08-24T00:08:29,122.63,57.76
2026-08-24T00:08:30,122.61,57.75
2026-08-24T00:08:31,122.98,58.1
2026-08-24T00:08:32,122.91,58.04
2026-08-24T00:08:33,122.96,58.09
2026-08-24T00:08:34,123.09,58.22
2026-08-24T00:08:35,122.95,58.08
2026-08-24T00:08:36,122.93,58.06
2026-08-24T00:08:37,122.98,58.1
2026-08-24T00:08:38,122.65,57.78
2026-08-24T00:08:39,122.5,57.64
2026-08-24T00:08:40,123.16,58.28
2026-08-24T00:08:41,122.45,57.59
2026-08-24T00:08:42,122.41,57.55
2026-08-24T00:08:43,121.92,57.07
2026-08-24T00:08:44,121.73,56.88
2026-08-24T00:08:45,122.11,57.25
2026-08-24T00:08:46,122.12,57.26
2026-08-24T00:08:47,122.33,57.46
2026-08-24T00:08:48,122.37,57.5
2026-08-24T00:08:49,122.54,57.68
2026-08-24T00:08:50,122.32,57.45
2026-08-24T00:08:51,122.22,57.36
2026-08-24T00:08:52,120.52,55.68
2026-08-24T00:08:53,118.56,53.76
2026-08-24T00:08:54,117.39,52.6
2026-08-24T00:08:55,117.71,52.91
2026-08-24T00:08:56,117.73,52.93
2026-08-24T00:08:57,117.58,52.78
2026-08-24T00:08:58,117.45,52.66
2026-08-24T00:08:59,117.39,52.6
2026-08-24T00:09:00,117.5,52.7
2026-08-24T00:09:01,117.62,52.82
2026-08-24T00:09:02,117.92,53.12
2026-08-24T00:09:03,117.96,53.16
2026-08-24T00:09:04,118.7,53.89
2026-08-24T00:09:05,118.53,53.72
2026-08-24T00:09:06,118.13,53.32
2026-08-24T00:09:07,117.98,53.18
2026-08-24T00:09:08,118.06,53.25
2026-08-24T00:09:09,118.52,53.71
2026-08-24T00:09:10,118.36,53.55
2026-08-24T00:09:11,118.08,53.28
2026-08-24T00:09:12,117.67,52.88
2026-08-24T00:09:13,118.23,53.43
2026-08-24T00:09:14,118.16,53.36
2026-08-24T00:09:15,117.37,52.58
2026-08-24T00:09:16,117.74,52.94
2026-08-24T00:09:17,117.64,52.84
2026-08-24T00:09:18,117.92,53.12
2026-08-24T00:09:19,118.12,53.32
2026-08-24T00:09:20,117.75,52.96
2026-08-24T00:09:21,117.6,52.8
2026-08-24T00:09:22,117.89,53.09
2026-08-24T00:09:23,117.9,53.1
2026-08-24T00:09:24,118.64,53.83
2026-08-24T00:09:25,117.58,52.79
2026-08-24T00:09:26,118.3,53.5
2026-08-24T00:09:27,118.53,53.72
2026-08-24T00:09:28,118.47,53.66
2026-08-24T00:09:29,118.37,53.56
2026-08-24T00:09:30,118.16,53.36
2026-08-24T00:09:31,118.33,53.53
2026-08-24T00:09:32,118.61,53.8
2026-08-24T00:09:33,118.5,53.69
2026-08-24T00:09:34,118.2,53.4
2026-08-24T00:09:35,118.33,53.52
2026-08-24T00:09:36,118.23,53.42
2026-08-24T00:09:37,118.29,53.49
2026-08-24T00:09:38,118.4,53.59
2026-08-24T00:09:39,117.98,53.18
2026-08-24T00:09:40,117.98,53.18
2026-08-24T00:09:41,118.29,53.48
2026-08-24T00:09:42,118.27,53.46
2026-08-24T00:09:43,118.17,53.37
2026-08-24T00:09:44,118.38,53.57
2026-08-24T00:09:45,118.19,53.38
2026-08-24T00:09:46,118.48,53.68
2026-08-24T00:09:47,118.41,53.6
2026-08-24T00:09:48,118.61,53.8
2026-08-24T00:09:49,118.26,53.46
2026-08-24T00:09:50,118.49,53.68
2026-08-24T00:09:51,118.14,53.34
2026-08-24T00:09:52,117.77,52.98
2026-08-24T00:09:53,117.71,52.92
2026-08-24T00:09:54,118.0,53.2
2026-08-24T00:09:55,118.64,53.83
2026-08-24T00:09:56,118.47,53.66
2026-08-24T00:09:57,118.14,53.34
2026-08-24T00:09:58,117.89,53.09
2026-08-24T00:09:59,117.92,53.12
2026-08-24T00:10:00,117.88,53.08
2026-08-24T00:10:01,117.91,53.11
2026-08-24T00:10:02,118.19,53.39
2026-08-24T00:10:03,117.93,53.13
2026-08-24T00:10:04,117.97,53.17
2026-08-24T00:10:05,117.68,52.89
2026-08-24T00:10:06,117.38,52.59
2026-08-24T00:10:07,117.56,52.77
2026-08-24T00:10:08,117.54,52.75
2026-08-24T00:10:09,117.67,52.87
2026-08-24T00:10:10,118.18,53.38
2026-08-24T00:10:11,118.35,53.55
2026-08-24T00:10:12,118.86,54.05
2026-08-24T00:10:13,121.23,56.39
2026-08-24T00:10:14,122.91,58.04
2026-08-24T00:10:15,123.44,58.56
2026-08-24T00:10:16,124.5,59.61
2026-08-24T00:10:17,125.41,60.5
2026-08-24T00:10:18,125.8,60.88
2026-08-24T00:10:19,126.02,61.11
2026-08-24T00:10:20,124.66,59.76
2026-08-24T00:10:21,123.78,58.9
2026-08-24T00:10:22,123.39,58.51
2026-08-24T00:10:23,123.29,58.41
2026-08-24T00:10:24,123.21,58.34
2026-08-24T00:10:25,123.29,58.42
2026-08-24T00:10:26,123.0,58.13
2026-08-24T00:10:27,122.61,57.75
2026-08-24T00:10:28,122.72,57.85
2026-08-24T00:10:29,122.58,57.71
2026-08-24T00:10:30,122.68,57.81
2026-08-24T00:10:31,122.92,58.05
2026-08-24T00:10:32,123.14,58.26
2026-08-24T00:10:33,123.05,58.18
2026-08-24T00:10:34,122.99,58.12
2026-08-24T00:10:35,122.64,57.77
2026-08-24T00:10:36,122.83,57.96
2026-08-24T00:10:37,123.19,58.31
2026-08-24T00:10:38,123.17,58.3
2026-08-24T00:10:39,123.24,58.36
2026-08-24T00:10:40,122.89,58.02
2026-08-24T00:10:41,123.64,58.76
2026-08-24T00:10:42,120.26,55.43
2026-08-24T00:10:43,118.5,53.7
2026-08-24T00:10:44,117.88,53.08
2026-08-24T00:10:45,117.19,52.4
2026-08-24T00:10:46,116.52,51.74
2026-08-24T00:10:47,117.21,52.42
2026-08-24T00:10:48,117.77,52.98
2026-08-24T00:10:49,117.63,52.84
2026-08-24T00:10:50,117.82,53.02
2026-08-24T00:10:51,116.67,51.89
2026-08-24T00:10:52,117.38,52.59
2026-08-24T00:10:53,117.63,52.84
2026-08-24T00:10:54,117.54,52.75
2026-08-24T00:10:55,117.57,52.77
2026-08-24T00:10:56,118.07,53.27
2026-08-24T00:10:57,117.44,52.64
2026-08-24T00:10:58,117.61,52.82
2026-08-24T00:10:59,117.28,52.49
2026-08-24T00:11:00,117.45,52.65
2026-08-24T00:11:01,117.4,52.61
2026-08-24T00:11:02,117.78,52.99
2026-08-24T00:11:03,117.05,52.27
2026-08-24T00:11:04,117.29,52.5
2026-08-24T00:11:05,117.18,52.39
2026-08-24T00:11:06,117.55,52.75
2026-08-24T00:11:07,118.02,53.21
2026-08-24T00:11:08,117.76,52.96
2026-08-24T00:11:09,118.19,53.38
2026-08-24T00:11:10,117.84,53.04
2026-08-24T00:11:11,119.08,54.27
2026-08-24T00:11:12,118.05,53.25
2026-08-24T00:11:13,117.13,52.35
2026-08-24T00:11:14,117.31,52.52
2026-08-24T00:11:15,117.16,52.37
2026-08-24T00:11:16,117.69,52.9
2026-08-24T00:11:17,117.6,52.81
2026-08-24T00:11:18,117.93,53.13
2026-08-24T00:11:19,118.16,53.36
2026-08-24T00:11:20,117.95,53.15
2026-08-24T00:11:21,117.65,52.86
2026-08-24T00:11:22,117.47,52.67
2026-08-24T00:11:23,117.47,52.68
2026-08-24T00:11:24,118.27,53.47
2026-08-24T00:11:25,118.15,53.35
2026-08-24T00:11:26,118.23,53.43
2026-08-24T00:11:27,118.22,53.42
2026-08-24T00:11:28,118.16,53.35
2026-08-24T00:11:29,118.31,53.5
2026-08-24T00:11:30,117.7,52.91
2026-08-24T00:11:31,118.07,53.27
2026-08-24T00:11:32,118.5,53.69
2026-08-24T00:11:33,118.68,53.87
2026-08-24T00:11:34,117.83,53.04
2026-08-24T00:11:35,117.91,53.11
2026-08-24T00:11:36,117.96,53.16
2026-08-24T00:11:37,118.06,53.26
2026-08-24T00:11:38,118.53,53.72
2026-08-24T00:11:39,118.07,53.26
2026-08-24T00:11:40,118.0,53.2
2026-08-24T00:11:41,118.44,53.63
2026-08-24T00:11:42,117.78,52.98
2026-08-24T00:11:43,118.37,53.56
2026-08-24T00:11:44,118.1,53.3
2026-08-24T00:11:45,118.2,53.4
2026-08-24T00:11:46,118.23,53.43
2026-08-24T00:11:47,118.23,53.43
2026-08-24T00:11:48,118.4,53.6
2026-08-24T00:11:49,118.03,53.23
2026-08-24T00:11:50,118.07,53.27
2026-08-24T00:11:51,118.18,53.37
2026-08-24T00:11:52,118.06,53.26
2026-08-24T00:11:53,117.87,53.07
2026-08-24T00:11:54,118.08,53.28
2026-08-24T00:11:55,118.37,53.57
2026-08-24T00:11:56,118.77,53.96
2026-08-24T00:11:57,118.88,54.07
2026-08-24T00:11:58,118.78,53.97
2026-08-24T00:11:59,118.88,54.06
2026-08-24T00:12:00,118.59,53.79
2026-08-24T00:12:01,118.79,53.98
2026-08-24T00:12:02,118.28,53.48
2026-08-24T00:12:03,118.44,53.63
2026-08-24T00:12:04,118.68,53.87
2026-08-24T00:12:05,120.38,55.55
2026-08-24T00:12:06,120.87,56.03
2026-08-24T00:12:07,122.81,57.94
2026-08-24T00:12:08,123.56,58.68
2026-08-24T00:12:09,124.06,59.17
2026-08-24T00:12:10,126.53,61.61
2026-08-24T00:12:11,121.33,56.49
2026-08-24T00:12:12,120.14,55.31
2026-08-24T00:12:13,119.25,54.43
2026-08-24T00:12:14,118.71,53.9
2026-08-24T00:12:15,118.58,53.78
2026-08-24T00:12:16,117.72,52.92
2026-08-24T00:12:17,117.46,52.67
2026-08-24T00:12:18,117.37,52.58
2026-08-24T00:12:19,117.86,53.06
2026-08-24T00:12:20,117.08,52.29
2026-08-24T00:12:21,117.22,52.43
2026-08-24T00:12:22,116.86,52.07
2026-08-24T00:12:23,117.16,52.37
2026-08-24T00:12:24,118.55,53.74
2026-08-24T00:12:25,120.7,55.86
2026-08-24T00:12:26,121.93,57.08
2026-08-24T00:12:27,121.52,56.67
2026-08-24T00:12:28,121.79,56.93
2026-08-24T00:12:29,122.55,57.69
2026-08-24T00:12:30,121.7,56.85
2026-08-24T00:12:31,121.82,56.96
2026-08-24T00:12:32,121.74,56.89
2026-08-24T00:12:33,121.64,56.79
2026-08-24T00:12:34,121.74,56.89
2026-08-24T00:12:35,121.74,56.89
2026-08-24T00:12:36,121.31,56.46
2026-08-24T00:12:37,120.99,56.14
2026-08-24T00:12:38,121.02,56.18
2026-08-24T00:12:39,121.71,56.86
2026-08-24T00:12:40,122.95,58.08
2026-08-24T00:12:41,121.97,57.11
2026-08-24T00:12:42,121.99,57.14
2026-08-24T00:12:43,121.27,56.43
2026-08-24T00:12:44,120.84,56.0
2026-08-24T00:12:45,121.85,56.99
2026-08-24T00:12:46,121.12,56.28
2026-08-24T00:12:47,121.11,56.26
2026-08-24T00:12:48,121.4,56.55
2026-08-24T00:12:49,121.38,56.53
2026-08-24T00:12:50,121.46,56.61
2026-08-24T00:12:51,121.54,56.69
2026-08-24T00:12:52,121.13,56.29
2026-08-24T00:12:53,120.08,55.25
2026-08-24T00:12:54,117.06,52.28
2026-08-24T00:12:55,116.61,51.83
2026-08-24T00:12:56,116.55,51.77
2026-08-24T00:12:57,117.23,52.44
2026-08-24T00:12:58,116.95,52.17
2026-08-24T00:12:59,117.16,52.37
2026-08-24T00:13:00,118.31,53.5
2026-08-24T00:13:01,117.46,52.67
2026-08-24T00:13:02,117.2,52.41
2026-08-24T00:13:03,117.23,52.45
2026-08-24T00:13:04,117.12,52.33
2026-08-24T00:13:05,116.56,51.78
2026-08-24T00:13:06,116.85,52.07
2026-08-24T00:13:07,117.06,52.28
2026-08-24T00:13:08,117.23,52.44
2026-08-24T00:13:09,116.8,52.01
2026-08-24T00:13:10,116.35,51.57
2026-08-24T00:13:11,117.1,52.31
2026-08-24T00:13:12,116.89,52.1
2026-08-24T00:13:13,117.18,52.39
2026-08-24T00:13:14,117.45,52.65
2026-08-24T00:13:15,117.23,52.44
2026-08-24T00:13:16,117.52,52.73
2026-08-24T00:13:17,117.02,52.24
2026-08-24T00:13:18,117.03,52.24
2026-08-24T00:13:19,116.64,51.86
2026-08-24T00:13:20,116.62,51.84
2026-08-24T00:13:21,116.75,51.97
2026-08-24T00:13:22,117.06,52.27
2026-08-24T00:13:23,117.72,52.92
2026-08-24T00:13:24,121.91,57.05
2026-08-24T00:13:25,119.3,54.48
2026-08-24T00:13:26,116.9,52.12
2026-08-24T00:13:27,117.16,52.37
2026-08-24T00:13:28,117.19,52.41
2026-08-24T00:13:29,117.42,52.63
2026-08-24T00:13:30,117.38,52.59
2026-08-24T00:13:31,116.84,52.06
2026-08-24T00:13:32,116.78,52.0
2026-08-24T00:13:33,116.75,51.96
2026-08-24T00:13:34,116.79,52.01
2026-08-24T00:13:35,116.85,52.07
2026-08-24T00:13:36,117.42,52.63
2026-08-24T00:13:37,116.62,51.84
2026-08-24T00:13:38,116.81,52.03
2026-08-24T00:13:39,116.52,51.74
2026-08-24T00:13:40,116.73,51.94
2026-08-24T00:13:41,116.32,51.54
2026-08-24T00:13:42,116.65,51.87
2026-08-24T00:13:43,117.43,52.63
2026-08-24T00:13:44,117.02,52.24
2026-08-24T00:13:45,116.56,51.78
2026-08-24T00:13:46,117.39,52.6
2026-08-24T00:13:47,116.77,51.99
2026-08-24T00:13:48,116.62,51.84
2026-08-24T00:13:49,116.82,52.03
2026-08-24T00:13:50,116.59,51.81
2026-08-24T00:13:51,116.44,51.66
2026-08-24T00:13:52,116.75,51.96
2026-08-24T00:13:53,116.58,51.8
2026-08-24T00:13:54,116.64,51.86
2026-08-24T00:13:55,116.67,51.89
2026-08-24T00:13:56,116.77,51.99
2026-08-24T00:13:57,116.94,52.15
2026-08-24T00:13:58,116.53,51.75
2026-08-24T00:13:59,116.46,51.68
2026-08-24T00:14:00,117.16,52.37
2026-08-24T00:14:01,117.1,52.31
2026-08-24T00:14:02,116.53,51.76
2026-08-24T00:14:03,116.38,51.6
2026-08-24T00:14:04,117.06,52.27
2026-08-24T00:14:05,117.12,52.33
2026-08-24T00:14:06,116.85,52.07
2026-08-24T00:14:07,116.98,52.19
2026-08-24T00:14:08,116.66,51.88
2026-08-24T00:14:09,117.12,52.33
2026-08-24T00:14:10,116.52,51.74
2026-08-24T00:14:11,116.77,51.99
2026-08-24T00:14:12,116.48,51.7
2026-08-24T00:14:13,116.33,51.55
2026-08-24T00:14:14,116.29,51.51
2026-08-24T00:14:15,116.59,51.8
2026-08-24T00:14:16,117.31,52.52
2026-08-24T00:14:17,117.62,52.83
2026-08-24T00:14:18,116.85,52.07
2026-08-24T00:14:19,117.4,52.61
2026-08-24T00:14:20,116.49,51.71
2026-08-24T00:14:21,116.77,51.99
2026-08-24T00:14:22,116.74,51.95
2026-08-24T00:14:23,116.71,51.92
2026-08-24T00:14:24,116.76,51.98
2026-08-24T00:14:25,116.61,51.83
2026-08-24T00:14:26,116.44,51.66
2026-08-24T00:14:27,116.56,51.78
2026-08-24T00:14:28,116.62,51.84
2026-08-24T00:14:29,116.21,51.43
2026-08-24T00:14:30,116.45,51.67
2026-08-24T00:14:31,116.55,51.77
2026-08-24T00:14:32,116.42,51.64
2026-08-24T00:14:33,116.39,51.62
2026-08-24T00:14:34,116.29,51.51
2026-08-24T00:14:35,116.85,52.06
2026-08-24T00:14:36,116.69,51.91
2026-08-24T00:14:37,117.0,52.22
2026-08-24T00:14:38,116.89,52.11
2026-08-24T00:14:39,117.32,52.53
2026-08-24T00:14:40,117.12,52.33
2026-08-24T00:14:41,119.94,55.12
2026-08-24T00:14:42,120.84,56.0
2026-08-24T00:14:43,121.45,56.6
2026-08-24T00:14:44,121.43,56.58
2026-08-24T00:14:45,121.07,56.23
2026-08-24T00:14:46,120.97,56.13
2026-08-24T00:14:47,121.31,56.47
2026-08-24T00:14:48,121.64,56.79
2026-08-24T00:14:49,121.2,56.35
2026-08-24T00:14:50,121.72,56.87
2026-08-24T00:14:51,122.21,57.35
2026-08-24T00:14:52,121.91,57.05
2026-08-24T00:14:53,121.61,56.76
2026-08-24T00:14:54,121.52,56.67
2026-08-24T00:14:55,121.42,56.57
2026-08-24T00:14:56,121.74,56.89
2026-08-24T00:14:57,121.56,56.7
2026-08-24T00:14:58,121.69,56.84
2026-08-24T00:14:59,122.03,57.17
2026-08-24T00:15:00,122.32,57.46
2026-08-24T00:15:01,121.89,57.03
2026-08-24T00:15:02,121.79,56.94
2026-08-24T00:15:03,121.73,56.88
2026-08-24T00:15:04,122.05,57.19
2026-08-24T00:15:05,122.41,57.54
2026-08-24T00:15:06,122.18,57.32
2026-08-24T00:15:07,122.06,57.2
2026-08-24T00:15:08,121.74,56.89
2026-08-24T00:15:09,121.65,56.79
2026-08-24T00:15:10,118.48,53.67
2026-08-24T00:15:11,117.41,52.62
2026-08-24T00:15:12,116.58,51.8
2026-08-24T00:15:13,116.97,52.18
2026-08-24T00:15:14,117.11,52.32
2026-08-24T00:15:15,116.57,51.79
2026-08-24T00:15:16,117.09,52.3
2026-08-24T00:15:17,117.06,52.28
2026-08-24T00:15:18,117.08,52.29
2026-08-24T00:15:19,117.23,52.44
2026-08-24T00:15:20,117.0,52.22
2026-08-24T00:15:21,116.82,52.03
2026-08-24T00:15:22,117.33,52.54
2026-08-24T00:15:23,117.32,52.53
2026-08-24T00:15:24,117.01,52.22
2026-08-24T00:15:25,116.92,52.14
2026-08-24T00:15:26,117.21,52.42
2026-08-24T00:15:27,116.68,51.89
2026-08-24T00:15:28,117.15,52.36
2026-08-24T00:15:29,116.9,52.11
2026-08-24T00:15:30,117.02,52.24
2026-08-24T00:15:31,117.11,52.32
2026-08-24T00:15:32,117.2,52.42
2026-08-24T00:15:33,117.13,52.34
2026-08-24T00:15:34,117.09,52.3
2026-08-24T00:15:35,117.14,52.35
2026-08-24T00:15:36,116.89,52.1
2026-08-24T00:15:37,117.25,52.46
2026-08-24T00:15:38,117.37,52.58
2026-08-24T00:15:39,117.06,52.27
2026-08-24T00:15:40,116.82,52.04
2026-08-24T00:15:41,117.05,52.26
2026-08-24T00:15:42,116.91,52.12
2026-08-24T00:15:43,116.81,52.03
2026-08-24T00:15:44,117.02,52.23
2026-08-24T00:15:45,117.19,52.4
2026-08-24T00:15:46,117.02,52.23
2026-08-24T00:15:47,117.67,52.87
2026-08-24T00:15:48,117.64,52.84
2026-08-24T00:15:49,117.57,52.77
2026-08-24T00:15:50,117.88,53.08
2026-08-24T00:15:51,116.6,51.82
2026-08-24T00:15:52,117.74,52.95
2026-08-24T00:15:53,117.66,52.86
2026-08-24T00:15:54,117.68,52.88
2026-08-24T00:15:55,117.99,53.19
2026-08-24T00:15:56,117.44,52.65
2026-08-24T00:15:57,117.78,52.99
2026-08-24T00:15:58,117.34,52.55
2026-08-24T00:15:59,117.6,52.81
2026-08-24T00:16:00,117.32,52.53
2026-08-24T00:16:01,117.37,52.58
2026-08-24T00:16:02,117.55,52.76
2026-08-24T00:16:03,117.58,52.79
2026-08-24T00:16:04,117.28,52.49
2026-08-24T00:16:05,117.2,52.41
2026-08-24T00:16:06,117.12,52.33
2026-08-24T00:16:07,117.31,52.52
2026-08-24T00:16:08,117.62,52.83
2026-08-24T00:16:09,117.53,52.73
2026-08-24T00:16:10,117.11,52.32
2026-08-24T00:16:11,117.27,52.48
2026-08-24T00:16:12,117.09,52.3
2026-08-24T00:16:13,117.63,52.84
2026-08-24T00:16:14,117.96,53.16
2026-08-24T00:16:15,118.28,53.48
2026-08-24T00:16:16,118.73,53.92
2026-08-24T00:16:17,119.18,54.36
2026-08-24T00:16:18,119.7,54.87
2026-08-24T00:16:19,121.85,56.99
2026-08-24T00:16:20,123.28,58.41
2026-08-24T00:16:21,125.63,60.72
2026-08-24T00:16:22,126.02,61.11
2026-08-24T00:16:23,126.61,61.69
2026-08-24T00:16:24,126.26,61.34
2026-08-24T00:16:25,123.94,59.05
2026-08-24T00:16:26,121.59,56.74
2026-08-24T00:16:27,120.64,55.8
2026-08-24T00:16:28,119.56,54.74
2026-08-24T00:16:29,119.54,54.72
2026-08-24T00:16:30,119.0,54.18
2026-08-24T00:16:31,119.97,55.14
2026-08-24T00:16:32,118.35,53.54
2026-08-24T00:16:33,118.13,53.33
2026-08-24T00:16:34,118.1,53.3
2026-08-24T00:16:35,118.33,53.52
2026-08-24T00:16:36,118.13,53.33
2026-08-24T00:16:37,118.85,54.04
2026-08-24T00:16:38,120.88,56.04
2026-08-24T00:16:39,120.83,55.99
2026-08-24T00:16:40,122.03,57.17
2026-08-24T00:16:41,122.03,57.17
2026-08-24T00:16:42,121.82,56.97
2026-08-24T00:16:43,121.78,56.92
2026-08-24T00:16:44,121.69,56.84
2026-08-24T00:16:45,122.44,57.57
2026-08-24T00:16:46,121.86,57.01
2026-08-24T00:16:47,122.03,57.17
2026-08-24T00:16:48,122.41,57.55
2026-08-24T00:16:49,122.31,57.45
2026-08-24T00:16:50,122.82,57.95
2026-08-24T00:16:51,122.93,58.06
2026-08-24T00:16:52,123.22,58.35
2026-08-24T00:16:53,125.1,60.2
2026-08-24T00:16:54,126.18,61.26
2026-08-24T00:16:55,127.96,63.02
2026-08-24T00:16:56,128.2,63.26
2026-08-24T00:16:57,128.5,63.55
2026-08-24T00:16:58,127.92,62.98
2026-08-24T00:16:59,126.8,61.87
2026-08-24T00:17:00,125.72,60.81
2026-08-24T00:17:01,126.11,61.19
2026-08-24T00:17:02,127.2,62.27
2026-08-24T00:17:03,127.69,62.75
2026-08-24T00:17:04,128.17,63.22
2026-08-24T00:17:05,127.36,62.43
2026-08-24T00:17:06,125.59,60.68
2026-08-24T00:17:07,122.04,57.19
2026-08-24T00:17:08,120.69,55.85
2026-08-24T00:17:09,119.2,54.38
2026-08-24T00:17:10,119.0,54.19
2026-08-24T00:17:11,118.48,53.67
2026-08-24T00:17:12,118.4,53.6
2026-08-24T00:17:13,118.32,53.52
2026-08-24T00:17:14,119.07,54.25
2026-08-24T00:17:15,117.47,52.67
2026-08-24T00:17:16,117.48,52.69
2026-08-24T00:17:17,117.11,52.32
2026-08-24T00:17:18,117.57,52.77
2026-08-24T00:17:19,116.96,52.17
2026-08-24T00:17:20,116.91,52.13
2026-08-24T00:17:21,116.76,51.98
2026-08-24T00:17:22,116.97,52.19
2026-08-24T00:17:23,116.85,52.07
2026-08-24T00:17:24,117.47,52.68
2026-08-24T00:17:25,116.7,51.92
2026-08-24T00:17:26,116.65,51.87
2026-08-24T00:17:27,116.97,52.19
2026-08-24T00:17:28,117.05,52.26
2026-08-24T00:17:29,116.29,51.52
2026-08-24T00:17:30,116.16,51.38
2026-08-24T00:17:31,115.72,50.95
2026-08-24T00:17:32,117.26,52.47
2026-08-24T00:17:33,117.22,52.43
2026-08-24T00:17:34,116.37,51.59
2026-08-24T00:17:35,116.38,51.61
2026-08-24T00:17:36,116.76,51.98
2026-08-24T00:17:37,116.21,51.44
2026-08-24T00:17:38,116.44,51.67
2026-08-24T00:17:39,116.19,51.41
2026-08-24T00:17:40,116.36,51.58
2026-08-24T00:17:41,116.25,51.47
2026-08-24T00:17:42,116.74,51.96
2026-08-24T00:17:43,117.0,52.21
2026-08-24T00:17:44,116.49,51.71
2026-08-24T00:17:45,116.11,51.33
2026-08-24T00:17:46,116.28,51.51
2026-08-24T00:17:47,116.45,51.67
2026-08-24T00:17:48,116.74,51.96
2026-08-24T00:17:49,116.1,51.33
2026-08-24T00:17:50,116.1,51.33
2026-08-24T00:17:51,116.36,51.58
2026-08-24T00:17:52,116.55,51.77
2026-08-24T00:17:53,117.25,52.46
2026-08-24T00:17:54,116.91,52.12
2026-08-24T00:17:55,116.37,51.59
2026-08-24T00:17:56,116.48,51.7
2026-08-24T00:17:57,116.92,52.13
2026-08-24T00:17:58,116.98,52.2
2026-08-24T00:17:59,116.87,52.09
2026-08-24T00:18:00,116.74,51.96
2026-08-24T00:18:01,117.11,52.32
2026-08-24T00:18:02,116.54,51.76
2026-08-24T00:18:03,117.75,52.95
2026-08-24T00:18:04,117.94,53.14
2026-08-24T00:18:05,116.44,51.66
2026-08-24T00:18:06,116.93,52.15
2026-08-24T00:18:07,117.4,52.6
2026-08-24T00:18:08,117.56,52.77
2026-08-24T00:18:09,116.98,52.19
2026-08-24T00:18:10,116.66,51.88
2026-08-24T00:18:11,116.97,52.18
2026-08-24T00:18:12,117.1,52.31
2026-08-24T00:18:13,117.32,52.53
2026-08-24T00:18:14,117.5,52.71
2026-08-24T00:18:15,118.11,53.31
2026-08-24T00:18:16,117.51,52.72
2026-08-24T00:18:17,117.14,52.35
2026-08-24T00:18:18,116.99,52.2
2026-08-24T00:18:19,116.93,52.14
2026-08-24T00:18:20,116.95,52.17
2026-08-24T00:18:21,117.53,52.73
2026-08-24T00:18:22,116.85,52.06
2026-08-24T00:18:23,117.4,52.61
2026-08-24T00:18:24,117.57,52.78
2026-08-24T00:18:25,117.5,52.71
2026-08-24T00:18:26,117.72,52.92
2026-08-24T00:18:27,117.49,52.7
2026-08-24T00:18:28,117.62,52.83
2026-08-24T00:18:29,117.64,52.84
2026-08-24T00:18:30,117.86,53.07
2026-08-24T00:18:31,117.71,52.92
2026-08-24T00:18:32,118.29,53.49
2026-08-24T00:18:33,118.19,53.38
2026-08-24T00:18:34,118.24,53.44
2026-08-24T00:18:35,118.09,53.29
2026-08-24T00:18:36,118.36,53.55
2026-08-24T00:18:37,118.82,54.01
2026-08-24T00:18:38,120.33,55.49
2026-08-24T00:18:39,120.52,55.68
2026-08-24T00:18:40,122.52,57.65
2026-08-24T00:18:41,123.05,58.18
2026-08-24T00:18:42,125.17,60.27
2026-08-24T00:18:43,130.82,65.83
2026-08-24T00:18:44,131.45,66.46
2026-08-24T00:18:45,129.16,64.2
2026-08-24T00:18:46,127.28,62.35
2026-08-24T00:18:47,124.69,59.79
2026-08-24T00:18:48,123.0,58.13
2026-08-24T00:18:49,122.16,57.3
2026-08-24T00:18:50,120.11,55.28
2026-08-24T00:18:51,118.41,53.6
2026-08-24T00:18:52,117.96,53.16
2026-08-24T00:18:53,117.33,52.54
2026-08-24T00:18:54,116.44,51.66
2026-08-24T00:18:55,116.24,51.46
2026-08-24T00:18:56,116.19,51.42
2026-08-24T00:18:57,115.67,50.9
2026-08-24T00:18:58,116.13,51.36
2026-08-24T00:18:59,116.12,51.35
2026-08-24T00:19:00,116.1,51.33
2026-08-24T00:19:01,117.03,52.24
2026-08-24T00:19:02,116.11,51.33
2026-08-24T00:19:03,116.77,51.98
2026-08-24T00:19:04,116.76,51.98
2026-08-24T00:19:05,116.47,51.69
2026-08-24T00:19:06,116.42,51.65
2026-08-24T00:19:07,115.91,51.14
2026-08-24T00:19:08,115.07,50.31
2026-08-24T00:19:09,114.68,49.93
2026-08-24T00:19:10,115.0,50.25
2026-08-24T00:19:11,115.2,50.44
2026-08-24T00:19:12,114.65,49.9
2026-08-24T00:19:13,114.88,50.12
2026-08-24T00:19:14,114.64,49.89
2026-08-24T00:19:15,114.93,50.17
2026-08-24T00:19:16,114.53,49.78
2026-08-24T00:19:17,115.06,50.3
2026-08-24T00:19:18,114.33,49.59
2026-08-24T00:19:19,114.66,49.91
2026-08-24T00:19:20,114.58,49.83
2026-08-24T00:19:21,114.99,50.24
2026-08-24T00:19:22,114.78,50.02
2026-08-24T00:19:23,114.96,50.2
2026-08-24T00:19:24,115.27,50.51
2026-08-24T00:19:25,115.02,50.26
2026-08-24T00:19:26,114.29,49.54
2026-08-24T00:19:27,115.05,50.29
2026-08-24T00:19:28,114.45,49.7
2026-08-24T00:19:29,115.16,50.4
2026-08-24T00:19:30,114.89,50.14
2026-08-24T00:19:31,114.74,49.98
2026-08-24T00:19:32,114.52,49.77
2026-08-24T00:19:33,114.8,50.05
2026-08-24T00:19:34,115.03,50.27
2026-08-24T00:19:35,114.43,49.68
2026-08-24T00:19:36,114.63,49.88
2026-08-24T00:19:37,114.33,49.58
2026-08-24T00:19:38,114.63,49.87
2026-08-24T00:19:39,114.26,49.51
2026-08-24T00:19:40,115.8,51.03
2026-08-24T00:19:41,114.1,49.36
2026-08-24T00:19:42,114.71,49.96
2026-08-24T00:19:43,114.93,50.17
2026-08-24T00:19:44,114.45,49.7
2026-08-24T00:19:45,114.87,50.11
2026-08-24T00:19:46,115.08,50.33
2026-08-24T00:19:47,114.62,49.87
2026-08-24T00:19:48,114.29,49.54
2026-08-24T00:19:49,114.42,49.67
2026-08-24T00:19:50,114.36,49.61
2026-08-24T00:19:51,114.99,50.24
2026-08-24T00:19:52,114.36,49.61
2026-08-24T00:19:53,114.29,49.54
2026-08-24T00:19:54,114.61,49.86
2026-08-24T00:19:55,114.16,49.42
2026-08-24T00:19:56,114.35,49.61
2026-08-24T00:19:57,114.58,49.83
2026-08-24T00:19:58,114.68,49.93
2026-08-24T00:19:59,114.86,50.1
2026-08-24T00:20:00,114.24,49.49
2026-08-24T00:20:01,114.55,49.8
2026-08-24T00:20:02,115.16,50.4
2026-08-24T00:20:03,114.35,49.6
2026-08-24T00:20:04,114.61,49.86
2026-08-24T00:20:05,114.78,50.03
2026-08-24T00:20:06,114.87,50.12
2026-08-24T00:20:07,114.43,49.68
2026-08-24T00:20:08,114.6,49.84
2026-08-24T00:20:09,114.58,49.83
2026-08-24T00:20:10,114.53,49.78
2026-08-24T00:20:11,114.42,49.67
2026-08-24T00:20:12,114.87,50.11
2026-08-24T00:20:13,114.59,49.83
2026-08-24T00:20:14,114.55,49.8
2026-08-24T00:20:15,114.67,49.92
2026-08-24T00:20:16,114.55,49.8
2026-08-24T00:20:17,115.27,50.51
2026-08-24T00:20:18,115.07,50.31
2026-08-24T00:20:19,115.31,50.55
2026-08-24T00:20:20,115.41,50.64
2026-08-24T00:20:21,116.0,51.23
2026-08-24T00:20:22,116.22,51.45
2026-08-24T00:20:23,118.18,53.38
2026-08-24T00:20:24,120.12,55.29
2026-08-24T00:20:25,123.27,58.39
2026-08-24T00:20:26,124.1,59.21
2026-08-24T00:20:27,123.76,58.87
2026-08-24T00:20:28,122.88,58.01
2026-08-24T00:20:29,120.35,55.52
2026-08-24T00:20:30,118.53,53.72
2026-08-24T00:20:31,117.38,52.58
2026-08-24T00:20:32,117.12,52.33
2026-08-24T00:20:33,116.62,51.84
2026-08-24T00:20:34,116.26,51.48
2026-08-24T00:20:35,116.95,52.17
2026-08-24T00:20:36,115.84,51.07
2026-08-24T00:20:37,116.12,51.35
2026-08-24T00:20:38,115.91,51.14
2026-08-24T00:20:39,114.75,49.99
2026-08-24T00:20:40,114.88,50.13
2026-08-24T00:20:41,114.72,49.97
2026-08-24T00:20:42,114.94,50.19
2026-08-24T00:20:43,114.28,49.54
2026-08-24T00:20:44,115.05,50.29
2026-08-24T00:20:45,114.81,50.05
2026-08-24T00:20:46,114.98,50.22
2026-08-24T00:20:47,114.58,49.83
2026-08-24T00:20:48,114.64,49.89
2026-08-24T00:20:49,114.48,49.73
2026-08-24T00:20:50,114.6,49.85
2026-08-24T00:20:51,114.7,49.94
2026-08-24T00:20:52,114.51,49.75
2026-08-24T00:20:53,114.26,49.51
2026-08-24T00:20:54,114.47,49.72
2026-08-24T00:20:55,114.83,50.08
2026-08-24T00:20:56,114.13,49.39
2026-08-24T00:20:57,114.51,49.75
2026-08-24T00:20:58,114.63,49.88
2026-08-24T00:20:59,114.26,49.51
2026-08-24T00:21:00,114.57,49.82
2026-08-24T00:21:01,114.82,50.06
2026-08-24T00:21:02,114.77,50.02
2026-08-24T00:21:03,114.21,49.46
2026-08-24T00:21:04,114.25,49.5
2026-08-24T00:21:05,114.92,50.16
2026-08-24T00:21:06,114.91,50.15
2026-08-24T00:21:07,114.59,49.84
2026-08-24T00:21:08,114.44,49.69
2026-08-24T00:21:09,114.37,49.62
2026-08-24T00:21:10,114.81,50.05
2026-08-24T00:21:11,115.05,50.29
2026-08-24T00:21:12,114.47,49.72
2026-08-24T00:21:13,114.78,50.02
2026-08-24T00:21:14,115.06,50.3
2026-08-24T00:21:15,115.25,50.49
2026-08-24T00:21:16,115.57,50.81
2026-08-24T00:21:17,115.84,51.07
2026-08-24T00:21:18,115.65,50.88
2026-08-24T00:21:19,115.18,50.42
2026-08-24T00:21:20,115.19,50.43
2026-08-24T00:21:21,115.81,51.04
2026-08-24T00:21:22,116.09,51.32
2026-08-24T00:21:23,116.15,51.38
2026-08-24T00:21:24,116.09,51.32
2026-08-24T00:21:25,116.21,51.43
2026-08-24T00:21:26,116.56,51.78
2026-08-24T00:21:27,116.46,51.68
2026-08-24T00:21:28,116.48,51.7
2026-08-24T00:21:29,117.18,52.39
2026-08-24T00:21:30,118.14,53.34
2026-08-24T00:21:31,117.57,52.78
2026-08-24T00:21:32,117.36,52.57
2026-08-24T00:21:33,117.36,52.57
2026-08-24T00:21:34,117.21,52.42
2026-08-24T00:21:35,117.34,52.55
2026-08-24T00:21:36,117.17,52.39
2026-08-24T00:21:37,116.98,52.19
2026-08-24T00:21:38,117.24,52.45
2026-08-24T00:21:39,117.62,52.82
2026-08-24T00:21:40,118.06,53.26
2026-08-24T00:21:41,117.68,52.88
2026-08-24T00:21:42,118.05,53.25
2026-08-24T00:21:43,118.13,53.33
2026-08-24T00:21:44,118.54,53.73
2026-08-24T00:21:45,119.52,54.7
2026-08-24T00:21:46,121.13,56.29
2026-08-24T00:21:47,121.97,57.11
2026-08-24T00:21:48,124.66,59.77
2026-08-24T00:21:49,126.35,61.43
2026-08-24T00:21:50,126.81,61.88
2026-08-24T00:21:51,128.2,63.26
2026-08-24T00:21:52,122.57,57.7
2026-08-24T00:21:53,121.28,56.43
2026-08-24T00:21:54,119.56,54.74
2026-08-24T00:21:55,118.19,53.39
2026-08-24T00:21:56,117.46,52.66
2026-08-24T00:21:57,117.52,52.72
2026-08-24T00:21:58,117.26,52.47
2026-08-24T00:21:59,117.77,52.97
2026-08-24T00:22:00,118.13,53.33
2026-08-24T00:22:01,118.6,53.79
2026-08-24T00:22:02,118.4,53.6
2026-08-24T00:22:03,119.09,54.28
2026-08-24T00:22:04,119.14,54.32
2026-08-24T00:22:05,119.05,54.24
2026-08-24T00:22:06,118.66,53.85
2026-08-24T00:22:07,118.67,53.86
2026-08-24T00:22:08,119.0,54.18
2026-08-24T00:22:09,119.27,54.45
2026-08-24T00:22:10,119.22,54.4
2026-08-24T00:22:11,118.58,53.77
2026-08-24T00:22:12,118.56,53.75
2026-08-24T00:22:13,118.49,53.68
2026-08-24T00:22:14,118.29,53.48
2026-08-24T00:22:15,117.83,53.04
2026-08-24T00:22:16,117.12,52.33
2026-08-24T00:22:17,117.61,52.82
2026-08-24T00:22:18,117.7,52.91
2026-08-24T00:22:19,118.08,53.28
2026-08-24T00:22:20,117.21,52.42
2026-08-24T00:22:21,117.01,52.22
2026-08-24T00:22:22,117.37,52.58
2026-08-24T00:22:23,117.42,52.63
2026-08-24T00:22:24,117.11,52.32
2026-08-24T00:22:25,117.15,52.36
2026-08-24T00:22:26,117.1,52.31
2026-08-24T00:22:27,116.93,52.15
2026-08-24T00:22:28,116.62,51.84
2026-08-24T00:22:29,116.82,52.04
2026-08-24T00:22:30,117.05,52.26
2026-08-24T00:22:31,117.24,52.45
2026-08-24T00:22:32,117.2,52.41
2026-08-24T00:22:33,116.17,51.39
2026-08-24T00:22:34,117.02,52.24
2026-08-24T00:22:35,116.56,51.78
2026-08-24T00:22:36,116.6,51.82
2026-08-24T00:22:37,116.45,51.67
2026-08-24T00:22:38,116.72,51.94
2026-08-24T00:22:39,117.04,52.25
2026-08-24T00:22:40,116.77,51.99
2026-08-24T00:22:41,117.0,52.21
2026-08-24T00:22:42,117.17,52.39
2026-08-24T00:22:43,116.93,52.15
2026-08-24T00:22:44,116.86,52.08
2026-08-24T00:22:45,116.96,52.18
2026-08-24T00:22:46,116.97,52.19
2026-08-24T00:22:47,117.07,52.28
2026-08-24T00:22:48,116.69,51.91
2026-08-24T00:22:49,117.55,52.76
2026-08-24T00:22:50,117.39,52.6
2026-08-24T00:22:51,117.36,52.57
2026-08-24T00:22:52,117.19,52.4
2026-08-24T00:22:53,117.26,52.47
2026-08-24T00:22:54,117.47,52.67
2026-08-24T00:22:55,117.21,52.42
2026-08-24T00:22:56,117.19,52.4
2026-08-24T00:22:57,117.1,52.31
2026-08-24T00:22:58,116.62,51.84
2026-08-24T00:22:59,117.54,52.74
2026-08-24T00:23:00,117.4,52.6
2026-08-24T00:23:01,117.21,52.42
2026-08-24T00:23:02,117.01,52.23
2026-08-24T00:23:03,116.99,52.2
2026-08-24T00:23:04,116.87,52.08
2026-08-24T00:23:05,117.36,52.57
2026-08-24T00:23:06,117.87,53.07
2026-08-24T00:23:07,117.94,53.14
2026-08-24T00:23:08,116.68,51.89
2026-08-24T00:23:09,116.44,51.66
2026-08-24T00:23:10,116.5,51.72
2026-08-24T00:23:11,116.56,51.78
2026-08-24T00:23:12,116.04,51.27
2026-08-24T00:23:13,115.85,51.08
2026-08-24T00:23:14,115.58,50.82
2026-08-24T00:23:15,115.08,50.32
2026-08-24T00:23:16,115.78,51.01
2026-08-24T00:23:17,115.6,50.83
2026-08-24T00:23:18,115.2,50.44
2026-08-24T00:23:19,114.36,49.61
2026-08-24T00:23:20,114.86,50.11
2026-08-24T00:23:21,115.01,50.25
2026-08-24T00:23:22,116.03,51.25
2026-08-24T00:23:23,116.96,52.17
2026-08-24T00:23:24,117.21,52.42
2026-08-24T00:23:25,117.88,53.08
2026-08-24T00:23:26,118.53,53.72
2026-08-24T00:23:27,119.69,54.87
2026-08-24T00:23:28,121.3,56.45
2026-08-24T00:23:29,122.7,57.84
2026-08-24T00:23:30,122.61,57.75
2026-08-24T00:23:31,122.72,57.85
2026-08-24T00:23:32,121.23,56.39
2026-08-24T00:23:33,118.84,54.02
2026-08-24T00:23:34,116.65,51.87
2026-08-24T00:23:35,115.72,50.95
2026-08-24T00:23:36,116.11,51.34
2026-08-24T00:23:37,115.24,50.48
2026-08-24T00:23:38,115.3,50.54
2026-08-24T00:23:39,114.64,49.89
2026-08-24T00:23:40,115.36,50.59
2026-08-24T00:23:41,115.13,50.37
2026-08-24T00:23:42,115.41,50.64
2026-08-24T00:23:43,114.97,50.21
2026-08-24T00:23:44,114.99,50.24
2026-08-24T00:23:45,115.36,50.6
2026-08-24T00:23:46,115.0,50.24
2026-08-24T00:23:47,114.94,50.18
2026-08-24T00:23:48,116.21,51.43
2026-08-24T00:23:49,114.9,50.14
2026-08-24T00:23:50,115.0,50.24
2026-08-24T00:23:51,114.51,49.75
2026-08-24T00:23:52,114.93,50.17
2026-08-24T00:23:53,114.91,50.15
2026-08-24T00:23:54,114.91,50.15
2026-08-24T00:23:55,115.42,50.65
2026-08-24T00:23:56,115.82,51.05
2026-08-24T00:23:57,116.0,51.23
2026-08-24T00:23:58,116.6,51.82
2026-08-24T00:23:59,117.15,52.36
2026-08-24T00:24:00,118.23,53.42
2026-08-24T00:24:01,119.51,54.69
2026-08-24T00:24:02,121.57,56.72
2026-08-24T00:24:03,120.59,55.75
2026-08-24T00:24:04,119.59,54.77
2026-08-24T00:24:05,118.55,53.75
2026-08-24T00:24:06,117.64,52.84
2026-08-24T00:24:07,116.93,52.14
2026-08-24T00:24:08,115.84,51.07
2026-08-24T00:24:09,114.63,49.88
2026-08-24T00:24:10,115.39,50.63
2026-08-24T00:24:11,115.12,50.36
2026-08-24T00:24:12,115.1,50.34
2026-08-24T00:24:13,115.03,50.27
2026-08-24T00:24:14,114.83,50.07
2026-08-24T00:24:15,114.93,50.18
2026-08-24T00:24:16,114.92,50.16
2026-08-24T00:24:17,114.15,49.4
2026-08-24T00:24:18,114.55,49.79
2026-08-24T00:24:19,114.52,49.77
2026-08-24T00:24:20,115.45,50.68
2026-08-24T00:24:21,115.26,50.5
2026-08-24T00:24:22,115.44,50.68
2026-08-24T00:24:23,117.15,52.36
2026-08-24T00:24:24,119.91,55.08
2026-08-24T00:24:25,120.55,55.72
2026-08-24T00:24:26,121.32,56.48
2026-08-24T00:24:27,121.25,56.4
2026-08-24T00:24:28,122.51,57.64
2026-08-24T00:24:29,122.93,58.06
2026-08-24T00:24:30,121.18,56.33
2026-08-24T00:24:31,118.23,53.43
2026-08-24T00:24:32,116.85,52.07
2026-08-24T00:24:33,115.92,51.15
2026-08-24T00:24:34,116.0,51.22
2026-08-24T00:24:35,115.84,51.07
2026-08-24T00:24:36,115.63,50.86
2026-08-24T00:24:37,115.47,50.71
2026-08-24T00:24:38,115.25,50.49
2026-08-24T00:24:39,114.48,49.73
2026-08-24T00:24:40,114.87,50.12
2026-08-24T00:24:41,114.47,49.72
2026-08-24T00:24:42,114.67,49.92
2026-08-24T00:24:43,114.58,49.83
2026-08-24T00:24:44,114.84,50.08
2026-08-24T00:24:45,115.27,50.51
2026-08-24T00:24:46,114.85,50.09
2026-08-24T00:24:47,114.73,49.97
2026-08-24T00:24:48,115.2,50.44
2026-08-24T00:24:49,114.36,49.61
2026-08-24T00:24:50,114.5,49.75
2026-08-24T00:24:51,114.28,49.53
2026-08-24T00:24:52,114.86,50.1
2026-08-24T00:24:53,115.13,50.37
2026-08-24T00:24:54,114.34,49.59
2026-08-24T00:24:55,115.07,50.31
2026-08-24T00:24:56,115.28,50.52
2026-08-24T00:24:57,114.54,49.79
2026-08-24T00:24:58,114.7,49.94
2026-08-24T00:24:59,114.17,49.42
2026-08-24T00:25:00,115.19,50.43
2026-08-24T00:25:01,114.52,49.77
2026-08-24T00:25:02,115.34,50.58
2026-08-24T00:25:03,114.95,50.19
2026-08-24T00:25:04,114.87,50.12
2026-08-24T00:25:05,114.53,49.78
2026-08-24T00:25:06,114.84,50.08
2026-08-24T00:25:07,114.58,49.83
2026-08-24T00:25:08,114.77,50.01
2026-08-24T00:25:09,114.38,49.63
2026-08-24T00:25:10,114.55,49.8
2026-08-24T00:25:11,114.92,50.17
2026-08-24T00:25:12,114.79,50.04
2026-08-24T00:25:13,115.04,50.29
2026-08-24T00:25:14,114.54,49.79
2026-08-24T00:25:15,115.21,50.45
2026-08-24T00:25:16,114.82,50.06
2026-08-24T00:25:17,114.62,49.87
2026-08-24T00:25:18,114.65,49.9
2026-08-24T00:25:19,114.5,49.75
2026-08-24T00:25:20,115.48,50.72
2026-08-24T00:25:21,114.8,50.04
2026-08-24T00:25:22,114.98,50.22
2026-08-24T00:25:23,115.02,50.26
2026-08-24T00:25:24,115.03,50.27
2026-08-24T00:25:25,114.96,50.21
2026-08-24T00:25:26,114.65,49.9
2026-08-24T00:25:27,114.83,50.07
2026-08-24T00:25:28,115.09,50.33
2026-08-24T00:25:29,114.69,49.93
2026-08-24T00:25:30,115.32,50.56
2026-08-24T00:25:31,115.7,50.93
2026-08-24T00:25:32,115.25,50.49
2026-08-24T00:25:33,116.13,51.35
2026-08-24T00:25:34,116.35,51.58
2026-08-24T00:25:35,115.94,51.17
2026-08-24T00:25:36,115.29,50.53
2026-08-24T00:25:37,115.38,50.61
2026-08-24T00:25:38,116.32,51.54
2026-08-24T00:25:39,116.51,51.73
2026-08-24T00:25:40,116.27,51.5
2026-08-24T00:25:41,116.47,51.7
2026-08-24T00:25:42,116.31,51.53
2026-08-24T00:25:43,118.74,53.93
2026-08-24T00:25:44,120.65,55.81
2026-08-24T00:25:45,122.61,57.74
2026-08-24T00:25:46,125.27,60.36
2026-08-24T00:25:47,127.18,62.25
2026-08-24T00:25:48,126.04,61.12
2026-08-24T00:25:49,124.12,59.23
2026-08-24T00:25:50,121.7,56.85
2026-08-24T00:25:51,119.92,55.09
2026-08-24T00:25:52,118.72,53.91
2026-08-24T00:25:53,117.7,52.91
2026-08-24T00:25:54,117.13,52.35
2026-08-24T00:25:55,117.18,52.39
2026-08-24T00:25:56,117.42,52.63
2026-08-24T00:25:57,116.67,51.89
2026-08-24T00:25:58,116.46,51.68
2026-08-24T00:25:59,116.26,51.49
2026-08-24T00:26:00,115.9,51.13
2026-08-24T00:26:01,114.91,50.15
2026-08-24T00:26:02,115.36,50.6
2026-08-24T00:26:03,115.46,50.69
2026-08-24T00:26:04,115.39,50.63
2026-08-24T00:26:05,114.95,50.19
2026-08-24T00:26:06,114.88,50.12
2026-08-24T00:26:07,115.2,50.44
2026-08-24T00:26:08,115.57,50.81
2026-08-24T00:26:09,115.88,51.11
2026-08-24T00:26:10,115.51,50.75
2026-08-24T00:26:11,115.32,50.56
2026-08-24T00:26:12,116.12,51.34
2026-08-24T00:26:13,116.45,51.67
2026-08-24T00:26:14,117.42,52.63
2026-08-24T00:26:15,118.83,54.02
2026-08-24T00:26:16,119.4,54.58
2026-08-24T00:26:17,120.43,55.6
2026-08-24T00:26:18,123.32,58.44
2026-08-24T00:26:19,123.98,59.1
2026-08-24T00:26:20,123.56,58.68
2026-08-24T00:26:21,120.48,55.65
2026-08-24T00:26:22,118.42,53.62
2026-08-24T00:26:23,117.85,53.05
2026-08-24T00:26:24,116.71,51.93
2026-08-24T00:26:25,116.16,51.39
2026-08-24T00:26:26,115.57,50.8
2026-08-24T00:26:27,115.33,50.57
2026-08-24T00:26:28,115.92,51.15
2026-08-24T00:26:29,115.3,50.54
2026-08-24T00:26:30,115.21,50.44
2026-08-24T00:26:31,114.72,49.97
2026-08-24T00:26:32,115.14,50.38
2026-08-24T00:26:33,115.13,50.37
2026-08-24T00:26:34,114.94,50.19
2026-08-24T00:26:35,115.0,50.25
2026-08-24T00:26:36,114.79,50.04
2026-08-24T00:26:37,115.45,50.69
2026-08-24T00:26:38,115.04,50.28
2026-08-24T00:26:39,114.6,49.84
2026-08-24T00:26:40,115.22,50.46
2026-08-24T00:26:41,115.29,50.53
2026-08-24T00:26:42,114.95,50.19
2026-08-24T00:26:43,115.01,50.25
2026-08-24T00:26:44,115.12,50.36
2026-08-24T00:26:45,114.74,49.99
2026-08-24T00:26:46,115.16,50.4
2026-08-24T00:26:47,114.6,49.85
2026-08-24T00:26:48,114.67,49.92
2026-08-24T00:26:49,114.59,49.84
2026-08-24T00:26:50,114.82,50.06
2026-08-24T00:26:51,114.81,50.05
2026-08-24T00:26:52,115.33,50.57
2026-08-24T00:26:53,114.8,50.05
2026-08-24T00:26:54,114.4,49.65
2026-08-24T00:26:55,115.11,50.36
2026-08-24T00:26:56,115.39,50.63
2026-08-24T00:26:57,114.59,49.83
2026-08-24T00:26:58,115.02,50.27
2026-08-24T00:26:59,114.81,50.06
2026-08-24T00:27:00,115.01,50.25
2026-08-24T00:27:01,115.14,50.38
2026-08-24T00:27:02,115.13,50.37
2026-08-24T00:27:03,115.14,50.38
2026-08-24T00:27:04,114.66,49.91
2026-08-24T00:27:05,114.6,49.85
2026-08-24T00:27:06,116.6,51.82
2026-08-24T00:27:07,115.51,50.74
2026-08-24T00:27:08,115.68,50.92
2026-08-24T00:27:09,115.72,50.95
2026-08-24T00:27:10,116.01,51.24
2026-08-24T00:27:11,115.86,51.09
2026-08-24T00:27:12,115.94,51.17
2026-08-24T00:27:13,116.07,51.29
2026-08-24T00:27:14,115.56,50.79
2026-08-24T00:27:15,115.62,50.86
2026-08-24T00:27:16,115.01,50.25
2026-08-24T00:27:17,115.41,50.65
2026-08-24T00:27:18,115.65,50.88
2026-08-24T00:27:19,114.36,49.61
2026-08-24T00:27:20,114.3,49.55
2026-08-24T00:27:21,114.39,49.64
2026-08-24T00:27:22,115.0,50.24
2026-08-24T00:27:23,115.18,50.42
2026-08-24T00:27:24,115.14,50.38
2026-08-24T00:27:25,114.88,50.12
2026-08-24T00:27:26,115.55,50.79
2026-08-24T00:27:27,115.01,50.25
2026-08-24T00:27:28,115.37,50.6
2026-08-24T00:27:29,115.44,50.67
2026-08-24T00:27:30,114.64,49.88
2026-08-24T00:27:31,114.72,49.97
2026-08-24T00:27:32,114.92,50.16
2026-08-24T00:27:33,114.86,50.1
2026-08-24T00:27:34,114.69,49.94
2026-08-24T00:27:35,113.81,49.07
2026-08-24T00:27:36,114.56,49.81
2026-08-24T00:27:37,114.06,49.31
2026-08-24T00:27:38,114.62,49.87
2026-08-24T00:27:39,114.7,49.94
2026-08-24T00:27:40,115.12,50.36
2026-08-24T00:27:41,114.43,49.68
2026-08-24T00:27:42,114.71,49.95
2026-08-24T00:27:43,115.06,50.31
2026-08-24T00:27:44,114.36,49.61
2026-08-24T00:27:45,114.74,49.98
2026-08-24T00:27:46,114.45,49.7
2026-08-24T00:27:47,114.16,49.41
2026-08-24T00:27:48,114.53,49.78
2026-08-24T00:27:49,114.36,49.61
2026-08-24T00:27:50,114.75,49.99
2026-08-24T00:27:51,114.28,49.53
2026-08-24T00:27:52,114.02,49.28
2026-08-24T00:27:53,114.31,49.56
2026-08-24T00:27:54,114.7,49.95
2026-08-24T00:27:55,114.53,49.78
2026-08-24T00:27:56,114.44,49.69
2026-08-24T00:27:57,114.3,49.55
2026-08-24T00:27:58,114.63,49.88
2026-08-24T00:27:59,114.07,49.33
2026-08-24T00:28:00,115.18,50.42
2026-08-24T00:28:01,115.0,50.24
2026-08-24T00:28:02,115.07,50.31
2026-08-24T00:28:03,114.92,50.16
2026-08-24T00:28:04,114.27,49.53
2026-08-24T00:28:05,114.18,49.43
2026-08-24T00:28:06,114.81,50.05
2026-08-24T00:28:07,114.68,49.93
2026-08-24T00:28:08,114.82,50.06
2026-08-24T00:28:09,114.49,49.74
2026-08-24T00:28:10,114.97,50.22
2026-08-24T00:28:11,114.56,49.81
2026-08-24T00:28:12,114.84,50.09
2026-08-24T00:28:13,114.57,49.82
2026-08-24T00:28:14,114.38,49.63
2026-08-24T00:28:15,114.48,49.73
2026-08-24T00:28:16,114.43,49.68
2026-08-24T00:28:17,114.37,49.62
2026-08-24T00:28:18,114.63,49.88
2026-08-24T00:28:19,114.43,49.68
2026-08-24T00:28:20,114.48,49.73
2026-08-24T00:28:21,114.71,49.96
2026-08-24T00:28:22,114.49,49.73
2026-08-24T00:28:23,113.89,49.15
2026-08-24T00:28:24,114.28,49.53
2026-08-24T00:28:25,114.47,49.72
2026-08-24T00:28:26,114.56,49.81
2026-08-24T00:28:27,115.2,50.44
2026-08-24T00:28:28,114.78,50.02
2026-08-24T00:28:29,114.75,49.99
2026-08-24T00:28:30,114.61,49.86
2026-08-24T00:28:31,114.68,49.93
2026-08-24T00:28:32,114.83,50.07
2026-08-24T00:28:33,115.08,50.33
2026-08-24T00:28:34,115.17,50.41
2026-08-24T00:28:35,114.68,49.92
2026-08-24T00:28:36,114.17,49.43
2026-08-24T00:28:37,114.41,49.66
2026-08-24T00:28:38,114.92,50.16
2026-08-24T00:28:39,114.57,49.82
2026-08-24T00:28:40,115.54,50.77
2026-08-24T00:28:41,114.45,49.7
2026-08-24T00:28:42,114.66,49.91
2026-08-24T00:28:43,114.57,49.82
2026-08-24T00:28:44,114.49,49.74
2026-08-24T00:28:45,114.28,49.53
2026-08-24T00:28:46,114.09,49.35
2026-08-24T00:28:47,115.1,50.34
2026-08-24T00:28:48,114.69,49.94
2026-08-24T00:28:49,114.81,50.05
2026-08-24T00:28:50,114.6,49.85
2026-08-24T00:28:51,115.15,50.39
2026-08-24T00:28:52,114.95,50.2
2026-08-24T00:28:53,114.53,49.78
2026-08-24T00:28:54,114.81,50.06
2026-08-24T00:28:55,114.25,49.5
2026-08-24T00:28:56,114.62,49.87
2026-08-24T00:28:57,114.01,49.27
2026-08-24T00:28:58,113.99,49.24
2026-08-24T00:28:59,114.9,50.14
2026-08-24T00:29:00,114.27,49.52
2026-08-24T00:29:01,114.91,50.15
2026-08-24T00:29:02,113.6,48.86
2026-08-24T00:29:03,114.16,49.41
2026-08-24T00:29:04,114.74,49.99
2026-08-24T00:29:05,114.63,49.88
2026-08-24T00:29:06,114.75,50.0
2026-08-24T00:29:07,115.25,50.49
2026-08-24T00:29:08,115.05,50.29
2026-08-24T00:29:09,114.92,50.16
2026-08-24T00:29:10,114.79,50.03
2026-08-24T00:29:11,115.05,50.29
2026-08-24T00:29:12,115.0,50.24
2026-08-24T00:29:13,114.11,49.36
2026-08-24T00:29:14,115.09,50.33
2026-08-24T00:29:15,114.81,50.05
2026-08-24T00:29:16,114.53,49.77
2026-08-24T00:29:17,114.33,49.58
2026-08-24T00:29:18,114.73,49.97
2026-08-24T00:29:19,114.86,50.1
2026-08-24T00:29:20,114.77,50.02
2026-08-24T00:29:21,115.22,50.45
2026-08-24T00:29:22,114.99,50.23
2026-08-24T00:29:23,114.27,49.52
2026-08-24T00:29:24,114.15,49.41
2026-08-24T00:29:25,114.67,49.91
2026-08-24T00:29:26,114.21,49.47
2026-08-24T00:29:27,114.3,49.55
2026-08-24T00:29:28,114.82,50.07
2026-08-24T00:29:29,114.53,49.78
2026-08-24T00:29:30,114.04,49.3
2026-08-24T00:29:31,114.55,49.8
2026-08-24T00:29:32,114.35,49.61
2026-08-24T00:29:33,114.85,50.09
2026-08-24T00:29:34,114.07,49.32
2026-08-24T00:29:35,114.42,49.67
2026-08-24T00:29:36,114.16,49.41
2026-08-24T00:29:37,114.57,49.81
2026-08-24T00:29:38,114.56,49.8
2026-08-24T00:29:39,114.58,49.83
2026-08-24T00:29:40,114.94,50.18
2026-08-24T00:29:41,114.68,49.93
2026-08-24T00:29:42,114.22,49.47
2026-08-24T00:29:43,114.45,49.7
2026-08-24T00:29:44,114.48,49.73
2026-08-24T00:29:45,114.52,49.77
2026-08-24T00:29:46,114.3,49.55
2026-08-24T00:29:47,113.99,49.25
2026-08-24T00:29:48,115.26,50.5
2026-08-24T00:29:49,114.33,49.58
2026-08-24T00:29:50,115.03,50.28
2026-08-24T00:29:51,114.93,50.17
2026-08-24T00:29:52,114.03,49.28
2026-08-24T00:29:53,114.17,49.42
2026-08-24T00:29:54,114.78,50.02
2026-08-24T00:29:55,115.55,50.78
2026-08-24T00:29:56,115.0,50.25
2026-08-24T00:29:57,114.93,50.17
2026-08-24T00:29:58,115.19,50.43
2026-08-24T00:29:59,115.51,50.75
2026-08-24T00:30:00,115.08,50.32
2026-08-24T00:30:01,115.67,50.9
2026-08-24T00:30:02,114.74,49.99
2026-08-24T00:30:03,114.75,50.0
2026-08-24T00:30:04,115.28,50.52
2026-08-24T00:30:05,115.18,50.42
2026-08-24T00:30:06,115.01,50.25
2026-08-24T00:30:07,113.82,49.08
2026-08-24T00:30:08,114.82,50.07
2026-08-24T00:30:09,114.55,49.8
2026-08-24T00:30:10,115.25,50.49
2026-08-24T00:30:11,114.57,49.82
2026-08-24T00:30:12,113.93,49.19
2026-08-24T00:30:13,113.93,49.19
2026-08-24T00:30:14,114.48,49.73
2026-08-24T00:30:15,114.62,49.87
2026-08-24T00:30:16,114.24,49.49
2026-08-24T00:30:17,113.7,48.96
2026-08-24T00:30:18,114.93,50.17
2026-08-24T00:30:19,114.09,49.35
2026-08-24T00:30:20,114.65,49.9
2026-08-24T00:30:21,114.12,49.37
2026-08-24T00:30:22,114.43,49.69
2026-08-24T00:30:23,114.05,49.31
2026-08-24T00:30:24,114.73,49.97
2026-08-24T00:30:25,114.58,49.83
2026-08-24T00:30:26,114.1,49.36
2026-08-24T00:30:27,114.02,49.28
2026-08-24T00:30:28,114.18,49.44
2026-08-24T00:30:29,114.18,49.43
2026-08-24T00:30:30,115.02,50.26
2026-08-24T00:30:31,114.45,49.7
2026-08-24T00:30:32,114.21,49.46
2026-08-24T00:30:33,115.04,50.28
2026-08-24T00:30:34,114.09,49.34
2026-08-24T00:30:35,114.53,49.78
2026-08-24T00:30:36,114.24,49.5
2026-08-24T00:30:37,114.22,49.48
2026-08-24T00:30:38,114.5,49.75
2026-08-24T00:30:39,114.52,49.77
2026-08-24T00:30:40,114.7,49.94
2026-08-24T00:30:41,114.91,50.15
2026-08-24T00:30:42,114.44,49.69
2026-08-24T00:30:43,114.37,49.62
2026-08-24T00:30:44,114.93,50.17
2026-08-24T00:30:45,114.52,49.77
2026-08-24T00:30:46,114.63,49.88
2026-08-24T00:30:47,114.63,49.88
2026-08-24T00:30:48,114.72,49.97
2026-08-24T00:30:49,114.58,49.82
2026-08-24T00:30:50,114.27,49.52
2026-08-24T00:30:51,114.75,50.0
2026-08-24T00:30:52,114.55,49.8
2026-08-24T00:30:53,114.77,50.01
2026-08-24T00:30:54,114.77,50.01
2026-08-24T00:30:55,114.81,50.06
2026-08-24T00:30:56,114.35,49.6
2026-08-24T00:30:57,114.65,49.9
2026-08-24T00:30:58,114.35,49.6
2026-08-24T00:30:59,115.18,50.42
2026-08-24T00:31:00,114.65,49.89
2026-08-24T00:31:01,114.32,49.57
2026-08-24T00:31:02,114.75,50.0
2026-08-24T00:31:03,114.78,50.02
2026-08-24T00:31:04,114.35,49.6
2026-08-24T00:31:05,114.63,49.88
2026-08-24T00:31:06,114.54,49.79
2026-08-24T00:31:07,114.65,49.9
2026-08-24T00:31:08,115.24,50.48
2026-08-24T00:31:09,115.12,50.36
2026-08-24T00:31:10,115.21,50.45
2026-08-24T00:31:11,115.1,50.34
2026-08-24T00:31:12,115.1,50.34
2026-08-24T00:31:13,115.42,50.66
2026-08-24T00:31:14,115.61,50.84
2026-08-24T00:31:15,115.59,50.82
2026-08-24T00:31:16,114.85,50.1
2026-08-24T00:31:17,114.73,49.98
2026-08-24T00:31:18,114.3,49.55
2026-08-24T00:31:19,114.95,50.2
2026-08-24T00:31:20,114.81,50.06
2026-08-24T00:31:21,115.21,50.45
2026-08-24T00:31:22,115.08,50.32
2026-08-24T00:31:23,115.17,50.41
2026-08-24T00:31:24,115.66,50.9
2026-08-24T00:31:25,115.95,51.18
2026-08-24T00:31:26,116.58,51.8
2026-08-24T00:31:27,115.47,50.71
2026-08-24T00:31:28,115.66,50.89
2026-08-24T00:31:29,115.08,50.32
2026-08-24T00:31:30,114.95,50.2
2026-08-24T00:31:31,115.94,51.16
2026-08-24T00:31:32,115.37,50.61
2026-08-24T00:31:33,115.56,50.79
2026-08-24T00:31:34,115.83,51.06
2026-08-24T00:31:35,116.18,51.41
2026-08-24T00:31:36,116.19,51.41
2026-08-24T00:31:37,116.73,51.95
2026-08-24T00:31:38,116.07,51.3
2026-08-24T00:31:39,115.25,50.49
2026-08-24T00:31:40,115.77,51.0
2026-08-24T00:31:41,116.01,51.23
2026-08-24T00:31:42,115.46,50.69
2026-08-24T00:31:43,115.34,50.58
2026-08-24T00:31:44,115.74,50.97
2026-08-24T00:31:45,116.39,51.61
2026-08-24T00:31:46,116.82,52.04
2026-08-24T00:31:47,116.65,51.87
2026-08-24T00:31:48,116.54,51.77
2026-08-24T00:31:49,116.31,51.54
2026-08-24T00:31:50,116.4,51.62
2026-08-24T00:31:51,116.48,51.7
2026-08-24T00:31:52,116.56,51.78
2026-08-24T00:31:53,117.47,52.67
2026-08-24T00:31:54,117.73,52.93
2026-08-24T00:31:55,116.75,51.97
2026-08-24T00:31:56,116.96,52.17
2026-08-24T00:31:57,116.47,51.69
2026-08-24T00:31:58,115.86,51.09
2026-08-24T00:31:59,116.32,51.54
2026-08-24T00:32:00,116.64,51.86
2026-08-24T00:32:01,116.25,51.47
2026-08-24T00:32:02,117.58,52.79
2026-08-24T00:32:03,117.31,52.52
2026-08-24T00:32:04,117.51,52.72
2026-08-24T00:32:05,116.95,52.17
2026-08-24T00:32:06,117.15,52.36
2026-08-24T00:32:07,116.33,51.55
2026-08-24T00:32:08,117.34,52.54
2026-08-24T00:32:09,117.49,52.7
2026-08-24T00:32:10,116.31,51.53
2026-08-24T00:32:11,116.14,51.36
2026-08-24T00:32:12,115.76,50.99
2026-08-24T00:32:13,115.49,50.73
2026-08-24T00:32:14,116.21,51.43
2026-08-24T00:32:15,116.38,51.6
2026-08-24T00:32:16,117.5,52.71
2026-08-24T00:32:17,117.67,52.87
2026-08-24T00:32:18,117.82,53.03
2026-08-24T00:32:19,117.18,52.39
2026-08-24T00:32:20,117.01,52.23
2026-08-24T00:32:21,116.34,51.57
2026-08-24T00:32:22,116.57,51.79
2026-08-24T00:32:23,116.33,51.55
2026-08-24T00:32:24,116.83,52.05
2026-08-24T00:32:25,116.7,51.92
2026-08-24T00:32:26,116.73,51.94
2026-08-24T00:32:27,117.12,52.33
2026-08-24T00:32:28,116.9,52.11
2026-08-24T00:32:29,116.82,52.03
2026-08-24T00:32:30,116.71,51.93
2026-08-24T00:32:31,117.03,52.25
2026-08-24T00:32:32,115.92,51.15
2026-08-24T00:32:33,115.71,50.94
2026-08-24T00:32:34,115.84,51.07
2026-08-24T00:32:35,115.48,50.71
2026-08-24T00:32:36,115.7,50.93
2026-08-24T00:32:37,116.41,51.63
2026-08-24T00:32:38,116.2,51.43
2026-08-24T00:32:39,116.06,51.29
2026-08-24T00:32:40,116.46,51.68
2026-08-24T00:32:41,116.26,51.49
2026-08-24T00:32:42,116.02,51.24
2026-08-24T00:32:43,116.47,51.69
2026-08-24T00:32:44,116.34,51.57
2026-08-24T00:32:45,116.54,51.76
2026-08-24T00:32:46,117.02,52.23
2026-08-24T00:32:47,116.76,51.98
2026-08-24T00:32:48,116.65,51.87
2026-08-24T00:32:49,116.72,51.94
2026-08-24T00:32:50,116.9,52.12
2026-08-24T00:32:51,116.06,51.28
2026-08-24T00:32:52,116.85,52.06
2026-08-24T00:32:53,117.19,52.4
2026-08-24T00:32:54,116.77,51.99
2026-08-24T00:32:55,117.37,52.58
2026-08-24T00:32:56,117.36,52.57
2026-08-24T00:32:57,117.35,52.55
2026-08-24T00:32:58,116.96,52.17
2026-08-24T00:32:59,116.43,51.65
2026-08-24T00:33:00,116.63,51.85
2026-08-24T00:33:01,117.13,52.34
2026-08-24T00:33:02,117.73,52.94
2026-08-24T00:33:03,117.54,52.75
2026-08-24T00:33:04,117.3,52.51
2026-08-24T00:33:05,116.84,52.06
2026-08-24T00:33:06,116.88,52.1
2026-08-24T00:33:07,117.52,52.73
2026-08-24T00:33:08,117.3,52.51
2026-08-24T00:33:09,118.85,54.04
2026-08-24T00:33:10,118.11,53.31
2026-08-24T00:33:11,117.97,53.17
2026-08-24T00:33:12,118.0,53.2
2026-08-24T00:33:13,117.7,52.9
2026-08-24T00:33:14,118.49,53.68
2026-08-24T00:33:15,118.07,53.27
2026-08-24T00:33:16,118.3,53.49
2026-08-24T00:33:17,117.81,53.02
2026-08-24T00:33:18,117.4,52.61
2026-08-24T00:33:19,117.74,52.95
2026-08-24T00:33:20,117.29,52.49
2026-08-24T00:33:21,117.51,52.71
2026-08-24T00:33:22,117.37,52.57
2026-08-24T00:33:23,117.7,52.91
2026-08-24T00:33:24,116.77,51.99
2026-08-24T00:33:25,116.84,52.05
2026-08-24T00:33:26,116.41,51.64
2026-08-24T00:33:27,116.79,52.01
2026-08-24T00:33:28,116.6,51.82
2026-08-24T00:33:29,116.85,52.07
2026-08-24T00:33:30,116.47,51.69
2026-08-24T00:33:31,116.19,51.41
2026-08-24T00:33:32,115.89,51.12
2026-08-24T00:33:33,115.7,50.93
2026-08-24T00:33:34,115.92,51.15
2026-08-24T00:33:35,115.81,51.04
2026-08-24T00:33:36,115.86,51.09
2026-08-24T00:33:37,115.57,50.8
2026-08-24T00:33:38,115.04,50.28
2026-08-24T00:33:39,115.21,50.45
2026-08-24T00:33:40,115.37,50.61
2026-08-24T00:33:41,115.34,50.58
2026-08-24T00:33:42,115.17,50.41
2026-08-24T00:33:43,115.62,50.86
2026-08-24T00:33:44,115.19,50.43
2026-08-24T00:33:45,115.07,50.31
2026-08-24T00:33:46,115.18,50.42
2026-08-24T00:33:47,115.39,50.63
2026-08-24T00:33:48,114.52,49.77
2026-08-24T00:33:49,114.7,49.95
2026-08-24T00:33:50,115.31,50.54
2026-08-24T00:33:51,115.57,50.8
2026-08-24T00:33:52,115.64,50.87
2026-08-24T00:33:53,115.42,50.65
2026-08-24T00:33:54,115.71,50.94
2026-08-24T00:33:55,115.28,50.52
2026-08-24T00:33:56,115.43,50.66
2026-08-24T00:33:57,115.1,50.34
2026-08-24T00:33:58,115.18,50.41
2026-08-24T00:33:59,115.5,50.74
2026-08-24T00:34:00,115.98,51.21
2026-08-24T00:34:01,116.32,51.55
2026-08-24T00:34:02,116.78,52.0
2026-08-24T00:34:03,117.12,52.33
2026-08-24T00:34:04,117.3,52.51
2026-08-24T00:34:05,117.77,52.98
2026-08-24T00:34:06,119.44,54.62
2026-08-24T00:34:07,121.01,56.17
2026-08-24T00:34:08,122.97,58.1
2026-08-24T00:34:09,125.35,60.45
2026-08-24T00:34:10,128.06,63.12
2026-08-24T00:34:11,128.67,63.72
2026-08-24T00:34:12,123.98,59.09
2026-08-24T00:34:13,119.9,55.07
2026-08-24T00:34:14,117.63,52.84
2026-08-24T00:34:15,116.62,51.84
2026-08-24T00:34:16,116.31,51.53
2026-08-24T00:34:17,116.28,51.5
2026-08-24T00:34:18,116.09,51.32
2026-08-24T00:34:19,116.77,51.99
2026-08-24T00:34:20,116.64,51.86
2026-08-24T00:34:21,116.23,51.45
2026-08-24T00:34:22,116.46,51.68
2026-08-24T00:34:23,115.77,51.01
2026-08-24T00:34:24,115.84,51.07
2026-08-24T00:34:25,115.6,50.83
2026-08-24T00:34:26,114.74,49.98
2026-08-24T00:34:27,115.51,50.75
2026-08-24T00:34:28,115.2,50.44
2026-08-24T00:34:29,114.95,50.2
2026-08-24T00:34:30,115.86,51.09
2026-08-24T00:34:31,115.09,50.33
2026-08-24T00:34:32,115.09,50.33
2026-08-24T00:34:33,116.14,51.37
2026-08-24T00:34:34,116.35,51.58
2026-08-24T00:34:35,115.39,50.63
2026-08-24T00:34:36,114.79,50.03
2026-08-24T00:34:37,115.43,50.67
2026-08-24T00:34:38,115.77,51.0
2026-08-24T00:34:39,115.71,50.95
2026-08-24T00:34:40,115.67,50.91
2026-08-24T00:34:41,115.24,50.47
2026-08-24T00:34:42,114.98,50.22
2026-08-24T00:34:43,116.29,51.51
2026-08-24T00:34:44,117.42,52.62
2026-08-24T00:34:45,116.33,51.56
2026-08-24T00:34:46,115.06,50.31
2026-08-24T00:34:47,114.54,49.79
2026-08-24T00:34:48,114.6,49.85
2026-08-24T00:34:49,114.63,49.88
2026-08-24T00:34:50,115.17,50.41
2026-08-24T00:34:51,114.9,50.15
2026-08-24T00:34:52,114.86,50.11
2026-08-24T00:34:53,115.02,50.26
2026-08-24T00:34:54,114.35,49.6
2026-08-24T00:34:55,115.32,50.56
2026-08-24T00:34:56,114.97,50.21
2026-08-24T00:34:57,114.72,49.97
2026-08-24T00:34:58,114.76,50.0
2026-08-24T00:34:59,115.22,50.46
2026-08-24T00:35:00,115.02,50.26
2026-08-24T00:35:01,114.92,50.16
2026-08-24T00:35:02,115.2,50.44
2026-08-24T00:35:03,114.88,50.13
2026-08-24T00:35:04,114.77,50.01
2026-08-24T00:35:05,115.76,50.99
2026-08-24T00:35:06,115.02,50.26
2026-08-24T00:35:07,114.76,50.01
2026-08-24T00:35:08,114.84,50.08
2026-08-24T00:35:09,115.19,50.43
2026-08-24T00:35:10,114.73,49.98
2026-08-24T00:35:11,114.49,49.74
2026-08-24T00:35:12,114.32,49.57
2026-08-24T00:35:13,115.01,50.25
2026-08-24T00:35:14,114.63,49.88
2026-08-24T00:35:15,115.13,50.37
2026-08-24T00:35:16,114.87,50.12
2026-08-24T00:35:17,114.75,49.99
2026-08-24T00:35:18,115.21,50.45
2026-08-24T00:35:19,115.01,50.25
2026-08-24T00:35:20,114.92,50.17
2026-08-24T00:35:21,114.7,49.95
2026-08-24T00:35:22,114.76,50.0
2026-08-24T00:35:23,114.6,49.84
2026-08-24T00:35:24,115.4,50.64
2026-08-24T00:35:25,114.53,49.78
2026-08-24T00:35:26,114.87,50.12
2026-08-24T00:35:27,115.11,50.35
2026-08-24T00:35:28,114.78,50.03
2026-08-24T00:35:29,115.06,50.3
2026-08-24T00:35:30,115.55,50.78
2026-08-24T00:35:31,114.42,49.67
2026-08-24T00:35:32,115.3,50.54
2026-08-24T00:35:33,115.01,50.26
2026-08-24T00:35:34,115.02,50.26
2026-08-24T00:35:35,114.93,50.17
2026-08-24T00:35:36,115.27,50.51
2026-08-24T00:35:37,114.86,50.1
2026-08-24T00:35:38,115.19,50.43
2026-08-24T00:35:39,115.04,50.28
2026-08-24T00:35:40,115.6,50.83
2026-08-24T00:35:41,114.78,50.03
2026-08-24T00:35:42,115.3,50.54
2026-08-24T00:35:43,115.09,50.33
2026-08-24T00:35:44,114.69,49.94
2026-08-24T00:35:45,114.6,49.85
2026-08-24T00:35:46,115.75,50.98
2026-08-24T00:35:47,114.97,50.21
2026-08-24T00:35:48,114.74,49.99
2026-08-24T00:35:49,114.52,49.77
2026-08-24T00:35:50,114.55,49.79
2026-08-24T00:35:51,114.56,49.81
2026-08-24T00:35:52,115.16,50.4
2026-08-24T00:35:53,114.68,49.93
2026-08-24T00:35:54,114.87,50.11
2026-08-24T00:35:55,114.66,49.91
2026-08-24T00:35:56,114.97,50.22
2026-08-24T00:35:57,115.26,50.5
2026-08-24T00:35:58,115.41,50.64
2026-08-24T00:35:59,114.81,50.05
2026-08-24T00:36:00,114.78,50.03
2026-08-24T00:36:01,114.75,50.0
2026-08-24T00:36:02,114.73,49.98
2026-08-24T00:36:03,115.1,50.34
2026-08-24T00:36:04,115.2,50.44
2026-08-24T00:36:05,114.93,50.17
2026-08-24T00:36:06,115.04,50.28
2026-08-24T00:36:07,114.55,49.8
2026-08-24T00:36:08,115.4,50.64
2026-08-24T00:36:09,114.92,50.16
2026-08-24T00:36:10,114.33,49.58
2026-08-24T00:36:11,114.38,49.63
2026-08-24T00:36:12,114.82,50.06
2026-08-24T00:36:13,114.95,50.19
2026-08-24T00:36:14,114.84,50.08
2026-08-24T00:36:15,115.18,50.42
2026-08-24T00:36:16,114.57,49.82
2026-08-24T00:36:17,115.86,51.09
2026-08-24T00:36:18,114.68,49.93
2026-08-24T00:36:19,114.97,50.22
2026-08-24T00:36:20,114.85,50.09
2026-08-24T00:36:21,114.89,50.13
2026-08-24T00:36:22,115.14,50.38
2026-08-24T00:36:23,115.3,50.54
2026-08-24T00:36:24,114.93,50.17
2026-08-24T00:36:25,114.83,50.08
2026-08-24T00:36:26,115.21,50.44
2026-08-24T00:36:27,114.94,50.18
2026-08-24T00:36:28,115.27,50.5
2026-08-24T00:36:29,115.21,50.45
2026-08-24T00:36:30,115.6,50.83
2026-08-24T00:36:31,115.6,50.84
2026-08-24T00:36:32,115.71,50.94
2026-08-24T00:36:33,115.71,50.94
2026-08-24T00:36:34,116.78,52.0
2026-08-24T00:36:35,117.93,53.13
2026-08-24T00:36:36,120.06,55.23
2026-08-24T00:36:37,120.49,55.66
2026-08-24T00:36:38,121.86,57.0
2026-08-24T00:36:39,122.75,57.88
2026-08-24T00:36:40,122.7,57.83
2026-08-24T00:36:41,126.26,61.34
2026-08-24T00:36:42,118.99,54.18
2026-08-24T00:36:43,117.37,52.58
2026-08-24T00:36:44,117.57,52.77
2026-08-24T00:36:45,117.14,52.36
2026-08-24T00:36:46,118.96,54.15
2026-08-24T00:36:47,118.66,53.85
2026-08-24T00:36:48,119.2,54.38
2026-08-24T00:36:49,120.81,55.97
2026-08-24T00:36:50,122.48,57.62
2026-08-24T00:36:51,122.96,58.09
2026-08-24T00:36:52,123.18,58.31
2026-08-24T00:36:53,118.02,53.22
2026-08-24T00:36:54,117.21,52.42
2026-08-24T00:36:55,115.26,50.5
2026-08-24T00:36:56,115.7,50.93
2026-08-24T00:36:57,115.43,50.66
2026-08-24T00:36:58,114.98,50.22
2026-08-24T00:36:59,114.87,50.12
2026-08-24T00:37:00,115.17,50.41
2026-08-24T00:37:01,114.87,50.12
2026-08-24T00:37:02,115.27,50.51
2026-08-24T00:37:03,115.88,51.11
2026-08-24T00:37:04,114.91,50.16
2026-08-24T00:37:05,115.46,50.7
2026-08-24T00:37:06,115.1,50.34
2026-08-24T00:37:07,115.13,50.37
2026-08-24T00:37:08,115.01,50.26
2026-08-24T00:37:09,115.42,50.66
2026-08-24T00:37:10,115.77,51.0
2026-08-24T00:37:11,115.46,50.7
2026-08-24T00:37:12,114.87,50.11
2026-08-24T00:37:13,114.7,49.94
2026-08-24T00:37:14,114.75,50.0
2026-08-24T00:37:15,114.28,49.53
2026-08-24T00:37:16,114.54,49.79
2026-08-24T00:37:17,114.54,49.79
2026-08-24T00:37:18,114.57,49.82
2026-08-24T00:37:19,114.36,49.61
2026-08-24T00:37:20,114.4,49.65
2026-08-24T00:37:21,114.33,49.59
2026-08-24T00:37:22,114.77,50.01
2026-08-24T00:37:23,114.83,50.07
2026-08-24T00:37:24,114.4,49.66
2026-08-24T00:37:25,114.25,49.51
2026-08-24T00:37:26,114.24,49.49
2026-08-24T00:37:27,114.05,49.3
2026-08-24T00:37:28,115.02,50.27
2026-08-24T00:37:29,114.32,49.58
2026-08-24T00:37:30,114.23,49.48
2026-08-24T00:37:31,114.56,49.81
2026-08-24T00:37:32,114.02,49.28
2026-08-24T00:37:33,114.06,49.31
2026-08-24T00:37:34,114.51,49.76
2026-08-24T00:37:35,115.1,50.34
2026-08-24T00:37:36,114.53,49.78
2026-08-24T00:37:37,114.63,49.87
2026-08-24T00:37:38,114.14,49.39
2026-08-24T00:37:39,114.66,49.91
2026-08-24T00:37:40,114.82,50.06
2026-08-24T00:37:41,114.16,49.41
2026-08-24T00:37:42,114.86,50.1
2026-08-24T00:37:43,114.28,49.54
2026-08-24T00:37:44,114.45,49.7
2026-08-24T00:37:45,114.54,49.79
2026-08-24T00:37:46,114.36,49.61
2026-08-24T00:37:47,114.17,49.42
2026-08-24T00:37:48,114.62,49.87
2026-08-24T00:37:49,115.11,50.35
2026-08-24T00:37:50,114.78,50.03
2026-08-24T00:37:51,114.63,49.88
2026-08-24T00:37:52,114.42,49.67
2026-08-24T00:37:53,114.56,49.81
2026-08-24T00:37:54,114.33,49.58
2026-08-24T00:37:55,114.82,50.07
2026-08-24T00:37:56,115.63,50.86
2026-08-24T00:37:57,114.8,50.05
2026-08-24T00:37:58,114.55,49.8
2026-08-24T00:37:59,114.63,49.88
2026-08-24T00:38:00,114.78,50.03
2026-08-24T00:38:01,114.65,49.9
2026-08-24T00:38:02,114.67,49.92
2026-08-24T00:38:03,115.49,50.72
2026-08-24T00:38:04,114.57,49.82
2026-08-24T00:38:05,114.74,49.98
2026-08-24T00:38:06,114.4,49.65
2026-08-24T00:38:07,114.71,49.95
2026-08-24T00:38:08,114.69,49.93
2026-08-24T00:38:09,114.53,49.78
2026-08-24T00:38:10,114.55,49.8
2026-08-24T00:38:11,115.06,50.3
2026-08-24T00:38:12,114.71,49.95
2026-08-24T00:38:13,114.16,49.41
2026-08-24T00:38:14,114.42,49.67
2026-08-24T00:38:15,114.35,49.6
2026-08-24T00:38:16,113.9,49.16
2026-08-24T00:38:17,114.57,49.82
2026-08-24T00:38:18,114.4,49.66
2026-08-24T00:38:19,113.98,49.24
2026-08-24T00:38:20,114.6,49.85
2026-08-24T00:38:21,114.72,49.97
2026-08-24T00:38:22,114.69,49.94
2026-08-24T00:38:23,114.18,49.44
2026-08-24T00:38:24,114.77,50.02
2026-08-24T00:38:25,114.63,49.88
2026-08-24T00:38:26,114.55,49.79
2026-08-24T00:38:27,114.95,50.19
2026-08-24T00:38:28,114.96,50.2
2026-08-24T00:38:29,114.51,49.76
2026-08-24T00:38:30,114.32,49.58
2026-08-24T00:38:31,114.65,49.9
2026-08-24T00:38:32,114.66,49.91
2026-08-24T00:38:33,114.74,49.98
2026-08-24T00:38:34,114.37,49.62
2026-08-24T00:38:35,114.43,49.68
2026-08-24T00:38:36,114.41,49.66
2026-08-24T00:38:37,114.69,49.93
2026-08-24T00:38:38,114.33,49.58
2026-08-24T00:38:39,114.09,49.34
2026-08-24T00:38:40,114.28,49.53
2026-08-24T00:38:41,114.65,49.9
2026-08-24T00:38:42,114.14,49.39
2026-08-24T00:38:43,114.29,49.54
2026-08-24T00:38:44,113.77,49.03
2026-08-24T00:38:45,114.65,49.9
2026-08-24T00:38:46,114.91,50.15
2026-08-24T00:38:47,114.43,49.68
2026-08-24T00:38:48,114.27,49.53
2026-08-24T00:38:49,114.4,49.65
2026-08-24T00:38:50,113.94,49.2
2026-08-24T00:38:51,114.27,49.52
2026-08-24T00:38:52,114.52,49.77
2026-08-24T00:38:53,114.34,49.59
2026-08-24T00:38:54,113.76,49.02
2026-08-24T00:38:55,114.67,49.92
2026-08-24T00:38:56,113.93,49.19
2026-08-24T00:38:57,114.33,49.58
2026-08-24T00:38:58,114.7,49.94
2026-08-24T00:38:59,114.3,49.56
2026-08-24T00:39:00,114.51,49.75
2026-08-24T00:39:01,114.51,49.76
2026-08-24T00:39:02,114.25,49.5
2026-08-24T00:39:03,114.14,49.39
2026-08-24T00:39:04,114.06,49.32
2026-08-24T00:39:05,113.72,48.98
2026-08-24T00:39:06,114.13,49.38
2026-08-24T00:39:07,114.37,49.62
2026-08-24T00:39:08,114.23,49.49
2026-08-24T00:39:09,114.01,49.26
2026-08-24T00:39:10,114.9,50.15
2026-08-24T00:39:11,114.73,49.97
2026-08-24T00:39:12,115.04,50.28
2026-08-24T00:39:13,114.27,49.52
2026-08-24T00:39:14,113.87,49.13
2026-08-24T00:39:15,114.44,49.69
2026-08-24T00:39:16,114.39,49.64
2026-08-24T00:39:17,114.18,49.43
2026-08-24T00:39:18,114.49,49.74
2026-08-24T00:39:19,114.15,49.41
2026-08-24T00:39:20,114.41,49.67
2026-08-24T00:39:21,114.46,49.71
2026-08-24T00:39:22,114.46,49.71
2026-08-24T00:39:23,114.96,50.21
2026-08-24T00:39:24,113.84,49.1
2026-08-24T00:39:25,114.75,50.0
2026-08-24T00:39:26,113.86,49.12
2026-08-24T00:39:27,114.04,49.3
2026-08-24T00:39:28,113.97,49.23
2026-08-24T00:39:29,113.91,49.17
2026-08-24T00:39:30,113.37,48.63
2026-08-24T00:39:31,113.59,48.86
2026-08-24T00:39:32,113.78,49.04
2026-08-24T00:39:33,113.82,49.08
2026-08-24T00:39:34,113.99,49.24
2026-08-24T00:39:35,113.23,48.49
2026-08-24T00:39:36,113.49,48.75
2026-08-24T00:39:37,114.11,49.37
2026-08-24T00:39:38,114.28,49.53
2026-08-24T00:39:39,113.54,48.8
2026-08-24T00:39:40,114.42,49.67
2026-08-24T00:39:41,113.63,48.89
2026-08-24T00:39:42,114.16,49.41
2026-08-24T00:39:43,113.93,49.18
2026-08-24T00:39:44,114.0,49.26
2026-08-24T00:39:45,114.02,49.28
2026-08-24T00:39:46,113.64,48.9
2026-08-24T00:39:47,113.87,49.12
2026-08-24T00:39:48,114.04,49.3
2026-08-24T00:39:49,114.25,49.5
2026-08-24T00:39:50,113.57,48.83
2026-08-24T00:39:51,114.29,49.54
2026-08-24T00:39:52,114.33,49.58
2026-08-24T00:39:53,114.35,49.6
2026-08-24T00:39:54,114.78,50.03
2026-08-24T00:39:55,113.72,48.99
2026-08-24T00:39:56,114.39,49.64
2026-08-24T00:39:57,114.86,50.1
2026-08-24T00:39:58,113.9,49.15
2026-08-24T00:39:59,114.21,49.47
2026-08-24T00:40:00,114.15,49.4
2026-08-24T00:40:01,113.75,49.01
2026-08-24T00:40:02,113.94,49.19
2026-08-24T00:40:03,113.78,49.03
2026-08-24T00:40:04,113.93,49.19
2026-08-24T00:40:05,114.69,49.94
2026-08-24T00:40:06,113.75,49.01
2026-08-24T00:40:07,114.8,50.04
2026-08-24T00:40:08,114.27,49.52
2026-08-24T00:40:09,114.54,49.79
2026-08-24T00:40:10,114.89,50.13
2026-08-24T00:40:11,114.67,49.92
2026-08-24T00:40:12,114.91,50.15
2026-08-24T00:40:13,114.76,50.01
2026-08-24T00:40:14,114.42,49.67
2026-08-24T00:40:15,114.69,49.94
2026-08-24T00:40:16,114.54,49.79
2026-08-24T00:40:17,114.63,49.87
2026-08-24T00:40:18,114.89,50.13
2026-08-24T00:40:19,114.2,49.46
2026-08-24T00:40:20,114.37,49.62
2026-08-24T00:40:21,114.87,50.11
2026-08-24T00:40:22,114.9,50.15
2026-08-24T00:40:23,114.21,49.47
2026-08-24T00:40:24,114.83,50.08
2026-08-24T00:40:25,115.05,50.29
2026-08-24T00:40:26,114.97,50.21
2026-08-24T00:40:27,114.38,49.63
2026-08-24T00:40:28,114.44,49.69
2026-08-24T00:40:29,114.85,50.09
2026-08-24T00:40:30,114.83,50.07
2026-08-24T00:40:31,114.08,49.33
2026-08-24T00:40:32,114.56,49.81
2026-08-24T00:40:33,114.72,49.96
2026-08-24T00:40:34,114.72,49.96
2026-08-24T00:40:35,114.46,49.71
2026-08-24T00:40:36,115.17,50.41
2026-08-24T00:40:37,114.63,49.87
2026-08-24T00:40:38,115.21,50.45
2026-08-24T00:40:39,114.67,49.91
2026-08-24T00:40:40,114.71,49.95
2026-08-24T00:40:41,114.72,49.96
2026-08-24T00:40:42,114.52,49.77
2026-08-24T00:40:43,114.39,49.64
2026-08-24T00:40:44,114.68,49.93
2026-08-24T00:40:45,114.53,49.78
2026-08-24T00:40:46,114.45,49.7
2026-08-24T00:40:47,114.74,49.99
2026-08-24T00:40:48,114.28,49.53
2026-08-24T00:40:49,115.22,50.46
2026-08-24T00:40:50,114.48,49.73
2026-08-24T00:40:51,114.63,49.87
2026-08-24T00:40:52,114.93,50.18
2026-08-24T00:40:53,114.53,49.78
2026-08-24T00:40:54,114.83,50.08
2026-08-24T00:40:55,114.66,49.9
2026-08-24T00:40:56,114.52,49.77
2026-08-24T00:40:57,114.48,49.73
2026-08-24T00:40:58,115.32,50.55
2026-08-24T00:40:59,114.77,50.01
2026-08-24T00:41:00,114.58,49.83
2026-08-24T00:41:01,114.77,50.02
2026-08-24T00:41:02,114.57,49.82
2026-08-24T00:41:03,114.38,49.63
2026-08-24T00:41:04,115.02,50.26
2026-08-24T00:41:05,114.81,50.06
2026-08-24T00:41:06,114.43,49.68
2026-08-24T00:41:07,114.86,50.1
2026-08-24T00:41:08,114.33,49.58
2026-08-24T00:41:09,114.63,49.88
2026-08-24T00:41:10,114.34,49.59
2026-08-24T00:41:11,114.6,49.85
2026-08-24T00:41:12,114.39,49.64
2026-08-24T00:41:13,114.84,50.08
2026-08-24T00:41:14,115.19,50.43
2026-08-24T00:41:15,114.6,49.85
2026-08-24T00:41:16,114.58,49.83
2026-08-24T00:41:17,114.46,49.71
2026-08-24T00:41:18,114.42,49.67
2026-08-24T00:41:19,114.41,49.66
2026-08-24T00:41:20,114.58,49.83
2026-08-24T00:41:21,114.62,49.87
2026-08-24T00:41:22,114.33,49.58
2026-08-24T00:41:23,114.71,49.95
2026-08-24T00:41:24,114.28,49.53
2026-08-24T00:41:25,114.24,49.5
2026-08-24T00:41:26,114.21,49.46
2026-08-24T00:41:27,114.47,49.72
2026-08-24T00:41:28,114.65,49.9
2026-08-24T00:41:29,114.93,50.18
2026-08-24T00:41:30,114.74,49.99
2026-08-24T00:41:31,113.99,49.24
2026-08-24T00:41:32,114.93,50.17
2026-08-24T00:41:33,114.86,50.1
2026-08-24T00:41:34,114.41,49.66
2026-08-24T00:41:35,114.69,49.94
2026-08-24T00:41:36,114.63,49.87
2026-08-24T00:41:37,113.89,49.15
2026-08-24T00:41:38,114.63,49.88
2026-08-24T00:41:39,114.32,49.57
2026-08-24T00:41:40,114.41,49.66
2026-08-24T00:41:41,114.35,49.6
2026-08-24T00:41:42,114.58,49.83
2026-08-24T00:41:43,114.47,49.72
2026-08-24T00:41:44,114.21,49.46
2026-08-24T00:41:45,114.39,49.64
2026-08-24T00:41:46,114.62,49.87
2026-08-24T00:41:47,114.74,49.99
2026-08-24T00:41:48,114.6,49.85
2026-08-24T00:41:49,114.87,50.11
2026-08-24T00:41:50,114.61,49.85
2026-08-24T00:41:51,114.33,49.58
2026-08-24T00:41:52,114.4,49.65
2026-08-24T00:41:53,114.89,50.14
2026-08-24T00:41:54,114.26,49.52
2026-08-24T00:41:55,114.55,49.8
2026-08-24T00:41:56,114.82,50.06
2026-08-24T00:41:57,115.09,50.33
2026-08-24T00:41:58,114.65,49.9
2026-08-24T00:41:59,115.74,50.97
2026-08-24T00:42:00,114.47,49.72
2026-08-24T00:42:01,114.5,49.75
2026-08-24T00:42:02,114.97,50.21
2026-08-24T00:42:03,114.91,50.15
2026-08-24T00:42:04,115.66,50.89
2026-08-24T00:42:05,115.11,50.35
2026-08-24T00:42:06,115.56,50.79
2026-08-24T00:42:07,115.37,50.61
2026-08-24T00:42:08,115.61,50.84
2026-08-24T00:42:09,114.48,49.73
2026-08-24T00:42:10,115.04,50.28
2026-08-24T00:42:11,114.55,49.8
2026-08-24T00:42:12,114.35,49.6
2026-08-24T00:42:13,114.83,50.08
2026-08-24T00:42:14,114.48,49.73
2026-08-24T00:42:15,114.77,50.02
2026-08-24T00:42:16,114.82,50.07
2026-08-24T00:42:17,114.52,49.76
2026-08-24T00:42:18,114.53,49.78
2026-08-24T00:42:19,114.46,49.71
2026-08-24T00:42:20,114.76,50.01
2026-08-24T00:42:21,115.31,50.55
2026-08-24T00:42:22,114.6,49.85
2026-08-24T00:42:23,114.47,49.72
2026-08-24T00:42:24,114.49,49.74
2026-08-24T00:42:25,114.49,49.74
2026-08-24T00:42:26,115.41,50.65
2026-08-24T00:42:27,114.4,49.65
2026-08-24T00:42:28,114.86,50.1
2026-08-24T00:42:29,114.55,49.8
2026-08-24T00:42:30,114.41,49.66
2026-08-24T00:42:31,114.21,49.47
2026-08-24T00:42:32,114.57,49.82
2026-08-24T00:42:33,114.69,49.93
2026-08-24T00:42:34,114.89,50.13
2026-08-24T00:42:35,114.56,49.81
2026-08-24T00:42:36,114.87,50.11
2026-08-24T00:42:37,115.24,50.48
2026-08-24T00:42:38,115.04,50.28
2026-08-24T00:42:39,114.54,49.79
2026-08-24T00:42:40,114.94,50.18
2026-08-24T00:42:41,114.45,49.7
2026-08-24T00:42:42,115.18,50.42
2026-08-24T00:42:43,115.0,50.24
2026-08-24T00:42:44,114.46,49.71
2026-08-24T00:42:45,114.81,50.06
2026-08-24T00:42:46,114.97,50.22
2026-08-24T00:42:47,115.09,50.34
2026-08-24T00:42:48,114.73,49.98
2026-08-24T00:42:49,114.25,49.5
2026-08-24T00:42:50,113.7,48.96
2026-08-24T00:42:51,113.6,48.86
2026-08-24T00:42:52,114.25,49.5
2026-08-24T00:42:53,114.1,49.35
2026-08-24T00:42:54,114.04,49.3
2026-08-24T00:42:55,114.17,49.42
2026-08-24T00:42:56,113.74,49.0
2026-08-24T00:42:57,113.66,48.92
2026-08-24T00:42:58,114.0,49.25
2026-08-24T00:42:59,113.77,49.03
2026-08-24T00:43:00,114.09,49.34
2026-08-24T00:43:01,113.77,49.03
2026-08-24T00:43:02,114.54,49.79
2026-08-24T00:43:03,114.29,49.54
2026-08-24T00:43:04,114.58,49.83
2026-08-24T00:43:05,114.25,49.5
2026-08-24T00:43:06,114.5,49.75
2026-08-24T00:43:07,114.73,49.98
2026-08-24T00:43:08,114.2,49.45
2026-08-24T00:43:09,113.58,48.84
2026-08-24T00:43:10,114.33,49.58
2026-08-24T00:43:11,114.65,49.9
2026-08-24T00:43:12,113.9,49.16
2026-08-24T00:43:13,114.1,49.36
2026-08-24T00:43:14,114.43,49.68
2026-08-24T00:43:15,114.04,49.3
2026-08-24T00:43:16,113.94,49.2
2026-08-24T00:43:17,113.87,49.13
2026-08-24T00:43:18,114.57,49.82
2026-08-24T00:43:19,114.6,49.85
2026-08-24T00:43:20,114.8,50.05
2026-08-24T00:43:21,114.83,50.08
2026-08-24T00:43:22,115.35,50.58
2026-08-24T00:43:23,114.72,49.97
2026-08-24T00:43:24,114.99,50.24
2026-08-24T00:43:25,114.42,49.67
2026-08-24T00:43:26,114.08,49.33
2026-08-24T00:43:27,114.17,49.42
2026-08-24T00:43:28,114.1,49.35
2026-08-24T00:43:29,114.02,49.28
2026-08-24T00:43:30,114.36,49.61
2026-08-24T00:43:31,114.9,50.15
2026-08-24T00:43:32,115.15,50.39
2026-08-24T00:43:33,115.2,50.44
2026-08-24T00:43:34,114.44,49.69
2026-08-24T00:43:35,114.19,49.44
2026-08-24T00:43:36,114.55,49.79
2026-08-24T00:43:37,114.87,50.12
2026-08-24T00:43:38,114.96,50.2
2026-08-24T00:43:39,113.94,49.2
2026-08-24T00:43:40,114.25,49.51
2026-08-24T00:43:41,114.13,49.38
2026-08-24T00:43:42,114.35,49.6
2026-08-24T00:43:43,114.77,50.02
2026-08-24T00:43:44,114.16,49.41
2026-08-24T00:43:45,114.48,49.73
2026-08-24T00:43:46,114.35,49.61
2026-08-24T00:43:47,114.57,49.82
2026-08-24T00:43:48,113.88,49.13
2026-08-24T00:43:49,113.86,49.12
2026-08-24T00:43:50,114.68,49.92
2026-08-24T00:43:51,114.18,49.43
2026-08-24T00:43:52,114.01,49.27
2026-08-24T00:43:53,114.63,49.88
2026-08-24T00:43:54,114.6,49.85
2026-08-24T00:43:55,114.99,50.24
2026-08-24T00:43:56,114.67,49.92
2026-08-24T00:43:57,114.54,49.79
2026-08-24T00:43:58,114.88,50.12
2026-08-24T00:43:59,114.16,49.42
2026-08-24T00:44:00,114.68,49.92
2026-08-24T00:44:01,114.4,49.65
2026-08-24T00:44:02,115.23,50.47
2026-08-24T00:44:03,115.14,50.38
2026-08-24T00:44:04,115.65,50.89
2026-08-24T00:44:05,115.79,51.02
2026-08-24T00:44:06,116.74,51.96
2026-08-24T00:44:07,117.28,52.49
2026-08-24T00:44:08,118.12,53.31
2026-08-24T00:44:09,119.03,54.22
2026-08-24T00:44:10,120.3,55.46
2026-08-24T00:44:11,123.34,58.46
2026-08-24T00:44:12,125.16,60.26
2026-08-24T00:44:13,123.28,58.4
2026-08-24T00:44:14,122.02,57.16
2026-08-24T00:44:15,121.95,57.1
2026-08-24T00:44:16,119.37,54.55
2026-08-24T00:44:17,117.77,52.97
2026-08-24T00:44:18,117.17,52.38
2026-08-24T00:44:19,118.82,54.01
2026-08-24T00:44:20,120.25,55.42
2026-08-24T00:44:21,122.55,57.69
2026-08-24T00:44:22,124.03,59.15
2026-08-24T00:44:23,126.57,61.65
2026-08-24T00:44:24,124.56,59.66
2026-08-24T00:44:25,122.75,57.88
2026-08-24T00:44:26,121.4,56.55
2026-08-24T00:44:27,119.14,54.32
2026-08-24T00:44:28,115.99,51.22
2026-08-24T00:44:29,115.24,50.48
2026-08-24T00:44:30,114.59,49.84
2026-08-24T00:44:31,114.19,49.44
2026-08-24T00:44:32,113.98,49.24
2026-08-24T00:44:33,114.18,49.44
2026-08-24T00:44:34,113.24,48.5
2026-08-24T00:44:35,113.92,49.18
2026-08-24T00:44:36,114.05,49.31
2026-08-24T00:44:37,113.43,48.7
2026-08-24T00:44:38,114.12,49.38
2026-08-24T00:44:39,113.93,49.18
2026-08-24T00:44:40,114.03,49.29
2026-08-24T00:44:41,114.14,49.39
2026-08-24T00:44:42,114.03,49.29
2026-08-24T00:44:43,113.59,48.85
2026-08-24T00:44:44,113.54,48.8
2026-08-24T00:44:45,113.22,48.49
2026-08-24T00:44:46,113.98,49.24
2026-08-24T00:44:47,114.26,49.51
2026-08-24T00:44:48,113.92,49.18
2026-08-24T00:44:49,114.42,49.67
2026-08-24T00:44:50,114.1,49.36
2026-08-24T00:44:51,114.37,49.62
2026-08-24T00:44:52,114.34,49.59
2026-08-24T00:44:53,113.97,49.23
2026-08-24T00:44:54,114.41,49.67
2026-08-24T00:44:55,114.52,49.76
2026-08-24T00:44:56,114.43,49.68
2026-08-24T00:44:57,114.72,49.97
2026-08-24T00:44:58,114.6,49.85
2026-08-24T00:44:59,114.52,49.76
2026-08-24T00:45:00,114.6,49.85
2026-08-24T00:45:01,114.59,49.83
2026-08-24T00:45:02,114.56,49.81
2026-08-24T00:45:03,114.96,50.2
2026-08-24T00:45:04,113.82,49.08
2026-08-24T00:45:05,114.2,49.45
2026-08-24T00:45:06,114.63,49.88
2026-08-24T00:45:07,114.62,49.87
2026-08-24T00:45:08,114.78,50.02
2026-08-24T00:45:09,115.28,50.51
2026-08-24T00:45:10,114.96,50.2
2026-08-24T00:45:11,115.04,50.28
2026-08-24T00:45:12,115.19,50.43
2026-08-24T00:45:13,115.03,50.28
2026-08-24T00:45:14,115.21,50.45
2026-08-24T00:45:15,115.27,50.51
2026-08-24T00:45:16,115.08,50.32
2026-08-24T00:45:17,115.27,50.51
2026-08-24T00:45:18,114.8,50.05
2026-08-24T00:45:19,114.91,50.15
2026-08-24T00:45:20,114.62,49.87
2026-08-24T00:45:21,115.19,50.43
2026-08-24T00:45:22,114.65,49.89
2026-08-24T00:45:23,114.23,49.48
2026-08-24T00:45:24,114.47,49.72
2026-08-24T00:45:25,114.59,49.84
2026-08-24T00:45:26,114.53,49.77
2026-08-24T00:45:27,114.61,49.85
2026-08-24T00:45:28,114.3,49.55
2026-08-24T00:45:29,114.44,49.69
2026-08-24T00:45:30,114.17,49.42
2026-08-24T00:45:31,114.42,49.67
2026-08-24T00:45:32,116.02,51.24
2026-08-24T00:45:33,114.72,49.97
2026-08-24T00:45:34,114.48,49.73
2026-08-24T00:45:35,114.54,49.79
2026-08-24T00:45:36,115.03,50.27
2026-08-24T00:45:37,114.81,50.05
2026-08-24T00:45:38,115.04,50.29
2026-08-24T00:45:39,115.06,50.3
2026-08-24T00:45:40,114.37,49.62
2026-08-24T00:45:41,114.47,49.72
2026-08-24T00:45:42,114.61,49.86
2026-08-24T00:45:43,114.65,49.89
2026-08-24T00:45:44,114.67,49.92
2026-08-24T00:45:45,114.85,50.09
2026-08-24T00:45:46,114.19,49.45
2026-08-24T00:45:47,114.38,49.64
2026-08-24T00:45:48,114.37,49.63
2026-08-24T00:45:49,114.55,49.8
2026-08-24T00:45:50,114.75,49.99
2026-08-24T00:45:51,114.85,50.1
2026-08-24T00:45:52,115.06,50.3
2026-08-24T00:45:53,115.46,50.69
2026-08-24T00:45:54,114.78,50.02
2026-08-24T00:45:55,114.99,50.23
2026-08-24T00:45:56,115.22,50.46
2026-08-24T00:45:57,114.99,50.23
2026-08-24T00:45:58,114.79,50.04
2026-08-24T00:45:59,115.03,50.27
2026-08-24T00:46:00,115.73,50.96
2026-08-24T00:46:01,114.91,50.15
2026-08-24T00:46:02,114.9,50.15
2026-08-24T00:46:03,115.38,50.61
2026-08-24T00:46:04,115.15,50.39
2026-08-24T00:46:05,115.96,51.19
2026-08-24T00:46:06,115.24,50.48
2026-08-24T00:46:07,114.78,50.02
2026-08-24T00:46:08,118.79,53.98
2026-08-24T00:46:09,115.02,50.26
2026-08-24T00:46:10,114.74,49.99
2026-08-24T00:46:11,115.03,50.27
2026-08-24T00:46:12,114.89,50.14
2026-08-24T00:46:13,114.44,49.69
2026-08-24T00:46:14,114.65,49.9
2026-08-24T00:46:15,114.86,50.1
2026-08-24T00:46:16,114.94,50.18
2026-08-24T00:46:17,114.51,49.76
2026-08-24T00:46:18,114.41,49.66
2026-08-24T00:46:19,114.73,49.98
2026-08-24T00:46:20,114.51,49.76
2026-08-24T00:46:21,114.23,49.49
2026-08-24T00:46:22,115.02,50.27
2026-08-24T00:46:23,114.74,49.99
2026-08-24T00:46:24,115.17,50.41
2026-08-24T00:46:25,115.25,50.48
2026-08-24T00:46:26,115.69,50.92
2026-08-24T00:46:27,116.25,51.48
2026-08-24T00:46:28,116.88,52.09
2026-08-24T00:46:29,117.27,52.48
2026-08-24T00:46:30,118.41,53.6
2026-08-24T00:46:31,118.88,54.07
2026-08-24T00:46:32,119.18,54.36
2026-08-24T00:46:33,118.85,54.04
2026-08-24T00:46:34,117.5,52.7
2026-08-24T00:46:35,116.81,52.02
2026-08-24T00:46:36,116.5,51.72
2026-08-24T00:46:37,115.87,51.1
2026-08-24T00:46:38,116.18,51.4
2026-08-24T00:46:39,115.07,50.31
2026-08-24T00:46:40,115.04,50.28
2026-08-24T00:46:41,115.47,50.71
2026-08-24T00:46:42,115.33,50.57
2026-08-24T00:46:43,115.16,50.4
2026-08-24T00:46:44,115.16,50.4
2026-08-24T00:46:45,114.9,50.15
2026-08-24T00:46:46,114.51,49.76
2026-08-24T00:46:47,114.63,49.87
2026-08-24T00:46:48,114.87,50.12
2026-08-24T00:46:49,114.11,49.37
2026-08-24T00:46:50,114.65,49.9
2026-08-24T00:46:51,114.81,50.06
2026-08-24T00:46:52,114.39,49.65
2026-08-24T00:46:53,114.5,49.75
2026-08-24T00:46:54,114.42,49.67
2026-08-24T00:46:55,114.83,50.08
2026-08-24T00:46:56,114.91,50.15
2026-08-24T00:46:57,115.43,50.66
2026-08-24T00:46:58,115.85,51.08
2026-08-24T00:46:59,114.94,50.19
2026-08-24T00:47:00,114.5,49.75
2026-08-24T00:47:01,114.9,50.15
2026-08-24T00:47:02,114.76,50.01
2026-08-24T00:47:03,115.09,50.33
2026-08-24T00:47:04,114.91,50.16
2026-08-24T00:47:05,114.94,50.18
2026-08-24T00:47:06,115.65,50.88
2026-08-24T00:47:07,116.04,51.27
2026-08-24T00:47:08,115.81,51.05
2026-08-24T00:47:09,115.93,51.16
2026-08-24T00:47:10,116.3,51.53
2026-08-24T00:47:11,117.6,52.8
2026-08-24T00:47:12,116.43,51.65
2026-08-24T00:47:13,116.67,51.89
2026-08-24T00:47:14,116.67,51.89
2026-08-24T00:47:15,117.27,52.48
2026-08-24T00:47:16,117.37,52.58
2026-08-24T00:47:17,119.18,54.36
2026-08-24T00:47:18,118.73,53.92
2026-08-24T00:47:19,119.2,54.38
2026-08-24T00:47:20,117.74,52.95
2026-08-24T00:47:21,118.83,54.01
2026-08-24T00:47:22,118.56,53.76
2026-08-24T00:47:23,118.53,53.72
2026-08-24T00:47:24,118.49,53.69
2026-08-24T00:47:25,118.09,53.29
2026-08-24T00:47:26,118.02,53.22
2026-08-24T00:47:27,117.98,53.18
2026-08-24T00:47:28,116.88,52.1
2026-08-24T00:47:29,117.1,52.32
2026-08-24T00:47:30,117.4,52.6
2026-08-24T00:47:31,117.29,52.5
2026-08-24T00:47:32,117.81,53.01
2026-08-24T00:47:33,117.47,52.68
2026-08-24T00:47:34,117.44,52.65
2026-08-24T00:47:35,117.14,52.35
2026-08-24T00:47:36,117.2,52.41
2026-08-24T00:47:37,117.51,52.72
2026-08-24T00:47:38,117.38,52.59
2026-08-24T00:47:39,117.53,52.73
2026-08-24T00:47:40,117.47,52.68
2026-08-24T00:47:41,117.05,52.26
2026-08-24T00:47:42,117.52,52.73
2026-08-24T00:47:43,117.61,52.81
2026-08-24T00:47:44,117.68,52.89
2026-08-24T00:47:45,117.81,53.01
2026-08-24T00:47:46,118.24,53.44
2026-08-24T00:47:47,117.64,52.85
2026-08-24T00:47:48,117.65,52.85
2026-08-24T00:47:49,117.86,53.06
2026-08-24T00:47:50,117.85,53.05
2026-08-24T00:47:51,117.52,52.73
2026-08-24T00:47:52,117.01,52.23
2026-08-24T00:47:53,117.07,52.29
2026-08-24T00:47:54,117.19,52.4
2026-08-24T00:47:55,117.47,52.68
2026-08-24T00:47:56,117.68,52.88
2026-08-24T00:47:57,117.81,53.01
2026-08-24T00:47:58,117.79,52.99
2026-08-24T00:47:59,117.95,53.15
2026-08-24T00:48:00,117.57,52.78
2026-08-24T00:48:01,117.79,52.99
2026-08-24T00:48:02,118.04,53.24
2026-08-24T00:48:03,118.39,53.58
2026-08-24T00:48:04,118.65,53.84
2026-08-24T00:48:05,118.8,53.99
2026-08-24T00:48:06,121.0,56.15
2026-08-24T00:48:07,123.88,59.0
2026-08-24T00:48:08,123.96,59.08
2026-08-24T00:48:09,129.35,64.39
2026-08-24T00:48:10,125.83,60.92
2026-08-24T00:48:11,124.94,60.05
2026-08-24T00:48:12,122.56,57.7
2026-08-24T00:48:13,120.96,56.12
2026-08-24T00:48:14,119.31,54.49
2026-08-24T00:48:15,117.71,52.91
2026-08-24T00:48:16,117.72,52.92
2026-08-24T00:48:17,117.59,52.79
2026-08-24T00:48:18,117.47,52.68
2026-08-24T00:48:19,117.6,52.8
2026-08-24T00:48:20,117.63,52.84
2026-08-24T00:48:21,117.61,52.82
2026-08-24T00:48:22,117.93,53.13
2026-08-24T00:48:23,117.77,52.97
2026-08-24T00:48:24,117.45,52.66
2026-08-24T00:48:25,117.6,52.8
2026-08-24T00:48:26,117.9,53.1
2026-08-24T00:48:27,117.9,53.1
2026-08-24T00:48:28,117.85,53.05
2026-08-24T00:48:29,117.45,52.65
2026-08-24T00:48:30,117.76,52.96
2026-08-24T00:48:31,117.51,52.71
2026-08-24T00:48:32,118.01,53.21
2026-08-24T00:48:33,118.02,53.22
2026-08-24T00:48:34,118.18,53.38
2026-08-24T00:48:35,117.79,52.99
2026-08-24T00:48:36,117.34,52.55
2026-08-24T00:48:37,117.36,52.57
2026-08-24T00:48:38,117.86,53.06
2026-08-24T00:48:39,117.62,52.82
2026-08-24T00:48:40,117.55,52.76
2026-08-24T00:48:41,117.05,52.26
2026-08-24T00:48:42,117.82,53.02
2026-08-24T00:48:43,117.71,52.91
2026-08-24T00:48:44,117.6,52.8
2026-08-24T00:48:45,117.04,52.26
2026-08-24T00:48:46,117.26,52.47
2026-08-24T00:48:47,117.34,52.55
2026-08-24T00:48:48,117.15,52.37
2026-08-24T00:48:49,117.93,53.13
2026-08-24T00:48:50,117.63,52.84
2026-08-24T00:48:51,117.81,53.01
2026-08-24T00:48:52,117.68,52.88
2026-08-24T00:48:53,117.38,52.58
2026-08-24T00:48:54,118.04,53.24
2026-08-24T00:48:55,117.53,52.73
2026-08-24T00:48:56,117.34,52.55
2026-08-24T00:48:57,117.33,52.54
2026-08-24T00:48:58,117.88,53.09
2026-08-24T00:48:59,117.82,53.02
2026-08-24T00:49:00,117.77,52.97
2026-08-24T00:49:01,117.78,52.98
2026-08-24T00:49:02,117.51,52.71
2026-08-24T00:49:03,117.49,52.7
2026-08-24T00:49:04,117.27,52.48
2026-08-24T00:49:05,117.48,52.69
2026-08-24T00:49:06,117.32,52.53
2026-08-24T00:49:07,117.06,52.27
2026-08-24T00:49:08,117.18,52.39
2026-08-24T00:49:09,117.04,52.26
2026-08-24T00:49:10,116.88,52.1
2026-08-24T00:49:11,116.72,51.94
2026-08-24T00:49:12,116.94,52.15
2026-08-24T00:49:13,117.1,52.31
2026-08-24T00:49:14,117.07,52.28
2026-08-24T00:49:15,117.31,52.52
2026-08-24T00:49:16,117.1,52.31
2026-08-24T00:49:17,116.83,52.04
2026-08-24T00:49:18,116.8,52.01
2026-08-24T00:49:19,116.99,52.21
2026-08-24T00:49:20,117.27,52.48
2026-08-24T00:49:21,117.06,52.28
2026-08-24T00:49:22,117.03,52.24
2026-08-24T00:49:23,117.22,52.44
2026-08-24T00:49:24,117.25,52.46
2026-08-24T00:49:25,117.16,52.38
2026-08-24T00:49:26,117.2,52.41
2026-08-24T00:49:27,117.65,52.86
2026-08-24T00:49:28,118.26,53.45
2026-08-24T00:49:29,117.76,52.96
2026-08-24T00:49:30,117.81,53.01
2026-08-24T00:49:31,117.41,52.62
2026-08-24T00:49:32,116.92,52.14
2026-08-24T00:49:33,117.15,52.37
2026-08-24T00:49:34,116.9,52.12
2026-08-24T00:49:35,116.43,51.65
2026-08-24T00:49:36,116.94,52.16
2026-08-24T00:49:37,117.31,52.52
2026-08-24T00:49:38,116.89,52.1
2026-08-24T00:49:39,117.23,52.44
2026-08-24T00:49:40,116.99,52.2
2026-08-24T00:49:41,117.07,52.28
2026-08-24T00:49:42,117.22,52.43
2026-08-24T00:49:43,117.47,52.68
2026-08-24T00:49:44,117.18,52.39
2026-08-24T00:49:45,117.59,52.79
2026-08-24T00:49:46,117.63,52.84
2026-08-24T00:49:47,117.34,52.55
2026-08-24T00:49:48,117.42,52.62
2026-08-24T00:49:49,117.44,52.64
2026-08-24T00:49:50,117.74,52.95
2026-08-24T00:49:51,117.49,52.69
2026-08-24T00:49:52,117.38,52.59
2026-08-24T00:49:53,117.66,52.86
2026-08-24T00:49:54,117.56,52.77
2026-08-24T00:49:55,117.28,52.49
2026-08-24T00:49:56,117.39,52.6
2026-08-24T00:49:57,117.84,53.04
2026-08-24T00:49:58,117.73,52.94
2026-08-24T00:49:59,117.98,53.18
2026-08-24T00:50:00,117.86,53.07
2026-08-24T00:50:01,118.35,53.54
2026-08-24T00:50:02,117.95,53.15
2026-08-24T00:50:03,118.06,53.25
2026-08-24T00:50:04,117.32,52.53
2026-08-24T00:50:05,117.3,52.51
2026-08-24T00:50:06,116.96,52.18
2026-08-24T00:50:07,117.16,52.38
2026-08-24T00:50:08,117.3,52.51
2026-08-24T00:50:09,116.84,52.06
2026-08-24T00:50:10,116.98,52.19
2026-08-24T00:50:11,117.16,52.37
2026-08-24T00:50:12,117.54,52.75
2026-08-24T00:50:13,117.38,52.59
2026-08-24T00:50:14,117.7,52.91
2026-08-24T00:50:15,117.89,53.09
2026-08-24T00:50:16,117.6,52.8
2026-08-24T00:50:17,117.64,52.84
2026-08-24T00:50:18,117.33,52.54
2026-08-24T00:50:19,117.23,52.44
2026-08-24T00:50:20,117.41,52.61
2026-08-24T00:50:21,117.45,52.66
2026-08-24T00:50:22,117.61,52.82
2026-08-24T00:50:23,117.6,52.8
2026-08-24T00:50:24,117.61,52.82
2026-08-24T00:50:25,117.82,53.02
2026-08-24T00:50:26,117.89,53.09
2026-08-24T00:50:27,117.7,52.91
2026-08-24T00:50:28,117.74,52.94
2026-08-24T00:50:29,117.61,52.82
2026-08-24T00:50:30,117.84,53.04
2026-08-24T00:50:31,118.01,53.21
2026-08-24T00:50:32,117.75,52.95
2026-08-24T00:50:33,117.83,53.04
2026-08-24T00:50:34,117.85,53.05
2026-08-24T00:50:35,118.06,53.26
2026-08-24T00:50:36,117.86,53.06
2026-08-24T00:50:37,118.07,53.27
2026-08-24T00:50:38,117.53,52.74
2026-08-24T00:50:39,117.52,52.72
2026-08-24T00:50:40,117.31,52.52
2026-08-24T00:50:41,117.97,53.17
2026-08-24T00:50:42,117.69,52.9
2026-08-24T00:50:43,117.54,52.74
2026-08-24T00:50:44,117.37,52.58
2026-08-24T00:50:45,117.52,52.72
2026-08-24T00:50:46,117.73,52.93
2026-08-24T00:50:47,117.34,52.55
2026-08-24T00:50:48,117.79,52.99
2026-08-24T00:50:49,117.6,52.8
2026-08-24T00:50:50,117.23,52.44
2026-08-24T00:50:51,117.89,53.09
2026-08-24T00:50:52,117.76,52.97
2026-08-24T00:50:53,117.3,52.51
2026-08-24T00:50:54,117.05,52.27
2026-08-24T00:50:55,117.46,52.67
2026-08-24T00:50:56,117.61,52.82
2026-08-24T00:50:57,117.83,53.03
2026-08-24T00:50:58,117.91,53.11
2026-08-24T00:50:59,118.18,53.38
2026-08-24T00:51:00,118.26,53.45
2026-08-24T00:51:01,118.59,53.78
2026-08-24T00:51:02,118.61,53.8
2026-08-24T00:51:03,119.13,54.31
2026-08-24T00:51:04,119.05,54.23
2026-08-24T00:51:05,119.03,54.21
2026-08-24T00:51:06,118.4,53.59
2026-08-24T00:51:07,118.53,53.72
2026-08-24T00:51:08,118.05,53.25
2026-08-24T00:51:09,118.81,54.0
2026-08-24T00:51:10,119.07,54.25
2026-08-24T00:51:11,118.98,54.17
2026-08-24T00:51:12,118.65,53.84
2026-08-24T00:51:13,117.94,53.14
2026-08-24T00:51:14,117.75,52.96
2026-08-24T00:51:15,117.97,53.17
2026-08-24T00:51:16,117.64,52.84
2026-08-24T00:51:17,116.74,51.96
2026-08-24T00:51:18,117.91,53.11
2026-08-24T00:51:19,118.31,53.5
2026-08-24T00:51:20,117.93,53.13
2026-08-24T00:51:21,117.44,52.65
2026-08-24T00:51:22,117.19,52.41
2026-08-24T00:51:23,116.66,51.88
2026-08-24T00:51:24,116.65,51.87
2026-08-24T00:51:25,116.79,52.01
2026-08-24T00:51:26,116.72,51.94
2026-08-24T00:51:27,117.14,52.35
2026-08-24T00:51:28,117.26,52.47
2026-08-24T00:51:29,117.61,52.81
2026-08-24T00:51:30,117.24,52.45
2026-08-24T00:51:31,116.8,52.02
2026-08-24T00:51:32,117.46,52.67
2026-08-24T00:51:33,117.21,52.43
2026-08-24T00:51:34,117.29,52.5
2026-08-24T00:51:35,117.42,52.63
2026-08-24T00:51:36,117.84,53.04
2026-08-24T00:51:37,117.62,52.82
2026-08-24T00:51:38,117.86,53.06
2026-08-24T00:51:39,117.95,53.15
2026-08-24T00:51:40,117.65,52.85
2026-08-24T00:51:41,117.77,52.98
2026-08-24T00:51:42,117.54,52.74
2026-08-24T00:51:43,117.59,52.79
2026-08-24T00:51:44,117.69,52.89
2026-08-24T00:51:45,117.27,52.48
2026-08-24T00:51:46,117.52,52.72
2026-08-24T00:51:47,117.26,52.47
2026-08-24T00:51:48,117.8,53.0
2026-08-24T00:51:49,117.29,52.5
2026-08-24T00:51:50,117.52,52.72
2026-08-24T00:51:51,117.34,52.55
2026-08-24T00:51:52,117.91,53.11
2026-08-24T00:51:53,117.54,52.75
2026-08-24T00:51:54,117.98,53.18
2026-08-24T00:51:55,118.62,53.81
2026-08-24T00:51:56,117.97,53.17
2026-08-24T00:51:57,118.31,53.5
2026-08-24T00:51:58,118.56,53.75
2026-08-24T00:51:59,119.85,55.03
2026-08-24T00:52:00,120.57,55.73
2026-08-24T00:52:01,121.34,56.49
2026-08-24T00:52:02,124.35,59.46
2026-08-24T00:52:03,126.92,61.99
2026-08-24T00:52:04,129.02,64.07
2026-08-24T00:52:05,129.19,64.23
2026-08-24T00:52:06,128.85,63.9
2026-08-24T00:52:07,127.14,62.21
2026-08-24T00:52:08,124.82,59.92
2026-08-24T00:52:09,123.18,58.3
2026-08-24T00:52:10,122.21,57.35
2026-08-24T00:52:11,122.72,57.86
2026-08-24T00:52:12,122.16,57.3
2026-08-24T00:52:13,122.25,57.39
2026-08-24T00:52:14,122.11,57.25
2026-08-24T00:52:15,122.14,57.28
2026-08-24T00:52:16,121.95,57.09
2026-08-24T00:52:17,121.88,57.03
2026-08-24T00:52:18,121.55,56.69
2026-08-24T00:52:19,122.32,57.46
2026-08-24T00:52:20,123.06,58.19
2026-08-24T00:52:21,122.34,57.48
2026-08-24T00:52:22,122.43,57.56
2026-08-24T00:52:23,122.48,57.62
2026-08-24T00:52:24,122.27,57.41
2026-08-24T00:52:25,121.73,56.88
2026-08-24T00:52:26,122.27,57.41
2026-08-24T00:52:27,122.1,57.25
2026-08-24T00:52:28,122.76,57.89
2026-08-24T00:52:29,122.14,57.28
2026-08-24T00:52:30,122.09,57.23
2026-08-24T00:52:31,120.37,55.54
2026-08-24T00:52:32,117.47,52.68
2026-08-24T00:52:33,117.81,53.02
2026-08-24T00:52:34,116.87,52.09
2026-08-24T00:52:35,117.17,52.39
2026-08-24T00:52:36,117.84,53.05
2026-08-24T00:52:37,117.26,52.47
2026-08-24T00:52:38,117.13,52.34
2026-08-24T00:52:39,116.64,51.86
2026-08-24T00:52:40,117.27,52.48
2026-08-24T00:52:41,117.65,52.86
2026-08-24T00:52:42,117.2,52.41
2026-08-24T00:52:43,117.36,52.57
2026-08-24T00:52:44,117.58,52.78
2026-08-24T00:52:45,117.71,52.92
2026-08-24T00:52:46,117.63,52.84
2026-08-24T00:52:47,117.9,53.1
2026-08-24T00:52:48,117.56,52.76
2026-08-24T00:52:49,117.49,52.7
2026-08-24T00:52:50,117.9,53.1
2026-08-24T00:52:51,117.76,52.97
2026-08-24T00:52:52,117.78,52.98
2026-08-24T00:52:53,117.95,53.15
2026-08-24T00:52:54,117.43,52.63
2026-08-24T00:52:55,117.91,53.11
2026-08-24T00:52:56,117.77,52.97
2026-08-24T00:52:57,117.8,53.0
2026-08-24T00:52:58,117.69,52.89
2026-08-24T00:52:59,117.86,53.06
2026-08-24T00:53:00,117.88,53.08
2026-08-24T00:53:01,117.72,52.93
2026-08-24T00:53:02,117.64,52.84
2026-08-24T00:53:03,117.42,52.63
2026-08-24T00:53:04,117.44,52.64
2026-08-24T00:53:05,117.96,53.16
2026-08-24T00:53:06,118.19,53.39
2026-08-24T00:53:07,117.52,52.73
2026-08-24T00:53:08,117.54,52.75
2026-08-24T00:53:09,118.2,53.39
2026-08-24T00:53:10,118.42,53.61
2026-08-24T00:53:11,117.92,53.12
2026-08-24T00:53:12,118.13,53.33
2026-08-24T00:53:13,118.8,53.99
2026-08-24T00:53:14,118.5,53.69
2026-08-24T00:53:15,118.83,54.02
2026-08-24T00:53:16,118.02,53.22
2026-08-24T00:53:17,117.6,52.8
2026-08-24T00:53:18,117.91,53.11
2026-08-24T00:53:19,117.6,52.8
2026-08-24T00:53:20,117.78,52.98
2026-08-24T00:53:21,117.57,52.78
2026-08-24T00:53:22,117.88,53.08
2026-08-24T00:53:23,117.71,52.91
2026-08-24T00:53:24,117.75,52.95
2026-08-24T00:53:25,117.79,52.99
2026-08-24T00:53:26,117.81,53.01
2026-08-24T00:53:27,117.53,52.73
2026-08-24T00:53:28,117.78,52.98
2026-08-24T00:53:29,118.08,53.27
2026-08-24T00:53:30,118.1,53.3
2026-08-24T00:53:31,118.49,53.69
2026-08-24T00:53:32,118.1,53.3
2026-08-24T00:53:33,118.27,53.47
2026-08-24T00:53:34,117.86,53.06
2026-08-24T00:53:35,117.9,53.1
2026-08-24T00:53:36,117.49,52.7
2026-08-24T00:53:37,117.6,52.8
2026-08-24T00:53:38,117.71,52.92
2026-08-24T00:53:39,117.61,52.81
2026-08-24T00:53:40,117.41,52.62
2026-08-24T00:53:41,117.28,52.49
2026-08-24T00:53:42,117.35,52.55
2026-08-24T00:53:43,117.33,52.54
2026-08-24T00:53:44,117.22,52.43
2026-08-24T00:53:45,117.62,52.83
2026-08-24T00:53:46,117.44,52.65
2026-08-24T00:53:47,117.89,53.09
2026-08-24T00:53:48,117.66,52.86
2026-08-24T00:53:49,117.41,52.62
2026-08-24T00:53:50,117.48,52.69
2026-08-24T00:53:51,117.75,52.95
2026-08-24T00:53:52,117.61,52.82
2026-08-24T00:53:53,117.66,52.87
2026-08-24T00:53:54,117.85,53.05
2026-08-24T00:53:55,118.12,53.31
2026-08-24T00:53:56,117.91,53.12
2026-08-24T00:53:57,118.58,53.77
2026-08-24T00:53:58,118.9,54.09
2026-08-24T00:53:59,121.59,56.74
2026-08-24T00:54:00,121.89,57.04
2026-08-24T00:54:01,122.61,57.74
2026-08-24T00:54:02,121.88,57.02
2026-08-24T00:54:03,122.42,57.56
2026-08-24T00:54:04,122.39,57.53
2026-08-24T00:54:05,122.81,57.94
2026-08-24T00:54:06,122.57,57.7
2026-08-24T00:54:07,122.27,57.4
2026-08-24T00:54:08,122.54,57.68
2026-08-24T00:54:09,122.48,57.62
2026-08-24T00:54:10,122.38,57.52
2026-08-24T00:54:11,122.85,57.98
2026-08-24T00:54:12,122.65,57.79
2026-08-24T00:54:13,122.74,57.87
2026-08-24T00:54:14,122.49,57.63
2026-08-24T00:54:15,122.16,57.3
2026-08-24T00:54:16,122.79,57.93
2026-08-24T00:54:17,123.47,58.59
2026-08-24T00:54:18,123.65,58.77
2026-08-24T00:54:19,123.84,58.96
2026-08-24T00:54:20,123.01,58.14
2026-08-24T00:54:21,123.02,58.15
2026-08-24T00:54:22,123.91,59.02
2026-08-24T00:54:23,124.19,59.31
2026-08-24T00:54:24,124.06,59.17
2026-08-24T00:54:25,124.09,59.2
2026-08-24T00:54:26,123.3,58.42
2026-08-24T00:54:27,122.48,57.61
2026-08-24T00:54:28,118.79,53.98
2026-08-24T00:54:29,118.7,53.89
2026-08-24T00:54:30,118.15,53.35
2026-08-24T00:54:31,118.31,53.5
2026-08-24T00:54:32,117.78,52.98
2026-08-24T00:54:33,117.41,52.61
2026-08-24T00:54:34,117.64,52.84
2026-08-24T00:54:35,117.88,53.08
2026-08-24T00:54:36,117.85,53.05
2026-08-24T00:54:37,117.47,52.67
2026-08-24T00:54:38,117.52,52.72
2026-08-24T00:54:39,118.11,53.31
2026-08-24T00:54:40,118.0,53.2
2026-08-24T00:54:41,117.45,52.66
2026-08-24T00:54:42,118.09,53.29
2026-08-24T00:54:43,117.81,53.01
2026-08-24T00:54:44,116.9,52.11
2026-08-24T00:54:45,117.49,52.7
2026-08-24T00:54:46,117.54,52.74
2026-08-24T00:54:47,117.92,53.12
2026-08-24T00:54:48,117.8,53.0
2026-08-24T00:54:49,118.67,53.86
2026-08-24T00:54:50,118.31,53.51
2026-08-24T00:54:51,118.15,53.35
2026-08-24T00:54:52,118.2,53.39
2026-08-24T00:54:53,118.73,53.92
2026-08-24T00:54:54,118.58,53.77
2026-08-24T00:54:55,118.09,53.29
2026-08-24T00:54:56,118.07,53.27
2026-08-24T00:54:57,118.08,53.28
2026-08-24T00:54:58,117.91,53.11
2026-08-24T00:54:59,117.99,53.19
2026-08-24T00:55:00,117.81,53.02
2026-08-24T00:55:01,118.17,53.37
2026-08-24T00:55:02,118.16,53.35
2026-08-24T00:55:03,117.98,53.18
2026-08-24T00:55:04,118.08,53.28
2026-08-24T00:55:05,117.74,52.94
2026-08-24T00:55:06,118.14,53.34
2026-08-24T00:55:07,117.95,53.15
2026-08-24T00:55:08,118.14,53.34
2026-08-24T00:55:09,118.37,53.56
2026-08-24T00:55:10,118.33,53.53
2026-08-24T00:55:11,118.51,53.7
2026-08-24T00:55:12,118.49,53.68
2026-08-24T00:55:13,118.44,53.64
2026-08-24T00:55:14,118.12,53.32
2026-08-24T00:55:15,118.02,53.22
2026-08-24T00:55:16,117.87,53.07
2026-08-24T00:55:17,118.09,53.29
2026-08-24T00:55:18,117.94,53.14
2026-08-24T00:55:19,118.02,53.22
2026-08-24T00:55:20,118.49,53.68
2026-08-24T00:55:21,117.97,53.17
2026-08-24T00:55:22,118.03,53.22
2026-08-24T00:55:23,118.59,53.78
2026-08-24T00:55:24,118.6,53.79
2026-08-24T00:55:25,118.61,53.8
2026-08-24T00:55:26,118.53,53.72
2026-08-24T00:55:27,118.53,53.72
2026-08-24T00:55:28,118.12,53.31
2026-08-24T00:55:29,118.49,53.68
2026-08-24T00:55:30,118.61,53.8
2026-08-24T00:55:31,118.23,53.43
2026-08-24T00:55:32,118.16,53.36
2026-08-24T00:55:33,118.49,53.68
2026-08-24T00:55:34,118.1,53.29
2026-08-24T00:55:35,118.11,53.3
2026-08-24T00:55:36,118.01,53.21
2026-08-24T00:55:37,118.36,53.55
2026-08-24T00:55:38,118.77,53.96
2026-08-24T00:55:39,118.14,53.34
2026-08-24T00:55:40,117.9,53.1
2026-08-24T00:55:41,117.77,52.97
2026-08-24T00:55:42,117.57,52.77
2026-08-24T00:55:43,117.84,53.04
2026-08-24T00:55:44,118.04,53.23
2026-08-24T00:55:45,118.24,53.44
2026-08-24T00:55:46,118.19,53.39
2026-08-24T00:55:47,118.66,53.85
2026-08-24T00:55:48,118.61,53.8
2026-08-24T00:55:49,118.89,54.07
2026-08-24T00:55:50,119.24,54.42
2026-08-24T00:55:51,119.84,55.02
2026-08-24T00:55:52,119.9,55.07
2026-08-24T00:55:53,121.37,56.52
2026-08-24T00:55:54,121.3,56.45
2026-08-24T00:55:55,122.34,57.48
2026-08-24T00:55:56,124.65,59.75
2026-08-24T00:55:57,123.82,58.93
2026-08-24T00:55:58,123.76,58.88
2026-08-24T00:55:59,123.76,58.87
2026-08-24T00:56:00,122.87,58.0
2026-08-24T00:56:01,122.32,57.46
2026-08-24T00:56:02,121.85,57.0
2026-08-24T00:56:03,122.68,57.82
2026-08-24T00:56:04,122.57,57.71
2026-08-24T00:56:05,122.29,57.43
2026-08-24T00:56:06,121.76,56.91
2026-08-24T00:56:07,121.72,56.87
2026-08-24T00:56:08,121.78,56.93
2026-08-24T00:56:09,121.87,57.02
2026-08-24T00:56:10,121.83,56.97
2026-08-24T00:56:11,122.35,57.49
2026-08-24T00:56:12,122.39,57.53
2026-08-24T00:56:13,122.38,57.52
2026-08-24T00:56:14,123.21,58.34
2026-08-24T00:56:15,123.43,58.55
2026-08-24T00:56:16,123.42,58.54
2026-08-24T00:56:17,122.84,57.97
2026-08-24T00:56:18,122.42,57.56
2026-08-24T00:56:19,122.33,57.47
2026-08-24T00:56:20,122.52,57.66
2026-08-24T00:56:21,122.64,57.77
2026-08-24T00:56:22,122.59,57.73
2026-08-24T00:56:23,122.55,57.69
2026-08-24T00:56:24,121.79,56.93
2026-08-24T00:56:25,120.94,56.09
2026-08-24T00:56:26,117.83,53.03
2026-08-24T00:56:27,118.01,53.21
2026-08-24T00:56:28,117.49,52.7
2026-08-24T00:56:29,117.35,52.56
2026-08-24T00:56:30,117.46,52.67
2026-08-24T00:56:31,117.67,52.87
2026-08-24T00:56:32,117.83,53.03
2026-08-24T00:56:33,117.26,52.47
2026-08-24T00:56:34,117.67,52.88
2026-08-24T00:56:35,117.69,52.89
2026-08-24T00:56:36,118.32,53.51
2026-08-24T00:56:37,118.43,53.62
2026-08-24T00:56:38,118.46,53.65
2026-08-24T00:56:39,118.48,53.68
2026-08-24T00:56:40,118.15,53.34
2026-08-24T00:56:41,117.76,52.96
2026-08-24T00:56:42,117.99,53.19
2026-08-24T00:56:43,118.25,53.45
2026-08-24T00:56:44,118.02,53.22
2026-08-24T00:56:45,117.76,52.96
2026-08-24T00:56:46,117.86,53.06
2026-08-24T00:56:47,117.77,52.97
2026-08-24T00:56:48,118.04,53.24
2026-08-24T00:56:49,118.02,53.22
2026-08-24T00:56:50,117.84,53.04
2026-08-24T00:56:51,117.7,52.91
2026-08-24T00:56:52,117.81,53.02
2026-08-24T00:56:53,117.63,52.83
2026-08-24T00:56:54,117.54,52.74
2026-08-24T00:56:55,117.7,52.9
2026-08-24T00:56:56,117.49,52.7
2026-08-24T00:56:57,117.85,53.05
2026-08-24T00:56:58,117.82,53.02
2026-08-24T00:56:59,117.31,52.52
2026-08-24T00:57:00,117.38,52.58
2026-08-24T00:57:01,117.23,52.44
2026-08-24T00:57:02,117.4,52.61
2026-08-24T00:57:03,117.61,52.82
2026-08-24T00:57:04,117.54,52.74
2026-08-24T00:57:05,117.35,52.56
2026-08-24T00:57:06,118.05,53.25
2026-08-24T00:57:07,118.22,53.42
2026-08-24T00:57:08,118.21,53.41
2026-08-24T00:57:09,118.47,53.66
2026-08-24T00:57:10,118.06,53.26
2026-08-24T00:57:11,118.39,53.59
2026-08-24T00:57:12,118.76,53.95
2026-08-24T00:57:13,118.76,53.94
2026-08-24T00:57:14,118.55,53.74
2026-08-24T00:57:15,118.34,53.53
2026-08-24T00:57:16,118.56,53.75
2026-08-24T00:57:17,118.3,53.5
2026-08-24T00:57:18,118.03,53.23
2026-08-24T00:57:19,118.33,53.52
2026-08-24T00:57:20,118.14,53.34
2026-08-24T00:57:21,118.56,53.76
2026-08-24T00:57:22,118.29,53.49
2026-08-24T00:57:23,117.97,53.17
2026-08-24T00:57:24,118.2,53.4
2026-08-24T00:57:25,117.92,53.12
2026-08-24T00:57:26,117.71,52.92
2026-08-24T00:57:27,118.18,53.38
2026-08-24T00:57:28,118.03,53.23
2026-08-24T00:57:29,117.99,53.19
2026-08-24T00:57:30,117.53,52.73
2026-08-24T00:57:31,118.12,53.31
2026-08-24T00:57:32,117.83,53.04
2026-08-24T00:57:33,118.27,53.47
2026-08-24T00:57:34,118.51,53.7
2026-08-24T00:57:35,118.24,53.44
2026-08-24T00:57:36,118.36,53.56
2026-08-24T00:57:37,118.33,53.53
2026-08-24T00:57:38,118.72,53.91
2026-08-24T00:57:39,118.92,54.11
2026-08-24T00:57:40,118.73,53.92
2026-08-24T00:57:41,118.1,53.3
2026-08-24T00:57:42,118.49,53.68
2026-08-24T00:57:43,118.38,53.58
2026-08-24T00:57:44,118.02,53.22
2026-08-24T00:57:45,118.44,53.64
2026-08-24T00:57:46,118.17,53.37
2026-08-24T00:57:47,118.73,53.92
2026-08-24T00:57:48,118.25,53.45
2026-08-24T00:57:49,118.43,53.62
2026-08-24T00:57:50,118.52,53.71
2026-08-24T00:57:51,118.68,53.87
2026-08-24T00:57:52,121.59,56.74
2026-08-24T00:57:53,122.36,57.49
2026-08-24T00:57:54,122.56,57.7
2026-08-24T00:57:55,122.77,57.9
2026-08-24T00:57:56,122.26,57.4
2026-08-24T00:57:57,122.33,57.47
2026-08-24T00:57:58,122.26,57.4
2026-08-24T00:57:59,122.05,57.19
2026-08-24T00:58:00,122.17,57.31
2026-08-24T00:58:01,122.37,57.5
2026-08-24T00:58:02,122.6,57.73
2026-08-24T00:58:03,122.84,57.97
2026-08-24T00:58:04,122.87,58.0
2026-08-24T00:58:05,122.85,57.98
2026-08-24T00:58:06,122.5,57.63
2026-08-24T00:58:07,122.2,57.34
2026-08-24T00:58:08,122.48,57.61
2026-08-24T00:58:09,122.76,57.89
2026-08-24T00:58:10,122.59,57.72
2026-08-24T00:58:11,122.53,57.67
2026-08-24T00:58:12,122.89,58.02
2026-08-24T00:58:13,122.75,57.88
2026-08-24T00:58:14,122.06,57.2
2026-08-24T00:58:15,122.23,57.37
2026-08-24T00:58:16,122.54,57.67
2026-08-24T00:58:17,122.21,57.35
2026-08-24T00:58:18,122.05,57.19
2026-08-24T00:58:19,122.15,57.29
2026-08-24T00:58:20,122.32,57.46
2026-08-24T00:58:21,119.26,54.44
2026-08-24T00:58:22,118.08,53.28
2026-08-24T00:58:23,117.65,52.85
2026-08-24T00:58:24,117.57,52.78
2026-08-24T00:58:25,117.9,53.11
2026-08-24T00:58:26,117.23,52.45
2026-08-24T00:58:27,117.81,53.01
2026-08-24T00:58:28,118.12,53.32
2026-08-24T00:58:29,118.36,53.55
2026-08-24T00:58:30,118.54,53.74
2026-08-24T00:58:31,118.65,53.84
2026-08-24T00:58:32,117.98,53.18
2026-08-24T00:58:33,117.99,53.19
2026-08-24T00:58:34,118.02,53.22
2026-08-24T00:58:35,118.11,53.31
2026-08-24T00:58:36,118.23,53.43
2026-08-24T00:58:37,118.32,53.52
2026-08-24T00:58:38,118.52,53.71
2026-08-24T00:58:39,118.48,53.67
2026-08-24T00:58:40,118.42,53.62
2026-08-24T00:58:41,117.81,53.01
2026-08-24T00:58:42,117.99,53.19
2026-08-24T00:58:43,118.02,53.22
2026-08-24T00:58:44,118.38,53.57
2026-08-24T00:58:45,117.61,52.82
2026-08-24T00:58:46,118.07,53.27
2026-08-24T00:58:47,118.18,53.38
2026-08-24T00:58:48,118.67,53.86
2026-08-24T00:58:49,119.0,54.19
2026-08-24T00:58:50,118.28,53.48
2026-08-24T00:58:51,118.5,53.69
2026-08-24T00:58:52,118.14,53.33
2026-08-24T00:58:53,117.94,53.14
2026-08-24T00:58:54,117.68,52.89
2026-08-24T00:58:55,117.31,52.52
2026-08-24T00:58:56,117.77,52.97
2026-08-24T00:58:57,118.09,53.29
2026-08-24T00:58:58,118.5,53.69
2026-08-24T00:58:59,118.09,53.28
2026-08-24T00:59:00,118.22,53.42
2026-08-24T00:59:01,117.44,52.65
2026-08-24T00:59:02,117.93,53.13
2026-08-24T00:59:03,118.08,53.28
2026-08-24T00:59:04,117.72,52.93
2026-08-24T00:59:05,117.7,52.9
2026-08-24T00:59:06,117.86,53.07
2026-08-24T00:59:07,118.04,53.24
2026-08-24T00:59:08,117.69,52.89
2026-08-24T00:59:09,117.52,52.73
2026-08-24T00:59:10,117.67,52.87
2026-08-24T00:59:11,117.99,53.19
2026-08-24T00:59:12,118.52,53.71
2026-08-24T00:59:13,118.49,53.68
2026-08-24T00:59:14,118.58,53.77
2026-08-24T00:59:15,118.08,53.28
2026-08-24T00:59:16,118.3,53.49
2026-08-24T00:59:17,118.12,53.32
2026-08-24T00:59:18,118.41,53.61
2026-08-24T00:59:19,118.1,53.3
2026-08-24T00:59:20,117.92,53.12
2026-08-24T00:59:21,118.28,53.48
2026-08-24T00:59:22,118.55,53.74
2026-08-24T00:59:23,118.33,53.52
2026-08-24T00:59:24,118.01,53.21
2026-08-24T00:59:25,118.68,53.87
2026-08-24T00:59:26,118.48,53.67
2026-08-24T00:59:27,117.56,52.76
2026-08-24T00:59:28,117.44,52.64
2026-08-24T00:59:29,117.52,52.73
2026-08-24T00:59:30,117.85,53.05
2026-08-24T00:59:31,117.73,52.93
2026-08-24T00:59:32,117.43,52.63
2026-08-24T00:59:33,118.04,53.24
2026-08-24T00:59:34,117.36,52.57
2026-08-24T00:59:35,117.64,52.84
2026-08-24T00:59:36,118.04,53.24
2026-08-24T00:59:37,117.91,53.11
2026-08-24T00:59:38,117.74,52.94
2026-08-24T00:59:39,118.14,53.33
2026-08-24T00:59:40,118.35,53.54
2026-08-24T00:59:41,121.0,56.15
2026-08-24T00:59:42,121.77,56.91
2026-08-24T00:59:43,122.63,57.76
2026-08-24T00:59:44,122.3,57.44
2026-08-24T00:59:45,121.83,56.97
2026-08-24T00:59:46,121.38,56.54
2026-08-24T00:59:47,121.5,56.65
2026-08-24T00:59:48,121.84,56.98
2026-08-24T00:59:49,121.89,57.04
2026-08-24T00:59:50,121.89,57.03
2026-08-24T00:59:51,122.13,57.27
2026-08-24T00:59:52,122.28,57.42
2026-08-24T00:59:53,122.2,57.34
2026-08-24T00:59:54,122.55,57.68
2026-08-24T00:59:55,122.5,57.63
2026-08-24T00:59:56,122.5,57.64
2026-08-24T00:59:57,122.02,57.16
2026-08-24T00:59:58,122.23,57.37
2026-08-24T00:59:59,122.55,57.68
2026-08-24T01:00:00,123.04,58.16
2026-08-24T01:00:01,122.5,57.64
2026-08-24T01:00:02,122.62,57.75
2026-08-24T01:00:03,122.7,57.83
2026-08-24T01:00:04,123.25,58.38
2026-08-24T01:00:05,123.45,58.57
2026-08-24T01:00:06,122.82,57.96
2026-08-24T01:00:07,122.71,57.84
2026-08-24T01:00:08,123.03,58.16
2026-08-24T01:00:09,122.52,57.66
2026-08-24T01:00:10,118.58,53.77
2026-08-24T01:00:11,118.51,53.7
2026-08-24T01:00:12,118.85,54.04
2026-08-24T01:00:13,119.13,54.32
2026-08-24T01:00:14,118.08,53.28
2026-08-24T01:00:15,117.79,52.99
2026-08-24T01:00:16,117.9,53.1
2026-08-24T01:00:17,117.9,53.1
2026-08-24T01:00:18,117.52,52.73
2026-08-24T01:00:19,117.57,52.78
2026-08-24T01:00:20,117.3,52.51
2026-08-24T01:00:21,116.94,52.15
2026-08-24T01:00:22,117.05,52.26
2026-08-24T01:00:23,117.39,52.6
2026-08-24T01:00:24,117.29,52.5
2026-08-24T01:00:25,117.06,52.28
2026-08-24T01:00:26,117.59,52.8
2026-08-24T01:00:27,117.64,52.85
2026-08-24T01:00:28,117.31,52.52
2026-08-24T01:00:29,117.73,52.93
2026-08-24T01:00:30,118.08,53.28
2026-08-24T01:00:31,117.99,53.19
2026-08-24T01:00:32,118.35,53.54
2026-08-24T01:00:33,118.46,53.65
2026-08-24T01:00:34,118.23,53.42
2026-08-24T01:00:35,118.2,53.4
2026-08-24T01:00:36,118.64,53.84
2026-08-24T01:00:37,118.4,53.59
2026-08-24T01:00:38,118.35,53.54
2026-08-24T01:00:39,118.46,53.65
2026-08-24T01:00:40,117.76,52.97
2026-08-24T01:00:41,118.23,53.43
2026-08-24T01:00:42,118.07,53.27
2026-08-24T01:00:43,118.35,53.54
2026-08-24T01:00:44,118.31,53.51
2026-08-24T01:00:45,118.38,53.57
2026-08-24T01:00:46,118.42,53.61
2026-08-24T01:00:47,118.53,53.72
2026-08-24T01:00:48,118.84,54.03
2026-08-24T01:00:49,118.57,53.76
2026-08-24T01:00:50,118.38,53.57
2026-08-24T01:00:51,118.07,53.27
2026-08-24T01:00:52,117.95,53.15
2026-08-24T01:00:53,118.08,53.28
2026-08-24T01:00:54,118.72,53.91
2026-08-24T01:00:55,118.15,53.35
2026-08-24T01:00:56,118.06,53.26
2026-08-24T01:00:57,118.31,53.51
2026-08-24T01:00:58,118.23,53.43
2026-08-24T01:00:59,118.02,53.22
2026-08-24T01:01:00,118.19,53.39
2026-08-24T01:01:01,117.77,52.97
2026-08-24T01:01:02,118.24,53.43
2026-08-24T01:01:03,118.42,53.61
2026-08-24T01:01:04,118.73,53.92
2026-08-24T01:01:05,119.06,54.24
2026-08-24T01:01:06,118.51,53.7
2026-08-24T01:01:07,119.06,54.25
2026-08-24T01:01:08,119.3,54.48
2026-08-24T01:01:09,120.82,55.98
2026-08-24T01:01:10,122.46,57.59
2026-08-24T01:01:11,123.29,58.41
2026-08-24T01:01:12,125.05,60.15
2026-08-24T01:01:13,126.45,61.53
2026-08-24T01:01:14,128.54,63.59
2026-08-24T01:01:15,127.16,62.23
2026-08-24T01:01:16,125.64,60.73
2026-08-24T01:01:17,123.02,58.15
2026-08-24T01:01:18,123.74,58.86
2026-08-24T01:01:19,125.04,60.14
2026-08-24T01:01:20,124.64,59.75
2026-08-24T01:01:21,125.55,60.65
2026-08-24T01:01:22,129.26,64.3
2026-08-24T01:01:23,127.88,62.94
2026-08-24T01:01:24,121.78,56.93
2026-08-24T01:01:25,121.11,56.27
2026-08-24T01:01:26,122.75,57.89
2026-08-24T01:01:27,124.97,60.07
2026-08-24T01:01:28,125.52,60.61
2026-08-24T01:01:29,127.1,62.17
2026-08-24T01:01:30,126.45,61.53
2026-08-24T01:01:31,126.59,61.67
2026-08-24T01:01:32,127.78,62.84
2026-08-24T01:01:33,129.04,64.08
2026-08-24T01:01:34,130.16,65.19
2026-08-24T01:01:35,132.56,67.56
2026-08-24T01:01:36,132.76,67.75
2026-08-24T01:01:37,131.5,66.51
2026-08-24T01:01:38,131.79,66.79
2026-08-24T01:01:39,132.26,67.25
2026-08-24T01:01:40,130.62,65.64
2026-08-24T01:01:41,130.4,65.42
2026-08-24T01:01:42,127.44,62.51
2026-08-24T01:01:43,127.78,62.84
2026-08-24T01:01:44,127.26,62.33
2026-08-24T01:01:45,131.02,66.03
2026-08-24T01:01:46,128.46,63.51
2026-08-24T01:01:47,129.15,64.19
2026-08-24T01:01:48,127.2,62.27
2026-08-24T01:01:49,124.55,59.65
2026-08-24T01:01:50,124.9,60.0
2026-08-24T01:01:51,123.73,58.85
2026-08-24T01:01:52,123.43,58.55
2026-08-24T01:01:53,124.03,59.14
2026-08-24T01:01:54,123.33,58.45
2026-08-24T01:01:55,121.9,57.04
2026-08-24T01:01:56,118.49,53.69
2026-08-24T01:01:57,118.18,53.38
2026-08-24T01:01:58,118.32,53.51
2026-08-24T01:01:59,118.46,53.65
2026-08-24T01:02:00,118.16,53.36
2026-08-24T01:02:01,118.63,53.82
2026-08-24T01:02:02,117.8,53.0
2026-08-24T01:02:03,117.44,52.65
2026-08-24T01:02:04,118.24,53.44
2026-08-24T01:02:05,119.04,54.23
2026-08-24T01:02:06,118.55,53.74
2026-08-24T01:02:07,118.4,53.6
2026-08-24T01:02:08,119.25,54.43
2026-08-24T01:02:09,118.68,53.87
2026-08-24T01:02:10,118.64,53.83
2026-08-24T01:02:11,118.64,53.83
2026-08-24T01:02:12,118.61,53.8
2026-08-24T01:02:13,118.63,53.82
2026-08-24T01:02:14,119.04,54.23
2026-08-24T01:02:15,118.55,53.74
2026-08-24T01:02:16,118.29,53.49
2026-08-24T01:02:17,118.24,53.43
2026-08-24T01:02:18,118.33,53.53
2026-08-24T01:02:19,118.15,53.35
2026-08-24T01:02:20,118.26,53.46
2026-08-24T01:02:21,117.66,52.86
2026-08-24T01:02:22,117.87,53.07
2026-08-24T01:02:23,118.33,53.53
2026-08-24T01:02:24,117.97,53.17
2026-08-24T01:02:25,117.53,52.74
2026-08-24T01:02:26,118.07,53.27
2026-08-24T01:02:27,117.96,53.16
2026-08-24T01:02:28,118.06,53.25
2026-08-24T01:02:29,118.58,53.77
2026-08-24T01:02:30,118.2,53.4
2026-08-24T01:02:31,117.64,52.84
2026-08-24T01:02:32,118.12,53.31
2026-08-24T01:02:33,118.15,53.34
2026-08-24T01:02:34,117.57,52.78
2026-08-24T01:02:35,118.05,53.25
2026-08-24T01:02:36,118.26,53.46
2026-08-24T01:02:37,118.4,53.59
2026-08-24T01:02:38,118.55,53.74
2026-08-24T01:02:39,118.77,53.96
2026-08-24T01:02:40,118.16,53.36
2026-08-24T01:02:41,118.32,53.51
2026-08-24T01:02:42,118.2,53.4
2026-08-24T01:02:43,118.16,53.36
2026-08-24T01:02:44,117.8,53.0
2026-08-24T01:02:45,118.39,53.59
2026-08-24T01:02:46,118.61,53.8
2026-08-24T01:02:47,117.81,53.01
2026-08-24T01:02:48,117.98,53.18
2026-08-24T01:02:49,117.54,52.75
2026-08-24T01:02:50,118.1,53.3
2026-08-24T01:02:51,117.88,53.09
2026-08-24T01:02:52,118.01,53.21
2026-08-24T01:02:53,118.41,53.6
2026-08-24T01:02:54,118.2,53.4
2026-08-24T01:02:55,118.34,53.54
2026-08-24T01:02:56,118.04,53.24
2026-08-24T01:02:57,118.61,53.81
2026-08-24T01:02:58,118.15,53.35
2026-08-24T01:02:59,118.3,53.49
2026-08-24T01:03:00,118.39,53.59
2026-08-24T01:03:01,118.81,54.0
2026-08-24T01:03:02,119.0,54.19
2026-08-24T01:03:03,118.73,53.92
2026-08-24T01:03:04,118.62,53.81
2026-08-24T01:03:05,118.48,53.67
2026-08-24T01:03:06,118.14,53.34
2026-08-24T01:03:07,118.1,53.29
2026-08-24T01:03:08,117.89,53.09
2026-08-24T01:03:09,117.56,52.77
2026-08-24T01:03:10,118.05,53.24
2026-08-24T01:03:11,118.72,53.91
2026-08-24T01:03:12,118.36,53.55
2026-08-24T01:03:13,118.52,53.72
2026-08-24T01:03:14,118.68,53.87
2026-08-24T01:03:15,118.71,53.9
2026-08-24T01:03:16,118.55,53.74
2026-08-24T01:03:17,118.43,53.62
2026-08-24T01:03:18,118.05,53.25
2026-08-24T01:03:19,118.62,53.81
2026-08-24T01:03:20,118.19,53.39
2026-08-24T01:03:21,117.82,53.02
2026-08-24T01:03:22,118.23,53.42
2026-08-24T01:03:23,118.36,53.55
2026-08-24T01:03:24,117.95,53.15
2026-08-24T01:03:25,118.33,53.53
2026-08-24T01:03:26,119.0,54.18
2026-08-24T01:03:27,119.14,54.32
2026-08-24T01:03:28,118.39,53.59
2026-08-24T01:03:29,118.58,53.77
2026-08-24T01:03:30,119.91,55.09
2026-08-24T01:03:31,122.06,57.2
2026-08-24T01:03:32,122.64,57.78
2026-08-24T01:03:33,122.59,57.73
2026-08-24T01:03:34,122.41,57.55
2026-08-24T01:03:35,122.33,57.47
2026-08-24T01:03:36,122.41,57.54
2026-08-24T01:03:37,122.24,57.38
2026-08-24T01:03:38,122.47,57.6
2026-08-24T01:03:39,122.43,57.57
2026-08-24T01:03:40,122.59,57.72
2026-08-24T01:03:41,123.46,58.58
2026-08-24T01:03:42,124.09,59.2
2026-08-24T01:03:43,122.83,57.96
2026-08-24T01:03:44,122.32,57.46
2026-08-24T01:03:45,122.78,57.91
2026-08-24T01:03:46,122.66,57.79
2026-08-24T01:03:47,123.14,58.27
2026-08-24T01:03:48,123.61,58.73
2026-08-24T01:03:49,123.26,58.38
2026-08-24T01:03:50,124.38,59.49
2026-08-24T01:03:51,124.29,59.4
2026-08-24T01:03:52,124.34,59.45
2026-08-24T01:03:53,124.16,59.27
2026-08-24T01:03:54,124.18,59.29
2026-08-24T01:03:55,125.47,60.57
2026-08-24T01:03:56,124.86,59.96
2026-08-24T01:03:57,124.84,59.94
2026-08-24T01:03:58,123.52,58.64
2026-08-24T01:03:59,121.67,56.82
2026-08-24T01:04:00,119.33,54.51
2026-08-24T01:04:01,118.94,54.13
2026-08-24T01:04:02,118.01,53.21
2026-08-24T01:04:03,118.68,53.87
2026-08-24T01:04:04,118.32,53.52
2026-08-24T01:04:05,118.08,53.28
2026-08-24T01:04:06,117.72,52.92
2026-08-24T01:04:07,116.93,52.15
2026-08-24T01:04:08,117.11,52.32
2026-08-24T01:04:09,116.97,52.18
2026-08-24T01:04:10,117.5,52.7
2026-08-24T01:04:11,117.05,52.26
2026-08-24T01:04:12,117.43,52.64
2026-08-24T01:04:13,117.66,52.86
2026-08-24T01:04:14,117.07,52.28
2026-08-24T01:04:15,116.82,52.03
2026-08-24T01:04:16,117.83,53.03
2026-08-24T01:04:17,117.47,52.68
2026-08-24T01:04:18,117.07,52.28
2026-08-24T01:04:19,117.31,52.52
2026-08-24T01:04:20,117.68,52.88
2026-08-24T01:04:21,117.73,52.93
2026-08-24T01:04:22,117.26,52.47
2026-08-24T01:04:23,116.93,52.14
2026-08-24T01:04:24,117.77,52.97
2026-08-24T01:04:25,117.84,53.04
2026-08-24T01:04:26,117.56,52.77
2026-08-24T01:04:27,117.4,52.61
2026-08-24T01:04:28,117.28,52.49
2026-08-24T01:04:29,117.86,53.06
2026-08-24T01:04:30,117.61,52.82
2026-08-24T01:04:31,117.55,52.76
2026-08-24T01:04:32,117.56,52.77
2026-08-24T01:04:33,117.83,53.03
2026-08-24T01:04:34,118.31,53.5
2026-08-24T01:04:35,118.75,53.94
2026-08-24T01:04:36,118.78,53.97
2026-08-24T01:04:37,118.85,54.04
2026-08-24T01:04:38,118.69,53.88
2026-08-24T01:04:39,118.75,53.94
2026-08-24T01:04:40,118.36,53.56
2026-08-24T01:04:41,118.38,53.57
2026-08-24T01:04:42,118.67,53.86
2026-08-24T01:04:43,118.4,53.59
2026-08-24T01:04:44,118.23,53.43
2026-08-24T01:04:45,118.25,53.45
2026-08-24T01:04:46,118.37,53.57
2026-08-24T01:04:47,118.23,53.43
2026-08-24T01:04:48,117.93,53.13
2026-08-24T01:04:49,117.74,52.95
2026-08-24T01:04:50,118.42,53.61
2026-08-24T01:04:51,117.99,53.18
2026-08-24T01:04:52,117.9,53.1
2026-08-24T01:04:53,117.58,52.79
2026-08-24T01:04:54,118.15,53.35
2026-08-24T01:04:55,118.25,53.45
2026-08-24T01:04:56,118.28,53.48
2026-08-24T01:04:57,118.48,53.68
2026-08-24T01:04:58,118.0,53.2
2026-08-24T01:04:59,118.29,53.48
2026-08-24T01:05:00,118.27,53.46
2026-08-24T01:05:01,118.63,53.82
2026-08-24T01:05:02,118.46,53.66
2026-08-24T01:05:03,118.22,53.41
2026-08-24T01:05:04,118.51,53.71
2026-08-24T01:05:05,118.2,53.4
2026-08-24T01:05:06,118.29,53.49
2026-08-24T01:05:07,118.13,53.33
2026-08-24T01:05:08,118.07,53.27
2026-08-24T01:05:09,118.16,53.36
2026-08-24T01:05:10,118.12,53.32
2026-08-24T01:05:11,117.98,53.18
2026-08-24T01:05:12,118.4,53.59
2026-08-24T01:05:13,118.51,53.71
2026-08-24T01:05:14,118.08,53.28
2026-08-24T01:05:15,118.52,53.71
2026-08-24T01:05:16,118.83,54.02
2026-08-24T01:05:17,119.71,54.88
2026-08-24T01:05:18,119.32,54.5
2026-08-24T01:05:19,119.56,54.74
2026-08-24T01:05:20,119.71,54.88
2026-08-24T01:05:21,118.59,53.78
2026-08-24T01:05:22,118.46,53.66
2026-08-24T01:05:23,118.4,53.59
2026-08-24T01:05:24,118.2,53.39
2026-08-24T01:05:25,118.39,53.59
2026-08-24T01:05:26,118.85,54.03
2026-08-24T01:05:27,118.81,54.0
2026-08-24T01:05:28,118.68,53.87
2026-08-24T01:05:29,118.82,54.01
2026-08-24T01:05:30,119.11,54.3
2026-08-24T01:05:31,121.66,56.81
2026-08-24T01:05:32,122.46,57.6
2026-08-24T01:05:33,123.35,58.47
2026-08-24T01:05:34,123.96,59.07
2026-08-24T01:05:35,123.41,58.53
2026-08-24T01:05:36,123.33,58.46
2026-08-24T01:05:37,123.82,58.93
2026-08-24T01:05:38,123.48,58.6
2026-08-24T01:05:39,123.51,58.64
2026-08-24T01:05:40,123.58,58.7
2026-08-24T01:05:41,123.12,58.25
2026-08-24T01:05:42,122.93,58.06
2026-08-24T01:05:43,122.95,58.08
2026-08-24T01:05:44,122.98,58.11
2026-08-24T01:05:45,122.87,58.0
2026-08-24T01:05:46,123.37,58.49
2026-08-24T01:05:47,123.44,58.56
2026-08-24T01:05:48,123.82,58.94
2026-08-24T01:05:49,124.95,60.05
2026-08-24T01:05:50,125.0,60.1
2026-08-24T01:05:51,125.37,60.47
2026-08-24T01:05:52,124.93,60.04
2026-08-24T01:05:53,125.1,60.2
2026-08-24T01:05:54,124.05,59.17
2026-08-24T01:05:55,123.38,58.51
2026-08-24T01:05:56,123.01,58.14
2026-08-24T01:05:57,123.21,58.34
2026-08-24T01:05:58,122.87,58.0
2026-08-24T01:05:59,123.57,58.69
2026-08-24T01:06:00,121.32,56.47
2026-08-24T01:06:01,118.63,53.82
2026-08-24T01:06:02,118.44,53.64
2026-08-24T01:06:03,118.09,53.29
2026-08-24T01:06:04,117.67,52.87
2026-08-24T01:06:05,118.16,53.35
2026-08-24T01:06:06,118.54,53.73
2026-08-24T01:06:07,118.32,53.52
2026-08-24T01:06:08,117.6,52.81
2026-08-24T01:06:09,117.33,52.54
2026-08-24T01:06:10,117.67,52.87
2026-08-24T01:06:11,117.68,52.88
2026-08-24T01:06:12,117.54,52.74
2026-08-24T01:06:13,118.01,53.21
2026-08-24T01:06:14,118.46,53.65
2026-08-24T01:06:15,118.44,53.64
2026-08-24T01:06:16,117.95,53.15
2026-08-24T01:06:17,118.03,53.23
2026-08-24T01:06:18,118.59,53.79
2026-08-24T01:06:19,118.55,53.75
2026-08-24T01:06:20,118.66,53.85
2026-08-24T01:06:21,118.51,53.7
2026-08-24T01:06:22,118.46,53.66
2026-08-24T01:06:23,118.36,53.56
2026-08-24T01:06:24,118.06,53.26
2026-08-24T01:06:25,117.7,52.91
2026-08-24T01:06:26,118.26,53.46
2026-08-24T01:06:27,118.03,53.23
2026-08-24T01:06:28,118.34,53.54
2026-08-24T01:06:29,118.06,53.26
2026-08-24T01:06:30,118.43,53.62
2026-08-24T01:06:31,118.47,53.66
2026-08-24T01:06:32,118.54,53.73
2026-08-24T01:06:33,118.57,53.76
2026-08-24T01:06:34,118.58,53.78
2026-08-24T01:06:35,118.49,53.68
2026-08-24T01:06:36,118.85,54.04
2026-08-24T01:06:37,118.79,53.98
2026-08-24T01:06:38,118.34,53.54
2026-08-24T01:06:39,118.65,53.84
2026-08-24T01:06:40,118.83,54.02
2026-08-24T01:06:41,118.95,54.14
2026-08-24T01:06:42,118.68,53.87
2026-08-24T01:06:43,118.74,53.93
2026-08-24T01:06:44,118.66,53.85
2026-08-24T01:06:45,118.79,53.98
2026-08-24T01:06:46,118.75,53.94
2026-08-24T01:06:47,118.69,53.88
2026-08-24T01:06:48,118.74,53.93
2026-08-24T01:06:49,118.86,54.04
2026-08-24T01:06:50,118.92,54.11
2026-08-24T01:06:51,118.39,53.58
2026-08-24T01:06:52,118.79,53.98
2026-08-24T01:06:53,118.87,54.06
2026-08-24T01:06:54,119.15,54.34
2026-08-24T01:06:55,119.22,54.4
2026-08-24T01:06:56,119.42,54.6
2026-08-24T01:06:57,119.44,54.62
2026-08-24T01:06:58,119.72,54.9
2026-08-24T01:06:59,119.6,54.78
2026-08-24T01:07:00,119.89,55.06
2026-08-24T01:07:01,119.79,54.96
2026-08-24T01:07:02,119.55,54.73
2026-08-24T01:07:03,119.98,55.15
2026-08-24T01:07:04,119.8,54.97
2026-08-24T01:07:05,119.53,54.71
2026-08-24T01:07:06,119.51,54.69
2026-08-24T01:07:07,119.14,54.32
2026-08-24T01:07:08,119.02,54.2
2026-08-24T01:07:09,119.7,54.88
2026-08-24T01:07:10,119.41,54.59
2026-08-24T01:07:11,118.86,54.05
2026-08-24T01:07:12,118.81,53.99
2026-08-24T01:07:13,118.98,54.16
2026-08-24T01:07:14,118.53,53.72
2026-08-24T01:07:15,118.89,54.07
2026-08-24T01:07:16,118.99,54.18
2026-08-24T01:07:17,119.23,54.41
2026-08-24T01:07:18,122.43,57.57
2026-08-24T01:07:19,122.65,57.78
2026-08-24T01:07:20,123.24,58.36
2026-08-24T01:07:21,123.6,58.72
2026-08-24T01:07:22,123.97,59.09
2026-08-24T01:07:23,123.66,58.78
2026-08-24T01:07:24,123.96,59.07
2026-08-24T01:07:25,124.32,59.43
2026-08-24T01:07:26,123.68,58.8
2026-08-24T01:07:27,124.16,59.27
2026-08-24T01:07:28,124.46,59.56
2026-08-24T01:07:29,124.22,59.33
2026-08-24T01:07:30,123.97,59.09
2026-08-24T01:07:31,124.03,59.14
2026-08-24T01:07:32,123.87,58.99
2026-08-24T01:07:33,123.54,58.66
2026-08-24T01:07:34,123.27,58.4
2026-08-24T01:07:35,123.29,58.42
2026-08-24T01:07:36,123.81,58.92
2026-08-24T01:07:37,123.03,58.16
2026-08-24T01:07:38,123.04,58.17
2026-08-24T01:07:39,123.15,58.28
2026-08-24T01:07:40,123.3,58.42
2026-08-24T01:07:41,123.3,58.42
2026-08-24T01:07:42,123.67,58.79
2026-08-24T01:07:43,124.37,59.48
2026-08-24T01:07:44,124.48,59.59
2026-08-24T01:07:45,124.0,59.11
2026-08-24T01:07:46,123.94,59.05
2026-08-24T01:07:47,119.74,54.92
2026-08-24T01:07:48,118.53,53.73
2026-08-24T01:07:49,118.24,53.44
2026-08-24T01:07:50,118.2,53.4
2026-08-24T01:07:51,118.11,53.31
2026-08-24T01:07:52,118.14,53.34
2026-08-24T01:07:53,118.89,54.07
2026-08-24T01:07:54,119.27,54.45
2026-08-24T01:07:55,119.29,54.47
2026-08-24T01:07:56,119.25,54.43
2026-08-24T01:07:57,118.69,53.88
2026-08-24T01:07:58,118.7,53.89
2026-08-24T01:07:59,118.85,54.04
2026-08-24T01:08:00,118.89,54.08
2026-08-24T01:08:01,118.57,53.76
2026-08-24T01:08:02,118.37,53.56
2026-08-24T01:08:03,118.61,53.8
2026-08-24T01:08:04,118.24,53.44
2026-08-24T01:08:05,118.02,53.22
2026-08-24T01:08:06,118.44,53.64
2026-08-24T01:08:07,118.39,53.59
2026-08-24T01:08:08,118.07,53.27
2026-08-24T01:08:09,118.4,53.59
2026-08-24T01:08:10,118.49,53.68
2026-08-24T01:08:11,118.46,53.65
2026-08-24T01:08:12,118.36,53.55
2026-08-24T01:08:13,117.65,52.86
2026-08-24T01:08:14,118.02,53.21
2026-08-24T01:08:15,118.6,53.79
2026-08-24T01:08:16,118.69,53.88
2026-08-24T01:08:17,118.33,53.53
2026-08-24T01:08:18,118.53,53.72
2026-08-24T01:08:19,118.63,53.82
2026-08-24T01:08:20,118.67,53.86
2026-08-24T01:08:21,118.93,54.12
2026-08-24T01:08:22,119.93,55.1
2026-08-24T01:08:23,119.78,54.95
2026-08-24T01:08:24,119.04,54.22
2026-08-24T01:08:25,119.25,54.43
2026-08-24T01:08:26,118.97,54.16
2026-08-24T01:08:27,118.79,53.98
2026-08-24T01:08:28,118.52,53.71
2026-08-24T01:08:29,118.73,53.92
2026-08-24T01:08:30,118.76,53.95
2026-08-24T01:08:31,118.48,53.68
2026-08-24T01:08:32,118.16,53.35
2026-08-24T01:08:33,119.19,54.37
2026-08-24T01:08:34,118.78,53.97
2026-08-24T01:08:35,118.47,53.66
2026-08-24T01:08:36,118.35,53.54
2026-08-24T01:08:37,118.32,53.52
2026-08-24T01:08:38,117.89,53.09
2026-08-24T01:08:39,118.25,53.45
2026-08-24T01:08:40,117.84,53.04
2026-08-24T01:08:41,118.43,53.62
2026-08-24T01:08:42,118.37,53.57
2026-08-24T01:08:43,118.47,53.67
2026-08-24T01:08:44,118.12,53.32
2026-08-24T01:08:45,117.87,53.07
2026-08-24T01:08:46,118.45,53.65
2026-08-24T01:08:47,118.63,53.82
2026-08-24T01:08:48,118.54,53.74
2026-08-24T01:08:49,118.54,53.73
2026-08-24T01:08:50,118.83,54.02
2026-08-24T01:08:51,118.38,53.57
2026-08-24T01:08:52,118.43,53.63
2026-08-24T01:08:53,118.61,53.8
2026-08-24T01:08:54,118.07,53.27
2026-08-24T01:08:55,118.27,53.47
2026-08-24T01:08:56,118.04,53.24
2026-08-24T01:08:57,118.35,53.54
2026-08-24T01:08:58,118.2,53.39
2026-08-24T01:08:59,118.02,53.21
2026-08-24T01:09:00,118.16,53.36
2026-08-24T01:09:01,118.15,53.35
2026-08-24T01:09:02,118.38,53.57
2026-08-24T01:09:03,117.64,52.85
2026-08-24T01:09:04,117.79,52.99
2026-08-24T01:09:05,118.07,53.27
2026-08-24T01:09:06,118.12,53.32
2026-08-24T01:09:07,117.84,53.04
2026-08-24T01:09:08,117.96,53.16
2026-08-24T01:09:09,118.14,53.34
2026-08-24T01:09:10,118.15,53.35
2026-08-24T01:09:11,119.53,54.71
2026-08-24T01:09:12,123.1,58.23
2026-08-24T01:09:13,123.16,58.29
2026-08-24T01:09:14,124.01,59.12
2026-08-24T01:09:15,123.81,58.92
2026-08-24T01:09:16,124.04,59.15
2026-08-24T01:09:17,123.23,58.36
2026-08-24T01:09:18,123.79,58.91
2026-08-24T01:09:19,123.74,58.86
2026-08-24T01:09:20,124.32,59.43
2026-08-24T01:09:21,124.64,59.75
2026-08-24T01:09:22,124.65,59.76
2026-08-24T01:09:23,124.49,59.6
2026-08-24T01:09:24,124.7,59.8
2026-08-24T01:09:25,124.7,59.81
2026-08-24T01:09:26,124.08,59.2
2026-08-24T01:09:27,124.25,59.36
2026-08-24T01:09:28,124.48,59.59
2026-08-24T01:09:29,124.47,59.58
2026-08-24T01:09:30,123.96,59.07
2026-08-24T01:09:31,124.7,59.81
2026-08-24T01:09:32,124.38,59.49
2026-08-24T01:09:33,124.87,59.97
2026-08-24T01:09:34,124.47,59.57
2026-08-24T01:09:35,123.9,59.02
2026-08-24T01:09:36,124.28,59.39
2026-08-24T01:09:37,123.46,58.58
2026-08-24T01:09:38,123.68,58.8
2026-08-24T01:09:39,122.94,58.07
2026-08-24T01:09:40,122.69,57.83
2026-08-24T01:09:41,119.25,54.43
2026-08-24T01:09:42,118.74,53.93
2026-08-24T01:09:43,118.4,53.59
2026-08-24T01:09:44,118.71,53.9
2026-08-24T01:09:45,118.83,54.01
2026-08-24T01:09:46,118.61,53.8
2026-08-24T01:09:47,118.15,53.35
2026-08-24T01:09:48,118.0,53.2
2026-08-24T01:09:49,117.81,53.01
2026-08-24T01:09:50,117.99,53.19
2026-08-24T01:09:51,118.07,53.26
2026-08-24T01:09:52,117.6,52.81
2026-08-24T01:09:53,117.94,53.14
2026-08-24T01:09:54,117.64,52.85
2026-08-24T01:09:55,118.05,53.25
2026-08-24T01:09:56,118.15,53.35
2026-08-24T01:09:57,118.48,53.67
2026-08-24T01:09:58,118.46,53.65
2026-08-24T01:09:59,117.91,53.11
2026-08-24T01:10:00,118.19,53.38
2026-08-24T01:10:01,118.36,53.55
2026-08-24T01:10:02,117.96,53.16
2026-08-24T01:10:03,118.11,53.3
2026-08-24T01:10:04,117.96,53.16
2026-08-24T01:10:05,117.73,52.94
2026-08-24T01:10:06,117.66,52.87
2026-08-24T01:10:07,117.99,53.19
2026-08-24T01:10:08,117.89,53.09
2026-08-24T01:10:09,117.77,52.97
2026-08-24T01:10:10,117.73,52.94
2026-08-24T01:10:11,117.63,52.84
2026-08-24T01:10:12,117.78,52.98
2026-08-24T01:10:13,117.67,52.87
2026-08-24T01:10:14,117.78,52.99
2026-08-24T01:10:15,117.63,52.84
2026-08-24T01:10:16,117.46,52.66
2026-08-24T01:10:17,117.93,53.13
2026-08-24T01:10:18,117.64,52.84
2026-08-24T01:10:19,118.05,53.25
2026-08-24T01:10:20,118.36,53.56
2026-08-24T01:10:21,118.1,53.3
2026-08-24T01:10:22,118.03,53.23
2026-08-24T01:10:23,118.16,53.36
2026-08-24T01:10:24,118.43,53.63
2026-08-24T01:10:25,118.45,53.65
2026-08-24T01:10:26,118.82,54.01
2026-08-24T01:10:27,119.05,54.24
2026-08-24T01:10:28,118.79,53.97
2026-08-24T01:10:29,118.79,53.98
2026-08-24T01:10:30,119.01,54.2
2026-08-24T01:10:31,119.35,54.53
2026-08-24T01:10:32,119.12,54.3
2026-08-24T01:10:33,118.77,53.96
2026-08-24T01:10:34,118.46,53.65
2026-08-24T01:10:35,118.08,53.28
2026-08-24T01:10:36,118.85,54.04
2026-08-24T01:10:37,118.92,54.1
2026-08-24T01:10:38,119.12,54.31
2026-08-24T01:10:39,118.41,53.6
2026-08-24T01:10:40,118.35,53.54
2026-08-24T01:10:41,118.3,53.49
2026-08-24T01:10:42,118.49,53.68
2026-08-24T01:10:43,118.49,53.68
2026-08-24T01:10:44,118.55,53.74
2026-08-24T01:10:45,118.4,53.6
2026-08-24T01:10:46,118.66,53.85
2026-08-24T01:10:47,118.7,53.89
2026-08-24T01:10:48,118.93,54.11
2026-08-24T01:10:49,118.55,53.74
2026-08-24T01:10:50,118.65,53.84
2026-08-24T01:10:51,118.6,53.79
2026-08-24T01:10:52,118.32,53.52
2026-08-24T01:10:53,118.49,53.69
2026-08-24T01:10:54,118.4,53.59
2026-08-24T01:10:55,118.7,53.89
2026-08-24T01:10:56,118.53,53.72
2026-08-24T01:10:57,118.87,54.05
2026-08-24T01:10:58,119.01,54.19
2026-08-24T01:10:59,118.88,54.07
2026-08-24T01:11:00,119.46,54.64
2026-08-24T01:11:01,119.15,54.33
2026-08-24T01:11:02,118.98,54.16
2026-08-24T01:11:03,119.18,54.36
2026-08-24T01:11:04,118.69,53.88
2026-08-24T01:11:05,119.06,54.25
2026-08-24T01:11:06,119.87,55.04
2026-08-24T01:11:07,119.48,54.66
2026-08-24T01:11:08,119.93,55.1
2026-08-24T01:11:09,121.48,56.63
2026-08-24T01:11:10,122.6,57.74
2026-08-24T01:11:11,122.82,57.95
2026-08-24T01:11:12,123.33,58.46
2026-08-24T01:11:13,123.21,58.34
2026-08-24T01:11:14,123.03,58.15
2026-08-24T01:11:15,122.72,57.85
2026-08-24T01:11:16,122.81,57.94
2026-08-24T01:11:17,122.84,57.97
2026-08-24T01:11:18,122.64,57.77
2026-08-24T01:11:19,122.89,58.02
2026-08-24T01:11:20,122.75,57.88
2026-08-24T01:11:21,122.77,57.9
2026-08-24T01:11:22,122.82,57.95
2026-08-24T01:11:23,122.63,57.76
2026-08-24T01:11:24,122.69,57.82
2026-08-24T01:11:25,122.54,57.67
2026-08-24T01:11:26,123.0,58.13
2026-08-24T01:11:27,123.15,58.28
2026-08-24T01:11:28,123.81,58.92
2026-08-24T01:11:29,123.21,58.34
2026-08-24T01:11:30,123.54,58.66
2026-08-24T01:11:31,123.64,58.76
2026-08-24T01:11:32,124.14,59.25
2026-08-24T01:11:33,123.67,58.79
2026-08-24T01:11:34,123.49,58.61
2026-08-24T01:11:35,123.46,58.58
2026-08-24T01:11:36,123.17,58.3
2026-08-24T01:11:37,122.84,57.97
2026-08-24T01:11:38,121.63,56.78
2026-08-24T01:11:39,118.8,53.99
2026-08-24T01:11:40,118.36,53.56
2026-08-24T01:11:41,117.88,53.08
2026-08-24T01:11:42,117.41,52.62
2026-08-24T01:11:43,117.3,52.51
2026-08-24T01:11:44,117.62,52.82
2026-08-24T01:11:45,117.24,52.45
2026-08-24T01:11:46,117.51,52.71
2026-08-24T01:11:47,117.78,52.98
2026-08-24T01:11:48,117.16,52.37
2026-08-24T01:11:49,117.83,53.03
2026-08-24T01:11:50,117.71,52.91
2026-08-24T01:11:51,118.23,53.43
2026-08-24T01:11:52,118.67,53.86
2026-08-24T01:11:53,118.84,54.02
2026-08-24T01:11:54,119.06,54.24
2026-08-24T01:11:55,119.58,54.76
2026-08-24T01:11:56,119.38,54.56
2026-08-24T01:11:57,118.94,54.12
2026-08-24T01:11:58,118.77,53.96
2026-08-24T01:11:59,118.13,53.33
2026-08-24T01:12:00,118.31,53.5
2026-08-24T01:12:01,118.21,53.41
2026-08-24T01:12:02,118.17,53.37
2026-08-24T01:12:03,118.3,53.5
2026-08-24T01:12:04,118.2,53.39
2026-08-24T01:12:05,118.37,53.56
2026-08-24T01:12:06,118.1,53.3
2026-08-24T01:12:07,118.22,53.42
2026-08-24T01:12:08,118.55,53.74
2026-08-24T01:12:09,118.51,53.7
2026-08-24T01:12:10,118.83,54.02
2026-08-24T01:12:11,118.15,53.35
2026-08-24T01:12:12,118.23,53.43
2026-08-24T01:12:13,118.72,53.91
2026-08-24T01:12:14,119.59,54.77
2026-08-24T01:12:15,118.88,54.07
2026-08-24T01:12:16,118.58,53.77
2026-08-24T01:12:17,118.23,53.42
2026-08-24T01:12:18,118.51,53.7
2026-08-24T01:12:19,118.28,53.47
2026-08-24T01:12:20,118.29,53.49
2026-08-24T01:12:21,117.97,53.17
2026-08-24T01:12:22,118.33,53.53
2026-08-24T01:12:23,118.01,53.21
2026-08-24T01:12:24,118.42,53.61
2026-08-24T01:12:25,118.25,53.45
2026-08-24T01:12:26,118.17,53.36
2026-08-24T01:12:27,118.99,54.17
2026-08-24T01:12:28,118.7,53.89
2026-08-24T01:12:29,118.27,53.46
2026-08-24T01:12:30,118.61,53.8
2026-08-24T01:12:31,118.12,53.32
2026-08-24T01:12:32,118.01,53.21
2026-08-24T01:12:33,118.03,53.23
2026-08-24T01:12:34,118.28,53.48
2026-08-24T01:12:35,118.36,53.55
2026-08-24T01:12:36,118.69,53.88
2026-08-24T01:12:37,118.42,53.62
2026-08-24T01:12:38,118.2,53.39
2026-08-24T01:12:39,118.23,53.43
2026-08-24T01:12:40,118.73,53.92
2026-08-24T01:12:41,118.96,54.14
2026-08-24T01:12:42,118.9,54.08
2026-08-24T01:12:43,118.63,53.82
2026-08-24T01:12:44,118.69,53.88
2026-08-24T01:12:45,118.4,53.59
2026-08-24T01:12:46,118.14,53.34
2026-08-24T01:12:47,118.44,53.64
2026-08-24T01:12:48,118.62,53.81
2026-08-24T01:12:49,118.69,53.88
2026-08-24T01:12:50,118.88,54.07
2026-08-24T01:12:51,119.07,54.26
2026-08-24T01:12:52,118.99,54.18
2026-08-24T01:12:53,119.08,54.26
2026-08-24T01:12:54,119.32,54.5
2026-08-24T01:12:55,119.5,54.68
2026-08-24T01:12:56,119.5,54.68
2026-08-24T01:12:57,119.52,54.7
2026-08-24T01:12:58,118.85,54.04
2026-08-24T01:12:59,119.29,54.47
2026-08-24T01:13:00,118.82,54.01
2026-08-24T01:13:01,118.69,53.88
2026-08-24T01:13:02,118.47,53.66
2026-08-24T01:13:03,118.63,53.82
2026-08-24T01:13:04,118.94,54.13
2026-08-24T01:13:05,118.89,54.08
2026-08-24T01:13:06,118.93,54.12
2026-08-24T01:13:07,118.88,54.07
2026-08-24T01:13:08,118.19,53.39
2026-08-24T01:13:09,118.24,53.44
2026-08-24T01:13:10,118.1,53.29
2026-08-24T01:13:11,117.91,53.11
2026-08-24T01:13:12,118.47,53.66
2026-08-24T01:13:13,118.45,53.65
2026-08-24T01:13:14,118.07,53.27
2026-08-24T01:13:15,118.63,53.82
2026-08-24T01:13:16,118.26,53.45
2026-08-24T01:13:17,118.44,53.63
2026-08-24T01:13:18,118.36,53.55
2026-08-24T01:13:19,118.39,53.58
2026-08-24T01:13:20,118.83,54.02
2026-08-24T01:13:21,118.37,53.56
2026-08-24T01:13:22,118.47,53.66
2026-08-24T01:13:23,118.53,53.72
2026-08-24T01:13:24,118.27,53.47
2026-08-24T01:13:25,118.61,53.8
2026-08-24T01:13:26,118.56,53.75
2026-08-24T01:13:27,119.39,54.57
2026-08-24T01:13:28,122.09,57.23
2026-08-24T01:13:29,123.05,58.17
2026-08-24T01:13:30,123.86,58.98
2026-08-24T01:13:31,122.75,57.89
2026-08-24T01:13:32,122.39,57.53
2026-08-24T01:13:33,122.29,57.43
2026-08-24T01:13:34,122.25,57.39
2026-08-24T01:13:35,122.16,57.3
2026-08-24T01:13:36,122.72,57.85
2026-08-24T01:13:37,122.16,57.3
2026-08-24T01:13:38,122.12,57.26
2026-08-24T01:13:39,121.95,57.09
2026-08-24T01:13:40,121.75,56.89
2026-08-24T01:13:41,122.45,57.59
2026-08-24T01:13:42,122.54,57.67
2026-08-24T01:13:43,122.71,57.85
2026-08-24T01:13:44,122.4,57.54
2026-08-24T01:13:45,123.05,58.18
2026-08-24T01:13:46,123.71,58.83
2026-08-24T01:13:47,122.9,58.03
2026-08-24T01:13:48,122.85,57.98
2026-08-24T01:13:49,122.47,57.6
2026-08-24T01:13:50,122.6,57.73
2026-08-24T01:13:51,122.61,57.74
2026-08-24T01:13:52,122.59,57.73
2026-08-24T01:13:53,122.62,57.75
2026-08-24T01:13:54,122.6,57.74
2026-08-24T01:13:55,122.34,57.48
2026-08-24T01:13:56,122.05,57.19
2026-08-24T01:13:57,118.12,53.32
2026-08-24T01:13:58,117.96,53.16
2026-08-24T01:13:59,117.72,52.93
2026-08-24T01:14:00,117.41,52.62
2026-08-24T01:14:01,117.49,52.69
2026-08-24T01:14:02,117.74,52.94
2026-08-24T01:14:03,117.66,52.87
2026-08-24T01:14:04,117.89,53.09
2026-08-24T01:14:05,118.63,53.82
2026-08-24T01:14:06,118.21,53.41
2026-08-24T01:14:07,117.89,53.09
2026-08-24T01:14:08,117.76,52.96
2026-08-24T01:14:09,118.41,53.61
2026-08-24T01:14:10,118.02,53.22
2026-08-24T01:14:11,117.79,53.0
2026-08-24T01:14:12,117.97,53.17
2026-08-24T01:14:13,117.72,52.93
2026-08-24T01:14:14,118.1,53.3
2026-08-24T01:14:15,118.22,53.42
2026-08-24T01:14:16,117.76,52.97
2026-08-24T01:14:17,118.41,53.6
2026-08-24T01:14:18,118.28,53.48
2026-08-24T01:14:19,118.46,53.65
2026-08-24T01:14:20,118.53,53.73
2026-08-24T01:14:21,119.65,54.83
2026-08-24T01:14:22,118.51,53.7
2026-08-24T01:14:23,118.63,53.82
2026-08-24T01:14:24,118.18,53.38
2026-08-24T01:14:25,117.69,52.9
2026-08-24T01:14:26,118.05,53.25
2026-08-24T01:14:27,117.68,52.88
2026-08-24T01:14:28,117.57,52.78
2026-08-24T01:14:29,117.43,52.64
2026-08-24T01:14:30,117.56,52.76
2026-08-24T01:14:31,117.41,52.62
2026-08-24T01:14:32,117.72,52.92
2026-08-24T01:14:33,117.85,53.05
2026-08-24T01:14:34,117.63,52.84
2026-08-24T01:14:35,117.88,53.09
2026-08-24T01:14:36,118.24,53.43
2026-08-24T01:14:37,118.25,53.45
2026-08-24T01:14:38,118.2,53.4
2026-08-24T01:14:39,117.89,53.09
2026-08-24T01:14:40,118.5,53.69
2026-08-24T01:14:41,118.97,54.16
2026-08-24T01:14:42,118.43,53.62
2026-08-24T01:14:43,118.38,53.58
2026-08-24T01:14:44,119.29,54.47
2026-08-24T01:14:45,119.43,54.61
2026-08-24T01:14:46,118.55,53.75
2026-08-24T01:14:47,118.8,53.98
2026-08-24T01:14:48,118.35,53.54
2026-08-24T01:14:49,118.96,54.15
2026-08-24T01:14:50,117.83,53.03
2026-08-24T01:14:51,118.44,53.63
2026-08-24T01:14:52,118.02,53.22
2026-08-24T01:14:53,117.56,52.77
2026-08-24T01:14:54,117.38,52.59
2026-08-24T01:14:55,118.47,53.67
2026-08-24T01:14:56,118.4,53.59
2026-08-24T01:14:57,117.76,52.96
2026-08-24T01:14:58,117.45,52.66
2026-08-24T01:14:59,117.51,52.71
2026-08-24T01:15:00,117.33,52.53
2026-08-24T01:15:01,118.24,53.44
2026-08-24T01:15:02,117.62,52.83
2026-08-24T01:15:03,117.59,52.8
2026-08-24T01:15:04,117.76,52.97
2026-08-24T01:15:05,118.88,54.06
2026-08-24T01:15:06,118.53,53.72
2026-08-24T01:15:07,117.59,52.79
2026-08-24T01:15:08,117.3,52.51
2026-08-24T01:15:09,117.72,52.92
2026-08-24T01:15:10,117.89,53.09
2026-08-24T01:15:11,118.37,53.56
2026-08-24T01:15:12,117.32,52.53
2026-08-24T01:15:13,117.75,52.96
2026-08-24T01:15:14,117.93,53.13
2026-08-24T01:15:15,117.91,53.11
2026-08-24T01:15:16,118.37,53.56
2026-08-24T01:15:17,118.82,54.0
2026-08-24T01:15:18,118.71,53.9
2026-08-24T01:15:19,118.56,53.75
2026-08-24T01:15:20,118.87,54.06
2026-08-24T01:15:21,118.78,53.97
2026-08-24T01:15:22,118.59,53.79
2026-08-24T01:15:23,118.35,53.54
2026-08-24T01:15:24,117.87,53.07
2026-08-24T01:15:25,118.31,53.51
2026-08-24T01:15:26,118.22,53.42
2026-08-24T01:15:27,118.19,53.38
2026-08-24T01:15:28,118.29,53.48
2026-08-24T01:15:29,118.12,53.32
2026-08-24T01:15:30,117.61,52.81
2026-08-24T01:15:31,117.69,52.89
2026-08-24T01:15:32,117.76,52.96
2026-08-24T01:15:33,118.49,53.68
2026-08-24T01:15:34,118.13,53.33
2026-08-24T01:15:35,117.64,52.85
2026-08-24T01:15:36,117.7,52.9
2026-08-24T01:15:37,117.56,52.77
2026-08-24T01:15:38,117.65,52.86
2026-08-24T01:15:39,118.02,53.22
2026-08-24T01:15:40,117.42,52.62
2026-08-24T01:15:41,117.21,52.42
2026-08-24T01:15:42,117.59,52.79
2026-08-24T01:15:43,117.97,53.17
2026-08-24T01:15:44,118.27,53.46
2026-08-24T01:15:45,118.46,53.65
2026-08-24T01:15:46,118.08,53.27
2026-08-24T01:15:47,118.26,53.45
2026-08-24T01:15:48,118.15,53.35
2026-08-24T01:15:49,117.66,52.86
2026-08-24T01:15:50,117.73,52.94
2026-08-24T01:15:51,117.93,53.13
2026-08-24T01:15:52,117.93,53.13
2026-08-24T01:15:53,118.37,53.57
2026-08-24T01:15:54,119.31,54.49
2026-08-24T01:15:55,120.59,55.75
2026-08-24T01:15:56,121.89,57.03
2026-08-24T01:15:57,122.7,57.83
2026-08-24T01:15:58,123.11,58.24
2026-08-24T01:15:59,123.35,58.47
2026-08-24T01:16:00,122.97,58.1
2026-08-24T01:16:01,123.15,58.28
2026-08-24T01:16:02,122.54,57.68
2026-08-24T01:16:03,122.75,57.88
2026-08-24T01:16:04,122.83,57.97
2026-08-24T01:16:05,122.45,57.58
2026-08-24T01:16:06,122.45,57.58
2026-08-24T01:16:07,122.51,57.65
2026-08-24T01:16:08,122.68,57.81
2026-08-24T01:16:09,122.24,57.38
2026-08-24T01:16:10,122.16,57.3
2026-08-24T01:16:11,122.45,57.59
2026-08-24T01:16:12,122.34,57.48
2026-08-24T01:16:13,122.74,57.87
2026-08-24T01:16:14,122.37,57.51
2026-08-24T01:16:15,122.44,57.57
2026-08-24T01:16:16,122.88,58.01
2026-08-24T01:16:17,122.39,57.53
2026-08-24T01:16:18,122.52,57.65
2026-08-24T01:16:19,122.95,58.08
2026-08-24T01:16:20,123.24,58.37
2026-08-24T01:16:21,122.84,57.97
2026-08-24T01:16:22,122.74,57.87
2026-08-24T01:16:23,123.44,58.56
2026-08-24T01:16:24,123.99,59.11
2026-08-24T01:16:25,121.35,56.5
2026-08-24T01:16:26,117.91,53.11
2026-08-24T01:16:27,117.47,52.68
2026-08-24T01:16:28,117.43,52.64
2026-08-24T01:16:29,117.45,52.65
2026-08-24T01:16:30,117.21,52.42
2026-08-24T01:16:31,117.37,52.58
2026-08-24T01:16:32,117.04,52.25
2026-08-24T01:16:33,117.96,53.16
2026-08-24T01:16:34,116.72,51.94
2026-08-24T01:16:35,117.06,52.27
2026-08-24T01:16:36,117.03,52.24
2026-08-24T01:16:37,117.03,52.25
2026-08-24T01:16:38,116.92,52.13
2026-08-24T01:16:39,117.58,52.79
2026-08-24T01:16:40,117.56,52.76
2026-08-24T01:16:41,117.63,52.84
2026-08-24T01:16:42,117.85,53.05
2026-08-24T01:16:43,117.67,52.88
2026-08-24T01:16:44,117.75,52.96
2026-08-24T01:16:45,118.23,53.43
2026-08-24T01:16:46,118.48,53.67
2026-08-24T01:16:47,117.38,52.59
2026-08-24T01:16:48,117.66,52.86
2026-08-24T01:16:49,117.3,52.51
2026-08-24T01:16:50,117.78,52.98
2026-08-24T01:16:51,117.98,53.18
2026-08-24T01:16:52,117.8,53.01
2026-08-24T01:16:53,117.71,52.91
2026-08-24T01:16:54,118.2,53.4
2026-08-24T01:16:55,118.0,53.2
2026-08-24T01:16:56,118.13,53.33
2026-08-24T01:16:57,118.39,53.58
2026-08-24T01:16:58,117.36,52.57
2026-08-24T01:16:59,117.72,52.93
2026-08-24T01:17:00,117.44,52.65
2026-08-24T01:17:01,117.26,52.47
2026-08-24T01:17:02,118.57,53.76
2026-08-24T01:17:03,120.07,55.24
2026-08-24T01:17:04,119.42,54.6
2026-08-24T01:17:05,118.58,53.78
2026-08-24T01:17:06,118.04,53.24
2026-08-24T01:17:07,118.55,53.74
2026-08-24T01:17:08,118.56,53.75
2026-08-24T01:17:09,118.16,53.36
2026-08-24T01:17:10,117.94,53.14
2026-08-24T01:17:11,118.23,53.43
2026-08-24T01:17:12,118.64,53.83
2026-08-24T01:17:13,118.46,53.65
2026-08-24T01:17:14,118.11,53.31
2026-08-24T01:17:15,118.29,53.49
2026-08-24T01:17:16,118.39,53.58
2026-08-24T01:17:17,118.31,53.51
2026-08-24T01:17:18,118.02,53.22
2026-08-24T01:17:19,118.31,53.5
2026-08-24T01:17:20,118.13,53.33
2026-08-24T01:17:21,118.24,53.43
2026-08-24T01:17:22,118.58,53.77
2026-08-24T01:17:23,118.53,53.72
2026-08-24T01:17:24,118.12,53.32
2026-08-24T01:17:25,118.16,53.36
2026-08-24T01:17:26,117.77,52.97
2026-08-24T01:17:27,118.48,53.67
2026-08-24T01:17:28,118.1,53.29
2026-08-24T01:17:29,118.14,53.34
2026-08-24T01:17:30,117.9,53.11
2026-08-24T01:17:31,118.02,53.21
2026-08-24T01:17:32,118.54,53.73
2026-08-24T01:17:33,118.74,53.93
2026-08-24T01:17:34,118.52,53.71
2026-08-24T01:17:35,118.48,53.67
2026-08-24T01:17:36,119.29,54.47
2026-08-24T01:17:37,119.13,54.31
2026-08-24T01:17:38,118.63,53.82
2026-08-24T01:17:39,118.83,54.01
2026-08-24T01:17:40,118.12,53.32
2026-08-24T01:17:41,118.5,53.69
2026-08-24T01:17:42,118.12,53.32
2026-08-24T01:17:43,118.76,53.95
2026-08-24T01:17:44,118.74,53.93
2026-08-24T01:17:45,119.03,54.21
2026-08-24T01:17:46,118.91,54.1
2026-08-24T01:17:47,119.02,54.21
2026-08-24T01:17:48,119.03,54.22
2026-08-24T01:17:49,119.0,54.19
2026-08-24T01:17:50,119.04,54.23
2026-08-24T01:17:51,119.18,54.36
2026-08-24T01:17:52,119.67,54.85
2026-08-24T01:17:53,120.12,55.29
2026-08-24T01:17:54,120.53,55.69
2026-08-24T01:17:55,120.64,55.8
2026-08-24T01:17:56,120.57,55.73
2026-08-24T01:17:57,121.74,56.89
2026-08-24T01:17:58,122.29,57.43
2026-08-24T01:17:59,123.92,59.03
2026-08-24T01:18:00,125.98,61.06
2026-08-24T01:18:01,126.71,61.78
2026-08-24T01:18:02,129.57,64.61
2026-08-24T01:18:03,135.57,70.52
2026-08-24T01:18:04,135.73,70.68
2026-08-24T01:18:05,134.52,69.48
2026-08-24T01:18:06,131.6,66.61
2026-08-24T01:18:07,128.02,63.08
2026-08-24T01:18:08,128.64,63.69
2026-08-24T01:18:09,127.68,62.74
2026-08-24T01:18:10,125.88,60.97
2026-08-24T01:18:11,124.21,59.32
2026-08-24T01:18:12,120.87,56.03
2026-08-24T01:18:13,120.13,55.3
2026-08-24T01:18:14,120.46,55.62
2026-08-24T01:18:15,118.78,53.97
2026-08-24T01:18:16,119.97,55.14
2026-08-24T01:18:17,119.14,54.32
2026-08-24T01:18:18,118.67,53.86
2026-08-24T01:18:19,118.68,53.87
2026-08-24T01:18:20,118.34,53.54
2026-08-24T01:18:21,118.48,53.67
2026-08-24T01:18:22,119.03,54.22
2026-08-24T01:18:23,119.06,54.25
2026-08-24T01:18:24,118.85,54.03
2026-08-24T01:18:25,118.78,53.97
2026-08-24T01:18:26,119.64,54.82
2026-08-24T01:18:27,119.97,55.14
2026-08-24T01:18:28,119.14,54.33
2026-08-24T01:18:29,119.33,54.51
2026-08-24T01:18:30,119.78,54.96
2026-08-24T01:18:31,119.6,54.78
2026-08-24T01:18:32,119.35,54.53
2026-08-24T01:18:33,119.63,54.8
2026-08-24T01:18:34,118.47,53.67
2026-08-24T01:18:35,118.64,53.83
2026-08-24T01:18:36,118.83,54.02
2026-08-24T01:18:37,118.14,53.33
2026-08-24T01:18:38,118.1,53.3
2026-08-24T01:18:39,117.74,52.94
2026-08-24T01:18:40,117.66,52.87
2026-08-24T01:18:41,118.29,53.49
2026-08-24T01:18:42,117.93,53.13
2026-08-24T01:18:43,118.51,53.7
2026-08-24T01:18:44,118.78,53.97
2026-08-24T01:18:45,118.43,53.62
2026-08-24T01:18:46,118.62,53.81
2026-08-24T01:18:47,118.4,53.59
2026-08-24T01:18:48,118.42,53.61
2026-08-24T01:18:49,118.41,53.61
2026-08-24T01:18:50,119.21,54.39
2026-08-24T01:18:51,119.87,55.04
2026-08-24T01:18:52,122.67,57.8
2026-08-24T01:18:53,123.05,58.17
2026-08-24T01:18:54,123.24,58.37
2026-08-24T01:18:55,123.76,58.88
2026-08-24T01:18:56,123.67,58.79
2026-08-24T01:18:57,124.11,59.22
2026-08-24T01:18:58,123.83,58.95
2026-08-24T01:18:59,124.27,59.38
2026-08-24T01:19:00,124.1,59.22
2026-08-24T01:19:01,123.7,58.82
2026-08-24T01:19:02,123.27,58.39
2026-08-24T01:19:03,123.03,58.15
2026-08-24T01:19:04,123.43,58.55
2026-08-24T01:19:05,123.48,58.6
2026-08-24T01:19:06,123.38,58.51
2026-08-24T01:19:07,123.43,58.55
2026-08-24T01:19:08,123.86,58.97
2026-08-24T01:19:09,124.11,59.22
2026-08-24T01:19:10,123.63,58.74
2026-08-24T01:19:11,122.87,58.0
2026-08-24T01:19:12,122.47,57.61
2026-08-24T01:19:13,122.81,57.94
2026-08-24T01:19:14,122.87,58.0
2026-08-24T01:19:15,123.02,58.15
2026-08-24T01:19:16,123.78,58.9
2026-08-24T01:19:17,122.84,57.97
2026-08-24T01:19:18,122.74,57.87
2026-08-24T01:19:19,122.71,57.84
2026-08-24T01:19:20,122.27,57.41
2026-08-24T01:19:21,118.47,53.66
2026-08-24T01:19:22,117.94,53.14
2026-08-24T01:19:23,117.69,52.89
2026-08-24T01:19:24,117.29,52.5
2026-08-24T01:19:25,117.1,52.31
2026-08-24T01:19:26,117.17,52.38
2026-08-24T01:19:27,118.98,54.17
2026-08-24T01:19:28,118.61,53.8
2026-08-24T01:19:29,118.14,53.34
2026-08-24T01:19:30,118.34,53.53
2026-08-24T01:19:31,118.69,53.88
2026-08-24T01:19:32,118.47,53.67
2026-08-24T01:19:33,118.36,53.56
2026-08-24T01:19:34,118.16,53.36
2026-08-24T01:19:35,118.33,53.53
2026-08-24T01:19:36,118.29,53.49
2026-08-24T01:19:37,118.38,53.57
2026-08-24T01:19:38,118.13,53.32
2026-08-24T01:19:39,117.99,53.19
2026-08-24T01:19:40,118.19,53.38
2026-08-24T01:19:41,118.49,53.68
2026-08-24T01:19:42,118.43,53.62
2026-08-24T01:19:43,117.99,53.19
2026-08-24T01:19:44,118.13,53.32
2026-08-24T01:19:45,118.01,53.21
2026-08-24T01:19:46,118.67,53.86
2026-08-24T01:19:47,118.58,53.77
2026-08-24T01:19:48,118.23,53.43
2026-08-24T01:19:49,118.18,53.38
2026-08-24T01:19:50,118.24,53.44
2026-08-24T01:19:51,118.28,53.48
2026-08-24T01:19:52,118.42,53.61
2026-08-24T01:19:53,117.79,53.0
2026-08-24T01:19:54,117.95,53.15
2026-08-24T01:19:55,117.85,53.05
2026-08-24T01:19:56,118.08,53.28
2026-08-24T01:19:57,118.25,53.45
2026-08-24T01:19:58,118.1,53.29
2026-08-24T01:19:59,117.91,53.11
2026-08-24T01:20:00,118.25,53.45
2026-08-24T01:20:01,118.31,53.51
2026-08-24T01:20:02,118.01,53.21
2026-08-24T01:20:03,117.83,53.03
2026-08-24T01:20:04,118.09,53.29
2026-08-24T01:20:05,118.42,53.61
2026-08-24T01:20:06,117.94,53.14
2026-08-24T01:20:07,118.14,53.34
2026-08-24T01:20:08,118.23,53.43
2026-08-24T01:20:09,117.6,52.81
2026-08-24T01:20:10,117.84,53.04
2026-08-24T01:20:11,117.95,53.15
2026-08-24T01:20:12,117.73,52.94
2026-08-24T01:20:13,117.68,52.88
2026-08-24T01:20:14,118.22,53.41
2026-08-24T01:20:15,117.99,53.19
2026-08-24T01:20:16,118.58,53.77
2026-08-24T01:20:17,118.53,53.72
2026-08-24T01:20:18,118.87,54.05
2026-08-24T01:20:19,119.46,54.64
2026-08-24T01:20:20,119.81,54.98
2026-08-24T01:20:21,119.27,54.45
2026-08-24T01:20:22,118.22,53.41
2026-08-24T01:20:23,118.25,53.45
2026-08-24T01:20:24,118.42,53.61
2026-08-24T01:20:25,118.5,53.69
2026-08-24T01:20:26,119.14,54.32
2026-08-24T01:20:27,120.38,55.55
2026-08-24T01:20:28,119.43,54.61
2026-08-24T01:20:29,118.72,53.91
2026-08-24T01:20:30,118.7,53.89
2026-08-24T01:20:31,118.28,53.48
2026-08-24T01:20:32,118.19,53.39
2026-08-24T01:20:33,118.48,53.67
2026-08-24T01:20:34,118.67,53.86
2026-08-24T01:20:35,118.27,53.46
2026-08-24T01:20:36,118.13,53.33
2026-08-24T01:20:37,117.81,53.01
2026-08-24T01:20:38,118.44,53.64
2026-08-24T01:20:39,118.41,53.61
2026-08-24T01:20:40,118.56,53.75
2026-08-24T01:20:41,118.68,53.87
2026-08-24T01:20:42,118.77,53.96
2026-08-24T01:20:43,118.64,53.83
2026-08-24T01:20:44,118.67,53.86
2026-08-24T01:20:45,118.82,54.0
2026-08-24T01:20:46,118.13,53.33
2026-08-24T01:20:47,118.4,53.59
2026-08-24T01:20:48,118.36,53.55
2026-08-24T01:20:49,119.32,54.51
2026-08-24T01:20:50,119.17,54.35
2026-08-24T01:20:51,118.94,54.12
2026-08-24T01:20:52,119.13,54.31
2026-08-24T01:20:53,121.72,56.86
2026-08-24T01:20:54,123.57,58.69
2026-08-24T01:20:55,124.2,59.31
2026-08-24T01:20:56,123.55,58.67
2026-08-24T01:20:57,123.62,58.74
2026-08-24T01:20:58,123.75,58.87
2026-08-24T01:20:59,123.72,58.84
2026-08-24T01:21:00,123.6,58.72
2026-08-24T01:21:01,123.55,58.67
2026-08-24T01:21:02,124.01,59.12
2026-08-24T01:21:03,123.39,58.51
2026-08-24T01:21:04,123.16,58.29
2026-08-24T01:21:05,123.06,58.19
2026-08-24T01:21:06,122.95,58.07
2026-08-24T01:21:07,123.02,58.15
2026-08-24T01:21:08,123.02,58.15
2026-08-24T01:21:09,123.31,58.44
2026-08-24T01:21:10,123.67,58.79
2026-08-24T01:21:11,123.3,58.43
2026-08-24T01:21:12,123.52,58.65
2026-08-24T01:21:13,123.35,58.48
2026-08-24T01:21:14,123.15,58.27
2026-08-24T01:21:15,123.8,58.92
2026-08-24T01:21:16,123.12,58.25
2026-08-24T01:21:17,123.66,58.78
2026-08-24T01:21:18,123.86,58.97
2026-08-24T01:21:19,123.59,58.71
2026-08-24T01:21:20,123.52,58.64
2026-08-24T01:21:21,123.78,58.9
2026-08-24T01:21:22,119.31,54.49
2026-08-24T01:21:23,117.73,52.93
2026-08-24T01:21:24,117.4,52.61
2026-08-24T01:21:25,117.74,52.94
2026-08-24T01:21:26,117.63,52.83
2026-08-24T01:21:27,117.58,52.78
2026-08-24T01:21:28,117.57,52.78
2026-08-24T01:21:29,117.34,52.55
2026-08-24T01:21:30,117.23,52.44
2026-08-24T01:21:31,117.88,53.08
2026-08-24T01:21:32,117.87,53.07
2026-08-24T01:21:33,117.64,52.84
2026-08-24T01:21:34,116.45,51.67
2026-08-24T01:21:35,116.87,52.09
2026-08-24T01:21:36,116.83,52.05
2026-08-24T01:21:37,116.96,52.17
2026-08-24T01:21:38,115.96,51.19
2026-08-24T01:21:39,115.93,51.16
2026-08-24T01:21:40,115.65,50.88
2026-08-24T01:21:41,115.18,50.42
2026-08-24T01:21:42,115.18,50.42
2026-08-24T01:21:43,114.57,49.82
2026-08-24T01:21:44,114.47,49.72
2026-08-24T01:21:45,114.01,49.26
2026-08-24T01:21:46,114.56,49.81
2026-08-24T01:21:47,115.65,50.89
2026-08-24T01:21:48,114.83,50.07
2026-08-24T01:21:49,114.91,50.16
2026-08-24T01:21:50,113.86,49.11
2026-08-24T01:21:51,114.06,49.32
2026-08-24T01:21:52,114.46,49.71
2026-08-24T01:21:53,115.13,50.37
2026-08-24T01:21:54,115.19,50.43
2026-08-24T01:21:55,114.12,49.37
2026-08-24T01:21:56,114.01,49.26
2026-08-24T01:21:57,114.07,49.33
2026-08-24T01:21:58,114.07,49.33
2026-08-24T01:21:59,114.19,49.45
2026-08-24T01:22:00,114.26,49.51
2026-08-24T01:22:01,114.86,50.1
2026-08-24T01:22:02,114.33,49.58
2026-08-24T01:22:03,114.39,49.65
2026-08-24T01:22:04,114.81,50.06
2026-08-24T01:22:05,114.11,49.36
2026-08-24T01:22:06,114.31,49.56
2026-08-24T01:22:07,114.01,49.26
2026-08-24T01:22:08,114.52,49.77
2026-08-24T01:22:09,114.05,49.3
2026-08-24T01:22:10,114.23,49.48
2026-08-24T01:22:11,114.39,49.64
2026-08-24T01:22:12,114.16,49.41
2026-08-24T01:22:13,114.32,49.58
2026-08-24T01:22:14,114.25,49.51
2026-08-24T01:22:15,114.51,49.76
2026-08-24T01:22:16,114.29,49.54
2026-08-24T01:22:17,114.49,49.74
2026-08-24T01:22:18,114.22,49.48
2026-08-24T01:22:19,114.65,49.89
2026-08-24T01:22:20,114.15,49.41
2026-08-24T01:22:21,114.4,49.65
2026-08-24T01:22:22,114.42,49.67
2026-08-24T01:22:23,114.48,49.73
2026-08-24T01:22:24,114.9,50.15
2026-08-24T01:22:25,114.31,49.56
2026-08-24T01:22:26,114.31,49.57
2026-08-24T01:22:27,114.49,49.74
2026-08-24T01:22:28,113.84,49.1
2026-08-24T01:22:29,114.07,49.33
2026-08-24T01:22:30,114.09,49.35
2026-08-24T01:22:31,114.2,49.45
2026-08-24T01:22:32,114.5,49.75
2026-08-24T01:22:33,114.4,49.65
2026-08-24T01:22:34,114.32,49.57
2026-08-24T01:22:35,114.74,49.99
2026-08-24T01:22:36,113.26,48.53
2026-08-24T01:22:37,114.22,49.47
2026-08-24T01:22:38,114.58,49.83
2026-08-24T01:22:39,114.39,49.64
2026-08-24T01:22:40,114.54,49.79
2026-08-24T01:22:41,114.62,49.87
2026-08-24T01:22:42,113.89,49.14
2026-08-24T01:22:43,114.01,49.27
2026-08-24T01:22:44,114.57,49.82
2026-08-24T01:22:45,114.27,49.53
2026-08-24T01:22:46,114.69,49.93
2026-08-24T01:22:47,114.05,49.3
2026-08-24T01:22:48,114.32,49.57
2026-08-24T01:22:49,114.55,49.79
2026-08-24T01:22:50,114.79,50.04
2026-08-24T01:22:51,115.12,50.36
2026-08-24T01:22:52,115.54,50.78
2026-08-24T01:22:53,115.98,51.21
2026-08-24T01:22:54,116.82,52.04
2026-08-24T01:22:55,117.85,53.06
2026-08-24T01:22:56,118.92,54.1
2026-08-24T01:22:57,119.29,54.47
2026-08-24T01:22:58,121.83,56.98
2026-08-24T01:22:59,123.8,58.91
2026-08-24T01:23:00,123.53,58.65
2026-08-24T01:23:01,127.75,62.81
2026-08-24T01:23:02,121.4,56.55
2026-08-24T01:23:03,119.99,55.17
2026-08-24T01:23:04,116.89,52.11
2026-08-24T01:23:05,115.98,51.21
2026-08-24T01:23:06,115.46,50.7
2026-08-24T01:23:07,114.79,50.04
2026-08-24T01:23:08,114.97,50.21
2026-08-24T01:23:09,114.78,50.03
2026-08-24T01:23:10,114.63,49.88
2026-08-24T01:23:11,114.89,50.13
2026-08-24T01:23:12,114.25,49.5
2026-08-24T01:23:13,114.81,50.06
2026-08-24T01:23:14,114.87,50.11
2026-08-24T01:23:15,114.9,50.15
2026-08-24T01:23:16,114.05,49.3
2026-08-24T01:23:17,113.66,48.92
2026-08-24T01:23:18,114.57,49.82
2026-08-24T01:23:19,114.02,49.28
2026-08-24T01:23:20,114.12,49.38
2026-08-24T01:23:21,114.36,49.61
2026-08-24T01:23:22,114.24,49.49
2026-08-24T01:23:23,114.78,50.02
2026-08-24T01:23:24,114.13,49.39
2026-08-24T01:23:25,114.69,49.94
2026-08-24T01:23:26,114.37,49.62
2026-08-24T01:23:27,114.78,50.02
2026-08-24T01:23:28,114.92,50.16
2026-08-24T01:23:29,114.38,49.63
2026-08-24T01:23:30,114.08,49.33
2026-08-24T01:23:31,114.29,49.54
2026-08-24T01:23:32,113.49,48.76
2026-08-24T01:23:33,114.56,49.81
2026-08-24T01:23:34,114.56,49.81
2026-08-24T01:23:35,114.36,49.61
2026-08-24T01:23:36,114.72,49.97
2026-08-24T01:23:37,114.36,49.61
2026-08-24T01:23:38,114.15,49.4
2026-08-24T01:23:39,114.79,50.04
2026-08-24T01:23:40,114.47,49.72
2026-08-24T01:23:41,114.63,49.88
2026-08-24T01:23:42,114.71,49.95
2026-08-24T01:23:43,114.38,49.63
2026-08-24T01:23:44,114.71,49.95
2026-08-24T01:23:45,114.4,49.66
2026-08-24T01:23:46,114.29,49.54
2026-08-24T01:23:47,114.54,49.78
2026-08-24T01:23:48,114.43,49.68
2026-08-24T01:23:49,113.98,49.24
2026-08-24T01:23:50,114.49,49.74
2026-08-24T01:23:51,114.42,49.67
2026-08-24T01:23:52,114.53,49.78
2026-08-24T01:23:53,114.96,50.2
2026-08-24T01:23:54,114.55,49.8
2026-08-24T01:23:55,114.21,49.46
2026-08-24T01:23:56,114.39,49.64
2026-08-24T01:23:57,114.16,49.42
2026-08-24T01:23:58,114.59,49.84
2026-08-24T01:23:59,114.12,49.37
2026-08-24T01:24:00,114.51,49.76
2026-08-24T01:24:01,114.23,49.48
2026-08-24T01:24:02,114.45,49.7
2026-08-24T01:24:03,114.55,49.8
2026-08-24T01:24:04,114.51,49.76
2026-08-24T01:24:05,114.68,49.93
2026-08-24T01:24:06,114.56,49.81
2026-08-24T01:24:07,113.58,48.84
2026-08-24T01:24:08,114.99,50.23
2026-08-24T01:24:09,114.45,49.7
2026-08-24T01:24:10,114.94,50.18
2026-08-24T01:24:11,114.66,49.9
2026-08-24T01:24:12,114.43,49.68
2026-08-24T01:24:13,114.4,49.65
2026-08-24T01:24:14,114.36,49.61
2026-08-24T01:24:15,114.78,50.02
2026-08-24T01:24:16,114.52,49.77
2026-08-24T01:24:17,114.14,49.39
2026-08-24T01:24:18,114.45,49.7
2026-08-24T01:24:19,114.0,49.26
2026-08-24T01:24:20,114.64,49.88
2026-08-24T01:24:21,114.05,49.31
2026-08-24T01:24:22,114.32,49.58
2026-08-24T01:24:23,113.87,49.13
2026-08-24T01:24:24,114.06,49.31
2026-08-24T01:24:25,113.96,49.22
2026-08-24T01:24:26,114.24,49.49
2026-08-24T01:24:27,114.1,49.35
2026-08-24T01:24:28,114.13,49.38
2026-08-24T01:24:29,114.18,49.43
2026-08-24T01:24:30,114.27,49.52
2026-08-24T01:24:31,114.22,49.47
2026-08-24T01:24:32,114.22,49.47
2026-08-24T01:24:33,114.22,49.47
2026-08-24T01:24:34,113.99,49.24
2026-08-24T01:24:35,114.38,49.63
2026-08-24T01:24:36,113.97,49.22
2026-08-24T01:24:37,114.2,49.45
2026-08-24T01:24:38,114.03,49.28
2026-08-24T01:24:39,114.84,50.08
2026-08-24T01:24:40,114.1,49.35
2026-08-24T01:24:41,114.48,49.73
2026-08-24T01:24:42,114.28,49.53
2026-08-24T01:24:43,114.13,49.39
2026-08-24T01:24:44,114.07,49.32
2026-08-24T01:24:45,114.15,49.41
2026-08-24T01:24:46,114.6,49.85
2026-08-24T01:24:47,114.8,50.05
2026-08-24T01:24:48,113.81,49.07
2026-08-24T01:24:49,114.73,49.98
2026-08-24T01:24:50,113.94,49.2
2026-08-24T01:24:51,114.38,49.63
2026-08-24T01:24:52,114.31,49.56
2026-08-24T01:24:53,114.38,49.63
2026-08-24T01:24:54,114.85,50.09
2026-08-24T01:24:55,113.91,49.17
2026-08-24T01:24:56,114.2,49.46
2026-08-24T01:24:57,114.21,49.46
2026-08-24T01:24:58,114.36,49.61
2026-08-24T01:24:59,114.52,49.77
2026-08-24T01:25:00,114.22,49.48
2026-08-24T01:25:01,115.09,50.33
2026-08-24T01:25:02,114.77,50.02
2026-08-24T01:25:03,114.67,49.92
2026-08-24T01:25:04,114.63,49.88
2026-08-24T01:25:05,114.55,49.8
2026-08-24T01:25:06,113.82,49.08
2026-08-24T01:25:07,114.37,49.62
2026-08-24T01:25:08,113.93,49.19
2026-08-24T01:25:09,114.44,49.69
2026-08-24T01:25:10,114.64,49.89
2026-08-24T01:25:11,114.85,50.09
2026-08-24T01:25:12,114.22,49.47
2026-08-24T01:25:13,114.37,49.62
2026-08-24T01:25:14,114.57,49.82
2026-08-24T01:25:15,114.81,50.05
2026-08-24T01:25:16,114.37,49.62
2026-08-24T01:25:17,114.5,49.75
2026-08-24T01:25:18,114.62,49.87
2026-08-24T01:25:19,113.98,49.24
2026-08-24T01:25:20,114.66,49.91
2026-08-24T01:25:21,114.57,49.82
2026-08-24T01:25:22,114.41,49.66
2026-08-24T01:25:23,114.79,50.03
2026-08-24T01:25:24,114.37,49.62
2026-08-24T01:25:25,114.71,49.96
2026-08-24T01:25:26,114.55,49.79
2026-08-24T01:25:27,114.71,49.96
2026-08-24T01:25:28,114.09,49.35
2026-08-24T01:25:29,114.54,49.79
2026-08-24T01:25:30,114.48,49.73
2026-08-24T01:25:31,114.6,49.84
2026-08-24T01:25:32,114.78,50.03
2026-08-24T01:25:33,114.95,50.19
2026-08-24T01:25:34,114.53,49.78
2026-08-24T01:25:35,114.27,49.53
2026-08-24T01:25:36,114.37,49.62
2026-08-24T01:25:37,114.61,49.86
2026-08-24T01:25:38,114.34,49.59
2026-08-24T01:25:39,114.45,49.7
2026-08-24T01:25:40,114.79,50.04
2026-08-24T01:25:41,114.27,49.52
2026-08-24T01:25:42,114.08,49.34
2026-08-24T01:25:43,113.75,49.01
2026-08-24T01:25:44,114.47,49.72
2026-08-24T01:25:45,113.96,49.21
2026-08-24T01:25:46,114.41,49.66
2026-08-24T01:25:47,114.53,49.78
2026-08-24T01:25:48,114.71,49.96
2026-08-24T01:25:49,114.92,50.16
2026-08-24T01:25:50,114.7,49.95
2026-08-24T01:25:51,114.95,50.2
2026-08-24T01:25:52,114.15,49.41
2026-08-24T01:25:53,114.59,49.83
2026-08-24T01:25:54,114.5,49.75
2026-08-24T01:25:55,114.7,49.95
2026-08-24T01:25:56,114.65,49.9
2026-08-24T01:25:57,114.35,49.6
2026-08-24T01:25:58,114.74,49.98
2026-08-24T01:25:59,114.44,49.69
2026-08-24T01:26:00,114.43,49.68
2026-08-24T01:26:01,114.34,49.59
2026-08-24T01:26:02,114.61,49.86
2026-08-24T01:26:03,114.4,49.65
2026-08-24T01:26:04,114.35,49.6
2026-08-24T01:26:05,114.41,49.66
2026-08-24T01:26:06,114.23,49.49
2026-08-24T01:26:07,114.65,49.9
2026-08-24T01:26:08,114.09,49.34
2026-08-24T01:26:09,114.1,49.36
2026-08-24T01:26:10,114.36,49.61
2026-08-24T01:26:11,113.77,49.03
2026-08-24T01:26:12,113.91,49.16
2026-08-24T01:26:13,114.19,49.45
2026-08-24T01:26:14,114.56,49.81
2026-08-24T01:26:15,114.08,49.34
2026-08-24T01:26:16,114.35,49.6
2026-08-24T01:26:17,113.53,48.79
2026-08-24T01:26:18,113.81,49.07
2026-08-24T01:26:19,114.32,49.57
2026-08-24T01:26:20,114.42,49.67
2026-08-24T01:26:21,114.46,49.71
2026-08-24T01:26:22,114.18,49.43
2026-08-24T01:26:23,114.45,49.7
2026-08-24T01:26:24,114.24,49.49
2026-08-24T01:26:25,114.4,49.65
2026-08-24T01:26:26,114.23,49.48
2026-08-24T01:26:27,113.78,49.04
2026-08-24T01:26:28,114.17,49.42
2026-08-24T01:26:29,114.85,50.1
2026-08-24T01:26:30,114.02,49.28
2026-08-24T01:26:31,114.26,49.52
2026-08-24T01:26:32,114.64,49.89
2026-08-24T01:26:33,114.47,49.72
2026-08-24T01:26:34,114.53,49.78
2026-08-24T01:26:35,114.32,49.57
2026-08-24T01:26:36,114.9,50.14
2026-08-24T01:26:37,115.07,50.31
2026-08-24T01:26:38,114.02,49.27
2026-08-24T01:26:39,114.72,49.96
2026-08-24T01:26:40,114.62,49.87
2026-08-24T01:26:41,113.95,49.21
2026-08-24T01:26:42,114.18,49.43
2026-08-24T01:26:43,114.81,50.06
2026-08-24T01:26:44,114.62,49.87
2026-08-24T01:26:45,114.46,49.71
2026-08-24T01:26:46,114.21,49.46
2026-08-24T01:26:47,114.05,49.31
2026-08-24T01:26:48,114.27,49.52
2026-08-24T01:26:49,114.82,50.07
2026-08-24T01:26:50,114.24,49.49
2026-08-24T01:26:51,114.28,49.54
2026-08-24T01:26:52,114.06,49.31
2026-08-24T01:26:53,114.34,49.59
2026-08-24T01:26:54,113.83,49.09
2026-08-24T01:26:55,114.35,49.6
2026-08-24T01:26:56,113.84,49.1
2026-08-24T01:26:57,114.18,49.43
2026-08-24T01:26:58,114.32,49.57
2026-08-24T01:26:59,114.66,49.91
2026-08-24T01:27:00,114.44,49.69
2026-08-24T01:27:01,114.47,49.72
2026-08-24T01:27:02,114.74,49.99
2026-08-24T01:27:03,114.43,49.68
2026-08-24T01:27:04,114.33,49.59
2026-08-24T01:27:05,114.5,49.75
2026-08-24T01:27:06,114.23,49.48
2026-08-24T01:27:07,114.95,50.19
2026-08-24T01:27:08,114.37,49.62
2026-08-24T01:27:09,114.22,49.47
2026-08-24T01:27:10,114.04,49.3
2026-08-24T01:27:11,114.04,49.3
2026-08-24T01:27:12,114.11,49.36
2026-08-24T01:27:13,114.28,49.53
2026-08-24T01:27:14,114.67,49.91
2026-08-24T01:27:15,114.73,49.98
2026-08-24T01:27:16,114.18,49.43
2026-08-24T01:27:17,114.22,49.47
2026-08-24T01:27:18,113.92,49.17
2026-08-24T01:27:19,114.03,49.29
2026-08-24T01:27:20,114.04,49.29
2026-08-24T01:27:21,114.46,49.71
2026-08-24T01:27:22,114.19,49.44
2026-08-24T01:27:23,114.25,49.51
2026-08-24T01:27:24,114.21,49.46
2026-08-24T01:27:25,114.67,49.92
2026-08-24T01:27:26,113.85,49.11
2026-08-24T01:27:27,113.98,49.24
2026-08-24T01:27:28,114.74,49.99
2026-08-24T01:27:29,114.41,49.66
2026-08-24T01:27:30,114.47,49.72
2026-08-24T01:27:31,114.59,49.84
2026-08-24T01:27:32,114.81,50.05
2026-08-24T01:27:33,113.93,49.19
2026-08-24T01:27:34,114.36,49.61
2026-08-24T01:27:35,114.29,49.54
2026-08-24T01:27:36,113.99,49.25
2026-08-24T01:27:37,114.04,49.29
2026-08-24T01:27:38,114.14,49.39
2026-08-24T01:27:39,114.07,49.32
2026-08-24T01:27:40,113.76,49.02
2026-08-24T01:27:41,115.1,50.35
2026-08-24T01:27:42,114.21,49.46
2026-08-24T01:27:43,114.45,49.7
2026-08-24T01:27:44,114.27,49.52
2026-08-24T01:27:45,114.11,49.37
2026-08-24T01:27:46,114.01,49.27
2026-08-24T01:27:47,113.91,49.16
2026-08-24T01:27:48,114.11,49.37
2026-08-24T01:27:49,114.58,49.83
2026-08-24T01:27:50,113.83,49.09
2026-08-24T01:27:51,114.23,49.48
2026-08-24T01:27:52,114.63,49.88
2026-08-24T01:27:53,114.7,49.95
2026-08-24T01:27:54,113.93,49.19
2026-08-24T01:27:55,114.27,49.52
2026-08-24T01:27:56,114.67,49.92
2026-08-24T01:27:57,114.47,49.72
2026-08-24T01:27:58,114.67,49.91
2026-08-24T01:27:59,114.59,49.84
2026-08-24T01:28:00,114.51,49.75
2026-08-24T01:28:01,114.4,49.65
2026-08-24T01:28:02,114.21,49.47
2026-08-24T01:28:03,114.22,49.47
2026-08-24T01:28:04,114.04,49.3
2026-08-24T01:28:05,114.85,50.1
2026-08-24T01:28:06,114.43,49.68
2026-08-24T01:28:07,113.98,49.24
2026-08-24T01:28:08,113.69,48.95
2026-08-24T01:28:09,114.18,49.44
2026-08-24T01:28:10,114.4,49.65
2026-08-24T01:28:11,114.1,49.36
2026-08-24T01:28:12,114.95,50.19
2026-08-24T01:28:13,114.74,49.99
2026-08-24T01:28:14,114.27,49.52
2026-08-24T01:28:15,114.27,49.52
2026-08-24T01:28:16,113.97,49.23
2026-08-24T01:28:17,114.44,49.69
2026-08-24T01:28:18,114.44,49.69
2026-08-24T01:28:19,113.83,49.09
2026-08-24T01:28:20,114.06,49.32
2026-08-24T01:28:21,114.88,50.12
2026-08-24T01:28:22,114.25,49.5
2026-08-24T01:28:23,114.85,50.09
2026-08-24T01:28:24,114.28,49.53
2026-08-24T01:28:25,114.14,49.39
2026-08-24T01:28:26,113.76,49.02
2026-08-24T01:28:27,114.06,49.31
2026-08-24T01:28:28,114.25,49.5
2026-08-24T01:28:29,114.19,49.45
2026-08-24T01:28:30,114.47,49.72
2026-08-24T01:28:31,113.87,49.13
2026-08-24T01:28:32,114.03,49.28
2026-08-24T01:28:33,113.63,48.89
2026-08-24T01:28:34,114.04,49.3
2026-08-24T01:28:35,113.86,49.12
2026-08-24T01:28:36,113.95,49.21
2026-08-24T01:28:37,114.01,49.27
2026-08-24T01:28:38,113.81,49.07
2026-08-24T01:28:39,114.87,50.11
2026-08-24T01:28:40,114.16,49.41
2026-08-24T01:28:41,114.47,49.72
2026-08-24T01:28:42,114.37,49.63
2026-08-24T01:28:43,114.51,49.76
2026-08-24T01:28:44,114.09,49.35
2026-08-24T01:28:45,114.31,49.56
2026-08-24T01:28:46,114.37,49.62
2026-08-24T01:28:47,114.12,49.37
2026-08-24T01:28:48,114.68,49.93
2026-08-24T01:28:49,114.2,49.45
2026-08-24T01:28:50,114.3,49.55
2026-08-24T01:28:51,114.2,49.45
2026-08-24T01:28:52,113.62,48.88
2026-08-24T01:28:53,114.84,50.08
2026-08-24T01:28:54,114.43,49.68
2026-08-24T01:28:55,113.97,49.23
2026-08-24T01:28:56,114.55,49.79
2026-08-24T01:28:57,113.49,48.75
2026-08-24T01:28:58,114.2,49.46
2026-08-24T01:28:59,113.78,49.04
2026-08-24T01:29:00,113.69,48.95
2026-08-24T01:29:01,114.05,49.3
2026-08-24T01:29:02,115.61,50.84
2026-08-24T01:29:03,115.09,50.33
2026-08-24T01:29:04,114.02,49.28
2026-08-24T01:29:05,113.72,48.98
2026-08-24T01:29:06,114.22,49.47
2026-08-24T01:29:07,114.35,49.6
2026-08-24T01:29:08,114.11,49.37
2026-08-24T01:29:09,114.47,49.72
2026-08-24T01:29:10,114.91,50.16
2026-08-24T01:29:11,114.81,50.06
2026-08-24T01:29:12,114.89,50.14
2026-08-24T01:29:13,114.65,49.9
2026-08-24T01:29:14,114.29,49.54
2026-08-24T01:29:15,114.0,49.25
2026-08-24T01:29:16,114.54,49.79
2026-08-24T01:29:17,114.57,49.82
2026-08-24T01:29:18,114.92,50.16
2026-08-24T01:29:19,114.21,49.47
2026-08-24T01:29:20,114.02,49.28
2026-08-24T01:29:21,114.57,49.82
2026-08-24T01:29:22,114.48,49.73
2026-08-24T01:29:23,114.28,49.53
2026-08-24T01:29:24,114.6,49.84
2026-08-24T01:29:25,113.83,49.09
2026-08-24T01:29:26,113.92,49.18
2026-08-24T01:29:27,113.67,48.93
2026-08-24T01:29:28,114.63,49.88
2026-08-24T01:29:29,115.31,50.55
2026-08-24T01:29:30,113.9,49.16
2026-08-24T01:29:31,114.48,49.73
2026-08-24T01:29:32,114.43,49.68
2026-08-24T01:29:33,113.97,49.23
2026-08-24T01:29:34,113.58,48.84
2026-08-24T01:29:35,114.19,49.44
2026-08-24T01:29:36,113.94,49.2
2026-08-24T01:29:37,113.43,48.7
2026-08-24T01:29:38,114.1,49.35
2026-08-24T01:29:39,114.0,49.26
2026-08-24T01:29:40,114.36,49.62
2026-08-24T01:29:41,113.82,49.08
2026-08-24T01:29:42,114.34,49.59
2026-08-24T01:29:43,114.09,49.34
2026-08-24T01:29:44,113.97,49.23
2026-08-24T01:29:45,114.13,49.38
2026-08-24T01:29:46,113.96,49.22
2026-08-24T01:29:47,113.53,48.79
2026-08-24T01:29:48,113.81,49.07
2026-08-24T01:29:49,114.25,49.5
2026-08-24T01:29:50,114.36,49.62
2026-08-24T01:29:51,113.85,49.1
2026-08-24T01:29:52,114.08,49.34
2026-08-24T01:29:53,114.62,49.87
2026-08-24T01:29:54,113.88,49.14
2026-08-24T01:29:55,114.15,49.41
2026-08-24T01:29:56,114.28,49.53
2026-08-24T01:29:57,114.13,49.39
2026-08-24T01:29:58,114.15,49.41
2026-08-24T01:29:59,114.27,49.52
2026-08-24T01:30:00,114.4,49.65
2026-08-24T01:30:01,113.78,49.04
2026-08-24T01:30:02,114.35,49.6
2026-08-24T01:30:03,114.15,49.4
2026-08-24T01:30:04,113.85,49.11
2026-08-24T01:30:05,114.32,49.57
2026-08-24T01:30:06,113.87,49.13
2026-08-24T01:30:07,114.17,49.43
2026-08-24T01:30:08,114.37,49.63
2026-08-24T01:30:09,114.31,49.56
2026-08-24T01:30:10,113.79,49.05
2026-08-24T01:30:11,114.3,49.56
2026-08-24T01:30:12,115.41,50.64
2026-08-24T01:30:13,115.46,50.7
2026-08-24T01:30:14,115.62,50.85
2026-08-24T01:30:15,115.34,50.57
2026-08-24T01:30:16,115.73,50.96
2026-08-24T01:30:17,115.99,51.22
2026-08-24T01:30:18,115.05,50.29
2026-08-24T01:30:19,115.05,50.29
2026-08-24T01:30:20,115.59,50.82
2026-08-24T01:30:21,115.95,51.18
2026-08-24T01:30:22,114.29,49.54
2026-08-24T01:30:23,114.69,49.94
2026-08-24T01:30:24,114.86,50.11
2026-08-24T01:30:25,114.72,49.97
2026-08-24T01:30:26,115.29,50.53
2026-08-24T01:30:27,115.41,50.64
2026-08-24T01:30:28,115.08,50.33
2026-08-24T01:30:29,115.64,50.87
2026-08-24T01:30:30,115.42,50.66
2026-08-24T01:30:31,115.43,50.67
2026-08-24T01:30:32,114.55,49.8
2026-08-24T01:30:33,113.87,49.13
2026-08-24T01:30:34,114.5,49.75
2026-08-24T01:30:35,114.71,49.95
2026-08-24T01:30:36,114.56,49.81
2026-08-24T01:30:37,114.27,49.52
2026-08-24T01:30:38,114.35,49.6
2026-08-24T01:30:39,114.23,49.49
2026-08-24T01:30:40,114.2,49.45
2026-08-24T01:30:41,114.62,49.87
2026-08-24T01:30:42,113.61,48.87
2026-08-24T01:30:43,113.85,49.11
2026-08-24T01:30:44,114.12,49.38
2026-08-24T01:30:45,114.44,49.69
2026-08-24T01:30:46,114.35,49.6
2026-08-24T01:30:47,113.64,48.9
2026-08-24T01:30:48,114.32,49.57
2026-08-24T01:30:49,114.32,49.58
2026-08-24T01:30:50,114.41,49.66
2026-08-24T01:30:51,114.44,49.69
2026-08-24T01:30:52,114.06,49.32
2026-08-24T01:30:53,114.33,49.58
2026-08-24T01:30:54,114.17,49.43
2026-08-24T01:30:55,114.71,49.95
2026-08-24T01:30:56,114.64,49.89
2026-08-24T01:30:57,114.18,49.43
2026-08-24T01:30:58,115.92,51.15
2026-08-24T01:30:59,115.12,50.36
2026-08-24T01:31:00,115.29,50.53
2026-08-24T01:31:01,114.17,49.43
2026-08-24T01:31:02,114.47,49.72
2026-08-24T01:31:03,114.02,49.28
2026-08-24T01:31:04,113.6,48.87
2026-08-24T01:31:05,114.11,49.36
2026-08-24T01:31:06,114.48,49.73
2026-08-24T01:31:07,114.18,49.44
2026-08-24T01:31:08,114.07,49.33
2026-08-24T01:31:09,114.11,49.37
2026-08-24T01:31:10,114.57,49.82
2026-08-24T01:31:11,114.27,49.52
2026-08-24T01:31:12,113.81,49.07
2026-08-24T01:31:13,113.83,49.09
2026-08-24T01:31:14,114.62,49.87
2026-08-24T01:31:15,114.39,49.64
2026-08-24T01:31:16,113.42,48.68
2026-08-24T01:31:17,113.86,49.12
2026-08-24T01:31:18,113.93,49.18
2026-08-24T01:31:19,114.64,49.88
2026-08-24T01:31:20,113.8,49.06
2026-08-24T01:31:21,113.99,49.25
2026-08-24T01:31:22,113.82,49.08
2026-08-24T01:31:23,114.13,49.39
2026-08-24T01:31:24,114.31,49.56
2026-08-24T01:31:25,113.8,49.06
2026-08-24T01:31:26,114.18,49.43
2026-08-24T01:31:27,114.14,49.39
2026-08-24T01:31:28,113.96,49.22
2026-08-24T01:31:29,113.93,49.19
2026-08-24T01:31:30,113.76,49.02
2026-08-24T01:31:31,114.04,49.3
2026-08-24T01:31:32,114.0,49.26
2026-08-24T01:31:33,114.63,49.87
2026-08-24T01:31:34,114.0,49.26
2026-08-24T01:31:35,114.38,49.63
2026-08-24T01:31:36,113.85,49.11
2026-08-24T01:31:37,113.65,48.91
2026-08-24T01:31:38,114.09,49.34
2026-08-24T01:31:39,114.57,49.82
2026-08-24T01:31:40,113.75,49.01
2026-08-24T01:31:41,113.93,49.19
2026-08-24T01:31:42,113.65,48.91
2026-08-24T01:31:43,114.28,49.53
2026-08-24T01:31:44,113.57,48.83
2026-08-24T01:31:45,114.31,49.57
2026-08-24T01:31:46,113.28,48.54
2026-08-24T01:31:47,114.09,49.34
2026-08-24T01:31:48,114.54,49.79
2026-08-24T01:31:49,114.29,49.54
2026-08-24T01:31:50,114.42,49.67
2026-08-24T01:31:51,114.39,49.64
2026-08-24T01:31:52,114.41,49.66
2026-08-24T01:31:53,113.82,49.07
2026-08-24T01:31:54,113.45,48.71
2026-08-24T01:31:55,114.63,49.88
2026-08-24T01:31:56,114.13,49.38
2026-08-24T01:31:57,114.22,49.48
2026-08-24T01:31:58,113.7,48.96
2026-08-24T01:31:59,114.1,49.35
2026-08-24T01:32:00,113.9,49.16
2026-08-24T01:32:01,113.86,49.12
2026-08-24T01:32:02,114.1,49.36
2026-08-24T01:32:03,114.38,49.63
2026-08-24T01:32:04,114.28,49.54
2026-08-24T01:32:05,114.2,49.46
2026-08-24T01:32:06,113.83,49.09
2026-08-24T01:32:07,114.38,49.63
2026-08-24T01:32:08,114.83,50.08
2026-08-24T01:32:09,114.24,49.5
2026-08-24T01:32:10,114.09,49.35
2026-08-24T01:32:11,114.72,49.96
2026-08-24T01:32:12,114.17,49.43
2026-08-24T01:32:13,114.01,49.26
2026-08-24T01:32:14,114.0,49.26
2026-08-24T01:32:15,113.97,49.23
2026-08-24T01:32:16,114.4,49.65
2026-08-24T01:32:17,114.67,49.92
2026-08-24T01:32:18,114.13,49.38
2026-08-24T01:32:19,114.53,49.78
2026-08-24T01:32:20,113.96,49.21
2026-08-24T01:32:21,114.01,49.27
2026-08-24T01:32:22,115.01,50.25
2026-08-24T01:32:23,114.25,49.5
2026-08-24T01:32:24,114.13,49.38
2026-08-24T01:32:25,114.13,49.38
2026-08-24T01:32:26,114.38,49.63
2026-08-24T01:32:27,114.79,50.03
2026-08-24T01:32:28,114.31,49.56
2026-08-24T01:32:29,114.17,49.42
2026-08-24T01:32:30,113.83,49.09
2026-08-24T01:32:31,114.44,49.69
2026-08-24T01:32:32,114.12,49.37
2026-08-24T01:32:33,114.04,49.3
2026-08-24T01:32:34,114.37,49.62
2026-08-24T01:32:35,114.09,49.35
2026-08-24T01:32:36,114.18,49.43
2026-08-24T01:32:37,114.56,49.81
2026-08-24T01:32:38,114.23,49.49
2026-08-24T01:32:39,114.51,49.76
2026-08-24T01:32:40,114.69,49.93
2026-08-24T01:32:41,114.39,49.64
2026-08-24T01:32:42,113.9,49.16
2026-08-24T01:32:43,114.72,49.96
2026-08-24T01:32:44,114.27,49.52
2026-08-24T01:32:45,113.96,49.22
2026-08-24T01:32:46,114.09,49.35
2026-08-24T01:32:47,113.84,49.1
2026-08-24T01:32:48,114.02,49.27
2026-08-24T01:32:49,114.27,49.52
2026-08-24T01:32:50,114.69,49.93
2026-08-24T01:32:51,113.72,48.98
2026-08-24T01:32:52,114.4,49.65
2026-08-24T01:32:53,114.23,49.48
2026-08-24T01:32:54,113.88,49.14
2026-08-24T01:32:55,114.12,49.38
2026-08-24T01:32:56,114.17,49.43
2026-08-24T01:32:57,114.47,49.72
2026-08-24T01:32:58,113.65,48.92
2026-08-24T01:32:59,113.92,49.18
2026-08-24T01:33:00,113.86,49.12
2026-08-24T01:33:01,113.66,48.92
2026-08-24T01:33:02,113.73,48.99
2026-08-24T01:33:03,114.61,49.86
2026-08-24T01:33:04,114.23,49.49
2026-08-24T01:33:05,114.07,49.32
2026-08-24T01:33:06,114.44,49.69
2026-08-24T01:33:07,114.02,49.28
2026-08-24T01:33:08,113.94,49.19
2026-08-24T01:33:09,114.23,49.48
2026-08-24T01:33:10,114.34,49.59
2026-08-24T01:33:11,113.54,48.8
2026-08-24T01:33:12,114.14,49.39
2026-08-24T01:33:13,114.17,49.42
2026-08-24T01:33:14,114.41,49.66
2026-08-24T01:33:15,114.13,49.38
2026-08-24T01:33:16,114.36,49.62
2026-08-24T01:33:17,114.14,49.39
2026-08-24T01:33:18,113.99,49.25
2026-08-24T01:33:19,114.54,49.79
2026-08-24T01:33:20,114.07,49.33
2026-08-24T01:33:21,113.84,49.1
2026-08-24T01:33:22,114.33,49.58
2026-08-24T01:33:23,114.28,49.53
2026-08-24T01:33:24,114.48,49.73
2026-08-24T01:33:25,114.35,49.6
2026-08-24T01:33:26,114.33,49.58
2026-08-24T01:33:27,114.22,49.47
2026-08-24T01:33:28,114.67,49.92
2026-08-24T01:33:29,114.46,49.71
2026-08-24T01:33:30,114.06,49.32
2026-08-24T01:33:31,114.49,49.74
2026-08-24T01:33:32,114.91,50.15
2026-08-24T01:33:33,113.73,48.99
2026-08-24T01:33:34,114.0,49.26
2026-08-24T01:33:35,114.29,49.54
2026-08-24T01:33:36,114.32,49.57
2026-08-24T01:33:37,113.66,48.93
2026-08-24T01:33:38,114.02,49.28
2026-08-24T01:33:39,114.23,49.48
2026-08-24T01:33:40,114.08,49.34
2026-08-24T01:33:41,114.56,49.81
2026-08-24T01:33:42,113.9,49.15
2026-08-24T01:33:43,114.0,49.26
2026-08-24T01:33:44,113.76,49.01
2026-08-24T01:33:45,114.24,49.49
2026-08-24T01:33:46,114.36,49.61
2026-08-24T01:33:47,114.77,50.02
2026-08-24T01:33:48,113.7,48.96
2026-08-24T01:33:49,113.9,49.16
2026-08-24T01:33:50,114.82,50.07
2026-08-24T01:33:51,113.86,49.12
2026-08-24T01:33:52,114.16,49.42
2026-08-24T01:33:53,114.26,49.51
2026-08-24T01:33:54,113.98,49.23
2026-08-24T01:33:55,114.32,49.57
2026-08-24T01:33:56,114.19,49.44
2026-08-24T01:33:57,114.18,49.43
2026-08-24T01:33:58,113.64,48.9
2026-08-24T01:33:59,114.54,49.79
2026-08-24T01:34:00,114.41,49.66
2026-08-24T01:34:01,114.18,49.44
2026-08-24T01:34:02,114.26,49.51
2026-08-24T01:34:03,114.48,49.73
2026-08-24T01:34:04,114.7,49.95
2026-08-24T01:34:05,114.09,49.35
2026-08-24T01:34:06,114.5,49.75
2026-08-24T01:34:07,114.51,49.76
2026-08-24T01:34:08,115.13,50.37
2026-08-24T01:34:09,113.97,49.23
2026-08-24T01:34:10,113.48,48.75
2026-08-24T01:34:11,114.75,50.0
2026-08-24T01:34:12,113.88,49.14
2026-08-24T01:34:13,114.1,49.36
2026-08-24T01:34:14,113.81,49.07
2026-08-24T01:34:15,114.92,50.17
2026-08-24T01:34:16,114.41,49.66
2026-08-24T01:34:17,114.66,49.91
2026-08-24T01:34:18,114.24,49.49
2026-08-24T01:34:19,113.95,49.21
2026-08-24T01:34:20,114.85,50.1
2026-08-24T01:34:21,114.63,49.88
2026-08-24T01:34:22,115.04,50.28
2026-08-24T01:34:23,114.42,49.67
2026-08-24T01:34:24,114.65,49.9
2026-08-24T01:34:25,115.26,50.5
2026-08-24T01:34:26,115.74,50.97
2026-08-24T01:34:27,114.32,49.57
2026-08-24T01:34:28,113.26,48.52
2026-08-24T01:34:29,114.11,49.36
2026-08-24T01:34:30,114.36,49.61
2026-08-24T01:34:31,114.14,49.39
2026-08-24T01:34:32,114.38,49.64
2026-08-24T01:34:33,114.54,49.78
2026-08-24T01:34:34,114.35,49.6
2026-08-24T01:34:35,114.22,49.47
2026-08-24T01:34:36,114.24,49.49
2026-08-24T01:34:37,114.1,49.35
2026-08-24T01:34:38,113.99,49.25
2026-08-24T01:34:39,114.14,49.39
2026-08-24T01:34:40,113.86,49.12
2026-08-24T01:34:41,113.9,49.16
2026-08-24T01:34:42,114.23,49.49
2026-08-24T01:34:43,114.37,49.62
2026-08-24T01:34:44,113.67,48.93
2026-08-24T01:34:45,113.8,49.06
2026-08-24T01:34:46,113.67,48.93
2026-08-24T01:34:47,113.77,49.03
2026-08-24T01:34:48,113.85,49.11
2026-08-24T01:34:49,113.4,48.67
2026-08-24T01:34:50,114.01,49.27
2026-08-24T01:34:51,113.99,49.25
2026-08-24T01:34:52,113.64,48.9
2026-08-24T01:34:53,114.45,49.7
2026-08-24T01:34:54,113.67,48.93
2026-08-24T01:34:55,113.86,49.11
2026-08-24T01:34:56,114.28,49.53
2026-08-24T01:34:57,113.88,49.14
2026-08-24T01:34:58,114.2,49.46
2026-08-24T01:34:59,114.31,49.56
2026-08-24T01:35:00,114.47,49.72
2026-08-24T01:35:01,113.95,49.2
2026-08-24T01:35:02,113.67,48.94
2026-08-24T01:35:03,113.81,49.07
2026-08-24T01:35:04,113.85,49.11
2026-08-24T01:35:05,113.6,48.86
2026-08-24T01:35:06,114.46,49.71
2026-08-24T01:35:07,113.94,49.2
2026-08-24T01:35:08,113.81,49.07
2026-08-24T01:35:09,114.45,49.7
2026-08-24T01:35:10,114.08,49.33
2026-08-24T01:35:11,114.0,49.26
2026-08-24T01:35:12,114.0,49.26
2026-08-24T01:35:13,113.68,48.94
2026-08-24T01:35:14,114.26,49.51
2026-08-24T01:35:15,113.73,48.99
2026-08-24T01:35:16,113.81,49.07
2026-08-24T01:35:17,113.88,49.14
2026-08-24T01:35:18,114.09,49.34
2026-08-24T01:35:19,114.25,49.5
2026-08-24T01:35:20,114.17,49.43
2026-08-24T01:35:21,113.77,49.03
2026-08-24T01:35:22,114.12,49.38
2026-08-24T01:35:23,114.07,49.32
2026-08-24T01:35:24,114.71,49.96
2026-08-24T01:35:25,114.96,50.2
2026-08-24T01:35:26,115.04,50.28
2026-08-24T01:35:27,115.33,50.57
2026-08-24T01:35:28,115.4,50.64
2026-08-24T01:35:29,115.89,51.12
2026-08-24T01:35:30,117.3,52.51
2026-08-24T01:35:31,119.3,54.48
2026-08-24T01:35:32,121.76,56.91
2026-08-24T01:35:33,123.18,58.31
2026-08-24T01:35:34,124.23,59.34
2026-08-24T01:35:35,127.09,62.16
2026-08-24T01:35:36,127.33,62.4
2026-08-24T01:35:37,129.0,64.05
2026-08-24T01:35:38,122.26,57.4
2026-08-24T01:35:39,118.92,54.11
2026-08-24T01:35:40,116.18,51.41
2026-08-24T01:35:41,115.11,50.35
2026-08-24T01:35:42,115.27,50.5
2026-08-24T01:35:43,113.76,49.02
2026-08-24T01:35:44,114.23,49.49
2026-08-24T01:35:45,114.13,49.39
2026-08-24T01:35:46,114.29,49.55
2026-08-24T01:35:47,114.12,49.38
2026-08-24T01:35:48,113.89,49.15
2026-08-24T01:35:49,113.83,49.09
2026-08-24T01:35:50,114.03,49.29
2026-08-24T01:35:51,113.74,49.0
2026-08-24T01:35:52,113.54,48.81
2026-08-24T01:35:53,113.65,48.92
2026-08-24T01:35:54,113.85,49.11
2026-08-24T01:35:55,113.65,48.91
2026-08-24T01:35:56,114.79,50.03
2026-08-24T01:35:57,114.0,49.25
2026-08-24T01:35:58,113.99,49.25
2026-08-24T01:35:59,114.04,49.29
2026-08-24T01:36:00,114.7,49.94
2026-08-24T01:36:01,113.89,49.15
2026-08-24T01:36:02,114.05,49.31
2026-08-24T01:36:03,114.25,49.51
2026-08-24T01:36:04,113.63,48.89
2026-08-24T01:36:05,114.34,49.59
2026-08-24T01:36:06,114.04,49.3
2026-08-24T01:36:07,114.45,49.7
2026-08-24T01:36:08,113.91,49.17
2026-08-24T01:36:09,114.14,49.4
2026-08-24T01:36:10,114.04,49.3
2026-08-24T01:36:11,114.7,49.95
2026-08-24T01:36:12,113.81,49.07
2026-08-24T01:36:13,113.48,48.74
2026-08-24T01:36:14,113.99,49.25
2026-08-24T01:36:15,114.23,49.48
2026-08-24T01:36:16,114.01,49.26
2026-08-24T01:36:17,113.85,49.11
2026-08-24T01:36:18,113.5,48.77
2026-08-24T01:36:19,113.79,49.05
2026-08-24T01:36:20,114.49,49.74
2026-08-24T01:36:21,113.48,48.75
2026-08-24T01:36:22,114.2,49.46
2026-08-24T01:36:23,114.59,49.83
2026-08-24T01:36:24,114.27,49.52
2026-08-24T01:36:25,113.28,48.55
2026-08-24T01:36:26,114.16,49.42
2026-08-24T01:36:27,113.81,49.07
2026-08-24T01:36:28,114.36,49.61
2026-08-24T01:36:29,114.21,49.47
2026-08-24T01:36:30,114.0,49.25
2026-08-24T01:36:31,113.66,48.92
2026-08-24T01:36:32,113.38,48.65
2026-08-24T01:36:33,114.19,49.44
2026-08-24T01:36:34,114.01,49.26
2026-08-24T01:36:35,113.76,49.02
2026-08-24T01:36:36,113.93,49.18
2026-08-24T01:36:37,114.07,49.33
2026-08-24T01:36:38,113.85,49.11
2026-08-24T01:36:39,113.72,48.98
2026-08-24T01:36:40,113.98,49.24
2026-08-24T01:36:41,114.61,49.86
2026-08-24T01:36:42,113.86,49.12
2026-08-24T01:36:43,113.35,48.61
2026-08-24T01:36:44,114.17,49.42
2026-08-24T01:36:45,113.72,48.98
2026-08-24T01:36:46,113.68,48.95
2026-08-24T01:36:47,114.11,49.36
2026-08-24T01:36:48,114.01,49.27
2026-08-24T01:36:49,114.51,49.76
2026-08-24T01:36:50,114.27,49.53
2026-08-24T01:36:51,113.89,49.15
2026-08-24T01:36:52,113.57,48.83
2026-08-24T01:36:53,113.6,48.87
2026-08-24T01:36:54,113.84,49.09
2026-08-24T01:36:55,113.64,48.9
2026-08-24T01:36:56,113.8,49.06
2026-08-24T01:36:57,113.97,49.23
2026-08-24T01:36:58,114.42,49.67
2026-08-24T01:36:59,113.71,48.97
2026-08-24T01:37:00,114.04,49.3
2026-08-24T01:37:01,113.74,49.0
2026-08-24T01:37:02,113.56,48.82
2026-08-24T01:37:03,114.12,49.38
2026-08-24T01:37:04,114.15,49.4
2026-08-24T01:37:05,114.19,49.44
2026-08-24T01:37:06,113.67,48.94
2026-08-24T01:37:07,113.57,48.84
2026-08-24T01:37:08,113.6,48.86
2026-08-24T01:37:09,114.63,49.88
2026-08-24T01:37:10,114.14,49.39
2026-08-24T01:37:11,113.62,48.88
2026-08-24T01:37:12,114.63,49.88
2026-08-24T01:37:13,114.36,49.61
2026-08-24T01:37:14,113.6,48.86
2026-08-24T01:37:15,114.15,49.4
2026-08-24T01:37:16,114.01,49.27
2026-08-24T01:37:17,113.58,48.84
2026-08-24T01:37:18,113.97,49.23
2026-08-24T01:37:19,113.77,49.03
2026-08-24T01:37:20,113.68,48.94
2026-08-24T01:37:21,113.96,49.22
2026-08-24T01:37:22,114.1,49.35
2026-08-24T01:37:23,114.15,49.4
2026-08-24T01:37:24,113.82,49.07
2026-08-24T01:37:25,114.19,49.44
2026-08-24T01:37:26,113.95,49.2
2026-08-24T01:37:27,113.75,49.01
2026-08-24T01:37:28,114.0,49.25
2026-08-24T01:37:29,113.99,49.24
2026-08-24T01:37:30,114.06,49.32
2026-08-24T01:37:31,113.49,48.76
2026-08-24T01:37:32,113.3,48.56
2026-08-24T01:37:33,114.06,49.31
2026-08-24T01:37:34,114.46,49.71
2026-08-24T01:37:35,113.56,48.83
2026-08-24T01:37:36,114.5,49.75
2026-08-24T01:37:37,114.0,49.25
2026-08-24T01:37:38,114.14,49.4
2026-08-24T01:37:39,114.15,49.4
2026-08-24T01:37:40,114.13,49.38
2026-08-24T01:37:41,113.95,49.21
2026-08-24T01:37:42,114.09,49.35
2026-08-24T01:37:43,113.61,48.87
2026-08-24T01:37:44,114.1,49.36
2026-08-24T01:37:45,113.84,49.1
2026-08-24T01:37:46,113.23,48.5
2026-08-24T01:37:47,114.01,49.27
2026-08-24T01:37:48,113.18,48.45
2026-08-24T01:37:49,113.71,48.97
2026-08-24T01:37:50,113.98,49.24
2026-08-24T01:37:51,113.48,48.74
2026-08-24T01:37:52,114.12,49.37
2026-08-24T01:37:53,113.77,49.03
2026-08-24T01:37:54,113.86,49.12
2026-08-24T01:37:55,114.06,49.32
2026-08-24T01:37:56,113.5,48.76
2026-08-24T01:37:57,114.14,49.4
2026-08-24T01:37:58,113.71,48.97
2026-08-24T01:37:59,114.01,49.26
2026-08-24T01:38:00,113.94,49.2
2026-08-24T01:38:01,114.07,49.32
2026-08-24T01:38:02,114.35,49.6
2026-08-24T01:38:03,114.06,49.31
2026-08-24T01:38:04,114.45,49.7
2026-08-24T01:38:05,114.1,49.36
2026-08-24T01:38:06,114.24,49.49
2026-08-24T01:38:07,113.67,48.93
2026-08-24T01:38:08,113.76,49.02
2026-08-24T01:38:09,113.5,48.76
2026-08-24T01:38:10,113.8,49.05
2026-08-24T01:38:11,113.89,49.15
2026-08-24T01:38:12,113.47,48.74
2026-08-24T01:38:13,113.72,48.98
2026-08-24T01:38:14,113.55,48.81
2026-08-24T01:38:15,114.05,49.3
2026-08-24T01:38:16,113.94,49.2
2026-08-24T01:38:17,113.93,49.19
2026-08-24T01:38:18,114.21,49.47
2026-08-24T01:38:19,113.48,48.75
2026-08-24T01:38:20,113.9,49.15
2026-08-24T01:38:21,114.08,49.34
2026-08-24T01:38:22,113.92,49.18
2026-08-24T01:38:23,114.22,49.47
2026-08-24T01:38:24,114.24,49.49
2026-08-24T01:38:25,114.43,49.68
2026-08-24T01:38:26,113.97,49.23
2026-08-24T01:38:27,113.53,48.79
2026-08-24T01:38:28,113.6,48.87
2026-08-24T01:38:29,113.93,49.19
2026-08-24T01:38:30,113.4,48.67
2026-08-24T01:38:31,114.25,49.5
2026-08-24T01:38:32,113.25,48.52
2026-08-24T01:38:33,113.73,48.99
2026-08-24T01:38:34,113.73,48.99
2026-08-24T01:38:35,113.69,48.95
2026-08-24T01:38:36,114.64,49.88
2026-08-24T01:38:37,113.51,48.77
2026-08-24T01:38:38,114.27,49.52
2026-08-24T01:38:39,113.34,48.61
2026-08-24T01:38:40,113.83,49.09
2026-08-24T01:38:41,114.15,49.41
2026-08-24T01:38:42,113.74,49.0
2026-08-24T01:38:43,113.9,49.16
2026-08-24T01:38:44,113.96,49.21
2026-08-24T01:38:45,113.75,49.01
2026-08-24T01:38:46,113.68,48.94
2026-08-24T01:38:47,113.26,48.53
2026-08-24T01:38:48,113.42,48.68
2026-08-24T01:38:49,113.62,48.88
2026-08-24T01:38:50,113.55,48.81
2026-08-24T01:38:51,114.54,49.78
2026-08-24T01:38:52,113.65,48.92
2026-08-24T01:38:53,113.55,48.81
2026-08-24T01:38:54,113.84,49.1
2026-08-24T01:38:55,113.8,49.06
2026-08-24T01:38:56,113.27,48.54
2026-08-24T01:38:57,113.76,49.02
2026-08-24T01:38:58,113.76,49.02
2026-08-24T01:38:59,114.12,49.37
2026-08-24T01:39:00,114.05,49.3
2026-08-24T01:39:01,113.58,48.84
2026-08-24T01:39:02,113.94,49.2
2026-08-24T01:39:03,114.28,49.53
2026-08-24T01:39:04,113.74,49.0
2026-08-24T01:39:05,113.72,48.98
2026-08-24T01:39:06,113.72,48.98
2026-08-24T01:39:07,113.84,49.1
2026-08-24T01:39:08,113.74,49.0
2026-08-24T01:39:09,113.6,48.86
2026-08-24T01:39:10,113.15,48.42
2026-08-24T01:39:11,113.63,48.89
2026-08-24T01:39:12,114.21,49.46
2026-08-24T01:39:13,114.68,49.92
2026-08-24T01:39:14,114.16,49.41
2026-08-24T01:39:15,114.12,49.37
2026-08-24T01:39:16,113.44,48.71
2026-08-24T01:39:17,113.99,49.25
2026-08-24T01:39:18,113.95,49.21
2026-08-24T01:39:19,113.66,48.93
2026-08-24T01:39:20,113.85,49.11
2026-08-24T01:39:21,113.69,48.95
2026-08-24T01:39:22,113.76,49.02
2026-08-24T01:39:23,114.28,49.53
2026-08-24T01:39:24,114.08,49.34
2026-08-24T01:39:25,114.28,49.53
2026-08-24T01:39:26,113.5,48.76
2026-08-24T01:39:27,114.01,49.26
2026-08-24T01:39:28,113.64,48.9
2026-08-24T01:39:29,113.97,49.22
2026-08-24T01:39:30,113.94,49.2
2026-08-24T01:39:31,113.9,49.16
2026-08-24T01:39:32,114.17,49.42
2026-08-24T01:39:33,113.95,49.21
2026-08-24T01:39:34,113.91,49.17
2026-08-24T01:39:35,113.79,49.05
2026-08-24T01:39:36,113.84,49.1
2026-08-24T01:39:37,114.09,49.35
2026-08-24T01:39:38,113.91,49.16
2026-08-24T01:39:39,113.96,49.22
2026-08-24T01:39:40,113.84,49.1
2026-08-24T01:39:41,114.8,50.05
2026-08-24T01:39:42,113.89,49.15
2026-08-24T01:39:43,114.28,49.53
2026-08-24T01:39:44,113.83,49.09
2026-08-24T01:39:45,113.43,48.69
2026-08-24T01:39:46,113.83,49.09
2026-08-24T01:39:47,114.23,49.48
2026-08-24T01:39:48,114.02,49.28
2026-08-24T01:39:49,114.57,49.82
2026-08-24T01:39:50,114.12,49.38
2026-08-24T01:39:51,114.16,49.41
2026-08-24T01:39:52,113.92,49.18
2026-08-24T01:39:53,114.09,49.34
2026-08-24T01:39:54,113.68,48.94
2026-08-24T01:39:55,113.75,49.01
2026-08-24T01:39:56,114.04,49.3
2026-08-24T01:39:57,113.91,49.17
2026-08-24T01:39:58,113.73,48.99
2026-08-24T01:39:59,114.23,49.49
2026-08-24T01:40:00,113.43,48.7
2026-08-24T01:40:01,113.35,48.62
2026-08-24T01:40:02,114.27,49.53
2026-08-24T01:40:03,114.29,49.54
2026-08-24T01:40:04,113.84,49.1
2026-08-24T01:40:05,114.24,49.49
2026-08-24T01:40:06,114.26,49.51
2026-08-24T01:40:07,114.23,49.49
2026-08-24T01:40:08,114.12,49.38
2026-08-24T01:40:09,113.84,49.1
2026-08-24T01:40:10,113.44,48.71
2026-08-24T01:40:11,114.24,49.49
2026-08-24T01:40:12,114.31,49.56
2026-08-24T01:40:13,114.44,49.69
2026-08-24T01:40:14,113.67,48.93
2026-08-24T01:40:15,113.64,48.9
2026-08-24T01:40:16,114.01,49.27
2026-08-24T01:40:17,113.74,49.0
2026-08-24T01:40:18,114.3,49.55
2026-08-24T01:40:19,114.18,49.43
2026-08-24T01:40:20,114.31,49.56
2026-08-24T01:40:21,113.87,49.13
2026-08-24T01:40:22,115.05,50.29
2026-08-24T01:40:23,113.83,49.09
2026-08-24T01:40:24,114.12,49.38
2026-08-24T01:40:25,114.06,49.32
2026-08-24T01:40:26,114.38,49.63
2026-08-24T01:40:27,114.61,49.86
2026-08-24T01:40:28,114.72,49.96
2026-08-24T01:40:29,114.32,49.57
2026-08-24T01:40:30,114.42,49.67
2026-08-24T01:40:31,114.37,49.62
2026-08-24T01:40:32,114.43,49.68
2026-08-24T01:40:33,113.57,48.83
2026-08-24T01:40:34,114.13,49.38
2026-08-24T01:40:35,113.85,49.11
2026-08-24T01:40:36,114.63,49.88
2026-08-24T01:40:37,114.89,50.13
2026-08-24T01:40:38,115.6,50.83
2026-08-24T01:40:39,116.88,52.1
2026-08-24T01:40:40,118.03,53.23
2026-08-24T01:40:41,120.18,55.35
2026-08-24T01:40:42,122.53,57.66
2026-08-24T01:40:43,124.15,59.26
2026-08-24T01:40:44,126.29,61.37
2026-08-24T01:40:45,128.13,63.19
2026-08-24T01:40:46,128.7,63.75
2026-08-24T01:40:47,127.42,62.49
2026-08-24T01:40:48,126.19,61.27
2026-08-24T01:40:49,122.74,57.87
2026-08-24T01:40:50,121.99,57.14
2026-08-24T01:40:51,121.98,57.12
2026-08-24T01:40:52,118.74,53.92
2026-08-24T01:40:53,117.26,52.47
2026-08-24T01:40:54,118.65,53.84
2026-08-24T01:40:55,116.13,51.36
2026-08-24T01:40:56,115.59,50.82
2026-08-24T01:40:57,115.7,50.93
2026-08-24T01:40:58,114.45,49.7
2026-08-24T01:40:59,114.68,49.92
2026-08-24T01:41:00,113.83,49.09
2026-08-24T01:41:01,114.24,49.5
2026-08-24T01:41:02,113.75,49.01
2026-08-24T01:41:03,113.94,49.19
2026-08-24T01:41:04,114.64,49.89
2026-08-24T01:41:05,114.46,49.71
2026-08-24T01:41:06,114.13,49.39
2026-08-24T01:41:07,113.93,49.19
2026-08-24T01:41:08,114.6,49.85
2026-08-24T01:41:09,113.66,48.92
2026-08-24T01:41:10,114.43,49.68
2026-08-24T01:41:11,114.14,49.39
2026-08-24T01:41:12,114.5,49.75
2026-08-24T01:41:13,113.9,49.15
2026-08-24T01:41:14,114.22,49.47
2026-08-24T01:41:15,114.0,49.25
2026-08-24T01:41:16,113.92,49.18
2026-08-24T01:41:17,114.58,49.83
2026-08-24T01:41:18,115.04,50.28
2026-08-24T01:41:19,113.89,49.15
2026-08-24T01:41:20,114.02,49.27
2026-08-24T01:41:21,114.51,49.76
2026-08-24T01:41:22,113.97,49.23
2026-08-24T01:41:23,114.16,49.42
2026-08-24T01:41:24,114.73,49.98
2026-08-24T01:41:25,113.95,49.2
2026-08-24T01:41:26,114.26,49.51
2026-08-24T01:41:27,114.35,49.6
2026-08-24T01:41:28,113.64,48.9
2026-08-24T01:41:29,113.86,49.12
2026-08-24T01:41:30,114.22,49.48
2026-08-24T01:41:31,114.72,49.96
2026-08-24T01:41:32,114.35,49.6
2026-08-24T01:41:33,114.8,50.04
2026-08-24T01:41:34,114.59,49.83
2026-08-24T01:41:35,114.92,50.17
2026-08-24T01:41:36,115.39,50.62
2026-08-24T01:41:37,116.73,51.95
2026-08-24T01:41:38,117.54,52.75
2026-08-24T01:41:39,118.52,53.71
2026-08-24T01:41:40,120.52,55.69
2026-08-24T01:41:41,124.08,59.2
2026-08-24T01:41:42,126.03,61.11
2026-08-24T01:41:43,127.75,62.81
2026-08-24T01:41:44,130.81,65.82
2026-08-24T01:41:45,130.84,65.86
2026-08-24T01:41:46,128.41,63.46
2026-08-24T01:41:47,124.73,59.84
2026-08-24T01:41:48,122.59,57.72
2026-08-24T01:41:49,121.21,56.36
2026-08-24T01:41:50,120.41,55.57
2026-08-24T01:41:51,119.29,54.47
2026-08-24T01:41:52,116.56,51.78
2026-08-24T01:41:53,117.54,52.75
2026-08-24T01:41:54,116.64,51.86
2026-08-24T01:41:55,115.38,50.62
2026-08-24T01:41:56,115.04,50.28
2026-08-24T01:41:57,114.63,49.88
2026-08-24T01:41:58,114.98,50.22
2026-08-24T01:41:59,114.41,49.66
2026-08-24T01:42:00,114.5,49.75
2026-08-24T01:42:01,114.74,49.99
2026-08-24T01:42:02,114.58,49.83
2026-08-24T01:42:03,113.95,49.21
2026-08-24T01:42:04,114.3,49.55
2026-08-24T01:42:05,114.47,49.72
2026-08-24T01:42:06,114.89,50.13
2026-08-24T01:42:07,115.05,50.29
2026-08-24T01:42:08,116.29,51.52
2026-08-24T01:42:09,116.85,52.07
2026-08-24T01:42:10,117.5,52.71
2026-08-24T01:42:11,118.92,54.1
2026-08-24T01:42:12,118.48,53.68
2026-08-24T01:42:13,120.99,56.14
2026-08-24T01:42:14,123.65,58.77
2026-08-24T01:42:15,125.97,61.06
2026-08-24T01:42:16,128.71,63.76
2026-08-24T01:42:17,128.55,63.6
2026-08-24T01:42:18,126.74,61.82
2026-08-24T01:42:19,123.82,58.94
2026-08-24T01:42:20,122.11,57.26
2026-08-24T01:42:21,120.0,55.17
2026-08-24T01:42:22,119.1,54.28
2026-08-24T01:42:23,117.25,52.46
2026-08-24T01:42:24,116.86,52.08
2026-08-24T01:42:25,116.76,51.97
2026-08-24T01:42:26,116.74,51.96
2026-08-24T01:42:27,115.67,50.9
2026-08-24T01:42:28,114.82,50.07
2026-08-24T01:42:29,114.66,49.91
2026-08-24T01:42:30,114.72,49.97
2026-08-24T01:42:31,114.47,49.72
2026-08-24T01:42:32,114.41,49.66
2026-08-24T01:42:33,114.43,49.68
2026-08-24T01:42:34,114.57,49.82
2026-08-24T01:42:35,114.11,49.37
2026-08-24T01:42:36,114.01,49.27
2026-08-24T01:42:37,113.6,48.86
2026-08-24T01:42:38,113.88,49.14
2026-08-24T01:42:39,114.64,49.88
2026-08-24T01:42:40,113.86,49.12
2026-08-24T01:42:41,113.98,49.24
2026-08-24T01:42:42,113.73,48.99
2026-08-24T01:42:43,114.65,49.9
2026-08-24T01:42:44,113.97,49.23
2026-08-24T01:42:45,113.91,49.16
2026-08-24T01:42:46,113.56,48.82
2026-08-24T01:42:47,114.44,49.69
2026-08-24T01:42:48,113.43,48.7
2026-08-24T01:42:49,114.18,49.43
2026-08-24T01:42:50,114.4,49.65
2026-08-24T01:42:51,113.37,48.64
2026-08-24T01:42:52,113.8,49.06
2026-08-24T01:42:53,113.18,48.45
2026-08-24T01:42:54,113.94,49.2
2026-08-24T01:42:55,113.91,49.16
2026-08-24T01:42:56,114.45,49.7
2026-08-24T01:42:57,113.08,48.35
2026-08-24T01:42:58,113.57,48.84
2026-08-24T01:42:59,113.79,49.05
2026-08-24T01:43:00,113.86,49.12
2026-08-24T01:43:01,114.22,49.47
2026-08-24T01:43:02,113.66,48.92
2026-08-24T01:43:03,113.54,48.8
2026-08-24T01:43:04,114.13,49.39
2026-08-24T01:43:05,113.47,48.73
2026-08-24T01:43:06,114.13,49.39
2026-08-24T01:43:07,113.9,49.16
2026-08-24T01:43:08,114.1,49.36
2026-08-24T01:43:09,114.29,49.55
2026-08-24T01:43:10,114.17,49.42
2026-08-24T01:43:11,113.87,49.13
2026-08-24T01:43:12,113.26,48.52
2026-08-24T01:43:13,113.66,48.92
2026-08-24T01:43:14,114.18,49.44
2026-08-24T01:43:15,114.03,49.29
2026-08-24T01:43:16,113.52,48.79
2026-08-24T01:43:17,114.27,49.52
2026-08-24T01:43:18,114.5,49.75
2026-08-24T01:43:19,113.9,49.15
2026-08-24T01:43:20,113.62,48.88
2026-08-24T01:43:21,113.82,49.08
2026-08-24T01:43:22,113.9,49.16
2026-08-24T01:43:23,114.15,49.4
2026-08-24T01:43:24,114.26,49.51
2026-08-24T01:43:25,113.84,49.1
2026-08-24T01:43:26,114.1,49.35
2026-08-24T01:43:27,113.81,49.07
2026-08-24T01:43:28,113.76,49.02
2026-08-24T01:43:29,113.49,48.75
2026-08-24T01:43:30,114.34,49.6
2026-08-24T01:43:31,113.57,48.84
2026-08-24T01:43:32,114.14,49.39
2026-08-24T01:43:33,113.86,49.12
2026-08-24T01:43:34,114.02,49.27
2026-08-24T01:43:35,114.54,49.79
2026-08-24T01:43:36,114.13,49.39
2026-08-24T01:43:37,113.94,49.2
2026-08-24T01:43:38,113.97,49.23
2026-08-24T01:43:39,114.23,49.48
2026-08-24T01:43:40,113.55,48.81
2026-08-24T01:43:41,114.2,49.45
2026-08-24T01:43:42,113.97,49.23
2026-08-24T01:43:43,113.51,48.77
2026-08-24T01:43:44,113.93,49.19
2026-08-24T01:43:45,113.79,49.05
2026-08-24T01:43:46,114.14,49.39
2026-08-24T01:43:47,114.03,49.28
2026-08-24T01:43:48,113.99,49.25
2026-08-24T01:43:49,113.81,49.07
2026-08-24T01:43:50,114.24,49.5
2026-08-24T01:43:51,113.43,48.7
2026-08-24T01:43:52,113.81,49.07
2026-08-24T01:43:53,113.95,49.21
2026-08-24T01:43:54,114.68,49.92
2026-08-24T01:43:55,113.92,49.18
2026-08-24T01:43:56,114.14,49.39
2026-08-24T01:43:57,114.12,49.37
2026-08-24T01:43:58,113.33,48.59
2026-08-24T01:43:59,113.89,49.15
2026-08-24T01:44:00,113.97,49.23
2026-08-24T01:44:01,113.95,49.21
2026-08-24T01:44:02,113.99,49.25
2026-08-24T01:44:03,114.06,49.32
2026-08-24T01:44:04,114.02,49.28
2026-08-24T01:44:05,113.81,49.07
2026-08-24T01:44:06,113.96,49.22
2026-08-24T01:44:07,114.31,49.57
2026-08-24T01:44:08,114.4,49.65
2026-08-24T01:44:09,113.91,49.17
2026-08-24T01:44:10,114.09,49.34
2026-08-24T01:44:11,114.03,49.29
2026-08-24T01:44:12,113.71,48.97
2026-08-24T01:44:13,113.48,48.74
2026-08-24T01:44:14,114.21,49.47
2026-08-24T01:44:15,113.73,48.99
2026-08-24T01:44:16,113.71,48.97
2026-08-24T01:44:17,113.56,48.83
2026-08-24T01:44:18,114.42,49.67
2026-08-24T01:44:19,114.18,49.44
2026-08-24T01:44:20,114.19,49.45
2026-08-24T01:44:21,114.31,49.56
2026-08-24T01:44:22,114.72,49.97
2026-08-24T01:44:23,114.39,49.64
2026-08-24T01:44:24,114.73,49.98
2026-08-24T01:44:25,114.94,50.18
2026-08-24T01:44:26,114.39,49.64
2026-08-24T01:44:27,114.42,49.67
2026-08-24T01:44:28,114.3,49.55
2026-08-24T01:44:29,114.48,49.73
2026-08-24T01:44:30,115.55,50.79
2026-08-24T01:44:31,114.49,49.74
2026-08-24T01:44:32,114.15,49.4
2026-08-24T01:44:33,113.92,49.17
2026-08-24T01:44:34,114.19,49.44
2026-08-24T01:44:35,113.67,48.93
2026-08-24T01:44:36,114.07,49.32
2026-08-24T01:44:37,114.5,49.75
2026-08-24T01:44:38,113.9,49.16
2026-08-24T01:44:39,114.71,49.95
2026-08-24T01:44:40,114.07,49.32
2026-08-24T01:44:41,113.91,49.16
2026-08-24T01:44:42,114.04,49.3
2026-08-24T01:44:43,113.66,48.92
2026-08-24T01:44:44,114.3,49.55
2026-08-24T01:44:45,113.99,49.24
2026-08-24T01:44:46,113.62,48.89
2026-08-24T01:44:47,114.39,49.64
2026-08-24T01:44:48,114.25,49.5
2026-08-24T01:44:49,113.63,48.89
2026-08-24T01:44:50,113.76,49.02
2026-08-24T01:44:51,114.66,49.9
2026-08-24T01:44:52,114.18,49.43
2026-08-24T01:44:53,114.61,49.86
2026-08-24T01:44:54,113.69,48.95
2026-08-24T01:44:55,114.28,49.53
2026-08-24T01:44:56,114.26,49.51
2026-08-24T01:44:57,114.41,49.66
2026-08-24T01:44:58,114.04,49.29
2026-08-24T01:44:59,114.38,49.64
2026-08-24T01:45:00,114.08,49.33
2026-08-24T01:45:01,114.31,49.56
2026-08-24T01:45:02,114.57,49.82
2026-08-24T01:45:03,114.88,50.12
2026-08-24T01:45:04,115.56,50.79
2026-08-24T01:45:05,115.51,50.75
2026-08-24T01:45:06,114.81,50.06
2026-08-24T01:45:07,115.02,50.26
2026-08-24T01:45:08,114.86,50.11
2026-08-24T01:45:09,115.49,50.72
2026-08-24T01:45:10,114.74,49.98
2026-08-24T01:45:11,114.78,50.03
2026-08-24T01:45:12,114.76,50.0
2026-08-24T01:45:13,115.53,50.76
2026-08-24T01:45:14,115.04,50.28
2026-08-24T01:45:15,114.46,49.71
2026-08-24T01:45:16,114.76,50.0
2026-08-24T01:45:17,114.5,49.75
2026-08-24T01:45:18,116.06,51.29
2026-08-24T01:45:19,115.05,50.29
2026-08-24T01:45:20,115.23,50.47
2026-08-24T01:45:21,115.48,50.72
2026-08-24T01:45:22,114.86,50.1
2026-08-24T01:45:23,114.63,49.87
2026-08-24T01:45:24,114.08,49.34
2026-08-24T01:45:25,114.89,50.13
2026-08-24T01:45:26,114.89,50.13
2026-08-24T01:45:27,114.02,49.27
2026-08-24T01:45:28,114.2,49.45
2026-08-24T01:45:29,114.41,49.66
2026-08-24T01:45:30,114.37,49.62
2026-08-24T01:45:31,114.75,49.99
2026-08-24T01:45:32,113.67,48.93
2026-08-24T01:45:33,114.8,50.04
2026-08-24T01:45:34,114.64,49.89
2026-08-24T01:45:35,114.36,49.61
2026-08-24T01:45:36,115.53,50.76
2026-08-24T01:45:37,114.68,49.93
2026-08-24T01:45:38,115.75,50.98
2026-08-24T01:45:39,115.47,50.71
2026-08-24T01:45:40,115.42,50.65
2026-08-24T01:45:41,115.38,50.62
2026-08-24T01:45:42,114.39,49.64
2026-08-24T01:45:43,115.44,50.67
2026-08-24T01:45:44,115.11,50.35
2026-08-24T01:45:45,115.42,50.66
2026-08-24T01:45:46,114.76,50.0
2026-08-24T01:45:47,114.69,49.93
2026-08-24T01:45:48,115.15,50.39
2026-08-24T01:45:49,115.62,50.86
2026-08-24T01:45:50,115.09,50.33
2026-08-24T01:45:51,114.94,50.19
2026-08-24T01:45:52,114.55,49.8
2026-08-24T01:45:53,114.61,49.86
2026-08-24T01:45:54,113.9,49.15
2026-08-24T01:45:55,113.84,49.1
2026-08-24T01:45:56,113.63,48.9
2026-08-24T01:45:57,114.53,49.78
2026-08-24T01:45:58,113.71,48.97
2026-08-24T01:45:59,113.9,49.16
2026-08-24T01:46:00,113.72,48.98
2026-08-24T01:46:01,114.57,49.81
2026-08-24T01:46:02,114.14,49.39
2026-08-24T01:46:03,114.94,50.18
2026-08-24T01:46:04,114.48,49.73
2026-08-24T01:46:05,114.98,50.23
2026-08-24T01:46:06,114.8,50.05
2026-08-24T01:46:07,113.95,49.21
2026-08-24T01:46:08,114.34,49.59
2026-08-24T01:46:09,114.31,49.56
2026-08-24T01:46:10,114.07,49.33
2026-08-24T01:46:11,114.73,49.97
2026-08-24T01:46:12,114.43,49.68
2026-08-24T01:46:13,114.56,49.8
2026-08-24T01:46:14,114.79,50.04
2026-08-24T01:46:15,114.92,50.16
2026-08-24T01:46:16,114.4,49.65
2026-08-24T01:46:17,114.7,49.95
2026-08-24T01:46:18,114.8,50.04
2026-08-24T01:46:19,114.35,49.6
2026-08-24T01:46:20,114.24,49.49
2026-08-24T01:46:21,114.0,49.25
2026-08-24T01:46:22,114.64,49.88
2026-08-24T01:46:23,113.98,49.24
2026-08-24T01:46:24,114.12,49.37
2026-08-24T01:46:25,114.55,49.79
2026-08-24T01:46:26,114.45,49.7
2026-08-24T01:46:27,114.56,49.81
2026-08-24T01:46:28,114.7,49.95
2026-08-24T01:46:29,114.25,49.51
2026-08-24T01:46:30,114.35,49.6
2026-08-24T01:46:31,115.04,50.28
2026-08-24T01:46:32,115.03,50.27
2026-08-24T01:46:33,114.52,49.77
2026-08-24T01:46:34,114.78,50.02
2026-08-24T01:46:35,114.34,49.59
2026-08-24T01:46:36,114.53,49.78
2026-08-24T01:46:37,114.64,49.89
2026-08-24T01:46:38,114.04,49.3
2026-08-24T01:46:39,113.65,48.91
2026-08-24T01:46:40,114.19,49.45
2026-08-24T01:46:41,114.41,49.66
2026-08-24T01:46:42,115.15,50.39
2026-08-24T01:46:43,114.79,50.03
2026-08-24T01:46:44,113.96,49.22
2026-08-24T01:46:45,115.03,50.27
2026-08-24T01:46:46,114.73,49.98
2026-08-24T01:46:47,114.58,49.83
2026-08-24T01:46:48,114.66,49.91
2026-08-24T01:46:49,114.65,49.89
2026-08-24T01:46:50,114.38,49.64
2026-08-24T01:46:51,114.2,49.45
2026-08-24T01:46:52,114.47,49.72
2026-08-24T01:46:53,114.73,49.98
2026-08-24T01:46:54,114.03,49.28
2026-08-24T01:46:55,114.4,49.65
2026-08-24T01:46:56,114.48,49.73
2026-08-24T01:46:57,114.67,49.92
2026-08-24T01:46:58,114.61,49.86
2026-08-24T01:46:59,114.58,49.83
2026-08-24T01:47:00,114.48,49.73
2026-08-24T01:47:01,114.96,50.2
2026-08-24T01:47:02,114.47,49.72
2026-08-24T01:47:03,115.02,50.26
2026-08-24T01:47:04,115.34,50.57
2026-08-24T01:47:05,115.49,50.73
2026-08-24T01:47:06,115.34,50.57
2026-08-24T01:47:07,114.12,49.38
2026-08-24T01:47:08,114.11,49.37
2026-08-24T01:47:09,114.31,49.56
2026-08-24T01:47:10,114.1,49.35
2026-08-24T01:47:11,114.17,49.42
2026-08-24T01:47:12,115.07,50.31
2026-08-24T01:47:13,114.84,50.08
2026-08-24T01:47:14,114.91,50.15
2026-08-24T01:47:15,114.94,50.18
2026-08-24T01:47:16,114.58,49.83
2026-08-24T01:47:17,114.7,49.95
2026-08-24T01:47:18,115.22,50.46
2026-08-24T01:47:19,114.56,49.8
2026-08-24T01:47:20,114.6,49.84
2026-08-24T01:47:21,115.1,50.34
2026-08-24T01:47:22,114.8,50.04
2026-08-24T01:47:23,114.64,49.88
2026-08-24T01:47:24,114.63,49.88
2026-08-24T01:47:25,115.22,50.46
2026-08-24T01:47:26,115.12,50.36
2026-08-24T01:47:27,116.21,51.44
2026-08-24T01:47:28,118.45,53.65
2026-08-24T01:47:29,119.23,54.42
2026-08-24T01:47:30,122.78,57.92
2026-08-24T01:47:31,124.11,59.22
2026-08-24T01:47:32,125.92,61.0
2026-08-24T01:47:33,128.13,63.18
2026-08-24T01:47:34,127.24,62.3
2026-08-24T01:47:35,125.12,60.22
2026-08-24T01:47:36,121.44,56.59
2026-08-24T01:47:37,119.7,54.88
2026-08-24T01:47:38,118.84,54.03
2026-08-24T01:47:39,117.57,52.78
2026-08-24T01:47:40,116.92,52.13
2026-08-24T01:47:41,116.01,51.24
2026-08-24T01:47:42,116.1,51.32
2026-08-24T01:47:43,115.56,50.79
2026-08-24T01:47:44,114.79,50.03
2026-08-24T01:47:45,114.72,49.96
2026-08-24T01:47:46,114.87,50.11
2026-08-24T01:47:47,115.15,50.39
2026-08-24T01:47:48,115.11,50.35
2026-08-24T01:47:49,114.29,49.54
2026-08-24T01:47:50,114.51,49.75
2026-08-24T01:47:51,115.05,50.29
2026-08-24T01:47:52,114.56,49.81
2026-08-24T01:47:53,115.29,50.53
2026-08-24T01:47:54,115.24,50.48
2026-08-24T01:47:55,114.75,49.99
2026-08-24T01:47:56,115.15,50.39
2026-08-24T01:47:57,114.31,49.56
2026-08-24T01:47:58,114.66,49.91
2026-08-24T01:47:59,114.97,50.21
2026-08-24T01:48:00,114.7,49.95
2026-08-24T01:48:01,114.43,49.68
2026-08-24T01:48:02,115.05,50.29
2026-08-24T01:48:03,114.69,49.94
2026-08-24T01:48:04,115.0,50.24
2026-08-24T01:48:05,114.9,50.14
2026-08-24T01:48:06,114.82,50.06
2026-08-24T01:48:07,115.05,50.29
2026-08-24T01:48:08,114.67,49.91
2026-08-24T01:48:09,114.59,49.84
2026-08-24T01:48:10,114.99,50.23
2026-08-24T01:48:11,114.41,49.66
2026-08-24T01:48:12,114.52,49.77
2026-08-24T01:48:13,114.7,49.94
2026-08-24T01:48:14,114.73,49.98
2026-08-24T01:48:15,114.71,49.96
2026-08-24T01:48:16,115.42,50.65
2026-08-24T01:48:17,114.76,50.01
2026-08-24T01:48:18,114.88,50.12
2026-08-24T01:48:19,115.24,50.48
2026-08-24T01:48:20,115.06,50.3
2026-08-24T01:48:21,114.78,50.02
2026-08-24T01:48:22,115.12,50.36
2026-08-24T01:48:23,115.09,50.33
2026-08-24T01:48:24,114.79,50.03
2026-08-24T01:48:25,115.11,50.35
2026-08-24T01:48:26,114.99,50.23
2026-08-24T01:48:27,114.82,50.06
2026-08-24T01:48:28,115.51,50.74
2026-08-24T01:48:29,115.02,50.26
2026-08-24T01:48:30,115.03,50.27
2026-08-24T01:48:31,115.04,50.28
2026-08-24T01:48:32,115.03,50.27
2026-08-24T01:48:33,115.02,50.26
2026-08-24T01:48:34,115.24,50.48
2026-08-24T01:48:35,115.0,50.25
2026-08-24T01:48:36,114.54,49.79
2026-08-24T01:48:37,114.47,49.72
2026-08-24T01:48:38,114.45,49.7
2026-08-24T01:48:39,114.39,49.64
2026-08-24T01:48:40,114.87,50.12
2026-08-24T01:48:41,114.29,49.54
2026-08-24T01:48:42,114.63,49.87
2026-08-24T01:48:43,115.23,50.47
2026-08-24T01:48:44,115.03,50.27
2026-08-24T01:48:45,114.54,49.79
2026-08-24T01:48:46,114.93,50.18
2026-08-24T01:48:47,114.71,49.96
2026-08-24T01:48:48,114.95,50.19
2026-08-24T01:48:49,114.56,49.8
2026-08-24T01:48:50,115.39,50.63
2026-08-24T01:48:51,115.3,50.53
2026-08-24T01:48:52,114.96,50.21
2026-08-24T01:48:53,114.73,49.98
2026-08-24T01:48:54,114.65,49.89
2026-08-24T01:48:55,114.64,49.88
2026-08-24T01:48:56,115.04,50.28
2026-08-24T01:48:57,114.84,50.08
2026-08-24T01:48:58,114.86,50.1
2026-08-24T01:48:59,114.03,49.29
2026-08-24T01:49:00,115.2,50.44
2026-08-24T01:49:01,114.8,50.04
2026-08-24T01:49:02,114.75,50.0
2026-08-24T01:49:03,115.26,50.5
2026-08-24T01:49:04,115.05,50.29
2026-08-24T01:49:05,114.81,50.06
2026-08-24T01:49:06,114.51,49.76
2026-08-24T01:49:07,114.99,50.23
2026-08-24T01:49:08,114.97,50.22
2026-08-24T01:49:09,114.78,50.02
2026-08-24T01:49:10,115.26,50.5
2026-08-24T01:49:11,115.02,50.26
2026-08-24T01:49:12,115.14,50.38
2026-08-24T01:49:13,115.05,50.29
2026-08-24T01:49:14,114.83,50.08
2026-08-24T01:49:15,115.24,50.48
2026-08-24T01:49:16,114.63,49.88
2026-08-24T01:49:17,114.98,50.22
2026-08-24T01:49:18,114.99,50.23
2026-08-24T01:49:19,114.84,50.08
2026-08-24T01:49:20,115.1,50.34
2026-08-24T01:49:21,114.56,49.8
2026-08-24T01:49:22,114.74,49.99
2026-08-24T01:49:23,114.8,50.04
2026-08-24T01:49:24,114.05,49.31
2026-08-24T01:49:25,114.79,50.04
2026-08-24T01:49:26,114.09,49.34
2026-08-24T01:49:27,114.6,49.84
2026-08-24T01:49:28,114.97,50.22
2026-08-24T01:49:29,114.25,49.5
2026-08-24T01:49:30,114.72,49.97
2026-08-24T01:49:31,114.73,49.98
2026-08-24T01:49:32,114.54,49.79
2026-08-24T01:49:33,114.79,50.04
2026-08-24T01:49:34,115.28,50.51
2026-08-24T01:49:35,115.52,50.75
2026-08-24T01:49:36,114.98,50.22
2026-08-24T01:49:37,115.16,50.4
2026-08-24T01:49:38,115.08,50.32
2026-08-24T01:49:39,114.78,50.03
2026-08-24T01:49:40,114.55,49.8
2026-08-24T01:49:41,113.97,49.23
2026-08-24T01:49:42,113.9,49.16
2026-08-24T01:49:43,114.16,49.41
2026-08-24T01:49:44,114.56,49.81
2026-08-24T01:49:45,113.84,49.1
2026-08-24T01:49:46,113.31,48.58
2026-08-24T01:49:47,113.96,49.21
2026-08-24T01:49:48,114.4,49.65
2026-08-24T01:49:49,113.53,48.8
2026-08-24T01:49:50,113.47,48.73
2026-08-24T01:49:51,114.0,49.26
2026-08-24T01:49:52,114.03,49.29
2026-08-24T01:49:53,113.49,48.76
2026-08-24T01:49:54,114.04,49.3
2026-08-24T01:49:55,114.36,49.62
2026-08-24T01:49:56,114.19,49.44
2026-08-24T01:49:57,114.0,49.26
2026-08-24T01:49:58,113.11,48.38
2026-08-24T01:49:59,113.68,48.94
2026-08-24T01:50:00,114.01,49.26
2026-08-24T01:50:01,113.81,49.07
2026-08-24T01:50:02,113.74,49.0
2026-08-24T01:50:03,113.89,49.14
2026-08-24T01:50:04,113.86,49.12
2026-08-24T01:50:05,113.83,49.09
2026-08-24T01:50:06,114.24,49.49
2026-08-24T01:50:07,114.06,49.32
2026-08-24T01:50:08,114.19,49.44
2026-08-24T01:50:09,113.5,48.77
2026-08-24T01:50:10,114.26,49.51
2026-08-24T01:50:11,113.96,49.22
2026-08-24T01:50:12,113.87,49.13
2026-08-24T01:50:13,113.71,48.97
2026-08-24T01:50:14,113.57,48.83
2026-08-24T01:50:15,114.05,49.3
2026-08-24T01:50:16,114.14,49.39
2026-08-24T01:50:17,113.97,49.23
2026-08-24T01:50:18,113.5,48.76
2026-08-24T01:50:19,113.87,49.13
2026-08-24T01:50:20,114.11,49.36
2026-08-24T01:50:21,113.26,48.53
2026-08-24T01:50:22,113.37,48.63
2026-08-24T01:50:23,113.81,49.07
2026-08-24T01:50:24,113.91,49.16
2026-08-24T01:50:25,113.18,48.45
2026-08-24T01:50:26,114.09,49.34
2026-08-24T01:50:27,114.0,49.26
2026-08-24T01:50:28,114.3,49.55
2026-08-24T01:50:29,113.87,49.13
2026-08-24T01:50:30,114.75,49.99
2026-08-24T01:50:31,114.38,49.63
2026-08-24T01:50:32,114.26,49.51
2026-08-24T01:50:33,115.2,50.44
2026-08-24T01:50:34,115.36,50.6
2026-08-24T01:50:35,116.3,51.53
2026-08-24T01:50:36,116.83,52.05
2026-08-24T01:50:37,118.06,53.26
2026-08-24T01:50:38,121.07,56.22
2026-08-24T01:50:39,122.28,57.41
2026-08-24T01:50:40,124.19,59.3
2026-08-24T01:50:41,125.23,60.33
2026-08-24T01:50:42,124.01,59.13
2026-08-24T01:50:43,124.17,59.29
2026-08-24T01:50:44,120.38,55.55
2026-08-24T01:50:45,119.02,54.21
2026-08-24T01:50:46,117.24,52.45
2026-08-24T01:50:47,115.5,50.74
2026-08-24T01:50:48,115.09,50.33
2026-08-24T01:50:49,114.79,50.03
2026-08-24T01:50:50,114.68,49.93
2026-08-24T01:50:51,114.16,49.41
2026-08-24T01:50:52,114.64,49.89
2026-08-24T01:50:53,114.32,49.57
2026-08-24T01:50:54,114.29,49.54
2026-08-24T01:50:55,113.6,48.86
2026-08-24T01:50:56,113.45,48.72
2026-08-24T01:50:57,113.59,48.85
2026-08-24T01:50:58,113.64,48.91
2026-08-24T01:50:59,113.58,48.84
2026-08-24T01:51:00,114.37,49.62
2026-08-24T01:51:01,114.09,49.35
2026-08-24T01:51:02,114.2,49.45
2026-08-24T01:51:03,114.12,49.37
2026-08-24T01:51:04,114.18,49.43
2026-08-24T01:51:05,114.01,49.26
2026-08-24T01:51:06,114.29,49.54
2026-08-24T01:51:07,113.71,48.97
2026-08-24T01:51:08,114.19,49.44
2026-08-24T01:51:09,114.36,49.61
2026-08-24T01:51:10,114.04,49.29
2026-08-24T01:51:11,113.77,49.03
2026-08-24T01:51:12,114.09,49.35
2026-08-24T01:51:13,114.18,49.44
2026-08-24T01:51:14,114.38,49.63
2026-08-24T01:51:15,114.47,49.72
2026-08-24T01:51:16,114.24,49.49
2026-08-24T01:51:17,114.07,49.33
2026-08-24T01:51:18,114.09,49.34
2026-08-24T01:51:19,114.13,49.38
2026-08-24T01:51:20,114.47,49.72
2026-08-24T01:51:21,114.19,49.44
2026-08-24T01:51:22,114.19,49.45
2026-08-24T01:51:23,113.54,48.8
2026-08-24T01:51:24,113.98,49.24
2026-08-24T01:51:25,114.02,49.28
2026-08-24T01:51:26,113.77,49.03
2026-08-24T01:51:27,113.95,49.21
2026-08-24T01:51:28,114.31,49.57
2026-08-24T01:51:29,114.2,49.45
2026-08-24T01:51:30,113.35,48.62
2026-08-24T01:51:31,114.04,49.29
2026-08-24T01:51:32,114.13,49.39
2026-08-24T01:51:33,114.06,49.32
2026-08-24T01:51:34,114.23,49.48
2026-08-24T01:51:35,113.84,49.1
2026-08-24T01:51:36,113.64,48.91
2026-08-24T01:51:37,114.42,49.67
2026-08-24T01:51:38,113.72,48.98
2026-08-24T01:51:39,113.48,48.75
2026-08-24T01:51:40,114.04,49.3
2026-08-24T01:51:41,113.45,48.72
2026-08-24T01:51:42,113.91,49.16
2026-08-24T01:51:43,114.19,49.44
2026-08-24T01:51:44,113.53,48.79
2026-08-24T01:51:45,114.52,49.77
2026-08-24T01:51:46,113.98,49.24
2026-08-24T01:51:47,113.42,48.69
2026-08-24T01:51:48,113.65,48.91
2026-08-24T01:51:49,113.94,49.19
2026-08-24T01:51:50,114.16,49.41
2026-08-24T01:51:51,114.03,49.29
2026-08-24T01:51:52,113.79,49.05
2026-08-24T01:51:53,113.94,49.2
2026-08-24T01:51:54,113.77,49.03
2026-08-24T01:51:55,113.82,49.08
2026-08-24T01:51:56,113.74,49.0
2026-08-24T01:51:57,114.05,49.3
2026-08-24T01:51:58,113.65,48.91
2026-08-24T01:51:59,114.4,49.65
2026-08-24T01:52:00,114.12,49.37
2026-08-24T01:52:01,113.29,48.56
2026-08-24T01:52:02,113.42,48.69
2026-08-24T01:52:03,113.53,48.8
2026-08-24T01:52:04,114.04,49.3
2026-08-24T01:52:05,114.2,49.45
2026-08-24T01:52:06,114.1,49.35
2026-08-24T01:52:07,113.73,48.99
2026-08-24T01:52:08,114.01,49.27
2026-08-24T01:52:09,113.94,49.19
2026-08-24T01:52:10,113.31,48.57
2026-08-24T01:52:11,114.25,49.5
2026-08-24T01:52:12,113.97,49.22
2026-08-24T01:52:13,114.18,49.43
2026-08-24T01:52:14,114.73,49.97
2026-08-24T01:52:15,114.32,49.57
2026-08-24T01:52:16,114.5,49.75
2026-08-24T01:52:17,115.03,50.27
2026-08-24T01:52:18,114.46,49.71
2026-08-24T01:52:19,114.36,49.61
2026-08-24T01:52:20,114.66,49.9
2026-08-24T01:52:21,114.16,49.41
2026-08-24T01:52:22,114.15,49.41
2026-08-24T01:52:23,115.0,50.25
2026-08-24T01:52:24,114.12,49.37
2026-08-24T01:52:25,114.25,49.51
2026-08-24T01:52:26,113.73,48.99
2026-08-24T01:52:27,113.56,48.82
2026-08-24T01:52:28,113.62,48.88
2026-08-24T01:52:29,113.48,48.75
2026-08-24T01:52:30,113.99,49.25
2026-08-24T01:52:31,113.46,48.72
2026-08-24T01:52:32,113.97,49.23
2026-08-24T01:52:33,113.83,49.09
2026-08-24T01:52:34,113.99,49.25
2026-08-24T01:52:35,113.74,49.0
2026-08-24T01:52:36,114.21,49.47
2026-08-24T01:52:37,113.35,48.62
2026-08-24T01:52:38,113.37,48.64
2026-08-24T01:52:39,113.78,49.04
2026-08-24T01:52:40,114.09,49.34
2026-08-24T01:52:41,113.79,49.05
2026-08-24T01:52:42,113.63,48.89
2026-08-24T01:52:43,114.06,49.32
2026-08-24T01:52:44,113.53,48.79
2026-08-24T01:52:45,113.47,48.73
2026-08-24T01:52:46,114.0,49.26
2026-08-24T01:52:47,114.17,49.43
2026-08-24T01:52:48,113.77,49.03
2026-08-24T01:52:49,114.15,49.4
2026-08-24T01:52:50,113.79,49.05
2026-08-24T01:52:51,114.04,49.3
2026-08-24T01:52:52,113.99,49.24
2026-08-24T01:52:53,113.61,48.87
2026-08-24T01:52:54,114.15,49.41
2026-08-24T01:52:55,113.93,49.19
2026-08-24T01:52:56,114.26,49.52
2026-08-24T01:52:57,113.88,49.13
2026-08-24T01:52:58,113.77,49.03
2026-08-24T01:52:59,114.1,49.36
2026-08-24T01:53:00,113.66,48.92
2026-08-24T01:53:01,114.09,49.35
2026-08-24T01:53:02,113.55,48.82
2026-08-24T01:53:03,114.01,49.26
2026-08-24T01:53:04,113.67,48.93
2026-08-24T01:53:05,114.45,49.7
2026-08-24T01:53:06,114.13,49.38
2026-08-24T01:53:07,114.09,49.34
2026-08-24T01:53:08,114.35,49.6
2026-08-24T01:53:09,113.84,49.1
2026-08-24T01:53:10,114.31,49.56
2026-08-24T01:53:11,113.69,48.95
2026-08-24T01:53:12,113.77,49.03
2026-08-24T01:53:13,114.78,50.02
2026-08-24T01:53:14,113.44,48.7
2026-08-24T01:53:15,113.79,49.05
2026-08-24T01:53:16,113.69,48.95
2026-08-24T01:53:17,113.44,48.7
2026-08-24T01:53:18,113.81,49.07
2026-08-24T01:53:19,113.4,48.66
2026-08-24T01:53:20,114.34,49.59
2026-08-24T01:53:21,113.49,48.75
2026-08-24T01:53:22,113.65,48.91
2026-08-24T01:53:23,113.85,49.11
2026-08-24T01:53:24,114.19,49.45
2026-08-24T01:53:25,114.41,49.66
2026-08-24T01:53:26,113.74,49.0
2026-08-24T01:53:27,114.2,49.45
2026-08-24T01:53:28,114.37,49.62
2026-08-24T01:53:29,113.87,49.13
2026-08-24T01:53:30,114.04,49.29
2026-08-24T01:53:31,114.04,49.3
2026-08-24T01:53:32,113.68,48.94
2026-08-24T01:53:33,114.01,49.27
2026-08-24T01:53:34,113.89,49.15
2026-08-24T01:53:35,113.95,49.21
2026-08-24T01:53:36,114.44,49.69
2026-08-24T01:53:37,113.41,48.68
2026-08-24T01:53:38,113.9,49.16
2026-08-24T01:53:39,114.01,49.26
2026-08-24T01:53:40,113.55,48.81
2026-08-24T01:53:41,113.93,49.19
2026-08-24T01:53:42,114.41,49.66
2026-08-24T01:53:43,113.77,49.03
2026-08-24T01:53:44,114.41,49.66
2026-08-24T01:53:45,113.84,49.1
2026-08-24T01:53:46,114.29,49.54
2026-08-24T01:53:47,114.06,49.32
2026-08-24T01:53:48,114.14,49.39
2026-08-24T01:53:49,114.29,49.54
2026-08-24T01:53:50,114.32,49.57
2026-08-24T01:53:51,114.54,49.79
2026-08-24T01:53:52,114.39,49.65
2026-08-24T01:53:53,115.07,50.31
2026-08-24T01:53:54,115.22,50.46
2026-08-24T01:53:55,114.62,49.87
2026-08-24T01:53:56,114.34,49.59
2026-08-24T01:53:57,115.6,50.83
2026-08-24T01:53:58,115.51,50.74
2026-08-24T01:53:59,115.34,50.58
2026-08-24T01:54:00,115.22,50.46
2026-08-24T01:54:01,115.16,50.4
2026-08-24T01:54:02,115.73,50.96
2026-08-24T01:54:03,115.28,50.52
2026-08-24T01:54:04,114.87,50.12
2026-08-24T01:54:05,114.8,50.04
2026-08-24T01:54:06,114.88,50.12
2026-08-24T01:54:07,115.4,50.64
2026-08-24T01:54:08,114.5,49.75
2026-08-24T01:54:09,114.39,49.65
2026-08-24T01:54:10,115.13,50.37
2026-08-24T01:54:11,115.33,50.56
2026-08-24T01:54:12,114.7,49.95
2026-08-24T01:54:13,114.97,50.21
2026-08-24T01:54:14,114.92,50.16
2026-08-24T01:54:15,114.61,49.86
2026-08-24T01:54:16,114.15,49.41
2026-08-24T01:54:17,114.5,49.74
2026-08-24T01:54:18,115.05,50.29
2026-08-24T01:54:19,115.31,50.55
2026-08-24T01:54:20,115.73,50.96
2026-08-24T01:54:21,115.59,50.82
2026-08-24T01:54:22,114.88,50.13
2026-08-24T01:54:23,116.16,51.39
2026-08-24T01:54:24,115.04,50.29
2026-08-24T01:54:25,114.56,49.81
2026-08-24T01:54:26,114.96,50.2
2026-08-24T01:54:27,115.97,51.2
2026-08-24T01:54:28,115.12,50.36
2026-08-24T01:54:29,115.52,50.76
2026-08-24T01:54:30,115.34,50.58
2026-08-24T01:54:31,114.31,49.56
2026-08-24T01:54:32,114.74,49.99
2026-08-24T01:54:33,114.36,49.61
2026-08-24T01:54:34,114.42,49.67
2026-08-24T01:54:35,114.95,50.19
2026-08-24T01:54:36,114.5,49.75
2026-08-24T01:54:37,114.32,49.58
2026-08-24T01:54:38,114.5,49.75
2026-08-24T01:54:39,114.4,49.65
2026-08-24T01:54:40,114.88,50.12
2026-08-24T01:54:41,114.48,49.73
2026-08-24T01:54:42,114.72,49.96
2026-08-24T01:54:43,114.2,49.46
2026-08-24T01:54:44,114.2,49.46
2026-08-24T01:54:45,114.48,49.73
2026-08-24T01:54:46,114.32,49.58
2026-08-24T01:54:47,114.48,49.73
2026-08-24T01:54:48,114.34,49.59
2026-08-24T01:54:49,114.15,49.4
2026-08-24T01:54:50,114.7,49.94
2026-08-24T01:54:51,115.17,50.41
2026-08-24T01:54:52,114.28,49.53
2026-08-24T01:54:53,114.71,49.95
2026-08-24T01:54:54,114.72,49.96
2026-08-24T01:54:55,114.79,50.03
2026-08-24T01:54:56,114.77,50.01
2026-08-24T01:54:57,113.76,49.02
2026-08-24T01:54:58,115.19,50.43
2026-08-24T01:54:59,114.22,49.48
2026-08-24T01:55:00,114.65,49.9
2026-08-24T01:55:01,114.45,49.7
2026-08-24T01:55:02,114.07,49.33
2026-08-24T01:55:03,113.79,49.05
2026-08-24T01:55:04,114.06,49.32
2026-08-24T01:55:05,114.69,49.94
2026-08-24T01:55:06,114.45,49.7
2026-08-24T01:55:07,114.64,49.88
2026-08-24T01:55:08,113.94,49.2
2026-08-24T01:55:09,114.21,49.46
2026-08-24T01:55:10,114.47,49.72
2026-08-24T01:55:11,113.86,49.12
2026-08-24T01:55:12,113.77,49.03
2026-08-24T01:55:13,113.9,49.16
2026-08-24T01:55:14,113.71,48.97
2026-08-24T01:55:15,113.71,48.97
2026-08-24T01:55:16,113.81,49.07
2026-08-24T01:55:17,114.2,49.45
2026-08-24T01:55:18,113.64,48.9
2026-08-24T01:55:19,113.81,49.07
2026-08-24T01:55:20,114.04,49.3
2026-08-24T01:55:21,113.48,48.74
2026-08-24T01:55:22,114.0,49.25
2026-08-24T01:55:23,113.95,49.21
2026-08-24T01:55:24,113.2,48.47
2026-08-24T01:55:25,114.04,49.3
2026-08-24T01:55:26,113.72,48.98
2026-08-24T01:55:27,113.56,48.82
2026-08-24T01:55:28,114.08,49.34
2026-08-24T01:55:29,114.51,49.76
2026-08-24T01:55:30,113.94,49.2
2026-08-24T01:55:31,113.5,48.77
2026-08-24T01:55:32,114.76,50.01
2026-08-24T01:55:33,114.04,49.3
2026-08-24T01:55:34,114.04,49.3
2026-08-24T01:55:35,113.83,49.09
2026-08-24T01:55:36,114.16,49.41
2026-08-24T01:55:37,114.16,49.42
2026-08-24T01:55:38,114.16,49.41
2026-08-24T01:55:39,114.37,49.62
2026-08-24T01:55:40,114.36,49.61
2026-08-24T01:55:41,114.74,49.99
2026-08-24T01:55:42,114.9,50.14
2026-08-24T01:55:43,114.74,49.98
2026-08-24T01:55:44,114.65,49.89
2026-08-24T01:55:45,114.02,49.28
2026-08-24T01:55:46,114.42,49.67
2026-08-24T01:55:47,114.76,50.0
2026-08-24T01:55:48,115.62,50.85
2026-08-24T01:55:49,115.0,50.25
2026-08-24T01:55:50,115.39,50.63
2026-08-24T01:55:51,114.78,50.03
2026-08-24T01:55:52,114.75,50.0
2026-08-24T01:55:53,114.48,49.72
2026-08-24T01:55:54,114.65,49.9
2026-08-24T01:55:55,114.28,49.53
2026-08-24T01:55:56,114.33,49.59
2026-08-24T01:55:57,114.16,49.42
2026-08-24T01:55:58,114.65,49.89
2026-08-24T01:55:59,113.95,49.21
2026-08-24T01:56:00,114.65,49.9
2026-08-24T01:56:01,114.38,49.63
2026-08-24T01:56:02,114.36,49.61
2026-08-24T01:56:03,114.27,49.52
2026-08-24T01:56:04,114.49,49.74
2026-08-24T01:56:05,114.33,49.59
2026-08-24T01:56:06,115.44,50.67
2026-08-24T01:56:07,114.03,49.29
2026-08-24T01:56:08,114.22,49.47
2026-08-24T01:56:09,114.45,49.7
2026-08-24T01:56:10,114.07,49.32
2026-08-24T01:56:11,113.97,49.22
2026-08-24T01:56:12,113.8,49.06
2026-08-24T01:56:13,113.95,49.2
2026-08-24T01:56:14,114.27,49.52
2026-08-24T01:56:15,114.07,49.32
2026-08-24T01:56:16,114.29,49.54
2026-08-24T01:56:17,113.4,48.66
2026-08-24T01:56:18,114.45,49.7
2026-08-24T01:56:19,114.35,49.6
2026-08-24T01:56:20,113.9,49.16
2026-08-24T01:56:21,114.12,49.38
2026-08-24T01:56:22,113.96,49.21
2026-08-24T01:56:23,113.37,48.63
2026-08-24T01:56:24,114.26,49.51
2026-08-24T01:56:25,114.1,49.35
2026-08-24T01:56:26,114.5,49.75
2026-08-24T01:56:27,115.32,50.56
2026-08-24T01:56:28,114.75,49.99
2026-08-24T01:56:29,113.93,49.19
2026-08-24T01:56:30,114.96,50.2
2026-08-24T01:56:31,114.64,49.89
2026-08-24T01:56:32,114.6,49.84
2026-08-24T01:56:33,114.03,49.29
2026-08-24T01:56:34,114.07,49.32
2026-08-24T01:56:35,114.23,49.49
2026-08-24T01:56:36,114.43,49.68
2026-08-24T01:56:37,116.61,51.83
2026-08-24T01:56:38,114.36,49.61
2026-08-24T01:56:39,114.51,49.76
2026-08-24T01:56:40,114.25,49.5
2026-08-24T01:56:41,114.3,49.55
2026-08-24T01:56:42,114.49,49.74
2026-08-24T01:56:43,113.9,49.15
2026-08-24T01:56:44,114.1,49.35
2026-08-24T01:56:45,113.97,49.23
2026-08-24T01:56:46,114.25,49.5
2026-08-24T01:56:47,113.77,49.03
2026-08-24T01:56:48,113.66,48.92
2026-08-24T01:56:49,114.11,49.36
2026-08-24T01:56:50,114.7,49.94
2026-08-24T01:56:51,114.04,49.3
2026-08-24T01:56:52,113.97,49.22
2026-08-24T01:56:53,114.14,49.4
2026-08-24T01:56:54,114.3,49.55
2026-08-24T01:56:55,114.38,49.63
2026-08-24T01:56:56,114.3,49.55
2026-08-24T01:56:57,114.11,49.36
2026-08-24T01:56:58,114.3,49.55
2026-08-24T01:56:59,114.53,49.78
2026-08-24T01:57:00,114.9,50.14
2026-08-24T01:57:01,115.24,50.48
2026-08-24T01:57:02,114.89,50.13
2026-08-24T01:57:03,114.35,49.6
2026-08-24T01:57:04,114.93,50.18
2026-08-24T01:57:05,114.25,49.5
2026-08-24T01:57:06,113.98,49.23
2026-08-24T01:57:07,114.37,49.62
2026-08-24T01:57:08,114.67,49.92
2026-08-24T01:57:09,114.62,49.87
2026-08-24T01:57:10,115.59,50.82
2026-08-24T01:57:11,116.53,51.75
2026-08-24T01:57:12,114.49,49.74
2026-08-24T01:57:13,115.04,50.28
2026-08-24T01:57:14,115.02,50.27
2026-08-24T01:57:15,115.09,50.33
2026-08-24T01:57:16,114.46,49.71
2026-08-24T01:57:17,114.81,50.06
2026-08-24T01:57:18,114.76,50.01
2026-08-24T01:57:19,114.98,50.22
2026-08-24T01:57:20,115.37,50.61
2026-08-24T01:57:21,114.98,50.22
2026-08-24T01:57:22,114.81,50.06
2026-08-24T01:57:23,115.49,50.73
2026-08-24T01:57:24,115.29,50.53
2026-08-24T01:57:25,115.33,50.56
2026-08-24T01:57:26,114.96,50.21
2026-08-24T01:57:27,115.43,50.67
2026-08-24T01:57:28,115.22,50.46
2026-08-24T01:57:29,115.97,51.19
2026-08-24T01:57:30,115.73,50.97
2026-08-24T01:57:31,116.34,51.56
2026-08-24T01:57:32,116.13,51.36
2026-08-24T01:57:33,115.99,51.22
2026-08-24T01:57:34,116.01,51.23
2026-08-24T01:57:35,115.38,50.62
2026-08-24T01:57:36,116.19,51.41
2026-08-24T01:57:37,115.66,50.89
2026-08-24T01:57:38,115.81,51.04
2026-08-24T01:57:39,115.82,51.05
2026-08-24T01:57:40,115.1,50.34
2026-08-24T01:57:41,115.42,50.66
2026-08-24T01:57:42,115.0,50.24
2026-08-24T01:57:43,115.51,50.75
2026-08-24T01:57:44,115.76,50.99
2026-08-24T01:57:45,116.4,51.62
2026-08-24T01:57:46,115.85,51.08
2026-08-24T01:57:47,116.33,51.55
2026-08-24T01:57:48,116.34,51.57
2026-08-24T01:57:49,116.62,51.84
2026-08-24T01:57:50,116.63,51.85
2026-08-24T01:57:51,117.12,52.33
2026-08-24T01:57:52,117.53,52.74
2026-08-24T01:57:53,118.25,53.45
2026-08-24T01:57:54,119.18,54.36
2026-08-24T01:57:55,119.73,54.91
2026-08-24T01:57:56,120.56,55.72
2026-08-24T01:57:57,120.52,55.68
2026-08-24T01:57:58,121.36,56.51
2026-08-24T01:57:59,121.92,57.06
2026-08-24T01:58:00,123.89,59.01
2026-08-24T01:58:01,124.57,59.67
2026-08-24T01:58:02,125.19,60.29
2026-08-24T01:58:03,125.38,60.48
2026-08-24T01:58:04,125.5,60.6
2026-08-24T01:58:05,126.16,61.24
2026-08-24T01:58:06,125.96,61.04
2026-08-24T01:58:07,125.68,60.77
2026-08-24T01:58:08,125.55,60.64
2026-08-24T01:58:09,125.92,61.01
2026-08-24T01:58:10,125.9,60.99
2026-08-24T01:58:11,126.18,61.26
2026-08-24T01:58:12,125.39,60.48
2026-08-24T01:58:13,124.91,60.01
2026-08-24T01:58:14,125.14,60.24
2026-08-24T01:58:15,124.15,59.26
2026-08-24T01:58:16,123.45,58.57
2026-08-24T01:58:17,123.73,58.85
2026-08-24T01:58:18,121.69,56.83
2026-08-24T01:58:19,119.61,54.79
2026-08-24T01:58:20,118.9,54.09
2026-08-24T01:58:21,118.07,53.27
2026-08-24T01:58:22,117.14,52.35
2026-08-24T01:58:23,116.28,51.5
2026-08-24T01:58:24,116.51,51.73
2026-08-24T01:58:25,115.99,51.22
2026-08-24T01:58:26,116.28,51.5
2026-08-24T01:58:27,115.49,50.72
2026-08-24T01:58:28,117.1,52.31
2026-08-24T01:58:29,117.66,52.87
2026-08-24T01:58:30,117.41,52.61
2026-08-24T01:58:31,117.36,52.57
2026-08-24T01:58:32,118.04,53.24
2026-08-24T01:58:33,117.95,53.15
2026-08-24T01:58:34,117.18,52.39
2026-08-24T01:58:35,116.91,52.13
2026-08-24T01:58:36,116.76,51.98
2026-08-24T01:58:37,116.3,51.53
2026-08-24T01:58:38,116.29,51.51
2026-08-24T01:58:39,116.48,51.7
2026-08-24T01:58:40,116.16,51.38
2026-08-24T01:58:41,116.56,51.78
2026-08-24T01:58:42,115.98,51.2
2026-08-24T01:58:43,116.22,51.44
2026-08-24T01:58:44,116.09,51.32
2026-08-24T01:58:45,115.98,51.21
2026-08-24T01:58:46,116.23,51.45
2026-08-24T01:58:47,115.51,50.75
2026-08-24T01:58:48,115.36,50.6
2026-08-24T01:58:49,115.31,50.55
2026-08-24T01:58:50,115.57,50.8
2026-08-24T01:58:51,115.24,50.48
2026-08-24T01:58:52,115.67,50.9
2026-08-24T01:58:53,115.2,50.44
2026-08-24T01:58:54,114.92,50.16
2026-08-24T01:58:55,114.04,49.29
2026-08-24T01:58:56,114.56,49.81
2026-08-24T01:58:57,114.59,49.83
2026-08-24T01:58:58,114.22,49.47
2026-08-24T01:58:59,114.95,50.2
2026-08-24T01:59:00,114.98,50.23
2026-08-24T01:59:01,114.54,49.78
2026-08-24T01:59:02,114.76,50.0
2026-08-24T01:59:03,114.65,49.9
2026-08-24T01:59:04,114.52,49.77
2026-08-24T01:59:05,114.96,50.2
2026-08-24T01:59:06,115.29,50.53
2026-08-24T01:59:07,115.0,50.24
2026-08-24T01:59:08,115.62,50.86
2026-08-24T01:59:09,115.38,50.62
2026-08-24T01:59:10,116.87,52.09
2026-08-24T01:59:11,117.62,52.83
2026-08-24T01:59:12,116.85,52.06
2026-08-24T01:59:13,115.11,50.35
2026-08-24T01:59:14,115.44,50.67
2026-08-24T01:59:15,115.08,50.32
2026-08-24T01:59:16,115.08,50.32
2026-08-24T01:59:17,115.3,50.53
2026-08-24T01:59:18,114.72,49.96
2026-08-24T01:59:19,114.84,50.08
2026-08-24T01:59:20,115.47,50.71
2026-08-24T01:59:21,114.57,49.82
2026-08-24T01:59:22,114.93,50.18
2026-08-24T01:59:23,115.92,51.15
2026-08-24T01:59:24,116.99,52.2
2026-08-24T01:59:25,114.81,50.05
2026-08-24T01:59:26,114.17,49.43
2026-08-24T01:59:27,113.98,49.24
2026-08-24T01:59:28,114.2,49.46
2026-08-24T01:59:29,114.61,49.86
2026-08-24T01:59:30,114.04,49.29
2026-08-24T01:59:31,114.28,49.53
2026-08-24T01:59:32,114.3,49.56
2026-08-24T01:59:33,113.75,49.01
2026-08-24T01:59:34,113.9,49.16
2026-08-24T01:59:35,113.47,48.74
2026-08-24T01:59:36,113.58,48.85
2026-08-24T01:59:37,113.87,49.13
2026-08-24T01:59:38,114.33,49.58
2026-08-24T01:59:39,114.54,49.79
2026-08-24T01:59:40,114.16,49.41
2026-08-24T01:59:41,114.55,49.8
2026-08-24T01:59:42,113.95,49.21
2026-08-24T01:59:43,114.32,49.57
2026-08-24T01:59:44,114.15,49.4
2026-08-24T01:59:45,114.12,49.38
2026-08-24T01:59:46,113.82,49.08
2026-08-24T01:59:47,113.54,48.8
2026-08-24T01:59:48,113.87,49.13
2026-08-24T01:59:49,114.62,49.86
2026-08-24T01:59:50,114.19,49.45
2026-08-24T01:59:51,113.66,48.92
2026-08-24T01:59:52,114.06,49.32
2026-08-24T01:59:53,114.2,49.45
2026-08-24T01:59:54,113.72,48.98
2026-08-24T01:59:55,114.15,49.4
2026-08-24T01:59:56,113.92,49.18
2026-08-24T01:59:57,114.12,49.37
2026-08-24T01:59:58,113.67,48.93
2026-08-24T01:59:59,113.85,49.11
2026-08-24T02:00:00,113.9,49.16
2026-08-24T02:00:01,114.15,49.4
2026-08-24T02:00:02,114.42,49.67
2026-08-24T02:00:03,113.29,48.56
2026-08-24T02:00:04,113.67,48.93
2026-08-24T02:00:05,114.11,49.36
2026-08-24T02:00:06,113.97,49.22
2026-08-24T02:00:07,114.7,49.95
2026-08-24T02:00:08,114.17,49.42
2026-08-24T02:00:09,114.93,50.17
2026-08-24T02:00:10,114.41,49.66
2026-08-24T02:00:11,113.99,49.24
2026-08-24T02:00:12,114.23,49.48
2026-08-24T02:00:13,114.38,49.63
2026-08-24T02:00:14,114.35,49.6
2026-08-24T02:00:15,113.95,49.2
2026-08-24T02:00:16,113.73,48.99
2026-08-24T02:00:17,114.01,49.26
2026-08-24T02:00:18,114.17,49.43
2026-08-24T02:00:19,113.18,48.45
2026-08-24T02:00:20,114.03,49.29
2026-08-24T02:00:21,114.32,49.57
2026-08-24T02:00:22,113.68,48.94
2026-08-24T02:00:23,113.22,48.49
2026-08-24T02:00:24,113.83,49.09
2026-08-24T02:00:25,114.08,49.33
2026-08-24T02:00:26,113.59,48.85
2026-08-24T02:00:27,113.47,48.74
2026-08-24T02:00:28,113.93,49.19
2026-08-24T02:00:29,113.86,49.12
2026-08-24T02:00:30,113.74,49.0
2026-08-24T02:00:31,113.7,48.96
2026-08-24T02:00:32,114.52,49.77
2026-08-24T02:00:33,113.93,49.18
2026-08-24T02:00:34,113.48,48.74
2026-08-24T02:00:35,113.76,49.02
2026-08-24T02:00:36,113.51,48.78
2026-08-24T02:00:37,113.6,48.86
2026-08-24T02:00:38,114.18,49.44
2026-08-24T02:00:39,114.04,49.3
2026-08-24T02:00:40,114.19,49.44
2026-08-24T02:00:41,113.71,48.98
2026-08-24T02:00:42,114.0,49.25
2026-08-24T02:00:43,114.09,49.34
2026-08-24T02:00:44,114.17,49.43
2026-08-24T02:00:45,113.46,48.72
2026-08-24T02:00:46,114.34,49.6
2026-08-24T02:00:47,113.75,49.01
2026-08-24T02:00:48,114.06,49.32
2026-08-24T02:00:49,113.43,48.69
2026-08-24T02:00:50,113.8,49.06
2026-08-24T02:00:51,113.72,48.98
2026-08-24T02:00:52,114.07,49.32
2026-08-24T02:00:53,113.38,48.65
2026-08-24T02:00:54,113.87,49.13
2026-08-24T02:00:55,114.13,49.39
2026-08-24T02:00:56,113.94,49.2
2026-08-24T02:00:57,113.85,49.11
2026-08-24T02:00:58,113.54,48.8
2026-08-24T02:00:59,113.73,48.99
2026-08-24T02:01:00,113.69,48.95
2026-08-24T02:01:01,114.29,49.54
2026-08-24T02:01:02,113.86,49.12
2026-08-24T02:01:03,113.47,48.74
2026-08-24T02:01:04,113.87,49.13
2026-08-24T02:01:05,114.0,49.26
2026-08-24T02:01:06,113.84,49.1
2026-08-24T02:01:07,113.51,48.77
2026-08-24T02:01:08,114.0,49.25
2026-08-24T02:01:09,113.78,49.04
2026-08-24T02:01:10,113.82,49.08
2026-08-24T02:01:11,114.1,49.35
2026-08-24T02:01:12,113.93,49.19
2026-08-24T02:01:13,113.8,49.06
2026-08-24T02:01:14,114.13,49.38
2026-08-24T02:01:15,113.54,48.8
2026-08-24T02:01:16,113.47,48.73
2026-08-24T02:01:17,114.14,49.39
2026-08-24T02:01:18,114.39,49.64
2026-08-24T02:01:19,113.99,49.25
2026-08-24T02:01:20,113.89,49.15
2026-08-24T02:01:21,114.07,49.32
2026-08-24T02:01:22,114.19,49.45
2026-08-24T02:01:23,113.76,49.02
2026-08-24T02:01:24,113.79,49.05
2026-08-24T02:01:25,113.93,49.19
2026-08-24T02:01:26,113.44,48.7
2026-08-24T02:01:27,113.26,48.52
2026-08-24T02:01:28,113.57,48.83
2026-08-24T02:01:29,113.93,49.18
2026-08-24T02:01:30,114.05,49.3
2026-08-24T02:01:31,113.49,48.75
2026-08-24T02:01:32,114.34,49.59
2026-08-24T02:01:33,114.05,49.31
2026-08-24T02:01:34,115.18,50.42
2026-08-24T02:01:35,115.88,51.11
2026-08-24T02:01:36,115.01,50.26
2026-08-24T02:01:37,114.88,50.12
2026-08-24T02:01:38,115.28,50.52
2026-08-24T02:01:39,115.41,50.64
2026-08-24T02:01:40,115.73,50.96
2026-08-24T02:01:41,115.08,50.32
2026-08-24T02:01:42,114.97,50.21
2026-08-24T02:01:43,115.14,50.38
2026-08-24T02:01:44,114.82,50.06
2026-08-24T02:01:45,113.92,49.17
2026-08-24T02:01:46,114.41,49.66
2026-08-24T02:01:47,114.8,50.05
2026-08-24T02:01:48,115.18,50.42
2026-08-24T02:01:49,114.37,49.62
2026-08-24T02:01:50,114.89,50.13
2026-08-24T02:01:51,115.06,50.31
2026-08-24T02:01:52,114.94,50.18
2026-08-24T02:01:53,115.2,50.44
2026-08-24T02:01:54,115.04,50.28
2026-08-24T02:01:55,115.31,50.55
2026-08-24T02:01:56,115.57,50.81
2026-08-24T02:01:57,116.5,51.72
2026-08-24T02:01:58,116.71,51.93
2026-08-24T02:01:59,117.59,52.8
2026-08-24T02:02:00,117.56,52.76
2026-08-24T02:02:01,115.73,50.96
2026-08-24T02:02:02,116.0,51.23
2026-08-24T02:02:03,114.98,50.22
2026-08-24T02:02:04,116.18,51.4
2026-08-24T02:02:05,116.31,51.53
2026-08-24T02:02:06,115.23,50.47
2026-08-24T02:02:07,115.07,50.31
2026-08-24T02:02:08,114.56,49.81
2026-08-24T02:02:09,114.87,50.12
2026-08-24T02:02:10,115.36,50.6
2026-08-24T02:02:11,115.04,50.29
2026-08-24T02:02:12,115.28,50.51
2026-08-24T02:02:13,115.77,51.0
2026-08-24T02:02:14,114.61,49.86
2026-08-24T02:02:15,114.16,49.42
2026-08-24T02:02:16,115.55,50.79
2026-08-24T02:02:17,116.67,51.89
2026-08-24T02:02:18,114.99,50.23
2026-08-24T02:02:19,117.05,52.27
2026-08-24T02:02:20,114.63,49.88
2026-08-24T02:02:21,115.94,51.16
2026-08-24T02:02:22,116.21,51.43
2026-08-24T02:02:23,114.35,49.6
2026-08-24T02:02:24,115.02,50.27
2026-08-24T02:02:25,115.4,50.64
2026-08-24T02:02:26,114.96,50.21
2026-08-24T02:02:27,114.2,49.45
2026-08-24T02:02:28,114.64,49.88
2026-08-24T02:02:29,114.46,49.71
2026-08-24T02:02:30,113.94,49.19
2026-08-24T02:02:31,114.36,49.61
2026-08-24T02:02:32,114.8,50.04
2026-08-24T02:02:33,114.04,49.3
2026-08-24T02:02:34,114.04,49.3
2026-08-24T02:02:35,113.77,49.03
2026-08-24T02:02:36,114.21,49.46
2026-08-24T02:02:37,114.2,49.46
2026-08-24T02:02:38,114.39,49.64
2026-08-24T02:02:39,113.51,48.77
2026-08-24T02:02:40,114.02,49.28
2026-08-24T02:02:41,113.95,49.21
2026-08-24T02:02:42,113.83,49.09
2026-08-24T02:02:43,113.91,49.17
2026-08-24T02:02:44,114.03,49.28
2026-08-24T02:02:45,114.06,49.31
2026-08-24T02:02:46,113.34,48.6
2026-08-24T02:02:47,113.52,48.78
2026-08-24T02:02:48,113.71,48.98
2026-08-24T02:02:49,114.3,49.55
2026-08-24T02:02:50,114.15,49.4
2026-08-24T02:02:51,114.84,50.09
2026-08-24T02:02:52,113.82,49.08
2026-08-24T02:02:53,113.79,49.05
2026-08-24T02:02:54,113.74,49.0
2026-08-24T02:02:55,114.5,49.75
2026-08-24T02:02:56,114.06,49.31
2026-08-24T02:02:57,114.16,49.41
2026-08-24T02:02:58,113.48,48.74
2026-08-24T02:02:59,113.85,49.11
2026-08-24T02:03:00,113.45,48.71
2026-08-24T02:03:01,114.07,49.33
2026-08-24T02:03:02,113.97,49.23
2026-08-24T02:03:03,114.4,49.65
2026-08-24T02:03:04,114.01,49.27
2026-08-24T02:03:05,113.81,49.07
2026-08-24T02:03:06,114.07,49.33
2026-08-24T02:03:07,114.32,49.58
2026-08-24T02:03:08,113.92,49.17
2026-08-24T02:03:09,113.12,48.39
2026-08-24T02:03:10,113.83,49.08
2026-08-24T02:03:11,113.89,49.15
2026-08-24T02:03:12,114.32,49.57
2026-08-24T02:03:13,113.88,49.14
2026-08-24T02:03:14,114.05,49.31
2026-08-24T02:03:15,114.57,49.82
2026-08-24T02:03:16,113.9,49.16
2026-08-24T02:03:17,113.66,48.92
2026-08-24T02:03:18,113.24,48.51
2026-08-24T02:03:19,113.23,48.5
2026-08-24T02:03:20,113.87,49.12
2026-08-24T02:03:21,114.57,49.82
2026-08-24T02:03:22,113.97,49.23
2026-08-24T02:03:23,114.12,49.37
2026-08-24T02:03:24,113.91,49.17
2026-08-24T02:03:25,114.44,49.69
2026-08-24T02:03:26,113.6,48.86
2026-08-24T02:03:27,113.78,49.04
2026-08-24T02:03:28,113.68,48.94
2026-08-24T02:03:29,113.94,49.19
2026-08-24T02:03:30,113.91,49.17
2026-08-24T02:03:31,114.11,49.37
2026-08-24T02:03:32,113.35,48.61
2026-08-24T02:03:33,114.07,49.33
2026-08-24T02:03:34,113.93,49.19
2026-08-24T02:03:35,113.79,49.05
2026-08-24T02:03:36,113.05,48.32
2026-08-24T02:03:37,114.06,49.31
2026-08-24T02:03:38,114.18,49.43
2026-08-24T02:03:39,113.55,48.81
2026-08-24T02:03:40,113.98,49.23
2026-08-24T02:03:41,113.65,48.92
2026-08-24T02:03:42,113.05,48.32
2026-08-24T02:03:43,114.0,49.26
2026-08-24T02:03:44,113.55,48.81
2026-08-24T02:03:45,114.13,49.39
2026-08-24T02:03:46,113.86,49.12
2026-08-24T02:03:47,114.01,49.27
2026-08-24T02:03:48,113.36,48.63
2026-08-24T02:03:49,113.69,48.95
2026-08-24T02:03:50,113.7,48.96
2026-08-24T02:03:51,113.51,48.77
2026-08-24T02:03:52,113.55,48.81
2026-08-24T02:03:53,113.43,48.7
2026-08-24T02:03:54,113.39,48.65
2026-08-24T02:03:55,113.29,48.55
2026-08-24T02:03:56,113.96,49.22
2026-08-24T02:03:57,113.76,49.02
2026-08-24T02:03:58,113.62,48.88
2026-08-24T02:03:59,113.13,48.39
2026-08-24T02:04:00,113.84,49.09
2026-08-24T02:04:01,114.29,49.54
2026-08-24T02:04:02,113.72,48.98
2026-08-24T02:04:03,113.94,49.2
2026-08-24T02:04:04,113.56,48.82
2026-08-24T02:04:05,113.46,48.73
2026-08-24T02:04:06,113.58,48.85
2026-08-24T02:04:07,113.22,48.48
2026-08-24T02:04:08,113.9,49.16
2026-08-24T02:04:09,114.08,49.34
2026-08-24T02:04:10,113.8,49.06
2026-08-24T02:04:11,113.53,48.79
2026-08-24T02:04:12,114.24,49.5
2026-08-24T02:04:13,114.09,49.35
2026-08-24T02:04:14,113.36,48.63
2026-08-24T02:04:15,113.23,48.49
2026-08-24T02:04:16,113.82,49.07
2026-08-24T02:04:17,113.74,49.0
2026-08-24T02:04:18,113.89,49.15
2026-08-24T02:04:19,113.49,48.75
2026-08-24T02:04:20,114.14,49.4
2026-08-24T02:04:21,113.62,48.88
2026-08-24T02:04:22,114.27,49.52
2026-08-24T02:04:23,113.48,48.75
2026-08-24T02:04:24,113.88,49.13
2026-08-24T02:04:25,113.78,49.04
2026-08-24T02:04:26,113.46,48.72
2026-08-24T02:04:27,113.7,48.96
2026-08-24T02:04:28,113.39,48.65
2026-08-24T02:04:29,113.75,49.01
2026-08-24T02:04:30,114.17,49.42
2026-08-24T02:04:31,113.4,48.66
2026-08-24T02:04:32,114.22,49.47
2026-08-24T02:04:33,113.65,48.91
2026-08-24T02:04:34,114.13,49.38
2026-08-24T02:04:35,114.47,49.72
2026-08-24T02:04:36,114.34,49.59
2026-08-24T02:04:37,113.63,48.89
2026-08-24T02:04:38,114.0,49.25
2026-08-24T02:04:39,113.2,48.47
2026-08-24T02:04:40,113.88,49.14
2026-08-24T02:04:41,114.21,49.47
2026-08-24T02:04:42,114.25,49.51
2026-08-24T02:04:43,113.54,48.8
2026-08-24T02:04:44,113.6,48.87
2026-08-24T02:04:45,113.72,48.98
2026-08-24T02:04:46,113.89,49.14
2026-08-24T02:04:47,114.52,49.77
2026-08-24T02:04:48,113.75,49.01
2026-08-24T02:04:49,114.29,49.55
2026-08-24T02:04:50,114.24,49.49
2026-08-24T02:04:51,114.18,49.44
2026-08-24T02:04:52,114.27,49.52
2026-08-24T02:04:53,114.72,49.96
2026-08-24T02:04:54,114.32,49.58
2026-08-24T02:04:55,114.78,50.03
2026-08-24T02:04:56,113.91,49.17
2026-08-24T02:04:57,114.83,50.07
2026-08-24T02:04:58,114.0,49.25
2026-08-24T02:04:59,114.13,49.39
2026-08-24T02:05:00,113.73,48.99
2026-08-24T02:05:01,113.67,48.94
2026-08-24T02:05:02,114.05,49.31
2026-08-24T02:05:03,114.34,49.59
2026-08-24T02:05:04,113.43,48.69
2026-08-24T02:05:05,114.62,49.87
2026-08-24T02:05:06,114.82,50.06
2026-08-24T02:05:07,113.99,49.24
2026-08-24T02:05:08,113.79,49.05
2026-08-24T02:05:09,113.81,49.07
2026-08-24T02:05:10,114.19,49.45
2026-08-24T02:05:11,114.0,49.25
2026-08-24T02:05:12,114.21,49.47
2026-08-24T02:05:13,113.52,48.78
2026-08-24T02:05:14,114.7,49.95
2026-08-24T02:05:15,114.05,49.31
2026-08-24T02:05:16,113.94,49.2
2026-08-24T02:05:17,114.67,49.92
2026-08-24T02:05:18,114.51,49.76
2026-08-24T02:05:19,114.23,49.48
2026-08-24T02:05:20,114.07,49.33
2026-08-24T02:05:21,113.98,49.24
2026-08-24T02:05:22,115.19,50.43
2026-08-24T02:05:23,114.53,49.78
2026-08-24T02:05:24,115.06,50.3
2026-08-24T02:05:25,114.55,49.8
2026-08-24T02:05:26,114.45,49.7
2026-08-24T02:05:27,114.85,50.09
2026-08-24T02:05:28,114.46,49.71
2026-08-24T02:05:29,114.04,49.29
2026-08-24T02:05:30,114.03,49.28
2026-08-24T02:05:31,113.57,48.83
2026-08-24T02:05:32,113.94,49.2
2026-08-24T02:05:33,113.94,49.2
2026-08-24T02:05:34,113.47,48.73
2026-08-24T02:05:35,114.38,49.64
2026-08-24T02:05:36,113.1,48.36
2026-08-24T02:05:37,113.53,48.79
2026-08-24T02:05:38,113.84,49.1
2026-08-24T02:05:39,113.22,48.49
2026-08-24T02:05:40,113.79,49.05
2026-08-24T02:05:41,114.29,49.54
2026-08-24T02:05:42,113.71,48.97
2026-08-24T02:05:43,113.98,49.24
2026-08-24T02:05:44,114.46,49.71
2026-08-24T02:05:45,114.09,49.35
2026-08-24T02:05:46,113.29,48.56
2026-08-24T02:05:47,114.17,49.42
2026-08-24T02:05:48,114.23,49.48
2026-08-24T02:05:49,114.02,49.28
2026-08-24T02:05:50,114.11,49.36
2026-08-24T02:05:51,113.66,48.92
2026-08-24T02:05:52,113.46,48.72
2026-08-24T02:05:53,113.1,48.37
2026-08-24T02:05:54,114.2,49.45
2026-08-24T02:05:55,113.92,49.18
2026-08-24T02:05:56,114.27,49.52
2026-08-24T02:05:57,113.88,49.14
2026-08-24T02:05:58,113.3,48.57
2026-08-24T02:05:59,113.45,48.71
2026-08-24T02:06:00,113.99,49.24
2026-08-24T02:06:01,114.11,49.37
2026-08-24T02:06:02,114.23,49.48
2026-08-24T02:06:03,114.02,49.28
2026-08-24T02:06:04,114.26,49.51
2026-08-24T02:06:05,113.48,48.74
2026-08-24T02:06:06,113.94,49.2
2026-08-24T02:06:07,114.0,49.26
2026-08-24T02:06:08,113.39,48.66
2026-08-24T02:06:09,114.26,49.51
2026-08-24T02:06:10,114.31,49.57
2026-08-24T02:06:11,113.92,49.18
2026-08-24T02:06:12,114.44,49.69
2026-08-24T02:06:13,113.78,49.04
2026-08-24T02:06:14,113.39,48.66
2026-08-24T02:06:15,114.01,49.27
2026-08-24T02:06:16,113.67,48.93
2026-08-24T02:06:17,113.44,48.7
2026-08-24T02:06:18,113.87,49.13
2026-08-24T02:06:19,113.33,48.59
2026-08-24T02:06:20,114.14,49.39
2026-08-24T02:06:21,114.13,49.39
2026-08-24T02:06:22,114.06,49.31
2026-08-24T02:06:23,113.92,49.18
2026-08-24T02:06:24,113.83,49.08
2026-08-24T02:06:25,114.18,49.43
2026-08-24T02:06:26,113.96,49.21
2026-08-24T02:06:27,113.9,49.15
2026-08-24T02:06:28,114.05,49.31
2026-08-24T02:06:29,113.94,49.2
2026-08-24T02:06:30,113.86,49.12
2026-08-24T02:06:31,114.21,49.46
2026-08-24T02:06:32,113.88,49.14
2026-08-24T02:06:33,112.97,48.24
2026-08-24T02:06:34,113.84,49.1
2026-08-24T02:06:35,113.88,49.14
2026-08-24T02:06:36,113.28,48.55
2026-08-24T02:06:37,113.95,49.2
2026-08-24T02:06:38,114.16,49.41
2026-08-24T02:06:39,113.72,48.98
2026-08-24T02:06:40,114.36,49.61
2026-08-24T02:06:41,113.92,49.18
2026-08-24T02:06:42,113.85,49.11
2026-08-24T02:06:43,113.97,49.23
2026-08-24T02:06:44,114.4,49.65
2026-08-24T02:06:45,114.18,49.43
2026-08-24T02:06:46,114.09,49.35
2026-08-24T02:06:47,114.14,49.39
2026-08-24T02:06:48,114.67,49.92
2026-08-24T02:06:49,114.66,49.91
2026-08-24T02:06:50,114.14,49.4
2026-08-24T02:06:51,114.36,49.61
2026-08-24T02:06:52,114.42,49.67
2026-08-24T02:06:53,113.92,49.18
2026-08-24T02:06:54,114.6,49.85
2026-08-24T02:06:55,114.27,49.52
2026-08-24T02:06:56,114.31,49.56
2026-08-24T02:06:57,113.82,49.08
2026-08-24T02:06:58,113.68,48.94
2026-08-24T02:06:59,113.99,49.25
2026-08-24T02:07:00,113.63,48.89
2026-08-24T02:07:01,113.6,48.87
2026-08-24T02:07:02,115.04,50.28
2026-08-24T02:07:03,115.35,50.59
2026-08-24T02:07:04,116.11,51.33
2026-08-24T02:07:05,116.41,51.63
2026-08-24T02:07:06,117.39,52.6
2026-08-24T02:07:07,119.34,54.52
2026-08-24T02:07:08,122.39,57.53
2026-08-24T02:07:09,123.53,58.65
2026-08-24T02:07:10,126.79,61.87
2026-08-24T02:07:11,126.64,61.71
2026-08-24T02:07:12,123.07,58.19
2026-08-24T02:07:13,120.38,55.54
2026-08-24T02:07:14,117.98,53.18
2026-08-24T02:07:15,115.46,50.69
2026-08-24T02:07:16,114.44,49.69
2026-08-24T02:07:17,114.24,49.49
2026-08-24T02:07:18,114.41,49.66
2026-08-24T02:07:19,114.23,49.48
2026-08-24T02:07:20,114.58,49.83
2026-08-24T02:07:21,114.27,49.53
2026-08-24T02:07:22,113.9,49.16
2026-08-24T02:07:23,113.73,48.99
2026-08-24T02:07:24,113.11,48.37
2026-08-24T02:07:25,113.55,48.81
2026-08-24T02:07:26,113.97,49.23
2026-08-24T02:07:27,113.65,48.91
2026-08-24T02:07:28,114.01,49.27
2026-08-24T02:07:29,113.5,48.76
2026-08-24T02:07:30,113.21,48.48
2026-08-24T02:07:31,113.73,48.99
2026-08-24T02:07:32,113.82,49.08
2026-08-24T02:07:33,113.71,48.97
2026-08-24T02:07:34,113.87,49.13
2026-08-24T02:07:35,114.02,49.27
2026-08-24T02:07:36,113.59,48.85
2026-08-24T02:07:37,113.97,49.22
2026-08-24T02:07:38,113.79,49.05
2026-08-24T02:07:39,113.22,48.49
2026-08-24T02:07:40,114.12,49.38
2026-08-24T02:07:41,113.09,48.36
2026-08-24T02:07:42,113.92,49.18
2026-08-24T02:07:43,113.36,48.63
2026-08-24T02:07:44,113.4,48.66
2026-08-24T02:07:45,113.41,48.68
2026-08-24T02:07:46,113.6,48.86
2026-08-24T02:07:47,113.83,49.09
2026-08-24T02:07:48,113.74,49.0
2026-08-24T02:07:49,113.7,48.96
2026-08-24T02:07:50,113.33,48.59
2026-08-24T02:07:51,113.57,48.84
2026-08-24T02:07:52,113.73,48.99
2026-08-24T02:07:53,113.31,48.58
2026-08-24T02:07:54,114.01,49.27
2026-08-24T02:07:55,113.72,48.98
2026-08-24T02:07:56,114.21,49.46
2026-08-24T02:07:57,113.81,49.07
2026-08-24T02:07:58,113.32,48.59
2026-08-24T02:07:59,113.61,48.88
2026-08-24T02:08:00,113.74,49.0
2026-08-24T02:08:01,113.07,48.34
2026-08-24T02:08:02,113.75,49.01
2026-08-24T02:08:03,113.31,48.58
2026-08-24T02:08:04,113.66,48.92
2026-08-24T02:08:05,114.29,49.54
2026-08-24T02:08:06,113.19,48.45
2026-08-24T02:08:07,113.31,48.57
2026-08-24T02:08:08,113.91,49.17
2026-08-24T02:08:09,113.49,48.76
2026-08-24T02:08:10,113.48,48.75
2026-08-24T02:08:11,114.12,49.37
2026-08-24T02:08:12,113.39,48.66
2026-08-24T02:08:13,114.46,49.71
2026-08-24T02:08:14,114.0,49.26
2026-08-24T02:08:15,113.54,48.81
2026-08-24T02:08:16,114.24,49.49
2026-08-24T02:08:17,114.13,49.39
2026-08-24T02:08:18,113.89,49.15
2026-08-24T02:08:19,114.22,49.47
2026-08-24T02:08:20,114.12,49.38
2026-08-24T02:08:21,114.14,49.4
2026-08-24T02:08:22,114.24,49.49
2026-08-24T02:08:23,114.12,49.38
2026-08-24T02:08:24,114.32,49.57
2026-08-24T02:08:25,113.69,48.96
2026-08-24T02:08:26,114.24,49.49
2026-08-24T02:08:27,114.57,49.82
2026-08-24T02:08:28,114.59,49.84
2026-08-24T02:08:29,113.9,49.15
2026-08-24T02:08:30,113.76,49.02
2026-08-24T02:08:31,113.53,48.79
2026-08-24T02:08:32,113.46,48.72
2026-08-24T02:08:33,113.63,48.89
2026-08-24T02:08:34,113.6,48.86
2026-08-24T02:08:35,113.48,48.74
2026-08-24T02:08:36,114.18,49.43
2026-08-24T02:08:37,113.09,48.36
2026-08-24T02:08:38,114.29,49.54
2026-08-24T02:08:39,113.59,48.85
2026-08-24T02:08:40,114.0,49.26
2026-08-24T02:08:41,113.11,48.38
2026-08-24T02:08:42,113.67,48.93
2026-08-24T02:08:43,113.68,48.95
2026-08-24T02:08:44,113.68,48.94
2026-08-24T02:08:45,113.51,48.77
2026-08-24T02:08:46,113.2,48.47
2026-08-24T02:08:47,113.29,48.56
2026-08-24T02:08:48,113.82,49.08
2026-08-24T02:08:49,112.89,48.16
2026-08-24T02:08:50,113.49,48.76
2026-08-24T02:08:51,114.1,49.35
2026-08-24T02:08:52,113.55,48.81
2026-08-24T02:08:53,112.93,48.2
2026-08-24T02:08:54,113.17,48.44
2026-08-24T02:08:55,114.01,49.26
2026-08-24T02:08:56,112.75,48.03
2026-08-24T02:08:57,113.58,48.84
2026-08-24T02:08:58,113.64,48.9
2026-08-24T02:08:59,114.04,49.3
2026-08-24T02:09:00,113.65,48.91
2026-08-24T02:09:01,114.23,49.48
2026-08-24T02:09:02,114.05,49.31
2026-08-24T02:09:03,113.97,49.22
2026-08-24T02:09:04,113.88,49.14
2026-08-24T02:09:05,113.59,48.85
2026-08-24T02:09:06,114.04,49.3
2026-08-24T02:09:07,113.79,49.05
2026-08-24T02:09:08,114.0,49.26
2026-08-24T02:09:09,113.37,48.63
2026-08-24T02:09:10,113.53,48.79
2026-08-24T02:09:11,113.42,48.68
2026-08-24T02:09:12,113.98,49.24
2026-08-24T02:09:13,113.83,49.09
2026-08-24T02:09:14,113.51,48.77
2026-08-24T02:09:15,113.52,48.78
2026-08-24T02:09:16,114.24,49.49
2026-08-24T02:09:17,113.81,49.07
2026-08-24T02:09:18,113.82,49.08
2026-08-24T02:09:19,113.8,49.06
2026-08-24T02:09:20,113.42,48.69
2026-08-24T02:09:21,113.85,49.11
2026-08-24T02:09:22,114.25,49.5
2026-08-24T02:09:23,113.02,48.29
2026-08-24T02:09:24,113.81,49.07
2026-08-24T02:09:25,113.81,49.07
2026-08-24T02:09:26,113.44,48.7
2026-08-24T02:09:27,114.11,49.37
2026-08-24T02:09:28,113.98,49.23
2026-08-24T02:09:29,113.91,49.17
2026-08-24T02:09:30,113.75,49.01
2026-08-24T02:09:31,113.5,48.77
2026-08-24T02:09:32,114.01,49.26
2026-08-24T02:09:33,114.08,49.33
2026-08-24T02:09:34,113.36,48.62
2026-08-24T02:09:35,113.81,49.07
2026-08-24T02:09:36,113.96,49.22
2026-08-24T02:09:37,112.95,48.22
2026-08-24T02:09:38,114.06,49.32
2026-08-24T02:09:39,113.71,48.97
2026-08-24T02:09:40,114.01,49.27
2026-08-24T02:09:41,114.09,49.34
2026-08-24T02:09:42,113.94,49.2
2026-08-24T02:09:43,113.92,49.18
2026-08-24T02:09:44,113.83,49.09
2026-08-24T02:09:45,113.76,49.02
2026-08-24T02:09:46,113.68,48.94
2026-08-24T02:09:47,113.26,48.53
2026-08-24T02:09:48,113.23,48.49
2026-08-24T02:09:49,114.06,49.31
2026-08-24T02:09:50,113.69,48.95
2026-08-24T02:09:51,114.07,49.33
2026-08-24T02:09:52,113.85,49.1
2026-08-24T02:09:53,113.94,49.2
2026-08-24T02:09:54,113.29,48.56
2026-08-24T02:09:55,113.63,48.89
2026-08-24T02:09:56,114.0,49.25
2026-08-24T02:09:57,114.06,49.31
2026-08-24T02:09:58,113.61,48.87
2026-08-24T02:09:59,113.61,48.87
2026-08-24T02:10:00,113.7,48.96
2026-08-24T02:10:01,113.92,49.18
2026-08-24T02:10:02,113.88,49.14
2026-08-24T02:10:03,114.2,49.46
2026-08-24T02:10:04,113.49,48.75
2026-08-24T02:10:05,113.69,48.95
2026-08-24T02:10:06,113.77,49.03
2026-08-24T02:10:07,113.52,48.79
2026-08-24T02:10:08,114.06,49.31
2026-08-24T02:10:09,112.99,48.26
2026-08-24T02:10:10,114.03,49.29
2026-08-24T02:10:11,114.06,49.31
2026-08-24T02:10:12,113.59,48.86
2026-08-24T02:10:13,113.92,49.18
2026-08-24T02:10:14,113.6,48.86
2026-08-24T02:10:15,113.64,48.9
2026-08-24T02:10:16,113.64,48.9
2026-08-24T02:10:17,113.77,49.03
2026-08-24T02:10:18,114.06,49.32
2026-08-24T02:10:19,113.54,48.8
2026-08-24T02:10:20,113.79,49.05
2026-08-24T02:10:21,113.43,48.69
2026-08-24T02:10:22,113.73,48.99
2026-08-24T02:10:23,113.78,49.03
2026-08-24T02:10:24,113.89,49.14
2026-08-24T02:10:25,113.61,48.87
2026-08-24T02:10:26,113.97,49.23
2026-08-24T02:10:27,113.52,48.78
2026-08-24T02:10:28,113.35,48.61
2026-08-24T02:10:29,113.34,48.6
2026-08-24T02:10:30,113.54,48.81
2026-08-24T02:10:31,113.65,48.91
2026-08-24T02:10:32,113.47,48.74
2026-08-24T02:10:33,113.72,48.98
2026-08-24T02:10:34,113.62,48.88
2026-08-24T02:10:35,112.99,48.26
2026-08-24T02:10:36,113.53,48.79
2026-08-24T02:10:37,114.05,49.3
2026-08-24T02:10:38,113.68,48.94
2026-08-24T02:10:39,113.95,49.21
2026-08-24T02:10:40,114.39,49.65
2026-08-24T02:10:41,113.94,49.2
2026-08-24T02:10:42,113.33,48.59
2026-08-24T02:10:43,114.14,49.4
2026-08-24T02:10:44,113.96,49.22
2026-08-24T02:10:45,114.26,49.51
2026-08-24T02:10:46,113.63,48.89
2026-08-24T02:10:47,113.58,48.85
2026-08-24T02:10:48,113.81,49.07
2026-08-24T02:10:49,113.38,48.64
2026-08-24T02:10:50,114.26,49.51
2026-08-24T02:10:51,113.52,48.78
2026-08-24T02:10:52,113.97,49.23
2026-08-24T02:10:53,114.08,49.34
2026-08-24T02:10:54,113.8,49.06
2026-08-24T02:10:55,113.44,48.7
2026-08-24T02:10:56,113.41,48.68
2026-08-24T02:10:57,113.63,48.89
2026-08-24T02:10:58,113.99,49.24
2026-08-24T02:10:59,114.16,49.42
2026-08-24T02:11:00,114.2,49.46
2026-08-24T02:11:01,113.67,48.93
2026-08-24T02:11:02,113.31,48.58
2026-08-24T02:11:03,113.44,48.71
2026-08-24T02:11:04,113.54,48.81
2026-08-24T02:11:05,113.75,49.01
2026-08-24T02:11:06,114.35,49.6
2026-08-24T02:11:07,113.11,48.38
2026-08-24T02:11:08,114.1,49.36
2026-08-24T02:11:09,113.69,48.95
2026-08-24T02:11:10,113.8,49.06
2026-08-24T02:11:11,113.56,48.83
2026-08-24T02:11:12,114.32,49.57
2026-08-24T02:11:13,113.64,48.9
2026-08-24T02:11:14,114.74,49.99
2026-08-24T02:11:15,114.3,49.55
2026-08-24T02:11:16,114.19,49.44
2026-08-24T02:11:17,114.56,49.8
2026-08-24T02:11:18,113.74,49.0
2026-08-24T02:11:19,113.27,48.54
2026-08-24T02:11:20,114.3,49.55
2026-08-24T02:11:21,113.98,49.24
2026-08-24T02:11:22,114.15,49.4
2026-08-24T02:11:23,114.24,49.5
2026-08-24T02:11:24,114.03,49.28
2026-08-24T02:11:25,114.54,49.79
2026-08-24T02:11:26,114.27,49.52
2026-08-24T02:11:27,113.22,48.48
2026-08-24T02:11:28,113.73,48.99
2026-08-24T02:11:29,113.5,48.76
2026-08-24T02:11:30,113.42,48.68
2026-08-24T02:11:31,113.65,48.91
2026-08-24T02:11:32,113.73,48.99
2026-08-24T02:11:33,114.38,49.63
2026-08-24T02:11:34,114.07,49.33
2026-08-24T02:11:35,113.94,49.2
2026-08-24T02:11:36,113.53,48.8
2026-08-24T02:11:37,113.94,49.19
2026-08-24T02:11:38,114.15,49.41
2026-08-24T02:11:39,114.24,49.49
2026-08-24T02:11:40,114.52,49.77
2026-08-24T02:11:41,113.76,49.02
2026-08-24T02:11:42,113.29,48.56
2026-08-24T02:11:43,113.93,49.19
2026-08-24T02:11:44,113.55,48.81
2026-08-24T02:11:45,113.68,48.94
2026-08-24T02:11:46,113.9,49.16
2026-08-24T02:11:47,113.53,48.79
2026-08-24T02:11:48,113.6,48.87
2026-08-24T02:11:49,113.97,49.22
2026-08-24T02:11:50,114.0,49.25
2026-08-24T02:11:51,114.22,49.47
2026-08-24T02:11:52,114.04,49.3
2026-08-24T02:11:53,113.38,48.65
2026-08-24T02:11:54,114.35,49.6
2026-08-24T02:11:55,114.26,49.52
2026-08-24T02:11:56,113.54,48.8
2026-08-24T02:11:57,114.11,49.36
2026-08-24T02:11:58,113.85,49.1
2026-08-24T02:11:59,113.84,49.1
2026-08-24T02:12:00,113.9,49.16
2026-08-24T02:12:01,113.42,48.69
2026-08-24T02:12:02,113.66,48.92
2026-08-24T02:12:03,113.42,48.68
2026-08-24T02:12:04,113.41,48.67
2026-08-24T02:12:05,113.92,49.18
2026-08-24T02:12:06,113.78,49.04
2026-08-24T02:12:07,113.16,48.43
2026-08-24T02:12:08,113.98,49.24
2026-08-24T02:12:09,113.88,49.14
2026-08-24T02:12:10,113.93,49.19
2026-08-24T02:12:11,113.43,48.69
2026-08-24T02:12:12,113.48,48.74
2026-08-24T02:12:13,113.92,49.18
2026-08-24T02:12:14,113.7,48.96
2026-08-24T02:12:15,114.05,49.31
2026-08-24T02:12:16,113.91,49.17
2026-08-24T02:12:17,113.28,48.54
2026-08-24T02:12:18,113.72,48.98
2026-08-24T02:12:19,113.99,49.25
2026-08-24T02:12:20,113.19,48.46
2026-08-24T02:12:21,114.0,49.26
2026-08-24T02:12:22,113.88,49.13
2026-08-24T02:12:23,113.22,48.48
2026-08-24T02:12:24,112.69,47.96
2026-08-24T02:12:25,113.77,49.03
2026-08-24T02:12:26,114.15,49.4
2026-08-24T02:12:27,113.8,49.05
2026-08-24T02:12:28,113.65,48.91
2026-08-24T02:12:29,113.86,49.12
2026-08-24T02:12:30,113.37,48.63
2026-08-24T02:12:31,113.4,48.66
2026-08-24T02:12:32,113.86,49.12
2026-08-24T02:12:33,113.46,48.73
2026-08-24T02:12:34,113.25,48.52
2026-08-24T02:12:35,113.49,48.75
2026-08-24T02:12:36,113.17,48.44
2026-08-24T02:12:37,113.39,48.66
2026-08-24T02:12:38,114.05,49.31
2026-08-24T02:12:39,113.91,49.17
2026-08-24T02:12:40,114.04,49.3
2026-08-24T02:12:41,114.03,49.28
2026-08-24T02:12:42,113.93,49.19
2026-08-24T02:12:43,113.53,48.79
2026-08-24T02:12:44,113.29,48.56
2026-08-24T02:12:45,114.09,49.35
2026-08-24T02:12:46,113.67,48.94
2026-08-24T02:12:47,113.4,48.66
2026-08-24T02:12:48,113.75,49.01
2026-08-24T02:12:49,113.27,48.54
2026-08-24T02:12:50,113.5,48.76
2026-08-24T02:12:51,113.58,48.84
2026-08-24T02:12:52,113.56,48.83
2026-08-24T02:12:53,114.04,49.29
2026-08-24T02:12:54,114.08,49.34
2026-08-24T02:12:55,114.01,49.27
2026-08-24T02:12:56,114.14,49.4
2026-08-24T02:12:57,114.29,49.54
2026-08-24T02:12:58,113.67,48.93
2026-08-24T02:12:59,113.96,49.22
2026-08-24T02:13:00,113.95,49.2
2026-08-24T02:13:01,114.21,49.46
2026-08-24T02:13:02,113.8,49.06
2026-08-24T02:13:03,113.88,49.14
2026-08-24T02:13:04,114.15,49.4
2026-08-24T02:13:05,113.77,49.03
2026-08-24T02:13:06,114.69,49.94
2026-08-24T02:13:07,113.89,49.15
2026-08-24T02:13:08,114.51,49.76
2026-08-24T02:13:09,113.97,49.23
2026-08-24T02:13:10,114.02,49.28
2026-08-24T02:13:11,114.26,49.51
2026-08-24T02:13:12,114.37,49.62
2026-08-24T02:13:13,114.92,50.16
2026-08-24T02:13:14,115.37,50.6
2026-08-24T02:13:15,116.17,51.4
2026-08-24T02:13:16,116.18,51.4
2026-08-24T02:13:17,117.66,52.87
2026-08-24T02:13:18,120.1,55.27
2026-08-24T02:13:19,121.34,56.49
2026-08-24T02:13:20,122.81,57.94
2026-08-24T02:13:21,124.48,59.59
2026-08-24T02:13:22,125.25,60.35
2026-08-24T02:13:23,127.75,62.81
2026-08-24T02:13:24,121.11,56.27
2026-08-24T02:13:25,117.45,52.66
2026-08-24T02:13:26,115.67,50.9
2026-08-24T02:13:27,115.03,50.27
2026-08-24T02:13:28,114.74,49.98
2026-08-24T02:13:29,114.15,49.4
2026-08-24T02:13:30,113.77,49.03
2026-08-24T02:13:31,114.21,49.46
2026-08-24T02:13:32,113.91,49.17
2026-08-24T02:13:33,113.56,48.83
2026-08-24T02:13:34,113.94,49.2
2026-08-24T02:13:35,114.09,49.34
2026-08-24T02:13:36,113.9,49.16
2026-08-24T02:13:37,113.56,48.82
2026-08-24T02:13:38,113.66,48.92
2026-08-24T02:13:39,114.26,49.51
2026-08-24T02:13:40,113.88,49.14
2026-08-24T02:13:41,113.59,48.86
2026-08-24T02:13:42,113.05,48.32
2026-08-24T02:13:43,114.67,49.92
2026-08-24T02:13:44,113.93,49.19
2026-08-24T02:13:45,114.04,49.29
2026-08-24T02:13:46,114.46,49.71
2026-08-24T02:13:47,114.0,49.26
2026-08-24T02:13:48,113.57,48.83
2026-08-24T02:13:49,114.14,49.4
2026-08-24T02:13:50,113.62,48.88
2026-08-24T02:13:51,113.77,49.03
2026-08-24T02:13:52,113.91,49.17
2026-08-24T02:13:53,113.17,48.44
2026-08-24T02:13:54,113.29,48.56
2026-08-24T02:13:55,114.2,49.45
2026-08-24T02:13:56,114.09,49.35
2026-08-24T02:13:57,114.1,49.35
2026-08-24T02:13:58,113.64,48.9
2026-08-24T02:13:59,113.36,48.63
2026-08-24T02:14:00,113.88,49.14
2026-08-24T02:14:01,113.9,49.15
2026-08-24T02:14:02,114.0,49.26
2026-08-24T02:14:03,113.86,49.12
2026-08-24T02:14:04,114.22,49.47
2026-08-24T02:14:05,114.21,49.47
2026-08-24T02:14:06,114.11,49.37
2026-08-24T02:14:07,114.61,49.86
2026-08-24T02:14:08,113.65,48.91
2026-08-24T02:14:09,114.48,49.73
2026-08-24T02:14:10,114.74,49.99
2026-08-24T02:14:11,115.42,50.66
2026-08-24T02:14:12,115.31,50.55
2026-08-24T02:14:13,116.73,51.95
2026-08-24T02:14:14,117.6,52.81
2026-08-24T02:14:15,119.48,54.65
2026-08-24T02:14:16,122.86,57.99
2026-08-24T02:14:17,124.24,59.36
2026-08-24T02:14:18,127.24,62.31
2026-08-24T02:14:19,128.72,63.76
2026-08-24T02:14:20,130.8,65.82
2026-08-24T02:14:21,123.58,58.7
2026-08-24T02:14:22,119.9,55.08
2026-08-24T02:14:23,117.01,52.23
2026-08-24T02:14:24,116.04,51.27
2026-08-24T02:14:25,115.24,50.48
2026-08-24T02:14:26,114.84,50.08
2026-08-24T02:14:27,115.07,50.32
2026-08-24T02:14:28,114.4,49.65
2026-08-24T02:14:29,114.74,49.99
2026-08-24T02:14:30,114.35,49.61
2026-08-24T02:14:31,114.43,49.68
2026-08-24T02:14:32,114.65,49.89
2026-08-24T02:14:33,113.74,49.0
2026-08-24T02:14:34,113.43,48.69
2026-08-24T02:14:35,113.8,49.06
2026-08-24T02:14:36,113.37,48.63
2026-08-24T02:14:37,113.68,48.94
2026-08-24T02:14:38,113.18,48.45
2026-08-24T02:14:39,113.36,48.62
2026-08-24T02:14:40,114.16,49.41
2026-08-24T02:14:41,113.95,49.21
2026-08-24T02:14:42,113.88,49.13
2026-08-24T02:14:43,113.53,48.79
2026-08-24T02:14:44,113.8,49.06
2026-08-24T02:14:45,113.44,48.71
2026-08-24T02:14:46,113.9,49.16
2026-08-24T02:14:47,113.75,49.01
2026-08-24T02:14:48,113.61,48.87
2026-08-24T02:14:49,113.38,48.65
2026-08-24T02:14:50,113.88,49.14
2026-08-24T02:14:51,113.34,48.61
2026-08-24T02:14:52,113.96,49.21
2026-08-24T02:14:53,113.48,48.74
2026-08-24T02:14:54,113.79,49.05
2026-08-24T02:14:55,113.32,48.58
2026-08-24T02:14:56,113.18,48.45
2026-08-24T02:14:57,113.37,48.63
2026-08-24T02:14:58,113.5,48.76
2026-08-24T02:14:59,113.48,48.75
2026-08-24T02:15:00,113.38,48.65
2026-08-24T02:15:01,113.61,48.87
2026-08-24T02:15:02,113.79,49.05
2026-08-24T02:15:03,113.56,48.82
2026-08-24T02:15:04,113.05,48.32
2026-08-24T02:15:05,113.25,48.51
2026-08-24T02:15:06,113.75,49.01
2026-08-24T02:15:07,113.67,48.93
2026-08-24T02:15:08,113.17,48.43
2026-08-24T02:15:09,113.58,48.84
2026-08-24T02:15:10,113.14,48.41
2026-08-24T02:15:11,113.47,48.73
2026-08-24T02:15:12,114.32,49.57
2026-08-24T02:15:13,113.57,48.83
2026-08-24T02:15:14,113.64,48.9
2026-08-24T02:15:15,113.77,49.03
2026-08-24T02:15:16,113.87,49.12
2026-08-24T02:15:17,114.06,49.32
2026-08-24T02:15:18,113.47,48.74
2026-08-24T02:15:19,113.63,48.9
2026-08-24T02:15:20,113.6,48.86
2026-08-24T02:15:21,113.53,48.8
2026-08-24T02:15:22,113.63,48.89
2026-08-24T02:15:23,113.6,48.86
2026-08-24T02:15:24,114.08,49.33
2026-08-24T02:15:25,113.49,48.75
2026-08-24T02:15:26,113.91,49.16
2026-08-24T02:15:27,113.42,48.69
2026-08-24T02:15:28,113.67,48.94
2026-08-24T02:15:29,113.84,49.09
2026-08-24T02:15:30,113.88,49.14
2026-08-24T02:15:31,113.9,49.16
2026-08-24T02:15:32,113.72,48.98
2026-08-24T02:15:33,113.68,48.94
2026-08-24T02:15:34,113.89,49.15
2026-08-24T02:15:35,113.72,48.98
2026-08-24T02:15:36,113.37,48.63
2026-08-24T02:15:37,114.48,49.73
2026-08-24T02:15:38,114.25,49.5
2026-08-24T02:15:39,113.43,48.69
2026-08-24T02:15:40,113.74,49.0
2026-08-24T02:15:41,113.66,48.93
2026-08-24T02:15:42,113.74,49.0
2026-08-24T02:15:43,113.35,48.61
2026-08-24T02:15:44,113.66,48.92
2026-08-24T02:15:45,113.74,49.0
2026-08-24T02:15:46,113.31,48.57
2026-08-24T02:15:47,113.47,48.74
2026-08-24T02:15:48,113.76,49.02
2026-08-24T02:15:49,113.81,49.07
2026-08-24T02:15:50,113.97,49.23
2026-08-24T02:15:51,113.82,49.08
2026-08-24T02:15:52,113.97,49.23
2026-08-24T02:15:53,113.93,49.19
2026-08-24T02:15:54,114.08,49.34
2026-08-24T02:15:55,113.93,49.18
2026-08-24T02:15:56,113.12,48.39
2026-08-24T02:15:57,113.56,48.83
2026-08-24T02:15:58,113.31,48.58
2026-08-24T02:15:59,113.7,48.96
2026-08-24T02:16:00,114.14,49.4
2026-08-24T02:16:01,113.46,48.73
2026-08-24T02:16:02,113.59,48.85
2026-08-24T02:16:03,113.86,49.12
2026-08-24T02:16:04,113.58,48.84
2026-08-24T02:16:05,113.66,48.93
2026-08-24T02:16:06,113.21,48.48
2026-08-24T02:16:07,113.52,48.79
2026-08-24T02:16:08,113.56,48.82
2026-08-24T02:16:09,113.69,48.95
2026-08-24T02:16:10,113.96,49.22
2026-08-24T02:16:11,113.51,48.78
2026-08-24T02:16:12,113.67,48.93
2026-08-24T02:16:13,114.09,49.34
2026-08-24T02:16:14,113.0,48.27
2026-08-24T02:16:15,113.65,48.91
2026-08-24T02:16:16,113.7,48.96
2026-08-24T02:16:17,113.98,49.24
2026-08-24T02:16:18,113.77,49.03
2026-08-24T02:16:19,113.38,48.64
2026-08-24T02:16:20,113.42,48.69
2026-08-24T02:16:21,114.1,49.36
2026-08-24T02:16:22,113.93,49.19
2026-08-24T02:16:23,114.07,49.33
2026-08-24T02:16:24,113.62,48.88
2026-08-24T02:16:25,113.56,48.82
2026-08-24T02:16:26,113.14,48.41
2026-08-24T02:16:27,113.84,49.1
2026-08-24T02:16:28,113.87,49.13
2026-08-24T02:16:29,113.36,48.62
2026-08-24T02:16:30,113.62,48.88
2026-08-24T02:16:31,113.72,48.98
2026-08-24T02:16:32,113.52,48.79
2026-08-24T02:16:33,113.88,49.14
2026-08-24T02:16:34,114.03,49.29
2026-08-24T02:16:35,113.46,48.72
2026-08-24T02:16:36,113.73,48.99
2026-08-24T02:16:37,113.46,48.73
2026-08-24T02:16:38,113.76,49.02
2026-08-24T02:16:39,113.45,48.72
2026-08-24T02:16:40,114.44,49.69
2026-08-24T02:16:41,114.13,49.38
2026-08-24T02:16:42,113.63,48.89
2026-08-24T02:16:43,113.73,48.99
2026-08-24T02:16:44,114.33,49.59
2026-08-24T02:16:45,114.06,49.32
2026-08-24T02:16:46,114.06,49.31
2026-08-24T02:16:47,113.56,48.82
2026-08-24T02:16:48,113.67,48.93
2026-08-24T02:16:49,113.88,49.14
2026-08-24T02:16:50,113.52,48.78
2026-08-24T02:16:51,113.77,49.03
2026-08-24T02:16:52,113.75,49.01
2026-08-24T02:16:53,113.16,48.43
2026-08-24T02:16:54,113.89,49.15
2026-08-24T02:16:55,113.11,48.38
2026-08-24T02:16:56,114.26,49.52
2026-08-24T02:16:57,113.91,49.17
2026-08-24T02:16:58,113.59,48.86
2026-08-24T02:16:59,113.56,48.82
2026-08-24T02:17:00,113.79,49.05
2026-08-24T02:17:01,113.74,49.0
2026-08-24T02:17:02,113.87,49.13
2026-08-24T02:17:03,114.06,49.32
2026-08-24T02:17:04,113.63,48.9
2026-08-24T02:17:05,113.9,49.16
2026-08-24T02:17:06,113.72,48.98
2026-08-24T02:17:07,113.56,48.82
2026-08-24T02:17:08,114.05,49.3
2026-08-24T02:17:09,113.33,48.59
2026-08-24T02:17:10,113.07,48.34
2026-08-24T02:17:11,113.97,49.23
2026-08-24T02:17:12,113.78,49.03
2026-08-24T02:17:13,114.08,49.34
2026-08-24T02:17:14,113.61,48.88
2026-08-24T02:17:15,113.13,48.4
2026-08-24T02:17:16,113.53,48.8
2026-08-24T02:17:17,114.37,49.62
2026-08-24T02:17:18,114.36,49.61
2026-08-24T02:17:19,113.77,49.03
2026-08-24T02:17:20,113.64,48.9
2026-08-24T02:17:21,113.96,49.22
2026-08-24T02:17:22,114.1,49.35
2026-08-24T02:17:23,114.19,49.44
2026-08-24T02:17:24,114.18,49.43
2026-08-24T02:17:25,114.36,49.61
2026-08-24T02:17:26,114.05,49.3
2026-08-24T02:17:27,113.68,48.94
2026-08-24T02:17:28,114.55,49.8
2026-08-24T02:17:29,114.02,49.28
2026-08-24T02:17:30,114.65,49.9
2026-08-24T02:17:31,114.06,49.31
2026-08-24T02:17:32,114.24,49.49
2026-08-24T02:17:33,113.74,49.0
2026-08-24T02:17:34,114.13,49.38
2026-08-24T02:17:35,114.0,49.26
2026-08-24T02:17:36,113.76,49.02
2026-08-24T02:17:37,113.9,49.16
2026-08-24T02:17:38,113.38,48.65
2026-08-24T02:17:39,113.78,49.04
2026-08-24T02:17:40,113.22,48.49
2026-08-24T02:17:41,113.35,48.61
2026-08-24T02:17:42,113.32,48.58
2026-08-24T02:17:43,113.52,48.79
2026-08-24T02:17:44,113.63,48.89
2026-08-24T02:17:45,113.39,48.66
2026-08-24T02:17:46,113.36,48.62
2026-08-24T02:17:47,114.37,49.62
2026-08-24T02:17:48,113.63,48.89
2026-08-24T02:17:49,113.11,48.38
2026-08-24T02:17:50,113.63,48.89
2026-08-24T02:17:51,113.26,48.53
2026-08-24T02:17:52,113.63,48.89
2026-08-24T02:17:53,114.29,49.55
2026-08-24T02:17:54,114.04,49.3
2026-08-24T02:17:55,113.43,48.69
2026-08-24T02:17:56,113.96,49.22
2026-08-24T02:17:57,113.8,49.06
2026-08-24T02:17:58,113.77,49.03
2026-08-24T02:17:59,113.8,49.06
2026-08-24T02:18:00,113.59,48.86
2026-08-24T02:18:01,114.33,49.58
2026-08-24T02:18:02,113.79,49.05
2026-08-24T02:18:03,113.91,49.17
2026-08-24T02:18:04,113.96,49.22
2026-08-24T02:18:05,113.77,49.03
2026-08-24T02:18:06,113.79,49.05
2026-08-24T02:18:07,113.62,48.88
2026-08-24T02:18:08,113.9,49.16
2026-08-24T02:18:09,113.65,48.92
2026-08-24T02:18:10,113.33,48.59
2026-08-24T02:18:11,113.01,48.28
2026-08-24T02:18:12,113.44,48.7
2026-08-24T02:18:13,113.41,48.67
2026-08-24T02:18:14,113.79,49.05
2026-08-24T02:18:15,113.19,48.46
2026-08-24T02:18:16,113.66,48.92
2026-08-24T02:18:17,113.69,48.95
2026-08-24T02:18:18,113.89,49.15
2026-08-24T02:18:19,113.86,49.11
2026-08-24T02:18:20,113.67,48.93
2026-08-24T02:18:21,113.55,48.82
2026-08-24T02:18:22,113.59,48.85
2026-08-24T02:18:23,113.08,48.35
2026-08-24T02:18:24,113.12,48.39
2026-08-24T02:18:25,113.54,48.8
2026-08-24T02:18:26,113.66,48.92
2026-08-24T02:18:27,113.52,48.78
2026-08-24T02:18:28,114.14,49.39
2026-08-24T02:18:29,113.75,49.01
2026-08-24T02:18:30,113.47,48.74
2026-08-24T02:18:31,113.68,48.94
2026-08-24T02:18:32,113.42,48.69
2026-08-24T02:18:33,113.41,48.67
2026-08-24T02:18:34,113.78,49.04
2026-08-24T02:18:35,113.63,48.89
2026-08-24T02:18:36,113.26,48.53
2026-08-24T02:18:37,113.35,48.61
2026-08-24T02:18:38,114.32,49.57
2026-08-24T02:18:39,113.99,49.24
2026-08-24T02:18:40,113.52,48.78
2026-08-24T02:18:41,113.21,48.48
2026-08-24T02:18:42,113.61,48.87
2026-08-24T02:18:43,113.96,49.21
2026-08-24T02:18:44,113.58,48.84
2026-08-24T02:18:45,113.86,49.12
2026-08-24T02:18:46,113.67,48.93
2026-08-24T02:18:47,114.05,49.3
2026-08-24T02:18:48,113.29,48.56
2026-08-24T02:18:49,114.36,49.61
2026-08-24T02:18:50,113.44,48.71
2026-08-24T02:18:51,114.28,49.53
2026-08-24T02:18:52,113.66,48.92
2026-08-24T02:18:53,113.93,49.18
2026-08-24T02:18:54,113.63,48.89
2026-08-24T02:18:55,113.67,48.93
2026-08-24T02:18:56,113.83,49.09
2026-08-24T02:18:57,113.53,48.79
2026-08-24T02:18:58,113.56,48.82
2026-08-24T02:18:59,113.48,48.74
2026-08-24T02:19:00,114.1,49.36
2026-08-24T02:19:01,113.83,49.08
2026-08-24T02:19:02,113.75,49.01
2026-08-24T02:19:03,112.98,48.25
2026-08-24T02:19:04,113.87,49.13
2026-08-24T02:19:05,114.17,49.42
2026-08-24T02:19:06,114.38,49.64
2026-08-24T02:19:07,113.35,48.61
2026-08-24T02:19:08,113.43,48.69
2026-08-24T02:19:09,113.39,48.65
2026-08-24T02:19:10,113.36,48.62
2026-08-24T02:19:11,113.1,48.37
2026-08-24T02:19:12,113.99,49.24
2026-08-24T02:19:13,113.78,49.04
2026-08-24T02:19:14,113.92,49.18
2026-08-24T02:19:15,113.33,48.6
2026-08-24T02:19:16,113.51,48.77
2026-08-24T02:19:17,113.77,49.03
2026-08-24T02:19:18,113.62,48.88
2026-08-24T02:19:19,113.57,48.83
2026-08-24T02:19:20,113.88,49.14
2026-08-24T02:19:21,113.71,48.97
2026-08-24T02:19:22,113.82,49.08
2026-08-24T02:19:23,113.44,48.7
2026-08-24T02:19:24,113.48,48.74
2026-08-24T02:19:25,114.34,49.59
2026-08-24T02:19:26,113.21,48.47
2026-08-24T02:19:27,113.59,48.85
2026-08-24T02:19:28,112.84,48.12
2026-08-24T02:19:29,113.55,48.81
2026-08-24T02:19:30,113.37,48.64
2026-08-24T02:19:31,113.14,48.41
2026-08-24T02:19:32,113.25,48.52
2026-08-24T02:19:33,113.88,49.14
2026-08-24T02:19:34,113.84,49.1
2026-08-24T02:19:35,113.15,48.42
2026-08-24T02:19:36,113.43,48.69
2026-08-24T02:19:37,113.57,48.84
2026-08-24T02:19:38,113.74,49.0
2026-08-24T02:19:39,113.52,48.79
2026-08-24T02:19:40,114.08,49.34
2026-08-24T02:19:41,113.66,48.92
2026-08-24T02:19:42,114.11,49.36
2026-08-24T02:19:43,113.74,49.0
2026-08-24T02:19:44,113.45,48.72
2026-08-24T02:19:45,113.41,48.68
2026-08-24T02:19:46,114.21,49.46
2026-08-24T02:19:47,113.33,48.6
2026-08-24T02:19:48,113.85,49.1
2026-08-24T02:19:49,113.29,48.56
2026-08-24T02:19:50,113.49,48.75
2026-08-24T02:19:51,113.75,49.01
2026-08-24T02:19:52,113.54,48.8
2026-08-24T02:19:53,113.76,49.02
2026-08-24T02:19:54,113.77,49.03
2026-08-24T02:19:55,113.67,48.93
2026-08-24T02:19:56,113.88,49.14
2026-08-24T02:19:57,113.84,49.1
2026-08-24T02:19:58,113.69,48.95
2026-08-24T02:19:59,113.52,48.79
2026-08-24T02:20:00,113.88,49.13
2026-08-24T02:20:01,113.71,48.97
2026-08-24T02:20:02,113.97,49.22
2026-08-24T02:20:03,112.85,48.12
2026-08-24T02:20:04,113.54,48.8
2026-08-24T02:20:05,113.6,48.86
2026-08-24T02:20:06,114.1,49.36
2026-08-24T02:20:07,113.54,48.81
2026-08-24T02:20:08,113.4,48.67
2026-08-24T02:20:09,113.43,48.69
2026-08-24T02:20:10,114.04,49.3
2026-08-24T02:20:11,113.34,48.61
2026-08-24T02:20:12,113.81,49.07
2026-08-24T02:20:13,113.0,48.27
2026-08-24T02:20:14,113.69,48.95
2026-08-24T02:20:15,113.75,49.01
2026-08-24T02:20:16,113.43,48.7
2026-08-24T02:20:17,114.33,49.58
2026-08-24T02:20:18,113.46,48.72
2026-08-24T02:20:19,113.6,48.86
2026-08-24T02:20:20,113.28,48.54
2026-08-24T02:20:21,114.43,49.68
2026-08-24T02:20:22,113.79,49.05
2026-08-24T02:20:23,113.82,49.08
2026-08-24T02:20:24,114.21,49.46
2026-08-24T02:20:25,114.07,49.33
2026-08-24T02:20:26,113.78,49.04
2026-08-24T02:20:27,114.1,49.36
2026-08-24T02:20:28,113.06,48.33
2026-08-24T02:20:29,113.7,48.96
2026-08-24T02:20:30,113.4,48.67
2026-08-24T02:20:31,113.42,48.68
2026-08-24T02:20:32,113.48,48.74
2026-08-24T02:20:33,113.41,48.67
2026-08-24T02:20:34,113.61,48.87
2026-08-24T02:20:35,113.92,49.18
2026-08-24T02:20:36,113.44,48.7
2026-08-24T02:20:37,112.98,48.25
2026-08-24T02:20:38,114.15,49.4
2026-08-24T02:20:39,113.82,49.08
2026-08-24T02:20:40,113.08,48.35
2026-08-24T02:20:41,114.45,49.7
2026-08-24T02:20:42,113.67,48.93
2026-08-24T02:20:43,113.41,48.67
2026-08-24T02:20:44,112.96,48.23
2026-08-24T02:20:45,113.17,48.44
2026-08-24T02:20:46,113.53,48.79
2026-08-24T02:20:47,113.62,48.88
2026-08-24T02:20:48,113.47,48.74
2026-08-24T02:20:49,113.67,48.93
2026-08-24T02:20:50,113.81,49.06
2026-08-24T02:20:51,113.91,49.17
2026-08-24T02:20:52,113.66,48.92
2026-08-24T02:20:53,113.84,49.1
2026-08-24T02:20:54,113.02,48.29
2026-08-24T02:20:55,113.32,48.59
2026-08-24T02:20:56,113.43,48.69
2026-08-24T02:20:57,113.14,48.41
2026-08-24T02:20:58,113.28,48.55
2026-08-24T02:20:59,113.59,48.85
2026-08-24T02:21:00,114.04,49.3
2026-08-24T02:21:01,113.41,48.67
2026-08-24T02:21:02,113.7,48.96
2026-08-24T02:21:03,113.51,48.77
2026-08-24T02:21:04,113.86,49.12
2026-08-24T02:21:05,113.52,48.78
2026-08-24T02:21:06,113.86,49.12
2026-08-24T02:21:07,113.84,49.1
2026-08-24T02:21:08,113.46,48.72
2026-08-24T02:21:09,113.68,48.94
2026-08-24T02:21:10,114.17,49.42
2026-08-24T02:21:11,113.7,48.96
2026-08-24T02:21:12,113.62,48.88
2026-08-24T02:21:13,114.09,49.35
2026-08-24T02:21:14,114.39,49.64
2026-08-24T02:21:15,114.05,49.31
2026-08-24T02:21:16,115.39,50.63
2026-08-24T02:21:17,115.67,50.9
2026-08-24T02:21:18,116.71,51.93
2026-08-24T02:21:19,118.62,53.81
2026-08-24T02:21:20,119.31,54.49
2026-08-24T02:21:21,121.77,56.92
2026-08-24T02:21:22,123.05,58.18
2026-08-24T02:21:23,124.86,59.96
2026-08-24T02:21:24,125.6,60.69
2026-08-24T02:21:25,127.14,62.21
2026-08-24T02:21:26,127.8,62.86
2026-08-24T02:21:27,125.88,60.97
2026-08-24T02:21:28,124.28,59.39
2026-08-24T02:21:29,121.74,56.89
2026-08-24T02:21:30,119.85,55.03
2026-08-24T02:21:31,118.1,53.3
2026-08-24T02:21:32,116.67,51.88
2026-08-24T02:21:33,116.89,52.1
2026-08-24T02:21:34,116.52,51.74
2026-08-24T02:21:35,115.41,50.65
2026-08-24T02:21:36,115.65,50.89
2026-08-24T02:21:37,114.97,50.21
2026-08-24T02:21:38,114.65,49.9
2026-08-24T02:21:39,114.34,49.59
2026-08-24T02:21:40,114.27,49.52
2026-08-24T02:21:41,114.91,50.16
2026-08-24T02:21:42,114.82,50.07
2026-08-24T02:21:43,113.85,49.11
2026-08-24T02:21:44,114.07,49.32
2026-08-24T02:21:45,114.2,49.46
2026-08-24T02:21:46,114.76,50.0
2026-08-24T02:21:47,115.06,50.3
2026-08-24T02:21:48,114.92,50.16
2026-08-24T02:21:49,114.54,49.79
2026-08-24T02:21:50,114.48,49.73
2026-08-24T02:21:51,114.17,49.42
2026-08-24T02:21:52,113.55,48.81
2026-08-24T02:21:53,113.62,48.88
2026-08-24T02:21:54,113.63,48.89
2026-08-24T02:21:55,114.01,49.26
2026-08-24T02:21:56,114.1,49.36
2026-08-24T02:21:57,113.45,48.72
2026-08-24T02:21:58,113.57,48.84
2026-08-24T02:21:59,113.76,49.02
2026-08-24T02:22:00,113.98,49.24
2026-08-24T02:22:01,113.53,48.79
2026-08-24T02:22:02,113.68,48.94
2026-08-24T02:22:03,114.15,49.4
2026-08-24T02:22:04,113.52,48.78
2026-08-24T02:22:05,113.71,48.97
2026-08-24T02:22:06,113.73,48.99
2026-08-24T02:22:07,113.64,48.9
2026-08-24T02:22:08,113.76,49.02
2026-08-24T02:22:09,113.54,48.8
2026-08-24T02:22:10,114.44,49.69
2026-08-24T02:22:11,113.85,49.11
2026-08-24T02:22:12,114.08,49.33
2026-08-24T02:22:13,113.67,48.93
2026-08-24T02:22:14,113.8,49.06
2026-08-24T02:22:15,113.85,49.11
2026-08-24T02:22:16,113.59,48.85
2026-08-24T02:22:17,113.76,49.02
2026-08-24T02:22:18,113.51,48.77
2026-08-24T02:22:19,113.75,49.01
2026-08-24T02:22:20,113.61,48.87
2026-08-24T02:22:21,113.67,48.93
2026-08-24T02:22:22,113.5,48.76
2026-08-24T02:22:23,113.17,48.44
2026-08-24T02:22:24,114.58,49.83
2026-08-24T02:22:25,113.3,48.56
2026-08-24T02:22:26,112.82,48.09
2026-08-24T02:22:27,113.67,48.93
2026-08-24T02:22:28,113.57,48.83
2026-08-24T02:22:29,113.59,48.86
2026-08-24T02:22:30,113.4,48.67
2026-08-24T02:22:31,113.56,48.83
2026-08-24T02:22:32,113.61,48.87
2026-08-24T02:22:33,113.46,48.72
2026-08-24T02:22:34,113.29,48.56
2026-08-24T02:22:35,113.6,48.87
2026-08-24T02:22:36,113.25,48.52
2026-08-24T02:22:37,113.94,49.2
2026-08-24T02:22:38,113.24,48.51
2026-08-24T02:22:39,113.76,49.02
2026-08-24T02:22:40,113.75,49.01
2026-08-24T02:22:41,113.81,49.07
2026-08-24T02:22:42,113.82,49.08
2026-08-24T02:22:43,113.4,48.66
2026-08-24T02:22:44,113.44,48.7
2026-08-24T02:22:45,113.29,48.56
2026-08-24T02:22:46,113.37,48.63
2026-08-24T02:22:47,113.59,48.85
2026-08-24T02:22:48,114.12,49.38
2026-08-24T02:22:49,113.44,48.7
2026-08-24T02:22:50,113.55,48.81
2026-08-24T02:22:51,113.77,49.03
2026-08-24T02:22:52,113.39,48.65
2026-08-24T02:22:53,113.56,48.82
2026-08-24T02:22:54,112.91,48.18
2026-08-24T02:22:55,113.38,48.65
2026-08-24T02:22:56,113.22,48.49
2026-08-24T02:22:57,113.25,48.51
2026-08-24T02:22:58,113.45,48.71
2026-08-24T02:22:59,113.41,48.68
2026-08-24T02:23:00,113.28,48.55
2026-08-24T02:23:01,113.36,48.63
2026-08-24T02:23:02,113.8,49.06
2026-08-24T02:23:03,113.27,48.54
2026-08-24T02:23:04,113.27,48.53
2026-08-24T02:23:05,113.64,48.9
2026-08-24T02:23:06,113.34,48.6
2026-08-24T02:23:07,112.7,47.97
2026-08-24T02:23:08,113.37,48.64
2026-08-24T02:23:09,113.6,48.86
2026-08-24T02:23:10,113.27,48.53
2026-08-24T02:23:11,113.65,48.91
2026-08-24T02:23:12,114.16,49.41
2026-08-24T02:23:13,113.46,48.72
2026-08-24T02:23:14,113.8,49.06
2026-08-24T02:23:15,113.62,48.88
2026-08-24T02:23:16,113.98,49.23
2026-08-24T02:23:17,113.07,48.34
2026-08-24T02:23:18,112.89,48.16
2026-08-24T02:23:19,113.28,48.55
2026-08-24T02:23:20,113.52,48.78
2026-08-24T02:23:21,113.61,48.87
2026-08-24T02:23:22,113.09,48.36
2026-08-24T02:23:23,113.35,48.62
2026-08-24T02:23:24,113.85,49.11
2026-08-24T02:23:25,113.65,48.91
2026-08-24T02:23:26,113.05,48.32
2026-08-24T02:23:27,113.6,48.86
2026-08-24T02:23:28,113.03,48.3
2026-08-24T02:23:29,114.31,49.56
2026-08-24T02:23:30,113.71,48.97
2026-08-24T02:23:31,114.22,49.47
2026-08-24T02:23:32,113.48,48.75
2026-08-24T02:23:33,113.86,49.12
2026-08-24T02:23:34,113.45,48.72
2026-08-24T02:23:35,114.01,49.27
2026-08-24T02:23:36,113.73,48.99
2026-08-24T02:23:37,113.11,48.38
2026-08-24T02:23:38,114.15,49.4
2026-08-24T02:23:39,113.73,48.99
2026-08-24T02:23:40,113.93,49.18
2026-08-24T02:23:41,113.81,49.07
2026-08-24T02:23:42,113.74,49.0
2026-08-24T02:23:43,113.11,48.38
2026-08-24T02:23:44,113.83,49.09
2026-08-24T02:23:45,114.01,49.27
2026-08-24T02:23:46,113.21,48.48
2026-08-24T02:23:47,113.91,49.16
2026-08-24T02:23:48,112.88,48.15
2026-08-24T02:23:49,114.16,49.42
2026-08-24T02:23:50,114.25,49.51
2026-08-24T02:23:51,114.14,49.4
2026-08-24T02:23:52,113.77,49.03
2026-08-24T02:23:53,113.6,48.86
2026-08-24T02:23:54,113.85,49.11
2026-08-24T02:23:55,113.94,49.2
2026-08-24T02:23:56,113.78,49.04
2026-08-24T02:23:57,113.06,48.33
2026-08-24T02:23:58,113.82,49.08
2026-08-24T02:23:59,113.68,48.94
2026-08-24T02:24:00,113.15,48.42
2026-08-24T02:24:01,113.04,48.31
2026-08-24T02:24:02,113.6,48.87
2026-08-24T02:24:03,113.44,48.7
2026-08-24T02:24:04,113.17,48.44
2026-08-24T02:24:05,113.98,49.24
2026-08-24T02:24:06,112.94,48.21
2026-08-24T02:24:07,113.57,48.84
2026-08-24T02:24:08,113.68,48.94
2026-08-24T02:24:09,113.67,48.93
2026-08-24T02:24:10,113.6,48.87
2026-08-24T02:24:11,113.52,48.78
2026-08-24T02:24:12,113.69,48.95
2026-08-24T02:24:13,114.02,49.27
2026-08-24T02:24:14,113.34,48.61
2026-08-24T02:24:15,113.75,49.01
2026-08-24T02:24:16,114.35,49.6
2026-08-24T02:24:17,114.11,49.36
2026-08-24T02:24:18,114.01,49.26
2026-08-24T02:24:19,113.44,48.7
2026-08-24T02:24:20,114.25,49.5
2026-08-24T02:24:21,113.35,48.61
2026-08-24T02:24:22,113.89,49.15
2026-08-24T02:24:23,113.52,48.78
2026-08-24T02:24:24,113.51,48.77
2026-08-24T02:24:25,113.28,48.55
2026-08-24T02:24:26,114.15,49.4
2026-08-24T02:24:27,113.89,49.14
2026-08-24T02:24:28,113.22,48.49
2026-08-24T02:24:29,113.53,48.79
2026-08-24T02:24:30,113.48,48.75
2026-08-24T02:24:31,113.67,48.93
2026-08-24T02:24:32,113.13,48.4
2026-08-24T02:24:33,113.51,48.78
2026-08-24T02:24:34,113.44,48.71
2026-08-24T02:24:35,113.85,49.11
2026-08-24T02:24:36,113.71,48.97
2026-08-24T02:24:37,114.01,49.27
2026-08-24T02:24:38,113.0,48.27
2026-08-24T02:24:39,113.96,49.21
2026-08-24T02:24:40,114.38,49.64
2026-08-24T02:24:41,113.82,49.08
2026-08-24T02:24:42,113.9,49.16
2026-08-24T02:24:43,114.19,49.45
2026-08-24T02:24:44,113.25,48.52
2026-08-24T02:24:45,113.69,48.95
2026-08-24T02:24:46,113.82,49.08
2026-08-24T02:24:47,114.1,49.36
2026-08-24T02:24:48,113.4,48.66
2026-08-24T02:24:49,114.22,49.47
2026-08-24T02:24:50,114.12,49.38
2026-08-24T02:24:51,114.52,49.77
2026-08-24T02:24:52,114.1,49.36
2026-08-24T02:24:53,114.17,49.42
2026-08-24T02:24:54,114.85,50.09
2026-08-24T02:24:55,115.1,50.34
2026-08-24T02:24:56,115.77,51.0
2026-08-24T02:24:57,116.35,51.58
2026-08-24T02:24:58,117.79,52.99
2026-08-24T02:24:59,118.83,54.02
2026-08-24T02:25:00,121.36,56.51
2026-08-24T02:25:01,122.23,57.37
2026-08-24T02:25:02,123.82,58.93
2026-08-24T02:25:03,123.63,58.75
2026-08-24T02:25:04,123.18,58.3
2026-08-24T02:25:05,122.14,57.28
2026-08-24T02:25:06,119.98,55.15
2026-08-24T02:25:07,117.73,52.94
2026-08-24T02:25:08,116.7,51.92
2026-08-24T02:25:09,116.19,51.42
2026-08-24T02:25:10,115.14,50.38
2026-08-24T02:25:11,114.6,49.85
2026-08-24T02:25:12,114.48,49.73
2026-08-24T02:25:13,114.26,49.51
2026-08-24T02:25:14,114.96,50.2
2026-08-24T02:25:15,113.92,49.17
2026-08-24T02:25:16,114.21,49.46
2026-08-24T02:25:17,114.14,49.39
2026-08-24T02:25:18,113.84,49.1
2026-08-24T02:25:19,113.54,48.8
2026-08-24T02:25:20,113.81,49.07
2026-08-24T02:25:21,114.52,49.77
2026-08-24T02:25:22,113.84,49.1
2026-08-24T02:25:23,113.85,49.11
2026-08-24T02:25:24,113.49,48.76
2026-08-24T02:25:25,113.96,49.22
2026-08-24T02:25:26,114.05,49.31
2026-08-24T02:25:27,114.52,49.77
2026-08-24T02:25:28,113.31,48.58
2026-08-24T02:25:29,113.68,48.94
2026-08-24T02:25:30,114.04,49.3
2026-08-24T02:25:31,114.07,49.33
2026-08-24T02:25:32,114.23,49.48
2026-08-24T02:25:33,114.46,49.71
2026-08-24T02:25:34,113.56,48.82
2026-08-24T02:25:35,113.34,48.61
2026-08-24T02:25:36,113.88,49.13
2026-08-24T02:25:37,113.06,48.33
2026-08-24T02:25:38,113.39,48.65
2026-08-24T02:25:39,114.01,49.26
2026-08-24T02:25:40,112.9,48.17
2026-08-24T02:25:41,113.47,48.74
2026-08-24T02:25:42,113.55,48.81
2026-08-24T02:25:43,113.28,48.55
2026-08-24T02:25:44,113.3,48.56
2026-08-24T02:25:45,113.84,49.09
2026-08-24T02:25:46,113.92,49.18
2026-08-24T02:25:47,113.8,49.06
2026-08-24T02:25:48,114.05,49.31
2026-08-24T02:25:49,113.76,49.02
2026-08-24T02:25:50,113.24,48.51
2026-08-24T02:25:51,114.15,49.4
2026-08-24T02:25:52,113.99,49.25
2026-08-24T02:25:53,114.16,49.42
2026-08-24T02:25:54,113.52,48.79
2026-08-24T02:25:55,113.6,48.86
2026-08-24T02:25:56,114.32,49.57
2026-08-24T02:25:57,113.6,48.86
2026-08-24T02:25:58,113.08,48.35
2026-08-24T02:25:59,114.04,49.3
2026-08-24T02:26:00,114.38,49.63
2026-08-24T02:26:01,113.72,48.98
2026-08-24T02:26:02,113.78,49.04
2026-08-24T02:26:03,113.39,48.66
2026-08-24T02:26:04,113.63,48.89
2026-08-24T02:26:05,113.67,48.93
2026-08-24T02:26:06,114.02,49.28
2026-08-24T02:26:07,113.35,48.62
2026-08-24T02:26:08,114.02,49.28
2026-08-24T02:26:09,113.49,48.76
2026-08-24T02:26:10,114.62,49.87
2026-08-24T02:26:11,113.54,48.8
2026-08-24T02:26:12,113.73,48.99
2026-08-24T02:26:13,113.59,48.85
2026-08-24T02:26:14,113.8,49.06
2026-08-24T02:26:15,113.42,48.68
2026-08-24T02:26:16,114.18,49.44
2026-08-24T02:26:17,113.92,49.18
2026-08-24T02:26:18,114.19,49.44
2026-08-24T02:26:19,113.89,49.15
2026-08-24T02:26:20,113.77,49.03
2026-08-24T02:26:21,113.54,48.8
2026-08-24T02:26:22,114.21,49.46
2026-08-24T02:26:23,113.35,48.62
2026-08-24T02:26:24,113.75,49.01
2026-08-24T02:26:25,113.66,48.92
2026-08-24T02:26:26,113.8,49.06
2026-08-24T02:26:27,113.44,48.7
2026-08-24T02:26:28,113.23,48.5
2026-08-24T02:26:29,113.66,48.92
2026-08-24T02:26:30,113.53,48.79
2026-08-24T02:26:31,113.8,49.06
2026-08-24T02:26:32,113.61,48.87
2026-08-24T02:26:33,113.87,49.13
2026-08-24T02:26:34,113.28,48.54
2026-08-24T02:26:35,113.82,49.08
2026-08-24T02:26:36,113.64,48.9
2026-08-24T02:26:37,113.52,48.78
2026-08-24T02:26:38,113.9,49.16
2026-08-24T02:26:39,113.79,49.05
2026-08-24T02:26:40,113.28,48.55
2026-08-24T02:26:41,113.49,48.75
2026-08-24T02:26:42,113.86,49.12
2026-08-24T02:26:43,113.88,49.13
2026-08-24T02:26:44,113.47,48.74
2026-08-24T02:26:45,114.05,49.3
2026-08-24T02:26:46,113.62,48.88
2026-08-24T02:26:47,113.75,49.01
2026-08-24T02:26:48,114.08,49.34
2026-08-24T02:26:49,113.76,49.02
2026-08-24T02:26:50,113.66,48.92
2026-08-24T02:26:51,113.59,48.85
2026-08-24T02:26:52,113.15,48.41
2026-08-24T02:26:53,113.74,49.0
2026-08-24T02:26:54,114.25,49.5
2026-08-24T02:26:55,113.81,49.07
2026-08-24T02:26:56,113.94,49.2
2026-08-24T02:26:57,113.95,49.21
2026-08-24T02:26:58,113.92,49.18
2026-08-24T02:26:59,114.39,49.64
2026-08-24T02:27:00,113.78,49.04
2026-08-24T02:27:01,113.72,48.98
2026-08-24T02:27:02,113.55,48.81
2026-08-24T02:27:03,113.74,49.0
2026-08-24T02:27:04,114.18,49.44
2026-08-24T02:27:05,114.31,49.56
2026-08-24T02:27:06,113.95,49.21
2026-08-24T02:27:07,113.92,49.18
2026-08-24T02:27:08,113.82,49.08
2026-08-24T02:27:09,114.56,49.8
2026-08-24T02:27:10,114.71,49.96
2026-08-24T02:27:11,113.83,49.09
2026-08-24T02:27:12,114.28,49.53
2026-08-24T02:27:13,114.55,49.8
2026-08-24T02:27:14,113.99,49.25
2026-08-24T02:27:15,113.51,48.77
2026-08-24T02:27:16,114.44,49.69
2026-08-24T02:27:17,114.53,49.78
2026-08-24T02:27:18,113.73,48.99
2026-08-24T02:27:19,113.53,48.79
2026-08-24T02:27:20,113.44,48.7
2026-08-24T02:27:21,113.41,48.67
2026-08-24T02:27:22,113.88,49.14
2026-08-24T02:27:23,114.16,49.42
2026-08-24T02:27:24,114.09,49.35
2026-08-24T02:27:25,113.39,48.66
2026-08-24T02:27:26,114.51,49.76
2026-08-24T02:27:27,114.04,49.29
2026-08-24T02:27:28,113.42,48.69
2026-08-24T02:27:29,114.26,49.51
2026-08-24T02:27:30,113.08,48.35
2026-08-24T02:27:31,113.76,49.02
2026-08-24T02:27:32,113.89,49.15
2026-08-24T02:27:33,113.56,48.82
2026-08-24T02:27:34,113.51,48.77
2026-08-24T02:27:35,113.79,49.05
2026-08-24T02:27:36,113.43,48.69
2026-08-24T02:27:37,113.6,48.86
2026-08-24T02:27:38,113.58,48.84
2026-08-24T02:27:39,113.67,48.93
2026-08-24T02:27:40,114.25,49.5
2026-08-24T02:27:41,113.3,48.57
2026-08-24T02:27:42,113.93,49.19
2026-08-24T02:27:43,114.01,49.27
2026-08-24T02:27:44,113.52,48.79
2026-08-24T02:27:45,114.0,49.26
2026-08-24T02:27:46,113.97,49.23
2026-08-24T02:27:47,113.81,49.07
2026-08-24T02:27:48,113.51,48.78
2026-08-24T02:27:49,113.82,49.08
2026-08-24T02:27:50,114.22,49.47
2026-08-24T02:27:51,114.22,49.47
2026-08-24T02:27:52,113.43,48.69
2026-08-24T02:27:53,114.26,49.51
2026-08-24T02:27:54,113.79,49.05
2026-08-24T02:27:55,113.91,49.16
2026-08-24T02:27:56,113.76,49.02
2026-08-24T02:27:57,113.72,48.98
2026-08-24T02:27:58,113.41,48.67
2026-08-24T02:27:59,113.36,48.63
2026-08-24T02:28:00,114.19,49.44
2026-08-24T02:28:01,113.91,49.16
2026-08-24T02:28:02,113.49,48.75
2026-08-24T02:28:03,113.42,48.69
2026-08-24T02:28:04,114.54,49.79
2026-08-24T02:28:05,113.98,49.24
2026-08-24T02:28:06,113.24,48.51
2026-08-24T02:28:07,113.78,49.04
2026-08-24T02:28:08,113.57,48.83
2026-08-24T02:28:09,113.36,48.63
2026-08-24T02:28:10,114.21,49.46
2026-08-24T02:28:11,114.13,49.39
2026-08-24T02:28:12,113.66,48.93
2026-08-24T02:28:13,113.94,49.19
2026-08-24T02:28:14,113.94,49.2
2026-08-24T02:28:15,113.59,48.86
2026-08-24T02:28:16,113.7,48.96
2026-08-24T02:28:17,114.33,49.58
2026-08-24T02:28:18,114.16,49.42
2026-08-24T02:28:19,114.59,49.84
2026-08-24T02:28:20,114.75,49.99
2026-08-24T02:28:21,114.92,50.16
2026-08-24T02:28:22,114.44,49.69
2026-08-24T02:28:23,114.3,49.56
2026-08-24T02:28:24,114.02,49.28
2026-08-24T02:28:25,114.14,49.4
2026-08-24T02:28:26,113.79,49.05
2026-08-24T02:28:27,113.56,48.83
2026-08-24T02:28:28,114.69,49.94
2026-08-24T02:28:29,115.42,50.65
2026-08-24T02:28:30,116.61,51.83
2026-08-24T02:28:31,115.86,51.09
2026-08-24T02:28:32,115.47,50.7
2026-08-24T02:28:33,114.7,49.95
2026-08-24T02:28:34,114.49,49.74
2026-08-24T02:28:35,114.14,49.39
2026-08-24T02:28:36,113.99,49.25
2026-08-24T02:28:37,114.97,50.22
2026-08-24T02:28:38,114.55,49.8
2026-08-24T02:28:39,114.52,49.77
2026-08-24T02:28:40,113.94,49.2
2026-08-24T02:28:41,114.26,49.51
2026-08-24T02:28:42,113.77,49.03
2026-08-24T02:28:43,114.02,49.28
2026-08-24T02:28:44,113.53,48.8
2026-08-24T02:28:45,113.63,48.89
2026-08-24T02:28:46,113.38,48.64
2026-08-24T02:28:47,113.42,48.69
2026-08-24T02:28:48,113.61,48.87
2026-08-24T02:28:49,114.17,49.42
2026-08-24T02:28:50,114.83,50.08
2026-08-24T02:28:51,115.45,50.68
2026-08-24T02:28:52,116.73,51.95
2026-08-24T02:28:53,115.96,51.19
2026-08-24T02:28:54,116.04,51.27
2026-08-24T02:28:55,116.39,51.62
2026-08-24T02:28:56,116.23,51.46
2026-08-24T02:28:57,115.03,50.27
2026-08-24T02:28:58,114.32,49.57
2026-08-24T02:28:59,114.02,49.28
2026-08-24T02:29:00,114.22,49.48
2026-08-24T02:29:01,114.45,49.7
2026-08-24T02:29:02,115.05,50.29
2026-08-24T02:29:03,115.23,50.46
2026-08-24T02:29:04,114.89,50.13
2026-08-24T02:29:05,114.38,49.63
2026-08-24T02:29:06,114.86,50.1
2026-08-24T02:29:07,114.91,50.15
2026-08-24T02:29:08,114.76,50.0
2026-08-24T02:29:09,114.21,49.46
2026-08-24T02:29:10,115.1,50.34
2026-08-24T02:29:11,114.54,49.79
2026-08-24T02:29:12,115.9,51.13
2026-08-24T02:29:13,116.29,51.52
2026-08-24T02:29:14,115.55,50.78
2026-08-24T02:29:15,118.69,53.88
2026-08-24T02:29:16,118.79,53.98
2026-08-24T02:29:17,118.56,53.75
2026-08-24T02:29:18,119.81,54.98
2026-08-24T02:29:19,113.87,49.13
2026-08-24T02:29:20,113.6,48.87
2026-08-24T02:29:21,113.67,48.93
2026-08-24T02:29:22,113.64,48.9
2026-08-24T02:29:23,113.2,48.47
2026-08-24T02:29:24,113.63,48.89
2026-08-24T02:29:25,113.29,48.55
2026-08-24T02:29:26,113.58,48.84
2026-08-24T02:29:27,113.37,48.63
2026-08-24T02:29:28,113.8,49.06
2026-08-24T02:29:29,114.12,49.37
2026-08-24T02:29:30,114.09,49.35
2026-08-24T02:29:31,113.72,48.98
2026-08-24T02:29:32,113.69,48.95
2026-08-24T02:29:33,114.06,49.32
2026-08-24T02:29:34,113.81,49.07
2026-08-24T02:29:35,113.68,48.94
2026-08-24T02:29:36,114.02,49.27
2026-08-24T02:29:37,113.24,48.51
2026-08-24T02:29:38,114.2,49.45
2026-08-24T02:29:39,113.46,48.72
2026-08-24T02:29:40,113.55,48.81
2026-08-24T02:29:41,113.56,48.82
2026-08-24T02:29:42,113.36,48.63
2026-08-24T02:29:43,113.44,48.71
2026-08-24T02:29:44,113.43,48.69
2026-08-24T02:29:45,113.37,48.64
2026-08-24T02:29:46,113.87,49.12
2026-08-24T02:29:47,113.77,49.03
2026-08-24T02:29:48,113.54,48.81
2026-08-24T02:29:49,113.64,48.9
2026-08-24T02:29:50,113.64,48.9
2026-08-24T02:29:51,114.34,49.59
2026-08-24T02:29:52,113.38,48.64
2026-08-24T02:29:53,113.98,49.23
2026-08-24T02:29:54,113.53,48.79
2026-08-24T02:29:55,114.0,49.26
2026-08-24T02:29:56,113.97,49.23
2026-08-24T02:29:57,113.54,48.81
2026-08-24T02:29:58,113.62,48.88
2026-08-24T02:29:59,113.14,48.41
2026-08-24T02:30:00,113.52,48.78
2026-08-24T02:30:01,113.65,48.91
2026-08-24T02:30:02,113.61,48.87
2026-08-24T02:30:03,113.69,48.95
2026-08-24T02:30:04,114.35,49.6
2026-08-24T02:30:05,113.77,49.03
2026-08-24T02:30:06,113.35,48.61
2026-08-24T02:30:07,114.12,49.37
2026-08-24T02:30:08,113.75,49.01
2026-08-24T02:30:09,113.5,48.77
2026-08-24T02:30:10,113.56,48.82
2026-08-24T02:30:11,113.22,48.49
2026-08-24T02:30:12,113.33,48.6
2026-08-24T02:30:13,113.45,48.72
2026-08-24T02:30:14,113.61,48.87
2026-08-24T02:30:15,114.05,49.31
2026-08-24T02:30:16,114.12,49.37
2026-08-24T02:30:17,113.44,48.71
2026-08-24T02:30:18,114.68,49.93
2026-08-24T02:30:19,113.89,49.15
2026-08-24T02:30:20,114.1,49.36
2026-08-24T02:30:21,113.97,49.23
2026-08-24T02:30:22,113.6,48.86
2026-08-24T02:30:23,113.09,48.35
2026-08-24T02:30:24,113.92,49.18
2026-08-24T02:30:25,113.84,49.1
2026-08-24T02:30:26,113.59,48.86
2026-08-24T02:30:27,113.62,48.88
2026-08-24T02:30:28,113.33,48.6
2026-08-24T02:30:29,113.43,48.69
2026-08-24T02:30:30,113.21,48.48
2026-08-24T02:30:31,113.59,48.85
2026-08-24T02:30:32,114.06,49.32
2026-08-24T02:30:33,113.47,48.73
2026-08-24T02:30:34,113.3,48.57
2026-08-24T02:30:35,113.95,49.21
2026-08-24T02:30:36,113.06,48.33
2026-08-24T02:30:37,113.24,48.5
2026-08-24T02:30:38,113.91,49.17
2026-08-24T02:30:39,113.52,48.78
2026-08-24T02:30:40,112.98,48.25
2026-08-24T02:30:41,113.73,48.99
2026-08-24T02:30:42,113.35,48.61
2026-08-24T02:30:43,113.67,48.94
2026-08-24T02:30:44,113.36,48.62
2026-08-24T02:30:45,113.63,48.89
2026-08-24T02:30:46,113.41,48.67
2026-08-24T02:30:47,114.14,49.39
2026-08-24T02:30:48,113.37,48.63
2026-08-24T02:30:49,113.79,49.05
2026-08-24T02:30:50,113.56,48.82
2026-08-24T02:30:51,113.52,48.78
2026-08-24T02:30:52,113.58,48.84
2026-08-24T02:30:53,113.88,49.14
2026-08-24T02:30:54,113.65,48.91
2026-08-24T02:30:55,113.46,48.72
2026-08-24T02:30:56,114.21,49.47
2026-08-24T02:30:57,113.3,48.56
2026-08-24T02:30:58,114.14,49.39
2026-08-24T02:30:59,113.19,48.46
2026-08-24T02:31:00,113.61,48.87
2026-08-24T02:31:01,113.53,48.79
2026-08-24T02:31:02,113.87,49.13
2026-08-24T02:31:03,113.9,49.16
2026-08-24T02:31:04,113.82,49.08
2026-08-24T02:31:05,113.45,48.71
2026-08-24T02:31:06,113.53,48.79
2026-08-24T02:31:07,113.78,49.04
2026-08-24T02:31:08,114.19,49.44
2026-08-24T02:31:09,113.32,48.59
2026-08-24T02:31:10,113.27,48.54
2026-08-24T02:31:11,113.18,48.44
2026-08-24T02:31:12,112.92,48.19
2026-08-24T02:31:13,113.61,48.87
2026-08-24T02:31:14,113.53,48.79
2026-08-24T02:31:15,113.83,49.09
2026-08-24T02:31:16,113.78,49.04
2026-08-24T02:31:17,113.46,48.72
2026-08-24T02:31:18,114.14,49.4
2026-08-24T02:31:19,113.73,48.99
2026-08-24T02:31:20,113.25,48.52
2026-08-24T02:31:21,114.1,49.35
2026-08-24T02:31:22,112.87,48.15
2026-08-24T02:31:23,113.53,48.79
2026-08-24T02:31:24,113.65,48.91
2026-08-24T02:31:25,114.04,49.3
2026-08-24T02:31:26,113.11,48.38
2026-08-24T02:31:27,113.73,48.99
2026-08-24T02:31:28,113.58,48.84
2026-08-24T02:31:29,114.12,49.37
2026-08-24T02:31:30,113.23,48.5
2026-08-24T02:31:31,113.97,49.22
2026-08-24T02:31:32,113.18,48.45
2026-08-24T02:31:33,113.43,48.7
2026-08-24T02:31:34,113.61,48.87
2026-08-24T02:31:35,112.77,48.04
2026-08-24T02:31:36,113.09,48.36
2026-08-24T02:31:37,113.82,49.08
2026-08-24T02:31:38,113.13,48.4
2026-08-24T02:31:39,113.49,48.76
2026-08-24T02:31:40,113.54,48.8
2026-08-24T02:31:41,113.01,48.28
2026-08-24T02:31:42,113.6,48.86
2026-08-24T02:31:43,113.68,48.94
2026-08-24T02:31:44,113.0,48.27
2026-08-24T02:31:45,113.22,48.49
2026-08-24T02:31:46,113.42,48.69
2026-08-24T02:31:47,113.8,49.05
2026-08-24T02:31:48,113.71,48.97
2026-08-24T02:31:49,112.84,48.11
2026-08-24T02:31:50,113.74,49.0
2026-08-24T02:31:51,113.85,49.11
2026-08-24T02:31:52,113.45,48.71
2026-08-24T02:31:53,113.11,48.38
2026-08-24T02:31:54,113.46,48.72
2026-08-24T02:31:55,113.28,48.54
2026-08-24T02:31:56,113.23,48.5
2026-08-24T02:31:57,114.03,49.29
2026-08-24T02:31:58,113.64,48.9
2026-08-24T02:31:59,113.45,48.71
2026-08-24T02:32:00,113.04,48.31
2026-08-24T02:32:01,113.67,48.93
2026-08-24T02:32:02,114.54,49.79
2026-08-24T02:32:03,113.5,48.77
2026-08-24T02:32:04,113.69,48.95
2026-08-24T02:32:05,113.59,48.86
2026-08-24T02:32:06,114.08,49.34
2026-08-24T02:32:07,114.19,49.44
2026-08-24T02:32:08,113.9,49.16
2026-08-24T02:32:09,113.32,48.59
2026-08-24T02:32:10,113.39,48.65
2026-08-24T02:32:11,113.34,48.61
2026-08-24T02:32:12,113.5,48.76
2026-08-24T02:32:13,113.6,48.86
2026-08-24T02:32:14,113.87,49.13
2026-08-24T02:32:15,113.94,49.2
2026-08-24T02:32:16,113.12,48.39
2026-08-24T02:32:17,113.81,49.07
2026-08-24T02:32:18,113.51,48.77
2026-08-24T02:32:19,113.28,48.55
2026-08-24T02:32:20,113.45,48.72
2026-08-24T02:32:21,112.92,48.19
2026-08-24T02:32:22,113.39,48.65
2026-08-24T02:32:23,113.94,49.2
2026-08-24T02:32:24,113.49,48.75
2026-08-24T02:32:25,113.06,48.33
2026-08-24T02:32:26,113.36,48.63
2026-08-24T02:32:27,113.58,48.84
2026-08-24T02:32:28,113.27,48.54
2026-08-24T02:32:29,113.66,48.92
2026-08-24T02:32:30,113.65,48.91
2026-08-24T02:32:31,113.71,48.97
2026-08-24T02:32:32,113.36,48.62
2026-08-24T02:32:33,113.75,49.01
2026-08-24T02:32:34,113.59,48.85
2026-08-24T02:32:35,113.26,48.52
2026-08-24T02:32:36,113.88,49.14
2026-08-24T02:32:37,113.39,48.66
2026-08-24T02:32:38,113.18,48.44
2026-08-24T02:32:39,113.95,49.21
2026-08-24T02:32:40,113.88,49.14
2026-08-24T02:32:41,113.76,49.02
2026-08-24T02:32:42,113.32,48.59
2026-08-24T02:32:43,113.61,48.87
2026-08-24T02:32:44,113.79,49.04
2026-08-24T02:32:45,113.7,48.96
2026-08-24T02:32:46,113.7,48.96
2026-08-24T02:32:47,114.01,49.27
2026-08-24T02:32:48,113.23,48.49
2026-08-24T02:32:49,113.6,48.87
2026-08-24T02:32:50,113.77,49.03
2026-08-24T02:32:51,114.13,49.39
2026-08-24T02:32:52,113.56,48.82
2026-08-24T02:32:53,113.97,49.23
2026-08-24T02:32:54,113.19,48.46
2026-08-24T02:32:55,113.44,48.7
2026-08-24T02:32:56,113.85,49.11
2026-08-24T02:32:57,113.4,48.66
2026-08-24T02:32:58,113.73,48.99
2026-08-24T02:32:59,113.73,48.99
2026-08-24T02:33:00,113.55,48.81
2026-08-24T02:33:01,113.63,48.89
2026-08-24T02:33:02,113.73,48.99
2026-08-24T02:33:03,113.31,48.57
2026-08-24T02:33:04,113.52,48.79
2026-08-24T02:33:05,113.62,48.88
2026-08-24T02:33:06,113.74,49.0
2026-08-24T02:33:07,112.87,48.14
2026-08-24T02:33:08,113.54,48.81
2026-08-24T02:33:09,113.57,48.83
2026-08-24T02:33:10,113.45,48.71
2026-08-24T02:33:11,114.23,49.49
2026-08-24T02:33:12,113.78,49.04
2026-08-24T02:33:13,113.23,48.5
2026-08-24T02:33:14,113.37,48.64
2026-08-24T02:33:15,113.9,49.16
2026-08-24T02:33:16,112.85,48.12
2026-08-24T02:33:17,113.26,48.53
2026-08-24T02:33:18,113.86,49.12
2026-08-24T02:33:19,113.39,48.66
2026-08-24T02:33:20,113.85,49.11
2026-08-24T02:33:21,113.38,48.65
2026-08-24T02:33:22,113.37,48.63
2026-08-24T02:33:23,113.78,49.04
2026-08-24T02:33:24,113.84,49.1
2026-08-24T02:33:25,113.3,48.57
2026-08-24T02:33:26,113.7,48.96
2026-08-24T02:33:27,113.25,48.52
2026-08-24T02:33:28,113.76,49.02
2026-08-24T02:33:29,113.86,49.12
2026-08-24T02:33:30,114.45,49.7
2026-08-24T02:33:31,113.48,48.74
2026-08-24T02:33:32,113.85,49.11
2026-08-24T02:33:33,113.3,48.56
2026-08-24T02:33:34,113.44,48.71
2026-08-24T02:33:35,113.54,48.8
2026-08-24T02:33:36,113.81,49.07
2026-08-24T02:33:37,113.04,48.31
2026-08-24T02:33:38,113.37,48.63
2026-08-24T02:33:39,113.92,49.18
2026-08-24T02:33:40,113.74,49.0
2026-08-24T02:33:41,113.64,48.9
2026-08-24T02:33:42,113.99,49.25
2026-08-24T02:33:43,113.87,49.13
2026-08-24T02:33:44,114.15,49.41
2026-08-24T02:33:45,113.26,48.52
2026-08-24T02:33:46,113.21,48.48
2026-08-24T02:33:47,113.41,48.68
2026-08-24T02:33:48,113.7,48.96
2026-08-24T02:33:49,113.38,48.65
2026-08-24T02:33:50,113.55,48.82
2026-08-24T02:33:51,113.78,49.04
2026-08-24T02:33:52,113.33,48.6
2026-08-24T02:33:53,113.65,48.91
2026-08-24T02:33:54,113.91,49.16
2026-08-24T02:33:55,113.48,48.74
2026-08-24T02:33:56,113.42,48.69
2026-08-24T02:33:57,113.09,48.36
2026-08-24T02:33:58,113.76,49.02
2026-08-24T02:33:59,113.69,48.95
2026-08-24T02:34:00,113.94,49.2
2026-08-24T02:34:01,113.81,49.07
2026-08-24T02:34:02,113.77,49.03
2026-08-24T02:34:03,113.27,48.54
2026-08-24T02:34:04,113.86,49.12
2026-08-24T02:34:05,113.62,48.88
2026-08-24T02:34:06,113.89,49.15
2026-08-24T02:34:07,113.98,49.24
2026-08-24T02:34:08,113.21,48.48
2026-08-24T02:34:09,113.5,48.77
2026-08-24T02:34:10,113.87,49.13
2026-08-24T02:34:11,114.26,49.51
2026-08-24T02:34:12,113.5,48.76
2026-08-24T02:34:13,113.43,48.69
2026-08-24T02:34:14,113.54,48.81
2026-08-24T02:34:15,114.04,49.29
2026-08-24T02:34:16,113.7,48.96
2026-08-24T02:34:17,113.59,48.86
2026-08-24T02:34:18,114.09,49.34
2026-08-24T02:34:19,113.54,48.81
2026-08-24T02:34:20,113.99,49.25
2026-08-24T02:34:21,113.61,48.88
2026-08-24T02:34:22,113.59,48.86
2026-08-24T02:34:23,113.32,48.59
2026-08-24T02:34:24,113.28,48.54
2026-08-24T02:34:25,113.74,49.0
2026-08-24T02:34:26,113.46,48.72
2026-08-24T02:34:27,113.85,49.11
2026-08-24T02:34:28,113.64,48.9
2026-08-24T02:34:29,113.64,48.9
2026-08-24T02:34:30,113.95,49.21
2026-08-24T02:34:31,114.03,49.29
2026-08-24T02:34:32,113.66,48.92
2026-08-24T02:34:33,113.27,48.53
2026-08-24T02:34:34,113.38,48.65
2026-08-24T02:34:35,112.85,48.13
2026-08-24T02:34:36,113.66,48.92
2026-08-24T02:34:37,113.64,48.9
2026-08-24T02:34:38,113.73,48.99
2026-08-24T02:34:39,113.14,48.41
2026-08-24T02:34:40,113.45,48.71
2026-08-24T02:34:41,113.55,48.82
2026-08-24T02:34:42,113.8,49.06
2026-08-24T02:34:43,113.96,49.22
2026-08-24T02:34:44,113.62,48.88
2026-08-24T02:34:45,114.46,49.71
2026-08-24T02:34:46,115.12,50.36
2026-08-24T02:34:47,114.95,50.19
2026-08-24T02:34:48,116.21,51.43
2026-08-24T02:34:49,117.61,52.81
2026-08-24T02:34:50,120.51,55.67
2026-08-24T02:34:51,121.95,57.09
2026-08-24T02:34:52,123.87,58.99
2026-08-24T02:34:53,124.61,59.71
2026-08-24T02:34:54,125.23,60.33
2026-08-24T02:34:55,125.55,60.64
2026-08-24T02:34:56,125.11,60.21
2026-08-24T02:34:57,123.46,58.58
2026-08-24T02:34:58,123.82,58.93
2026-08-24T02:34:59,125.42,60.52
2026-08-24T02:35:00,127.22,62.29
2026-08-24T02:35:01,127.87,62.93
2026-08-24T02:35:02,128.49,63.54
2026-08-24T02:35:03,127.73,62.8
2026-08-24T02:35:04,125.64,60.73
2026-08-24T02:35:05,122.54,57.68
2026-08-24T02:35:06,121.12,56.28
2026-08-24T02:35:07,119.24,54.43
2026-08-24T02:35:08,118.67,53.86
2026-08-24T02:35:09,117.45,52.66
2026-08-24T02:35:10,118.04,53.24
2026-08-24T02:35:11,115.95,51.18
2026-08-24T02:35:12,115.92,51.15
2026-08-24T02:35:13,115.63,50.86
2026-08-24T02:35:14,115.06,50.31
2026-08-24T02:35:15,114.46,49.71
2026-08-24T02:35:16,114.0,49.26
2026-08-24T02:35:17,114.44,49.69
2026-08-24T02:35:18,113.89,49.15
2026-08-24T02:35:19,113.42,48.69
2026-08-24T02:35:20,113.61,48.87
2026-08-24T02:35:21,113.94,49.19
2026-08-24T02:35:22,114.4,49.65
2026-08-24T02:35:23,113.98,49.24
2026-08-24T02:35:24,113.97,49.23
2026-08-24T02:35:25,113.58,48.85
2026-08-24T02:35:26,114.11,49.37
2026-08-24T02:35:27,114.16,49.42
2026-08-24T02:35:28,113.6,48.86
2026-08-24T02:35:29,114.02,49.28
2026-08-24T02:35:30,113.71,48.97
2026-08-24T02:35:31,114.3,49.55
2026-08-24T02:35:32,114.25,49.5
2026-08-24T02:35:33,113.97,49.23
2026-08-24T02:35:34,113.63,48.89
2026-08-24T02:35:35,114.09,49.34
2026-08-24T02:35:36,113.66,48.93
2026-08-24T02:35:37,114.36,49.61
2026-08-24T02:35:38,114.16,49.41
2026-08-24T02:35:39,114.28,49.53
2026-08-24T02:35:40,113.95,49.21
2026-08-24T02:35:41,114.45,49.7
2026-08-24T02:35:42,114.01,49.26
2026-08-24T02:35:43,113.85,49.11
2026-08-24T02:35:44,114.02,49.28
2026-08-24T02:35:45,113.88,49.14
2026-08-24T02:35:46,113.89,49.15
2026-08-24T02:35:47,114.39,49.64
2026-08-24T02:35:48,113.43,48.7
2026-08-24T02:35:49,113.51,48.78
2026-08-24T02:35:50,113.63,48.89
2026-08-24T02:35:51,113.26,48.53
2026-08-24T02:35:52,113.73,48.99
2026-08-24T02:35:53,113.69,48.95
2026-08-24T02:35:54,114.13,49.38
2026-08-24T02:35:55,113.22,48.48
2026-08-24T02:35:56,113.69,48.95
2026-08-24T02:35:57,113.6,48.86
2026-08-24T02:35:58,114.09,49.34
2026-08-24T02:35:59,113.95,49.21
2026-08-24T02:36:00,113.65,48.91
2026-08-24T02:36:01,113.96,49.22
2026-08-24T02:36:02,113.9,49.16
2026-08-24T02:36:03,113.74,49.0
2026-08-24T02:36:04,113.75,49.01
2026-08-24T02:36:05,113.41,48.68
2026-08-24T02:36:06,113.82,49.08
2026-08-24T02:36:07,113.26,48.53
2026-08-24T02:36:08,113.11,48.38
2026-08-24T02:36:09,113.58,48.84
2026-08-24T02:36:10,114.13,49.39
2026-08-24T02:36:11,114.29,49.54
2026-08-24T02:36:12,113.52,48.78
2026-08-24T02:36:13,113.4,48.67
2026-08-24T02:36:14,113.98,49.24
2026-08-24T02:36:15,114.18,49.44
2026-08-24T02:36:16,113.92,49.17
2026-08-24T02:36:17,113.87,49.12
2026-08-24T02:36:18,114.13,49.39
2026-08-24T02:36:19,113.41,48.67
2026-08-24T02:36:20,113.57,48.83
2026-08-24T02:36:21,113.72,48.98
2026-08-24T02:36:22,113.6,48.87
2026-08-24T02:36:23,113.34,48.61
2026-08-24T02:36:24,113.68,48.94
2026-08-24T02:36:25,113.26,48.52
2026-08-24T02:36:26,113.76,49.02
2026-08-24T02:36:27,113.73,48.99
2026-08-24T02:36:28,113.27,48.53
2026-08-24T02:36:29,113.73,48.99
2026-08-24T02:36:30,113.43,48.69
2026-08-24T02:36:31,113.14,48.4
2026-08-24T02:36:32,113.58,48.84
2026-08-24T02:36:33,113.84,49.1
2026-08-24T02:36:34,113.3,48.56
2026-08-24T02:36:35,113.35,48.61
2026-08-24T02:36:36,114.18,49.43
2026-08-24T02:36:37,113.71,48.97
2026-08-24T02:36:38,113.7,48.96
2026-08-24T02:36:39,113.13,48.39
2026-08-24T02:36:40,113.42,48.68
2026-08-24T02:36:41,114.04,49.3
2026-08-24T02:36:42,113.21,48.48
2026-08-24T02:36:43,114.03,49.29
2026-08-24T02:36:44,113.73,48.99
2026-08-24T02:36:45,113.74,49.0
2026-08-24T02:36:46,113.55,48.82
2026-08-24T02:36:47,114.28,49.54
2026-08-24T02:36:48,114.1,49.36
2026-08-24T02:36:49,113.64,48.91
2026-08-24T02:36:50,113.39,48.66
2026-08-24T02:36:51,113.9,49.16
2026-08-24T02:36:52,113.7,48.96
2026-08-24T02:36:53,113.94,49.2
2026-08-24T02:36:54,113.26,48.53
2026-08-24T02:36:55,113.41,48.68
2026-08-24T02:36:56,113.03,48.3
2026-08-24T02:36:57,113.74,49.0
2026-08-24T02:36:58,114.04,49.3
2026-08-24T02:36:59,113.65,48.91
2026-08-24T02:37:00,113.46,48.73
2026-08-24T02:37:01,113.52,48.78
2026-08-24T02:37:02,113.51,48.78
2026-08-24T02:37:03,113.95,49.21
2026-08-24T02:37:04,112.88,48.16
2026-08-24T02:37:05,113.96,49.21
2026-08-24T02:37:06,113.43,48.69
2026-08-24T02:37:07,114.02,49.27
2026-08-24T02:37:08,113.48,48.75
2026-08-24T02:37:09,113.54,48.8
2026-08-24T02:37:10,113.69,48.95
2026-08-24T02:37:11,113.52,48.78
2026-08-24T02:37:12,113.77,49.03
2026-08-24T02:37:13,113.67,48.93
2026-08-24T02:37:14,113.6,48.86
2026-08-24T02:37:15,114.82,50.06
2026-08-24T02:37:16,113.74,49.0
2026-08-24T02:37:17,113.8,49.06
2026-08-24T02:37:18,114.25,49.51
2026-08-24T02:37:19,114.09,49.34
2026-08-24T02:37:20,113.8,49.06
2026-08-24T02:37:21,113.52,48.78
2026-08-24T02:37:22,113.16,48.43
2026-08-24T02:37:23,113.66,48.92
2026-08-24T02:37:24,113.06,48.33
2026-08-24T02:37:25,113.4,48.66
2026-08-24T02:37:26,113.97,49.23
2026-08-24T02:37:27,113.46,48.72
2026-08-24T02:37:28,113.83,49.09
2026-08-24T02:37:29,113.68,48.94
2026-08-24T02:37:30,113.33,48.59
2026-08-24T02:37:31,113.76,49.02
2026-08-24T02:37:32,112.71,47.99
2026-08-24T02:37:33,113.35,48.62
2026-08-24T02:37:34,113.12,48.39
2026-08-24T02:37:35,113.76,49.02
2026-08-24T02:37:36,114.36,49.61
2026-08-24T02:37:37,113.18,48.44
2026-08-24T02:37:38,113.07,48.34
2026-08-24T02:37:39,113.39,48.66
2026-08-24T02:37:40,114.06,49.31
2026-08-24T02:37:41,113.68,48.94
2026-08-24T02:37:42,113.75,49.01
2026-08-24T02:37:43,113.96,49.21
2026-08-24T02:37:44,113.9,49.16
2026-08-24T02:37:45,114.28,49.53
2026-08-24T02:37:46,114.13,49.38
2026-08-24T02:37:47,113.85,49.11
2026-08-24T02:37:48,113.42,48.69
2026-08-24T02:37:49,113.58,48.84
2026-08-24T02:37:50,113.62,48.88
2026-08-24T02:37:51,114.05,49.31
2026-08-24T02:37:52,113.04,48.31
2026-08-24T02:37:53,113.83,49.09
2026-08-24T02:37:54,113.63,48.89
2026-08-24T02:37:55,114.56,49.81
2026-08-24T02:37:56,113.89,49.15
2026-08-24T02:37:57,113.71,48.98
2026-08-24T02:37:58,113.75,49.01
2026-08-24T02:37:59,114.12,49.37
2026-08-24T02:38:00,113.56,48.82
2026-08-24T02:38:01,113.89,49.15
2026-08-24T02:38:02,113.62,48.88
2026-08-24T02:38:03,113.93,49.19
2026-08-24T02:38:04,113.82,49.08
2026-08-24T02:38:05,113.75,49.01
2026-08-24T02:38:06,113.75,49.01
2026-08-24T02:38:07,113.42,48.68
2026-08-24T02:38:08,113.39,48.65
2026-08-24T02:38:09,113.25,48.52
2026-08-24T02:38:10,113.87,49.13
2026-08-24T02:38:11,113.93,49.19
2026-08-24T02:38:12,113.92,49.18
2026-08-24T02:38:13,113.25,48.52
2026-08-24T02:38:14,113.46,48.73
2026-08-24T02:38:15,114.15,49.41
2026-08-24T02:38:16,113.66,48.92
2026-08-24T02:38:17,113.56,48.82
2026-08-24T02:38:18,113.97,49.23
2026-08-24T02:38:19,113.15,48.41
2026-08-24T02:38:20,113.34,48.61
2026-08-24T02:38:21,113.32,48.58
2026-08-24T02:38:22,113.52,48.78
2026-08-24T02:38:23,113.47,48.73
2026-08-24T02:38:24,113.72,48.98
2026-08-24T02:38:25,113.63,48.89
2026-08-24T02:38:26,113.65,48.91
2026-08-24T02:38:27,113.48,48.74
2026-08-24T02:38:28,113.64,48.9
2026-08-24T02:38:29,113.47,48.74
2026-08-24T02:38:30,113.47,48.73
2026-08-24T02:38:31,113.85,49.11
2026-08-24T02:38:32,113.62,48.88
2026-08-24T02:38:33,113.76,49.02
2026-08-24T02:38:34,113.81,49.06
2026-08-24T02:38:35,113.98,49.24
2026-08-24T02:38:36,113.64,48.9
2026-08-24T02:38:37,113.11,48.38
2026-08-24T02:38:38,114.54,49.79
2026-08-24T02:38:39,113.3,48.57
2026-08-24T02:38:40,113.93,49.19
2026-08-24T02:38:41,114.03,49.28
2026-08-24T02:38:42,113.67,48.94
2026-08-24T02:38:43,113.23,48.5
2026-08-24T02:38:44,113.89,49.15
2026-08-24T02:38:45,113.11,48.38
2026-08-24T02:38:46,113.86,49.12
2026-08-24T02:38:47,114.49,49.74
2026-08-24T02:38:48,114.93,50.17
2026-08-24T02:38:49,113.38,48.65
2026-08-24T02:38:50,114.34,49.59
2026-08-24T02:38:51,113.46,48.73
2026-08-24T02:38:52,114.0,49.26
2026-08-24T02:38:53,113.99,49.24
2026-08-24T02:38:54,114.33,49.58
2026-08-24T02:38:55,112.88,48.15
2026-08-24T02:38:56,113.24,48.51
2026-08-24T02:38:57,113.55,48.81
2026-08-24T02:38:58,113.69,48.95
2026-08-24T02:38:59,113.92,49.18
2026-08-24T02:39:00,114.03,49.29
2026-08-24T02:39:01,113.41,48.67
2026-08-24T02:39:02,113.9,49.16
2026-08-24T02:39:03,114.34,49.59
2026-08-24T02:39:04,113.91,49.17
2026-08-24T02:39:05,113.67,48.94
2026-08-24T02:39:06,113.42,48.69
2026-08-24T02:39:07,113.24,48.51
2026-08-24T02:39:08,113.22,48.49
2026-08-24T02:39:09,113.75,49.01
2026-08-24T02:39:10,114.02,49.27
2026-08-24T02:39:11,113.38,48.65
2026-08-24T02:39:12,113.65,48.92
2026-08-24T02:39:13,114.27,49.52
2026-08-24T02:39:14,114.0,49.25
2026-08-24T02:39:15,113.29,48.56
2026-08-24T02:39:16,113.57,48.83
2026-08-24T02:39:17,113.73,48.99
2026-08-24T02:39:18,113.48,48.75
2026-08-24T02:39:19,113.87,49.13
2026-08-24T02:39:20,113.42,48.68
2026-08-24T02:39:21,113.34,48.6
2026-08-24T02:39:22,114.15,49.41
2026-08-24T02:39:23,113.7,48.96
2026-08-24T02:39:24,113.63,48.89
2026-08-24T02:39:25,113.91,49.17
2026-08-24T02:39:26,114.28,49.54
2026-08-24T02:39:27,114.24,49.5
2026-08-24T02:39:28,113.52,48.78
2026-08-24T02:39:29,113.82,49.08
2026-08-24T02:39:30,113.39,48.65
2026-08-24T02:39:31,114.12,49.38
2026-08-24T02:39:32,114.18,49.44
2026-08-24T02:39:33,113.2,48.46
2026-08-24T02:39:34,113.38,48.65
2026-08-24T02:39:35,113.56,48.82
2026-08-24T02:39:36,113.79,49.04
2026-08-24T02:39:37,113.06,48.33
2026-08-24T02:39:38,113.44,48.7
2026-08-24T02:39:39,113.64,48.9
2026-08-24T02:39:40,113.4,48.67
2026-08-24T02:39:41,113.3,48.57
2026-08-24T02:39:42,113.56,48.82
2026-08-24T02:39:43,113.92,49.18
2026-08-24T02:39:44,114.0,49.25
2026-08-24T02:39:45,113.82,49.08
2026-08-24T02:39:46,113.37,48.64
2026-08-24T02:39:47,113.68,48.94
2026-08-24T02:39:48,113.53,48.79
2026-08-24T02:39:49,114.38,49.63
2026-08-24T02:39:50,114.1,49.35
2026-08-24T02:39:51,113.74,49.0
2026-08-24T02:39:52,113.74,49.0
2026-08-24T02:39:53,113.92,49.18
2026-08-24T02:39:54,113.61,48.87
2026-08-24T02:39:55,113.86,49.12
2026-08-24T02:39:56,113.91,49.17
2026-08-24T02:39:57,113.95,49.21
2026-08-24T02:39:58,113.67,48.93
2026-08-24T02:39:59,113.45,48.71
2026-08-24T02:40:00,113.57,48.83
2026-08-24T02:40:01,113.48,48.74
2026-08-24T02:40:02,113.16,48.43
2026-08-24T02:40:03,113.68,48.94
2026-08-24T02:40:04,113.9,49.16
2026-08-24T02:40:05,113.68,48.94
2026-08-24T02:40:06,113.6,48.86
2026-08-24T02:40:07,113.68,48.95
2026-08-24T02:40:08,113.29,48.56
2026-08-24T02:40:09,113.66,48.92
2026-08-24T02:40:10,113.4,48.67
2026-08-24T02:40:11,113.55,48.82
2026-08-24T02:40:12,114.2,49.45
2026-08-24T02:40:13,113.5,48.77
2026-08-24T02:40:14,113.81,49.07
2026-08-24T02:40:15,113.34,48.61
2026-08-24T02:40:16,113.39,48.66
2026-08-24T02:40:17,113.55,48.82
2026-08-24T02:40:18,113.73,48.99
2026-08-24T02:40:19,113.78,49.04
2026-08-24T02:40:20,113.78,49.04
2026-08-24T02:40:21,113.68,48.94
2026-08-24T02:40:22,113.53,48.79
2026-08-24T02:40:23,113.7,48.96
2026-08-24T02:40:24,114.18,49.43
2026-08-24T02:40:25,113.68,48.94
2026-08-24T02:40:26,114.17,49.42
2026-08-24T02:40:27,113.47,48.73
2026-08-24T02:40:28,113.16,48.43
2026-08-24T02:40:29,112.61,47.88
2026-08-24T02:40:30,112.81,48.08
2026-08-24T02:40:31,113.51,48.78
2026-08-24T02:40:32,113.51,48.78
2026-08-24T02:40:33,113.44,48.7
2026-08-24T02:40:34,113.83,49.09
2026-08-24T02:40:35,113.58,48.84
2026-08-24T02:40:36,113.34,48.61
2026-08-24T02:40:37,113.25,48.52
2026-08-24T02:40:38,113.71,48.97
2026-08-24T02:40:39,114.1,49.36
2026-08-24T02:40:40,112.76,48.03
2026-08-24T02:40:41,114.17,49.42
2026-08-24T02:40:42,113.32,48.59
2026-08-24T02:40:43,113.49,48.75
2026-08-24T02:40:44,113.56,48.83
2026-08-24T02:40:45,113.66,48.92
2026-08-24T02:40:46,113.49,48.76
2026-08-24T02:40:47,113.14,48.4
2026-08-24T02:40:48,113.7,48.96
2026-08-24T02:40:49,113.41,48.68
2026-08-24T02:40:50,113.8,49.06
2026-08-24T02:40:51,113.43,48.7
2026-08-24T02:40:52,113.77,49.03
2026-08-24T02:40:53,113.39,48.66
2026-08-24T02:40:54,113.85,49.11
2026-08-24T02:40:55,113.33,48.6
2026-08-24T02:40:56,113.56,48.83
2026-08-24T02:40:57,113.96,49.22
2026-08-24T02:40:58,113.47,48.73
2026-08-24T02:40:59,113.5,48.77
2026-08-24T02:41:00,113.66,48.92
2026-08-24T02:41:01,113.17,48.44
2026-08-24T02:41:02,114.58,49.83
2026-08-24T02:41:03,113.23,48.5
2026-08-24T02:41:04,113.42,48.69
2026-08-24T02:41:05,113.6,48.86
2026-08-24T02:41:06,112.88,48.16
2026-08-24T02:41:07,113.21,48.48
2026-08-24T02:41:08,113.58,48.84
2026-08-24T02:41:09,113.9,49.16
2026-08-24T02:41:10,114.01,49.27
2026-08-24T02:41:11,114.27,49.52
2026-08-24T02:41:12,113.95,49.2
2026-08-24T02:41:13,113.17,48.43
2026-08-24T02:41:14,114.3,49.55
2026-08-24T02:41:15,113.29,48.56
2026-08-24T02:41:16,113.62,48.88
2026-08-24T02:41:17,114.38,49.63
2026-08-24T02:41:18,113.58,48.84
2026-08-24T02:41:19,113.43,48.69
2026-08-24T02:41:20,113.46,48.72
2026-08-24T02:41:21,113.55,48.81
2026-08-24T02:41:22,113.69,48.95
2026-08-24T02:41:23,113.97,49.23
2026-08-24T02:41:24,113.54,48.81
2026-08-24T02:41:25,113.78,49.03
2026-08-24T02:41:26,113.39,48.66
2026-08-24T02:41:27,113.23,48.5
2026-08-24T02:41:28,113.53,48.8
2026-08-24T02:41:29,113.69,48.95
2026-08-24T02:41:30,113.72,48.98
2026-08-24T02:41:31,113.56,48.82
2026-08-24T02:41:32,114.02,49.27
2026-08-24T02:41:33,113.35,48.62
2026-08-24T02:41:34,113.26,48.53
2026-08-24T02:41:35,113.63,48.89
2026-08-24T02:41:36,113.73,48.99
2026-08-24T02:41:37,113.81,49.07
2026-08-24T02:41:38,113.01,48.28
2026-08-24T02:41:39,113.53,48.79
2026-08-24T02:41:40,113.69,48.95
2026-08-24T02:41:41,114.0,49.26
2026-08-24T02:41:42,113.54,48.8
2026-08-24T02:41:43,113.84,49.1
2026-08-24T02:41:44,113.68,48.94
2026-08-24T02:41:45,113.7,48.96
2026-08-24T02:41:46,113.44,48.7
2026-08-24T02:41:47,113.9,49.16
2026-08-24T02:41:48,113.66,48.92
2026-08-24T02:41:49,113.71,48.97
2026-08-24T02:41:50,113.59,48.86
2026-08-24T02:41:51,114.09,49.35
2026-08-24T02:41:52,112.98,48.25
2026-08-24T02:41:53,113.18,48.45
2026-08-24T02:41:54,113.83,49.09
2026-08-24T02:41:55,113.76,49.02
2026-08-24T02:41:56,113.51,48.78
2026-08-24T02:41:57,113.56,48.82
2026-08-24T02:41:58,113.71,48.97
2026-08-24T02:41:59,114.1,49.36
2026-08-24T02:42:00,113.55,48.82
2026-08-24T02:42:01,114.15,49.4
2026-08-24T02:42:02,113.58,48.84
2026-08-24T02:42:03,113.78,49.04
2026-08-24T02:42:04,113.84,49.1
2026-08-24T02:42:05,113.67,48.93
2026-08-24T02:42:06,113.66,48.92
2026-08-24T02:42:07,113.59,48.85
2026-08-24T02:42:08,113.52,48.78
2026-08-24T02:42:09,113.76,49.02
2026-08-24T02:42:10,113.61,48.87
2026-08-24T02:42:11,113.82,49.08
2026-08-24T02:42:12,113.96,49.21
2026-08-24T02:42:13,114.37,49.62
2026-08-24T02:42:14,113.51,48.77
2026-08-24T02:42:15,114.06,49.31
2026-08-24T02:42:16,113.39,48.66
2026-08-24T02:42:17,113.84,49.1
2026-08-24T02:42:18,113.45,48.71
2026-08-24T02:42:19,113.59,48.85
2026-08-24T02:42:20,113.71,48.97
2026-08-24T02:42:21,114.1,49.35
2026-08-24T02:42:22,113.4,48.67
2026-08-24T02:42:23,113.46,48.73
2026-08-24T02:42:24,113.87,49.13
2026-08-24T02:42:25,113.32,48.59
2026-08-24T02:42:26,114.19,49.44
2026-08-24T02:42:27,113.96,49.22
2026-08-24T02:42:28,113.4,48.66
2026-08-24T02:42:29,114.04,49.3
2026-08-24T02:42:30,113.96,49.21
2026-08-24T02:42:31,114.0,49.26
2026-08-24T02:42:32,113.14,48.41
2026-08-24T02:42:33,113.92,49.18
2026-08-24T02:42:34,113.28,48.55
2026-08-24T02:42:35,113.33,48.59
2026-08-24T02:42:36,113.51,48.77
2026-08-24T02:42:37,113.73,48.99
2026-08-24T02:42:38,113.3,48.57
2026-08-24T02:42:39,114.22,49.48
2026-08-24T02:42:40,113.24,48.51
2026-08-24T02:42:41,113.57,48.83
2026-08-24T02:42:42,113.28,48.54
2026-08-24T02:42:43,113.93,49.19
2026-08-24T02:42:44,113.73,48.99
2026-08-24T02:42:45,113.85,49.11
2026-08-24T02:42:46,113.23,48.5
2026-08-24T02:42:47,113.34,48.61
2026-08-24T02:42:48,113.54,48.8
2026-08-24T02:42:49,113.62,48.88
2026-08-24T02:42:50,113.35,48.61
2026-08-24T02:42:51,114.17,49.43
2026-08-24T02:42:52,113.75,49.01
2026-08-24T02:42:53,114.01,49.27
2026-08-24T02:42:54,113.3,48.57
2026-08-24T02:42:55,113.24,48.5
2026-08-24T02:42:56,114.09,49.35
2026-08-24T02:42:57,112.98,48.25
2026-08-24T02:42:58,113.44,48.7
2026-08-24T02:42:59,113.88,49.14
2026-08-24T02:43:00,113.04,48.31
2026-08-24T02:43:01,113.57,48.84
2026-08-24T02:43:02,113.22,48.49
2026-08-24T02:43:03,113.75,49.01
2026-08-24T02:43:04,113.38,48.65
2026-08-24T02:43:05,113.68,48.94
2026-08-24T02:43:06,113.41,48.67
2026-08-24T02:43:07,113.41,48.68
2026-08-24T02:43:08,113.92,49.18
2026-08-24T02:43:09,113.49,48.76
2026-08-24T02:43:10,113.26,48.53
2026-08-24T02:43:11,113.95,49.21
2026-08-24T02:43:12,113.46,48.72
2026-08-24T02:43:13,113.9,49.16
2026-08-24T02:43:14,112.95,48.22
2026-08-24T02:43:15,113.6,48.87
2026-08-24T02:43:16,113.53,48.79
2026-08-24T02:43:17,113.63,48.89
2026-08-24T02:43:18,113.42,48.69
2026-08-24T02:43:19,113.68,48.94
2026-08-24T02:43:20,113.1,48.37
2026-08-24T02:43:21,113.8,49.06
2026-08-24T02:43:22,113.82,49.08
2026-08-24T02:43:23,113.96,49.22
2026-08-24T02:43:24,113.32,48.59
2026-08-24T02:43:25,113.67,48.93
2026-08-24T02:43:26,113.34,48.6
2026-08-24T02:43:27,114.23,49.48
2026-08-24T02:43:28,113.98,49.24
2026-08-24T02:43:29,113.81,49.07
2026-08-24T02:43:30,113.6,48.86
2026-08-24T02:43:31,113.83,49.09
2026-08-24T02:43:32,113.51,48.77
2026-08-24T02:43:33,113.19,48.46
2026-08-24T02:43:34,113.9,49.16
2026-08-24T02:43:35,113.06,48.33
2026-08-24T02:43:36,113.65,48.91
2026-08-24T02:43:37,113.31,48.57
2026-08-24T02:43:38,113.81,49.07
2026-08-24T02:43:39,113.62,48.88
2026-08-24T02:43:40,113.48,48.74
2026-08-24T02:43:41,113.18,48.45
2026-08-24T02:43:42,113.62,48.88
2026-08-24T02:43:43,113.58,48.84
2026-08-24T02:43:44,113.59,48.85
2026-08-24T02:43:45,113.18,48.45
2026-08-24T02:43:46,114.03,49.29
2026-08-24T02:43:47,113.29,48.56
2026-08-24T02:43:48,113.63,48.9
2026-08-24T02:43:49,114.18,49.43
2026-08-24T02:43:50,114.5,49.75
2026-08-24T02:43:51,112.81,48.09
2026-08-24T02:43:52,113.64,48.9
2026-08-24T02:43:53,113.3,48.56
2026-08-24T02:43:54,113.5,48.77
2026-08-24T02:43:55,113.62,48.89
2026-08-24T02:43:56,113.7,48.96
2026-08-24T02:43:57,113.24,48.51
2026-08-24T02:43:58,113.7,48.96
2026-08-24T02:43:59,113.5,48.76
2026-08-24T02:44:00,114.17,49.42
2026-08-24T02:44:01,113.6,48.86
2026-08-24T02:44:02,114.13,49.38
2026-08-24T02:44:03,113.44,48.7
2026-08-24T02:44:04,113.39,48.65
2026-08-24T02:44:05,113.52,48.78
2026-08-24T02:44:06,112.69,47.96
2026-08-24T02:44:07,112.33,47.61
2026-08-24T02:44:08,113.7,48.96
2026-08-24T02:44:09,113.94,49.2
2026-08-24T02:44:10,113.59,48.85
2026-08-24T02:44:11,113.57,48.83
2026-08-24T02:44:12,113.78,49.04
2026-08-24T02:44:13,113.44,48.7
2026-08-24T02:44:14,113.42,48.69
2026-08-24T02:44:15,112.93,48.2
2026-08-24T02:44:16,113.55,48.82
2026-08-24T02:44:17,113.59,48.86
2026-08-24T02:44:18,113.44,48.7
2026-08-24T02:44:19,113.48,48.74
2026-08-24T02:44:20,113.39,48.65
2026-08-24T02:44:21,113.86,49.11
2026-08-24T02:44:22,113.49,48.75
2026-08-24T02:44:23,113.79,49.05
2026-08-24T02:44:24,113.52,48.79
2026-08-24T02:44:25,114.18,49.44
2026-08-24T02:44:26,113.35,48.61
2026-08-24T02:44:27,113.53,48.8
2026-08-24T02:44:28,113.36,48.62
2026-08-24T02:44:29,113.61,48.87
2026-08-24T02:44:30,113.77,49.03
2026-08-24T02:44:31,114.12,49.38
2026-08-24T02:44:32,113.65,48.91
2026-08-24T02:44:33,113.67,48.93
2026-08-24T02:44:34,113.62,48.88
2026-08-24T02:44:35,114.01,49.27
2026-08-24T02:44:36,113.47,48.73
2026-08-24T02:44:37,113.72,48.98
2026-08-24T02:44:38,113.78,49.04
2026-08-24T02:44:39,114.08,49.34
2026-08-24T02:44:40,113.51,48.78
2026-08-24T02:44:41,113.52,48.79
2026-08-24T02:44:42,113.53,48.79
2026-08-24T02:44:43,114.21,49.46
2026-08-24T02:44:44,113.2,48.47
2026-08-24T02:44:45,113.59,48.85
2026-08-24T02:44:46,113.95,49.21
2026-08-24T02:44:47,113.29,48.56
2026-08-24T02:44:48,113.57,48.84
2026-08-24T02:44:49,113.81,49.07
2026-08-24T02:44:50,113.71,48.97
2026-08-24T02:44:51,113.82,49.07
2026-08-24T02:44:52,114.28,49.54
2026-08-24T02:44:53,113.55,48.81
2026-08-24T02:44:54,113.51,48.78
2026-08-24T02:44:55,113.62,48.88
2026-08-24T02:44:56,113.59,48.85
2026-08-24T02:44:57,113.54,48.81
2026-08-24T02:44:58,114.45,49.7
2026-08-24T02:44:59,113.12,48.39
2026-08-24T02:45:00,113.71,48.97
2026-08-24T02:45:01,114.3,49.56
2026-08-24T02:45:02,113.01,48.28
2026-08-24T02:45:03,113.98,49.24
2026-08-24T02:45:04,113.44,48.7
2026-08-24T02:45:05,113.25,48.52
2026-08-24T02:45:06,113.38,48.65
2026-08-24T02:45:07,113.24,48.51
2026-08-24T02:45:08,113.67,48.94
2026-08-24T02:45:09,113.69,48.95
2026-08-24T02:45:10,113.72,48.98
2026-08-24T02:45:11,113.9,49.15
2026-08-24T02:45:12,113.49,48.75
2026-08-24T02:45:13,113.8,49.06
2026-08-24T02:45:14,113.64,48.9
2026-08-24T02:45:15,113.57,48.83
2026-08-24T02:45:16,113.88,49.14
2026-08-24T02:45:17,113.17,48.44
2026-08-24T02:45:18,113.9,49.16
2026-08-24T02:45:19,113.75,49.01
2026-08-24T02:45:20,113.78,49.04
2026-08-24T02:45:21,113.78,49.04
2026-08-24T02:45:22,113.88,49.14
2026-08-24T02:45:23,113.2,48.46
2026-08-24T02:45:24,114.26,49.52
2026-08-24T02:45:25,113.04,48.31
2026-08-24T02:45:26,113.73,48.99
2026-08-24T02:45:27,113.81,49.07
2026-08-24T02:45:28,113.76,49.02
2026-08-24T02:45:29,113.91,49.17
2026-08-24T02:45:30,113.72,48.98
2026-08-24T02:45:31,113.64,48.9
2026-08-24T02:45:32,113.62,48.88
2026-08-24T02:45:33,113.63,48.89
2026-08-24T02:45:34,113.04,48.31
2026-08-24T02:45:35,113.36,48.62
2026-08-24T02:45:36,113.35,48.62
2026-08-24T02:45:37,113.37,48.64
2026-08-24T02:45:38,113.82,49.08
2026-08-24T02:45:39,113.17,48.44
2026-08-24T02:45:40,113.54,48.81
2026-08-24T02:45:41,113.3,48.57
2026-08-24T02:45:42,113.69,48.95
2026-08-24T02:45:43,113.93,49.19
2026-08-24T02:45:44,113.8,49.06
2026-08-24T02:45:45,113.85,49.11
2026-08-24T02:45:46,113.84,49.1
2026-08-24T02:45:47,113.35,48.61
2026-08-24T02:45:48,113.11,48.38
2026-08-24T02:45:49,113.16,48.43
2026-08-24T02:45:50,113.35,48.61
2026-08-24T02:45:51,113.98,49.24
2026-08-24T02:45:52,114.12,49.37
2026-08-24T02:45:53,113.01,48.28
2026-08-24T02:45:54,113.5,48.76
2026-08-24T02:45:55,113.48,48.74
2026-08-24T02:45:56,113.24,48.51
2026-08-24T02:45:57,112.61,47.89
2026-08-24T02:45:58,113.61,48.87
2026-08-24T02:45:59,113.44,48.7
2026-08-24T02:46:00,113.16,48.43
2026-08-24T02:46:01,113.29,48.56
2026-08-24T02:46:02,113.28,48.54
2026-08-24T02:46:03,113.89,49.14
2026-08-24T02:46:04,113.78,49.04
2026-08-24T02:46:05,113.7,48.96
2026-08-24T02:46:06,113.73,48.99
2026-08-24T02:46:07,114.03,49.28
2026-08-24T02:46:08,113.41,48.67
2026-08-24T02:46:09,113.21,48.48
2026-08-24T02:46:10,113.41,48.67
2026-08-24T02:46:11,113.25,48.52
2026-08-24T02:46:12,113.62,48.88
2026-08-24T02:46:13,113.25,48.52
2026-08-24T02:46:14,113.7,48.97
2026-08-24T02:46:15,113.91,49.17
2026-08-24T02:46:16,113.92,49.18
2026-08-24T02:46:17,112.97,48.24
2026-08-24T02:46:18,113.63,48.89
2026-08-24T02:46:19,113.59,48.85
2026-08-24T02:46:20,113.89,49.15
2026-08-24T02:46:21,113.51,48.77
2026-08-24T02:46:22,112.86,48.13
2026-08-24T02:46:23,113.56,48.83
2026-08-24T02:46:24,114.39,49.64
2026-08-24T02:46:25,114.09,49.34
2026-08-24T02:46:26,113.37,48.63
2026-08-24T02:46:27,113.75,49.01
2026-08-24T02:46:28,113.52,48.78
2026-08-24T02:46:29,113.59,48.85
2026-08-24T02:46:30,113.22,48.49
2026-08-24T02:46:31,113.37,48.63
2026-08-24T02:46:32,113.51,48.77
2026-08-24T02:46:33,113.54,48.8
2026-08-24T02:46:34,114.31,49.57
2026-08-24T02:46:35,113.54,48.8
2026-08-24T02:46:36,113.79,49.05
2026-08-24T02:46:37,112.97,48.24
2026-08-24T02:46:38,113.26,48.52
2026-08-24T02:46:39,113.2,48.47
2026-08-24T02:46:40,113.45,48.72
2026-08-24T02:46:41,114.03,49.29
2026-08-24T02:46:42,113.38,48.65
2026-08-24T02:46:43,113.74,49.0
2026-08-24T02:46:44,113.35,48.61
2026-08-24T02:46:45,113.75,49.01
2026-08-24T02:46:46,113.44,48.7
2026-08-24T02:46:47,114.12,49.37
2026-08-24T02:46:48,112.86,48.13
2026-08-24T02:46:49,113.41,48.67
2026-08-24T02:46:50,112.92,48.19
2026-08-24T02:46:51,113.3,48.57
2026-08-24T02:46:52,113.39,48.65
2026-08-24T02:46:53,113.48,48.75
2026-08-24T02:46:54,113.56,48.82
2026-08-24T02:46:55,113.66,48.92
2026-08-24T02:46:56,112.96,48.23
2026-08-24T02:46:57,113.67,48.93
2026-08-24T02:46:58,113.44,48.7
2026-08-24T02:46:59,114.05,49.31
2026-08-24T02:47:00,113.67,48.93
2026-08-24T02:47:01,113.03,48.3
2026-08-24T02:47:02,113.35,48.61
2026-08-24T02:47:03,113.67,48.93
2026-08-24T02:47:04,113.48,48.75
2026-08-24T02:47:05,113.4,48.67
2026-08-24T02:47:06,113.46,48.73
2026-08-24T02:47:07,113.66,48.92
2026-08-24T02:47:08,113.65,48.91
2026-08-24T02:47:09,113.66,48.92
2026-08-24T02:47:10,113.07,48.34
2026-08-24T02:47:11,113.46,48.72
2026-08-24T02:47:12,113.93,49.19
2026-08-24T02:47:13,113.98,49.24
2026-08-24T02:47:14,113.84,49.1
2026-08-24T02:47:15,113.03,48.3
2026-08-24T02:47:16,113.5,48.76
2026-08-24T02:47:17,113.13,48.4
2026-08-24T02:47:18,114.08,49.34
2026-08-24T02:47:19,113.46,48.72
2026-08-24T02:47:20,113.58,48.84
2026-08-24T02:47:21,113.86,49.12
2026-08-24T02:47:22,113.66,48.92
2026-08-24T02:47:23,113.36,48.63
2026-08-24T02:47:24,114.0,49.26
2026-08-24T02:47:25,113.68,48.95
2026-08-24T02:47:26,113.23,48.5
2026-08-24T02:47:27,114.17,49.42
2026-08-24T02:47:28,114.22,49.48
2026-08-24T02:47:29,114.01,49.27
2026-08-24T02:47:30,115.12,50.36
2026-08-24T02:47:31,116.84,52.05
2026-08-24T02:47:32,120.68,55.84
2026-08-24T02:47:33,123.13,58.26
2026-08-24T02:47:34,125.15,60.25
2026-08-24T02:47:35,125.67,60.76
2026-08-24T02:47:36,126.8,61.87
2026-08-24T02:47:37,126.36,61.44
2026-08-24T02:47:38,125.18,60.28
2026-08-24T02:47:39,121.32,56.47
2026-08-24T02:47:40,120.0,55.17
2026-08-24T02:47:41,117.86,53.06
2026-08-24T02:47:42,116.6,51.82
2026-08-24T02:47:43,116.12,51.34
2026-08-24T02:47:44,116.03,51.26
2026-08-24T02:47:45,116.28,51.51
2026-08-24T02:47:46,115.74,50.97
2026-08-24T02:47:47,114.92,50.16
2026-08-24T02:47:48,115.22,50.46
2026-08-24T02:47:49,114.39,49.65
2026-08-24T02:47:50,114.28,49.53
2026-08-24T02:47:51,114.46,49.71
2026-08-24T02:47:52,114.01,49.27
2026-08-24T02:47:53,114.16,49.41
2026-08-24T02:47:54,114.22,49.47
2026-08-24T02:47:55,113.7,48.96
2026-08-24T02:47:56,113.5,48.77
2026-08-24T02:47:57,113.4,48.67
2026-08-24T02:47:58,113.52,48.79
2026-08-24T02:47:59,113.53,48.8
2026-08-24T02:48:00,113.26,48.52
2026-08-24T02:48:01,113.72,48.98
2026-08-24T02:48:02,113.14,48.41
2026-08-24T02:48:03,113.31,48.58
2026-08-24T02:48:04,113.68,48.94
2026-08-24T02:48:05,113.45,48.72
2026-08-24T02:48:06,114.09,49.35
2026-08-24T02:48:07,113.61,48.88
2026-08-24T02:48:08,113.46,48.72
2026-08-24T02:48:09,114.3,49.56
2026-08-24T02:48:10,113.03,48.3
2026-08-24T02:48:11,114.22,49.47
2026-08-24T02:48:12,113.29,48.56
2026-08-24T02:48:13,113.17,48.44
2026-08-24T02:48:14,113.7,48.96
2026-08-24T02:48:15,113.28,48.55
2026-08-24T02:48:16,113.69,48.95
2026-08-24T02:48:17,113.96,49.22
2026-08-24T02:48:18,112.76,48.04
2026-08-24T02:48:19,113.49,48.75
2026-08-24T02:48:20,114.07,49.32
2026-08-24T02:48:21,113.87,49.13
2026-08-24T02:48:22,113.7,48.96
2026-08-24T02:48:23,113.71,48.97
2026-08-24T02:48:24,112.92,48.2
2026-08-24T02:48:25,113.07,48.34
2026-08-24T02:48:26,113.6,48.87
2026-08-24T02:48:27,113.97,49.23
2026-08-24T02:48:28,113.34,48.6
2026-08-24T02:48:29,113.98,49.24
2026-08-24T02:48:30,112.96,48.23
2026-08-24T02:48:31,113.67,48.93
2026-08-24T02:48:32,113.83,49.09
2026-08-24T02:48:33,113.79,49.05
2026-08-24T02:48:34,113.61,48.87
2026-08-24T02:48:35,113.42,48.69
2026-08-24T02:48:36,113.46,48.72
2026-08-24T02:48:37,114.02,49.28
2026-08-24T02:48:38,113.19,48.46
2026-08-24T02:48:39,113.26,48.52
2026-08-24T02:48:40,112.98,48.25
2026-08-24T02:48:41,113.5,48.77
2026-08-24T02:48:42,113.53,48.79
2026-08-24T02:48:43,113.55,48.81
2026-08-24T02:48:44,112.73,48.0
2026-08-24T02:48:45,113.65,48.91
2026-08-24T02:48:46,113.79,49.05
2026-08-24T02:48:47,113.49,48.75
2026-08-24T02:48:48,113.54,48.8
2026-08-24T02:48:49,113.71,48.97
2026-08-24T02:48:50,114.06,49.32
2026-08-24T02:48:51,113.45,48.71
2026-08-24T02:48:52,113.58,48.85
2026-08-24T02:48:53,113.68,48.94
2026-08-24T02:48:54,113.74,49.0
2026-08-24T02:48:55,113.37,48.64
2026-08-24T02:48:56,113.41,48.68
2026-08-24T02:48:57,114.16,49.42
2026-08-24T02:48:58,113.95,49.2
2026-08-24T02:48:59,113.58,48.84
2026-08-24T02:49:00,113.17,48.44
2026-08-24T02:49:01,113.56,48.82
2026-08-24T02:49:02,113.79,49.05
2026-08-24T02:49:03,113.41,48.68
2026-08-24T02:49:04,113.36,48.62
2026-08-24T02:49:05,113.48,48.75
2026-08-24T02:49:06,112.75,48.03
2026-08-24T02:49:07,113.47,48.73
2026-08-24T02:49:08,113.79,49.05
2026-08-24T02:49:09,113.25,48.51
2026-08-24T02:49:10,114.06,49.31
2026-08-24T02:49:11,114.42,49.67
2026-08-24T02:49:12,113.63,48.89
2026-08-24T02:49:13,113.54,48.81
2026-08-24T02:49:14,113.9,49.16
2026-08-24T02:49:15,113.91,49.16
2026-08-24T02:49:16,113.5,48.76
2026-08-24T02:49:17,113.2,48.46
2026-08-24T02:49:18,113.43,48.69
2026-08-24T02:49:19,113.73,48.99
2026-08-24T02:49:20,113.01,48.28
2026-08-24T02:49:21,113.73,48.99
2026-08-24T02:49:22,113.36,48.63
2026-08-24T02:49:23,114.14,49.39
2026-08-24T02:49:24,113.82,49.08
2026-08-24T02:49:25,113.11,48.38
2026-08-24T02:49:26,113.83,49.09
2026-08-24T02:49:27,113.46,48.72
2026-08-24T02:49:28,113.93,49.19
2026-08-24T02:49:29,113.51,48.78
2026-08-24T02:49:30,113.5,48.76
2026-08-24T02:49:31,113.08,48.35
2026-08-24T02:49:32,113.65,48.91
2026-08-24T02:49:33,114.03,49.28
2026-08-24T02:49:34,113.43,48.69
2026-08-24T02:49:35,113.83,49.09
2026-08-24T02:49:36,113.93,49.19
2026-08-24T02:49:37,113.43,48.69
2026-08-24T02:49:38,113.1,48.37
2026-08-24T02:49:39,113.64,48.9
2026-08-24T02:49:40,113.55,48.81
2026-08-24T02:49:41,113.7,48.96
2026-08-24T02:49:42,113.85,49.11
2026-08-24T02:49:43,112.99,48.27
2026-08-24T02:49:44,113.21,48.48
2026-08-24T02:49:45,113.5,48.77
2026-08-24T02:49:46,113.63,48.89
2026-08-24T02:49:47,113.76,49.02
2026-08-24T02:49:48,113.32,48.59
2026-08-24T02:49:49,112.99,48.26
2026-08-24T02:49:50,113.71,48.97
2026-08-24T02:49:51,113.44,48.71
2026-08-24T02:49:52,114.09,49.35
2026-08-24T02:49:53,113.93,49.19
2026-08-24T02:49:54,113.47,48.73
2026-08-24T02:49:55,113.94,49.19
2026-08-24T02:49:56,113.55,48.81
2026-08-24T02:49:57,113.59,48.86
2026-08-24T02:49:58,113.49,48.76
2026-08-24T02:49:59,113.64,48.9
2026-08-24T02:50:00,113.01,48.28
2026-08-24T02:50:01,114.16,49.41
2026-08-24T02:50:02,113.89,49.15
2026-08-24T02:50:03,113.47,48.73
2026-08-24T02:50:04,113.72,48.98
2026-08-24T02:50:05,113.91,49.17
2026-08-24T02:50:06,114.09,49.35
2026-08-24T02:50:07,113.0,48.27
2026-08-24T02:50:08,113.53,48.79
2026-08-24T02:50:09,113.62,48.88
2026-08-24T02:50:10,113.63,48.9
2026-08-24T02:50:11,113.61,48.87
2026-08-24T02:50:12,113.34,48.61
2026-08-24T02:50:13,113.67,48.93
2026-08-24T02:50:14,113.92,49.18
2026-08-24T02:50:15,113.79,49.05
2026-08-24T02:50:16,113.37,48.64
2026-08-24T02:50:17,113.8,49.06
2026-08-24T02:50:18,113.06,48.33
2026-08-24T02:50:19,113.24,48.51
2026-08-24T02:50:20,114.23,49.49
2026-08-24T02:50:21,114.14,49.4
2026-08-24T02:50:22,113.84,49.1
2026-08-24T02:50:23,113.79,49.05
2026-08-24T02:50:24,113.43,48.69
2026-08-24T02:50:25,113.36,48.62
2026-08-24T02:50:26,113.38,48.65
2026-08-24T02:50:27,113.76,49.02
2026-08-24T02:50:28,114.15,49.41
2026-08-24T02:50:29,113.84,49.1
2026-08-24T02:50:30,113.49,48.75
2026-08-24T02:50:31,114.11,49.37
2026-08-24T02:50:32,113.99,49.25
2026-08-24T02:50:33,113.42,48.69
2026-08-24T02:50:34,113.94,49.2
2026-08-24T02:50:35,113.85,49.11
2026-08-24T02:50:36,113.62,48.88
2026-08-24T02:50:37,113.96,49.21
2026-08-24T02:50:38,113.44,48.7
2026-08-24T02:50:39,113.5,48.76
2026-08-24T02:50:40,113.71,48.97
2026-08-24T02:50:41,113.83,49.09
2026-08-24T02:50:42,114.26,49.52
2026-08-24T02:50:43,113.78,49.04
2026-08-24T02:50:44,113.08,48.35
2026-08-24T02:50:45,113.99,49.25
2026-08-24T02:50:46,113.83,49.09
2026-08-24T02:50:47,113.0,48.27
2026-08-24T02:50:48,113.32,48.59
2026-08-24T02:50:49,114.08,49.33
2026-08-24T02:50:50,113.74,49.0
2026-08-24T02:50:51,113.36,48.63
2026-08-24T02:50:52,113.82,49.08
2026-08-24T02:50:53,113.79,49.05
2026-08-24T02:50:54,113.42,48.69
2026-08-24T02:50:55,113.62,48.88
2026-08-24T02:50:56,113.24,48.51
2026-08-24T02:50:57,114.18,49.44
2026-08-24T02:50:58,113.13,48.4
2026-08-24T02:50:59,114.09,49.34
2026-08-24T02:51:00,113.65,48.91
2026-08-24T02:51:01,114.07,49.33
2026-08-24T02:51:02,113.77,49.02
2026-08-24T02:51:03,113.83,49.09
2026-08-24T02:51:04,113.74,49.0
2026-08-24T02:51:05,113.66,48.92
2026-08-24T02:51:06,113.45,48.72
2026-08-24T02:51:07,114.17,49.43
2026-08-24T02:51:08,114.13,49.39
2026-08-24T02:51:09,114.12,49.37
2026-08-24T02:51:10,113.89,49.15
2026-08-24T02:51:11,113.18,48.45
2026-08-24T02:51:12,114.18,49.43
2026-08-24T02:51:13,113.87,49.13
2026-08-24T02:51:14,113.33,48.6
2026-08-24T02:51:15,113.49,48.76
2026-08-24T02:51:16,113.38,48.65
2026-08-24T02:51:17,113.48,48.75
2026-08-24T02:51:18,113.61,48.88
2026-08-24T02:51:19,113.57,48.83
2026-08-24T02:51:20,113.98,49.24
2026-08-24T02:51:21,113.9,49.16
2026-08-24T02:51:22,113.44,48.7
2026-08-24T02:51:23,114.01,49.27
2026-08-24T02:51:24,113.61,48.87
2026-08-24T02:51:25,114.23,49.48
2026-08-24T02:51:26,113.59,48.85
2026-08-24T02:51:27,113.45,48.71
2026-08-24T02:51:28,112.7,47.97
2026-08-24T02:51:29,113.91,49.17
2026-08-24T02:51:30,114.2,49.46
2026-08-24T02:51:31,113.42,48.68
2026-08-24T02:51:32,112.92,48.2
2026-08-24T02:51:33,113.79,49.05
2026-08-24T02:51:34,113.37,48.63
2026-08-24T02:51:35,113.95,49.21
2026-08-24T02:51:36,112.96,48.23
2026-08-24T02:51:37,113.54,48.8
2026-08-24T02:51:38,113.44,48.7
2026-08-24T02:51:39,113.25,48.52
2026-08-24T02:51:40,113.35,48.62
2026-08-24T02:51:41,113.91,49.17
2026-08-24T02:51:42,113.92,49.18
2026-08-24T02:51:43,113.97,49.23
2026-08-24T02:51:44,113.26,48.53
2026-08-24T02:51:45,114.17,49.42
2026-08-24T02:51:46,113.67,48.93
2026-08-24T02:51:47,113.14,48.41
2026-08-24T02:51:48,113.56,48.82
2026-08-24T02:51:49,113.22,48.49
2026-08-24T02:51:50,113.54,48.81
2026-08-24T02:51:51,113.49,48.75
2026-08-24T02:51:52,113.54,48.8
2026-08-24T02:51:53,113.19,48.46
2026-08-24T02:51:54,113.9,49.16
2026-08-24T02:51:55,113.18,48.44
2026-08-24T02:51:56,113.68,48.94
2026-08-24T02:51:57,113.2,48.47
2026-08-24T02:51:58,113.59,48.85
2026-08-24T02:51:59,113.79,49.05
2026-08-24T02:52:00,113.97,49.22
2026-08-24T02:52:01,113.44,48.7
2026-08-24T02:52:02,113.46,48.73
2026-08-24T02:52:03,113.58,48.84
2026-08-24T02:52:04,113.91,49.17
2026-08-24T02:52:05,113.83,49.09
2026-08-24T02:52:06,114.49,49.74
2026-08-24T02:52:07,113.78,49.04
2026-08-24T02:52:08,113.81,49.07
2026-08-24T02:52:09,114.02,49.28
2026-08-24T02:52:10,113.81,49.06
2026-08-24T02:52:11,113.21,48.48
2026-08-24T02:52:12,113.52,48.79
2026-08-24T02:52:13,113.93,49.18
2026-08-24T02:52:14,113.39,48.66
2026-08-24T02:52:15,113.99,49.25
2026-08-24T02:52:16,113.6,48.86
2026-08-24T02:52:17,113.55,48.81
2026-08-24T02:52:18,113.71,48.97
2026-08-24T02:52:19,113.75,49.01
2026-08-24T02:52:20,113.9,49.16
2026-08-24T02:52:21,113.48,48.74
2026-08-24T02:52:22,113.66,48.93
2026-08-24T02:52:23,114.0,49.26
2026-08-24T02:52:24,113.18,48.45
2026-08-24T02:52:25,113.9,49.16
2026-08-24T02:52:26,113.84,49.1
2026-08-24T02:52:27,114.09,49.34
2026-08-24T02:52:28,113.63,48.89
2026-08-24T02:52:29,113.67,48.93
2026-08-24T02:52:30,114.0,49.26
2026-08-24T02:52:31,112.84,48.11
2026-08-24T02:52:32,113.76,49.02
2026-08-24T02:52:33,114.09,49.34
2026-08-24T02:52:34,113.6,48.86
2026-08-24T02:52:35,114.06,49.32
2026-08-24T02:52:36,113.8,49.06
2026-08-24T02:52:37,113.27,48.54
2026-08-24T02:52:38,113.76,49.02
2026-08-24T02:52:39,114.45,49.7
2026-08-24T02:52:40,113.9,49.16
2026-08-24T02:52:41,113.34,48.61
2026-08-24T02:52:42,114.14,49.39
2026-08-24T02:52:43,113.9,49.16
2026-08-24T02:52:44,113.33,48.6
2026-08-24T02:52:45,113.81,49.07
2026-08-24T02:52:46,113.55,48.81
2026-08-24T02:52:47,114.12,49.37
2026-08-24T02:52:48,113.93,49.19
2026-08-24T02:52:49,112.79,48.06
2026-08-24T02:52:50,113.33,48.6
2026-08-24T02:52:51,113.76,49.02
2026-08-24T02:52:52,113.78,49.04
2026-08-24T02:52:53,113.79,49.05
2026-08-24T02:52:54,113.36,48.62
2026-08-24T02:52:55,113.67,48.93
2026-08-24T02:52:56,113.17,48.44
2026-08-24T02:52:57,113.85,49.11
2026-08-24T02:52:58,112.95,48.22
2026-08-24T02:52:59,113.62,48.89
2026-08-24T02:53:00,113.37,48.63
2026-08-24T02:53:01,114.05,49.3
2026-08-24T02:53:02,114.0,49.26
2026-08-24T02:53:03,113.94,49.2
2026-08-24T02:53:04,113.96,49.22
2026-08-24T02:53:05,113.53,48.79
2026-08-24T02:53:06,113.28,48.55
2026-08-24T02:53:07,113.65,48.91
2026-08-24T02:53:08,113.42,48.69
2026-08-24T02:53:09,113.39,48.66
2026-08-24T02:53:10,113.73,48.99
2026-08-24T02:53:11,113.52,48.78
2026-08-24T02:53:12,113.84,49.1
2026-08-24T02:53:13,113.74,49.0
2026-08-24T02:53:14,113.78,49.04
2026-08-24T02:53:15,114.42,49.67
2026-08-24T02:53:16,114.45,49.7
2026-08-24T02:53:17,114.07,49.32
2026-08-24T02:53:18,114.29,49.55
2026-08-24T02:53:19,114.12,49.37
2026-08-24T02:53:20,114.6,49.85
2026-08-24T02:53:21,114.59,49.83
2026-08-24T02:53:22,114.46,49.71
2026-08-24T02:53:23,114.35,49.6
2026-08-24T02:53:24,115.0,50.24
2026-08-24T02:53:25,113.74,49.0
2026-08-24T02:53:26,113.45,48.71
2026-08-24T02:53:27,113.97,49.23
2026-08-24T02:53:28,113.53,48.79
2026-08-24T02:53:29,113.91,49.17
2026-08-24T02:53:30,114.24,49.49
2026-08-24T02:53:31,113.6,48.86
2026-08-24T02:53:32,113.5,48.76
2026-08-24T02:53:33,114.31,49.57
2026-08-24T02:53:34,113.67,48.93
2026-08-24T02:53:35,113.71,48.97
2026-08-24T02:53:36,113.65,48.91
2026-08-24T02:53:37,113.52,48.79
2026-08-24T02:53:38,113.52,48.78
2026-08-24T02:53:39,113.38,48.64
2026-08-24T02:53:40,113.3,48.57
2026-08-24T02:53:41,113.53,48.79
2026-08-24T02:53:42,113.77,49.03
2026-08-24T02:53:43,113.61,48.87
2026-08-24T02:53:44,113.08,48.35
2026-08-24T02:53:45,113.83,49.09
2026-08-24T02:53:46,113.89,49.15
2026-08-24T02:53:47,113.82,49.08
2026-08-24T02:53:48,113.76,49.02
2026-08-24T02:53:49,114.03,49.28
2026-08-24T02:53:50,113.86,49.12
2026-08-24T02:53:51,113.65,48.91
2026-08-24T02:53:52,113.64,48.9
2026-08-24T02:53:53,113.82,49.08
2026-08-24T02:53:54,114.05,49.31
2026-08-24T02:53:55,114.08,49.33
2026-08-24T02:53:56,113.78,49.04
2026-08-24T02:53:57,113.73,48.99
2026-08-24T02:53:58,113.37,48.63
2026-08-24T02:53:59,114.26,49.51
2026-08-24T02:54:00,114.34,49.59
2026-08-24T02:54:01,114.4,49.66
2026-08-24T02:54:02,114.82,50.06
2026-08-24T02:54:03,115.71,50.94
2026-08-24T02:54:04,116.49,51.71
2026-08-24T02:54:05,118.97,54.15
2026-08-24T02:54:06,122.84,57.97
2026-08-24T02:54:07,125.02,60.12
2026-08-24T02:54:08,127.35,62.41
2026-08-24T02:54:09,127.67,62.74
2026-08-24T02:54:10,127.23,62.29
2026-08-24T02:54:11,124.99,60.09
2026-08-24T02:54:12,121.73,56.87
2026-08-24T02:54:13,119.71,54.89
2026-08-24T02:54:14,118.5,53.69
2026-08-24T02:54:15,117.28,52.49
2026-08-24T02:54:16,117.33,52.54
2026-08-24T02:54:17,116.83,52.05
2026-08-24T02:54:18,115.87,51.1
2026-08-24T02:54:19,115.27,50.5
2026-08-24T02:54:20,115.05,50.29
2026-08-24T02:54:21,114.7,49.95
2026-08-24T02:54:22,114.24,49.5
2026-08-24T02:54:23,113.87,49.13
2026-08-24T02:54:24,113.47,48.73
2026-08-24T02:54:25,113.31,48.58
2026-08-24T02:54:26,113.15,48.42
2026-08-24T02:54:27,113.59,48.86
2026-08-24T02:54:28,114.09,49.34
2026-08-24T02:54:29,113.56,48.82
2026-08-24T02:54:30,113.99,49.25
2026-08-24T02:54:31,113.77,49.03
2026-08-24T02:54:32,114.25,49.5
2026-08-24T02:54:33,114.02,49.28
2026-08-24T02:54:34,113.82,49.08
2026-08-24T02:54:35,113.61,48.87
2026-08-24T02:54:36,113.5,48.77
2026-08-24T02:54:37,113.94,49.2
2026-08-24T02:54:38,113.36,48.62
2026-08-24T02:54:39,113.9,49.15
2026-08-24T02:54:40,113.57,48.83
2026-08-24T02:54:41,113.99,49.24
2026-08-24T02:54:42,113.67,48.93
2026-08-24T02:54:43,112.85,48.12
2026-08-24T02:54:44,113.73,48.99
2026-08-24T02:54:45,113.69,48.95
2026-08-24T02:54:46,113.95,49.21
2026-08-24T02:54:47,113.8,49.06
2026-08-24T02:54:48,113.98,49.24
2026-08-24T02:54:49,113.63,48.89
2026-08-24T02:54:50,113.42,48.68
2026-08-24T02:54:51,114.22,49.47
2026-08-24T02:54:52,114.11,49.36
2026-08-24T02:54:53,113.19,48.45
2026-08-24T02:54:54,113.36,48.62
2026-08-24T02:54:55,114.24,49.5
2026-08-24T02:54:56,113.87,49.13
2026-08-24T02:54:57,113.93,49.19
2026-08-24T02:54:58,113.53,48.79
2026-08-24T02:54:59,113.9,49.16
2026-08-24T02:55:00,113.49,48.75
2026-08-24T02:55:01,113.38,48.65
2026-08-24T02:55:02,113.73,48.99
2026-08-24T02:55:03,113.61,48.87
2026-08-24T02:55:04,113.64,48.9
2026-08-24T02:55:05,113.46,48.73
2026-08-24T02:55:06,114.03,49.28
2026-08-24T02:55:07,113.27,48.53
2026-08-24T02:55:08,113.9,49.16
2026-08-24T02:55:09,113.02,48.29
2026-08-24T02:55:10,113.48,48.74
2026-08-24T02:55:11,112.92,48.2
2026-08-24T02:55:12,113.22,48.49
2026-08-24T02:55:13,113.29,48.56
2026-08-24T02:55:14,113.85,49.11
2026-08-24T02:55:15,114.39,49.64
2026-08-24T02:55:16,113.97,49.22
2026-08-24T02:55:17,113.57,48.83
2026-08-24T02:55:18,113.46,48.73
2026-08-24T02:55:19,113.48,48.74
2026-08-24T02:55:20,113.61,48.87
2026-08-24T02:55:21,114.03,49.28
2026-08-24T02:55:22,113.27,48.54
2026-08-24T02:55:23,113.53,48.79
2026-08-24T02:55:24,113.93,49.19
2026-08-24T02:55:25,113.26,48.53
2026-08-24T02:55:26,113.86,49.12
2026-08-24T02:55:27,113.83,49.08
2026-08-24T02:55:28,113.8,49.06
2026-08-24T02:55:29,114.19,49.44
2026-08-24T02:55:30,113.2,48.47
2026-08-24T02:55:31,113.73,48.99
2026-08-24T02:55:32,114.0,49.25
2026-08-24T02:55:33,113.32,48.59
2026-08-24T02:55:34,114.11,49.37
2026-08-24T02:55:35,114.41,49.66
2026-08-24T02:55:36,114.62,49.87
2026-08-24T02:55:37,114.98,50.22
2026-08-24T02:55:38,116.39,51.62
2026-08-24T02:55:39,117.1,52.31
2026-08-24T02:55:40,121.79,56.94
2026-08-24T02:55:41,124.2,59.31
2026-08-24T02:55:42,126.05,61.14
2026-08-24T02:55:43,127.16,62.23
2026-08-24T02:55:44,127.35,62.42
2026-08-24T02:55:45,128.11,63.17
2026-08-24T02:55:46,124.68,59.78
2026-08-24T02:55:47,121.7,56.85
2026-08-24T02:55:48,120.63,55.79
2026-08-24T02:55:49,118.09,53.29
2026-08-24T02:55:50,118.0,53.2
2026-08-24T02:55:51,116.6,51.82
2026-08-24T02:55:52,115.94,51.17
2026-08-24T02:55:53,116.61,51.82
2026-08-24T02:55:54,115.54,50.78
2026-08-24T02:55:55,115.01,50.25
2026-08-24T02:55:56,114.76,50.0
2026-08-24T02:55:57,114.19,49.44
2026-08-24T02:55:58,113.97,49.23
2026-08-24T02:55:59,114.46,49.71
2026-08-24T02:56:00,114.37,49.62
2026-08-24T02:56:01,114.32,49.58
2026-08-24T02:56:02,113.84,49.09
2026-08-24T02:56:03,113.6,48.86
2026-08-24T02:56:04,113.56,48.82
2026-08-24T02:56:05,114.4,49.66
2026-08-24T02:56:06,113.94,49.19
2026-08-24T02:56:07,113.59,48.85
2026-08-24T02:56:08,113.58,48.84
2026-08-24T02:56:09,115.48,50.71
2026-08-24T02:56:10,114.71,49.95
2026-08-24T02:56:11,113.84,49.1
2026-08-24T02:56:12,114.55,49.79
2026-08-24T02:56:13,113.74,49.0
2026-08-24T02:56:14,113.65,48.91
2026-08-24T02:56:15,113.65,48.92
2026-08-24T02:56:16,113.37,48.64
2026-08-24T02:56:17,113.73,48.99
2026-08-24T02:56:18,113.95,49.21
2026-08-24T02:56:19,113.88,49.14
2026-08-24T02:56:20,113.37,48.64
2026-08-24T02:56:21,113.86,49.12
2026-08-24T02:56:22,113.55,48.82
2026-08-24T02:56:23,113.61,48.87
2026-08-24T02:56:24,113.59,48.85
2026-08-24T02:56:25,114.21,49.46
2026-08-24T02:56:26,113.67,48.93
2026-08-24T02:56:27,113.96,49.22
2026-08-24T02:56:28,114.17,49.42
2026-08-24T02:56:29,114.48,49.73
2026-08-24T02:56:30,114.57,49.82
2026-08-24T02:56:31,114.46,49.71
2026-08-24T02:56:32,114.52,49.77
2026-08-24T02:56:33,114.3,49.55
2026-08-24T02:56:34,114.49,49.74
2026-08-24T02:56:35,114.24,49.49
2026-08-24T02:56:36,113.64,48.9
2026-08-24T02:56:37,114.37,49.62
2026-08-24T02:56:38,113.87,49.13
2026-08-24T02:56:39,114.32,49.58
2026-08-24T02:56:40,114.53,49.78
2026-08-24T02:56:41,113.72,48.98
2026-08-24T02:56:42,113.69,48.95
2026-08-24T02:56:43,113.15,48.42
2026-08-24T02:56:44,113.95,49.21
2026-08-24T02:56:45,113.41,48.68
2026-08-24T02:56:46,114.57,49.82
2026-08-24T02:56:47,112.8,48.07
2026-08-24T02:56:48,112.93,48.2
2026-08-24T02:56:49,113.44,48.7
2026-08-24T02:56:50,113.57,48.83
2026-08-24T02:56:51,113.6,48.86
2026-08-24T02:56:52,113.85,49.11
2026-08-24T02:56:53,113.33,48.59
2026-08-24T02:56:54,113.53,48.79
2026-08-24T02:56:55,113.88,49.14
2026-08-24T02:56:56,113.72,48.98
2026-08-24T02:56:57,113.64,48.9
2026-08-24T02:56:58,113.54,48.8
2026-08-24T02:56:59,113.33,48.59
2026-08-24T02:57:00,113.79,49.05
2026-08-24T02:57:01,113.71,48.97
2026-08-24T02:57:02,113.81,49.06
2026-08-24T02:57:03,114.36,49.61
2026-08-24T02:57:04,113.8,49.06
2026-08-24T02:57:05,113.08,48.35
2026-08-24T02:57:06,113.55,48.81
2026-08-24T02:57:07,113.66,48.92
2026-08-24T02:57:08,113.34,48.6
2026-08-24T02:57:09,114.47,49.72
2026-08-24T02:57:10,114.17,49.43
2026-08-24T02:57:11,113.65,48.91
2026-08-24T02:57:12,113.61,48.87
2026-08-24T02:57:13,113.56,48.82
2026-08-24T02:57:14,113.72,48.98
2026-08-24T02:57:15,113.75,49.01
2026-08-24T02:57:16,113.44,48.7
2026-08-24T02:57:17,113.25,48.52
2026-08-24T02:57:18,113.59,48.85
2026-08-24T02:57:19,113.49,48.75
2026-08-24T02:57:20,113.89,49.15
2026-08-24T02:57:21,113.56,48.82
2026-08-24T02:57:22,113.48,48.75
2026-08-24T02:57:23,113.63,48.89
2026-08-24T02:57:24,114.24,49.49
2026-08-24T02:57:25,114.14,49.39
2026-08-24T02:57:26,113.98,49.24
2026-08-24T02:57:27,113.48,48.75
2026-08-24T02:57:28,113.62,48.88
2026-08-24T02:57:29,113.55,48.81
2026-08-24T02:57:30,113.46,48.72
2026-08-24T02:57:31,114.07,49.32
2026-08-24T02:57:32,114.29,49.54
2026-08-24T02:57:33,114.65,49.9
2026-08-24T02:57:34,113.75,49.01
2026-08-24T02:57:35,114.29,49.54
2026-08-24T02:57:36,113.28,48.55
2026-08-24T02:57:37,113.4,48.66
2026-08-24T02:57:38,112.9,48.17
2026-08-24T02:57:39,113.07,48.34
2026-08-24T02:57:40,113.84,49.1
2026-08-24T02:57:41,113.89,49.14
2026-08-24T02:57:42,113.19,48.46
2026-08-24T02:57:43,113.64,48.91
2026-08-24T02:57:44,113.78,49.04
2026-08-24T02:57:45,113.02,48.29
2026-08-24T02:57:46,113.63,48.89
2026-08-24T02:57:47,113.72,48.98
2026-08-24T02:57:48,113.63,48.89
2026-08-24T02:57:49,113.06,48.33
2026-08-24T02:57:50,114.12,49.38
2026-08-24T02:57:51,113.67,48.93
2026-08-24T02:57:52,113.24,48.51
2026-08-24T02:57:53,113.98,49.24
2026-08-24T02:57:54,113.19,48.46
2026-08-24T02:57:55,113.43,48.7
2026-08-24T02:57:56,113.63,48.89
2026-08-24T02:57:57,113.65,48.91
2026-08-24T02:57:58,113.27,48.54
2026-08-24T02:57:59,113.16,48.43
2026-08-24T02:58:00,113.75,49.01
2026-08-24T02:58:01,113.8,49.06
2026-08-24T02:58:02,113.64,48.9
2026-08-24T02:58:03,113.29,48.55
2026-08-24T02:58:04,113.54,48.81
2026-08-24T02:58:05,113.5,48.77
2026-08-24T02:58:06,113.88,49.13
2026-08-24T02:58:07,114.03,49.29
2026-08-24T02:58:08,113.26,48.53
2026-08-24T02:58:09,113.56,48.82
2026-08-24T02:58:10,113.33,48.59
2026-08-24T02:58:11,113.93,49.19
2026-08-24T02:58:12,113.61,48.87
2026-08-24T02:58:13,114.06,49.32
2026-08-24T02:58:14,113.89,49.14
2026-08-24T02:58:15,113.62,48.88
2026-08-24T02:58:16,113.09,48.35
2026-08-24T02:58:17,113.23,48.5
2026-08-24T02:58:18,114.08,49.34
2026-08-24T02:58:19,113.69,48.95
2026-08-24T02:58:20,113.8,49.06
2026-08-24T02:58:21,113.56,48.82
2026-08-24T02:58:22,113.52,48.78
2026-08-24T02:58:23,114.25,49.5
2026-08-24T02:58:24,113.45,48.71
2026-08-24T02:58:25,113.73,48.99
2026-08-24T02:58:26,113.59,48.85
2026-08-24T02:58:27,114.22,49.48
2026-08-24T02:58:28,113.39,48.66
2026-08-24T02:58:29,114.0,49.25
2026-08-24T02:58:30,114.05,49.3
2026-08-24T02:58:31,113.58,48.84
2026-08-24T02:58:32,113.3,48.57
2026-08-24T02:58:33,113.82,49.08
2026-08-24T02:58:34,113.66,48.92
2026-08-24T02:58:35,112.79,48.06
2026-08-24T02:58:36,113.54,48.8
2026-08-24T02:58:37,113.48,48.74
2026-08-24T02:58:38,113.74,49.0
2026-08-24T02:58:39,113.41,48.67
2026-08-24T02:58:40,113.54,48.8
2026-08-24T02:58:41,113.44,48.7
2026-08-24T02:58:42,113.51,48.77
2026-08-24T02:58:43,113.47,48.73
2026-08-24T02:58:44,114.04,49.29
2026-08-24T02:58:45,113.98,49.24
2026-08-24T02:58:46,113.34,48.6
2026-08-24T02:58:47,113.93,49.19
2026-08-24T02:58:48,113.37,48.63
2026-08-24T02:58:49,114.02,49.27
2026-08-24T02:58:50,113.53,48.79
2026-08-24T02:58:51,113.69,48.95
2026-08-24T02:58:52,114.35,49.6
2026-08-24T02:58:53,113.57,48.84
2026-08-24T02:58:54,113.26,48.53
2026-08-24T02:58:55,113.65,48.91
2026-08-24T02:58:56,113.44,48.7
2026-08-24T02:58:57,113.27,48.54
2026-08-24T02:58:58,113.88,49.14
2026-08-24T02:58:59,113.85,49.11
2026-08-24T02:59:00,114.05,49.31
2026-08-24T02:59:01,113.88,49.14
2026-08-24T02:59:02,114.16,49.42
2026-08-24T02:59:03,113.86,49.12
2026-08-24T02:59:04,113.2,48.47
2026-08-24T02:59:05,114.19,49.45
2026-08-24T02:59:06,113.91,49.17
2026-08-24T02:59:07,113.71,48.97
2026-08-24T02:59:08,113.78,49.04
2026-08-24T02:59:09,114.22,49.47
2026-08-24T02:59:10,113.31,48.58
2026-08-24T02:59:11,114.35,49.6
2026-08-24T02:59:12,113.62,48.88
2026-08-24T02:59:13,113.2,48.47
2026-08-24T02:59:14,113.71,48.97
2026-08-24T02:59:15,113.66,48.93
2026-08-24T02:59:16,113.13,48.4
2026-08-24T02:59:17,113.66,48.93
2026-08-24T02:59:18,113.47,48.74
2026-08-24T02:59:19,113.24,48.51
2026-08-24T02:59:20,113.47,48.73
2026-08-24T02:59:21,113.7,48.96
2026-08-24T02:59:22,112.99,48.26
2026-08-24T02:59:23,113.51,48.77
2026-08-24T02:59:24,113.62,48.88
2026-08-24T02:59:25,113.46,48.73
2026-08-24T02:59:26,113.8,49.06
2026-08-24T02:59:27,114.01,49.27
2026-08-24T02:59:28,113.69,48.95
2026-08-24T02:59:29,113.88,49.14
2026-08-24T02:59:30,113.72,48.98
2026-08-24T02:59:31,113.86,49.11
2026-08-24T02:59:32,114.1,49.35
2026-08-24T02:59:33,114.05,49.3
2026-08-24T02:59:34,113.38,48.65
2026-08-24T02:59:35,113.88,49.13
2026-08-24T02:59:36,113.81,49.07
2026-08-24T02:59:37,113.62,48.88
2026-08-24T02:59:38,113.97,49.23
2026-08-24T02:59:39,114.03,49.29
2026-08-24T02:59:40,113.54,48.8
2026-08-24T02:59:41,114.29,49.54
2026-08-24T02:59:42,113.78,49.04
2026-08-24T02:59:43,113.95,49.21
2026-08-24T02:59:44,113.51,48.77
2026-08-24T02:59:45,114.06,49.31
2026-08-24T02:59:46,114.52,49.77
2026-08-24T02:59:47,114.27,49.52
2026-08-24T02:59:48,114.22,49.47
2026-08-24T02:59:49,114.4,49.65
2026-08-24T02:59:50,114.33,49.58
2026-08-24T02:59:51,114.68,49.93
2026-08-24T02:59:52,115.74,50.98
2026-08-24T02:59:53,116.51,51.73
2026-08-24T02:59:54,118.94,54.13
2026-08-24T02:59:55,120.88,56.04
2026-08-24T02:59:56,122.5,57.64
2026-08-24T02:59:57,125.48,60.57
2026-08-24T02:59:58,126.77,61.84
2026-08-24T02:59:59,126.72,61.8
2026-08-24T03:00:00,125.37,60.47
2026-08-24T03:00:01,121.9,57.04
2026-08-24T03:00:02,119.44,54.62
2026-08-24T03:00:03,117.86,53.06
2026-08-24T03:00:04,116.66,51.88
2026-08-24T03:00:05,116.0,51.23
2026-08-24T03:00:06,115.89,51.12
2026-08-24T03:00:07,115.38,50.61
2026-08-24T03:00:08,114.63,49.88
2026-08-24T03:00:09,114.69,49.93
2026-08-24T03:00:10,114.31,49.56
2026-08-24T03:00:11,113.97,49.23
2026-08-24T03:00:12,113.75,49.01
2026-08-24T03:00:13,113.91,49.17
2026-08-24T03:00:14,113.94,49.2
2026-08-24T03:00:15,114.05,49.31
2026-08-24T03:00:16,115.72,50.95
2026-08-24T03:00:17,116.76,51.97
2026-08-24T03:00:18,117.28,52.49
2026-08-24T03:00:19,116.53,51.76
2026-08-24T03:00:20,115.72,50.96
2026-08-24T03:00:21,116.62,51.84
2026-08-24T03:00:22,117.08,52.29
2026-08-24T03:00:23,115.73,50.96
2026-08-24T03:00:24,114.81,50.06
2026-08-24T03:00:25,113.75,49.01
2026-08-24T03:00:26,114.03,49.29
2026-08-24T03:00:27,113.47,48.73
2026-08-24T03:00:28,114.35,49.6
2026-08-24T03:00:29,113.93,49.18
2026-08-24T03:00:30,113.5,48.76
2026-08-24T03:00:31,114.02,49.27
2026-08-24T03:00:32,113.74,49.0
2026-08-24T03:00:33,113.84,49.1
2026-08-24T03:00:34,113.7,48.96
2026-08-24T03:00:35,114.14,49.4
2026-08-24T03:00:36,113.78,49.04
2026-08-24T03:00:37,114.02,49.28
2026-08-24T03:00:38,114.39,49.64
2026-08-24T03:00:39,113.03,48.3
2026-08-24T03:00:40,113.55,48.81
2026-08-24T03:00:41,113.65,48.91
2026-08-24T03:00:42,114.82,50.06
2026-08-24T03:00:43,113.2,48.47
2026-08-24T03:00:44,113.4,48.67
2026-08-24T03:00:45,113.43,48.7
2026-08-24T03:00:46,113.89,49.15
2026-08-24T03:00:47,113.47,48.73
2026-08-24T03:00:48,113.73,48.99
2026-08-24T03:00:49,113.1,48.37
2026-08-24T03:00:50,112.87,48.14
2026-08-24T03:00:51,113.23,48.5
2026-08-24T03:00:52,113.7,48.96
2026-08-24T03:00:53,114.53,49.78
2026-08-24T03:00:54,113.25,48.52
2026-08-24T03:00:55,113.43,48.7
2026-08-24T03:00:56,114.02,49.28
2026-08-24T03:00:57,113.92,49.18
2026-08-24T03:00:58,113.89,49.14
2026-08-24T03:00:59,113.52,48.79
2026-08-24T03:01:00,113.97,49.22
2026-08-24T03:01:01,114.22,49.47
2026-08-24T03:01:02,113.7,48.96
2026-08-24T03:01:03,114.37,49.62
2026-08-24T03:01:04,114.05,49.31
2026-08-24T03:01:05,113.47,48.73
2026-08-24T03:01:06,113.57,48.83
2026-08-24T03:01:07,113.91,49.16
2026-08-24T03:01:08,114.32,49.57
2026-08-24T03:01:09,115.88,51.11
2026-08-24T03:01:10,117.78,52.98
2026-08-24T03:01:11,116.78,51.99
2026-08-24T03:01:12,115.83,51.06
2026-08-24T03:01:13,114.7,49.94
2026-08-24T03:01:14,115.75,50.98
2026-08-24T03:01:15,117.91,53.11
2026-08-24T03:01:16,118.99,54.18
2026-08-24T03:01:17,122.88,58.01
2026-08-24T03:01:18,124.03,59.14
2026-08-24T03:01:19,124.73,59.83
2026-08-24T03:01:20,122.9,58.03
2026-08-24T03:01:21,121.37,56.52
2026-08-24T03:01:22,119.99,55.16
2026-08-24T03:01:23,119.09,54.27
2026-08-24T03:01:24,119.59,54.77
2026-08-24T03:01:25,120.13,55.3
2026-08-24T03:01:26,117.96,53.16
2026-08-24T03:01:27,116.06,51.29
2026-08-24T03:01:28,116.04,51.27
2026-08-24T03:01:29,114.75,50.0
2026-08-24T03:01:30,114.32,49.57
2026-08-24T03:01:31,114.5,49.75
2026-08-24T03:01:32,113.72,48.98
2026-08-24T03:01:33,114.07,49.33
2026-08-24T03:01:34,114.19,49.44
2026-08-24T03:01:35,114.34,49.6
2026-08-24T03:01:36,113.67,48.93
2026-08-24T03:01:37,113.71,48.97
2026-08-24T03:01:38,112.97,48.24
2026-08-24T03:01:39,113.93,49.19
2026-08-24T03:01:40,113.81,49.06
2026-08-24T03:01:41,114.25,49.5
2026-08-24T03:01:42,113.53,48.8
2026-08-24T03:01:43,113.5,48.76
2026-08-24T03:01:44,114.28,49.53
2026-08-24T03:01:45,114.08,49.33
2026-08-24T03:01:46,113.59,48.86
2026-08-24T03:01:47,113.42,48.69
2026-08-24T03:01:48,113.49,48.75
2026-08-24T03:01:49,113.42,48.69
2026-08-24T03:01:50,113.37,48.63
2026-08-24T03:01:51,113.79,49.05
2026-08-24T03:01:52,114.04,49.29
2026-08-24T03:01:53,113.7,48.96
2026-08-24T03:01:54,113.29,48.56
2026-08-24T03:01:55,113.08,48.35
2026-08-24T03:01:56,113.34,48.61
2026-08-24T03:01:57,113.95,49.21
2026-08-24T03:01:58,113.34,48.6
2026-08-24T03:01:59,113.93,49.18
2026-08-24T03:02:00,113.34,48.6
2026-08-24T03:02:01,113.41,48.67
2026-08-24T03:02:02,113.48,48.75
2026-08-24T03:02:03,113.9,49.16
2026-08-24T03:02:04,113.39,48.65
2026-08-24T03:02:05,113.44,48.71
2026-08-24T03:02:06,113.62,48.88
2026-08-24T03:02:07,112.76,48.04
2026-08-24T03:02:08,113.47,48.73
2026-08-24T03:02:09,113.26,48.52
2026-08-24T03:02:10,113.55,48.82
2026-08-24T03:02:11,113.58,48.85
2026-08-24T03:02:12,113.27,48.54
2026-08-24T03:02:13,114.17,49.42
2026-08-24T03:02:14,113.47,48.73
2026-08-24T03:02:15,113.2,48.47
2026-08-24T03:02:16,113.76,49.02
2026-08-24T03:02:17,113.78,49.04
2026-08-24T03:02:18,113.62,48.88
2026-08-24T03:02:19,113.02,48.29
2026-08-24T03:02:20,113.29,48.56
2026-08-24T03:02:21,113.62,48.88
2026-08-24T03:02:22,113.54,48.8
2026-08-24T03:02:23,113.73,48.99
2026-08-24T03:02:24,113.1,48.37
2026-08-24T03:02:25,113.76,49.02
2026-08-24T03:02:26,114.2,49.46
2026-08-24T03:02:27,113.66,48.92
2026-08-24T03:02:28,113.89,49.15
2026-08-24T03:02:29,113.74,49.0
2026-08-24T03:02:30,113.69,48.95
2026-08-24T03:02:31,113.92,49.18
2026-08-24T03:02:32,113.63,48.89
2026-08-24T03:02:33,113.99,49.24
2026-08-24T03:02:34,113.44,48.71
2026-08-24T03:02:35,113.27,48.53
2026-08-24T03:02:36,113.65,48.92
2026-08-24T03:02:37,113.78,49.04
2026-08-24T03:02:38,113.92,49.18
2026-08-24T03:02:39,113.44,48.7
2026-08-24T03:02:40,113.4,48.66
2026-08-24T03:02:41,113.39,48.65
2026-08-24T03:02:42,113.73,48.99
2026-08-24T03:02:43,113.55,48.81
2026-08-24T03:02:44,113.18,48.45
2026-08-24T03:02:45,113.29,48.56
2026-08-24T03:02:46,113.23,48.5
2026-08-24T03:02:47,113.37,48.64
2026-08-24T03:02:48,112.98,48.25
2026-08-24T03:02:49,114.46,49.71
2026-08-24T03:02:50,113.97,49.22
2026-08-24T03:02:51,113.56,48.82
2026-08-24T03:02:52,114.58,49.83
2026-08-24T03:02:53,113.09,48.36
2026-08-24T03:02:54,113.12,48.39
2026-08-24T03:02:55,113.52,48.78
2026-08-24T03:02:56,113.54,48.8
2026-08-24T03:02:57,113.84,49.1
2026-08-24T03:02:58,114.07,49.32
2026-08-24T03:02:59,113.18,48.45
2026-08-24T03:03:00,113.67,48.93
2026-08-24T03:03:01,113.26,48.53
2026-08-24T03:03:02,113.51,48.77
2026-08-24T03:03:03,114.11,49.37
2026-08-24T03:03:04,113.32,48.59
2026-08-24T03:03:05,113.02,48.29
2026-08-24T03:03:06,113.52,48.78
2026-08-24T03:03:07,113.87,49.13
2026-08-24T03:03:08,113.03,48.3
2026-08-24T03:03:09,113.33,48.6
2026-08-24T03:03:10,113.75,49.01
2026-08-24T03:03:11,114.16,49.41
2026-08-24T03:03:12,113.68,48.94
2026-08-24T03:03:13,113.54,48.8
2026-08-24T03:03:14,113.26,48.52
2026-08-24T03:03:15,113.46,48.72
2026-08-24T03:03:16,114.5,49.75
2026-08-24T03:03:17,113.46,48.72
2026-08-24T03:03:18,113.55,48.81
2026-08-24T03:03:19,113.38,48.65
2026-08-24T03:03:20,113.56,48.82
2026-08-24T03:03:21,113.94,49.2
2026-08-24T03:03:22,112.79,48.06
2026-08-24T03:03:23,114.24,49.49
2026-08-24T03:03:24,112.87,48.14
2026-08-24T03:03:25,113.3,48.57
2026-08-24T03:03:26,113.95,49.21
2026-08-24T03:03:27,113.65,48.91
2026-08-24T03:03:28,113.44,48.71
2026-08-24T03:03:29,113.27,48.54
2026-08-24T03:03:30,114.29,49.54
2026-08-24T03:03:31,113.52,48.78
2026-08-24T03:03:32,113.75,49.01
2026-08-24T03:03:33,113.33,48.6
2026-08-24T03:03:34,113.25,48.52
2026-08-24T03:03:35,113.78,49.04
2026-08-24T03:03:36,112.69,47.96
2026-08-24T03:03:37,114.28,49.54
2026-08-24T03:03:38,113.52,48.78
2026-08-24T03:03:39,113.82,49.08
2026-08-24T03:03:40,113.59,48.85
2026-08-24T03:03:41,113.43,48.69
2026-08-24T03:03:42,113.93,49.19
2026-08-24T03:03:43,114.23,49.48
2026-08-24T03:03:44,114.27,49.52
2026-08-24T03:03:45,114.49,49.74
2026-08-24T03:03:46,113.89,49.15
2026-08-24T03:03:47,113.41,48.67
2026-08-24T03:03:48,113.64,48.9
2026-08-24T03:03:49,113.89,49.15
2026-08-24T03:03:50,114.36,49.61
2026-08-24T03:03:51,114.24,49.49
2026-08-24T03:03:52,114.41,49.66
2026-08-24T03:03:53,114.07,49.33
2026-08-24T03:03:54,113.9,49.16
2026-08-24T03:03:55,113.66,48.93
2026-08-24T03:03:56,114.24,49.49
2026-08-24T03:03:57,113.29,48.56
2026-08-24T03:03:58,113.7,48.96
2026-08-24T03:03:59,114.06,49.31
2026-08-24T03:04:00,113.69,48.95
2026-08-24T03:04:01,113.78,49.04
2026-08-24T03:04:02,113.89,49.15
2026-08-24T03:04:03,113.64,48.91
2026-08-24T03:04:04,113.58,48.85
2026-08-24T03:04:05,113.24,48.51
2026-08-24T03:04:06,113.63,48.89
2026-08-24T03:04:07,113.74,49.0
2026-08-24T03:04:08,113.33,48.59
2026-08-24T03:04:09,113.1,48.37
2026-08-24T03:04:10,112.8,48.07
2026-08-24T03:04:11,113.8,49.06
2026-08-24T03:04:12,113.82,49.08
2026-08-24T03:04:13,113.24,48.51
2026-08-24T03:04:14,113.8,49.06
2026-08-24T03:04:15,114.03,49.29
2026-08-24T03:04:16,113.93,49.19
2026-08-24T03:04:17,113.48,48.74
2026-08-24T03:04:18,113.92,49.18
2026-08-24T03:04:19,113.62,48.89
2026-08-24T03:04:20,113.45,48.71
2026-08-24T03:04:21,113.42,48.69
2026-08-24T03:04:22,112.72,48.0
2026-08-24T03:04:23,113.36,48.62
2026-08-24T03:04:24,113.87,49.13
2026-08-24T03:04:25,114.29,49.54
2026-08-24T03:04:26,113.46,48.72
2026-08-24T03:04:27,113.7,48.96
2026-08-24T03:04:28,113.7,48.96
2026-08-24T03:04:29,113.55,48.81
2026-08-24T03:04:30,113.25,48.52
2026-08-24T03:04:31,113.35,48.62
2026-08-24T03:04:32,113.3,48.57
2026-08-24T03:04:33,113.19,48.46
2026-08-24T03:04:34,113.72,48.98
2026-08-24T03:04:35,113.78,49.04
2026-08-24T03:04:36,113.41,48.68
2026-08-24T03:04:37,112.94,48.21
2026-08-24T03:04:38,113.7,48.96
2026-08-24T03:04:39,114.18,49.43
2026-08-24T03:04:40,113.52,48.78
2026-08-24T03:04:41,113.66,48.92
2026-08-24T03:04:42,113.82,49.08
2026-08-24T03:04:43,113.35,48.62
2026-08-24T03:04:44,113.33,48.6
2026-08-24T03:04:45,113.5,48.77
2026-08-24T03:04:46,113.9,49.16
2026-08-24T03:04:47,113.58,48.84
2026-08-24T03:04:48,113.59,48.85
2026-08-24T03:04:49,113.37,48.64
2026-08-24T03:04:50,113.56,48.82
2026-08-24T03:04:51,113.77,49.03
2026-08-24T03:04:52,113.59,48.85
2026-08-24T03:04:53,115.05,50.29
2026-08-24T03:04:54,113.69,48.95
2026-08-24T03:04:55,113.73,48.99
2026-08-24T03:04:56,113.64,48.9
2026-08-24T03:04:57,114.05,49.31
2026-08-24T03:04:58,113.4,48.66
2026-08-24T03:04:59,113.38,48.65
2026-08-24T03:05:00,114.27,49.53
2026-08-24T03:05:01,113.89,49.15
2026-08-24T03:05:02,113.8,49.06
2026-08-24T03:05:03,113.27,48.54
2026-08-24T03:05:04,113.95,49.21
2026-08-24T03:05:05,113.01,48.28
2026-08-24T03:05:06,113.39,48.65
2026-08-24T03:05:07,113.51,48.77
2026-08-24T03:05:08,113.97,49.23
2026-08-24T03:05:09,113.73,48.99
2026-08-24T03:05:10,113.59,48.85
2026-08-24T03:05:11,113.54,48.81
2026-08-24T03:05:12,114.08,49.34
2026-08-24T03:05:13,113.66,48.92
2026-08-24T03:05:14,113.37,48.63
2026-08-24T03:05:15,113.55,48.81
2026-08-24T03:05:16,113.11,48.38
2026-08-24T03:05:17,113.49,48.76
2026-08-24T03:05:18,113.78,49.04
2026-08-24T03:05:19,113.81,49.07
2026-08-24T03:05:20,113.67,48.93
2026-08-24T03:05:21,113.28,48.54
2026-08-24T03:05:22,113.57,48.83
2026-08-24T03:05:23,113.52,48.78
2026-08-24T03:05:24,113.58,48.85
2026-08-24T03:05:25,113.07,48.34
2026-08-24T03:05:26,112.99,48.26
2026-08-24T03:05:27,113.58,48.84
2026-08-24T03:05:28,113.9,49.16
2026-08-24T03:05:29,112.98,48.25
2026-08-24T03:05:30,113.66,48.92
2026-08-24T03:05:31,113.38,48.65
2026-08-24T03:05:32,113.42,48.68
2026-08-24T03:05:33,113.23,48.49
2026-08-24T03:05:34,113.3,48.57
2026-08-24T03:05:35,113.37,48.63
2026-08-24T03:05:36,113.14,48.4
2026-08-24T03:05:37,112.92,48.19
2026-08-24T03:05:38,114.09,49.35
2026-08-24T03:05:39,113.97,49.22
2026-08-24T03:05:40,113.96,49.22
2026-08-24T03:05:41,113.59,48.85
2026-08-24T03:05:42,112.89,48.16
2026-08-24T03:05:43,113.63,48.89
2026-08-24T03:05:44,113.48,48.74
2026-08-24T03:05:45,113.35,48.61
2026-08-24T03:05:46,113.9,49.16
2026-08-24T03:05:47,113.81,49.07
2026-08-24T03:05:48,114.24,49.49
2026-08-24T03:05:49,113.42,48.68
2026-08-24T03:05:50,113.72,48.98
2026-08-24T03:05:51,113.69,48.95
2026-08-24T03:05:52,113.63,48.89
2026-08-24T03:05:53,113.51,48.77
2026-08-24T03:05:54,113.4,48.67
2026-08-24T03:05:55,113.45,48.72
2026-08-24T03:05:56,113.77,49.03
2026-08-24T03:05:57,113.76,49.02
2026-08-24T03:05:58,114.28,49.53
2026-08-24T03:05:59,113.76,49.02
2026-08-24T03:06:00,113.55,48.82
2026-08-24T03:06:01,114.2,49.45
2026-08-24T03:06:02,113.51,48.78
2026-08-24T03:06:03,113.31,48.58
2026-08-24T03:06:04,113.98,49.24
2026-08-24T03:06:05,113.63,48.89
2026-08-24T03:06:06,113.02,48.29
2026-08-24T03:06:07,112.95,48.22
2026-08-24T03:06:08,113.62,48.88
2026-08-24T03:06:09,112.93,48.2
2026-08-24T03:06:10,113.85,49.11
2026-08-24T03:06:11,113.59,48.85
2026-08-24T03:06:12,113.31,48.58
2026-08-24T03:06:13,113.81,49.07
2026-08-24T03:06:14,113.27,48.54
2026-08-24T03:06:15,113.65,48.91
2026-08-24T03:06:16,113.76,49.02
2026-08-24T03:06:17,113.66,48.92
2026-08-24T03:06:18,113.62,48.88
2026-08-24T03:06:19,114.05,49.3
2026-08-24T03:06:20,114.15,49.41
2026-08-24T03:06:21,113.27,48.53
2026-08-24T03:06:22,113.77,49.03
2026-08-24T03:06:23,114.11,49.37
2026-08-24T03:06:24,113.81,49.06
2026-08-24T03:06:25,114.01,49.27
2026-08-24T03:06:26,112.99,48.26
2026-08-24T03:06:27,113.32,48.59
2026-08-24T03:06:28,113.26,48.52
2026-08-24T03:06:29,113.55,48.81
2026-08-24T03:06:30,113.76,49.02
2026-08-24T03:06:31,113.49,48.76
2026-08-24T03:06:32,113.87,49.12
2026-08-24T03:06:33,113.61,48.88
2026-08-24T03:06:34,114.01,49.26
2026-08-24T03:06:35,113.34,48.6
2026-08-24T03:06:36,113.47,48.73
2026-08-24T03:06:37,112.91,48.18
2026-08-24T03:06:38,112.82,48.1
2026-08-24T03:06:39,113.67,48.94
2026-08-24T03:06:40,113.66,48.92
2026-08-24T03:06:41,113.62,48.88
2026-08-24T03:06:42,114.29,49.54
2026-08-24T03:06:43,113.56,48.83
2026-08-24T03:06:44,113.8,49.06
2026-08-24T03:06:45,114.15,49.41
2026-08-24T03:06:46,113.71,48.97
2026-08-24T03:06:47,114.07,49.33
2026-08-24T03:06:48,113.47,48.74
2026-08-24T03:06:49,113.79,49.05
2026-08-24T03:06:50,113.65,48.91
2026-08-24T03:06:51,113.31,48.57
2026-08-24T03:06:52,113.85,49.11
2026-08-24T03:06:53,113.78,49.04
2026-08-24T03:06:54,113.41,48.68
2026-08-24T03:06:55,113.28,48.55
2026-08-24T03:06:56,113.71,48.97
2026-08-24T03:06:57,113.61,48.87
2026-08-24T03:06:58,113.52,48.79
2026-08-24T03:06:59,112.81,48.08
2026-08-24T03:07:00,113.3,48.56
2026-08-24T03:07:01,113.09,48.36
2026-08-24T03:07:02,113.43,48.7
2026-08-24T03:07:03,113.94,49.2
2026-08-24T03:07:04,113.33,48.6
2026-08-24T03:07:05,113.72,48.98
2026-08-24T03:07:06,113.57,48.83
2026-08-24T03:07:07,113.6,48.87
2026-08-24T03:07:08,114.09,49.35
2026-08-24T03:07:09,113.89,49.14
2026-08-24T03:07:10,113.54,48.8
2026-08-24T03:07:11,113.72,48.99
2026-08-24T03:07:12,113.56,48.82
2026-08-24T03:07:13,113.91,49.17
2026-08-24T03:07:14,113.66,48.92
2026-08-24T03:07:15,113.68,48.94
2026-08-24T03:07:16,113.88,49.14
2026-08-24T03:07:17,113.82,49.08
2026-08-24T03:07:18,113.65,48.91
2026-08-24T03:07:19,113.6,48.87
2026-08-24T03:07:20,113.5,48.77
2026-08-24T03:07:21,113.75,49.01
2026-08-24T03:07:22,113.39,48.66
2026-08-24T03:07:23,112.85,48.12
2026-08-24T03:07:24,113.89,49.15
2026-08-24T03:07:25,113.83,49.09
2026-08-24T03:07:26,113.35,48.62
2026-08-24T03:07:27,113.49,48.75
2026-08-24T03:07:28,113.39,48.65
2026-08-24T03:07:29,113.25,48.52
2026-08-24T03:07:30,113.25,48.52
2026-08-24T03:07:31,113.54,48.8
2026-08-24T03:07:32,113.25,48.51
2026-08-24T03:07:33,113.44,48.7
2026-08-24T03:07:34,113.45,48.72
2026-08-24T03:07:35,113.52,48.78
2026-08-24T03:07:36,113.55,48.81
2026-08-24T03:07:37,113.55,48.81
2026-08-24T03:07:38,113.55,48.82
2026-08-24T03:07:39,113.82,49.08
2026-08-24T03:07:40,113.49,48.75
2026-08-24T03:07:41,113.35,48.62
2026-08-24T03:07:42,112.76,48.04
2026-08-24T03:07:43,112.85,48.12
2026-08-24T03:07:44,113.02,48.29
2026-08-24T03:07:45,113.27,48.54
2026-08-24T03:07:46,113.87,49.13
2026-08-24T03:07:47,113.18,48.45
2026-08-24T03:07:48,113.36,48.63
2026-08-24T03:07:49,113.31,48.58
2026-08-24T03:07:50,113.8,49.06
2026-08-24T03:07:51,112.93,48.2
2026-08-24T03:07:52,113.74,49.0
2026-08-24T03:07:53,113.78,49.04
2026-08-24T03:07:54,113.25,48.52
2026-08-24T03:07:55,113.49,48.75
2026-08-24T03:07:56,113.82,49.08
2026-08-24T03:07:57,114.29,49.55
2026-08-24T03:07:58,113.26,48.53
2026-08-24T03:07:59,113.77,49.03
2026-08-24T03:08:00,113.01,48.28
2026-08-24T03:08:01,112.96,48.23
2026-08-24T03:08:02,113.89,49.15
2026-08-24T03:08:03,113.13,48.4
2026-08-24T03:08:04,113.39,48.66
2026-08-24T03:08:05,113.28,48.55
2026-08-24T03:08:06,113.29,48.56
2026-08-24T03:08:07,113.7,48.96
2026-08-24T03:08:08,113.67,48.93
2026-08-24T03:08:09,113.61,48.88
2026-08-24T03:08:10,113.78,49.04
2026-08-24T03:08:11,113.55,48.82
2026-08-24T03:08:12,114.01,49.26
2026-08-24T03:08:13,113.68,48.94
2026-08-24T03:08:14,112.93,48.2
2026-08-24T03:08:15,113.82,49.08
2026-08-24T03:08:16,113.6,48.86
2026-08-24T03:08:17,113.56,48.83
2026-08-24T03:08:18,113.74,49.0
2026-08-24T03:08:19,113.45,48.72
2026-08-24T03:08:20,113.61,48.87
2026-08-24T03:08:21,113.0,48.28
2026-08-24T03:08:22,114.08,49.34
2026-08-24T03:08:23,113.33,48.6
2026-08-24T03:08:24,114.0,49.26
2026-08-24T03:08:25,113.53,48.79
2026-08-24T03:08:26,113.79,49.05
2026-08-24T03:08:27,113.81,49.07
2026-08-24T03:08:28,113.62,48.88
2026-08-24T03:08:29,113.59,48.85
2026-08-24T03:08:30,113.56,48.83
2026-08-24T03:08:31,113.86,49.12
2026-08-24T03:08:32,114.29,49.54
2026-08-24T03:08:33,113.82,49.08
2026-08-24T03:08:34,114.43,49.68
2026-08-24T03:08:35,113.32,48.58
2026-08-24T03:08:36,113.48,48.74
2026-08-24T03:08:37,114.16,49.42
2026-08-24T03:08:38,113.48,48.74
2026-08-24T03:08:39,113.74,49.0
2026-08-24T03:08:40,113.81,49.07
2026-08-24T03:08:41,113.66,48.92
2026-08-24T03:08:42,113.49,48.76
2026-08-24T03:08:43,112.82,48.1
2026-08-24T03:08:44,113.38,48.64
2026-08-24T03:08:45,113.05,48.32
2026-08-24T03:08:46,113.63,48.89
2026-08-24T03:08:47,113.77,49.03
2026-08-24T03:08:48,112.98,48.25
2026-08-24T03:08:49,113.4,48.67
2026-08-24T03:08:50,113.97,49.23
2026-08-24T03:08:51,113.67,48.93
2026-08-24T03:08:52,113.6,48.86
2026-08-24T03:08:53,113.07,48.34
2026-08-24T03:08:54,113.67,48.93
2026-08-24T03:08:55,113.07,48.34
2026-08-24T03:08:56,113.09,48.36
2026-08-24T03:08:57,113.2,48.47
2026-08-24T03:08:58,113.93,49.19
2026-08-24T03:08:59,113.69,48.95
2026-08-24T03:09:00,112.88,48.15
2026-08-24T03:09:01,114.15,49.41
2026-08-24T03:09:02,113.99,49.24
2026-08-24T03:09:03,113.13,48.39
2026-08-24T03:09:04,114.19,49.45
2026-08-24T03:09:05,113.2,48.47
2026-08-24T03:09:06,113.81,49.07
2026-08-24T03:09:07,113.05,48.32
2026-08-24T03:09:08,112.86,48.13
2026-08-24T03:09:09,113.77,49.03
2026-08-24T03:09:10,113.9,49.16
2026-08-24T03:09:11,113.9,49.15
2026-08-24T03:09:12,113.87,49.13
2026-08-24T03:09:13,113.15,48.42
2026-08-24T03:09:14,112.88,48.15
2026-08-24T03:09:15,113.69,48.95
2026-08-24T03:09:16,113.69,48.95
2026-08-24T03:09:17,113.6,48.87
2026-08-24T03:09:18,113.67,48.94
2026-08-24T03:09:19,113.57,48.83
2026-08-24T03:09:20,113.17,48.44
2026-08-24T03:09:21,113.98,49.24
2026-08-24T03:09:22,114.03,49.28
2026-08-24T03:09:23,112.71,47.99
2026-08-24T03:09:24,113.88,49.14
2026-08-24T03:09:25,113.54,48.8
2026-08-24T03:09:26,113.5,48.76
2026-08-24T03:09:27,113.91,49.17
2026-08-24T03:09:28,113.52,48.78
2026-08-24T03:09:29,113.28,48.54
2026-08-24T03:09:30,113.62,48.88
2026-08-24T03:09:31,113.29,48.56
2026-08-24T03:09:32,113.62,48.88
2026-08-24T03:09:33,113.38,48.64
2026-08-24T03:09:34,113.71,48.97
2026-08-24T03:09:35,113.52,48.78
2026-08-24T03:09:36,113.69,48.95
2026-08-24T03:09:37,113.01,48.28
2026-08-24T03:09:38,113.89,49.15
2026-08-24T03:09:39,114.17,49.43
2026-08-24T03:09:40,113.69,48.95
2026-08-24T03:09:41,113.17,48.44
2026-08-24T03:09:42,112.88,48.15
2026-08-24T03:09:43,114.03,49.28
2026-08-24T03:09:44,113.36,48.63
2026-08-24T03:09:45,113.43,48.69
2026-08-24T03:09:46,113.44,48.7
2026-08-24T03:09:47,113.81,49.07
2026-08-24T03:09:48,113.39,48.66
2026-08-24T03:09:49,113.12,48.39
2026-08-24T03:09:50,113.7,48.96
2026-08-24T03:09:51,113.85,49.1
2026-08-24T03:09:52,113.94,49.19
2026-08-24T03:09:53,113.42,48.69
2026-08-24T03:09:54,113.21,48.48
2026-08-24T03:09:55,113.93,49.19
2026-08-24T03:09:56,113.52,48.79
2026-08-24T03:09:57,113.56,48.82
2026-08-24T03:09:58,113.53,48.79
2026-08-24T03:09:59,113.15,48.42
2026-08-24T03:10:00,113.47,48.73
2026-08-24T03:10:01,113.74,49.0
2026-08-24T03:10:02,113.76,49.02
2026-08-24T03:10:03,113.24,48.5
2026-08-24T03:10:04,113.56,48.82
2026-08-24T03:10:05,113.28,48.55
2026-08-24T03:10:06,112.92,48.19
2026-08-24T03:10:07,113.3,48.57
2026-08-24T03:10:08,113.25,48.51
2026-08-24T03:10:09,113.28,48.55
2026-08-24T03:10:10,113.27,48.54
2026-08-24T03:10:11,113.45,48.71
2026-08-24T03:10:12,113.88,49.14
2026-08-24T03:10:13,113.99,49.24
2026-08-24T03:10:14,114.37,49.62
2026-08-24T03:10:15,113.78,49.04
2026-08-24T03:10:16,113.53,48.79
2026-08-24T03:10:17,113.65,48.91
2026-08-24T03:10:18,113.16,48.43
2026-08-24T03:10:19,113.67,48.93
2026-08-24T03:10:20,113.52,48.78
2026-08-24T03:10:21,113.15,48.42
2026-08-24T03:10:22,113.26,48.53
2026-08-24T03:10:23,113.8,49.05
2026-08-24T03:10:24,113.2,48.46
2026-08-24T03:10:25,113.03,48.3
2026-08-24T03:10:26,113.19,48.46
2026-08-24T03:10:27,113.3,48.57
2026-08-24T03:10:28,113.74,49.0
2026-08-24T03:10:29,113.26,48.53
2026-08-24T03:10:30,113.17,48.44
2026-08-24T03:10:31,113.71,48.97
2026-08-24T03:10:32,113.79,49.04
2026-08-24T03:10:33,113.3,48.57
2026-08-24T03:10:34,113.59,48.85
2026-08-24T03:10:35,113.22,48.49
2026-08-24T03:10:36,112.85,48.13
2026-08-24T03:10:37,113.53,48.79
2026-08-24T03:10:38,114.01,49.26
2026-08-24T03:10:39,113.66,48.92
2026-08-24T03:10:40,113.08,48.35
2026-08-24T03:10:41,114.23,49.48
2026-08-24T03:10:42,113.31,48.57
2026-08-24T03:10:43,113.55,48.82
2026-08-24T03:10:44,112.87,48.14
2026-08-24T03:10:45,113.81,49.07
2026-08-24T03:10:46,113.18,48.45
2026-08-24T03:10:47,113.39,48.65
2026-08-24T03:10:48,113.38,48.65
2026-08-24T03:10:49,113.83,49.09
2026-08-24T03:10:50,113.24,48.51
2026-08-24T03:10:51,113.31,48.57
2026-08-24T03:10:52,113.48,48.74
2026-08-24T03:10:53,113.42,48.69
2026-08-24T03:10:54,113.49,48.76
2026-08-24T03:10:55,113.63,48.89
2026-08-24T03:10:56,113.61,48.87
2026-08-24T03:10:57,113.4,48.66
2026-08-24T03:10:58,113.78,49.04
2026-08-24T03:10:59,113.54,48.81
2026-08-24T03:11:00,113.69,48.95
2026-08-24T03:11:01,113.74,49.0
2026-08-24T03:11:02,113.75,49.01
2026-08-24T03:11:03,113.4,48.67
2026-08-24T03:11:04,113.26,48.53
2026-08-24T03:11:05,113.82,49.08
2026-08-24T03:11:06,113.68,48.94
2026-08-24T03:11:07,114.13,49.39
2026-08-24T03:11:08,113.76,49.02
2026-08-24T03:11:09,113.58,48.84
2026-08-24T03:11:10,113.12,48.39
2026-08-24T03:11:11,113.63,48.89
2026-08-24T03:11:12,113.48,48.74
2026-08-24T03:11:13,113.74,49.0
2026-08-24T03:11:14,114.1,49.36
2026-08-24T03:11:15,113.21,48.47
2026-08-24T03:11:16,113.79,49.05
2026-08-24T03:11:17,113.59,48.85
2026-08-24T03:11:18,113.52,48.78
2026-08-24T03:11:19,113.78,49.04
2026-08-24T03:11:20,113.06,48.33
2026-08-24T03:11:21,113.46,48.73
2026-08-24T03:11:22,113.64,48.9
2026-08-24T03:11:23,113.3,48.56
2026-08-24T03:11:24,112.93,48.2
2026-08-24T03:11:25,113.54,48.81
2026-08-24T03:11:26,113.49,48.76
2026-08-24T03:11:27,113.93,49.18
2026-08-24T03:11:28,114.49,49.74
2026-08-24T03:11:29,113.5,48.77
2026-08-24T03:11:30,113.11,48.38
2026-08-24T03:11:31,113.61,48.87
2026-08-24T03:11:32,113.29,48.56
2026-08-24T03:11:33,113.69,48.95
2026-08-24T03:11:34,113.15,48.42
2026-08-24T03:11:35,113.34,48.6
2026-08-24T03:11:36,113.65,48.91
2026-08-24T03:11:37,113.5,48.77
2026-08-24T03:11:38,113.53,48.79
2026-08-24T03:11:39,113.54,48.8
2026-08-24T03:11:40,113.67,48.93
2026-08-24T03:11:41,113.49,48.76
2026-08-24T03:11:42,113.87,49.13
2026-08-24T03:11:43,114.16,49.41
2026-08-24T03:11:44,113.48,48.75
2026-08-24T03:11:45,113.38,48.64
2026-08-24T03:11:46,113.51,48.77
2026-08-24T03:11:47,113.45,48.71
2026-08-24T03:11:48,113.06,48.33
2026-08-24T03:11:49,113.17,48.44
2026-08-24T03:11:50,113.98,49.23
2026-08-24T03:11:51,113.25,48.52
2026-08-24T03:11:52,113.67,48.94
2026-08-24T03:11:53,113.68,48.94
2026-08-24T03:11:54,113.47,48.74
2026-08-24T03:11:55,113.77,49.03
2026-08-24T03:11:56,113.52,48.78
2026-08-24T03:11:57,113.51,48.78
2026-08-24T03:11:58,113.62,48.88
2026-08-24T03:11:59,113.46,48.72
2026-08-24T03:12:00,114.02,49.28
2026-08-24T03:12:01,113.68,48.94
2026-08-24T03:12:02,113.59,48.85
2026-08-24T03:12:03,113.34,48.6
2026-08-24T03:12:04,113.95,49.21
2026-08-24T03:12:05,113.9,49.15
2026-08-24T03:12:06,112.95,48.23
2026-08-24T03:12:07,114.16,49.41
2026-08-24T03:12:08,113.35,48.62
2026-08-24T03:12:09,113.99,49.25
2026-08-24T03:12:10,113.64,48.9
2026-08-24T03:12:11,113.04,48.31
2026-08-24T03:12:12,113.61,48.87
2026-08-24T03:12:13,113.22,48.49
2026-08-24T03:12:14,113.3,48.57
2026-08-24T03:12:15,113.92,49.18
2026-08-24T03:12:16,113.18,48.44
2026-08-24T03:12:17,113.45,48.71
2026-08-24T03:12:18,112.95,48.22
2026-08-24T03:12:19,112.96,48.23
2026-08-24T03:12:20,113.66,48.92
2026-08-24T03:12:21,113.55,48.81
2026-08-24T03:12:22,113.81,49.07
2026-08-24T03:12:23,113.55,48.81
2026-08-24T03:12:24,113.76,49.02
2026-08-24T03:12:25,113.28,48.55
2026-08-24T03:12:26,113.42,48.68
2026-08-24T03:12:27,113.51,48.78
2026-08-24T03:12:28,113.3,48.57
2026-08-24T03:12:29,113.68,48.94
2026-08-24T03:12:30,113.38,48.64
2026-08-24T03:12:31,114.01,49.26
2026-08-24T03:12:32,113.14,48.41
2026-08-24T03:12:33,113.0,48.27
2026-08-24T03:12:34,113.54,48.81
2026-08-24T03:12:35,113.8,49.05
2026-08-24T03:12:36,113.24,48.51
2026-08-24T03:12:37,113.79,49.05
2026-08-24T03:12:38,113.71,48.97
2026-08-24T03:12:39,113.17,48.44
2026-08-24T03:12:40,113.86,49.12
2026-08-24T03:12:41,113.47,48.74
2026-08-24T03:12:42,113.59,48.85
2026-08-24T03:12:43,113.05,48.32
2026-08-24T03:12:44,113.79,49.05
2026-08-24T03:12:45,112.98,48.25
2026-08-24T03:12:46,113.51,48.77
2026-08-24T03:12:47,113.37,48.64
2026-08-24T03:12:48,113.22,48.49
2026-08-24T03:12:49,113.37,48.64
2026-08-24T03:12:50,113.76,49.02
2026-08-24T03:12:51,113.31,48.57
2026-08-24T03:12:52,113.45,48.72
2026-08-24T03:12:53,113.31,48.58
2026-08-24T03:12:54,113.18,48.45
2026-08-24T03:12:55,113.42,48.69
2026-08-24T03:12:56,113.21,48.48
2026-08-24T03:12:57,113.79,49.04
2026-08-24T03:12:58,113.35,48.62
2026-08-24T03:12:59,112.82,48.09
2026-08-24T03:13:00,113.33,48.59
2026-08-24T03:13:01,113.82,49.08
2026-08-24T03:13:02,113.59,48.86
2026-08-24T03:13:03,113.78,49.04
2026-08-24T03:13:04,113.69,48.95
2026-08-24T03:13:05,112.97,48.25
2026-08-24T03:13:06,113.48,48.75
2026-08-24T03:13:07,113.6,48.86
2026-08-24T03:13:08,113.76,49.02
2026-08-24T03:13:09,113.32,48.59
2026-08-24T03:13:10,113.8,49.06
2026-08-24T03:13:11,113.57,48.83
2026-08-24T03:13:12,113.45,48.72
2026-08-24T03:13:13,114.35,49.6
2026-08-24T03:13:14,114.08,49.34
2026-08-24T03:13:15,114.2,49.45
2026-08-24T03:13:16,113.49,48.75
2026-08-24T03:13:17,113.39,48.66
2026-08-24T03:13:18,113.67,48.93
2026-08-24T03:13:19,113.88,49.14
2026-08-24T03:13:20,113.74,49.0
2026-08-24T03:13:21,113.33,48.6
2026-08-24T03:13:22,114.11,49.37
2026-08-24T03:13:23,113.74,49.0
2026-08-24T03:13:24,113.89,49.15
2026-08-24T03:13:25,113.84,49.1
2026-08-24T03:13:26,113.64,48.91
2026-08-24T03:13:27,114.0,49.26
2026-08-24T03:13:28,112.86,48.13
2026-08-24T03:13:29,113.97,49.22
2026-08-24T03:13:30,113.8,49.06
2026-08-24T03:13:31,113.12,48.39
2026-08-24T03:13:32,113.16,48.43
2026-08-24T03:13:33,112.56,47.84
2026-08-24T03:13:34,113.18,48.45
2026-08-24T03:13:35,114.46,49.71
2026-08-24T03:13:36,113.06,48.33
2026-08-24T03:13:37,113.47,48.73
2026-08-24T03:13:38,113.84,49.1
2026-08-24T03:13:39,112.84,48.12
2026-08-24T03:13:40,113.14,48.41
2026-08-24T03:13:41,113.51,48.77
2026-08-24T03:13:42,113.7,48.96
2026-08-24T03:13:43,113.35,48.61
2026-08-24T03:13:44,113.25,48.52
2026-08-24T03:13:45,113.4,48.67
2026-08-24T03:13:46,113.29,48.55
2026-08-24T03:13:47,113.56,48.82
2026-08-24T03:13:48,113.4,48.67
2026-08-24T03:13:49,113.19,48.46
2026-08-24T03:13:50,113.72,48.98
2026-08-24T03:13:51,113.33,48.6
2026-08-24T03:13:52,113.64,48.9
2026-08-24T03:13:53,114.1,49.36
2026-08-24T03:13:54,113.43,48.69
2026-08-24T03:13:55,113.77,49.03
2026-08-24T03:13:56,113.74,49.0
2026-08-24T03:13:57,113.03,48.3
2026-08-24T03:13:58,113.62,48.88
2026-08-24T03:13:59,113.9,49.15
2026-08-24T03:14:00,113.49,48.76
2026-08-24T03:14:01,113.28,48.55
2026-08-24T03:14:02,112.93,48.2
2026-08-24T03:14:03,113.04,48.31
2026-08-24T03:14:04,113.04,48.31
2026-08-24T03:14:05,113.29,48.56
2026-08-24T03:14:06,112.83,48.11
2026-08-24T03:14:07,113.42,48.69
2026-08-24T03:14:08,113.33,48.59
2026-08-24T03:14:09,113.38,48.64
2026-08-24T03:14:10,113.54,48.8
2026-08-24T03:14:11,113.17,48.44
2026-08-24T03:14:12,113.7,48.96
2026-08-24T03:14:13,113.11,48.38
2026-08-24T03:14:14,113.11,48.38
2026-08-24T03:14:15,114.04,49.3
2026-08-24T03:14:16,113.34,48.6
2026-08-24T03:14:17,113.74,49.0
2026-08-24T03:14:18,113.17,48.44
2026-08-24T03:14:19,113.93,49.18
2026-08-24T03:14:20,112.96,48.23
2026-08-24T03:14:21,113.53,48.8
2026-08-24T03:14:22,113.69,48.95
2026-08-24T03:14:23,113.63,48.89
2026-08-24T03:14:24,113.1,48.37
2026-08-24T03:14:25,113.87,49.13
2026-08-24T03:14:26,113.24,48.5
2026-08-24T03:14:27,113.38,48.65
2026-08-24T03:14:28,113.31,48.58
2026-08-24T03:14:29,112.94,48.21
2026-08-24T03:14:30,113.71,48.97
2026-08-24T03:14:31,113.95,49.21
2026-08-24T03:14:32,113.94,49.19
2026-08-24T03:14:33,113.67,48.93
2026-08-24T03:14:34,113.72,48.98
2026-08-24T03:14:35,113.64,48.91
2026-08-24T03:14:36,113.05,48.32
2026-08-24T03:14:37,114.05,49.3
2026-08-24T03:14:38,114.02,49.28
2026-08-24T03:14:39,113.45,48.72
2026-08-24T03:14:40,113.62,48.88
2026-08-24T03:14:41,113.51,48.78
2026-08-24T03:14:42,113.87,49.12
2026-08-24T03:14:43,114.08,49.34
2026-08-24T03:14:44,113.72,48.98
2026-08-24T03:14:45,113.18,48.45
2026-08-24T03:14:46,114.15,49.41
2026-08-24T03:14:47,113.75,49.01
2026-08-24T03:14:48,113.46,48.72
2026-08-24T03:14:49,113.77,49.03
2026-08-24T03:14:50,114.09,49.34
2026-08-24T03:14:51,114.79,50.03
2026-08-24T03:14:52,113.9,49.16
2026-08-24T03:14:53,115.18,50.42
2026-08-24T03:14:54,115.75,50.99
2026-08-24T03:14:55,115.58,50.82
2026-08-24T03:14:56,116.07,51.29
2026-08-24T03:14:57,117.21,52.42
2026-08-24T03:14:58,118.76,53.95
2026-08-24T03:14:59,120.64,55.8
2026-08-24T03:15:00,121.9,57.04
2026-08-24T03:15:01,123.49,58.61
2026-08-24T03:15:02,124.03,59.14
2026-08-24T03:15:03,126.0,61.09
2026-08-24T03:15:04,128.6,63.65
2026-08-24T03:15:05,129.36,64.4
2026-08-24T03:15:06,130.63,65.65
2026-08-24T03:15:07,121.54,56.69
2026-08-24T03:15:08,118.65,53.84
2026-08-24T03:15:09,116.39,51.62
2026-08-24T03:15:10,115.23,50.47
2026-08-24T03:15:11,114.75,50.0
2026-08-24T03:15:12,114.16,49.42
2026-08-24T03:15:13,114.62,49.87
2026-08-24T03:15:14,113.84,49.09
2026-08-24T03:15:15,113.63,48.89
2026-08-24T03:15:16,113.86,49.12
2026-08-24T03:15:17,113.48,48.74
2026-08-24T03:15:18,113.36,48.63
2026-08-24T03:15:19,113.82,49.08
2026-08-24T03:15:20,113.47,48.74
2026-08-24T03:15:21,113.53,48.79
2026-08-24T03:15:22,113.25,48.52
2026-08-24T03:15:23,113.55,48.81
2026-08-24T03:15:24,113.65,48.91
2026-08-24T03:15:25,113.29,48.56
2026-08-24T03:15:26,114.29,49.54
2026-08-24T03:15:27,112.76,48.03
2026-08-24T03:15:28,113.39,48.65
2026-08-24T03:15:29,113.31,48.57
2026-08-24T03:15:30,113.32,48.58
2026-08-24T03:15:31,113.52,48.78
2026-08-24T03:15:32,113.97,49.23
2026-08-24T03:15:33,113.65,48.91
2026-08-24T03:15:34,113.09,48.36
2026-08-24T03:15:35,113.5,48.76
2026-08-24T03:15:36,113.01,48.28
2026-08-24T03:15:37,113.26,48.53
2026-08-24T03:15:38,113.59,48.85
2026-08-24T03:15:39,113.44,48.7
2026-08-24T03:15:40,113.68,48.94
2026-08-24T03:15:41,114.04,49.3
2026-08-24T03:15:42,113.81,49.06
2026-08-24T03:15:43,113.78,49.04
2026-08-24T03:15:44,112.77,48.05
2026-08-24T03:15:45,113.62,48.88
2026-08-24T03:15:46,113.23,48.49
2026-08-24T03:15:47,113.33,48.6
2026-08-24T03:15:48,114.21,49.46
2026-08-24T03:15:49,113.67,48.93
2026-08-24T03:15:50,113.63,48.89
2026-08-24T03:15:51,113.8,49.06
2026-08-24T03:15:52,112.68,47.96
2026-08-24T03:15:53,113.72,48.98
2026-08-24T03:15:54,113.43,48.7
2026-08-24T03:15:55,113.05,48.32
2026-08-24T03:15:56,113.75,49.01
2026-08-24T03:15:57,113.55,48.81
2026-08-24T03:15:58,113.19,48.46
2026-08-24T03:15:59,114.17,49.42
2026-08-24T03:16:00,113.29,48.55
2026-08-24T03:16:01,113.69,48.95
2026-08-24T03:16:02,113.07,48.34
2026-08-24T03:16:03,113.45,48.71
2026-08-24T03:16:04,114.04,49.29
2026-08-24T03:16:05,113.96,49.22
2026-08-24T03:16:06,112.63,47.91
2026-08-24T03:16:07,113.67,48.93
2026-08-24T03:16:08,113.25,48.52
2026-08-24T03:16:09,112.94,48.21
2026-08-24T03:16:10,113.58,48.84
2026-08-24T03:16:11,113.88,49.14
2026-08-24T03:16:12,113.27,48.54
2026-08-24T03:16:13,113.87,49.13
2026-08-24T03:16:14,114.26,49.51
2026-08-24T03:16:15,113.05,48.32
2026-08-24T03:16:16,113.63,48.89
2026-08-24T03:16:17,113.23,48.5
2026-08-24T03:16:18,113.35,48.62
2026-08-24T03:16:19,113.13,48.4
2026-08-24T03:16:20,113.4,48.67
2026-08-24T03:16:21,113.86,49.12
2026-08-24T03:16:22,114.81,50.05
2026-08-24T03:16:23,114.31,49.56
2026-08-24T03:16:24,114.63,49.87
2026-08-24T03:16:25,113.4,48.66
2026-08-24T03:16:26,113.64,48.9
2026-08-24T03:16:27,113.79,49.05
2026-08-24T03:16:28,113.21,48.48
2026-08-24T03:16:29,112.9,48.18
2026-08-24T03:16:30,113.68,48.94
2026-08-24T03:16:31,114.41,49.66
2026-08-24T03:16:32,113.67,48.93
2026-08-24T03:16:33,113.54,48.8
2026-08-24T03:16:34,114.18,49.43
2026-08-24T03:16:35,114.15,49.4
2026-08-24T03:16:36,113.61,48.87
2026-08-24T03:16:37,113.79,49.05
2026-08-24T03:16:38,114.15,49.41
2026-08-24T03:16:39,113.91,49.16
2026-08-24T03:16:40,114.31,49.56
2026-08-24T03:16:41,114.16,49.42
2026-08-24T03:16:42,114.51,49.76
2026-08-24T03:16:43,115.35,50.58
2026-08-24T03:16:44,115.82,51.05
2026-08-24T03:16:45,117.23,52.44
2026-08-24T03:16:46,117.3,52.51
2026-08-24T03:16:47,119.01,54.2
2026-08-24T03:16:48,121.61,56.75
2026-08-24T03:16:49,121.95,57.09
2026-08-24T03:16:50,120.36,55.53
2026-08-24T03:16:51,118.52,53.71
2026-08-24T03:16:52,117.59,52.79
2026-08-24T03:16:53,115.63,50.86
2026-08-24T03:16:54,115.2,50.44
2026-08-24T03:16:55,115.38,50.62
2026-08-24T03:16:56,114.49,49.74
2026-08-24T03:16:57,114.26,49.51
2026-08-24T03:16:58,113.71,48.97
2026-08-24T03:16:59,113.79,49.05
2026-08-24T03:17:00,113.43,48.7
2026-08-24T03:17:01,113.64,48.9
2026-08-24T03:17:02,113.78,49.04
2026-08-24T03:17:03,113.34,48.61
2026-08-24T03:17:04,113.22,48.49
2026-08-24T03:17:05,113.77,49.03
2026-08-24T03:17:06,113.37,48.63
2026-08-24T03:17:07,113.53,48.79
2026-08-24T03:17:08,113.37,48.63
2026-08-24T03:17:09,114.84,50.08
2026-08-24T03:17:10,113.62,48.88
2026-08-24T03:17:11,113.4,48.67
2026-08-24T03:17:12,113.53,48.79
2026-08-24T03:17:13,113.5,48.76
2026-08-24T03:17:14,113.41,48.68
2026-08-24T03:17:15,113.58,48.84
2026-08-24T03:17:16,114.02,49.28
2026-08-24T03:17:17,113.44,48.7
2026-08-24T03:17:18,113.54,48.81
2026-08-24T03:17:19,113.51,48.77
2026-08-24T03:17:20,113.19,48.46
2026-08-24T03:17:21,113.69,48.95
2026-08-24T03:17:22,113.34,48.61
2026-08-24T03:17:23,114.24,49.5
2026-08-24T03:17:24,113.51,48.77
2026-08-24T03:17:25,113.22,48.49
2026-08-24T03:17:26,113.71,48.97
2026-08-24T03:17:27,113.79,49.05
2026-08-24T03:17:28,113.65,48.91
2026-08-24T03:17:29,114.04,49.3
2026-08-24T03:17:30,113.76,49.02
2026-08-24T03:17:31,113.26,48.53
2026-08-24T03:17:32,113.35,48.61
2026-08-24T03:17:33,113.86,49.12
2026-08-24T03:17:34,113.73,48.99
2026-08-24T03:17:35,113.34,48.6
2026-08-24T03:17:36,113.74,49.0
2026-08-24T03:17:37,113.56,48.82
2026-08-24T03:17:38,114.2,49.45
2026-08-24T03:17:39,113.02,48.29
2026-08-24T03:17:40,113.52,48.78
2026-08-24T03:17:41,113.59,48.85
2026-08-24T03:17:42,113.16,48.42
2026-08-24T03:17:43,112.91,48.18
2026-08-24T03:17:44,114.0,49.26
2026-08-24T03:17:45,113.18,48.45
2026-08-24T03:17:46,113.37,48.64
2026-08-24T03:17:47,114.15,49.41
2026-08-24T03:17:48,113.86,49.12
2026-08-24T03:17:49,113.7,48.96
2026-08-24T03:17:50,114.24,49.5
2026-08-24T03:17:51,113.99,49.25
2026-08-24T03:17:52,114.57,49.81
2026-08-24T03:17:53,115.34,50.57
2026-08-24T03:17:54,116.52,51.74
2026-08-24T03:17:55,118.55,53.74
2026-08-24T03:17:56,121.02,56.18
2026-08-24T03:17:57,122.16,57.3
2026-08-24T03:17:58,123.74,58.86
2026-08-24T03:17:59,124.52,59.62
2026-08-24T03:18:00,125.11,60.21
2026-08-24T03:18:01,125.18,60.28
2026-08-24T03:18:02,123.91,59.02
2026-08-24T03:18:03,120.57,55.74
2026-08-24T03:18:04,119.81,54.98
2026-08-24T03:18:05,118.41,53.6
2026-08-24T03:18:06,117.9,53.1
2026-08-24T03:18:07,116.87,52.08
2026-08-24T03:18:08,116.82,52.04
2026-08-24T03:18:09,116.94,52.16
2026-08-24T03:18:10,115.34,50.58
2026-08-24T03:18:11,115.22,50.46
2026-08-24T03:18:12,115.0,50.24
2026-08-24T03:18:13,114.32,49.58
2026-08-24T03:18:14,114.19,49.44
2026-08-24T03:18:15,114.25,49.51
2026-08-24T03:18:16,113.61,48.87
2026-08-24T03:18:17,114.0,49.25
2026-08-24T03:18:18,113.67,48.93
2026-08-24T03:18:19,113.78,49.04
2026-08-24T03:18:20,114.03,49.28
2026-08-24T03:18:21,114.11,49.36
2026-08-24T03:18:22,113.79,49.04
2026-08-24T03:18:23,113.61,48.87
2026-08-24T03:18:24,113.66,48.93
2026-08-24T03:18:25,113.42,48.68
2026-08-24T03:18:26,113.68,48.94
2026-08-24T03:18:27,113.23,48.49
2026-08-24T03:18:28,113.41,48.67
2026-08-24T03:18:29,113.3,48.57
2026-08-24T03:18:30,113.38,48.64
2026-08-24T03:18:31,114.07,49.32
2026-08-24T03:18:32,113.79,49.05
2026-08-24T03:18:33,113.5,48.76
2026-08-24T03:18:34,113.29,48.55
2026-08-24T03:18:35,113.45,48.71
2026-08-24T03:18:36,113.21,48.48
2026-08-24T03:18:37,114.09,49.35
2026-08-24T03:18:38,113.56,48.82
2026-08-24T03:18:39,113.48,48.74
2026-08-24T03:18:40,113.32,48.59
2026-08-24T03:18:41,113.75,49.01
2026-08-24T03:18:42,113.53,48.79
2026-08-24T03:18:43,113.29,48.55
2026-08-24T03:18:44,113.32,48.58
2026-08-24T03:18:45,113.24,48.51
2026-08-24T03:18:46,113.37,48.63
2026-08-24T03:18:47,113.45,48.71
2026-08-24T03:18:48,113.8,49.06
2026-08-24T03:18:49,113.47,48.74
2026-08-24T03:18:50,112.95,48.22
2026-08-24T03:18:51,113.45,48.71
2026-08-24T03:18:52,113.45,48.72
2026-08-24T03:18:53,113.4,48.66
2026-08-24T03:18:54,114.02,49.28
2026-08-24T03:18:55,113.56,48.82
2026-08-24T03:18:56,113.76,49.02
2026-08-24T03:18:57,113.63,48.89
2026-08-24T03:18:58,112.94,48.21
2026-08-24T03:18:59,113.7,48.96
2026-08-24T03:19:00,113.84,49.1
2026-08-24T03:19:01,113.88,49.14
2026-08-24T03:19:02,113.0,48.28
2026-08-24T03:19:03,113.21,48.48
2026-08-24T03:19:04,113.32,48.58
2026-08-24T03:19:05,113.28,48.55
2026-08-24T03:19:06,113.77,49.03
2026-08-24T03:19:07,113.14,48.41
2026-08-24T03:19:08,113.99,49.25
2026-08-24T03:19:09,112.86,48.13
2026-08-24T03:19:10,113.22,48.49
2026-08-24T03:19:11,113.69,48.95
2026-08-24T03:19:12,113.84,49.1
2026-08-24T03:19:13,113.66,48.92
2026-08-24T03:19:14,113.97,49.22
2026-08-24T03:19:15,113.67,48.93
2026-08-24T03:19:16,113.61,48.88
2026-08-24T03:19:17,113.77,49.03
2026-08-24T03:19:18,114.17,49.42
2026-08-24T03:19:19,113.82,49.08
2026-08-24T03:19:20,113.44,48.7
2026-08-24T03:19:21,113.92,49.18
2026-08-24T03:19:22,113.49,48.75
2026-08-24T03:19:23,113.88,49.14
2026-08-24T03:19:24,113.47,48.74
2026-08-24T03:19:25,114.25,49.5
2026-08-24T03:19:26,113.54,48.81
2026-08-24T03:19:27,113.49,48.75
2026-08-24T03:19:28,114.13,49.39
2026-08-24T03:19:29,113.86,49.12
2026-08-24T03:19:30,113.94,49.2
2026-08-24T03:19:31,113.68,48.94
2026-08-24T03:19:32,113.63,48.89
2026-08-24T03:19:33,114.56,49.8
2026-08-24T03:19:34,114.25,49.5
2026-08-24T03:19:35,113.58,48.84
2026-08-24T03:19:36,112.98,48.25
2026-08-24T03:19:37,113.79,49.05
2026-08-24T03:19:38,113.99,49.24
2026-08-24T03:19:39,113.24,48.5
2026-08-24T03:19:40,113.64,48.9
2026-08-24T03:19:41,113.51,48.77
2026-08-24T03:19:42,114.4,49.65
2026-08-24T03:19:43,113.34,48.6
2026-08-24T03:19:44,113.25,48.51
2026-08-24T03:19:45,113.55,48.81
2026-08-24T03:19:46,113.45,48.72
2026-08-24T03:19:47,113.7,48.96
2026-08-24T03:19:48,113.79,49.04
2026-08-24T03:19:49,113.45,48.72
2026-08-24T03:19:50,113.43,48.7
2026-08-24T03:19:51,113.36,48.63
2026-08-24T03:19:52,113.8,49.06
2026-08-24T03:19:53,113.33,48.59
2026-08-24T03:19:54,113.97,49.22
2026-08-24T03:19:55,113.83,49.09
2026-08-24T03:19:56,113.32,48.58
2026-08-24T03:19:57,113.87,49.12
2026-08-24T03:19:58,113.34,48.6
2026-08-24T03:19:59,113.64,48.9
2026-08-24T03:20:00,113.02,48.29
2026-08-24T03:20:01,113.68,48.94
2026-08-24T03:20:02,113.91,49.17
2026-08-24T03:20:03,113.89,49.15
2026-08-24T03:20:04,113.62,48.88
2026-08-24T03:20:05,113.46,48.72
2026-08-24T03:20:06,113.67,48.93
2026-08-24T03:20:07,113.9,49.16
2026-08-24T03:20:08,114.12,49.37
2026-08-24T03:20:09,113.64,48.9
2026-08-24T03:20:10,113.27,48.54
2026-08-24T03:20:11,113.75,49.01
2026-08-24T03:20:12,113.54,48.8
2026-08-24T03:20:13,112.99,48.26
2026-08-24T03:20:14,113.25,48.52
2026-08-24T03:20:15,114.36,49.61
2026-08-24T03:20:16,115.0,50.24
2026-08-24T03:20:17,114.22,49.47
2026-08-24T03:20:18,114.3,49.55
2026-08-24T03:20:19,113.1,48.37
2026-08-24T03:20:20,113.9,49.16
2026-08-24T03:20:21,113.75,49.01
2026-08-24T03:20:22,113.47,48.73
2026-08-24T03:20:23,113.24,48.51
2026-08-24T03:20:24,113.28,48.55
2026-08-24T03:20:25,113.47,48.73
2026-08-24T03:20:26,113.56,48.82
2026-08-24T03:20:27,114.11,49.36
2026-08-24T03:20:28,113.14,48.41
2026-08-24T03:20:29,113.55,48.81
2026-08-24T03:20:30,113.14,48.41
2026-08-24T03:20:31,112.96,48.23
2026-08-24T03:20:32,113.66,48.93
2026-08-24T03:20:33,113.48,48.74
2026-08-24T03:20:34,113.04,48.31
2026-08-24T03:20:35,113.6,48.86
2026-08-24T03:20:36,113.56,48.82
2026-08-24T03:20:37,113.68,48.94
2026-08-24T03:20:38,113.59,48.86
2026-08-24T03:20:39,113.65,48.91
2026-08-24T03:20:40,114.32,49.57
2026-08-24T03:20:41,114.02,49.27
2026-08-24T03:20:42,113.59,48.85
2026-08-24T03:20:43,113.95,49.21
2026-08-24T03:20:44,113.48,48.74
2026-08-24T03:20:45,113.94,49.2
2026-08-24T03:20:46,113.91,49.17
2026-08-24T03:20:47,113.65,48.91
2026-08-24T03:20:48,113.75,49.01
2026-08-24T03:20:49,113.66,48.92
2026-08-24T03:20:50,114.33,49.58
2026-08-24T03:20:51,113.58,48.85
2026-08-24T03:20:52,113.88,49.14
2026-08-24T03:20:53,113.52,48.78
2026-08-24T03:20:54,113.39,48.65
2026-08-24T03:20:55,113.35,48.61
2026-08-24T03:20:56,113.9,49.16
2026-08-24T03:20:57,113.54,48.8
2026-08-24T03:20:58,113.66,48.93
2026-08-24T03:20:59,113.68,48.94
2026-08-24T03:21:00,113.77,49.03
2026-08-24T03:21:01,113.42,48.69
2026-08-24T03:21:02,113.77,49.03
2026-08-24T03:21:03,113.97,49.23
2026-08-24T03:21:04,113.64,48.9
2026-08-24T03:21:05,113.88,49.14
2026-08-24T03:21:06,113.94,49.2
2026-08-24T03:21:07,114.4,49.65
2026-08-24T03:21:08,113.8,49.06
2026-08-24T03:21:09,114.39,49.64
2026-08-24T03:21:10,113.93,49.18
2026-08-24T03:21:11,113.38,48.64
2026-08-24T03:21:12,113.24,48.51
2026-08-24T03:21:13,113.23,48.5
2026-08-24T03:21:14,114.22,49.47
2026-08-24T03:21:15,113.35,48.61
2026-08-24T03:21:16,114.18,49.43
2026-08-24T03:21:17,114.14,49.4
2026-08-24T03:21:18,113.73,48.99
2026-08-24T03:21:19,113.81,49.07
2026-08-24T03:21:20,113.2,48.47
2026-08-24T03:21:21,113.77,49.03
2026-08-24T03:21:22,113.8,49.06
2026-08-24T03:21:23,113.27,48.54
2026-08-24T03:21:24,113.57,48.83
2026-08-24T03:21:25,113.2,48.47
2026-08-24T03:21:26,113.57,48.83
2026-08-24T03:21:27,113.4,48.66
2026-08-24T03:21:28,113.45,48.72
2026-08-24T03:21:29,113.73,48.99
2026-08-24T03:21:30,113.69,48.95
2026-08-24T03:21:31,113.33,48.59
2026-08-24T03:21:32,113.83,49.09
2026-08-24T03:21:33,113.25,48.52
2026-08-24T03:21:34,113.5,48.76
2026-08-24T03:21:35,114.29,49.54
2026-08-24T03:21:36,113.09,48.36
2026-08-24T03:21:37,113.73,48.99
2026-08-24T03:21:38,113.1,48.37
2026-08-24T03:21:39,113.3,48.56
2026-08-24T03:21:40,113.94,49.2
2026-08-24T03:21:41,113.92,49.17
2026-08-24T03:21:42,113.45,48.71
2026-08-24T03:21:43,114.2,49.45
2026-08-24T03:21:44,113.3,48.56
2026-08-24T03:21:45,114.15,49.4
2026-08-24T03:21:46,114.44,49.69
2026-08-24T03:21:47,113.54,48.81
2026-08-24T03:21:48,114.07,49.32
2026-08-24T03:21:49,112.98,48.25
2026-08-24T03:21:50,113.97,49.23
2026-08-24T03:21:51,113.94,49.2
2026-08-24T03:21:52,113.51,48.77
2026-08-24T03:21:53,113.28,48.54
2026-08-24T03:21:54,113.44,48.7
2026-08-24T03:21:55,114.17,49.42
2026-08-24T03:21:56,114.15,49.4
2026-08-24T03:21:57,112.92,48.19
2026-08-24T03:21:58,113.9,49.16
2026-08-24T03:21:59,113.94,49.19
2026-08-24T03:22:00,113.58,48.84
2026-08-24T03:22:01,113.48,48.75
2026-08-24T03:22:02,114.19,49.45
2026-08-24T03:22:03,114.26,49.51
2026-08-24T03:22:04,113.68,48.94
2026-08-24T03:22:05,113.87,49.13
2026-08-24T03:22:06,113.72,48.98
2026-08-24T03:22:07,113.72,48.98
2026-08-24T03:22:08,114.06,49.31
2026-08-24T03:22:09,113.64,48.9
2026-08-24T03:22:10,114.1,49.35
2026-08-24T03:22:11,114.16,49.41
2026-08-24T03:22:12,113.7,48.96
2026-08-24T03:22:13,114.01,49.26
2026-08-24T03:22:14,113.78,49.04
2026-08-24T03:22:15,113.94,49.2
2026-08-24T03:22:16,114.59,49.84
2026-08-24T03:22:17,113.79,49.05
2026-08-24T03:22:18,114.03,49.29
2026-08-24T03:22:19,113.95,49.21
2026-08-24T03:22:20,113.63,48.89
2026-08-24T03:22:21,112.93,48.2
2026-08-24T03:22:22,113.79,49.05
2026-08-24T03:22:23,113.72,48.98
2026-08-24T03:22:24,113.58,48.84
2026-08-24T03:22:25,114.25,49.5
2026-08-24T03:22:26,113.58,48.84
2026-08-24T03:22:27,114.19,49.44
2026-08-24T03:22:28,114.08,49.33
2026-08-24T03:22:29,114.36,49.61
2026-08-24T03:22:30,114.2,49.45
2026-08-24T03:22:31,114.21,49.46
2026-08-24T03:22:32,113.96,49.21
2026-08-24T03:22:33,114.03,49.29
2026-08-24T03:22:34,114.14,49.4
2026-08-24T03:22:35,113.84,49.09
2026-08-24T03:22:36,113.89,49.14
2026-08-24T03:22:37,113.56,48.82
2026-08-24T03:22:38,114.69,49.94
2026-08-24T03:22:39,114.18,49.43
2026-08-24T03:22:40,115.1,50.34
2026-08-24T03:22:41,114.33,49.58
2026-08-24T03:22:42,114.7,49.94
2026-08-24T03:22:43,114.56,49.81
2026-08-24T03:22:44,114.55,49.8
2026-08-24T03:22:45,114.27,49.53
2026-08-24T03:22:46,114.84,50.09
2026-08-24T03:22:47,114.23,49.48
2026-08-24T03:22:48,113.97,49.23
2026-08-24T03:22:49,114.49,49.74
2026-08-24T03:22:50,114.18,49.44
2026-08-24T03:22:51,114.05,49.3
2026-08-24T03:22:52,114.57,49.82
2026-08-24T03:22:53,114.57,49.82
2026-08-24T03:22:54,114.15,49.41
2026-08-24T03:22:55,113.39,48.65
2026-08-24T03:22:56,114.28,49.54
2026-08-24T03:22:57,114.03,49.28
2026-08-24T03:22:58,114.07,49.33
2026-08-24T03:22:59,113.78,49.04
2026-08-24T03:23:00,114.72,49.97
2026-08-24T03:23:01,113.7,48.96
2026-08-24T03:23:02,114.64,49.89
2026-08-24T03:23:03,113.18,48.45
2026-08-24T03:23:04,114.34,49.6
2026-08-24T03:23:05,114.18,49.43
2026-08-24T03:23:06,114.05,49.31
2026-08-24T03:23:07,114.2,49.45
2026-08-24T03:23:08,114.24,49.49
2026-08-24T03:23:09,113.85,49.11
2026-08-24T03:23:10,113.8,49.06
2026-08-24T03:23:11,114.2,49.46
2026-08-24T03:23:12,113.93,49.18
2026-08-24T03:23:13,114.01,49.27
2026-08-24T03:23:14,113.86,49.12
2026-08-24T03:23:15,113.74,49.0
2026-08-24T03:23:16,114.06,49.31
2026-08-24T03:23:17,113.92,49.18
2026-08-24T03:23:18,114.63,49.88
2026-08-24T03:23:19,113.88,49.14
2026-08-24T03:23:20,114.19,49.44
2026-08-24T03:23:21,114.21,49.46
2026-08-24T03:23:22,114.47,49.72
2026-08-24T03:23:23,113.98,49.24
2026-08-24T03:23:24,113.94,49.2
2026-08-24T03:23:25,113.64,48.9
2026-08-24T03:23:26,113.96,49.22
2026-08-24T03:23:27,115.08,50.33
2026-08-24T03:23:28,113.63,48.9
2026-08-24T03:23:29,114.31,49.56
2026-08-24T03:23:30,113.94,49.19
2026-08-24T03:23:31,114.14,49.39
2026-08-24T03:23:32,114.32,49.57
2026-08-24T03:23:33,113.94,49.2
2026-08-24T03:23:34,114.21,49.46
2026-08-24T03:23:35,113.95,49.2
2026-08-24T03:23:36,114.09,49.35
2026-08-24T03:23:37,114.19,49.44
2026-08-24T03:23:38,114.41,49.66
2026-08-24T03:23:39,114.38,49.63
2026-08-24T03:23:40,114.16,49.41
2026-08-24T03:23:41,113.82,49.08
2026-08-24T03:23:42,114.25,49.5
2026-08-24T03:23:43,114.52,49.77
2026-08-24T03:23:44,113.83,49.09
2026-08-24T03:23:45,113.78,49.04
2026-08-24T03:23:46,114.76,50.01
2026-08-24T03:23:47,114.4,49.66
2026-08-24T03:23:48,113.83,49.09
2026-08-24T03:23:49,114.06,49.32
2026-08-24T03:23:50,114.03,49.28
2026-08-24T03:23:51,114.48,49.73
2026-08-24T03:23:52,114.38,49.63
2026-08-24T03:23:53,114.16,49.41
2026-08-24T03:23:54,113.88,49.14
2026-08-24T03:23:55,114.33,49.59
2026-08-24T03:23:56,113.76,49.02
2026-08-24T03:23:57,113.86,49.12
2026-08-24T03:23:58,114.17,49.42
2026-08-24T03:23:59,113.91,49.17
2026-08-24T03:24:00,113.47,48.73
2026-08-24T03:24:01,114.57,49.82
2026-08-24T03:24:02,113.87,49.12
2026-08-24T03:24:03,114.27,49.52
2026-08-24T03:24:04,113.89,49.15
2026-08-24T03:24:05,114.0,49.26
2026-08-24T03:24:06,114.13,49.38
2026-08-24T03:24:07,114.26,49.51
2026-08-24T03:24:08,113.99,49.24
2026-08-24T03:24:09,114.47,49.72
2026-08-24T03:24:10,114.21,49.47
2026-08-24T03:24:11,114.35,49.6
2026-08-24T03:24:12,113.73,48.99
2026-08-24T03:24:13,113.94,49.2
2026-08-24T03:24:14,113.98,49.23
2026-08-24T03:24:15,114.08,49.33
2026-08-24T03:24:16,113.79,49.05
2026-08-24T03:24:17,114.66,49.91
2026-08-24T03:24:18,114.35,49.6
2026-08-24T03:24:19,114.26,49.52
2026-08-24T03:24:20,114.05,49.3
2026-08-24T03:24:21,114.49,49.74
2026-08-24T03:24:22,114.29,49.54
2026-08-24T03:24:23,113.93,49.18
2026-08-24T03:24:24,114.15,49.4
2026-08-24T03:24:25,113.71,48.97
2026-08-24T03:24:26,114.14,49.39
2026-08-24T03:24:27,114.62,49.87
2026-08-24T03:24:28,114.52,49.77
2026-08-24T03:24:29,114.6,49.85
2026-08-24T03:24:30,113.78,49.04
2026-08-24T03:24:31,114.01,49.27
2026-08-24T03:24:32,113.89,49.15
2026-08-24T03:24:33,113.96,49.22
2026-08-24T03:24:34,114.09,49.35
2026-08-24T03:24:35,113.86,49.12
2026-08-24T03:24:36,114.13,49.39
2026-08-24T03:24:37,114.26,49.51
2026-08-24T03:24:38,114.92,50.16
2026-08-24T03:24:39,114.33,49.58
2026-08-24T03:24:40,114.33,49.58
2026-08-24T03:24:41,114.97,50.22
2026-08-24T03:24:42,114.36,49.61
2026-08-24T03:24:43,114.14,49.39
2026-08-24T03:24:44,114.21,49.47
2026-08-24T03:24:45,114.28,49.53
2026-08-24T03:24:46,113.92,49.18
2026-08-24T03:24:47,113.66,48.92
2026-08-24T03:24:48,114.26,49.52
2026-08-24T03:24:49,113.81,49.07
2026-08-24T03:24:50,114.02,49.27
2026-08-24T03:24:51,113.88,49.14
2026-08-24T03:24:52,114.46,49.71
2026-08-24T03:24:53,113.82,49.07
2026-08-24T03:24:54,114.34,49.6
2026-08-24T03:24:55,114.18,49.43
2026-08-24T03:24:56,114.33,49.58
2026-08-24T03:24:57,114.53,49.78
2026-08-24T03:24:58,114.27,49.53
2026-08-24T03:24:59,114.07,49.32
2026-08-24T03:25:00,113.86,49.12
2026-08-24T03:25:01,114.04,49.29
2026-08-24T03:25:02,114.13,49.38
2026-08-24T03:25:03,114.23,49.48
2026-08-24T03:25:04,113.82,49.08
2026-08-24T03:25:05,114.36,49.61
2026-08-24T03:25:06,113.82,49.07
2026-08-24T03:25:07,114.2,49.45
2026-08-24T03:25:08,113.72,48.98
2026-08-24T03:25:09,113.93,49.19
2026-08-24T03:25:10,114.07,49.32
2026-08-24T03:25:11,114.14,49.4
2026-08-24T03:25:12,114.37,49.62
2026-08-24T03:25:13,114.06,49.32
2026-08-24T03:25:14,113.7,48.96
2026-08-24T03:25:15,114.47,49.72
2026-08-24T03:25:16,114.46,49.71
2026-08-24T03:25:17,113.95,49.21
2026-08-24T03:25:18,114.75,50.0
2026-08-24T03:25:19,114.58,49.83
2026-08-24T03:25:20,114.05,49.31
2026-08-24T03:25:21,113.57,48.83
2026-08-24T03:25:22,113.91,49.17
2026-08-24T03:25:23,114.43,49.68
2026-08-24T03:25:24,114.14,49.4
2026-08-24T03:25:25,114.53,49.78
2026-08-24T03:25:26,113.72,48.98
2026-08-24T03:25:27,114.38,49.63
2026-08-24T03:25:28,114.07,49.33
2026-08-24T03:25:29,114.64,49.89
2026-08-24T03:25:30,113.96,49.22
2026-08-24T03:25:31,114.19,49.45
2026-08-24T03:25:32,114.31,49.56
2026-08-24T03:25:33,114.41,49.66
2026-08-24T03:25:34,114.18,49.44
2026-08-24T03:25:35,114.15,49.41
2026-08-24T03:25:36,114.42,49.67
2026-08-24T03:25:37,114.56,49.81
2026-08-24T03:25:38,114.09,49.35
2026-08-24T03:25:39,114.66,49.91
2026-08-24T03:25:40,113.87,49.13
2026-08-24T03:25:41,114.07,49.33
2026-08-24T03:25:42,113.83,49.09
2026-08-24T03:25:43,114.15,49.41
2026-08-24T03:25:44,114.45,49.7
2026-08-24T03:25:45,114.72,49.96
2026-08-24T03:25:46,114.24,49.49
2026-08-24T03:25:47,114.4,49.65
2026-08-24T03:25:48,113.8,49.06
2026-08-24T03:25:49,114.59,49.84
2026-08-24T03:25:50,114.03,49.28
2026-08-24T03:25:51,113.94,49.2
2026-08-24T03:25:52,114.17,49.42
2026-08-24T03:25:53,113.96,49.22
2026-08-24T03:25:54,114.4,49.65
2026-08-24T03:25:55,114.26,49.52
2026-08-24T03:25:56,114.45,49.7
2026-08-24T03:25:57,113.88,49.14
2026-08-24T03:25:58,114.81,50.06
2026-08-24T03:25:59,114.3,49.55
2026-08-24T03:26:00,113.98,49.23
2026-08-24T03:26:01,114.46,49.71
2026-08-24T03:26:02,113.88,49.14
2026-08-24T03:26:03,114.32,49.57
2026-08-24T03:26:04,114.68,49.93
2026-08-24T03:26:05,114.44,49.69
2026-08-24T03:26:06,113.64,48.91
2026-08-24T03:26:07,113.86,49.12
2026-08-24T03:26:08,114.09,49.35
2026-08-24T03:26:09,114.17,49.42
2026-08-24T03:26:10,114.39,49.64
2026-08-24T03:26:11,114.05,49.31
2026-08-24T03:26:12,113.71,48.97
2026-08-24T03:26:13,114.23,49.48
2026-08-24T03:26:14,114.75,49.99
2026-08-24T03:26:15,113.9,49.16
2026-08-24T03:26:16,113.56,48.83
2026-08-24T03:26:17,113.51,48.78
2026-08-24T03:26:18,113.93,49.19
2026-08-24T03:26:19,113.95,49.21
2026-08-24T03:26:20,113.38,48.64
2026-08-24T03:26:21,113.85,49.11
2026-08-24T03:26:22,112.86,48.13
2026-08-24T03:26:23,113.88,49.14
2026-08-24T03:26:24,113.48,48.75
2026-08-24T03:26:25,113.67,48.93
2026-08-24T03:26:26,113.77,49.03
2026-08-24T03:26:27,113.57,48.83
2026-08-24T03:26:28,114.07,49.32
2026-08-24T03:26:29,113.37,48.64
2026-08-24T03:26:30,113.58,48.84
2026-08-24T03:26:31,113.58,48.84
2026-08-24T03:26:32,113.71,48.97
2026-08-24T03:26:33,114.73,49.98
2026-08-24T03:26:34,113.84,49.1
2026-08-24T03:26:35,113.32,48.58
2026-08-24T03:26:36,113.85,49.11
2026-08-24T03:26:37,113.35,48.61
2026-08-24T03:26:38,114.09,49.35
2026-08-24T03:26:39,113.51,48.77
2026-08-24T03:26:40,113.58,48.85
2026-08-24T03:26:41,114.2,49.46
2026-08-24T03:26:42,113.58,48.84
2026-08-24T03:26:43,113.71,48.97
2026-08-24T03:26:44,113.08,48.35
2026-08-24T03:26:45,113.65,48.91
2026-08-24T03:26:46,113.96,49.21
2026-08-24T03:26:47,114.03,49.28
2026-08-24T03:26:48,113.68,48.94
2026-08-24T03:26:49,113.72,48.98
2026-08-24T03:26:50,113.59,48.85
2026-08-24T03:26:51,113.55,48.81
2026-08-24T03:26:52,114.02,49.28
2026-08-24T03:26:53,113.93,49.19
2026-08-24T03:26:54,114.12,49.38
2026-08-24T03:26:55,113.8,49.06
2026-08-24T03:26:56,112.97,48.25
2026-08-24T03:26:57,113.58,48.84
2026-08-24T03:26:58,113.72,48.98
2026-08-24T03:26:59,113.11,48.38
2026-08-24T03:27:00,113.78,49.04
2026-08-24T03:27:01,113.56,48.82
2026-08-24T03:27:02,114.26,49.51
2026-08-24T03:27:03,113.9,49.16
2026-08-24T03:27:04,113.64,48.91
2026-08-24T03:27:05,114.08,49.34
2026-08-24T03:27:06,112.83,48.1
2026-08-24T03:27:07,113.85,49.11
2026-08-24T03:27:08,113.59,48.85
2026-08-24T03:27:09,113.8,49.06
2026-08-24T03:27:10,113.47,48.74
2026-08-24T03:27:11,113.7,48.96
2026-08-24T03:27:12,113.73,48.99
2026-08-24T03:27:13,113.67,48.93
2026-08-24T03:27:14,114.33,49.58
2026-08-24T03:27:15,113.56,48.83
2026-08-24T03:27:16,113.72,48.98
2026-08-24T03:27:17,113.56,48.82
2026-08-24T03:27:18,114.13,49.39
2026-08-24T03:27:19,113.59,48.85
2026-08-24T03:27:20,114.4,49.65
2026-08-24T03:27:21,113.88,49.14
2026-08-24T03:27:22,113.57,48.83
2026-08-24T03:27:23,113.41,48.67
2026-08-24T03:27:24,113.96,49.22
2026-08-24T03:27:25,113.77,49.03
2026-08-24T03:27:26,113.31,48.58
2026-08-24T03:27:27,113.56,48.82
2026-08-24T03:27:28,114.27,49.53
2026-08-24T03:27:29,113.33,48.59
2026-08-24T03:27:30,113.17,48.43
2026-08-24T03:27:31,114.0,49.25
2026-08-24T03:27:32,113.91,49.16
2026-08-24T03:27:33,113.82,49.07
2026-08-24T03:27:34,113.32,48.59
2026-08-24T03:27:35,113.31,48.58
2026-08-24T03:27:36,113.62,48.89
2026-08-24T03:27:37,113.66,48.92
2026-08-24T03:27:38,113.96,49.22
2026-08-24T03:27:39,113.59,48.85
2026-08-24T03:27:40,113.21,48.47
2026-08-24T03:27:41,113.6,48.86
2026-08-24T03:27:42,113.25,48.52
2026-08-24T03:27:43,113.78,49.04
2026-08-24T03:27:44,113.35,48.62
2026-08-24T03:27:45,114.05,49.3
2026-08-24T03:27:46,113.99,49.25
2026-08-24T03:27:47,113.72,48.98
2026-08-24T03:27:48,113.89,49.15
2026-08-24T03:27:49,114.14,49.39
2026-08-24T03:27:50,113.89,49.15
2026-08-24T03:27:51,113.97,49.23
2026-08-24T03:27:52,114.03,49.28
2026-08-24T03:27:53,113.9,49.16
2026-08-24T03:27:54,113.37,48.64
2026-08-24T03:27:55,113.69,48.95
2026-08-24T03:27:56,113.4,48.67
2026-08-24T03:27:57,114.1,49.36
2026-08-24T03:27:58,114.32,49.57
2026-08-24T03:27:59,113.9,49.15
2026-08-24T03:28:00,113.82,49.08
2026-08-24T03:28:01,113.06,48.33
2026-08-24T03:28:02,113.2,48.47
2026-08-24T03:28:03,113.58,48.84
2026-08-24T03:28:04,113.56,48.82
2026-08-24T03:28:05,113.03,48.3
2026-08-24T03:28:06,113.58,48.85
2026-08-24T03:28:07,113.45,48.71
2026-08-24T03:28:08,113.71,48.97
2026-08-24T03:28:09,113.87,49.13
2026-08-24T03:28:10,113.55,48.82
2026-08-24T03:28:11,113.2,48.47
2026-08-24T03:28:12,114.01,49.27
2026-08-24T03:28:13,113.43,48.69
2026-08-24T03:28:14,113.73,48.99
2026-08-24T03:28:15,113.59,48.85
2026-08-24T03:28:16,113.28,48.55
2026-08-24T03:28:17,113.23,48.5
2026-08-24T03:28:18,113.79,49.05
2026-08-24T03:28:19,114.1,49.36
2026-08-24T03:28:20,113.68,48.94
2026-08-24T03:28:21,114.37,49.62
2026-08-24T03:28:22,113.93,49.18
2026-08-24T03:28:23,113.62,48.88
2026-08-24T03:28:24,113.2,48.46
2026-08-24T03:28:25,113.41,48.67
2026-08-24T03:28:26,113.88,49.14
2026-08-24T03:28:27,112.97,48.24
2026-08-24T03:28:28,113.92,49.18
2026-08-24T03:28:29,114.33,49.58
2026-08-24T03:28:30,113.46,48.72
2026-08-24T03:28:31,114.15,49.41
2026-08-24T03:28:32,114.49,49.74
2026-08-24T03:28:33,114.29,49.54
2026-08-24T03:28:34,113.99,49.24
2026-08-24T03:28:35,113.24,48.5
2026-08-24T03:28:36,114.1,49.36
2026-08-24T03:28:37,113.58,48.84
2026-08-24T03:28:38,113.69,48.95
2026-08-24T03:28:39,114.41,49.66
2026-08-24T03:28:40,114.28,49.54
2026-08-24T03:28:41,113.82,49.08
2026-08-24T03:28:42,114.05,49.31
2026-08-24T03:28:43,114.49,49.74
2026-08-24T03:28:44,114.69,49.94
2026-08-24T03:28:45,113.85,49.11
2026-08-24T03:28:46,113.37,48.63
2026-08-24T03:28:47,114.17,49.42
2026-08-24T03:28:48,115.44,50.68
2026-08-24T03:28:49,115.78,51.01
2026-08-24T03:28:50,116.78,52.0
2026-08-24T03:28:51,118.81,54.0
2026-08-24T03:28:52,124.29,59.4
2026-08-24T03:28:53,124.68,59.78
2026-08-24T03:28:54,129.97,65.0
2026-08-24T03:28:55,136.38,71.32
2026-08-24T03:28:56,137.14,72.07
2026-08-24T03:28:57,133.64,68.62
2026-08-24T03:28:58,127.71,62.77
2026-08-24T03:28:59,124.02,59.13
2026-08-24T03:29:00,123.15,58.28
2026-08-24T03:29:01,119.34,54.52
2026-08-24T03:29:02,118.68,53.87
2026-08-24T03:29:03,116.79,52.0
2026-08-24T03:29:04,115.12,50.36
2026-08-24T03:29:05,114.56,49.81
2026-08-24T03:29:06,113.84,49.1
2026-08-24T03:29:07,114.59,49.83
2026-08-24T03:29:08,113.95,49.21
2026-08-24T03:29:09,114.41,49.66
2026-08-24T03:29:10,113.57,48.83
2026-08-24T03:29:11,113.46,48.72
2026-08-24T03:29:12,113.71,48.97
2026-08-24T03:29:13,113.72,48.98
2026-08-24T03:29:14,114.46,49.71
2026-08-24T03:29:15,113.89,49.15
2026-08-24T03:29:16,113.98,49.24
2026-08-24T03:29:17,113.78,49.04
2026-08-24T03:29:18,114.09,49.34
2026-08-24T03:29:19,113.28,48.55
2026-08-24T03:29:20,113.73,48.99
2026-08-24T03:29:21,113.57,48.84
2026-08-24T03:29:22,113.43,48.69
2026-08-24T03:29:23,114.04,49.29
2026-08-24T03:29:24,114.02,49.28
2026-08-24T03:29:25,113.96,49.22
2026-08-24T03:29:26,113.95,49.21
2026-08-24T03:29:27,113.77,49.03
2026-08-24T03:29:28,113.61,48.87
2026-08-24T03:29:29,114.09,49.34
2026-08-24T03:29:30,113.8,49.06
2026-08-24T03:29:31,113.92,49.18
2026-08-24T03:29:32,113.6,48.86
2026-08-24T03:29:33,113.46,48.72
2026-08-24T03:29:34,113.83,49.09
2026-08-24T03:29:35,113.38,48.64
2026-08-24T03:29:36,114.16,49.41
2026-08-24T03:29:37,113.35,48.61
2026-08-24T03:29:38,114.16,49.42
2026-08-24T03:29:39,113.94,49.2
2026-08-24T03:29:40,113.67,48.93
2026-08-24T03:29:41,113.9,49.16
2026-08-24T03:29:42,114.46,49.71
2026-08-24T03:29:43,113.81,49.07
2026-08-24T03:29:44,114.06,49.32
2026-08-24T03:29:45,113.87,49.12
2026-08-24T03:29:46,113.5,48.76
2026-08-24T03:29:47,113.89,49.14
2026-08-24T03:29:48,113.66,48.92
2026-08-24T03:29:49,113.27,48.53
2026-08-24T03:29:50,113.09,48.36
2026-08-24T03:29:51,113.73,48.99
2026-08-24T03:29:52,114.29,49.54
2026-08-24T03:29:53,113.72,48.98
2026-08-24T03:29:54,113.77,49.03
2026-08-24T03:29:55,113.25,48.51
2026-08-24T03:29:56,114.32,49.57
2026-08-24T03:29:57,113.88,49.14
2026-08-24T03:29:58,113.57,48.84
2026-08-24T03:29:59,113.84,49.1
2026-08-24T03:30:00,113.8,49.06
2026-08-24T03:30:01,113.73,48.99
2026-08-24T03:30:02,113.8,49.06
2026-08-24T03:30:03,114.04,49.29
2026-08-24T03:30:04,113.37,48.64
2026-08-24T03:30:05,113.59,48.86
2026-08-24T03:30:06,114.11,49.37
2026-08-24T03:30:07,113.23,48.5
2026-08-24T03:30:08,113.72,48.98
2026-08-24T03:30:09,113.14,48.41
2026-08-24T03:30:10,113.89,49.15
2026-08-24T03:30:11,113.33,48.59
2026-08-24T03:30:12,113.59,48.85
2026-08-24T03:30:13,113.79,49.05
2026-08-24T03:30:14,114.21,49.46
2026-08-24T03:30:15,114.26,49.52
2026-08-24T03:30:16,113.76,49.02
2026-08-24T03:30:17,113.62,48.88
2026-08-24T03:30:18,113.48,48.74
2026-08-24T03:30:19,114.15,49.41
2026-08-24T03:30:20,113.16,48.42
2026-08-24T03:30:21,113.77,49.03
2026-08-24T03:30:22,114.1,49.36
2026-08-24T03:30:23,113.15,48.42
2026-08-24T03:30:24,113.89,49.15
2026-08-24T03:30:25,112.97,48.24
2026-08-24T03:30:26,114.11,49.36
2026-08-24T03:30:27,113.96,49.22
2026-08-24T03:30:28,113.93,49.19
2026-08-24T03:30:29,113.8,49.06
2026-08-24T03:30:30,113.93,49.18
2026-08-24T03:30:31,113.82,49.08
2026-08-24T03:30:32,113.64,48.9
2026-08-24T03:30:33,113.95,49.21
2026-08-24T03:30:34,113.7,48.96
2026-08-24T03:30:35,113.58,48.85
2026-08-24T03:30:36,113.61,48.87
2026-08-24T03:30:37,113.85,49.11
2026-08-24T03:30:38,113.84,49.1
2026-08-24T03:30:39,114.08,49.33
2026-08-24T03:30:40,113.25,48.52
2026-08-24T03:30:41,113.74,49.0
2026-08-24T03:30:42,114.28,49.53
2026-08-24T03:30:43,113.66,48.93
2026-08-24T03:30:44,113.79,49.05
2026-08-24T03:30:45,114.21,49.46
2026-08-24T03:30:46,113.52,48.78
2026-08-24T03:30:47,113.96,49.22
2026-08-24T03:30:48,113.63,48.89
2026-08-24T03:30:49,114.19,49.44
2026-08-24T03:30:50,113.34,48.6
2026-08-24T03:30:51,113.23,48.5
2026-08-24T03:30:52,113.89,49.15
2026-08-24T03:30:53,113.7,48.96
2026-08-24T03:30:54,113.85,49.11
2026-08-24T03:30:55,114.11,49.36
2026-08-24T03:30:56,114.13,49.38
2026-08-24T03:30:57,113.87,49.12
2026-08-24T03:30:58,113.29,48.56
2026-08-24T03:30:59,114.12,49.38
2026-08-24T03:31:00,113.66,48.92
2026-08-24T03:31:01,114.01,49.26
2026-08-24T03:31:02,113.76,49.02
2026-08-24T03:31:03,113.51,48.77
2026-08-24T03:31:04,113.42,48.69
2026-08-24T03:31:05,113.4,48.67
2026-08-24T03:31:06,114.32,49.57
2026-08-24T03:31:07,113.52,48.78
2026-08-24T03:31:08,113.88,49.14
2026-08-24T03:31:09,113.93,49.19
2026-08-24T03:31:10,113.55,48.81
2026-08-24T03:31:11,113.44,48.71
2026-08-24T03:31:12,113.2,48.47
2026-08-24T03:31:13,113.39,48.65
2026-08-24T03:31:14,113.55,48.81
2026-08-24T03:31:15,113.57,48.83
2026-08-24T03:31:16,114.08,49.34
2026-08-24T03:31:17,113.79,49.05
2026-08-24T03:31:18,113.55,48.82
2026-08-24T03:31:19,113.15,48.42
2026-08-24T03:31:20,113.58,48.84
2026-08-24T03:31:21,113.7,48.96
2026-08-24T03:31:22,113.53,48.79
2026-08-24T03:31:23,114.08,49.33
2026-08-24T03:31:24,113.99,49.24
2026-08-24T03:31:25,114.08,49.34
2026-08-24T03:31:26,114.12,49.37
2026-08-24T03:31:27,113.67,48.93
2026-08-24T03:31:28,114.07,49.32
2026-08-24T03:31:29,113.4,48.66
2026-08-24T03:31:30,113.17,48.44
2026-08-24T03:31:31,113.95,49.21
2026-08-24T03:31:32,113.69,48.95
2026-08-24T03:31:33,113.97,49.23
2026-08-24T03:31:34,113.93,49.18
2026-08-24T03:31:35,114.32,49.58
2026-08-24T03:31:36,113.14,48.41
2026-08-24T03:31:37,113.75,49.01
2026-08-24T03:31:38,114.33,49.58
2026-08-24T03:31:39,113.15,48.42
2026-08-24T03:31:40,113.54,48.81
2026-08-24T03:31:41,113.52,48.78
2026-08-24T03:31:42,113.57,48.83
2026-08-24T03:31:43,113.93,49.19
2026-08-24T03:31:44,113.52,48.79
2026-08-24T03:31:45,113.58,48.84
2026-08-24T03:31:46,113.84,49.1
2026-08-24T03:31:47,113.46,48.73
2026-08-24T03:31:48,113.53,48.79
2026-08-24T03:31:49,113.86,49.12
2026-08-24T03:31:50,113.38,48.65
2026-08-24T03:31:51,113.47,48.74
2026-08-24T03:31:52,113.66,48.92
2026-08-24T03:31:53,113.36,48.63
2026-08-24T03:31:54,113.36,48.62
2026-08-24T03:31:55,113.52,48.78
2026-08-24T03:31:56,113.72,48.98
2026-08-24T03:31:57,113.98,49.24
2026-08-24T03:31:58,114.38,49.63
2026-08-24T03:31:59,113.84,49.1
2026-08-24T03:32:00,113.29,48.56
2026-08-24T03:32:01,113.19,48.45
2026-08-24T03:32:02,114.09,49.34
2026-08-24T03:32:03,115.05,50.29
2026-08-24T03:32:04,116.01,51.24
2026-08-24T03:32:05,117.26,52.47
2026-08-24T03:32:06,119.41,54.59
2026-08-24T03:32:07,122.25,57.39
2026-08-24T03:32:08,123.39,58.51
2026-08-24T03:32:09,125.29,60.38
2026-08-24T03:32:10,125.22,60.32
2026-08-24T03:32:11,124.79,59.9
2026-08-24T03:32:12,124.58,59.69
2026-08-24T03:32:13,123.41,58.53
2026-08-24T03:32:14,121.16,56.31
2026-08-24T03:32:15,120.21,55.38
2026-08-24T03:32:16,118.53,53.72
2026-08-24T03:32:17,117.73,52.93
2026-08-24T03:32:18,117.11,52.32
2026-08-24T03:32:19,116.73,51.94
2026-08-24T03:32:20,116.23,51.45
2026-08-24T03:32:21,115.57,50.81
2026-08-24T03:32:22,115.82,51.05
2026-08-24T03:32:23,115.0,50.24
2026-08-24T03:32:24,114.11,49.36
2026-08-24T03:32:25,114.71,49.96
2026-08-24T03:32:26,113.56,48.83
2026-08-24T03:32:27,114.06,49.32
2026-08-24T03:32:28,113.87,49.13
2026-08-24T03:32:29,113.58,48.84
2026-08-24T03:32:30,113.7,48.96
2026-08-24T03:32:31,114.1,49.36
2026-08-24T03:32:32,113.65,48.91
2026-08-24T03:32:33,113.75,49.01
2026-08-24T03:32:34,113.64,48.9
2026-08-24T03:32:35,113.7,48.96
2026-08-24T03:32:36,113.06,48.33
2026-08-24T03:32:37,113.96,49.22
2026-08-24T03:32:38,114.11,49.37
2026-08-24T03:32:39,113.34,48.61
2026-08-24T03:32:40,113.36,48.63
2026-08-24T03:32:41,113.51,48.77
2026-08-24T03:32:42,113.71,48.97
2026-08-24T03:32:43,113.61,48.87
2026-08-24T03:32:44,113.8,49.06
2026-08-24T03:32:45,113.13,48.4
2026-08-24T03:32:46,114.08,49.34
2026-08-24T03:32:47,113.74,49.0
2026-08-24T03:32:48,113.72,48.98
2026-08-24T03:32:49,113.86,49.12
2026-08-24T03:32:50,113.95,49.21
2026-08-24T03:32:51,113.88,49.14
2026-08-24T03:32:52,113.68,48.94
2026-08-24T03:32:53,113.41,48.68
2026-08-24T03:32:54,114.33,49.58
2026-08-24T03:32:55,113.74,49.0
2026-08-24T03:32:56,113.77,49.03
2026-08-24T03:32:57,113.98,49.24
2026-08-24T03:32:58,114.31,49.56
2026-08-24T03:32:59,113.49,48.75
2026-08-24T03:33:00,113.55,48.81
2026-08-24T03:33:01,113.18,48.45
2026-08-24T03:33:02,113.42,48.68
2026-08-24T03:33:03,114.18,49.44
2026-08-24T03:33:04,113.61,48.87
2026-08-24T03:33:05,114.16,49.42
2026-08-24T03:33:06,114.12,49.37
2026-08-24T03:33:07,113.36,48.62
2026-08-24T03:33:08,113.78,49.04
2026-08-24T03:33:09,113.8,49.06
2026-08-24T03:33:10,114.04,49.29
2026-08-24T03:33:11,114.04,49.3
2026-08-24T03:33:12,113.3,48.56
2026-08-24T03:33:13,113.25,48.52
2026-08-24T03:33:14,114.26,49.51
2026-08-24T03:33:15,113.46,48.72
2026-08-24T03:33:16,113.36,48.63
2026-08-24T03:33:17,113.98,49.24
2026-08-24T03:33:18,113.71,48.97
2026-08-24T03:33:19,114.37,49.62
2026-08-24T03:33:20,113.8,49.06
2026-08-24T03:33:21,113.25,48.52
2026-08-24T03:33:22,113.72,48.98
2026-08-24T03:33:23,113.73,48.99
2026-08-24T03:33:24,113.82,49.07
2026-08-24T03:33:25,113.72,48.98
2026-08-24T03:33:26,113.18,48.45
2026-08-24T03:33:27,113.81,49.07
2026-08-24T03:33:28,113.36,48.62
2026-08-24T03:33:29,114.04,49.3
2026-08-24T03:33:30,113.74,49.0
2026-08-24T03:33:31,113.36,48.63
2026-08-24T03:33:32,113.76,49.02
2026-08-24T03:33:33,113.59,48.86
2026-08-24T03:33:34,113.82,49.08
2026-08-24T03:33:35,114.08,49.34
2026-08-24T03:33:36,114.1,49.35
2026-08-24T03:33:37,113.93,49.19
2026-08-24T03:33:38,113.84,49.09
2026-08-24T03:33:39,113.98,49.23
2026-08-24T03:33:40,114.08,49.34
2026-08-24T03:33:41,114.26,49.51
2026-08-24T03:33:42,113.86,49.12
2026-08-24T03:33:43,113.62,48.89
2026-08-24T03:33:44,113.98,49.24
2026-08-24T03:33:45,114.09,49.35
2026-08-24T03:33:46,113.85,49.11
2026-08-24T03:33:47,113.83,49.09
2026-08-24T03:33:48,113.32,48.59
2026-08-24T03:33:49,114.04,49.29
2026-08-24T03:33:50,114.06,49.31
2026-08-24T03:33:51,113.38,48.64
2026-08-24T03:33:52,114.02,49.27
2026-08-24T03:33:53,113.87,49.13
2026-08-24T03:33:54,114.09,49.35
2026-08-24T03:33:55,113.64,48.9
2026-08-24T03:33:56,113.01,48.28
2026-08-24T03:33:57,113.45,48.71
2026-08-24T03:33:58,113.6,48.86
2026-08-24T03:33:59,114.03,49.29
2026-08-24T03:34:00,114.36,49.61
2026-08-24T03:34:01,114.48,49.73
2026-08-24T03:34:02,114.34,49.59
2026-08-24T03:34:03,116.09,51.32
2026-08-24T03:34:04,118.08,53.28
2026-08-24T03:34:05,120.41,55.57
2026-08-24T03:34:06,122.09,57.23
2026-08-24T03:34:07,122.76,57.89
2026-08-24T03:34:08,123.05,58.18
2026-08-24T03:34:09,123.77,58.88
2026-08-24T03:34:10,123.73,58.85
2026-08-24T03:34:11,121.82,56.97
2026-08-24T03:34:12,119.39,54.57
2026-08-24T03:34:13,118.29,53.49
2026-08-24T03:34:14,117.07,52.28
2026-08-24T03:34:15,116.37,51.59
2026-08-24T03:34:16,115.9,51.13
2026-08-24T03:34:17,115.1,50.34
2026-08-24T03:34:18,115.11,50.35
2026-08-24T03:34:19,114.62,49.86
2026-08-24T03:34:20,114.41,49.66
2026-08-24T03:34:21,114.35,49.6
2026-08-24T03:34:22,114.07,49.33
2026-08-24T03:34:23,114.19,49.45
2026-08-24T03:34:24,113.84,49.09
2026-08-24T03:34:25,114.31,49.57
2026-08-24T03:34:26,113.11,48.38
2026-08-24T03:34:27,113.63,48.89
2026-08-24T03:34:28,113.79,49.05
2026-08-24T03:34:29,114.34,49.59
2026-08-24T03:34:30,113.8,49.06
2026-08-24T03:34:31,113.59,48.85
2026-08-24T03:34:32,113.86,49.12
2026-08-24T03:34:33,113.56,48.82
2026-08-24T03:34:34,113.61,48.87
2026-08-24T03:34:35,114.15,49.41
2026-08-24T03:34:36,113.82,49.08
2026-08-24T03:34:37,112.86,48.13
2026-08-24T03:34:38,113.49,48.76
2026-08-24T03:34:39,113.52,48.78
2026-08-24T03:34:40,113.9,49.16
2026-08-24T03:34:41,113.62,48.88
2026-08-24T03:34:42,113.4,48.67
2026-08-24T03:34:43,113.42,48.69
2026-08-24T03:34:44,114.21,49.46
2026-08-24T03:34:45,113.6,48.86
2026-08-24T03:34:46,113.92,49.17
2026-08-24T03:34:47,113.2,48.47
2026-08-24T03:34:48,113.21,48.48
2026-08-24T03:34:49,113.93,49.19
2026-08-24T03:34:50,113.68,48.94
2026-08-24T03:34:51,113.37,48.63
2026-08-24T03:34:52,114.0,49.25
2026-08-24T03:34:53,113.7,48.96
2026-08-24T03:34:54,113.23,48.5
2026-08-24T03:34:55,114.02,49.28
2026-08-24T03:34:56,113.73,48.99
2026-08-24T03:34:57,113.59,48.86
2026-08-24T03:34:58,113.45,48.71
2026-08-24T03:34:59,114.08,49.33
2026-08-24T03:35:00,113.75,49.01
2026-08-24T03:35:01,113.9,49.16
2026-08-24T03:35:02,113.81,49.07
2026-08-24T03:35:03,113.92,49.18
2026-08-24T03:35:04,113.73,48.99
2026-08-24T03:35:05,113.95,49.21
2026-08-24T03:35:06,114.31,49.56
2026-08-24T03:35:07,114.18,49.44
2026-08-24T03:35:08,113.41,48.67
2026-08-24T03:35:09,114.07,49.33
2026-08-24T03:35:10,114.12,49.37
2026-08-24T03:35:11,113.52,48.78
2026-08-24T03:35:12,114.43,49.68
2026-08-24T03:35:13,113.88,49.14
2026-08-24T03:35:14,113.88,49.14
2026-08-24T03:35:15,114.06,49.32
2026-08-24T03:35:16,113.75,49.01
2026-08-24T03:35:17,113.92,49.18
2026-08-24T03:35:18,113.53,48.79
2026-08-24T03:35:19,113.45,48.71
2026-08-24T03:35:20,113.99,49.25
2026-08-24T03:35:21,113.74,49.0
2026-08-24T03:35:22,113.93,49.19
2026-08-24T03:35:23,113.49,48.75
2026-08-24T03:35:24,114.17,49.43
2026-08-24T03:35:25,113.12,48.39
2026-08-24T03:35:26,113.45,48.71
2026-08-24T03:35:27,113.68,48.95
2026-08-24T03:35:28,113.52,48.78
2026-08-24T03:35:29,114.03,49.29
2026-08-24T03:35:30,113.87,49.13
2026-08-24T03:35:31,113.62,48.88
2026-08-24T03:35:32,113.55,48.82
2026-08-24T03:35:33,113.64,48.9
2026-08-24T03:35:34,113.83,49.09
2026-08-24T03:35:35,113.87,49.13
2026-08-24T03:35:36,113.99,49.24
2026-08-24T03:35:37,113.79,49.05
2026-08-24T03:35:38,114.09,49.34
2026-08-24T03:35:39,113.48,48.75
2026-08-24T03:35:40,114.35,49.6
2026-08-24T03:35:41,113.71,48.97
2026-08-24T03:35:42,113.47,48.73
2026-08-24T03:35:43,114.38,49.63
2026-08-24T03:35:44,113.64,48.9
2026-08-24T03:35:45,113.73,48.99
2026-08-24T03:35:46,113.25,48.52
2026-08-24T03:35:47,113.62,48.88
2026-08-24T03:35:48,114.11,49.37
2026-08-24T03:35:49,113.8,49.06
2026-08-24T03:35:50,114.25,49.5
2026-08-24T03:35:51,113.48,48.74
2026-08-24T03:35:52,114.41,49.67
2026-08-24T03:35:53,114.29,49.54
2026-08-24T03:35:54,113.63,48.89
2026-08-24T03:35:55,113.99,49.25
2026-08-24T03:35:56,114.21,49.47
2026-08-24T03:35:57,114.88,50.12
2026-08-24T03:35:58,115.4,50.64
2026-08-24T03:35:59,115.12,50.36
2026-08-24T03:36:00,115.61,50.84
2026-08-24T03:36:01,115.85,51.08
2026-08-24T03:36:02,115.41,50.65
2026-08-24T03:36:03,114.88,50.12
2026-08-24T03:36:04,114.96,50.2
2026-08-24T03:36:05,113.93,49.19
2026-08-24T03:36:06,114.3,49.55
2026-08-24T03:36:07,114.3,49.55
2026-08-24T03:36:08,114.14,49.39
2026-08-24T03:36:09,114.9,50.14
2026-08-24T03:36:10,115.6,50.84
2026-08-24T03:36:11,115.1,50.34
2026-08-24T03:36:12,115.67,50.91
2026-08-24T03:36:13,115.1,50.34
2026-08-24T03:36:14,114.91,50.15
2026-08-24T03:36:15,114.07,49.33
2026-08-24T03:36:16,114.39,49.64
2026-08-24T03:36:17,114.63,49.88
2026-08-24T03:36:18,114.97,50.21
2026-08-24T03:36:19,114.83,50.08
2026-08-24T03:36:20,115.53,50.76
2026-08-24T03:36:21,115.4,50.64
2026-08-24T03:36:22,117.25,52.46
2026-08-24T03:36:23,119.29,54.47
2026-08-24T03:36:24,121.24,56.39
2026-08-24T03:36:25,120.18,55.35
2026-08-24T03:36:26,120.65,55.81
2026-08-24T03:36:27,123.88,59.0
2026-08-24T03:36:28,127.02,62.09
2026-08-24T03:36:29,129.5,64.54
2026-08-24T03:36:30,130.59,65.61
2026-08-24T03:36:31,128.85,63.9
2026-08-24T03:36:32,128.31,63.36
2026-08-24T03:36:33,127.01,62.08
2026-08-24T03:36:34,123.15,58.28
2026-08-24T03:36:35,121.29,56.44
2026-08-24T03:36:36,119.57,54.74
2026-08-24T03:36:37,118.68,53.87
2026-08-24T03:36:38,117.84,53.04
2026-08-24T03:36:39,117.26,52.47
2026-08-24T03:36:40,116.38,51.6
2026-08-24T03:36:41,115.88,51.11
2026-08-24T03:36:42,115.46,50.69
2026-08-24T03:36:43,114.96,50.2
2026-08-24T03:36:44,114.9,50.14
2026-08-24T03:36:45,114.64,49.89
2026-08-24T03:36:46,114.36,49.61
2026-08-24T03:36:47,114.77,50.01
2026-08-24T03:36:48,115.32,50.55
2026-08-24T03:36:49,114.44,49.69
2026-08-24T03:36:50,114.58,49.82
2026-08-24T03:36:51,114.72,49.96
2026-08-24T03:36:52,114.68,49.93
2026-08-24T03:36:53,114.52,49.77
2026-08-24T03:36:54,114.81,50.05
2026-08-24T03:36:55,114.23,49.48
2026-08-24T03:36:56,114.36,49.61
2026-08-24T03:36:57,114.27,49.52
2026-08-24T03:36:58,114.19,49.44
2026-08-24T03:36:59,114.33,49.58
2026-08-24T03:37:00,113.74,49.0
2026-08-24T03:37:01,114.37,49.62
2026-08-24T03:37:02,114.25,49.5
2026-08-24T03:37:03,114.27,49.52
2026-08-24T03:37:04,114.63,49.87
2026-08-24T03:37:05,114.31,49.56
2026-08-24T03:37:06,114.74,49.99
2026-08-24T03:37:07,114.08,49.34
2026-08-24T03:37:08,114.7,49.95
2026-08-24T03:37:09,115.18,50.42
2026-08-24T03:37:10,115.79,51.02
2026-08-24T03:37:11,115.46,50.69
2026-08-24T03:37:12,117.04,52.26
2026-08-24T03:37:13,118.91,54.09
2026-08-24T03:37:14,122.6,57.73
2026-08-24T03:37:15,124.88,59.98
2026-08-24T03:37:16,127.09,62.16
2026-08-24T03:37:17,127.69,62.75
2026-08-24T03:37:18,127.96,63.02
2026-08-24T03:37:19,127.15,62.22
2026-08-24T03:37:20,123.82,58.93
2026-08-24T03:37:21,121.95,57.09
2026-08-24T03:37:22,120.09,55.26
2026-08-24T03:37:23,119.56,54.73
2026-08-24T03:37:24,118.43,53.63
2026-08-24T03:37:25,117.98,53.18
2026-08-24T03:37:26,117.11,52.32
2026-08-24T03:37:27,116.44,51.66
2026-08-24T03:37:28,115.99,51.21
2026-08-24T03:37:29,114.82,50.07
2026-08-24T03:37:30,114.88,50.12
2026-08-24T03:37:31,114.79,50.04
2026-08-24T03:37:32,114.61,49.85
2026-08-24T03:37:33,114.53,49.78
2026-08-24T03:37:34,114.19,49.44
2026-08-24T03:37:35,114.29,49.54
2026-08-24T03:37:36,114.21,49.47
2026-08-24T03:37:37,114.42,49.67
2026-08-24T03:37:38,114.29,49.55
2026-08-24T03:37:39,115.25,50.49
2026-08-24T03:37:40,114.53,49.78
2026-08-24T03:37:41,114.67,49.92
2026-08-24T03:37:42,114.2,49.45
2026-08-24T03:37:43,114.04,49.29
2026-08-24T03:37:44,113.78,49.04
2026-08-24T03:37:45,114.18,49.43
2026-08-24T03:37:46,114.23,49.48
2026-08-24T03:37:47,114.31,49.56
2026-08-24T03:37:48,114.29,49.55
2026-08-24T03:37:49,114.84,50.09
2026-08-24T03:37:50,114.25,49.5
2026-08-24T03:37:51,114.43,49.68
2026-08-24T03:37:52,113.81,49.07
2026-08-24T03:37:53,113.72,48.98
2026-08-24T03:37:54,114.42,49.67
2026-08-24T03:37:55,114.25,49.5
2026-08-24T03:37:56,113.94,49.2
2026-08-24T03:37:57,114.83,50.07
2026-08-24T03:37:58,114.02,49.28
2026-08-24T03:37:59,114.61,49.86
2026-08-24T03:38:00,114.64,49.88
2026-08-24T03:38:01,114.75,50.0
2026-08-24T03:38:02,115.56,50.79
2026-08-24T03:38:03,116.27,51.49
2026-08-24T03:38:04,117.46,52.67
2026-08-24T03:38:05,119.87,55.04
2026-08-24T03:38:06,121.68,56.82
2026-08-24T03:38:07,123.43,58.56
2026-08-24T03:38:08,123.89,59.01
2026-08-24T03:38:09,124.01,59.13
2026-08-24T03:38:10,124.42,59.53
2026-08-24T03:38:11,124.46,59.57
2026-08-24T03:38:12,122.08,57.22
2026-08-24T03:38:13,119.81,54.99
2026-08-24T03:38:14,118.98,54.17
2026-08-24T03:38:15,117.63,52.83
2026-08-24T03:38:16,117.52,52.73
2026-08-24T03:38:17,116.82,52.03
2026-08-24T03:38:18,116.43,51.65
2026-08-24T03:38:19,116.34,51.57
2026-08-24T03:38:20,115.81,51.05
2026-08-24T03:38:21,115.65,50.89
2026-08-24T03:38:22,115.48,50.72
2026-08-24T03:38:23,115.51,50.75
2026-08-24T03:38:24,115.46,50.7
2026-08-24T03:38:25,115.04,50.28
2026-08-24T03:38:26,115.0,50.24
2026-08-24T03:38:27,115.15,50.39
2026-08-24T03:38:28,115.71,50.94
2026-08-24T03:38:29,114.78,50.02
2026-08-24T03:38:30,114.89,50.14
2026-08-24T03:38:31,114.57,49.82
2026-08-24T03:38:32,114.16,49.42
2026-08-24T03:38:33,114.4,49.65
2026-08-24T03:38:34,115.02,50.26
2026-08-24T03:38:35,114.75,49.99
2026-08-24T03:38:36,114.12,49.37
2026-08-24T03:38:37,114.49,49.73
2026-08-24T03:38:38,114.3,49.55
2026-08-24T03:38:39,113.94,49.19
2026-08-24T03:38:40,114.28,49.53
2026-08-24T03:38:41,115.18,50.42
2026-08-24T03:38:42,114.75,50.0
2026-08-24T03:38:43,114.95,50.19
2026-08-24T03:38:44,113.89,49.15
2026-08-24T03:38:45,114.37,49.62
2026-08-24T03:38:46,114.2,49.45
2026-08-24T03:38:47,115.09,50.33
2026-08-24T03:38:48,114.76,50.01
2026-08-24T03:38:49,114.32,49.57
2026-08-24T03:38:50,114.92,50.16
2026-08-24T03:38:51,115.14,50.38
2026-08-24T03:38:52,115.0,50.24
2026-08-24T03:38:53,115.21,50.45
2026-08-24T03:38:54,114.85,50.1
2026-08-24T03:38:55,114.81,50.05
2026-08-24T03:38:56,115.39,50.63
2026-08-24T03:38:57,115.64,50.88
2026-08-24T03:38:58,115.93,51.16
2026-08-24T03:38:59,115.85,51.08
2026-08-24T03:39:00,117.43,52.64
2026-08-24T03:39:01,122.75,57.88
2026-08-24T03:39:02,124.57,59.68
2026-08-24T03:39:03,125.04,60.14
2026-08-24T03:39:04,120.73,55.89
2026-08-24T03:39:05,129.14,64.18
2026-08-24T03:39:06,134.77,69.73
2026-08-24T03:39:07,132.12,67.12
2026-08-24T03:39:08,128.93,63.97
2026-08-24T03:39:09,125.91,60.99
2026-08-24T03:39:10,128.45,63.5
2026-08-24T03:39:11,120.92,56.08
2026-08-24T03:39:12,121.54,56.69
2026-08-24T03:39:13,117.99,53.19
2026-08-24T03:39:14,115.57,50.81
2026-08-24T03:39:15,115.07,50.31
2026-08-24T03:39:16,115.09,50.33
2026-08-24T03:39:17,115.09,50.33
2026-08-24T03:39:18,114.73,49.97
2026-08-24T03:39:19,115.09,50.33
2026-08-24T03:39:20,115.98,51.21
2026-08-24T03:39:21,115.48,50.71
2026-08-24T03:39:22,119.4,54.58
2026-08-24T03:39:23,116.85,52.07
2026-08-24T03:39:24,116.36,51.58
2026-08-24T03:39:25,116.11,51.33
2026-08-24T03:39:26,116.46,51.69
2026-08-24T03:39:27,116.39,51.61
2026-08-24T03:39:28,114.23,49.48
2026-08-24T03:39:29,114.61,49.86
2026-08-24T03:39:30,114.69,49.94
2026-08-24T03:39:31,115.2,50.44
2026-08-24T03:39:32,114.49,49.74
2026-08-24T03:39:33,114.15,49.4
2026-08-24T03:39:34,114.18,49.43
2026-08-24T03:39:35,116.3,51.52
2026-08-24T03:39:36,116.45,51.67
2026-08-24T03:39:37,114.73,49.97
2026-08-24T03:39:38,114.57,49.82
2026-08-24T03:39:39,114.88,50.12
2026-08-24T03:39:40,114.84,50.08
2026-08-24T03:39:41,115.03,50.27
2026-08-24T03:39:42,115.38,50.62
2026-08-24T03:39:43,115.42,50.66
2026-08-24T03:39:44,113.94,49.2
2026-08-24T03:39:45,114.98,50.22
2026-08-24T03:39:46,114.56,49.81
2026-08-24T03:39:47,114.28,49.53
2026-08-24T03:39:48,114.73,49.98
2026-08-24T03:39:49,115.18,50.42
2026-08-24T03:39:50,115.02,50.26
2026-08-24T03:39:51,114.45,49.7
2026-08-24T03:39:52,114.86,50.11
2026-08-24T03:39:53,114.36,49.61
2026-08-24T03:39:54,114.45,49.7
2026-08-24T03:39:55,114.41,49.66
2026-08-24T03:39:56,114.55,49.8
2026-08-24T03:39:57,114.6,49.85
2026-08-24T03:39:58,115.09,50.33
2026-08-24T03:39:59,114.38,49.63
2026-08-24T03:40:00,114.51,49.76
2026-08-24T03:40:01,114.62,49.87
2026-08-24T03:40:02,114.55,49.8
2026-08-24T03:40:03,114.25,49.5
2026-08-24T03:40:04,114.74,49.99
2026-08-24T03:40:05,114.24,49.5
2026-08-24T03:40:06,114.43,49.68
2026-08-24T03:40:07,114.41,49.66
2026-08-24T03:40:08,115.15,50.39
2026-08-24T03:40:09,114.34,49.59
2026-08-24T03:40:10,114.88,50.13
2026-08-24T03:40:11,114.42,49.67
2026-08-24T03:40:12,114.89,50.14
2026-08-24T03:40:13,114.59,49.84
2026-08-24T03:40:14,114.53,49.78
2026-08-24T03:40:15,114.06,49.32
2026-08-24T03:40:16,114.11,49.37
2026-08-24T03:40:17,114.63,49.87
2026-08-24T03:40:18,114.31,49.56
2026-08-24T03:40:19,114.04,49.3
2026-08-24T03:40:20,114.56,49.81
2026-08-24T03:40:21,113.44,48.7
2026-08-24T03:40:22,114.25,49.51
2026-08-24T03:40:23,114.31,49.56
2026-08-24T03:40:24,114.39,49.65
2026-08-24T03:40:25,114.33,49.58
2026-08-24T03:40:26,114.77,50.01
2026-08-24T03:40:27,114.23,49.48
2026-08-24T03:40:28,114.32,49.57
2026-08-24T03:40:29,114.34,49.59
2026-08-24T03:40:30,114.42,49.67
2026-08-24T03:40:31,114.73,49.98
2026-08-24T03:40:32,114.6,49.85
2026-08-24T03:40:33,114.53,49.77
2026-08-24T03:40:34,113.99,49.25
2026-08-24T03:40:35,114.99,50.23
2026-08-24T03:40:36,115.32,50.55
2026-08-24T03:40:37,116.25,51.47
2026-08-24T03:40:38,119.01,54.2
2026-08-24T03:40:39,122.55,57.69
2026-08-24T03:40:40,124.36,59.47
2026-08-24T03:40:41,126.18,61.27
2026-08-24T03:40:42,126.37,61.45
2026-08-24T03:40:43,126.99,62.06
2026-08-24T03:40:44,127.43,62.49
2026-08-24T03:40:45,124.58,59.68
2026-08-24T03:40:46,122.34,57.48
2026-08-24T03:40:47,120.93,56.09
2026-08-24T03:40:48,119.69,54.87
2026-08-24T03:40:49,118.77,53.96
2026-08-24T03:40:50,118.41,53.6
2026-08-24T03:40:51,116.58,51.8
2026-08-24T03:40:52,115.66,50.89
2026-08-24T03:40:53,115.77,51.0
2026-08-24T03:40:54,115.12,50.36
2026-08-24T03:40:55,114.73,49.98
2026-08-24T03:40:56,114.99,50.24
2026-08-24T03:40:57,115.13,50.37
2026-08-24T03:40:58,114.29,49.54
2026-08-24T03:40:59,115.04,50.28
2026-08-24T03:41:00,114.41,49.67
2026-08-24T03:41:01,114.39,49.64
2026-08-24T03:41:02,114.56,49.81
2026-08-24T03:41:03,114.7,49.94
2026-08-24T03:41:04,115.21,50.45
2026-08-24T03:41:05,113.99,49.25
2026-08-24T03:41:06,114.39,49.64
2026-08-24T03:41:07,114.09,49.34
2026-08-24T03:41:08,115.16,50.4
2026-08-24T03:41:09,114.17,49.42
2026-08-24T03:41:10,113.9,49.15
2026-08-24T03:41:11,114.58,49.83
2026-08-24T03:41:12,114.11,49.37
2026-08-24T03:41:13,113.79,49.05
2026-08-24T03:41:14,113.97,49.23
2026-08-24T03:41:15,114.2,49.46
2026-08-24T03:41:16,114.81,50.05
2026-08-24T03:41:17,114.96,50.2
2026-08-24T03:41:18,114.32,49.58
2026-08-24T03:41:19,114.4,49.65
2026-08-24T03:41:20,114.63,49.88
2026-08-24T03:41:21,114.23,49.49
2026-08-24T03:41:22,115.19,50.43
2026-08-24T03:41:23,115.47,50.71
2026-08-24T03:41:24,114.52,49.77
2026-08-24T03:41:25,114.17,49.42
2026-08-24T03:41:26,113.72,48.98
2026-08-24T03:41:27,114.81,50.05
2026-08-24T03:41:28,114.58,49.83
2026-08-24T03:41:29,115.3,50.54
2026-08-24T03:41:30,114.29,49.54
2026-08-24T03:41:31,114.26,49.51
2026-08-24T03:41:32,114.43,49.68
2026-08-24T03:41:33,114.69,49.94
2026-08-24T03:41:34,114.54,49.79
2026-08-24T03:41:35,114.6,49.85
2026-08-24T03:41:36,114.26,49.52
2026-08-24T03:41:37,114.68,49.92
2026-08-24T03:41:38,114.29,49.54
2026-08-24T03:41:39,114.28,49.54
2026-08-24T03:41:40,113.83,49.09
2026-08-24T03:41:41,113.93,49.19
2026-08-24T03:41:42,114.25,49.51
2026-08-24T03:41:43,114.18,49.43
2026-08-24T03:41:44,114.07,49.33
2026-08-24T03:41:45,114.56,49.81
2026-08-24T03:41:46,114.16,49.41
2026-08-24T03:41:47,114.22,49.48
2026-08-24T03:41:48,114.14,49.39
2026-08-24T03:41:49,114.45,49.7
2026-08-24T03:41:50,114.23,49.48
2026-08-24T03:41:51,114.09,49.35
2026-08-24T03:41:52,114.41,49.66
2026-08-24T03:41:53,114.06,49.31
2026-08-24T03:41:54,114.14,49.39
2026-08-24T03:41:55,114.08,49.34
2026-08-24T03:41:56,114.39,49.64
2026-08-24T03:41:57,114.0,49.26
2026-08-24T03:41:58,113.99,49.24
2026-08-24T03:41:59,114.66,49.9
2026-08-24T03:42:00,114.19,49.44
2026-08-24T03:42:01,114.14,49.4
2026-08-24T03:42:02,114.53,49.78
2026-08-24T03:42:03,114.52,49.77
2026-08-24T03:42:04,113.95,49.21
2026-08-24T03:42:05,114.39,49.64
2026-08-24T03:42:06,114.38,49.63
2026-08-24T03:42:07,114.23,49.48
2026-08-24T03:42:08,114.2,49.45
2026-08-24T03:42:09,114.01,49.26
2026-08-24T03:42:10,114.35,49.61
2026-08-24T03:42:11,114.29,49.54
2026-08-24T03:42:12,114.42,49.67
2026-08-24T03:42:13,114.78,50.02
2026-08-24T03:42:14,114.5,49.75
2026-08-24T03:42:15,114.54,49.79
2026-08-24T03:42:16,114.19,49.45
2026-08-24T03:42:17,114.64,49.89
2026-08-24T03:42:18,114.87,50.11
2026-08-24T03:42:19,114.95,50.2
2026-08-24T03:42:20,114.88,50.12
2026-08-24T03:42:21,115.32,50.56
2026-08-24T03:42:22,116.17,51.39
2026-08-24T03:42:23,115.73,50.96
2026-08-24T03:42:24,116.44,51.66
2026-08-24T03:42:25,117.89,53.1
2026-08-24T03:42:26,119.17,54.35
2026-08-24T03:42:27,120.75,55.91
2026-08-24T03:42:28,122.52,57.66
2026-08-24T03:42:29,123.72,58.84
2026-08-24T03:42:30,124.36,59.47
2026-08-24T03:42:31,125.37,60.47
2026-08-24T03:42:32,125.6,60.7
2026-08-24T03:42:33,125.98,61.06
2026-08-24T03:42:34,124.19,59.3
2026-08-24T03:42:35,122.78,57.92
2026-08-24T03:42:36,121.01,56.17
2026-08-24T03:42:37,119.75,54.93
2026-08-24T03:42:38,117.95,53.15
2026-08-24T03:42:39,117.6,52.8
2026-08-24T03:42:40,116.58,51.8
2026-08-24T03:42:41,116.36,51.58
2026-08-24T03:42:42,116.04,51.26
2026-08-24T03:42:43,115.23,50.47
2026-08-24T03:42:44,115.12,50.36
2026-08-24T03:42:45,115.39,50.63
2026-08-24T03:42:46,114.86,50.1
2026-08-24T03:42:47,114.99,50.23
2026-08-24T03:42:48,114.98,50.22
2026-08-24T03:42:49,114.71,49.96
2026-08-24T03:42:50,114.51,49.76
2026-08-24T03:42:51,114.67,49.92
2026-08-24T03:42:52,114.35,49.6
2026-08-24T03:42:53,115.01,50.25
2026-08-24T03:42:54,114.8,50.05
2026-08-24T03:42:55,113.96,49.22
2026-08-24T03:42:56,113.85,49.1
2026-08-24T03:42:57,114.0,49.26
2026-08-24T03:42:58,114.56,49.81
2026-08-24T03:42:59,113.98,49.24
2026-08-24T03:43:00,114.16,49.41
2026-08-24T03:43:01,114.42,49.68
2026-08-24T03:43:02,114.04,49.3
2026-08-24T03:43:03,114.25,49.51
2026-08-24T03:43:04,114.04,49.3
2026-08-24T03:43:05,114.13,49.38
2026-08-24T03:43:06,114.26,49.51
2026-08-24T03:43:07,113.95,49.2
2026-08-24T03:43:08,114.38,49.63
2026-08-24T03:43:09,114.12,49.37
2026-08-24T03:43:10,113.67,48.93
2026-08-24T03:43:11,113.79,49.05
2026-08-24T03:43:12,113.49,48.76
2026-08-24T03:43:13,113.87,49.12
2026-08-24T03:43:14,113.87,49.12
2026-08-24T03:43:15,113.71,48.97
2026-08-24T03:43:16,114.11,49.36
2026-08-24T03:43:17,114.06,49.31
2026-08-24T03:43:18,113.81,49.07
2026-08-24T03:43:19,113.34,48.6
2026-08-24T03:43:20,114.56,49.81
2026-08-24T03:43:21,113.98,49.24
2026-08-24T03:43:22,113.56,48.82
2026-08-24T03:43:23,113.25,48.52
2026-08-24T03:43:24,113.22,48.49
2026-08-24T03:43:25,112.97,48.24
2026-08-24T03:43:26,113.19,48.45
2026-08-24T03:43:27,113.57,48.83
2026-08-24T03:43:28,113.99,49.24
2026-08-24T03:43:29,113.41,48.68
2026-08-24T03:43:30,113.89,49.14
2026-08-24T03:43:31,113.4,48.66
2026-08-24T03:43:32,113.98,49.23
2026-08-24T03:43:33,114.16,49.42
2026-08-24T03:43:34,113.08,48.35
2026-08-24T03:43:35,113.9,49.16
2026-08-24T03:43:36,113.47,48.73
2026-08-24T03:43:37,113.75,49.01
2026-08-24T03:43:38,114.58,49.83
2026-08-24T03:43:39,113.2,48.47
2026-08-24T03:43:40,113.25,48.52
2026-08-24T03:43:41,113.32,48.58
2026-08-24T03:43:42,113.74,49.0
2026-08-24T03:43:43,113.36,48.63
2026-08-24T03:43:44,113.29,48.55
2026-08-24T03:43:45,113.15,48.42
2026-08-24T03:43:46,113.36,48.62
2026-08-24T03:43:47,113.58,48.84
2026-08-24T03:43:48,113.02,48.29
2026-08-24T03:43:49,113.52,48.78
2026-08-24T03:43:50,113.92,49.18
2026-08-24T03:43:51,113.55,48.82
2026-08-24T03:43:52,113.83,49.09
2026-08-24T03:43:53,113.52,48.78
2026-08-24T03:43:54,113.21,48.48
2026-08-24T03:43:55,112.99,48.26
2026-08-24T03:43:56,114.18,49.44
2026-08-24T03:43:57,113.58,48.85
2026-08-24T03:43:58,114.01,49.27
2026-08-24T03:43:59,113.37,48.64
2026-08-24T03:44:00,113.67,48.93
2026-08-24T03:44:01,114.11,49.37
2026-08-24T03:44:02,113.84,49.1
2026-08-24T03:44:03,113.24,48.51
2026-08-24T03:44:04,113.4,48.66
2026-08-24T03:44:05,113.23,48.5
2026-08-24T03:44:06,113.12,48.39
2026-08-24T03:44:07,113.41,48.67
2026-08-24T03:44:08,113.35,48.62
2026-08-24T03:44:09,113.58,48.85
2026-08-24T03:44:10,113.63,48.89
2026-08-24T03:44:11,113.62,48.88
2026-08-24T03:44:12,113.67,48.93
2026-08-24T03:44:13,113.59,48.85
2026-08-24T03:44:14,113.48,48.74
2026-08-24T03:44:15,113.56,48.83
2026-08-24T03:44:16,113.18,48.45
2026-08-24T03:44:17,113.28,48.55
2026-08-24T03:44:18,113.48,48.74
2026-08-24T03:44:19,114.05,49.3
2026-08-24T03:44:20,114.25,49.5
2026-08-24T03:44:21,113.35,48.62
2026-08-24T03:44:22,114.15,49.41
2026-08-24T03:44:23,113.88,49.14
2026-08-24T03:44:24,113.46,48.72
2026-08-24T03:44:25,113.72,48.98
2026-08-24T03:44:26,112.87,48.14
2026-08-24T03:44:27,113.82,49.08
2026-08-24T03:44:28,113.69,48.95
2026-08-24T03:44:29,113.57,48.83
2026-08-24T03:44:30,113.5,48.77
2026-08-24T03:44:31,113.63,48.89
2026-08-24T03:44:32,113.24,48.51
2026-08-24T03:44:33,113.71,48.97
2026-08-24T03:44:34,113.69,48.95
2026-08-24T03:44:35,113.41,48.67
2026-08-24T03:44:36,113.74,49.0
2026-08-24T03:44:37,113.71,48.97
2026-08-24T03:44:38,113.28,48.55
2026-08-24T03:44:39,113.44,48.7
2026-08-24T03:44:40,114.08,49.33
2026-08-24T03:44:41,114.4,49.65
2026-08-24T03:44:42,114.0,49.25
2026-08-24T03:44:43,113.64,48.9
2026-08-24T03:44:44,113.45,48.72
2026-08-24T03:44:45,113.23,48.49
2026-08-24T03:44:46,113.67,48.94
2026-08-24T03:44:47,113.18,48.45
2026-08-24T03:44:48,113.74,49.0
2026-08-24T03:44:49,113.88,49.14
2026-08-24T03:44:50,113.81,49.07
2026-08-24T03:44:51,114.17,49.43
2026-08-24T03:44:52,114.11,49.37
2026-08-24T03:44:53,114.04,49.3
2026-08-24T03:44:54,113.66,48.92
2026-08-24T03:44:55,114.06,49.32
2026-08-24T03:44:56,113.68,48.94
2026-08-24T03:44:57,114.05,49.3
2026-08-24T03:44:58,113.83,49.09
2026-08-24T03:44:59,113.82,49.08
2026-08-24T03:45:00,113.82,49.08
2026-08-24T03:45:01,114.27,49.52
2026-08-24T03:45:02,113.52,48.78
2026-08-24T03:45:03,113.76,49.02
2026-08-24T03:45:04,113.76,49.02
2026-08-24T03:45:05,114.41,49.66
2026-08-24T03:45:06,114.46,49.71
2026-08-24T03:45:07,115.19,50.43
2026-08-24T03:45:08,115.88,51.11
2026-08-24T03:45:09,117.42,52.62
2026-08-24T03:45:10,119.93,55.1
2026-08-24T03:45:11,121.2,56.35
2026-08-24T03:45:12,122.21,57.35
2026-08-24T03:45:13,123.56,58.68
2026-08-24T03:45:14,124.17,59.29
2026-08-24T03:45:15,124.06,59.18
2026-08-24T03:45:16,121.88,57.02
2026-08-24T03:45:17,119.15,54.33
2026-08-24T03:45:18,117.85,53.05
2026-08-24T03:45:19,116.97,52.19
2026-08-24T03:45:20,116.64,51.86
2026-08-24T03:45:21,115.85,51.08
2026-08-24T03:45:22,115.29,50.53
2026-08-24T03:45:23,114.87,50.11
2026-08-24T03:45:24,114.73,49.98
2026-08-24T03:45:25,115.05,50.29
2026-08-24T03:45:26,114.52,49.77
2026-08-24T03:45:27,115.02,50.26
2026-08-24T03:45:28,114.31,49.56
2026-08-24T03:45:29,114.02,49.28
2026-08-24T03:45:30,113.67,48.93
2026-08-24T03:45:31,113.78,49.04
2026-08-24T03:45:32,113.39,48.65
2026-08-24T03:45:33,113.9,49.16
2026-08-24T03:45:34,113.58,48.84
2026-08-24T03:45:35,113.61,48.87
2026-08-24T03:45:36,113.75,49.01
2026-08-24T03:45:37,113.04,48.31
2026-08-24T03:45:38,113.89,49.15
2026-08-24T03:45:39,113.76,49.02
2026-08-24T03:45:40,113.66,48.92
2026-08-24T03:45:41,114.48,49.73
2026-08-24T03:45:42,113.43,48.69
2026-08-24T03:45:43,114.02,49.28
2026-08-24T03:45:44,114.01,49.26
2026-08-24T03:45:45,113.7,48.96
2026-08-24T03:45:46,114.01,49.27
2026-08-24T03:45:47,113.16,48.43
2026-08-24T03:45:48,113.51,48.77
2026-08-24T03:45:49,113.57,48.83
2026-08-24T03:45:50,113.54,48.8
2026-08-24T03:45:51,113.72,48.98
2026-08-24T03:45:52,113.34,48.61
2026-08-24T03:45:53,113.13,48.4
2026-08-24T03:45:54,113.82,49.08
2026-08-24T03:45:55,113.07,48.34
2026-08-24T03:45:56,113.9,49.16
2026-08-24T03:45:57,113.36,48.63
2026-08-24T03:45:58,113.12,48.38
2026-08-24T03:45:59,113.2,48.47
2026-08-24T03:46:00,113.5,48.76
2026-08-24T03:46:01,114.26,49.51
2026-08-24T03:46:02,113.74,49.0
2026-08-24T03:46:03,114.02,49.28
2026-08-24T03:46:04,113.09,48.36
2026-08-24T03:46:05,113.34,48.6
2026-08-24T03:46:06,113.69,48.95
2026-08-24T03:46:07,113.81,49.07
2026-08-24T03:46:08,113.28,48.55
2026-08-24T03:46:09,113.76,49.02
2026-08-24T03:46:10,113.09,48.36
2026-08-24T03:46:11,113.7,48.96
2026-08-24T03:46:12,113.89,49.15
2026-08-24T03:46:13,113.81,49.06
2026-08-24T03:46:14,113.26,48.53
2026-08-24T03:46:15,114.41,49.66
2026-08-24T03:46:16,113.64,48.9
2026-08-24T03:46:17,113.94,49.19
2026-08-24T03:46:18,114.19,49.44
2026-08-24T03:46:19,113.85,49.11
2026-08-24T03:46:20,113.7,48.96
2026-08-24T03:46:21,113.64,48.9
2026-08-24T03:46:22,113.33,48.59
2026-08-24T03:46:23,113.4,48.66
2026-08-24T03:46:24,113.39,48.66
2026-08-24T03:46:25,113.76,49.02
2026-08-24T03:46:26,113.67,48.94
2026-08-24T03:46:27,113.21,48.48
2026-08-24T03:46:28,113.07,48.34
2026-08-24T03:46:29,113.38,48.65
2026-08-24T03:46:30,114.04,49.3
2026-08-24T03:46:31,112.85,48.12
2026-08-24T03:46:32,113.18,48.45
2026-08-24T03:46:33,113.92,49.18
2026-08-24T03:46:34,114.12,49.37
2026-08-24T03:46:35,113.93,49.19
2026-08-24T03:46:36,114.08,49.33
2026-08-24T03:46:37,113.65,48.91
2026-08-24T03:46:38,114.15,49.4
2026-08-24T03:46:39,113.44,48.7
2026-08-24T03:46:40,113.63,48.89
2026-08-24T03:46:41,113.36,48.63
2026-08-24T03:46:42,114.08,49.34
2026-08-24T03:46:43,114.17,49.43
2026-08-24T03:46:44,114.58,49.82
2026-08-24T03:46:45,114.17,49.42
2026-08-24T03:46:46,113.38,48.64
2026-08-24T03:46:47,114.36,49.61
2026-08-24T03:46:48,114.51,49.76
2026-08-24T03:46:49,113.58,48.85
2026-08-24T03:46:50,113.94,49.2
2026-08-24T03:46:51,113.93,49.19
2026-08-24T03:46:52,114.16,49.41
2026-08-24T03:46:53,113.72,48.98
2026-08-24T03:46:54,114.39,49.64
2026-08-24T03:46:55,114.19,49.44
2026-08-24T03:46:56,114.17,49.43
2026-08-24T03:46:57,114.29,49.54
2026-08-24T03:46:58,114.51,49.76
2026-08-24T03:46:59,115.21,50.45
2026-08-24T03:47:00,116.59,51.81
2026-08-24T03:47:01,118.22,53.42
2026-08-24T03:47:02,121.59,56.74
2026-08-24T03:47:03,123.6,58.72
2026-08-24T03:47:04,125.91,61.0
2026-08-24T03:47:05,126.25,61.34
2026-08-24T03:47:06,126.72,61.8
2026-08-24T03:47:07,126.65,61.73
2026-08-24T03:47:08,124.14,59.25
2026-08-24T03:47:09,121.91,57.06
2026-08-24T03:47:10,120.5,55.67
2026-08-24T03:47:11,119.29,54.47
2026-08-24T03:47:12,117.03,52.25
2026-08-24T03:47:13,115.78,51.02
2026-08-24T03:47:14,115.8,51.03
2026-08-24T03:47:15,115.56,50.8
2026-08-24T03:47:16,116.04,51.27
2026-08-24T03:47:17,115.57,50.8
2026-08-24T03:47:18,115.15,50.39
2026-08-24T03:47:19,114.33,49.58
2026-08-24T03:47:20,114.05,49.3
2026-08-24T03:47:21,113.53,48.79
2026-08-24T03:47:22,113.2,48.46
2026-08-24T03:47:23,113.52,48.79
2026-08-24T03:47:24,113.38,48.65
2026-08-24T03:47:25,114.41,49.66
2026-08-24T03:47:26,114.39,49.64
2026-08-24T03:47:27,114.49,49.74
2026-08-24T03:47:28,114.16,49.42
2026-08-24T03:47:29,113.99,49.25
2026-08-24T03:47:30,114.34,49.59
2026-08-24T03:47:31,115.01,50.25
2026-08-24T03:47:32,116.85,52.07
2026-08-24T03:47:33,116.85,52.07
2026-08-24T03:47:34,116.2,51.43
2026-08-24T03:47:35,113.65,48.92
2026-08-24T03:47:36,113.9,49.16
2026-08-24T03:47:37,113.26,48.53
2026-08-24T03:47:38,113.58,48.84
2026-08-24T03:47:39,113.68,48.94
2026-08-24T03:47:40,114.15,49.4
2026-08-24T03:47:41,113.9,49.16
2026-08-24T03:47:42,113.41,48.67
2026-08-24T03:47:43,113.46,48.72
2026-08-24T03:47:44,113.76,49.02
2026-08-24T03:47:45,113.32,48.59
2026-08-24T03:47:46,114.13,49.39
2026-08-24T03:47:47,113.91,49.17
2026-08-24T03:47:48,113.55,48.81
2026-08-24T03:47:49,113.85,49.11
2026-08-24T03:47:50,112.9,48.17
2026-08-24T03:47:51,113.74,49.0
2026-08-24T03:47:52,113.85,49.11
2026-08-24T03:47:53,114.12,49.38
2026-08-24T03:47:54,113.45,48.72
2026-08-24T03:47:55,113.25,48.52
2026-08-24T03:47:56,114.19,49.44
2026-08-24T03:47:57,113.9,49.15
2026-08-24T03:47:58,113.64,48.91
2026-08-24T03:47:59,113.32,48.59
2026-08-24T03:48:00,113.73,48.99
2026-08-24T03:48:01,113.41,48.68
2026-08-24T03:48:02,113.12,48.39
2026-08-24T03:48:03,113.57,48.83
2026-08-24T03:48:04,113.94,49.2
2026-08-24T03:48:05,113.89,49.14
2026-08-24T03:48:06,114.01,49.27
2026-08-24T03:48:07,113.55,48.81
2026-08-24T03:48:08,113.45,48.72
2026-08-24T03:48:09,113.68,48.94
2026-08-24T03:48:10,114.25,49.5
2026-08-24T03:48:11,113.66,48.92
2026-08-24T03:48:12,113.19,48.46
2026-08-24T03:48:13,113.77,49.03
2026-08-24T03:48:14,113.37,48.63
2026-08-24T03:48:15,113.52,48.78
2026-08-24T03:48:16,113.6,48.86
2026-08-24T03:48:17,113.41,48.68
2026-08-24T03:48:18,114.02,49.27
2026-08-24T03:48:19,113.75,49.01
2026-08-24T03:48:20,113.55,48.81
2026-08-24T03:48:21,113.21,48.48
2026-08-24T03:48:22,114.19,49.44
2026-08-24T03:48:23,114.04,49.29
2026-08-24T03:48:24,114.01,49.26
2026-08-24T03:48:25,113.01,48.28
2026-08-24T03:48:26,113.74,49.0
2026-08-24T03:48:27,113.14,48.41
2026-08-24T03:48:28,113.92,49.18
2026-08-24T03:48:29,113.69,48.95
2026-08-24T03:48:30,114.09,49.35
2026-08-24T03:48:31,114.16,49.41
2026-08-24T03:48:32,113.34,48.61
2026-08-24T03:48:33,114.02,49.27
2026-08-24T03:48:34,113.09,48.35
2026-08-24T03:48:35,113.22,48.49
2026-08-24T03:48:36,113.25,48.52
2026-08-24T03:48:37,113.86,49.11
2026-08-24T03:48:38,113.62,48.88
2026-08-24T03:48:39,113.38,48.64
2026-08-24T03:48:40,113.95,49.21
2026-08-24T03:48:41,113.71,48.97
2026-08-24T03:48:42,113.85,49.1
2026-08-24T03:48:43,113.27,48.53
2026-08-24T03:48:44,113.99,49.24
2026-08-24T03:48:45,113.79,49.05
2026-08-24T03:48:46,113.31,48.58
2026-08-24T03:48:47,114.45,49.7
2026-08-24T03:48:48,113.16,48.43
2026-08-24T03:48:49,113.07,48.33
2026-08-24T03:48:50,113.67,48.93
2026-08-24T03:48:51,113.55,48.81
2026-08-24T03:48:52,113.55,48.82
2026-08-24T03:48:53,113.46,48.72
2026-08-24T03:48:54,113.68,48.94
2026-08-24T03:48:55,113.93,49.19
2026-08-24T03:48:56,113.72,48.98
2026-08-24T03:48:57,113.89,49.15
2026-08-24T03:48:58,113.94,49.2
2026-08-24T03:48:59,113.56,48.83
2026-08-24T03:49:00,113.06,48.33
2026-08-24T03:49:01,113.24,48.5
2026-08-24T03:49:02,113.62,48.88
2026-08-24T03:49:03,113.17,48.44
2026-08-24T03:49:04,113.47,48.74
2026-08-24T03:49:05,114.13,49.38
2026-08-24T03:49:06,113.5,48.77
2026-08-24T03:49:07,113.91,49.16
2026-08-24T03:49:08,113.05,48.32
2026-08-24T03:49:09,113.47,48.73
2026-08-24T03:49:10,114.54,49.79
2026-08-24T03:49:11,113.51,48.77
2026-08-24T03:49:12,113.71,48.97
2026-08-24T03:49:13,113.44,48.71
2026-08-24T03:49:14,114.19,49.45
2026-08-24T03:49:15,113.53,48.8
2026-08-24T03:49:16,113.26,48.52
2026-08-24T03:49:17,113.4,48.66
2026-08-24T03:49:18,113.6,48.86
2026-08-24T03:49:19,113.55,48.81
2026-08-24T03:49:20,113.16,48.43
2026-08-24T03:49:21,113.36,48.63
2026-08-24T03:49:22,113.2,48.46
2026-08-24T03:49:23,113.61,48.87
2026-08-24T03:49:24,113.69,48.95
2026-08-24T03:49:25,113.16,48.43
2026-08-24T03:49:26,114.09,49.34
2026-08-24T03:49:27,113.5,48.76
2026-08-24T03:49:28,113.29,48.55
2026-08-24T03:49:29,113.15,48.42
2026-08-24T03:49:30,113.77,49.03
2026-08-24T03:49:31,113.37,48.63
2026-08-24T03:49:32,114.15,49.4
2026-08-24T03:49:33,113.47,48.74
2026-08-24T03:49:34,113.5,48.76
2026-08-24T03:49:35,114.1,49.35
2026-08-24T03:49:36,113.84,49.09
2026-08-24T03:49:37,114.48,49.73
2026-08-24T03:49:38,113.17,48.44
2026-08-24T03:49:39,113.46,48.72
2026-08-24T03:49:40,113.51,48.78
2026-08-24T03:49:41,113.31,48.57
2026-08-24T03:49:42,113.97,49.23
2026-08-24T03:49:43,113.6,48.86
2026-08-24T03:49:44,113.16,48.43
2026-08-24T03:49:45,113.68,48.94
2026-08-24T03:49:46,113.8,49.06
2026-08-24T03:49:47,113.98,49.24
2026-08-24T03:49:48,113.38,48.64
2026-08-24T03:49:49,113.97,49.22
2026-08-24T03:49:50,113.61,48.87
2026-08-24T03:49:51,113.68,48.95
2026-08-24T03:49:52,113.31,48.58
2026-08-24T03:49:53,113.84,49.1
2026-08-24T03:49:54,113.43,48.7
2026-08-24T03:49:55,113.61,48.87
2026-08-24T03:49:56,113.55,48.81
2026-08-24T03:49:57,113.97,49.22
2026-08-24T03:49:58,113.19,48.46
2026-08-24T03:49:59,114.22,49.48
2026-08-24T03:50:00,113.93,49.19
2026-08-24T03:50:01,113.95,49.21
2026-08-24T03:50:02,113.61,48.87
2026-08-24T03:50:03,114.09,49.34
2026-08-24T03:50:04,113.12,48.39
2026-08-24T03:50:05,113.66,48.92
2026-08-24T03:50:06,114.32,49.58
2026-08-24T03:50:07,113.3,48.57
2026-08-24T03:50:08,114.03,49.29
2026-08-24T03:50:09,113.54,48.8
2026-08-24T03:50:10,114.05,49.31
2026-08-24T03:50:11,113.61,48.88
2026-08-24T03:50:12,113.5,48.77
2026-08-24T03:50:13,113.44,48.7
2026-08-24T03:50:14,113.84,49.1
2026-08-24T03:50:15,113.72,48.98
2026-08-24T03:50:16,113.23,48.5
2026-08-24T03:50:17,113.23,48.5
2026-08-24T03:50:18,114.3,49.56
2026-08-24T03:50:19,114.13,49.39
2026-08-24T03:50:20,113.34,48.61
2026-08-24T03:50:21,113.18,48.45
2026-08-24T03:50:22,113.59,48.85
2026-08-24T03:50:23,113.47,48.73
2026-08-24T03:50:24,113.45,48.71
2026-08-24T03:50:25,113.52,48.78
2026-08-24T03:50:26,113.44,48.71
2026-08-24T03:50:27,113.54,48.8
2026-08-24T03:50:28,113.37,48.64
2026-08-24T03:50:29,113.52,48.78
2026-08-24T03:50:30,113.49,48.75
2026-08-24T03:50:31,113.83,49.09
2026-08-24T03:50:32,113.21,48.48
2026-08-24T03:50:33,113.62,48.88
2026-08-24T03:50:34,114.36,49.61
2026-08-24T03:50:35,113.87,49.12
2026-08-24T03:50:36,114.18,49.44
2026-08-24T03:50:37,113.22,48.49
2026-08-24T03:50:38,113.54,48.8
2026-08-24T03:50:39,115.64,50.88
2026-08-24T03:50:40,113.67,48.93
2026-08-24T03:50:41,113.51,48.78
2026-08-24T03:50:42,113.58,48.84
2026-08-24T03:50:43,113.94,49.19
2026-08-24T03:50:44,113.51,48.78
2026-08-24T03:50:45,113.45,48.72
2026-08-24T03:50:46,114.11,49.36
2026-08-24T03:50:47,113.87,49.13
2026-08-24T03:50:48,114.28,49.53
2026-08-24T03:50:49,114.31,49.56
2026-08-24T03:50:50,114.38,49.63
2026-08-24T03:50:51,114.2,49.45
2026-08-24T03:50:52,114.98,50.22
2026-08-24T03:50:53,114.62,49.87
2026-08-24T03:50:54,114.04,49.3
2026-08-24T03:50:55,114.38,49.63
2026-08-24T03:50:56,115.74,50.98
2026-08-24T03:50:57,115.22,50.46
2026-08-24T03:50:58,114.96,50.2
2026-08-24T03:50:59,114.12,49.37
2026-08-24T03:51:00,114.57,49.82
2026-08-24T03:51:01,114.04,49.29
2026-08-24T03:51:02,114.07,49.33
2026-08-24T03:51:03,114.1,49.36
2026-08-24T03:51:04,114.81,50.06
2026-08-24T03:51:05,114.41,49.66
2026-08-24T03:51:06,114.47,49.72
2026-08-24T03:51:07,114.71,49.95
2026-08-24T03:51:08,113.63,48.89
2026-08-24T03:51:09,114.01,49.27
2026-08-24T03:51:10,113.98,49.23
2026-08-24T03:51:11,113.81,49.07
2026-08-24T03:51:12,114.13,49.38
2026-08-24T03:51:13,113.6,48.87
2026-08-24T03:51:14,114.19,49.44
2026-08-24T03:51:15,113.89,49.15
2026-08-24T03:51:16,114.03,49.29
2026-08-24T03:51:17,113.45,48.71
2026-08-24T03:51:18,113.64,48.9
2026-08-24T03:51:19,113.82,49.08
2026-08-24T03:51:20,114.25,49.5
2026-08-24T03:51:21,114.11,49.36
2026-08-24T03:51:22,114.02,49.28
2026-08-24T03:51:23,114.14,49.39
2026-08-24T03:51:24,113.63,48.89
2026-08-24T03:51:25,113.96,49.22
2026-08-24T03:51:26,113.99,49.24
2026-08-24T03:51:27,114.54,49.78
2026-08-24T03:51:28,114.05,49.3
2026-08-24T03:51:29,114.22,49.47
2026-08-24T03:51:30,113.19,48.46
2026-08-24T03:51:31,114.08,49.34
2026-08-24T03:51:32,113.92,49.18
2026-08-24T03:51:33,113.94,49.2
2026-08-24T03:51:34,113.73,48.99
2026-08-24T03:51:35,113.76,49.02
2026-08-24T03:51:36,113.16,48.43
2026-08-24T03:51:37,114.1,49.36
2026-08-24T03:51:38,113.38,48.65
2026-08-24T03:51:39,113.78,49.04
2026-08-24T03:51:40,113.83,49.09
2026-08-24T03:51:41,113.5,48.76
2026-08-24T03:51:42,113.92,49.18
2026-08-24T03:51:43,113.14,48.41
2026-08-24T03:51:44,113.6,48.86
2026-08-24T03:51:45,113.16,48.42
2026-08-24T03:51:46,113.49,48.76
2026-08-24T03:51:47,113.93,49.18
2026-08-24T03:51:48,113.74,49.0
2026-08-24T03:51:49,114.37,49.62
2026-08-24T03:51:50,114.06,49.32
2026-08-24T03:51:51,114.61,49.86
2026-08-24T03:51:52,115.14,50.38
2026-08-24T03:51:53,115.97,51.19
2026-08-24T03:51:54,115.92,51.15
2026-08-24T03:51:55,115.95,51.18
2026-08-24T03:51:56,115.4,50.64
2026-08-24T03:51:57,115.12,50.36
2026-08-24T03:51:58,114.24,49.5
2026-08-24T03:51:59,114.88,50.12
2026-08-24T03:52:00,113.77,49.03
2026-08-24T03:52:01,115.57,50.8
2026-08-24T03:52:02,114.8,50.05
2026-08-24T03:52:03,114.81,50.06
2026-08-24T03:52:04,114.12,49.38
2026-08-24T03:52:05,113.46,48.73
2026-08-24T03:52:06,114.14,49.39
2026-08-24T03:52:07,113.88,49.13
2026-08-24T03:52:08,113.53,48.79
2026-08-24T03:52:09,113.47,48.74
2026-08-24T03:52:10,113.54,48.81
2026-08-24T03:52:11,113.2,48.47
2026-08-24T03:52:12,113.95,49.2
2026-08-24T03:52:13,113.47,48.73
2026-08-24T03:52:14,113.43,48.69
2026-08-24T03:52:15,114.2,49.46
2026-08-24T03:52:16,113.42,48.69
2026-08-24T03:52:17,113.91,49.16
2026-08-24T03:52:18,113.88,49.14
2026-08-24T03:52:19,114.24,49.49
2026-08-24T03:52:20,113.86,49.12
2026-08-24T03:52:21,113.55,48.81
2026-08-24T03:52:22,114.11,49.37
2026-08-24T03:52:23,113.83,49.08
2026-08-24T03:52:24,113.45,48.71
2026-08-24T03:52:25,113.54,48.81
2026-08-24T03:52:26,113.76,49.02
2026-08-24T03:52:27,113.36,48.63
2026-08-24T03:52:28,114.19,49.44
2026-08-24T03:52:29,113.08,48.35
2026-08-24T03:52:30,113.81,49.07
2026-08-24T03:52:31,113.7,48.96
2026-08-24T03:52:32,114.03,49.28
2026-08-24T03:52:33,114.14,49.4
2026-08-24T03:52:34,113.66,48.92
2026-08-24T03:52:35,113.98,49.24
2026-08-24T03:52:36,113.58,48.84
2026-08-24T03:52:37,113.57,48.83
2026-08-24T03:52:38,113.51,48.77
2026-08-24T03:52:39,113.77,49.03
2026-08-24T03:52:40,114.91,50.15
2026-08-24T03:52:41,113.95,49.21
2026-08-24T03:52:42,113.32,48.58
2026-08-24T03:52:43,114.05,49.3
2026-08-24T03:52:44,113.65,48.91
2026-08-24T03:52:45,113.84,49.1
2026-08-24T03:52:46,114.04,49.29
2026-08-24T03:52:47,113.91,49.17
2026-08-24T03:52:48,114.29,49.54
2026-08-24T03:52:49,113.13,48.39
2026-08-24T03:52:50,113.59,48.85
2026-08-24T03:52:51,113.61,48.87
2026-08-24T03:52:52,113.68,48.94
2026-08-24T03:52:53,113.53,48.79
2026-08-24T03:52:54,113.52,48.78
2026-08-24T03:52:55,113.62,48.88
2026-08-24T03:52:56,113.7,48.96
2026-08-24T03:52:57,113.67,48.93
2026-08-24T03:52:58,113.93,49.19
2026-08-24T03:52:59,113.83,49.09
2026-08-24T03:53:00,114.04,49.3
2026-08-24T03:53:01,113.74,49.0
2026-08-24T03:53:02,113.7,48.96
2026-08-24T03:53:03,113.3,48.57
2026-08-24T03:53:04,113.38,48.64
2026-08-24T03:53:05,113.43,48.69
2026-08-24T03:53:06,113.05,48.32
2026-08-24T03:53:07,113.87,49.13
2026-08-24T03:53:08,114.03,49.29
2026-08-24T03:53:09,113.53,48.79
2026-08-24T03:53:10,113.69,48.95
2026-08-24T03:53:11,114.19,49.44
2026-08-24T03:53:12,113.84,49.1
2026-08-24T03:53:13,113.52,48.78
2026-08-24T03:53:14,113.74,49.0
2026-08-24T03:53:15,114.49,49.74
2026-08-24T03:53:16,114.0,49.25
2026-08-24T03:53:17,114.23,49.48
2026-08-24T03:53:18,113.43,48.69
2026-08-24T03:53:19,113.56,48.83
2026-08-24T03:53:20,113.93,49.18
2026-08-24T03:53:21,113.85,49.11
2026-08-24T03:53:22,113.95,49.21
2026-08-24T03:53:23,113.91,49.17
2026-08-24T03:53:24,114.11,49.37
2026-08-24T03:53:25,114.42,49.67
2026-08-24T03:53:26,113.1,48.37
2026-08-24T03:53:27,114.3,49.55
2026-08-24T03:53:28,114.29,49.54
2026-08-24T03:53:29,113.89,49.15
2026-08-24T03:53:30,114.18,49.43
2026-08-24T03:53:31,113.41,48.68
2026-08-24T03:53:32,113.79,49.05
2026-08-24T03:53:33,113.38,48.65
2026-08-24T03:53:34,113.75,49.01
2026-08-24T03:53:35,113.62,48.88
2026-08-24T03:53:36,113.68,48.94
2026-08-24T03:53:37,113.5,48.76
2026-08-24T03:53:38,113.48,48.74
2026-08-24T03:53:39,114.01,49.27
2026-08-24T03:53:40,113.31,48.58
2026-08-24T03:53:41,113.77,49.03
2026-08-24T03:53:42,113.51,48.77
2026-08-24T03:53:43,113.97,49.22
2026-08-24T03:53:44,113.38,48.64
2026-08-24T03:53:45,114.06,49.31
2026-08-24T03:53:46,113.9,49.16
2026-08-24T03:53:47,113.58,48.84
2026-08-24T03:53:48,113.45,48.71
2026-08-24T03:53:49,113.49,48.75
2026-08-24T03:53:50,114.33,49.58
2026-08-24T03:53:51,113.89,49.15
2026-08-24T03:53:52,113.41,48.67
2026-08-24T03:53:53,113.63,48.89
2026-08-24T03:53:54,113.87,49.12
2026-08-24T03:53:55,114.35,49.6
2026-08-24T03:53:56,113.82,49.08
2026-08-24T03:53:57,113.96,49.22
2026-08-24T03:53:58,113.83,49.09
2026-08-24T03:53:59,113.56,48.83
2026-08-24T03:54:00,113.62,48.88
2026-08-24T03:54:01,113.48,48.74
2026-08-24T03:54:02,113.66,48.92
2026-08-24T03:54:03,113.58,48.85
2026-08-24T03:54:04,112.95,48.22
2026-08-24T03:54:05,113.95,49.21
2026-08-24T03:54:06,113.64,48.9
2026-08-24T03:54:07,112.92,48.19
2026-08-24T03:54:08,113.54,48.8
2026-08-24T03:54:09,114.0,49.26
2026-08-24T03:54:10,113.37,48.64
2026-08-24T03:54:11,114.17,49.43
2026-08-24T03:54:12,113.95,49.21
2026-08-24T03:54:13,113.61,48.87
2026-08-24T03:54:14,114.06,49.31
2026-08-24T03:54:15,113.43,48.7
2026-08-24T03:54:16,113.77,49.03
2026-08-24T03:54:17,113.37,48.63
2026-08-24T03:54:18,113.46,48.73
2026-08-24T03:54:19,113.79,49.05
2026-08-24T03:54:20,113.98,49.23
2026-08-24T03:54:21,113.46,48.72
2026-08-24T03:54:22,113.43,48.7
2026-08-24T03:54:23,113.98,49.23
2026-08-24T03:54:24,113.29,48.56
2026-08-24T03:54:25,113.61,48.88
2026-08-24T03:54:26,114.04,49.3
2026-08-24T03:54:27,114.3,49.55
2026-08-24T03:54:28,114.94,50.18
2026-08-24T03:54:29,114.43,49.68
2026-08-24T03:54:30,114.14,49.39
2026-08-24T03:54:31,114.15,49.4
2026-08-24T03:54:32,114.32,49.57
2026-08-24T03:54:33,114.15,49.41
2026-08-24T03:54:34,113.63,48.89
2026-08-24T03:54:35,113.79,49.05
2026-08-24T03:54:36,113.16,48.43
2026-08-24T03:54:37,113.91,49.17
2026-08-24T03:54:38,113.91,49.17
2026-08-24T03:54:39,113.86,49.12
2026-08-24T03:54:40,114.19,49.44
2026-08-24T03:54:41,113.67,48.93
2026-08-24T03:54:42,113.89,49.15
2026-08-24T03:54:43,113.96,49.22
2026-08-24T03:54:44,114.07,49.32
2026-08-24T03:54:45,114.36,49.62
2026-08-24T03:54:46,115.34,50.58
2026-08-24T03:54:47,115.36,50.6
2026-08-24T03:54:48,115.35,50.59
2026-08-24T03:54:49,116.36,51.59
2026-08-24T03:54:50,116.6,51.81
2026-08-24T03:54:51,116.24,51.47
2026-08-24T03:54:52,116.06,51.29
2026-08-24T03:54:53,116.64,51.86
2026-08-24T03:54:54,115.94,51.17
2026-08-24T03:54:55,115.88,51.1
2026-08-24T03:54:56,114.58,49.83
2026-08-24T03:54:57,114.77,50.02
2026-08-24T03:54:58,114.85,50.09
2026-08-24T03:54:59,114.2,49.45
2026-08-24T03:55:00,113.91,49.17
2026-08-24T03:55:01,113.86,49.12
2026-08-24T03:55:02,114.24,49.49
2026-08-24T03:55:03,114.04,49.3
2026-08-24T03:55:04,113.94,49.2
2026-08-24T03:55:05,113.52,48.79
2026-08-24T03:55:06,113.7,48.96
2026-08-24T03:55:07,113.76,49.02
2026-08-24T03:55:08,113.74,49.0
2026-08-24T03:55:09,114.35,49.6
2026-08-24T03:55:10,114.16,49.41
2026-08-24T03:55:11,113.2,48.47
2026-08-24T03:55:12,113.65,48.91
2026-08-24T03:55:13,114.08,49.33
2026-08-24T03:55:14,113.89,49.15
2026-08-24T03:55:15,113.64,48.9
2026-08-24T03:55:16,113.29,48.56
2026-08-24T03:55:17,113.69,48.96
2026-08-24T03:55:18,114.32,49.57
2026-08-24T03:55:19,114.15,49.41
2026-08-24T03:55:20,113.73,48.99
2026-08-24T03:55:21,114.16,49.42
2026-08-24T03:55:22,113.7,48.96
2026-08-24T03:55:23,114.47,49.72
2026-08-24T03:55:24,113.94,49.2
2026-08-24T03:55:25,113.92,49.18
2026-08-24T03:55:26,113.69,48.95
2026-08-24T03:55:27,114.37,49.62
2026-08-24T03:55:28,113.79,49.05
2026-08-24T03:55:29,114.1,49.35
2026-08-24T03:55:30,113.93,49.19
2026-08-24T03:55:31,113.77,49.03
2026-08-24T03:55:32,114.34,49.6
2026-08-24T03:55:33,113.75,49.01
2026-08-24T03:55:34,113.75,49.01
2026-08-24T03:55:35,113.18,48.45
2026-08-24T03:55:36,113.92,49.17
2026-08-24T03:55:37,114.17,49.42
2026-08-24T03:55:38,113.73,48.99
2026-08-24T03:55:39,114.03,49.28
2026-08-24T03:55:40,113.42,48.69
2026-08-24T03:55:41,114.17,49.43
2026-08-24T03:55:42,113.91,49.17
2026-08-24T03:55:43,113.91,49.17
2026-08-24T03:55:44,114.23,49.49
2026-08-24T03:55:45,113.68,48.94
2026-08-24T03:55:46,114.37,49.62
2026-08-24T03:55:47,113.4,48.66
2026-08-24T03:55:48,113.34,48.61
2026-08-24T03:55:49,114.08,49.34
2026-08-24T03:55:50,113.92,49.18
2026-08-24T03:55:51,113.38,48.64
2026-08-24T03:55:52,113.69,48.95
2026-08-24T03:55:53,113.7,48.96
2026-08-24T03:55:54,113.82,49.08
2026-08-24T03:55:55,113.78,49.04
2026-08-24T03:55:56,113.7,48.96
2026-08-24T03:55:57,114.03,49.29
2026-08-24T03:55:58,113.52,48.79
2026-08-24T03:55:59,114.06,49.31
2026-08-24T03:56:00,113.81,49.07
2026-08-24T03:56:01,113.66,48.92
2026-08-24T03:56:02,113.36,48.62
2026-08-24T03:56:03,113.88,49.14
2026-08-24T03:56:04,113.46,48.73
2026-08-24T03:56:05,113.47,48.74
2026-08-24T03:56:06,114.21,49.46
2026-08-24T03:56:07,114.11,49.37
2026-08-24T03:56:08,113.59,48.85
2026-08-24T03:56:09,113.54,48.8
2026-08-24T03:56:10,113.5,48.76
2026-08-24T03:56:11,113.31,48.57
2026-08-24T03:56:12,113.72,48.98
2026-08-24T03:56:13,113.45,48.72
2026-08-24T03:56:14,113.94,49.19
2026-08-24T03:56:15,113.84,49.1
2026-08-24T03:56:16,113.58,48.84
2026-08-24T03:56:17,113.09,48.36
2026-08-24T03:56:18,114.03,49.28
2026-08-24T03:56:19,113.62,48.89
2026-08-24T03:56:20,114.16,49.41
2026-08-24T03:56:21,114.02,49.28
2026-08-24T03:56:22,113.7,48.96
2026-08-24T03:56:23,113.72,48.98
2026-08-24T03:56:24,114.13,49.39
2026-08-24T03:56:25,113.72,48.98
2026-08-24T03:56:26,114.16,49.41
2026-08-24T03:56:27,113.96,49.22
2026-08-24T03:56:28,114.05,49.3
2026-08-24T03:56:29,113.7,48.96
2026-08-24T03:56:30,114.22,49.47
2026-08-24T03:56:31,114.25,49.51
2026-08-24T03:56:32,113.79,49.05
2026-08-24T03:56:33,113.82,49.07
2026-08-24T03:56:34,113.9,49.16
2026-08-24T03:56:35,113.67,48.93
2026-08-24T03:56:36,114.01,49.27
2026-08-24T03:56:37,113.81,49.07
2026-08-24T03:56:38,114.12,49.38
2026-08-24T03:56:39,113.86,49.12
2026-08-24T03:56:40,113.8,49.06
2026-08-24T03:56:41,113.84,49.1
2026-08-24T03:56:42,113.63,48.89
2026-08-24T03:56:43,113.52,48.79
2026-08-24T03:56:44,114.08,49.34
2026-08-24T03:56:45,113.76,49.02
2026-08-24T03:56:46,113.69,48.95
2026-08-24T03:56:47,113.9,49.15
2026-08-24T03:56:48,113.5,48.76
2026-08-24T03:56:49,113.51,48.77
2026-08-24T03:56:50,113.52,48.78
2026-08-24T03:56:51,114.3,49.55
2026-08-24T03:56:52,113.68,48.94
2026-08-24T03:56:53,113.65,48.91
2026-08-24T03:56:54,114.0,49.26
2026-08-24T03:56:55,114.79,50.03
2026-08-24T03:56:56,114.69,49.94
2026-08-24T03:56:57,115.17,50.41
2026-08-24T03:56:58,115.29,50.53
2026-08-24T03:56:59,117.72,52.92
2026-08-24T03:57:00,119.68,54.86
2026-08-24T03:57:01,121.34,56.49
2026-08-24T03:57:02,123.28,58.41
2026-08-24T03:57:03,124.0,59.11
2026-08-24T03:57:04,124.13,59.25
2026-08-24T03:57:05,124.06,59.17
2026-08-24T03:57:06,122.22,57.36
2026-08-24T03:57:07,119.16,54.34
2026-08-24T03:57:08,118.25,53.45
2026-08-24T03:57:09,117.18,52.39
2026-08-24T03:57:10,116.57,51.79
2026-08-24T03:57:11,115.82,51.05
2026-08-24T03:57:12,116.1,51.32
2026-08-24T03:57:13,115.27,50.51
2026-08-24T03:57:14,115.18,50.42
2026-08-24T03:57:15,114.81,50.05
2026-08-24T03:57:16,115.16,50.4
2026-08-24T03:57:17,114.93,50.18
2026-08-24T03:57:18,114.35,49.61
2026-08-24T03:57:19,113.5,48.76
2026-08-24T03:57:20,113.91,49.17
2026-08-24T03:57:21,114.08,49.33
2026-08-24T03:57:22,115.09,50.34
2026-08-24T03:57:23,115.56,50.79
2026-08-24T03:57:24,116.23,51.45
2026-08-24T03:57:25,115.47,50.7
2026-08-24T03:57:26,115.6,50.83
2026-08-24T03:57:27,115.63,50.86
2026-08-24T03:57:28,115.55,50.79
2026-08-24T03:57:29,114.84,50.09
2026-08-24T03:57:30,114.71,49.95
2026-08-24T03:57:31,115.4,50.64
2026-08-24T03:57:32,114.95,50.19
2026-08-24T03:57:33,114.17,49.42
2026-08-24T03:57:34,114.92,50.17
2026-08-24T03:57:35,114.66,49.9
2026-08-24T03:57:36,114.26,49.51
2026-08-24T03:57:37,114.33,49.58
2026-08-24T03:57:38,114.48,49.73
2026-08-24T03:57:39,114.09,49.35
2026-08-24T03:57:40,113.4,48.66
2026-08-24T03:57:41,114.1,49.35
2026-08-24T03:57:42,113.88,49.14
2026-08-24T03:57:43,114.18,49.43
2026-08-24T03:57:44,114.35,49.6
2026-08-24T03:57:45,114.38,49.63
2026-08-24T03:57:46,113.6,48.86
2026-08-24T03:57:47,113.67,48.93
2026-08-24T03:57:48,113.43,48.69
2026-08-24T03:57:49,113.48,48.74
2026-08-24T03:57:50,114.27,49.52
2026-08-24T03:57:51,113.0,48.27
2026-08-24T03:57:52,113.3,48.56
2026-08-24T03:57:53,113.6,48.87
2026-08-24T03:57:54,114.34,49.59
2026-08-24T03:57:55,114.28,49.53
2026-08-24T03:57:56,114.03,49.29
2026-08-24T03:57:57,113.62,48.88
2026-08-24T03:57:58,113.54,48.8
2026-08-24T03:57:59,113.71,48.97
2026-08-24T03:58:00,113.64,48.91
2026-08-24T03:58:01,113.32,48.59
2026-08-24T03:58:02,113.91,49.16
2026-08-24T03:58:03,113.98,49.24
2026-08-24T03:58:04,113.87,49.13
2026-08-24T03:58:05,114.01,49.26
2026-08-24T03:58:06,114.13,49.39
2026-08-24T03:58:07,113.7,48.96
2026-08-24T03:58:08,113.86,49.11
2026-08-24T03:58:09,113.87,49.13
2026-08-24T03:58:10,113.8,49.06
2026-08-24T03:58:11,113.76,49.02
2026-08-24T03:58:12,113.96,49.21
2026-08-24T03:58:13,114.1,49.35
2026-08-24T03:58:14,113.88,49.14
2026-08-24T03:58:15,113.99,49.25
2026-08-24T03:58:16,113.53,48.8
2026-08-24T03:58:17,113.76,49.02
2026-08-24T03:58:18,113.39,48.66
2026-08-24T03:58:19,113.92,49.18
2026-08-24T03:58:20,113.86,49.12
2026-08-24T03:58:21,113.39,48.66
2026-08-24T03:58:22,114.38,49.63
2026-08-24T03:58:23,113.54,48.8
2026-08-24T03:58:24,113.75,49.01
2026-08-24T03:58:25,113.78,49.04
2026-08-24T03:58:26,113.43,48.7
2026-08-24T03:58:27,113.26,48.53
2026-08-24T03:58:28,113.98,49.23
2026-08-24T03:58:29,113.96,49.22
2026-08-24T03:58:30,113.92,49.18
2026-08-24T03:58:31,113.54,48.8
2026-08-24T03:58:32,113.63,48.89
2026-08-24T03:58:33,114.03,49.29
2026-08-24T03:58:34,113.6,48.86
2026-08-24T03:58:35,113.64,48.9
2026-08-24T03:58:36,113.77,49.03
2026-08-24T03:58:37,113.6,48.86
2026-08-24T03:58:38,114.16,49.42
2026-08-24T03:58:39,114.67,49.92
2026-08-24T03:58:40,114.28,49.53
2026-08-24T03:58:41,114.39,49.64
2026-08-24T03:58:42,114.84,50.08
2026-08-24T03:58:43,115.02,50.26
2026-08-24T03:58:44,113.89,49.15
2026-08-24T03:58:45,114.62,49.86
2026-08-24T03:58:46,114.49,49.74
2026-08-24T03:58:47,114.68,49.92
2026-08-24T03:58:48,113.89,49.15
2026-08-24T03:58:49,114.22,49.48
2026-08-24T03:58:50,113.77,49.03
2026-08-24T03:58:51,113.93,49.19
2026-08-24T03:58:52,113.97,49.22
2026-08-24T03:58:53,114.05,49.3
2026-08-24T03:58:54,113.74,49.0
2026-08-24T03:58:55,113.69,48.96
2026-08-24T03:58:56,113.73,48.99
2026-08-24T03:58:57,113.8,49.06
2026-08-24T03:58:58,114.05,49.3
2026-08-24T03:58:59,113.83,49.09
2026-08-24T03:59:00,113.77,49.03
2026-08-24T03:59:01,113.88,49.14
2026-08-24T03:59:02,113.94,49.2
2026-08-24T03:59:03,114.42,49.67
2026-08-24T03:59:04,113.37,48.63
2026-08-24T03:59:05,114.27,49.52
2026-08-24T03:59:06,113.29,48.56
2026-08-24T03:59:07,113.64,48.9
2026-08-24T03:59:08,113.81,49.07
2026-08-24T03:59:09,113.19,48.46
2026-08-24T03:59:10,114.03,49.28
2026-08-24T03:59:11,113.59,48.85
2026-08-24T03:59:12,113.17,48.44
2026-08-24T03:59:13,113.5,48.77
2026-08-24T03:59:14,113.42,48.68
2026-08-24T03:59:15,114.3,49.55
2026-08-24T03:59:16,114.21,49.46
2026-08-24T03:59:17,113.33,48.59
2026-08-24T03:59:18,114.02,49.27
2026-08-24T03:59:19,113.51,48.78
2026-08-24T03:59:20,114.11,49.36
2026-08-24T03:59:21,113.88,49.14
2026-08-24T03:59:22,113.76,49.02
2026-08-24T03:59:23,113.92,49.18
2026-08-24T03:59:24,113.64,48.9
2026-08-24T03:59:25,114.3,49.55
2026-08-24T03:59:26,113.94,49.19
2026-08-24T03:59:27,113.99,49.24
2026-08-24T03:59:28,114.18,49.44
2026-08-24T03:59:29,114.21,49.46
2026-08-24T03:59:30,114.4,49.65
2026-08-24T03:59:31,113.75,49.01
2026-08-24T03:59:32,113.53,48.79
2026-08-24T03:59:33,114.23,49.48
2026-08-24T03:59:34,113.64,48.9
2026-08-24T03:59:35,113.92,49.18
2026-08-24T03:59:36,114.18,49.43
2026-08-24T03:59:37,113.91,49.16
2026-08-24T03:59:38,114.97,50.22
2026-08-24T03:59:39,115.82,51.05
2026-08-24T03:59:40,116.48,51.7
2026-08-24T03:59:41,118.15,53.34
2026-08-24T03:59:42,121.08,56.23
2026-08-24T03:59:43,122.92,58.05
2026-08-24T03:59:44,124.32,59.43
2026-08-24T03:59:45,126.01,61.1
2026-08-24T03:59:46,126.89,61.97
2026-08-24T03:59:47,127.13,62.2
2026-08-24T03:59:48,126.12,61.2
2026-08-24T03:59:49,123.98,59.1
2026-08-24T03:59:50,121.99,57.13
2026-08-24T03:59:51,120.53,55.7
2026-08-24T03:59:52,119.16,54.35
2026-08-24T03:59:53,118.55,53.74
2026-08-24T03:59:54,118.61,53.8
2026-08-24T03:59:55,120.06,55.23
2026-08-24T03:59:56,121.48,56.63
2026-08-24T03:59:57,122.92,58.05
2026-08-24T03:59:58,123.96,59.07
2026-08-24T03:59:59,125.06,60.16
2026-08-24T04:00:00,124.63,59.73
2026-08-24T04:00:01,124.57,59.68
2026-08-24T04:00:02,122.72,57.85
2026-08-24T04:00:03,119.84,55.01
2026-08-24T04:00:04,118.75,53.94
2026-08-24T04:00:05,117.55,52.76
2026-08-24T04:00:06,117.01,52.23
2026-08-24T04:00:07,116.08,51.3
2026-08-24T04:00:08,116.56,51.78
2026-08-24T04:00:09,115.48,50.71
2026-08-24T04:00:10,115.37,50.61
2026-08-24T04:00:11,114.69,49.94
2026-08-24T04:00:12,114.21,49.46
2026-08-24T04:00:13,114.38,49.63
2026-08-24T04:00:14,114.42,49.67
2026-08-24T04:00:15,114.16,49.41
2026-08-24T04:00:16,114.41,49.66
2026-08-24T04:00:17,114.36,49.61
2026-08-24T04:00:18,114.19,49.44
2026-08-24T04:00:19,113.73,48.99
2026-08-24T04:00:20,114.22,49.48
2026-08-24T04:00:21,114.28,49.53
2026-08-24T04:00:22,114.76,50.01
2026-08-24T04:00:23,114.91,50.16
2026-08-24T04:00:24,115.85,51.08
2026-08-24T04:00:25,116.36,51.59
2026-08-24T04:00:26,117.31,52.52
2026-08-24T04:00:27,120.91,56.07
2026-08-24T04:00:28,124.74,59.84
2026-08-24T04:00:29,126.59,61.67
2026-08-24T04:00:30,126.96,62.03
2026-08-24T04:00:31,127.76,62.82
2026-08-24T04:00:32,125.58,60.67
2026-08-24T04:00:33,121.35,56.51
2026-08-24T04:00:34,119.64,54.82
2026-08-24T04:00:35,118.7,53.89
2026-08-24T04:00:36,117.75,52.96
2026-08-24T04:00:37,117.19,52.4
2026-08-24T04:00:38,116.62,51.84
2026-08-24T04:00:39,116.14,51.37
2026-08-24T04:00:40,115.79,51.02
2026-08-24T04:00:41,114.54,49.79
2026-08-24T04:00:42,114.6,49.85
2026-08-24T04:00:43,114.53,49.77
2026-08-24T04:00:44,114.4,49.65
2026-08-24T04:00:45,113.76,49.02
2026-08-24T04:00:46,113.52,48.78
2026-08-24T04:00:47,113.84,49.1
2026-08-24T04:00:48,113.98,49.24
2026-08-24T04:00:49,113.82,49.08
2026-08-24T04:00:50,114.53,49.78
2026-08-24T04:00:51,113.7,48.96
2026-08-24T04:00:52,113.44,48.7
2026-08-24T04:00:53,113.42,48.69
2026-08-24T04:00:54,113.81,49.07
2026-08-24T04:00:55,113.44,48.71
2026-08-24T04:00:56,113.67,48.93
2026-08-24T04:00:57,113.63,48.89
2026-08-24T04:00:58,113.21,48.48
2026-08-24T04:00:59,113.82,49.08
2026-08-24T04:01:00,114.63,49.88
2026-08-24T04:01:01,114.14,49.39
2026-08-24T04:01:02,113.54,48.8
2026-08-24T04:01:03,113.58,48.84
2026-08-24T04:01:04,114.06,49.32
2026-08-24T04:01:05,113.61,48.87
2026-08-24T04:01:06,114.05,49.31
2026-08-24T04:01:07,113.99,49.25
2026-08-24T04:01:08,113.73,48.99
2026-08-24T04:01:09,113.34,48.6
2026-08-24T04:01:10,113.48,48.75
2026-08-24T04:01:11,113.74,49.0
2026-08-24T04:01:12,113.38,48.65
2026-08-24T04:01:13,113.66,48.92
2026-08-24T04:01:14,114.32,49.57
2026-08-24T04:01:15,113.51,48.77
2026-08-24T04:01:16,113.43,48.69
2026-08-24T04:01:17,113.72,48.98
2026-08-24T04:01:18,113.71,48.97
2026-08-24T04:01:19,113.93,49.18
2026-08-24T04:01:20,113.79,49.05
2026-08-24T04:01:21,114.54,49.78
2026-08-24T04:01:22,114.35,49.6
2026-08-24T04:01:23,114.57,49.82
2026-08-24T04:01:24,114.98,50.22
2026-08-24T04:01:25,115.47,50.71
2026-08-24T04:01:26,116.04,51.26
2026-08-24T04:01:27,117.73,52.93
2026-08-24T04:01:28,119.55,54.73
2026-08-24T04:01:29,122.78,57.92
2026-08-24T04:01:30,125.02,60.12
2026-08-24T04:01:31,128.2,63.25
2026-08-24T04:01:32,127.96,63.02
2026-08-24T04:01:33,123.77,58.89
2026-08-24T04:01:34,120.36,55.53
2026-08-24T04:01:35,117.33,52.54
2026-08-24T04:01:36,115.92,51.15
2026-08-24T04:01:37,114.22,49.47
2026-08-24T04:01:38,114.22,49.47
2026-08-24T04:01:39,114.52,49.77
2026-08-24T04:01:40,114.38,49.63
2026-08-24T04:01:41,113.6,48.86
2026-08-24T04:01:42,113.87,49.13
2026-08-24T04:01:43,113.83,49.09
2026-08-24T04:01:44,115.72,50.96
2026-08-24T04:01:45,114.96,50.2
2026-08-24T04:01:46,115.81,51.05
2026-08-24T04:01:47,113.94,49.2
2026-08-24T04:01:48,113.72,48.98
2026-08-24T04:01:49,113.96,49.22
2026-08-24T04:01:50,113.83,49.09
2026-08-24T04:01:51,113.5,48.76
2026-08-24T04:01:52,114.2,49.45
2026-08-24T04:01:53,114.23,49.48
2026-08-24T04:01:54,114.03,49.29
2026-08-24T04:01:55,113.87,49.13
2026-08-24T04:01:56,113.99,49.24
2026-08-24T04:01:57,113.52,48.78
2026-08-24T04:01:58,114.33,49.58
2026-08-24T04:01:59,114.12,49.38
2026-08-24T04:02:00,114.32,49.57
2026-08-24T04:02:01,114.07,49.32
2026-08-24T04:02:02,113.79,49.05
2026-08-24T04:02:03,113.67,48.93
2026-08-24T04:02:04,113.57,48.84
2026-08-24T04:02:05,113.77,49.03
2026-08-24T04:02:06,114.02,49.27
2026-08-24T04:02:07,113.31,48.58
2026-08-24T04:02:08,113.81,49.07
2026-08-24T04:02:09,113.54,48.8
2026-08-24T04:02:10,113.31,48.57
2026-08-24T04:02:11,113.7,48.96
2026-08-24T04:02:12,113.98,49.24
2026-08-24T04:02:13,114.0,49.26
2026-08-24T04:02:14,114.02,49.28
2026-08-24T04:02:15,114.26,49.51
2026-08-24T04:02:16,114.13,49.39
2026-08-24T04:02:17,113.63,48.89
2026-08-24T04:02:18,113.87,49.12
2026-08-24T04:02:19,113.19,48.45
2026-08-24T04:02:20,113.36,48.62
2026-08-24T04:02:21,113.52,48.78
2026-08-24T04:02:22,114.65,49.9
2026-08-24T04:02:23,113.6,48.86
2026-08-24T04:02:24,113.54,48.8
2026-08-24T04:02:25,113.55,48.82
2026-08-24T04:02:26,113.81,49.07
2026-08-24T04:02:27,113.45,48.71
2026-08-24T04:02:28,113.71,48.97
2026-08-24T04:02:29,113.7,48.96
2026-08-24T04:02:30,113.84,49.1
2026-08-24T04:02:31,113.29,48.55
2026-08-24T04:02:32,114.02,49.28
2026-08-24T04:02:33,113.28,48.55
2026-08-24T04:02:34,113.61,48.87
2026-08-24T04:02:35,113.83,49.09
2026-08-24T04:02:36,113.31,48.58
2026-08-24T04:02:37,114.06,49.32
2026-08-24T04:02:38,113.88,49.14
2026-08-24T04:02:39,113.33,48.59
2026-08-24T04:02:40,113.45,48.71
2026-08-24T04:02:41,113.73,48.99
2026-08-24T04:02:42,113.82,49.08
2026-08-24T04:02:43,113.77,49.03
2026-08-24T04:02:44,113.56,48.82
2026-08-24T04:02:45,114.24,49.49
2026-08-24T04:02:46,113.86,49.12
2026-08-24T04:02:47,113.94,49.2
2026-08-24T04:02:48,113.82,49.08
2026-08-24T04:02:49,113.33,48.6
2026-08-24T04:02:50,113.67,48.93
2026-08-24T04:02:51,113.38,48.64
2026-08-24T04:02:52,114.23,49.48
2026-08-24T04:02:53,113.25,48.52
2026-08-24T04:02:54,113.4,48.67
2026-08-24T04:02:55,113.87,49.13
2026-08-24T04:02:56,113.06,48.33
2026-08-24T04:02:57,113.86,49.11
2026-08-24T04:02:58,113.8,49.06
2026-08-24T04:02:59,113.41,48.67
2026-08-24T04:03:00,113.91,49.17
2026-08-24T04:03:01,113.29,48.56
2026-08-24T04:03:02,114.08,49.34
2026-08-24T04:03:03,112.96,48.23
2026-08-24T04:03:04,113.82,49.08
2026-08-24T04:03:05,113.84,49.1
2026-08-24T04:03:06,113.33,48.6
2026-08-24T04:03:07,114.24,49.5
2026-08-24T04:03:08,113.13,48.39
2026-08-24T04:03:09,113.5,48.76
2026-08-24T04:03:10,113.62,48.88
2026-08-24T04:03:11,113.79,49.05
2026-08-24T04:03:12,113.77,49.03
2026-08-24T04:03:13,113.63,48.9
2026-08-24T04:03:14,113.44,48.71
2026-08-24T04:03:15,113.63,48.89
2026-08-24T04:03:16,113.62,48.88
2026-08-24T04:03:17,113.54,48.81
2026-08-24T04:03:18,113.65,48.91
2026-08-24T04:03:19,113.87,49.13
2026-08-24T04:03:20,113.25,48.52
2026-08-24T04:03:21,113.86,49.12
2026-08-24T04:03:22,113.41,48.68
2026-08-24T04:03:23,113.29,48.56
2026-08-24T04:03:24,113.4,48.66
2026-08-24T04:03:25,113.87,49.13
2026-08-24T04:03:26,113.87,49.12
2026-08-24T04:03:27,113.61,48.87
2026-08-24T04:03:28,114.39,49.64
2026-08-24T04:03:29,113.79,49.05
2026-08-24T04:03:30,112.88,48.15
2026-08-24T04:03:31,113.21,48.48
2026-08-24T04:03:32,113.42,48.68
2026-08-24T04:03:33,113.76,49.02
2026-08-24T04:03:34,113.78,49.04
2026-08-24T04:03:35,113.9,49.16
2026-08-24T04:03:36,113.53,48.8
2026-08-24T04:03:37,113.4,48.67
2026-08-24T04:03:38,113.52,48.78
2026-08-24T04:03:39,112.96,48.23
2026-08-24T04:03:40,113.59,48.86
2026-08-24T04:03:41,113.8,49.06
2026-08-24T04:03:42,113.31,48.58
2026-08-24T04:03:43,113.6,48.86
2026-08-24T04:03:44,113.84,49.1
2026-08-24T04:03:45,113.38,48.65
2026-08-24T04:03:46,113.61,48.87
2026-08-24T04:03:47,113.68,48.94
2026-08-24T04:03:48,113.81,49.07
2026-08-24T04:03:49,113.58,48.84
2026-08-24T04:03:50,113.54,48.8
2026-08-24T04:03:51,113.79,49.05
2026-08-24T04:03:52,113.43,48.7
2026-08-24T04:03:53,113.6,48.86
2026-08-24T04:03:54,114.13,49.39
2026-08-24T04:03:55,113.64,48.9
2026-08-24T04:03:56,113.51,48.77
2026-08-24T04:03:57,113.75,49.01
2026-08-24T04:03:58,113.3,48.56
2026-08-24T04:03:59,113.19,48.45
2026-08-24T04:04:00,113.87,49.13
2026-08-24T04:04:01,113.82,49.08
2026-08-24T04:04:02,113.95,49.21
2026-08-24T04:04:03,113.09,48.36
2026-08-24T04:04:04,114.19,49.44
2026-08-24T04:04:05,113.43,48.7
2026-08-24T04:04:06,113.91,49.16
2026-08-24T04:04:07,113.47,48.73
2026-08-24T04:04:08,113.28,48.54
2026-08-24T04:04:09,113.53,48.8
2026-08-24T04:04:10,113.57,48.83
2026-08-24T04:04:11,113.55,48.82
2026-08-24T04:04:12,113.67,48.93
2026-08-24T04:04:13,113.41,48.67
2026-08-24T04:04:14,113.59,48.86
2026-08-24T04:04:15,113.9,49.16
2026-08-24T04:04:16,114.26,49.52
2026-08-24T04:04:17,113.31,48.58
2026-08-24T04:04:18,113.47,48.73
2026-08-24T04:04:19,113.6,48.86
2026-08-24T04:04:20,113.42,48.69
2026-08-24T04:04:21,113.68,48.94
2026-08-24T04:04:22,113.47,48.74
2026-08-24T04:04:23,114.24,49.49
2026-08-24T04:04:24,113.51,48.78
2026-08-24T04:04:25,113.77,49.03
2026-08-24T04:04:26,114.17,49.42
2026-08-24T04:04:27,112.79,48.06
2026-08-24T04:04:28,114.06,49.32
2026-08-24T04:04:29,114.29,49.55
2026-08-24T04:04:30,113.67,48.93
2026-08-24T04:04:31,113.59,48.85
2026-08-24T04:04:32,113.98,49.24
2026-08-24T04:04:33,113.46,48.73
2026-08-24T04:04:34,113.61,48.87
2026-08-24T04:04:35,113.51,48.78
2026-08-24T04:04:36,113.59,48.85
2026-08-24T04:04:37,113.55,48.81
2026-08-24T04:04:38,114.31,49.57
2026-08-24T04:04:39,113.41,48.67
2026-08-24T04:04:40,113.36,48.63
2026-08-24T04:04:41,113.41,48.67
2026-08-24T04:04:42,114.09,49.34
2026-08-24T04:04:43,113.94,49.19
2026-08-24T04:04:44,113.43,48.7
2026-08-24T04:04:45,113.27,48.54
2026-08-24T04:04:46,113.57,48.83
2026-08-24T04:04:47,113.51,48.77
2026-08-24T04:04:48,113.68,48.94
2026-08-24T04:04:49,113.49,48.75
2026-08-24T04:04:50,113.58,48.84
2026-08-24T04:04:51,113.59,48.85
2026-08-24T04:04:52,113.45,48.72
2026-08-24T04:04:53,114.37,49.62
2026-08-24T04:04:54,113.79,49.05
2026-08-24T04:04:55,114.11,49.36
2026-08-24T04:04:56,114.29,49.54
2026-08-24T04:04:57,113.53,48.79
2026-08-24T04:04:58,114.08,49.34
2026-08-24T04:04:59,114.07,49.33
2026-08-24T04:05:00,114.18,49.44
2026-08-24T04:05:01,114.21,49.46
2026-08-24T04:05:02,114.87,50.12
2026-08-24T04:05:03,115.01,50.25
2026-08-24T04:05:04,115.5,50.73
2026-08-24T04:05:05,117.33,52.54
2026-08-24T04:05:06,119.9,55.07
2026-08-24T04:05:07,122.71,57.84
2026-08-24T04:05:08,123.51,58.64
2026-08-24T04:05:09,124.61,59.71
2026-08-24T04:05:10,125.58,60.67
2026-08-24T04:05:11,125.64,60.74
2026-08-24T04:05:12,124.89,60.0
2026-08-24T04:05:13,123.31,58.44
2026-08-24T04:05:14,120.38,55.54
2026-08-24T04:05:15,119.05,54.23
2026-08-24T04:05:16,117.55,52.76
2026-08-24T04:05:17,117.61,52.81
2026-08-24T04:05:18,116.98,52.19
2026-08-24T04:05:19,118.22,53.41
2026-08-24T04:05:20,120.25,55.41
2026-08-24T04:05:21,122.34,57.48
2026-08-24T04:05:22,123.17,58.29
2026-08-24T04:05:23,123.57,58.69
2026-08-24T04:05:24,124.16,59.27
2026-08-24T04:05:25,122.9,58.03
2026-08-24T04:05:26,120.17,55.34
2026-08-24T04:05:27,118.11,53.31
2026-08-24T04:05:28,116.97,52.19
2026-08-24T04:05:29,116.33,51.56
2026-08-24T04:05:30,115.69,50.92
2026-08-24T04:05:31,115.64,50.88
2026-08-24T04:05:32,114.86,50.11
2026-08-24T04:05:33,114.74,49.98
2026-08-24T04:05:34,114.49,49.74
2026-08-24T04:05:35,114.66,49.91
2026-08-24T04:05:36,113.73,48.99
2026-08-24T04:05:37,113.64,48.9
2026-08-24T04:05:38,113.85,49.1
2026-08-24T04:05:39,113.9,49.15
2026-08-24T04:05:40,113.6,48.86
2026-08-24T04:05:41,114.18,49.43
2026-08-24T04:05:42,113.97,49.22
2026-08-24T04:05:43,113.96,49.22
2026-08-24T04:05:44,113.95,49.2
2026-08-24T04:05:45,113.5,48.77
2026-08-24T04:05:46,114.53,49.78
2026-08-24T04:05:47,113.8,49.05
2026-08-24T04:05:48,113.74,49.0
2026-08-24T04:05:49,113.42,48.69
2026-08-24T04:05:50,114.54,49.78
2026-08-24T04:05:51,113.79,49.05
2026-08-24T04:05:52,113.84,49.09
2026-08-24T04:05:53,113.73,48.99
2026-08-24T04:05:54,113.84,49.1
2026-08-24T04:05:55,113.32,48.59
2026-08-24T04:05:56,113.91,49.17
2026-08-24T04:05:57,113.87,49.13
2026-08-24T04:05:58,114.11,49.37
2026-08-24T04:05:59,114.01,49.27
2026-08-24T04:06:00,114.25,49.5
2026-08-24T04:06:01,114.35,49.6
2026-08-24T04:06:02,113.9,49.15
2026-08-24T04:06:03,114.33,49.58
2026-08-24T04:06:04,113.76,49.02
2026-08-24T04:06:05,113.81,49.07
2026-08-24T04:06:06,113.24,48.51
2026-08-24T04:06:07,113.88,49.14
2026-08-24T04:06:08,113.83,49.09
2026-08-24T04:06:09,113.66,48.92
2026-08-24T04:06:10,113.58,48.84
2026-08-24T04:06:11,113.6,48.87
2026-08-24T04:06:12,113.91,49.17
2026-08-24T04:06:13,113.66,48.92
2026-08-24T04:06:14,113.99,49.25
2026-08-24T04:06:15,114.24,49.5
2026-08-24T04:06:16,113.81,49.07
2026-08-24T04:06:17,113.82,49.08
2026-08-24T04:06:18,113.74,49.0
2026-08-24T04:06:19,114.34,49.59
2026-08-24T04:06:20,114.34,49.59
2026-08-24T04:06:21,113.92,49.18
2026-08-24T04:06:22,113.66,48.92
2026-08-24T04:06:23,113.07,48.34
2026-08-24T04:06:24,113.99,49.24
2026-08-24T04:06:25,113.51,48.77
2026-08-24T04:06:26,113.71,48.97
2026-08-24T04:06:27,113.92,49.18
2026-08-24T04:06:28,113.41,48.68
2026-08-24T04:06:29,113.33,48.6
2026-08-24T04:06:30,113.85,49.1
2026-08-24T04:06:31,114.04,49.3
2026-08-24T04:06:32,114.27,49.53
2026-08-24T04:06:33,113.76,49.02
2026-08-24T04:06:34,113.74,49.0
2026-08-24T04:06:35,114.34,49.6
2026-08-24T04:06:36,113.8,49.06
2026-08-24T04:06:37,113.91,49.17
2026-08-24T04:06:38,114.06,49.31
2026-08-24T04:06:39,113.64,48.9
2026-08-24T04:06:40,113.6,48.86
2026-08-24T04:06:41,113.4,48.67
2026-08-24T04:06:42,113.82,49.08
2026-08-24T04:06:43,113.42,48.68
2026-08-24T04:06:44,113.43,48.69
2026-08-24T04:06:45,114.11,49.36
2026-08-24T04:06:46,113.98,49.24
2026-08-24T04:06:47,113.67,48.93
2026-08-24T04:06:48,113.92,49.18
2026-08-24T04:06:49,113.54,48.81
2026-08-24T04:06:50,113.52,48.78
2026-08-24T04:06:51,113.6,48.86
2026-08-24T04:06:52,113.56,48.82
2026-08-24T04:06:53,114.12,49.38
2026-08-24T04:06:54,114.57,49.81
2026-08-24T04:06:55,113.9,49.16
2026-08-24T04:06:56,113.56,48.82
2026-08-24T04:06:57,113.56,48.82
2026-08-24T04:06:58,113.66,48.92
2026-08-24T04:06:59,113.96,49.21
2026-08-24T04:07:00,113.76,49.02
2026-08-24T04:07:01,114.27,49.52
2026-08-24T04:07:02,113.9,49.16
2026-08-24T04:07:03,113.58,48.85
2026-08-24T04:07:04,113.66,48.93
2026-08-24T04:07:05,113.82,49.08
2026-08-24T04:07:06,114.04,49.29
2026-08-24T04:07:07,114.02,49.28
2026-08-24T04:07:08,114.02,49.27
2026-08-24T04:07:09,113.97,49.22
2026-08-24T04:07:10,114.31,49.56
2026-08-24T04:07:11,115.03,50.27
2026-08-24T04:07:12,115.43,50.67
2026-08-24T04:07:13,116.36,51.58
2026-08-24T04:07:14,117.84,53.04
2026-08-24T04:07:15,120.41,55.57
2026-08-24T04:07:16,122.48,57.62
2026-08-24T04:07:17,123.51,58.63
2026-08-24T04:07:18,126.5,61.58
2026-08-24T04:07:19,129.65,64.68
2026-08-24T04:07:20,128.24,63.29
2026-08-24T04:07:21,125.25,60.35
2026-08-24T04:07:22,122.29,57.43
2026-08-24T04:07:23,120.7,55.86
2026-08-24T04:07:24,118.72,53.91
2026-08-24T04:07:25,117.33,52.54
2026-08-24T04:07:26,117.21,52.42
2026-08-24T04:07:27,116.21,51.43
2026-08-24T04:07:28,115.77,51.0
2026-08-24T04:07:29,115.02,50.26
2026-08-24T04:07:30,117.66,52.87
2026-08-24T04:07:31,114.32,49.57
2026-08-24T04:07:32,114.23,49.48
2026-08-24T04:07:33,114.2,49.45
2026-08-24T04:07:34,113.86,49.12
2026-08-24T04:07:35,114.29,49.55
2026-08-24T04:07:36,114.41,49.66
2026-08-24T04:07:37,114.07,49.32
2026-08-24T04:07:38,114.36,49.61
2026-08-24T04:07:39,113.96,49.22
2026-08-24T04:07:40,113.64,48.9
2026-08-24T04:07:41,113.62,48.88
2026-08-24T04:07:42,114.11,49.36
2026-08-24T04:07:43,114.1,49.36
2026-08-24T04:07:44,114.02,49.28
2026-08-24T04:07:45,113.89,49.15
2026-08-24T04:07:46,114.13,49.38
2026-08-24T04:07:47,114.15,49.41
2026-08-24T04:07:48,114.36,49.62
2026-08-24T04:07:49,113.89,49.15
2026-08-24T04:07:50,113.6,48.86
2026-08-24T04:07:51,114.17,49.43
2026-08-24T04:07:52,114.3,49.55
2026-08-24T04:07:53,114.31,49.56
2026-08-24T04:07:54,114.58,49.83
2026-08-24T04:07:55,115.97,51.2
2026-08-24T04:07:56,117.01,52.22
2026-08-24T04:07:57,118.54,53.73
2026-08-24T04:07:58,122.55,57.69
2026-08-24T04:07:59,125.0,60.1
2026-08-24T04:08:00,127.79,62.85
2026-08-24T04:08:01,128.18,63.24
2026-08-24T04:08:02,127.81,62.87
2026-08-24T04:08:03,123.93,59.04
2026-08-24T04:08:04,120.7,55.86
2026-08-24T04:08:05,118.34,53.53
2026-08-24T04:08:06,117.7,52.9
2026-08-24T04:08:07,116.89,52.11
2026-08-24T04:08:08,116.42,51.64
2026-08-24T04:08:09,115.01,50.26
2026-08-24T04:08:10,114.69,49.93
2026-08-24T04:08:11,114.83,50.08
2026-08-24T04:08:12,114.07,49.32
2026-08-24T04:08:13,113.88,49.14
2026-08-24T04:08:14,114.2,49.46
2026-08-24T04:08:15,113.84,49.1
2026-08-24T04:08:16,114.21,49.46
2026-08-24T04:08:17,113.61,48.87
2026-08-24T04:08:18,114.19,49.45
2026-08-24T04:08:19,113.78,49.04
2026-08-24T04:08:20,114.14,49.39
2026-08-24T04:08:21,113.82,49.08
2026-08-24T04:08:22,113.71,48.97
2026-08-24T04:08:23,113.6,48.86
2026-08-24T04:08:24,113.61,48.88
2026-08-24T04:08:25,113.75,49.01
2026-08-24T04:08:26,113.77,49.03
2026-08-24T04:08:27,113.72,48.98
2026-08-24T04:08:28,114.1,49.35
2026-08-24T04:08:29,114.62,49.87
2026-08-24T04:08:30,113.88,49.14
2026-08-24T04:08:31,113.67,48.94
2026-08-24T04:08:32,113.28,48.55
2026-08-24T04:08:33,114.33,49.58
2026-08-24T04:08:34,114.11,49.36
2026-08-24T04:08:35,113.89,49.15
2026-08-24T04:08:36,113.71,48.97
2026-08-24T04:08:37,114.23,49.48
2026-08-24T04:08:38,113.45,48.71
2026-08-24T04:08:39,113.38,48.65
2026-08-24T04:08:40,112.82,48.09
2026-08-24T04:08:41,114.39,49.64
2026-08-24T04:08:42,113.81,49.07
2026-08-24T04:08:43,113.64,48.9
2026-08-24T04:08:44,113.34,48.61
2026-08-24T04:08:45,113.72,48.98
2026-08-24T04:08:46,113.46,48.72
2026-08-24T04:08:47,113.84,49.1
2026-08-24T04:08:48,113.33,48.6
2026-08-24T04:08:49,113.64,48.9
2026-08-24T04:08:50,113.34,48.61
2026-08-24T04:08:51,113.44,48.7
2026-08-24T04:08:52,114.03,49.29
2026-08-24T04:08:53,113.97,49.22
2026-08-24T04:08:54,113.67,48.93
2026-08-24T04:08:55,114.03,49.29
2026-08-24T04:08:56,114.03,49.28
2026-08-24T04:08:57,113.85,49.11
2026-08-24T04:08:58,113.38,48.65
2026-08-24T04:08:59,114.26,49.51
2026-08-24T04:09:00,114.36,49.61
2026-08-24T04:09:01,113.17,48.43
2026-08-24T04:09:02,113.48,48.74
2026-08-24T04:09:03,114.01,49.26
2026-08-24T04:09:04,113.73,48.99
2026-08-24T04:09:05,113.95,49.2
2026-08-24T04:09:06,113.39,48.65
2026-08-24T04:09:07,113.61,48.87
2026-08-24T04:09:08,113.7,48.96
2026-08-24T04:09:09,113.47,48.73
2026-08-24T04:09:10,113.43,48.69
2026-08-24T04:09:11,113.7,48.96
2026-08-24T04:09:12,113.97,49.22
2026-08-24T04:09:13,114.03,49.29
2026-08-24T04:09:14,113.61,48.87
2026-08-24T04:09:15,113.99,49.24
2026-08-24T04:09:16,113.33,48.6
2026-08-24T04:09:17,113.31,48.58
2026-08-24T04:09:18,114.09,49.35
2026-08-24T04:09:19,114.37,49.62
2026-08-24T04:09:20,113.9,49.15
2026-08-24T04:09:21,114.07,49.33
2026-08-24T04:09:22,114.23,49.49
2026-08-24T04:09:23,113.54,48.8
2026-08-24T04:09:24,114.18,49.43
2026-08-24T04:09:25,114.47,49.72
2026-08-24T04:09:26,113.79,49.05
2026-08-24T04:09:27,114.15,49.4
2026-08-24T04:09:28,113.56,48.83
2026-08-24T04:09:29,113.85,49.11
2026-08-24T04:09:30,113.42,48.68
2026-08-24T04:09:31,113.32,48.58
2026-08-24T04:09:32,113.1,48.37
2026-08-24T04:09:33,113.2,48.47
2026-08-24T04:09:34,113.59,48.85
2026-08-24T04:09:35,114.19,49.45
2026-08-24T04:09:36,113.45,48.72
2026-08-24T04:09:37,113.5,48.77
2026-08-24T04:09:38,113.93,49.19
2026-08-24T04:09:39,113.75,49.01
2026-08-24T04:09:40,113.77,49.03
2026-08-24T04:09:41,113.14,48.41
2026-08-24T04:09:42,113.58,48.84
2026-08-24T04:09:43,113.36,48.62
2026-08-24T04:09:44,113.19,48.46
2026-08-24T04:09:45,114.24,49.49
2026-08-24T04:09:46,113.16,48.43
2026-08-24T04:09:47,113.76,49.02
2026-08-24T04:09:48,113.79,49.05
2026-08-24T04:09:49,113.86,49.12
2026-08-24T04:09:50,113.55,48.81
2026-08-24T04:09:51,113.66,48.92
2026-08-24T04:09:52,113.95,49.2
2026-08-24T04:09:53,113.51,48.77
2026-08-24T04:09:54,114.47,49.72
2026-08-24T04:09:55,113.42,48.68
2026-08-24T04:09:56,113.11,48.38
2026-08-24T04:09:57,113.7,48.96
2026-08-24T04:09:58,113.38,48.64
2026-08-24T04:09:59,113.67,48.94
2026-08-24T04:10:00,113.4,48.67
2026-08-24T04:10:01,113.9,49.16
2026-08-24T04:10:02,113.39,48.65
2026-08-24T04:10:03,113.57,48.83
2026-08-24T04:10:04,113.88,49.14
2026-08-24T04:10:05,113.48,48.74
2026-08-24T04:10:06,113.76,49.02
2026-08-24T04:10:07,113.56,48.82
2026-08-24T04:10:08,113.7,48.96
2026-08-24T04:10:09,113.82,49.08
2026-08-24T04:10:10,114.26,49.51
2026-08-24T04:10:11,113.97,49.23
2026-08-24T04:10:12,114.12,49.37
2026-08-24T04:10:13,113.69,48.95
2026-08-24T04:10:14,113.49,48.75
2026-08-24T04:10:15,113.95,49.21
2026-08-24T04:10:16,114.06,49.32
2026-08-24T04:10:17,113.96,49.21
2026-08-24T04:10:18,113.85,49.11
2026-08-24T04:10:19,113.45,48.72
2026-08-24T04:10:20,113.54,48.81
2026-08-24T04:10:21,114.17,49.42
2026-08-24T04:10:22,113.21,48.47
2026-08-24T04:10:23,113.8,49.06
2026-08-24T04:10:24,113.65,48.91
2026-08-24T04:10:25,113.92,49.18
2026-08-24T04:10:26,113.87,49.13
2026-08-24T04:10:27,113.2,48.47
2026-08-24T04:10:28,113.9,49.16
2026-08-24T04:10:29,113.5,48.76
2026-08-24T04:10:30,114.07,49.32
2026-08-24T04:10:31,114.21,49.47
2026-08-24T04:10:32,113.52,48.79
2026-08-24T04:10:33,113.69,48.95
2026-08-24T04:10:34,114.38,49.63
2026-08-24T04:10:35,114.64,49.89
2026-08-24T04:10:36,114.21,49.46
2026-08-24T04:10:37,113.59,48.85
2026-08-24T04:10:38,113.82,49.08
2026-08-24T04:10:39,114.19,49.45
2026-08-24T04:10:40,113.86,49.12
2026-08-24T04:10:41,114.1,49.35
2026-08-24T04:10:42,113.44,48.71
2026-08-24T04:10:43,114.23,49.48
2026-08-24T04:10:44,113.34,48.6
2026-08-24T04:10:45,114.11,49.36
2026-08-24T04:10:46,113.61,48.87
2026-08-24T04:10:47,114.21,49.46
2026-08-24T04:10:48,113.28,48.55
2026-08-24T04:10:49,113.66,48.92
2026-08-24T04:10:50,114.06,49.32
2026-08-24T04:10:51,113.46,48.73
2026-08-24T04:10:52,119.25,54.44
2026-08-24T04:10:53,114.28,49.54
2026-08-24T04:10:54,114.27,49.52
2026-08-24T04:10:55,113.8,49.06
2026-08-24T04:10:56,114.38,49.63
2026-08-24T04:10:57,114.14,49.4
2026-08-24T04:10:58,114.55,49.8
2026-08-24T04:10:59,119.22,54.41
2026-08-24T04:11:00,114.63,49.88
2026-08-24T04:11:01,114.9,50.15
2026-08-24T04:11:02,113.75,49.01
2026-08-24T04:11:03,114.09,49.35
2026-08-24T04:11:04,113.75,49.01
2026-08-24T04:11:05,114.0,49.26
2026-08-24T04:11:06,113.57,48.83
2026-08-24T04:11:07,114.43,49.68
2026-08-24T04:11:08,114.95,50.2
2026-08-24T04:11:09,113.69,48.95
2026-08-24T04:11:10,115.26,50.5
2026-08-24T04:11:11,113.43,48.69
2026-08-24T04:11:12,113.79,49.05
2026-08-24T04:11:13,114.21,49.46
2026-08-24T04:11:14,113.49,48.75
2026-08-24T04:11:15,113.75,49.01
2026-08-24T04:11:16,113.95,49.2
2026-08-24T04:11:17,114.1,49.36
2026-08-24T04:11:18,114.36,49.62
2026-08-24T04:11:19,113.88,49.14
2026-08-24T04:11:20,113.86,49.12
2026-08-24T04:11:21,113.66,48.92
2026-08-24T04:11:22,113.74,49.0
2026-08-24T04:11:23,113.86,49.12
2026-08-24T04:11:24,114.11,49.36
2026-08-24T04:11:25,113.48,48.74
2026-08-24T04:11:26,113.71,48.97
2026-08-24T04:11:27,113.55,48.82
2026-08-24T04:11:28,113.72,48.98
2026-08-24T04:11:29,113.63,48.89
2026-08-24T04:11:30,114.17,49.42
2026-08-24T04:11:31,113.76,49.02
2026-08-24T04:11:32,113.58,48.84
2026-08-24T04:11:33,113.84,49.1
2026-08-24T04:11:34,113.52,48.78
2026-08-24T04:11:35,114.16,49.41
2026-08-24T04:11:36,113.89,49.15
2026-08-24T04:11:37,113.37,48.64
2026-08-24T04:11:38,113.78,49.04
2026-08-24T04:11:39,113.95,49.2
2026-08-24T04:11:40,113.38,48.64
2026-08-24T04:11:41,114.06,49.31
2026-08-24T04:11:42,113.73,48.99
2026-08-24T04:11:43,113.44,48.71
2026-08-24T04:11:44,113.67,48.93
2026-08-24T04:11:45,113.5,48.77
2026-08-24T04:11:46,113.58,48.84
2026-08-24T04:11:47,113.57,48.84
2026-08-24T04:11:48,114.31,49.57
2026-08-24T04:11:49,114.19,49.44
2026-08-24T04:11:50,115.61,50.84
2026-08-24T04:11:51,116.23,51.46
2026-08-24T04:11:52,116.1,51.32
2026-08-24T04:11:53,117.36,52.57
2026-08-24T04:11:54,118.39,53.58
2026-08-24T04:11:55,122.56,57.69
2026-08-24T04:11:56,124.97,60.07
2026-08-24T04:11:57,126.66,61.74
2026-08-24T04:11:58,127.21,62.28
2026-08-24T04:11:59,128.28,63.33
2026-08-24T04:12:00,127.39,62.45
2026-08-24T04:12:01,124.74,59.84
2026-08-24T04:12:02,122.11,57.25
2026-08-24T04:12:03,120.31,55.48
2026-08-24T04:12:04,119.49,54.66
2026-08-24T04:12:05,117.91,53.12
2026-08-24T04:12:06,118.03,53.23
2026-08-24T04:12:07,116.85,52.06
2026-08-24T04:12:08,116.16,51.39
2026-08-24T04:12:09,115.21,50.45
2026-08-24T04:12:10,114.95,50.2
2026-08-24T04:12:11,114.37,49.63
2026-08-24T04:12:12,113.98,49.24
2026-08-24T04:12:13,114.67,49.92
2026-08-24T04:12:14,114.57,49.82
2026-08-24T04:12:15,114.74,49.99
2026-08-24T04:12:16,114.54,49.79
2026-08-24T04:12:17,115.3,50.54
2026-08-24T04:12:18,116.21,51.44
2026-08-24T04:12:19,118.13,53.33
2026-08-24T04:12:20,118.89,54.08
2026-08-24T04:12:21,121.35,56.5
2026-08-24T04:12:22,123.92,59.04
2026-08-24T04:12:23,124.39,59.5
2026-08-24T04:12:24,124.66,59.77
2026-08-24T04:12:25,119.86,55.04
2026-08-24T04:12:26,116.85,52.06
2026-08-24T04:12:27,116.07,51.3
2026-08-24T04:12:28,114.92,50.16
2026-08-24T04:12:29,114.68,49.93
2026-08-24T04:12:30,114.13,49.39
2026-08-24T04:12:31,114.14,49.39
2026-08-24T04:12:32,114.26,49.52
2026-08-24T04:12:33,114.15,49.41
2026-08-24T04:12:34,113.88,49.14
2026-08-24T04:12:35,113.57,48.84
2026-08-24T04:12:36,114.12,49.37
2026-08-24T04:12:37,114.3,49.55
2026-08-24T04:12:38,113.88,49.14
2026-08-24T04:12:39,113.72,48.98
2026-08-24T04:12:40,114.15,49.4
2026-08-24T04:12:41,114.16,49.41
2026-08-24T04:12:42,113.11,48.38
2026-08-24T04:12:43,113.92,49.18
2026-08-24T04:12:44,113.92,49.18
2026-08-24T04:12:45,113.85,49.11
2026-08-24T04:12:46,113.75,49.01
2026-08-24T04:12:47,114.21,49.46
2026-08-24T04:12:48,113.54,48.8
2026-08-24T04:12:49,114.06,49.32
2026-08-24T04:12:50,113.66,48.92
2026-08-24T04:12:51,113.85,49.11
2026-08-24T04:12:52,113.12,48.38
2026-08-24T04:12:53,113.53,48.79
2026-08-24T04:12:54,114.06,49.31
2026-08-24T04:12:55,114.36,49.61
2026-08-24T04:12:56,113.7,48.96
2026-08-24T04:12:57,113.62,48.88
2026-08-24T04:12:58,113.99,49.25
2026-08-24T04:12:59,114.04,49.3
2026-08-24T04:13:00,114.22,49.48
2026-08-24T04:13:01,113.37,48.63
2026-08-24T04:13:02,114.09,49.34
2026-08-24T04:13:03,113.85,49.11
2026-08-24T04:13:04,113.8,49.06
2026-08-24T04:13:05,113.51,48.77
2026-08-24T04:13:06,114.22,49.47
2026-08-24T04:13:07,113.92,49.18
2026-08-24T04:13:08,114.07,49.33
2026-08-24T04:13:09,113.59,48.85
2026-08-24T04:13:10,113.57,48.83
2026-08-24T04:13:11,113.48,48.74
2026-08-24T04:13:12,113.8,49.06
2026-08-24T04:13:13,113.71,48.97
2026-08-24T04:13:14,113.6,48.87
2026-08-24T04:13:15,113.48,48.74
2026-08-24T04:13:16,113.41,48.67
2026-08-24T04:13:17,113.59,48.85
2026-08-24T04:13:18,113.95,49.21
2026-08-24T04:13:19,113.26,48.53
2026-08-24T04:13:20,113.86,49.12
2026-08-24T04:13:21,114.28,49.54
2026-08-24T04:13:22,114.13,49.39
2026-08-24T04:13:23,113.02,48.29
2026-08-24T04:13:24,113.65,48.91
2026-08-24T04:13:25,113.61,48.88
2026-08-24T04:13:26,113.6,48.86
2026-08-24T04:13:27,113.56,48.83
2026-08-24T04:13:28,113.79,49.05
2026-08-24T04:13:29,114.29,49.54
2026-08-24T04:13:30,113.3,48.57
2026-08-24T04:13:31,113.39,48.65
2026-08-24T04:13:32,113.46,48.73
2026-08-24T04:13:33,113.91,49.16
2026-08-24T04:13:34,113.94,49.2
2026-08-24T04:13:35,113.55,48.81
2026-08-24T04:13:36,113.79,49.05
2026-08-24T04:13:37,113.6,48.86
2026-08-24T04:13:38,114.18,49.43
2026-08-24T04:13:39,114.09,49.34
2026-08-24T04:13:40,113.56,48.82
2026-08-24T04:13:41,114.18,49.43
2026-08-24T04:13:42,113.86,49.11
2026-08-24T04:13:43,113.69,48.95
2026-08-24T04:13:44,113.9,49.16
2026-08-24T04:13:45,113.85,49.11
2026-08-24T04:13:46,113.2,48.47
2026-08-24T04:13:47,113.52,48.79
2026-08-24T04:13:48,113.8,49.06
2026-08-24T04:13:49,113.67,48.93
2026-08-24T04:13:50,113.75,49.01
2026-08-24T04:13:51,113.73,48.99
2026-08-24T04:13:52,113.81,49.07
2026-08-24T04:13:53,114.32,49.57
2026-08-24T04:13:54,113.22,48.49
2026-08-24T04:13:55,113.72,48.98
2026-08-24T04:13:56,114.16,49.42
2026-08-24T04:13:57,113.54,48.81
2026-08-24T04:13:58,113.46,48.73
2026-08-24T04:13:59,113.42,48.69
2026-08-24T04:14:00,113.76,49.02
2026-08-24T04:14:01,113.55,48.82
2026-08-24T04:14:02,113.97,49.23
2026-08-24T04:14:03,114.05,49.3
2026-08-24T04:14:04,113.75,49.01
2026-08-24T04:14:05,113.86,49.12
2026-08-24T04:14:06,114.0,49.25
2026-08-24T04:14:07,113.54,48.8
2026-08-24T04:14:08,113.27,48.54
2026-08-24T04:14:09,113.43,48.69
2026-08-24T04:14:10,113.43,48.69
2026-08-24T04:14:11,113.98,49.24
2026-08-24T04:14:12,113.23,48.49
2026-08-24T04:14:13,114.4,49.65
2026-08-24T04:14:14,113.85,49.1
2026-08-24T04:14:15,114.48,49.73
2026-08-24T04:14:16,113.5,48.76
2026-08-24T04:14:17,114.57,49.82
2026-08-24T04:14:18,113.44,48.71
2026-08-24T04:14:19,114.45,49.7
2026-08-24T04:14:20,113.81,49.07
2026-08-24T04:14:21,114.24,49.49
2026-08-24T04:14:22,113.39,48.65
2026-08-24T04:14:23,113.66,48.92
2026-08-24T04:14:24,113.59,48.85
2026-08-24T04:14:25,113.84,49.1
2026-08-24T04:14:26,113.85,49.11
2026-08-24T04:14:27,114.07,49.33
2026-08-24T04:14:28,113.41,48.67
2026-08-24T04:14:29,113.71,48.97
2026-08-24T04:14:30,114.16,49.41
2026-08-24T04:14:31,114.08,49.33
2026-08-24T04:14:32,113.77,49.03
2026-08-24T04:14:33,113.69,48.95
2026-08-24T04:14:34,113.7,48.96
2026-08-24T04:14:35,114.38,49.63
2026-08-24T04:14:36,113.63,48.89
2026-08-24T04:14:37,114.01,49.27
2026-08-24T04:14:38,114.1,49.35
2026-08-24T04:14:39,113.96,49.22
2026-08-24T04:14:40,113.57,48.84
2026-08-24T04:14:41,114.65,49.9
2026-08-24T04:14:42,114.54,49.79
2026-08-24T04:14:43,114.6,49.85
2026-08-24T04:14:44,114.43,49.68
2026-08-24T04:14:45,114.16,49.41
2026-08-24T04:14:46,113.66,48.92
2026-08-24T04:14:47,113.88,49.14
2026-08-24T04:14:48,113.83,49.09
2026-08-24T04:14:49,114.14,49.39
2026-08-24T04:14:50,113.84,49.1
2026-08-24T04:14:51,113.58,48.84
2026-08-24T04:14:52,113.48,48.75
2026-08-24T04:14:53,113.62,48.88
2026-08-24T04:14:54,114.15,49.4
2026-08-24T04:14:55,114.21,49.46
2026-08-24T04:14:56,113.75,49.01
2026-08-24T04:14:57,113.51,48.77
2026-08-24T04:14:58,113.41,48.68
2026-08-24T04:14:59,113.37,48.63
2026-08-24T04:15:00,114.35,49.61
2026-08-24T04:15:01,114.03,49.29
2026-08-24T04:15:02,113.56,48.82
2026-08-24T04:15:03,114.21,49.46
2026-08-24T04:15:04,113.79,49.05
2026-08-24T04:15:05,113.68,48.94
2026-08-24T04:15:06,114.34,49.59
2026-08-24T04:15:07,113.84,49.1
2026-08-24T04:15:08,113.8,49.06
2026-08-24T04:15:09,114.06,49.31
2026-08-24T04:15:10,114.28,49.53
2026-08-24T04:15:11,113.89,49.15
2026-08-24T04:15:12,114.27,49.52
2026-08-24T04:15:13,114.21,49.47
2026-08-24T04:15:14,114.05,49.31
2026-08-24T04:15:15,114.18,49.43
2026-08-24T04:15:16,113.65,48.91
2026-08-24T04:15:17,113.82,49.08
2026-08-24T04:15:18,114.03,49.29
2026-08-24T04:15:19,113.79,49.05
2026-08-24T04:15:20,113.5,48.77
2026-08-24T04:15:21,113.75,49.01
2026-08-24T04:15:22,113.69,48.95
2026-08-24T04:15:23,113.83,49.09
2026-08-24T04:15:24,113.53,48.79
2026-08-24T04:15:25,114.27,49.52
2026-08-24T04:15:26,114.34,49.59
2026-08-24T04:15:27,113.35,48.62
2026-08-24T04:15:28,113.33,48.6
2026-08-24T04:15:29,113.7,48.96
2026-08-24T04:15:30,113.82,49.08
2026-08-24T04:15:31,113.54,48.81
2026-08-24T04:15:32,113.6,48.87
2026-08-24T04:15:33,113.55,48.81
2026-08-24T04:15:34,113.47,48.74
2026-08-24T04:15:35,113.21,48.48
2026-08-24T04:15:36,114.08,49.34
2026-08-24T04:15:37,113.58,48.84
2026-08-24T04:15:38,113.89,49.15
2026-08-24T04:15:39,112.98,48.26
2026-08-24T04:15:40,114.08,49.33
2026-08-24T04:15:41,113.74,49.0
2026-08-24T04:15:42,114.04,49.29
2026-08-24T04:15:43,113.59,48.85
2026-08-24T04:15:44,113.99,49.25
2026-08-24T04:15:45,114.06,49.32
2026-08-24T04:15:46,114.3,49.56
2026-08-24T04:15:47,113.85,49.11
2026-08-24T04:15:48,113.51,48.77
2026-08-24T04:15:49,113.91,49.17
2026-08-24T04:15:50,114.35,49.6
2026-08-24T04:15:51,113.6,48.87
2026-08-24T04:15:52,114.45,49.7
2026-08-24T04:15:53,113.57,48.83
2026-08-24T04:15:54,114.05,49.31
2026-08-24T04:15:55,114.22,49.47
2026-08-24T04:15:56,114.3,49.56
2026-08-24T04:15:57,114.38,49.63
2026-08-24T04:15:58,113.94,49.2
2026-08-24T04:15:59,114.27,49.52
2026-08-24T04:16:00,114.55,49.8
2026-08-24T04:16:01,114.68,49.93
2026-08-24T04:16:02,114.33,49.58
2026-08-24T04:16:03,114.6,49.85
2026-08-24T04:16:04,114.66,49.91
2026-08-24T04:16:05,113.46,48.72
2026-08-24T04:16:06,113.88,49.14
2026-08-24T04:16:07,114.16,49.41
2026-08-24T04:16:08,114.27,49.52
2026-08-24T04:16:09,113.64,48.9
2026-08-24T04:16:10,114.31,49.56
2026-08-24T04:16:11,113.95,49.21
2026-08-24T04:16:12,114.18,49.44
2026-08-24T04:16:13,113.97,49.22
2026-08-24T04:16:14,113.46,48.72
2026-08-24T04:16:15,113.83,49.09
2026-08-24T04:16:16,114.08,49.34
2026-08-24T04:16:17,113.76,49.02
2026-08-24T04:16:18,114.64,49.88
2026-08-24T04:16:19,113.34,48.61
2026-08-24T04:16:20,114.78,50.02
2026-08-24T04:16:21,114.69,49.94
2026-08-24T04:16:22,115.17,50.4
2026-08-24T04:16:23,116.61,51.83
2026-08-24T04:16:24,118.16,53.36
2026-08-24T04:16:25,120.61,55.77
2026-08-24T04:16:26,121.79,56.94
2026-08-24T04:16:27,124.51,59.61
2026-08-24T04:16:28,129.33,64.37
2026-08-24T04:16:29,130.41,65.43
2026-08-24T04:16:30,128.42,63.47
2026-08-24T04:16:31,129.35,64.39
2026-08-24T04:16:32,128.01,63.07
2026-08-24T04:16:33,125.91,61.0
2026-08-24T04:16:34,124.39,59.5
2026-08-24T04:16:35,121.43,56.58
2026-08-24T04:16:36,120.71,55.87
2026-08-24T04:16:37,119.45,54.63
2026-08-24T04:16:38,118.63,53.82
2026-08-24T04:16:39,118.22,53.41
2026-08-24T04:16:40,116.8,52.02
2026-08-24T04:16:41,116.79,52.0
2026-08-24T04:16:42,115.87,51.1
2026-08-24T04:16:43,115.19,50.43
2026-08-24T04:16:44,115.07,50.31
2026-08-24T04:16:45,115.05,50.29
2026-08-24T04:16:46,114.94,50.19
2026-08-24T04:16:47,114.4,49.65
2026-08-24T04:16:48,114.95,50.2
2026-08-24T04:16:49,114.13,49.38
2026-08-24T04:16:50,113.89,49.15
2026-08-24T04:16:51,113.79,49.05
2026-08-24T04:16:52,114.0,49.25
2026-08-24T04:16:53,114.53,49.78
2026-08-24T04:16:54,114.47,49.72
2026-08-24T04:16:55,115.16,50.4
2026-08-24T04:16:56,115.8,51.03
2026-08-24T04:16:57,117.16,52.38
2026-08-24T04:16:58,118.59,53.79
2026-08-24T04:16:59,122.23,57.37
2026-08-24T04:17:00,124.47,59.58
2026-08-24T04:17:01,126.04,61.12
2026-08-24T04:17:02,127.04,62.11
2026-08-24T04:17:03,127.15,62.22
2026-08-24T04:17:04,127.11,62.18
2026-08-24T04:17:05,125.6,60.69
2026-08-24T04:17:06,122.65,57.78
2026-08-24T04:17:07,121.52,56.67
2026-08-24T04:17:08,119.75,54.92
2026-08-24T04:17:09,118.71,53.9
2026-08-24T04:17:10,118.29,53.49
2026-08-24T04:17:11,117.33,52.54
2026-08-24T04:17:12,116.74,51.96
2026-08-24T04:17:13,116.48,51.7
2026-08-24T04:17:14,116.06,51.29
2026-08-24T04:17:15,116.21,51.44
2026-08-24T04:17:16,116.32,51.54
2026-08-24T04:17:17,117.39,52.6
2026-08-24T04:17:18,118.9,54.09
2026-08-24T04:17:19,119.78,54.96
2026-08-24T04:17:20,121.47,56.62
2026-08-24T04:17:21,123.04,58.17
2026-08-24T04:17:22,123.81,58.93
2026-08-24T04:17:23,124.36,59.47
2026-08-24T04:17:24,123.01,58.14
2026-08-24T04:17:25,121.1,56.26
2026-08-24T04:17:26,119.06,54.25
2026-08-24T04:17:27,118.0,53.2
2026-08-24T04:17:28,117.21,52.42
2026-08-24T04:17:29,116.33,51.55
2026-08-24T04:17:30,115.77,51.0
2026-08-24T04:17:31,115.47,50.71
2026-08-24T04:17:32,115.28,50.52
2026-08-24T04:17:33,114.9,50.14
2026-08-24T04:17:34,114.86,50.11
2026-08-24T04:17:35,115.33,50.57
2026-08-24T04:17:36,114.59,49.84
2026-08-24T04:17:37,113.98,49.23
2026-08-24T04:17:38,114.1,49.35
2026-08-24T04:17:39,114.15,49.4
2026-08-24T04:17:40,113.72,48.98
2026-08-24T04:17:41,114.34,49.59
2026-08-24T04:17:42,113.68,48.94
2026-08-24T04:17:43,114.13,49.38
2026-08-24T04:17:44,114.27,49.53
2026-08-24T04:17:45,113.95,49.21
2026-08-24T04:17:46,114.29,49.54
2026-08-24T04:17:47,113.92,49.18
2026-08-24T04:17:48,113.88,49.14
2026-08-24T04:17:49,113.95,49.21
2026-08-24T04:17:50,113.35,48.62
2026-08-24T04:17:51,113.85,49.11
2026-08-24T04:17:52,113.37,48.63
2026-08-24T04:17:53,113.71,48.97
2026-08-24T04:17:54,113.79,49.05
2026-08-24T04:17:55,113.92,49.18
2026-08-24T04:17:56,113.37,48.64
2026-08-24T04:17:57,114.42,49.67
2026-08-24T04:17:58,114.02,49.27
2026-08-24T04:17:59,113.82,49.08
2026-08-24T04:18:00,113.61,48.87
2026-08-24T04:18:01,114.22,49.48
2026-08-24T04:18:02,113.73,48.99
2026-08-24T04:18:03,113.98,49.24
2026-08-24T04:18:04,113.56,48.82
2026-08-24T04:18:05,113.82,49.07
2026-08-24T04:18:06,114.05,49.3
2026-08-24T04:18:07,113.72,48.98
2026-08-24T04:18:08,113.65,48.91
2026-08-24T04:18:09,114.03,49.28
2026-08-24T04:18:10,113.92,49.17
2026-08-24T04:18:11,113.8,49.05
2026-08-24T04:18:12,114.42,49.67
2026-08-24T04:18:13,113.48,48.74
2026-08-24T04:18:14,113.77,49.03
2026-08-24T04:18:15,113.95,49.21
2026-08-24T04:18:16,113.74,49.0
2026-08-24T04:18:17,113.75,49.01
2026-08-24T04:18:18,114.42,49.67
2026-08-24T04:18:19,113.45,48.72
2026-08-24T04:18:20,114.1,49.35
2026-08-24T04:18:21,113.87,49.12
2026-08-24T04:18:22,114.05,49.3
2026-08-24T04:18:23,113.32,48.58
2026-08-24T04:18:24,114.2,49.45
2026-08-24T04:18:25,113.78,49.04
2026-08-24T04:18:26,114.07,49.33
2026-08-24T04:18:27,113.45,48.71
2026-08-24T04:18:28,113.93,49.19
2026-08-24T04:18:29,114.21,49.46
2026-08-24T04:18:30,113.64,48.91
2026-08-24T04:18:31,114.09,49.35
2026-08-24T04:18:32,113.99,49.24
2026-08-24T04:18:33,113.9,49.16
2026-08-24T04:18:34,114.12,49.37
2026-08-24T04:18:35,113.92,49.18
2026-08-24T04:18:36,114.43,49.68
2026-08-24T04:18:37,113.2,48.47
2026-08-24T04:18:38,114.04,49.3
2026-08-24T04:18:39,113.72,48.98
2026-08-24T04:18:40,113.55,48.82
2026-08-24T04:18:41,113.85,49.11
2026-08-24T04:18:42,114.1,49.36
2026-08-24T04:18:43,113.9,49.16
2026-08-24T04:18:44,113.5,48.76
2026-08-24T04:18:45,114.35,49.6
2026-08-24T04:18:46,113.98,49.24
2026-08-24T04:18:47,113.21,48.48
2026-08-24T04:18:48,113.77,49.03
2026-08-24T04:18:49,113.96,49.22
2026-08-24T04:18:50,113.82,49.08
2026-08-24T04:18:51,113.63,48.89
2026-08-24T04:18:52,114.29,49.54
2026-08-24T04:18:53,113.94,49.19
2026-08-24T04:18:54,113.26,48.53
2026-08-24T04:18:55,113.65,48.91
2026-08-24T04:18:56,113.57,48.83
2026-08-24T04:18:57,113.91,49.16
2026-08-24T04:18:58,113.23,48.5
2026-08-24T04:18:59,113.65,48.91
2026-08-24T04:19:00,113.68,48.94
2026-08-24T04:19:01,114.45,49.7
2026-08-24T04:19:02,114.15,49.4
2026-08-24T04:19:03,113.55,48.82
2026-08-24T04:19:04,113.87,49.13
2026-08-24T04:19:05,113.77,49.03
2026-08-24T04:19:06,114.13,49.38
2026-08-24T04:19:07,113.81,49.07
2026-08-24T04:19:08,113.87,49.13
2026-08-24T04:19:09,114.16,49.41
2026-08-24T04:19:10,113.62,48.88
2026-08-24T04:19:11,113.52,48.78
2026-08-24T04:19:12,114.29,49.54
2026-08-24T04:19:13,113.62,48.88
2026-08-24T04:19:14,113.8,49.06
2026-08-24T04:19:15,113.8,49.06
2026-08-24T04:19:16,114.15,49.4
2026-08-24T04:19:17,114.03,49.28
2026-08-24T04:19:18,113.7,48.96
2026-08-24T04:19:19,113.61,48.87
2026-08-24T04:19:20,113.72,48.98
2026-08-24T04:19:21,114.01,49.27
2026-08-24T04:19:22,113.76,49.02
2026-08-24T04:19:23,113.56,48.82
2026-08-24T04:19:24,113.55,48.82
2026-08-24T04:19:25,113.91,49.16
2026-08-24T04:19:26,114.0,49.26
2026-08-24T04:19:27,113.66,48.92
2026-08-24T04:19:28,114.07,49.32
2026-08-24T04:19:29,114.01,49.26
2026-08-24T04:19:30,113.92,49.18
2026-08-24T04:19:31,113.93,49.18
2026-08-24T04:19:32,114.27,49.52
2026-08-24T04:19:33,113.67,48.93
2026-08-24T04:19:34,113.87,49.13
2026-08-24T04:19:35,114.15,49.41
2026-08-24T04:19:36,113.81,49.07
2026-08-24T04:19:37,113.72,48.98
2026-08-24T04:19:38,113.83,49.09
2026-08-24T04:19:39,114.04,49.3
2026-08-24T04:19:40,114.26,49.51
2026-08-24T04:19:41,113.93,49.18
2026-08-24T04:19:42,114.49,49.74
2026-08-24T04:19:43,113.45,48.72
2026-08-24T04:19:44,114.03,49.28
2026-08-24T04:19:45,113.9,49.15
2026-08-24T04:19:46,113.71,48.97
2026-08-24T04:19:47,114.26,49.51
2026-08-24T04:19:48,114.08,49.33
2026-08-24T04:19:49,113.62,48.89
2026-08-24T04:19:50,114.06,49.32
2026-08-24T04:19:51,113.72,48.98
2026-08-24T04:19:52,113.48,48.74
2026-08-24T04:19:53,114.27,49.52
2026-08-24T04:19:54,114.16,49.42
2026-08-24T04:19:55,114.03,49.28
2026-08-24T04:19:56,113.54,48.8
2026-08-24T04:19:57,113.56,48.82
2026-08-24T04:19:58,113.49,48.75
2026-08-24T04:19:59,114.05,49.31
2026-08-24T04:20:00,114.11,49.36
2026-08-24T04:20:01,113.19,48.46
2026-08-24T04:20:02,113.56,48.82
2026-08-24T04:20:03,113.88,49.14
2026-08-24T04:20:04,113.76,49.02
2026-08-24T04:20:05,113.76,49.02
2026-08-24T04:20:06,114.27,49.52
2026-08-24T04:20:07,113.87,49.13
2026-08-24T04:20:08,114.56,49.8
2026-08-24T04:20:09,113.8,49.06
2026-08-24T04:20:10,113.74,49.0
2026-08-24T04:20:11,114.09,49.35
2026-08-24T04:20:12,114.83,50.08
2026-08-24T04:20:13,116.28,51.5
2026-08-24T04:20:14,117.86,53.07
2026-08-24T04:20:15,118.39,53.58
2026-08-24T04:20:16,117.75,52.95
2026-08-24T04:20:17,119.15,54.33
2026-08-24T04:20:18,117.4,52.6
2026-08-24T04:20:19,116.22,51.45
2026-08-24T04:20:20,115.4,50.64
2026-08-24T04:20:21,114.62,49.87
2026-08-24T04:20:22,114.69,49.94
2026-08-24T04:20:23,114.22,49.47
2026-08-24T04:20:24,114.28,49.53
2026-08-24T04:20:25,114.49,49.74
2026-08-24T04:20:26,113.9,49.15
2026-08-24T04:20:27,114.66,49.91
2026-08-24T04:20:28,113.97,49.23
2026-08-24T04:20:29,113.87,49.13
2026-08-24T04:20:30,113.99,49.25
2026-08-24T04:20:31,114.55,49.79
2026-08-24T04:20:32,113.94,49.19
2026-08-24T04:20:33,113.68,48.94
2026-08-24T04:20:34,113.87,49.12
2026-08-24T04:20:35,113.55,48.81
2026-08-24T04:20:36,114.53,49.78
2026-08-24T04:20:37,113.96,49.22
2026-08-24T04:20:38,114.55,49.8
2026-08-24T04:20:39,114.29,49.54
2026-08-24T04:20:40,114.05,49.31
2026-08-24T04:20:41,113.54,48.81
2026-08-24T04:20:42,114.66,49.91
2026-08-24T04:20:43,113.41,48.68
2026-08-24T04:20:44,113.91,49.17
2026-08-24T04:20:45,113.99,49.25
2026-08-24T04:20:46,113.88,49.13
2026-08-24T04:20:47,114.28,49.54
2026-08-24T04:20:48,113.79,49.05
2026-08-24T04:20:49,114.36,49.61
2026-08-24T04:20:50,113.65,48.92
2026-08-24T04:20:51,114.26,49.51
2026-08-24T04:20:52,114.47,49.72
2026-08-24T04:20:53,114.17,49.42
2026-08-24T04:20:54,113.76,49.02
2026-08-24T04:20:55,114.08,49.33
2026-08-24T04:20:56,113.71,48.97
2026-08-24T04:20:57,113.42,48.68
2026-08-24T04:20:58,114.03,49.29
2026-08-24T04:20:59,114.35,49.6
2026-08-24T04:21:00,113.94,49.2
2026-08-24T04:21:01,113.51,48.78
2026-08-24T04:21:02,113.57,48.84
2026-08-24T04:21:03,114.17,49.42
2026-08-24T04:21:04,113.48,48.75
2026-08-24T04:21:05,113.73,48.99
2026-08-24T04:21:06,113.28,48.54
2026-08-24T04:21:07,113.66,48.93
2026-08-24T04:21:08,114.33,49.58
2026-08-24T04:21:09,113.79,49.05
2026-08-24T04:21:10,114.83,50.08
2026-08-24T04:21:11,115.11,50.35
2026-08-24T04:21:12,116.48,51.7
2026-08-24T04:21:13,118.66,53.85
2026-08-24T04:21:14,121.92,57.06
2026-08-24T04:21:15,126.65,61.72
2026-08-24T04:21:16,131.97,66.98
2026-08-24T04:21:17,135.36,70.31
2026-08-24T04:21:18,132.21,67.2
2026-08-24T04:21:19,130.82,65.84
2026-08-24T04:21:20,126.26,61.35
2026-08-24T04:21:21,123.9,59.01
2026-08-24T04:21:22,121.24,56.39
2026-08-24T04:21:23,119.65,54.82
2026-08-24T04:21:24,119.44,54.61
2026-08-24T04:21:25,118.38,53.57
2026-08-24T04:21:26,118.34,53.54
2026-08-24T04:21:27,117.31,52.52
2026-08-24T04:21:28,117.82,53.02
2026-08-24T04:21:29,120.73,55.89
2026-08-24T04:21:30,122.5,57.63
2026-08-24T04:21:31,124.4,59.51
2026-08-24T04:21:32,125.38,60.47
2026-08-24T04:21:33,126.35,61.44
2026-08-24T04:21:34,126.04,61.12
2026-08-24T04:21:35,123.84,58.95
2026-08-24T04:21:36,120.49,55.65
2026-08-24T04:21:37,118.54,53.73
2026-08-24T04:21:38,117.37,52.58
2026-08-24T04:21:39,117.0,52.22
2026-08-24T04:21:40,116.48,51.7
2026-08-24T04:21:41,116.33,51.56
2026-08-24T04:21:42,115.74,50.97
2026-08-24T04:21:43,114.89,50.14
2026-08-24T04:21:44,114.34,49.59
2026-08-24T04:21:45,114.38,49.63
2026-08-24T04:21:46,114.7,49.95
2026-08-24T04:21:47,114.34,49.59
2026-08-24T04:21:48,114.55,49.8
2026-08-24T04:21:49,113.4,48.67
2026-08-24T04:21:50,114.11,49.36
2026-08-24T04:21:51,113.65,48.91
2026-08-24T04:21:52,113.61,48.87
2026-08-24T04:21:53,113.72,48.98
2026-08-24T04:21:54,113.74,49.0
2026-08-24T04:21:55,113.94,49.2
2026-08-24T04:21:56,114.4,49.65
2026-08-24T04:21:57,113.62,48.88
2026-08-24T04:21:58,113.32,48.58
2026-08-24T04:21:59,113.55,48.82
2026-08-24T04:22:00,113.9,49.15
2026-08-24T04:22:01,113.73,48.99
2026-08-24T04:22:02,114.33,49.58
2026-08-24T04:22:03,113.83,49.09
2026-08-24T04:22:04,113.84,49.09
2026-08-24T04:22:05,113.95,49.2
2026-08-24T04:22:06,114.13,49.38
2026-08-24T04:22:07,114.05,49.3
2026-08-24T04:22:08,114.5,49.75
2026-08-24T04:22:09,113.6,48.86
2026-08-24T04:22:10,114.82,50.06
2026-08-24T04:22:11,114.07,49.33
2026-08-24T04:22:12,115.37,50.61
2026-08-24T04:22:13,116.18,51.41
2026-08-24T04:22:14,116.47,51.69
2026-08-24T04:22:15,116.99,52.2
2026-08-24T04:22:16,119.99,55.16
2026-08-24T04:22:17,121.01,56.17
2026-08-24T04:22:18,120.03,55.2
2026-08-24T04:22:19,118.45,53.65
2026-08-24T04:22:20,116.3,51.53
2026-08-24T04:22:21,115.62,50.85
2026-08-24T04:22:22,115.17,50.41
2026-08-24T04:22:23,114.45,49.7
2026-08-24T04:22:24,114.64,49.89
2026-08-24T04:22:25,114.82,50.07
2026-08-24T04:22:26,114.02,49.27
2026-08-24T04:22:27,114.61,49.85
2026-08-24T04:22:28,114.24,49.49
2026-08-24T04:22:29,114.23,49.48
2026-08-24T04:22:30,113.99,49.24
2026-08-24T04:22:31,113.6,48.86
2026-08-24T04:22:32,113.66,48.92
2026-08-24T04:22:33,113.9,49.16
2026-08-24T04:22:34,113.79,49.05
2026-08-24T04:22:35,113.97,49.22
2026-08-24T04:22:36,114.13,49.38
2026-08-24T04:22:37,113.57,48.83
2026-08-24T04:22:38,113.81,49.07
2026-08-24T04:22:39,113.77,49.03
2026-08-24T04:22:40,114.22,49.48
2026-08-24T04:22:41,113.63,48.89
2026-08-24T04:22:42,113.99,49.24
2026-08-24T04:22:43,113.39,48.65
2026-08-24T04:22:44,113.87,49.13
2026-08-24T04:22:45,113.48,48.74
2026-08-24T04:22:46,114.05,49.31
2026-08-24T04:22:47,114.63,49.88
2026-08-24T04:22:48,115.0,50.24
2026-08-24T04:22:49,115.03,50.27
2026-08-24T04:22:50,116.3,51.52
2026-08-24T04:22:51,117.21,52.42
2026-08-24T04:22:52,121.31,56.46
2026-08-24T04:22:53,123.73,58.85
2026-08-24T04:22:54,127.2,62.27
2026-08-24T04:22:55,128.58,63.63
2026-08-24T04:22:56,126.74,61.81
2026-08-24T04:22:57,123.63,58.75
2026-08-24T04:22:58,121.14,56.29
2026-08-24T04:22:59,120.15,55.32
2026-08-24T04:23:00,118.68,53.87
2026-08-24T04:23:01,117.4,52.61
2026-08-24T04:23:02,117.06,52.27
2026-08-24T04:23:03,117.5,52.71
2026-08-24T04:23:04,115.34,50.57
2026-08-24T04:23:05,115.12,50.36
2026-08-24T04:23:06,115.57,50.81
2026-08-24T04:23:07,116.8,52.02
2026-08-24T04:23:08,119.43,54.61
2026-08-24T04:23:09,120.44,55.61
2026-08-24T04:23:10,122.2,57.34
2026-08-24T04:23:11,122.91,58.04
2026-08-24T04:23:12,123.95,59.07
2026-08-24T04:23:13,123.7,58.82
2026-08-24T04:23:14,121.93,57.07
2026-08-24T04:23:15,119.57,54.75
2026-08-24T04:23:16,116.99,52.2
2026-08-24T04:23:17,116.94,52.15
2026-08-24T04:23:18,116.38,51.6
2026-08-24T04:23:19,115.53,50.76
2026-08-24T04:23:20,114.74,49.99
2026-08-24T04:23:21,114.86,50.11
2026-08-24T04:23:22,115.07,50.31
2026-08-24T04:23:23,114.27,49.53
2026-08-24T04:23:24,114.31,49.57
2026-08-24T04:23:25,114.16,49.42
2026-08-24T04:23:26,114.79,50.03
2026-08-24T04:23:27,114.17,49.42
2026-08-24T04:23:28,114.14,49.39
2026-08-24T04:23:29,114.12,49.37
2026-08-24T04:23:30,114.3,49.55
2026-08-24T04:23:31,113.53,48.79
2026-08-24T04:23:32,113.44,48.71
2026-08-24T04:23:33,113.32,48.59
2026-08-24T04:23:34,113.91,49.17
2026-08-24T04:23:35,114.02,49.28
2026-08-24T04:23:36,113.38,48.64
2026-08-24T04:23:37,114.31,49.56
2026-08-24T04:23:38,114.31,49.56
2026-08-24T04:23:39,113.7,48.96
2026-08-24T04:23:40,113.57,48.83
2026-08-24T04:23:41,113.97,49.23
2026-08-24T04:23:42,113.56,48.82
2026-08-24T04:23:43,113.57,48.83
2026-08-24T04:23:44,113.86,49.12
2026-08-24T04:23:45,113.88,49.13
2026-08-24T04:23:46,113.37,48.64
2026-08-24T04:23:47,113.73,48.99
2026-08-24T04:23:48,114.21,49.46
2026-08-24T04:23:49,113.55,48.82
2026-08-24T04:23:50,113.5,48.76
2026-08-24T04:23:51,113.91,49.17
2026-08-24T04:23:52,113.3,48.56
2026-08-24T04:23:53,113.42,48.68
2026-08-24T04:23:54,113.86,49.12
2026-08-24T04:23:55,113.86,49.12
2026-08-24T04:23:56,113.89,49.15
2026-08-24T04:23:57,114.17,49.42
2026-08-24T04:23:58,113.79,49.05
2026-08-24T04:23:59,113.61,48.87
2026-08-24T04:24:00,114.04,49.29
2026-08-24T04:24:01,113.8,49.06
2026-08-24T04:24:02,114.24,49.49
2026-08-24T04:24:03,114.04,49.29
2026-08-24T04:24:04,113.98,49.24
2026-08-24T04:24:05,113.97,49.22
2026-08-24T04:24:06,113.74,49.0
2026-08-24T04:24:07,113.64,48.9
2026-08-24T04:24:08,113.29,48.56
2026-08-24T04:24:09,114.3,49.55
2026-08-24T04:24:10,113.9,49.16
2026-08-24T04:24:11,114.05,49.31
2026-08-24T04:24:12,113.7,48.96
2026-08-24T04:24:13,113.8,49.06
2026-08-24T04:24:14,113.68,48.95
2026-08-24T04:24:15,113.39,48.66
2026-08-24T04:24:16,113.86,49.12
2026-08-24T04:24:17,114.27,49.52
2026-08-24T04:24:18,114.32,49.57
2026-08-24T04:24:19,113.86,49.12
2026-08-24T04:24:20,114.01,49.27
2026-08-24T04:24:21,113.59,48.85
2026-08-24T04:24:22,113.73,48.99
2026-08-24T04:24:23,113.91,49.17
2026-08-24T04:24:24,113.69,48.95
2026-08-24T04:24:25,114.47,49.72
2026-08-24T04:24:26,114.32,49.57
2026-08-24T04:24:27,114.43,49.68
2026-08-24T04:24:28,114.29,49.54
2026-08-24T04:24:29,115.02,50.26
2026-08-24T04:24:30,115.38,50.62
2026-08-24T04:24:31,115.36,50.6
2026-08-24T04:24:32,116.85,52.06
2026-08-24T04:24:33,119.8,54.97
2026-08-24T04:24:34,122.04,57.18
2026-08-24T04:24:35,123.64,58.76
2026-08-24T04:24:36,125.4,60.49
2026-08-24T04:24:37,126.01,61.09
2026-08-24T04:24:38,125.1,60.2
2026-08-24T04:24:39,122.3,57.44
2026-08-24T04:24:40,119.15,54.33
2026-08-24T04:24:41,118.06,53.26
2026-08-24T04:24:42,116.52,51.74
2026-08-24T04:24:43,115.24,50.48
2026-08-24T04:24:44,115.06,50.3
2026-08-24T04:24:45,115.14,50.38
2026-08-24T04:24:46,114.89,50.14
2026-08-24T04:24:47,114.51,49.76
2026-08-24T04:24:48,114.28,49.54
2026-08-24T04:24:49,114.16,49.41
2026-08-24T04:24:50,114.01,49.26
2026-08-24T04:24:51,113.97,49.23
2026-08-24T04:24:52,113.65,48.91
2026-08-24T04:24:53,114.14,49.39
2026-08-24T04:24:54,113.78,49.03
2026-08-24T04:24:55,113.83,49.09
2026-08-24T04:24:56,114.6,49.85
2026-08-24T04:24:57,113.99,49.24
2026-08-24T04:24:58,114.12,49.38
2026-08-24T04:24:59,114.07,49.32
2026-08-24T04:25:00,113.92,49.17
2026-08-24T04:25:01,113.82,49.08
2026-08-24T04:25:02,114.06,49.31
2026-08-24T04:25:03,113.65,48.91
2026-08-24T04:25:04,114.02,49.28
2026-08-24T04:25:05,114.0,49.26
2026-08-24T04:25:06,113.76,49.02
2026-08-24T04:25:07,114.18,49.43
2026-08-24T04:25:08,113.83,49.09
2026-08-24T04:25:09,114.27,49.52
2026-08-24T04:25:10,113.41,48.67
2026-08-24T04:25:11,113.66,48.92
2026-08-24T04:25:12,113.78,49.03
2026-08-24T04:25:13,113.45,48.71
2026-08-24T04:25:14,113.87,49.12
2026-08-24T04:25:15,113.54,48.8
2026-08-24T04:25:16,114.27,49.52
2026-08-24T04:25:17,113.84,49.1
2026-08-24T04:25:18,113.94,49.2
2026-08-24T04:25:19,113.82,49.08
2026-08-24T04:25:20,113.81,49.07
2026-08-24T04:25:21,114.07,49.33
2026-08-24T04:25:22,113.62,48.88
2026-08-24T04:25:23,113.64,48.9
2026-08-24T04:25:24,113.87,49.13
2026-08-24T04:25:25,113.8,49.06
2026-08-24T04:25:26,114.15,49.4
2026-08-24T04:25:27,113.77,49.03
2026-08-24T04:25:28,114.17,49.43
2026-08-24T04:25:29,113.74,49.0
2026-08-24T04:25:30,113.35,48.62
2026-08-24T04:25:31,114.35,49.6
2026-08-24T04:25:32,113.63,48.89
2026-08-24T04:25:33,113.75,49.01
2026-08-24T04:25:34,113.64,48.9
2026-08-24T04:25:35,114.18,49.43
2026-08-24T04:25:36,113.8,49.06
2026-08-24T04:25:37,113.74,49.0
2026-08-24T04:25:38,113.57,48.83
2026-08-24T04:25:39,113.3,48.56
2026-08-24T04:25:40,113.81,49.07
2026-08-24T04:25:41,113.55,48.81
2026-08-24T04:25:42,113.41,48.67
2026-08-24T04:25:43,113.94,49.19
2026-08-24T04:25:44,113.99,49.25
2026-08-24T04:25:45,114.34,49.59
2026-08-24T04:25:46,114.52,49.77
2026-08-24T04:25:47,113.75,49.01
2026-08-24T04:25:48,113.86,49.12
2026-08-24T04:25:49,113.39,48.66
2026-08-24T04:25:50,113.6,48.86
2026-08-24T04:25:51,113.31,48.57
2026-08-24T04:25:52,114.47,49.72
2026-08-24T04:25:53,113.41,48.67
2026-08-24T04:25:54,114.1,49.36
2026-08-24T04:25:55,113.77,49.03
2026-08-24T04:25:56,113.99,49.24
2026-08-24T04:25:57,113.91,49.17
2026-08-24T04:25:58,113.79,49.05
2026-08-24T04:25:59,113.76,49.02
2026-08-24T04:26:00,113.48,48.74
2026-08-24T04:26:01,114.0,49.26
2026-08-24T04:26:02,114.0,49.25
2026-08-24T04:26:03,113.4,48.67
2026-08-24T04:26:04,113.94,49.2
2026-08-24T04:26:05,112.95,48.22
2026-08-24T04:26:06,114.1,49.35
2026-08-24T04:26:07,113.83,49.09
2026-08-24T04:26:08,113.86,49.12
2026-08-24T04:26:09,113.7,48.96
2026-08-24T04:26:10,114.12,49.37
2026-08-24T04:26:11,114.06,49.32
2026-08-24T04:26:12,113.52,48.78
2026-08-24T04:26:13,114.28,49.53
2026-08-24T04:26:14,114.1,49.35
2026-08-24T04:26:15,113.64,48.9
2026-08-24T04:26:16,113.77,49.03
2026-08-24T04:26:17,113.74,49.0
2026-08-24T04:26:18,113.96,49.22
2026-08-24T04:26:19,113.62,48.88
2026-08-24T04:26:20,113.85,49.11
2026-08-24T04:26:21,114.33,49.58
2026-08-24T04:26:22,114.06,49.31
2026-08-24T04:26:23,113.36,48.63
2026-08-24T04:26:24,113.75,49.01
2026-08-24T04:26:25,113.87,49.13
2026-08-24T04:26:26,114.05,49.3
2026-08-24T04:26:27,114.45,49.7
2026-08-24T04:26:28,113.48,48.74
2026-08-24T04:26:29,113.59,48.86
2026-08-24T04:26:30,113.67,48.93
2026-08-24T04:26:31,113.42,48.68
2026-08-24T04:26:32,114.03,49.29
2026-08-24T04:26:33,113.77,49.03
2026-08-24T04:26:34,113.38,48.64
2026-08-24T04:26:35,113.73,48.99
2026-08-24T04:26:36,114.02,49.27
2026-08-24T04:26:37,113.54,48.8
2026-08-24T04:26:38,114.29,49.54
2026-08-24T04:26:39,113.86,49.12
2026-08-24T04:26:40,113.63,48.89
2026-08-24T04:26:41,113.89,49.15
2026-08-24T04:26:42,114.03,49.29
2026-08-24T04:26:43,113.78,49.04
2026-08-24T04:26:44,114.14,49.4
2026-08-24T04:26:45,113.45,48.72
2026-08-24T04:26:46,114.16,49.41
2026-08-24T04:26:47,113.81,49.07
2026-08-24T04:26:48,113.83,49.09
2026-08-24T04:26:49,113.6,48.87
2026-08-24T04:26:50,113.64,48.91
2026-08-24T04:26:51,113.93,49.19
2026-08-24T04:26:52,113.66,48.92
2026-08-24T04:26:53,113.47,48.74
2026-08-24T04:26:54,113.89,49.15
2026-08-24T04:26:55,113.62,48.88
2026-08-24T04:26:56,113.89,49.14
2026-08-24T04:26:57,113.63,48.9
2026-08-24T04:26:58,114.0,49.26
2026-08-24T04:26:59,113.59,48.85
2026-08-24T04:27:00,113.17,48.44
2026-08-24T04:27:01,113.57,48.84
2026-08-24T04:27:02,113.77,49.03
2026-08-24T04:27:03,113.72,48.98
2026-08-24T04:27:04,113.54,48.8
2026-08-24T04:27:05,114.22,49.47
2026-08-24T04:27:06,114.06,49.32
2026-08-24T04:27:07,113.97,49.23
2026-08-24T04:27:08,114.57,49.81
2026-08-24T04:27:09,113.79,49.05
2026-08-24T04:27:10,114.03,49.29
2026-08-24T04:27:11,113.93,49.19
2026-08-24T04:27:12,113.3,48.57
2026-08-24T04:27:13,113.78,49.04
2026-08-24T04:27:14,114.03,49.29
2026-08-24T04:27:15,113.88,49.14
2026-08-24T04:27:16,113.67,48.93
2026-08-24T04:27:17,114.18,49.44
2026-08-24T04:27:18,113.85,49.11
2026-08-24T04:27:19,113.62,48.89
2026-08-24T04:27:20,113.53,48.79
2026-08-24T04:27:21,113.9,49.16
2026-08-24T04:27:22,114.08,49.33
2026-08-24T04:27:23,113.77,49.03
2026-08-24T04:27:24,113.81,49.07
2026-08-24T04:27:25,113.65,48.91
2026-08-24T04:27:26,113.96,49.22
2026-08-24T04:27:27,113.72,48.98
2026-08-24T04:27:28,113.51,48.78
2026-08-24T04:27:29,114.3,49.55
2026-08-24T04:27:30,113.77,49.03
2026-08-24T04:27:31,113.55,48.81
2026-08-24T04:27:32,113.76,49.02
2026-08-24T04:27:33,113.51,48.78
2026-08-24T04:27:34,113.88,49.14
2026-08-24T04:27:35,113.48,48.75
2026-08-24T04:27:36,113.93,49.19
2026-08-24T04:27:37,113.41,48.67
2026-08-24T04:27:38,113.59,48.85
2026-08-24T04:27:39,113.6,48.86
2026-08-24T04:27:40,114.22,49.47
2026-08-24T04:27:41,113.64,48.91
2026-08-24T04:27:42,113.9,49.16
2026-08-24T04:27:43,114.06,49.31
2026-08-24T04:27:44,114.68,49.93
2026-08-24T04:27:45,113.56,48.83
2026-08-24T04:27:46,113.75,49.01
2026-08-24T04:27:47,114.16,49.42
2026-08-24T04:27:48,113.11,48.38
2026-08-24T04:27:49,114.16,49.42
2026-08-24T04:27:50,114.09,49.35
2026-08-24T04:27:51,113.37,48.63
2026-08-24T04:27:52,113.63,48.89
2026-08-24T04:27:53,114.01,49.26
2026-08-24T04:27:54,113.85,49.11
2026-08-24T04:27:55,114.02,49.28
2026-08-24T04:27:56,113.73,48.99
2026-08-24T04:27:57,113.64,48.9
2026-08-24T04:27:58,114.36,49.61
2026-08-24T04:27:59,113.45,48.72
2026-08-24T04:28:00,114.49,49.74
2026-08-24T04:28:01,114.39,49.64
2026-08-24T04:28:02,114.25,49.5
2026-08-24T04:28:03,114.27,49.52
2026-08-24T04:28:04,113.73,48.99
2026-08-24T04:28:05,113.85,49.11
2026-08-24T04:28:06,114.02,49.28
2026-08-24T04:28:07,113.77,49.03
2026-08-24T04:28:08,113.41,48.67
2026-08-24T04:28:09,113.93,49.19
2026-08-24T04:28:10,113.32,48.59
2026-08-24T04:28:11,113.75,49.01
2026-08-24T04:28:12,114.11,49.37
2026-08-24T04:28:13,113.74,49.0
2026-08-24T04:28:14,113.68,48.94
2026-08-24T04:28:15,114.19,49.44
2026-08-24T04:28:16,114.01,49.27
2026-08-24T04:28:17,114.51,49.76
2026-08-24T04:28:18,114.15,49.41
2026-08-24T04:28:19,113.73,48.99
2026-08-24T04:28:20,114.36,49.61
2026-08-24T04:28:21,115.15,50.39
2026-08-24T04:28:22,116.11,51.33
2026-08-24T04:28:23,116.59,51.81
2026-08-24T04:28:24,118.33,53.52
2026-08-24T04:28:25,121.96,57.1
2026-08-24T04:28:26,124.34,59.45
2026-08-24T04:28:27,126.89,61.96
2026-08-24T04:28:28,127.4,62.47
2026-08-24T04:28:29,128.59,63.64
2026-08-24T04:28:30,126.66,61.73
2026-08-24T04:28:31,123.43,58.55
2026-08-24T04:28:32,122.39,57.52
2026-08-24T04:28:33,120.33,55.5
2026-08-24T04:28:34,119.58,54.75
2026-08-24T04:28:35,118.59,53.78
2026-08-24T04:28:36,119.38,54.56
2026-08-24T04:28:37,116.48,51.7
2026-08-24T04:28:38,116.02,51.24
2026-08-24T04:28:39,115.96,51.18
2026-08-24T04:28:40,115.62,50.85
2026-08-24T04:28:41,114.77,50.02
2026-08-24T04:28:42,114.62,49.87
2026-08-24T04:28:43,114.6,49.85
2026-08-24T04:28:44,114.22,49.48
2026-08-24T04:28:45,113.7,48.96
2026-08-24T04:28:46,113.77,49.03
2026-08-24T04:28:47,113.94,49.2
2026-08-24T04:28:48,114.45,49.7
2026-08-24T04:28:49,114.34,49.59
2026-08-24T04:28:50,114.25,49.51
2026-08-24T04:28:51,114.15,49.4
2026-08-24T04:28:52,113.95,49.21
2026-08-24T04:28:53,114.11,49.36
2026-08-24T04:28:54,113.56,48.82
2026-08-24T04:28:55,114.25,49.5
2026-08-24T04:28:56,113.99,49.24
2026-08-24T04:28:57,114.09,49.34
2026-08-24T04:28:58,114.11,49.37
2026-08-24T04:28:59,114.0,49.25
2026-08-24T04:29:00,114.67,49.92
2026-08-24T04:29:01,114.42,49.67
2026-08-24T04:29:02,113.25,48.52
2026-08-24T04:29:03,113.68,48.94
2026-08-24T04:29:04,113.79,49.05
2026-08-24T04:29:05,113.92,49.18
2026-08-24T04:29:06,114.46,49.71
2026-08-24T04:29:07,113.3,48.57
2026-08-24T04:29:08,113.76,49.02
2026-08-24T04:29:09,114.08,49.34
2026-08-24T04:29:10,113.97,49.22
2026-08-24T04:29:11,114.16,49.42
2026-08-24T04:29:12,113.77,49.03
2026-08-24T04:29:13,113.94,49.2
2026-08-24T04:29:14,113.24,48.51
2026-08-24T04:29:15,113.72,48.98
2026-08-24T04:29:16,114.39,49.64
2026-08-24T04:29:17,113.8,49.06
2026-08-24T04:29:18,114.04,49.29
2026-08-24T04:29:19,113.89,49.15
2026-08-24T04:29:20,113.99,49.24
2026-08-24T04:29:21,114.07,49.33
2026-08-24T04:29:22,113.72,48.98
2026-08-24T04:29:23,113.59,48.86
2026-08-24T04:29:24,114.1,49.35
2026-08-24T04:29:25,113.58,48.84
2026-08-24T04:29:26,113.72,48.98
2026-08-24T04:29:27,114.2,49.46
2026-08-24T04:29:28,114.72,49.97
2026-08-24T04:29:29,115.35,50.59
2026-08-24T04:29:30,115.32,50.55
2026-08-24T04:29:31,116.63,51.85
2026-08-24T04:29:32,117.43,52.64
2026-08-24T04:29:33,121.34,56.49
2026-08-24T04:29:34,122.98,58.11
2026-08-24T04:29:35,125.22,60.32
2026-08-24T04:29:36,126.21,61.29
2026-08-24T04:29:37,126.4,61.48
2026-08-24T04:29:38,125.77,60.86
2026-08-24T04:29:39,122.15,57.29
2026-08-24T04:29:40,119.2,54.38
2026-08-24T04:29:41,117.21,52.42
2026-08-24T04:29:42,116.89,52.1
2026-08-24T04:29:43,116.21,51.43
2026-08-24T04:29:44,116.22,51.44
2026-08-24T04:29:45,115.57,50.81
2026-08-24T04:29:46,115.1,50.35
2026-08-24T04:29:47,114.71,49.96
2026-08-24T04:29:48,114.85,50.1
2026-08-24T04:29:49,114.11,49.37
2026-08-24T04:29:50,114.25,49.5
2026-08-24T04:29:51,114.04,49.3
2026-08-24T04:29:52,114.36,49.61
2026-08-24T04:29:53,114.44,49.69
2026-08-24T04:29:54,114.46,49.71
2026-08-24T04:29:55,114.14,49.39
2026-08-24T04:29:56,114.1,49.36
2026-08-24T04:29:57,113.77,49.03
2026-08-24T04:29:58,114.21,49.47
2026-08-24T04:29:59,114.1,49.35
2026-08-24T04:30:00,113.86,49.12
2026-08-24T04:30:01,114.38,49.63
2026-08-24T04:30:02,114.41,49.66
2026-08-24T04:30:03,113.47,48.74
2026-08-24T04:30:04,113.82,49.08
2026-08-24T04:30:05,114.23,49.48
2026-08-24T04:30:06,114.43,49.68
2026-08-24T04:30:07,113.85,49.1
2026-08-24T04:30:08,113.96,49.22
2026-08-24T04:30:09,113.69,48.95
2026-08-24T04:30:10,113.47,48.73
2026-08-24T04:30:11,114.06,49.32
2026-08-24T04:30:12,113.34,48.6
2026-08-24T04:30:13,113.78,49.03
2026-08-24T04:30:14,114.17,49.42
2026-08-24T04:30:15,113.79,49.05
2026-08-24T04:30:16,113.85,49.11
2026-08-24T04:30:17,114.1,49.35
2026-08-24T04:30:18,114.44,49.69
2026-08-24T04:30:19,114.1,49.35
2026-08-24T04:30:20,114.25,49.51
2026-08-24T04:30:21,113.91,49.17
2026-08-24T04:30:22,114.45,49.7
2026-08-24T04:30:23,114.37,49.62
2026-08-24T04:30:24,114.32,49.57
2026-08-24T04:30:25,113.52,48.79
2026-08-24T04:30:26,113.93,49.18
2026-08-24T04:30:27,113.72,48.98
2026-08-24T04:30:28,113.53,48.79
2026-08-24T04:30:29,114.4,49.65
2026-08-24T04:30:30,113.79,49.05
2026-08-24T04:30:31,113.68,48.94
2026-08-24T04:30:32,113.64,48.9
2026-08-24T04:30:33,114.21,49.47
2026-08-24T04:30:34,114.22,49.47
2026-08-24T04:30:35,113.84,49.1
2026-08-24T04:30:36,113.6,48.86
2026-08-24T04:30:37,114.09,49.34
2026-08-24T04:30:38,113.83,49.09
2026-08-24T04:30:39,113.79,49.05
2026-08-24T04:30:40,113.87,49.13
2026-08-24T04:30:41,113.81,49.07
2026-08-24T04:30:42,114.49,49.74
2026-08-24T04:30:43,114.36,49.61
2026-08-24T04:30:44,114.32,49.58
2026-08-24T04:30:45,113.95,49.21
2026-08-24T04:30:46,114.84,50.09
2026-08-24T04:30:47,114.92,50.16
2026-08-24T04:30:48,114.47,49.72
2026-08-24T04:30:49,113.79,49.05
2026-08-24T04:30:50,113.91,49.17
2026-08-24T04:30:51,114.4,49.65
2026-08-24T04:30:52,113.9,49.16
2026-08-24T04:30:53,114.67,49.92
2026-08-24T04:30:54,113.28,48.54
2026-08-24T04:30:55,113.85,49.11
2026-08-24T04:30:56,113.91,49.16
2026-08-24T04:30:57,113.37,48.64
2026-08-24T04:30:58,114.26,49.51
2026-08-24T04:30:59,113.61,48.87
2026-08-24T04:31:00,114.21,49.47
2026-08-24T04:31:01,113.81,49.07
2026-08-24T04:31:02,113.78,49.04
2026-08-24T04:31:03,113.98,49.24
2026-08-24T04:31:04,113.88,49.13
2026-08-24T04:31:05,114.22,49.47
2026-08-24T04:31:06,113.94,49.2
2026-08-24T04:31:07,114.51,49.76
2026-08-24T04:31:08,114.15,49.4
2026-08-24T04:31:09,114.45,49.7
2026-08-24T04:31:10,114.22,49.48
2026-08-24T04:31:11,114.58,49.83
2026-08-24T04:31:12,114.15,49.41
2026-08-24T04:31:13,114.41,49.66
2026-08-24T04:31:14,114.41,49.66
2026-08-24T04:31:15,114.83,50.07
2026-08-24T04:31:16,115.13,50.37
2026-08-24T04:31:17,116.14,51.36
2026-08-24T04:31:18,116.69,51.91
2026-08-24T04:31:19,118.5,53.7
2026-08-24T04:31:20,120.58,55.75
2026-08-24T04:31:21,122.68,57.81
2026-08-24T04:31:22,124.43,59.54
2026-08-24T04:31:23,127.52,62.59
2026-08-24T04:31:24,128.77,63.82
2026-08-24T04:31:25,128.58,63.63
2026-08-24T04:31:26,128.53,63.58
2026-08-24T04:31:27,124.55,59.66
2026-08-24T04:31:28,123.77,58.89
2026-08-24T04:31:29,121.13,56.28
2026-08-24T04:31:30,120.63,55.79
2026-08-24T04:31:31,118.35,53.54
2026-08-24T04:31:32,118.47,53.66
2026-08-24T04:31:33,115.57,50.8
2026-08-24T04:31:34,115.66,50.89
2026-08-24T04:31:35,115.65,50.88
2026-08-24T04:31:36,114.82,50.06
2026-08-24T04:31:37,114.51,49.76
2026-08-24T04:31:38,114.34,49.59
2026-08-24T04:31:39,114.27,49.52
2026-08-24T04:31:40,114.63,49.87
2026-08-24T04:31:41,114.2,49.45
2026-08-24T04:31:42,114.26,49.51
2026-08-24T04:31:43,114.74,49.99
2026-08-24T04:31:44,114.17,49.42
2026-08-24T04:31:45,114.6,49.85
2026-08-24T04:31:46,114.02,49.28
2026-08-24T04:31:47,114.04,49.3
2026-08-24T04:31:48,113.55,48.82
2026-08-24T04:31:49,114.33,49.58
2026-08-24T04:31:50,113.75,49.01
2026-08-24T04:31:51,113.38,48.65
2026-08-24T04:31:52,113.61,48.87
2026-08-24T04:31:53,113.46,48.72
2026-08-24T04:31:54,114.03,49.28
2026-08-24T04:31:55,113.57,48.83
2026-08-24T04:31:56,113.19,48.46
2026-08-24T04:31:57,113.97,49.23
2026-08-24T04:31:58,113.62,48.88
2026-08-24T04:31:59,113.99,49.24
2026-08-24T04:32:00,113.91,49.16
2026-08-24T04:32:01,114.22,49.47
2026-08-24T04:32:02,113.87,49.13
2026-08-24T04:32:03,114.43,49.68
2026-08-24T04:32:04,113.83,49.09
2026-08-24T04:32:05,113.79,49.05
2026-08-24T04:32:06,114.49,49.74
2026-08-24T04:32:07,113.59,48.85
2026-08-24T04:32:08,114.33,49.58
2026-08-24T04:32:09,113.91,49.17
2026-08-24T04:32:10,113.89,49.15
2026-08-24T04:32:11,113.76,49.02
2026-08-24T04:32:12,113.63,48.89
2026-08-24T04:32:13,114.31,49.57
2026-08-24T04:32:14,114.47,49.72
2026-08-24T04:32:15,113.98,49.24
2026-08-24T04:32:16,113.84,49.1
2026-08-24T04:32:17,114.22,49.47
2026-08-24T04:32:18,113.73,48.99
2026-08-24T04:32:19,113.41,48.68
2026-08-24T04:32:20,114.24,49.5
2026-08-24T04:32:21,113.86,49.12
2026-08-24T04:32:22,113.9,49.16
2026-08-24T04:32:23,114.32,49.57
2026-08-24T04:32:24,114.08,49.34
2026-08-24T04:32:25,113.84,49.1
2026-08-24T04:32:26,113.78,49.04
2026-08-24T04:32:27,113.72,48.98
2026-08-24T04:32:28,113.65,48.91
2026-08-24T04:32:29,113.72,48.98
2026-08-24T04:32:30,114.0,49.25
2026-08-24T04:32:31,113.87,49.13
2026-08-24T04:32:32,113.66,48.93
2026-08-24T04:32:33,114.16,49.42
2026-08-24T04:32:34,113.86,49.12
2026-08-24T04:32:35,114.19,49.44
2026-08-24T04:32:36,113.92,49.18
2026-08-24T04:32:37,113.81,49.06
2026-08-24T04:32:38,114.28,49.53
2026-08-24T04:32:39,114.15,49.4
2026-08-24T04:32:40,114.1,49.35
2026-08-24T04:32:41,113.78,49.03
2026-08-24T04:32:42,114.12,49.38
2026-08-24T04:32:43,113.58,48.84
2026-08-24T04:32:44,114.7,49.94
2026-08-24T04:32:45,113.93,49.19
2026-08-24T04:32:46,114.32,49.57
2026-08-24T04:32:47,113.94,49.19
2026-08-24T04:32:48,113.93,49.19
2026-08-24T04:32:49,114.42,49.67
2026-08-24T04:32:50,113.77,49.03
2026-08-24T04:32:51,113.98,49.23
2026-08-24T04:32:52,114.12,49.37
2026-08-24T04:32:53,113.75,49.01
2026-08-24T04:32:54,113.94,49.2
2026-08-24T04:32:55,114.62,49.87
2026-08-24T04:32:56,114.05,49.31
2026-08-24T04:32:57,114.07,49.33
2026-08-24T04:32:58,114.39,49.64
2026-08-24T04:32:59,114.25,49.5
2026-08-24T04:33:00,114.21,49.46
2026-08-24T04:33:01,114.11,49.36
2026-08-24T04:33:02,114.08,49.33
2026-08-24T04:33:03,113.46,48.72
2026-08-24T04:33:04,114.51,49.76
2026-08-24T04:33:05,114.62,49.86
2026-08-24T04:33:06,114.43,49.68
2026-08-24T04:33:07,114.18,49.44
2026-08-24T04:33:08,114.48,49.73
2026-08-24T04:33:09,114.71,49.95
2026-08-24T04:33:10,114.36,49.61
2026-08-24T04:33:11,114.32,49.57
2026-08-24T04:33:12,114.4,49.65
2026-08-24T04:33:13,114.23,49.48
2026-08-24T04:33:14,114.1,49.36
2026-08-24T04:33:15,113.91,49.17
2026-08-24T04:33:16,114.04,49.29
2026-08-24T04:33:17,114.17,49.42
2026-08-24T04:33:18,113.96,49.22
2026-08-24T04:33:19,114.58,49.83
2026-08-24T04:33:20,114.45,49.7
2026-08-24T04:33:21,114.14,49.39
2026-08-24T04:33:22,113.55,48.81
2026-08-24T04:33:23,114.3,49.55
2026-08-24T04:33:24,114.18,49.44
2026-08-24T04:33:25,113.43,48.69
2026-08-24T04:33:26,113.8,49.06
2026-08-24T04:33:27,113.86,49.12
2026-08-24T04:33:28,113.86,49.12
2026-08-24T04:33:29,113.5,48.76
2026-08-24T04:33:30,113.86,49.12
2026-08-24T04:33:31,114.49,49.74
2026-08-24T04:33:32,114.27,49.52
2026-08-24T04:33:33,114.08,49.33
2026-08-24T04:33:34,113.37,48.63
2026-08-24T04:33:35,113.84,49.1
2026-08-24T04:33:36,114.73,49.98
2026-08-24T04:33:37,115.51,50.75
2026-08-24T04:33:38,114.47,49.72
2026-08-24T04:33:39,115.0,50.24
2026-08-24T04:33:40,114.58,49.83
2026-08-24T04:33:41,113.83,49.09
2026-08-24T04:33:42,114.88,50.13
2026-08-24T04:33:43,114.4,49.65
2026-08-24T04:33:44,113.98,49.24
2026-08-24T04:33:45,114.5,49.75
2026-08-24T04:33:46,114.05,49.31
2026-08-24T04:33:47,113.5,48.76
2026-08-24T04:33:48,114.0,49.26
2026-08-24T04:33:49,114.37,49.62
2026-08-24T04:33:50,114.4,49.65
2026-08-24T04:33:51,114.25,49.5
2026-08-24T04:33:52,114.1,49.36
2026-08-24T04:33:53,114.19,49.45
2026-08-24T04:33:54,114.09,49.34
2026-08-24T04:33:55,114.54,49.78
2026-08-24T04:33:56,115.33,50.57
2026-08-24T04:33:57,114.1,49.35
2026-08-24T04:33:58,114.27,49.52
2026-08-24T04:33:59,114.33,49.58
2026-08-24T04:34:00,114.43,49.68
2026-08-24T04:34:01,114.74,49.99
2026-08-24T04:34:02,114.52,49.77
2026-08-24T04:34:03,114.27,49.52
2026-08-24T04:34:04,113.97,49.23
2026-08-24T04:34:05,114.49,49.74
2026-08-24T04:34:06,114.64,49.89
2026-08-24T04:34:07,114.24,49.49
2026-08-24T04:34:08,113.93,49.19
2026-08-24T04:34:09,114.53,49.78
2026-08-24T04:34:10,114.34,49.59
2026-08-24T04:34:11,114.19,49.44
2026-08-24T04:34:12,113.92,49.18
2026-08-24T04:34:13,114.42,49.67
2026-08-24T04:34:14,113.75,49.01
2026-08-24T04:34:15,114.01,49.26
2026-08-24T04:34:16,114.02,49.28
2026-08-24T04:34:17,114.4,49.65
2026-08-24T04:34:18,114.58,49.83
2026-08-24T04:34:19,114.4,49.65
2026-08-24T04:34:20,113.98,49.23
2026-08-24T04:34:21,114.18,49.44
2026-08-24T04:34:22,114.39,49.64
2026-08-24T04:34:23,114.02,49.28
2026-08-24T04:34:24,113.8,49.06
2026-08-24T04:34:25,113.59,48.85
2026-08-24T04:34:26,114.2,49.45
2026-08-24T04:34:27,114.5,49.75
2026-08-24T04:34:28,113.9,49.16
2026-08-24T04:34:29,113.93,49.19
2026-08-24T04:34:30,114.06,49.31
2026-08-24T04:34:31,114.58,49.83
2026-08-24T04:34:32,113.96,49.22
2026-08-24T04:34:33,113.73,48.99
2026-08-24T04:34:34,113.81,49.07
2026-08-24T04:34:35,113.96,49.21
2026-08-24T04:34:36,114.18,49.43
2026-08-24T04:34:37,114.3,49.55
2026-08-24T04:34:38,114.25,49.5
2026-08-24T04:34:39,113.81,49.07
2026-08-24T04:34:40,114.86,50.11
2026-08-24T04:34:41,113.76,49.02
2026-08-24T04:34:42,113.99,49.24
2026-08-24T04:34:43,113.62,48.88
2026-08-24T04:34:44,114.12,49.38
2026-08-24T04:34:45,114.98,50.22
2026-08-24T04:34:46,114.3,49.55
2026-08-24T04:34:47,114.13,49.39
2026-08-24T04:34:48,113.88,49.14
2026-08-24T04:34:49,114.07,49.33
2026-08-24T04:34:50,114.21,49.46
2026-08-24T04:34:51,113.87,49.12
2026-08-24T04:34:52,114.5,49.75
2026-08-24T04:34:53,113.88,49.14
2026-08-24T04:34:54,113.9,49.15
2026-08-24T04:34:55,113.99,49.25
2026-08-24T04:34:56,113.85,49.1
2026-08-24T04:34:57,114.24,49.49
2026-08-24T04:34:58,114.59,49.84
2026-08-24T04:34:59,114.88,50.13
2026-08-24T04:35:00,114.63,49.88
2026-08-24T04:35:01,114.59,49.84
2026-08-24T04:35:02,114.72,49.97
2026-08-24T04:35:03,115.07,50.31
2026-08-24T04:35:04,114.52,49.77
2026-08-24T04:35:05,114.88,50.13
2026-08-24T04:35:06,115.67,50.9
2026-08-24T04:35:07,114.61,49.86
2026-08-24T04:35:08,113.81,49.07
2026-08-24T04:35:09,114.86,50.1
2026-08-24T04:35:10,114.27,49.53
2026-08-24T04:35:11,114.58,49.82
2026-08-24T04:35:12,114.87,50.11
2026-08-24T04:35:13,115.21,50.45
2026-08-24T04:35:14,114.28,49.54
2026-08-24T04:35:15,114.46,49.71
2026-08-24T04:35:16,114.1,49.36
2026-08-24T04:35:17,114.16,49.41
2026-08-24T04:35:18,114.23,49.48
2026-08-24T04:35:19,113.99,49.25
2026-08-24T04:35:20,114.04,49.29
2026-08-24T04:35:21,114.01,49.26
2026-08-24T04:35:22,114.23,49.48
2026-08-24T04:35:23,114.3,49.55
2026-08-24T04:35:24,114.01,49.27
2026-08-24T04:35:25,114.22,49.47
2026-08-24T04:35:26,114.2,49.45
2026-08-24T04:35:27,113.88,49.13
2026-08-24T04:35:28,114.15,49.41
2026-08-24T04:35:29,114.41,49.66
2026-08-24T04:35:30,114.98,50.23
2026-08-24T04:35:31,114.45,49.7
2026-08-24T04:35:32,114.18,49.43
2026-08-24T04:35:33,114.36,49.61
2026-08-24T04:35:34,114.45,49.7
2026-08-24T04:35:35,114.12,49.37
2026-08-24T04:35:36,114.01,49.26
2026-08-24T04:35:37,113.86,49.11
2026-08-24T04:35:38,114.05,49.31
2026-08-24T04:35:39,114.12,49.38
2026-08-24T04:35:40,114.32,49.57
2026-08-24T04:35:41,114.16,49.41
2026-08-24T04:35:42,113.92,49.18
2026-08-24T04:35:43,114.45,49.7
2026-08-24T04:35:44,114.18,49.43
2026-08-24T04:35:45,114.78,50.03
2026-08-24T04:35:46,114.28,49.54
2026-08-24T04:35:47,114.34,49.59
2026-08-24T04:35:48,114.31,49.56
2026-08-24T04:35:49,114.21,49.47
2026-08-24T04:35:50,114.0,49.25
2026-08-24T04:35:51,114.01,49.26
2026-08-24T04:35:52,114.13,49.38
2026-08-24T04:35:53,113.93,49.18
2026-08-24T04:35:54,114.05,49.31
2026-08-24T04:35:55,114.73,49.98
2026-08-24T04:35:56,113.88,49.14
2026-08-24T04:35:57,114.77,50.02
2026-08-24T04:35:58,113.84,49.1
2026-08-24T04:35:59,113.69,48.95
2026-08-24T04:36:00,113.83,49.09
2026-08-24T04:36:01,113.87,49.13
2026-08-24T04:36:02,114.0,49.25
2026-08-24T04:36:03,113.82,49.08
2026-08-24T04:36:04,113.56,48.83
2026-08-24T04:36:05,113.83,49.09
2026-08-24T04:36:06,114.34,49.59
2026-08-24T04:36:07,114.32,49.58
2026-08-24T04:36:08,113.58,48.84
2026-08-24T04:36:09,114.37,49.62
2026-08-24T04:36:10,114.42,49.67
2026-08-24T04:36:11,114.42,49.67
2026-08-24T04:36:12,114.44,49.69
2026-08-24T04:36:13,114.7,49.95
2026-08-24T04:36:14,113.89,49.15
2026-08-24T04:36:15,114.67,49.91
2026-08-24T04:36:16,113.92,49.18
2026-08-24T04:36:17,113.66,48.92
2026-08-24T04:36:18,114.64,49.89
2026-08-24T04:36:19,114.34,49.59
2026-08-24T04:36:20,114.27,49.52
2026-08-24T04:36:21,114.29,49.55
2026-08-24T04:36:22,113.87,49.12
2026-08-24T04:36:23,114.68,49.93
2026-08-24T04:36:24,114.42,49.67
2026-08-24T04:36:25,114.23,49.48
2026-08-24T04:36:26,114.2,49.46
2026-08-24T04:36:27,113.87,49.13
2026-08-24T04:36:28,114.51,49.76
2026-08-24T04:36:29,114.64,49.89
2026-08-24T04:36:30,114.41,49.66
2026-08-24T04:36:31,114.42,49.67
2026-08-24T04:36:32,114.76,50.01
2026-08-24T04:36:33,114.39,49.64
2026-08-24T04:36:34,114.28,49.54
2026-08-24T04:36:35,114.61,49.86
2026-08-24T04:36:36,113.73,48.99
2026-08-24T04:36:37,114.52,49.77
2026-08-24T04:36:38,114.28,49.54
2026-08-24T04:36:39,114.53,49.78
2026-08-24T04:36:40,114.62,49.87
2026-08-24T04:36:41,114.42,49.67
2026-08-24T04:36:42,114.78,50.02
2026-08-24T04:36:43,114.66,49.91
2026-08-24T04:36:44,114.86,50.11
2026-08-24T04:36:45,115.64,50.87
2026-08-24T04:36:46,115.33,50.57
2026-08-24T04:36:47,115.9,51.13
2026-08-24T04:36:48,116.05,51.28
2026-08-24T04:36:49,116.98,52.19
2026-08-24T04:36:50,118.02,53.22
2026-08-24T04:36:51,117.51,52.71
2026-08-24T04:36:52,116.9,52.11
2026-08-24T04:36:53,115.44,50.67
2026-08-24T04:36:54,114.63,49.88
2026-08-24T04:36:55,115.13,50.37
2026-08-24T04:36:56,114.42,49.67
2026-08-24T04:36:57,114.63,49.88
2026-08-24T04:36:58,115.35,50.59
2026-08-24T04:36:59,115.55,50.78
2026-08-24T04:37:00,115.42,50.65
2026-08-24T04:37:01,115.16,50.4
2026-08-24T04:37:02,120.8,55.96
2026-08-24T04:37:03,121.77,56.92
2026-08-24T04:37:04,120.64,55.8
2026-08-24T04:37:05,119.1,54.29
2026-08-24T04:37:06,118.81,54.0
2026-08-24T04:37:07,116.41,51.63
2026-08-24T04:37:08,114.98,50.22
2026-08-24T04:37:09,114.15,49.4
2026-08-24T04:37:10,114.63,49.88
2026-08-24T04:37:11,114.91,50.15
2026-08-24T04:37:12,115.83,51.06
2026-08-24T04:37:13,116.75,51.97
2026-08-24T04:37:14,114.98,50.22
2026-08-24T04:37:15,114.43,49.69
2026-08-24T04:37:16,114.9,50.14
2026-08-24T04:37:17,114.27,49.52
2026-08-24T04:37:18,116.73,51.95
2026-08-24T04:37:19,115.78,51.01
2026-08-24T04:37:20,114.15,49.41
2026-08-24T04:37:21,114.84,50.08
2026-08-24T04:37:22,114.95,50.2
2026-08-24T04:37:23,114.88,50.12
2026-08-24T04:37:24,114.8,50.04
2026-08-24T04:37:25,114.39,49.64
2026-08-24T04:37:26,114.46,49.71
2026-08-24T04:37:27,114.27,49.52
2026-08-24T04:37:28,114.35,49.6
2026-08-24T04:37:29,114.39,49.64
2026-08-24T04:37:30,114.92,50.16
2026-08-24T04:37:31,113.93,49.19
2026-08-24T04:37:32,113.94,49.2
2026-08-24T04:37:33,114.77,50.02
2026-08-24T04:37:34,116.71,51.92
2026-08-24T04:37:35,117.01,52.23
2026-08-24T04:37:36,124.46,59.57
2026-08-24T04:37:37,114.76,50.01
2026-08-24T04:37:38,117.38,52.59
2026-08-24T04:37:39,114.71,49.96
2026-08-24T04:37:40,120.72,55.88
2026-08-24T04:37:41,114.56,49.81
2026-08-24T04:37:42,115.69,50.92
2026-08-24T04:37:43,113.24,48.51
2026-08-24T04:37:44,114.91,50.15
2026-08-24T04:37:45,115.18,50.42
2026-08-24T04:37:46,114.57,49.82
2026-08-24T04:37:47,114.54,49.79
2026-08-24T04:37:48,116.66,51.88
2026-08-24T04:37:49,119.8,54.97
2026-08-24T04:37:50,125.23,60.33
2026-08-24T04:37:51,130.04,65.07
2026-08-24T04:37:52,129.62,64.66
2026-08-24T04:37:53,129.11,64.15
2026-08-24T04:37:54,123.44,58.57
2026-08-24T04:37:55,116.14,51.36
2026-08-24T04:37:56,114.99,50.24
2026-08-24T04:37:57,113.92,49.18
2026-08-24T04:37:58,113.54,48.8
2026-08-24T04:37:59,113.43,48.69
2026-08-24T04:38:00,113.3,48.57
2026-08-24T04:38:01,114.06,49.32
2026-08-24T04:38:02,115.31,50.55
2026-08-24T04:38:03,114.36,49.61
2026-08-24T04:38:04,113.55,48.82
2026-08-24T04:38:05,113.93,49.19
2026-08-24T04:38:06,114.11,49.36
2026-08-24T04:38:07,113.84,49.1
2026-08-24T04:38:08,113.71,48.97
2026-08-24T04:38:09,114.23,49.48
2026-08-24T04:38:10,112.87,48.14
2026-08-24T04:38:11,114.31,49.57
2026-08-24T04:38:12,113.53,48.8
2026-08-24T04:38:13,114.02,49.27
2026-08-24T04:38:14,114.01,49.27
2026-08-24T04:38:15,114.37,49.62
2026-08-24T04:38:16,113.48,48.74
2026-08-24T04:38:17,113.62,48.88
2026-08-24T04:38:18,114.92,50.16
2026-08-24T04:38:19,114.07,49.32
2026-08-24T04:38:20,113.66,48.92
2026-08-24T04:38:21,113.25,48.52
2026-08-24T04:38:22,113.98,49.24
2026-08-24T04:38:23,113.73,48.99
2026-08-24T04:38:24,114.9,50.15
2026-08-24T04:38:25,115.05,50.3
2026-08-24T04:38:26,113.85,49.11
2026-08-24T04:38:27,113.91,49.17
2026-08-24T04:38:28,113.48,48.74
2026-08-24T04:38:29,113.6,48.86
2026-08-24T04:38:30,114.55,49.8
2026-08-24T04:38:31,114.1,49.35
2026-08-24T04:38:32,115.39,50.63
2026-08-24T04:38:33,115.6,50.83
2026-08-24T04:38:34,117.2,52.41
2026-08-24T04:38:35,116.6,51.82
2026-08-24T04:38:36,116.4,51.62
2026-08-24T04:38:37,118.65,53.84
2026-08-24T04:38:38,116.49,51.71
2026-08-24T04:38:39,116.44,51.67
2026-08-24T04:38:40,114.34,49.6
2026-08-24T04:38:41,113.61,48.88
2026-08-24T04:38:42,114.29,49.54
2026-08-24T04:38:43,113.54,48.81
2026-08-24T04:38:44,113.49,48.76
2026-08-24T04:38:45,114.14,49.4
2026-08-24T04:38:46,113.79,49.05
2026-08-24T04:38:47,113.93,49.19
2026-08-24T04:38:48,114.3,49.55
2026-08-24T04:38:49,114.06,49.32
2026-08-24T04:38:50,113.56,48.82
2026-08-24T04:38:51,113.81,49.07
2026-08-24T04:38:52,113.5,48.77
2026-08-24T04:38:53,114.61,49.86
2026-08-24T04:38:54,113.68,48.94
2026-08-24T04:38:55,113.72,48.98
2026-08-24T04:38:56,114.08,49.34
2026-08-24T04:38:57,113.21,48.48
2026-08-24T04:38:58,113.68,48.94
2026-08-24T04:38:59,113.69,48.95
2026-08-24T04:39:00,113.35,48.61
2026-08-24T04:39:01,113.66,48.92
2026-08-24T04:39:02,114.01,49.27
2026-08-24T04:39:03,113.98,49.24
2026-08-24T04:39:04,114.03,49.29
2026-08-24T04:39:05,113.17,48.44
2026-08-24T04:39:06,113.38,48.64
2026-08-24T04:39:07,113.69,48.95
2026-08-24T04:39:08,114.3,49.56
2026-08-24T04:39:09,113.54,48.81
2026-08-24T04:39:10,113.8,49.06
2026-08-24T04:39:11,113.73,48.99
2026-08-24T04:39:12,113.37,48.64
2026-08-24T04:39:13,113.82,49.08
2026-08-24T04:39:14,113.38,48.65
2026-08-24T04:39:15,114.34,49.6
2026-08-24T04:39:16,113.98,49.24
2026-08-24T04:39:17,113.78,49.04
2026-08-24T04:39:18,113.49,48.75
2026-08-24T04:39:19,113.63,48.89
2026-08-24T04:39:20,113.38,48.64
2026-08-24T04:39:21,113.35,48.62
2026-08-24T04:39:22,113.5,48.76
2026-08-24T04:39:23,113.06,48.33
2026-08-24T04:39:24,113.89,49.15
2026-08-24T04:39:25,113.86,49.12
2026-08-24T04:39:26,113.76,49.02
2026-08-24T04:39:27,113.73,48.99
2026-08-24T04:39:28,113.58,48.84
2026-08-24T04:39:29,113.98,49.24
2026-08-24T04:39:30,113.74,49.0
2026-08-24T04:39:31,113.61,48.87
2026-08-24T04:39:32,113.79,49.05
2026-08-24T04:39:33,113.57,48.84
2026-08-24T04:39:34,112.99,48.26
2026-08-24T04:39:35,113.44,48.7
2026-08-24T04:39:36,113.19,48.46
2026-08-24T04:39:37,113.89,49.15
2026-08-24T04:39:38,113.67,48.93
2026-08-24T04:39:39,113.54,48.8
2026-08-24T04:39:40,113.35,48.62
2026-08-24T04:39:41,113.56,48.82
2026-08-24T04:39:42,113.46,48.72
2026-08-24T04:39:43,113.57,48.84
2026-08-24T04:39:44,113.33,48.6
2026-08-24T04:39:45,113.82,49.08
2026-08-24T04:39:46,113.75,49.01
2026-08-24T04:39:47,113.5,48.76
2026-08-24T04:39:48,113.92,49.18
2026-08-24T04:39:49,113.93,49.19
2026-08-24T04:39:50,113.62,48.88
2026-08-24T04:39:51,113.38,48.64
2026-08-24T04:39:52,113.91,49.17
2026-08-24T04:39:53,113.32,48.59
2026-08-24T04:39:54,113.44,48.7
2026-08-24T04:39:55,114.5,49.75
2026-08-24T04:39:56,113.35,48.61
2026-08-24T04:39:57,113.06,48.33
2026-08-24T04:39:58,113.42,48.69
2026-08-24T04:39:59,113.75,49.01
2026-08-24T04:40:00,113.68,48.94
2026-08-24T04:40:01,113.26,48.53
2026-08-24T04:40:02,113.37,48.64
2026-08-24T04:40:03,113.23,48.5
2026-08-24T04:40:04,113.82,49.08
2026-08-24T04:40:05,113.84,49.1
2026-08-24T04:40:06,113.56,48.82
2026-08-24T04:40:07,113.54,48.81
2026-08-24T04:40:08,113.19,48.46
2026-08-24T04:40:09,113.95,49.21
2026-08-24T04:40:10,113.39,48.66
2026-08-24T04:40:11,113.38,48.64
2026-08-24T04:40:12,113.75,49.01
2026-08-24T04:40:13,113.94,49.2
2026-08-24T04:40:14,113.76,49.02
2026-08-24T04:40:15,113.35,48.62
2026-08-24T04:40:16,113.65,48.91
2026-08-24T04:40:17,113.93,49.19
2026-08-24T04:40:18,113.83,49.09
2026-08-24T04:40:19,114.08,49.34
2026-08-24T04:40:20,114.03,49.28
2026-08-24T04:40:21,113.03,48.3
2026-08-24T04:40:22,113.47,48.73
2026-08-24T04:40:23,113.79,49.05
2026-08-24T04:40:24,114.15,49.4
2026-08-24T04:40:25,114.09,49.35
2026-08-24T04:40:26,113.96,49.22
2026-08-24T04:40:27,113.79,49.05
2026-08-24T04:40:28,114.11,49.37
2026-08-24T04:40:29,113.67,48.93
2026-08-24T04:40:30,113.89,49.15
2026-08-24T04:40:31,113.57,48.84
2026-08-24T04:40:32,114.29,49.55
2026-08-24T04:40:33,114.06,49.32
2026-08-24T04:40:34,113.86,49.12
2026-08-24T04:40:35,113.71,48.97
2026-08-24T04:40:36,113.49,48.76
2026-08-24T04:40:37,113.25,48.52
2026-08-24T04:40:38,113.93,49.18
2026-08-24T04:40:39,114.34,49.6
2026-08-24T04:40:40,113.55,48.81
2026-08-24T04:40:41,114.1,49.36
2026-08-24T04:40:42,114.11,49.36
2026-08-24T04:40:43,113.83,49.09
2026-08-24T04:40:44,113.75,49.01
2026-08-24T04:40:45,113.75,49.01
2026-08-24T04:40:46,113.13,48.4
2026-08-24T04:40:47,113.64,48.9
2026-08-24T04:40:48,114.27,49.52
2026-08-24T04:40:49,112.67,47.94
2026-08-24T04:40:50,113.23,48.5
2026-08-24T04:40:51,112.92,48.2
2026-08-24T04:40:52,113.27,48.54
2026-08-24T04:40:53,113.34,48.61
2026-08-24T04:40:54,113.72,48.98
2026-08-24T04:40:55,113.53,48.79
2026-08-24T04:40:56,113.73,48.99
2026-08-24T04:40:57,113.51,48.77
2026-08-24T04:40:58,113.77,49.03
2026-08-24T04:40:59,114.27,49.52
2026-08-24T04:41:00,113.96,49.22
2026-08-24T04:41:01,113.54,48.81
2026-08-24T04:41:02,113.01,48.28
2026-08-24T04:41:03,113.49,48.76
2026-08-24T04:41:04,113.58,48.84
2026-08-24T04:41:05,114.18,49.43
2026-08-24T04:41:06,113.62,48.88
2026-08-24T04:41:07,113.56,48.82
2026-08-24T04:41:08,114.06,49.32
2026-08-24T04:41:09,114.53,49.78
2026-08-24T04:41:10,113.81,49.07
2026-08-24T04:41:11,113.31,48.58
2026-08-24T04:41:12,113.69,48.95
2026-08-24T04:41:13,113.89,49.15
2026-08-24T04:41:14,113.98,49.24
2026-08-24T04:41:15,114.02,49.28
2026-08-24T04:41:16,113.85,49.11
2026-08-24T04:41:17,113.13,48.4
2026-08-24T04:41:18,114.31,49.56
2026-08-24T04:41:19,114.53,49.78
2026-08-24T04:41:20,113.79,49.05
2026-08-24T04:41:21,114.75,49.99
2026-08-24T04:41:22,113.52,48.78
2026-08-24T04:41:23,113.93,49.19
2026-08-24T04:41:24,113.76,49.02
2026-08-24T04:41:25,114.29,49.54
2026-08-24T04:41:26,113.2,48.47
2026-08-24T04:41:27,113.67,48.94
2026-08-24T04:41:28,113.98,49.24
2026-08-24T04:41:29,113.66,48.92
2026-08-24T04:41:30,113.61,48.87
2026-08-24T04:41:31,113.56,48.83
2026-08-24T04:41:32,114.67,49.92
2026-08-24T04:41:33,113.45,48.71
2026-08-24T04:41:34,112.85,48.12
2026-08-24T04:41:35,113.47,48.74
2026-08-24T04:41:36,113.23,48.5
2026-08-24T04:41:37,113.53,48.79
2026-08-24T04:41:38,113.68,48.94
2026-08-24T04:41:39,113.69,48.95
2026-08-24T04:41:40,113.69,48.95
2026-08-24T04:41:41,113.69,48.95
2026-08-24T04:41:42,113.71,48.97
2026-08-24T04:41:43,114.1,49.36
2026-08-24T04:41:44,113.76,49.02
2026-08-24T04:41:45,113.4,48.67
2026-08-24T04:41:46,113.36,48.63
2026-08-24T04:41:47,113.34,48.61
2026-08-24T04:41:48,113.11,48.38
2026-08-24T04:41:49,114.01,49.27
2026-08-24T04:41:50,114.1,49.36
2026-08-24T04:41:51,113.75,49.01
2026-08-24T04:41:52,114.32,49.57
2026-08-24T04:41:53,113.48,48.75
2026-08-24T04:41:54,113.24,48.51
2026-08-24T04:41:55,113.51,48.77
2026-08-24T04:41:56,114.31,49.56
2026-08-24T04:41:57,114.65,49.9
2026-08-24T04:41:58,114.08,49.33
2026-08-24T04:41:59,113.56,48.82
2026-08-24T04:42:00,114.22,49.47
2026-08-24T04:42:01,113.73,48.99
2026-08-24T04:42:02,113.72,48.98
2026-08-24T04:42:03,113.13,48.4
2026-08-24T04:42:04,113.26,48.53
2026-08-24T04:42:05,113.73,48.99
2026-08-24T04:42:06,113.51,48.78
2026-08-24T04:42:07,113.64,48.9
2026-08-24T04:42:08,113.42,48.68
2026-08-24T04:42:09,113.9,49.15
2026-08-24T04:42:10,113.77,49.03
2026-08-24T04:42:11,113.46,48.72
2026-08-24T04:42:12,113.32,48.59
2026-08-24T04:42:13,113.61,48.87
2026-08-24T04:42:14,113.76,49.02
2026-08-24T04:42:15,113.95,49.2
2026-08-24T04:42:16,113.38,48.64
2026-08-24T04:42:17,113.54,48.8
2026-08-24T04:42:18,113.19,48.46
2026-08-24T04:42:19,113.5,48.76
2026-08-24T04:42:20,113.85,49.11
2026-08-24T04:42:21,113.82,49.08
2026-08-24T04:42:22,113.32,48.58
2026-08-24T04:42:23,113.79,49.05
2026-08-24T04:42:24,113.55,48.81
2026-08-24T04:42:25,113.23,48.5
2026-08-24T04:42:26,113.92,49.18
2026-08-24T04:42:27,113.31,48.58
2026-08-24T04:42:28,113.72,48.98
2026-08-24T04:42:29,114.2,49.45
2026-08-24T04:42:30,113.61,48.87
2026-08-24T04:42:31,113.86,49.12
2026-08-24T04:42:32,113.75,49.01
2026-08-24T04:42:33,113.16,48.43
2026-08-24T04:42:34,113.89,49.15
2026-08-24T04:42:35,113.7,48.96
2026-08-24T04:42:36,113.66,48.92
2026-08-24T04:42:37,113.47,48.74
2026-08-24T04:42:38,113.52,48.79
2026-08-24T04:42:39,113.54,48.8
2026-08-24T04:42:40,113.36,48.63
2026-08-24T04:42:41,113.61,48.88
2026-08-24T04:42:42,113.32,48.58
2026-08-24T04:42:43,113.74,49.0
2026-08-24T04:42:44,113.38,48.65
2026-08-24T04:42:45,113.98,49.24
2026-08-24T04:42:46,113.92,49.18
2026-08-24T04:42:47,113.94,49.2
2026-08-24T04:42:48,114.02,49.28
2026-08-24T04:42:49,113.84,49.1
2026-08-24T04:42:50,114.01,49.27
2026-08-24T04:42:51,113.69,48.95
2026-08-24T04:42:52,113.28,48.55
2026-08-24T04:42:53,114.12,49.37
2026-08-24T04:42:54,113.9,49.16
2026-08-24T04:42:55,113.46,48.72
2026-08-24T04:42:56,114.11,49.36
2026-08-24T04:42:57,113.77,49.03
2026-08-24T04:42:58,113.35,48.61
2026-08-24T04:42:59,114.01,49.27
2026-08-24T04:43:00,113.64,48.9
2026-08-24T04:43:01,114.15,49.41
2026-08-24T04:43:02,113.35,48.62
2026-08-24T04:43:03,113.92,49.17
2026-08-24T04:43:04,114.04,49.29
2026-08-24T04:43:05,113.71,48.97
2026-08-24T04:43:06,113.76,49.02
2026-08-24T04:43:07,114.47,49.72
2026-08-24T04:43:08,113.47,48.73
2026-08-24T04:43:09,113.82,49.08
2026-08-24T04:43:10,113.79,49.05
2026-08-24T04:43:11,114.25,49.51
2026-08-24T04:43:12,113.14,48.41
2026-08-24T04:43:13,113.47,48.73
2026-08-24T04:43:14,113.74,49.0
2026-08-24T04:43:15,113.92,49.18
2026-08-24T04:43:16,114.3,49.56
2026-08-24T04:43:17,113.7,48.96
2026-08-24T04:43:18,113.96,49.22
2026-08-24T04:43:19,114.28,49.54
2026-08-24T04:43:20,113.84,49.1
2026-08-24T04:43:21,113.82,49.08
2026-08-24T04:43:22,114.63,49.88
2026-08-24T04:43:23,114.42,49.67
2026-08-24T04:43:24,114.89,50.13
2026-08-24T04:43:25,114.84,50.09
2026-08-24T04:43:26,115.22,50.46
2026-08-24T04:43:27,115.56,50.8
2026-08-24T04:43:28,117.29,52.5
2026-08-24T04:43:29,118.7,53.89
2026-08-24T04:43:30,122.09,57.23
2026-08-24T04:43:31,125.04,60.14
2026-08-24T04:43:32,125.0,60.1
2026-08-24T04:43:33,125.79,60.88
2026-08-24T04:43:34,126.0,61.09
2026-08-24T04:43:35,123.62,58.74
2026-08-24T04:43:36,120.17,55.34
2026-08-24T04:43:37,118.3,53.49
2026-08-24T04:43:38,116.48,51.7
2026-08-24T04:43:39,116.29,51.52
2026-08-24T04:43:40,115.07,50.31
2026-08-24T04:43:41,116.4,51.63
2026-08-24T04:43:42,115.22,50.46
2026-08-24T04:43:43,115.02,50.26
2026-08-24T04:43:44,114.55,49.8
2026-08-24T04:43:45,114.05,49.3
2026-08-24T04:43:46,113.34,48.61
2026-08-24T04:43:47,113.36,48.63
2026-08-24T04:43:48,113.71,48.97
2026-08-24T04:43:49,113.91,49.17
2026-08-24T04:43:50,113.47,48.73
2026-08-24T04:43:51,113.62,48.88
2026-08-24T04:43:52,113.89,49.15
2026-08-24T04:43:53,114.26,49.51
2026-08-24T04:43:54,113.51,48.78
2026-08-24T04:43:55,113.64,48.9
2026-08-24T04:43:56,113.08,48.35
2026-08-24T04:43:57,113.11,48.38
2026-08-24T04:43:58,113.25,48.52
2026-08-24T04:43:59,113.7,48.96
2026-08-24T04:44:00,114.14,49.39
2026-08-24T04:44:01,114.2,49.46
2026-08-24T04:44:02,113.67,48.93
2026-08-24T04:44:03,113.34,48.61
2026-08-24T04:44:04,113.62,48.88
2026-08-24T04:44:05,114.16,49.41
2026-08-24T04:44:06,113.54,48.8
2026-08-24T04:44:07,113.65,48.91
2026-08-24T04:44:08,113.18,48.45
2026-08-24T04:44:09,113.95,49.21
2026-08-24T04:44:10,113.61,48.87
2026-08-24T04:44:11,113.92,49.18
2026-08-24T04:44:12,113.86,49.12
2026-08-24T04:44:13,113.88,49.14
2026-08-24T04:44:14,113.24,48.51
2026-08-24T04:44:15,114.42,49.67
2026-08-24T04:44:16,113.81,49.07
2026-08-24T04:44:17,113.3,48.57
2026-08-24T04:44:18,113.74,49.0
2026-08-24T04:44:19,113.55,48.82
2026-08-24T04:44:20,114.07,49.33
2026-08-24T04:44:21,113.58,48.84
2026-08-24T04:44:22,112.57,47.85
2026-08-24T04:44:23,113.79,49.05
2026-08-24T04:44:24,113.78,49.04
2026-08-24T04:44:25,113.27,48.53
2026-08-24T04:44:26,113.38,48.65
2026-08-24T04:44:27,113.39,48.65
2026-08-24T04:44:28,113.97,49.23
2026-08-24T04:44:29,113.53,48.79
2026-08-24T04:44:30,114.19,49.44
2026-08-24T04:44:31,113.13,48.39
2026-08-24T04:44:32,113.99,49.25
2026-08-24T04:44:33,114.31,49.56
2026-08-24T04:44:34,113.6,48.86
2026-08-24T04:44:35,114.19,49.45
2026-08-24T04:44:36,113.66,48.92
2026-08-24T04:44:37,113.95,49.21
2026-08-24T04:44:38,113.35,48.62
2026-08-24T04:44:39,113.32,48.58
2026-08-24T04:44:40,113.75,49.01
2026-08-24T04:44:41,113.38,48.64
2026-08-24T04:44:42,113.84,49.1
2026-08-24T04:44:43,113.77,49.03
2026-08-24T04:44:44,113.84,49.1
2026-08-24T04:44:45,113.83,49.08
2026-08-24T04:44:46,112.84,48.12
2026-08-24T04:44:47,113.48,48.74
2026-08-24T04:44:48,113.81,49.06
2026-08-24T04:44:49,114.07,49.33
2026-08-24T04:44:50,113.8,49.06
2026-08-24T04:44:51,113.59,48.85
2026-08-24T04:44:52,113.84,49.1
2026-08-24T04:44:53,113.29,48.56
2026-08-24T04:44:54,113.87,49.13
2026-08-24T04:44:55,113.87,49.13
2026-08-24T04:44:56,113.63,48.89
2026-08-24T04:44:57,113.79,49.05
2026-08-24T04:44:58,114.05,49.3
2026-08-24T04:44:59,114.46,49.71
2026-08-24T04:45:00,114.0,49.26
2026-08-24T04:45:01,113.41,48.67
2026-08-24T04:45:02,112.95,48.22
2026-08-24T04:45:03,114.29,49.54
2026-08-24T04:45:04,113.16,48.43
2026-08-24T04:45:05,113.73,48.99
2026-08-24T04:45:06,114.41,49.66
2026-08-24T04:45:07,113.66,48.93
2026-08-24T04:45:08,113.94,49.19
2026-08-24T04:45:09,114.4,49.65
2026-08-24T04:45:10,113.64,48.9
2026-08-24T04:45:11,114.04,49.3
2026-08-24T04:45:12,113.96,49.21
2026-08-24T04:45:13,114.49,49.74
2026-08-24T04:45:14,114.17,49.42
2026-08-24T04:45:15,114.0,49.26
2026-08-24T04:45:16,114.25,49.5
2026-08-24T04:45:17,114.54,49.79
2026-08-24T04:45:18,114.51,49.75
2026-08-24T04:45:19,114.64,49.89
2026-08-24T04:45:20,114.5,49.75
2026-08-24T04:45:21,114.08,49.33
2026-08-24T04:45:22,114.01,49.27
2026-08-24T04:45:23,114.63,49.87
2026-08-24T04:45:24,114.17,49.42
2026-08-24T04:45:25,114.22,49.47
2026-08-24T04:45:26,114.47,49.72
2026-08-24T04:45:27,114.36,49.61
2026-08-24T04:45:28,114.1,49.35
2026-08-24T04:45:29,113.97,49.23
2026-08-24T04:45:30,114.29,49.54
2026-08-24T04:45:31,113.46,48.72
2026-08-24T04:45:32,114.16,49.41
2026-08-24T04:45:33,113.68,48.94
2026-08-24T04:45:34,113.81,49.07
2026-08-24T04:45:35,113.45,48.72
2026-08-24T04:45:36,114.27,49.52
2026-08-24T04:45:37,114.62,49.87
2026-08-24T04:45:38,114.83,50.08
2026-08-24T04:45:39,114.82,50.07
2026-08-24T04:45:40,116.32,51.55
2026-08-24T04:45:41,116.47,51.69
2026-08-24T04:45:42,119.38,54.56
2026-08-24T04:45:43,121.28,56.43
2026-08-24T04:45:44,122.9,58.03
2026-08-24T04:45:45,123.71,58.83
2026-08-24T04:45:46,124.16,59.27
2026-08-24T04:45:47,123.93,59.05
2026-08-24T04:45:48,123.09,58.22
2026-08-24T04:45:49,119.27,54.46
2026-08-24T04:45:50,116.97,52.18
2026-08-24T04:45:51,116.18,51.4
2026-08-24T04:45:52,115.7,50.93
2026-08-24T04:45:53,114.86,50.11
2026-08-24T04:45:54,115.09,50.33
2026-08-24T04:45:55,115.8,51.03
2026-08-24T04:45:56,115.02,50.27
2026-08-24T04:45:57,114.15,49.4
2026-08-24T04:45:58,114.36,49.61
2026-08-24T04:45:59,114.02,49.27
2026-08-24T04:46:00,113.91,49.16
2026-08-24T04:46:01,113.79,49.05
2026-08-24T04:46:02,114.1,49.36
2026-08-24T04:46:03,113.96,49.22
2026-08-24T04:46:04,113.47,48.74
2026-08-24T04:46:05,113.8,49.06
2026-08-24T04:46:06,113.78,49.04
2026-08-24T04:46:07,112.98,48.25
2026-08-24T04:46:08,113.96,49.21
2026-08-24T04:46:09,113.81,49.07
2026-08-24T04:46:10,113.87,49.13
2026-08-24T04:46:11,113.69,48.95
2026-08-24T04:46:12,113.94,49.2
2026-08-24T04:46:13,113.75,49.01
2026-08-24T04:46:14,113.71,48.97
2026-08-24T04:46:15,113.89,49.15
2026-08-24T04:46:16,113.87,49.13
2026-08-24T04:46:17,114.51,49.76
2026-08-24T04:46:18,114.69,49.94
2026-08-24T04:46:19,114.03,49.29
2026-08-24T04:46:20,114.22,49.47
2026-08-24T04:46:21,114.54,49.79
2026-08-24T04:46:22,113.93,49.19
2026-08-24T04:46:23,114.02,49.28
2026-08-24T04:46:24,113.58,48.85
2026-08-24T04:46:25,114.22,49.47
2026-08-24T04:46:26,114.1,49.36
2026-08-24T04:46:27,114.89,50.13
2026-08-24T04:46:28,114.96,50.2
2026-08-24T04:46:29,116.07,51.3
2026-08-24T04:46:30,116.68,51.9
2026-08-24T04:46:31,117.29,52.5
2026-08-24T04:46:32,118.97,54.15
2026-08-24T04:46:33,120.32,55.49
2026-08-24T04:46:34,124.67,59.78
2026-08-24T04:46:35,127.38,62.45
2026-08-24T04:46:36,129.8,64.83
2026-08-24T04:46:37,131.9,66.9
2026-08-24T04:46:38,131.2,66.21
2026-08-24T04:46:39,126.94,62.02
2026-08-24T04:46:40,123.73,58.85
2026-08-24T04:46:41,121.32,56.47
2026-08-24T04:46:42,119.86,55.03
2026-08-24T04:46:43,118.64,53.83
2026-08-24T04:46:44,119.26,54.44
2026-08-24T04:46:45,117.03,52.25
2026-08-24T04:46:46,117.04,52.25
2026-08-24T04:46:47,116.29,51.51
2026-08-24T04:46:48,115.61,50.84
2026-08-24T04:46:49,114.63,49.88
2026-08-24T04:46:50,114.34,49.59
2026-08-24T04:46:51,114.48,49.73
2026-08-24T04:46:52,115.11,50.35
2026-08-24T04:46:53,114.78,50.02
2026-08-24T04:46:54,116.17,51.4
2026-08-24T04:46:55,117.51,52.71
2026-08-24T04:46:56,118.13,53.33
2026-08-24T04:46:57,120.02,55.19
2026-08-24T04:46:58,124.18,59.29
2026-08-24T04:46:59,126.43,61.51
2026-08-24T04:47:00,127.84,62.9
2026-08-24T04:47:01,128.31,63.36
2026-08-24T04:47:02,128.68,63.73
2026-08-24T04:47:03,126.58,61.65
2026-08-24T04:47:04,122.61,57.74
2026-08-24T04:47:05,121.0,56.16
2026-08-24T04:47:06,119.13,54.31
2026-08-24T04:47:07,117.2,52.41
2026-08-24T04:47:08,117.09,52.3
2026-08-24T04:47:09,116.3,51.53
2026-08-24T04:47:10,115.53,50.76
2026-08-24T04:47:11,115.66,50.9
2026-08-24T04:47:12,114.99,50.23
2026-08-24T04:47:13,114.04,49.29
2026-08-24T04:47:14,114.3,49.56
2026-08-24T04:47:15,114.02,49.28
2026-08-24T04:47:16,113.88,49.14
2026-08-24T04:47:17,114.12,49.37
2026-08-24T04:47:18,114.24,49.49
2026-08-24T04:47:19,113.45,48.71
2026-08-24T04:47:20,113.77,49.03
2026-08-24T04:47:21,114.33,49.58
2026-08-24T04:47:22,114.34,49.59
2026-08-24T04:47:23,114.2,49.45
2026-08-24T04:47:24,114.34,49.59
2026-08-24T04:47:25,114.13,49.39
2026-08-24T04:47:26,113.86,49.12
2026-08-24T04:47:27,113.29,48.56
2026-08-24T04:47:28,113.7,48.96
2026-08-24T04:47:29,113.6,48.87
2026-08-24T04:47:30,113.66,48.92
2026-08-24T04:47:31,113.51,48.77
2026-08-24T04:47:32,113.6,48.86
2026-08-24T04:47:33,114.41,49.66
2026-08-24T04:47:34,113.33,48.59
2026-08-24T04:47:35,113.32,48.59
2026-08-24T04:47:36,114.07,49.33
2026-08-24T04:47:37,113.47,48.74
2026-08-24T04:47:38,113.83,49.09
2026-08-24T04:47:39,114.04,49.3
2026-08-24T04:47:40,114.1,49.35
2026-08-24T04:47:41,113.52,48.79
2026-08-24T04:47:42,113.6,48.87
2026-08-24T04:47:43,114.03,49.28
2026-08-24T04:47:44,114.24,49.5
2026-08-24T04:47:45,113.97,49.23
2026-08-24T04:47:46,113.6,48.86
2026-08-24T04:47:47,113.82,49.08
2026-08-24T04:47:48,113.92,49.18
2026-08-24T04:47:49,114.12,49.37
2026-08-24T04:47:50,114.12,49.37
2026-08-24T04:47:51,113.95,49.21
2026-08-24T04:47:52,114.11,49.37
2026-08-24T04:47:53,113.49,48.75
2026-08-24T04:47:54,113.8,49.06
2026-08-24T04:47:55,114.16,49.41
2026-08-24T04:47:56,114.68,49.93
2026-08-24T04:47:57,114.87,50.11
2026-08-24T04:47:58,115.76,50.99
2026-08-24T04:47:59,116.42,51.65
2026-08-24T04:48:00,117.01,52.22
2026-08-24T04:48:01,117.86,53.07
2026-08-24T04:48:02,118.31,53.5
2026-08-24T04:48:03,121.23,56.38
2026-08-24T04:48:04,123.24,58.36
2026-08-24T04:48:05,124.46,59.57
2026-08-24T04:48:06,126.27,61.35
2026-08-24T04:48:07,126.28,61.36
2026-08-24T04:48:08,126.76,61.83
2026-08-24T04:48:09,126.63,61.71
2026-08-24T04:48:10,125.19,60.28
2026-08-24T04:48:11,122.84,57.97
2026-08-24T04:48:12,121.14,56.3
2026-08-24T04:48:13,119.9,55.08
2026-08-24T04:48:14,119.01,54.19
2026-08-24T04:48:15,120.38,55.54
2026-08-24T04:48:16,122.96,58.09
2026-08-24T04:48:17,123.62,58.74
2026-08-24T04:48:18,125.06,60.16
2026-08-24T04:48:19,125.8,60.89
2026-08-24T04:48:20,126.4,61.48
2026-08-24T04:48:21,124.12,59.23
2026-08-24T04:48:22,121.46,56.61
2026-08-24T04:48:23,120.28,55.44
2026-08-24T04:48:24,118.85,54.04
2026-08-24T04:48:25,117.66,52.87
2026-08-24T04:48:26,116.36,51.58
2026-08-24T04:48:27,115.15,50.39
2026-08-24T04:48:28,115.31,50.55
2026-08-24T04:48:29,115.09,50.33
2026-08-24T04:48:30,115.22,50.46
2026-08-24T04:48:31,114.69,49.93
2026-08-24T04:48:32,115.16,50.4
2026-08-24T04:48:33,115.85,51.08
2026-08-24T04:48:34,117.7,52.9
2026-08-24T04:48:35,117.74,52.94
2026-08-24T04:48:36,118.63,53.82
2026-08-24T04:48:37,122.33,57.47
2026-08-24T04:48:38,126.03,61.11
2026-08-24T04:48:39,127.6,62.66
2026-08-24T04:48:40,129.04,64.09
2026-08-24T04:48:41,128.97,64.02
2026-08-24T04:48:42,126.54,61.62
2026-08-24T04:48:43,122.83,57.96
2026-08-24T04:48:44,120.58,55.74
2026-08-24T04:48:45,119.86,55.04
2026-08-24T04:48:46,118.68,53.87
2026-08-24T04:48:47,117.1,52.32
2026-08-24T04:48:48,116.9,52.12
2026-08-24T04:48:49,115.89,51.12
2026-08-24T04:48:50,115.89,51.12
2026-08-24T04:48:51,114.79,50.03
2026-08-24T04:48:52,114.01,49.26
2026-08-24T04:48:53,113.84,49.1
2026-08-24T04:48:54,114.32,49.57
2026-08-24T04:48:55,114.98,50.22
2026-08-24T04:48:56,114.24,49.49
2026-08-24T04:48:57,114.2,49.46
2026-08-24T04:48:58,114.02,49.28
2026-08-24T04:48:59,114.99,50.24
2026-08-24T04:49:00,115.02,50.26
2026-08-24T04:49:01,115.21,50.45
2026-08-24T04:49:02,115.61,50.85
2026-08-24T04:49:03,117.72,52.92
2026-08-24T04:49:04,119.66,54.84
2026-08-24T04:49:05,123.81,58.92
2026-08-24T04:49:06,126.33,61.41
2026-08-24T04:49:07,127.59,62.66
2026-08-24T04:49:08,128.58,63.63
2026-08-24T04:49:09,127.9,62.96
2026-08-24T04:49:10,124.76,59.86
2026-08-24T04:49:11,121.48,56.63
2026-08-24T04:49:12,119.32,54.5
2026-08-24T04:49:13,117.81,53.01
2026-08-24T04:49:14,116.24,51.46
2026-08-24T04:49:15,115.61,50.84
2026-08-24T04:49:16,114.78,50.02
2026-08-24T04:49:17,114.34,49.59
2026-08-24T04:49:18,114.37,49.62
2026-08-24T04:49:19,113.57,48.83
2026-08-24T04:49:20,113.87,49.13
2026-08-24T04:49:21,114.01,49.27
2026-08-24T04:49:22,113.89,49.15
2026-08-24T04:49:23,114.2,49.46
2026-08-24T04:49:24,113.59,48.85
2026-08-24T04:49:25,113.85,49.11
2026-08-24T04:49:26,113.67,48.93
2026-08-24T04:49:27,113.9,49.16
2026-08-24T04:49:28,113.4,48.66
2026-08-24T04:49:29,113.3,48.57
2026-08-24T04:49:30,113.87,49.12
2026-08-24T04:49:31,113.79,49.05
2026-08-24T04:49:32,113.64,48.9
2026-08-24T04:49:33,113.67,48.93
2026-08-24T04:49:34,114.01,49.26
2026-08-24T04:49:35,113.67,48.93
2026-08-24T04:49:36,113.88,49.14
2026-08-24T04:49:37,114.18,49.43
2026-08-24T04:49:38,113.77,49.03
2026-08-24T04:49:39,114.13,49.39
2026-08-24T04:49:40,113.76,49.02
2026-08-24T04:49:41,113.38,48.64
2026-08-24T04:49:42,113.48,48.74
2026-08-24T04:49:43,113.85,49.11
2026-08-24T04:49:44,113.72,48.98
2026-08-24T04:49:45,114.15,49.4
2026-08-24T04:49:46,114.34,49.6
2026-08-24T04:49:47,114.01,49.27
2026-08-24T04:49:48,114.16,49.41
2026-08-24T04:49:49,115.2,50.44
2026-08-24T04:49:50,115.83,51.06
2026-08-24T04:49:51,116.71,51.93
2026-08-24T04:49:52,119.5,54.68
2026-08-24T04:49:53,123.51,58.63
2026-08-24T04:49:54,125.14,60.24
2026-08-24T04:49:55,124.55,59.66
2026-08-24T04:49:56,124.82,59.92
2026-08-24T04:49:57,124.33,59.43
2026-08-24T04:49:58,123.59,58.71
2026-08-24T04:49:59,119.46,54.64
2026-08-24T04:50:00,117.43,52.64
2026-08-24T04:50:01,117.18,52.4
2026-08-24T04:50:02,116.32,51.55
2026-08-24T04:50:03,115.36,50.6
2026-08-24T04:50:04,115.6,50.84
2026-08-24T04:50:05,115.64,50.88
2026-08-24T04:50:06,115.55,50.79
2026-08-24T04:50:07,117.06,52.27
2026-08-24T04:50:08,118.2,53.4
2026-08-24T04:50:09,120.06,55.23
2026-08-24T04:50:10,120.91,56.07
2026-08-24T04:50:11,122.98,58.11
2026-08-24T04:50:12,125.0,60.1
2026-08-24T04:50:13,124.61,59.71
2026-08-24T04:50:14,124.23,59.34
2026-08-24T04:50:15,122.01,57.15
2026-08-24T04:50:16,119.21,54.39
2026-08-24T04:50:17,117.79,52.99
2026-08-24T04:50:18,118.83,54.02
2026-08-24T04:50:19,121.3,56.45
2026-08-24T04:50:20,122.6,57.73
2026-08-24T04:50:21,126.16,61.24
2026-08-24T04:50:22,127.03,62.1
2026-08-24T04:50:23,128.32,63.37
2026-08-24T04:50:24,122.39,57.52
2026-08-24T04:50:25,119.0,54.19
2026-08-24T04:50:26,117.12,52.33
2026-08-24T04:50:27,115.19,50.43
2026-08-24T04:50:28,115.24,50.48
2026-08-24T04:50:29,115.37,50.61
2026-08-24T04:50:30,114.98,50.22
2026-08-24T04:50:31,114.5,49.75
2026-08-24T04:50:32,114.2,49.46
2026-08-24T04:50:33,114.06,49.31
2026-08-24T04:50:34,114.12,49.38
2026-08-24T04:50:35,113.91,49.17
2026-08-24T04:50:36,113.53,48.79
2026-08-24T04:50:37,114.47,49.72
2026-08-24T04:50:38,114.38,49.63
2026-08-24T04:50:39,114.1,49.35
2026-08-24T04:50:40,114.02,49.27
2026-08-24T04:50:41,114.11,49.37
2026-08-24T04:50:42,113.81,49.07
2026-08-24T04:50:43,113.5,48.77
2026-08-24T04:50:44,114.06,49.32
2026-08-24T04:50:45,114.28,49.53
2026-08-24T04:50:46,114.26,49.51
2026-08-24T04:50:47,113.87,49.13
2026-08-24T04:50:48,113.4,48.67
2026-08-24T04:50:49,114.04,49.3
2026-08-24T04:50:50,113.89,49.15
2026-08-24T04:50:51,113.5,48.76
2026-08-24T04:50:52,113.37,48.64
2026-08-24T04:50:53,113.96,49.22
2026-08-24T04:50:54,113.36,48.63
2026-08-24T04:50:55,113.75,49.01
2026-08-24T04:50:56,114.0,49.25
2026-08-24T04:50:57,113.32,48.59
2026-08-24T04:50:58,113.72,48.98
2026-08-24T04:50:59,113.61,48.87
2026-08-24T04:51:00,113.65,48.91
2026-08-24T04:51:01,113.49,48.75
2026-08-24T04:51:02,113.53,48.8
2026-08-24T04:51:03,113.36,48.62
2026-08-24T04:51:04,113.71,48.97
2026-08-24T04:51:05,113.54,48.8
2026-08-24T04:51:06,113.33,48.6
2026-08-24T04:51:07,114.24,49.49
2026-08-24T04:51:08,113.91,49.17
2026-08-24T04:51:09,113.74,49.0
2026-08-24T04:51:10,113.96,49.22
2026-08-24T04:51:11,114.15,49.4
2026-08-24T04:51:12,114.06,49.32
2026-08-24T04:51:13,114.02,49.28
2026-08-24T04:51:14,114.08,49.33
2026-08-24T04:51:15,113.49,48.75
2026-08-24T04:51:16,114.11,49.36
2026-08-24T04:51:17,114.39,49.64
2026-08-24T04:51:18,114.17,49.43
2026-08-24T04:51:19,113.83,49.09
2026-08-24T04:51:20,114.14,49.39
2026-08-24T04:51:21,114.74,49.99
2026-08-24T04:51:22,113.92,49.18
2026-08-24T04:51:23,114.45,49.7
2026-08-24T04:51:24,114.34,49.59
2026-08-24T04:51:25,114.61,49.85
2026-08-24T04:51:26,114.22,49.48
2026-08-24T04:51:27,113.99,49.25
2026-08-24T04:51:28,114.35,49.6
2026-08-24T04:51:29,114.26,49.51
2026-08-24T04:51:30,114.31,49.56
2026-08-24T04:51:31,114.79,50.04
2026-08-24T04:51:32,114.7,49.95
2026-08-24T04:51:33,114.02,49.27
2026-08-24T04:51:34,114.1,49.35
2026-08-24T04:51:35,114.55,49.8
2026-08-24T04:51:36,114.36,49.61
2026-08-24T04:51:37,114.91,50.15
2026-08-24T04:51:38,114.37,49.62
2026-08-24T04:51:39,114.18,49.44
2026-08-24T04:51:40,113.95,49.21
2026-08-24T04:51:41,114.12,49.38
2026-08-24T04:51:42,114.54,49.79
2026-08-24T04:51:43,114.31,49.56
2026-08-24T04:51:44,114.29,49.55
2026-08-24T04:51:45,114.39,49.64
2026-08-24T04:51:46,114.02,49.27
2026-08-24T04:51:47,114.0,49.26
2026-08-24T04:51:48,114.59,49.84
2026-08-24T04:51:49,114.4,49.65
2026-08-24T04:51:50,113.91,49.17
2026-08-24T04:51:51,114.0,49.26
2026-08-24T04:51:52,113.93,49.18
2026-08-24T04:51:53,114.26,49.51
2026-08-24T04:51:54,114.76,50.0
2026-08-24T04:51:55,114.05,49.31
2026-08-24T04:51:56,114.45,49.7
2026-08-24T04:51:57,114.29,49.54
2026-08-24T04:51:58,114.11,49.37
2026-08-24T04:51:59,113.35,48.62
2026-08-24T04:52:00,113.33,48.59
2026-08-24T04:52:01,113.74,49.0
2026-08-24T04:52:02,113.67,48.93
2026-08-24T04:52:03,113.72,48.98
2026-08-24T04:52:04,113.67,48.94
2026-08-24T04:52:05,114.26,49.52
2026-08-24T04:52:06,114.13,49.39
2026-08-24T04:52:07,113.75,49.01
2026-08-24T04:52:08,113.61,48.87
2026-08-24T04:52:09,113.86,49.11
2026-08-24T04:52:10,115.14,50.38
2026-08-24T04:52:11,114.17,49.43
2026-08-24T04:52:12,113.7,48.96
2026-08-24T04:52:13,113.94,49.2
2026-08-24T04:52:14,113.5,48.76
2026-08-24T04:52:15,113.68,48.95
2026-08-24T04:52:16,114.18,49.44
2026-08-24T04:52:17,113.67,48.93
2026-08-24T04:52:18,113.55,48.82
2026-08-24T04:52:19,113.59,48.86
2026-08-24T04:52:20,113.51,48.77
2026-08-24T04:52:21,113.47,48.73
2026-08-24T04:52:22,114.4,49.65
2026-08-24T04:52:23,113.67,48.93
2026-08-24T04:52:24,114.27,49.52
2026-08-24T04:52:25,114.11,49.37
2026-08-24T04:52:26,114.01,49.26
2026-08-24T04:52:27,114.1,49.36
2026-08-24T04:52:28,113.54,48.8
2026-08-24T04:52:29,113.94,49.19
2026-08-24T04:52:30,113.83,49.09
2026-08-24T04:52:31,113.95,49.2
2026-08-24T04:52:32,113.59,48.86
2026-08-24T04:52:33,114.03,49.29
2026-08-24T04:52:34,113.54,48.8
2026-08-24T04:52:35,114.05,49.3
2026-08-24T04:52:36,114.12,49.37
2026-08-24T04:52:37,113.92,49.18
2026-08-24T04:52:38,113.93,49.19
2026-08-24T04:52:39,113.57,48.84
2026-08-24T04:52:40,113.93,49.19
2026-08-24T04:52:41,114.29,49.54
2026-08-24T04:52:42,114.09,49.34
2026-08-24T04:52:43,113.88,49.14
2026-08-24T04:52:44,113.73,48.99
2026-08-24T04:52:45,113.61,48.87
2026-08-24T04:52:46,114.3,49.56
2026-08-24T04:52:47,114.23,49.48
2026-08-24T04:52:48,114.71,49.96
2026-08-24T04:52:49,114.03,49.28
2026-08-24T04:52:50,113.85,49.11
2026-08-24T04:52:51,114.18,49.43
2026-08-24T04:52:52,114.24,49.49
2026-08-24T04:52:53,114.46,49.71
2026-08-24T04:52:54,115.21,50.45
2026-08-24T04:52:55,115.85,51.08
2026-08-24T04:52:56,116.03,51.26
2026-08-24T04:52:57,117.23,52.44
2026-08-24T04:52:58,118.74,53.93
2026-08-24T04:52:59,123.49,58.62
2026-08-24T04:53:00,126.24,61.33
2026-08-24T04:53:01,128.11,63.17
2026-08-24T04:53:02,128.97,64.01
2026-08-24T04:53:03,131.12,66.13
2026-08-24T04:53:04,131.12,66.13
2026-08-24T04:53:05,130.46,65.48
2026-08-24T04:53:06,130.19,65.22
2026-08-24T04:53:07,125.55,60.64
2026-08-24T04:53:08,122.12,57.26
2026-08-24T04:53:09,120.28,55.45
2026-08-24T04:53:10,118.71,53.9
2026-08-24T04:53:11,118.66,53.85
2026-08-24T04:53:12,117.54,52.75
2026-08-24T04:53:13,116.67,51.89
2026-08-24T04:53:14,115.68,50.92
2026-08-24T04:53:15,115.31,50.55
2026-08-24T04:53:16,114.1,49.35
2026-08-24T04:53:17,113.62,48.88
2026-08-24T04:53:18,113.42,48.69
2026-08-24T04:53:19,113.25,48.52
2026-08-24T04:53:20,113.28,48.55
2026-08-24T04:53:21,113.96,49.22
2026-08-24T04:53:22,114.49,49.74
2026-08-24T04:53:23,113.82,49.08
2026-08-24T04:53:24,113.36,48.62
2026-08-24T04:53:25,113.72,48.98
2026-08-24T04:53:26,113.33,48.59
2026-08-24T04:53:27,113.67,48.93
2026-08-24T04:53:28,113.58,48.84
2026-08-24T04:53:29,113.04,48.31
2026-08-24T04:53:30,114.25,49.5
2026-08-24T04:53:31,113.9,49.16
2026-08-24T04:53:32,113.54,48.81
2026-08-24T04:53:33,114.11,49.37
2026-08-24T04:53:34,113.89,49.15
2026-08-24T04:53:35,113.69,48.95
2026-08-24T04:53:36,113.46,48.72
2026-08-24T04:53:37,113.2,48.46
2026-08-24T04:53:38,113.52,48.78
2026-08-24T04:53:39,114.29,49.54
2026-08-24T04:53:40,113.88,49.14
2026-08-24T04:53:41,113.27,48.54
2026-08-24T04:53:42,113.76,49.02
2026-08-24T04:53:43,114.46,49.71
2026-08-24T04:53:44,114.24,49.49
2026-08-24T04:53:45,113.38,48.64
2026-08-24T04:53:46,114.3,49.55
2026-08-24T04:53:47,114.15,49.41
2026-08-24T04:53:48,113.88,49.14
2026-08-24T04:53:49,114.42,49.67
2026-08-24T04:53:50,114.18,49.43
2026-08-24T04:53:51,113.69,48.95
2026-08-24T04:53:52,114.47,49.72
2026-08-24T04:53:53,115.08,50.32
2026-08-24T04:53:54,114.5,49.75
2026-08-24T04:53:55,117.0,52.22
2026-08-24T04:53:56,118.02,53.22
2026-08-24T04:53:57,117.93,53.13
2026-08-24T04:53:58,119.3,54.48
2026-08-24T04:53:59,121.33,56.48
2026-08-24T04:54:00,127.3,62.36
2026-08-24T04:54:01,128.22,63.27
2026-08-24T04:54:02,128.67,63.72
2026-08-24T04:54:03,129.07,64.11
2026-08-24T04:54:04,128.43,63.49
2026-08-24T04:54:05,124.81,59.91
2026-08-24T04:54:06,121.7,56.85
2026-08-24T04:54:07,119.64,54.81
2026-08-24T04:54:08,117.53,52.74
2026-08-24T04:54:09,117.22,52.43
2026-08-24T04:54:10,116.56,51.78
2026-08-24T04:54:11,115.8,51.03
2026-08-24T04:54:12,114.52,49.77
2026-08-24T04:54:13,113.4,48.66
2026-08-24T04:54:14,114.86,50.11
2026-08-24T04:54:15,114.1,49.35
2026-08-24T04:54:16,113.52,48.79
2026-08-24T04:54:17,113.83,49.09
2026-08-24T04:54:18,114.49,49.74
2026-08-24T04:54:19,114.01,49.26
2026-08-24T04:54:20,113.71,48.97
2026-08-24T04:54:21,114.53,49.78
2026-08-24T04:54:22,113.45,48.71
2026-08-24T04:54:23,114.53,49.78
2026-08-24T04:54:24,113.6,48.87
2026-08-24T04:54:25,112.88,48.15
2026-08-24T04:54:26,114.04,49.29
2026-08-24T04:54:27,113.61,48.87
2026-08-24T04:54:28,114.15,49.41
2026-08-24T04:54:29,113.7,48.96
2026-08-24T04:54:30,113.98,49.24
2026-08-24T04:54:31,114.15,49.4
2026-08-24T04:54:32,113.99,49.24
2026-08-24T04:54:33,114.04,49.29
2026-08-24T04:54:34,114.1,49.35
2026-08-24T04:54:35,113.5,48.77
2026-08-24T04:54:36,113.61,48.87
2026-08-24T04:54:37,113.92,49.18
2026-08-24T04:54:38,114.03,49.28
2026-08-24T04:54:39,114.22,49.47
2026-08-24T04:54:40,113.85,49.11
2026-08-24T04:54:41,112.94,48.22
2026-08-24T04:54:42,113.2,48.46
2026-08-24T04:54:43,113.83,49.08
2026-08-24T04:54:44,113.72,48.98
2026-08-24T04:54:45,114.19,49.45
2026-08-24T04:54:46,113.75,49.01
2026-08-24T04:54:47,113.25,48.52
2026-08-24T04:54:48,113.44,48.71
2026-08-24T04:54:49,114.01,49.27
2026-08-24T04:54:50,114.41,49.66
2026-08-24T04:54:51,114.2,49.46
2026-08-24T04:54:52,114.14,49.39
2026-08-24T04:54:53,113.65,48.92
2026-08-24T04:54:54,113.91,49.17
2026-08-24T04:54:55,112.78,48.05
2026-08-24T04:54:56,113.34,48.61
2026-08-24T04:54:57,113.39,48.65
2026-08-24T04:54:58,113.71,48.97
2026-08-24T04:54:59,113.69,48.95
2026-08-24T04:55:00,113.82,49.08
2026-08-24T04:55:01,114.03,49.29
2026-08-24T04:55:02,114.25,49.5
2026-08-24T04:55:03,114.21,49.46
2026-08-24T04:55:04,114.08,49.34
2026-08-24T04:55:05,114.15,49.4
2026-08-24T04:55:06,114.0,49.26
2026-08-24T04:55:07,113.87,49.13
2026-08-24T04:55:08,114.45,49.7
2026-08-24T04:55:09,113.65,48.91
2026-08-24T04:55:10,114.24,49.5
2026-08-24T04:55:11,113.78,49.03
2026-08-24T04:55:12,113.95,49.21
2026-08-24T04:55:13,114.13,49.38
2026-08-24T04:55:14,114.76,50.0
2026-08-24T04:55:15,115.04,50.28
2026-08-24T04:55:16,115.66,50.9
2026-08-24T04:55:17,116.08,51.31
2026-08-24T04:55:18,115.88,51.11
2026-08-24T04:55:19,117.17,52.38
2026-08-24T04:55:20,119.28,54.47
2026-08-24T04:55:21,123.58,58.7
2026-08-24T04:55:22,125.92,61.0
2026-08-24T04:55:23,126.02,61.11
2026-08-24T04:55:24,126.98,62.05
2026-08-24T04:55:25,127.22,62.29
2026-08-24T04:55:26,126.19,61.27
2026-08-24T04:55:27,125.99,61.08
2026-08-24T04:55:28,126.01,61.1
2026-08-24T04:55:29,127.67,62.73
2026-08-24T04:55:30,128.27,63.32
2026-08-24T04:55:31,127.72,62.78
2026-08-24T04:55:32,126.28,61.36
2026-08-24T04:55:33,126.33,61.41
2026-08-24T04:55:34,125.08,60.18
2026-08-24T04:55:35,120.53,55.69
2026-08-24T04:55:36,118.9,54.09
2026-08-24T04:55:37,117.88,53.08
2026-08-24T04:55:38,117.14,52.36
2026-08-24T04:55:39,116.5,51.72
2026-08-24T04:55:40,115.78,51.01
2026-08-24T04:55:41,116.12,51.35
2026-08-24T04:55:42,117.01,52.22
2026-08-24T04:55:43,118.04,53.24
2026-08-24T04:55:44,117.88,53.08
2026-08-24T04:55:45,119.48,54.65
2026-08-24T04:55:46,121.59,56.74
2026-08-24T04:55:47,122.34,57.48
2026-08-24T04:55:48,121.58,56.73
2026-08-24T04:55:49,120.44,55.61
2026-08-24T04:55:50,118.9,54.08
2026-08-24T04:55:51,116.98,52.19
2026-08-24T04:55:52,116.0,51.23
2026-08-24T04:55:53,114.98,50.22
2026-08-24T04:55:54,114.71,49.95
2026-08-24T04:55:55,115.0,50.24
2026-08-24T04:55:56,114.69,49.93
2026-08-24T04:55:57,114.38,49.63
2026-08-24T04:55:58,114.23,49.49
2026-08-24T04:55:59,114.12,49.37
2026-08-24T04:56:00,114.31,49.56
2026-08-24T04:56:01,114.15,49.4
2026-08-24T04:56:02,114.34,49.59
2026-08-24T04:56:03,113.86,49.12
2026-08-24T04:56:04,113.73,48.99
2026-08-24T04:56:05,114.09,49.34
2026-08-24T04:56:06,113.71,48.97
2026-08-24T04:56:07,114.19,49.44
2026-08-24T04:56:08,113.77,49.03
2026-08-24T04:56:09,114.17,49.42
2026-08-24T04:56:10,114.0,49.25
2026-08-24T04:56:11,113.8,49.06
2026-08-24T04:56:12,113.75,49.01
2026-08-24T04:56:13,113.52,48.79
2026-08-24T04:56:14,113.95,49.2
2026-08-24T04:56:15,113.88,49.14
2026-08-24T04:56:16,113.76,49.02
2026-08-24T04:56:17,113.59,48.86
2026-08-24T04:56:18,113.71,48.97
2026-08-24T04:56:19,113.5,48.77
2026-08-24T04:56:20,113.75,49.01
2026-08-24T04:56:21,113.35,48.62
2026-08-24T04:56:22,114.01,49.27
2026-08-24T04:56:23,113.92,49.18
2026-08-24T04:56:24,114.27,49.53
2026-08-24T04:56:25,113.8,49.06
2026-08-24T04:56:26,113.26,48.52
2026-08-24T04:56:27,113.67,48.93
2026-08-24T04:56:28,114.21,49.46
2026-08-24T04:56:29,113.23,48.5
2026-08-24T04:56:30,113.38,48.65
2026-08-24T04:56:31,113.44,48.71
2026-08-24T04:56:32,113.65,48.91
2026-08-24T04:56:33,113.55,48.81
2026-08-24T04:56:34,114.18,49.43
2026-08-24T04:56:35,113.15,48.41
2026-08-24T04:56:36,113.71,48.97
2026-08-24T04:56:37,114.21,49.46
2026-08-24T04:56:38,114.22,49.48
2026-08-24T04:56:39,114.33,49.58
2026-08-24T04:56:40,114.28,49.53
2026-08-24T04:56:41,114.41,49.67
2026-08-24T04:56:42,114.54,49.79
2026-08-24T04:56:43,114.81,50.05
2026-08-24T04:56:44,115.43,50.66
2026-08-24T04:56:45,115.49,50.73
2026-08-24T04:56:46,117.0,52.21
2026-08-24T04:56:47,118.32,53.51
2026-08-24T04:56:48,121.02,56.18
2026-08-24T04:56:49,123.04,58.17
2026-08-24T04:56:50,124.89,59.99
2026-08-24T04:56:51,126.45,61.53
2026-08-24T04:56:52,128.33,63.39
2026-08-24T04:56:53,128.67,63.72
2026-08-24T04:56:54,122.72,57.85
2026-08-24T04:56:55,119.72,54.9
2026-08-24T04:56:56,117.87,53.07
2026-08-24T04:56:57,116.73,51.95
2026-08-24T04:56:58,115.67,50.9
2026-08-24T04:56:59,115.48,50.71
2026-08-24T04:57:00,115.38,50.62
2026-08-24T04:57:01,113.89,49.15
2026-08-24T04:57:02,113.89,49.15
2026-08-24T04:57:03,114.87,50.12
2026-08-24T04:57:04,113.98,49.24
2026-08-24T04:57:05,113.53,48.79
2026-08-24T04:57:06,114.3,49.55
2026-08-24T04:57:07,114.2,49.45
2026-08-24T04:57:08,114.11,49.37
2026-08-24T04:57:09,114.77,50.02
2026-08-24T04:57:10,114.0,49.26
2026-08-24T04:57:11,114.2,49.45
2026-08-24T04:57:12,114.44,49.69
2026-08-24T04:57:13,113.75,49.01
2026-08-24T04:57:14,113.68,48.94
2026-08-24T04:57:15,113.79,49.05
2026-08-24T04:57:16,113.88,49.14
2026-08-24T04:57:17,114.21,49.47
2026-08-24T04:57:18,113.9,49.16
2026-08-24T04:57:19,113.73,48.99
2026-08-24T04:57:20,114.04,49.3
2026-08-24T04:57:21,113.67,48.93
2026-08-24T04:57:22,113.86,49.12
2026-08-24T04:57:23,113.47,48.73
2026-08-24T04:57:24,114.03,49.29
2026-08-24T04:57:25,113.69,48.95
2026-08-24T04:57:26,113.56,48.82
2026-08-24T04:57:27,113.84,49.1
2026-08-24T04:57:28,113.66,48.92
2026-08-24T04:57:29,113.43,48.7
2026-08-24T04:57:30,113.73,48.99
2026-08-24T04:57:31,113.35,48.61
2026-08-24T04:57:32,114.07,49.32
2026-08-24T04:57:33,113.68,48.94
2026-08-24T04:57:34,113.58,48.84
2026-08-24T04:57:35,113.91,49.17
2026-08-24T04:57:36,114.17,49.43
2026-08-24T04:57:37,113.83,49.09
2026-08-24T04:57:38,113.62,48.88
2026-08-24T04:57:39,113.94,49.2
2026-08-24T04:57:40,114.2,49.45
2026-08-24T04:57:41,113.95,49.21
2026-08-24T04:57:42,113.7,48.96
2026-08-24T04:57:43,114.03,49.28
2026-08-24T04:57:44,113.93,49.19
2026-08-24T04:57:45,113.58,48.84
2026-08-24T04:57:46,113.94,49.19
2026-08-24T04:57:47,114.31,49.56
2026-08-24T04:57:48,113.71,48.97
2026-08-24T04:57:49,113.73,48.99
2026-08-24T04:57:50,113.58,48.84
2026-08-24T04:57:51,113.72,48.98
2026-08-24T04:57:52,114.03,49.29
2026-08-24T04:57:53,113.42,48.69
2026-08-24T04:57:54,114.1,49.36
2026-08-24T04:57:55,114.07,49.33
2026-08-24T04:57:56,114.38,49.63
2026-08-24T04:57:57,113.45,48.71
2026-08-24T04:57:58,113.8,49.06
2026-08-24T04:57:59,113.42,48.69
2026-08-24T04:58:00,113.59,48.85
2026-08-24T04:58:01,113.81,49.07
2026-08-24T04:58:02,113.67,48.93
2026-08-24T04:58:03,113.94,49.19
2026-08-24T04:58:04,113.11,48.38
2026-08-24T04:58:05,113.51,48.77
2026-08-24T04:58:06,114.13,49.39
2026-08-24T04:58:07,113.87,49.13
2026-08-24T04:58:08,113.37,48.64
2026-08-24T04:58:09,113.39,48.65
2026-08-24T04:58:10,113.49,48.76
2026-08-24T04:58:11,113.32,48.59
2026-08-24T04:58:12,113.84,49.1
2026-08-24T04:58:13,113.73,48.99
2026-08-24T04:58:14,113.98,49.23
2026-08-24T04:58:15,113.78,49.04
2026-08-24T04:58:16,112.82,48.09
2026-08-24T04:58:17,113.57,48.83
2026-08-24T04:58:18,114.01,49.27
2026-08-24T04:58:19,113.39,48.66
2026-08-24T04:58:20,113.37,48.64
2026-08-24T04:58:21,113.38,48.65
2026-08-24T04:58:22,113.38,48.64
2026-08-24T04:58:23,113.24,48.51
2026-08-24T04:58:24,113.76,49.02
2026-08-24T04:58:25,113.87,49.13
2026-08-24T04:58:26,113.81,49.07
2026-08-24T04:58:27,113.7,48.96
2026-08-24T04:58:28,113.64,48.9
2026-08-24T04:58:29,113.55,48.82
2026-08-24T04:58:30,113.54,48.8
2026-08-24T04:58:31,112.96,48.23
2026-08-24T04:58:32,113.79,49.05
2026-08-24T04:58:33,113.41,48.67
2026-08-24T04:58:34,113.89,49.15
2026-08-24T04:58:35,113.65,48.91
2026-08-24T04:58:36,113.82,49.08
2026-08-24T04:58:37,114.04,49.3
2026-08-24T04:58:38,113.4,48.66
2026-08-24T04:58:39,113.25,48.52
2026-08-24T04:58:40,113.97,49.23
2026-08-24T04:58:41,113.07,48.34
2026-08-24T04:58:42,113.82,49.08
2026-08-24T04:58:43,113.78,49.04
2026-08-24T04:58:44,113.39,48.66
2026-08-24T04:58:45,113.16,48.43
2026-08-24T04:58:46,113.49,48.75
2026-08-24T04:58:47,114.04,49.3
2026-08-24T04:58:48,113.87,49.13
2026-08-24T04:58:49,113.91,49.16
2026-08-24T04:58:50,114.43,49.68
2026-08-24T04:58:51,113.75,49.01
2026-08-24T04:58:52,114.23,49.48
2026-08-24T04:58:53,114.25,49.51
2026-08-24T04:58:54,112.92,48.19
2026-08-24T04:58:55,113.88,49.14
2026-08-24T04:58:56,113.7,48.96
2026-08-24T04:58:57,113.43,48.69
2026-08-24T04:58:58,112.55,47.82
2026-08-24T04:58:59,113.35,48.62
2026-08-24T04:59:00,113.14,48.41
2026-08-24T04:59:01,113.59,48.86
2026-08-24T04:59:02,113.79,49.05
2026-08-24T04:59:03,113.21,48.48
2026-08-24T04:59:04,113.31,48.58
2026-08-24T04:59:05,113.72,48.98
2026-08-24T04:59:06,113.15,48.42
2026-08-24T04:59:07,114.2,49.45
2026-08-24T04:59:08,113.13,48.4
2026-08-24T04:59:09,113.75,49.01
2026-08-24T04:59:10,113.69,48.95
2026-08-24T04:59:11,113.52,48.78
2026-08-24T04:59:12,113.83,49.09
2026-08-24T04:59:13,113.71,48.97
2026-08-24T04:59:14,113.58,48.84
2026-08-24T04:59:15,114.05,49.3
2026-08-24T04:59:16,113.12,48.39
2026-08-24T04:59:17,113.95,49.2
2026-08-24T04:59:18,114.32,49.57
2026-08-24T04:59:19,113.54,48.81
2026-08-24T04:59:20,114.07,49.33
2026-08-24T04:59:21,113.65,48.91
2026-08-24T04:59:22,114.16,49.41
2026-08-24T04:59:23,113.95,49.21
2026-08-24T04:59:24,113.6,48.86
2026-08-24T04:59:25,113.54,48.8
2026-08-24T04:59:26,113.1,48.37
2026-08-24T04:59:27,113.71,48.97
2026-08-24T04:59:28,113.56,48.83
2026-08-24T04:59:29,113.41,48.67
2026-08-24T04:59:30,113.15,48.42
2026-08-24T04:59:31,113.52,48.79
2026-08-24T04:59:32,113.43,48.69
2026-08-24T04:59:33,114.11,49.36
2026-08-24T04:59:34,112.99,48.26
2026-08-24T04:59:35,113.54,48.8
2026-08-24T04:59:36,113.83,49.09
2026-08-24T04:59:37,114.07,49.33
2026-08-24T04:59:38,113.2,48.47
2026-08-24T04:59:39,113.76,49.02
2026-08-24T04:59:40,113.45,48.71
2026-08-24T04:59:41,112.62,47.9
2026-08-24T04:59:42,113.59,48.85
2026-08-24T04:59:43,114.14,49.4
2026-08-24T04:59:44,113.97,49.23
2026-08-24T04:59:45,114.42,49.67
2026-08-24T04:59:46,113.97,49.23
2026-08-24T04:59:47,113.58,48.85
2026-08-24T04:59:48,113.74,49.0
2026-08-24T04:59:49,113.49,48.76
2026-08-24T04:59:50,113.72,48.99
2026-08-24T04:59:51,113.82,49.08
2026-08-24T04:59:52,113.47,48.74
2026-08-24T04:59:53,113.17,48.43
2026-08-24T04:59:54,113.24,48.5
2026-08-24T04:59:55,113.67,48.94
2026-08-24T04:59:56,112.77,48.04
2026-08-24T04:59:57,113.77,49.03
2026-08-24T04:59:58,113.41,48.68
2026-08-24T04:59:59,113.45,48.71
2026-08-24T05:00:00,113.27,48.53
2026-08-24T05:00:01,113.46,48.72
2026-08-24T05:00:02,113.82,49.08
2026-08-24T05:00:03,113.48,48.75
2026-08-24T05:00:04,113.4,48.66
2026-08-24T05:00:05,113.21,48.48
2026-08-24T05:00:06,114.37,49.62
2026-08-24T05:00:07,113.59,48.86
2026-08-24T05:00:08,113.32,48.59
2026-08-24T05:00:09,113.82,49.08
2026-08-24T05:00:10,114.01,49.26
2026-08-24T05:00:11,113.78,49.04
2026-08-24T05:00:12,113.91,49.17
2026-08-24T05:00:13,113.32,48.58
2026-08-24T05:00:14,113.83,49.09
2026-08-24T05:00:15,113.57,48.83
2026-08-24T05:00:16,113.54,48.8
2026-08-24T05:00:17,113.69,48.95
2026-08-24T05:00:18,113.29,48.56
2026-08-24T05:00:19,113.97,49.23
2026-08-24T05:00:20,113.72,48.98
2026-08-24T05:00:21,113.86,49.11
2026-08-24T05:00:22,113.19,48.46
2026-08-24T05:00:23,113.35,48.62
2026-08-24T05:00:24,114.37,49.62
2026-08-24T05:00:25,113.32,48.58
2026-08-24T05:00:26,113.17,48.44
2026-08-24T05:00:27,114.21,49.46
2026-08-24T05:00:28,113.59,48.85
2026-08-24T05:00:29,113.53,48.8
2026-08-24T05:00:30,113.33,48.6
2026-08-24T05:00:31,113.54,48.81
2026-08-24T05:00:32,113.61,48.87
2026-08-24T05:00:33,113.23,48.5
2026-08-24T05:00:34,113.92,49.17
2026-08-24T05:00:35,114.04,49.3
2026-08-24T05:00:36,113.4,48.66
2026-08-24T05:00:37,113.35,48.62
2026-08-24T05:00:38,113.8,49.06
2026-08-24T05:00:39,112.82,48.09
2026-08-24T05:00:40,113.63,48.89
2026-08-24T05:00:41,113.55,48.82
2026-08-24T05:00:42,113.3,48.57
2026-08-24T05:00:43,113.13,48.4
2026-08-24T05:00:44,113.1,48.37
2026-08-24T05:00:45,113.66,48.92
2026-08-24T05:00:46,113.84,49.1
2026-08-24T05:00:47,114.4,49.65
2026-08-24T05:00:48,113.38,48.64
2026-08-24T05:00:49,113.46,48.73
2026-08-24T05:00:50,114.31,49.56
2026-08-24T05:00:51,114.48,49.73
2026-08-24T05:00:52,114.56,49.81
2026-08-24T05:00:53,115.12,50.36
2026-08-24T05:00:54,115.28,50.52
2026-08-24T05:00:55,116.87,52.08
2026-08-24T05:00:56,118.83,54.01
2026-08-24T05:00:57,121.15,56.3
2026-08-24T05:00:58,123.11,58.23
2026-08-24T05:00:59,125.9,60.99
2026-08-24T05:01:00,125.54,60.63
2026-08-24T05:01:01,125.57,60.66
2026-08-24T05:01:02,120.77,55.93
2026-08-24T05:01:03,118.12,53.32
2026-08-24T05:01:04,116.51,51.73
2026-08-24T05:01:05,115.39,50.63
2026-08-24T05:01:06,114.25,49.5
2026-08-24T05:01:07,114.67,49.92
2026-08-24T05:01:08,114.94,50.19
2026-08-24T05:01:09,114.72,49.96
2026-08-24T05:01:10,114.24,49.5
2026-08-24T05:01:11,114.03,49.28
2026-08-24T05:01:12,114.23,49.49
2026-08-24T05:01:13,114.39,49.64
2026-08-24T05:01:14,113.58,48.84
2026-08-24T05:01:15,113.15,48.42
2026-08-24T05:01:16,114.14,49.39
2026-08-24T05:01:17,113.39,48.65
2026-08-24T05:01:18,113.67,48.93
2026-08-24T05:01:19,113.54,48.8
2026-08-24T05:01:20,114.57,49.82
2026-08-24T05:01:21,115.12,50.37
2026-08-24T05:01:22,115.49,50.72
2026-08-24T05:01:23,115.67,50.9
2026-08-24T05:01:24,117.97,53.17
2026-08-24T05:01:25,119.03,54.22
2026-08-24T05:01:26,121.84,56.98
2026-08-24T05:01:27,124.16,59.27
2026-08-24T05:01:28,123.48,58.6
2026-08-24T05:01:29,120.41,55.57
2026-08-24T05:01:30,118.11,53.3
2026-08-24T05:01:31,117.07,52.28
2026-08-24T05:01:32,115.63,50.86
2026-08-24T05:01:33,114.88,50.13
2026-08-24T05:01:34,115.16,50.4
2026-08-24T05:01:35,115.41,50.65
2026-08-24T05:01:36,114.98,50.22
2026-08-24T05:01:37,114.95,50.19
2026-08-24T05:01:38,114.13,49.38
2026-08-24T05:01:39,114.2,49.45
2026-08-24T05:01:40,114.0,49.25
2026-08-24T05:01:41,115.49,50.72
2026-08-24T05:01:42,114.01,49.27
2026-08-24T05:01:43,115.12,50.36
2026-08-24T05:01:44,119.26,54.44
2026-08-24T05:01:45,115.4,50.64
2026-08-24T05:01:46,115.93,51.16
2026-08-24T05:01:47,116.74,51.96
2026-08-24T05:01:48,118.78,53.97
2026-08-24T05:01:49,119.61,54.78
2026-08-24T05:01:50,122.83,57.96
2026-08-24T05:01:51,124.04,59.15
2026-08-24T05:01:52,125.94,61.02
2026-08-24T05:01:53,127.04,62.11
2026-08-24T05:01:54,128.78,63.83
2026-08-24T05:01:55,128.78,63.82
2026-08-24T05:01:56,127.84,62.9
2026-08-24T05:01:57,126.88,61.95
2026-08-24T05:01:58,127.11,62.18
2026-08-24T05:01:59,125.54,60.63
2026-08-24T05:02:00,122.63,57.76
2026-08-24T05:02:01,121.05,56.21
2026-08-24T05:02:02,120.04,55.21
2026-08-24T05:02:03,119.21,54.39
2026-08-24T05:02:04,118.69,53.88
2026-08-24T05:02:05,119.77,54.95
2026-08-24T05:02:06,120.12,55.29
2026-08-24T05:02:07,121.82,56.97
2026-08-24T05:02:08,124.39,59.5
2026-08-24T05:02:09,127.94,63.0
2026-08-24T05:02:10,128.91,63.95
2026-08-24T05:02:11,133.03,68.01
2026-08-24T05:02:12,135.76,70.7
2026-08-24T05:02:13,134.64,69.61
2026-08-24T05:02:14,130.82,65.84
2026-08-24T05:02:15,126.12,61.2
2026-08-24T05:02:16,122.12,57.26
2026-08-24T05:02:17,120.95,56.1
2026-08-24T05:02:18,119.42,54.6
2026-08-24T05:02:19,117.76,52.97
2026-08-24T05:02:20,117.82,53.02
2026-08-24T05:02:21,115.49,50.72
2026-08-24T05:02:22,114.87,50.12
2026-08-24T05:02:23,114.76,50.01
2026-08-24T05:02:24,114.52,49.76
2026-08-24T05:02:25,114.68,49.92
2026-08-24T05:02:26,114.12,49.38
2026-08-24T05:02:27,114.44,49.69
2026-08-24T05:02:28,114.55,49.79
2026-08-24T05:02:29,114.47,49.72
2026-08-24T05:02:30,114.07,49.33
2026-08-24T05:02:31,114.86,50.1
2026-08-24T05:02:32,114.75,49.99
2026-08-24T05:02:33,114.66,49.91
2026-08-24T05:02:34,114.58,49.83
2026-08-24T05:02:35,113.98,49.23
2026-08-24T05:02:36,114.94,50.18
2026-08-24T05:02:37,114.31,49.56
2026-08-24T05:02:38,114.68,49.93
2026-08-24T05:02:39,113.59,48.85
2026-08-24T05:02:40,114.33,49.58
2026-08-24T05:02:41,113.64,48.9
2026-08-24T05:02:42,113.83,49.09
2026-08-24T05:02:43,114.18,49.44
2026-08-24T05:02:44,114.2,49.46
2026-08-24T05:02:45,114.38,49.63
2026-08-24T05:02:46,113.97,49.23
2026-08-24T05:02:47,113.94,49.19
2026-08-24T05:02:48,113.53,48.79
2026-08-24T05:02:49,114.33,49.58
2026-08-24T05:02:50,113.96,49.22
2026-08-24T05:02:51,113.94,49.19
2026-08-24T05:02:52,114.56,49.81
2026-08-24T05:02:53,113.72,48.98
2026-08-24T05:02:54,114.08,49.33
2026-08-24T05:02:55,113.86,49.11
2026-08-24T05:02:56,113.73,48.99
2026-08-24T05:02:57,114.22,49.48
2026-08-24T05:02:58,113.9,49.16
2026-08-24T05:02:59,114.01,49.26
2026-08-24T05:03:00,114.47,49.72
2026-08-24T05:03:01,114.44,49.69
2026-08-24T05:03:02,113.93,49.18
2026-08-24T05:03:03,114.65,49.9
2026-08-24T05:03:04,114.28,49.53
2026-08-24T05:03:05,114.85,50.09
2026-08-24T05:03:06,114.22,49.48
2026-08-24T05:03:07,114.62,49.87
2026-08-24T05:03:08,113.8,49.05
2026-08-24T05:03:09,114.39,49.64
2026-08-24T05:03:10,114.24,49.49
2026-08-24T05:03:11,113.3,48.57
2026-08-24T05:03:12,113.86,49.12
2026-08-24T05:03:13,113.81,49.07
2026-08-24T05:03:14,113.71,48.97
2026-08-24T05:03:15,114.48,49.73
2026-08-24T05:03:16,114.8,50.05
2026-08-24T05:03:17,114.98,50.22
2026-08-24T05:03:18,113.59,48.86
2026-08-24T05:03:19,114.18,49.44
2026-08-24T05:03:20,113.81,49.07
2026-08-24T05:03:21,114.41,49.66
2026-08-24T05:03:22,113.33,48.6
2026-08-24T05:03:23,114.32,49.57
2026-08-24T05:03:24,113.55,48.81
2026-08-24T05:03:25,112.94,48.21
2026-08-24T05:03:26,113.64,48.9
2026-08-24T05:03:27,113.17,48.44
2026-08-24T05:03:28,113.54,48.8
2026-08-24T05:03:29,113.67,48.93
2026-08-24T05:03:30,113.44,48.7
2026-08-24T05:03:31,113.96,49.22
2026-08-24T05:03:32,113.6,48.86
2026-08-24T05:03:33,113.62,48.88
2026-08-24T05:03:34,113.85,49.11
2026-08-24T05:03:35,113.97,49.23
2026-08-24T05:03:36,113.43,48.69
2026-08-24T05:03:37,113.87,49.13
2026-08-24T05:03:38,113.47,48.73
2026-08-24T05:03:39,113.71,48.98
2026-08-24T05:03:40,113.76,49.02
2026-08-24T05:03:41,114.19,49.44
2026-08-24T05:03:42,114.04,49.3
2026-08-24T05:03:43,114.14,49.4
2026-08-24T05:03:44,114.48,49.73
2026-08-24T05:03:45,113.91,49.17
2026-08-24T05:03:46,113.29,48.55
2026-08-24T05:03:47,113.73,48.99
2026-08-24T05:03:48,113.64,48.9
2026-08-24T05:03:49,113.6,48.86
2026-08-24T05:03:50,114.01,49.27
2026-08-24T05:03:51,113.61,48.87
2026-08-24T05:03:52,114.39,49.64
2026-08-24T05:03:53,113.74,49.0
2026-08-24T05:03:54,114.15,49.4
2026-08-24T05:03:55,113.98,49.24
2026-08-24T05:03:56,113.77,49.03
2026-08-24T05:03:57,113.42,48.68
2026-08-24T05:03:58,113.61,48.88
2026-08-24T05:03:59,113.65,48.92
2026-08-24T05:04:00,113.44,48.7
2026-08-24T05:04:01,114.03,49.29
2026-08-24T05:04:02,113.5,48.76
2026-08-24T05:04:03,113.46,48.72
2026-08-24T05:04:04,113.94,49.2
2026-08-24T05:04:05,114.05,49.3
2026-08-24T05:04:06,113.7,48.96
2026-08-24T05:04:07,113.72,48.98
2026-08-24T05:04:08,113.01,48.28
2026-08-24T05:04:09,114.04,49.3
2026-08-24T05:04:10,114.06,49.32
2026-08-24T05:04:11,113.94,49.2
2026-08-24T05:04:12,113.59,48.85
2026-08-24T05:04:13,114.14,49.39
2026-08-24T05:04:14,114.21,49.46
2026-08-24T05:04:15,113.42,48.68
2026-08-24T05:04:16,113.43,48.69
2026-08-24T05:04:17,113.68,48.94
2026-08-24T05:04:18,113.33,48.59
2026-08-24T05:04:19,113.94,49.2
2026-08-24T05:04:20,113.69,48.95
2026-08-24T05:04:21,114.28,49.53
2026-08-24T05:04:22,114.22,49.47
2026-08-24T05:04:23,113.42,48.69
2026-08-24T05:04:24,113.48,48.74
2026-08-24T05:04:25,113.98,49.24
2026-08-24T05:04:26,113.97,49.22
2026-08-24T05:04:27,114.08,49.33
2026-08-24T05:04:28,113.64,48.9
2026-08-24T05:04:29,113.99,49.25
2026-08-24T05:04:30,113.63,48.89
2026-08-24T05:04:31,114.06,49.32
2026-08-24T05:04:32,113.67,48.93
2026-08-24T05:04:33,114.32,49.58
2026-08-24T05:04:34,114.13,49.39
2026-08-24T05:04:35,114.17,49.42
2026-08-24T05:04:36,113.36,48.63
2026-08-24T05:04:37,113.98,49.23
2026-08-24T05:04:38,113.79,49.05
2026-08-24T05:04:39,113.63,48.89
2026-08-24T05:04:40,114.55,49.8
2026-08-24T05:04:41,114.2,49.45
2026-08-24T05:04:42,113.43,48.7
2026-08-24T05:04:43,113.4,48.67
2026-08-24T05:04:44,114.01,49.26
2026-08-24T05:04:45,113.7,48.96
2026-08-24T05:04:46,114.25,49.51
2026-08-24T05:04:47,114.53,49.78
2026-08-24T05:04:48,113.38,48.64
2026-08-24T05:04:49,114.37,49.62
2026-08-24T05:04:50,114.37,49.62
2026-08-24T05:04:51,113.98,49.24
2026-08-24T05:04:52,113.92,49.18
2026-08-24T05:04:53,114.75,49.99
2026-08-24T05:04:54,114.27,49.53
2026-08-24T05:04:55,115.32,50.56
2026-08-24T05:04:56,115.49,50.72
2026-08-24T05:04:57,116.16,51.39
2026-08-24T05:04:58,117.02,52.24
2026-08-24T05:04:59,118.91,54.1
2026-08-24T05:05:00,120.76,55.92
2026-08-24T05:05:01,121.98,57.13
2026-08-24T05:05:02,124.72,59.83
2026-08-24T05:05:03,127.12,62.19
2026-08-24T05:05:04,127.82,62.88
2026-08-24T05:05:05,129.15,64.19
2026-08-24T05:05:06,125.34,60.43
2026-08-24T05:05:07,124.62,59.73
2026-08-24T05:05:08,124.47,59.58
2026-08-24T05:05:09,123.67,58.79
2026-08-24T05:05:10,122.05,57.19
2026-08-24T05:05:11,120.4,55.56
2026-08-24T05:05:12,118.64,53.83
2026-08-24T05:05:13,117.61,52.81
2026-08-24T05:05:14,117.25,52.46
2026-08-24T05:05:15,116.37,51.6
2026-08-24T05:05:16,115.77,51.0
2026-08-24T05:05:17,114.92,50.17
2026-08-24T05:05:18,114.99,50.23
2026-08-24T05:05:19,114.82,50.07
2026-08-24T05:05:20,114.63,49.88
2026-08-24T05:05:21,114.47,49.72
2026-08-24T05:05:22,113.76,49.02
2026-08-24T05:05:23,114.3,49.55
2026-08-24T05:05:24,113.94,49.19
2026-08-24T05:05:25,114.07,49.33
2026-08-24T05:05:26,114.26,49.51
2026-08-24T05:05:27,114.19,49.45
2026-08-24T05:05:28,114.5,49.75
2026-08-24T05:05:29,114.16,49.42
2026-08-24T05:05:30,113.88,49.13
2026-08-24T05:05:31,114.32,49.58
2026-08-24T05:05:32,113.89,49.15
2026-08-24T05:05:33,113.89,49.15
2026-08-24T05:05:34,113.35,48.61
2026-08-24T05:05:35,114.0,49.26
2026-08-24T05:05:36,114.23,49.49
2026-08-24T05:05:37,113.91,49.17
2026-08-24T05:05:38,113.97,49.23
2026-08-24T05:05:39,114.05,49.31
2026-08-24T05:05:40,113.88,49.14
2026-08-24T05:05:41,114.02,49.27
2026-08-24T05:05:42,113.61,48.87
2026-08-24T05:05:43,113.58,48.84
2026-08-24T05:05:44,113.42,48.68
2026-08-24T05:05:45,113.5,48.76
2026-08-24T05:05:46,113.34,48.6
2026-08-24T05:05:47,113.72,48.98
2026-08-24T05:05:48,114.2,49.46
2026-08-24T05:05:49,113.85,49.11
2026-08-24T05:05:50,114.13,49.38
2026-08-24T05:05:51,114.02,49.28
2026-08-24T05:05:52,113.45,48.71
2026-08-24T05:05:53,113.43,48.69
2026-08-24T05:05:54,114.15,49.4
2026-08-24T05:05:55,113.44,48.7
2026-08-24T05:05:56,113.23,48.49
2026-08-24T05:05:57,113.86,49.12
2026-08-24T05:05:58,113.28,48.54
2026-08-24T05:05:59,113.76,49.02
2026-08-24T05:06:00,114.16,49.42
2026-08-24T05:06:01,114.26,49.51
2026-08-24T05:06:02,113.88,49.14
2026-08-24T05:06:03,114.16,49.41
2026-08-24T05:06:04,113.62,48.89
2026-08-24T05:06:05,113.73,48.99
2026-08-24T05:06:06,114.0,49.26
2026-08-24T05:06:07,113.65,48.91
2026-08-24T05:06:08,113.86,49.12
2026-08-24T05:06:09,113.6,48.86
2026-08-24T05:06:10,113.51,48.77
2026-08-24T05:06:11,113.68,48.94
2026-08-24T05:06:12,113.97,49.23
2026-08-24T05:06:13,114.12,49.38
2026-08-24T05:06:14,113.52,48.78
2026-08-24T05:06:15,113.92,49.18
2026-08-24T05:06:16,113.78,49.04
2026-08-24T05:06:17,114.28,49.54
2026-08-24T05:06:18,114.35,49.6
2026-08-24T05:06:19,113.82,49.08
2026-08-24T05:06:20,114.36,49.61
2026-08-24T05:06:21,113.37,48.64
2026-08-24T05:06:22,113.76,49.02
2026-08-24T05:06:23,114.17,49.43
2026-08-24T05:06:24,113.24,48.5
2026-08-24T05:06:25,114.16,49.41
2026-08-24T05:06:26,113.22,48.49
2026-08-24T05:06:27,113.6,48.86
2026-08-24T05:06:28,113.7,48.96
2026-08-24T05:06:29,114.01,49.27
2026-08-24T05:06:30,114.02,49.28
2026-08-24T05:06:31,113.92,49.18
2026-08-24T05:06:32,114.46,49.71
2026-08-24T05:06:33,113.26,48.53
2026-08-24T05:06:34,113.96,49.21
2026-08-24T05:06:35,114.08,49.34
2026-08-24T05:06:36,113.97,49.23
2026-08-24T05:06:37,113.57,48.83
2026-08-24T05:06:38,114.02,49.27
2026-08-24T05:06:39,113.8,49.06
2026-08-24T05:06:40,114.09,49.34
2026-08-24T05:06:41,113.91,49.17
2026-08-24T05:06:42,114.37,49.62
2026-08-24T05:06:43,113.98,49.24
2026-08-24T05:06:44,113.83,49.09
2026-08-24T05:06:45,113.49,48.75
2026-08-24T05:06:46,113.99,49.25
2026-08-24T05:06:47,113.33,48.6
2026-08-24T05:06:48,114.17,49.43
2026-08-24T05:06:49,114.09,49.35
2026-08-24T05:06:50,114.05,49.31
2026-08-24T05:06:51,114.13,49.39
2026-08-24T05:06:52,113.77,49.03
2026-08-24T05:06:53,116.72,51.94
2026-08-24T05:06:54,117.9,53.1
2026-08-24T05:06:55,118.72,53.91
2026-08-24T05:06:56,117.56,52.77
2026-08-24T05:06:57,119.04,54.22
2026-08-24T05:06:58,121.01,56.16
2026-08-24T05:06:59,125.49,60.58
2026-08-24T05:07:00,127.55,62.62
2026-08-24T05:07:01,128.13,63.18
2026-08-24T05:07:02,128.36,63.42
2026-08-24T05:07:03,126.45,61.53
2026-08-24T05:07:04,123.0,58.13
2026-08-24T05:07:05,121.2,56.36
2026-08-24T05:07:06,118.97,54.15
2026-08-24T05:07:07,117.47,52.68
2026-08-24T05:07:08,118.89,54.08
2026-08-24T05:07:09,115.55,50.78
2026-08-24T05:07:10,115.44,50.68
2026-08-24T05:07:11,115.41,50.65
2026-08-24T05:07:12,114.83,50.08
2026-08-24T05:07:13,114.88,50.13
2026-08-24T05:07:14,114.4,49.65
2026-08-24T05:07:15,113.96,49.21
2026-08-24T05:07:16,114.02,49.28
2026-08-24T05:07:17,113.79,49.05
2026-08-24T05:07:18,114.11,49.37
2026-08-24T05:07:19,114.38,49.63
2026-08-24T05:07:20,114.12,49.37
2026-08-24T05:07:21,113.99,49.24
2026-08-24T05:07:22,114.43,49.68
2026-08-24T05:07:23,113.56,48.82
2026-08-24T05:07:24,114.11,49.36
2026-08-24T05:07:25,113.48,48.75
2026-08-24T05:07:26,114.15,49.4
2026-08-24T05:07:27,113.57,48.83
2026-08-24T05:07:28,114.03,49.28
2026-08-24T05:07:29,113.94,49.19
2026-08-24T05:07:30,113.53,48.79
2026-08-24T05:07:31,113.6,48.86
2026-08-24T05:07:32,113.51,48.78
2026-08-24T05:07:33,112.96,48.24
2026-08-24T05:07:34,113.83,49.09
2026-08-24T05:07:35,113.55,48.81
2026-08-24T05:07:36,113.47,48.73
2026-08-24T05:07:37,113.47,48.74
2026-08-24T05:07:38,113.66,48.92
2026-08-24T05:07:39,114.0,49.26
2026-08-24T05:07:40,114.04,49.3
2026-08-24T05:07:41,114.37,49.62
2026-08-24T05:07:42,114.19,49.44
2026-08-24T05:07:43,114.23,49.49
2026-08-24T05:07:44,114.06,49.31
2026-08-24T05:07:45,113.78,49.04
2026-08-24T05:07:46,113.31,48.57
2026-08-24T05:07:47,113.51,48.77
2026-08-24T05:07:48,113.9,49.16
2026-08-24T05:07:49,113.95,49.21
2026-08-24T05:07:50,113.82,49.08
2026-08-24T05:07:51,113.77,49.03
2026-08-24T05:07:52,113.4,48.66
2026-08-24T05:07:53,113.8,49.06
2026-08-24T05:07:54,113.59,48.86
2026-08-24T05:07:55,114.09,49.35
2026-08-24T05:07:56,113.99,49.25
2026-08-24T05:07:57,113.52,48.79
2026-08-24T05:07:58,114.16,49.41
2026-08-24T05:07:59,114.62,49.86
2026-08-24T05:08:00,113.79,49.05
2026-08-24T05:08:01,114.11,49.37
2026-08-24T05:08:02,114.26,49.51
2026-08-24T05:08:03,114.26,49.51
2026-08-24T05:08:04,114.31,49.56
2026-08-24T05:08:05,113.7,48.96
2026-08-24T05:08:06,114.52,49.77
2026-08-24T05:08:07,113.44,48.71
2026-08-24T05:08:08,114.25,49.5
2026-08-24T05:08:09,114.5,49.75
2026-08-24T05:08:10,113.52,48.79
2026-08-24T05:08:11,113.63,48.89
2026-08-24T05:08:12,113.68,48.94
2026-08-24T05:08:13,114.07,49.32
2026-08-24T05:08:14,113.99,49.24
2026-08-24T05:08:15,113.96,49.22
2026-08-24T05:08:16,114.2,49.45
2026-08-24T05:08:17,114.42,49.67
2026-08-24T05:08:18,114.58,49.83
2026-08-24T05:08:19,115.13,50.37
2026-08-24T05:08:20,114.83,50.08
2026-08-24T05:08:21,115.06,50.3
2026-08-24T05:08:22,115.64,50.87
2026-08-24T05:08:23,116.58,51.8
2026-08-24T05:08:24,116.2,51.42
2026-08-24T05:08:25,116.04,51.27
2026-08-24T05:08:26,116.42,51.64
2026-08-24T05:08:27,116.93,52.15
2026-08-24T05:08:28,117.92,53.12
2026-08-24T05:08:29,118.4,53.6
2026-08-24T05:08:30,118.73,53.92
2026-08-24T05:08:31,121.06,56.21
2026-08-24T05:08:32,122.19,57.33
2026-08-24T05:08:33,124.03,59.14
2026-08-24T05:08:34,123.97,59.08
2026-08-24T05:08:35,125.94,61.03
2026-08-24T05:08:36,127.33,62.4
2026-08-24T05:08:37,128.78,63.83
2026-08-24T05:08:38,129.02,64.07
2026-08-24T05:08:39,128.74,63.79
2026-08-24T05:08:40,126.79,61.86
2026-08-24T05:08:41,123.42,58.54
2026-08-24T05:08:42,121.53,56.68
2026-08-24T05:08:43,120.58,55.74
2026-08-24T05:08:44,119.59,54.77
2026-08-24T05:08:45,118.24,53.44
2026-08-24T05:08:46,117.02,52.24
2026-08-24T05:08:47,116.22,51.44
2026-08-24T05:08:48,115.36,50.59
2026-08-24T05:08:49,115.23,50.47
2026-08-24T05:08:50,114.76,50.0
2026-08-24T05:08:51,114.85,50.09
2026-08-24T05:08:52,114.1,49.36
2026-08-24T05:08:53,114.21,49.46
2026-08-24T05:08:54,114.04,49.29
2026-08-24T05:08:55,113.76,49.02
2026-08-24T05:08:56,113.83,49.08
2026-08-24T05:08:57,114.41,49.66
2026-08-24T05:08:58,113.93,49.19
2026-08-24T05:08:59,113.39,48.66
2026-08-24T05:09:00,114.26,49.51
2026-08-24T05:09:01,114.57,49.82
2026-08-24T05:09:02,113.71,48.98
2026-08-24T05:09:03,113.55,48.81
2026-08-24T05:09:04,113.81,49.07
2026-08-24T05:09:05,113.45,48.72
2026-08-24T05:09:06,113.2,48.47
2026-08-24T05:09:07,114.0,49.26
2026-08-24T05:09:08,113.42,48.68
2026-08-24T05:09:09,114.13,49.39
2026-08-24T05:09:10,113.98,49.23
2026-08-24T05:09:11,113.96,49.22
2026-08-24T05:09:12,113.61,48.88
2026-08-24T05:09:13,113.89,49.15
2026-08-24T05:09:14,113.86,49.12
2026-08-24T05:09:15,113.89,49.15
2026-08-24T05:09:16,113.7,48.96
2026-08-24T05:09:17,114.9,50.14
2026-08-24T05:09:18,113.83,49.09
2026-08-24T05:09:19,114.83,50.07
2026-08-24T05:09:20,114.5,49.75
2026-08-24T05:09:21,113.94,49.2
2026-08-24T05:09:22,114.14,49.39
2026-08-24T05:09:23,113.84,49.1
2026-08-24T05:09:24,114.62,49.87
2026-08-24T05:09:25,113.7,48.96
2026-08-24T05:09:26,113.88,49.13
2026-08-24T05:09:27,114.11,49.36
2026-08-24T05:09:28,113.36,48.63
2026-08-24T05:09:29,114.83,50.08
2026-08-24T05:09:30,113.85,49.11
2026-08-24T05:09:31,113.68,48.94
2026-08-24T05:09:32,114.4,49.65
2026-08-24T05:09:33,113.72,48.98
2026-08-24T05:09:34,113.71,48.97
2026-08-24T05:09:35,113.93,49.19
2026-08-24T05:09:36,114.11,49.36
2026-08-24T05:09:37,113.5,48.76
2026-08-24T05:09:38,113.78,49.04
2026-08-24T05:09:39,113.75,49.01
2026-08-24T05:09:40,113.27,48.54
2026-08-24T05:09:41,113.35,48.61
2026-08-24T05:09:42,113.64,48.9
2026-08-24T05:09:43,113.41,48.68
2026-08-24T05:09:44,113.63,48.89
2026-08-24T05:09:45,113.95,49.2
2026-08-24T05:09:46,113.51,48.77
2026-08-24T05:09:47,113.8,49.06
2026-08-24T05:09:48,113.86,49.12
2026-08-24T05:09:49,113.75,49.01
2026-08-24T05:09:50,113.94,49.19
2026-08-24T05:09:51,113.31,48.57
2026-08-24T05:09:52,113.59,48.86
2026-08-24T05:09:53,113.6,48.86
2026-08-24T05:09:54,113.52,48.78
2026-08-24T05:09:55,113.93,49.19
2026-08-24T05:09:56,114.3,49.56
2026-08-24T05:09:57,113.91,49.17
2026-08-24T05:09:58,114.03,49.28
2026-08-24T05:09:59,114.44,49.69
2026-08-24T05:10:00,114.54,49.79
2026-08-24T05:10:01,114.33,49.58
2026-08-24T05:10:02,114.23,49.49
2026-08-24T05:10:03,113.71,48.97
2026-08-24T05:10:04,114.45,49.7
2026-08-24T05:10:05,114.54,49.79
2026-08-24T05:10:06,114.0,49.25
2026-08-24T05:10:07,114.09,49.35
2026-08-24T05:10:08,114.14,49.39
2026-08-24T05:10:09,114.33,49.58
2026-08-24T05:10:10,114.84,50.09
2026-08-24T05:10:11,115.47,50.7
2026-08-24T05:10:12,115.7,50.93
2026-08-24T05:10:13,116.19,51.42
2026-08-24T05:10:14,117.6,52.81
2026-08-24T05:10:15,119.29,54.48
2026-08-24T05:10:16,120.28,55.45
2026-08-24T05:10:17,123.29,58.42
2026-08-24T05:10:18,126.67,61.75
2026-08-24T05:10:19,129.06,64.1
2026-08-24T05:10:20,131.68,66.69
2026-08-24T05:10:21,133.44,68.42
2026-08-24T05:10:22,132.79,67.78
2026-08-24T05:10:23,129.87,64.9
2026-08-24T05:10:24,126.46,61.54
2026-08-24T05:10:25,124.04,59.15
2026-08-24T05:10:26,121.43,56.58
2026-08-24T05:10:27,119.66,54.83
2026-08-24T05:10:28,120.94,56.1
2026-08-24T05:10:29,119.0,54.19
2026-08-24T05:10:30,119.96,55.14
2026-08-24T05:10:31,121.03,56.19
2026-08-24T05:10:32,123.22,58.35
2026-08-24T05:10:33,123.89,59.01
2026-08-24T05:10:34,122.87,58.0
2026-08-24T05:10:35,121.79,56.94
2026-08-24T05:10:36,119.11,54.29
2026-08-24T05:10:37,118.25,53.44
2026-08-24T05:10:38,116.54,51.76
2026-08-24T05:10:39,117.18,52.39
2026-08-24T05:10:40,116.33,51.55
2026-08-24T05:10:41,116.59,51.81
2026-08-24T05:10:42,114.86,50.1
2026-08-24T05:10:43,114.39,49.64
2026-08-24T05:10:44,115.41,50.65
2026-08-24T05:10:45,115.43,50.67
2026-08-24T05:10:46,115.81,51.04
2026-08-24T05:10:47,116.58,51.8
2026-08-24T05:10:48,118.23,53.43
2026-08-24T05:10:49,121.53,56.68
2026-08-24T05:10:50,122.48,57.62
2026-08-24T05:10:51,124.54,59.65
2026-08-24T05:10:52,125.47,60.57
2026-08-24T05:10:53,126.24,61.32
2026-08-24T05:10:54,125.0,60.1
2026-08-24T05:10:55,121.55,56.7
2026-08-24T05:10:56,119.45,54.62
2026-08-24T05:10:57,118.25,53.45
2026-08-24T05:10:58,117.93,53.13
2026-08-24T05:10:59,117.21,52.42
2026-08-24T05:11:00,117.26,52.47
2026-08-24T05:11:01,116.64,51.86
2026-08-24T05:11:02,116.64,51.85
2026-08-24T05:11:03,116.13,51.36
2026-08-24T05:11:04,115.67,50.9
2026-08-24T05:11:05,115.35,50.59
2026-08-24T05:11:06,114.26,49.51
2026-08-24T05:11:07,114.01,49.27
2026-08-24T05:11:08,113.57,48.83
2026-08-24T05:11:09,113.65,48.91
2026-08-24T05:11:10,114.19,49.45
2026-08-24T05:11:11,113.98,49.24
2026-08-24T05:11:12,113.38,48.64
2026-08-24T05:11:13,113.67,48.93
2026-08-24T05:11:14,113.9,49.16
2026-08-24T05:11:15,113.67,48.93
2026-08-24T05:11:16,113.8,49.06
2026-08-24T05:11:17,113.57,48.83
2026-08-24T05:11:18,113.35,48.62
2026-08-24T05:11:19,113.75,49.01
2026-08-24T05:11:20,113.98,49.24
2026-08-24T05:11:21,113.91,49.17
2026-08-24T05:11:22,113.71,48.97
2026-08-24T05:11:23,113.08,48.35
2026-08-24T05:11:24,114.0,49.26
2026-08-24T05:11:25,113.9,49.16
2026-08-24T05:11:26,113.98,49.24
2026-08-24T05:11:27,113.61,48.88
2026-08-24T05:11:28,113.57,48.84
2026-08-24T05:11:29,114.51,49.76
2026-08-24T05:11:30,113.71,48.97
2026-08-24T05:11:31,113.51,48.78
2026-08-24T05:11:32,113.7,48.96
2026-08-24T05:11:33,114.11,49.37
2026-08-24T05:11:34,114.12,49.37
2026-08-24T05:11:35,113.44,48.7
2026-08-24T05:11:36,113.62,48.88
2026-08-24T05:11:37,113.58,48.84
2026-08-24T05:11:38,113.63,48.89
2026-08-24T05:11:39,113.26,48.53
2026-08-24T05:11:40,113.79,49.05
2026-08-24T05:11:41,113.78,49.04
2026-08-24T05:11:42,113.34,48.6
2026-08-24T05:11:43,113.96,49.21
2026-08-24T05:11:44,113.59,48.85
2026-08-24T05:11:45,113.33,48.6
2026-08-24T05:11:46,114.04,49.3
2026-08-24T05:11:47,113.8,49.05
2026-08-24T05:11:48,114.11,49.36
2026-08-24T05:11:49,113.67,48.93
2026-08-24T05:11:50,114.24,49.5
2026-08-24T05:11:51,113.39,48.65
2026-08-24T05:11:52,114.07,49.32
2026-08-24T05:11:53,113.76,49.02
2026-08-24T05:11:54,114.33,49.58
2026-08-24T05:11:55,113.92,49.18
2026-08-24T05:11:56,113.56,48.83
2026-08-24T05:11:57,113.55,48.82
2026-08-24T05:11:58,113.33,48.6
2026-08-24T05:11:59,113.67,48.93
2026-08-24T05:12:00,114.32,49.57
2026-08-24T05:12:01,113.99,49.25
2026-08-24T05:12:02,113.66,48.92
2026-08-24T05:12:03,114.13,49.38
2026-08-24T05:12:04,114.92,50.16
2026-08-24T05:12:05,114.82,50.06
2026-08-24T05:12:06,115.33,50.57
2026-08-24T05:12:07,115.86,51.09
2026-08-24T05:12:08,117.7,52.9
2026-08-24T05:12:09,118.57,53.76
2026-08-24T05:12:10,120.23,55.4
2026-08-24T05:12:11,122.44,57.57
2026-08-24T05:12:12,125.62,60.71
2026-08-24T05:12:13,125.94,61.02
2026-08-24T05:12:14,121.87,57.02
2026-08-24T05:12:15,119.75,54.93
2026-08-24T05:12:16,117.7,52.9
2026-08-24T05:12:17,116.38,51.6
2026-08-24T05:12:18,117.11,52.32
2026-08-24T05:12:19,114.76,50.01
2026-08-24T05:12:20,114.21,49.46
2026-08-24T05:12:21,115.18,50.42
2026-08-24T05:12:22,114.8,50.05
2026-08-24T05:12:23,114.65,49.9
2026-08-24T05:12:24,115.05,50.29
2026-08-24T05:12:25,114.05,49.31
2026-08-24T05:12:26,113.8,49.06
2026-08-24T05:12:27,114.32,49.57
2026-08-24T05:12:28,113.72,48.98
2026-08-24T05:12:29,115.06,50.3
2026-08-24T05:12:30,115.62,50.85
2026-08-24T05:12:31,115.71,50.95
2026-08-24T05:12:32,116.11,51.34
2026-08-24T05:12:33,116.35,51.57
2026-08-24T05:12:34,117.77,52.97
2026-08-24T05:12:35,119.41,54.59
2026-08-24T05:12:36,123.44,58.56
2026-08-24T05:12:37,125.16,60.26
2026-08-24T05:12:38,127.02,62.09
2026-08-24T05:12:39,127.35,62.41
2026-08-24T05:12:40,128.03,63.09
2026-08-24T05:12:41,126.12,61.21
2026-08-24T05:12:42,121.88,57.03
2026-08-24T05:12:43,120.34,55.5
2026-08-24T05:12:44,118.51,53.71
2026-08-24T05:12:45,118.42,53.61
2026-08-24T05:12:46,116.9,52.11
2026-08-24T05:12:47,116.28,51.5
2026-08-24T05:12:48,115.36,50.6
2026-08-24T05:12:49,115.44,50.68
2026-08-24T05:12:50,114.59,49.83
2026-08-24T05:12:51,114.89,50.13
2026-08-24T05:12:52,115.22,50.46
2026-08-24T05:12:53,115.08,50.33
2026-08-24T05:12:54,114.58,49.82
2026-08-24T05:12:55,114.77,50.01
2026-08-24T05:12:56,115.01,50.25
2026-08-24T05:12:57,115.48,50.72
2026-08-24T05:12:58,115.15,50.39
2026-08-24T05:12:59,115.45,50.68
2026-08-24T05:13:00,115.98,51.21
2026-08-24T05:13:01,117.39,52.6
2026-08-24T05:13:02,117.12,52.34
2026-08-24T05:13:03,117.27,52.48
2026-08-24T05:13:04,119.21,54.39
2026-08-24T05:13:05,120.06,55.23
2026-08-24T05:13:06,121.49,56.64
2026-08-24T05:13:07,124.02,59.13
2026-08-24T05:13:08,125.1,60.2
2026-08-24T05:13:09,126.51,61.59
2026-08-24T05:13:10,128.53,63.58
2026-08-24T05:13:11,128.6,63.65
2026-08-24T05:13:12,129.26,64.3
2026-08-24T05:13:13,129.37,64.4
2026-08-24T05:13:14,129.11,64.16
2026-08-24T05:13:15,127.65,62.71
2026-08-24T05:13:16,126.47,61.55
2026-08-24T05:13:17,126.1,61.19
2026-08-24T05:13:18,125.62,60.71
2026-08-24T05:13:19,125.97,61.06
2026-08-24T05:13:20,127.12,62.19
2026-08-24T05:13:21,128.72,63.77
2026-08-24T05:13:22,129.31,64.35
2026-08-24T05:13:23,129.43,64.47
2026-08-24T05:13:24,128.92,63.96
2026-08-24T05:13:25,129.13,64.17
2026-08-24T05:13:26,127.65,62.71
2026-08-24T05:13:27,126.79,61.87
2026-08-24T05:13:28,126.54,61.61
2026-08-24T05:13:29,123.66,58.78
2026-08-24T05:13:30,121.87,57.02
2026-08-24T05:13:31,120.47,55.64
2026-08-24T05:13:32,119.43,54.61
2026-08-24T05:13:33,118.47,53.67
2026-08-24T05:13:34,118.03,53.23
2026-08-24T05:13:35,118.16,53.36
2026-08-24T05:13:36,118.67,53.86
2026-08-24T05:13:37,121.42,56.57
2026-08-24T05:13:38,122.72,57.85
2026-08-24T05:13:39,124.65,59.76
2026-08-24T05:13:40,124.53,59.63
2026-08-24T05:13:41,124.59,59.7
2026-08-24T05:13:42,124.68,59.78
2026-08-24T05:13:43,123.59,58.71
2026-08-24T05:13:44,120.46,55.63
2026-08-24T05:13:45,119.48,54.66
2026-08-24T05:13:46,118.55,53.74
2026-08-24T05:13:47,117.71,52.91
2026-08-24T05:13:48,117.04,52.26
2026-08-24T05:13:49,116.17,51.39
2026-08-24T05:13:50,115.55,50.79
2026-08-24T05:13:51,115.07,50.31
2026-08-24T05:13:52,115.56,50.79
2026-08-24T05:13:53,115.34,50.58
2026-08-24T05:13:54,115.5,50.73
2026-08-24T05:13:55,114.01,49.27
2026-08-24T05:13:56,113.85,49.11
2026-08-24T05:13:57,114.27,49.52
2026-08-24T05:13:58,114.03,49.29
2026-08-24T05:13:59,114.15,49.41
2026-08-24T05:14:00,113.67,48.93
2026-08-24T05:14:01,114.07,49.32
2026-08-24T05:14:02,113.86,49.12
2026-08-24T05:14:03,113.86,49.11
2026-08-24T05:14:04,114.25,49.51
2026-08-24T05:14:05,114.14,49.39
2026-08-24T05:14:06,114.45,49.7
2026-08-24T05:14:07,114.48,49.73
2026-08-24T05:14:08,113.79,49.05
2026-08-24T05:14:09,114.66,49.9
2026-08-24T05:14:10,114.67,49.92
2026-08-24T05:14:11,114.0,49.26
2026-08-24T05:14:12,113.83,49.09
2026-08-24T05:14:13,113.93,49.19
2026-08-24T05:14:14,113.86,49.12
2026-08-24T05:14:15,113.79,49.05
2026-08-24T05:14:16,114.48,49.73
2026-08-24T05:14:17,113.85,49.11
2026-08-24T05:14:18,114.15,49.4
2026-08-24T05:14:19,113.95,49.2
2026-08-24T05:14:20,114.65,49.9
2026-08-24T05:14:21,113.26,48.52
2026-08-24T05:14:22,113.64,48.9
2026-08-24T05:14:23,113.73,48.99
2026-08-24T05:14:24,116.19,51.41
2026-08-24T05:14:25,117.31,52.52
2026-08-24T05:14:26,117.35,52.55
2026-08-24T05:14:27,118.66,53.85
2026-08-24T05:14:28,119.84,55.02
2026-08-24T05:14:29,120.71,55.87
2026-08-24T05:14:30,119.08,54.26
2026-08-24T05:14:31,119.15,54.33
2026-08-24T05:14:32,118.76,53.95
2026-08-24T05:14:33,120.33,55.5
2026-08-24T05:14:34,122.39,57.53
2026-08-24T05:14:35,124.65,59.76
2026-08-24T05:14:36,124.11,59.23
2026-08-24T05:14:37,124.11,59.22
2026-08-24T05:14:38,124.44,59.54
2026-08-24T05:14:39,119.85,55.03
2026-08-24T05:14:40,121.15,56.31
2026-08-24T05:14:41,123.79,58.9
2026-08-24T05:14:42,125.08,60.18
2026-08-24T05:14:43,126.6,61.68
2026-08-24T05:14:44,129.68,64.72
2026-08-24T05:14:45,130.16,65.19
2026-08-24T05:14:46,129.89,64.92
2026-08-24T05:14:47,129.01,64.05
2026-08-24T05:14:48,128.16,63.22
2026-08-24T05:14:49,127.35,62.42
2026-08-24T05:14:50,125.28,60.37
2026-08-24T05:14:51,125.45,60.55
2026-08-24T05:14:52,124.08,59.2
2026-08-24T05:14:53,121.71,56.86
2026-08-24T05:14:54,121.25,56.4
2026-08-24T05:14:55,119.06,54.25
2026-08-24T05:14:56,117.76,52.97
2026-08-24T05:14:57,117.53,52.73
2026-08-24T05:14:58,117.29,52.5
2026-08-24T05:14:59,116.61,51.83
2026-08-24T05:15:00,116.02,51.25
2026-08-24T05:15:01,115.6,50.83
2026-08-24T05:15:02,115.18,50.42
2026-08-24T05:15:03,115.34,50.58
2026-08-24T05:15:04,115.14,50.38
2026-08-24T05:15:05,114.71,49.96
2026-08-24T05:15:06,114.03,49.28
2026-08-24T05:15:07,114.14,49.4
2026-08-24T05:15:08,114.16,49.42
2026-08-24T05:15:09,114.44,49.69
2026-08-24T05:15:10,113.7,48.96
2026-08-24T05:15:11,114.07,49.33
2026-08-24T05:15:12,113.91,49.17
2026-08-24T05:15:13,113.68,48.94
2026-08-24T05:15:14,113.46,48.73
2026-08-24T05:15:15,114.18,49.43
2026-08-24T05:15:16,114.06,49.32
2026-08-24T05:15:17,114.56,49.81
2026-08-24T05:15:18,114.07,49.33
2026-08-24T05:15:19,113.92,49.18
2026-08-24T05:15:20,113.59,48.85
2026-08-24T05:15:21,115.27,50.51
2026-08-24T05:15:22,116.71,51.93
2026-08-24T05:15:23,114.26,49.52
2026-08-24T05:15:24,113.91,49.17
2026-08-24T05:15:25,113.75,49.01
2026-08-24T05:15:26,113.71,48.97
2026-08-24T05:15:27,114.21,49.46
2026-08-24T05:15:28,114.33,49.58
2026-08-24T05:15:29,114.02,49.28
2026-08-24T05:15:30,114.48,49.73
2026-08-24T05:15:31,113.81,49.07
2026-08-24T05:15:32,113.97,49.23
2026-08-24T05:15:33,115.32,50.56
2026-08-24T05:15:34,116.73,51.95
2026-08-24T05:15:35,115.57,50.8
2026-08-24T05:15:36,114.98,50.22
2026-08-24T05:15:37,115.25,50.49
2026-08-24T05:15:38,114.63,49.87
2026-08-24T05:15:39,114.83,50.08
2026-08-24T05:15:40,114.28,49.53
2026-08-24T05:15:41,113.77,49.03
2026-08-24T05:15:42,114.34,49.59
2026-08-24T05:15:43,114.3,49.55
2026-08-24T05:15:44,114.91,50.15
2026-08-24T05:15:45,113.81,49.07
2026-08-24T05:15:46,113.67,48.93
2026-08-24T05:15:47,113.45,48.71
2026-08-24T05:15:48,114.58,49.82
2026-08-24T05:15:49,113.96,49.21
2026-08-24T05:15:50,113.99,49.25
2026-08-24T05:15:51,114.41,49.66
2026-08-24T05:15:52,113.86,49.12
2026-08-24T05:15:53,114.23,49.48
2026-08-24T05:15:54,114.43,49.68
2026-08-24T05:15:55,114.29,49.54
2026-08-24T05:15:56,114.96,50.2
2026-08-24T05:15:57,116.24,51.47
2026-08-24T05:15:58,116.82,52.04
2026-08-24T05:15:59,118.42,53.62
2026-08-24T05:16:00,121.53,56.68
2026-08-24T05:16:01,122.6,57.73
2026-08-24T05:16:02,123.64,58.76
2026-08-24T05:16:03,124.53,59.63
2026-08-24T05:16:04,124.69,59.79
2026-08-24T05:16:05,123.95,59.07
2026-08-24T05:16:06,121.88,57.02
2026-08-24T05:16:07,119.18,54.36
2026-08-24T05:16:08,117.64,52.85
2026-08-24T05:16:09,116.32,51.54
2026-08-24T05:16:10,115.79,51.02
2026-08-24T05:16:11,115.8,51.04
2026-08-24T05:16:12,115.16,50.4
2026-08-24T05:16:13,115.0,50.24
2026-08-24T05:16:14,114.91,50.16
2026-08-24T05:16:15,115.38,50.62
2026-08-24T05:16:16,114.63,49.88
2026-08-24T05:16:17,114.42,49.67
2026-08-24T05:16:18,114.61,49.85
2026-08-24T05:16:19,113.74,49.0
2026-08-24T05:16:20,113.96,49.22
2026-08-24T05:16:21,114.09,49.35
2026-08-24T05:16:22,113.72,48.98
2026-08-24T05:16:23,113.86,49.11
2026-08-24T05:16:24,114.24,49.49
2026-08-24T05:16:25,113.47,48.74
2026-08-24T05:16:26,113.99,49.25
2026-08-24T05:16:27,113.11,48.38
2026-08-24T05:16:28,113.96,49.21
2026-08-24T05:16:29,114.19,49.45
2026-08-24T05:16:30,113.63,48.89
2026-08-24T05:16:31,114.07,49.33
2026-08-24T05:16:32,113.95,49.21
2026-08-24T05:16:33,114.17,49.43
2026-08-24T05:16:34,113.6,48.87
2026-08-24T05:16:35,113.4,48.67
2026-08-24T05:16:36,113.56,48.82
2026-08-24T05:16:37,113.71,48.97
2026-08-24T05:16:38,113.92,49.18
2026-08-24T05:16:39,113.8,49.06
2026-08-24T05:16:40,114.38,49.63
2026-08-24T05:16:41,113.35,48.61
2026-08-24T05:16:42,113.74,49.0
2026-08-24T05:16:43,113.96,49.22
2026-08-24T05:16:44,113.7,48.96
2026-08-24T05:16:45,113.83,49.09
2026-08-24T05:16:46,113.89,49.15
2026-08-24T05:16:47,114.26,49.51
2026-08-24T05:16:48,113.77,49.03
2026-08-24T05:16:49,113.68,48.94
2026-08-24T05:16:50,113.7,48.96
2026-08-24T05:16:51,113.24,48.51
2026-08-24T05:16:52,113.66,48.92
2026-08-24T05:16:53,113.65,48.91
2026-08-24T05:16:54,113.28,48.54
2026-08-24T05:16:55,113.82,49.08
2026-08-24T05:16:56,114.04,49.29
2026-08-24T05:16:57,113.39,48.65
2026-08-24T05:16:58,113.44,48.7
2026-08-24T05:16:59,114.16,49.41
2026-08-24T05:17:00,113.15,48.42
2026-08-24T05:17:01,114.12,49.37
2026-08-24T05:17:02,113.54,48.8
2026-08-24T05:17:03,113.8,49.06
2026-08-24T05:17:04,114.04,49.3
2026-08-24T05:17:05,113.63,48.89
2026-08-24T05:17:06,114.08,49.34
2026-08-24T05:17:07,113.94,49.2
2026-08-24T05:17:08,113.65,48.91
2026-08-24T05:17:09,114.27,49.52
2026-08-24T05:17:10,113.7,48.96
2026-08-24T05:17:11,113.74,49.0
2026-08-24T05:17:12,114.0,49.25
2026-08-24T05:17:13,113.44,48.71
2026-08-24T05:17:14,113.62,48.88
2026-08-24T05:17:15,113.64,48.9
2026-08-24T05:17:16,114.06,49.32
2026-08-24T05:17:17,113.55,48.81
2026-08-24T05:17:18,113.25,48.52
2026-08-24T05:17:19,114.21,49.47
2026-08-24T05:17:20,113.78,49.04
2026-08-24T05:17:21,114.11,49.36
2026-08-24T05:17:22,113.79,49.05
2026-08-24T05:17:23,113.41,48.68
2026-08-24T05:17:24,113.96,49.22
2026-08-24T05:17:25,113.81,49.06
2026-08-24T05:17:26,113.72,48.98
2026-08-24T05:17:27,113.93,49.19
2026-08-24T05:17:28,113.66,48.93
2026-08-24T05:17:29,113.33,48.6
2026-08-24T05:17:30,113.68,48.94
2026-08-24T05:17:31,113.04,48.31
2026-08-24T05:17:32,113.42,48.68
2026-08-24T05:17:33,113.86,49.12
2026-08-24T05:17:34,113.82,49.08
2026-08-24T05:17:35,113.97,49.22
2026-08-24T05:17:36,114.12,49.38
2026-08-24T05:17:37,114.47,49.72
2026-08-24T05:17:38,114.72,49.97
2026-08-24T05:17:39,114.2,49.45
2026-08-24T05:17:40,113.59,48.85
2026-08-24T05:17:41,114.33,49.59
2026-08-24T05:17:42,113.78,49.04
2026-08-24T05:17:43,114.25,49.5
2026-08-24T05:17:44,114.15,49.4
2026-08-24T05:17:45,114.73,49.98
2026-08-24T05:17:46,113.3,48.56
2026-08-24T05:17:47,113.98,49.24
2026-08-24T05:17:48,113.82,49.08
2026-08-24T05:17:49,113.48,48.74
2026-08-24T05:17:50,114.1,49.35
2026-08-24T05:17:51,113.31,48.57
2026-08-24T05:17:52,114.29,49.55
2026-08-24T05:17:53,113.52,48.78
2026-08-24T05:17:54,114.42,49.67
2026-08-24T05:17:55,113.02,48.29
2026-08-24T05:17:56,113.73,48.99
2026-08-24T05:17:57,113.57,48.84
2026-08-24T05:17:58,114.38,49.63
2026-08-24T05:17:59,113.34,48.6
2026-08-24T05:18:00,113.78,49.04
2026-08-24T05:18:01,113.57,48.83
2026-08-24T05:18:02,113.49,48.76
2026-08-24T05:18:03,114.19,49.44
2026-08-24T05:18:04,113.79,49.05
2026-08-24T05:18:05,113.89,49.15
2026-08-24T05:18:06,113.37,48.64
2026-08-24T05:18:07,113.23,48.5
2026-08-24T05:18:08,114.21,49.46
2026-08-24T05:18:09,113.78,49.04
2026-08-24T05:18:10,113.74,49.0
2026-08-24T05:18:11,113.91,49.17
2026-08-24T05:18:12,113.65,48.91
2026-08-24T05:18:13,113.77,49.03
2026-08-24T05:18:14,114.02,49.27
2026-08-24T05:18:15,114.0,49.26
2026-08-24T05:18:16,113.76,49.02
2026-08-24T05:18:17,113.65,48.91
2026-08-24T05:18:18,114.05,49.3
2026-08-24T05:18:19,114.43,49.68
2026-08-24T05:18:20,113.86,49.12
2026-08-24T05:18:21,113.86,49.12
2026-08-24T05:18:22,113.66,48.92
2026-08-24T05:18:23,114.11,49.36
2026-08-24T05:18:24,113.84,49.1
2026-08-24T05:18:25,113.71,48.97
2026-08-24T05:18:26,113.64,48.9
2026-08-24T05:18:27,114.26,49.51
2026-08-24T05:18:28,113.87,49.13
2026-08-24T05:18:29,113.7,48.96
2026-08-24T05:18:30,114.4,49.65
2026-08-24T05:18:31,113.82,49.08
2026-08-24T05:18:32,114.01,49.27
2026-08-24T05:18:33,114.52,49.76
2026-08-24T05:18:34,115.66,50.89
2026-08-24T05:18:35,116.64,51.86
2026-08-24T05:18:36,117.32,52.53
2026-08-24T05:18:37,118.23,53.43
2026-08-24T05:18:38,119.7,54.88
2026-08-24T05:18:39,123.55,58.67
2026-08-24T05:18:40,124.4,59.51
2026-08-24T05:18:41,126.58,61.66
2026-08-24T05:18:42,127.81,62.87
2026-08-24T05:18:43,128.5,63.55
2026-08-24T05:18:44,128.8,63.84
2026-08-24T05:18:45,128.83,63.87
2026-08-24T05:18:46,127.99,63.05
2026-08-24T05:18:47,127.69,62.75
2026-08-24T05:18:48,127.54,62.61
2026-08-24T05:18:49,128.2,63.26
2026-08-24T05:18:50,128.28,63.33
2026-08-24T05:18:51,125.96,61.05
2026-08-24T05:18:52,123.08,58.21
2026-08-24T05:18:53,121.18,56.33
2026-08-24T05:18:54,119.96,55.14
2026-08-24T05:18:55,119.53,54.71
2026-08-24T05:18:56,118.2,53.4
2026-08-24T05:18:57,117.23,52.44
2026-08-24T05:18:58,116.15,51.38
2026-08-24T05:18:59,115.99,51.22
2026-08-24T05:19:00,115.52,50.76
2026-08-24T05:19:01,115.46,50.7
2026-08-24T05:19:02,115.01,50.25
2026-08-24T05:19:03,116.14,51.37
2026-08-24T05:19:04,116.06,51.28
2026-08-24T05:19:05,116.28,51.5
2026-08-24T05:19:06,117.26,52.47
2026-08-24T05:19:07,118.96,54.14
2026-08-24T05:19:08,120.49,55.65
2026-08-24T05:19:09,121.95,57.09
2026-08-24T05:19:10,124.83,59.93
2026-08-24T05:19:11,127.74,62.8
2026-08-24T05:19:12,129.89,64.92
2026-08-24T05:19:13,131.13,66.14
2026-08-24T05:19:14,131.12,66.13
2026-08-24T05:19:15,129.71,64.74
2026-08-24T05:19:16,126.55,61.63
2026-08-24T05:19:17,124.98,60.08
2026-08-24T05:19:18,122.44,57.57
2026-08-24T05:19:19,121.41,56.56
2026-08-24T05:19:20,119.9,55.07
2026-08-24T05:19:21,118.05,53.25
2026-08-24T05:19:22,117.34,52.55
2026-08-24T05:19:23,116.05,51.28
2026-08-24T05:19:24,116.25,51.47
2026-08-24T05:19:25,115.98,51.21
2026-08-24T05:19:26,115.17,50.41
2026-08-24T05:19:27,114.01,49.27
2026-08-24T05:19:28,114.52,49.77
2026-08-24T05:19:29,114.35,49.6
2026-08-24T05:19:30,114.57,49.82
2026-08-24T05:19:31,114.14,49.39
2026-08-24T05:19:32,114.21,49.46
2026-08-24T05:19:33,114.28,49.53
2026-08-24T05:19:34,113.92,49.18
2026-08-24T05:19:35,113.76,49.02
2026-08-24T05:19:36,114.04,49.3
2026-08-24T05:19:37,113.88,49.14
2026-08-24T05:19:38,114.23,49.48
2026-08-24T05:19:39,114.2,49.46
2026-08-24T05:19:40,114.44,49.7
2026-08-24T05:19:41,114.08,49.33
2026-08-24T05:19:42,114.3,49.55
2026-08-24T05:19:43,114.2,49.45
2026-08-24T05:19:44,114.0,49.26
2026-08-24T05:19:45,114.22,49.47
2026-08-24T05:19:46,114.26,49.51
2026-08-24T05:19:47,113.58,48.85
2026-08-24T05:19:48,113.93,49.18
2026-08-24T05:19:49,114.05,49.31
2026-08-24T05:19:50,114.47,49.72
2026-08-24T05:19:51,114.16,49.42
2026-08-24T05:19:52,113.8,49.06
2026-08-24T05:19:53,114.27,49.53
2026-08-24T05:19:54,114.18,49.43
2026-08-24T05:19:55,114.35,49.6
2026-08-24T05:19:56,114.83,50.08
2026-08-24T05:19:57,115.91,51.14
2026-08-24T05:19:58,116.82,52.04
2026-08-24T05:19:59,119.04,54.22
2026-08-24T05:20:00,120.3,55.47
2026-08-24T05:20:01,121.9,57.04
2026-08-24T05:20:02,125.11,60.2
2026-08-24T05:20:03,127.69,62.75
2026-08-24T05:20:04,129.39,64.43
2026-08-24T05:20:05,128.84,63.88
2026-08-24T05:20:06,127.34,62.41
2026-08-24T05:20:07,126.85,61.93
2026-08-24T05:20:08,124.71,59.81
2026-08-24T05:20:09,122.22,57.36
2026-08-24T05:20:10,121.16,56.31
2026-08-24T05:20:11,119.6,54.77
2026-08-24T05:20:12,118.85,54.03
2026-08-24T05:20:13,117.28,52.49
2026-08-24T05:20:14,116.42,51.64
2026-08-24T05:20:15,116.17,51.4
2026-08-24T05:20:16,115.59,50.82
2026-08-24T05:20:17,116.31,51.53
2026-08-24T05:20:18,115.78,51.01
2026-08-24T05:20:19,116.32,51.54
2026-08-24T05:20:20,115.98,51.21
2026-08-24T05:20:21,116.13,51.36
2026-08-24T05:20:22,116.43,51.65
2026-08-24T05:20:23,116.9,52.11
2026-08-24T05:20:24,117.54,52.75
2026-08-24T05:20:25,119.23,54.41
2026-08-24T05:20:26,122.2,57.34
2026-08-24T05:20:27,124.65,59.75
2026-08-24T05:20:28,127.03,62.1
2026-08-24T05:20:29,129.86,64.89
2026-08-24T05:20:30,131.23,66.24
2026-08-24T05:20:31,134.13,69.1
2026-08-24T05:20:32,139.99,74.87
2026-08-24T05:20:33,131.03,66.04
2026-08-24T05:20:34,127.01,62.08
2026-08-24T05:20:35,121.64,56.79
2026-08-24T05:20:36,122.36,57.49
2026-08-24T05:20:37,119.05,54.24
2026-08-24T05:20:38,118.28,53.48
2026-08-24T05:20:39,118.47,53.67
2026-08-24T05:20:40,116.14,51.36
2026-08-24T05:20:41,116.0,51.23
2026-08-24T05:20:42,115.25,50.49
2026-08-24T05:20:43,115.09,50.33
2026-08-24T05:20:44,114.44,49.69
2026-08-24T05:20:45,114.4,49.65
2026-08-24T05:20:46,114.17,49.42
2026-08-24T05:20:47,113.64,48.9
2026-08-24T05:20:48,114.53,49.78
2026-08-24T05:20:49,114.74,49.99
2026-08-24T05:20:50,114.41,49.66
2026-08-24T05:20:51,114.5,49.75
2026-08-24T05:20:52,114.73,49.98
2026-08-24T05:20:53,114.46,49.71
2026-08-24T05:20:54,114.41,49.66
2026-08-24T05:20:55,114.58,49.83
2026-08-24T05:20:56,114.38,49.63
2026-08-24T05:20:57,113.86,49.12
2026-08-24T05:20:58,114.19,49.44
2026-08-24T05:20:59,114.47,49.72
2026-08-24T05:21:00,113.87,49.13
2026-08-24T05:21:01,114.66,49.91
2026-08-24T05:21:02,114.57,49.82
2026-08-24T05:21:03,113.74,49.0
2026-08-24T05:21:04,114.02,49.27
2026-08-24T05:21:05,113.98,49.23
2026-08-24T05:21:06,113.65,48.91
2026-08-24T05:21:07,114.33,49.58
2026-08-24T05:21:08,114.87,50.11
2026-08-24T05:21:09,114.5,49.75
2026-08-24T05:21:10,115.32,50.56
2026-08-24T05:21:11,115.1,50.34
2026-08-24T05:21:12,115.68,50.91
2026-08-24T05:21:13,114.5,49.75
2026-08-24T05:21:14,114.05,49.31
2026-08-24T05:21:15,114.51,49.75
2026-08-24T05:21:16,114.08,49.34
2026-08-24T05:21:17,114.2,49.46
2026-08-24T05:21:18,114.47,49.72
2026-08-24T05:21:19,114.21,49.47
2026-08-24T05:21:20,114.03,49.29
2026-08-24T05:21:21,114.41,49.66
2026-08-24T05:21:22,113.96,49.21
2026-08-24T05:21:23,114.5,49.75
2026-08-24T05:21:24,114.4,49.66
2026-08-24T05:21:25,115.04,50.28
2026-08-24T05:21:26,115.18,50.42
2026-08-24T05:21:27,115.06,50.3
2026-08-24T05:21:28,116.23,51.45
2026-08-24T05:21:29,116.96,52.17
2026-08-24T05:21:30,119.92,55.09
2026-08-24T05:21:31,122.15,57.29
2026-08-24T05:21:32,125.1,60.2
2026-08-24T05:21:33,127.06,62.13
2026-08-24T05:21:34,127.22,62.29
2026-08-24T05:21:35,125.38,60.48
2026-08-24T05:21:36,123.01,58.14
2026-08-24T05:21:37,121.54,56.69
2026-08-24T05:21:38,122.54,57.68
2026-08-24T05:21:39,123.67,58.79
2026-08-24T05:21:40,124.78,59.89
2026-08-24T05:21:41,125.72,60.81
2026-08-24T05:21:42,126.54,61.62
2026-08-24T05:21:43,127.72,62.79
2026-08-24T05:21:44,128.26,63.32
2026-08-24T05:21:45,129.67,64.7
2026-08-24T05:21:46,129.19,64.23
2026-08-24T05:21:47,128.3,63.36
2026-08-24T05:21:48,127.74,62.8
2026-08-24T05:21:49,127.77,62.83
2026-08-24T05:21:50,127.06,62.13
2026-08-24T05:21:51,127.26,62.33
2026-08-24T05:21:52,127.66,62.72
2026-08-24T05:21:53,127.06,62.13
2026-08-24T05:21:54,125.95,61.03
2026-08-24T05:21:55,126.93,62.0
2026-08-24T05:21:56,124.43,59.54
2026-08-24T05:21:57,121.62,56.77
2026-08-24T05:21:58,120.69,55.85
2026-08-24T05:21:59,118.87,54.06
2026-08-24T05:22:00,118.04,53.24
2026-08-24T05:22:01,117.33,52.54
2026-08-24T05:22:02,116.42,51.65
2026-08-24T05:22:03,115.39,50.63
2026-08-24T05:22:04,115.35,50.58
2026-08-24T05:22:05,115.31,50.55
2026-08-24T05:22:06,114.98,50.22
2026-08-24T05:22:07,114.78,50.03
2026-08-24T05:22:08,114.26,49.51
2026-08-24T05:22:09,114.35,49.6
2026-08-24T05:22:10,114.31,49.56
2026-08-24T05:22:11,114.17,49.42
2026-08-24T05:22:12,114.5,49.74
2026-08-24T05:22:13,115.4,50.64
2026-08-24T05:22:14,116.11,51.34
2026-08-24T05:22:15,116.76,51.98
2026-08-24T05:22:16,118.11,53.31
2026-08-24T05:22:17,119.76,54.94
2026-08-24T05:22:18,124.17,59.28
2026-08-24T05:22:19,127.88,62.94
2026-08-24T05:22:20,130.08,65.11
2026-08-24T05:22:21,130.33,65.35
2026-08-24T05:22:22,129.89,64.92
2026-08-24T05:22:23,126.23,61.31
2026-08-24T05:22:24,122.7,57.83
2026-08-24T05:22:25,120.36,55.53
2026-08-24T05:22:26,118.71,53.9
2026-08-24T05:22:27,117.54,52.74
2026-08-24T05:22:28,116.17,51.4
2026-08-24T05:22:29,115.98,51.2
2026-08-24T05:22:30,115.27,50.51
2026-08-24T05:22:31,114.66,49.9
2026-08-24T05:22:32,115.08,50.32
2026-08-24T05:22:33,114.99,50.23
2026-08-24T05:22:34,114.76,50.01
2026-08-24T05:22:35,115.13,50.37
2026-08-24T05:22:36,115.2,50.44
2026-08-24T05:22:37,115.76,50.99
2026-08-24T05:22:38,116.13,51.35
2026-08-24T05:22:39,117.08,52.29
2026-08-24T05:22:40,118.43,53.62
2026-08-24T05:22:41,119.16,54.34
2026-08-24T05:22:42,120.78,55.94
2026-08-24T05:22:43,123.9,59.02
2026-08-24T05:22:44,125.98,61.07
2026-08-24T05:22:45,129.14,64.18
2026-08-24T05:22:46,131.94,66.94
2026-08-24T05:22:47,134.57,69.54
2026-08-24T05:22:48,135.13,70.09
2026-08-24T05:22:49,131.96,66.97
2026-08-24T05:22:50,129.64,64.67
2026-08-24T05:22:51,128.81,63.85
2026-08-24T05:22:52,128.11,63.17
2026-08-24T05:22:53,127.07,62.14
2026-08-24T05:22:54,127.27,62.34
2026-08-24T05:22:55,127.56,62.62
2026-08-24T05:22:56,126.89,61.96
2026-08-24T05:22:57,124.95,60.05
2026-08-24T05:22:58,122.41,57.55
2026-08-24T05:22:59,121.73,56.88
2026-08-24T05:23:00,122.94,58.07
2026-08-24T05:23:01,124.06,59.18
2026-08-24T05:23:02,124.55,59.66
2026-08-24T05:23:03,124.24,59.35
2026-08-24T05:23:04,123.95,59.07
2026-08-24T05:23:05,122.26,57.4
2026-08-24T05:23:06,120.02,55.19
2026-08-24T05:23:07,120.03,55.2
2026-08-24T05:23:08,120.2,55.37
2026-08-24T05:23:09,121.56,56.71
2026-08-24T05:23:10,124.67,59.78
2026-08-24T05:23:11,126.75,61.83
2026-08-24T05:23:12,128.84,63.89
2026-08-24T05:23:13,129.63,64.67
2026-08-24T05:23:14,128.29,63.34
2026-08-24T05:23:15,126.02,61.11
2026-08-24T05:23:16,124.1,59.21
2026-08-24T05:23:17,121.74,56.89
2026-08-24T05:23:18,120.12,55.29
2026-08-24T05:23:19,118.78,53.97
2026-08-24T05:23:20,117.68,52.88
2026-08-24T05:23:21,117.18,52.39
2026-08-24T05:23:22,116.16,51.39
2026-08-24T05:23:23,114.63,49.87
2026-08-24T05:23:24,114.95,50.19
2026-08-24T05:23:25,115.15,50.39
2026-08-24T05:23:26,114.31,49.56
2026-08-24T05:23:27,114.37,49.62
2026-08-24T05:23:28,114.19,49.45
2026-08-24T05:23:29,114.59,49.84
2026-08-24T05:23:30,114.24,49.49
2026-08-24T05:23:31,113.84,49.1
2026-08-24T05:23:32,113.92,49.18
2026-08-24T05:23:33,113.35,48.62
2026-08-24T05:23:34,114.33,49.58
2026-08-24T05:23:35,113.71,48.97
2026-08-24T05:23:36,113.63,48.89
2026-08-24T05:23:37,113.76,49.02
2026-08-24T05:23:38,114.57,49.82
2026-08-24T05:23:39,114.31,49.56
2026-08-24T05:23:40,113.63,48.89
2026-08-24T05:23:41,114.0,49.25
2026-08-24T05:23:42,114.23,49.49
2026-08-24T05:23:43,114.01,49.26
2026-08-24T05:23:44,114.65,49.9
2026-08-24T05:23:45,114.04,49.3
2026-08-24T05:23:46,114.41,49.66
2026-08-24T05:23:47,113.98,49.24
2026-08-24T05:23:48,113.87,49.13
2026-08-24T05:23:49,114.22,49.47
2026-08-24T05:23:50,114.33,49.58
2026-08-24T05:23:51,114.1,49.35
2026-08-24T05:23:52,114.37,49.63
2026-08-24T05:23:53,114.12,49.37
2026-08-24T05:23:54,114.83,50.08
2026-08-24T05:23:55,115.01,50.26
2026-08-24T05:23:56,116.28,51.51
2026-08-24T05:23:57,117.34,52.55
2026-08-24T05:23:58,118.82,54.0
2026-08-24T05:23:59,121.03,56.18
2026-08-24T05:24:00,124.21,59.32
2026-08-24T05:24:01,126.06,61.14
2026-08-24T05:24:02,126.52,61.6
2026-08-24T05:24:03,127.42,62.49
2026-08-24T05:24:04,126.06,61.14
2026-08-24T05:24:05,123.3,58.43
2026-08-24T05:24:06,120.64,55.81
2026-08-24T05:24:07,119.25,54.43
2026-08-24T05:24:08,117.68,52.88
2026-08-24T05:24:09,117.29,52.5
2026-08-24T05:24:10,117.78,52.98
2026-08-24T05:24:11,118.59,53.79
2026-08-24T05:24:12,118.86,54.05
2026-08-24T05:24:13,121.91,57.06
2026-08-24T05:24:14,124.34,59.45
2026-08-24T05:24:15,126.03,61.12
2026-08-24T05:24:16,127.36,62.43
2026-08-24T05:24:17,128.11,63.17
2026-08-24T05:24:18,128.39,63.44
2026-08-24T05:24:19,127.25,62.32
2026-08-24T05:24:20,125.4,60.5
2026-08-24T05:24:21,122.9,58.03
2026-08-24T05:24:22,120.41,55.57
2026-08-24T05:24:23,118.78,53.96
2026-08-24T05:24:24,118.48,53.68
2026-08-24T05:24:25,117.18,52.39
2026-08-24T05:24:26,116.46,51.68
2026-08-24T05:24:27,115.92,51.15
2026-08-24T05:24:28,115.76,51.0
2026-08-24T05:24:29,114.77,50.02
2026-08-24T05:24:30,115.14,50.38
2026-08-24T05:24:31,114.75,49.99
2026-08-24T05:24:32,114.02,49.28
2026-08-24T05:24:33,113.68,48.94
2026-08-24T05:24:34,114.41,49.66
2026-08-24T05:24:35,114.53,49.78
2026-08-24T05:24:36,114.13,49.39
2026-08-24T05:24:37,113.68,48.94
2026-08-24T05:24:38,113.89,49.15
2026-08-24T05:24:39,114.17,49.43
2026-08-24T05:24:40,113.77,49.03
2026-08-24T05:24:41,114.07,49.32
2026-08-24T05:24:42,113.6,48.86
2026-08-24T05:24:43,113.87,49.13
2026-08-24T05:24:44,113.87,49.13
2026-08-24T05:24:45,113.68,48.94
2026-08-24T05:24:46,114.36,49.62
2026-08-24T05:24:47,115.03,50.27
2026-08-24T05:24:48,115.56,50.79
2026-08-24T05:24:49,114.84,50.09
2026-08-24T05:24:50,114.32,49.58
2026-08-24T05:24:51,114.91,50.15
2026-08-24T05:24:52,114.19,49.44
2026-08-24T05:24:53,114.48,49.73
2026-08-24T05:24:54,114.4,49.65
2026-08-24T05:24:55,115.21,50.45
2026-08-24T05:24:56,114.64,49.88
2026-08-24T05:24:57,113.97,49.23
2026-08-24T05:24:58,113.66,48.92
2026-08-24T05:24:59,114.46,49.71
2026-08-24T05:25:00,113.9,49.16
2026-08-24T05:25:01,114.72,49.96
2026-08-24T05:25:02,114.32,49.57
2026-08-24T05:25:03,114.02,49.28
2026-08-24T05:25:04,113.85,49.1
2026-08-24T05:25:05,113.64,48.9
2026-08-24T05:25:06,113.56,48.82
2026-08-24T05:25:07,113.5,48.76
2026-08-24T05:25:08,113.78,49.04
2026-08-24T05:25:09,113.96,49.22
2026-08-24T05:25:10,114.01,49.27
2026-08-24T05:25:11,113.49,48.75
2026-08-24T05:25:12,114.48,49.73
2026-08-24T05:25:13,114.54,49.79
2026-08-24T05:25:14,113.57,48.83
2026-08-24T05:25:15,113.97,49.22
2026-08-24T05:25:16,114.05,49.31
2026-08-24T05:25:17,113.73,48.99
2026-08-24T05:25:18,113.86,49.12
2026-08-24T05:25:19,114.24,49.49
2026-08-24T05:25:20,114.7,49.95
2026-08-24T05:25:21,114.53,49.78
2026-08-24T05:25:22,113.84,49.1
2026-08-24T05:25:23,114.07,49.33
2026-08-24T05:25:24,114.45,49.7
2026-08-24T05:25:25,114.81,50.05
2026-08-24T05:25:26,115.34,50.57
2026-08-24T05:25:27,115.22,50.46
2026-08-24T05:25:28,114.68,49.92
2026-08-24T05:25:29,114.97,50.21
2026-08-24T05:25:30,114.63,49.88
2026-08-24T05:25:31,115.67,50.91
2026-08-24T05:25:32,115.73,50.96
2026-08-24T05:25:33,116.82,52.03
2026-08-24T05:25:34,117.78,52.99
2026-08-24T05:25:35,117.83,53.03
2026-08-24T05:25:36,118.63,53.82
2026-08-24T05:25:37,120.18,55.35
2026-08-24T05:25:38,123.9,59.01
2026-08-24T05:25:39,125.98,61.07
2026-08-24T05:25:40,128.33,63.38
2026-08-24T05:25:41,129.66,64.69
2026-08-24T05:25:42,129.92,64.95
2026-08-24T05:25:43,129.15,64.19
2026-08-24T05:25:44,128.59,63.64
2026-08-24T05:25:45,129.16,64.2
2026-08-24T05:25:46,128.8,63.85
2026-08-24T05:25:47,128.33,63.38
2026-08-24T05:25:48,127.78,62.84
2026-08-24T05:25:49,124.83,59.93
2026-08-24T05:25:50,122.22,57.36
2026-08-24T05:25:51,120.14,55.31
2026-08-24T05:25:52,119.3,54.48
2026-08-24T05:25:53,118.12,53.32
2026-08-24T05:25:54,117.19,52.4
2026-08-24T05:25:55,116.33,51.56
2026-08-24T05:25:56,116.06,51.29
2026-08-24T05:25:57,115.41,50.64
2026-08-24T05:25:58,115.3,50.54
2026-08-24T05:25:59,114.89,50.14
2026-08-24T05:26:00,114.67,49.92
2026-08-24T05:26:01,115.07,50.31
2026-08-24T05:26:02,114.97,50.21
2026-08-24T05:26:03,114.98,50.22
2026-08-24T05:26:04,114.78,50.03
2026-08-24T05:26:05,115.05,50.29
2026-08-24T05:26:06,114.05,49.31
2026-08-24T05:26:07,114.71,49.96
2026-08-24T05:26:08,115.28,50.51
2026-08-24T05:26:09,118.6,53.8
2026-08-24T05:26:10,118.43,53.63
2026-08-24T05:26:11,119.42,54.6
2026-08-24T05:26:12,122.46,57.6
2026-08-24T05:26:13,121.46,56.61
2026-08-24T05:26:14,122.11,57.26
2026-08-24T05:26:15,122.06,57.21
2026-08-24T05:26:16,121.14,56.29
2026-08-24T05:26:17,119.19,54.38
2026-08-24T05:26:18,118.62,53.81
2026-08-24T05:26:19,117.69,52.9
2026-08-24T05:26:20,116.08,51.31
2026-08-24T05:26:21,116.18,51.4
2026-08-24T05:26:22,115.39,50.63
2026-08-24T05:26:23,115.0,50.24
2026-08-24T05:26:24,115.12,50.36
2026-08-24T05:26:25,115.08,50.32
2026-08-24T05:26:26,114.93,50.17
2026-08-24T05:26:27,114.56,49.81
2026-08-24T05:26:28,114.47,49.72
2026-08-24T05:26:29,114.66,49.9
2026-08-24T05:26:30,113.95,49.21
2026-08-24T05:26:31,113.85,49.11
2026-08-24T05:26:32,113.81,49.07
2026-08-24T05:26:33,114.2,49.45
2026-08-24T05:26:34,113.88,49.14
2026-08-24T05:26:35,113.76,49.02
2026-08-24T05:26:36,114.35,49.6
2026-08-24T05:26:37,113.16,48.43
2026-08-24T05:26:38,113.34,48.61
2026-08-24T05:26:39,114.05,49.31
2026-08-24T05:26:40,113.99,49.24
2026-08-24T05:26:41,113.94,49.2
2026-08-24T05:26:42,114.21,49.46
2026-08-24T05:26:43,114.37,49.62
2026-08-24T05:26:44,113.8,49.06
2026-08-24T05:26:45,113.98,49.24
2026-08-24T05:26:46,113.59,48.85
2026-08-24T05:26:47,114.25,49.51
2026-08-24T05:26:48,113.77,49.03
2026-08-24T05:26:49,113.47,48.74
2026-08-24T05:26:50,113.89,49.14
2026-08-24T05:26:51,114.47,49.72
2026-08-24T05:26:52,114.38,49.63
2026-08-24T05:26:53,114.23,49.48
2026-08-24T05:26:54,114.05,49.31
2026-08-24T05:26:55,114.42,49.67
2026-08-24T05:26:56,114.08,49.33
2026-08-24T05:26:57,113.8,49.06
2026-08-24T05:26:58,114.3,49.55
2026-08-24T05:26:59,113.76,49.02
2026-08-24T05:27:00,114.59,49.84
2026-08-24T05:27:01,114.89,50.13
2026-08-24T05:27:02,114.0,49.26
2026-08-24T05:27:03,113.73,48.99
2026-08-24T05:27:04,113.74,49.0
2026-08-24T05:27:05,113.99,49.25
2026-08-24T05:27:06,114.76,50.0
2026-08-24T05:27:07,113.88,49.14
2026-08-24T05:27:08,114.23,49.49
2026-08-24T05:27:09,113.9,49.16
2026-08-24T05:27:10,114.08,49.34
2026-08-24T05:27:11,114.14,49.39
2026-08-24T05:27:12,114.1,49.36
2026-08-24T05:27:13,114.64,49.89
2026-08-24T05:27:14,114.28,49.54
2026-08-24T05:27:15,114.6,49.85
2026-08-24T05:27:16,113.59,48.85
2026-08-24T05:27:17,113.96,49.22
2026-08-24T05:27:18,114.33,49.58
2026-08-24T05:27:19,114.1,49.35
2026-08-24T05:27:20,113.59,48.85
2026-08-24T05:27:21,114.03,49.28
2026-08-24T05:27:22,113.76,49.02
2026-08-24T05:27:23,114.37,49.62
2026-08-24T05:27:24,114.78,50.02
2026-08-24T05:27:25,114.13,49.39
2026-08-24T05:27:26,113.94,49.19
2026-08-24T05:27:27,113.92,49.18
2026-08-24T05:27:28,114.36,49.61
2026-08-24T05:27:29,114.43,49.68
2026-08-24T05:27:30,113.42,48.68
2026-08-24T05:27:31,113.65,48.91
2026-08-24T05:27:32,113.95,49.21
2026-08-24T05:27:33,114.25,49.5
2026-08-24T05:27:34,114.1,49.35
2026-08-24T05:27:35,113.86,49.12
2026-08-24T05:27:36,114.12,49.37
2026-08-24T05:27:37,114.12,49.38
2026-08-24T05:27:38,114.36,49.61
2026-08-24T05:27:39,114.22,49.48
2026-08-24T05:27:40,114.9,50.14
2026-08-24T05:27:41,114.63,49.88
2026-08-24T05:27:42,116.6,51.82
2026-08-24T05:27:43,115.48,50.72
2026-08-24T05:27:44,116.18,51.4
2026-08-24T05:27:45,115.23,50.47
2026-08-24T05:27:46,114.48,49.73
2026-08-24T05:27:47,114.42,49.67
2026-08-24T05:27:48,115.03,50.27
2026-08-24T05:27:49,114.23,49.48
2026-08-24T05:27:50,115.16,50.4
2026-08-24T05:27:51,114.93,50.18
2026-08-24T05:27:52,114.19,49.45
2026-08-24T05:27:53,114.56,49.8
2026-08-24T05:27:54,114.33,49.58
2026-08-24T05:27:55,114.39,49.65
2026-08-24T05:27:56,114.4,49.65
2026-08-24T05:27:57,114.77,50.01
2026-08-24T05:27:58,114.29,49.54
2026-08-24T05:27:59,114.43,49.68
2026-08-24T05:28:00,114.96,50.2
2026-08-24T05:28:01,114.37,49.62
2026-08-24T05:28:02,114.38,49.63
2026-08-24T05:28:03,114.89,50.14
2026-08-24T05:28:04,114.32,49.57
2026-08-24T05:28:05,114.22,49.47
2026-08-24T05:28:06,115.17,50.41
2026-08-24T05:28:07,115.17,50.41
2026-08-24T05:28:08,114.8,50.04
2026-08-24T05:28:09,115.29,50.53
2026-08-24T05:28:10,115.03,50.27
2026-08-24T05:28:11,114.59,49.83
2026-08-24T05:28:12,114.95,50.19
2026-08-24T05:28:13,115.07,50.31
2026-08-24T05:28:14,114.57,49.82
2026-08-24T05:28:15,115.0,50.24
2026-08-24T05:28:16,114.64,49.89
2026-08-24T05:28:17,114.34,49.59
2026-08-24T05:28:18,114.45,49.7
2026-08-24T05:28:19,114.82,50.07
2026-08-24T05:28:20,115.2,50.44
2026-08-24T05:28:21,115.39,50.63
2026-08-24T05:28:22,116.21,51.44
2026-08-24T05:28:23,115.8,51.03
2026-08-24T05:28:24,115.68,50.91
2026-08-24T05:28:25,114.99,50.23
2026-08-24T05:28:26,114.48,49.73
2026-08-24T05:28:27,114.71,49.95
2026-08-24T05:28:28,115.11,50.35
2026-08-24T05:28:29,115.97,51.2
2026-08-24T05:28:30,116.71,51.93
2026-08-24T05:28:31,116.43,51.65
2026-08-24T05:28:32,116.09,51.32
2026-08-24T05:28:33,115.63,50.86
2026-08-24T05:28:34,117.17,52.38
2026-08-24T05:28:35,117.8,53.0
2026-08-24T05:28:36,118.59,53.78
2026-08-24T05:28:37,119.18,54.36
2026-08-24T05:28:38,119.25,54.43
2026-08-24T05:28:39,123.16,58.28
2026-08-24T05:28:40,127.42,62.48
2026-08-24T05:28:41,129.62,64.65
2026-08-24T05:28:42,129.27,64.31
2026-08-24T05:28:43,129.63,64.66
2026-08-24T05:28:44,127.83,62.89
2026-08-24T05:28:45,123.4,58.52
2026-08-24T05:28:46,121.87,57.02
2026-08-24T05:28:47,120.97,56.12
2026-08-24T05:28:48,119.97,55.14
2026-08-24T05:28:49,120.87,56.03
2026-08-24T05:28:50,120.84,56.0
2026-08-24T05:28:51,122.03,57.17
2026-08-24T05:28:52,125.17,60.27
2026-08-24T05:28:53,127.24,62.31
2026-08-24T05:28:54,129.35,64.39
2026-08-24T05:28:55,130.27,65.3
2026-08-24T05:28:56,131.86,66.87
2026-08-24T05:28:57,132.55,67.55
2026-08-24T05:28:58,131.74,66.74
2026-08-24T05:28:59,130.31,65.34
2026-08-24T05:29:00,128.48,63.53
2026-08-24T05:29:01,125.92,61.01
2026-08-24T05:29:02,123.74,58.86
2026-08-24T05:29:03,121.45,56.6
2026-08-24T05:29:04,119.84,55.02
2026-08-24T05:29:05,118.39,53.58
2026-08-24T05:29:06,117.49,52.7
2026-08-24T05:29:07,117.11,52.32
2026-08-24T05:29:08,116.91,52.12
2026-08-24T05:29:09,116.45,51.68
2026-08-24T05:29:10,115.35,50.58
2026-08-24T05:29:11,115.29,50.53
2026-08-24T05:29:12,114.66,49.91
2026-08-24T05:29:13,114.49,49.74
2026-08-24T05:29:14,114.34,49.59
2026-08-24T05:29:15,114.22,49.48
2026-08-24T05:29:16,113.61,48.87
2026-08-24T05:29:17,113.92,49.18
2026-08-24T05:29:18,114.4,49.65
2026-08-24T05:29:19,113.89,49.15
2026-08-24T05:29:20,114.29,49.54
2026-08-24T05:29:21,114.35,49.6
2026-08-24T05:29:22,114.19,49.44
2026-08-24T05:29:23,114.35,49.61
2026-08-24T05:29:24,114.1,49.36
2026-08-24T05:29:25,114.15,49.41
2026-08-24T05:29:26,113.83,49.09
2026-08-24T05:29:27,114.5,49.75
2026-08-24T05:29:28,114.42,49.67
2026-08-24T05:29:29,114.65,49.89
2026-08-24T05:29:30,114.14,49.4
2026-08-24T05:29:31,114.67,49.92
2026-08-24T05:29:32,114.54,49.79
2026-08-24T05:29:33,114.79,50.04
2026-08-24T05:29:34,114.38,49.63
2026-08-24T05:29:35,113.59,48.86
2026-08-24T05:29:36,114.78,50.02
2026-08-24T05:29:37,114.32,49.57
2026-08-24T05:29:38,114.34,49.59
2026-08-24T05:29:39,114.88,50.13
2026-08-24T05:29:40,115.45,50.68
2026-08-24T05:29:41,115.02,50.26
2026-08-24T05:29:42,115.3,50.54
2026-08-24T05:29:43,116.02,51.25
2026-08-24T05:29:44,118.02,53.22
2026-08-24T05:29:45,121.13,56.28
2026-08-24T05:29:46,123.27,58.4
2026-08-24T05:29:47,124.4,59.51
2026-08-24T05:29:48,124.79,59.89
2026-08-24T05:29:49,124.41,59.51
2026-08-24T05:29:50,123.45,58.57
2026-08-24T05:29:51,121.31,56.47
2026-08-24T05:29:52,119.04,54.22
2026-08-24T05:29:53,117.72,52.93
2026-08-24T05:29:54,117.03,52.24
2026-08-24T05:29:55,116.29,51.51
2026-08-24T05:29:56,116.0,51.22
2026-08-24T05:29:57,115.6,50.83
2026-08-24T05:29:58,116.06,51.29
2026-08-24T05:29:59,115.88,51.11
2026-08-24T05:30:00,115.89,51.12
2026-08-24T05:30:01,116.82,52.03
2026-08-24T05:30:02,119.11,54.3
2026-08-24T05:30:03,119.47,54.65
2026-08-24T05:30:04,123.53,58.65
2026-08-24T05:30:05,125.15,60.25
2026-08-24T05:30:06,126.37,61.45
2026-08-24T05:30:07,127.05,62.12
2026-08-24T05:30:08,127.5,62.57
2026-08-24T05:30:09,125.28,60.37
2026-08-24T05:30:10,122.3,57.43
2026-08-24T05:30:11,121.25,56.41
2026-08-24T05:30:12,119.75,54.92
2026-08-24T05:30:13,119.64,54.82
2026-08-24T05:30:14,120.24,55.41
2026-08-24T05:30:15,122.15,57.29
2026-08-24T05:30:16,124.49,59.6
2026-08-24T05:30:17,124.66,59.77
2026-08-24T05:30:18,126.99,62.06
2026-08-24T05:30:19,120.66,55.83
2026-08-24T05:30:20,118.65,53.84
2026-08-24T05:30:21,117.73,52.93
2026-08-24T05:30:22,117.26,52.47
2026-08-24T05:30:23,117.05,52.26
2026-08-24T05:30:24,118.38,53.57
2026-08-24T05:30:25,120.38,55.55
2026-08-24T05:30:26,122.68,57.81
2026-08-24T05:30:27,124.47,59.58
2026-08-24T05:30:28,125.92,61.01
2026-08-24T05:30:29,126.42,61.5
2026-08-24T05:30:30,126.01,61.1
2026-08-24T05:30:31,123.51,58.63
2026-08-24T05:30:32,120.79,55.95
2026-08-24T05:30:33,118.49,53.68
2026-08-24T05:30:34,117.3,52.51
2026-08-24T05:30:35,116.22,51.44
2026-08-24T05:30:36,115.98,51.21
2026-08-24T05:30:37,115.86,51.09
2026-08-24T05:30:38,115.86,51.09
2026-08-24T05:30:39,114.84,50.09
2026-08-24T05:30:40,114.93,50.17
2026-08-24T05:30:41,114.78,50.02
2026-08-24T05:30:42,114.81,50.06
2026-08-24T05:30:43,114.27,49.52
2026-08-24T05:30:44,114.66,49.91
2026-08-24T05:30:45,115.02,50.27
2026-08-24T05:30:46,114.8,50.05
2026-08-24T05:30:47,114.7,49.94
2026-08-24T05:30:48,114.31,49.56
2026-08-24T05:30:49,115.05,50.3
2026-08-24T05:30:50,114.69,49.94
2026-08-24T05:30:51,115.35,50.59
2026-08-24T05:30:52,115.58,50.81
2026-08-24T05:30:53,116.53,51.75
2026-08-24T05:30:54,117.0,52.21
2026-08-24T05:30:55,117.41,52.61
2026-08-24T05:30:56,119.04,54.22
2026-08-24T05:30:57,122.95,58.08
2026-08-24T05:30:58,124.31,59.42
2026-08-24T05:30:59,125.62,60.71
2026-08-24T05:31:00,126.49,61.57
2026-08-24T05:31:01,125.91,61.0
2026-08-24T05:31:02,122.8,57.94
2026-08-24T05:31:03,121.35,56.5
2026-08-24T05:31:04,120.87,56.03
2026-08-24T05:31:05,122.9,58.03
2026-08-24T05:31:06,124.13,59.24
2026-08-24T05:31:07,126.51,61.58
2026-08-24T05:31:08,127.89,62.95
2026-08-24T05:31:09,129.51,64.55
2026-08-24T05:31:10,129.93,64.96
2026-08-24T05:31:11,128.33,63.39
2026-08-24T05:31:12,126.29,61.38
2026-08-24T05:31:13,122.56,57.7
2026-08-24T05:31:14,120.25,55.42
2026-08-24T05:31:15,118.81,54.0
2026-08-24T05:31:16,117.94,53.14
2026-08-24T05:31:17,116.73,51.95
2026-08-24T05:31:18,116.39,51.61
2026-08-24T05:31:19,117.35,52.56
2026-08-24T05:31:20,114.94,50.18
2026-08-24T05:31:21,115.71,50.94
2026-08-24T05:31:22,115.18,50.42
2026-08-24T05:31:23,115.34,50.57
2026-08-24T05:31:24,114.77,50.02
2026-08-24T05:31:25,114.93,50.18
2026-08-24T05:31:26,115.17,50.41
2026-08-24T05:31:27,114.96,50.2
2026-08-24T05:31:28,114.76,50.01
2026-08-24T05:31:29,114.69,49.93
2026-08-24T05:31:30,114.37,49.62
2026-08-24T05:31:31,114.18,49.43
2026-08-24T05:31:32,114.62,49.87
2026-08-24T05:31:33,114.13,49.38
2026-08-24T05:31:34,114.48,49.73
2026-08-24T05:31:35,114.94,50.19
2026-08-24T05:31:36,114.72,49.97
2026-08-24T05:31:37,114.93,50.17
2026-08-24T05:31:38,114.22,49.47
2026-08-24T05:31:39,114.33,49.58
2026-08-24T05:31:40,114.51,49.76
2026-08-24T05:31:41,114.03,49.28
2026-08-24T05:31:42,114.25,49.5
2026-08-24T05:31:43,114.57,49.81
2026-08-24T05:31:44,114.73,49.97
2026-08-24T05:31:45,114.22,49.47
2026-08-24T05:31:46,114.41,49.66
2026-08-24T05:31:47,114.13,49.39
2026-08-24T05:31:48,113.77,49.03
2026-08-24T05:31:49,113.93,49.19
2026-08-24T05:31:50,113.83,49.09
2026-08-24T05:31:51,113.85,49.11
2026-08-24T05:31:52,114.39,49.64
2026-08-24T05:31:53,114.42,49.67
2026-08-24T05:31:54,114.36,49.62
2026-08-24T05:31:55,114.31,49.56
2026-08-24T05:31:56,113.8,49.06
2026-08-24T05:31:57,114.59,49.83
2026-08-24T05:31:58,114.34,49.59
2026-08-24T05:31:59,114.11,49.37
2026-08-24T05:32:00,113.94,49.2
2026-08-24T05:32:01,114.22,49.48
2026-08-24T05:32:02,113.81,49.07
2026-08-24T05:32:03,114.25,49.5
2026-08-24T05:32:04,114.56,49.81
2026-08-24T05:32:05,114.25,49.5
2026-08-24T05:32:06,114.22,49.47
2026-08-24T05:32:07,114.13,49.38
2026-08-24T05:32:08,113.96,49.22
2026-08-24T05:32:09,114.4,49.65
2026-08-24T05:32:10,113.87,49.13
2026-08-24T05:32:11,114.14,49.39
2026-08-24T05:32:12,114.08,49.33
2026-08-24T05:32:13,113.88,49.14
2026-08-24T05:32:14,113.82,49.08
2026-08-24T05:32:15,114.36,49.61
2026-08-24T05:32:16,114.06,49.32
2026-08-24T05:32:17,114.74,49.98
2026-08-24T05:32:18,114.46,49.71
2026-08-24T05:32:19,113.96,49.21
2026-08-24T05:32:20,113.95,49.21
2026-08-24T05:32:21,114.39,49.64
2026-08-24T05:32:22,114.68,49.93
2026-08-24T05:32:23,114.49,49.74
2026-08-24T05:32:24,114.8,50.04
2026-08-24T05:32:25,114.85,50.09
2026-08-24T05:32:26,115.28,50.52
2026-08-24T05:32:27,115.75,50.98
2026-08-24T05:32:28,116.25,51.48
2026-08-24T05:32:29,117.31,52.52
2026-08-24T05:32:30,118.63,53.82
2026-08-24T05:32:31,121.62,56.77
2026-08-24T05:32:32,125.95,61.03
2026-08-24T05:32:33,126.51,61.59
2026-08-24T05:32:34,126.37,61.45
2026-08-24T05:32:35,126.86,61.94
2026-08-24T05:32:36,123.74,58.86
2026-08-24T05:32:37,120.32,55.49
2026-08-24T05:32:38,117.8,53.0
2026-08-24T05:32:39,116.69,51.9
2026-08-24T05:32:40,116.42,51.64
2026-08-24T05:32:41,115.97,51.19
2026-08-24T05:32:42,115.39,50.63
2026-08-24T05:32:43,114.65,49.9
2026-08-24T05:32:44,114.58,49.82
2026-08-24T05:32:45,114.92,50.16
2026-08-24T05:32:46,114.48,49.73
2026-08-24T05:32:47,114.27,49.52
2026-08-24T05:32:48,114.49,49.74
2026-08-24T05:32:49,114.32,49.58
2026-08-24T05:32:50,113.62,48.88
2026-08-24T05:32:51,113.52,48.78
2026-08-24T05:32:52,114.97,50.22
2026-08-24T05:32:53,114.28,49.53
2026-08-24T05:32:54,114.12,49.38
2026-08-24T05:32:55,114.29,49.54
2026-08-24T05:32:56,113.91,49.17
2026-08-24T05:32:57,114.6,49.85
2026-08-24T05:32:58,113.84,49.09
2026-08-24T05:32:59,114.37,49.62
2026-08-24T05:33:00,113.7,48.96
2026-08-24T05:33:01,113.61,48.87
2026-08-24T05:33:02,114.03,49.28
2026-08-24T05:33:03,114.07,49.32
2026-08-24T05:33:04,113.94,49.2
2026-08-24T05:33:05,114.16,49.42
2026-08-24T05:33:06,114.54,49.79
2026-08-24T05:33:07,114.75,50.0
2026-08-24T05:33:08,114.42,49.67
2026-08-24T05:33:09,114.78,50.03
2026-08-24T05:33:10,114.9,50.15
2026-08-24T05:33:11,115.12,50.36
2026-08-24T05:33:12,114.95,50.19
2026-08-24T05:33:13,115.57,50.81
2026-08-24T05:33:14,116.42,51.64
2026-08-24T05:33:15,118.58,53.78
2026-08-24T05:33:16,120.62,55.78
2026-08-24T05:33:17,122.97,58.1
2026-08-24T05:33:18,125.92,61.01
2026-08-24T05:33:19,127.95,63.01
2026-08-24T05:33:20,128.17,63.22
2026-08-24T05:33:21,122.47,57.61
2026-08-24T05:33:22,119.1,54.28
2026-08-24T05:33:23,117.49,52.7
2026-08-24T05:33:24,117.5,52.71
2026-08-24T05:33:25,116.86,52.07
2026-08-24T05:33:26,117.98,53.18
2026-08-24T05:33:27,118.71,53.9
2026-08-24T05:33:28,120.35,55.51
2026-08-24T05:33:29,123.24,58.36
2026-08-24T05:33:30,125.17,60.27
2026-08-24T05:33:31,125.18,60.27
2026-08-24T05:33:32,125.39,60.49
2026-08-24T05:33:33,125.4,60.5
2026-08-24T05:33:34,122.86,57.99
2026-08-24T05:33:35,120.15,55.32
2026-08-24T05:33:36,118.92,54.1
2026-08-24T05:33:37,118.93,54.12
2026-08-24T05:33:38,116.51,51.73
2026-08-24T05:33:39,116.51,51.73
2026-08-24T05:33:40,115.2,50.44
2026-08-24T05:33:41,115.2,50.44
2026-08-24T05:33:42,115.42,50.66
2026-08-24T05:33:43,115.39,50.62
2026-08-24T05:33:44,115.66,50.89
2026-08-24T05:33:45,115.47,50.7
2026-08-24T05:33:46,115.82,51.05
2026-08-24T05:33:47,116.78,52.0
2026-08-24T05:33:48,117.03,52.25
2026-08-24T05:33:49,117.79,53.0
2026-08-24T05:33:50,120.0,55.17
2026-08-24T05:33:51,122.69,57.82
2026-08-24T05:33:52,124.4,59.51
2026-08-24T05:33:53,126.21,61.29
2026-08-24T05:33:54,127.01,62.08
2026-08-24T05:33:55,128.35,63.4
2026-08-24T05:33:56,129.16,64.2
2026-08-24T05:33:57,129.85,64.88
2026-08-24T05:33:58,128.42,63.47
2026-08-24T05:33:59,127.2,62.27
2026-08-24T05:34:00,126.24,61.32
2026-08-24T05:34:01,126.27,61.36
2026-08-24T05:34:02,127.56,62.63
2026-08-24T05:34:03,128.52,63.57
2026-08-24T05:34:04,130.16,65.19
2026-08-24T05:34:05,124.86,59.97
2026-08-24T05:34:06,121.88,57.03
2026-08-24T05:34:07,119.36,54.54
2026-08-24T05:34:08,118.04,53.24
2026-08-24T05:34:09,116.86,52.07
2026-08-24T05:34:10,116.28,51.51
2026-08-24T05:34:11,116.8,52.01
2026-08-24T05:34:12,115.89,51.12
2026-08-24T05:34:13,115.18,50.42
2026-08-24T05:34:14,114.79,50.04
2026-08-24T05:34:15,114.92,50.16
2026-08-24T05:34:16,114.63,49.87
2026-08-24T05:34:17,113.71,48.97
2026-08-24T05:34:18,114.46,49.71
2026-08-24T05:34:19,114.12,49.38
2026-08-24T05:34:20,113.52,48.78
2026-08-24T05:34:21,114.19,49.45
2026-08-24T05:34:22,113.79,49.05
2026-08-24T05:34:23,114.26,49.51
2026-08-24T05:34:24,114.24,49.49
2026-08-24T05:34:25,114.45,49.7
2026-08-24T05:34:26,114.15,49.4
2026-08-24T05:34:27,114.03,49.29
2026-08-24T05:34:28,113.95,49.21
2026-08-24T05:34:29,113.62,48.88
2026-08-24T05:34:30,114.49,49.74
2026-08-24T05:34:31,113.79,49.05
2026-08-24T05:34:32,114.09,49.34
2026-08-24T05:34:33,114.02,49.27
2026-08-24T05:34:34,114.05,49.31
2026-08-24T05:34:35,115.07,50.31
2026-08-24T05:34:36,114.16,49.42
2026-08-24T05:34:37,114.53,49.78
2026-08-24T05:34:38,114.03,49.28
2026-08-24T05:34:39,113.79,49.05
2026-08-24T05:34:40,113.65,48.91
2026-08-24T05:34:41,114.56,49.8
2026-08-24T05:34:42,114.16,49.42
2026-08-24T05:34:43,114.36,49.61
2026-08-24T05:34:44,113.75,49.01
2026-08-24T05:34:45,114.42,49.67
2026-08-24T05:34:46,113.76,49.02
2026-08-24T05:34:47,114.17,49.43
2026-08-24T05:34:48,114.21,49.46
2026-08-24T05:34:49,113.88,49.14
2026-08-24T05:34:50,114.08,49.33
2026-08-24T05:34:51,113.81,49.07
2026-08-24T05:34:52,114.0,49.26
2026-08-24T05:34:53,114.87,50.11
2026-08-24T05:34:54,116.33,51.55
2026-08-24T05:34:55,117.45,52.66
2026-08-24T05:34:56,117.42,52.63
2026-08-24T05:34:57,117.6,52.81
2026-08-24T05:34:58,118.27,53.46
2026-08-24T05:34:59,121.89,57.03
2026-08-24T05:35:00,126.46,61.54
2026-08-24T05:35:01,128.36,63.41
2026-08-24T05:35:02,128.93,63.97
2026-08-24T05:35:03,129.04,64.09
2026-08-24T05:35:04,128.05,63.11
2026-08-24T05:35:05,123.17,58.29
2026-08-24T05:35:06,120.09,55.26
2026-08-24T05:35:07,119.03,54.21
2026-08-24T05:35:08,119.04,54.23
2026-08-24T05:35:09,117.67,52.87
2026-08-24T05:35:10,116.91,52.13
2026-08-24T05:35:11,116.51,51.73
2026-08-24T05:35:12,115.85,51.08
2026-08-24T05:35:13,116.2,51.42
2026-08-24T05:35:14,115.89,51.12
2026-08-24T05:35:15,116.26,51.48
2026-08-24T05:35:16,116.21,51.43
2026-08-24T05:35:17,117.76,52.96
2026-08-24T05:35:18,118.67,53.86
2026-08-24T05:35:19,118.51,53.7
2026-08-24T05:35:20,120.42,55.59
2026-08-24T05:35:21,123.38,58.51
2026-08-24T05:35:22,124.09,59.2
2026-08-24T05:35:23,125.27,60.37
2026-08-24T05:35:24,126.96,62.03
2026-08-24T05:35:25,128.63,63.68
2026-08-24T05:35:26,130.55,65.57
2026-08-24T05:35:27,134.45,69.41
2026-08-24T05:35:28,136.39,71.33
2026-08-24T05:35:29,136.74,71.67
2026-08-24T05:35:30,140.28,75.16
2026-08-24T05:35:31,143.21,78.05
2026-08-24T05:35:32,140.77,75.64
2026-08-24T05:35:33,134.14,69.11
2026-08-24T05:35:34,131.18,66.19
2026-08-24T05:35:35,129.59,64.63
2026-08-24T05:35:36,123.75,58.87
2026-08-24T05:35:37,122.94,58.07
2026-08-24T05:35:38,122.15,57.29
2026-08-24T05:35:39,119.94,55.12
2026-08-24T05:35:40,118.96,54.14
2026-08-24T05:35:41,117.78,52.98
2026-08-24T05:35:42,117.6,52.81
2026-08-24T05:35:43,117.19,52.4
2026-08-24T05:35:44,118.3,53.49
2026-08-24T05:35:45,118.69,53.88
2026-08-24T05:35:46,120.33,55.49
2026-08-24T05:35:47,122.35,57.49
2026-08-24T05:35:48,123.52,58.64
2026-08-24T05:35:49,124.89,59.99
2026-08-24T05:35:50,125.27,60.37
2026-08-24T05:35:51,125.87,60.96
2026-08-24T05:35:52,124.59,59.7
2026-08-24T05:35:53,123.76,58.88
2026-08-24T05:35:54,123.85,58.97
2026-08-24T05:35:55,127.03,62.1
2026-08-24T05:35:56,128.41,63.46
2026-08-24T05:35:57,130.13,65.15
2026-08-24T05:35:58,132.41,67.4
2026-08-24T05:35:59,133.35,68.33
2026-08-24T05:36:00,132.29,67.28
2026-08-24T05:36:01,132.48,67.47
2026-08-24T05:36:02,131.6,66.61
2026-08-24T05:36:03,129.14,64.18
2026-08-24T05:36:04,125.6,60.69
2026-08-24T05:36:05,123.71,58.82
2026-08-24T05:36:06,122.36,57.5
2026-08-24T05:36:07,120.83,55.99
2026-08-24T05:36:08,119.79,54.96
2026-08-24T05:36:09,120.06,55.23
2026-08-24T05:36:10,119.03,54.22
2026-08-24T05:36:11,119.26,54.44
2026-08-24T05:36:12,120.3,55.47
2026-08-24T05:36:13,122.18,57.32
2026-08-24T05:36:14,124.36,59.47
2026-08-24T05:36:15,125.17,60.27
2026-08-24T05:36:16,125.03,60.13
2026-08-24T05:36:17,126.59,61.67
2026-08-24T05:36:18,127.58,62.65
2026-08-24T05:36:19,126.79,61.86
2026-08-24T05:36:20,126.23,61.31
2026-08-24T05:36:21,126.49,61.57
2026-08-24T05:36:22,127.13,62.2
2026-08-24T05:36:23,125.28,60.38
2026-08-24T05:36:24,123.06,58.19
2026-08-24T05:36:25,122.77,57.91
2026-08-24T05:36:26,121.41,56.56
2026-08-24T05:36:27,120.82,55.98
2026-08-24T05:36:28,120.47,55.63
2026-08-24T05:36:29,120.36,55.53
2026-08-24T05:36:30,119.76,54.93
2026-08-24T05:36:31,118.73,53.92
2026-08-24T05:36:32,118.45,53.64
2026-08-24T05:36:33,119.75,54.92
2026-08-24T05:36:34,122.4,57.53
2026-08-24T05:36:35,124.21,59.32
2026-08-24T05:36:36,125.35,60.45
2026-08-24T05:36:37,126.46,61.54
2026-08-24T05:36:38,126.76,61.84
2026-08-24T05:36:39,124.63,59.74
2026-08-24T05:36:40,120.81,55.97
2026-08-24T05:36:41,119.78,54.96
2026-08-24T05:36:42,117.78,52.98
2026-08-24T05:36:43,116.82,52.04
2026-08-24T05:36:44,116.52,51.74
2026-08-24T05:36:45,116.01,51.23
2026-08-24T05:36:46,115.76,50.99
2026-08-24T05:36:47,115.77,51.0
2026-08-24T05:36:48,115.66,50.89
2026-08-24T05:36:49,114.58,49.82
2026-08-24T05:36:50,114.71,49.95
2026-08-24T05:36:51,114.85,50.1
2026-08-24T05:36:52,114.58,49.83
2026-08-24T05:36:53,114.45,49.7
2026-08-24T05:36:54,114.05,49.3
2026-08-24T05:36:55,114.34,49.59
2026-08-24T05:36:56,114.59,49.83
2026-08-24T05:36:57,114.61,49.86
2026-08-24T05:36:58,114.29,49.54
2026-08-24T05:36:59,114.26,49.52
2026-08-24T05:37:00,114.2,49.45
2026-08-24T05:37:01,114.13,49.38
2026-08-24T05:37:02,114.03,49.28
2026-08-24T05:37:03,114.24,49.5
2026-08-24T05:37:04,114.46,49.71
2026-08-24T05:37:05,115.22,50.46
2026-08-24T05:37:06,114.5,49.75
2026-08-24T05:37:07,115.13,50.37
2026-08-24T05:37:08,114.58,49.82
2026-08-24T05:37:09,114.52,49.77
2026-08-24T05:37:10,114.44,49.69
2026-08-24T05:37:11,114.6,49.85
2026-08-24T05:37:12,115.1,50.34
2026-08-24T05:37:13,115.6,50.83
2026-08-24T05:37:14,116.67,51.88
2026-08-24T05:37:15,118.97,54.15
2026-08-24T05:37:16,121.4,56.56
2026-08-24T05:37:17,127.28,62.35
2026-08-24T05:37:18,129.35,64.39
2026-08-24T05:37:19,130.1,65.13
2026-08-24T05:37:20,130.78,65.8
2026-08-24T05:37:21,126.88,61.95
2026-08-24T05:37:22,123.98,59.09
2026-08-24T05:37:23,126.38,61.46
2026-08-24T05:37:24,127.88,62.94
2026-08-24T05:37:25,129.44,64.48
2026-08-24T05:37:26,130.93,65.95
2026-08-24T05:37:27,130.72,65.74
2026-08-24T05:37:28,130.29,65.31
2026-08-24T05:37:29,130.77,65.79
2026-08-24T05:37:30,130.38,65.41
2026-08-24T05:37:31,127.37,62.44
2026-08-24T05:37:32,123.18,58.31
2026-08-24T05:37:33,121.64,56.79
2026-08-24T05:37:34,119.83,55.0
2026-08-24T05:37:35,118.64,53.83
2026-08-24T05:37:36,117.44,52.65
2026-08-24T05:37:37,117.12,52.33
2026-08-24T05:37:38,116.52,51.74
2026-08-24T05:37:39,115.31,50.55
2026-08-24T05:37:40,114.68,49.93
2026-08-24T05:37:41,115.07,50.31
2026-08-24T05:37:42,114.92,50.16
2026-08-24T05:37:43,115.48,50.71
2026-08-24T05:37:44,115.26,50.5
2026-08-24T05:37:45,115.58,50.81
2026-08-24T05:37:46,115.98,51.2
2026-08-24T05:37:47,116.97,52.19
2026-08-24T05:37:48,119.56,54.74
2026-08-24T05:37:49,122.27,57.41
2026-08-24T05:37:50,124.12,59.23
2026-08-24T05:37:51,125.2,60.29
2026-08-24T05:37:52,126.28,61.37
2026-08-24T05:37:53,126.1,61.19
2026-08-24T05:37:54,123.89,59.0
2026-08-24T05:37:55,120.24,55.41
2026-08-24T05:37:56,118.69,53.88
2026-08-24T05:37:57,117.32,52.53
2026-08-24T05:37:58,116.2,51.42
2026-08-24T05:37:59,115.38,50.62
2026-08-24T05:38:00,115.53,50.76
2026-08-24T05:38:01,114.79,50.03
2026-08-24T05:38:02,115.58,50.81
2026-08-24T05:38:03,114.74,49.99
2026-08-24T05:38:04,115.28,50.52
2026-08-24T05:38:05,114.58,49.82
2026-08-24T05:38:06,113.74,49.0
2026-08-24T05:38:07,114.87,50.12
2026-08-24T05:38:08,114.6,49.85
2026-08-24T05:38:09,114.3,49.55
2026-08-24T05:38:10,114.59,49.84
2026-08-24T05:38:11,114.7,49.95
2026-08-24T05:38:12,114.56,49.81
2026-08-24T05:38:13,114.09,49.35
2026-08-24T05:38:14,114.94,50.18
2026-08-24T05:38:15,113.76,49.02
2026-08-24T05:38:16,113.62,48.89
2026-08-24T05:38:17,114.06,49.32
2026-08-24T05:38:18,113.8,49.06
2026-08-24T05:38:19,114.54,49.78
2026-08-24T05:38:20,113.06,48.33
2026-08-24T05:38:21,114.09,49.34
2026-08-24T05:38:22,114.18,49.44
2026-08-24T05:38:23,113.68,48.94
2026-08-24T05:38:24,114.25,49.5
2026-08-24T05:38:25,114.24,49.49
2026-08-24T05:38:26,114.17,49.42
2026-08-24T05:38:27,114.44,49.69
2026-08-24T05:38:28,114.0,49.26
2026-08-24T05:38:29,114.28,49.53
2026-08-24T05:38:30,114.42,49.67
2026-08-24T05:38:31,114.24,49.5
2026-08-24T05:38:32,113.52,48.78
2026-08-24T05:38:33,114.51,49.76
2026-08-24T05:38:34,113.94,49.19
2026-08-24T05:38:35,113.82,49.08
2026-08-24T05:38:36,113.71,48.97
2026-08-24T05:38:37,114.5,49.75
2026-08-24T05:38:38,114.22,49.47
2026-08-24T05:38:39,114.18,49.43
2026-08-24T05:38:40,113.9,49.15
2026-08-24T05:38:41,113.81,49.07
2026-08-24T05:38:42,114.13,49.38
2026-08-24T05:38:43,114.32,49.57
2026-08-24T05:38:44,114.45,49.7
2026-08-24T05:38:45,114.39,49.64
2026-08-24T05:38:46,114.38,49.63
2026-08-24T05:38:47,114.97,50.22
2026-08-24T05:38:48,115.41,50.65
2026-08-24T05:38:49,115.93,51.16
2026-08-24T05:38:50,116.66,51.87
2026-08-24T05:38:51,118.21,53.41
2026-08-24T05:38:52,120.51,55.68
2026-08-24T05:38:53,123.82,58.94
2026-08-24T05:38:54,125.4,60.49
2026-08-24T05:38:55,126.63,61.71
2026-08-24T05:38:56,127.62,62.69
2026-08-24T05:38:57,126.92,61.99
2026-08-24T05:38:58,124.96,60.06
2026-08-24T05:38:59,121.73,56.88
2026-08-24T05:39:00,121.33,56.48
2026-08-24T05:39:01,122.26,57.4
2026-08-24T05:39:02,123.79,58.9
2026-08-24T05:39:03,125.61,60.71
2026-08-24T05:39:04,126.35,61.43
2026-08-24T05:39:05,126.71,61.79
2026-08-24T05:39:06,127.77,62.83
2026-08-24T05:39:07,127.71,62.78
2026-08-24T05:39:08,127.7,62.76
2026-08-24T05:39:09,127.75,62.81
2026-08-24T05:39:10,128.37,63.42
2026-08-24T05:39:11,129.67,64.71
2026-08-24T05:39:12,132.01,67.01
2026-08-24T05:39:13,132.61,67.6
2026-08-24T05:39:14,132.38,67.38
2026-08-24T05:39:15,124.96,60.06
2026-08-24T05:39:16,121.01,56.17
2026-08-24T05:39:17,119.2,54.38
2026-08-24T05:39:18,117.85,53.05
2026-08-24T05:39:19,116.86,52.08
2026-08-24T05:39:20,116.83,52.05
2026-08-24T05:39:21,116.09,51.32
2026-08-24T05:39:22,115.44,50.68
2026-08-24T05:39:23,115.34,50.58
2026-08-24T05:39:24,114.77,50.02
2026-08-24T05:39:25,115.33,50.57
2026-08-24T05:39:26,114.57,49.82
2026-08-24T05:39:27,115.02,50.26
2026-08-24T05:39:28,114.29,49.54
2026-08-24T05:39:29,114.3,49.55
2026-08-24T05:39:30,114.79,50.03
2026-08-24T05:39:31,113.87,49.13
2026-08-24T05:39:32,114.5,49.75
2026-08-24T05:39:33,114.47,49.72
2026-08-24T05:39:34,114.6,49.85
2026-08-24T05:39:35,114.44,49.69
2026-08-24T05:39:36,114.99,50.23
2026-08-24T05:39:37,116.4,51.62
2026-08-24T05:39:38,116.69,51.91
2026-08-24T05:39:39,117.6,52.8
2026-08-24T05:39:40,118.63,53.83
2026-08-24T05:39:41,120.4,55.56
2026-08-24T05:39:42,125.35,60.45
2026-08-24T05:39:43,127.11,62.18
2026-08-24T05:39:44,128.82,63.87
2026-08-24T05:39:45,129.34,64.38
2026-08-24T05:39:46,128.67,63.72
2026-08-24T05:39:47,126.16,61.24
2026-08-24T05:39:48,123.01,58.14
2026-08-24T05:39:49,120.69,55.85
2026-08-24T05:39:50,119.63,54.81
2026-08-24T05:39:51,119.34,54.53
2026-08-24T05:39:52,119.34,54.52
2026-08-24T05:39:53,119.24,54.42
2026-08-24T05:39:54,120.19,55.35
2026-08-24T05:39:55,121.45,56.6
2026-08-24T05:39:56,123.89,59.01
2026-08-24T05:39:57,126.15,61.24
2026-08-24T05:39:58,127.82,62.88
2026-08-24T05:39:59,129.98,65.01
2026-08-24T05:40:00,132.0,67.0
2026-08-24T05:40:01,131.11,66.12
2026-08-24T05:40:02,129.71,64.74
2026-08-24T05:40:03,129.53,64.57
2026-08-24T05:40:04,129.43,64.47
2026-08-24T05:40:05,126.02,61.1
2026-08-24T05:40:06,123.45,58.57
2026-08-24T05:40:07,121.31,56.47
2026-08-24T05:40:08,119.55,54.73
2026-08-24T05:40:09,118.41,53.6
2026-08-24T05:40:10,117.18,52.39
2026-08-24T05:40:11,116.39,51.61
2026-08-24T05:40:12,115.65,50.88
2026-08-24T05:40:13,115.8,51.03
2026-08-24T05:40:14,115.23,50.47
2026-08-24T05:40:15,115.38,50.62
2026-08-24T05:40:16,115.67,50.91
2026-08-24T05:40:17,114.27,49.52
2026-08-24T05:40:18,114.62,49.87
2026-08-24T05:40:19,114.94,50.18
2026-08-24T05:40:20,114.6,49.85
2026-08-24T05:40:21,114.61,49.86
2026-08-24T05:40:22,115.03,50.27
2026-08-24T05:40:23,113.75,49.01
2026-08-24T05:40:24,113.95,49.2
2026-08-24T05:40:25,113.85,49.1
2026-08-24T05:40:26,114.17,49.42
2026-08-24T05:40:27,114.03,49.29
2026-08-24T05:40:28,113.79,49.05
2026-08-24T05:40:29,113.8,49.06
2026-08-24T05:40:30,113.88,49.13
2026-08-24T05:40:31,114.12,49.38
2026-08-24T05:40:32,113.92,49.18
2026-08-24T05:40:33,114.26,49.51
2026-08-24T05:40:34,114.92,50.17
2026-08-24T05:40:35,116.81,52.02
2026-08-24T05:40:36,115.07,50.32
2026-08-24T05:40:37,116.07,51.29
2026-08-24T05:40:38,118.37,53.56
2026-08-24T05:40:39,118.55,53.74
2026-08-24T05:40:40,119.27,54.45
2026-08-24T05:40:41,120.96,56.12
2026-08-24T05:40:42,124.93,60.03
2026-08-24T05:40:43,127.34,62.4
2026-08-24T05:40:44,128.9,63.94
2026-08-24T05:40:45,129.01,64.05
2026-08-24T05:40:46,127.96,63.02
2026-08-24T05:40:47,124.47,59.57
2026-08-24T05:40:48,121.63,56.78
2026-08-24T05:40:49,119.69,54.86
2026-08-24T05:40:50,118.64,53.83
2026-08-24T05:40:51,116.92,52.13
2026-08-24T05:40:52,118.07,53.27
2026-08-24T05:40:53,116.42,51.64
2026-08-24T05:40:54,116.17,51.39
2026-08-24T05:40:55,115.19,50.43
2026-08-24T05:40:56,114.67,49.92
2026-08-24T05:40:57,114.34,49.59
2026-08-24T05:40:58,114.28,49.53
2026-08-24T05:40:59,114.75,50.0
2026-08-24T05:41:00,115.6,50.83
2026-08-24T05:41:01,116.81,52.03
2026-08-24T05:41:02,117.33,52.53
2026-08-24T05:41:03,119.55,54.73
2026-08-24T05:41:04,123.0,58.13
2026-08-24T05:41:05,126.44,61.52
2026-08-24T05:41:06,128.3,63.35
2026-08-24T05:41:07,130.26,65.28
2026-08-24T05:41:08,130.1,65.12
2026-08-24T05:41:09,127.73,62.79
2026-08-24T05:41:10,123.13,58.26
2026-08-24T05:41:11,120.42,55.59
2026-08-24T05:41:12,118.81,54.0
2026-08-24T05:41:13,117.58,52.79
2026-08-24T05:41:14,118.18,53.38
2026-08-24T05:41:15,116.75,51.97
2026-08-24T05:41:16,116.51,51.73
2026-08-24T05:41:17,117.16,52.37
2026-08-24T05:41:18,117.01,52.23
2026-08-24T05:41:19,118.08,53.28
2026-08-24T05:41:20,121.39,56.55
2026-08-24T05:41:21,122.97,58.1
2026-08-24T05:41:22,124.7,59.81
2026-08-24T05:41:23,125.1,60.2
2026-08-24T05:41:24,126.19,61.28
2026-08-24T05:41:25,126.15,61.23
2026-08-24T05:41:26,126.32,61.4
2026-08-24T05:41:27,126.9,61.97
2026-08-24T05:41:28,129.1,64.14
2026-08-24T05:41:29,126.78,61.85
2026-08-24T05:41:30,128.44,63.49
2026-08-24T05:41:31,129.91,64.94
2026-08-24T05:41:32,130.1,65.13
2026-08-24T05:41:33,129.05,64.09
2026-08-24T05:41:34,128.39,63.45
2026-08-24T05:41:35,128.57,63.62
2026-08-24T05:41:36,128.15,63.21
2026-08-24T05:41:37,126.52,61.6
2026-08-24T05:41:38,124.23,59.34
2026-08-24T05:41:39,122.09,57.23
2026-08-24T05:41:40,120.36,55.52
2026-08-24T05:41:41,118.99,54.17
2026-08-24T05:41:42,118.7,53.89
2026-08-24T05:41:43,118.06,53.26
2026-08-24T05:41:44,116.59,51.81
2026-08-24T05:41:45,115.52,50.76
2026-08-24T05:41:46,116.03,51.26
2026-08-24T05:41:47,115.67,50.9
2026-08-24T05:41:48,114.51,49.76
2026-08-24T05:41:49,114.45,49.7
2026-08-24T05:41:50,114.33,49.59
2026-08-24T05:41:51,114.52,49.77
2026-08-24T05:41:52,114.21,49.46
2026-08-24T05:41:53,114.34,49.59
2026-08-24T05:41:54,114.23,49.48
2026-08-24T05:41:55,114.42,49.67
2026-08-24T05:41:56,114.24,49.49
2026-08-24T05:41:57,113.78,49.04
2026-08-24T05:41:58,114.46,49.71
2026-08-24T05:41:59,114.35,49.6
2026-08-24T05:42:00,114.54,49.78
2026-08-24T05:42:01,115.17,50.41
2026-08-24T05:42:02,113.74,49.0
2026-08-24T05:42:03,113.95,49.21
2026-08-24T05:42:04,114.4,49.65
2026-08-24T05:42:05,114.31,49.56
2026-08-24T05:42:06,114.37,49.62
2026-08-24T05:42:07,114.94,50.18
2026-08-24T05:42:08,115.22,50.46
2026-08-24T05:42:09,115.61,50.84
2026-08-24T05:42:10,116.04,51.27
2026-08-24T05:42:11,116.93,52.14
2026-08-24T05:42:12,118.23,53.43
2026-08-24T05:42:13,119.95,55.12
2026-08-24T05:42:14,124.06,59.17
2026-08-24T05:42:15,125.13,60.23
2026-08-24T05:42:16,127.01,62.08
2026-08-24T05:42:17,128.63,63.68
2026-08-24T05:42:18,128.4,63.45
2026-08-24T05:42:19,127.59,62.65
2026-08-24T05:42:20,125.13,60.23
2026-08-24T05:42:21,122.45,57.59
2026-08-24T05:42:22,121.33,56.49
2026-08-24T05:42:23,120.15,55.32
2026-08-24T05:42:24,118.28,53.47
2026-08-24T05:42:25,117.37,52.58
2026-08-24T05:42:26,116.76,51.98
2026-08-24T05:42:27,115.71,50.95
2026-08-24T05:42:28,115.29,50.53
2026-08-24T05:42:29,114.95,50.19
2026-08-24T05:42:30,114.47,49.72
2026-08-24T05:42:31,114.79,50.04
2026-08-24T05:42:32,114.68,49.93
2026-08-24T05:42:33,115.47,50.71
2026-08-24T05:42:34,115.74,50.97
2026-08-24T05:42:35,116.05,51.28
2026-08-24T05:42:36,117.25,52.46
2026-08-24T05:42:37,118.45,53.64
2026-08-24T05:42:38,122.35,57.49
2026-08-24T05:42:39,124.17,59.28
2026-08-24T05:42:40,125.21,60.31
2026-08-24T05:42:41,127.19,62.26
2026-08-24T05:42:42,128.5,63.55
2026-08-24T05:42:43,129.41,64.45
2026-08-24T05:42:44,130.33,65.36
2026-08-24T05:42:45,131.02,66.04
2026-08-24T05:42:46,129.28,64.32
2026-08-24T05:42:47,127.86,62.92
2026-08-24T05:42:48,126.58,61.66
2026-08-24T05:42:49,123.83,58.95
2026-08-24T05:42:50,122.81,57.94
2026-08-24T05:42:51,121.71,56.86
2026-08-24T05:42:52,120.78,55.94
2026-08-24T05:42:53,121.15,56.31
2026-08-24T05:42:54,123.25,58.37
2026-08-24T05:42:55,124.94,60.04
2026-08-24T05:42:56,124.69,59.79
2026-08-24T05:42:57,125.52,60.62
2026-08-24T05:42:58,125.15,60.24
2026-08-24T05:42:59,122.7,57.84
2026-08-24T05:43:00,119.45,54.62
2026-08-24T05:43:01,117.98,53.18
2026-08-24T05:43:02,117.1,52.31
2026-08-24T05:43:03,116.22,51.44
2026-08-24T05:43:04,115.32,50.55
2026-08-24T05:43:05,115.84,51.07
2026-08-24T05:43:06,114.76,50.0
2026-08-24T05:43:07,114.41,49.66
2026-08-24T05:43:08,114.21,49.46
2026-08-24T05:43:09,114.14,49.39
2026-08-24T05:43:10,114.0,49.26
2026-08-24T05:43:11,114.12,49.37
2026-08-24T05:43:12,114.38,49.63
2026-08-24T05:43:13,113.76,49.02
2026-08-24T05:43:14,114.51,49.76
2026-08-24T05:43:15,113.63,48.89
2026-08-24T05:43:16,114.69,49.94
2026-08-24T05:43:17,114.7,49.95
2026-08-24T05:43:18,114.36,49.61
2026-08-24T05:43:19,113.87,49.13
2026-08-24T05:43:20,114.54,49.79
2026-08-24T05:43:21,114.63,49.88
2026-08-24T05:43:22,113.82,49.08
2026-08-24T05:43:23,113.59,48.85
2026-08-24T05:43:24,113.69,48.95
2026-08-24T05:43:25,113.77,49.03
2026-08-24T05:43:26,114.07,49.33
2026-08-24T05:43:27,114.39,49.64
2026-08-24T05:43:28,114.24,49.49
2026-08-24T05:43:29,113.99,49.25
2026-08-24T05:43:30,114.26,49.51
2026-08-24T05:43:31,113.7,48.96
2026-08-24T05:43:32,114.21,49.47
2026-08-24T05:43:33,114.88,50.13
2026-08-24T05:43:34,114.08,49.33
2026-08-24T05:43:35,114.55,49.8
2026-08-24T05:43:36,113.8,49.06
2026-08-24T05:43:37,114.27,49.52
2026-08-24T05:43:38,114.1,49.36
2026-08-24T05:43:39,114.16,49.42
2026-08-24T05:43:40,114.82,50.07
2026-08-24T05:43:41,114.08,49.34
2026-08-24T05:43:42,114.4,49.65
2026-08-24T05:43:43,114.59,49.84
2026-08-24T05:43:44,114.49,49.74
2026-08-24T05:43:45,115.07,50.31
2026-08-24T05:43:46,115.66,50.89
2026-08-24T05:43:47,116.3,51.53
2026-08-24T05:43:48,117.57,52.77
2026-08-24T05:43:49,119.33,54.51
2026-08-24T05:43:50,120.02,55.19
2026-08-24T05:43:51,125.79,60.88
2026-08-24T05:43:52,127.79,62.85
2026-08-24T05:43:53,128.54,63.59
2026-08-24T05:43:54,129.46,64.49
2026-08-24T05:43:55,127.68,62.74
2026-08-24T05:43:56,123.52,58.64
2026-08-24T05:43:57,121.41,56.56
2026-08-24T05:43:58,119.44,54.62
2026-08-24T05:43:59,118.58,53.77
2026-08-24T05:44:00,118.93,54.12
2026-08-24T05:44:01,119.67,54.85
2026-08-24T05:44:02,123.22,58.35
2026-08-24T05:44:03,125.06,60.16
2026-08-24T05:44:04,127.15,62.22
2026-08-24T05:44:05,129.09,64.13
2026-08-24T05:44:06,129.13,64.17
2026-08-24T05:44:07,126.65,61.73
2026-08-24T05:44:08,122.61,57.74
2026-08-24T05:44:09,119.65,54.82
2026-08-24T05:44:10,118.76,53.95
2026-08-24T05:44:11,117.38,52.59
2026-08-24T05:44:12,116.4,51.62
2026-08-24T05:44:13,115.89,51.12
2026-08-24T05:44:14,115.56,50.79
2026-08-24T05:44:15,115.79,51.02
2026-08-24T05:44:16,115.12,50.36
2026-08-24T05:44:17,114.54,49.79
2026-08-24T05:44:18,114.87,50.11
2026-08-24T05:44:19,114.57,49.82
2026-08-24T05:44:20,114.8,50.04
2026-08-24T05:44:21,115.62,50.86
2026-08-24T05:44:22,115.76,50.99
2026-08-24T05:44:23,116.19,51.42
2026-08-24T05:44:24,117.2,52.41
2026-08-24T05:44:25,118.53,53.72
2026-08-24T05:44:26,119.8,54.98
2026-08-24T05:44:27,122.81,57.94
2026-08-24T05:44:28,125.9,60.98
2026-08-24T05:44:29,129.64,64.68
2026-08-24T05:44:30,132.34,67.34
2026-08-24T05:44:31,133.22,68.2
2026-08-24T05:44:32,130.0,65.02
2026-08-24T05:44:33,124.64,59.75
2026-08-24T05:44:34,120.11,55.28
2026-08-24T05:44:35,117.47,52.68
2026-08-24T05:44:36,116.72,51.94
2026-08-24T05:44:37,117.06,52.27
2026-08-24T05:44:38,116.53,51.75
2026-08-24T05:44:39,116.1,51.32
2026-08-24T05:44:40,116.83,52.05
2026-08-24T05:44:41,118.47,53.66
2026-08-24T05:44:42,118.9,54.09
2026-08-24T05:44:43,121.92,57.06
2026-08-24T05:44:44,125.69,60.78
2026-08-24T05:44:45,127.13,62.2
2026-08-24T05:44:46,129.51,64.54
2026-08-24T05:44:47,130.35,65.38
2026-08-24T05:44:48,129.76,64.79
2026-08-24T05:44:49,128.17,63.23
2026-08-24T05:44:50,125.11,60.21
2026-08-24T05:44:51,122.5,57.64
2026-08-24T05:44:52,121.92,57.06
2026-08-24T05:44:53,120.01,55.18
2026-08-24T05:44:54,118.48,53.68
2026-08-24T05:44:55,117.68,52.89
2026-08-24T05:44:56,116.57,51.79
2026-08-24T05:44:57,116.15,51.37
2026-08-24T05:44:58,115.95,51.18
2026-08-24T05:44:59,115.3,50.53
2026-08-24T05:45:00,114.87,50.12
2026-08-24T05:45:01,114.98,50.23
2026-08-24T05:45:02,115.2,50.44
2026-08-24T05:45:03,113.91,49.17
2026-08-24T05:45:04,114.16,49.41
2026-08-24T05:45:05,114.25,49.5
2026-08-24T05:45:06,114.23,49.48
2026-08-24T05:45:07,113.81,49.07
2026-08-24T05:45:08,114.37,49.62
2026-08-24T05:45:09,114.25,49.5
2026-08-24T05:45:10,113.51,48.77
2026-08-24T05:45:11,114.69,49.93
2026-08-24T05:45:12,113.9,49.15
2026-08-24T05:45:13,114.11,49.36
2026-08-24T05:45:14,113.78,49.04
2026-08-24T05:45:15,114.33,49.58
2026-08-24T05:45:16,114.31,49.57
2026-08-24T05:45:17,114.44,49.69
2026-08-24T05:45:18,115.19,50.43
2026-08-24T05:45:19,115.58,50.82
2026-08-24T05:45:20,115.62,50.85
2026-08-24T05:45:21,116.42,51.64
2026-08-24T05:45:22,117.98,53.18
2026-08-24T05:45:23,121.5,56.65
2026-08-24T05:45:24,124.04,59.16
2026-08-24T05:45:25,126.1,61.18
2026-08-24T05:45:26,126.91,61.98
2026-08-24T05:45:27,125.85,60.94
2026-08-24T05:45:28,124.24,59.35
2026-08-24T05:45:29,123.47,58.59
2026-08-24T05:45:30,126.03,61.12
2026-08-24T05:45:31,127.21,62.28
2026-08-24T05:45:32,127.37,62.44
2026-08-24T05:45:33,127.37,62.44
2026-08-24T05:45:34,128.0,63.06
2026-08-24T05:45:35,126.57,61.65
2026-08-24T05:45:36,123.17,58.3
2026-08-24T05:45:37,122.28,57.42
2026-08-24T05:45:38,120.28,55.45
2026-08-24T05:45:39,119.55,54.73
2026-08-24T05:45:40,119.0,54.18
2026-08-24T05:45:41,118.09,53.28
2026-08-24T05:45:42,117.25,52.46
2026-08-24T05:45:43,116.51,51.73
2026-08-24T05:45:44,115.4,50.64
2026-08-24T05:45:45,114.97,50.21
2026-08-24T05:45:46,114.88,50.12
2026-08-24T05:45:47,114.86,50.11
2026-08-24T05:45:48,114.06,49.31
2026-08-24T05:45:49,114.24,49.49
2026-08-24T05:45:50,114.05,49.3
2026-08-24T05:45:51,115.16,50.4
2026-08-24T05:45:52,114.43,49.68
2026-08-24T05:45:53,114.27,49.52
2026-08-24T05:45:54,114.16,49.42
2026-08-24T05:45:55,113.64,48.9
2026-08-24T05:45:56,113.75,49.01
2026-08-24T05:45:57,114.72,49.96
2026-08-24T05:45:58,114.04,49.29
2026-08-24T05:45:59,114.49,49.74
2026-08-24T05:46:00,113.64,48.9
2026-08-24T05:46:01,114.25,49.51
2026-08-24T05:46:02,113.64,48.9
2026-08-24T05:46:03,114.31,49.56
2026-08-24T05:46:04,115.37,50.61
2026-08-24T05:46:05,114.37,49.62
2026-08-24T05:46:06,114.02,49.28
2026-08-24T05:46:07,114.32,49.57
2026-08-24T05:46:08,113.91,49.17
2026-08-24T05:46:09,114.18,49.43
2026-08-24T05:46:10,113.54,48.81
2026-08-24T05:46:11,114.36,49.61
2026-08-24T05:46:12,114.15,49.41
2026-08-24T05:46:13,113.91,49.17
2026-08-24T05:46:14,113.97,49.22
2026-08-24T05:46:15,114.29,49.54
2026-08-24T05:46:16,114.37,49.62
2026-08-24T05:46:17,113.92,49.17
2026-08-24T05:46:18,114.07,49.33
2026-08-24T05:46:19,113.65,48.91
2026-08-24T05:46:20,114.19,49.44
2026-08-24T05:46:21,113.83,49.09
2026-08-24T05:46:22,114.19,49.45
2026-08-24T05:46:23,113.38,48.64
2026-08-24T05:46:24,113.86,49.11
2026-08-24T05:46:25,113.68,48.94
2026-08-24T05:46:26,114.1,49.36
2026-08-24T05:46:27,113.99,49.24
2026-08-24T05:46:28,114.21,49.47
2026-08-24T05:46:29,114.43,49.68
2026-08-24T05:46:30,114.61,49.86
2026-08-24T05:46:31,113.97,49.23
2026-08-24T05:46:32,114.24,49.49
2026-08-24T05:46:33,113.68,48.95
2026-08-24T05:46:34,114.2,49.46
2026-08-24T05:46:35,113.96,49.22
2026-08-24T05:46:36,113.73,48.99
2026-08-24T05:46:37,113.65,48.91
2026-08-24T05:46:38,113.77,49.03
2026-08-24T05:46:39,113.83,49.08
2026-08-24T05:46:40,113.58,48.84
2026-08-24T05:46:41,114.21,49.46
2026-08-24T05:46:42,114.57,49.82
2026-08-24T05:46:43,113.91,49.17
2026-08-24T05:46:44,114.47,49.72
2026-08-24T05:46:45,114.3,49.55
2026-08-24T05:46:46,114.35,49.6
2026-08-24T05:46:47,115.25,50.49
2026-08-24T05:46:48,115.49,50.72
2026-08-24T05:46:49,117.09,52.3
2026-08-24T05:46:50,117.85,53.05
2026-08-24T05:46:51,118.96,54.14
2026-08-24T05:46:52,120.81,55.97
2026-08-24T05:46:53,124.23,59.34
2026-08-24T05:46:54,127.12,62.19
2026-08-24T05:46:55,130.56,65.58
2026-08-24T05:46:56,131.86,66.87
2026-08-24T05:46:57,131.41,66.42
2026-08-24T05:46:58,130.73,65.75
2026-08-24T05:46:59,130.22,65.24
2026-08-24T05:47:00,129.06,64.1
2026-08-24T05:47:01,126.31,61.4
2026-08-24T05:47:02,124.29,59.4
2026-08-24T05:47:03,122.85,57.98
2026-08-24T05:47:04,123.59,58.71
2026-08-24T05:47:05,123.73,58.85
2026-08-24T05:47:06,125.08,60.18
2026-08-24T05:47:07,126.18,61.27
2026-08-24T05:47:08,126.96,62.03
2026-08-24T05:47:09,126.07,61.15
2026-08-24T05:47:10,124.67,59.77
2026-08-24T05:47:11,124.09,59.2
2026-08-24T05:47:12,124.1,59.21
2026-08-24T05:47:13,123.57,58.69
2026-08-24T05:47:14,122.61,57.74
2026-08-24T05:47:15,119.76,54.94
2026-08-24T05:47:16,117.61,52.82
2026-08-24T05:47:17,116.86,52.07
2026-08-24T05:47:18,116.38,51.6
2026-08-24T05:47:19,115.69,50.92
2026-08-24T05:47:20,115.28,50.52
2026-08-24T05:47:21,114.54,49.79
2026-08-24T05:47:22,114.47,49.72
2026-08-24T05:47:23,114.6,49.85
2026-08-24T05:47:24,115.17,50.41
2026-08-24T05:47:25,114.1,49.35
2026-08-24T05:47:26,114.37,49.62
2026-08-24T05:47:27,113.61,48.87
2026-08-24T05:47:28,114.38,49.64
2026-08-24T05:47:29,114.79,50.04
2026-08-24T05:47:30,113.65,48.91
2026-08-24T05:47:31,114.31,49.56
2026-08-24T05:47:32,113.88,49.14
2026-08-24T05:47:33,113.56,48.82
2026-08-24T05:47:34,113.91,49.16
2026-08-24T05:47:35,114.38,49.63
2026-08-24T05:47:36,114.55,49.8
2026-08-24T05:47:37,113.79,49.04
2026-08-24T05:47:38,113.85,49.11
2026-08-24T05:47:39,113.76,49.02
2026-08-24T05:47:40,114.76,50.01
2026-08-24T05:47:41,113.87,49.13
2026-08-24T05:47:42,114.15,49.4
2026-08-24T05:47:43,114.19,49.45
2026-08-24T05:47:44,113.99,49.24
2026-08-24T05:47:45,113.97,49.22
2026-08-24T05:47:46,114.09,49.35
2026-08-24T05:47:47,114.13,49.38
2026-08-24T05:47:48,114.46,49.71
2026-08-24T05:47:49,114.07,49.32
2026-08-24T05:47:50,113.91,49.17
2026-08-24T05:47:51,114.34,49.59
2026-08-24T05:47:52,114.37,49.62
2026-08-24T05:47:53,114.26,49.51
2026-08-24T05:47:54,114.56,49.81
2026-08-24T05:47:55,114.04,49.3
2026-08-24T05:47:56,114.58,49.83
2026-08-24T05:47:57,114.33,49.59
2026-08-24T05:47:58,114.11,49.37
2026-08-24T05:47:59,114.16,49.41
2026-08-24T05:48:00,114.54,49.79
2026-08-24T05:48:01,114.26,49.51
2026-08-24T05:48:02,114.31,49.56
2026-08-24T05:48:03,113.86,49.12
2026-08-24T05:48:04,114.45,49.7
2026-08-24T05:48:05,114.36,49.61
2026-08-24T05:48:06,114.19,49.45
2026-08-24T05:48:07,113.95,49.2
2026-08-24T05:48:08,113.97,49.23
2026-08-24T05:48:09,114.4,49.66
2026-08-24T05:48:10,114.27,49.52
2026-08-24T05:48:11,113.77,49.03
2026-08-24T05:48:12,114.2,49.45
2026-08-24T05:48:13,114.24,49.49
2026-08-24T05:48:14,114.39,49.64
2026-08-24T05:48:15,114.04,49.3
2026-08-24T05:48:16,114.43,49.68
2026-08-24T05:48:17,114.15,49.41
2026-08-24T05:48:18,114.89,50.13
2026-08-24T05:48:19,114.97,50.22
2026-08-24T05:48:20,115.67,50.9
2026-08-24T05:48:21,116.24,51.47
2026-08-24T05:48:22,116.26,51.48
2026-08-24T05:48:23,116.98,52.19
2026-08-24T05:48:24,118.79,53.97
2026-08-24T05:48:25,120.95,56.11
2026-08-24T05:48:26,123.38,58.51
2026-08-24T05:48:27,124.92,60.02
2026-08-24T05:48:28,125.66,60.75
2026-08-24T05:48:29,129.11,64.16
2026-08-24T05:48:30,131.3,66.31
2026-08-24T05:48:31,132.74,67.73
2026-08-24T05:48:32,131.79,66.8
2026-08-24T05:48:33,132.24,67.24
2026-08-24T05:48:34,129.49,64.52
2026-08-24T05:48:35,126.28,61.36
2026-08-24T05:48:36,127.28,62.35
2026-08-24T05:48:37,127.72,62.78
2026-08-24T05:48:38,126.2,61.29
2026-08-24T05:48:39,123.05,58.17
2026-08-24T05:48:40,122.11,57.26
2026-08-24T05:48:41,120.14,55.31
2026-08-24T05:48:42,118.66,53.85
2026-08-24T05:48:43,116.08,51.31
2026-08-24T05:48:44,114.63,49.87
2026-08-24T05:48:45,114.94,50.19
2026-08-24T05:48:46,114.51,49.76
2026-08-24T05:48:47,114.31,49.56
2026-08-24T05:48:48,114.37,49.62
2026-08-24T05:48:49,114.37,49.62
2026-08-24T05:48:50,114.09,49.34
2026-08-24T05:48:51,114.49,49.74
2026-08-24T05:48:52,114.53,49.77
2026-08-24T05:48:53,114.17,49.42
2026-08-24T05:48:54,114.53,49.78
2026-08-24T05:48:55,114.22,49.47
2026-08-24T05:48:56,114.05,49.3
2026-08-24T05:48:57,114.21,49.46
2026-08-24T05:48:58,114.6,49.85
2026-08-24T05:48:59,113.61,48.88
2026-08-24T05:49:00,113.84,49.1
2026-08-24T05:49:01,114.04,49.3
2026-08-24T05:49:02,113.95,49.21
2026-08-24T05:49:03,113.91,49.17
2026-08-24T05:49:04,113.98,49.24
2026-08-24T05:49:05,115.25,50.48
2026-08-24T05:49:06,114.88,50.12
2026-08-24T05:49:07,114.25,49.5
2026-08-24T05:49:08,114.74,49.99
2026-08-24T05:49:09,115.06,50.3
2026-08-24T05:49:10,114.3,49.55
2026-08-24T05:49:11,114.23,49.48
2026-08-24T05:49:12,114.13,49.38
2026-08-24T05:49:13,113.93,49.19
2026-08-24T05:49:14,114.43,49.68
2026-08-24T05:49:15,113.53,48.79
2026-08-24T05:49:16,114.71,49.96
2026-08-24T05:49:17,114.52,49.77
2026-08-24T05:49:18,114.08,49.34
2026-08-24T05:49:19,114.59,49.84
2026-08-24T05:49:20,114.67,49.92
2026-08-24T05:49:21,115.38,50.61
2026-08-24T05:49:22,115.31,50.54
2026-08-24T05:49:23,116.14,51.37
2026-08-24T05:49:24,116.26,51.48
2026-08-24T05:49:25,118.36,53.56
2026-08-24T05:49:26,121.07,56.23
2026-08-24T05:49:27,123.03,58.16
2026-08-24T05:49:28,126.22,61.3
2026-08-24T05:49:29,129.24,64.28
2026-08-24T05:49:30,128.36,63.42
2026-08-24T05:49:31,124.44,59.55
2026-08-24T05:49:32,121.08,56.23
2026-08-24T05:49:33,118.73,53.92
2026-08-24T05:49:34,117.66,52.86
2026-08-24T05:49:35,117.08,52.29
2026-08-24T05:49:36,117.68,52.89
2026-08-24T05:49:37,118.92,54.11
2026-08-24T05:49:38,121.57,56.72
2026-08-24T05:49:39,125.55,60.64
2026-08-24T05:49:40,127.23,62.29
2026-08-24T05:49:41,128.38,63.43
2026-08-24T05:49:42,128.96,64.0
2026-08-24T05:49:43,127.59,62.65
2026-08-24T05:49:44,124.19,59.3
2026-08-24T05:49:45,123.3,58.43
2026-08-24T05:49:46,124.76,59.86
2026-08-24T05:49:47,126.31,61.4
2026-08-24T05:49:48,127.33,62.39
2026-08-24T05:49:49,128.4,63.45
2026-08-24T05:49:50,129.92,64.95
2026-08-24T05:49:51,131.98,66.98
2026-08-24T05:49:52,133.07,68.06
2026-08-24T05:49:53,132.82,67.81
2026-08-24T05:49:54,131.64,66.65
2026-08-24T05:49:55,130.82,65.84
2026-08-24T05:49:56,128.77,63.82
2026-08-24T05:49:57,126.26,61.34
2026-08-24T05:49:58,123.82,58.94
2026-08-24T05:49:59,122.18,57.32
2026-08-24T05:50:00,120.82,55.98
2026-08-24T05:50:01,120.41,55.58
2026-08-24T05:50:02,118.18,53.38
2026-08-24T05:50:03,117.99,53.19
2026-08-24T05:50:04,117.66,52.86
2026-08-24T05:50:05,117.07,52.28
2026-08-24T05:50:06,116.58,51.8
2026-08-24T05:50:07,115.45,50.69
2026-08-24T05:50:08,114.93,50.17
2026-08-24T05:50:09,114.47,49.72
2026-08-24T05:50:10,114.68,49.93
2026-08-24T05:50:11,114.23,49.48
2026-08-24T05:50:12,114.02,49.28
2026-08-24T05:50:13,114.22,49.47
2026-08-24T05:50:14,113.99,49.24
2026-08-24T05:50:15,113.9,49.15
2026-08-24T05:50:16,113.89,49.14
2026-08-24T05:50:17,114.03,49.28
2026-08-24T05:50:18,113.53,48.79
2026-08-24T05:50:19,114.02,49.28
2026-08-24T05:50:20,113.85,49.11
2026-08-24T05:50:21,113.63,48.9
2026-08-24T05:50:22,114.47,49.72
2026-08-24T05:50:23,114.43,49.68
2026-08-24T05:50:24,113.99,49.25
2026-08-24T05:50:25,113.68,48.94
2026-08-24T05:50:26,113.46,48.73
2026-08-24T05:50:27,114.08,49.34
2026-08-24T05:50:28,114.05,49.3
2026-08-24T05:50:29,113.89,49.14
2026-08-24T05:50:30,113.53,48.79
2026-08-24T05:50:31,114.27,49.52
2026-08-24T05:50:32,113.93,49.19
2026-08-24T05:50:33,113.96,49.22
2026-08-24T05:50:34,114.31,49.56
2026-08-24T05:50:35,114.39,49.64
2026-08-24T05:50:36,114.37,49.62
2026-08-24T05:50:37,114.47,49.72
2026-08-24T05:50:38,114.11,49.36
2026-08-24T05:50:39,113.67,48.93
2026-08-24T05:50:40,114.06,49.32
2026-08-24T05:50:41,114.31,49.57
2026-08-24T05:50:42,114.3,49.55
2026-08-24T05:50:43,113.83,49.09
2026-08-24T05:50:44,113.91,49.17
2026-08-24T05:50:45,113.74,49.0
2026-08-24T05:50:46,114.08,49.34
2026-08-24T05:50:47,114.36,49.61
2026-08-24T05:50:48,114.75,49.99
2026-08-24T05:50:49,113.99,49.25
2026-08-24T05:50:50,114.06,49.32
2026-08-24T05:50:51,113.96,49.22
2026-08-24T05:50:52,114.34,49.59
2026-08-24T05:50:53,114.32,49.57
2026-08-24T05:50:54,113.77,49.03
2026-08-24T05:50:55,114.48,49.73
2026-08-24T05:50:56,114.22,49.47
2026-08-24T05:50:57,114.77,50.01
2026-08-24T05:50:58,114.62,49.86
2026-08-24T05:50:59,114.65,49.89
2026-08-24T05:51:00,114.37,49.62
2026-08-24T05:51:01,114.27,49.52
2026-08-24T05:51:02,114.89,50.13
2026-08-24T05:51:03,114.79,50.03
2026-08-24T05:51:04,115.23,50.47
2026-08-24T05:51:05,116.44,51.66
2026-08-24T05:51:06,117.23,52.44
2026-08-24T05:51:07,118.7,53.89
2026-08-24T05:51:08,121.0,56.16
2026-08-24T05:51:09,123.86,58.97
2026-08-24T05:51:10,125.08,60.18
2026-08-24T05:51:11,125.48,60.57
2026-08-24T05:51:12,126.27,61.35
2026-08-24T05:51:13,125.34,60.44
2026-08-24T05:51:14,122.28,57.42
2026-08-24T05:51:15,121.51,56.66
2026-08-24T05:51:16,119.71,54.88
2026-08-24T05:51:17,117.39,52.6
2026-08-24T05:51:18,116.52,51.75
2026-08-24T05:51:19,115.39,50.62
2026-08-24T05:51:20,115.45,50.68
2026-08-24T05:51:21,115.01,50.25
2026-08-24T05:51:22,115.26,50.5
2026-08-24T05:51:23,114.88,50.12
2026-08-24T05:51:24,113.75,49.01
2026-08-24T05:51:25,114.74,49.99
2026-08-24T05:51:26,114.62,49.87
2026-08-24T05:51:27,114.71,49.95
2026-08-24T05:51:28,114.23,49.48
2026-08-24T05:51:29,114.77,50.02
2026-08-24T05:51:30,115.1,50.34
2026-08-24T05:51:31,115.89,51.12
2026-08-24T05:51:32,115.81,51.04
2026-08-24T05:51:33,115.81,51.04
2026-08-24T05:51:34,115.64,50.87
2026-08-24T05:51:35,116.84,52.06
2026-08-24T05:51:36,117.52,52.73
2026-08-24T05:51:37,118.69,53.88
2026-08-24T05:51:38,122.11,57.25
2026-08-24T05:51:39,124.06,59.17
2026-08-24T05:51:40,124.98,60.08
2026-08-24T05:51:41,125.85,60.94
2026-08-24T05:51:42,126.07,61.15
2026-08-24T05:51:43,124.47,59.58
2026-08-24T05:51:44,121.49,56.64
2026-08-24T05:51:45,119.7,54.87
2026-08-24T05:51:46,118.65,53.84
2026-08-24T05:51:47,117.89,53.09
2026-08-24T05:51:48,116.74,51.95
2026-08-24T05:51:49,115.42,50.66
2026-08-24T05:51:50,115.34,50.58
2026-08-24T05:51:51,114.7,49.95
2026-08-24T05:51:52,115.23,50.47
2026-08-24T05:51:53,115.1,50.34
2026-08-24T05:51:54,115.02,50.26
2026-08-24T05:51:55,114.84,50.09
2026-08-24T05:51:56,114.24,49.5
2026-08-24T05:51:57,115.23,50.46
2026-08-24T05:51:58,114.1,49.35
2026-08-24T05:51:59,114.38,49.63
2026-08-24T05:52:00,114.58,49.82
2026-08-24T05:52:01,114.42,49.67
2026-08-24T05:52:02,113.79,49.05
2026-08-24T05:52:03,114.67,49.92
2026-08-24T05:52:04,113.54,48.81
2026-08-24T05:52:05,114.5,49.74
2026-08-24T05:52:06,114.13,49.38
2026-08-24T05:52:07,114.38,49.63
2026-08-24T05:52:08,114.31,49.56
2026-08-24T05:52:09,114.07,49.33
2026-08-24T05:52:10,113.97,49.23
2026-08-24T05:52:11,113.78,49.04
2026-08-24T05:52:12,114.61,49.86
2026-08-24T05:52:13,114.17,49.42
2026-08-24T05:52:14,114.93,50.17
2026-08-24T05:52:15,114.39,49.64
2026-08-24T05:52:16,114.63,49.87
2026-08-24T05:52:17,114.34,49.59
2026-08-24T05:52:18,114.69,49.93
2026-08-24T05:52:19,114.29,49.54
2026-08-24T05:52:20,114.12,49.38
2026-08-24T05:52:21,114.04,49.3
2026-08-24T05:52:22,115.03,50.27
2026-08-24T05:52:23,114.24,49.49
2026-08-24T05:52:24,114.2,49.45
2026-08-24T05:52:25,115.04,50.28
2026-08-24T05:52:26,114.98,50.22
2026-08-24T05:52:27,115.19,50.43
2026-08-24T05:52:28,114.64,49.88
2026-08-24T05:52:29,114.61,49.86
2026-08-24T05:52:30,114.33,49.58
2026-08-24T05:52:31,115.01,50.26
2026-08-24T05:52:32,115.25,50.49
2026-08-24T05:52:33,115.03,50.27
2026-08-24T05:52:34,116.24,51.46
2026-08-24T05:52:35,116.87,52.09
2026-08-24T05:52:36,118.65,53.84
2026-08-24T05:52:37,120.27,55.44
2026-08-24T05:52:38,121.39,56.54
2026-08-24T05:52:39,122.33,57.47
2026-08-24T05:52:40,124.24,59.35
2026-08-24T05:52:41,127.77,62.83
2026-08-24T05:52:42,129.9,64.93
2026-08-24T05:52:43,131.36,66.37
2026-08-24T05:52:44,132.33,67.33
2026-08-24T05:52:45,130.78,65.8
2026-08-24T05:52:46,127.86,62.92
2026-08-24T05:52:47,125.34,60.44
2026-08-24T05:52:48,124.88,59.98
2026-08-24T05:52:49,123.8,58.91
2026-08-24T05:52:50,121.9,57.05
2026-08-24T05:52:51,121.4,56.55
2026-08-24T05:52:52,120.87,56.03
2026-08-24T05:52:53,123.98,59.09
2026-08-24T05:52:54,125.53,60.62
2026-08-24T05:52:55,128.36,63.41
2026-08-24T05:52:56,130.78,65.8
2026-08-24T05:52:57,130.47,65.5
2026-08-24T05:52:58,130.61,65.63
2026-08-24T05:52:59,130.36,65.39
2026-08-24T05:53:00,131.06,66.07
2026-08-24T05:53:01,130.94,65.96
2026-08-24T05:53:02,130.53,65.55
2026-08-24T05:53:03,129.36,64.4
2026-08-24T05:53:04,127.1,62.17
2026-08-24T05:53:05,127.63,62.69
2026-08-24T05:53:06,127.78,62.84
2026-08-24T05:53:07,128.11,63.17
2026-08-24T05:53:08,129.33,64.37
2026-08-24T05:53:09,129.91,64.94
2026-08-24T05:53:10,128.61,63.66
2026-08-24T05:53:11,126.47,61.55
2026-08-24T05:53:12,126.51,61.59
2026-08-24T05:53:13,128.2,63.25
2026-08-24T05:53:14,129.7,64.73
2026-08-24T05:53:15,129.91,64.94
2026-08-24T05:53:16,131.83,66.84
2026-08-24T05:53:17,133.0,67.99
2026-08-24T05:53:18,131.96,66.97
2026-08-24T05:53:19,129.97,64.99
2026-08-24T05:53:20,129.61,64.64
2026-08-24T05:53:21,129.52,64.56
2026-08-24T05:53:22,130.05,65.08
2026-08-24T05:53:23,130.08,65.11
2026-08-24T05:53:24,129.98,65.01
2026-08-24T05:53:25,130.74,65.76
2026-08-24T05:53:26,132.06,67.06
2026-08-24T05:53:27,132.59,67.58
2026-08-24T05:53:28,134.91,69.87
2026-08-24T05:53:29,138.03,72.95
2026-08-24T05:53:30,140.41,75.29
2026-08-24T05:53:31,141.96,76.82
2026-08-24T05:53:32,144.61,79.43
2026-08-24T05:53:33,146.78,81.57
2026-08-24T05:53:34,145.84,80.64
2026-08-24T05:53:35,146.24,81.04
2026-08-24T05:53:36,144.79,79.61
2026-08-24T05:53:37,143.25,78.09
2026-08-24T05:53:38,142.46,77.31
2026-08-24T05:53:39,138.15,73.06
2026-08-24T05:53:40,138.56,73.47
2026-08-24T05:53:41,134.03,69.0
2026-08-24T05:53:42,130.42,65.45
2026-08-24T05:53:43,130.26,65.29
2026-08-24T05:53:44,131.29,66.3
2026-08-24T05:53:45,129.24,64.28
2026-08-24T05:53:46,129.81,64.84
2026-08-24T05:53:47,126.58,61.66
2026-08-24T05:53:48,125.5,60.6
2026-08-24T05:53:49,121.48,56.63
2026-08-24T05:53:50,122.56,57.7
2026-08-24T05:53:51,121.22,56.37
2026-08-24T05:53:52,117.48,52.69
2026-08-24T05:53:53,116.44,51.66
2026-08-24T05:53:54,117.16,52.37
2026-08-24T05:53:55,117.75,52.95
2026-08-24T05:53:56,116.87,52.09
2026-08-24T05:53:57,115.52,50.75
2026-08-24T05:53:58,115.51,50.74
2026-08-24T05:53:59,115.49,50.72
2026-08-24T05:54:00,116.15,51.38
2026-08-24T05:54:01,116.04,51.27
2026-08-24T05:54:02,116.63,51.84
2026-08-24T05:54:03,115.98,51.21
2026-08-24T05:54:04,116.22,51.45
2026-08-24T05:54:05,117.0,52.21
2026-08-24T05:54:06,119.32,54.5
2026-08-24T05:54:07,122.44,57.57
2026-08-24T05:54:08,124.27,59.38
2026-08-24T05:54:09,126.32,61.4
2026-08-24T05:54:10,127.66,62.72
2026-08-24T05:54:11,127.51,62.57
2026-08-24T05:54:12,125.7,60.79
2026-08-24T05:54:13,122.66,57.79
2026-08-24T05:54:14,119.79,54.97
2026-08-24T05:54:15,116.75,51.97
2026-08-24T05:54:16,116.36,51.59
2026-08-24T05:54:17,116.82,52.03
2026-08-24T05:54:18,116.68,51.9
2026-08-24T05:54:19,115.76,50.99
2026-08-24T05:54:20,114.85,50.09
2026-08-24T05:54:21,114.68,49.92
2026-08-24T05:54:22,114.65,49.9
2026-08-24T05:54:23,114.69,49.93
2026-08-24T05:54:24,115.04,50.28
2026-08-24T05:54:25,113.99,49.24
2026-08-24T05:54:26,114.32,49.58
2026-08-24T05:54:27,113.46,48.72
2026-08-24T05:54:28,114.05,49.31
2026-08-24T05:54:29,113.99,49.25
2026-08-24T05:54:30,114.1,49.35
2026-08-24T05:54:31,114.28,49.53
2026-08-24T05:54:32,113.98,49.24
2026-08-24T05:54:33,114.31,49.56
2026-08-24T05:54:34,114.33,49.58
2026-08-24T05:54:35,114.23,49.48
2026-08-24T05:54:36,114.04,49.3
2026-08-24T05:54:37,113.47,48.73
2026-08-24T05:54:38,114.23,49.48
2026-08-24T05:54:39,114.19,49.45
2026-08-24T05:54:40,114.38,49.63
2026-08-24T05:54:41,114.54,49.79
2026-08-24T05:54:42,114.02,49.27
2026-08-24T05:54:43,113.81,49.07
2026-08-24T05:54:44,114.77,50.01
2026-08-24T05:54:45,114.33,49.58
2026-08-24T05:54:46,114.1,49.35
2026-08-24T05:54:47,114.51,49.76
2026-08-24T05:54:48,114.63,49.88
2026-08-24T05:54:49,114.21,49.46
2026-08-24T05:54:50,114.06,49.31
2026-08-24T05:54:51,114.1,49.35
2026-08-24T05:54:52,114.2,49.46
2026-08-24T05:54:53,114.32,49.57
2026-08-24T05:54:54,114.42,49.67
2026-08-24T05:54:55,114.01,49.27
2026-08-24T05:54:56,114.18,49.44
2026-08-24T05:54:57,114.17,49.42
2026-08-24T05:54:58,113.42,48.68
2026-08-24T05:54:59,114.49,49.74
2026-08-24T05:55:00,114.22,49.47
2026-08-24T05:55:01,113.83,49.09
2026-08-24T05:55:02,114.52,49.77
2026-08-24T05:55:03,114.51,49.76
2026-08-24T05:55:04,115.06,50.3
2026-08-24T05:55:05,114.83,50.07
2026-08-24T05:55:06,115.43,50.66
2026-08-24T05:55:07,117.09,52.31
2026-08-24T05:55:08,118.19,53.38
2026-08-24T05:55:09,122.02,57.17
2026-08-24T05:55:10,124.16,59.27
2026-08-24T05:55:11,125.02,60.12
2026-08-24T05:55:12,125.24,60.34
2026-08-24T05:55:13,124.78,59.88
2026-08-24T05:55:14,122.09,57.23
2026-08-24T05:55:15,118.63,53.82
2026-08-24T05:55:16,117.11,52.32
2026-08-24T05:55:17,116.55,51.77
2026-08-24T05:55:18,116.61,51.83
2026-08-24T05:55:19,117.4,52.61
2026-08-24T05:55:20,118.18,53.37
2026-08-24T05:55:21,120.87,56.03
2026-08-24T05:55:22,125.05,60.15
2026-08-24T05:55:23,127.2,62.27
2026-08-24T05:55:24,127.61,62.68
2026-08-24T05:55:25,128.04,63.1
2026-08-24T05:55:26,127.85,62.91
2026-08-24T05:55:27,123.71,58.83
2026-08-24T05:55:28,121.89,57.03
2026-08-24T05:55:29,119.86,55.04
2026-08-24T05:55:30,118.86,54.05
2026-08-24T05:55:31,117.22,52.43
2026-08-24T05:55:32,116.93,52.14
2026-08-24T05:55:33,116.76,51.98
2026-08-24T05:55:34,115.06,50.3
2026-08-24T05:55:35,115.19,50.43
2026-08-24T05:55:36,114.79,50.03
2026-08-24T05:55:37,114.28,49.53
2026-08-24T05:55:38,113.86,49.11
2026-08-24T05:55:39,114.14,49.39
2026-08-24T05:55:40,114.3,49.55
2026-08-24T05:55:41,114.32,49.58
2026-08-24T05:55:42,113.95,49.21
2026-08-24T05:55:43,114.54,49.78
2026-08-24T05:55:44,113.78,49.04
2026-08-24T05:55:45,113.8,49.06
2026-08-24T05:55:46,113.94,49.2
2026-08-24T05:55:47,113.71,48.97
2026-08-24T05:55:48,113.89,49.15
2026-08-24T05:55:49,114.72,49.97
2026-08-24T05:55:50,114.39,49.65
2026-08-24T05:55:51,114.04,49.29
2026-08-24T05:55:52,114.28,49.53
2026-08-24T05:55:53,114.73,49.98
2026-08-24T05:55:54,115.21,50.45
2026-08-24T05:55:55,115.31,50.55
2026-08-24T05:55:56,115.83,51.06
2026-08-24T05:55:57,116.48,51.7
2026-08-24T05:55:58,116.91,52.12
2026-08-24T05:55:59,118.49,53.68
2026-08-24T05:56:00,119.41,54.59
2026-08-24T05:56:01,122.47,57.6
2026-08-24T05:56:02,124.52,59.62
2026-08-24T05:56:03,126.97,62.04
2026-08-24T05:56:04,127.12,62.19
2026-08-24T05:56:05,127.59,62.65
2026-08-24T05:56:06,128.84,63.88
2026-08-24T05:56:07,128.75,63.8
2026-08-24T05:56:08,129.03,64.07
2026-08-24T05:56:09,128.99,64.03
2026-08-24T05:56:10,128.57,63.62
2026-08-24T05:56:11,127.07,62.14
2026-08-24T05:56:12,126.82,61.89
2026-08-24T05:56:13,125.69,60.78
2026-08-24T05:56:14,122.71,57.84
2026-08-24T05:56:15,120.66,55.82
2026-08-24T05:56:16,119.13,54.32
2026-08-24T05:56:17,118.68,53.87
2026-08-24T05:56:18,116.85,52.06
2026-08-24T05:56:19,116.6,51.82
2026-08-24T05:56:20,115.76,50.99
2026-08-24T05:56:21,115.32,50.56
2026-08-24T05:56:22,115.61,50.84
2026-08-24T05:56:23,114.75,49.99
2026-08-24T05:56:24,115.17,50.41
2026-08-24T05:56:25,114.85,50.09
2026-08-24T05:56:26,115.47,50.71
2026-08-24T05:56:27,115.23,50.47
2026-08-24T05:56:28,116.62,51.84
2026-08-24T05:56:29,117.62,52.82
2026-08-24T05:56:30,121.81,56.96
2026-08-24T05:56:31,123.98,59.09
2026-08-24T05:56:32,126.46,61.54
2026-08-24T05:56:33,130.01,65.04
2026-08-24T05:56:34,129.9,64.93
2026-08-24T05:56:35,126.14,61.22
2026-08-24T05:56:36,121.76,56.9
2026-08-24T05:56:37,119.52,54.7
2026-08-24T05:56:38,118.38,53.57
2026-08-24T05:56:39,118.12,53.31
2026-08-24T05:56:40,117.67,52.88
2026-08-24T05:56:41,117.28,52.49
2026-08-24T05:56:42,116.02,51.25
2026-08-24T05:56:43,115.18,50.42
2026-08-24T05:56:44,115.33,50.57
2026-08-24T05:56:45,114.55,49.8
2026-08-24T05:56:46,114.52,49.77
2026-08-24T05:56:47,114.29,49.54
2026-08-24T05:56:48,114.24,49.5
2026-08-24T05:56:49,114.28,49.53
2026-08-24T05:56:50,113.64,48.9
2026-08-24T05:56:51,113.22,48.48
2026-08-24T05:56:52,114.43,49.68
2026-08-24T05:56:53,114.2,49.46
2026-08-24T05:56:54,113.77,49.03
2026-08-24T05:56:55,113.84,49.1
2026-08-24T05:56:56,113.72,48.98
2026-08-24T05:56:57,113.88,49.14
2026-08-24T05:56:58,113.82,49.08
2026-08-24T05:56:59,113.45,48.71
2026-08-24T05:57:00,114.66,49.91
2026-08-24T05:57:01,114.32,49.57
2026-08-24T05:57:02,114.36,49.61
2026-08-24T05:57:03,114.87,50.11
2026-08-24T05:57:04,115.3,50.54
2026-08-24T05:57:05,115.51,50.74
2026-08-24T05:57:06,116.02,51.25
2026-08-24T05:57:07,116.4,51.62
2026-08-24T05:57:08,117.3,52.51
2026-08-24T05:57:09,119.21,54.39
2026-08-24T05:57:10,120.15,55.32
2026-08-24T05:57:11,122.62,57.76
2026-08-24T05:57:12,124.43,59.54
2026-08-24T05:57:13,124.8,59.9
2026-08-24T05:57:14,123.76,58.88
2026-08-24T05:57:15,121.66,56.81
2026-08-24T05:57:16,120.59,55.75
2026-08-24T05:57:17,121.73,56.88
2026-08-24T05:57:18,125.42,60.52
2026-08-24T05:57:19,126.85,61.93
2026-08-24T05:57:20,127.94,63.0
2026-08-24T05:57:21,128.92,63.97
2026-08-24T05:57:22,128.01,63.07
2026-08-24T05:57:23,124.06,59.18
2026-08-24T05:57:24,122.23,57.37
2026-08-24T05:57:25,120.72,55.88
2026-08-24T05:57:26,121.9,57.04
2026-08-24T05:57:27,123.24,58.37
2026-08-24T05:57:28,125.87,60.96
2026-08-24T05:57:29,126.69,61.76
2026-08-24T05:57:30,127.35,62.42
2026-08-24T05:57:31,127.61,62.67
2026-08-24T05:57:32,126.92,62.0
2026-08-24T05:57:33,125.51,60.61
2026-08-24T05:57:34,123.07,58.2
2026-08-24T05:57:35,122.82,57.95
2026-08-24T05:57:36,124.2,59.31
2026-08-24T05:57:37,125.92,61.01
2026-08-24T05:57:38,129.35,64.39
2026-08-24T05:57:39,130.11,65.14
2026-08-24T05:57:40,127.68,62.74
2026-08-24T05:57:41,124.54,59.65
2026-08-24T05:57:42,121.31,56.46
2026-08-24T05:57:43,119.92,55.09
2026-08-24T05:57:44,117.88,53.08
2026-08-24T05:57:45,116.16,51.39
2026-08-24T05:57:46,115.55,50.78
2026-08-24T05:57:47,114.89,50.14
2026-08-24T05:57:48,114.87,50.12
2026-08-24T05:57:49,114.41,49.66
2026-08-24T05:57:50,115.48,50.72
2026-08-24T05:57:51,115.03,50.27
2026-08-24T05:57:52,115.14,50.38
2026-08-24T05:57:53,116.33,51.55
2026-08-24T05:57:54,115.54,50.78
2026-08-24T05:57:55,115.23,50.47
2026-08-24T05:57:56,116.46,51.68
2026-08-24T05:57:57,118.54,53.73
2026-08-24T05:57:58,122.68,57.81
2026-08-24T05:57:59,124.58,59.69
2026-08-24T05:58:00,126.52,61.6
2026-08-24T05:58:01,126.42,61.5
2026-08-24T05:58:02,126.35,61.43
2026-08-24T05:58:03,125.28,60.37
2026-08-24T05:58:04,122.48,57.62
2026-08-24T05:58:05,120.42,55.58
2026-08-24T05:58:06,119.17,54.35
2026-08-24T05:58:07,117.8,53.0
2026-08-24T05:58:08,116.62,51.84
2026-08-24T05:58:09,115.81,51.04
2026-08-24T05:58:10,115.75,50.98
2026-08-24T05:58:11,115.1,50.34
2026-08-24T05:58:12,115.49,50.73
2026-08-24T05:58:13,114.85,50.09
2026-08-24T05:58:14,114.94,50.18
2026-08-24T05:58:15,114.42,49.67
2026-08-24T05:58:16,114.54,49.79
2026-08-24T05:58:17,114.12,49.37
2026-08-24T05:58:18,113.74,49.0
2026-08-24T05:58:19,113.55,48.82
2026-08-24T05:58:20,113.94,49.2
2026-08-24T05:58:21,114.62,49.86
2026-08-24T05:58:22,113.8,49.06
2026-08-24T05:58:23,114.24,49.49
2026-08-24T05:58:24,114.13,49.39
2026-08-24T05:58:25,114.61,49.85
2026-08-24T05:58:26,114.12,49.37
2026-08-24T05:58:27,114.07,49.32
2026-08-24T05:58:28,114.27,49.52
2026-08-24T05:58:29,114.93,50.18
2026-08-24T05:58:30,115.31,50.54
2026-08-24T05:58:31,114.76,50.01
2026-08-24T05:58:32,115.37,50.6
2026-08-24T05:58:33,116.69,51.91
2026-08-24T05:58:34,118.5,53.69
2026-08-24T05:58:35,119.79,54.96
2026-08-24T05:58:36,122.08,57.22
2026-08-24T05:58:37,124.34,59.45
2026-08-24T05:58:38,127.62,62.68
2026-08-24T05:58:39,129.48,64.52
2026-08-24T05:58:40,131.01,66.03
2026-08-24T05:58:41,134.11,69.09
2026-08-24T05:58:42,133.81,68.79
2026-08-24T05:58:43,134.85,69.81
2026-08-24T05:58:44,127.45,62.52
2026-08-24T05:58:45,122.46,57.6
2026-08-24T05:58:46,120.64,55.8
2026-08-24T05:58:47,118.3,53.5
2026-08-24T05:58:48,117.98,53.18
2026-08-24T05:58:49,116.71,51.93
2026-08-24T05:58:50,114.97,50.21
2026-08-24T05:58:51,114.75,49.99
2026-08-24T05:58:52,114.99,50.23
2026-08-24T05:58:53,114.98,50.22
2026-08-24T05:58:54,114.51,49.76
2026-08-24T05:58:55,114.02,49.28
2026-08-24T05:58:56,114.56,49.81
2026-08-24T05:58:57,114.71,49.95
2026-08-24T05:58:58,114.37,49.62
2026-08-24T05:58:59,114.15,49.41
2026-08-24T05:59:00,113.88,49.14
2026-08-24T05:59:01,113.87,49.13
2026-08-24T05:59:02,114.08,49.33
2026-08-24T05:59:03,114.44,49.69
2026-08-24T05:59:04,114.27,49.53
2026-08-24T05:59:05,114.09,49.35
2026-08-24T05:59:06,114.29,49.55
2026-08-24T05:59:07,114.93,50.17
2026-08-24T05:59:08,115.05,50.3
2026-08-24T05:59:09,115.72,50.95
2026-08-24T05:59:10,116.29,51.52
2026-08-24T05:59:11,117.13,52.34
2026-08-24T05:59:12,118.58,53.78
2026-08-24T05:59:13,120.07,55.24
2026-08-24T05:59:14,123.35,58.48
2026-08-24T05:59:15,126.29,61.37
2026-08-24T05:59:16,128.59,63.64
2026-08-24T05:59:17,129.01,64.05
2026-08-24T05:59:18,129.22,64.26
2026-08-24T05:59:19,129.82,64.85
2026-08-24T05:59:20,129.17,64.21
2026-08-24T05:59:21,127.35,62.41
2026-08-24T05:59:22,127.01,62.08
2026-08-24T05:59:23,126.96,62.03
2026-08-24T05:59:24,128.23,63.29
2026-08-24T05:59:25,130.07,65.1
2026-08-24T05:59:26,129.88,64.91
2026-08-24T05:59:27,128.1,63.16
2026-08-24T05:59:28,126.12,61.2
2026-08-24T05:59:29,124.12,59.24
2026-08-24T05:59:30,126.45,61.53
2026-08-24T05:59:31,126.48,61.56
2026-08-24T05:59:32,127.75,62.81
2026-08-24T05:59:33,121.61,56.76
2026-08-24T05:59:34,118.85,54.04
2026-08-24T05:59:35,117.61,52.82
2026-08-24T05:59:36,116.79,52.01
2026-08-24T05:59:37,116.62,51.84
2026-08-24T05:59:38,115.88,51.11
2026-08-24T05:59:39,115.38,50.61
2026-08-24T05:59:40,114.54,49.78
2026-08-24T05:59:41,114.43,49.68
2026-08-24T05:59:42,114.49,49.74
2026-08-24T05:59:43,113.9,49.16
2026-08-24T05:59:44,114.11,49.36
2026-08-24T05:59:45,114.08,49.34
2026-08-24T05:59:46,114.38,49.63
2026-08-24T05:59:47,114.25,49.5
2026-08-24T05:59:48,114.26,49.51
2026-08-24T05:59:49,113.63,48.89
2026-08-24T05:59:50,113.98,49.24
2026-08-24T05:59:51,113.6,48.86
2026-08-24T05:59:52,114.44,49.7
2026-08-24T05:59:53,114.16,49.41
2026-08-24T05:59:54,114.47,49.72
2026-08-24T05:59:55,114.93,50.17
2026-08-24T05:59:56,114.49,49.74
2026-08-24T05:59:57,114.86,50.1
2026-08-24T05:59:58,114.99,50.23
2026-08-24T05:59:59,115.34,50.57
2026-08-24T06:00:00,115.72,50.95
2026-08-24T06:00:01,116.72,51.94
2026-08-24T06:00:02,117.39,52.6
2026-08-24T06:00:03,118.62,53.81
2026-08-24T06:00:04,121.24,56.39
2026-08-24T06:00:05,124.58,59.69
2026-08-24T06:00:06,126.61,61.69
2026-08-24T06:00:07,131.01,66.02
2026-08-24T06:00:08,133.1,68.08
2026-08-24T06:00:09,132.57,67.56
2026-08-24T06:00:10,134.05,69.02
2026-08-24T06:00:11,134.69,69.65
2026-08-24T06:00:12,133.97,68.94
2026-08-24T06:00:13,131.28,66.29
2026-08-24T06:00:14,129.49,64.53
2026-08-24T06:00:15,129.73,64.76
2026-08-24T06:00:16,130.43,65.46
2026-08-24T06:00:17,130.9,65.92
2026-08-24T06:00:18,131.67,66.67
2026-08-24T06:00:19,131.82,66.83
2026-08-24T06:00:20,130.68,65.7
2026-08-24T06:00:21,130.49,65.51
2026-08-24T06:00:22,130.18,65.21
2026-08-24T06:00:23,128.99,64.03
2026-08-24T06:00:24,128.81,63.86
2026-08-24T06:00:25,129.22,64.26
2026-08-24T06:00:26,126.61,61.68
2026-08-24T06:00:27,125.33,60.42
2026-08-24T06:00:28,126.26,61.34
2026-08-24T06:00:29,127.61,62.68
2026-08-24T06:00:30,127.44,62.51
2026-08-24T06:00:31,128.01,63.07
2026-08-24T06:00:32,128.59,63.64
2026-08-24T06:00:33,128.41,63.46
2026-08-24T06:00:34,126.33,61.41
2026-08-24T06:00:35,123.65,58.77
2026-08-24T06:00:36,120.98,56.13
2026-08-24T06:00:37,119.27,54.45
2026-08-24T06:00:38,118.45,53.64
2026-08-24T06:00:39,118.02,53.22
2026-08-24T06:00:40,118.03,53.23
2026-08-24T06:00:41,116.56,51.78
2026-08-24T06:00:42,116.8,52.02
2026-08-24T06:00:43,115.83,51.06
2026-08-24T06:00:44,115.29,50.53
2026-08-24T06:00:45,114.58,49.83
2026-08-24T06:00:46,114.38,49.63
2026-08-24T06:00:47,114.49,49.74
2026-08-24T06:00:48,114.48,49.73
2026-08-24T06:00:49,114.32,49.58
2026-08-24T06:00:50,114.35,49.6
2026-08-24T06:00:51,113.6,48.86
2026-08-24T06:00:52,113.48,48.74
2026-08-24T06:00:53,113.66,48.92
2026-08-24T06:00:54,114.48,49.73
2026-08-24T06:00:55,114.41,49.66
2026-08-24T06:00:56,113.98,49.24
2026-08-24T06:00:57,113.94,49.19
2026-08-24T06:00:58,113.63,48.89
2026-08-24T06:00:59,114.25,49.5
2026-08-24T06:01:00,114.21,49.46
2026-08-24T06:01:01,114.66,49.91
2026-08-24T06:01:02,114.18,49.43
2026-08-24T06:01:03,113.93,49.19
2026-08-24T06:01:04,114.2,49.45
2026-08-24T06:01:05,114.28,49.53
2026-08-24T06:01:06,114.35,49.6
2026-08-24T06:01:07,115.09,50.33
2026-08-24T06:01:08,115.73,50.96
2026-08-24T06:01:09,115.69,50.92
2026-08-24T06:01:10,116.21,51.44
2026-08-24T06:01:11,118.13,53.33
2026-08-24T06:01:12,120.77,55.93
2026-08-24T06:01:13,122.13,57.27
2026-08-24T06:01:14,124.93,60.03
2026-08-24T06:01:15,124.73,59.84
2026-08-24T06:01:16,125.48,60.57
2026-08-24T06:01:17,125.03,60.13
2026-08-24T06:01:18,123.66,58.78
2026-08-24T06:01:19,120.49,55.66
2026-08-24T06:01:20,119.17,54.35
2026-08-24T06:01:21,117.92,53.13
2026-08-24T06:01:22,116.58,51.8
2026-08-24T06:01:23,115.16,50.4
2026-08-24T06:01:24,115.48,50.72
2026-08-24T06:01:25,114.76,50.01
2026-08-24T06:01:26,115.33,50.57
2026-08-24T06:01:27,114.69,49.93
2026-08-24T06:01:28,114.57,49.82
2026-08-24T06:01:29,114.02,49.27
2026-08-24T06:01:30,114.82,50.06
2026-08-24T06:01:31,114.84,50.09
2026-08-24T06:01:32,114.09,49.34
2026-08-24T06:01:33,114.15,49.41
2026-08-24T06:01:34,114.14,49.39
2026-08-24T06:01:35,113.98,49.24
2026-08-24T06:01:36,114.03,49.29
2026-08-24T06:01:37,114.63,49.88
2026-08-24T06:01:38,114.16,49.42
2026-08-24T06:01:39,115.07,50.31
2026-08-24T06:01:40,115.54,50.77
2026-08-24T06:01:41,115.9,51.13
2026-08-24T06:01:42,116.67,51.89
2026-08-24T06:01:43,116.95,52.16
2026-08-24T06:01:44,118.63,53.83
2026-08-24T06:01:45,123.02,58.15
2026-08-24T06:01:46,125.44,60.53
2026-08-24T06:01:47,126.8,61.88
2026-08-24T06:01:48,127.24,62.31
2026-08-24T06:01:49,125.36,60.45
2026-08-24T06:01:50,122.25,57.39
2026-08-24T06:01:51,119.78,54.96
2026-08-24T06:01:52,117.52,52.72
2026-08-24T06:01:53,116.77,51.98
2026-08-24T06:01:54,115.61,50.84
2026-08-24T06:01:55,114.93,50.17
2026-08-24T06:01:56,114.76,50.0
2026-08-24T06:01:57,114.55,49.8
2026-08-24T06:01:58,114.04,49.3
2026-08-24T06:01:59,114.12,49.37
2026-08-24T06:02:00,113.6,48.86
2026-08-24T06:02:01,114.34,49.59
2026-08-24T06:02:02,113.95,49.2
2026-08-24T06:02:03,113.51,48.78
2026-08-24T06:02:04,114.37,49.62
2026-08-24T06:02:05,114.37,49.62
2026-08-24T06:02:06,113.72,48.98
2026-08-24T06:02:07,113.32,48.59
2026-08-24T06:02:08,114.18,49.44
2026-08-24T06:02:09,113.85,49.11
2026-08-24T06:02:10,113.59,48.86
2026-08-24T06:02:11,113.7,48.97
2026-08-24T06:02:12,114.13,49.39
2026-08-24T06:02:13,114.76,50.01
2026-08-24T06:02:14,114.31,49.57
2026-08-24T06:02:15,113.23,48.5
2026-08-24T06:02:16,114.39,49.64
2026-08-24T06:02:17,114.01,49.27
2026-08-24T06:02:18,113.86,49.11
2026-08-24T06:02:19,113.81,49.07
2026-08-24T06:02:20,113.9,49.15
2026-08-24T06:02:21,114.31,49.57
2026-08-24T06:02:22,113.83,49.09
2026-08-24T06:02:23,113.58,48.84
2026-08-24T06:02:24,114.21,49.46
2026-08-24T06:02:25,113.88,49.13
2026-08-24T06:02:26,113.69,48.95
2026-08-24T06:02:27,114.35,49.6
2026-08-24T06:02:28,114.04,49.29
2026-08-24T06:02:29,113.99,49.24
2026-08-24T06:02:30,114.76,50.01
2026-08-24T06:02:31,114.29,49.55
2026-08-24T06:02:32,114.05,49.31
2026-08-24T06:02:33,114.35,49.6
2026-08-24T06:02:34,114.12,49.37
2026-08-24T06:02:35,115.08,50.32
2026-08-24T06:02:36,113.96,49.22
2026-08-24T06:02:37,114.13,49.38
2026-08-24T06:02:38,114.84,50.08
2026-08-24T06:02:39,116.37,51.6
2026-08-24T06:02:40,117.02,52.23
2026-08-24T06:02:41,117.97,53.17
2026-08-24T06:02:42,118.69,53.88
2026-08-24T06:02:43,119.8,54.97
2026-08-24T06:02:44,120.59,55.75
2026-08-24T06:02:45,124.47,59.58
2026-08-24T06:02:46,127.21,62.28
2026-08-24T06:02:47,130.63,65.65
2026-08-24T06:02:48,131.29,66.3
2026-08-24T06:02:49,131.23,66.24
2026-08-24T06:02:50,130.17,65.2
2026-08-24T06:02:51,130.01,65.03
2026-08-24T06:02:52,129.68,64.72
2026-08-24T06:02:53,128.17,63.22
2026-08-24T06:02:54,125.32,60.41
2026-08-24T06:02:55,123.14,58.26
2026-08-24T06:02:56,120.99,56.15
2026-08-24T06:02:57,119.14,54.32
2026-08-24T06:02:58,118.2,53.4
2026-08-24T06:02:59,117.36,52.57
2026-08-24T06:03:00,116.48,51.71
2026-08-24T06:03:01,115.83,51.06
2026-08-24T06:03:02,115.4,50.64
2026-08-24T06:03:03,115.89,51.12
2026-08-24T06:03:04,114.6,49.84
2026-08-24T06:03:05,114.58,49.83
2026-08-24T06:03:06,114.56,49.8
2026-08-24T06:03:07,114.34,49.59
2026-08-24T06:03:08,113.82,49.08
2026-08-24T06:03:09,114.35,49.6
2026-08-24T06:03:10,114.27,49.52
2026-08-24T06:03:11,114.51,49.75
2026-08-24T06:03:12,114.0,49.26
2026-08-24T06:03:13,113.67,48.93
2026-08-24T06:03:14,114.01,49.27
2026-08-24T06:03:15,114.49,49.74
2026-08-24T06:03:16,114.58,49.83
2026-08-24T06:03:17,118.22,53.42
2026-08-24T06:03:18,114.6,49.85
2026-08-24T06:03:19,117.72,52.92
2026-08-24T06:03:20,117.13,52.34
2026-08-24T06:03:21,114.29,49.54
2026-08-24T06:03:22,114.32,49.57
2026-08-24T06:03:23,114.45,49.7
2026-08-24T06:03:24,114.44,49.69
2026-08-24T06:03:25,114.73,49.98
2026-08-24T06:03:26,114.87,50.11
2026-08-24T06:03:27,115.59,50.83
2026-08-24T06:03:28,115.81,51.04
2026-08-24T06:03:29,115.95,51.18
2026-08-24T06:03:30,117.03,52.24
2026-08-24T06:03:31,119.29,54.47
2026-08-24T06:03:32,123.34,58.46
2026-08-24T06:03:33,127.3,62.36
2026-08-24T06:03:34,127.86,62.92
2026-08-24T06:03:35,124.97,60.08
2026-08-24T06:03:36,120.72,55.89
2026-08-24T06:03:37,118.7,53.89
2026-08-24T06:03:38,116.92,52.14
2026-08-24T06:03:39,116.06,51.29
2026-08-24T06:03:40,116.51,51.73
2026-08-24T06:03:41,116.36,51.58
2026-08-24T06:03:42,116.11,51.34
2026-08-24T06:03:43,116.23,51.46
2026-08-24T06:03:44,116.23,51.45
2026-08-24T06:03:45,117.73,52.94
2026-08-24T06:03:46,120.62,55.78
2026-08-24T06:03:47,123.22,58.34
2026-08-24T06:03:48,125.58,60.67
2026-08-24T06:03:49,125.47,60.57
2026-08-24T06:03:50,125.14,60.24
2026-08-24T06:03:51,124.71,59.82
2026-08-24T06:03:52,127.45,62.51
2026-08-24T06:03:53,130.42,65.45
2026-08-24T06:03:54,131.26,66.27
2026-08-24T06:03:55,132.05,67.05
2026-08-24T06:03:56,131.44,66.45
2026-08-24T06:03:57,128.62,63.67
2026-08-24T06:03:58,128.11,63.16
2026-08-24T06:03:59,128.12,63.18
2026-08-24T06:04:00,128.69,63.74
2026-08-24T06:04:01,125.36,60.45
2026-08-24T06:04:02,121.78,56.92
2026-08-24T06:04:03,120.89,56.05
2026-08-24T06:04:04,121.2,56.35
2026-08-24T06:04:05,122.11,57.25
2026-08-24T06:04:06,125.13,60.23
2026-08-24T06:04:07,126.71,61.78
2026-08-24T06:04:08,127.7,62.77
2026-08-24T06:04:09,128.37,63.42
2026-08-24T06:04:10,129.2,64.24
2026-08-24T06:04:11,128.68,63.73
2026-08-24T06:04:12,128.51,63.56
2026-08-24T06:04:13,128.16,63.21
2026-08-24T06:04:14,126.84,61.91
2026-08-24T06:04:15,124.96,60.06
2026-08-24T06:04:16,125.41,60.5
2026-08-24T06:04:17,125.63,60.72
2026-08-24T06:04:18,126.08,61.16
2026-08-24T06:04:19,125.06,60.16
2026-08-24T06:04:20,123.31,58.44
2026-08-24T06:04:21,121.93,57.07
2026-08-24T06:04:22,122.74,57.88
2026-08-24T06:04:23,124.46,59.57
2026-08-24T06:04:24,124.33,59.44
2026-08-24T06:04:25,125.23,60.33
2026-08-24T06:04:26,125.37,60.46
2026-08-24T06:04:27,124.18,59.29
2026-08-24T06:04:28,120.27,55.44
2026-08-24T06:04:29,118.91,54.1
2026-08-24T06:04:30,117.9,53.1
2026-08-24T06:04:31,117.56,52.76
2026-08-24T06:04:32,116.67,51.89
2026-08-24T06:04:33,115.75,50.99
2026-08-24T06:04:34,115.84,51.07
2026-08-24T06:04:35,114.78,50.03
2026-08-24T06:04:36,114.88,50.12
2026-08-24T06:04:37,115.08,50.32
2026-08-24T06:04:38,114.83,50.07
2026-08-24T06:04:39,114.54,49.79
2026-08-24T06:04:40,114.34,49.59
2026-08-24T06:04:41,114.46,49.71
2026-08-24T06:04:42,113.56,48.82
2026-08-24T06:04:43,113.96,49.22
2026-08-24T06:04:44,114.13,49.38
2026-08-24T06:04:45,113.62,48.88
2026-08-24T06:04:46,113.38,48.64
2026-08-24T06:04:47,113.76,49.02
2026-08-24T06:04:48,114.29,49.54
2026-08-24T06:04:49,113.99,49.25
2026-08-24T06:04:50,113.14,48.41
2026-08-24T06:04:51,113.73,48.99
2026-08-24T06:04:52,113.18,48.45
2026-08-24T06:04:53,114.31,49.57
2026-08-24T06:04:54,114.3,49.55
2026-08-24T06:04:55,113.81,49.06
2026-08-24T06:04:56,113.84,49.1
2026-08-24T06:04:57,113.75,49.01
2026-08-24T06:04:58,114.17,49.42
2026-08-24T06:04:59,113.72,48.98
2026-08-24T06:05:00,113.68,48.95
2026-08-24T06:05:01,113.35,48.62
2026-08-24T06:05:02,114.14,49.39
2026-08-24T06:05:03,113.3,48.56
2026-08-24T06:05:04,113.36,48.63
2026-08-24T06:05:05,113.78,49.04
2026-08-24T06:05:06,114.47,49.72
2026-08-24T06:05:07,113.99,49.25
2026-08-24T06:05:08,113.12,48.39
2026-08-24T06:05:09,113.65,48.92
2026-08-24T06:05:10,113.65,48.91
2026-08-24T06:05:11,114.05,49.31
2026-08-24T06:05:12,113.74,49.0
2026-08-24T06:05:13,113.99,49.25
2026-08-24T06:05:14,114.46,49.71
2026-08-24T06:05:15,113.6,48.86
2026-08-24T06:05:16,114.09,49.34
2026-08-24T06:05:17,113.13,48.4
2026-08-24T06:05:18,113.38,48.65
2026-08-24T06:05:19,114.02,49.27
2026-08-24T06:05:20,113.97,49.23
2026-08-24T06:05:21,113.67,48.93
2026-08-24T06:05:22,113.78,49.04
2026-08-24T06:05:23,113.49,48.76
2026-08-24T06:05:24,113.98,49.24
2026-08-24T06:05:25,113.37,48.63
2026-08-24T06:05:26,114.08,49.34
2026-08-24T06:05:27,114.31,49.56
2026-08-24T06:05:28,113.98,49.24
2026-08-24T06:05:29,113.94,49.19
2026-08-24T06:05:30,113.12,48.39
2026-08-24T06:05:31,113.96,49.22
2026-08-24T06:05:32,113.97,49.23
2026-08-24T06:05:33,113.49,48.76
2026-08-24T06:05:34,114.03,49.29
2026-08-24T06:05:35,113.66,48.92
2026-08-24T06:05:36,113.64,48.9
2026-08-24T06:05:37,113.81,49.07
2026-08-24T06:05:38,114.18,49.43
2026-08-24T06:05:39,113.24,48.51
2026-08-24T06:05:40,113.87,49.13
2026-08-24T06:05:41,113.72,48.98
2026-08-24T06:05:42,113.6,48.86
2026-08-24T06:05:43,114.4,49.65
2026-08-24T06:05:44,113.75,49.01
2026-08-24T06:05:45,113.85,49.11
2026-08-24T06:05:46,114.24,49.49
2026-08-24T06:05:47,113.82,49.08
2026-08-24T06:05:48,114.13,49.38
2026-08-24T06:05:49,114.09,49.34
2026-08-24T06:05:50,113.97,49.23
2026-08-24T06:05:51,114.08,49.33
2026-08-24T06:05:52,114.24,49.49
2026-08-24T06:05:53,114.43,49.68
2026-08-24T06:05:54,114.78,50.03
2026-08-24T06:05:55,114.18,49.44
2026-08-24T06:05:56,114.06,49.32
2026-08-24T06:05:57,114.01,49.26
2026-08-24T06:05:58,115.06,50.3
2026-08-24T06:05:59,115.26,50.5
2026-08-24T06:06:00,114.91,50.15
2026-08-24T06:06:01,114.94,50.18
2026-08-24T06:06:02,115.2,50.44
2026-08-24T06:06:03,115.82,51.05
2026-08-24T06:06:04,116.09,51.32
2026-08-24T06:06:05,116.46,51.69
2026-08-24T06:06:06,117.88,53.09
2026-08-24T06:06:07,119.24,54.42
2026-08-24T06:06:08,120.35,55.52
2026-08-24T06:06:09,121.34,56.49
2026-08-24T06:06:10,123.63,58.75
2026-08-24T06:06:11,125.77,60.86
2026-08-24T06:06:12,129.2,64.24
2026-08-24T06:06:13,132.31,67.3
2026-08-24T06:06:14,137.14,72.07
2026-08-24T06:06:15,140.81,75.68
2026-08-24T06:06:16,142.62,77.47
2026-08-24T06:06:17,141.25,76.12
2026-08-24T06:06:18,139.39,74.28
2026-08-24T06:06:19,137.59,72.51
2026-08-24T06:06:20,133.79,68.77
2026-08-24T06:06:21,133.13,68.11
2026-08-24T06:06:22,131.68,66.69
2026-08-24T06:06:23,128.49,63.54
2026-08-24T06:06:24,125.76,60.85
2026-08-24T06:06:25,123.51,58.63
2026-08-24T06:06:26,120.64,55.81
2026-08-24T06:06:27,119.27,54.45
2026-08-24T06:06:28,118.29,53.49
2026-08-24T06:06:29,116.64,51.86
2026-08-24T06:06:30,116.68,51.9
2026-08-24T06:06:31,116.9,52.11
2026-08-24T06:06:32,116.91,52.12
2026-08-24T06:06:33,117.9,53.1
2026-08-24T06:06:34,117.26,52.47
2026-08-24T06:06:35,118.96,54.15
2026-08-24T06:06:36,119.97,55.14
2026-08-24T06:06:37,120.48,55.64
2026-08-24T06:06:38,122.31,57.45
2026-08-24T06:06:39,122.64,57.77
2026-08-24T06:06:40,123.47,58.59
2026-08-24T06:06:41,123.84,58.96
2026-08-24T06:06:42,122.98,58.11
2026-08-24T06:06:43,121.1,56.25
2026-08-24T06:06:44,118.68,53.87
2026-08-24T06:06:45,118.36,53.55
2026-08-24T06:06:46,116.74,51.95
2026-08-24T06:06:47,116.1,51.33
2026-08-24T06:06:48,115.43,50.66
2026-08-24T06:06:49,115.51,50.74
2026-08-24T06:06:50,114.97,50.22
2026-08-24T06:06:51,114.84,50.08
2026-08-24T06:06:52,114.47,49.72
2026-08-24T06:06:53,114.64,49.89
2026-08-24T06:06:54,113.83,49.09
2026-08-24T06:06:55,113.6,48.86
2026-08-24T06:06:56,114.11,49.36
2026-08-24T06:06:57,114.23,49.49
2026-08-24T06:06:58,113.64,48.9
2026-08-24T06:06:59,113.8,49.06
2026-08-24T06:07:00,114.48,49.73
2026-08-24T06:07:01,114.86,50.1
2026-08-24T06:07:02,115.19,50.43
2026-08-24T06:07:03,116.16,51.39
2026-08-24T06:07:04,117.55,52.76
2026-08-24T06:07:05,117.69,52.89
2026-08-24T06:07:06,119.5,54.68
2026-08-24T06:07:07,123.1,58.22
2026-08-24T06:07:08,125.0,60.1
2026-08-24T06:07:09,125.93,61.01
2026-08-24T06:07:10,126.98,62.05
2026-08-24T06:07:11,125.5,60.6
2026-08-24T06:07:12,121.04,56.19
2026-08-24T06:07:13,119.62,54.8
2026-08-24T06:07:14,118.14,53.34
2026-08-24T06:07:15,116.85,52.06
2026-08-24T06:07:16,115.68,50.91
2026-08-24T06:07:17,115.96,51.19
2026-08-24T06:07:18,114.95,50.2
2026-08-24T06:07:19,114.47,49.72
2026-08-24T06:07:20,114.4,49.65
2026-08-24T06:07:21,114.31,49.57
2026-08-24T06:07:22,114.35,49.6
2026-08-24T06:07:23,114.46,49.71
2026-08-24T06:07:24,114.3,49.55
2026-08-24T06:07:25,113.82,49.08
2026-08-24T06:07:26,114.59,49.84
2026-08-24T06:07:27,114.34,49.59
2026-08-24T06:07:28,115.04,50.28
2026-08-24T06:07:29,115.02,50.26
2026-08-24T06:07:30,116.1,51.33
2026-08-24T06:07:31,116.92,52.14
2026-08-24T06:07:32,118.35,53.54
2026-08-24T06:07:33,120.89,56.04
2026-08-24T06:07:34,123.38,58.51
2026-08-24T06:07:35,126.66,61.73
2026-08-24T06:07:36,129.49,64.53
2026-08-24T06:07:37,130.77,65.79
2026-08-24T06:07:38,124.07,59.18
2026-08-24T06:07:39,121.22,56.37
2026-08-24T06:07:40,120.34,55.5
2026-08-24T06:07:41,122.11,57.25
2026-08-24T06:07:42,123.54,58.66
2026-08-24T06:07:43,125.35,60.44
2026-08-24T06:07:44,126.41,61.49
2026-08-24T06:07:45,127.33,62.39
2026-08-24T06:07:46,127.86,62.92
2026-08-24T06:07:47,128.19,63.25
2026-08-24T06:07:48,129.79,64.82
2026-08-24T06:07:49,129.81,64.84
2026-08-24T06:07:50,128.04,63.1
2026-08-24T06:07:51,125.87,60.95
2026-08-24T06:07:52,122.48,57.62
2026-08-24T06:07:53,121.53,56.68
2026-08-24T06:07:54,119.78,54.95
2026-08-24T06:07:55,119.16,54.34
2026-08-24T06:07:56,117.82,53.02
2026-08-24T06:07:57,116.86,52.07
2026-08-24T06:07:58,116.65,51.87
2026-08-24T06:07:59,117.0,52.22
2026-08-24T06:08:00,117.66,52.86
2026-08-24T06:08:01,117.87,53.07
2026-08-24T06:08:02,119.18,54.36
2026-08-24T06:08:03,120.89,56.05
2026-08-24T06:08:04,122.9,58.03
2026-08-24T06:08:05,125.6,60.69
2026-08-24T06:08:06,127.6,62.67
2026-08-24T06:08:07,128.96,64.01
2026-08-24T06:08:08,129.07,64.11
2026-08-24T06:08:09,128.92,63.97
2026-08-24T06:08:10,128.56,63.61
2026-08-24T06:08:11,128.04,63.09
2026-08-24T06:08:12,128.56,63.61
2026-08-24T06:08:13,129.43,64.47
2026-08-24T06:08:14,128.73,63.78
2026-08-24T06:08:15,128.16,63.21
2026-08-24T06:08:16,128.95,63.99
2026-08-24T06:08:17,129.45,64.49
2026-08-24T06:08:18,130.31,65.34
2026-08-24T06:08:19,130.36,65.38
2026-08-24T06:08:20,129.6,64.64
2026-08-24T06:08:21,127.0,62.07
2026-08-24T06:08:22,123.55,58.67
2026-08-24T06:08:23,121.61,56.76
2026-08-24T06:08:24,120.87,56.03
2026-08-24T06:08:25,122.56,57.7
2026-08-24T06:08:26,124.04,59.16
2026-08-24T06:08:27,126.92,61.99
2026-08-24T06:08:28,126.91,61.98
2026-08-24T06:08:29,123.52,58.64
2026-08-24T06:08:30,120.54,55.71
2026-08-24T06:08:31,119.11,54.29
2026-08-24T06:08:32,118.07,53.27
2026-08-24T06:08:33,118.36,53.56
2026-08-24T06:08:34,120.88,56.03
2026-08-24T06:08:35,124.62,59.73
2026-08-24T06:08:36,126.0,61.09
2026-08-24T06:08:37,128.54,63.59
2026-08-24T06:08:38,128.74,63.79
2026-08-24T06:08:39,128.37,63.42
2026-08-24T06:08:40,127.07,62.14
2026-08-24T06:08:41,123.57,58.69
2026-08-24T06:08:42,121.34,56.49
2026-08-24T06:08:43,119.03,54.22
2026-08-24T06:08:44,117.36,52.56
2026-08-24T06:08:45,115.9,51.13
2026-08-24T06:08:46,115.62,50.86
2026-08-24T06:08:47,115.52,50.76
2026-08-24T06:08:48,115.01,50.25
2026-08-24T06:08:49,114.52,49.77
2026-08-24T06:08:50,115.17,50.41
2026-08-24T06:08:51,114.46,49.71
2026-08-24T06:08:52,114.68,49.93
2026-08-24T06:08:53,114.25,49.5
2026-08-24T06:08:54,114.54,49.79
2026-08-24T06:08:55,113.69,48.95
2026-08-24T06:08:56,114.09,49.35
2026-08-24T06:08:57,114.19,49.45
2026-08-24T06:08:58,114.06,49.32
2026-08-24T06:08:59,114.16,49.42
2026-08-24T06:09:00,114.28,49.53
2026-08-24T06:09:01,114.06,49.32
2026-08-24T06:09:02,114.12,49.38
2026-08-24T06:09:03,114.47,49.72
2026-08-24T06:09:04,113.95,49.2
2026-08-24T06:09:05,114.44,49.69
2026-08-24T06:09:06,114.37,49.62
2026-08-24T06:09:07,114.22,49.47
2026-08-24T06:09:08,114.29,49.54
2026-08-24T06:09:09,113.86,49.12
2026-08-24T06:09:10,113.77,49.03
2026-08-24T06:09:11,113.81,49.06
2026-08-24T06:09:12,114.04,49.3
2026-08-24T06:09:13,114.6,49.85
2026-08-24T06:09:14,114.0,49.25
2026-08-24T06:09:15,114.38,49.63
2026-08-24T06:09:16,115.09,50.33
2026-08-24T06:09:17,114.97,50.21
2026-08-24T06:09:18,115.55,50.79
2026-08-24T06:09:19,115.89,51.12
2026-08-24T06:09:20,116.86,52.08
2026-08-24T06:09:21,117.67,52.87
2026-08-24T06:09:22,118.69,53.88
2026-08-24T06:09:23,121.77,56.92
2026-08-24T06:09:24,125.37,60.46
2026-08-24T06:09:25,127.73,62.79
2026-08-24T06:09:26,129.76,64.79
2026-08-24T06:09:27,130.2,65.23
2026-08-24T06:09:28,129.34,64.37
2026-08-24T06:09:29,126.35,61.43
2026-08-24T06:09:30,123.89,59.0
2026-08-24T06:09:31,121.57,56.72
2026-08-24T06:09:32,118.91,54.1
2026-08-24T06:09:33,117.34,52.55
2026-08-24T06:09:34,116.73,51.95
2026-08-24T06:09:35,116.3,51.52
2026-08-24T06:09:36,116.65,51.87
2026-08-24T06:09:37,117.1,52.31
2026-08-24T06:09:38,117.21,52.43
2026-08-24T06:09:39,118.2,53.4
2026-08-24T06:09:40,121.25,56.4
2026-08-24T06:09:41,122.12,57.26
2026-08-24T06:09:42,123.23,58.35
2026-08-24T06:09:43,123.8,58.92
2026-08-24T06:09:44,123.37,58.5
2026-08-24T06:09:45,122.48,57.62
2026-08-24T06:09:46,121.07,56.22
2026-08-24T06:09:47,118.34,53.54
2026-08-24T06:09:48,117.39,52.6
2026-08-24T06:09:49,116.13,51.35
2026-08-24T06:09:50,116.15,51.38
2026-08-24T06:09:51,115.33,50.56
2026-08-24T06:09:52,115.18,50.42
2026-08-24T06:09:53,116.09,51.32
2026-08-24T06:09:54,116.04,51.27
2026-08-24T06:09:55,116.33,51.56
2026-08-24T06:09:56,117.71,52.91
2026-08-24T06:09:57,120.07,55.24
2026-08-24T06:09:58,123.95,59.06
2026-08-24T06:09:59,127.2,62.27
2026-08-24T06:10:00,131.36,66.37
2026-08-24T06:10:01,132.13,67.13
2026-08-24T06:10:02,130.99,66.0
2026-08-24T06:10:03,124.27,59.38
2026-08-24T06:10:04,121.32,56.47
2026-08-24T06:10:05,118.9,54.09
2026-08-24T06:10:06,118.17,53.36
2026-08-24T06:10:07,118.23,53.43
2026-08-24T06:10:08,118.84,54.03
2026-08-24T06:10:09,120.19,55.36
2026-08-24T06:10:10,122.07,57.21
2026-08-24T06:10:11,122.94,58.07
2026-08-24T06:10:12,126.82,61.89
2026-08-24T06:10:13,128.58,63.63
2026-08-24T06:10:14,129.87,64.9
2026-08-24T06:10:15,129.76,64.79
2026-08-24T06:10:16,130.03,65.06
2026-08-24T06:10:17,128.73,63.78
2026-08-24T06:10:18,126.32,61.41
2026-08-24T06:10:19,124.9,60.0
2026-08-24T06:10:20,123.78,58.9
2026-08-24T06:10:21,121.41,56.56
2026-08-24T06:10:22,119.02,54.2
2026-08-24T06:10:23,117.96,53.16
2026-08-24T06:10:24,117.58,52.79
2026-08-24T06:10:25,116.05,51.27
2026-08-24T06:10:26,115.95,51.17
2026-08-24T06:10:27,115.74,50.97
2026-08-24T06:10:28,115.38,50.62
2026-08-24T06:10:29,115.16,50.4
2026-08-24T06:10:30,115.6,50.83
2026-08-24T06:10:31,115.43,50.66
2026-08-24T06:10:32,114.92,50.16
2026-08-24T06:10:33,114.57,49.82
2026-08-24T06:10:34,115.29,50.52
2026-08-24T06:10:35,115.48,50.71
2026-08-24T06:10:36,115.08,50.33
2026-08-24T06:10:37,114.35,49.6
2026-08-24T06:10:38,114.19,49.44
2026-08-24T06:10:39,115.18,50.42
2026-08-24T06:10:40,114.55,49.8
2026-08-24T06:10:41,114.51,49.76
2026-08-24T06:10:42,115.06,50.31
2026-08-24T06:10:43,115.64,50.87
2026-08-24T06:10:44,116.18,51.4
2026-08-24T06:10:45,117.56,52.77
2026-08-24T06:10:46,119.45,54.63
2026-08-24T06:10:47,125.64,60.74
2026-08-24T06:10:48,128.6,63.65
2026-08-24T06:10:49,130.15,65.17
2026-08-24T06:10:50,129.39,64.43
2026-08-24T06:10:51,125.97,61.06
2026-08-24T06:10:52,122.9,58.03
2026-08-24T06:10:53,121.3,56.45
2026-08-24T06:10:54,119.82,55.0
2026-08-24T06:10:55,117.34,52.55
2026-08-24T06:10:56,115.73,50.96
2026-08-24T06:10:57,115.45,50.69
2026-08-24T06:10:58,115.61,50.85
2026-08-24T06:10:59,115.57,50.81
2026-08-24T06:11:00,114.55,49.8
2026-08-24T06:11:01,116.24,51.47
2026-08-24T06:11:02,115.62,50.86
2026-08-24T06:11:03,115.62,50.85
2026-08-24T06:11:04,115.5,50.74
2026-08-24T06:11:05,114.83,50.08
2026-08-24T06:11:06,114.16,49.42
2026-08-24T06:11:07,114.41,49.66
2026-08-24T06:11:08,114.15,49.41
2026-08-24T06:11:09,114.91,50.16
2026-08-24T06:11:10,113.9,49.16
2026-08-24T06:11:11,114.37,49.62
2026-08-24T06:11:12,114.29,49.55
2026-08-24T06:11:13,114.9,50.14
2026-08-24T06:11:14,114.8,50.05
2026-08-24T06:11:15,114.58,49.82
2026-08-24T06:11:16,114.32,49.57
2026-08-24T06:11:17,114.08,49.33
2026-08-24T06:11:18,114.07,49.32
2026-08-24T06:11:19,114.6,49.85
2026-08-24T06:11:20,115.06,50.3
2026-08-24T06:11:21,114.89,50.14
2026-08-24T06:11:22,116.08,51.31
2026-08-24T06:11:23,115.89,51.12
2026-08-24T06:11:24,115.51,50.74
2026-08-24T06:11:25,116.26,51.49
2026-08-24T06:11:26,115.7,50.94
2026-08-24T06:11:27,116.62,51.84
2026-08-24T06:11:28,116.71,51.93
2026-08-24T06:11:29,116.8,52.02
2026-08-24T06:11:30,117.89,53.09
2026-08-24T06:11:31,119.28,54.46
2026-08-24T06:11:32,120.22,55.38
2026-08-24T06:11:33,124.4,59.51
2026-08-24T06:11:34,126.54,61.62
2026-08-24T06:11:35,130.04,65.07
2026-08-24T06:11:36,131.75,66.76
2026-08-24T06:11:37,129.36,64.4
2026-08-24T06:11:38,125.8,60.89
2026-08-24T06:11:39,122.88,58.01
2026-08-24T06:11:40,120.48,55.65
2026-08-24T06:11:41,118.98,54.16
2026-08-24T06:11:42,117.98,53.18
2026-08-24T06:11:43,117.43,52.64
2026-08-24T06:11:44,117.41,52.62
2026-08-24T06:11:45,116.99,52.2
2026-08-24T06:11:46,116.04,51.27
2026-08-24T06:11:47,115.75,50.98
2026-08-24T06:11:48,115.28,50.51
2026-08-24T06:11:49,114.87,50.12
2026-08-24T06:11:50,114.74,49.99
2026-08-24T06:11:51,114.85,50.09
2026-08-24T06:11:52,114.07,49.33
2026-08-24T06:11:53,113.87,49.12
2026-08-24T06:11:54,114.78,50.03
2026-08-24T06:11:55,114.38,49.63
2026-08-24T06:11:56,114.71,49.96
2026-08-24T06:11:57,114.6,49.85
2026-08-24T06:11:58,115.44,50.67
2026-08-24T06:11:59,114.51,49.76
2026-08-24T06:12:00,114.23,49.48
2026-08-24T06:12:01,114.37,49.62
2026-08-24T06:12:02,114.17,49.43
2026-08-24T06:12:03,114.38,49.63
2026-08-24T06:12:04,113.9,49.16
2026-08-24T06:12:05,114.18,49.43
2026-08-24T06:12:06,113.72,48.98
2026-08-24T06:12:07,113.99,49.25
2026-08-24T06:12:08,114.1,49.36
2026-08-24T06:12:09,113.91,49.16
2026-08-24T06:12:10,113.91,49.16
2026-08-24T06:12:11,113.84,49.1
2026-08-24T06:12:12,114.81,50.06
2026-08-24T06:12:13,113.89,49.14
2026-08-24T06:12:14,114.1,49.35
2026-08-24T06:12:15,114.41,49.66
2026-08-24T06:12:16,114.3,49.55
2026-08-24T06:12:17,114.31,49.56
2026-08-24T06:12:18,114.39,49.64
2026-08-24T06:12:19,113.85,49.11
2026-08-24T06:12:20,114.48,49.73
2026-08-24T06:12:21,114.75,50.0
2026-08-24T06:12:22,114.72,49.97
2026-08-24T06:12:23,115.07,50.31
2026-08-24T06:12:24,115.49,50.72
2026-08-24T06:12:25,115.42,50.66
2026-08-24T06:12:26,116.83,52.05
2026-08-24T06:12:27,117.9,53.1
2026-08-24T06:12:28,120.25,55.42
2026-08-24T06:12:29,121.33,56.48
2026-08-24T06:12:30,123.62,58.74
2026-08-24T06:12:31,125.19,60.29
2026-08-24T06:12:32,126.62,61.7
2026-08-24T06:12:33,126.42,61.5
2026-08-24T06:12:34,120.58,55.75
2026-08-24T06:12:35,119.8,54.98
2026-08-24T06:12:36,119.71,54.88
2026-08-24T06:12:37,121.18,56.33
2026-08-24T06:12:38,124.51,59.61
2026-08-24T06:12:39,124.91,60.01
2026-08-24T06:12:40,126.28,61.36
2026-08-24T06:12:41,120.37,55.53
2026-08-24T06:12:42,117.69,52.9
2026-08-24T06:12:43,115.83,51.06
2026-08-24T06:12:44,115.24,50.48
2026-08-24T06:12:45,114.7,49.95
2026-08-24T06:12:46,115.08,50.32
2026-08-24T06:12:47,115.62,50.85
2026-08-24T06:12:48,115.41,50.65
2026-08-24T06:12:49,116.35,51.58
2026-08-24T06:12:50,117.28,52.49
2026-08-24T06:12:51,119.38,54.56
2026-08-24T06:12:52,123.19,58.31
2026-08-24T06:12:53,125.25,60.35
2026-08-24T06:12:54,126.94,62.01
2026-08-24T06:12:55,127.26,62.33
2026-08-24T06:12:56,125.26,60.35
2026-08-24T06:12:57,121.19,56.34
2026-08-24T06:12:58,119.24,54.42
2026-08-24T06:12:59,117.27,52.48
2026-08-24T06:13:00,115.97,51.2
2026-08-24T06:13:01,116.0,51.23
2026-08-24T06:13:02,115.42,50.65
2026-08-24T06:13:03,115.72,50.95
2026-08-24T06:13:04,116.58,51.8
2026-08-24T06:13:05,116.28,51.5
2026-08-24T06:13:06,117.45,52.66
2026-08-24T06:13:07,118.71,53.9
2026-08-24T06:13:08,122.62,57.75
2026-08-24T06:13:09,124.09,59.2
2026-08-24T06:13:10,125.97,61.06
2026-08-24T06:13:11,126.14,61.22
2026-08-24T06:13:12,126.92,61.99
2026-08-24T06:13:13,125.58,60.68
2026-08-24T06:13:14,123.11,58.24
2026-08-24T06:13:15,124.6,59.7
2026-08-24T06:13:16,125.77,60.86
2026-08-24T06:13:17,128.03,63.09
2026-08-24T06:13:18,130.47,65.49
2026-08-24T06:13:19,131.71,66.72
2026-08-24T06:13:20,132.26,67.26
2026-08-24T06:13:21,131.63,66.64
2026-08-24T06:13:22,130.59,65.61
2026-08-24T06:13:23,129.16,64.2
2026-08-24T06:13:24,127.84,62.9
2026-08-24T06:13:25,127.27,62.33
2026-08-24T06:13:26,126.25,61.34
2026-08-24T06:13:27,123.62,58.74
2026-08-24T06:13:28,121.29,56.44
2026-08-24T06:13:29,119.85,55.03
2026-08-24T06:13:30,118.79,53.97
2026-08-24T06:13:31,117.9,53.1
2026-08-24T06:13:32,117.07,52.28
2026-08-24T06:13:33,116.69,51.91
2026-08-24T06:13:34,116.12,51.35
2026-08-24T06:13:35,115.57,50.81
2026-08-24T06:13:36,115.42,50.66
2026-08-24T06:13:37,114.49,49.74
2026-08-24T06:13:38,114.16,49.41
2026-08-24T06:13:39,114.6,49.84
2026-08-24T06:13:40,114.21,49.47
2026-08-24T06:13:41,114.74,49.99
2026-08-24T06:13:42,113.63,48.9
2026-08-24T06:13:43,114.13,49.38
2026-08-24T06:13:44,115.15,50.39
2026-08-24T06:13:45,114.5,49.75
2026-08-24T06:13:46,114.8,50.05
2026-08-24T06:13:47,118.58,53.77
2026-08-24T06:13:48,119.89,55.06
2026-08-24T06:13:49,120.56,55.72
2026-08-24T06:13:50,122.87,58.0
2026-08-24T06:13:51,120.4,55.56
2026-08-24T06:13:52,121.68,56.83
2026-08-24T06:13:53,124.7,59.81
2026-08-24T06:13:54,123.27,58.4
2026-08-24T06:13:55,123.91,59.03
2026-08-24T06:13:56,123.51,58.63
2026-08-24T06:13:57,124.34,59.45
2026-08-24T06:13:58,126.15,61.23
2026-08-24T06:13:59,127.51,62.57
2026-08-24T06:14:00,129.47,64.51
2026-08-24T06:14:01,130.35,65.37
2026-08-24T06:14:02,129.52,64.55
2026-08-24T06:14:03,128.42,63.47
2026-08-24T06:14:04,127.22,62.29
2026-08-24T06:14:05,126.85,61.92
2026-08-24T06:14:06,124.46,59.57
2026-08-24T06:14:07,124.92,60.02
2026-08-24T06:14:08,125.21,60.31
2026-08-24T06:14:09,125.94,61.02
2026-08-24T06:14:10,124.77,59.87
2026-08-24T06:14:11,123.72,58.84
2026-08-24T06:14:12,122.23,57.37
2026-08-24T06:14:13,120.28,55.45
2026-08-24T06:14:14,121.22,56.37
2026-08-24T06:14:15,121.34,56.49
2026-08-24T06:14:16,120.64,55.8
2026-08-24T06:14:17,121.21,56.36
2026-08-24T06:14:18,123.25,58.38
2026-08-24T06:14:19,121.19,56.34
2026-08-24T06:14:20,116.5,51.72
2026-08-24T06:14:21,120.3,55.47
2026-08-24T06:14:22,122.63,57.76
2026-08-24T06:14:23,122.07,57.21
2026-08-24T06:14:24,121.81,56.95
2026-08-24T06:14:25,121.25,56.4
2026-08-24T06:14:26,120.94,56.1
2026-08-24T06:14:27,122.36,57.5
2026-08-24T06:14:28,124.79,59.89
2026-08-24T06:14:29,126.0,61.09
2026-08-24T06:14:30,125.75,60.84
2026-08-24T06:14:31,126.19,61.28
2026-08-24T06:14:32,129.55,64.59
2026-08-24T06:14:33,129.48,64.51
2026-08-24T06:14:34,128.63,63.68
2026-08-24T06:14:35,129.21,64.25
2026-08-24T06:14:36,129.12,64.16
2026-08-24T06:14:37,127.76,62.82
2026-08-24T06:14:38,127.61,62.67
2026-08-24T06:14:39,126.87,61.95
2026-08-24T06:14:40,125.46,60.55
2026-08-24T06:14:41,125.1,60.2
2026-08-24T06:14:42,125.06,60.16
2026-08-24T06:14:43,126.05,61.13
2026-08-24T06:14:44,127.27,62.34
2026-08-24T06:14:45,128.13,63.18
2026-08-24T06:14:46,128.96,64.01
2026-08-24T06:14:47,129.2,64.24
2026-08-24T06:14:48,128.67,63.72
2026-08-24T06:14:49,128.12,63.17
2026-08-24T06:14:50,128.04,63.1
2026-08-24T06:14:51,128.36,63.42
2026-08-24T06:14:52,128.62,63.67
2026-08-24T06:14:53,129.35,64.38
2026-08-24T06:14:54,128.93,63.98
2026-08-24T06:14:55,127.89,62.95
2026-08-24T06:14:56,127.57,62.63
2026-08-24T06:14:57,129.36,64.4
2026-08-24T06:14:58,127.98,63.04
2026-08-24T06:14:59,125.51,60.6
2026-08-24T06:15:00,123.86,58.98
2026-08-24T06:15:01,125.03,60.13
2026-08-24T06:15:02,125.96,61.05
2026-08-24T06:15:03,126.14,61.22
2026-08-24T06:15:04,126.29,61.37
2026-08-24T06:15:05,126.19,61.28
2026-08-24T06:15:06,127.18,62.25
2026-08-24T06:15:07,121.59,56.74
2026-08-24T06:15:08,118.66,53.85
2026-08-24T06:15:09,116.77,51.99
2026-08-24T06:15:10,116.12,51.34
2026-08-24T06:15:11,114.89,50.13
2026-08-24T06:15:12,114.87,50.12
2026-08-24T06:15:13,114.56,49.81
2026-08-24T06:15:14,114.3,49.55
2026-08-24T06:15:15,114.14,49.39
2026-08-24T06:15:16,114.09,49.34
2026-08-24T06:15:17,114.45,49.7
2026-08-24T06:15:18,113.99,49.25
2026-08-24T06:15:19,113.62,48.89
2026-08-24T06:15:20,114.38,49.63
2026-08-24T06:15:21,113.63,48.89
2026-08-24T06:15:22,113.65,48.91
2026-08-24T06:15:23,114.05,49.31
2026-08-24T06:15:24,113.98,49.24
2026-08-24T06:15:25,113.72,48.98
2026-08-24T06:15:26,114.29,49.54
2026-08-24T06:15:27,113.67,48.93
2026-08-24T06:15:28,113.41,48.68
2026-08-24T06:15:29,113.66,48.92
2026-08-24T06:15:30,113.45,48.72
2026-08-24T06:15:31,113.71,48.98
2026-08-24T06:15:32,113.85,49.11
2026-08-24T06:15:33,113.86,49.12
2026-08-24T06:15:34,113.99,49.25
2026-08-24T06:15:35,113.7,48.96
2026-08-24T06:15:36,113.98,49.24
2026-08-24T06:15:37,114.08,49.34
2026-08-24T06:15:38,113.87,49.13
2026-08-24T06:15:39,114.17,49.43
2026-08-24T06:15:40,113.8,49.06
2026-08-24T06:15:41,114.62,49.87
2026-08-24T06:15:42,114.36,49.62
2026-08-24T06:15:43,114.0,49.26
2026-08-24T06:15:44,114.76,50.01
2026-08-24T06:15:45,115.34,50.58
2026-08-24T06:15:46,115.21,50.45
2026-08-24T06:15:47,116.4,51.62
2026-08-24T06:15:48,117.11,52.32
2026-08-24T06:15:49,117.92,53.12
2026-08-24T06:15:50,119.31,54.5
2026-08-24T06:15:51,122.01,57.15
2026-08-24T06:15:52,125.67,60.76
2026-08-24T06:15:53,128.26,63.31
2026-08-24T06:15:54,130.09,65.12
2026-08-24T06:15:55,129.99,65.02
2026-08-24T06:15:56,126.12,61.2
2026-08-24T06:15:57,123.13,58.26
2026-08-24T06:15:58,120.05,55.22
2026-08-24T06:15:59,119.96,55.13
2026-08-24T06:16:00,119.01,54.2
2026-08-24T06:16:01,119.27,54.45
2026-08-24T06:16:02,119.2,54.38
2026-08-24T06:16:03,119.53,54.7
2026-08-24T06:16:04,120.95,56.11
2026-08-24T06:16:05,123.09,58.22
2026-08-24T06:16:06,124.24,59.35
2026-08-24T06:16:07,126.15,61.23
2026-08-24T06:16:08,127.98,63.04
2026-08-24T06:16:09,127.94,63.0
2026-08-24T06:16:10,127.5,62.57
2026-08-24T06:16:11,127.06,62.13
2026-08-24T06:16:12,125.97,61.06
2026-08-24T06:16:13,124.33,59.44
2026-08-24T06:16:14,122.95,58.08
2026-08-24T06:16:15,120.81,55.97
2026-08-24T06:16:16,118.81,54.0
2026-08-24T06:16:17,117.5,52.71
2026-08-24T06:16:18,116.93,52.15
2026-08-24T06:16:19,116.46,51.68
2026-08-24T06:16:20,116.87,52.09
2026-08-24T06:16:21,116.46,51.68
2026-08-24T06:16:22,116.78,51.99
2026-08-24T06:16:23,117.12,52.33
2026-08-24T06:16:24,118.33,53.53
2026-08-24T06:16:25,120.6,55.77
2026-08-24T06:16:26,121.3,56.45
2026-08-24T06:16:27,123.78,58.9
2026-08-24T06:16:28,125.49,60.58
2026-08-24T06:16:29,125.46,60.56
2026-08-24T06:16:30,123.86,58.98
2026-08-24T06:16:31,120.74,55.9
2026-08-24T06:16:32,117.64,52.84
2026-08-24T06:16:33,116.9,52.12
2026-08-24T06:16:34,115.89,51.12
2026-08-24T06:16:35,116.38,51.6
2026-08-24T06:16:36,115.94,51.17
2026-08-24T06:16:37,115.69,50.92
2026-08-24T06:16:38,115.51,50.74
2026-08-24T06:16:39,114.42,49.67
2026-08-24T06:16:40,114.94,50.19
2026-08-24T06:16:41,114.71,49.96
2026-08-24T06:16:42,114.5,49.75
2026-08-24T06:16:43,114.62,49.87
2026-08-24T06:16:44,115.2,50.44
2026-08-24T06:16:45,114.97,50.22
2026-08-24T06:16:46,116.05,51.27
2026-08-24T06:16:47,116.89,52.1
2026-08-24T06:16:48,118.99,54.18
2026-08-24T06:16:49,120.96,56.12
2026-08-24T06:16:50,123.17,58.3
2026-08-24T06:16:51,126.94,62.01
2026-08-24T06:16:52,129.29,64.33
2026-08-24T06:16:53,126.94,62.01
2026-08-24T06:16:54,122.46,57.59
2026-08-24T06:16:55,118.92,54.11
2026-08-24T06:16:56,117.23,52.44
2026-08-24T06:16:57,115.75,50.99
2026-08-24T06:16:58,114.81,50.05
2026-08-24T06:16:59,115.09,50.33
2026-08-24T06:17:00,114.95,50.19
2026-08-24T06:17:01,113.85,49.11
2026-08-24T06:17:02,114.15,49.41
2026-08-24T06:17:03,114.11,49.37
2026-08-24T06:17:04,113.38,48.64
2026-08-24T06:17:05,113.6,48.86
2026-08-24T06:17:06,113.51,48.77
2026-08-24T06:17:07,113.85,49.11
2026-08-24T06:17:08,114.48,49.73
2026-08-24T06:17:09,115.08,50.32
2026-08-24T06:17:10,114.8,50.05
2026-08-24T06:17:11,116.18,51.4
2026-08-24T06:17:12,116.95,52.16
2026-08-24T06:17:13,117.96,53.16
2026-08-24T06:17:14,119.03,54.21
2026-08-24T06:17:15,121.58,56.72
2026-08-24T06:17:16,125.38,60.47
2026-08-24T06:17:17,126.68,61.75
2026-08-24T06:17:18,127.04,62.11
2026-08-24T06:17:19,128.9,63.95
2026-08-24T06:17:20,131.73,66.74
2026-08-24T06:17:21,134.44,69.4
2026-08-24T06:17:22,137.1,72.02
2026-08-24T06:17:23,140.07,74.96
2026-08-24T06:17:24,142.0,76.86
2026-08-24T06:17:25,140.67,75.54
2026-08-24T06:17:26,133.67,68.64
2026-08-24T06:17:27,128.17,63.22
2026-08-24T06:17:28,126.56,61.64
2026-08-24T06:17:29,124.72,59.83
2026-08-24T06:17:30,122.86,57.99
2026-08-24T06:17:31,123.04,58.17
2026-08-24T06:17:32,125.94,61.02
2026-08-24T06:17:33,127.53,62.59
2026-08-24T06:17:34,129.51,64.54
2026-08-24T06:17:35,130.52,65.55
2026-08-24T06:17:36,128.62,63.67
2026-08-24T06:17:37,123.92,59.03
2026-08-24T06:17:38,122.34,57.48
2026-08-24T06:17:39,121.08,56.24
2026-08-24T06:17:40,119.18,54.36
2026-08-24T06:17:41,119.33,54.51
2026-08-24T06:17:42,117.84,53.04
2026-08-24T06:17:43,116.34,51.57
2026-08-24T06:17:44,115.7,50.94
2026-08-24T06:17:45,115.46,50.7
2026-08-24T06:17:46,114.94,50.18
2026-08-24T06:17:47,115.01,50.25
2026-08-24T06:17:48,114.48,49.73
2026-08-24T06:17:49,114.45,49.7
2026-08-24T06:17:50,114.04,49.29
2026-08-24T06:17:51,114.69,49.93
2026-08-24T06:17:52,116.33,51.56
2026-08-24T06:17:53,117.27,52.48
2026-08-24T06:17:54,114.56,49.8
2026-08-24T06:17:55,114.02,49.27
2026-08-24T06:17:56,114.25,49.51
2026-08-24T06:17:57,114.13,49.38
2026-08-24T06:17:58,114.53,49.78
2026-08-24T06:17:59,114.46,49.71
2026-08-24T06:18:00,114.56,49.81
2026-08-24T06:18:01,114.42,49.67
2026-08-24T06:18:02,114.45,49.7
2026-08-24T06:18:03,115.38,50.62
2026-08-24T06:18:04,115.09,50.33
2026-08-24T06:18:05,114.89,50.13
2026-08-24T06:18:06,115.25,50.49
2026-08-24T06:18:07,115.28,50.52
2026-08-24T06:18:08,116.62,51.84
2026-08-24T06:18:09,118.49,53.69
2026-08-24T06:18:10,119.38,54.56
2026-08-24T06:18:11,121.17,56.32
2026-08-24T06:18:12,121.63,56.78
2026-08-24T06:18:13,122.63,57.77
2026-08-24T06:18:14,123.98,59.09
2026-08-24T06:18:15,125.19,60.29
2026-08-24T06:18:16,126.8,61.88
2026-08-24T06:18:17,126.59,61.67
2026-08-24T06:18:18,127.45,62.51
2026-08-24T06:18:19,125.44,60.53
2026-08-24T06:18:20,125.39,60.48
2026-08-24T06:18:21,123.19,58.32
2026-08-24T06:18:22,119.72,54.89
2026-08-24T06:18:23,118.57,53.76
2026-08-24T06:18:24,117.31,52.52
2026-08-24T06:18:25,117.31,52.52
2026-08-24T06:18:26,117.28,52.49
2026-08-24T06:18:27,117.78,52.99
2026-08-24T06:18:28,118.11,53.3
2026-08-24T06:18:29,119.16,54.35
2026-08-24T06:18:30,120.82,55.98
2026-08-24T06:18:31,124.69,59.8
2026-08-24T06:18:32,127.15,62.22
2026-08-24T06:18:33,129.11,64.15
2026-08-24T06:18:34,131.12,66.14
2026-08-24T06:18:35,131.44,66.45
2026-08-24T06:18:36,130.0,65.03
2026-08-24T06:18:37,127.68,62.74
2026-08-24T06:18:38,127.62,62.68
2026-08-24T06:18:39,128.24,63.29
2026-08-24T06:18:40,128.7,63.75
2026-08-24T06:18:41,127.96,63.02
2026-08-24T06:18:42,125.97,61.06
2026-08-24T06:18:43,125.86,60.95
2026-08-24T06:18:44,126.53,61.61
2026-08-24T06:18:45,127.15,62.22
2026-08-24T06:18:46,127.45,62.51
2026-08-24T06:18:47,126.82,61.9
2026-08-24T06:18:48,125.31,60.41
2026-08-24T06:18:49,124.84,59.95
2026-08-24T06:18:50,128.2,63.25
2026-08-24T06:18:51,127.43,62.5
2026-08-24T06:18:52,128.15,63.2
2026-08-24T06:18:53,127.27,62.34
2026-08-24T06:18:54,127.91,62.97
2026-08-24T06:18:55,128.93,63.97
2026-08-24T06:18:56,129.08,64.12
2026-08-24T06:18:57,129.04,64.08
2026-08-24T06:18:58,129.79,64.83
2026-08-24T06:18:59,130.04,65.07
2026-08-24T06:19:00,128.86,63.91
2026-08-24T06:19:01,127.03,62.1
2026-08-24T06:19:02,124.46,59.57
2026-08-24T06:19:03,122.41,57.55
2026-08-24T06:19:04,121.1,56.26
2026-08-24T06:19:05,119.75,54.93
2026-08-24T06:19:06,118.38,53.58
2026-08-24T06:19:07,118.4,53.59
2026-08-24T06:19:08,117.33,52.54
2026-08-24T06:19:09,116.67,51.89
2026-08-24T06:19:10,117.1,52.31
2026-08-24T06:19:11,115.85,51.08
2026-08-24T06:19:12,115.59,50.82
2026-08-24T06:19:13,115.21,50.45
2026-08-24T06:19:14,115.22,50.46
2026-08-24T06:19:15,114.58,49.83
2026-08-24T06:19:16,114.49,49.74
2026-08-24T06:19:17,114.73,49.98
2026-08-24T06:19:18,114.25,49.5
2026-08-24T06:19:19,114.53,49.78
2026-08-24T06:19:20,115.29,50.52
2026-08-24T06:19:21,115.04,50.28
2026-08-24T06:19:22,115.94,51.17
2026-08-24T06:19:23,115.34,50.58
2026-08-24T06:19:24,116.3,51.53
2026-08-24T06:19:25,118.78,53.97
2026-08-24T06:19:26,121.06,56.22
2026-08-24T06:19:27,122.22,57.36
2026-08-24T06:19:28,123.47,58.59
2026-08-24T06:19:29,124.45,59.56
2026-08-24T06:19:30,125.89,60.98
2026-08-24T06:19:31,124.9,60.0
2026-08-24T06:19:32,123.22,58.35
2026-08-24T06:19:33,120.89,56.05
2026-08-24T06:19:34,119.92,55.09
2026-08-24T06:19:35,118.23,53.43
2026-08-24T06:19:36,117.97,53.17
2026-08-24T06:19:37,116.71,51.93
2026-08-24T06:19:38,115.85,51.08
2026-08-24T06:19:39,115.46,50.69
2026-08-24T06:19:40,114.88,50.12
2026-08-24T06:19:41,115.27,50.51
2026-08-24T06:19:42,114.1,49.36
2026-08-24T06:19:43,115.04,50.28
2026-08-24T06:19:44,114.2,49.46
2026-08-24T06:19:45,114.35,49.6
2026-08-24T06:19:46,114.11,49.36
2026-08-24T06:19:47,113.74,49.0
2026-08-24T06:19:48,113.79,49.04
2026-08-24T06:19:49,114.58,49.83
2026-08-24T06:19:50,114.18,49.43
2026-08-24T06:19:51,115.45,50.68
2026-08-24T06:19:52,116.81,52.02
2026-08-24T06:19:53,117.79,53.0
2026-08-24T06:19:54,119.92,55.09
2026-08-24T06:19:55,123.47,58.6
2026-08-24T06:19:56,127.55,62.62
2026-08-24T06:19:57,128.78,63.83
2026-08-24T06:19:58,128.6,63.65
2026-08-24T06:19:59,128.48,63.53
2026-08-24T06:20:00,127.73,62.79
2026-08-24T06:20:01,125.91,60.99
2026-08-24T06:20:02,126.34,61.42
2026-08-24T06:20:03,126.13,61.22
2026-08-24T06:20:04,127.06,62.13
2026-08-24T06:20:05,126.26,61.35
2026-08-24T06:20:06,124.64,59.75
2026-08-24T06:20:07,122.36,57.49
2026-08-24T06:20:08,123.6,58.72
2026-08-24T06:20:09,125.63,60.72
2026-08-24T06:20:10,126.24,61.32
2026-08-24T06:20:11,126.11,61.19
2026-08-24T06:20:12,126.34,61.42
2026-08-24T06:20:13,125.82,60.91
2026-08-24T06:20:14,122.56,57.69
2026-08-24T06:20:15,121.76,56.9
2026-08-24T06:20:16,122.36,57.49
2026-08-24T06:20:17,123.84,58.95
2026-08-24T06:20:18,124.55,59.65
2026-08-24T06:20:19,125.55,60.64
2026-08-24T06:20:20,126.85,61.93
2026-08-24T06:20:21,126.32,61.4
2026-08-24T06:20:22,123.97,59.09
2026-08-24T06:20:23,121.43,56.58
2026-08-24T06:20:24,118.98,54.16
2026-08-24T06:20:25,117.15,52.36
2026-08-24T06:20:26,117.02,52.23
2026-08-24T06:20:27,117.48,52.69
2026-08-24T06:20:28,116.66,51.88
2026-08-24T06:20:29,117.09,52.31
2026-08-24T06:20:30,116.79,52.0
2026-08-24T06:20:31,116.83,52.05
2026-08-24T06:20:32,117.6,52.8
2026-08-24T06:20:33,117.53,52.74
2026-08-24T06:20:34,120.17,55.34
2026-08-24T06:20:35,123.37,58.49
2026-08-24T06:20:36,125.02,60.12
2026-08-24T06:20:37,125.75,60.84
2026-08-24T06:20:38,127.17,62.24
2026-08-24T06:20:39,126.48,61.56
2026-08-24T06:20:40,124.72,59.82
2026-08-24T06:20:41,120.81,55.97
2026-08-24T06:20:42,119.22,54.4
2026-08-24T06:20:43,117.29,52.5
2026-08-24T06:20:44,116.28,51.5
2026-08-24T06:20:45,115.02,50.26
2026-08-24T06:20:46,115.69,50.92
2026-08-24T06:20:47,114.9,50.15
2026-08-24T06:20:48,115.17,50.41
2026-08-24T06:20:49,115.46,50.7
2026-08-24T06:20:50,115.84,51.07
2026-08-24T06:20:51,116.19,51.42
2026-08-24T06:20:52,116.47,51.69
2026-08-24T06:20:53,117.57,52.78
2026-08-24T06:20:54,120.69,55.85
2026-08-24T06:20:55,121.94,57.09
2026-08-24T06:20:56,123.19,58.32
2026-08-24T06:20:57,123.29,58.41
2026-08-24T06:20:58,124.43,59.54
2026-08-24T06:20:59,125.93,61.01
2026-08-24T06:21:00,126.03,61.11
2026-08-24T06:21:01,127.38,62.44
2026-08-24T06:21:02,126.55,61.63
2026-08-24T06:21:03,124.86,59.97
2026-08-24T06:21:04,121.49,56.64
2026-08-24T06:21:05,119.33,54.51
2026-08-24T06:21:06,117.01,52.22
2026-08-24T06:21:07,115.74,50.98
2026-08-24T06:21:08,115.17,50.41
2026-08-24T06:21:09,115.7,50.93
2026-08-24T06:21:10,115.2,50.44
2026-08-24T06:21:11,114.38,49.63
2026-08-24T06:21:12,115.34,50.57
2026-08-24T06:21:13,115.34,50.58
2026-08-24T06:21:14,116.79,52.01
2026-08-24T06:21:15,118.76,53.95
2026-08-24T06:21:16,121.58,56.73
2026-08-24T06:21:17,125.49,60.59
2026-08-24T06:21:18,127.69,62.76
2026-08-24T06:21:19,128.12,63.18
2026-08-24T06:21:20,129.89,64.92
2026-08-24T06:21:21,122.99,58.11
2026-08-24T06:21:22,122.91,58.04
2026-08-24T06:21:23,125.77,60.86
2026-08-24T06:21:24,128.43,63.49
2026-08-24T06:21:25,130.09,65.12
2026-08-24T06:21:26,131.08,66.09
2026-08-24T06:21:27,130.36,65.38
2026-08-24T06:21:28,129.7,64.73
2026-08-24T06:21:29,129.73,64.76
2026-08-24T06:21:30,130.46,65.48
2026-08-24T06:21:31,130.06,65.09
2026-08-24T06:21:32,128.71,63.76
2026-08-24T06:21:33,126.59,61.67
2026-08-24T06:21:34,123.34,58.47
2026-08-24T06:21:35,122.43,57.57
2026-08-24T06:21:36,121.32,56.48
2026-08-24T06:21:37,121.71,56.85
2026-08-24T06:21:38,123.09,58.22
2026-08-24T06:21:39,124.14,59.25
2026-08-24T06:21:40,125.05,60.15
2026-08-24T06:21:41,127.11,62.18
2026-08-24T06:21:42,127.41,62.47
2026-08-24T06:21:43,127.35,62.41
2026-08-24T06:21:44,126.84,61.92
2026-08-24T06:21:45,127.61,62.67
2026-08-24T06:21:46,128.18,63.24
2026-08-24T06:21:47,128.33,63.38
2026-08-24T06:21:48,129.11,64.15
2026-08-24T06:21:49,129.73,64.76
2026-08-24T06:21:50,128.37,63.42
2026-08-24T06:21:51,126.75,61.83
2026-08-24T06:21:52,126.55,61.62
2026-08-24T06:21:53,124.7,59.81
2026-08-24T06:21:54,121.31,56.46
2026-08-24T06:21:55,119.2,54.39
2026-08-24T06:21:56,118.07,53.27
2026-08-24T06:21:57,117.26,52.47
2026-08-24T06:21:58,116.45,51.67
2026-08-24T06:21:59,116.09,51.32
2026-08-24T06:22:00,115.68,50.92
2026-08-24T06:22:01,114.59,49.84
2026-08-24T06:22:02,115.02,50.26
2026-08-24T06:22:03,114.49,49.74
2026-08-24T06:22:04,113.86,49.12
2026-08-24T06:22:05,114.25,49.5
2026-08-24T06:22:06,114.02,49.28
2026-08-24T06:22:07,113.63,48.89
2026-08-24T06:22:08,113.99,49.24
2026-08-24T06:22:09,113.97,49.23
2026-08-24T06:22:10,113.95,49.21
2026-08-24T06:22:11,114.08,49.33
2026-08-24T06:22:12,113.45,48.71
2026-08-24T06:22:13,114.29,49.54
2026-08-24T06:22:14,113.78,49.04
2026-08-24T06:22:15,113.91,49.16
2026-08-24T06:22:16,114.28,49.53
2026-08-24T06:22:17,113.84,49.1
2026-08-24T06:22:18,113.91,49.17
2026-08-24T06:22:19,113.85,49.11
2026-08-24T06:22:20,113.81,49.07
2026-08-24T06:22:21,113.59,48.85
2026-08-24T06:22:22,113.9,49.15
2026-08-24T06:22:23,114.29,49.55
2026-08-24T06:22:24,114.56,49.8
2026-08-24T06:22:25,115.69,50.92
2026-08-24T06:22:26,116.11,51.33
2026-08-24T06:22:27,117.56,52.77
2026-08-24T06:22:28,118.76,53.95
2026-08-24T06:22:29,120.9,56.06
2026-08-24T06:22:30,124.24,59.35
2026-08-24T06:22:31,126.26,61.34
2026-08-24T06:22:32,127.97,63.03
2026-08-24T06:22:33,130.52,65.54
2026-08-24T06:22:34,131.44,66.45
2026-08-24T06:22:35,131.66,66.66
2026-08-24T06:22:36,132.02,67.02
2026-08-24T06:22:37,131.57,66.57
2026-08-24T06:22:38,131.5,66.51
2026-08-24T06:22:39,131.54,66.55
2026-08-24T06:22:40,130.69,65.71
2026-08-24T06:22:41,129.63,64.67
2026-08-24T06:22:42,129.75,64.79
2026-08-24T06:22:43,130.24,65.26
2026-08-24T06:22:44,128.94,63.99
2026-08-24T06:22:45,126.96,62.03
2026-08-24T06:22:46,126.94,62.02
2026-08-24T06:22:47,125.16,60.26
2026-08-24T06:22:48,124.64,59.75
2026-08-24T06:22:49,124.08,59.19
2026-08-24T06:22:50,123.73,58.85
2026-08-24T06:22:51,122.69,57.82
2026-08-24T06:22:52,121.47,56.62
2026-08-24T06:22:53,119.64,54.81
2026-08-24T06:22:54,119.08,54.27
2026-08-24T06:22:55,118.4,53.6
2026-08-24T06:22:56,118.62,53.81
2026-08-24T06:22:57,119.15,54.33
2026-08-24T06:22:58,120.38,55.55
2026-08-24T06:22:59,123.7,58.82
2026-08-24T06:23:00,125.64,60.73
2026-08-24T06:23:01,127.97,63.03
2026-08-24T06:23:02,129.54,64.58
2026-08-24T06:23:03,129.88,64.91
2026-08-24T06:23:04,127.38,62.44
2026-08-24T06:23:05,124.95,60.05
2026-08-24T06:23:06,123.88,59.0
2026-08-24T06:23:07,124.94,60.05
2026-08-24T06:23:08,124.45,59.56
2026-08-24T06:23:09,122.97,58.1
2026-08-24T06:23:10,120.62,55.78
2026-08-24T06:23:11,118.75,53.94
2026-08-24T06:23:12,117.16,52.37
2026-08-24T06:23:13,115.99,51.22
2026-08-24T06:23:14,115.13,50.37
2026-08-24T06:23:15,115.2,50.44
2026-08-24T06:23:16,115.39,50.63
2026-08-24T06:23:17,113.94,49.2
2026-08-24T06:23:18,114.51,49.76
2026-08-24T06:23:19,114.27,49.52
2026-08-24T06:23:20,114.14,49.4
2026-08-24T06:23:21,114.38,49.63
2026-08-24T06:23:22,114.4,49.65
2026-08-24T06:23:23,115.0,50.24
2026-08-24T06:23:24,114.28,49.54
2026-08-24T06:23:25,114.11,49.36
2026-08-24T06:23:26,113.93,49.19
2026-08-24T06:23:27,114.17,49.42
2026-08-24T06:23:28,114.68,49.93
2026-08-24T06:23:29,115.73,50.96
2026-08-24T06:23:30,115.95,51.18
2026-08-24T06:23:31,117.04,52.25
2026-08-24T06:23:32,119.47,54.65
2026-08-24T06:23:33,122.59,57.72
2026-08-24T06:23:34,123.84,58.95
2026-08-24T06:23:35,124.63,59.74
2026-08-24T06:23:36,124.65,59.75
2026-08-24T06:23:37,124.19,59.3
2026-08-24T06:23:38,122.43,57.56
2026-08-24T06:23:39,118.69,53.88
2026-08-24T06:23:40,116.71,51.93
2026-08-24T06:23:41,116.32,51.54
2026-08-24T06:23:42,117.56,52.76
2026-08-24T06:23:43,117.52,52.72
2026-08-24T06:23:44,118.77,53.96
2026-08-24T06:23:45,119.14,54.33
2026-08-24T06:23:46,120.14,55.31
2026-08-24T06:23:47,122.45,57.59
2026-08-24T06:23:48,124.6,59.71
2026-08-24T06:23:49,127.87,62.93
2026-08-24T06:23:50,129.28,64.31
2026-08-24T06:23:51,130.26,65.29
2026-08-24T06:23:52,131.71,66.72
2026-08-24T06:23:53,132.57,67.57
2026-08-24T06:23:54,130.47,65.49
2026-08-24T06:23:55,129.53,64.57
2026-08-24T06:23:56,128.95,64.0
2026-08-24T06:23:57,127.78,62.84
2026-08-24T06:23:58,127.16,62.23
2026-08-24T06:23:59,127.27,62.34
2026-08-24T06:24:00,127.3,62.36
2026-08-24T06:24:01,126.21,61.29
2026-08-24T06:24:02,122.28,57.42
2026-08-24T06:24:03,120.14,55.31
2026-08-24T06:24:04,119.21,54.39
2026-08-24T06:24:05,118.66,53.85
2026-08-24T06:24:06,117.59,52.8
2026-08-24T06:24:07,117.26,52.47
2026-08-24T06:24:08,118.51,53.71
2026-08-24T06:24:09,120.54,55.7
2026-08-24T06:24:10,121.34,56.5
2026-08-24T06:24:11,123.85,58.97
2026-08-24T06:24:12,123.87,58.98
2026-08-24T06:24:13,123.6,58.72
2026-08-24T06:24:14,122.96,58.09
2026-08-24T06:24:15,122.27,57.41
2026-08-24T06:24:16,119.71,54.89
2026-08-24T06:24:17,118.85,54.04
2026-08-24T06:24:18,117.95,53.15
2026-08-24T06:24:19,116.91,52.12
2026-08-24T06:24:20,115.7,50.93
2026-08-24T06:24:21,115.13,50.37
2026-08-24T06:24:22,115.18,50.42
2026-08-24T06:24:23,114.56,49.81
2026-08-24T06:24:24,114.62,49.87
2026-08-24T06:24:25,113.98,49.24
2026-08-24T06:24:26,114.78,50.02
2026-08-24T06:24:27,114.08,49.34
2026-08-24T06:24:28,114.44,49.69
2026-08-24T06:24:29,113.68,48.94
2026-08-24T06:24:30,113.79,49.05
2026-08-24T06:24:31,114.27,49.52
2026-08-24T06:24:32,113.8,49.06
2026-08-24T06:24:33,113.59,48.86
2026-08-24T06:24:34,114.16,49.42
2026-08-24T06:24:35,113.92,49.17
2026-08-24T06:24:36,114.04,49.3
2026-08-24T06:24:37,114.03,49.29
2026-08-24T06:24:38,114.05,49.3
2026-08-24T06:24:39,114.02,49.28
2026-08-24T06:24:40,113.96,49.22
2026-08-24T06:24:41,114.72,49.97
2026-08-24T06:24:42,114.68,49.92
2026-08-24T06:24:43,115.37,50.6
2026-08-24T06:24:44,115.86,51.09
2026-08-24T06:24:45,116.45,51.67
2026-08-24T06:24:46,117.67,52.87
2026-08-24T06:24:47,119.63,54.81
2026-08-24T06:24:48,121.37,56.52
2026-08-24T06:24:49,125.47,60.56
2026-08-24T06:24:50,127.22,62.28
2026-08-24T06:24:51,128.67,63.72
2026-08-24T06:24:52,130.27,65.3
2026-08-24T06:24:53,130.15,65.18
2026-08-24T06:24:54,128.0,63.06
2026-08-24T06:24:55,124.23,59.34
2026-08-24T06:24:56,122.38,57.51
2026-08-24T06:24:57,119.31,54.49
2026-08-24T06:24:58,117.51,52.72
2026-08-24T06:24:59,117.24,52.45
2026-08-24T06:25:00,116.52,51.74
2026-08-24T06:25:01,116.18,51.4
2026-08-24T06:25:02,115.63,50.86
2026-08-24T06:25:03,115.35,50.59
2026-08-24T06:25:04,115.1,50.34
2026-08-24T06:25:05,114.39,49.64
2026-08-24T06:25:06,114.39,49.64
2026-08-24T06:25:07,114.51,49.76
2026-08-24T06:25:08,114.09,49.34
2026-08-24T06:25:09,113.95,49.21
2026-08-24T06:25:10,114.36,49.61
2026-08-24T06:25:11,114.04,49.3
2026-08-24T06:25:12,113.68,48.94
2026-08-24T06:25:13,114.17,49.43
2026-08-24T06:25:14,113.76,49.02
2026-08-24T06:25:15,113.88,49.14
2026-08-24T06:25:16,114.31,49.56
2026-08-24T06:25:17,113.69,48.95
2026-08-24T06:25:18,114.22,49.47
2026-08-24T06:25:19,115.04,50.29
2026-08-24T06:25:20,116.28,51.5
2026-08-24T06:25:21,117.87,53.07
2026-08-24T06:25:22,119.69,54.87
2026-08-24T06:25:23,121.9,57.04
2026-08-24T06:25:24,127.29,62.36
2026-08-24T06:25:25,129.79,64.82
2026-08-24T06:25:26,130.82,65.84
2026-08-24T06:25:27,131.82,66.82
2026-08-24T06:25:28,130.96,65.98
2026-08-24T06:25:29,131.42,66.43
2026-08-24T06:25:30,131.91,66.91
2026-08-24T06:25:31,131.2,66.21
2026-08-24T06:25:32,127.97,63.02
2026-08-24T06:25:33,125.76,60.85
2026-08-24T06:25:34,123.09,58.22
2026-08-24T06:25:35,121.72,56.87
2026-08-24T06:25:36,123.88,58.99
2026-08-24T06:25:37,124.8,59.9
2026-08-24T06:25:38,125.88,60.96
2026-08-24T06:25:39,125.53,60.63
2026-08-24T06:25:40,124.79,59.89
2026-08-24T06:25:41,123.25,58.38
2026-08-24T06:25:42,121.19,56.34
2026-08-24T06:25:43,121.31,56.46
2026-08-24T06:25:44,122.15,57.29
2026-08-24T06:25:45,123.74,58.86
2026-08-24T06:25:46,127.93,62.99
2026-08-24T06:25:47,128.67,63.72
2026-08-24T06:25:48,130.52,65.54
2026-08-24T06:25:49,132.11,67.11
2026-08-24T06:25:50,131.81,66.81
2026-08-24T06:25:51,130.16,65.18
2026-08-24T06:25:52,129.24,64.28
2026-08-24T06:25:53,129.22,64.26
2026-08-24T06:25:54,126.63,61.71
2026-08-24T06:25:55,123.44,58.56
2026-08-24T06:25:56,120.9,56.06
2026-08-24T06:25:57,119.08,54.27
2026-08-24T06:25:58,118.68,53.87
2026-08-24T06:25:59,118.4,53.59
2026-08-24T06:26:00,117.8,53.0
2026-08-24T06:26:01,116.87,52.09
2026-08-24T06:26:02,115.29,50.53
2026-08-24T06:26:03,115.25,50.49
2026-08-24T06:26:04,114.69,49.94
2026-08-24T06:26:05,114.58,49.83
2026-08-24T06:26:06,114.18,49.43
2026-08-24T06:26:07,114.32,49.57
2026-08-24T06:26:08,114.19,49.44
2026-08-24T06:26:09,114.25,49.5
2026-08-24T06:26:10,113.91,49.17
2026-08-24T06:26:11,114.1,49.35
2026-08-24T06:26:12,114.33,49.58
2026-08-24T06:26:13,113.71,48.97
2026-08-24T06:26:14,114.43,49.68
2026-08-24T06:26:15,114.2,49.45
2026-08-24T06:26:16,114.45,49.7
2026-08-24T06:26:17,114.39,49.64
2026-08-24T06:26:18,113.5,48.77
2026-08-24T06:26:19,114.32,49.58
2026-08-24T06:26:20,113.98,49.24
2026-08-24T06:26:21,113.65,48.91
2026-08-24T06:26:22,114.19,49.44
2026-08-24T06:26:23,113.56,48.82
2026-08-24T06:26:24,113.56,48.82
2026-08-24T06:26:25,115.07,50.31
2026-08-24T06:26:26,115.57,50.8
2026-08-24T06:26:27,114.82,50.06
2026-08-24T06:26:28,115.12,50.36
2026-08-24T06:26:29,113.59,48.86
2026-08-24T06:26:30,113.39,48.66
2026-08-24T06:26:31,113.83,49.09
2026-08-24T06:26:32,113.22,48.49
2026-08-24T06:26:33,114.65,49.89
2026-08-24T06:26:34,115.12,50.36
2026-08-24T06:26:35,114.74,49.99
2026-08-24T06:26:36,113.85,49.11
2026-08-24T06:26:37,113.99,49.24
2026-08-24T06:26:38,114.1,49.36
2026-08-24T06:26:39,114.37,49.62
2026-08-24T06:26:40,113.1,48.37
2026-08-24T06:26:41,114.1,49.35
2026-08-24T06:26:42,114.42,49.67
2026-08-24T06:26:43,113.55,48.81
2026-08-24T06:26:44,113.98,49.24
2026-08-24T06:26:45,113.32,48.59
2026-08-24T06:26:46,114.13,49.38
2026-08-24T06:26:47,113.54,48.8
2026-08-24T06:26:48,114.39,49.64
2026-08-24T06:26:49,114.5,49.75
2026-08-24T06:26:50,114.32,49.57
2026-08-24T06:26:51,115.7,50.94
2026-08-24T06:26:52,116.21,51.43
2026-08-24T06:26:53,117.34,52.55
2026-08-24T06:26:54,118.51,53.7
2026-08-24T06:26:55,119.85,55.02
2026-08-24T06:26:56,122.5,57.64
2026-08-24T06:26:57,124.95,60.05
2026-08-24T06:26:58,126.23,61.31
2026-08-24T06:26:59,127.99,63.05
2026-08-24T06:27:00,128.48,63.53
2026-08-24T06:27:01,127.67,62.73
2026-08-24T06:27:02,127.37,62.44
2026-08-24T06:27:03,127.79,62.85
2026-08-24T06:27:04,128.7,63.75
2026-08-24T06:27:05,127.81,62.87
2026-08-24T06:27:06,126.26,61.35
2026-08-24T06:27:07,126.37,61.45
2026-08-24T06:27:08,127.29,62.35
2026-08-24T06:27:09,128.56,63.61
2026-08-24T06:27:10,129.42,64.45
2026-08-24T06:27:11,131.68,66.69
2026-08-24T06:27:12,133.39,68.38
2026-08-24T06:27:13,134.28,69.25
2026-08-24T06:27:14,132.43,67.43
2026-08-24T06:27:15,132.59,67.58
2026-08-24T06:27:16,136.44,71.37
2026-08-24T06:27:17,136.51,71.45
2026-08-24T06:27:18,133.46,68.44
2026-08-24T06:27:19,132.29,67.29
2026-08-24T06:27:20,130.4,65.42
2026-08-24T06:27:21,129.77,64.8
2026-08-24T06:27:22,129.67,64.71
2026-08-24T06:27:23,127.86,62.92
2026-08-24T06:27:24,126.74,61.82
2026-08-24T06:27:25,125.52,60.62
2026-08-24T06:27:26,124.51,59.61
2026-08-24T06:27:27,123.62,58.74
2026-08-24T06:27:28,123.32,58.45
2026-08-24T06:27:29,122.41,57.55
2026-08-24T06:27:30,120.23,55.4
2026-08-24T06:27:31,118.92,54.1
2026-08-24T06:27:32,117.79,52.99
2026-08-24T06:27:33,117.51,52.72
2026-08-24T06:27:34,116.75,51.97
2026-08-24T06:27:35,115.99,51.22
2026-08-24T06:27:36,115.79,51.02
2026-08-24T06:27:37,114.6,49.85
2026-08-24T06:27:38,114.7,49.95
2026-08-24T06:27:39,114.41,49.66
2026-08-24T06:27:40,114.61,49.86
2026-08-24T06:27:41,114.43,49.68
2026-08-24T06:27:42,114.17,49.42
2026-08-24T06:27:43,114.12,49.38
2026-08-24T06:27:44,114.11,49.37
2026-08-24T06:27:45,114.41,49.66
2026-08-24T06:27:46,114.42,49.68
2026-08-24T06:27:47,114.42,49.67
2026-08-24T06:27:48,114.71,49.95
2026-08-24T06:27:49,115.13,50.37
2026-08-24T06:27:50,115.9,51.13
2026-08-24T06:27:51,115.87,51.1
2026-08-24T06:27:52,116.37,51.59
2026-08-24T06:27:53,117.8,53.0
2026-08-24T06:27:54,119.09,54.27
2026-08-24T06:27:55,122.51,57.64
2026-08-24T06:27:56,123.91,59.02
2026-08-24T06:27:57,126.11,61.19
2026-08-24T06:27:58,126.2,61.28
2026-08-24T06:27:59,126.55,61.63
2026-08-24T06:28:00,126.14,61.22
2026-08-24T06:28:01,126.45,61.53
2026-08-24T06:28:02,126.75,61.83
2026-08-24T06:28:03,129.35,64.39
2026-08-24T06:28:04,130.73,65.75
2026-08-24T06:28:05,131.75,66.75
2026-08-24T06:28:06,131.72,66.72
2026-08-24T06:28:07,130.64,65.66
2026-08-24T06:28:08,128.07,63.12
2026-08-24T06:28:09,126.11,61.2
2026-08-24T06:28:10,122.72,57.85
2026-08-24T06:28:11,121.84,56.99
2026-08-24T06:28:12,120.52,55.68
2026-08-24T06:28:13,120.08,55.25
2026-08-24T06:28:14,118.53,53.73
2026-08-24T06:28:15,118.41,53.6
2026-08-24T06:28:16,117.91,53.11
2026-08-24T06:28:17,117.24,52.45
2026-08-24T06:28:18,117.69,52.9
2026-08-24T06:28:19,117.58,52.78
2026-08-24T06:28:20,120.24,55.41
2026-08-24T06:28:21,123.21,58.33
2026-08-24T06:28:22,125.76,60.85
2026-08-24T06:28:23,126.89,61.96
2026-08-24T06:28:24,127.42,62.49
2026-08-24T06:28:25,126.07,61.16
2026-08-24T06:28:26,123.96,59.07
2026-08-24T06:28:27,121.4,56.55
2026-08-24T06:28:28,119.37,54.55
2026-08-24T06:28:29,118.81,54.0
2026-08-24T06:28:30,117.41,52.62
2026-08-24T06:28:31,117.42,52.63
2026-08-24T06:28:32,115.39,50.63
2026-08-24T06:28:33,115.03,50.27
2026-08-24T06:28:34,114.78,50.02
2026-08-24T06:28:35,114.71,49.95
2026-08-24T06:28:36,115.34,50.58
2026-08-24T06:28:37,114.99,50.23
2026-08-24T06:28:38,115.81,51.04
2026-08-24T06:28:39,115.14,50.38
2026-08-24T06:28:40,116.06,51.29
2026-08-24T06:28:41,117.04,52.25
2026-08-24T06:28:42,117.87,53.07
2026-08-24T06:28:43,118.98,54.17
2026-08-24T06:28:44,120.34,55.51
2026-08-24T06:28:45,123.89,59.01
2026-08-24T06:28:46,125.83,60.92
2026-08-24T06:28:47,127.01,62.08
2026-08-24T06:28:48,128.31,63.36
2026-08-24T06:28:49,130.2,65.22
2026-08-24T06:28:50,130.37,65.39
2026-08-24T06:28:51,130.45,65.48
2026-08-24T06:28:52,130.57,65.59
2026-08-24T06:28:53,130.03,65.05
2026-08-24T06:28:54,129.11,64.16
2026-08-24T06:28:55,129.66,64.7
2026-08-24T06:28:56,129.22,64.26
2026-08-24T06:28:57,128.0,63.05
2026-08-24T06:28:58,128.64,63.69
2026-08-24T06:28:59,130.97,65.98
2026-08-24T06:29:00,133.19,68.18
2026-08-24T06:29:01,134.76,69.72
2026-08-24T06:29:02,134.73,69.69
2026-08-24T06:29:03,134.58,69.54
2026-08-24T06:29:04,135.12,70.07
2026-08-24T06:29:05,134.27,69.24
2026-08-24T06:29:06,135.08,70.03
2026-08-24T06:29:07,134.19,69.16
2026-08-24T06:29:08,133.75,68.72
2026-08-24T06:29:09,133.37,68.35
2026-08-24T06:29:10,132.41,67.41
2026-08-24T06:29:11,131.23,66.25
2026-08-24T06:29:12,130.69,65.71
2026-08-24T06:29:13,129.71,64.75
2026-08-24T06:29:14,128.63,63.67
2026-08-24T06:29:15,128.21,63.26
2026-08-24T06:29:16,126.93,62.0
2026-08-24T06:29:17,124.1,59.22
2026-08-24T06:29:18,121.8,56.94
2026-08-24T06:29:19,120.71,55.87
2026-08-24T06:29:20,119.59,54.77
2026-08-24T06:29:21,118.14,53.34
2026-08-24T06:29:22,117.57,52.78
2026-08-24T06:29:23,116.55,51.77
2026-08-24T06:29:24,115.78,51.01
2026-08-24T06:29:25,115.75,50.98
2026-08-24T06:29:26,114.49,49.74
2026-08-24T06:29:27,114.89,50.13
2026-08-24T06:29:28,115.04,50.28
2026-08-24T06:29:29,114.25,49.5
2026-08-24T06:29:30,114.43,49.68
2026-08-24T06:29:31,114.85,50.09
2026-08-24T06:29:32,114.16,49.42
2026-08-24T06:29:33,114.26,49.52
2026-08-24T06:29:34,114.05,49.3
2026-08-24T06:29:35,114.43,49.68
2026-08-24T06:29:36,114.61,49.86
2026-08-24T06:29:37,114.39,49.64
2026-08-24T06:29:38,114.71,49.95
2026-08-24T06:29:39,114.23,49.48
2026-08-24T06:29:40,114.04,49.3
2026-08-24T06:29:41,114.45,49.7
2026-08-24T06:29:42,115.07,50.31
2026-08-24T06:29:43,115.5,50.73
2026-08-24T06:29:44,115.5,50.73
2026-08-24T06:29:45,115.61,50.85
2026-08-24T06:29:46,116.82,52.04
2026-08-24T06:29:47,119.0,54.18
2026-08-24T06:29:48,123.69,58.81
2026-08-24T06:29:49,125.46,60.55
2026-08-24T06:29:50,126.31,61.39
2026-08-24T06:29:51,127.03,62.1
2026-08-24T06:29:52,126.92,61.99
2026-08-24T06:29:53,124.62,59.72
2026-08-24T06:29:54,120.64,55.8
2026-08-24T06:29:55,119.09,54.28
2026-08-24T06:29:56,117.29,52.5
2026-08-24T06:29:57,116.79,52.01
2026-08-24T06:29:58,115.58,50.82
2026-08-24T06:29:59,115.33,50.57
2026-08-24T06:30:00,114.8,50.05
2026-08-24T06:30:01,114.51,49.76
