timestamp,apparent_db,calibrated_db_a
2026-08-18T00:00:05,142.83,77.67
2026-08-18T00:00:06,112.82,48.1
2026-08-18T00:00:07,112.53,47.81
2026-08-18T00:00:08,111.87,47.16
2026-08-18T00:00:09,111.81,47.09
2026-08-18T00:00:10,111.59,46.88
2026-08-18T00:00:11,112.46,47.74
2026-08-18T00:00:12,112.41,47.69
2026-08-18T00:00:13,112.65,47.93
2026-08-18T00:00:14,112.22,47.51
2026-08-18T00:00:15,111.79,47.08
2026-08-18T00:00:16,112.33,47.61
2026-08-18T00:00:17,112.66,47.93
2026-08-18T00:00:18,113.72,48.98
2026-08-18T00:00:19,114.12,49.37
2026-08-18T00:00:20,114.83,50.07
2026-08-18T00:00:21,116.27,51.49
2026-08-18T00:00:22,118.31,53.51
2026-08-18T00:00:23,121.28,56.43
2026-08-18T00:00:24,125.39,60.48
2026-08-18T00:00:25,128.05,63.11
2026-08-18T00:00:26,129.68,64.72
2026-08-18T00:00:27,126.01,61.09
2026-08-18T00:00:28,121.86,57.0
2026-08-18T00:00:29,117.94,53.14
2026-08-18T00:00:30,114.84,50.09
2026-08-18T00:00:31,112.88,48.15
2026-08-18T00:00:32,112.58,47.86
2026-08-18T00:00:33,112.36,47.64
2026-08-18T00:00:34,112.37,47.65
2026-08-18T00:00:35,111.43,46.72
2026-08-18T00:00:36,110.75,46.06
2026-08-18T00:00:37,111.43,46.72
2026-08-18T00:00:38,111.15,46.45
2026-08-18T00:00:39,110.69,46.0
2026-08-18T00:00:40,110.86,46.16
2026-08-18T00:00:41,110.35,45.66
2026-08-18T00:00:42,110.43,45.74
2026-08-18T00:00:43,110.54,45.85
2026-08-18T00:00:44,110.91,46.21
2026-08-18T00:00:45,110.77,46.07
2026-08-18T00:00:46,110.48,45.79
2026-08-18T00:00:47,110.2,45.51
2026-08-18T00:00:48,110.25,45.56
2026-08-18T00:00:49,110.68,45.98
2026-08-18T00:00:50,111.22,46.52
2026-08-18T00:00:51,111.45,46.74
2026-08-18T00:00:52,111.78,47.07
2026-08-18T00:00:53,112.28,47.56
2026-08-18T00:00:54,112.12,47.41
2026-08-18T00:00:55,111.73,47.02
2026-08-18T00:00:56,111.76,47.05
2026-08-18T00:00:57,111.92,47.21
2026-08-18T00:00:58,111.81,47.1
2026-08-18T00:00:59,111.0,46.3
2026-08-18T00:01:00,111.53,46.82
2026-08-18T00:01:01,112.35,47.63
2026-08-18T00:01:02,112.9,48.17
2026-08-18T00:01:03,111.64,46.93
2026-08-18T00:01:04,111.78,47.07
2026-08-18T00:01:05,111.19,46.49
2026-08-18T00:01:06,111.36,46.65
2026-08-18T00:01:07,111.22,46.51
2026-08-18T00:01:08,111.32,46.62
2026-08-18T00:01:09,111.62,46.91
2026-08-18T00:01:10,111.75,47.04
2026-08-18T00:01:11,111.35,46.65
2026-08-18T00:01:12,111.65,46.94
2026-08-18T00:01:13,112.01,47.3
2026-08-18T00:01:14,111.55,46.84
2026-08-18T00:01:15,112.65,47.93
2026-08-18T00:01:16,112.41,47.68
2026-08-18T00:01:17,112.24,47.52
2026-08-18T00:01:18,112.22,47.5
2026-08-18T00:01:19,111.51,46.81
2026-08-18T00:01:20,111.46,46.75
2026-08-18T00:01:21,111.16,46.45
2026-08-18T00:01:22,111.08,46.38
2026-08-18T00:01:23,110.83,46.13
2026-08-18T00:01:24,110.59,45.9
2026-08-18T00:01:25,110.28,45.59
2026-08-18T00:01:26,111.01,46.31
2026-08-18T00:01:27,111.28,46.58
2026-08-18T00:01:28,111.34,46.64
2026-08-18T00:01:29,111.14,46.44
2026-08-18T00:01:30,111.42,46.71
2026-08-18T00:01:31,111.38,46.67
2026-08-18T00:01:32,110.91,46.21
2026-08-18T00:01:33,111.18,46.47
2026-08-18T00:01:34,110.84,46.14
2026-08-18T00:01:35,110.96,46.26
2026-08-18T00:01:36,110.65,45.96
2026-08-18T00:01:37,110.6,45.9
2026-08-18T00:01:38,110.31,45.62
2026-08-18T00:01:39,110.52,45.82
2026-08-18T00:01:40,112.02,47.3
2026-08-18T00:01:41,111.17,46.47
2026-08-18T00:01:42,111.01,46.31
2026-08-18T00:01:43,111.32,46.61
2026-08-18T00:01:44,111.16,46.46
2026-08-18T00:01:45,110.99,46.28
2026-08-18T00:01:46,110.66,45.96
2026-08-18T00:01:47,110.66,45.96
2026-08-18T00:01:48,110.46,45.76
2026-08-18T00:01:49,110.45,45.76
2026-08-18T00:01:50,110.84,46.14
2026-08-18T00:01:51,110.72,46.02
2026-08-18T00:01:52,110.81,46.11
2026-08-18T00:01:53,110.87,46.17
2026-08-18T00:01:54,110.91,46.21
2026-08-18T00:01:55,110.72,46.03
2026-08-18T00:01:56,110.84,46.14
2026-08-18T00:01:57,111.75,47.03
2026-08-18T00:01:58,112.54,47.82
2026-08-18T00:01:59,112.6,47.88
2026-08-18T00:02:00,112.33,47.61
2026-08-18T00:02:01,112.03,47.31
2026-08-18T00:02:02,112.65,47.93
2026-08-18T00:02:03,112.01,47.3
2026-08-18T00:02:04,111.86,47.15
2026-08-18T00:02:05,112.29,47.57
2026-08-18T00:02:06,111.43,46.72
2026-08-18T00:02:07,110.97,46.27
2026-08-18T00:02:08,111.56,46.85
2026-08-18T00:02:09,112.64,47.92
2026-08-18T00:02:10,112.88,48.15
2026-08-18T00:02:11,112.12,47.4
2026-08-18T00:02:12,111.74,47.03
2026-08-18T00:02:13,112.23,47.51
2026-08-18T00:02:14,112.53,47.81
2026-08-18T00:02:15,112.67,47.94
2026-08-18T00:02:16,112.42,47.7
2026-08-18T00:02:17,111.14,46.44
2026-08-18T00:02:18,111.66,46.95
2026-08-18T00:02:19,112.0,47.28
2026-08-18T00:02:20,112.97,48.24
2026-08-18T00:02:21,112.98,48.25
2026-08-18T00:02:22,112.89,48.17
2026-08-18T00:02:23,112.15,47.43
2026-08-18T00:02:24,111.84,47.13
2026-08-18T00:02:25,112.51,47.79
2026-08-18T00:02:26,112.53,47.81
2026-08-18T00:02:27,113.48,48.74
2026-08-18T00:02:28,112.62,47.9
2026-08-18T00:02:29,112.83,48.1
2026-08-18T00:02:30,111.56,46.85
2026-08-18T00:02:31,110.59,45.89
2026-08-18T00:02:32,111.02,46.32
2026-08-18T00:02:33,110.59,45.89
2026-08-18T00:02:34,110.84,46.14
2026-08-18T00:02:35,110.51,45.82
2026-08-18T00:02:36,110.76,46.06
2026-08-18T00:02:37,111.13,46.43
2026-08-18T00:02:38,111.5,46.79
2026-08-18T00:02:39,110.81,46.11
2026-08-18T00:02:40,111.35,46.64
2026-08-18T00:02:41,111.55,46.84
2026-08-18T00:02:42,111.46,46.75
2026-08-18T00:02:43,110.72,46.03
2026-08-18T00:02:44,111.21,46.5
2026-08-18T00:02:45,110.6,45.9
2026-08-18T00:02:46,111.05,46.35
2026-08-18T00:02:47,111.95,47.24
2026-08-18T00:02:48,112.33,47.61
2026-08-18T00:02:49,112.7,47.98
2026-08-18T00:02:50,111.43,46.72
2026-08-18T00:02:51,111.68,46.97
2026-08-18T00:02:52,112.04,47.32
2026-08-18T00:02:53,111.65,46.94
2026-08-18T00:02:54,111.18,46.48
2026-08-18T00:02:55,110.9,46.2
2026-08-18T00:02:56,112.34,47.62
2026-08-18T00:02:57,112.2,47.48
2026-08-18T00:02:58,112.17,47.45
2026-08-18T00:02:59,111.72,47.01
2026-08-18T00:03:00,112.2,47.48
2026-08-18T00:03:01,113.59,48.86
2026-08-18T00:03:02,113.15,48.41
2026-08-18T00:03:03,113.99,49.25
2026-08-18T00:03:04,114.13,49.38
2026-08-18T00:03:05,111.85,47.14
2026-08-18T00:03:06,111.26,46.56
2026-08-18T00:03:07,111.42,46.72
2026-08-18T00:03:08,111.0,46.3
2026-08-18T00:03:09,111.26,46.56
2026-08-18T00:03:10,110.76,46.06
2026-08-18T00:03:11,111.32,46.62
2026-08-18T00:03:12,111.13,46.43
2026-08-18T00:03:13,111.19,46.49
2026-08-18T00:03:14,111.3,46.6
2026-08-18T00:03:15,110.85,46.15
2026-08-18T00:03:16,110.5,45.81
2026-08-18T00:03:17,110.42,45.72
2026-08-18T00:03:18,110.72,46.02
2026-08-18T00:03:19,110.98,46.28
2026-08-18T00:03:20,110.91,46.21
2026-08-18T00:03:21,110.35,45.66
2026-08-18T00:03:22,111.6,46.89
2026-08-18T00:03:23,111.13,46.42
2026-08-18T00:03:24,110.52,45.83
2026-08-18T00:03:25,110.57,45.87
2026-08-18T00:03:26,110.41,45.72
2026-08-18T00:03:27,110.6,45.9
2026-08-18T00:03:28,110.34,45.65
2026-08-18T00:03:29,110.31,45.62
2026-08-18T00:03:30,110.21,45.52
2026-08-18T00:03:31,110.42,45.73
2026-08-18T00:03:32,110.65,45.95
2026-08-18T00:03:33,110.69,45.99
2026-08-18T00:03:34,110.62,45.93
2026-08-18T00:03:35,110.24,45.55
2026-08-18T00:03:36,110.36,45.66
2026-08-18T00:03:37,109.96,45.27
2026-08-18T00:03:38,109.65,44.97
2026-08-18T00:03:39,109.73,45.05
2026-08-18T00:03:40,110.21,45.52
2026-08-18T00:03:41,110.06,45.37
2026-08-18T00:03:42,110.09,45.4
2026-08-18T00:03:43,109.7,45.02
2026-08-18T00:03:44,110.12,45.44
2026-08-18T00:03:45,109.57,44.89
2026-08-18T00:03:46,109.37,44.69
2026-08-18T00:03:47,110.94,46.24
2026-08-18T00:03:48,110.49,45.79
2026-08-18T00:03:49,110.1,45.41
2026-08-18T00:03:50,109.91,45.22
2026-08-18T00:03:51,109.81,45.12
2026-08-18T00:03:52,110.19,45.5
2026-08-18T00:03:53,109.82,45.13
2026-08-18T00:03:54,110.26,45.57
2026-08-18T00:03:55,110.52,45.83
2026-08-18T00:03:56,109.62,44.94
2026-08-18T00:03:57,110.12,45.43
2026-08-18T00:03:58,109.77,45.09
2026-08-18T00:03:59,110.24,45.55
2026-08-18T00:04:00,109.81,45.12
2026-08-18T00:04:01,110.23,45.54
2026-08-18T00:04:02,110.51,45.81
2026-08-18T00:04:03,110.2,45.51
2026-08-18T00:04:04,110.17,45.48
2026-08-18T00:04:05,110.02,45.33
2026-08-18T00:04:06,110.32,45.63
2026-08-18T00:04:07,110.26,45.57
2026-08-18T00:04:08,110.44,45.75
2026-08-18T00:04:09,110.17,45.48
2026-08-18T00:04:10,109.94,45.26
2026-08-18T00:04:11,109.87,45.19
2026-08-18T00:04:12,109.98,45.29
2026-08-18T00:04:13,110.16,45.47
2026-08-18T00:04:14,110.36,45.67
2026-08-18T00:04:15,110.05,45.36
2026-08-18T00:04:16,110.09,45.4
2026-08-18T00:04:17,110.69,45.99
2026-08-18T00:04:18,110.16,45.47
2026-08-18T00:04:19,110.52,45.83
2026-08-18T00:04:20,111.06,46.35
2026-08-18T00:04:21,111.33,46.62
2026-08-18T00:04:22,111.49,46.78
2026-08-18T00:04:23,111.36,46.66
2026-08-18T00:04:24,112.39,47.67
2026-08-18T00:04:25,112.31,47.59
2026-08-18T00:04:26,112.37,47.65
2026-08-18T00:04:27,113.65,48.91
2026-08-18T00:04:28,113.18,48.45
2026-08-18T00:04:29,112.97,48.24
2026-08-18T00:04:30,111.3,46.59
2026-08-18T00:04:31,110.43,45.74
2026-08-18T00:04:32,111.19,46.49
2026-08-18T00:04:33,110.82,46.12
2026-08-18T00:04:34,111.71,47.0
2026-08-18T00:04:35,111.92,47.2
2026-08-18T00:04:36,111.84,47.12
2026-08-18T00:04:37,111.31,46.61
2026-08-18T00:04:38,110.83,46.13
2026-08-18T00:04:39,111.14,46.43
2026-08-18T00:04:40,110.55,45.86
2026-08-18T00:04:41,111.49,46.78
2026-08-18T00:04:42,110.62,45.92
2026-08-18T00:04:43,110.93,46.23
2026-08-18T00:04:44,111.02,46.32
2026-08-18T00:04:45,110.92,46.22
2026-08-18T00:04:46,110.88,46.18
2026-08-18T00:04:47,110.89,46.2
2026-08-18T00:04:48,110.92,46.22
2026-08-18T00:04:49,110.73,46.03
2026-08-18T00:04:50,110.19,45.5
2026-08-18T00:04:51,110.46,45.77
2026-08-18T00:04:52,110.38,45.69
2026-08-18T00:04:53,110.21,45.52
2026-08-18T00:04:54,110.43,45.74
2026-08-18T00:04:55,110.96,46.26
2026-08-18T00:04:56,110.77,46.07
2026-08-18T00:04:57,110.7,46.0
2026-08-18T00:04:58,111.51,46.8
2026-08-18T00:04:59,110.86,46.16
2026-08-18T00:05:00,111.17,46.47
2026-08-18T00:05:01,110.9,46.21
2026-08-18T00:05:02,110.76,46.06
2026-08-18T00:05:03,110.33,45.64
2026-08-18T00:05:04,109.95,45.26
2026-08-18T00:05:05,109.6,44.92
2026-08-18T00:05:06,109.79,45.11
2026-08-18T00:05:07,109.77,45.08
2026-08-18T00:05:08,109.87,45.19
2026-08-18T00:05:09,109.75,45.06
2026-08-18T00:05:10,110.52,45.82
2026-08-18T00:05:11,110.57,45.88
2026-08-18T00:05:12,110.09,45.41
2026-08-18T00:05:13,110.43,45.74
2026-08-18T00:05:14,110.03,45.34
2026-08-18T00:05:15,110.0,45.31
2026-08-18T00:05:16,109.9,45.22
2026-08-18T00:05:17,110.39,45.7
2026-08-18T00:05:18,110.55,45.86
2026-08-18T00:05:19,110.16,45.47
2026-08-18T00:05:20,110.41,45.72
2026-08-18T00:05:21,110.55,45.86
2026-08-18T00:05:22,110.88,46.18
2026-08-18T00:05:23,110.78,46.08
2026-08-18T00:05:24,111.08,46.38
2026-08-18T00:05:25,111.35,46.65
2026-08-18T00:05:26,111.14,46.44
2026-08-18T00:05:27,111.49,46.78
2026-08-18T00:05:28,111.0,46.3
2026-08-18T00:05:29,110.92,46.22
2026-08-18T00:05:30,110.89,46.2
2026-08-18T00:05:31,110.44,45.75
2026-08-18T00:05:32,110.66,45.96
2026-08-18T00:05:33,110.7,46.0
2026-08-18T00:05:34,110.82,46.12
2026-08-18T00:05:35,110.58,45.88
2026-08-18T00:05:36,110.71,46.02
2026-08-18T00:05:37,110.84,46.14
2026-08-18T00:05:38,111.8,47.09
2026-08-18T00:05:39,113.89,49.14
2026-08-18T00:05:40,116.53,51.75
2026-08-18T00:05:41,118.54,53.73
2026-08-18T00:05:42,119.34,54.52
2026-08-18T00:05:43,121.24,56.39
2026-08-18T00:05:44,122.3,57.44
2026-08-18T00:05:45,124.14,59.25
2026-08-18T00:05:46,127.41,62.47
2026-08-18T00:05:47,127.5,62.57
2026-08-18T00:05:48,128.38,63.43
2026-08-18T00:05:49,128.82,63.87
2026-08-18T00:05:50,124.56,59.67
2026-08-18T00:05:51,120.99,56.15
2026-08-18T00:05:52,117.46,52.66
2026-08-18T00:05:53,115.24,50.48
2026-08-18T00:05:54,114.4,49.65
2026-08-18T00:05:55,114.61,49.86
2026-08-18T00:05:56,112.87,48.15
2026-08-18T00:05:57,112.45,47.72
2026-08-18T00:05:58,112.63,47.91
2026-08-18T00:05:59,111.95,47.23
2026-08-18T00:06:00,111.83,47.12
2026-08-18T00:06:01,111.42,46.71
2026-08-18T00:06:02,111.27,46.56
2026-08-18T00:06:03,111.13,46.43
2026-08-18T00:06:04,111.79,47.08
2026-08-18T00:06:05,111.34,46.64
2026-08-18T00:06:06,110.96,46.26
2026-08-18T00:06:07,110.82,46.12
2026-08-18T00:06:08,110.43,45.73
2026-08-18T00:06:09,110.87,46.17
2026-08-18T00:06:10,110.86,46.17
2026-08-18T00:06:11,111.06,46.36
2026-08-18T00:06:12,111.04,46.34
2026-08-18T00:06:13,110.47,45.77
2026-08-18T00:06:14,110.64,45.94
2026-08-18T00:06:15,110.56,45.87
2026-08-18T00:06:16,110.44,45.75
2026-08-18T00:06:17,110.57,45.88
2026-08-18T00:06:18,110.02,45.34
2026-08-18T00:06:19,110.65,45.96
2026-08-18T00:06:20,110.51,45.82
2026-08-18T00:06:21,110.5,45.8
2026-08-18T00:06:22,110.66,45.97
2026-08-18T00:06:23,111.06,46.36
2026-08-18T00:06:24,110.67,45.98
2026-08-18T00:06:25,110.5,45.81
2026-08-18T00:06:26,111.22,46.52
2026-08-18T00:06:27,110.89,46.19
2026-08-18T00:06:28,110.68,45.99
2026-08-18T00:06:29,110.64,45.95
2026-08-18T00:06:30,110.26,45.57
2026-08-18T00:06:31,110.31,45.62
2026-08-18T00:06:32,110.58,45.89
2026-08-18T00:06:33,110.85,46.15
2026-08-18T00:06:34,110.02,45.33
2026-08-18T00:06:35,110.33,45.64
2026-08-18T00:06:36,110.37,45.68
2026-08-18T00:06:37,110.59,45.89
2026-08-18T00:06:38,110.2,45.51
2026-08-18T00:06:39,110.04,45.35
2026-08-18T00:06:40,110.37,45.68
2026-08-18T00:06:41,110.03,45.35
2026-08-18T00:06:42,110.26,45.56
2026-08-18T00:06:43,109.94,45.25
2026-08-18T00:06:44,110.01,45.32
2026-08-18T00:06:45,110.17,45.48
2026-08-18T00:06:46,110.33,45.64
2026-08-18T00:06:47,110.36,45.67
2026-08-18T00:06:48,110.35,45.66
2026-08-18T00:06:49,110.05,45.36
2026-08-18T00:06:50,110.33,45.63
2026-08-18T00:06:51,109.92,45.24
2026-08-18T00:06:52,110.37,45.67
2026-08-18T00:06:53,110.35,45.66
2026-08-18T00:06:54,110.16,45.47
2026-08-18T00:06:55,110.29,45.6
2026-08-18T00:06:56,110.11,45.42
2026-08-18T00:06:57,110.04,45.36
2026-08-18T00:06:58,110.25,45.56
2026-08-18T00:06:59,110.26,45.57
2026-08-18T00:07:00,110.63,45.93
2026-08-18T00:07:01,110.86,46.16
2026-08-18T00:07:02,110.28,45.59
2026-08-18T00:07:03,110.19,45.5
2026-08-18T00:07:04,110.41,45.72
2026-08-18T00:07:05,110.85,46.15
2026-08-18T00:07:06,110.76,46.06
2026-08-18T00:07:07,110.63,45.93
2026-08-18T00:07:08,110.59,45.89
2026-08-18T00:07:09,110.31,45.62
2026-08-18T00:07:10,110.37,45.67
2026-08-18T00:07:11,110.34,45.65
2026-08-18T00:07:12,110.13,45.44
2026-08-18T00:07:13,109.76,45.07
2026-08-18T00:07:14,109.68,45.0
2026-08-18T00:07:15,109.91,45.23
2026-08-18T00:07:16,110.43,45.74
2026-08-18T00:07:17,110.24,45.55
2026-08-18T00:07:18,110.7,46.01
2026-08-18T00:07:19,110.48,45.78
2026-08-18T00:07:20,110.85,46.15
2026-08-18T00:07:21,111.28,46.57
2026-08-18T00:07:22,112.25,47.54
2026-08-18T00:07:23,113.48,48.75
2026-08-18T00:07:24,114.67,49.91
2026-08-18T00:07:25,114.92,50.17
2026-08-18T00:07:26,116.96,52.18
2026-08-18T00:07:27,121.29,56.44
2026-08-18T00:07:28,124.51,59.62
2026-08-18T00:07:29,126.43,61.51
2026-08-18T00:07:30,126.91,61.98
2026-08-18T00:07:31,127.42,62.49
2026-08-18T00:07:32,125.01,60.11
2026-08-18T00:07:33,123.17,58.3
2026-08-18T00:07:34,123.1,58.23
2026-08-18T00:07:35,124.94,60.05
2026-08-18T00:07:36,125.89,60.97
2026-08-18T00:07:37,126.76,61.83
2026-08-18T00:07:38,125.22,60.32
2026-08-18T00:07:39,121.45,56.6
2026-08-18T00:07:40,120.03,55.2
2026-08-18T00:07:41,118.31,53.51
2026-08-18T00:07:42,116.75,51.97
2026-08-18T00:07:43,115.89,51.12
2026-08-18T00:07:44,114.55,49.8
2026-08-18T00:07:45,113.65,48.92
2026-08-18T00:07:46,113.19,48.45
2026-08-18T00:07:47,111.92,47.21
2026-08-18T00:07:48,110.89,46.19
2026-08-18T00:07:49,110.51,45.82
2026-08-18T00:07:50,109.84,45.15
2026-08-18T00:07:51,110.09,45.4
2026-08-18T00:07:52,110.32,45.63
2026-08-18T00:07:53,109.7,45.01
2026-08-18T00:07:54,110.16,45.47
2026-08-18T00:07:55,111.48,46.77
2026-08-18T00:07:56,111.12,46.42
2026-08-18T00:07:57,109.83,45.15
2026-08-18T00:07:58,110.3,45.61
2026-08-18T00:07:59,110.42,45.72
2026-08-18T00:08:00,110.09,45.41
2026-08-18T00:08:01,109.79,45.11
2026-08-18T00:08:02,109.49,44.81
2026-08-18T00:08:03,109.99,45.3
2026-08-18T00:08:04,109.96,45.28
2026-08-18T00:08:05,109.85,45.16
2026-08-18T00:08:06,110.22,45.53
2026-08-18T00:08:07,110.03,45.34
2026-08-18T00:08:08,110.14,45.45
2026-08-18T00:08:09,110.2,45.52
2026-08-18T00:08:10,110.07,45.38
2026-08-18T00:08:11,110.28,45.59
2026-08-18T00:08:12,110.19,45.5
2026-08-18T00:08:13,110.34,45.65
2026-08-18T00:08:14,110.62,45.93
2026-08-18T00:08:15,110.57,45.88
2026-08-18T00:08:16,110.37,45.68
2026-08-18T00:08:17,109.84,45.15
2026-08-18T00:08:18,110.15,45.46
2026-08-18T00:08:19,110.09,45.4
2026-08-18T00:08:20,110.42,45.73
2026-08-18T00:08:21,110.26,45.57
2026-08-18T00:08:22,110.48,45.79
2026-08-18T00:08:23,110.83,46.13
2026-08-18T00:08:24,110.53,45.84
2026-08-18T00:08:25,110.2,45.51
2026-08-18T00:08:26,110.49,45.79
2026-08-18T00:08:27,110.05,45.36
2026-08-18T00:08:28,110.09,45.4
2026-08-18T00:08:29,110.65,45.95
2026-08-18T00:08:30,110.49,45.8
2026-08-18T00:08:31,111.32,46.61
2026-08-18T00:08:32,110.83,46.13
2026-08-18T00:08:33,110.56,45.86
2026-08-18T00:08:34,110.36,45.67
2026-08-18T00:08:35,110.54,45.85
2026-08-18T00:08:36,110.52,45.83
2026-08-18T00:08:37,110.81,46.11
2026-08-18T00:08:38,111.08,46.38
2026-08-18T00:08:39,110.78,46.08
2026-08-18T00:08:40,110.86,46.16
2026-08-18T00:08:41,110.51,45.82
2026-08-18T00:08:42,111.01,46.31
2026-08-18T00:08:43,110.44,45.75
2026-08-18T00:08:44,109.8,45.11
2026-08-18T00:08:45,110.66,45.96
2026-08-18T00:08:46,110.11,45.42
2026-08-18T00:08:47,110.55,45.86
2026-08-18T00:08:48,110.52,45.83
2026-08-18T00:08:49,110.59,45.9
2026-08-18T00:08:50,110.3,45.61
2026-08-18T00:08:51,110.02,45.33
2026-08-18T00:08:52,110.21,45.53
2026-08-18T00:08:53,110.33,45.64
2026-08-18T00:08:54,110.19,45.5
2026-08-18T00:08:55,110.09,45.4
2026-08-18T00:08:56,109.99,45.31
2026-08-18T00:08:57,110.05,45.36
2026-08-18T00:08:58,109.91,45.22
2026-08-18T00:08:59,109.72,45.04
2026-08-18T00:09:00,109.84,45.16
2026-08-18T00:09:01,109.93,45.25
2026-08-18T00:09:02,110.68,45.98
2026-08-18T00:09:03,110.45,45.76
2026-08-18T00:09:04,110.6,45.9
2026-08-18T00:09:05,110.78,46.08
2026-08-18T00:09:06,111.01,46.31
2026-08-18T00:09:07,111.12,46.42
2026-08-18T00:09:08,111.03,46.33
2026-08-18T00:09:09,110.86,46.16
2026-08-18T00:09:10,110.29,45.6
2026-08-18T00:09:11,110.88,46.18
2026-08-18T00:09:12,110.3,45.61
2026-08-18T00:09:13,110.65,45.95
2026-08-18T00:09:14,110.48,45.78
2026-08-18T00:09:15,110.26,45.57
2026-08-18T00:09:16,110.44,45.74
2026-08-18T00:09:17,109.8,45.12
2026-08-18T00:09:18,109.83,45.15
2026-08-18T00:09:19,110.3,45.6
2026-08-18T00:09:20,110.36,45.66
2026-08-18T00:09:21,110.49,45.79
2026-08-18T00:09:22,109.88,45.2
2026-08-18T00:09:23,110.38,45.69
2026-08-18T00:09:24,110.39,45.69
2026-08-18T00:09:25,110.3,45.61
2026-08-18T00:09:26,110.16,45.47
2026-08-18T00:09:27,109.98,45.29
2026-08-18T00:09:28,110.04,45.35
2026-08-18T00:09:29,109.76,45.08
2026-08-18T00:09:30,109.64,44.96
2026-08-18T00:09:31,110.41,45.72
2026-08-18T00:09:32,109.76,45.08
2026-08-18T00:09:33,110.04,45.35
2026-08-18T00:09:34,110.07,45.38
2026-08-18T00:09:35,110.0,45.31
2026-08-18T00:09:36,110.12,45.43
2026-08-18T00:09:37,109.64,44.96
2026-08-18T00:09:38,110.32,45.62
2026-08-18T00:09:39,109.99,45.3
2026-08-18T00:09:40,110.08,45.39
2026-08-18T00:09:41,110.32,45.63
2026-08-18T00:09:42,109.71,45.03
2026-08-18T00:09:43,110.4,45.71
2026-08-18T00:09:44,110.16,45.47
2026-08-18T00:09:45,110.49,45.79
2026-08-18T00:09:46,110.31,45.62
2026-08-18T00:09:47,110.66,45.97
2026-08-18T00:09:48,110.34,45.65
2026-08-18T00:09:49,110.3,45.61
2026-08-18T00:09:50,110.52,45.83
2026-08-18T00:09:51,110.26,45.57
2026-08-18T00:09:52,110.23,45.54
2026-08-18T00:09:53,109.76,45.07
2026-08-18T00:09:54,109.93,45.24
2026-08-18T00:09:55,109.66,44.98
2026-08-18T00:09:56,110.22,45.53
2026-08-18T00:09:57,109.8,45.11
2026-08-18T00:09:58,110.17,45.48
2026-08-18T00:09:59,110.08,45.39
2026-08-18T00:10:00,109.99,45.3
2026-08-18T00:10:01,110.18,45.49
2026-08-18T00:10:02,110.56,45.86
2026-08-18T00:10:03,110.54,45.85
2026-08-18T00:10:04,110.09,45.4
2026-08-18T00:10:05,110.45,45.76
2026-08-18T00:10:06,109.72,45.04
2026-08-18T00:10:07,110.36,45.67
2026-08-18T00:10:08,110.35,45.65
2026-08-18T00:10:09,110.19,45.5
2026-08-18T00:10:10,109.73,45.05
2026-08-18T00:10:11,110.51,45.81
2026-08-18T00:10:12,110.39,45.7
2026-08-18T00:10:13,110.2,45.51
2026-08-18T00:10:14,109.67,44.99
2026-08-18T00:10:15,110.1,45.41
2026-08-18T00:10:16,110.12,45.44
2026-08-18T00:10:17,110.32,45.63
2026-08-18T00:10:18,110.37,45.67
2026-08-18T00:10:19,110.34,45.65
2026-08-18T00:10:20,110.44,45.75
2026-08-18T00:10:21,110.77,46.07
2026-08-18T00:10:22,110.84,46.14
2026-08-18T00:10:23,110.38,45.69
2026-08-18T00:10:24,109.86,45.18
2026-08-18T00:10:25,110.07,45.39
2026-08-18T00:10:26,110.29,45.6
2026-08-18T00:10:27,110.87,46.17
2026-08-18T00:10:28,110.3,45.61
2026-08-18T00:10:29,110.47,45.78
2026-08-18T00:10:30,110.49,45.79
2026-08-18T00:10:31,110.99,46.29
2026-08-18T00:10:32,110.83,46.13
2026-08-18T00:10:33,110.45,45.75
2026-08-18T00:10:34,110.05,45.36
2026-08-18T00:10:35,109.47,44.79
2026-08-18T00:10:36,110.35,45.65
2026-08-18T00:10:37,109.97,45.29
2026-08-18T00:10:38,109.73,45.05
2026-08-18T00:10:39,109.63,44.95
2026-08-18T00:10:40,110.25,45.56
2026-08-18T00:10:41,109.86,45.18
2026-08-18T00:10:42,109.77,45.09
2026-08-18T00:10:43,109.84,45.16
2026-08-18T00:10:44,109.83,45.15
2026-08-18T00:10:45,109.73,45.05
2026-08-18T00:10:46,109.53,44.85
2026-08-18T00:10:47,110.43,45.74
2026-08-18T00:10:48,109.84,45.15
2026-08-18T00:10:49,109.68,45.0
2026-08-18T00:10:50,110.0,45.32
2026-08-18T00:10:51,110.15,45.46
2026-08-18T00:10:52,109.82,45.13
2026-08-18T00:10:53,109.93,45.24
2026-08-18T00:10:54,109.83,45.15
2026-08-18T00:10:55,109.86,45.18
2026-08-18T00:10:56,110.44,45.75
2026-08-18T00:10:57,109.97,45.29
2026-08-18T00:10:58,110.14,45.45
2026-08-18T00:10:59,110.06,45.37
2026-08-18T00:11:00,110.09,45.4
2026-08-18T00:11:01,110.53,45.84
2026-08-18T00:11:02,110.49,45.8
2026-08-18T00:11:03,109.77,45.08
2026-08-18T00:11:04,110.04,45.35
2026-08-18T00:11:05,110.13,45.44
2026-08-18T00:11:06,109.7,45.01
2026-08-18T00:11:07,109.58,44.9
2026-08-18T00:11:08,109.83,45.14
2026-08-18T00:11:09,109.79,45.1
2026-08-18T00:11:10,109.95,45.27
2026-08-18T00:11:11,110.59,45.89
2026-08-18T00:11:12,110.12,45.43
2026-08-18T00:11:13,110.59,45.89
2026-08-18T00:11:14,110.28,45.59
2026-08-18T00:11:15,110.62,45.92
2026-08-18T00:11:16,110.94,46.24
2026-08-18T00:11:17,111.17,46.47
2026-08-18T00:11:18,110.56,45.86
2026-08-18T00:11:19,109.95,45.26
2026-08-18T00:11:20,109.75,45.07
2026-08-18T00:11:21,109.67,44.99
2026-08-18T00:11:22,109.7,45.02
2026-08-18T00:11:23,109.45,44.77
2026-08-18T00:11:24,110.02,45.33
2026-08-18T00:11:25,109.97,45.28
2026-08-18T00:11:26,109.98,45.3
2026-08-18T00:11:27,109.87,45.18
2026-08-18T00:11:28,110.72,46.02
2026-08-18T00:11:29,110.41,45.72
2026-08-18T00:11:30,110.21,45.52
2026-08-18T00:11:31,109.93,45.25
2026-08-18T00:11:32,109.74,45.06
2026-08-18T00:11:33,109.85,45.17
2026-08-18T00:11:34,109.91,45.22
2026-08-18T00:11:35,110.12,45.43
2026-08-18T00:11:36,110.24,45.55
2026-08-18T00:11:37,110.42,45.72
2026-08-18T00:11:38,110.05,45.36
2026-08-18T00:11:39,110.32,45.63
2026-08-18T00:11:40,110.47,45.77
2026-08-18T00:11:41,110.44,45.75
2026-08-18T00:11:42,110.4,45.71
2026-08-18T00:11:43,110.47,45.77
2026-08-18T00:11:44,109.98,45.3
2026-08-18T00:11:45,109.92,45.23
2026-08-18T00:11:46,110.45,45.76
2026-08-18T00:11:47,110.12,45.44
2026-08-18T00:11:48,110.16,45.47
2026-08-18T00:11:49,109.92,45.23
2026-08-18T00:11:50,110.26,45.57
2026-08-18T00:11:51,110.03,45.35
2026-08-18T00:11:52,109.82,45.14
2026-08-18T00:11:53,110.29,45.6
2026-08-18T00:11:54,110.21,45.52
2026-08-18T00:11:55,110.08,45.39
2026-08-18T00:11:56,110.04,45.36
2026-08-18T00:11:57,109.56,44.87
2026-08-18T00:11:58,110.04,45.36
2026-08-18T00:11:59,110.22,45.53
2026-08-18T00:12:00,110.09,45.4
2026-08-18T00:12:01,109.99,45.31
2026-08-18T00:12:02,110.23,45.54
2026-08-18T00:12:03,110.27,45.58
2026-08-18T00:12:04,110.05,45.37
2026-08-18T00:12:05,109.96,45.28
2026-08-18T00:12:06,110.45,45.75
2026-08-18T00:12:07,110.23,45.54
2026-08-18T00:12:08,110.52,45.82
2026-08-18T00:12:09,110.29,45.6
2026-08-18T00:12:10,109.8,45.12
2026-08-18T00:12:11,110.04,45.36
2026-08-18T00:12:12,110.14,45.45
2026-08-18T00:12:13,109.62,44.94
2026-08-18T00:12:14,109.73,45.04
2026-08-18T00:12:15,110.29,45.6
2026-08-18T00:12:16,109.86,45.18
2026-08-18T00:12:17,109.65,44.97
2026-08-18T00:12:18,109.54,44.86
2026-08-18T00:12:19,109.32,44.64
2026-08-18T00:12:20,109.54,44.86
2026-08-18T00:12:21,109.66,44.98
2026-08-18T00:12:22,109.62,44.94
2026-08-18T00:12:23,109.79,45.11
2026-08-18T00:12:24,109.67,44.98
2026-08-18T00:12:25,109.66,44.98
2026-08-18T00:12:26,110.08,45.39
2026-08-18T00:12:27,110.05,45.36
2026-08-18T00:12:28,110.39,45.7
2026-08-18T00:12:29,110.16,45.47
2026-08-18T00:12:30,110.28,45.58
2026-08-18T00:12:31,109.63,44.95
2026-08-18T00:12:32,110.04,45.35
2026-08-18T00:12:33,110.08,45.39
2026-08-18T00:12:34,109.54,44.86
2026-08-18T00:12:35,109.73,45.04
2026-08-18T00:12:36,109.74,45.05
2026-08-18T00:12:37,110.08,45.39
2026-08-18T00:12:38,110.25,45.56
2026-08-18T00:12:39,109.78,45.1
2026-08-18T00:12:40,109.98,45.3
2026-08-18T00:12:41,110.12,45.43
2026-08-18T00:12:42,110.33,45.64
2026-08-18T00:12:43,110.1,45.42
2026-08-18T00:12:44,110.03,45.34
2026-08-18T00:12:45,110.22,45.53
2026-08-18T00:12:46,109.84,45.15
2026-08-18T00:12:47,110.37,45.68
2026-08-18T00:12:48,110.84,46.15
2026-08-18T00:12:49,110.82,46.12
2026-08-18T00:12:50,110.18,45.49
2026-08-18T00:12:51,110.77,46.07
2026-08-18T00:12:52,110.37,45.67
2026-08-18T00:12:53,110.0,45.31
2026-08-18T00:12:54,109.78,45.09
2026-08-18T00:12:55,109.79,45.1
2026-08-18T00:12:56,110.46,45.76
2026-08-18T00:12:57,109.7,45.02
2026-08-18T00:12:58,110.0,45.32
2026-08-18T00:12:59,109.81,45.13
2026-08-18T00:13:00,110.2,45.51
2026-08-18T00:13:01,110.47,45.77
2026-08-18T00:13:02,111.01,46.31
2026-08-18T00:13:03,110.59,45.9
2026-08-18T00:13:04,110.7,46.0
2026-08-18T00:13:05,110.22,45.53
2026-08-18T00:13:06,110.48,45.78
2026-08-18T00:13:07,110.58,45.89
2026-08-18T00:13:08,110.46,45.77
2026-08-18T00:13:09,110.79,46.09
2026-08-18T00:13:10,110.2,45.51
2026-08-18T00:13:11,110.85,46.15
2026-08-18T00:13:12,110.16,45.47
2026-08-18T00:13:13,110.09,45.4
2026-08-18T00:13:14,110.46,45.76
2026-08-18T00:13:15,110.93,46.23
2026-08-18T00:13:16,110.29,45.6
2026-08-18T00:13:17,110.41,45.72
2026-08-18T00:13:18,109.83,45.15
2026-08-18T00:13:19,110.13,45.44
2026-08-18T00:13:20,110.24,45.55
2026-08-18T00:13:21,110.16,45.47
2026-08-18T00:13:22,110.34,45.65
2026-08-18T00:13:23,109.79,45.11
2026-08-18T00:13:24,109.9,45.22
2026-08-18T00:13:25,110.38,45.68
2026-08-18T00:13:26,110.55,45.86
2026-08-18T00:13:27,109.95,45.27
2026-08-18T00:13:28,109.92,45.24
2026-08-18T00:13:29,109.56,44.87
2026-08-18T00:13:30,109.71,45.03
2026-08-18T00:13:31,109.86,45.18
2026-08-18T00:13:32,109.45,44.77
2026-08-18T00:13:33,110.26,45.57
2026-08-18T00:13:34,109.66,44.98
2026-08-18T00:13:35,109.73,45.05
2026-08-18T00:13:36,110.13,45.45
2026-08-18T00:13:37,110.13,45.44
2026-08-18T00:13:38,110.03,45.34
2026-08-18T00:13:39,110.36,45.67
2026-08-18T00:13:40,110.15,45.46
2026-08-18T00:13:41,110.12,45.43
2026-08-18T00:13:42,110.15,45.46
2026-08-18T00:13:43,109.88,45.19
2026-08-18T00:13:44,110.03,45.34
2026-08-18T00:13:45,110.15,45.46
2026-08-18T00:13:46,110.2,45.51
2026-08-18T00:13:47,109.99,45.3
2026-08-18T00:13:48,109.97,45.28
2026-08-18T00:13:49,110.25,45.56
2026-08-18T00:13:50,109.81,45.13
2026-08-18T00:13:51,110.58,45.89
2026-08-18T00:13:52,110.11,45.43
2026-08-18T00:13:53,110.19,45.5
2026-08-18T00:13:54,110.2,45.51
2026-08-18T00:13:55,110.15,45.46
2026-08-18T00:13:56,110.41,45.71
2026-08-18T00:13:57,110.49,45.79
2026-08-18T00:13:58,109.93,45.25
2026-08-18T00:13:59,110.39,45.7
2026-08-18T00:14:00,110.77,46.07
2026-08-18T00:14:01,110.98,46.28
2026-08-18T00:14:02,110.66,45.97
2026-08-18T00:14:03,110.6,45.9
2026-08-18T00:14:04,110.85,46.15
2026-08-18T00:14:05,111.01,46.31
2026-08-18T00:14:06,110.8,46.1
2026-08-18T00:14:07,111.25,46.54
2026-08-18T00:14:08,111.19,46.49
2026-08-18T00:14:09,110.59,45.9
2026-08-18T00:14:10,110.68,45.98
2026-08-18T00:14:11,110.53,45.83
2026-08-18T00:14:12,110.21,45.52
2026-08-18T00:14:13,110.22,45.53
2026-08-18T00:14:14,110.08,45.39
2026-08-18T00:14:15,109.86,45.17
2026-08-18T00:14:16,110.25,45.56
2026-08-18T00:14:17,110.39,45.7
2026-08-18T00:14:18,110.17,45.48
2026-08-18T00:14:19,110.04,45.36
2026-08-18T00:14:20,110.25,45.56
2026-08-18T00:14:21,110.22,45.53
2026-08-18T00:14:22,110.18,45.49
2026-08-18T00:14:23,110.33,45.64
2026-08-18T00:14:24,110.27,45.57
2026-08-18T00:14:25,110.92,46.22
2026-08-18T00:14:26,110.25,45.56
2026-08-18T00:14:27,110.57,45.88
2026-08-18T00:14:28,110.69,45.99
2026-08-18T00:14:29,110.08,45.39
2026-08-18T00:14:30,111.23,46.53
2026-08-18T00:14:31,111.46,46.76
2026-08-18T00:14:32,111.12,46.41
2026-08-18T00:14:33,110.62,45.93
2026-08-18T00:14:34,110.58,45.89
2026-08-18T00:14:35,110.46,45.77
2026-08-18T00:14:36,110.48,45.79
2026-08-18T00:14:37,110.28,45.59
2026-08-18T00:14:38,110.41,45.72
2026-08-18T00:14:39,110.51,45.82
2026-08-18T00:14:40,110.5,45.8
2026-08-18T00:14:41,110.35,45.66
2026-08-18T00:14:42,110.34,45.64
2026-08-18T00:14:43,110.34,45.65
2026-08-18T00:14:44,110.42,45.73
2026-08-18T00:14:45,110.86,46.16
2026-08-18T00:14:46,111.18,46.48
2026-08-18T00:14:47,111.35,46.65
2026-08-18T00:14:48,110.9,46.2
2026-08-18T00:14:49,111.17,46.46
2026-08-18T00:14:50,111.2,46.49
2026-08-18T00:14:51,111.28,46.57
2026-08-18T00:14:52,111.29,46.58
2026-08-18T00:14:53,110.85,46.15
2026-08-18T00:14:54,110.98,46.28
2026-08-18T00:14:55,110.97,46.27
2026-08-18T00:14:56,110.61,45.92
2026-08-18T00:14:57,110.81,46.11
2026-08-18T00:14:58,111.15,46.45
2026-08-18T00:14:59,110.94,46.24
2026-08-18T00:15:00,110.95,46.25
2026-08-18T00:15:01,110.74,46.04
2026-08-18T00:15:02,110.61,45.92
2026-08-18T00:15:03,111.16,46.46
2026-08-18T00:15:04,110.75,46.05
2026-08-18T00:15:05,111.01,46.31
2026-08-18T00:15:06,110.64,45.95
2026-08-18T00:15:07,110.46,45.77
2026-08-18T00:15:08,111.08,46.37
2026-08-18T00:15:09,111.43,46.72
2026-08-18T00:15:10,111.45,46.74
2026-08-18T00:15:11,110.93,46.23
2026-08-18T00:15:12,111.29,46.59
2026-08-18T00:15:13,110.69,45.99
2026-08-18T00:15:14,110.8,46.1
2026-08-18T00:15:15,111.67,46.96
2026-08-18T00:15:16,111.47,46.77
2026-08-18T00:15:17,111.71,47.0
2026-08-18T00:15:18,111.39,46.68
2026-08-18T00:15:19,113.47,48.74
2026-08-18T00:15:20,116.23,51.46
2026-08-18T00:15:21,117.47,52.68
2026-08-18T00:15:22,119.8,54.97
2026-08-18T00:15:23,123.64,58.76
2026-08-18T00:15:24,127.98,63.03
2026-08-18T00:15:25,129.06,64.1
2026-08-18T00:15:26,128.82,63.87
2026-08-18T00:15:27,126.42,61.5
2026-08-18T00:15:28,121.85,57.0
2026-08-18T00:15:29,119.49,54.67
2026-08-18T00:15:30,118.07,53.27
2026-08-18T00:15:31,116.3,51.53
2026-08-18T00:15:32,116.64,51.86
2026-08-18T00:15:33,114.82,50.06
2026-08-18T00:15:34,114.53,49.78
2026-08-18T00:15:35,113.92,49.18
2026-08-18T00:15:36,112.92,48.19
2026-08-18T00:15:37,112.9,48.17
2026-08-18T00:15:38,112.72,47.99
2026-08-18T00:15:39,112.36,47.64
2026-08-18T00:15:40,112.26,47.54
2026-08-18T00:15:41,112.46,47.74
2026-08-18T00:15:42,113.54,48.8
2026-08-18T00:15:43,113.06,48.33
2026-08-18T00:15:44,112.64,47.92
2026-08-18T00:15:45,112.17,47.46
2026-08-18T00:15:46,111.56,46.85
2026-08-18T00:15:47,111.35,46.65
2026-08-18T00:15:48,111.67,46.96
2026-08-18T00:15:49,111.67,46.96
2026-08-18T00:15:50,111.54,46.83
2026-08-18T00:15:51,111.77,47.06
2026-08-18T00:15:52,111.76,47.04
2026-08-18T00:15:53,111.93,47.21
2026-08-18T00:15:54,111.65,46.94
2026-08-18T00:15:55,111.41,46.71
2026-08-18T00:15:56,111.58,46.87
2026-08-18T00:15:57,111.31,46.6
2026-08-18T00:15:58,111.3,46.6
2026-08-18T00:15:59,111.27,46.56
2026-08-18T00:16:00,111.45,46.74
2026-08-18T00:16:01,111.47,46.76
2026-08-18T00:16:02,111.65,46.94
2026-08-18T00:16:03,110.98,46.28
2026-08-18T00:16:04,111.31,46.61
2026-08-18T00:16:05,111.49,46.78
2026-08-18T00:16:06,111.95,47.23
2026-08-18T00:16:07,111.51,46.81
2026-08-18T00:16:08,111.41,46.71
2026-08-18T00:16:09,111.59,46.88
2026-08-18T00:16:10,111.79,47.08
2026-08-18T00:16:11,111.68,46.97
2026-08-18T00:16:12,111.64,46.93
2026-08-18T00:16:13,111.89,47.18
2026-08-18T00:16:14,111.09,46.39
2026-08-18T00:16:15,111.33,46.62
2026-08-18T00:16:16,111.61,46.9
2026-08-18T00:16:17,111.52,46.81
2026-08-18T00:16:18,111.92,47.2
2026-08-18T00:16:19,111.52,46.82
2026-08-18T00:16:20,111.91,47.19
2026-08-18T00:16:21,111.91,47.2
2026-08-18T00:16:22,111.71,47.0
2026-08-18T00:16:23,111.87,47.16
2026-08-18T00:16:24,112.17,47.46
2026-08-18T00:16:25,112.19,47.47
2026-08-18T00:16:26,111.76,47.05
2026-08-18T00:16:27,111.71,47.0
2026-08-18T00:16:28,112.42,47.7
2026-08-18T00:16:29,112.57,47.85
2026-08-18T00:16:30,113.27,48.54
2026-08-18T00:16:31,114.11,49.36
2026-08-18T00:16:32,114.81,50.06
2026-08-18T00:16:33,116.08,51.31
2026-08-18T00:16:34,119.31,54.49
2026-08-18T00:16:35,122.44,57.58
2026-08-18T00:16:36,123.88,59.0
2026-08-18T00:16:37,123.97,59.09
2026-08-18T00:16:38,124.77,59.87
2026-08-18T00:16:39,124.39,59.5
2026-08-18T00:16:40,121.85,56.99
2026-08-18T00:16:41,118.51,53.71
2026-08-18T00:16:42,117.76,52.97
2026-08-18T00:16:43,116.64,51.86
2026-08-18T00:16:44,116.15,51.38
2026-08-18T00:16:45,114.95,50.2
2026-08-18T00:16:46,115.25,50.48
2026-08-18T00:16:47,114.7,49.95
2026-08-18T00:16:48,114.14,49.4
2026-08-18T00:16:49,113.58,48.84
2026-08-18T00:16:50,113.11,48.38
2026-08-18T00:16:51,113.18,48.45
2026-08-18T00:16:52,112.57,47.84
2026-08-18T00:16:53,112.1,47.38
2026-08-18T00:16:54,112.41,47.69
2026-08-18T00:16:55,112.58,47.85
2026-08-18T00:16:56,112.45,47.72
2026-08-18T00:16:57,112.35,47.63
2026-08-18T00:16:58,112.46,47.74
2026-08-18T00:16:59,112.05,47.33
2026-08-18T00:17:00,112.5,47.78
2026-08-18T00:17:01,112.06,47.35
2026-08-18T00:17:02,112.3,47.58
2026-08-18T00:17:03,112.19,47.48
2026-08-18T00:17:04,111.7,46.98
2026-08-18T00:17:05,112.17,47.45
2026-08-18T00:17:06,112.84,48.12
2026-08-18T00:17:07,112.51,47.79
2026-08-18T00:17:08,112.45,47.73
2026-08-18T00:17:09,112.6,47.88
2026-08-18T00:17:10,112.26,47.54
2026-08-18T00:17:11,112.63,47.91
2026-08-18T00:17:12,112.69,47.96
2026-08-18T00:17:13,112.07,47.35
2026-08-18T00:17:14,111.87,47.15
2026-08-18T00:17:15,111.98,47.26
2026-08-18T00:17:16,112.12,47.4
2026-08-18T00:17:17,111.79,47.07
2026-08-18T00:17:18,112.47,47.75
2026-08-18T00:17:19,112.93,48.2
2026-08-18T00:17:20,113.55,48.81
2026-08-18T00:17:21,113.38,48.65
2026-08-18T00:17:22,113.59,48.85
2026-08-18T00:17:23,114.01,49.27
2026-08-18T00:17:24,113.97,49.22
2026-08-18T00:17:25,114.41,49.66
2026-08-18T00:17:26,113.28,48.55
2026-08-18T00:17:27,112.79,48.06
2026-08-18T00:17:28,113.04,48.31
2026-08-18T00:17:29,112.29,47.57
2026-08-18T00:17:30,112.11,47.39
2026-08-18T00:17:31,111.75,47.04
2026-08-18T00:17:32,111.59,46.88
2026-08-18T00:17:33,111.56,46.85
2026-08-18T00:17:34,112.15,47.43
2026-08-18T00:17:35,111.94,47.23
2026-08-18T00:17:36,112.46,47.73
2026-08-18T00:17:37,112.46,47.73
2026-08-18T00:17:38,112.58,47.85
2026-08-18T00:17:39,112.55,47.83
2026-08-18T00:17:40,112.67,47.94
2026-08-18T00:17:41,112.82,48.09
2026-08-18T00:17:42,112.82,48.1
2026-08-18T00:17:43,112.61,47.89
2026-08-18T00:17:44,111.93,47.22
2026-08-18T00:17:45,112.29,47.57
2026-08-18T00:17:46,111.92,47.21
2026-08-18T00:17:47,113.26,48.53
2026-08-18T00:17:48,112.63,47.9
2026-08-18T00:17:49,112.56,47.84
2026-08-18T00:17:50,111.72,47.01
2026-08-18T00:17:51,111.79,47.08
2026-08-18T00:17:52,111.91,47.19
2026-08-18T00:17:53,111.22,46.51
2026-08-18T00:17:54,111.69,46.98
2026-08-18T00:17:55,111.92,47.2
2026-08-18T00:17:56,111.48,46.77
2026-08-18T00:17:57,111.25,46.54
2026-08-18T00:17:58,110.92,46.22
2026-08-18T00:17:59,110.96,46.26
2026-08-18T00:18:00,111.69,46.98
2026-08-18T00:18:01,111.58,46.87
2026-08-18T00:18:02,111.66,46.95
2026-08-18T00:18:03,111.15,46.45
2026-08-18T00:18:04,112.33,47.61
2026-08-18T00:18:05,111.58,46.87
2026-08-18T00:18:06,111.74,47.03
2026-08-18T00:18:07,111.19,46.49
2026-08-18T00:18:08,111.37,46.67
2026-08-18T00:18:09,110.79,46.09
2026-08-18T00:18:10,111.31,46.6
2026-08-18T00:18:11,111.38,46.68
2026-08-18T00:18:12,110.8,46.1
2026-08-18T00:18:13,111.01,46.3
2026-08-18T00:18:14,110.87,46.17
2026-08-18T00:18:15,110.93,46.23
2026-08-18T00:18:16,111.15,46.45
2026-08-18T00:18:17,111.42,46.71
2026-08-18T00:18:18,111.27,46.56
2026-08-18T00:18:19,111.61,46.9
2026-08-18T00:18:20,111.84,47.13
2026-08-18T00:18:21,111.0,46.3
2026-08-18T00:18:22,111.06,46.36
2026-08-18T00:18:23,111.21,46.51
2026-08-18T00:18:24,110.38,45.68
2026-08-18T00:18:25,110.5,45.8
2026-08-18T00:18:26,110.88,46.18
2026-08-18T00:18:27,110.82,46.13
2026-08-18T00:18:28,111.16,46.46
2026-08-18T00:18:29,110.88,46.18
2026-08-18T00:18:30,111.0,46.3
2026-08-18T00:18:31,110.91,46.21
2026-08-18T00:18:32,111.27,46.57
2026-08-18T00:18:33,111.38,46.67
2026-08-18T00:18:34,110.74,46.04
2026-08-18T00:18:35,111.13,46.43
2026-08-18T00:18:36,111.15,46.45
2026-08-18T00:18:37,111.62,46.91
2026-08-18T00:18:38,111.21,46.51
2026-08-18T00:18:39,111.43,46.72
2026-08-18T00:18:40,111.71,47.0
2026-08-18T00:18:41,111.67,46.96
2026-08-18T00:18:42,111.17,46.47
2026-08-18T00:18:43,110.91,46.21
2026-08-18T00:18:44,111.47,46.77
2026-08-18T00:18:45,111.22,46.51
2026-08-18T00:18:46,111.53,46.82
2026-08-18T00:18:47,111.17,46.47
2026-08-18T00:18:48,111.56,46.85
2026-08-18T00:18:49,111.44,46.73
2026-08-18T00:18:50,111.63,46.92
2026-08-18T00:18:51,110.99,46.29
2026-08-18T00:18:52,111.44,46.73
2026-08-18T00:18:53,111.61,46.9
2026-08-18T00:18:54,111.33,46.62
2026-08-18T00:18:55,111.56,46.86
2026-08-18T00:18:56,110.62,45.92
2026-08-18T00:18:57,110.83,46.13
2026-08-18T00:18:58,110.87,46.17
2026-08-18T00:18:59,110.26,45.57
2026-08-18T00:19:00,111.01,46.31
2026-08-18T00:19:01,110.77,46.07
2026-08-18T00:19:02,110.89,46.19
2026-08-18T00:19:03,110.7,46.0
2026-08-18T00:19:04,111.64,46.93
2026-08-18T00:19:05,111.45,46.74
2026-08-18T00:19:06,110.74,46.05
2026-08-18T00:19:07,110.71,46.01
2026-08-18T00:19:08,110.58,45.88
2026-08-18T00:19:09,111.05,46.35
2026-08-18T00:19:10,111.75,47.04
2026-08-18T00:19:11,110.68,45.99
2026-08-18T00:19:12,113.94,49.2
2026-08-18T00:19:13,110.57,45.87
2026-08-18T00:19:14,110.55,45.86
2026-08-18T00:19:15,111.07,46.37
2026-08-18T00:19:16,111.23,46.52
2026-08-18T00:19:17,110.98,46.28
2026-08-18T00:19:18,110.62,45.92
2026-08-18T00:19:19,110.88,46.18
2026-08-18T00:19:20,111.37,46.67
2026-08-18T00:19:21,110.66,45.97
2026-08-18T00:19:22,110.8,46.1
2026-08-18T00:19:23,110.94,46.24
2026-08-18T00:19:24,110.91,46.21
2026-08-18T00:19:25,111.04,46.34
2026-08-18T00:19:26,111.15,46.45
2026-08-18T00:19:27,110.86,46.16
2026-08-18T00:19:28,111.15,46.45
2026-08-18T00:19:29,111.8,47.09
2026-08-18T00:19:30,111.37,46.67
2026-08-18T00:19:31,111.36,46.66
2026-08-18T00:19:32,111.24,46.54
2026-08-18T00:19:33,111.28,46.58
2026-08-18T00:19:34,110.8,46.11
2026-08-18T00:19:35,110.37,45.68
2026-08-18T00:19:36,110.77,46.07
2026-08-18T00:19:37,110.69,46.0
2026-08-18T00:19:38,110.69,46.0
2026-08-18T00:19:39,110.53,45.84
2026-08-18T00:19:40,111.15,46.45
2026-08-18T00:19:41,110.71,46.01
2026-08-18T00:19:42,110.96,46.26
2026-08-18T00:19:43,110.46,45.76
2026-08-18T00:19:44,110.4,45.71
2026-08-18T00:19:45,110.14,45.46
2026-08-18T00:19:46,110.25,45.56
2026-08-18T00:19:47,110.4,45.7
2026-08-18T00:19:48,110.09,45.4
2026-08-18T00:19:49,110.08,45.4
2026-08-18T00:19:50,110.07,45.38
2026-08-18T00:19:51,110.08,45.39
2026-08-18T00:19:52,110.08,45.39
2026-08-18T00:19:53,110.41,45.72
2026-08-18T00:19:54,110.36,45.67
2026-08-18T00:19:55,110.23,45.54
2026-08-18T00:19:56,110.37,45.68
2026-08-18T00:19:57,110.73,46.03
2026-08-18T00:19:58,110.24,45.55
2026-08-18T00:19:59,109.91,45.22
2026-08-18T00:20:00,110.71,46.02
2026-08-18T00:20:01,110.32,45.63
2026-08-18T00:20:02,110.09,45.4
2026-08-18T00:20:03,109.95,45.26
2026-08-18T00:20:04,110.56,45.86
2026-08-18T00:20:05,110.33,45.64
2026-08-18T00:20:06,110.5,45.81
2026-08-18T00:20:07,110.25,45.56
2026-08-18T00:20:08,110.82,46.12
2026-08-18T00:20:09,110.42,45.73
2026-08-18T00:20:10,110.22,45.53
2026-08-18T00:20:11,110.29,45.6
2026-08-18T00:20:12,110.13,45.44
2026-08-18T00:20:13,110.33,45.64
2026-08-18T00:20:14,110.86,46.16
2026-08-18T00:20:15,110.18,45.49
2026-08-18T00:20:16,110.58,45.88
2026-08-18T00:20:17,110.28,45.59
2026-08-18T00:20:18,111.24,46.53
2026-08-18T00:20:19,111.25,46.55
2026-08-18T00:20:20,110.6,45.91
2026-08-18T00:20:21,110.29,45.6
2026-08-18T00:20:22,110.35,45.66
2026-08-18T00:20:23,110.3,45.61
2026-08-18T00:20:24,110.63,45.94
2026-08-18T00:20:25,111.06,46.36
2026-08-18T00:20:26,112.36,47.64
2026-08-18T00:20:27,111.65,46.94
2026-08-18T00:20:28,111.19,46.49
2026-08-18T00:20:29,111.0,46.3
2026-08-18T00:20:30,110.88,46.18
2026-08-18T00:20:31,110.37,45.68
2026-08-18T00:20:32,110.52,45.82
2026-08-18T00:20:33,110.28,45.59
2026-08-18T00:20:34,110.61,45.91
2026-08-18T00:20:35,111.34,46.64
2026-08-18T00:20:36,111.44,46.73
2026-08-18T00:20:37,111.33,46.62
2026-08-18T00:20:38,111.66,46.95
2026-08-18T00:20:39,110.99,46.29
2026-08-18T00:20:40,111.04,46.34
2026-08-18T00:20:41,112.12,47.4
2026-08-18T00:20:42,111.97,47.26
2026-08-18T00:20:43,111.15,46.45
2026-08-18T00:20:44,112.95,48.22
2026-08-18T00:20:45,110.74,46.05
2026-08-18T00:20:46,110.38,45.69
2026-08-18T00:20:47,110.7,46.01
2026-08-18T00:20:48,111.54,46.83
2026-08-18T00:20:49,111.33,46.62
2026-08-18T00:20:50,111.61,46.9
2026-08-18T00:20:51,111.05,46.34
2026-08-18T00:20:52,111.4,46.69
2026-08-18T00:20:53,112.31,47.59
2026-08-18T00:20:54,111.91,47.2
2026-08-18T00:20:55,111.16,46.45
2026-08-18T00:20:56,112.07,47.36
2026-08-18T00:20:57,113.74,49.0
2026-08-18T00:20:58,111.96,47.24
2026-08-18T00:20:59,111.29,46.58
2026-08-18T00:21:00,110.76,46.06
2026-08-18T00:21:01,111.26,46.55
2026-08-18T00:21:02,111.42,46.71
2026-08-18T00:21:03,111.32,46.62
2026-08-18T00:21:04,111.57,46.86
2026-08-18T00:21:05,111.78,47.07
2026-08-18T00:21:06,111.21,46.51
2026-08-18T00:21:07,111.99,47.27
2026-08-18T00:21:08,111.38,46.67
2026-08-18T00:21:09,110.72,46.02
2026-08-18T00:21:10,110.58,45.88
2026-08-18T00:21:11,110.63,45.93
2026-08-18T00:21:12,111.35,46.65
2026-08-18T00:21:13,111.73,47.02
2026-08-18T00:21:14,111.34,46.63
2026-08-18T00:21:15,112.12,47.41
2026-08-18T00:21:16,112.15,47.43
2026-08-18T00:21:17,112.29,47.57
2026-08-18T00:21:18,113.7,48.96
2026-08-18T00:21:19,112.75,48.03
2026-08-18T00:21:20,111.87,47.16
2026-08-18T00:21:21,111.91,47.19
2026-08-18T00:21:22,111.77,47.06
2026-08-18T00:21:23,111.65,46.94
2026-08-18T00:21:24,111.18,46.47
2026-08-18T00:21:25,110.99,46.29
2026-08-18T00:21:26,110.98,46.28
2026-08-18T00:21:27,110.64,45.95
2026-08-18T00:21:28,110.6,45.9
2026-08-18T00:21:29,110.52,45.82
2026-08-18T00:21:30,110.71,46.01
2026-08-18T00:21:31,111.01,46.31
2026-08-18T00:21:32,111.93,47.22
2026-08-18T00:21:33,111.15,46.44
2026-08-18T00:21:34,111.33,46.62
2026-08-18T00:21:35,111.32,46.61
2026-08-18T00:21:36,110.36,45.66
2026-08-18T00:21:37,111.22,46.52
2026-08-18T00:21:38,111.25,46.55
2026-08-18T00:21:39,111.52,46.82
2026-08-18T00:21:40,110.92,46.22
2026-08-18T00:21:41,110.26,45.57
2026-08-18T00:21:42,110.27,45.57
2026-08-18T00:21:43,110.61,45.91
2026-08-18T00:21:44,110.46,45.76
2026-08-18T00:21:45,110.27,45.58
2026-08-18T00:21:46,110.69,45.99
2026-08-18T00:21:47,110.31,45.62
2026-08-18T00:21:48,110.12,45.43
2026-08-18T00:21:49,110.27,45.58
2026-08-18T00:21:50,110.19,45.5
2026-08-18T00:21:51,109.83,45.15
2026-08-18T00:21:52,110.12,45.43
2026-08-18T00:21:53,110.07,45.38
2026-08-18T00:21:54,110.69,45.99
2026-08-18T00:21:55,110.79,46.09
2026-08-18T00:21:56,110.44,45.75
2026-08-18T00:21:57,110.84,46.14
2026-08-18T00:21:58,110.74,46.04
2026-08-18T00:21:59,111.16,46.46
2026-08-18T00:22:00,112.05,47.33
2026-08-18T00:22:01,112.66,47.93
2026-08-18T00:22:02,113.76,49.02
2026-08-18T00:22:03,114.78,50.02
2026-08-18T00:22:04,116.79,52.01
2026-08-18T00:22:05,118.95,54.14
2026-08-18T00:22:06,121.26,56.41
2026-08-18T00:22:07,125.33,60.42
2026-08-18T00:22:08,127.93,62.98
2026-08-18T00:22:09,129.74,64.77
2026-08-18T00:22:10,124.26,59.37
2026-08-18T00:22:11,120.0,55.17
2026-08-18T00:22:12,116.82,52.04
2026-08-18T00:22:13,114.46,49.71
2026-08-18T00:22:14,112.97,48.24
2026-08-18T00:22:15,113.08,48.35
2026-08-18T00:22:16,113.09,48.36
2026-08-18T00:22:17,111.87,47.16
2026-08-18T00:22:18,111.14,46.44
2026-08-18T00:22:19,110.7,46.01
2026-08-18T00:22:20,110.72,46.03
2026-08-18T00:22:21,110.56,45.86
2026-08-18T00:22:22,110.87,46.17
2026-08-18T00:22:23,110.28,45.59
2026-08-18T00:22:24,110.11,45.42
2026-08-18T00:22:25,110.12,45.43
2026-08-18T00:22:26,110.18,45.49
2026-08-18T00:22:27,110.1,45.41
2026-08-18T00:22:28,109.93,45.24
2026-08-18T00:22:29,109.97,45.28
2026-08-18T00:22:30,109.7,45.01
2026-08-18T00:22:31,110.24,45.55
2026-08-18T00:22:32,110.15,45.46
2026-08-18T00:22:33,109.83,45.15
2026-08-18T00:22:34,109.94,45.25
2026-08-18T00:22:35,109.86,45.18
2026-08-18T00:22:36,109.85,45.17
2026-08-18T00:22:37,109.58,44.9
2026-08-18T00:22:38,109.92,45.23
2026-08-18T00:22:39,109.94,45.26
2026-08-18T00:22:40,110.17,45.48
2026-08-18T00:22:41,110.06,45.37
2026-08-18T00:22:42,109.87,45.18
2026-08-18T00:22:43,110.16,45.47
2026-08-18T00:22:44,110.1,45.41
2026-08-18T00:22:45,110.23,45.54
2026-08-18T00:22:46,109.89,45.2
2026-08-18T00:22:47,109.89,45.2
2026-08-18T00:22:48,110.15,45.46
2026-08-18T00:22:49,110.06,45.37
2026-08-18T00:22:50,110.48,45.79
2026-08-18T00:22:51,110.45,45.76
2026-08-18T00:22:52,110.45,45.75
2026-08-18T00:22:53,110.25,45.56
2026-08-18T00:22:54,110.7,46.01
2026-08-18T00:22:55,110.01,45.32
2026-08-18T00:22:56,110.37,45.67
2026-08-18T00:22:57,110.2,45.51
2026-08-18T00:22:58,110.05,45.37
2026-08-18T00:22:59,110.46,45.76
2026-08-18T00:23:00,110.4,45.71
2026-08-18T00:23:01,110.1,45.41
2026-08-18T00:23:02,110.08,45.4
2026-08-18T00:23:03,110.29,45.6
2026-08-18T00:23:04,110.42,45.72
2026-08-18T00:23:05,109.95,45.27
2026-08-18T00:23:06,109.86,45.18
2026-08-18T00:23:07,109.75,45.07
2026-08-18T00:23:08,110.3,45.61
2026-08-18T00:23:09,109.89,45.21
2026-08-18T00:23:10,110.21,45.52
2026-08-18T00:23:11,110.27,45.58
2026-08-18T00:23:12,110.15,45.46
2026-08-18T00:23:13,109.96,45.27
2026-08-18T00:23:14,110.89,46.19
2026-08-18T00:23:15,110.46,45.77
2026-08-18T00:23:16,110.68,45.98
2026-08-18T00:23:17,110.17,45.48
2026-08-18T00:23:18,110.11,45.42
2026-08-18T00:23:19,109.95,45.27
2026-08-18T00:23:20,109.8,45.11
2026-08-18T00:23:21,110.42,45.72
2026-08-18T00:23:22,109.99,45.3
2026-08-18T00:23:23,110.05,45.37
2026-08-18T00:23:24,110.42,45.73
2026-08-18T00:23:25,109.86,45.17
2026-08-18T00:23:26,109.73,45.05
2026-08-18T00:23:27,110.37,45.68
2026-08-18T00:23:28,110.26,45.57
2026-08-18T00:23:29,109.88,45.2
2026-08-18T00:23:30,110.25,45.56
2026-08-18T00:23:31,110.58,45.88
2026-08-18T00:23:32,110.29,45.6
2026-08-18T00:23:33,109.8,45.11
2026-08-18T00:23:34,109.91,45.23
2026-08-18T00:23:35,110.01,45.32
2026-08-18T00:23:36,109.73,45.05
2026-08-18T00:23:37,109.6,44.92
2026-08-18T00:23:38,110.1,45.41
2026-08-18T00:23:39,109.74,45.06
2026-08-18T00:23:40,109.94,45.25
2026-08-18T00:23:41,110.35,45.66
2026-08-18T00:23:42,110.11,45.42
2026-08-18T00:23:43,110.09,45.4
2026-08-18T00:23:44,110.06,45.37
2026-08-18T00:23:45,110.35,45.66
2026-08-18T00:23:46,109.91,45.22
2026-08-18T00:23:47,110.36,45.67
2026-08-18T00:23:48,110.28,45.59
2026-08-18T00:23:49,110.18,45.49
2026-08-18T00:23:50,109.87,45.19
2026-08-18T00:23:51,110.36,45.67
2026-08-18T00:23:52,110.05,45.36
2026-08-18T00:23:53,109.95,45.27
2026-08-18T00:23:54,109.58,44.9
2026-08-18T00:23:55,110.04,45.36
2026-08-18T00:23:56,110.54,45.85
2026-08-18T00:23:57,110.27,45.58
2026-08-18T00:23:58,110.27,45.58
2026-08-18T00:23:59,110.48,45.79
2026-08-18T00:24:00,110.79,46.09
2026-08-18T00:24:01,110.25,45.56
2026-08-18T00:24:02,110.21,45.52
2026-08-18T00:24:03,109.88,45.19
2026-08-18T00:24:04,110.2,45.51
2026-08-18T00:24:05,109.8,45.12
2026-08-18T00:24:06,110.76,46.06
2026-08-18T00:24:07,111.43,46.72
2026-08-18T00:24:08,111.84,47.12
2026-08-18T00:24:09,110.74,46.04
2026-08-18T00:24:10,110.12,45.43
2026-08-18T00:24:11,110.31,45.62
2026-08-18T00:24:12,109.87,45.18
2026-08-18T00:24:13,109.84,45.16
2026-08-18T00:24:14,109.58,44.9
2026-08-18T00:24:15,109.95,45.26
2026-08-18T00:24:16,109.57,44.89
2026-08-18T00:24:17,109.33,44.66
2026-08-18T00:24:18,109.31,44.63
2026-08-18T00:24:19,109.64,44.95
2026-08-18T00:24:20,109.53,44.85
2026-08-18T00:24:21,109.76,45.08
2026-08-18T00:24:22,109.43,44.75
2026-08-18T00:24:23,109.46,44.78
2026-08-18T00:24:24,109.92,45.23
2026-08-18T00:24:25,109.89,45.2
2026-08-18T00:24:26,110.4,45.71
2026-08-18T00:24:27,110.05,45.36
2026-08-18T00:24:28,109.72,45.04
2026-08-18T00:24:29,109.7,45.01
2026-08-18T00:24:30,109.28,44.6
2026-08-18T00:24:31,109.69,45.01
2026-08-18T00:24:32,109.93,45.25
2026-08-18T00:24:33,110.26,45.57
2026-08-18T00:24:34,110.15,45.46
2026-08-18T00:24:35,110.25,45.56
2026-08-18T00:24:36,109.9,45.21
2026-08-18T00:24:37,109.68,45.0
2026-08-18T00:24:38,109.84,45.15
2026-08-18T00:24:39,110.02,45.33
2026-08-18T00:24:40,110.2,45.51
2026-08-18T00:24:41,110.26,45.57
2026-08-18T00:24:42,110.21,45.52
2026-08-18T00:24:43,110.27,45.58
2026-08-18T00:24:44,110.24,45.55
2026-08-18T00:24:45,109.74,45.06
2026-08-18T00:24:46,109.47,44.79
2026-08-18T00:24:47,109.66,44.98
2026-08-18T00:24:48,109.81,45.12
2026-08-18T00:24:49,109.91,45.23
2026-08-18T00:24:50,109.58,44.9
2026-08-18T00:24:51,109.6,44.92
2026-08-18T00:24:52,110.03,45.34
2026-08-18T00:24:53,110.03,45.35
2026-08-18T00:24:54,109.5,44.82
2026-08-18T00:24:55,110.08,45.39
2026-08-18T00:24:56,110.24,45.55
2026-08-18T00:24:57,109.82,45.14
2026-08-18T00:24:58,109.49,44.81
2026-08-18T00:24:59,109.45,44.77
2026-08-18T00:25:00,110.08,45.39
2026-08-18T00:25:01,109.91,45.23
2026-08-18T00:25:02,109.95,45.26
2026-08-18T00:25:03,109.84,45.15
2026-08-18T00:25:04,110.37,45.68
2026-08-18T00:25:05,109.9,45.21
2026-08-18T00:25:06,109.74,45.06
2026-08-18T00:25:07,109.45,44.77
2026-08-18T00:25:08,109.85,45.16
2026-08-18T00:25:09,109.44,44.77
2026-08-18T00:25:10,109.99,45.3
2026-08-18T00:25:11,109.63,44.95
2026-08-18T00:25:12,109.9,45.21
2026-08-18T00:25:13,109.41,44.73
2026-08-18T00:25:14,109.6,44.92
2026-08-18T00:25:15,109.99,45.3
2026-08-18T00:25:16,109.9,45.21
2026-08-18T00:25:17,109.6,44.92
2026-08-18T00:25:18,109.77,45.08
2026-08-18T00:25:19,109.82,45.13
2026-08-18T00:25:20,110.2,45.51
2026-08-18T00:25:21,109.99,45.31
2026-08-18T00:25:22,109.73,45.04
2026-08-18T00:25:23,109.67,44.99
2026-08-18T00:25:24,110.13,45.45
2026-08-18T00:25:25,109.97,45.28
2026-08-18T00:25:26,109.43,44.75
2026-08-18T00:25:27,109.66,44.97
2026-08-18T00:25:28,109.38,44.7
2026-08-18T00:25:29,109.96,45.28
2026-08-18T00:25:30,109.84,45.15
2026-08-18T00:25:31,109.79,45.1
2026-08-18T00:25:32,109.55,44.87
2026-08-18T00:25:33,109.48,44.8
2026-08-18T00:25:34,109.23,44.55
2026-08-18T00:25:35,109.74,45.05
2026-08-18T00:25:36,109.52,44.84
2026-08-18T00:25:37,108.96,44.29
2026-08-18T00:25:38,109.41,44.73
2026-08-18T00:25:39,109.71,45.03
2026-08-18T00:25:40,109.73,45.05
2026-08-18T00:25:41,109.41,44.73
2026-08-18T00:25:42,109.82,45.14
2026-08-18T00:25:43,109.68,45.0
2026-08-18T00:25:44,109.77,45.09
2026-08-18T00:25:45,109.82,45.14
2026-08-18T00:25:46,109.82,45.14
2026-08-18T00:25:47,110.21,45.52
2026-08-18T00:25:48,109.72,45.04
2026-08-18T00:25:49,110.09,45.41
2026-08-18T00:25:50,109.78,45.1
2026-08-18T00:25:51,109.82,45.14
2026-08-18T00:25:52,109.48,44.8
2026-08-18T00:25:53,109.65,44.97
2026-08-18T00:25:54,110.06,45.37
2026-08-18T00:25:55,109.75,45.07
2026-08-18T00:25:56,109.79,45.1
2026-08-18T00:25:57,110.01,45.33
2026-08-18T00:25:58,109.84,45.15
2026-08-18T00:25:59,109.77,45.09
2026-08-18T00:26:00,109.52,44.84
2026-08-18T00:26:01,110.35,45.66
2026-08-18T00:26:02,109.92,45.23
2026-08-18T00:26:03,110.47,45.77
2026-08-18T00:26:04,110.9,46.2
2026-08-18T00:26:05,112.61,47.89
2026-08-18T00:26:06,114.35,49.6
2026-08-18T00:26:07,115.61,50.84
2026-08-18T00:26:08,118.85,54.04
2026-08-18T00:26:09,122.63,57.77
2026-08-18T00:26:10,126.01,61.09
2026-08-18T00:26:11,130.06,65.09
2026-08-18T00:26:12,133.35,68.34
2026-08-18T00:26:13,125.03,60.13
2026-08-18T00:26:14,120.54,55.71
2026-08-18T00:26:15,116.81,52.02
2026-08-18T00:26:16,113.73,48.99
2026-08-18T00:26:17,113.26,48.53
2026-08-18T00:26:18,113.37,48.64
2026-08-18T00:26:19,111.53,46.82
2026-08-18T00:26:20,110.69,46.0
2026-08-18T00:26:21,109.98,45.29
2026-08-18T00:26:22,109.77,45.09
2026-08-18T00:26:23,109.83,45.14
2026-08-18T00:26:24,109.53,44.85
2026-08-18T00:26:25,109.36,44.68
2026-08-18T00:26:26,109.2,44.52
2026-08-18T00:26:27,109.32,44.64
2026-08-18T00:26:28,109.18,44.51
2026-08-18T00:26:29,109.53,44.85
2026-08-18T00:26:30,108.88,44.21
2026-08-18T00:26:31,109.4,44.73
2026-08-18T00:26:32,109.42,44.74
2026-08-18T00:26:33,109.25,44.57
2026-08-18T00:26:34,109.58,44.9
2026-08-18T00:26:35,109.44,44.76
2026-08-18T00:26:36,109.7,45.02
2026-08-18T00:26:37,109.29,44.61
2026-08-18T00:26:38,109.25,44.57
2026-08-18T00:26:39,109.54,44.86
2026-08-18T00:26:40,110.03,45.34
2026-08-18T00:26:41,109.39,44.71
2026-08-18T00:26:42,109.47,44.79
2026-08-18T00:26:43,109.45,44.77
2026-08-18T00:26:44,109.68,45.0
2026-08-18T00:26:45,109.23,44.56
2026-08-18T00:26:46,110.03,45.35
2026-08-18T00:26:47,109.86,45.18
2026-08-18T00:26:48,109.29,44.62
2026-08-18T00:26:49,109.93,45.24
2026-08-18T00:26:50,109.93,45.24
2026-08-18T00:26:51,109.68,44.99
2026-08-18T00:26:52,110.17,45.48
2026-08-18T00:26:53,110.41,45.72
2026-08-18T00:26:54,110.61,45.92
2026-08-18T00:26:55,110.93,46.23
2026-08-18T00:26:56,111.89,47.18
2026-08-18T00:26:57,112.88,48.15
2026-08-18T00:26:58,113.63,48.89
2026-08-18T00:26:59,116.18,51.4
2026-08-18T00:27:00,117.83,53.03
2026-08-18T00:27:01,119.4,54.58
2026-08-18T00:27:02,122.39,57.53
2026-08-18T00:27:03,125.35,60.45
2026-08-18T00:27:04,126.34,61.42
2026-08-18T00:27:05,122.92,58.05
2026-08-18T00:27:06,119.28,54.46
2026-08-18T00:27:07,115.41,50.64
2026-08-18T00:27:08,113.33,48.6
2026-08-18T00:27:09,112.16,47.45
2026-08-18T00:27:10,110.95,46.25
2026-08-18T00:27:11,111.66,46.95
2026-08-18T00:27:12,110.68,45.98
2026-08-18T00:27:13,110.02,45.34
2026-08-18T00:27:14,109.94,45.26
2026-08-18T00:27:15,109.92,45.23
2026-08-18T00:27:16,109.57,44.88
2026-08-18T00:27:17,109.57,44.89
2026-08-18T00:27:18,109.88,45.2
2026-08-18T00:27:19,109.58,44.9
2026-08-18T00:27:20,110.18,45.49
2026-08-18T00:27:21,109.9,45.21
2026-08-18T00:27:22,109.35,44.67
2026-08-18T00:27:23,109.08,44.41
2026-08-18T00:27:24,109.84,45.15
2026-08-18T00:27:25,109.62,44.94
2026-08-18T00:27:26,109.49,44.81
2026-08-18T00:27:27,109.22,44.55
2026-08-18T00:27:28,109.36,44.68
2026-08-18T00:27:29,109.34,44.66
2026-08-18T00:27:30,109.6,44.92
2026-08-18T00:27:31,109.2,44.52
2026-08-18T00:27:32,109.95,45.26
2026-08-18T00:27:33,109.28,44.6
2026-08-18T00:27:34,109.8,45.12
2026-08-18T00:27:35,109.59,44.91
2026-08-18T00:27:36,109.72,45.04
2026-08-18T00:27:37,109.14,44.47
2026-08-18T00:27:38,109.61,44.93
2026-08-18T00:27:39,109.81,45.13
2026-08-18T00:27:40,109.74,45.06
2026-08-18T00:27:41,109.61,44.93
2026-08-18T00:27:42,109.65,44.97
2026-08-18T00:27:43,109.44,44.76
2026-08-18T00:27:44,109.57,44.88
2026-08-18T00:27:45,109.68,44.99
2026-08-18T00:27:46,109.53,44.85
2026-08-18T00:27:47,109.37,44.69
2026-08-18T00:27:48,109.81,45.13
2026-08-18T00:27:49,109.33,44.65
2026-08-18T00:27:50,108.98,44.31
2026-08-18T00:27:51,109.33,44.65
2026-08-18T00:27:52,109.25,44.58
2026-08-18T00:27:53,108.67,44.0
2026-08-18T00:27:54,109.12,44.44
2026-08-18T00:27:55,109.56,44.88
2026-08-18T00:27:56,109.68,45.0
2026-08-18T00:27:57,109.27,44.59
2026-08-18T00:27:58,109.52,44.84
2026-08-18T00:27:59,109.57,44.89
2026-08-18T00:28:00,109.79,45.11
2026-08-18T00:28:01,109.76,45.08
2026-08-18T00:28:02,109.55,44.87
2026-08-18T00:28:03,108.97,44.3
2026-08-18T00:28:04,109.6,44.92
2026-08-18T00:28:05,110.01,45.32
2026-08-18T00:28:06,109.27,44.59
2026-08-18T00:28:07,109.94,45.26
2026-08-18T00:28:08,109.95,45.26
2026-08-18T00:28:09,109.36,44.68
2026-08-18T00:28:10,109.74,45.06
2026-08-18T00:28:11,109.01,44.34
2026-08-18T00:28:12,109.41,44.73
2026-08-18T00:28:13,109.17,44.5
2026-08-18T00:28:14,109.23,44.55
2026-08-18T00:28:15,109.23,44.56
2026-08-18T00:28:16,109.34,44.66
2026-08-18T00:28:17,109.32,44.64
2026-08-18T00:28:18,109.48,44.8
2026-08-18T00:28:19,109.25,44.57
2026-08-18T00:28:20,109.14,44.47
2026-08-18T00:28:21,109.33,44.65
2026-08-18T00:28:22,109.43,44.75
2026-08-18T00:28:23,109.14,44.47
2026-08-18T00:28:24,109.29,44.62
2026-08-18T00:28:25,108.76,44.1
2026-08-18T00:28:26,109.27,44.6
2026-08-18T00:28:27,108.99,44.32
2026-08-18T00:28:28,109.44,44.77
2026-08-18T00:28:29,109.47,44.79
2026-08-18T00:28:30,109.6,44.91
2026-08-18T00:28:31,109.07,44.39
2026-08-18T00:28:32,109.02,44.35
2026-08-18T00:28:33,109.32,44.65
2026-08-18T00:28:34,109.34,44.66
2026-08-18T00:28:35,109.74,45.06
2026-08-18T00:28:36,109.57,44.89
2026-08-18T00:28:37,109.64,44.96
2026-08-18T00:28:38,109.7,45.02
2026-08-18T00:28:39,109.59,44.91
2026-08-18T00:28:40,109.19,44.52
2026-08-18T00:28:41,109.28,44.6
2026-08-18T00:28:42,109.04,44.37
2026-08-18T00:28:43,110.35,45.66
2026-08-18T00:28:44,110.05,45.36
2026-08-18T00:28:45,110.91,46.21
2026-08-18T00:28:46,110.3,45.61
2026-08-18T00:28:47,109.85,45.16
2026-08-18T00:28:48,109.62,44.93
2026-08-18T00:28:49,110.1,45.41
2026-08-18T00:28:50,110.12,45.43
2026-08-18T00:28:51,109.67,44.99
2026-08-18T00:28:52,110.39,45.7
2026-08-18T00:28:53,110.25,45.56
2026-08-18T00:28:54,110.02,45.33
2026-08-18T00:28:55,110.1,45.41
2026-08-18T00:28:56,110.01,45.32
2026-08-18T00:28:57,110.33,45.64
2026-08-18T00:28:58,110.05,45.36
2026-08-18T00:28:59,110.41,45.72
2026-08-18T00:29:00,111.42,46.72
2026-08-18T00:29:01,112.68,47.95
2026-08-18T00:29:02,113.61,48.87
2026-08-18T00:29:03,114.14,49.39
2026-08-18T00:29:04,113.77,49.03
2026-08-18T00:29:05,113.66,48.93
2026-08-18T00:29:06,112.72,47.99
2026-08-18T00:29:07,112.43,47.7
2026-08-18T00:29:08,113.19,48.46
2026-08-18T00:29:09,110.45,45.76
2026-08-18T00:29:10,109.4,44.72
2026-08-18T00:29:11,109.62,44.94
2026-08-18T00:29:12,109.59,44.91
2026-08-18T00:29:13,109.59,44.91
2026-08-18T00:29:14,109.84,45.15
2026-08-18T00:29:15,109.5,44.82
2026-08-18T00:29:16,109.66,44.98
2026-08-18T00:29:17,110.01,45.33
2026-08-18T00:29:18,109.63,44.95
2026-08-18T00:29:19,109.53,44.85
2026-08-18T00:29:20,109.26,44.58
2026-08-18T00:29:21,109.73,45.05
2026-08-18T00:29:22,109.83,45.15
2026-08-18T00:29:23,109.77,45.09
2026-08-18T00:29:24,109.69,45.01
2026-08-18T00:29:25,109.62,44.94
2026-08-18T00:29:26,109.61,44.92
2026-08-18T00:29:27,109.25,44.58
2026-08-18T00:29:28,109.95,45.26
2026-08-18T00:29:29,109.48,44.8
2026-08-18T00:29:30,109.29,44.61
2026-08-18T00:29:31,109.53,44.85
2026-08-18T00:29:32,109.27,44.6
2026-08-18T00:29:33,109.68,45.0
2026-08-18T00:29:34,109.31,44.63
2026-08-18T00:29:35,109.14,44.47
2026-08-18T00:29:36,109.46,44.78
2026-08-18T00:29:37,109.15,44.47
2026-08-18T00:29:38,109.06,44.39
2026-08-18T00:29:39,109.09,44.41
2026-08-18T00:29:40,109.34,44.66
2026-08-18T00:29:41,109.17,44.5
2026-08-18T00:29:42,109.36,44.69
2026-08-18T00:29:43,110.04,45.35
2026-08-18T00:29:44,109.6,44.92
2026-08-18T00:29:45,109.66,44.98
2026-08-18T00:29:46,109.22,44.55
2026-08-18T00:29:47,109.54,44.86
2026-08-18T00:29:48,109.12,44.44
2026-08-18T00:29:49,109.49,44.81
2026-08-18T00:29:50,109.41,44.73
2026-08-18T00:29:51,109.06,44.39
2026-08-18T00:29:52,109.13,44.45
2026-08-18T00:29:53,109.59,44.91
2026-08-18T00:29:54,109.55,44.87
2026-08-18T00:29:55,109.27,44.6
2026-08-18T00:29:56,109.09,44.42
2026-08-18T00:29:57,109.24,44.57
2026-08-18T00:29:58,109.75,45.07
2026-08-18T00:29:59,109.07,44.4
2026-08-18T00:30:00,109.49,44.81
2026-08-18T00:30:01,109.97,45.28
2026-08-18T00:30:02,109.24,44.57
2026-08-18T00:30:03,109.62,44.94
2026-08-18T00:30:04,109.46,44.78
2026-08-18T00:30:05,109.69,45.01
2026-08-18T00:30:06,109.3,44.62
2026-08-18T00:30:07,109.49,44.81
2026-08-18T00:30:08,109.42,44.74
2026-08-18T00:30:09,109.57,44.89
2026-08-18T00:30:10,109.27,44.59
2026-08-18T00:30:11,109.4,44.72
2026-08-18T00:30:12,109.37,44.69
2026-08-18T00:30:13,109.51,44.83
2026-08-18T00:30:14,109.03,44.36
2026-08-18T00:30:15,109.7,45.01
2026-08-18T00:30:16,109.39,44.72
2026-08-18T00:30:17,109.21,44.54
2026-08-18T00:30:18,109.58,44.9
2026-08-18T00:30:19,109.33,44.66
2026-08-18T00:30:20,109.02,44.35
2026-08-18T00:30:21,109.17,44.49
2026-08-18T00:30:22,109.14,44.47
2026-08-18T00:30:23,109.16,44.48
2026-08-18T00:30:24,109.49,44.81
2026-08-18T00:30:25,109.24,44.56
2026-08-18T00:30:26,108.78,44.11
2026-08-18T00:30:27,108.94,44.27
2026-08-18T00:30:28,109.12,44.45
2026-08-18T00:30:29,108.95,44.28
2026-08-18T00:30:30,109.1,44.42
2026-08-18T00:30:31,109.3,44.62
2026-08-18T00:30:32,109.26,44.59
2026-08-18T00:30:33,109.32,44.64
2026-08-18T00:30:34,109.22,44.55
2026-08-18T00:30:35,109.03,44.36
2026-08-18T00:30:36,109.46,44.79
2026-08-18T00:30:37,109.27,44.59
2026-08-18T00:30:38,108.85,44.18
2026-08-18T00:30:39,108.89,44.22
2026-08-18T00:30:40,108.94,44.26
2026-08-18T00:30:41,109.53,44.85
2026-08-18T00:30:42,108.91,44.24
2026-08-18T00:30:43,109.41,44.73
2026-08-18T00:30:44,109.31,44.63
2026-08-18T00:30:45,109.66,44.98
2026-08-18T00:30:46,108.83,44.16
2026-08-18T00:30:47,109.31,44.64
2026-08-18T00:30:48,109.05,44.38
2026-08-18T00:30:49,109.39,44.71
2026-08-18T00:30:50,109.26,44.58
2026-08-18T00:30:51,108.98,44.3
2026-08-18T00:30:52,108.99,44.32
2026-08-18T00:30:53,109.24,44.57
2026-08-18T00:30:54,109.73,45.05
2026-08-18T00:30:55,109.0,44.33
2026-08-18T00:30:56,109.36,44.68
2026-08-18T00:30:57,109.07,44.4
2026-08-18T00:30:58,109.36,44.68
2026-08-18T00:30:59,109.31,44.63
2026-08-18T00:31:00,109.06,44.38
2026-08-18T00:31:01,109.62,44.94
2026-08-18T00:31:02,109.35,44.68
2026-08-18T00:31:03,108.8,44.13
2026-08-18T00:31:04,109.86,45.18
2026-08-18T00:31:05,109.11,44.44
2026-08-18T00:31:06,109.28,44.6
2026-08-18T00:31:07,109.61,44.93
2026-08-18T00:31:08,109.7,45.02
2026-08-18T00:31:09,109.36,44.68
2026-08-18T00:31:10,109.59,44.91
2026-08-18T00:31:11,109.17,44.49
2026-08-18T00:31:12,109.22,44.54
2026-08-18T00:31:13,109.82,45.14
2026-08-18T00:31:14,109.3,44.62
2026-08-18T00:31:15,109.02,44.34
2026-08-18T00:31:16,109.37,44.69
2026-08-18T00:31:17,109.54,44.86
2026-08-18T00:31:18,109.18,44.51
2026-08-18T00:31:19,109.35,44.67
2026-08-18T00:31:20,109.72,45.04
2026-08-18T00:31:21,109.71,45.02
2026-08-18T00:31:22,109.38,44.7
2026-08-18T00:31:23,109.65,44.96
2026-08-18T00:31:24,109.69,45.01
2026-08-18T00:31:25,109.4,44.72
2026-08-18T00:31:26,109.4,44.72
2026-08-18T00:31:27,109.39,44.71
2026-08-18T00:31:28,109.25,44.58
2026-08-18T00:31:29,109.53,44.85
2026-08-18T00:31:30,109.7,45.01
2026-08-18T00:31:31,109.38,44.7
2026-08-18T00:31:32,109.59,44.91
2026-08-18T00:31:33,109.66,44.98
2026-08-18T00:31:34,110.64,45.95
2026-08-18T00:31:35,110.28,45.59
2026-08-18T00:31:36,110.43,45.74
2026-08-18T00:31:37,109.74,45.06
2026-08-18T00:31:38,109.79,45.11
2026-08-18T00:31:39,110.66,45.97
2026-08-18T00:31:40,110.55,45.85
2026-08-18T00:31:41,109.93,45.25
2026-08-18T00:31:42,109.94,45.26
2026-08-18T00:31:43,111.53,46.82
2026-08-18T00:31:44,112.49,47.76
2026-08-18T00:31:45,111.56,46.85
2026-08-18T00:31:46,111.68,46.97
2026-08-18T00:31:47,110.95,46.25
2026-08-18T00:31:48,110.77,46.07
2026-08-18T00:31:49,110.49,45.79
2026-08-18T00:31:50,111.5,46.79
2026-08-18T00:31:51,110.7,46.01
2026-08-18T00:31:52,110.87,46.17
2026-08-18T00:31:53,112.96,48.23
2026-08-18T00:31:54,112.99,48.26
2026-08-18T00:31:55,111.98,47.26
2026-08-18T00:31:56,112.17,47.46
2026-08-18T00:31:57,111.89,47.18
2026-08-18T00:31:58,113.93,49.19
2026-08-18T00:31:59,112.1,47.39
2026-08-18T00:32:00,110.61,45.91
2026-08-18T00:32:01,112.06,47.34
2026-08-18T00:32:02,110.56,45.87
2026-08-18T00:32:03,112.15,47.43
2026-08-18T00:32:04,113.1,48.36
2026-08-18T00:32:05,111.61,46.91
2026-08-18T00:32:06,111.73,47.02
2026-08-18T00:32:07,112.74,48.01
2026-08-18T00:32:08,110.62,45.93
2026-08-18T00:32:09,110.85,46.15
2026-08-18T00:32:10,112.08,47.37
2026-08-18T00:32:11,112.63,47.91
2026-08-18T00:32:12,116.81,52.02
2026-08-18T00:32:13,114.52,49.77
2026-08-18T00:32:14,111.47,46.76
2026-08-18T00:32:15,112.55,47.82
2026-08-18T00:32:16,112.76,48.03
2026-08-18T00:32:17,113.67,48.93
2026-08-18T00:32:18,114.7,49.94
2026-08-18T00:32:19,111.88,47.16
2026-08-18T00:32:20,115.73,50.96
2026-08-18T00:32:21,114.04,49.29
2026-08-18T00:32:22,111.78,47.06
2026-08-18T00:32:23,113.0,48.27
2026-08-18T00:32:24,113.52,48.79
2026-08-18T00:32:25,113.18,48.45
2026-08-18T00:32:26,114.39,49.64
2026-08-18T00:32:27,115.46,50.7
2026-08-18T00:32:28,113.87,49.13
2026-08-18T00:32:29,113.6,48.86
2026-08-18T00:32:30,112.04,47.32
2026-08-18T00:32:31,114.36,49.62
2026-08-18T00:32:32,115.08,50.33
2026-08-18T00:32:33,111.76,47.05
2026-08-18T00:32:34,109.91,45.22
2026-08-18T00:32:35,110.77,46.07
2026-08-18T00:32:36,113.27,48.53
2026-08-18T00:32:37,111.48,46.77
2026-08-18T00:32:38,111.2,46.5
2026-08-18T00:32:39,110.55,45.85
2026-08-18T00:32:40,110.86,46.17
2026-08-18T00:32:41,111.17,46.47
2026-08-18T00:32:42,110.58,45.88
2026-08-18T00:32:43,110.44,45.74
2026-08-18T00:32:44,110.38,45.69
2026-08-18T00:32:45,111.04,46.34
2026-08-18T00:32:46,110.47,45.78
2026-08-18T00:32:47,110.44,45.74
2026-08-18T00:32:48,110.66,45.96
2026-08-18T00:32:49,110.41,45.71
2026-08-18T00:32:50,110.76,46.06
2026-08-18T00:32:51,109.64,44.96
2026-08-18T00:32:52,110.48,45.78
2026-08-18T00:32:53,110.08,45.39
2026-08-18T00:32:54,109.62,44.93
2026-08-18T00:32:55,109.75,45.06
2026-08-18T00:32:56,109.87,45.19
2026-08-18T00:32:57,109.71,45.02
2026-08-18T00:32:58,109.64,44.96
2026-08-18T00:32:59,109.73,45.05
2026-08-18T00:33:00,109.93,45.25
2026-08-18T00:33:01,109.75,45.07
2026-08-18T00:33:02,109.63,44.95
2026-08-18T00:33:03,109.54,44.86
2026-08-18T00:33:04,109.97,45.29
2026-08-18T00:33:05,109.84,45.16
2026-08-18T00:33:06,109.29,44.62
2026-08-18T00:33:07,109.89,45.2
2026-08-18T00:33:08,109.75,45.06
2026-08-18T00:33:09,109.84,45.16
2026-08-18T00:33:10,109.7,45.01
2026-08-18T00:33:11,109.55,44.87
2026-08-18T00:33:12,109.75,45.07
2026-08-18T00:33:13,110.0,45.32
2026-08-18T00:33:14,109.14,44.47
2026-08-18T00:33:15,109.99,45.3
2026-08-18T00:33:16,109.66,44.98
2026-08-18T00:33:17,109.55,44.86
2026-08-18T00:33:18,109.8,45.11
2026-08-18T00:33:19,110.38,45.68
2026-08-18T00:33:20,111.04,46.34
2026-08-18T00:33:21,109.8,45.12
2026-08-18T00:33:22,110.11,45.43
2026-08-18T00:33:23,109.34,44.66
2026-08-18T00:33:24,109.55,44.87
2026-08-18T00:33:25,110.48,45.79
2026-08-18T00:33:26,110.42,45.72
2026-08-18T00:33:27,109.36,44.68
2026-08-18T00:33:28,110.82,46.13
2026-08-18T00:33:29,111.06,46.36
2026-08-18T00:33:30,111.37,46.66
2026-08-18T00:33:31,110.17,45.49
2026-08-18T00:33:32,109.98,45.3
2026-08-18T00:33:33,109.45,44.77
2026-08-18T00:33:34,109.62,44.94
2026-08-18T00:33:35,110.04,45.35
2026-08-18T00:33:36,109.38,44.7
2026-08-18T00:33:37,109.5,44.82
2026-08-18T00:33:38,110.32,45.63
2026-08-18T00:33:39,109.44,44.76
2026-08-18T00:33:40,109.31,44.63
2026-08-18T00:33:41,109.56,44.88
2026-08-18T00:33:42,109.37,44.7
2026-08-18T00:33:43,109.44,44.76
2026-08-18T00:33:44,109.43,44.75
2026-08-18T00:33:45,109.45,44.77
2026-08-18T00:33:46,109.54,44.86
2026-08-18T00:33:47,109.98,45.29
2026-08-18T00:33:48,109.68,45.0
2026-08-18T00:33:49,109.6,44.92
2026-08-18T00:33:50,109.81,45.12
2026-08-18T00:33:51,109.58,44.9
2026-08-18T00:33:52,109.89,45.21
2026-08-18T00:33:53,109.71,45.02
2026-08-18T00:33:54,109.85,45.17
2026-08-18T00:33:55,109.56,44.88
2026-08-18T00:33:56,110.06,45.37
2026-08-18T00:33:57,109.57,44.89
2026-08-18T00:33:58,109.67,44.98
2026-08-18T00:33:59,109.34,44.66
2026-08-18T00:34:00,109.92,45.23
2026-08-18T00:34:01,109.58,44.9
2026-08-18T00:34:02,109.6,44.91
2026-08-18T00:34:03,109.39,44.71
2026-08-18T00:34:04,109.64,44.96
2026-08-18T00:34:05,109.5,44.82
2026-08-18T00:34:06,109.42,44.75
2026-08-18T00:34:07,109.43,44.76
2026-08-18T00:34:08,109.45,44.77
2026-08-18T00:34:09,109.86,45.18
2026-08-18T00:34:10,109.9,45.22
2026-08-18T00:34:11,109.84,45.16
2026-08-18T00:34:12,109.32,44.64
2026-08-18T00:34:13,109.78,45.09
2026-08-18T00:34:14,109.38,44.7
2026-08-18T00:34:15,109.73,45.05
2026-08-18T00:34:16,109.33,44.65
2026-08-18T00:34:17,109.55,44.87
2026-08-18T00:34:18,109.91,45.22
2026-08-18T00:34:19,109.66,44.98
2026-08-18T00:34:20,109.49,44.81
2026-08-18T00:34:21,109.74,45.05
2026-08-18T00:34:22,109.47,44.79
2026-08-18T00:34:23,110.22,45.53
2026-08-18T00:34:24,109.5,44.82
2026-08-18T00:34:25,109.31,44.63
2026-08-18T00:34:26,109.65,44.97
2026-08-18T00:34:27,109.15,44.47
2026-08-18T00:34:28,109.41,44.73
2026-08-18T00:34:29,109.65,44.97
2026-08-18T00:34:30,109.73,45.05
2026-08-18T00:34:31,109.06,44.38
2026-08-18T00:34:32,109.44,44.76
2026-08-18T00:34:33,109.03,44.36
2026-08-18T00:34:34,109.34,44.66
2026-08-18T00:34:35,109.59,44.91
2026-08-18T00:34:36,109.3,44.63
2026-08-18T00:34:37,109.42,44.74
2026-08-18T00:34:38,109.04,44.36
2026-08-18T00:34:39,109.65,44.97
2026-08-18T00:34:40,109.46,44.78
2026-08-18T00:34:41,109.27,44.59
2026-08-18T00:34:42,109.15,44.48
2026-08-18T00:34:43,109.06,44.39
2026-08-18T00:34:44,109.65,44.97
2026-08-18T00:34:45,109.32,44.64
2026-08-18T00:34:46,109.09,44.41
2026-08-18T00:34:47,109.66,44.98
2026-08-18T00:34:48,109.44,44.76
2026-08-18T00:34:49,109.41,44.73
2026-08-18T00:34:50,109.15,44.48
2026-08-18T00:34:51,109.29,44.61
2026-08-18T00:34:52,109.6,44.91
2026-08-18T00:34:53,109.09,44.42
2026-08-18T00:34:54,109.28,44.6
2026-08-18T00:34:55,109.43,44.75
2026-08-18T00:34:56,108.95,44.28
2026-08-18T00:34:57,109.15,44.47
2026-08-18T00:34:58,109.15,44.48
2026-08-18T00:34:59,109.43,44.75
2026-08-18T00:35:00,109.44,44.76
2026-08-18T00:35:01,109.27,44.59
2026-08-18T00:35:02,108.89,44.22
2026-08-18T00:35:03,109.38,44.7
2026-08-18T00:35:04,109.56,44.88
2026-08-18T00:35:05,109.39,44.71
2026-08-18T00:35:06,109.31,44.63
2026-08-18T00:35:07,109.4,44.72
2026-08-18T00:35:08,109.22,44.55
2026-08-18T00:35:09,108.92,44.25
2026-08-18T00:35:10,108.92,44.24
2026-08-18T00:35:11,109.48,44.8
2026-08-18T00:35:12,109.37,44.69
2026-08-18T00:35:13,109.56,44.88
2026-08-18T00:35:14,109.11,44.44
2026-08-18T00:35:15,109.78,45.1
2026-08-18T00:35:16,109.12,44.44
2026-08-18T00:35:17,109.28,44.61
2026-08-18T00:35:18,108.89,44.22
2026-08-18T00:35:19,109.4,44.72
2026-08-18T00:35:20,109.49,44.81
2026-08-18T00:35:21,109.15,44.47
2026-08-18T00:35:22,109.22,44.55
2026-08-18T00:35:23,109.51,44.83
2026-08-18T00:35:24,109.65,44.97
2026-08-18T00:35:25,109.44,44.76
2026-08-18T00:35:26,109.45,44.77
2026-08-18T00:35:27,109.0,44.33
2026-08-18T00:35:28,109.21,44.53
2026-08-18T00:35:29,109.69,45.01
2026-08-18T00:35:30,109.36,44.68
2026-08-18T00:35:31,109.78,45.1
2026-08-18T00:35:32,109.52,44.84
2026-08-18T00:35:33,109.38,44.7
2026-08-18T00:35:34,109.52,44.84
2026-08-18T00:35:35,109.64,44.96
2026-08-18T00:35:36,109.61,44.93
2026-08-18T00:35:37,109.67,44.99
2026-08-18T00:35:38,109.85,45.17
2026-08-18T00:35:39,109.49,44.81
2026-08-18T00:35:40,109.53,44.85
2026-08-18T00:35:41,109.41,44.73
2026-08-18T00:35:42,109.36,44.68
2026-08-18T00:35:43,109.24,44.56
2026-08-18T00:35:44,109.02,44.35
2026-08-18T00:35:45,109.92,45.23
2026-08-18T00:35:46,109.62,44.94
2026-08-18T00:35:47,109.35,44.67
2026-08-18T00:35:48,110.15,45.46
2026-08-18T00:35:49,109.96,45.28
2026-08-18T00:35:50,109.78,45.09
2026-08-18T00:35:51,109.6,44.92
2026-08-18T00:35:52,109.69,45.01
2026-08-18T00:35:53,109.55,44.87
2026-08-18T00:35:54,109.21,44.54
2026-08-18T00:35:55,109.11,44.43
2026-08-18T00:35:56,109.53,44.85
2026-08-18T00:35:57,109.3,44.63
2026-08-18T00:35:58,108.67,44.0
2026-08-18T00:35:59,109.59,44.91
2026-08-18T00:36:00,109.41,44.73
2026-08-18T00:36:01,109.99,45.31
2026-08-18T00:36:02,109.64,44.95
2026-08-18T00:36:03,109.37,44.69
2026-08-18T00:36:04,109.61,44.93
2026-08-18T00:36:05,109.48,44.8
2026-08-18T00:36:06,109.81,45.12
2026-08-18T00:36:07,109.33,44.65
2026-08-18T00:36:08,109.12,44.44
2026-08-18T00:36:09,109.29,44.61
2026-08-18T00:36:10,109.07,44.39
2026-08-18T00:36:11,109.73,45.05
2026-08-18T00:36:12,109.4,44.72
2026-08-18T00:36:13,109.4,44.72
2026-08-18T00:36:14,109.62,44.94
2026-08-18T00:36:15,110.16,45.47
2026-08-18T00:36:16,110.48,45.79
2026-08-18T00:36:17,109.73,45.04
2026-08-18T00:36:18,109.79,45.11
2026-08-18T00:36:19,109.64,44.96
2026-08-18T00:36:20,109.64,44.96
2026-08-18T00:36:21,109.53,44.85
2026-08-18T00:36:22,110.12,45.43
2026-08-18T00:36:23,110.0,45.31
2026-08-18T00:36:24,111.42,46.72
2026-08-18T00:36:25,111.63,46.92
2026-08-18T00:36:26,110.23,45.54
2026-08-18T00:36:27,110.02,45.33
2026-08-18T00:36:28,109.98,45.29
2026-08-18T00:36:29,110.4,45.71
2026-08-18T00:36:30,109.8,45.12
2026-08-18T00:36:31,109.37,44.7
2026-08-18T00:36:32,110.13,45.44
2026-08-18T00:36:33,110.43,45.74
2026-08-18T00:36:34,110.88,46.18
2026-08-18T00:36:35,111.24,46.54
2026-08-18T00:36:36,112.43,47.71
2026-08-18T00:36:37,113.57,48.83
2026-08-18T00:36:38,114.22,49.48
2026-08-18T00:36:39,115.8,51.03
2026-08-18T00:36:40,116.87,52.09
2026-08-18T00:36:41,121.1,56.26
2026-08-18T00:36:42,124.14,59.26
2026-08-18T00:36:43,126.3,61.38
2026-08-18T00:36:44,126.63,61.7
2026-08-18T00:36:45,127.32,62.39
2026-08-18T00:36:46,126.31,61.39
2026-08-18T00:36:47,122.86,57.99
2026-08-18T00:36:48,120.22,55.38
2026-08-18T00:36:49,118.75,53.94
2026-08-18T00:36:50,116.91,52.13
2026-08-18T00:36:51,115.22,50.46
2026-08-18T00:36:52,114.25,49.5
2026-08-18T00:36:53,111.83,47.12
2026-08-18T00:36:54,111.49,46.79
2026-08-18T00:36:55,110.88,46.18
2026-08-18T00:36:56,110.17,45.48
2026-08-18T00:36:57,109.84,45.16
2026-08-18T00:36:58,109.88,45.2
2026-08-18T00:36:59,110.05,45.36
2026-08-18T00:37:00,111.07,46.37
2026-08-18T00:37:01,110.88,46.18
2026-08-18T00:37:02,110.59,45.9
2026-08-18T00:37:03,110.4,45.71
2026-08-18T00:37:04,110.3,45.6
2026-08-18T00:37:05,109.76,45.08
2026-08-18T00:37:06,110.97,46.27
2026-08-18T00:37:07,110.56,45.86
2026-08-18T00:37:08,110.63,45.93
2026-08-18T00:37:09,110.96,46.26
2026-08-18T00:37:10,110.28,45.59
2026-08-18T00:37:11,110.22,45.53
2026-08-18T00:37:12,111.03,46.33
2026-08-18T00:37:13,110.3,45.61
2026-08-18T00:37:14,110.54,45.85
2026-08-18T00:37:15,109.91,45.22
2026-08-18T00:37:16,109.79,45.11
2026-08-18T00:37:17,109.57,44.89
2026-08-18T00:37:18,110.46,45.77
2026-08-18T00:37:19,111.64,46.93
2026-08-18T00:37:20,111.08,46.38
2026-08-18T00:37:21,110.39,45.7
2026-08-18T00:37:22,110.96,46.26
2026-08-18T00:37:23,110.88,46.18
2026-08-18T00:37:24,109.9,45.21
2026-08-18T00:37:25,109.69,45.01
2026-08-18T00:37:26,110.03,45.34
2026-08-18T00:37:27,110.42,45.73
2026-08-18T00:37:28,110.86,46.16
2026-08-18T00:37:29,110.25,45.56
2026-08-18T00:37:30,110.16,45.47
2026-08-18T00:37:31,110.82,46.13
2026-08-18T00:37:32,110.15,45.46
2026-08-18T00:37:33,109.83,45.14
2026-08-18T00:37:34,110.11,45.42
2026-08-18T00:37:35,109.9,45.21
2026-08-18T00:37:36,109.74,45.06
2026-08-18T00:37:37,109.86,45.17
2026-08-18T00:37:38,110.22,45.53
2026-08-18T00:37:39,110.2,45.51
2026-08-18T00:37:40,110.07,45.38
2026-08-18T00:37:41,110.46,45.77
2026-08-18T00:37:42,109.48,44.8
2026-08-18T00:37:43,109.71,45.03
2026-08-18T00:37:44,110.04,45.36
2026-08-18T00:37:45,110.0,45.31
2026-08-18T00:37:46,110.34,45.65
2026-08-18T00:37:47,110.0,45.31
2026-08-18T00:37:48,110.32,45.63
2026-08-18T00:37:49,110.17,45.48
2026-08-18T00:37:50,110.54,45.85
2026-08-18T00:37:51,110.0,45.31
2026-08-18T00:37:52,109.87,45.19
2026-08-18T00:37:53,109.83,45.15
2026-08-18T00:37:54,109.96,45.27
2026-08-18T00:37:55,109.79,45.11
2026-08-18T00:37:56,109.54,44.86
2026-08-18T00:37:57,109.49,44.81
2026-08-18T00:37:58,110.33,45.64
2026-08-18T00:37:59,110.12,45.43
2026-08-18T00:38:00,110.31,45.62
2026-08-18T00:38:01,110.15,45.46
2026-08-18T00:38:02,109.79,45.11
2026-08-18T00:38:03,109.71,45.02
2026-08-18T00:38:04,109.47,44.79
2026-08-18T00:38:05,109.85,45.17
2026-08-18T00:38:06,109.91,45.23
2026-08-18T00:38:07,110.29,45.6
2026-08-18T00:38:08,109.86,45.18
2026-08-18T00:38:09,109.83,45.14
2026-08-18T00:38:10,109.89,45.21
2026-08-18T00:38:11,109.84,45.15
2026-08-18T00:38:12,109.76,45.08
2026-08-18T00:38:13,109.22,44.54
2026-08-18T00:38:14,109.8,45.12
2026-08-18T00:38:15,110.22,45.53
2026-08-18T00:38:16,109.76,45.08
2026-08-18T00:38:17,110.19,45.5
2026-08-18T00:38:18,109.6,44.92
2026-08-18T00:38:19,109.42,44.74
2026-08-18T00:38:20,109.87,45.18
2026-08-18T00:38:21,109.39,44.72
2026-08-18T00:38:22,109.69,45.01
2026-08-18T00:38:23,109.13,44.46
2026-08-18T00:38:24,109.78,45.1
2026-08-18T00:38:25,109.92,45.23
2026-08-18T00:38:26,109.55,44.87
2026-08-18T00:38:27,109.46,44.78
2026-08-18T00:38:28,109.74,45.06
2026-08-18T00:38:29,109.6,44.92
2026-08-18T00:38:30,110.53,45.83
2026-08-18T00:38:31,109.82,45.14
2026-08-18T00:38:32,109.72,45.04
2026-08-18T00:38:33,109.67,44.98
2026-08-18T00:38:34,109.98,45.3
2026-08-18T00:38:35,109.72,45.04
2026-08-18T00:38:36,109.77,45.09
2026-08-18T00:38:37,109.89,45.2
2026-08-18T00:38:38,109.72,45.04
2026-08-18T00:38:39,109.51,44.83
2026-08-18T00:38:40,108.84,44.17
2026-08-18T00:38:41,109.67,44.98
2026-08-18T00:38:42,109.94,45.25
2026-08-18T00:38:43,109.55,44.87
2026-08-18T00:38:44,109.66,44.98
2026-08-18T00:38:45,109.62,44.94
2026-08-18T00:38:46,109.77,45.09
2026-08-18T00:38:47,109.57,44.89
2026-08-18T00:38:48,109.44,44.76
2026-08-18T00:38:49,109.76,45.08
2026-08-18T00:38:50,110.0,45.31
2026-08-18T00:38:51,109.69,45.01
2026-08-18T00:38:52,109.92,45.23
2026-08-18T00:38:53,109.56,44.88
2026-08-18T00:38:54,109.95,45.27
2026-08-18T00:38:55,109.07,44.4
2026-08-18T00:38:56,109.63,44.95
2026-08-18T00:38:57,109.32,44.65
2026-08-18T00:38:58,109.54,44.86
2026-08-18T00:38:59,109.91,45.23
2026-08-18T00:39:00,109.72,45.04
2026-08-18T00:39:01,110.0,45.31
2026-08-18T00:39:02,110.08,45.39
2026-08-18T00:39:03,110.63,45.93
2026-08-18T00:39:04,111.04,46.33
2026-08-18T00:39:05,112.18,47.46
2026-08-18T00:39:06,113.68,48.94
2026-08-18T00:39:07,116.44,51.66
2026-08-18T00:39:08,118.65,53.84
2026-08-18T00:39:09,122.11,57.25
2026-08-18T00:39:10,124.89,60.0
2026-08-18T00:39:11,129.29,64.33
2026-08-18T00:39:12,130.05,65.08
2026-08-18T00:39:13,129.52,64.56
2026-08-18T00:39:14,121.55,56.7
2026-08-18T00:39:15,117.77,52.97
2026-08-18T00:39:16,114.99,50.23
2026-08-18T00:39:17,113.7,48.96
2026-08-18T00:39:18,114.6,49.84
2026-08-18T00:39:19,112.3,47.58
2026-08-18T00:39:20,110.77,46.08
2026-08-18T00:39:21,110.86,46.17
2026-08-18T00:39:22,110.16,45.47
2026-08-18T00:39:23,109.91,45.22
2026-08-18T00:39:24,109.77,45.09
2026-08-18T00:39:25,110.31,45.61
2026-08-18T00:39:26,109.91,45.22
2026-08-18T00:39:27,110.08,45.39
2026-08-18T00:39:28,109.9,45.22
2026-08-18T00:39:29,109.73,45.04
2026-08-18T00:39:30,109.75,45.07
2026-08-18T00:39:31,109.83,45.14
2026-08-18T00:39:32,109.71,45.03
2026-08-18T00:39:33,109.89,45.21
2026-08-18T00:39:34,109.9,45.21
2026-08-18T00:39:35,110.11,45.42
2026-08-18T00:39:36,109.97,45.29
2026-08-18T00:39:37,109.86,45.18
2026-08-18T00:39:38,109.7,45.02
2026-08-18T00:39:39,109.77,45.09
2026-08-18T00:39:40,109.64,44.96
2026-08-18T00:39:41,109.79,45.1
2026-08-18T00:39:42,109.64,44.96
2026-08-18T00:39:43,109.82,45.13
2026-08-18T00:39:44,109.21,44.54
2026-08-18T00:39:45,109.52,44.84
2026-08-18T00:39:46,109.86,45.17
2026-08-18T00:39:47,109.63,44.95
2026-08-18T00:39:48,109.37,44.69
2026-08-18T00:39:49,109.78,45.09
2026-08-18T00:39:50,109.58,44.9
2026-08-18T00:39:51,109.95,45.26
2026-08-18T00:39:52,109.63,44.95
2026-08-18T00:39:53,109.54,44.86
2026-08-18T00:39:54,109.6,44.92
2026-08-18T00:39:55,109.33,44.65
2026-08-18T00:39:56,109.76,45.07
2026-08-18T00:39:57,109.77,45.09
2026-08-18T00:39:58,109.22,44.55
2026-08-18T00:39:59,109.2,44.53
2026-08-18T00:40:00,109.39,44.71
2026-08-18T00:40:01,109.67,44.98
2026-08-18T00:40:02,109.8,45.11
2026-08-18T00:40:03,109.93,45.25
2026-08-18T00:40:04,109.79,45.11
2026-08-18T00:40:05,109.53,44.85
2026-08-18T00:40:06,109.67,44.99
2026-08-18T00:40:07,109.16,44.49
2026-08-18T00:40:08,109.41,44.73
2026-08-18T00:40:09,109.67,44.99
2026-08-18T00:40:10,109.48,44.8
2026-08-18T00:40:11,109.76,45.07
2026-08-18T00:40:12,109.6,44.92
2026-08-18T00:40:13,109.6,44.92
2026-08-18T00:40:14,109.68,45.0
2026-08-18T00:40:15,109.18,44.51
2026-08-18T00:40:16,109.43,44.75
2026-08-18T00:40:17,109.88,45.19
2026-08-18T00:40:18,109.46,44.78
2026-08-18T00:40:19,109.73,45.04
2026-08-18T00:40:20,109.65,44.97
2026-08-18T00:40:21,109.63,44.95
2026-08-18T00:40:22,109.37,44.7
2026-08-18T00:40:23,109.7,45.01
2026-08-18T00:40:24,109.58,44.9
2026-08-18T00:40:25,109.58,44.9
2026-08-18T00:40:26,109.35,44.67
2026-08-18T00:40:27,109.73,45.04
2026-08-18T00:40:28,109.64,44.96
2026-08-18T00:40:29,109.85,45.17
2026-08-18T00:40:30,109.64,44.95
2026-08-18T00:40:31,110.09,45.4
2026-08-18T00:40:32,109.55,44.87
2026-08-18T00:40:33,109.29,44.62
2026-08-18T00:40:34,109.73,45.05
2026-08-18T00:40:35,109.89,45.21
2026-08-18T00:40:36,109.79,45.1
2026-08-18T00:40:37,109.73,45.05
2026-08-18T00:40:38,109.39,44.71
2026-08-18T00:40:39,109.4,44.72
2026-08-18T00:40:40,109.25,44.58
2026-08-18T00:40:41,109.47,44.79
2026-08-18T00:40:42,109.63,44.95
2026-08-18T00:40:43,109.56,44.87
2026-08-18T00:40:44,109.56,44.88
2026-08-18T00:40:45,109.77,45.08
2026-08-18T00:40:46,109.7,45.02
2026-08-18T00:40:47,109.7,45.02
2026-08-18T00:40:48,109.81,45.12
2026-08-18T00:40:49,109.81,45.13
2026-08-18T00:40:50,109.78,45.1
2026-08-18T00:40:51,109.39,44.71
2026-08-18T00:40:52,109.33,44.65
2026-08-18T00:40:53,109.65,44.97
2026-08-18T00:40:54,109.41,44.73
2026-08-18T00:40:55,109.36,44.68
2026-08-18T00:40:56,109.76,45.07
2026-08-18T00:40:57,109.52,44.84
2026-08-18T00:40:58,109.59,44.91
2026-08-18T00:40:59,109.45,44.77
2026-08-18T00:41:00,109.89,45.2
2026-08-18T00:41:01,109.71,45.03
2026-08-18T00:41:02,109.66,44.98
2026-08-18T00:41:03,109.26,44.58
2026-08-18T00:41:04,109.46,44.78
2026-08-18T00:41:05,109.9,45.21
2026-08-18T00:41:06,109.79,45.11
2026-08-18T00:41:07,109.92,45.23
2026-08-18T00:41:08,110.04,45.36
2026-08-18T00:41:09,110.02,45.33
2026-08-18T00:41:10,109.52,44.84
2026-08-18T00:41:11,109.76,45.08
2026-08-18T00:41:12,109.79,45.1
2026-08-18T00:41:13,109.66,44.97
2026-08-18T00:41:14,109.91,45.22
2026-08-18T00:41:15,109.62,44.93
2026-08-18T00:41:16,109.69,45.01
2026-08-18T00:41:17,110.11,45.43
2026-08-18T00:41:18,109.82,45.13
2026-08-18T00:41:19,110.1,45.41
2026-08-18T00:41:20,109.55,44.87
2026-08-18T00:41:21,109.98,45.29
2026-08-18T00:41:22,110.26,45.57
2026-08-18T00:41:23,109.65,44.97
2026-08-18T00:41:24,109.63,44.95
2026-08-18T00:41:25,109.71,45.03
2026-08-18T00:41:26,109.29,44.61
2026-08-18T00:41:27,109.85,45.17
2026-08-18T00:41:28,109.87,45.18
2026-08-18T00:41:29,109.38,44.7
2026-08-18T00:41:30,109.74,45.06
2026-08-18T00:41:31,109.61,44.93
2026-08-18T00:41:32,109.82,45.14
2026-08-18T00:41:33,109.73,45.05
2026-08-18T00:41:34,109.63,44.95
2026-08-18T00:41:35,109.26,44.59
2026-08-18T00:41:36,109.52,44.84
2026-08-18T00:41:37,109.66,44.98
2026-08-18T00:41:38,109.58,44.9
2026-08-18T00:41:39,109.88,45.2
2026-08-18T00:41:40,109.59,44.9
2026-08-18T00:41:41,109.85,45.17
2026-08-18T00:41:42,109.73,45.04
2026-08-18T00:41:43,109.44,44.76
2026-08-18T00:41:44,109.65,44.97
2026-08-18T00:41:45,109.9,45.21
2026-08-18T00:41:46,109.69,45.01
2026-08-18T00:41:47,109.65,44.97
2026-08-18T00:41:48,109.63,44.95
2026-08-18T00:41:49,109.29,44.61
2026-08-18T00:41:50,109.63,44.95
2026-08-18T00:41:51,110.21,45.52
2026-08-18T00:41:52,109.8,45.11
2026-08-18T00:41:53,110.09,45.4
2026-08-18T00:41:54,110.39,45.69
2026-08-18T00:41:55,110.98,46.28
2026-08-18T00:41:56,111.61,46.9
2026-08-18T00:41:57,112.14,47.42
2026-08-18T00:41:58,113.36,48.62
2026-08-18T00:41:59,113.98,49.23
2026-08-18T00:42:00,114.66,49.9
2026-08-18T00:42:01,116.54,51.76
2026-08-18T00:42:02,118.3,53.5
2026-08-18T00:42:03,120.84,56.0
2026-08-18T00:42:04,122.06,57.2
2026-08-18T00:42:05,126.59,61.67
2026-08-18T00:42:06,129.09,64.13
2026-08-18T00:42:07,132.31,67.3
2026-08-18T00:42:08,135.48,70.43
2026-08-18T00:42:09,140.52,75.4
2026-08-18T00:42:10,142.84,77.69
2026-08-18T00:42:11,140.08,74.97
2026-08-18T00:42:12,135.24,70.19
2026-08-18T00:42:13,130.75,65.77
2026-08-18T00:42:14,127.17,62.24
2026-08-18T00:42:15,126.43,61.51
2026-08-18T00:42:16,123.27,58.4
2026-08-18T00:42:17,123.67,58.79
2026-08-18T00:42:18,121.34,56.49
2026-08-18T00:42:19,117.57,52.78
2026-08-18T00:42:20,115.54,50.77
2026-08-18T00:42:21,113.84,49.1
2026-08-18T00:42:22,112.95,48.22
2026-08-18T00:42:23,111.61,46.9
2026-08-18T00:42:24,111.42,46.71
2026-08-18T00:42:25,111.63,46.92
2026-08-18T00:42:26,111.58,46.87
2026-08-18T00:42:27,112.34,47.62
2026-08-18T00:42:28,111.44,46.73
2026-08-18T00:42:29,111.46,46.75
2026-08-18T00:42:30,110.99,46.29
2026-08-18T00:42:31,110.75,46.05
2026-08-18T00:42:32,110.46,45.77
2026-08-18T00:42:33,110.67,45.97
2026-08-18T00:42:34,110.49,45.8
2026-08-18T00:42:35,109.7,45.02
2026-08-18T00:42:36,110.23,45.54
2026-08-18T00:42:37,110.18,45.49
2026-08-18T00:42:38,109.93,45.24
2026-08-18T00:42:39,109.95,45.26
2026-08-18T00:42:40,110.17,45.48
2026-08-18T00:42:41,109.95,45.27
2026-08-18T00:42:42,109.82,45.14
2026-08-18T00:42:43,109.83,45.14
2026-08-18T00:42:44,110.05,45.36
2026-08-18T00:42:45,109.42,44.74
2026-08-18T00:42:46,109.62,44.94
2026-08-18T00:42:47,110.3,45.61
2026-08-18T00:42:48,109.54,44.86
2026-08-18T00:42:49,109.92,45.23
2026-08-18T00:42:50,109.95,45.26
2026-08-18T00:42:51,109.73,45.05
2026-08-18T00:42:52,109.36,44.68
2026-08-18T00:42:53,109.65,44.97
2026-08-18T00:42:54,110.04,45.36
2026-08-18T00:42:55,109.74,45.06
2026-08-18T00:42:56,109.53,44.85
2026-08-18T00:42:57,109.44,44.76
2026-08-18T00:42:58,109.55,44.87
2026-08-18T00:42:59,109.55,44.87
2026-08-18T00:43:00,109.6,44.92
2026-08-18T00:43:01,109.54,44.86
2026-08-18T00:43:02,109.89,45.21
2026-08-18T00:43:03,109.82,45.14
2026-08-18T00:43:04,109.23,44.55
2026-08-18T00:43:05,109.71,45.03
2026-08-18T00:43:06,109.37,44.69
2026-08-18T00:43:07,109.63,44.95
2026-08-18T00:43:08,109.64,44.96
2026-08-18T00:43:09,109.87,45.18
2026-08-18T00:43:10,109.72,45.04
2026-08-18T00:43:11,110.03,45.34
2026-08-18T00:43:12,108.87,44.2
2026-08-18T00:43:13,109.45,44.77
2026-08-18T00:43:14,109.55,44.87
2026-08-18T00:43:15,109.85,45.16
2026-08-18T00:43:16,109.35,44.67
2026-08-18T00:43:17,109.51,44.83
2026-08-18T00:43:18,109.39,44.72
2026-08-18T00:43:19,109.15,44.48
2026-08-18T00:43:20,109.16,44.49
2026-08-18T00:43:21,109.68,45.0
2026-08-18T00:43:22,109.24,44.56
2026-08-18T00:43:23,109.15,44.48
2026-08-18T00:43:24,109.17,44.5
2026-08-18T00:43:25,109.45,44.77
2026-08-18T00:43:26,109.3,44.62
2026-08-18T00:43:27,109.35,44.67
2026-08-18T00:43:28,109.38,44.71
2026-08-18T00:43:29,109.43,44.75
2026-08-18T00:43:30,109.21,44.53
2026-08-18T00:43:31,109.12,44.44
2026-08-18T00:43:32,109.59,44.91
2026-08-18T00:43:33,109.44,44.76
2026-08-18T00:43:34,109.2,44.53
2026-08-18T00:43:35,109.66,44.97
2026-08-18T00:43:36,108.99,44.32
2026-08-18T00:43:37,109.24,44.56
2026-08-18T00:43:38,109.41,44.73
2026-08-18T00:43:39,109.17,44.5
2026-08-18T00:43:40,109.05,44.38
2026-08-18T00:43:41,109.29,44.61
2026-08-18T00:43:42,109.68,45.0
2026-08-18T00:43:43,109.15,44.48
2026-08-18T00:43:44,108.7,44.04
2026-08-18T00:43:45,109.18,44.5
2026-08-18T00:43:46,109.19,44.51
2026-08-18T00:43:47,109.5,44.82
2026-08-18T00:43:48,109.35,44.67
2026-08-18T00:43:49,108.72,44.06
2026-08-18T00:43:50,109.15,44.47
2026-08-18T00:43:51,108.92,44.25
2026-08-18T00:43:52,109.64,44.96
2026-08-18T00:43:53,108.66,43.99
2026-08-18T00:43:54,109.34,44.66
2026-08-18T00:43:55,109.04,44.37
2026-08-18T00:43:56,109.72,45.04
2026-08-18T00:43:57,109.34,44.67
2026-08-18T00:43:58,108.95,44.28
2026-08-18T00:43:59,109.33,44.65
2026-08-18T00:44:00,109.18,44.5
2026-08-18T00:44:01,109.19,44.51
2026-08-18T00:44:02,109.18,44.5
2026-08-18T00:44:03,109.52,44.84
2026-08-18T00:44:04,109.6,44.92
2026-08-18T00:44:05,109.09,44.42
2026-08-18T00:44:06,109.32,44.65
2026-08-18T00:44:07,109.57,44.89
2026-08-18T00:44:08,109.3,44.62
2026-08-18T00:44:09,109.03,44.35
2026-08-18T00:44:10,109.7,45.02
2026-08-18T00:44:11,109.26,44.59
2026-08-18T00:44:12,108.71,44.04
2026-08-18T00:44:13,109.33,44.66
2026-08-18T00:44:14,109.69,45.01
2026-08-18T00:44:15,109.31,44.63
2026-08-18T00:44:16,109.16,44.48
2026-08-18T00:44:17,109.56,44.88
2026-08-18T00:44:18,109.32,44.64
2026-08-18T00:44:19,109.74,45.05
2026-08-18T00:44:20,109.51,44.83
2026-08-18T00:44:21,109.17,44.49
2026-08-18T00:44:22,108.93,44.25
2026-08-18T00:44:23,108.84,44.17
2026-08-18T00:44:24,109.08,44.41
2026-08-18T00:44:25,108.78,44.11
2026-08-18T00:44:26,109.07,44.39
2026-08-18T00:44:27,109.14,44.46
2026-08-18T00:44:28,108.74,44.07
2026-08-18T00:44:29,108.99,44.31
2026-08-18T00:44:30,109.28,44.61
2026-08-18T00:44:31,109.37,44.7
2026-08-18T00:44:32,109.26,44.59
2026-08-18T00:44:33,108.76,44.09
2026-08-18T00:44:34,108.89,44.21
2026-08-18T00:44:35,108.88,44.21
2026-08-18T00:44:36,108.76,44.09
2026-08-18T00:44:37,108.81,44.14
2026-08-18T00:44:38,109.37,44.69
2026-08-18T00:44:39,108.79,44.13
2026-08-18T00:44:40,109.01,44.34
2026-08-18T00:44:41,109.23,44.55
2026-08-18T00:44:42,109.01,44.34
2026-08-18T00:44:43,108.81,44.14
2026-08-18T00:44:44,109.42,44.74
2026-08-18T00:44:45,109.01,44.34
2026-08-18T00:44:46,108.77,44.1
2026-08-18T00:44:47,108.82,44.15
2026-08-18T00:44:48,108.99,44.32
2026-08-18T00:44:49,109.16,44.49
2026-08-18T00:44:50,109.02,44.34
2026-08-18T00:44:51,109.11,44.44
2026-08-18T00:44:52,108.89,44.21
2026-08-18T00:44:53,108.95,44.28
2026-08-18T00:44:54,108.75,44.08
2026-08-18T00:44:55,109.22,44.54
2026-08-18T00:44:56,109.32,44.64
2026-08-18T00:44:57,109.37,44.69
2026-08-18T00:44:58,109.33,44.65
2026-08-18T00:44:59,109.19,44.52
2026-08-18T00:45:00,109.69,45.01
2026-08-18T00:45:01,109.45,44.77
2026-08-18T00:45:02,109.38,44.7
2026-08-18T00:45:03,109.56,44.88
2026-08-18T00:45:04,109.78,45.1
2026-08-18T00:45:05,109.71,45.02
2026-08-18T00:45:06,109.45,44.77
2026-08-18T00:45:07,109.75,45.07
2026-08-18T00:45:08,109.14,44.46
2026-08-18T00:45:09,109.06,44.38
2026-08-18T00:45:10,109.58,44.9
2026-08-18T00:45:11,109.89,45.2
2026-08-18T00:45:12,109.81,45.13
2026-08-18T00:45:13,109.5,44.82
2026-08-18T00:45:14,110.02,45.34
2026-08-18T00:45:15,110.09,45.41
2026-08-18T00:45:16,110.18,45.49
2026-08-18T00:45:17,110.25,45.56
2026-08-18T00:45:18,110.8,46.1
2026-08-18T00:45:19,110.37,45.68
2026-08-18T00:45:20,110.24,45.55
2026-08-18T00:45:21,110.47,45.78
2026-08-18T00:45:22,110.3,45.61
2026-08-18T00:45:23,111.36,46.65
2026-08-18T00:45:24,110.41,45.72
2026-08-18T00:45:25,111.02,46.32
2026-08-18T00:45:26,110.87,46.17
2026-08-18T00:45:27,111.21,46.51
2026-08-18T00:45:28,110.88,46.18
2026-08-18T00:45:29,110.45,45.76
2026-08-18T00:45:30,111.05,46.35
2026-08-18T00:45:31,111.01,46.31
2026-08-18T00:45:32,110.43,45.74
2026-08-18T00:45:33,109.89,45.2
2026-08-18T00:45:34,110.2,45.52
2026-08-18T00:45:35,110.46,45.77
2026-08-18T00:45:36,110.15,45.46
2026-08-18T00:45:37,110.84,46.15
2026-08-18T00:45:38,110.67,45.98
2026-08-18T00:45:39,111.39,46.68
2026-08-18T00:45:40,110.55,45.85
2026-08-18T00:45:41,110.31,45.61
2026-08-18T00:45:42,110.58,45.89
2026-08-18T00:45:43,110.54,45.84
2026-08-18T00:45:44,109.62,44.94
2026-08-18T00:45:45,110.26,45.57
2026-08-18T00:45:46,110.01,45.33
2026-08-18T00:45:47,110.48,45.79
2026-08-18T00:45:48,110.62,45.93
2026-08-18T00:45:49,110.65,45.95
2026-08-18T00:45:50,110.82,46.13
2026-08-18T00:45:51,110.7,46.0
2026-08-18T00:45:52,110.51,45.82
2026-08-18T00:45:53,110.07,45.38
2026-08-18T00:45:54,110.87,46.17
2026-08-18T00:45:55,110.81,46.11
2026-08-18T00:45:56,110.88,46.18
2026-08-18T00:45:57,110.9,46.2
2026-08-18T00:45:58,111.32,46.62
2026-08-18T00:45:59,110.57,45.87
2026-08-18T00:46:00,110.58,45.89
2026-08-18T00:46:01,110.96,46.26
2026-08-18T00:46:02,111.18,46.48
2026-08-18T00:46:03,110.82,46.12
2026-08-18T00:46:04,110.72,46.03
2026-08-18T00:46:05,110.55,45.85
2026-08-18T00:46:06,110.38,45.69
2026-08-18T00:46:07,110.21,45.52
2026-08-18T00:46:08,110.56,45.86
2026-08-18T00:46:09,110.14,45.45
2026-08-18T00:46:10,110.22,45.53
2026-08-18T00:46:11,110.52,45.82
2026-08-18T00:46:12,110.58,45.89
2026-08-18T00:46:13,110.35,45.66
2026-08-18T00:46:14,110.04,45.35
2026-08-18T00:46:15,110.74,46.05
2026-08-18T00:46:16,110.49,45.79
2026-08-18T00:46:17,110.26,45.56
2026-08-18T00:46:18,110.55,45.86
2026-08-18T00:46:19,110.4,45.71
2026-08-18T00:46:20,110.9,46.2
2026-08-18T00:46:21,111.24,46.53
2026-08-18T00:46:22,111.36,46.65
2026-08-18T00:46:23,111.69,46.98
2026-08-18T00:46:24,111.55,46.84
2026-08-18T00:46:25,110.67,45.97
2026-08-18T00:46:26,110.55,45.86
2026-08-18T00:46:27,111.51,46.8
2026-08-18T00:46:28,110.93,46.23
2026-08-18T00:46:29,110.72,46.03
2026-08-18T00:46:30,110.26,45.57
2026-08-18T00:46:31,110.16,45.47
2026-08-18T00:46:32,110.64,45.94
2026-08-18T00:46:33,109.92,45.24
2026-08-18T00:46:34,109.8,45.12
2026-08-18T00:46:35,109.72,45.04
2026-08-18T00:46:36,110.41,45.72
2026-08-18T00:46:37,110.22,45.53
2026-08-18T00:46:38,109.88,45.2
2026-08-18T00:46:39,110.02,45.33
2026-08-18T00:46:40,110.15,45.46
2026-08-18T00:46:41,109.76,45.08
2026-08-18T00:46:42,110.06,45.37
2026-08-18T00:46:43,109.97,45.29
2026-08-18T00:46:44,109.86,45.18
2026-08-18T00:46:45,109.86,45.18
2026-08-18T00:46:46,109.73,45.05
2026-08-18T00:46:47,109.74,45.05
2026-08-18T00:46:48,110.46,45.77
2026-08-18T00:46:49,109.89,45.2
2026-08-18T00:46:50,110.0,45.32
2026-08-18T00:46:51,109.73,45.05
2026-08-18T00:46:52,109.92,45.24
2026-08-18T00:46:53,109.51,44.83
2026-08-18T00:46:54,110.09,45.4
2026-08-18T00:46:55,109.8,45.12
2026-08-18T00:46:56,109.77,45.09
2026-08-18T00:46:57,109.97,45.28
2026-08-18T00:46:58,110.28,45.59
2026-08-18T00:46:59,109.98,45.29
2026-08-18T00:47:00,110.05,45.37
2026-08-18T00:47:01,110.31,45.62
2026-08-18T00:47:02,110.14,45.45
2026-08-18T00:47:03,110.5,45.8
2026-08-18T00:47:04,110.48,45.78
2026-08-18T00:47:05,110.64,45.94
2026-08-18T00:47:06,110.76,46.06
2026-08-18T00:47:07,111.59,46.88
2026-08-18T00:47:08,111.91,47.2
2026-08-18T00:47:09,113.15,48.42
2026-08-18T00:47:10,115.08,50.32
2026-08-18T00:47:11,116.94,52.16
2026-08-18T00:47:12,118.93,54.11
2026-08-18T00:47:13,122.23,57.37
2026-08-18T00:47:14,125.66,60.75
2026-08-18T00:47:15,128.05,63.1
2026-08-18T00:47:16,124.71,59.81
2026-08-18T00:47:17,119.65,54.82
2026-08-18T00:47:18,116.18,51.41
2026-08-18T00:47:19,113.53,48.79
2026-08-18T00:47:20,111.91,47.2
2026-08-18T00:47:21,111.59,46.88
2026-08-18T00:47:22,112.25,47.53
2026-08-18T00:47:23,112.19,47.47
2026-08-18T00:47:24,111.21,46.5
2026-08-18T00:47:25,110.94,46.24
2026-08-18T00:47:26,110.6,45.91
2026-08-18T00:47:27,110.53,45.83
2026-08-18T00:47:28,110.29,45.6
2026-08-18T00:47:29,110.78,46.08
2026-08-18T00:47:30,110.43,45.74
2026-08-18T00:47:31,110.63,45.93
2026-08-18T00:47:32,110.24,45.55
2026-08-18T00:47:33,110.56,45.86
2026-08-18T00:47:34,110.21,45.52
2026-08-18T00:47:35,110.6,45.9
2026-08-18T00:47:36,110.61,45.91
2026-08-18T00:47:37,110.75,46.05
2026-08-18T00:47:38,110.96,46.26
2026-08-18T00:47:39,110.8,46.11
2026-08-18T00:47:40,110.73,46.03
2026-08-18T00:47:41,110.82,46.13
2026-08-18T00:47:42,111.06,46.35
2026-08-18T00:47:43,111.14,46.44
2026-08-18T00:47:44,110.54,45.84
2026-08-18T00:47:45,110.84,46.14
2026-08-18T00:47:46,110.81,46.11
2026-08-18T00:47:47,110.47,45.77
2026-08-18T00:47:48,110.28,45.59
2026-08-18T00:47:49,110.53,45.83
2026-08-18T00:47:50,110.14,45.45
2026-08-18T00:47:51,110.6,45.91
2026-08-18T00:47:52,110.53,45.83
2026-08-18T00:47:53,110.53,45.83
2026-08-18T00:47:54,110.64,45.94
2026-08-18T00:47:55,110.53,45.84
2026-08-18T00:47:56,110.2,45.52
2026-08-18T00:47:57,110.29,45.6
2026-08-18T00:47:58,110.36,45.67
2026-08-18T00:47:59,110.61,45.91
2026-08-18T00:48:00,110.19,45.5
2026-08-18T00:48:01,110.13,45.44
2026-08-18T00:48:02,110.33,45.64
2026-08-18T00:48:03,110.57,45.87
2026-08-18T00:48:04,110.31,45.61
2026-08-18T00:48:05,110.3,45.61
2026-08-18T00:48:06,110.1,45.41
2026-08-18T00:48:07,110.4,45.71
2026-08-18T00:48:08,110.25,45.56
2026-08-18T00:48:09,110.12,45.43
2026-08-18T00:48:10,110.09,45.41
2026-08-18T00:48:11,110.11,45.42
2026-08-18T00:48:12,110.38,45.69
2026-08-18T00:48:13,110.14,45.45
2026-08-18T00:48:14,109.87,45.18
2026-08-18T00:48:15,109.76,45.08
2026-08-18T00:48:16,110.16,45.47
2026-08-18T00:48:17,110.11,45.43
2026-08-18T00:48:18,110.16,45.47
2026-08-18T00:48:19,110.29,45.6
2026-08-18T00:48:20,110.32,45.62
2026-08-18T00:48:21,110.28,45.59
2026-08-18T00:48:22,110.55,45.86
2026-08-18T00:48:23,110.59,45.89
2026-08-18T00:48:24,110.66,45.96
2026-08-18T00:48:25,111.19,46.49
2026-08-18T00:48:26,111.21,46.5
2026-08-18T00:48:27,112.0,47.28
2026-08-18T00:48:28,112.95,48.23
2026-08-18T00:48:29,113.73,48.99
2026-08-18T00:48:30,115.28,50.52
2026-08-18T00:48:31,117.91,53.11
2026-08-18T00:48:32,122.09,57.23
2026-08-18T00:48:33,125.74,60.83
2026-08-18T00:48:34,128.25,63.31
2026-08-18T00:48:35,129.21,64.25
2026-08-18T00:48:36,128.91,63.95
2026-08-18T00:48:37,123.56,58.68
2026-08-18T00:48:38,118.37,53.56
2026-08-18T00:48:39,115.75,50.98
2026-08-18T00:48:40,113.62,48.89
2026-08-18T00:48:41,112.72,48.0
2026-08-18T00:48:42,113.52,48.78
2026-08-18T00:48:43,112.18,47.46
2026-08-18T00:48:44,111.39,46.68
2026-08-18T00:48:45,110.94,46.24
2026-08-18T00:48:46,110.55,45.86
2026-08-18T00:48:47,110.04,45.35
2026-08-18T00:48:48,110.27,45.58
2026-08-18T00:48:49,110.45,45.76
2026-08-18T00:48:50,110.25,45.56
2026-08-18T00:48:51,110.06,45.37
2026-08-18T00:48:52,109.83,45.15
2026-08-18T00:48:53,110.31,45.62
2026-08-18T00:48:54,110.19,45.5
2026-08-18T00:48:55,110.44,45.75
2026-08-18T00:48:56,110.15,45.46
2026-08-18T00:48:57,110.49,45.8
2026-08-18T00:48:58,110.37,45.68
2026-08-18T00:48:59,109.79,45.11
2026-08-18T00:49:00,110.2,45.51
2026-08-18T00:49:01,110.27,45.58
2026-08-18T00:49:02,110.09,45.4
2026-08-18T00:49:03,110.34,45.65
2026-08-18T00:49:04,110.14,45.45
2026-08-18T00:49:05,110.17,45.48
2026-08-18T00:49:06,110.23,45.54
2026-08-18T00:49:07,110.54,45.84
2026-08-18T00:49:08,110.14,45.45
2026-08-18T00:49:09,109.97,45.28
2026-08-18T00:49:10,109.93,45.25
2026-08-18T00:49:11,110.39,45.7
2026-08-18T00:49:12,110.17,45.49
2026-08-18T00:49:13,110.03,45.35
2026-08-18T00:49:14,110.14,45.45
2026-08-18T00:49:15,110.68,45.99
2026-08-18T00:49:16,110.4,45.71
2026-08-18T00:49:17,110.27,45.58
2026-08-18T00:49:18,109.95,45.26
2026-08-18T00:49:19,110.41,45.72
2026-08-18T00:49:20,110.33,45.64
2026-08-18T00:49:21,110.33,45.64
2026-08-18T00:49:22,110.8,46.1
2026-08-18T00:49:23,110.81,46.11
2026-08-18T00:49:24,110.64,45.95
2026-08-18T00:49:25,110.6,45.9
2026-08-18T00:49:26,110.38,45.69
2026-08-18T00:49:27,110.78,46.08
2026-08-18T00:49:28,111.43,46.72
2026-08-18T00:49:29,111.22,46.52
2026-08-18T00:49:30,110.4,45.71
2026-08-18T00:49:31,110.99,46.29
2026-08-18T00:49:32,111.04,46.34
2026-08-18T00:49:33,110.72,46.02
2026-08-18T00:49:34,111.14,46.44
2026-08-18T00:49:35,111.39,46.69
2026-08-18T00:49:36,111.35,46.65
2026-08-18T00:49:37,111.24,46.54
2026-08-18T00:49:38,110.42,45.72
2026-08-18T00:49:39,110.06,45.37
2026-08-18T00:49:40,110.7,46.01
2026-08-18T00:49:41,110.59,45.89
2026-08-18T00:49:42,110.81,46.11
2026-08-18T00:49:43,109.85,45.17
2026-08-18T00:49:44,110.33,45.64
2026-08-18T00:49:45,110.41,45.72
2026-08-18T00:49:46,110.67,45.98
2026-08-18T00:49:47,110.31,45.61
2026-08-18T00:49:48,110.06,45.37
2026-08-18T00:49:49,110.54,45.84
2026-08-18T00:49:50,110.17,45.48
2026-08-18T00:49:51,110.14,45.45
2026-08-18T00:49:52,109.95,45.26
2026-08-18T00:49:53,110.0,45.31
2026-08-18T00:49:54,109.86,45.18
2026-08-18T00:49:55,109.97,45.29
2026-08-18T00:49:56,109.67,44.99
2026-08-18T00:49:57,110.19,45.5
2026-08-18T00:49:58,109.93,45.25
2026-08-18T00:49:59,109.85,45.17
2026-08-18T00:50:00,110.34,45.64
2026-08-18T00:50:01,110.78,46.08
2026-08-18T00:50:02,110.6,45.91
2026-08-18T00:50:03,111.51,46.8
2026-08-18T00:50:04,111.91,47.19
2026-08-18T00:50:05,113.1,48.37
2026-08-18T00:50:06,114.7,49.94
2026-08-18T00:50:07,117.33,52.54
2026-08-18T00:50:08,120.24,55.41
2026-08-18T00:50:09,123.0,58.13
2026-08-18T00:50:10,126.23,61.32
2026-08-18T00:50:11,127.3,62.37
2026-08-18T00:50:12,126.85,61.92
2026-08-18T00:50:13,121.96,57.1
2026-08-18T00:50:14,117.72,52.92
2026-08-18T00:50:15,115.12,50.36
2026-08-18T00:50:16,113.1,48.37
2026-08-18T00:50:17,112.37,47.64
2026-08-18T00:50:18,113.42,48.69
2026-08-18T00:50:19,112.33,47.61
2026-08-18T00:50:20,111.12,46.42
2026-08-18T00:50:21,110.3,45.61
2026-08-18T00:50:22,110.04,45.35
2026-08-18T00:50:23,109.87,45.18
2026-08-18T00:50:24,109.22,44.55
2026-08-18T00:50:25,109.74,45.06
2026-08-18T00:50:26,109.49,44.81
2026-08-18T00:50:27,109.68,44.99
2026-08-18T00:50:28,109.43,44.75
2026-08-18T00:50:29,109.54,44.86
2026-08-18T00:50:30,109.35,44.67
2026-08-18T00:50:31,108.67,44.0
2026-08-18T00:50:32,108.92,44.25
2026-08-18T00:50:33,109.15,44.48
2026-08-18T00:50:34,109.45,44.77
2026-08-18T00:50:35,109.23,44.56
2026-08-18T00:50:36,108.84,44.17
2026-08-18T00:50:37,109.37,44.69
2026-08-18T00:50:38,109.16,44.49
2026-08-18T00:50:39,109.19,44.52
2026-08-18T00:50:40,109.39,44.71
2026-08-18T00:50:41,109.41,44.73
2026-08-18T00:50:42,109.46,44.78
2026-08-18T00:50:43,109.41,44.73
2026-08-18T00:50:44,109.36,44.69
2026-08-18T00:50:45,109.44,44.77
2026-08-18T00:50:46,109.26,44.59
2026-08-18T00:50:47,109.7,45.02
2026-08-18T00:50:48,109.33,44.66
2026-08-18T00:50:49,109.94,45.26
2026-08-18T00:50:50,109.83,45.14
2026-08-18T00:50:51,109.86,45.18
2026-08-18T00:50:52,109.84,45.15
2026-08-18T00:50:53,109.6,44.92
2026-08-18T00:50:54,109.42,44.74
2026-08-18T00:50:55,109.49,44.81
2026-08-18T00:50:56,109.24,44.57
2026-08-18T00:50:57,110.12,45.43
2026-08-18T00:50:58,109.55,44.86
2026-08-18T00:50:59,109.42,44.74
2026-08-18T00:51:00,109.28,44.61
2026-08-18T00:51:01,109.55,44.87
2026-08-18T00:51:02,109.81,45.13
2026-08-18T00:51:03,109.61,44.93
2026-08-18T00:51:04,110.04,45.35
2026-08-18T00:51:05,109.62,44.93
2026-08-18T00:51:06,109.33,44.65
2026-08-18T00:51:07,109.96,45.28
2026-08-18T00:51:08,110.26,45.57
2026-08-18T00:51:09,110.64,45.95
2026-08-18T00:51:10,111.21,46.51
2026-08-18T00:51:11,111.88,47.17
2026-08-18T00:51:12,112.64,47.92
2026-08-18T00:51:13,112.77,48.05
2026-08-18T00:51:14,114.28,49.54
2026-08-18T00:51:15,117.13,52.34
2026-08-18T00:51:16,119.9,55.07
2026-08-18T00:51:17,120.84,56.0
2026-08-18T00:51:18,122.51,57.64
2026-08-18T00:51:19,123.45,58.58
2026-08-18T00:51:20,122.37,57.51
2026-08-18T00:51:21,122.08,57.23
2026-08-18T00:51:22,120.03,55.2
2026-08-18T00:51:23,118.47,53.67
2026-08-18T00:51:24,116.56,51.78
2026-08-18T00:51:25,115.02,50.26
2026-08-18T00:51:26,112.31,47.59
2026-08-18T00:51:27,111.67,46.96
2026-08-18T00:51:28,111.32,46.62
2026-08-18T00:51:29,111.18,46.48
2026-08-18T00:51:30,109.69,45.01
2026-08-18T00:51:31,109.09,44.42
2026-08-18T00:51:32,109.17,44.49
2026-08-18T00:51:33,109.23,44.55
2026-08-18T00:51:34,109.43,44.76
2026-08-18T00:51:35,108.91,44.24
2026-08-18T00:51:36,109.07,44.4
2026-08-18T00:51:37,109.09,44.42
2026-08-18T00:51:38,108.92,44.24
2026-08-18T00:51:39,108.93,44.25
2026-08-18T00:51:40,109.08,44.41
2026-08-18T00:51:41,109.23,44.55
2026-08-18T00:51:42,108.85,44.18
2026-08-18T00:51:43,108.92,44.24
2026-08-18T00:51:44,108.81,44.14
2026-08-18T00:51:45,108.88,44.21
2026-08-18T00:51:46,109.05,44.38
2026-08-18T00:51:47,109.26,44.58
2026-08-18T00:51:48,109.22,44.54
2026-08-18T00:51:49,109.22,44.54
2026-08-18T00:51:50,108.9,44.23
2026-08-18T00:51:51,109.33,44.66
2026-08-18T00:51:52,108.97,44.29
2026-08-18T00:51:53,109.64,44.96
2026-08-18T00:51:54,109.44,44.76
2026-08-18T00:51:55,109.12,44.44
2026-08-18T00:51:56,109.27,44.59
2026-08-18T00:51:57,109.39,44.71
2026-08-18T00:51:58,109.34,44.66
2026-08-18T00:51:59,109.11,44.44
2026-08-18T00:52:00,108.92,44.25
2026-08-18T00:52:01,109.11,44.44
2026-08-18T00:52:02,109.05,44.38
2026-08-18T00:52:03,108.59,43.92
2026-08-18T00:52:04,108.68,44.01
2026-08-18T00:52:05,109.01,44.34
2026-08-18T00:52:06,108.89,44.22
2026-08-18T00:52:07,109.05,44.38
2026-08-18T00:52:08,108.92,44.25
2026-08-18T00:52:09,108.59,43.92
2026-08-18T00:52:10,109.21,44.54
2026-08-18T00:52:11,108.82,44.15
2026-08-18T00:52:12,109.01,44.34
2026-08-18T00:52:13,108.71,44.05
2026-08-18T00:52:14,109.06,44.39
2026-08-18T00:52:15,109.29,44.62
2026-08-18T00:52:16,109.02,44.34
2026-08-18T00:52:17,109.37,44.69
2026-08-18T00:52:18,109.49,44.81
2026-08-18T00:52:19,109.39,44.71
2026-08-18T00:52:20,108.95,44.28
2026-08-18T00:52:21,109.25,44.57
2026-08-18T00:52:22,109.16,44.49
2026-08-18T00:52:23,108.81,44.14
2026-08-18T00:52:24,108.77,44.1
2026-08-18T00:52:25,108.65,43.99
2026-08-18T00:52:26,109.25,44.57
2026-08-18T00:52:27,108.63,43.96
2026-08-18T00:52:28,108.31,43.65
2026-08-18T00:52:29,108.73,44.06
2026-08-18T00:52:30,108.82,44.15
2026-08-18T00:52:31,108.97,44.3
2026-08-18T00:52:32,108.78,44.11
2026-08-18T00:52:33,108.87,44.2
2026-08-18T00:52:34,108.76,44.09
2026-08-18T00:52:35,109.2,44.53
2026-08-18T00:52:36,109.0,44.33
2026-08-18T00:52:37,108.78,44.11
2026-08-18T00:52:38,109.04,44.36
2026-08-18T00:52:39,108.83,44.16
2026-08-18T00:52:40,108.64,43.97
2026-08-18T00:52:41,108.74,44.07
2026-08-18T00:52:42,108.9,44.23
2026-08-18T00:52:43,108.79,44.12
2026-08-18T00:52:44,109.23,44.56
2026-08-18T00:52:45,109.02,44.35
2026-08-18T00:52:46,108.98,44.31
2026-08-18T00:52:47,109.28,44.61
2026-08-18T00:52:48,109.25,44.57
2026-08-18T00:52:49,109.17,44.49
2026-08-18T00:52:50,109.25,44.58
2026-08-18T00:52:51,109.07,44.39
2026-08-18T00:52:52,109.2,44.52
2026-08-18T00:52:53,108.96,44.29
2026-08-18T00:52:54,109.08,44.41
2026-08-18T00:52:55,108.74,44.07
2026-08-18T00:52:56,108.62,43.96
2026-08-18T00:52:57,108.53,43.86
2026-08-18T00:52:58,108.97,44.29
2026-08-18T00:52:59,108.48,43.81
2026-08-18T00:53:00,108.94,44.27
2026-08-18T00:53:01,108.58,43.92
2026-08-18T00:53:02,108.78,44.11
2026-08-18T00:53:03,109.06,44.38
2026-08-18T00:53:04,108.57,43.9
2026-08-18T00:53:05,108.91,44.24
2026-08-18T00:53:06,108.83,44.16
2026-08-18T00:53:07,109.23,44.56
2026-08-18T00:53:08,108.84,44.17
2026-08-18T00:53:09,108.89,44.21
2026-08-18T00:53:10,108.74,44.07
2026-08-18T00:53:11,109.03,44.36
2026-08-18T00:53:12,108.79,44.12
2026-08-18T00:53:13,109.14,44.47
2026-08-18T00:53:14,109.39,44.71
2026-08-18T00:53:15,108.88,44.21
2026-08-18T00:53:16,108.75,44.08
2026-08-18T00:53:17,108.69,44.03
2026-08-18T00:53:18,109.18,44.51
2026-08-18T00:53:19,109.06,44.39
2026-08-18T00:53:20,108.78,44.11
2026-08-18T00:53:21,108.79,44.12
2026-08-18T00:53:22,108.4,43.73
2026-08-18T00:53:23,108.66,43.99
2026-08-18T00:53:24,108.79,44.12
2026-08-18T00:53:25,108.72,44.05
2026-08-18T00:53:26,109.14,44.46
2026-08-18T00:53:27,109.09,44.41
2026-08-18T00:53:28,108.95,44.27
2026-08-18T00:53:29,109.07,44.4
2026-08-18T00:53:30,109.18,44.5
2026-08-18T00:53:31,109.12,44.45
2026-08-18T00:53:32,108.78,44.11
2026-08-18T00:53:33,108.73,44.07
2026-08-18T00:53:34,108.7,44.04
2026-08-18T00:53:35,109.04,44.36
2026-08-18T00:53:36,109.17,44.5
2026-08-18T00:53:37,108.87,44.2
2026-08-18T00:53:38,108.74,44.07
2026-08-18T00:53:39,108.77,44.1
2026-08-18T00:53:40,108.97,44.3
2026-08-18T00:53:41,108.94,44.27
2026-08-18T00:53:42,108.8,44.13
2026-08-18T00:53:43,109.08,44.4
2026-08-18T00:53:44,108.6,43.94
2026-08-18T00:53:45,108.73,44.06
2026-08-18T00:53:46,109.39,44.71
2026-08-18T00:53:47,109.02,44.34
2026-08-18T00:53:48,108.92,44.25
2026-08-18T00:53:49,108.74,44.07
2026-08-18T00:53:50,108.57,43.91
2026-08-18T00:53:51,108.86,44.19
2026-08-18T00:53:52,109.0,44.33
2026-08-18T00:53:53,108.52,43.86
2026-08-18T00:53:54,108.42,43.75
2026-08-18T00:53:55,109.04,44.36
2026-08-18T00:53:56,108.85,44.18
2026-08-18T00:53:57,109.02,44.34
2026-08-18T00:53:58,108.8,44.13
2026-08-18T00:53:59,108.74,44.07
2026-08-18T00:54:00,108.98,44.31
2026-08-18T00:54:01,108.96,44.29
2026-08-18T00:54:02,108.73,44.06
2026-08-18T00:54:03,109.01,44.33
2026-08-18T00:54:04,108.62,43.95
2026-08-18T00:54:05,108.68,44.02
2026-08-18T00:54:06,108.72,44.05
2026-08-18T00:54:07,109.02,44.34
2026-08-18T00:54:08,108.47,43.8
2026-08-18T00:54:09,108.77,44.1
2026-08-18T00:54:10,108.39,43.72
2026-08-18T00:54:11,108.75,44.08
2026-08-18T00:54:12,108.52,43.86
2026-08-18T00:54:13,108.81,44.14
2026-08-18T00:54:14,108.35,43.69
2026-08-18T00:54:15,108.71,44.04
2026-08-18T00:54:16,108.53,43.87
2026-08-18T00:54:17,108.96,44.29
2026-08-18T00:54:18,108.95,44.28
2026-08-18T00:54:19,108.79,44.12
2026-08-18T00:54:20,109.01,44.33
2026-08-18T00:54:21,108.91,44.24
2026-08-18T00:54:22,108.34,43.68
2026-08-18T00:54:23,108.56,43.89
2026-08-18T00:54:24,108.62,43.95
2026-08-18T00:54:25,109.04,44.37
2026-08-18T00:54:26,108.8,44.13
2026-08-18T00:54:27,108.94,44.27
2026-08-18T00:54:28,109.27,44.6
2026-08-18T00:54:29,108.9,44.22
2026-08-18T00:54:30,109.1,44.43
2026-08-18T00:54:31,109.09,44.42
2026-08-18T00:54:32,109.02,44.35
2026-08-18T00:54:33,109.25,44.57
2026-08-18T00:54:34,108.56,43.89
2026-08-18T00:54:35,109.06,44.39
2026-08-18T00:54:36,108.71,44.04
2026-08-18T00:54:37,109.22,44.55
2026-08-18T00:54:38,108.51,43.84
2026-08-18T00:54:39,109.18,44.51
2026-08-18T00:54:40,109.14,44.47
2026-08-18T00:54:41,109.32,44.64
2026-08-18T00:54:42,109.43,44.75
2026-08-18T00:54:43,109.85,45.17
2026-08-18T00:54:44,110.4,45.71
2026-08-18T00:54:45,111.25,46.54
2026-08-18T00:54:46,112.15,47.43
2026-08-18T00:54:47,113.16,48.43
2026-08-18T00:54:48,112.63,47.91
2026-08-18T00:54:49,113.5,48.77
2026-08-18T00:54:50,113.59,48.86
2026-08-18T00:54:51,114.1,49.35
2026-08-18T00:54:52,112.3,47.58
2026-08-18T00:54:53,111.64,46.93
2026-08-18T00:54:54,115.25,50.49
2026-08-18T00:54:55,112.59,47.86
2026-08-18T00:54:56,111.2,46.49
2026-08-18T00:54:57,110.12,45.43
2026-08-18T00:54:58,110.21,45.52
2026-08-18T00:54:59,110.06,45.37
2026-08-18T00:55:00,109.57,44.89
2026-08-18T00:55:01,109.42,44.75
2026-08-18T00:55:02,109.37,44.69
2026-08-18T00:55:03,109.12,44.45
2026-08-18T00:55:04,109.44,44.76
2026-08-18T00:55:05,108.67,44.01
2026-08-18T00:55:06,109.08,44.41
2026-08-18T00:55:07,109.04,44.37
2026-08-18T00:55:08,108.64,43.97
2026-08-18T00:55:09,108.63,43.97
2026-08-18T00:55:10,108.93,44.26
2026-08-18T00:55:11,108.74,44.07
2026-08-18T00:55:12,108.72,44.06
2026-08-18T00:55:13,108.49,43.83
2026-08-18T00:55:14,109.01,44.34
2026-08-18T00:55:15,109.06,44.39
2026-08-18T00:55:16,108.65,43.98
2026-08-18T00:55:17,108.99,44.32
2026-08-18T00:55:18,108.9,44.23
2026-08-18T00:55:19,108.92,44.25
2026-08-18T00:55:20,108.73,44.07
2026-08-18T00:55:21,108.7,44.03
2026-08-18T00:55:22,108.65,43.98
2026-08-18T00:55:23,108.43,43.76
2026-08-18T00:55:24,108.72,44.05
2026-08-18T00:55:25,108.91,44.24
2026-08-18T00:55:26,108.56,43.9
2026-08-18T00:55:27,108.35,43.69
2026-08-18T00:55:28,108.8,44.13
2026-08-18T00:55:29,108.71,44.05
2026-08-18T00:55:30,108.71,44.05
2026-08-18T00:55:31,108.82,44.15
2026-08-18T00:55:32,109.0,44.33
2026-08-18T00:55:33,108.84,44.17
2026-08-18T00:55:34,108.79,44.12
2026-08-18T00:55:35,108.69,44.03
2026-08-18T00:55:36,108.87,44.2
2026-08-18T00:55:37,108.99,44.32
2026-08-18T00:55:38,109.35,44.68
2026-08-18T00:55:39,109.58,44.9
2026-08-18T00:55:40,110.89,46.19
2026-08-18T00:55:41,111.55,46.84
2026-08-18T00:55:42,112.03,47.32
2026-08-18T00:55:43,114.22,49.47
2026-08-18T00:55:44,116.55,51.77
2026-08-18T00:55:45,118.77,53.96
2026-08-18T00:55:46,120.16,55.33
2026-08-18T00:55:47,123.56,58.68
2026-08-18T00:55:48,124.61,59.71
2026-08-18T00:55:49,127.11,62.18
2026-08-18T00:55:50,123.07,58.2
2026-08-18T00:55:51,119.43,54.61
2026-08-18T00:55:52,115.48,50.71
2026-08-18T00:55:53,112.52,47.8
2026-08-18T00:55:54,110.82,46.12
2026-08-18T00:55:55,110.03,45.35
2026-08-18T00:55:56,110.3,45.61
2026-08-18T00:55:57,110.1,45.42
2026-08-18T00:55:58,109.53,44.85
2026-08-18T00:55:59,109.61,44.93
2026-08-18T00:56:00,109.06,44.39
2026-08-18T00:56:01,109.21,44.53
2026-08-18T00:56:02,108.77,44.11
2026-08-18T00:56:03,108.84,44.17
2026-08-18T00:56:04,108.74,44.07
2026-08-18T00:56:05,108.79,44.12
2026-08-18T00:56:06,108.69,44.02
2026-08-18T00:56:07,108.61,43.94
2026-08-18T00:56:08,109.03,44.36
2026-08-18T00:56:09,108.93,44.25
2026-08-18T00:56:10,109.15,44.47
2026-08-18T00:56:11,108.92,44.25
2026-08-18T00:56:12,108.89,44.22
2026-08-18T00:56:13,109.21,44.53
2026-08-18T00:56:14,108.81,44.14
2026-08-18T00:56:15,108.98,44.31
2026-08-18T00:56:16,108.99,44.32
2026-08-18T00:56:17,109.38,44.71
2026-08-18T00:56:18,109.15,44.47
2026-08-18T00:56:19,109.0,44.33
2026-08-18T00:56:20,109.45,44.77
2026-08-18T00:56:21,109.12,44.44
2026-08-18T00:56:22,109.39,44.71
2026-08-18T00:56:23,109.31,44.63
2026-08-18T00:56:24,109.23,44.56
2026-08-18T00:56:25,108.7,44.04
2026-08-18T00:56:26,109.02,44.35
2026-08-18T00:56:27,108.8,44.13
2026-08-18T00:56:28,108.69,44.02
2026-08-18T00:56:29,109.0,44.32
2026-08-18T00:56:30,108.83,44.16
2026-08-18T00:56:31,108.31,43.64
2026-08-18T00:56:32,108.95,44.28
2026-08-18T00:56:33,109.11,44.43
2026-08-18T00:56:34,108.81,44.14
2026-08-18T00:56:35,109.37,44.69
2026-08-18T00:56:36,108.82,44.15
2026-08-18T00:56:37,109.06,44.39
2026-08-18T00:56:38,109.22,44.54
2026-08-18T00:56:39,109.09,44.42
2026-08-18T00:56:40,109.1,44.42
2026-08-18T00:56:41,108.7,44.03
2026-08-18T00:56:42,108.58,43.91
2026-08-18T00:56:43,108.52,43.86
2026-08-18T00:56:44,108.83,44.16
2026-08-18T00:56:45,108.52,43.86
2026-08-18T00:56:46,108.64,43.97
2026-08-18T00:56:47,108.57,43.9
2026-08-18T00:56:48,108.7,44.03
2026-08-18T00:56:49,109.02,44.35
2026-08-18T00:56:50,108.57,43.9
2026-08-18T00:56:51,108.99,44.32
2026-08-18T00:56:52,108.66,43.99
2026-08-18T00:56:53,108.96,44.29
2026-08-18T00:56:54,108.83,44.16
2026-08-18T00:56:55,108.7,44.03
2026-08-18T00:56:56,108.23,43.57
2026-08-18T00:56:57,108.85,44.18
2026-08-18T00:56:58,109.11,44.44
2026-08-18T00:56:59,108.37,43.7
2026-08-18T00:57:00,108.33,43.67
2026-08-18T00:57:01,109.01,44.34
2026-08-18T00:57:02,108.69,44.02
2026-08-18T00:57:03,108.59,43.93
2026-08-18T00:57:04,108.95,44.28
2026-08-18T00:57:05,109.05,44.38
2026-08-18T00:57:06,109.5,44.82
2026-08-18T00:57:07,109.17,44.49
2026-08-18T00:57:08,108.42,43.75
2026-08-18T00:57:09,109.04,44.37
2026-08-18T00:57:10,109.04,44.36
2026-08-18T00:57:11,108.88,44.21
2026-08-18T00:57:12,108.72,44.05
2026-08-18T00:57:13,108.47,43.8
2026-08-18T00:57:14,108.44,43.77
2026-08-18T00:57:15,108.3,43.64
2026-08-18T00:57:16,108.33,43.66
2026-08-18T00:57:17,108.15,43.49
2026-08-18T00:57:18,108.11,43.45
2026-08-18T00:57:19,108.61,43.94
2026-08-18T00:57:20,108.38,43.72
2026-08-18T00:57:21,108.68,44.01
2026-08-18T00:57:22,108.51,43.85
2026-08-18T00:57:23,108.8,44.13
2026-08-18T00:57:24,108.38,43.72
2026-08-18T00:57:25,108.24,43.58
2026-08-18T00:57:26,108.6,43.94
2026-08-18T00:57:27,108.19,43.53
2026-08-18T00:57:28,108.44,43.77
2026-08-18T00:57:29,108.7,44.04
2026-08-18T00:57:30,108.33,43.66
2026-08-18T00:57:31,108.89,44.22
2026-08-18T00:57:32,108.41,43.75
2026-08-18T00:57:33,108.84,44.17
2026-08-18T00:57:34,108.49,43.83
2026-08-18T00:57:35,108.45,43.79
2026-08-18T00:57:36,108.5,43.83
2026-08-18T00:57:37,108.17,43.51
2026-08-18T00:57:38,108.67,44.0
2026-08-18T00:57:39,108.58,43.92
2026-08-18T00:57:40,108.6,43.93
2026-08-18T00:57:41,108.77,44.1
2026-08-18T00:57:42,108.55,43.88
2026-08-18T00:57:43,108.56,43.89
2026-08-18T00:57:44,108.25,43.59
2026-08-18T00:57:45,108.63,43.96
2026-08-18T00:57:46,108.45,43.79
2026-08-18T00:57:47,108.57,43.9
2026-08-18T00:57:48,108.69,44.02
2026-08-18T00:57:49,108.2,43.54
2026-08-18T00:57:50,108.49,43.83
2026-08-18T00:57:51,108.74,44.07
2026-08-18T00:57:52,108.49,43.83
2026-08-18T00:57:53,108.41,43.75
2026-08-18T00:57:54,108.58,43.91
2026-08-18T00:57:55,108.25,43.59
2026-08-18T00:57:56,108.54,43.88
2026-08-18T00:57:57,108.84,44.17
2026-08-18T00:57:58,108.55,43.89
2026-08-18T00:57:59,108.11,43.45
2026-08-18T00:58:00,107.9,43.24
2026-08-18T00:58:01,108.47,43.8
2026-08-18T00:58:02,108.79,44.12
2026-08-18T00:58:03,108.98,44.31
2026-08-18T00:58:04,108.58,43.92
2026-08-18T00:58:05,108.89,44.22
2026-08-18T00:58:06,108.71,44.04
2026-08-18T00:58:07,108.5,43.83
2026-08-18T00:58:08,108.16,43.5
2026-08-18T00:58:09,108.59,43.92
2026-08-18T00:58:10,108.13,43.47
2026-08-18T00:58:11,108.83,44.16
2026-08-18T00:58:12,108.43,43.76
2026-08-18T00:58:13,108.67,44.0
2026-08-18T00:58:14,108.38,43.71
2026-08-18T00:58:15,108.49,43.82
2026-08-18T00:58:16,108.32,43.66
2026-08-18T00:58:17,108.3,43.64
2026-08-18T00:58:18,108.19,43.53
2026-08-18T00:58:19,108.25,43.59
2026-08-18T00:58:20,108.85,44.18
2026-08-18T00:58:21,108.35,43.69
2026-08-18T00:58:22,108.3,43.63
2026-08-18T00:58:23,108.32,43.66
2026-08-18T00:58:24,108.78,44.11
2026-08-18T00:58:25,108.7,44.03
2026-08-18T00:58:26,108.71,44.04
2026-08-18T00:58:27,108.8,44.13
2026-08-18T00:58:28,108.46,43.8
2026-08-18T00:58:29,108.35,43.68
2026-08-18T00:58:30,108.14,43.48
2026-08-18T00:58:31,108.86,44.19
2026-08-18T00:58:32,108.49,43.83
2026-08-18T00:58:33,108.85,44.18
2026-08-18T00:58:34,108.64,43.98
2026-08-18T00:58:35,109.0,44.33
2026-08-18T00:58:36,108.45,43.79
2026-08-18T00:58:37,108.65,43.98
2026-08-18T00:58:38,108.78,44.11
2026-08-18T00:58:39,108.6,43.93
2026-08-18T00:58:40,108.73,44.06
2026-08-18T00:58:41,108.59,43.92
2026-08-18T00:58:42,108.57,43.9
2026-08-18T00:58:43,108.58,43.91
2026-08-18T00:58:44,108.75,44.08
2026-08-18T00:58:45,108.48,43.82
2026-08-18T00:58:46,108.94,44.27
2026-08-18T00:58:47,109.03,44.35
2026-08-18T00:58:48,108.49,43.83
2026-08-18T00:58:49,108.7,44.03
2026-08-18T00:58:50,108.87,44.2
2026-08-18T00:58:51,108.63,43.96
2026-08-18T00:58:52,108.66,43.99
2026-08-18T00:58:53,108.35,43.69
2026-08-18T00:58:54,108.45,43.78
2026-08-18T00:58:55,108.74,44.07
2026-08-18T00:58:56,108.54,43.87
2026-08-18T00:58:57,108.33,43.66
2026-08-18T00:58:58,108.53,43.87
2026-08-18T00:58:59,108.59,43.93
2026-08-18T00:59:00,108.93,44.26
2026-08-18T00:59:01,108.62,43.96
2026-08-18T00:59:02,108.94,44.27
2026-08-18T00:59:03,109.51,44.83
2026-08-18T00:59:04,109.04,44.37
2026-08-18T00:59:05,108.7,44.04
2026-08-18T00:59:06,109.1,44.42
2026-08-18T00:59:07,108.54,43.88
2026-08-18T00:59:08,108.8,44.13
2026-08-18T00:59:09,108.46,43.79
2026-08-18T00:59:10,108.75,44.08
2026-08-18T00:59:11,108.58,43.92
2026-08-18T00:59:12,108.91,44.23
2026-08-18T00:59:13,109.3,44.63
2026-08-18T00:59:14,108.87,44.2
2026-08-18T00:59:15,108.68,44.01
2026-08-18T00:59:16,109.09,44.41
2026-08-18T00:59:17,108.93,44.26
2026-08-18T00:59:18,109.23,44.56
2026-08-18T00:59:19,109.21,44.53
2026-08-18T00:59:20,109.14,44.47
2026-08-18T00:59:21,109.62,44.94
2026-08-18T00:59:22,109.65,44.97
2026-08-18T00:59:23,110.07,45.38
2026-08-18T00:59:24,110.53,45.83
2026-08-18T00:59:25,111.25,46.54
2026-08-18T00:59:26,112.89,48.16
2026-08-18T00:59:27,113.77,49.03
2026-08-18T00:59:28,115.77,51.0
2026-08-18T00:59:29,118.34,53.54
2026-08-18T00:59:30,120.29,55.46
2026-08-18T00:59:31,121.97,57.11
2026-08-18T00:59:32,125.88,60.96
2026-08-18T00:59:33,125.34,60.44
2026-08-18T00:59:34,123.49,58.61
2026-08-18T00:59:35,120.13,55.3
2026-08-18T00:59:36,116.69,51.91
2026-08-18T00:59:37,114.32,49.57
2026-08-18T00:59:38,112.05,47.34
2026-08-18T00:59:39,111.37,46.67
2026-08-18T00:59:40,112.04,47.32
2026-08-18T00:59:41,110.99,46.28
2026-08-18T00:59:42,110.13,45.44
2026-08-18T00:59:43,111.38,46.68
2026-08-18T00:59:44,110.65,45.95
2026-08-18T00:59:45,110.31,45.62
2026-08-18T00:59:46,109.5,44.82
2026-08-18T00:59:47,109.75,45.06
2026-08-18T00:59:48,109.79,45.1
2026-08-18T00:59:49,110.02,45.33
2026-08-18T00:59:50,109.71,45.03
2026-08-18T00:59:51,109.39,44.71
2026-08-18T00:59:52,109.07,44.4
2026-08-18T00:59:53,108.97,44.3
2026-08-18T00:59:54,108.77,44.1
2026-08-18T00:59:55,108.64,43.97
2026-08-18T00:59:56,108.85,44.18
2026-08-18T00:59:57,109.16,44.49
2026-08-18T00:59:58,108.98,44.31
2026-08-18T00:59:59,109.15,44.48
2026-08-18T01:00:00,109.28,44.6
2026-08-18T01:00:01,108.72,44.05
2026-08-18T01:00:02,108.83,44.16
2026-08-18T01:00:03,109.34,44.67
2026-08-18T01:00:04,109.86,45.18
2026-08-18T01:00:05,111.46,46.76
2026-08-18T01:00:06,112.47,47.75
2026-08-18T01:00:07,111.66,46.95
2026-08-18T01:00:08,110.8,46.1
2026-08-18T01:00:09,109.85,45.16
2026-08-18T01:00:10,109.83,45.15
2026-08-18T01:00:11,109.81,45.13
2026-08-18T01:00:12,109.68,45.0
2026-08-18T01:00:13,109.39,44.72
2026-08-18T01:00:14,109.61,44.93
2026-08-18T01:00:15,110.01,45.32
2026-08-18T01:00:16,109.78,45.1
2026-08-18T01:00:17,109.46,44.78
2026-08-18T01:00:18,109.47,44.79
2026-08-18T01:00:19,109.18,44.51
2026-08-18T01:00:20,108.46,43.79
2026-08-18T01:00:21,109.16,44.48
2026-08-18T01:00:22,108.78,44.11
2026-08-18T01:00:23,108.61,43.95
2026-08-18T01:00:24,108.91,44.24
2026-08-18T01:00:25,108.54,43.87
2026-08-18T01:00:26,108.56,43.89
2026-08-18T01:00:27,108.63,43.96
2026-08-18T01:00:28,109.06,44.39
2026-08-18T01:00:29,108.82,44.15
2026-08-18T01:00:30,108.51,43.85
2026-08-18T01:00:31,108.3,43.64
2026-08-18T01:00:32,108.46,43.79
2026-08-18T01:00:33,108.38,43.72
2026-08-18T01:00:34,108.56,43.89
2026-08-18T01:00:35,108.8,44.13
2026-08-18T01:00:36,108.49,43.82
2026-08-18T01:00:37,108.73,44.06
2026-08-18T01:00:38,108.69,44.02
2026-08-18T01:00:39,108.66,43.99
2026-08-18T01:00:40,108.78,44.11
2026-08-18T01:00:41,108.54,43.87
2026-08-18T01:00:42,108.65,43.98
2026-08-18T01:00:43,108.85,44.18
2026-08-18T01:00:44,108.72,44.06
2026-08-18T01:00:45,108.59,43.92
2026-08-18T01:00:46,108.67,44.0
2026-08-18T01:00:47,108.46,43.79
2026-08-18T01:00:48,108.79,44.12
2026-08-18T01:00:49,108.69,44.02
2026-08-18T01:00:50,108.37,43.7
2026-08-18T01:00:51,108.45,43.78
2026-08-18T01:00:52,108.43,43.77
2026-08-18T01:00:53,108.7,44.03
2026-08-18T01:00:54,108.38,43.72
2026-08-18T01:00:55,108.59,43.92
2026-08-18T01:00:56,108.55,43.88
2026-08-18T01:00:57,109.21,44.53
2026-08-18T01:00:58,109.1,44.43
2026-08-18T01:00:59,108.67,44.0
2026-08-18T01:01:00,109.05,44.38
2026-08-18T01:01:01,108.84,44.17
2026-08-18T01:01:02,108.67,44.01
2026-08-18T01:01:03,108.59,43.92
2026-08-18T01:01:04,109.13,44.46
2026-08-18T01:01:05,108.56,43.9
2026-08-18T01:01:06,108.72,44.05
2026-08-18T01:01:07,108.59,43.92
2026-08-18T01:01:08,109.04,44.37
2026-08-18T01:01:09,108.53,43.86
2026-08-18T01:01:10,108.91,44.24
2026-08-18T01:01:11,108.88,44.21
2026-08-18T01:01:12,108.64,43.98
2026-08-18T01:01:13,108.19,43.53
2026-08-18T01:01:14,108.8,44.13
2026-08-18T01:01:15,108.72,44.05
2026-08-18T01:01:16,108.75,44.08
2026-08-18T01:01:17,108.84,44.17
2026-08-18T01:01:18,109.05,44.38
2026-08-18T01:01:19,108.79,44.12
2026-08-18T01:01:20,108.89,44.22
2026-08-18T01:01:21,108.81,44.14
2026-08-18T01:01:22,108.89,44.22
2026-08-18T01:01:23,108.86,44.19
2026-08-18T01:01:24,108.9,44.22
2026-08-18T01:01:25,108.55,43.88
2026-08-18T01:01:26,109.15,44.47
2026-08-18T01:01:27,108.55,43.88
2026-08-18T01:01:28,108.28,43.62
2026-08-18T01:01:29,108.85,44.18
2026-08-18T01:01:30,108.71,44.05
2026-08-18T01:01:31,108.93,44.26
2026-08-18T01:01:32,109.07,44.39
2026-08-18T01:01:33,109.23,44.55
2026-08-18T01:01:34,108.65,43.98
2026-08-18T01:01:35,108.87,44.2
2026-08-18T01:01:36,109.14,44.47
2026-08-18T01:01:37,108.75,44.08
2026-08-18T01:01:38,108.47,43.81
2026-08-18T01:01:39,109.15,44.47
2026-08-18T01:01:40,108.93,44.26
2026-08-18T01:01:41,109.26,44.58
2026-08-18T01:01:42,108.64,43.97
2026-08-18T01:01:43,108.96,44.28
2026-08-18T01:01:44,108.79,44.12
2026-08-18T01:01:45,108.71,44.05
2026-08-18T01:01:46,108.71,44.04
2026-08-18T01:01:47,108.71,44.04
2026-08-18T01:01:48,109.1,44.43
2026-08-18T01:01:49,108.96,44.29
2026-08-18T01:01:50,108.88,44.21
2026-08-18T01:01:51,108.61,43.94
2026-08-18T01:01:52,109.22,44.54
2026-08-18T01:01:53,108.86,44.19
2026-08-18T01:01:54,108.8,44.13
2026-08-18T01:01:55,108.76,44.09
2026-08-18T01:01:56,108.57,43.9
2026-08-18T01:01:57,108.86,44.19
2026-08-18T01:01:58,108.41,43.74
2026-08-18T01:01:59,108.82,44.15
2026-08-18T01:02:00,108.67,44.01
2026-08-18T01:02:01,108.82,44.15
2026-08-18T01:02:02,108.49,43.82
2026-08-18T01:02:03,108.63,43.96
2026-08-18T01:02:04,108.47,43.81
2026-08-18T01:02:05,108.83,44.16
2026-08-18T01:02:06,108.57,43.9
2026-08-18T01:02:07,109.91,45.22
2026-08-18T01:02:08,109.05,44.38
2026-08-18T01:02:09,108.08,43.42
2026-08-18T01:02:10,108.86,44.19
2026-08-18T01:02:11,108.45,43.78
2026-08-18T01:02:12,109.08,44.4
2026-08-18T01:02:13,109.44,44.76
2026-08-18T01:02:14,109.16,44.48
2026-08-18T01:02:15,108.82,44.15
2026-08-18T01:02:16,108.9,44.23
2026-08-18T01:02:17,108.86,44.19
2026-08-18T01:02:18,108.83,44.16
2026-08-18T01:02:19,108.76,44.09
2026-08-18T01:02:20,109.14,44.47
2026-08-18T01:02:21,109.06,44.39
2026-08-18T01:02:22,109.27,44.59
2026-08-18T01:02:23,108.97,44.3
2026-08-18T01:02:24,108.7,44.03
2026-08-18T01:02:25,108.69,44.02
2026-08-18T01:02:26,108.85,44.18
2026-08-18T01:02:27,108.56,43.89
2026-08-18T01:02:28,108.64,43.97
2026-08-18T01:02:29,108.52,43.85
2026-08-18T01:02:30,108.91,44.24
2026-08-18T01:02:31,108.73,44.06
2026-08-18T01:02:32,108.98,44.31
2026-08-18T01:02:33,109.27,44.59
2026-08-18T01:02:34,109.31,44.64
2026-08-18T01:02:35,109.11,44.43
2026-08-18T01:02:36,108.76,44.09
2026-08-18T01:02:37,109.14,44.47
2026-08-18T01:02:38,109.46,44.78
2026-08-18T01:02:39,108.72,44.05
2026-08-18T01:02:40,108.59,43.92
2026-08-18T01:02:41,109.2,44.52
2026-08-18T01:02:42,109.11,44.43
2026-08-18T01:02:43,108.94,44.27
2026-08-18T01:02:44,109.02,44.35
2026-08-18T01:02:45,109.14,44.46
2026-08-18T01:02:46,108.75,44.08
2026-08-18T01:02:47,108.69,44.02
2026-08-18T01:02:48,109.16,44.48
2026-08-18T01:02:49,108.91,44.24
2026-08-18T01:02:50,108.48,43.82
2026-08-18T01:02:51,109.01,44.34
2026-08-18T01:02:52,109.15,44.48
2026-08-18T01:02:53,109.05,44.38
2026-08-18T01:02:54,109.58,44.9
2026-08-18T01:02:55,110.04,45.35
2026-08-18T01:02:56,110.0,45.31
2026-08-18T01:02:57,109.52,44.84
2026-08-18T01:02:58,110.01,45.32
2026-08-18T01:02:59,109.97,45.28
2026-08-18T01:03:00,110.19,45.5
2026-08-18T01:03:01,110.15,45.47
2026-08-18T01:03:02,109.84,45.15
2026-08-18T01:03:03,109.36,44.68
2026-08-18T01:03:04,109.34,44.66
2026-08-18T01:03:05,109.0,44.33
2026-08-18T01:03:06,108.95,44.28
2026-08-18T01:03:07,109.26,44.58
2026-08-18T01:03:08,109.65,44.97
2026-08-18T01:03:09,109.12,44.45
2026-08-18T01:03:10,109.4,44.72
2026-08-18T01:03:11,109.81,45.13
2026-08-18T01:03:12,109.55,44.87
2026-08-18T01:03:13,109.62,44.94
2026-08-18T01:03:14,109.26,44.59
2026-08-18T01:03:15,109.28,44.61
2026-08-18T01:03:16,109.35,44.67
2026-08-18T01:03:17,108.64,43.98
2026-08-18T01:03:18,109.25,44.57
2026-08-18T01:03:19,109.14,44.46
2026-08-18T01:03:20,109.31,44.63
2026-08-18T01:03:21,109.35,44.67
2026-08-18T01:03:22,109.78,45.1
2026-08-18T01:03:23,109.69,45.01
2026-08-18T01:03:24,109.89,45.21
2026-08-18T01:03:25,109.75,45.07
2026-08-18T01:03:26,109.77,45.08
2026-08-18T01:03:27,109.07,44.4
2026-08-18T01:03:28,109.21,44.53
2026-08-18T01:03:29,110.33,45.64
2026-08-18T01:03:30,109.59,44.91
2026-08-18T01:03:31,109.4,44.72
2026-08-18T01:03:32,109.7,45.02
2026-08-18T01:03:33,109.44,44.77
2026-08-18T01:03:34,109.02,44.35
2026-08-18T01:03:35,109.16,44.48
2026-08-18T01:03:36,108.38,43.72
2026-08-18T01:03:37,108.99,44.32
2026-08-18T01:03:38,109.13,44.46
2026-08-18T01:03:39,108.93,44.26
2026-08-18T01:03:40,109.3,44.62
2026-08-18T01:03:41,109.09,44.41
2026-08-18T01:03:42,108.89,44.22
2026-08-18T01:03:43,108.81,44.14
2026-08-18T01:03:44,108.99,44.32
2026-08-18T01:03:45,109.01,44.34
2026-08-18T01:03:46,109.16,44.48
2026-08-18T01:03:47,109.22,44.55
2026-08-18T01:03:48,108.98,44.31
2026-08-18T01:03:49,108.98,44.31
2026-08-18T01:03:50,109.15,44.47
2026-08-18T01:03:51,108.9,44.23
2026-08-18T01:03:52,109.01,44.34
2026-08-18T01:03:53,108.62,43.96
2026-08-18T01:03:54,109.15,44.47
2026-08-18T01:03:55,109.43,44.75
2026-08-18T01:03:56,109.32,44.64
2026-08-18T01:03:57,108.77,44.11
2026-08-18T01:03:58,108.98,44.31
2026-08-18T01:03:59,109.77,45.09
2026-08-18T01:04:00,109.04,44.37
2026-08-18T01:04:01,109.03,44.36
2026-08-18T01:04:02,109.43,44.75
2026-08-18T01:04:03,109.08,44.41
2026-08-18T01:04:04,108.85,44.18
2026-08-18T01:04:05,109.38,44.7
2026-08-18T01:04:06,109.21,44.54
2026-08-18T01:04:07,109.16,44.49
2026-08-18T01:04:08,109.35,44.67
2026-08-18T01:04:09,110.2,45.51
2026-08-18T01:04:10,109.37,44.7
2026-08-18T01:04:11,109.37,44.7
2026-08-18T01:04:12,109.75,45.07
2026-08-18T01:04:13,109.28,44.6
2026-08-18T01:04:14,110.59,45.89
2026-08-18T01:04:15,110.54,45.85
2026-08-18T01:04:16,109.6,44.92
2026-08-18T01:04:17,109.51,44.83
2026-08-18T01:04:18,109.27,44.6
2026-08-18T01:04:19,109.43,44.75
2026-08-18T01:04:20,109.29,44.61
2026-08-18T01:04:21,109.88,45.19
2026-08-18T01:04:22,109.05,44.38
2026-08-18T01:04:23,109.2,44.53
2026-08-18T01:04:24,109.32,44.65
2026-08-18T01:04:25,109.24,44.56
2026-08-18T01:04:26,108.79,44.12
2026-08-18T01:04:27,109.25,44.57
2026-08-18T01:04:28,108.92,44.25
2026-08-18T01:04:29,108.88,44.21
2026-08-18T01:04:30,109.26,44.58
2026-08-18T01:04:31,109.33,44.65
2026-08-18T01:04:32,109.17,44.49
2026-08-18T01:04:33,109.0,44.33
2026-08-18T01:04:34,109.18,44.5
2026-08-18T01:04:35,109.17,44.49
2026-08-18T01:04:36,109.37,44.69
2026-08-18T01:04:37,109.16,44.48
2026-08-18T01:04:38,109.16,44.49
2026-08-18T01:04:39,108.86,44.19
2026-08-18T01:04:40,110.03,45.35
2026-08-18T01:04:41,111.67,46.96
2026-08-18T01:04:42,110.74,46.04
2026-08-18T01:04:43,109.59,44.91
2026-08-18T01:04:44,109.01,44.34
2026-08-18T01:04:45,111.3,46.6
2026-08-18T01:04:46,111.88,47.16
2026-08-18T01:04:47,111.34,46.64
2026-08-18T01:04:48,112.34,47.62
2026-08-18T01:04:49,113.54,48.8
2026-08-18T01:04:50,109.6,44.92
2026-08-18T01:04:51,109.27,44.59
2026-08-18T01:04:52,109.33,44.65
2026-08-18T01:04:53,109.63,44.95
2026-08-18T01:04:54,109.53,44.85
2026-08-18T01:04:55,109.1,44.43
2026-08-18T01:04:56,109.43,44.75
2026-08-18T01:04:57,109.22,44.54
2026-08-18T01:04:58,109.31,44.63
2026-08-18T01:04:59,109.15,44.47
2026-08-18T01:05:00,109.69,45.01
2026-08-18T01:05:01,109.43,44.76
2026-08-18T01:05:02,109.02,44.35
2026-08-18T01:05:03,109.05,44.38
2026-08-18T01:05:04,109.23,44.56
2026-08-18T01:05:05,109.21,44.54
2026-08-18T01:05:06,109.43,44.76
2026-08-18T01:05:07,109.28,44.61
2026-08-18T01:05:08,109.02,44.35
2026-08-18T01:05:09,108.96,44.29
2026-08-18T01:05:10,108.77,44.1
2026-08-18T01:05:11,109.01,44.33
2026-08-18T01:05:12,109.74,45.05
2026-08-18T01:05:13,110.82,46.12
2026-08-18T01:05:14,110.62,45.93
2026-08-18T01:05:15,109.61,44.93
2026-08-18T01:05:16,109.61,44.93
2026-08-18T01:05:17,109.21,44.54
2026-08-18T01:05:18,109.09,44.41
2026-08-18T01:05:19,109.14,44.46
2026-08-18T01:05:20,109.23,44.56
2026-08-18T01:05:21,108.8,44.13
2026-08-18T01:05:22,108.78,44.11
2026-08-18T01:05:23,108.91,44.24
2026-08-18T01:05:24,109.22,44.54
2026-08-18T01:05:25,108.64,43.97
2026-08-18T01:05:26,109.14,44.46
2026-08-18T01:05:27,108.91,44.24
2026-08-18T01:05:28,109.19,44.51
2026-08-18T01:05:29,108.78,44.11
2026-08-18T01:05:30,109.08,44.4
2026-08-18T01:05:31,109.31,44.64
2026-08-18T01:05:32,109.16,44.48
2026-08-18T01:05:33,108.73,44.06
2026-08-18T01:05:34,109.05,44.38
2026-08-18T01:05:35,109.22,44.54
2026-08-18T01:05:36,109.14,44.46
2026-08-18T01:05:37,109.24,44.57
2026-08-18T01:05:38,109.27,44.59
2026-08-18T01:05:39,109.04,44.36
2026-08-18T01:05:40,109.04,44.36
2026-08-18T01:05:41,110.92,46.22
2026-08-18T01:05:42,109.35,44.67
2026-08-18T01:05:43,109.19,44.51
2026-08-18T01:05:44,109.05,44.37
2026-08-18T01:05:45,109.37,44.69
2026-08-18T01:05:46,109.9,45.21
2026-08-18T01:05:47,110.01,45.32
2026-08-18T01:05:48,110.26,45.57
2026-08-18T01:05:49,110.27,45.58
2026-08-18T01:05:50,109.6,44.92
2026-08-18T01:05:51,110.55,45.86
2026-08-18T01:05:52,110.77,46.07
2026-08-18T01:05:53,109.39,44.71
2026-08-18T01:05:54,110.22,45.53
2026-08-18T01:05:55,109.81,45.13
2026-08-18T01:05:56,109.33,44.66
2026-08-18T01:05:57,109.73,45.05
2026-08-18T01:05:58,109.32,44.65
2026-08-18T01:05:59,109.41,44.73
2026-08-18T01:06:00,109.45,44.77
2026-08-18T01:06:01,109.81,45.12
2026-08-18T01:06:02,109.5,44.82
2026-08-18T01:06:03,109.47,44.79
2026-08-18T01:06:04,109.15,44.48
2026-08-18T01:06:05,109.49,44.81
2026-08-18T01:06:06,109.13,44.46
2026-08-18T01:06:07,109.51,44.83
2026-08-18T01:06:08,109.06,44.38
2026-08-18T01:06:09,109.56,44.88
2026-08-18T01:06:10,109.15,44.48
2026-08-18T01:06:11,109.8,45.12
2026-08-18T01:06:12,110.0,45.31
2026-08-18T01:06:13,109.82,45.13
2026-08-18T01:06:14,109.49,44.81
2026-08-18T01:06:15,109.7,45.02
2026-08-18T01:06:16,109.83,45.15
2026-08-18T01:06:17,109.35,44.67
2026-08-18T01:06:18,109.36,44.68
2026-08-18T01:06:19,109.16,44.48
2026-08-18T01:06:20,109.12,44.45
2026-08-18T01:06:21,109.19,44.52
2026-08-18T01:06:22,109.64,44.96
2026-08-18T01:06:23,108.67,44.0
2026-08-18T01:06:24,109.62,44.94
2026-08-18T01:06:25,109.63,44.95
2026-08-18T01:06:26,109.64,44.96
2026-08-18T01:06:27,109.3,44.62
2026-08-18T01:06:28,109.2,44.53
2026-08-18T01:06:29,109.03,44.36
2026-08-18T01:06:30,109.38,44.71
2026-08-18T01:06:31,109.01,44.34
2026-08-18T01:06:32,109.22,44.55
2026-08-18T01:06:33,109.71,45.03
2026-08-18T01:06:34,108.65,43.99
2026-08-18T01:06:35,109.12,44.45
2026-08-18T01:06:36,109.58,44.9
2026-08-18T01:06:37,109.23,44.56
2026-08-18T01:06:38,109.25,44.57
2026-08-18T01:06:39,109.24,44.56
2026-08-18T01:06:40,109.26,44.58
2026-08-18T01:06:41,109.24,44.56
2026-08-18T01:06:42,109.21,44.53
2026-08-18T01:06:43,108.89,44.22
2026-08-18T01:06:44,109.23,44.55
2026-08-18T01:06:45,109.32,44.64
2026-08-18T01:06:46,109.03,44.36
2026-08-18T01:06:47,109.13,44.45
2026-08-18T01:06:48,109.09,44.42
2026-08-18T01:06:49,109.19,44.52
2026-08-18T01:06:50,109.05,44.38
2026-08-18T01:06:51,109.15,44.48
2026-08-18T01:06:52,109.44,44.76
2026-08-18T01:06:53,109.6,44.92
2026-08-18T01:06:54,109.77,45.08
2026-08-18T01:06:55,109.58,44.9
2026-08-18T01:06:56,110.08,45.4
2026-08-18T01:06:57,109.72,45.04
2026-08-18T01:06:58,109.85,45.16
2026-08-18T01:06:59,109.47,44.79
2026-08-18T01:07:00,109.64,44.95
2026-08-18T01:07:01,109.79,45.11
2026-08-18T01:07:02,109.53,44.85
2026-08-18T01:07:03,109.34,44.66
2026-08-18T01:07:04,109.56,44.88
2026-08-18T01:07:05,109.67,44.98
2026-08-18T01:07:06,109.52,44.84
2026-08-18T01:07:07,109.5,44.82
2026-08-18T01:07:08,110.06,45.37
2026-08-18T01:07:09,111.04,46.34
2026-08-18T01:07:10,112.22,47.51
2026-08-18T01:07:11,112.55,47.83
2026-08-18T01:07:12,113.22,48.49
2026-08-18T01:07:13,113.95,49.21
2026-08-18T01:07:14,116.26,51.49
2026-08-18T01:07:15,119.27,54.45
2026-08-18T01:07:16,120.33,55.5
2026-08-18T01:07:17,122.75,57.88
2026-08-18T01:07:18,124.72,59.82
2026-08-18T01:07:19,126.19,61.27
2026-08-18T01:07:20,125.98,61.07
2026-08-18T01:07:21,127.6,62.67
2026-08-18T01:07:22,129.26,64.3
2026-08-18T01:07:23,129.94,64.97
2026-08-18T01:07:24,130.29,65.32
2026-08-18T01:07:25,128.77,63.82
2026-08-18T01:07:26,125.25,60.35
2026-08-18T01:07:27,122.55,57.69
2026-08-18T01:07:28,120.12,55.29
2026-08-18T01:07:29,118.83,54.02
2026-08-18T01:07:30,117.26,52.47
2026-08-18T01:07:31,116.05,51.28
2026-08-18T01:07:32,115.3,50.54
2026-08-18T01:07:33,113.99,49.25
2026-08-18T01:07:34,112.46,47.74
2026-08-18T01:07:35,112.3,47.58
2026-08-18T01:07:36,111.39,46.68
2026-08-18T01:07:37,111.75,47.04
2026-08-18T01:07:38,111.49,46.78
2026-08-18T01:07:39,110.24,45.55
2026-08-18T01:07:40,110.23,45.54
2026-08-18T01:07:41,110.2,45.51
2026-08-18T01:07:42,109.54,44.86
2026-08-18T01:07:43,109.88,45.2
2026-08-18T01:07:44,109.93,45.25
2026-08-18T01:07:45,109.96,45.28
2026-08-18T01:07:46,109.94,45.25
2026-08-18T01:07:47,110.36,45.67
2026-08-18T01:07:48,109.9,45.21
2026-08-18T01:07:49,109.36,44.69
2026-08-18T01:07:50,109.79,45.11
2026-08-18T01:07:51,109.46,44.78
2026-08-18T01:07:52,109.33,44.65
2026-08-18T01:07:53,109.86,45.17
2026-08-18T01:07:54,109.68,45.0
2026-08-18T01:07:55,109.67,44.98
2026-08-18T01:07:56,109.51,44.83
2026-08-18T01:07:57,109.53,44.85
2026-08-18T01:07:58,109.7,45.01
2026-08-18T01:07:59,110.04,45.36
2026-08-18T01:08:00,109.45,44.77
2026-08-18T01:08:01,109.73,45.05
2026-08-18T01:08:02,109.36,44.68
2026-08-18T01:08:03,109.65,44.97
2026-08-18T01:08:04,109.68,44.99
2026-08-18T01:08:05,109.85,45.17
2026-08-18T01:08:06,110.17,45.48
2026-08-18T01:08:07,109.81,45.13
2026-08-18T01:08:08,109.36,44.69
2026-08-18T01:08:09,109.52,44.84
2026-08-18T01:08:10,109.95,45.26
2026-08-18T01:08:11,109.79,45.11
2026-08-18T01:08:12,109.6,44.92
2026-08-18T01:08:13,109.8,45.11
2026-08-18T01:08:14,109.55,44.87
2026-08-18T01:08:15,110.12,45.43
2026-08-18T01:08:16,109.74,45.06
2026-08-18T01:08:17,110.2,45.51
2026-08-18T01:08:18,110.4,45.71
2026-08-18T01:08:19,109.57,44.89
2026-08-18T01:08:20,109.5,44.82
2026-08-18T01:08:21,109.45,44.77
2026-08-18T01:08:22,109.62,44.94
2026-08-18T01:08:23,110.14,45.45
2026-08-18T01:08:24,110.68,45.98
2026-08-18T01:08:25,109.39,44.72
2026-08-18T01:08:26,109.43,44.75
2026-08-18T01:08:27,109.35,44.67
2026-08-18T01:08:28,109.84,45.15
2026-08-18T01:08:29,109.43,44.75
2026-08-18T01:08:30,110.52,45.83
2026-08-18T01:08:31,110.7,46.0
2026-08-18T01:08:32,110.1,45.41
2026-08-18T01:08:33,110.4,45.71
2026-08-18T01:08:34,110.19,45.5
2026-08-18T01:08:35,110.0,45.31
2026-08-18T01:08:36,110.22,45.53
2026-08-18T01:08:37,110.46,45.77
2026-08-18T01:08:38,111.06,46.36
2026-08-18T01:08:39,110.98,46.28
2026-08-18T01:08:40,111.15,46.45
2026-08-18T01:08:41,111.11,46.41
2026-08-18T01:08:42,111.07,46.36
2026-08-18T01:08:43,112.27,47.56
2026-08-18T01:08:44,110.91,46.21
2026-08-18T01:08:45,111.51,46.8
2026-08-18T01:08:46,111.58,46.87
2026-08-18T01:08:47,110.07,45.38
2026-08-18T01:08:48,110.15,45.46
2026-08-18T01:08:49,110.68,45.99
2026-08-18T01:08:50,111.71,47.0
2026-08-18T01:08:51,111.35,46.64
2026-08-18T01:08:52,111.36,46.65
2026-08-18T01:08:53,111.82,47.11
2026-08-18T01:08:54,111.47,46.77
2026-08-18T01:08:55,111.1,46.39
2026-08-18T01:08:56,110.48,45.78
2026-08-18T01:08:57,111.18,46.47
2026-08-18T01:08:58,111.0,46.3
2026-08-18T01:08:59,110.35,45.65
2026-08-18T01:09:00,109.84,45.16
2026-08-18T01:09:01,109.7,45.02
2026-08-18T01:09:02,110.04,45.35
2026-08-18T01:09:03,109.81,45.13
2026-08-18T01:09:04,109.85,45.17
2026-08-18T01:09:05,109.97,45.28
2026-08-18T01:09:06,109.42,44.74
2026-08-18T01:09:07,109.61,44.93
2026-08-18T01:09:08,109.83,45.15
2026-08-18T01:09:09,109.71,45.03
2026-08-18T01:09:10,109.84,45.15
2026-08-18T01:09:11,109.83,45.15
2026-08-18T01:09:12,109.66,44.98
2026-08-18T01:09:13,109.69,45.0
2026-08-18T01:09:14,109.91,45.23
2026-08-18T01:09:15,109.88,45.2
2026-08-18T01:09:16,110.48,45.79
2026-08-18T01:09:17,109.57,44.89
2026-08-18T01:09:18,109.97,45.29
2026-08-18T01:09:19,109.7,45.02
2026-08-18T01:09:20,109.53,44.85
2026-08-18T01:09:21,109.41,44.73
2026-08-18T01:09:22,109.55,44.87
2026-08-18T01:09:23,109.57,44.89
2026-08-18T01:09:24,109.95,45.26
2026-08-18T01:09:25,109.99,45.3
2026-08-18T01:09:26,109.6,44.92
2026-08-18T01:09:27,110.28,45.59
2026-08-18T01:09:28,110.16,45.47
2026-08-18T01:09:29,110.91,46.21
2026-08-18T01:09:30,111.11,46.41
2026-08-18T01:09:31,111.05,46.35
2026-08-18T01:09:32,109.64,44.96
2026-08-18T01:09:33,109.56,44.88
2026-08-18T01:09:34,110.05,45.36
2026-08-18T01:09:35,109.41,44.74
2026-08-18T01:09:36,109.68,45.0
2026-08-18T01:09:37,110.12,45.44
2026-08-18T01:09:38,110.2,45.51
2026-08-18T01:09:39,110.73,46.03
2026-08-18T01:09:40,110.82,46.12
2026-08-18T01:09:41,110.44,45.75
2026-08-18T01:09:42,110.3,45.61
2026-08-18T01:09:43,110.41,45.72
2026-08-18T01:09:44,110.6,45.91
2026-08-18T01:09:45,112.27,47.55
2026-08-18T01:09:46,110.18,45.49
2026-08-18T01:09:47,110.43,45.74
2026-08-18T01:09:48,110.14,45.45
2026-08-18T01:09:49,109.68,45.0
2026-08-18T01:09:50,109.28,44.61
2026-08-18T01:09:51,109.5,44.82
2026-08-18T01:09:52,109.86,45.17
2026-08-18T01:09:53,109.3,44.63
2026-08-18T01:09:54,109.81,45.13
2026-08-18T01:09:55,109.49,44.81
2026-08-18T01:09:56,109.51,44.83
2026-08-18T01:09:57,109.32,44.65
2026-08-18T01:09:58,109.15,44.48
2026-08-18T01:09:59,109.66,44.98
2026-08-18T01:10:00,108.86,44.19
2026-08-18T01:10:01,108.85,44.18
2026-08-18T01:10:02,109.15,44.47
2026-08-18T01:10:03,109.02,44.35
2026-08-18T01:10:04,108.62,43.95
2026-08-18T01:10:05,108.83,44.16
2026-08-18T01:10:06,109.14,44.47
2026-08-18T01:10:07,108.71,44.05
2026-08-18T01:10:08,109.12,44.45
2026-08-18T01:10:09,109.4,44.72
2026-08-18T01:10:10,108.91,44.24
2026-08-18T01:10:11,109.01,44.33
2026-08-18T01:10:12,108.85,44.18
2026-08-18T01:10:13,109.18,44.51
2026-08-18T01:10:14,109.27,44.59
2026-08-18T01:10:15,109.22,44.54
2026-08-18T01:10:16,109.23,44.55
2026-08-18T01:10:17,109.13,44.46
2026-08-18T01:10:18,109.04,44.37
2026-08-18T01:10:19,109.04,44.36
2026-08-18T01:10:20,108.92,44.24
2026-08-18T01:10:21,109.56,44.88
2026-08-18T01:10:22,109.53,44.85
2026-08-18T01:10:23,109.29,44.61
2026-08-18T01:10:24,109.02,44.35
2026-08-18T01:10:25,109.32,44.64
2026-08-18T01:10:26,108.97,44.3
2026-08-18T01:10:27,109.1,44.42
2026-08-18T01:10:28,108.63,43.96
2026-08-18T01:10:29,108.53,43.87
2026-08-18T01:10:30,109.1,44.42
2026-08-18T01:10:31,110.13,45.44
2026-08-18T01:10:32,108.82,44.15
2026-08-18T01:10:33,109.22,44.54
2026-08-18T01:10:34,109.14,44.47
2026-08-18T01:10:35,109.15,44.48
2026-08-18T01:10:36,108.81,44.14
2026-08-18T01:10:37,109.3,44.62
2026-08-18T01:10:38,109.26,44.58
2026-08-18T01:10:39,110.08,45.4
2026-08-18T01:10:40,109.21,44.53
2026-08-18T01:10:41,108.8,44.13
2026-08-18T01:10:42,108.69,44.02
2026-08-18T01:10:43,109.13,44.46
2026-08-18T01:10:44,108.58,43.92
2026-08-18T01:10:45,108.7,44.03
2026-08-18T01:10:46,108.7,44.04
2026-08-18T01:10:47,108.85,44.18
2026-08-18T01:10:48,108.74,44.07
2026-08-18T01:10:49,108.7,44.03
2026-08-18T01:10:50,108.52,43.85
2026-08-18T01:10:51,108.96,44.29
2026-08-18T01:10:52,109.04,44.37
2026-08-18T01:10:53,109.46,44.78
2026-08-18T01:10:54,109.11,44.44
2026-08-18T01:10:55,108.93,44.26
2026-08-18T01:10:56,109.23,44.55
2026-08-18T01:10:57,109.15,44.47
2026-08-18T01:10:58,109.66,44.98
2026-08-18T01:10:59,109.45,44.77
2026-08-18T01:11:00,108.38,43.71
2026-08-18T01:11:01,108.63,43.97
2026-08-18T01:11:02,109.23,44.55
2026-08-18T01:11:03,109.26,44.58
2026-08-18T01:11:04,109.22,44.55
2026-08-18T01:11:05,108.85,44.18
2026-08-18T01:11:06,108.87,44.2
2026-08-18T01:11:07,108.7,44.03
2026-08-18T01:11:08,108.98,44.3
2026-08-18T01:11:09,109.03,44.36
2026-08-18T01:11:10,108.81,44.14
2026-08-18T01:11:11,108.79,44.12
2026-08-18T01:11:12,108.36,43.7
2026-08-18T01:11:13,108.4,43.74
2026-08-18T01:11:14,108.93,44.26
2026-08-18T01:11:15,108.72,44.06
2026-08-18T01:11:16,108.89,44.22
2026-08-18T01:11:17,108.7,44.04
2026-08-18T01:11:18,109.05,44.37
2026-08-18T01:11:19,108.84,44.17
2026-08-18T01:11:20,109.08,44.41
2026-08-18T01:11:21,109.12,44.44
2026-08-18T01:11:22,108.58,43.91
2026-08-18T01:11:23,108.71,44.04
2026-08-18T01:11:24,108.73,44.06
2026-08-18T01:11:25,109.28,44.6
2026-08-18T01:11:26,108.87,44.2
2026-08-18T01:11:27,108.69,44.03
2026-08-18T01:11:28,108.97,44.3
2026-08-18T01:11:29,109.1,44.43
2026-08-18T01:11:30,108.84,44.17
2026-08-18T01:11:31,108.85,44.18
2026-08-18T01:11:32,109.37,44.69
2026-08-18T01:11:33,109.52,44.84
2026-08-18T01:11:34,109.39,44.72
2026-08-18T01:11:35,109.03,44.36
2026-08-18T01:11:36,109.28,44.6
2026-08-18T01:11:37,109.61,44.93
2026-08-18T01:11:38,109.97,45.28
2026-08-18T01:11:39,109.39,44.71
2026-08-18T01:11:40,108.89,44.21
2026-08-18T01:11:41,109.39,44.71
2026-08-18T01:11:42,108.98,44.3
2026-08-18T01:11:43,109.38,44.7
2026-08-18T01:11:44,109.2,44.52
2026-08-18T01:11:45,108.85,44.18
2026-08-18T01:11:46,109.4,44.72
2026-08-18T01:11:47,109.46,44.78
2026-08-18T01:11:48,110.23,45.54
2026-08-18T01:11:49,109.7,45.02
2026-08-18T01:11:50,109.55,44.87
2026-08-18T01:11:51,109.67,44.99
2026-08-18T01:11:52,109.39,44.71
2026-08-18T01:11:53,109.58,44.9
2026-08-18T01:11:54,108.77,44.1
2026-08-18T01:11:55,109.1,44.42
2026-08-18T01:11:56,109.24,44.56
2026-08-18T01:11:57,108.97,44.3
2026-08-18T01:11:58,108.83,44.16
2026-08-18T01:11:59,109.07,44.4
2026-08-18T01:12:00,108.92,44.25
2026-08-18T01:12:01,109.11,44.44
2026-08-18T01:12:02,108.82,44.15
2026-08-18T01:12:03,108.89,44.22
2026-08-18T01:12:04,108.82,44.15
2026-08-18T01:12:05,109.01,44.34
2026-08-18T01:12:06,109.31,44.63
2026-08-18T01:12:07,109.04,44.37
2026-08-18T01:12:08,109.09,44.42
2026-08-18T01:12:09,109.28,44.61
2026-08-18T01:12:10,108.88,44.21
2026-08-18T01:12:11,109.31,44.63
2026-08-18T01:12:12,109.24,44.56
2026-08-18T01:12:13,109.4,44.73
2026-08-18T01:12:14,109.34,44.66
2026-08-18T01:12:15,108.91,44.24
2026-08-18T01:12:16,109.58,44.9
2026-08-18T01:12:17,109.22,44.55
2026-08-18T01:12:18,109.36,44.69
2026-08-18T01:12:19,109.25,44.57
2026-08-18T01:12:20,108.82,44.15
2026-08-18T01:12:21,109.39,44.71
2026-08-18T01:12:22,108.82,44.15
2026-08-18T01:12:23,108.85,44.18
2026-08-18T01:12:24,108.91,44.24
2026-08-18T01:12:25,108.85,44.18
2026-08-18T01:12:26,108.92,44.25
2026-08-18T01:12:27,109.03,44.36
2026-08-18T01:12:28,109.04,44.36
2026-08-18T01:12:29,109.18,44.5
2026-08-18T01:12:30,110.03,45.34
2026-08-18T01:12:31,108.92,44.24
2026-08-18T01:12:32,109.04,44.37
2026-08-18T01:12:33,108.88,44.21
2026-08-18T01:12:34,108.62,43.95
2026-08-18T01:12:35,109.41,44.73
2026-08-18T01:12:36,108.91,44.24
2026-08-18T01:12:37,108.95,44.27
2026-08-18T01:12:38,109.04,44.37
2026-08-18T01:12:39,108.63,43.96
2026-08-18T01:12:40,108.4,43.74
2026-08-18T01:12:41,108.75,44.08
2026-08-18T01:12:42,108.55,43.88
2026-08-18T01:12:43,109.07,44.39
2026-08-18T01:12:44,108.72,44.05
2026-08-18T01:12:45,108.8,44.13
2026-08-18T01:12:46,108.64,43.97
2026-08-18T01:12:47,108.96,44.29
2026-08-18T01:12:48,108.58,43.91
2026-08-18T01:12:49,108.77,44.1
2026-08-18T01:12:50,108.63,43.96
2026-08-18T01:12:51,108.59,43.92
2026-08-18T01:12:52,108.46,43.8
2026-08-18T01:12:53,108.64,43.97
2026-08-18T01:12:54,108.69,44.03
2026-08-18T01:12:55,108.9,44.23
2026-08-18T01:12:56,108.72,44.05
2026-08-18T01:12:57,108.98,44.3
2026-08-18T01:12:58,108.8,44.13
2026-08-18T01:12:59,108.58,43.91
2026-08-18T01:13:00,108.91,44.24
2026-08-18T01:13:01,108.94,44.27
2026-08-18T01:13:02,108.99,44.31
2026-08-18T01:13:03,124.16,59.27
2026-08-18T01:13:04,111.76,47.05
2026-08-18T01:13:05,109.87,45.19
2026-08-18T01:13:06,109.87,45.18
2026-08-18T01:13:07,110.19,45.5
2026-08-18T01:13:08,110.53,45.83
2026-08-18T01:13:09,110.04,45.35
2026-08-18T01:13:10,109.84,45.15
2026-08-18T01:13:11,109.74,45.06
2026-08-18T01:13:12,108.85,44.18
2026-08-18T01:13:13,108.97,44.29
2026-08-18T01:13:14,108.81,44.14
2026-08-18T01:13:15,109.21,44.53
2026-08-18T01:13:16,108.8,44.13
2026-08-18T01:13:17,108.86,44.19
2026-08-18T01:13:18,108.59,43.92
2026-08-18T01:13:19,108.75,44.09
2026-08-18T01:13:20,108.83,44.16
2026-08-18T01:13:21,108.81,44.14
2026-08-18T01:13:22,109.05,44.37
2026-08-18T01:13:23,108.75,44.08
2026-08-18T01:13:24,108.98,44.31
2026-08-18T01:13:25,109.25,44.57
2026-08-18T01:13:26,109.08,44.41
2026-08-18T01:13:27,109.19,44.51
2026-08-18T01:13:28,108.85,44.18
2026-08-18T01:13:29,109.07,44.39
2026-08-18T01:13:30,108.76,44.09
2026-08-18T01:13:31,109.28,44.6
2026-08-18T01:13:32,109.31,44.63
2026-08-18T01:13:33,109.49,44.81
2026-08-18T01:13:34,109.72,45.04
2026-08-18T01:13:35,109.18,44.51
2026-08-18T01:13:36,108.99,44.32
2026-08-18T01:13:37,108.68,44.01
2026-08-18T01:13:38,109.15,44.47
2026-08-18T01:13:39,108.57,43.9
2026-08-18T01:13:40,108.63,43.97
2026-08-18T01:13:41,109.0,44.33
2026-08-18T01:13:42,108.64,43.97
2026-08-18T01:13:43,109.01,44.34
2026-08-18T01:13:44,109.32,44.64
2026-08-18T01:13:45,109.2,44.52
2026-08-18T01:13:46,108.97,44.29
2026-08-18T01:13:47,109.14,44.47
2026-08-18T01:13:48,109.24,44.56
2026-08-18T01:13:49,109.16,44.49
2026-08-18T01:13:50,108.89,44.22
2026-08-18T01:13:51,109.36,44.68
2026-08-18T01:13:52,109.36,44.68
2026-08-18T01:13:53,109.23,44.56
2026-08-18T01:13:54,109.2,44.53
2026-08-18T01:13:55,109.17,44.49
2026-08-18T01:13:56,109.56,44.88
2026-08-18T01:13:57,109.37,44.69
2026-08-18T01:13:58,109.25,44.58
2026-08-18T01:13:59,108.7,44.03
2026-08-18T01:14:00,109.22,44.54
2026-08-18T01:14:01,110.19,45.5
2026-08-18T01:14:02,109.77,45.08
2026-08-18T01:14:03,109.16,44.49
2026-08-18T01:14:04,108.9,44.23
2026-08-18T01:14:05,109.42,44.74
2026-08-18T01:14:06,109.03,44.36
2026-08-18T01:14:07,109.14,44.47
2026-08-18T01:14:08,109.75,45.06
2026-08-18T01:14:09,109.18,44.51
2026-08-18T01:14:10,109.6,44.92
2026-08-18T01:14:11,109.43,44.75
2026-08-18T01:14:12,109.13,44.45
2026-08-18T01:14:13,109.07,44.4
2026-08-18T01:14:14,109.2,44.52
2026-08-18T01:14:15,109.71,45.03
2026-08-18T01:14:16,109.34,44.66
2026-08-18T01:14:17,110.07,45.38
2026-08-18T01:14:18,109.44,44.76
2026-08-18T01:14:19,109.23,44.55
2026-08-18T01:14:20,109.17,44.49
2026-08-18T01:14:21,109.52,44.84
2026-08-18T01:14:22,109.44,44.76
2026-08-18T01:14:23,109.36,44.68
2026-08-18T01:14:24,109.53,44.85
2026-08-18T01:14:25,109.42,44.74
2026-08-18T01:14:26,109.41,44.73
2026-08-18T01:14:27,109.87,45.18
2026-08-18T01:14:28,110.14,45.46
2026-08-18T01:14:29,110.32,45.63
2026-08-18T01:14:30,109.33,44.66
2026-08-18T01:14:31,109.58,44.9
2026-08-18T01:14:32,110.3,45.61
2026-08-18T01:14:33,110.56,45.86
2026-08-18T01:14:34,109.64,44.96
2026-08-18T01:14:35,109.85,45.16
2026-08-18T01:14:36,109.43,44.76
2026-08-18T01:14:37,110.41,45.72
2026-08-18T01:14:38,110.1,45.41
2026-08-18T01:14:39,110.0,45.31
2026-08-18T01:14:40,109.69,45.0
2026-08-18T01:14:41,109.93,45.24
2026-08-18T01:14:42,110.64,45.94
2026-08-18T01:14:43,109.96,45.28
2026-08-18T01:14:44,110.11,45.42
2026-08-18T01:14:45,110.43,45.74
2026-08-18T01:14:46,110.14,45.45
2026-08-18T01:14:47,109.48,44.8
2026-08-18T01:14:48,109.69,45.01
2026-08-18T01:14:49,109.53,44.85
2026-08-18T01:14:50,109.85,45.16
2026-08-18T01:14:51,110.19,45.5
2026-08-18T01:14:52,112.37,47.65
2026-08-18T01:14:53,111.79,47.08
2026-08-18T01:14:54,110.82,46.13
2026-08-18T01:14:55,109.92,45.24
2026-08-18T01:14:56,109.94,45.25
2026-08-18T01:14:57,110.62,45.92
2026-08-18T01:14:58,111.17,46.46
2026-08-18T01:14:59,110.96,46.26
2026-08-18T01:15:00,109.61,44.93
2026-08-18T01:15:01,109.91,45.22
2026-08-18T01:15:02,110.14,45.45
2026-08-18T01:15:03,110.3,45.61
2026-08-18T01:15:04,110.13,45.44
2026-08-18T01:15:05,109.93,45.24
2026-08-18T01:15:06,110.36,45.67
2026-08-18T01:15:07,109.22,44.54
2026-08-18T01:15:08,109.22,44.55
2026-08-18T01:15:09,109.39,44.71
2026-08-18T01:15:10,109.32,44.64
2026-08-18T01:15:11,109.39,44.71
2026-08-18T01:15:12,109.34,44.66
2026-08-18T01:15:13,109.21,44.53
2026-08-18T01:15:14,109.03,44.36
2026-08-18T01:15:15,109.24,44.56
2026-08-18T01:15:16,109.21,44.54
2026-08-18T01:15:17,108.98,44.31
2026-08-18T01:15:18,109.32,44.64
2026-08-18T01:15:19,109.3,44.62
2026-08-18T01:15:20,109.25,44.57
2026-08-18T01:15:21,109.04,44.37
2026-08-18T01:15:22,109.08,44.41
2026-08-18T01:15:23,109.53,44.85
2026-08-18T01:15:24,109.69,45.01
2026-08-18T01:15:25,109.91,45.22
2026-08-18T01:15:26,109.19,44.52
2026-08-18T01:15:27,109.29,44.62
2026-08-18T01:15:28,109.15,44.47
2026-08-18T01:15:29,109.14,44.46
2026-08-18T01:15:30,109.16,44.48
2026-08-18T01:15:31,108.95,44.27
2026-08-18T01:15:32,109.24,44.56
2026-08-18T01:15:33,109.05,44.38
2026-08-18T01:15:34,108.84,44.17
2026-08-18T01:15:35,109.15,44.47
2026-08-18T01:15:36,108.97,44.3
2026-08-18T01:15:37,109.08,44.4
2026-08-18T01:15:38,108.89,44.22
2026-08-18T01:15:39,109.02,44.35
2026-08-18T01:15:40,108.92,44.25
2026-08-18T01:15:41,109.33,44.65
2026-08-18T01:15:42,109.22,44.54
2026-08-18T01:15:43,109.09,44.42
2026-08-18T01:15:44,109.5,44.83
2026-08-18T01:15:45,109.26,44.58
2026-08-18T01:15:46,109.26,44.58
2026-08-18T01:15:47,109.32,44.64
2026-08-18T01:15:48,108.99,44.31
2026-08-18T01:15:49,109.0,44.32
2026-08-18T01:15:50,109.04,44.37
2026-08-18T01:15:51,108.57,43.9
2026-08-18T01:15:52,109.01,44.34
2026-08-18T01:15:53,109.02,44.35
2026-08-18T01:15:54,109.34,44.66
2026-08-18T01:15:55,109.37,44.69
2026-08-18T01:15:56,109.59,44.91
2026-08-18T01:15:57,109.61,44.93
2026-08-18T01:15:58,109.09,44.41
2026-08-18T01:15:59,109.72,45.03
2026-08-18T01:16:00,109.08,44.4
2026-08-18T01:16:01,109.27,44.59
2026-08-18T01:16:02,109.41,44.73
2026-08-18T01:16:03,109.24,44.56
2026-08-18T01:16:04,109.07,44.4
2026-08-18T01:16:05,109.19,44.52
2026-08-18T01:16:06,109.23,44.55
2026-08-18T01:16:07,109.25,44.57
2026-08-18T01:16:08,109.28,44.6
2026-08-18T01:16:09,108.66,43.99
2026-08-18T01:16:10,109.13,44.45
2026-08-18T01:16:11,108.8,44.13
2026-08-18T01:16:12,109.14,44.47
2026-08-18T01:16:13,108.69,44.02
2026-08-18T01:16:14,109.34,44.66
2026-08-18T01:16:15,108.86,44.19
2026-08-18T01:16:16,109.09,44.41
2026-08-18T01:16:17,108.84,44.17
2026-08-18T01:16:18,109.24,44.57
2026-08-18T01:16:19,109.57,44.89
2026-08-18T01:16:20,109.22,44.55
2026-08-18T01:16:21,108.88,44.21
2026-08-18T01:16:22,109.16,44.49
2026-08-18T01:16:23,108.82,44.15
2026-08-18T01:16:24,108.97,44.3
2026-08-18T01:16:25,109.26,44.59
2026-08-18T01:16:26,109.33,44.66
2026-08-18T01:16:27,109.07,44.4
2026-08-18T01:16:28,109.18,44.5
2026-08-18T01:16:29,108.78,44.11
2026-08-18T01:16:30,109.21,44.54
2026-08-18T01:16:31,109.21,44.54
2026-08-18T01:16:32,109.37,44.69
2026-08-18T01:16:33,109.33,44.65
2026-08-18T01:16:34,109.19,44.52
2026-08-18T01:16:35,109.74,45.05
2026-08-18T01:16:36,109.03,44.36
2026-08-18T01:16:37,109.73,45.05
2026-08-18T01:16:38,109.44,44.77
2026-08-18T01:16:39,109.47,44.8
2026-08-18T01:16:40,108.93,44.26
2026-08-18T01:16:41,108.82,44.15
2026-08-18T01:16:42,109.21,44.53
2026-08-18T01:16:43,108.85,44.18
2026-08-18T01:16:44,109.07,44.4
2026-08-18T01:16:45,108.88,44.21
2026-08-18T01:16:46,109.54,44.86
2026-08-18T01:16:47,108.63,43.97
2026-08-18T01:16:48,108.91,44.24
2026-08-18T01:16:49,109.27,44.59
2026-08-18T01:16:50,109.09,44.42
2026-08-18T01:16:51,108.96,44.28
2026-08-18T01:16:52,109.17,44.49
2026-08-18T01:16:53,109.07,44.39
2026-08-18T01:16:54,109.17,44.49
2026-08-18T01:16:55,109.34,44.67
2026-08-18T01:16:56,109.24,44.57
2026-08-18T01:16:57,109.27,44.59
2026-08-18T01:16:58,108.9,44.23
2026-08-18T01:16:59,109.4,44.73
2026-08-18T01:17:00,109.18,44.51
2026-08-18T01:17:01,109.05,44.38
2026-08-18T01:17:02,109.14,44.47
2026-08-18T01:17:03,109.01,44.33
2026-08-18T01:17:04,108.68,44.01
2026-08-18T01:17:05,108.82,44.15
2026-08-18T01:17:06,108.94,44.27
2026-08-18T01:17:07,108.98,44.31
2026-08-18T01:17:08,109.46,44.78
2026-08-18T01:17:09,109.14,44.47
2026-08-18T01:17:10,109.2,44.53
2026-08-18T01:17:11,108.91,44.24
2026-08-18T01:17:12,109.44,44.76
2026-08-18T01:17:13,109.08,44.41
2026-08-18T01:17:14,109.2,44.52
2026-08-18T01:17:15,109.44,44.77
2026-08-18T01:17:16,109.18,44.51
2026-08-18T01:17:17,109.03,44.36
2026-08-18T01:17:18,109.32,44.64
2026-08-18T01:17:19,109.22,44.54
2026-08-18T01:17:20,109.04,44.37
2026-08-18T01:17:21,109.15,44.47
2026-08-18T01:17:22,109.09,44.41
2026-08-18T01:17:23,109.53,44.85
2026-08-18T01:17:24,109.33,44.66
2026-08-18T01:17:25,109.35,44.67
2026-08-18T01:17:26,109.26,44.58
2026-08-18T01:17:27,109.15,44.48
2026-08-18T01:17:28,109.09,44.41
2026-08-18T01:17:29,109.6,44.92
2026-08-18T01:17:30,108.88,44.21
2026-08-18T01:17:31,109.23,44.55
2026-08-18T01:17:32,108.96,44.29
2026-08-18T01:17:33,108.91,44.24
2026-08-18T01:17:34,109.35,44.67
2026-08-18T01:17:35,109.07,44.39
2026-08-18T01:17:36,109.43,44.75
2026-08-18T01:17:37,109.26,44.59
2026-08-18T01:17:38,109.75,45.07
2026-08-18T01:17:39,109.22,44.55
2026-08-18T01:17:40,108.98,44.31
2026-08-18T01:17:41,109.02,44.34
2026-08-18T01:17:42,108.95,44.28
2026-08-18T01:17:43,109.08,44.41
2026-08-18T01:17:44,109.3,44.62
2026-08-18T01:17:45,109.08,44.4
2026-08-18T01:17:46,109.0,44.32
2026-08-18T01:17:47,108.84,44.17
2026-08-18T01:17:48,109.22,44.54
2026-08-18T01:17:49,108.96,44.29
2026-08-18T01:17:50,109.07,44.4
2026-08-18T01:17:51,109.04,44.37
2026-08-18T01:17:52,108.89,44.22
2026-08-18T01:17:53,109.37,44.69
2026-08-18T01:17:54,109.09,44.42
2026-08-18T01:17:55,108.83,44.16
2026-08-18T01:17:56,109.39,44.71
2026-08-18T01:17:57,109.75,45.07
2026-08-18T01:17:58,109.16,44.48
2026-08-18T01:17:59,109.21,44.53
2026-08-18T01:18:00,109.68,45.0
2026-08-18T01:18:01,109.44,44.76
2026-08-18T01:18:02,109.42,44.74
2026-08-18T01:18:03,109.9,45.22
2026-08-18T01:18:04,109.91,45.23
2026-08-18T01:18:05,109.57,44.88
2026-08-18T01:18:06,109.82,45.13
2026-08-18T01:18:07,109.9,45.22
2026-08-18T01:18:08,109.69,45.01
2026-08-18T01:18:09,110.08,45.39
2026-08-18T01:18:10,109.88,45.2
2026-08-18T01:18:11,110.14,45.45
2026-08-18T01:18:12,111.22,46.52
2026-08-18T01:18:13,111.2,46.5
2026-08-18T01:18:14,110.48,45.79
2026-08-18T01:18:15,110.6,45.9
2026-08-18T01:18:16,110.61,45.92
2026-08-18T01:18:17,110.72,46.02
2026-08-18T01:18:18,110.72,46.03
2026-08-18T01:18:19,110.95,46.25
2026-08-18T01:18:20,110.98,46.28
2026-08-18T01:18:21,110.74,46.04
2026-08-18T01:18:22,110.28,45.59
2026-08-18T01:18:23,110.48,45.79
2026-08-18T01:18:24,110.23,45.54
2026-08-18T01:18:25,110.59,45.89
2026-08-18T01:18:26,110.41,45.71
2026-08-18T01:18:27,110.53,45.84
2026-08-18T01:18:28,110.24,45.55
2026-08-18T01:18:29,110.46,45.77
2026-08-18T01:18:30,110.86,46.16
2026-08-18T01:18:31,110.67,45.97
2026-08-18T01:18:32,110.81,46.11
2026-08-18T01:18:33,110.52,45.83
2026-08-18T01:18:34,110.71,46.01
2026-08-18T01:18:35,111.1,46.39
2026-08-18T01:18:36,111.33,46.63
2026-08-18T01:18:37,111.24,46.54
2026-08-18T01:18:38,110.95,46.25
2026-08-18T01:18:39,110.85,46.15
2026-08-18T01:18:40,110.77,46.07
2026-08-18T01:18:41,110.85,46.15
2026-08-18T01:18:42,111.26,46.55
2026-08-18T01:18:43,110.82,46.12
2026-08-18T01:18:44,110.51,45.81
2026-08-18T01:18:45,110.9,46.2
2026-08-18T01:18:46,110.53,45.83
2026-08-18T01:18:47,110.75,46.05
2026-08-18T01:18:48,110.79,46.09
2026-08-18T01:18:49,110.71,46.01
2026-08-18T01:18:50,110.81,46.11
2026-08-18T01:18:51,110.93,46.23
2026-08-18T01:18:52,110.81,46.11
2026-08-18T01:18:53,110.91,46.21
2026-08-18T01:18:54,111.08,46.38
2026-08-18T01:18:55,110.98,46.28
2026-08-18T01:18:56,110.84,46.14
2026-08-18T01:18:57,110.73,46.03
2026-08-18T01:18:58,110.63,45.93
2026-08-18T01:18:59,110.63,45.93
2026-08-18T01:19:00,110.54,45.84
2026-08-18T01:19:01,110.83,46.13
2026-08-18T01:19:02,110.74,46.04
2026-08-18T01:19:03,110.63,45.94
2026-08-18T01:19:04,110.43,45.74
2026-08-18T01:19:05,110.7,46.0
2026-08-18T01:19:06,110.8,46.11
2026-08-18T01:19:07,110.72,46.03
2026-08-18T01:19:08,110.8,46.1
2026-08-18T01:19:09,110.47,45.77
2026-08-18T01:19:10,110.86,46.16
2026-08-18T01:19:11,111.04,46.33
2026-08-18T01:19:12,111.21,46.51
2026-08-18T01:19:13,113.49,48.75
2026-08-18T01:19:14,111.85,47.14
2026-08-18T01:19:15,110.76,46.07
2026-08-18T01:19:16,110.97,46.26
2026-08-18T01:19:17,110.83,46.14
2026-08-18T01:19:18,110.58,45.88
2026-08-18T01:19:19,110.35,45.65
2026-08-18T01:19:20,110.59,45.89
2026-08-18T01:19:21,110.53,45.84
2026-08-18T01:19:22,110.41,45.71
2026-08-18T01:19:23,110.38,45.69
2026-08-18T01:19:24,110.81,46.11
2026-08-18T01:19:25,110.35,45.66
2026-08-18T01:19:26,110.61,45.91
2026-08-18T01:19:27,110.32,45.62
2026-08-18T01:19:28,110.54,45.85
2026-08-18T01:19:29,110.75,46.05
2026-08-18T01:19:30,110.25,45.56
2026-08-18T01:19:31,110.15,45.46
2026-08-18T01:19:32,110.25,45.56
2026-08-18T01:19:33,110.56,45.86
2026-08-18T01:19:34,110.25,45.56
2026-08-18T01:19:35,110.3,45.61
2026-08-18T01:19:36,110.77,46.07
2026-08-18T01:19:37,110.63,45.93
2026-08-18T01:19:38,110.37,45.68
2026-08-18T01:19:39,110.5,45.81
2026-08-18T01:19:40,110.99,46.29
2026-08-18T01:19:41,110.47,45.78
2026-08-18T01:19:42,110.38,45.69
2026-08-18T01:19:43,110.84,46.14
2026-08-18T01:19:44,110.9,46.2
2026-08-18T01:19:45,110.62,45.92
2026-08-18T01:19:46,110.7,46.0
2026-08-18T01:19:47,110.7,46.0
2026-08-18T01:19:48,110.28,45.59
2026-08-18T01:19:49,110.2,45.51
2026-08-18T01:19:50,111.17,46.46
2026-08-18T01:19:51,110.88,46.18
2026-08-18T01:19:52,111.06,46.35
2026-08-18T01:19:53,110.45,45.76
2026-08-18T01:19:54,110.3,45.61
2026-08-18T01:19:55,110.88,46.19
2026-08-18T01:19:56,110.51,45.82
2026-08-18T01:19:57,110.94,46.24
2026-08-18T01:19:58,110.81,46.11
2026-08-18T01:19:59,110.56,45.87
2026-08-18T01:20:00,110.59,45.9
2026-08-18T01:20:01,110.43,45.73
2026-08-18T01:20:02,110.73,46.03
2026-08-18T01:20:03,110.26,45.56
2026-08-18T01:20:04,110.34,45.64
2026-08-18T01:20:05,110.57,45.88
2026-08-18T01:20:06,110.65,45.95
2026-08-18T01:20:07,110.47,45.78
2026-08-18T01:20:08,110.23,45.54
2026-08-18T01:20:09,110.38,45.68
2026-08-18T01:20:10,110.21,45.52
2026-08-18T01:20:11,110.26,45.57
2026-08-18T01:20:12,110.3,45.61
2026-08-18T01:20:13,110.48,45.79
2026-08-18T01:20:14,110.93,46.23
2026-08-18T01:20:15,110.48,45.79
2026-08-18T01:20:16,110.93,46.23
2026-08-18T01:20:17,110.61,45.92
2026-08-18T01:20:18,110.34,45.65
2026-08-18T01:20:19,110.17,45.48
2026-08-18T01:20:20,110.49,45.79
2026-08-18T01:20:21,110.56,45.87
2026-08-18T01:20:22,110.28,45.59
2026-08-18T01:20:23,110.59,45.89
2026-08-18T01:20:24,110.1,45.41
2026-08-18T01:20:25,110.83,46.13
2026-08-18T01:20:26,110.58,45.89
2026-08-18T01:20:27,110.61,45.91
2026-08-18T01:20:28,110.3,45.61
2026-08-18T01:20:29,110.03,45.34
2026-08-18T01:20:30,110.82,46.12
2026-08-18T01:20:31,110.76,46.06
2026-08-18T01:20:32,110.59,45.9
2026-08-18T01:20:33,111.52,46.81
2026-08-18T01:20:34,111.83,47.12
2026-08-18T01:20:35,111.64,46.93
2026-08-18T01:20:36,111.36,46.66
2026-08-18T01:20:37,111.07,46.37
2026-08-18T01:20:38,110.5,45.81
2026-08-18T01:20:39,110.13,45.44
2026-08-18T01:20:40,110.66,45.96
2026-08-18T01:20:41,110.65,45.96
2026-08-18T01:20:42,110.77,46.07
2026-08-18T01:20:43,110.92,46.22
2026-08-18T01:20:44,110.77,46.08
2026-08-18T01:20:45,110.87,46.17
2026-08-18T01:20:46,111.11,46.4
2026-08-18T01:20:47,110.58,45.88
2026-08-18T01:20:48,110.79,46.09
2026-08-18T01:20:49,110.8,46.1
2026-08-18T01:20:50,110.66,45.96
2026-08-18T01:20:51,110.74,46.05
2026-08-18T01:20:52,110.56,45.86
2026-08-18T01:20:53,110.59,45.89
2026-08-18T01:20:54,110.58,45.88
2026-08-18T01:20:55,110.28,45.59
2026-08-18T01:20:56,110.62,45.93
2026-08-18T01:20:57,110.15,45.46
2026-08-18T01:20:58,110.4,45.7
2026-08-18T01:20:59,110.7,46.0
2026-08-18T01:21:00,110.31,45.62
2026-08-18T01:21:01,110.43,45.73
2026-08-18T01:21:02,110.25,45.56
2026-08-18T01:21:03,110.55,45.85
2026-08-18T01:21:04,110.29,45.6
2026-08-18T01:21:05,110.51,45.81
2026-08-18T01:21:06,110.6,45.91
2026-08-18T01:21:07,110.2,45.51
2026-08-18T01:21:08,110.51,45.81
2026-08-18T01:21:09,110.6,45.9
2026-08-18T01:21:10,110.5,45.8
2026-08-18T01:21:11,110.61,45.92
2026-08-18T01:21:12,110.67,45.97
2026-08-18T01:21:13,110.29,45.59
2026-08-18T01:21:14,110.41,45.72
2026-08-18T01:21:15,110.86,46.16
2026-08-18T01:21:16,110.79,46.09
2026-08-18T01:21:17,110.45,45.76
2026-08-18T01:21:18,110.38,45.69
2026-08-18T01:21:19,110.41,45.71
2026-08-18T01:21:20,110.63,45.94
2026-08-18T01:21:21,110.58,45.89
2026-08-18T01:21:22,110.75,46.06
2026-08-18T01:21:23,110.87,46.17
2026-08-18T01:21:24,110.32,45.63
2026-08-18T01:21:25,110.51,45.82
2026-08-18T01:21:26,110.83,46.13
2026-08-18T01:21:27,110.45,45.75
2026-08-18T01:21:28,110.37,45.68
2026-08-18T01:21:29,110.08,45.39
2026-08-18T01:21:30,110.4,45.71
2026-08-18T01:21:31,110.29,45.6
2026-08-18T01:21:32,110.66,45.96
2026-08-18T01:21:33,110.34,45.65
2026-08-18T01:21:34,110.44,45.75
2026-08-18T01:21:35,110.63,45.93
2026-08-18T01:21:36,110.37,45.68
2026-08-18T01:21:37,110.12,45.43
2026-08-18T01:21:38,110.1,45.42
2026-08-18T01:21:39,110.26,45.57
2026-08-18T01:21:40,110.32,45.63
2026-08-18T01:21:41,110.31,45.62
2026-08-18T01:21:42,110.36,45.67
2026-08-18T01:21:43,110.71,46.02
2026-08-18T01:21:44,110.31,45.62
2026-08-18T01:21:45,110.37,45.68
2026-08-18T01:21:46,110.52,45.82
2026-08-18T01:21:47,110.28,45.59
2026-08-18T01:21:48,110.48,45.79
2026-08-18T01:21:49,110.39,45.7
2026-08-18T01:21:50,110.47,45.77
2026-08-18T01:21:51,110.04,45.36
2026-08-18T01:21:52,110.4,45.71
2026-08-18T01:21:53,110.27,45.58
2026-08-18T01:21:54,110.35,45.66
2026-08-18T01:21:55,110.71,46.01
2026-08-18T01:21:56,110.44,45.75
2026-08-18T01:21:57,110.25,45.56
2026-08-18T01:21:58,110.63,45.93
2026-08-18T01:21:59,109.85,45.17
2026-08-18T01:22:00,110.4,45.71
2026-08-18T01:22:01,110.63,45.94
2026-08-18T01:22:02,110.82,46.13
2026-08-18T01:22:03,110.39,45.7
2026-08-18T01:22:04,110.06,45.37
2026-08-18T01:22:05,110.29,45.6
2026-08-18T01:22:06,110.76,46.07
2026-08-18T01:22:07,110.91,46.21
2026-08-18T01:22:08,110.43,45.73
2026-08-18T01:22:09,110.83,46.13
2026-08-18T01:22:10,110.13,45.44
2026-08-18T01:22:11,110.81,46.11
2026-08-18T01:22:12,110.79,46.09
2026-08-18T01:22:13,110.76,46.06
2026-08-18T01:22:14,110.27,45.58
2026-08-18T01:22:15,110.16,45.47
2026-08-18T01:22:16,110.77,46.08
2026-08-18T01:22:17,110.45,45.76
2026-08-18T01:22:18,110.65,45.95
2026-08-18T01:22:19,110.3,45.6
2026-08-18T01:22:20,110.61,45.92
2026-08-18T01:22:21,110.7,46.0
2026-08-18T01:22:22,110.96,46.26
2026-08-18T01:22:23,111.14,46.43
2026-08-18T01:22:24,110.84,46.14
2026-08-18T01:22:25,111.04,46.34
2026-08-18T01:22:26,111.0,46.3
2026-08-18T01:22:27,110.45,45.75
2026-08-18T01:22:28,110.7,46.0
2026-08-18T01:22:29,110.48,45.78
2026-08-18T01:22:30,110.51,45.82
2026-08-18T01:22:31,109.95,45.26
2026-08-18T01:22:32,110.27,45.58
2026-08-18T01:22:33,110.27,45.58
2026-08-18T01:22:34,110.43,45.74
2026-08-18T01:22:35,110.64,45.94
2026-08-18T01:22:36,110.73,46.03
2026-08-18T01:22:37,110.31,45.62
2026-08-18T01:22:38,110.6,45.9
2026-08-18T01:22:39,110.72,46.03
2026-08-18T01:22:40,110.81,46.11
2026-08-18T01:22:41,110.7,46.0
2026-08-18T01:22:42,110.41,45.72
2026-08-18T01:22:43,110.36,45.67
2026-08-18T01:22:44,111.01,46.31
2026-08-18T01:22:45,110.94,46.24
2026-08-18T01:22:46,110.83,46.13
2026-08-18T01:22:47,110.59,45.9
2026-08-18T01:22:48,110.92,46.22
2026-08-18T01:22:49,112.16,47.45
2026-08-18T01:22:50,110.57,45.87
2026-08-18T01:22:51,110.7,46.0
2026-08-18T01:22:52,110.62,45.93
2026-08-18T01:22:53,110.59,45.9
2026-08-18T01:22:54,110.78,46.08
2026-08-18T01:22:55,110.66,45.96
2026-08-18T01:22:56,110.19,45.51
2026-08-18T01:22:57,110.71,46.01
2026-08-18T01:22:58,110.69,45.99
2026-08-18T01:22:59,110.97,46.27
2026-08-18T01:23:00,110.75,46.05
2026-08-18T01:23:01,110.91,46.21
2026-08-18T01:23:02,111.24,46.54
2026-08-18T01:23:03,111.19,46.48
2026-08-18T01:23:04,111.54,46.84
2026-08-18T01:23:05,112.21,47.49
2026-08-18T01:23:06,112.95,48.22
2026-08-18T01:23:07,113.21,48.47
2026-08-18T01:23:08,114.84,50.09
2026-08-18T01:23:09,115.18,50.42
2026-08-18T01:23:10,114.92,50.16
2026-08-18T01:23:11,115.57,50.81
2026-08-18T01:23:12,115.42,50.65
2026-08-18T01:23:13,116.27,51.5
2026-08-18T01:23:14,117.83,53.03
2026-08-18T01:23:15,119.08,54.26
2026-08-18T01:23:16,121.69,56.84
2026-08-18T01:23:17,125.39,60.48
2026-08-18T01:23:18,126.37,61.45
2026-08-18T01:23:19,126.71,61.79
2026-08-18T01:23:20,124.14,59.25
2026-08-18T01:23:21,120.27,55.44
2026-08-18T01:23:22,117.41,52.61
2026-08-18T01:23:23,115.11,50.35
2026-08-18T01:23:24,113.44,48.7
2026-08-18T01:23:25,113.51,48.77
2026-08-18T01:23:26,113.7,48.96
2026-08-18T01:23:27,112.1,47.38
2026-08-18T01:23:28,110.71,46.02
2026-08-18T01:23:29,110.83,46.14
2026-08-18T01:23:30,110.62,45.92
2026-08-18T01:23:31,110.2,45.51
2026-08-18T01:23:32,110.3,45.61
2026-08-18T01:23:33,110.26,45.57
2026-08-18T01:23:34,109.56,44.88
2026-08-18T01:23:35,109.66,44.98
2026-08-18T01:23:36,109.87,45.19
2026-08-18T01:23:37,109.68,45.0
2026-08-18T01:23:38,110.1,45.41
2026-08-18T01:23:39,109.72,45.04
2026-08-18T01:23:40,109.8,45.11
2026-08-18T01:23:41,110.36,45.67
2026-08-18T01:23:42,110.2,45.51
2026-08-18T01:23:43,110.17,45.48
2026-08-18T01:23:44,109.87,45.18
2026-08-18T01:23:45,110.28,45.59
2026-08-18T01:23:46,110.42,45.73
2026-08-18T01:23:47,110.04,45.35
2026-08-18T01:23:48,110.32,45.63
2026-08-18T01:23:49,110.59,45.9
2026-08-18T01:23:50,110.45,45.76
2026-08-18T01:23:51,110.33,45.64
2026-08-18T01:23:52,109.5,44.82
2026-08-18T01:23:53,109.98,45.29
2026-08-18T01:23:54,110.04,45.36
2026-08-18T01:23:55,110.11,45.42
2026-08-18T01:23:56,109.98,45.29
2026-08-18T01:23:57,109.72,45.04
2026-08-18T01:23:58,109.53,44.85
2026-08-18T01:23:59,110.03,45.35
2026-08-18T01:24:00,109.65,44.97
2026-08-18T01:24:01,109.58,44.89
2026-08-18T01:24:02,109.8,45.12
2026-08-18T01:24:03,110.24,45.55
2026-08-18T01:24:04,110.34,45.65
2026-08-18T01:24:05,110.21,45.52
2026-08-18T01:24:06,110.35,45.66
2026-08-18T01:24:07,109.9,45.22
2026-08-18T01:24:08,109.78,45.1
2026-08-18T01:24:09,110.17,45.48
2026-08-18T01:24:10,109.99,45.3
2026-08-18T01:24:11,110.1,45.41
2026-08-18T01:24:12,109.91,45.22
2026-08-18T01:24:13,109.94,45.26
2026-08-18T01:24:14,109.66,44.98
2026-08-18T01:24:15,109.57,44.89
2026-08-18T01:24:16,109.79,45.11
2026-08-18T01:24:17,109.86,45.18
2026-08-18T01:24:18,109.84,45.16
2026-08-18T01:24:19,110.54,45.85
2026-08-18T01:24:20,109.77,45.09
2026-08-18T01:24:21,109.83,45.15
2026-08-18T01:24:22,109.75,45.06
2026-08-18T01:24:23,109.85,45.17
2026-08-18T01:24:24,110.65,45.96
2026-08-18T01:24:25,110.06,45.38
2026-08-18T01:24:26,110.06,45.37
2026-08-18T01:24:27,109.82,45.14
2026-08-18T01:24:28,110.43,45.73
2026-08-18T01:24:29,110.48,45.79
2026-08-18T01:24:30,110.42,45.73
2026-08-18T01:24:31,110.2,45.51
2026-08-18T01:24:32,110.21,45.52
2026-08-18T01:24:33,109.93,45.25
2026-08-18T01:24:34,110.2,45.51
2026-08-18T01:24:35,110.21,45.52
2026-08-18T01:24:36,110.66,45.97
2026-08-18T01:24:37,110.46,45.77
2026-08-18T01:24:38,109.95,45.26
2026-08-18T01:24:39,110.22,45.53
2026-08-18T01:24:40,110.06,45.37
2026-08-18T01:24:41,110.22,45.53
2026-08-18T01:24:42,110.09,45.4
2026-08-18T01:24:43,109.87,45.19
2026-08-18T01:24:44,109.61,44.93
2026-08-18T01:24:45,110.24,45.55
2026-08-18T01:24:46,109.89,45.2
2026-08-18T01:24:47,110.01,45.33
2026-08-18T01:24:48,110.18,45.49
2026-08-18T01:24:49,110.1,45.41
2026-08-18T01:24:50,110.55,45.85
2026-08-18T01:24:51,110.36,45.67
2026-08-18T01:24:52,110.3,45.61
2026-08-18T01:24:53,110.16,45.47
2026-08-18T01:24:54,111.12,46.41
2026-08-18T01:24:55,111.68,46.97
2026-08-18T01:24:56,110.37,45.68
2026-08-18T01:24:57,110.41,45.72
2026-08-18T01:24:58,110.69,46.0
2026-08-18T01:24:59,110.37,45.67
2026-08-18T01:25:00,110.52,45.83
2026-08-18T01:25:01,110.68,45.99
2026-08-18T01:25:02,110.39,45.7
2026-08-18T01:25:03,110.3,45.6
2026-08-18T01:25:04,110.18,45.49
2026-08-18T01:25:05,110.01,45.32
2026-08-18T01:25:06,110.06,45.37
2026-08-18T01:25:07,109.9,45.21
2026-08-18T01:25:08,110.2,45.51
2026-08-18T01:25:09,110.36,45.67
2026-08-18T01:25:10,110.33,45.64
2026-08-18T01:25:11,109.89,45.2
2026-08-18T01:25:12,110.31,45.62
2026-08-18T01:25:13,110.54,45.85
2026-08-18T01:25:14,110.07,45.38
2026-08-18T01:25:15,110.24,45.55
2026-08-18T01:25:16,110.03,45.34
2026-08-18T01:25:17,110.51,45.82
2026-08-18T01:25:18,110.6,45.91
2026-08-18T01:25:19,110.05,45.36
2026-08-18T01:25:20,109.87,45.18
2026-08-18T01:25:21,110.33,45.64
2026-08-18T01:25:22,109.99,45.31
2026-08-18T01:25:23,110.0,45.31
2026-08-18T01:25:24,110.08,45.39
2026-08-18T01:25:25,110.51,45.81
2026-08-18T01:25:26,110.19,45.51
2026-08-18T01:25:27,110.47,45.77
2026-08-18T01:25:28,110.26,45.57
2026-08-18T01:25:29,109.99,45.3
2026-08-18T01:25:30,109.66,44.98
2026-08-18T01:25:31,110.44,45.75
2026-08-18T01:25:32,110.21,45.52
2026-08-18T01:25:33,109.98,45.29
2026-08-18T01:25:34,110.13,45.44
2026-08-18T01:25:35,110.58,45.88
2026-08-18T01:25:36,110.18,45.49
2026-08-18T01:25:37,110.16,45.47
2026-08-18T01:25:38,110.26,45.57
2026-08-18T01:25:39,110.08,45.39
2026-08-18T01:25:40,110.02,45.33
2026-08-18T01:25:41,109.85,45.17
2026-08-18T01:25:42,109.78,45.09
2026-08-18T01:25:43,109.81,45.13
2026-08-18T01:25:44,109.91,45.22
2026-08-18T01:25:45,110.37,45.68
2026-08-18T01:25:46,110.19,45.5
2026-08-18T01:25:47,110.45,45.76
2026-08-18T01:25:48,109.71,45.02
2026-08-18T01:25:49,110.25,45.56
2026-08-18T01:25:50,110.26,45.57
2026-08-18T01:25:51,110.51,45.82
2026-08-18T01:25:52,110.44,45.75
2026-08-18T01:25:53,110.28,45.59
2026-08-18T01:25:54,109.77,45.09
2026-08-18T01:25:55,109.9,45.22
2026-08-18T01:25:56,109.86,45.18
2026-08-18T01:25:57,110.02,45.33
2026-08-18T01:25:58,109.91,45.22
2026-08-18T01:25:59,109.96,45.28
2026-08-18T01:26:00,110.21,45.52
2026-08-18T01:26:01,110.08,45.39
2026-08-18T01:26:02,110.29,45.6
2026-08-18T01:26:03,109.74,45.06
2026-08-18T01:26:04,109.61,44.93
2026-08-18T01:26:05,109.93,45.24
2026-08-18T01:26:06,109.91,45.23
2026-08-18T01:26:07,110.08,45.4
2026-08-18T01:26:08,109.84,45.16
2026-08-18T01:26:09,110.63,45.94
2026-08-18T01:26:10,110.48,45.79
2026-08-18T01:26:11,110.61,45.92
2026-08-18T01:26:12,110.57,45.88
2026-08-18T01:26:13,110.44,45.75
2026-08-18T01:26:14,110.15,45.46
2026-08-18T01:26:15,109.33,44.65
2026-08-18T01:26:16,109.49,44.81
2026-08-18T01:26:17,109.4,44.72
2026-08-18T01:26:18,109.63,44.95
2026-08-18T01:26:19,110.1,45.41
2026-08-18T01:26:20,109.81,45.13
2026-08-18T01:26:21,109.77,45.09
2026-08-18T01:26:22,110.23,45.54
2026-08-18T01:26:23,109.66,44.98
2026-08-18T01:26:24,109.83,45.15
2026-08-18T01:26:25,109.58,44.9
2026-08-18T01:26:26,109.38,44.7
2026-08-18T01:26:27,110.0,45.31
2026-08-18T01:26:28,109.95,45.26
2026-08-18T01:26:29,109.63,44.95
2026-08-18T01:26:30,109.09,44.42
2026-08-18T01:26:31,109.19,44.52
2026-08-18T01:26:32,109.13,44.46
2026-08-18T01:26:33,109.52,44.84
2026-08-18T01:26:34,109.54,44.86
2026-08-18T01:26:35,109.49,44.81
2026-08-18T01:26:36,109.54,44.86
2026-08-18T01:26:37,109.27,44.6
2026-08-18T01:26:38,109.61,44.93
2026-08-18T01:26:39,109.03,44.35
2026-08-18T01:26:40,109.75,45.07
2026-08-18T01:26:41,109.22,44.54
2026-08-18T01:26:42,109.32,44.65
2026-08-18T01:26:43,109.16,44.48
2026-08-18T01:26:44,109.36,44.68
2026-08-18T01:26:45,109.32,44.65
2026-08-18T01:26:46,109.31,44.64
2026-08-18T01:26:47,109.21,44.53
2026-08-18T01:26:48,109.5,44.82
2026-08-18T01:26:49,109.35,44.67
2026-08-18T01:26:50,109.57,44.89
2026-08-18T01:26:51,109.62,44.94
2026-08-18T01:26:52,109.57,44.89
2026-08-18T01:26:53,109.63,44.95
2026-08-18T01:26:54,109.29,44.61
2026-08-18T01:26:55,109.78,45.1
2026-08-18T01:26:56,109.61,44.93
2026-08-18T01:26:57,109.46,44.78
2026-08-18T01:26:58,109.91,45.23
2026-08-18T01:26:59,109.9,45.22
2026-08-18T01:27:00,109.81,45.13
2026-08-18T01:27:01,109.73,45.05
2026-08-18T01:27:02,109.34,44.66
2026-08-18T01:27:03,109.71,45.03
2026-08-18T01:27:04,109.15,44.47
2026-08-18T01:27:05,109.87,45.19
2026-08-18T01:27:06,109.55,44.87
2026-08-18T01:27:07,109.12,44.45
2026-08-18T01:27:08,109.5,44.82
2026-08-18T01:27:09,109.6,44.92
2026-08-18T01:27:10,109.59,44.91
2026-08-18T01:27:11,108.98,44.31
2026-08-18T01:27:12,109.72,45.04
2026-08-18T01:27:13,109.6,44.92
2026-08-18T01:27:14,109.68,45.0
2026-08-18T01:27:15,109.68,44.99
2026-08-18T01:27:16,109.49,44.81
2026-08-18T01:27:17,109.75,45.07
2026-08-18T01:27:18,109.62,44.94
2026-08-18T01:27:19,109.55,44.87
2026-08-18T01:27:20,109.73,45.05
2026-08-18T01:27:21,109.58,44.9
2026-08-18T01:27:22,109.23,44.56
2026-08-18T01:27:23,109.72,45.04
2026-08-18T01:27:24,109.87,45.19
2026-08-18T01:27:25,109.39,44.71
2026-08-18T01:27:26,109.79,45.1
2026-08-18T01:27:27,109.31,44.63
2026-08-18T01:27:28,109.67,44.99
2026-08-18T01:27:29,109.28,44.6
2026-08-18T01:27:30,109.19,44.52
2026-08-18T01:27:31,109.32,44.65
2026-08-18T01:27:32,109.15,44.47
2026-08-18T01:27:33,109.42,44.75
2026-08-18T01:27:34,109.61,44.93
2026-08-18T01:27:35,109.54,44.86
2026-08-18T01:27:36,109.35,44.67
2026-08-18T01:27:37,109.7,45.01
2026-08-18T01:27:38,109.33,44.65
2026-08-18T01:27:39,110.04,45.36
2026-08-18T01:27:40,109.79,45.11
2026-08-18T01:27:41,110.09,45.4
2026-08-18T01:27:42,109.65,44.96
2026-08-18T01:27:43,109.61,44.93
2026-08-18T01:27:44,109.71,45.03
2026-08-18T01:27:45,110.02,45.34
2026-08-18T01:27:46,109.72,45.04
2026-08-18T01:27:47,110.27,45.58
2026-08-18T01:27:48,111.23,46.52
2026-08-18T01:27:49,110.26,45.57
2026-08-18T01:27:50,110.71,46.01
2026-08-18T01:27:51,110.5,45.81
2026-08-18T01:27:52,110.02,45.33
2026-08-18T01:27:53,110.15,45.46
2026-08-18T01:27:54,109.95,45.26
2026-08-18T01:27:55,110.09,45.4
2026-08-18T01:27:56,109.93,45.24
2026-08-18T01:27:57,109.48,44.8
2026-08-18T01:27:58,109.79,45.11
2026-08-18T01:27:59,109.46,44.79
2026-08-18T01:28:00,109.73,45.05
2026-08-18T01:28:01,110.23,45.54
2026-08-18T01:28:02,109.93,45.24
2026-08-18T01:28:03,110.32,45.63
2026-08-18T01:28:04,109.91,45.22
2026-08-18T01:28:05,110.27,45.58
2026-08-18T01:28:06,110.33,45.64
2026-08-18T01:28:07,110.07,45.38
2026-08-18T01:28:08,110.65,45.95
2026-08-18T01:28:09,111.15,46.45
2026-08-18T01:28:10,111.4,46.69
2026-08-18T01:28:11,111.71,46.99
2026-08-18T01:28:12,112.03,47.31
2026-08-18T01:28:13,112.52,47.79
2026-08-18T01:28:14,112.88,48.16
2026-08-18T01:28:15,112.66,47.93
2026-08-18T01:28:16,112.15,47.43
2026-08-18T01:28:17,112.52,47.8
2026-08-18T01:28:18,113.18,48.45
2026-08-18T01:28:19,112.95,48.22
2026-08-18T01:28:20,112.87,48.15
2026-08-18T01:28:21,111.02,46.32
2026-08-18T01:28:22,110.51,45.82
2026-08-18T01:28:23,110.56,45.86
2026-08-18T01:28:24,110.39,45.69
2026-08-18T01:28:25,110.12,45.43
2026-08-18T01:28:26,110.5,45.81
2026-08-18T01:28:27,110.83,46.13
2026-08-18T01:28:28,111.57,46.86
2026-08-18T01:28:29,112.22,47.5
2026-08-18T01:28:30,111.88,47.17
2026-08-18T01:28:31,110.85,46.16
2026-08-18T01:28:32,111.37,46.67
2026-08-18T01:28:33,111.2,46.49
2026-08-18T01:28:34,110.86,46.16
2026-08-18T01:28:35,110.98,46.28
2026-08-18T01:28:36,111.02,46.32
2026-08-18T01:28:37,110.78,46.08
2026-08-18T01:28:38,110.4,45.71
2026-08-18T01:28:39,110.99,46.29
2026-08-18T01:28:40,109.62,44.94
2026-08-18T01:28:41,109.87,45.18
2026-08-18T01:28:42,109.75,45.06
2026-08-18T01:28:43,109.54,44.86
2026-08-18T01:28:44,109.92,45.24
2026-08-18T01:28:45,110.26,45.57
2026-08-18T01:28:46,110.19,45.5
2026-08-18T01:28:47,109.71,45.02
2026-08-18T01:28:48,109.64,44.96
2026-08-18T01:28:49,109.7,45.02
2026-08-18T01:28:50,109.61,44.93
2026-08-18T01:28:51,109.26,44.58
2026-08-18T01:28:52,109.62,44.94
2026-08-18T01:28:53,109.67,44.99
2026-08-18T01:28:54,109.35,44.68
2026-08-18T01:28:55,109.39,44.71
2026-08-18T01:28:56,109.64,44.96
2026-08-18T01:28:57,109.41,44.73
2026-08-18T01:28:58,109.28,44.6
2026-08-18T01:28:59,109.28,44.61
2026-08-18T01:29:00,109.29,44.61
2026-08-18T01:29:01,109.53,44.85
2026-08-18T01:29:02,109.32,44.65
2026-08-18T01:29:03,109.7,45.02
2026-08-18T01:29:04,109.18,44.51
2026-08-18T01:29:05,109.18,44.5
2026-08-18T01:29:06,109.11,44.44
2026-08-18T01:29:07,109.77,45.08
2026-08-18T01:29:08,109.15,44.48
2026-08-18T01:29:09,108.99,44.32
2026-08-18T01:29:10,109.21,44.54
2026-08-18T01:29:11,109.33,44.65
2026-08-18T01:29:12,109.31,44.63
2026-08-18T01:29:13,109.15,44.47
2026-08-18T01:29:14,109.25,44.57
2026-08-18T01:29:15,109.4,44.72
2026-08-18T01:29:16,109.81,45.12
2026-08-18T01:29:17,109.35,44.67
2026-08-18T01:29:18,109.69,45.0
2026-08-18T01:29:19,109.75,45.07
2026-08-18T01:29:20,109.78,45.1
2026-08-18T01:29:21,110.1,45.41
2026-08-18T01:29:22,110.79,46.1
2026-08-18T01:29:23,110.19,45.5
2026-08-18T01:29:24,109.67,44.98
2026-08-18T01:29:25,109.48,44.8
2026-08-18T01:29:26,109.38,44.7
2026-08-18T01:29:27,109.84,45.16
2026-08-18T01:29:28,109.49,44.81
2026-08-18T01:29:29,109.32,44.64
2026-08-18T01:29:30,109.32,44.65
2026-08-18T01:29:31,109.1,44.42
2026-08-18T01:29:32,109.16,44.49
2026-08-18T01:29:33,109.41,44.73
2026-08-18T01:29:34,109.32,44.64
2026-08-18T01:29:35,109.65,44.97
2026-08-18T01:29:36,109.39,44.71
2026-08-18T01:29:37,109.36,44.69
2026-08-18T01:29:38,109.38,44.7
2026-08-18T01:29:39,109.77,45.09
2026-08-18T01:29:40,109.3,44.62
2026-08-18T01:29:41,109.15,44.48
2026-08-18T01:29:42,109.82,45.14
2026-08-18T01:29:43,109.0,44.33
2026-08-18T01:29:44,109.25,44.57
2026-08-18T01:29:45,108.81,44.14
2026-08-18T01:29:46,109.21,44.54
2026-08-18T01:29:47,108.9,44.22
2026-08-18T01:29:48,109.58,44.9
2026-08-18T01:29:49,109.38,44.7
2026-08-18T01:29:50,109.63,44.95
2026-08-18T01:29:51,109.73,45.05
2026-08-18T01:29:52,109.56,44.88
2026-08-18T01:29:53,109.12,44.45
2026-08-18T01:29:54,109.27,44.59
2026-08-18T01:29:55,109.27,44.59
2026-08-18T01:29:56,109.26,44.58
2026-08-18T01:29:57,109.37,44.69
2026-08-18T01:29:58,109.24,44.56
2026-08-18T01:29:59,109.32,44.65
2026-08-18T01:30:00,109.01,44.34
2026-08-18T01:30:01,109.42,44.74
2026-08-18T01:30:02,109.57,44.89
2026-08-18T01:30:03,109.64,44.96
2026-08-18T01:30:04,109.53,44.85
2026-08-18T01:30:05,109.16,44.49
2026-08-18T01:30:06,109.55,44.87
2026-08-18T01:30:07,110.06,45.37
2026-08-18T01:30:08,109.8,45.12
2026-08-18T01:30:09,110.24,45.55
2026-08-18T01:30:10,110.48,45.78
2026-08-18T01:30:11,111.1,46.4
2026-08-18T01:30:12,112.01,47.3
2026-08-18T01:30:13,112.58,47.86
2026-08-18T01:30:14,114.86,50.11
2026-08-18T01:30:15,116.92,52.13
2026-08-18T01:30:16,119.54,54.72
2026-08-18T01:30:17,121.73,56.88
2026-08-18T01:30:18,125.76,60.85
2026-08-18T01:30:19,127.32,62.39
2026-08-18T01:30:20,127.23,62.3
2026-08-18T01:30:21,120.43,55.6
2026-08-18T01:30:22,116.87,52.08
2026-08-18T01:30:23,114.21,49.46
2026-08-18T01:30:24,112.51,47.79
2026-08-18T01:30:25,111.61,46.9
2026-08-18T01:30:26,112.23,47.51
2026-08-18T01:30:27,111.54,46.83
2026-08-18T01:30:28,110.24,45.55
2026-08-18T01:30:29,109.57,44.88
2026-08-18T01:30:30,109.67,44.99
2026-08-18T01:30:31,109.69,45.01
2026-08-18T01:30:32,109.53,44.85
2026-08-18T01:30:33,109.4,44.72
2026-08-18T01:30:34,108.88,44.21
2026-08-18T01:30:35,109.87,45.19
2026-08-18T01:30:36,109.94,45.25
2026-08-18T01:30:37,109.87,45.18
2026-08-18T01:30:38,110.06,45.37
2026-08-18T01:30:39,109.69,45.01
2026-08-18T01:30:40,109.66,44.98
2026-08-18T01:30:41,109.37,44.69
2026-08-18T01:30:42,109.51,44.83
2026-08-18T01:30:43,110.86,46.16
2026-08-18T01:30:44,109.77,45.09
2026-08-18T01:30:45,109.61,44.93
2026-08-18T01:30:46,109.86,45.17
2026-08-18T01:30:47,110.12,45.43
2026-08-18T01:30:48,110.85,46.15
2026-08-18T01:30:49,109.97,45.28
2026-08-18T01:30:50,109.7,45.02
2026-08-18T01:30:51,109.95,45.27
2026-08-18T01:30:52,109.72,45.04
2026-08-18T01:30:53,110.64,45.94
2026-08-18T01:30:54,111.33,46.62
2026-08-18T01:30:55,112.94,48.21
2026-08-18T01:30:56,112.03,47.31
2026-08-18T01:30:57,110.2,45.51
2026-08-18T01:30:58,110.07,45.38
2026-08-18T01:30:59,109.75,45.07
2026-08-18T01:31:00,109.46,44.78
2026-08-18T01:31:01,109.69,45.0
2026-08-18T01:31:02,109.73,45.05
2026-08-18T01:31:03,110.06,45.37
2026-08-18T01:31:04,109.92,45.23
2026-08-18T01:31:05,110.65,45.95
2026-08-18T01:31:06,111.12,46.42
2026-08-18T01:31:07,111.2,46.49
2026-08-18T01:31:08,112.55,47.83
2026-08-18T01:31:09,114.04,49.3
2026-08-18T01:31:10,113.0,48.27
2026-08-18T01:31:11,113.16,48.42
2026-08-18T01:31:12,112.23,47.52
2026-08-18T01:31:13,112.06,47.34
2026-08-18T01:31:14,111.98,47.26
2026-08-18T01:31:15,112.31,47.59
2026-08-18T01:31:16,111.44,46.73
2026-08-18T01:31:17,111.06,46.35
2026-08-18T01:31:18,111.63,46.92
2026-08-18T01:31:19,111.17,46.46
2026-08-18T01:31:20,110.88,46.18
2026-08-18T01:31:21,110.42,45.73
2026-08-18T01:31:22,110.21,45.52
2026-08-18T01:31:23,109.85,45.17
2026-08-18T01:31:24,110.12,45.44
2026-08-18T01:31:25,109.55,44.87
2026-08-18T01:31:26,109.91,45.22
2026-08-18T01:31:27,109.66,44.98
2026-08-18T01:31:28,109.84,45.15
2026-08-18T01:31:29,109.7,45.02
2026-08-18T01:31:30,109.6,44.92
2026-08-18T01:31:31,109.9,45.22
2026-08-18T01:31:32,109.55,44.87
2026-08-18T01:31:33,110.05,45.36
2026-08-18T01:31:34,109.7,45.02
2026-08-18T01:31:35,109.84,45.16
2026-08-18T01:31:36,110.02,45.33
2026-08-18T01:31:37,110.06,45.37
2026-08-18T01:31:38,109.6,44.92
2026-08-18T01:31:39,109.84,45.16
2026-08-18T01:31:40,109.55,44.87
2026-08-18T01:31:41,109.75,45.07
2026-08-18T01:31:42,109.83,45.14
2026-08-18T01:31:43,109.4,44.72
2026-08-18T01:31:44,109.75,45.07
2026-08-18T01:31:45,109.74,45.06
2026-08-18T01:31:46,109.74,45.06
2026-08-18T01:31:47,109.51,44.83
2026-08-18T01:31:48,109.5,44.82
2026-08-18T01:31:49,109.81,45.13
2026-08-18T01:31:50,109.43,44.75
2026-08-18T01:31:51,110.16,45.47
2026-08-18T01:31:52,109.2,44.53
2026-08-18T01:31:53,109.24,44.56
2026-08-18T01:31:54,109.03,44.35
2026-08-18T01:31:55,109.14,44.46
2026-08-18T01:31:56,109.57,44.89
2026-08-18T01:31:57,109.5,44.82
2026-08-18T01:31:58,109.9,45.21
2026-08-18T01:31:59,109.59,44.91
2026-08-18T01:32:00,109.55,44.87
2026-08-18T01:32:01,109.32,44.64
2026-08-18T01:32:02,109.29,44.61
2026-08-18T01:32:03,110.0,45.32
2026-08-18T01:32:04,109.94,45.26
2026-08-18T01:32:05,108.75,44.08
2026-08-18T01:32:06,109.43,44.76
2026-08-18T01:32:07,109.67,44.98
2026-08-18T01:32:08,109.26,44.58
2026-08-18T01:32:09,109.51,44.83
2026-08-18T01:32:10,109.27,44.59
2026-08-18T01:32:11,109.57,44.89
2026-08-18T01:32:12,109.75,45.07
2026-08-18T01:32:13,109.17,44.49
2026-08-18T01:32:14,109.2,44.53
2026-08-18T01:32:15,109.13,44.46
2026-08-18T01:32:16,109.2,44.52
2026-08-18T01:32:17,109.08,44.4
2026-08-18T01:32:18,109.18,44.51
2026-08-18T01:32:19,108.99,44.31
2026-08-18T01:32:20,109.37,44.69
2026-08-18T01:32:21,109.84,45.15
2026-08-18T01:32:22,109.33,44.65
2026-08-18T01:32:23,109.77,45.09
2026-08-18T01:32:24,109.68,45.0
2026-08-18T01:32:25,109.02,44.34
2026-08-18T01:32:26,109.59,44.91
2026-08-18T01:32:27,109.61,44.93
2026-08-18T01:32:28,108.75,44.08
2026-08-18T01:32:29,109.12,44.44
2026-08-18T01:32:30,109.12,44.45
2026-08-18T01:32:31,108.73,44.06
2026-08-18T01:32:32,108.63,43.96
2026-08-18T01:32:33,109.2,44.52
2026-08-18T01:32:34,108.69,44.02
2026-08-18T01:32:35,109.21,44.54
2026-08-18T01:32:36,108.96,44.29
2026-08-18T01:32:37,109.0,44.33
2026-08-18T01:32:38,109.15,44.48
2026-08-18T01:32:39,108.54,43.87
2026-08-18T01:32:40,109.38,44.71
2026-08-18T01:32:41,109.27,44.59
2026-08-18T01:32:42,109.48,44.8
2026-08-18T01:32:43,109.24,44.56
2026-08-18T01:32:44,109.07,44.39
2026-08-18T01:32:45,108.99,44.31
2026-08-18T01:32:46,109.49,44.81
2026-08-18T01:32:47,109.19,44.51
2026-08-18T01:32:48,109.12,44.45
2026-08-18T01:32:49,108.86,44.19
2026-08-18T01:32:50,109.37,44.69
2026-08-18T01:32:51,110.02,45.34
2026-08-18T01:32:52,109.75,45.07
2026-08-18T01:32:53,109.63,44.95
2026-08-18T01:32:54,109.6,44.92
2026-08-18T01:32:55,108.87,44.2
2026-08-18T01:32:56,109.53,44.85
2026-08-18T01:32:57,109.64,44.96
2026-08-18T01:32:58,109.52,44.84
2026-08-18T01:32:59,109.85,45.16
2026-08-18T01:33:00,109.84,45.15
2026-08-18T01:33:01,109.55,44.87
2026-08-18T01:33:02,109.71,45.03
2026-08-18T01:33:03,109.53,44.85
2026-08-18T01:33:04,109.64,44.96
2026-08-18T01:33:05,109.73,45.05
2026-08-18T01:33:06,109.84,45.15
2026-08-18T01:33:07,109.67,44.98
2026-08-18T01:33:08,109.4,44.72
2026-08-18T01:33:09,108.94,44.27
2026-08-18T01:33:10,109.44,44.76
2026-08-18T01:33:11,109.12,44.45
2026-08-18T01:33:12,108.79,44.12
2026-08-18T01:33:13,109.13,44.46
2026-08-18T01:33:14,109.4,44.72
2026-08-18T01:33:15,108.96,44.29
2026-08-18T01:33:16,108.64,43.97
2026-08-18T01:33:17,109.42,44.74
2026-08-18T01:33:18,109.04,44.37
2026-08-18T01:33:19,109.19,44.52
2026-08-18T01:33:20,109.3,44.62
2026-08-18T01:33:21,109.47,44.79
2026-08-18T01:33:22,109.3,44.62
2026-08-18T01:33:23,109.17,44.5
2026-08-18T01:33:24,109.09,44.42
2026-08-18T01:33:25,109.23,44.55
2026-08-18T01:33:26,109.27,44.59
2026-08-18T01:33:27,109.55,44.87
2026-08-18T01:33:28,109.43,44.75
2026-08-18T01:33:29,109.07,44.4
2026-08-18T01:33:30,109.07,44.4
2026-08-18T01:33:31,109.3,44.62
2026-08-18T01:33:32,108.95,44.28
2026-08-18T01:33:33,109.23,44.55
2026-08-18T01:33:34,109.15,44.48
2026-08-18T01:33:35,109.28,44.6
2026-08-18T01:33:36,109.72,45.03
2026-08-18T01:33:37,109.16,44.49
2026-08-18T01:33:38,109.37,44.69
2026-08-18T01:33:39,109.46,44.78
2026-08-18T01:33:40,109.61,44.93
2026-08-18T01:33:41,109.11,44.44
2026-08-18T01:33:42,109.55,44.87
2026-08-18T01:33:43,109.53,44.85
2026-08-18T01:33:44,109.31,44.63
2026-08-18T01:33:45,109.24,44.56
2026-08-18T01:33:46,109.45,44.77
2026-08-18T01:33:47,109.84,45.15
2026-08-18T01:33:48,109.48,44.8
2026-08-18T01:33:49,109.69,45.01
2026-08-18T01:33:50,109.41,44.73
2026-08-18T01:33:51,109.66,44.98
2026-08-18T01:33:52,109.47,44.79
2026-08-18T01:33:53,109.55,44.87
2026-08-18T01:33:54,109.49,44.81
2026-08-18T01:33:55,109.66,44.97
2026-08-18T01:33:56,109.78,45.1
2026-08-18T01:33:57,110.02,45.33
2026-08-18T01:33:58,109.68,45.0
2026-08-18T01:33:59,110.41,45.72
2026-08-18T01:34:00,110.03,45.35
2026-08-18T01:34:01,109.35,44.67
2026-08-18T01:34:02,109.28,44.6
2026-08-18T01:34:03,109.62,44.94
2026-08-18T01:34:04,109.73,45.04
2026-08-18T01:34:05,109.65,44.97
2026-08-18T01:34:06,109.38,44.7
2026-08-18T01:34:07,109.58,44.89
2026-08-18T01:34:08,109.73,45.05
2026-08-18T01:34:09,109.31,44.63
2026-08-18T01:34:10,109.64,44.96
2026-08-18T01:34:11,109.05,44.38
2026-08-18T01:34:12,108.91,44.24
2026-08-18T01:34:13,109.36,44.68
2026-08-18T01:34:14,109.05,44.38
2026-08-18T01:34:15,109.59,44.91
2026-08-18T01:34:16,109.39,44.71
2026-08-18T01:34:17,109.17,44.49
2026-08-18T01:34:18,109.17,44.5
2026-08-18T01:34:19,109.75,45.07
2026-08-18T01:34:20,109.24,44.56
2026-08-18T01:34:21,109.51,44.83
2026-08-18T01:34:22,109.33,44.65
2026-08-18T01:34:23,109.67,44.99
2026-08-18T01:34:24,109.54,44.86
2026-08-18T01:34:25,109.2,44.53
2026-08-18T01:34:26,109.11,44.43
2026-08-18T01:34:27,109.13,44.46
2026-08-18T01:34:28,109.33,44.66
2026-08-18T01:34:29,109.53,44.85
2026-08-18T01:34:30,109.04,44.36
2026-08-18T01:34:31,108.96,44.29
2026-08-18T01:34:32,109.33,44.65
2026-08-18T01:34:33,109.22,44.54
2026-08-18T01:34:34,108.88,44.21
2026-08-18T01:34:35,109.35,44.68
2026-08-18T01:34:36,109.39,44.71
2026-08-18T01:34:37,109.23,44.55
2026-08-18T01:34:38,109.56,44.88
2026-08-18T01:34:39,109.49,44.81
2026-08-18T01:34:40,109.22,44.54
2026-08-18T01:34:41,109.38,44.7
2026-08-18T01:34:42,109.2,44.53
2026-08-18T01:34:43,109.56,44.88
2026-08-18T01:34:44,109.56,44.88
2026-08-18T01:34:45,109.69,45.0
2026-08-18T01:34:46,109.78,45.09
2026-08-18T01:34:47,110.05,45.36
2026-08-18T01:34:48,110.41,45.72
2026-08-18T01:34:49,111.23,46.52
2026-08-18T01:34:50,111.3,46.59
2026-08-18T01:34:51,112.47,47.75
2026-08-18T01:34:52,114.97,50.21
2026-08-18T01:34:53,117.13,52.35
2026-08-18T01:34:54,119.3,54.48
2026-08-18T01:34:55,120.03,55.2
2026-08-18T01:34:56,121.13,56.29
2026-08-18T01:34:57,121.49,56.64
2026-08-18T01:34:58,121.11,56.26
2026-08-18T01:34:59,119.59,54.77
2026-08-18T01:35:00,117.24,52.45
2026-08-18T01:35:01,115.98,51.2
2026-08-18T01:35:02,114.95,50.2
2026-08-18T01:35:03,114.23,49.48
2026-08-18T01:35:04,114.04,49.3
2026-08-18T01:35:05,113.24,48.51
2026-08-18T01:35:06,112.24,47.52
2026-08-18T01:35:07,111.57,46.86
2026-08-18T01:35:08,111.71,47.0
2026-08-18T01:35:09,111.3,46.59
2026-08-18T01:35:10,111.15,46.44
2026-08-18T01:35:11,110.75,46.05
2026-08-18T01:35:12,110.93,46.23
2026-08-18T01:35:13,111.03,46.33
2026-08-18T01:35:14,110.82,46.12
2026-08-18T01:35:15,110.83,46.13
2026-08-18T01:35:16,111.21,46.51
2026-08-18T01:35:17,111.5,46.79
2026-08-18T01:35:18,110.87,46.17
2026-08-18T01:35:19,110.57,45.88
2026-08-18T01:35:20,110.44,45.75
2026-08-18T01:35:21,110.51,45.81
2026-08-18T01:35:22,110.08,45.39
2026-08-18T01:35:23,110.1,45.41
2026-08-18T01:35:24,109.75,45.07
2026-08-18T01:35:25,109.83,45.14
2026-08-18T01:35:26,110.36,45.67
2026-08-18T01:35:27,109.69,45.0
2026-08-18T01:35:28,109.56,44.88
2026-08-18T01:35:29,109.65,44.97
2026-08-18T01:35:30,109.95,45.26
2026-08-18T01:35:31,109.98,45.3
2026-08-18T01:35:32,110.7,46.0
2026-08-18T01:35:33,110.73,46.04
2026-08-18T01:35:34,110.69,45.99
2026-08-18T01:35:35,111.36,46.66
2026-08-18T01:35:36,110.68,45.98
2026-08-18T01:35:37,110.24,45.55
2026-08-18T01:35:38,110.5,45.8
2026-08-18T01:35:39,109.61,44.93
2026-08-18T01:35:40,109.51,44.83
2026-08-18T01:35:41,109.54,44.86
2026-08-18T01:35:42,109.52,44.84
2026-08-18T01:35:43,109.66,44.98
2026-08-18T01:35:44,109.81,45.13
2026-08-18T01:35:45,109.89,45.2
2026-08-18T01:35:46,109.75,45.07
2026-08-18T01:35:47,109.64,44.96
2026-08-18T01:35:48,109.79,45.11
2026-08-18T01:35:49,109.45,44.77
2026-08-18T01:35:50,109.89,45.21
2026-08-18T01:35:51,110.38,45.69
2026-08-18T01:35:52,110.04,45.35
2026-08-18T01:35:53,110.39,45.7
2026-08-18T01:35:54,110.95,46.25
2026-08-18T01:35:55,111.13,46.43
2026-08-18T01:35:56,111.56,46.85
2026-08-18T01:35:57,111.78,47.07
2026-08-18T01:35:58,112.08,47.36
2026-08-18T01:35:59,113.28,48.54
2026-08-18T01:36:00,113.14,48.41
2026-08-18T01:36:01,113.36,48.63
2026-08-18T01:36:02,113.69,48.95
2026-08-18T01:36:03,113.6,48.86
2026-08-18T01:36:04,113.28,48.55
2026-08-18T01:36:05,111.82,47.11
2026-08-18T01:36:06,112.02,47.31
2026-08-18T01:36:07,112.18,47.46
2026-08-18T01:36:08,112.68,47.96
2026-08-18T01:36:09,112.67,47.95
2026-08-18T01:36:10,111.81,47.09
2026-08-18T01:36:11,110.85,46.15
2026-08-18T01:36:12,110.57,45.87
2026-08-18T01:36:13,110.77,46.07
2026-08-18T01:36:14,110.51,45.82
2026-08-18T01:36:15,111.03,46.33
2026-08-18T01:36:16,111.08,46.38
2026-08-18T01:36:17,111.68,46.97
2026-08-18T01:36:18,111.34,46.64
2026-08-18T01:36:19,110.95,46.25
2026-08-18T01:36:20,109.57,44.89
2026-08-18T01:36:21,109.82,45.13
2026-08-18T01:36:22,110.15,45.46
2026-08-18T01:36:23,110.57,45.87
2026-08-18T01:36:24,111.03,46.32
2026-08-18T01:36:25,110.86,46.16
2026-08-18T01:36:26,110.58,45.88
2026-08-18T01:36:27,110.46,45.77
2026-08-18T01:36:28,110.33,45.63
2026-08-18T01:36:29,109.16,44.48
2026-08-18T01:36:30,110.11,45.42
2026-08-18T01:36:31,109.7,45.01
2026-08-18T01:36:32,110.49,45.79
2026-08-18T01:36:33,110.24,45.55
2026-08-18T01:36:34,110.98,46.28
2026-08-18T01:36:35,110.59,45.9
2026-08-18T01:36:36,111.44,46.73
2026-08-18T01:36:37,111.02,46.32
2026-08-18T01:36:38,111.24,46.54
2026-08-18T01:36:39,111.87,47.16
2026-08-18T01:36:40,111.16,46.46
2026-08-18T01:36:41,112.15,47.43
2026-08-18T01:36:42,111.73,47.02
2026-08-18T01:36:43,111.13,46.43
2026-08-18T01:36:44,110.63,45.94
2026-08-18T01:36:45,110.62,45.92
2026-08-18T01:36:46,110.56,45.87
2026-08-18T01:36:47,110.14,45.46
2026-08-18T01:36:48,110.45,45.76
2026-08-18T01:36:49,109.75,45.06
2026-08-18T01:36:50,109.72,45.04
2026-08-18T01:36:51,109.78,45.1
2026-08-18T01:36:52,109.91,45.23
2026-08-18T01:36:53,109.89,45.2
2026-08-18T01:36:54,109.97,45.29
2026-08-18T01:36:55,109.86,45.18
2026-08-18T01:36:56,109.71,45.03
2026-08-18T01:36:57,109.73,45.05
2026-08-18T01:36:58,109.64,44.96
2026-08-18T01:36:59,113.43,48.69
2026-08-18T01:37:00,112.03,47.31
2026-08-18T01:37:01,110.81,46.12
2026-08-18T01:37:02,112.04,47.32
2026-08-18T01:37:03,111.28,46.57
2026-08-18T01:37:04,111.31,46.6
2026-08-18T01:37:05,110.77,46.07
2026-08-18T01:37:06,109.69,45.01
2026-08-18T01:37:07,110.49,45.8
2026-08-18T01:37:08,109.82,45.14
2026-08-18T01:37:09,109.92,45.24
2026-08-18T01:37:10,110.2,45.51
2026-08-18T01:37:11,110.14,45.45
2026-08-18T01:37:12,109.48,44.8
2026-08-18T01:37:13,109.98,45.29
2026-08-18T01:37:14,110.02,45.33
2026-08-18T01:37:15,109.56,44.88
2026-08-18T01:37:16,109.92,45.24
2026-08-18T01:37:17,111.44,46.74
2026-08-18T01:37:18,109.94,45.26
2026-08-18T01:37:19,109.46,44.78
2026-08-18T01:37:20,109.29,44.62
2026-08-18T01:37:21,109.88,45.19
2026-08-18T01:37:22,109.69,45.0
2026-08-18T01:37:23,109.47,44.79
2026-08-18T01:37:24,109.82,45.14
2026-08-18T01:37:25,110.02,45.33
2026-08-18T01:37:26,109.67,44.99
2026-08-18T01:37:27,109.36,44.68
2026-08-18T01:37:28,110.23,45.54
2026-08-18T01:37:29,109.53,44.85
2026-08-18T01:37:30,109.61,44.93
2026-08-18T01:37:31,109.66,44.98
2026-08-18T01:37:32,109.76,45.07
2026-08-18T01:37:33,109.63,44.95
2026-08-18T01:37:34,110.24,45.55
2026-08-18T01:37:35,110.09,45.4
2026-08-18T01:37:36,109.88,45.2
2026-08-18T01:37:37,109.61,44.93
2026-08-18T01:37:38,109.63,44.95
2026-08-18T01:37:39,109.67,44.99
2026-08-18T01:37:40,109.98,45.3
2026-08-18T01:37:41,109.57,44.89
2026-08-18T01:37:42,109.51,44.83
2026-08-18T01:37:43,110.05,45.36
2026-08-18T01:37:44,110.71,46.01
2026-08-18T01:37:45,110.11,45.42
2026-08-18T01:37:46,109.78,45.09
2026-08-18T01:37:47,109.63,44.95
2026-08-18T01:37:48,109.54,44.86
2026-08-18T01:37:49,109.55,44.87
2026-08-18T01:37:50,109.36,44.68
2026-08-18T01:37:51,110.38,45.69
2026-08-18T01:37:52,109.71,45.02
2026-08-18T01:37:53,109.32,44.64
2026-08-18T01:37:54,109.61,44.93
2026-08-18T01:37:55,109.75,45.07
2026-08-18T01:37:56,109.8,45.12
2026-08-18T01:37:57,109.64,44.96
2026-08-18T01:37:58,109.86,45.18
2026-08-18T01:37:59,109.52,44.84
2026-08-18T01:38:00,109.75,45.07
2026-08-18T01:38:01,109.43,44.75
2026-08-18T01:38:02,109.9,45.21
2026-08-18T01:38:03,109.6,44.92
2026-08-18T01:38:04,109.62,44.93
2026-08-18T01:38:05,109.49,44.81
2026-08-18T01:38:06,109.18,44.5
2026-08-18T01:38:07,109.68,44.99
2026-08-18T01:38:08,109.53,44.85
2026-08-18T01:38:09,109.38,44.7
2026-08-18T01:38:10,109.18,44.5
2026-08-18T01:38:11,109.91,45.23
2026-08-18T01:38:12,110.57,45.88
2026-08-18T01:38:13,109.79,45.1
2026-08-18T01:38:14,109.15,44.47
2026-08-18T01:38:15,109.51,44.83
2026-08-18T01:38:16,109.58,44.9
2026-08-18T01:38:17,110.55,45.86
2026-08-18T01:38:18,110.04,45.36
2026-08-18T01:38:19,109.8,45.11
2026-08-18T01:38:20,109.59,44.91
2026-08-18T01:38:21,110.3,45.61
2026-08-18T01:38:22,110.8,46.1
2026-08-18T01:38:23,110.05,45.37
2026-08-18T01:38:24,110.37,45.67
2026-08-18T01:38:25,110.66,45.97
2026-08-18T01:38:26,111.54,46.83
2026-08-18T01:38:27,112.59,47.87
2026-08-18T01:38:28,113.87,49.13
2026-08-18T01:38:29,115.77,51.0
2026-08-18T01:38:30,118.23,53.43
2026-08-18T01:38:31,121.44,56.59
2026-08-18T01:38:32,123.36,58.48
2026-08-18T01:38:33,126.48,61.56
2026-08-18T01:38:34,128.02,63.08
2026-08-18T01:38:35,128.17,63.22
2026-08-18T01:38:36,121.81,56.96
2026-08-18T01:38:37,117.67,52.88
2026-08-18T01:38:38,115.09,50.34
2026-08-18T01:38:39,113.1,48.37
2026-08-18T01:38:40,112.39,47.67
2026-08-18T01:38:41,112.92,48.19
2026-08-18T01:38:42,111.4,46.7
2026-08-18T01:38:43,110.54,45.85
2026-08-18T01:38:44,109.98,45.3
2026-08-18T01:38:45,110.48,45.78
2026-08-18T01:38:46,110.54,45.85
2026-08-18T01:38:47,110.26,45.57
2026-08-18T01:38:48,110.23,45.54
2026-08-18T01:38:49,110.9,46.2
2026-08-18T01:38:50,111.66,46.95
2026-08-18T01:38:51,111.59,46.88
2026-08-18T01:38:52,110.41,45.72
2026-08-18T01:38:53,110.46,45.77
2026-08-18T01:38:54,110.01,45.33
2026-08-18T01:38:55,109.73,45.04
2026-08-18T01:38:56,109.89,45.2
2026-08-18T01:38:57,110.89,46.19
2026-08-18T01:38:58,110.9,46.2
2026-08-18T01:38:59,111.33,46.62
2026-08-18T01:39:00,110.34,45.65
2026-08-18T01:39:01,110.65,45.96
2026-08-18T01:39:02,110.13,45.44
2026-08-18T01:39:03,110.19,45.5
2026-08-18T01:39:04,110.23,45.54
2026-08-18T01:39:05,109.95,45.27
2026-08-18T01:39:06,110.21,45.52
2026-08-18T01:39:07,110.56,45.86
2026-08-18T01:39:08,110.22,45.53
2026-08-18T01:39:09,110.5,45.81
2026-08-18T01:39:10,110.37,45.68
2026-08-18T01:39:11,111.41,46.71
2026-08-18T01:39:12,111.52,46.81
2026-08-18T01:39:13,111.51,46.8
2026-08-18T01:39:14,112.1,47.38
2026-08-18T01:39:15,110.34,45.65
2026-08-18T01:39:16,110.12,45.43
2026-08-18T01:39:17,110.83,46.13
2026-08-18T01:39:18,111.17,46.46
2026-08-18T01:39:19,111.3,46.6
2026-08-18T01:39:20,111.05,46.35
2026-08-18T01:39:21,111.05,46.35
2026-08-18T01:39:22,111.32,46.62
2026-08-18T01:39:23,111.74,47.03
2026-08-18T01:39:24,110.97,46.27
2026-08-18T01:39:25,111.52,46.81
2026-08-18T01:39:26,113.62,48.88
2026-08-18T01:39:27,111.68,46.97
2026-08-18T01:39:28,112.03,47.32
2026-08-18T01:39:29,112.45,47.73
2026-08-18T01:39:30,111.09,46.38
2026-08-18T01:39:31,111.48,46.77
2026-08-18T01:39:32,112.12,47.41
2026-08-18T01:39:33,113.11,48.38
2026-08-18T01:39:34,112.1,47.38
2026-08-18T01:39:35,110.52,45.82
2026-08-18T01:39:36,111.0,46.3
2026-08-18T01:39:37,111.71,47.0
2026-08-18T01:39:38,112.23,47.52
2026-08-18T01:39:39,112.0,47.29
2026-08-18T01:39:40,110.35,45.66
2026-08-18T01:39:41,112.41,47.68
2026-08-18T01:39:42,114.31,49.56
2026-08-18T01:39:43,111.03,46.33
2026-08-18T01:39:44,111.54,46.83
2026-08-18T01:39:45,110.64,45.94
2026-08-18T01:39:46,110.91,46.21
2026-08-18T01:39:47,110.8,46.1
2026-08-18T01:39:48,111.08,46.38
2026-08-18T01:39:49,111.71,47.0
2026-08-18T01:39:50,110.45,45.76
2026-08-18T01:39:51,111.48,46.77
2026-08-18T01:39:52,111.65,46.94
2026-08-18T01:39:53,111.04,46.34
2026-08-18T01:39:54,110.65,45.96
2026-08-18T01:39:55,110.42,45.73
2026-08-18T01:39:56,110.5,45.81
2026-08-18T01:39:57,109.79,45.1
2026-08-18T01:39:58,110.24,45.55
2026-08-18T01:39:59,110.66,45.97
2026-08-18T01:40:00,112.4,47.68
2026-08-18T01:40:01,110.33,45.64
2026-08-18T01:40:02,110.34,45.65
2026-08-18T01:40:03,111.03,46.33
2026-08-18T01:40:04,111.04,46.34
2026-08-18T01:40:05,113.41,48.67
2026-08-18T01:40:06,111.02,46.32
2026-08-18T01:40:07,110.59,45.89
2026-08-18T01:40:08,110.54,45.85
2026-08-18T01:40:09,110.92,46.22
2026-08-18T01:40:10,110.58,45.89
2026-08-18T01:40:11,111.04,46.34
2026-08-18T01:40:12,110.69,45.99
2026-08-18T01:40:13,110.96,46.26
2026-08-18T01:40:14,111.35,46.65
2026-08-18T01:40:15,110.4,45.71
2026-08-18T01:40:16,109.83,45.15
2026-08-18T01:40:17,109.44,44.76
2026-08-18T01:40:18,110.14,45.45
2026-08-18T01:40:19,110.01,45.32
2026-08-18T01:40:20,110.55,45.85
2026-08-18T01:40:21,110.33,45.64
2026-08-18T01:40:22,111.96,47.24
2026-08-18T01:40:23,109.91,45.22
2026-08-18T01:40:24,110.54,45.85
2026-08-18T01:40:25,110.31,45.62
2026-08-18T01:40:26,110.24,45.55
2026-08-18T01:40:27,110.86,46.16
2026-08-18T01:40:28,111.15,46.44
2026-08-18T01:40:29,111.29,46.58
2026-08-18T01:40:30,110.65,45.95
2026-08-18T01:40:31,110.68,45.99
2026-08-18T01:40:32,111.2,46.5
2026-08-18T01:40:33,111.16,46.45
2026-08-18T01:40:34,110.86,46.16
2026-08-18T01:40:35,110.32,45.63
2026-08-18T01:40:36,111.49,46.78
2026-08-18T01:40:37,110.97,46.27
2026-08-18T01:40:38,110.69,45.99
2026-08-18T01:40:39,110.61,45.92
2026-08-18T01:40:40,110.98,46.28
2026-08-18T01:40:41,110.91,46.21
2026-08-18T01:40:42,110.36,45.67
2026-08-18T01:40:43,110.43,45.74
2026-08-18T01:40:44,110.3,45.61
2026-08-18T01:40:45,110.21,45.52
2026-08-18T01:40:46,110.61,45.92
2026-08-18T01:40:47,111.35,46.64
2026-08-18T01:40:48,110.25,45.56
2026-08-18T01:40:49,111.33,46.62
2026-08-18T01:40:50,111.22,46.52
2026-08-18T01:40:51,110.96,46.26
2026-08-18T01:40:52,110.18,45.49
2026-08-18T01:40:53,110.42,45.72
2026-08-18T01:40:54,110.64,45.94
2026-08-18T01:40:55,110.41,45.72
2026-08-18T01:40:56,110.57,45.87
2026-08-18T01:40:57,110.59,45.89
2026-08-18T01:40:58,110.14,45.45
2026-08-18T01:40:59,110.68,45.98
2026-08-18T01:41:00,110.62,45.93
2026-08-18T01:41:01,110.33,45.64
2026-08-18T01:41:02,110.37,45.68
2026-08-18T01:41:03,109.99,45.31
2026-08-18T01:41:04,109.93,45.24
2026-08-18T01:41:05,110.04,45.35
2026-08-18T01:41:06,109.93,45.24
2026-08-18T01:41:07,109.74,45.06
2026-08-18T01:41:08,109.64,44.96
2026-08-18T01:41:09,110.1,45.41
2026-08-18T01:41:10,109.51,44.83
2026-08-18T01:41:11,109.94,45.26
2026-08-18T01:41:12,109.58,44.9
2026-08-18T01:41:13,109.88,45.2
2026-08-18T01:41:14,109.91,45.23
2026-08-18T01:41:15,109.75,45.07
2026-08-18T01:41:16,109.75,45.07
2026-08-18T01:41:17,109.88,45.19
2026-08-18T01:41:18,110.01,45.32
2026-08-18T01:41:19,109.61,44.93
2026-08-18T01:41:20,109.89,45.2
2026-08-18T01:41:21,109.84,45.16
2026-08-18T01:41:22,110.15,45.46
2026-08-18T01:41:23,110.02,45.33
2026-08-18T01:41:24,110.36,45.67
2026-08-18T01:41:25,109.97,45.29
2026-08-18T01:41:26,110.23,45.54
2026-08-18T01:41:27,110.68,45.99
2026-08-18T01:41:28,110.53,45.83
2026-08-18T01:41:29,110.04,45.35
2026-08-18T01:41:30,111.28,46.57
2026-08-18T01:41:31,111.09,46.39
2026-08-18T01:41:32,111.49,46.78
2026-08-18T01:41:33,110.31,45.62
2026-08-18T01:41:34,110.22,45.53
2026-08-18T01:41:35,110.68,45.98
2026-08-18T01:41:36,111.1,46.4
2026-08-18T01:41:37,111.21,46.5
2026-08-18T01:41:38,111.44,46.74
2026-08-18T01:41:39,111.07,46.37
2026-08-18T01:41:40,111.15,46.44
2026-08-18T01:41:41,111.79,47.08
2026-08-18T01:41:42,111.71,47.0
2026-08-18T01:41:43,111.42,46.71
2026-08-18T01:41:44,111.16,46.46
2026-08-18T01:41:45,110.91,46.21
2026-08-18T01:41:46,111.35,46.64
2026-08-18T01:41:47,111.69,46.98
2026-08-18T01:41:48,111.99,47.27
2026-08-18T01:41:49,112.43,47.71
2026-08-18T01:41:50,113.51,48.77
2026-08-18T01:41:51,115.43,50.67
2026-08-18T01:41:52,116.31,51.54
2026-08-18T01:41:53,118.97,54.16
2026-08-18T01:41:54,122.28,57.42
2026-08-18T01:41:55,124.25,59.36
2026-08-18T01:41:56,125.85,60.94
2026-08-18T01:41:57,128.27,63.32
2026-08-18T01:41:58,127.41,62.48
2026-08-18T01:41:59,125.15,60.25
2026-08-18T01:42:00,121.79,56.93
2026-08-18T01:42:01,119.53,54.71
2026-08-18T01:42:02,117.66,52.87
2026-08-18T01:42:03,116.68,51.9
2026-08-18T01:42:04,115.56,50.8
2026-08-18T01:42:05,114.61,49.86
2026-08-18T01:42:06,113.81,49.07
2026-08-18T01:42:07,112.63,47.9
2026-08-18T01:42:08,112.4,47.68
2026-08-18T01:42:09,111.98,47.27
2026-08-18T01:42:10,111.86,47.15
2026-08-18T01:42:11,111.05,46.34
2026-08-18T01:42:12,110.67,45.97
2026-08-18T01:42:13,110.37,45.68
2026-08-18T01:42:14,111.69,46.98
2026-08-18T01:42:15,110.79,46.09
2026-08-18T01:42:16,110.23,45.54
2026-08-18T01:42:17,110.59,45.89
2026-08-18T01:42:18,110.69,45.99
2026-08-18T01:42:19,110.35,45.65
2026-08-18T01:42:20,110.4,45.71
2026-08-18T01:42:21,110.51,45.82
2026-08-18T01:42:22,110.84,46.14
2026-08-18T01:42:23,110.07,45.38
2026-08-18T01:42:24,110.03,45.35
2026-08-18T01:42:25,110.22,45.53
2026-08-18T01:42:26,110.23,45.54
2026-08-18T01:42:27,110.36,45.67
2026-08-18T01:42:28,110.43,45.74
2026-08-18T01:42:29,110.47,45.77
2026-08-18T01:42:30,110.36,45.66
2026-08-18T01:42:31,110.03,45.34
2026-08-18T01:42:32,110.34,45.65
2026-08-18T01:42:33,110.52,45.82
2026-08-18T01:42:34,110.11,45.42
2026-08-18T01:42:35,110.22,45.53
2026-08-18T01:42:36,110.37,45.68
2026-08-18T01:42:37,111.0,46.3
2026-08-18T01:42:38,111.48,46.77
2026-08-18T01:42:39,111.76,47.05
2026-08-18T01:42:40,111.36,46.65
2026-08-18T01:42:41,111.98,47.26
2026-08-18T01:42:42,111.94,47.22
2026-08-18T01:42:43,111.16,46.46
2026-08-18T01:42:44,111.08,46.38
2026-08-18T01:42:45,110.27,45.58
2026-08-18T01:42:46,110.31,45.62
2026-08-18T01:42:47,110.18,45.49
2026-08-18T01:42:48,110.92,46.22
2026-08-18T01:42:49,109.66,44.97
2026-08-18T01:42:50,110.17,45.48
2026-08-18T01:42:51,110.1,45.41
2026-08-18T01:42:52,111.16,46.45
2026-08-18T01:42:53,112.18,47.46
2026-08-18T01:42:54,111.51,46.8
2026-08-18T01:42:55,110.15,45.46
2026-08-18T01:42:56,110.72,46.02
2026-08-18T01:42:57,111.2,46.5
2026-08-18T01:42:58,110.67,45.97
2026-08-18T01:42:59,110.11,45.42
2026-08-18T01:43:00,110.3,45.61
2026-08-18T01:43:01,110.28,45.59
2026-08-18T01:43:02,110.16,45.47
2026-08-18T01:43:03,110.54,45.84
2026-08-18T01:43:04,111.32,46.62
2026-08-18T01:43:05,110.97,46.27
2026-08-18T01:43:06,110.92,46.22
2026-08-18T01:43:07,110.74,46.04
2026-08-18T01:43:08,111.64,46.93
2026-08-18T01:43:09,111.53,46.83
2026-08-18T01:43:10,110.18,45.49
2026-08-18T01:43:11,110.23,45.54
2026-08-18T01:43:12,112.43,47.71
2026-08-18T01:43:13,110.21,45.52
2026-08-18T01:43:14,111.0,46.29
2026-08-18T01:43:15,110.1,45.42
2026-08-18T01:43:16,110.29,45.6
2026-08-18T01:43:17,110.46,45.77
2026-08-18T01:43:18,110.41,45.72
2026-08-18T01:43:19,114.55,49.8
2026-08-18T01:43:20,110.63,45.94
2026-08-18T01:43:21,110.48,45.79
2026-08-18T01:43:22,110.37,45.68
2026-08-18T01:43:23,110.47,45.77
2026-08-18T01:43:24,109.9,45.22
2026-08-18T01:43:25,110.73,46.03
2026-08-18T01:43:26,110.57,45.88
2026-08-18T01:43:27,111.14,46.43
2026-08-18T01:43:28,110.32,45.63
2026-08-18T01:43:29,110.42,45.73
2026-08-18T01:43:30,110.37,45.68
2026-08-18T01:43:31,111.16,46.46
2026-08-18T01:43:32,112.39,47.67
2026-08-18T01:43:33,112.14,47.42
2026-08-18T01:43:34,110.63,45.94
2026-08-18T01:43:35,111.69,46.98
2026-08-18T01:43:36,112.56,47.84
2026-08-18T01:43:37,111.89,47.17
2026-08-18T01:43:38,110.94,46.24
2026-08-18T01:43:39,111.16,46.46
2026-08-18T01:43:40,111.22,46.52
2026-08-18T01:43:41,110.55,45.85
2026-08-18T01:43:42,110.36,45.67
2026-08-18T01:43:43,110.07,45.39
2026-08-18T01:43:44,110.04,45.35
2026-08-18T01:43:45,110.42,45.72
2026-08-18T01:43:46,110.35,45.65
2026-08-18T01:43:47,110.34,45.64
2026-08-18T01:43:48,110.18,45.49
2026-08-18T01:43:49,110.0,45.32
2026-08-18T01:43:50,109.69,45.01
2026-08-18T01:43:51,110.06,45.37
2026-08-18T01:43:52,110.05,45.36
2026-08-18T01:43:53,110.01,45.32
2026-08-18T01:43:54,109.67,44.99
2026-08-18T01:43:55,109.94,45.25
2026-08-18T01:43:56,110.01,45.33
2026-08-18T01:43:57,109.81,45.13
2026-08-18T01:43:58,109.72,45.04
2026-08-18T01:43:59,109.83,45.15
2026-08-18T01:44:00,109.9,45.22
2026-08-18T01:44:01,109.92,45.23
2026-08-18T01:44:02,109.7,45.02
2026-08-18T01:44:03,109.83,45.15
2026-08-18T01:44:04,109.63,44.95
2026-08-18T01:44:05,109.82,45.13
2026-08-18T01:44:06,109.48,44.8
2026-08-18T01:44:07,109.79,45.11
2026-08-18T01:44:08,109.73,45.05
2026-08-18T01:44:09,110.74,46.04
2026-08-18T01:44:10,110.42,45.73
2026-08-18T01:44:11,110.07,45.38
2026-08-18T01:44:12,110.14,45.45
2026-08-18T01:44:13,110.27,45.58
2026-08-18T01:44:14,110.3,45.61
2026-08-18T01:44:15,110.55,45.85
2026-08-18T01:44:16,110.63,45.94
2026-08-18T01:44:17,111.03,46.33
2026-08-18T01:44:18,111.23,46.53
2026-08-18T01:44:19,110.57,45.88
2026-08-18T01:44:20,110.59,45.89
2026-08-18T01:44:21,110.98,46.28
2026-08-18T01:44:22,111.34,46.63
2026-08-18T01:44:23,111.57,46.86
2026-08-18T01:44:24,110.68,45.98
2026-08-18T01:44:25,110.69,45.99
2026-08-18T01:44:26,111.3,46.6
2026-08-18T01:44:27,111.19,46.49
2026-08-18T01:44:28,110.77,46.08
2026-08-18T01:44:29,111.05,46.35
2026-08-18T01:44:30,110.66,45.96
2026-08-18T01:44:31,110.45,45.76
2026-08-18T01:44:32,110.11,45.42
2026-08-18T01:44:33,109.92,45.23
2026-08-18T01:44:34,110.77,46.08
2026-08-18T01:44:35,110.7,46.01
2026-08-18T01:44:36,110.63,45.93
2026-08-18T01:44:37,110.69,46.0
2026-08-18T01:44:38,110.88,46.18
2026-08-18T01:44:39,110.99,46.29
2026-08-18T01:44:40,110.27,45.58
2026-08-18T01:44:41,110.06,45.37
2026-08-18T01:44:42,109.84,45.16
2026-08-18T01:44:43,110.69,45.99
2026-08-18T01:44:44,110.66,45.97
2026-08-18T01:44:45,110.0,45.31
2026-08-18T01:44:46,110.04,45.35
2026-08-18T01:44:47,110.89,46.19
2026-08-18T01:44:48,110.39,45.7
2026-08-18T01:44:49,110.2,45.51
2026-08-18T01:44:50,110.49,45.8
2026-08-18T01:44:51,111.3,46.6
2026-08-18T01:44:52,110.52,45.83
2026-08-18T01:44:53,110.49,45.8
2026-08-18T01:44:54,109.73,45.05
2026-08-18T01:44:55,109.81,45.13
2026-08-18T01:44:56,109.85,45.16
2026-08-18T01:44:57,109.58,44.9
2026-08-18T01:44:58,109.85,45.17
2026-08-18T01:44:59,109.63,44.95
2026-08-18T01:45:00,109.93,45.24
2026-08-18T01:45:01,110.49,45.8
2026-08-18T01:45:02,110.01,45.32
2026-08-18T01:45:03,109.58,44.9
2026-08-18T01:45:04,109.66,44.98
2026-08-18T01:45:05,109.53,44.85
2026-08-18T01:45:06,109.71,45.02
2026-08-18T01:45:07,109.9,45.21
2026-08-18T01:45:08,109.54,44.86
2026-08-18T01:45:09,109.83,45.15
2026-08-18T01:45:10,109.99,45.3
2026-08-18T01:45:11,110.07,45.38
2026-08-18T01:45:12,110.01,45.32
2026-08-18T01:45:13,110.23,45.54
2026-08-18T01:45:14,109.77,45.09
2026-08-18T01:45:15,110.07,45.39
2026-08-18T01:45:16,109.69,45.01
2026-08-18T01:45:17,109.5,44.83
2026-08-18T01:45:18,109.91,45.22
2026-08-18T01:45:19,109.54,44.86
2026-08-18T01:45:20,109.75,45.06
2026-08-18T01:45:21,110.16,45.47
2026-08-18T01:45:22,109.33,44.65
2026-08-18T01:45:23,109.67,44.99
2026-08-18T01:45:24,109.72,45.04
2026-08-18T01:45:25,109.71,45.03
2026-08-18T01:45:26,110.14,45.45
2026-08-18T01:45:27,109.39,44.72
2026-08-18T01:45:28,109.89,45.2
2026-08-18T01:45:29,110.02,45.33
2026-08-18T01:45:30,109.26,44.58
2026-08-18T01:45:31,109.28,44.6
2026-08-18T01:45:32,109.52,44.84
2026-08-18T01:45:33,109.65,44.97
2026-08-18T01:45:34,109.34,44.66
2026-08-18T01:45:35,109.78,45.1
2026-08-18T01:45:36,109.8,45.12
2026-08-18T01:45:37,109.64,44.96
2026-08-18T01:45:38,109.48,44.8
2026-08-18T01:45:39,109.92,45.24
2026-08-18T01:45:40,109.36,44.68
2026-08-18T01:45:41,110.55,45.86
2026-08-18T01:45:42,109.63,44.95
2026-08-18T01:45:43,109.89,45.2
2026-08-18T01:45:44,110.25,45.56
2026-08-18T01:45:45,110.1,45.41
2026-08-18T01:45:46,110.31,45.61
2026-08-18T01:45:47,109.91,45.22
2026-08-18T01:45:48,110.1,45.41
2026-08-18T01:45:49,110.44,45.75
2026-08-18T01:45:50,110.07,45.38
2026-08-18T01:45:51,110.43,45.74
2026-08-18T01:45:52,110.63,45.93
2026-08-18T01:45:53,110.78,46.08
2026-08-18T01:45:54,110.81,46.11
2026-08-18T01:45:55,110.96,46.26
2026-08-18T01:45:56,110.83,46.14
2026-08-18T01:45:57,111.27,46.56
2026-08-18T01:45:58,111.21,46.5
2026-08-18T01:45:59,111.47,46.76
2026-08-18T01:46:00,111.67,46.96
2026-08-18T01:46:01,111.32,46.62
2026-08-18T01:46:02,111.44,46.73
2026-08-18T01:46:03,111.56,46.85
2026-08-18T01:46:04,110.32,45.63
2026-08-18T01:46:05,109.96,45.27
2026-08-18T01:46:06,109.56,44.88
2026-08-18T01:46:07,110.21,45.52
2026-08-18T01:46:08,110.54,45.84
2026-08-18T01:46:09,110.06,45.37
2026-08-18T01:46:10,110.36,45.66
2026-08-18T01:46:11,110.17,45.48
2026-08-18T01:46:12,111.34,46.64
2026-08-18T01:46:13,111.2,46.5
2026-08-18T01:46:14,111.32,46.61
2026-08-18T01:46:15,111.59,46.88
2026-08-18T01:46:16,111.77,47.06
2026-08-18T01:46:17,111.09,46.39
2026-08-18T01:46:18,111.12,46.41
2026-08-18T01:46:19,111.1,46.4
2026-08-18T01:46:20,111.32,46.62
2026-08-18T01:46:21,110.75,46.05
2026-08-18T01:46:22,111.49,46.78
2026-08-18T01:46:23,111.42,46.72
2026-08-18T01:46:24,111.95,47.23
2026-08-18T01:46:25,112.51,47.79
2026-08-18T01:46:26,113.19,48.46
2026-08-18T01:46:27,115.28,50.51
2026-08-18T01:46:28,116.78,51.99
2026-08-18T01:46:29,118.6,53.79
2026-08-18T01:46:30,119.36,54.54
2026-08-18T01:46:31,122.26,57.4
2026-08-18T01:46:32,124.17,59.28
2026-08-18T01:46:33,125.12,60.22
2026-08-18T01:46:34,123.73,58.85
2026-08-18T01:46:35,120.98,56.14
2026-08-18T01:46:36,118.25,53.45
2026-08-18T01:46:37,115.64,50.88
2026-08-18T01:46:38,114.17,49.42
2026-08-18T01:46:39,113.2,48.47
2026-08-18T01:46:40,113.51,48.77
2026-08-18T01:46:41,112.79,48.07
2026-08-18T01:46:42,111.58,46.87
2026-08-18T01:46:43,111.12,46.41
2026-08-18T01:46:44,110.49,45.79
2026-08-18T01:46:45,110.24,45.55
2026-08-18T01:46:46,110.33,45.63
2026-08-18T01:46:47,109.75,45.06
2026-08-18T01:46:48,110.04,45.36
2026-08-18T01:46:49,109.94,45.25
2026-08-18T01:46:50,109.69,45.01
2026-08-18T01:46:51,110.04,45.35
2026-08-18T01:46:52,109.29,44.61
2026-08-18T01:46:53,109.57,44.89
2026-08-18T01:46:54,109.31,44.63
2026-08-18T01:46:55,109.39,44.71
2026-08-18T01:46:56,109.49,44.81
2026-08-18T01:46:57,109.52,44.84
2026-08-18T01:46:58,109.23,44.56
2026-08-18T01:46:59,109.19,44.52
2026-08-18T01:47:00,109.51,44.83
2026-08-18T01:47:01,109.82,45.14
2026-08-18T01:47:02,109.91,45.22
2026-08-18T01:47:03,109.51,44.83
2026-08-18T01:47:04,110.11,45.42
2026-08-18T01:47:05,110.22,45.53
2026-08-18T01:47:06,110.27,45.57
2026-08-18T01:47:07,110.43,45.74
2026-08-18T01:47:08,110.92,46.22
2026-08-18T01:47:09,111.28,46.57
2026-08-18T01:47:10,111.66,46.95
2026-08-18T01:47:11,111.3,46.59
2026-08-18T01:47:12,110.77,46.07
2026-08-18T01:47:13,110.72,46.02
2026-08-18T01:47:14,110.27,45.58
2026-08-18T01:47:15,110.72,46.02
2026-08-18T01:47:16,110.35,45.66
2026-08-18T01:47:17,109.65,44.97
2026-08-18T01:47:18,109.88,45.2
2026-08-18T01:47:19,110.33,45.64
2026-08-18T01:47:20,110.04,45.35
2026-08-18T01:47:21,109.75,45.06
2026-08-18T01:47:22,110.29,45.6
2026-08-18T01:47:23,110.17,45.48
2026-08-18T01:47:24,109.79,45.11
2026-08-18T01:47:25,109.75,45.07
2026-08-18T01:47:26,109.92,45.23
2026-08-18T01:47:27,110.49,45.79
2026-08-18T01:47:28,109.9,45.21
2026-08-18T01:47:29,110.27,45.58
2026-08-18T01:47:30,110.43,45.74
2026-08-18T01:47:31,109.86,45.18
2026-08-18T01:47:32,109.88,45.2
2026-08-18T01:47:33,109.83,45.14
2026-08-18T01:47:34,109.79,45.1
2026-08-18T01:47:35,109.7,45.02
2026-08-18T01:47:36,110.91,46.21
2026-08-18T01:47:37,109.94,45.26
2026-08-18T01:47:38,109.71,45.03
2026-08-18T01:47:39,109.25,44.57
2026-08-18T01:47:40,109.72,45.04
2026-08-18T01:47:41,109.79,45.11
2026-08-18T01:47:42,109.62,44.94
2026-08-18T01:47:43,109.53,44.85
2026-08-18T01:47:44,109.82,45.13
2026-08-18T01:47:45,110.31,45.62
2026-08-18T01:47:46,109.65,44.97
2026-08-18T01:47:47,110.06,45.37
2026-08-18T01:47:48,109.84,45.15
2026-08-18T01:47:49,110.19,45.5
2026-08-18T01:47:50,109.82,45.14
2026-08-18T01:47:51,109.48,44.8
2026-08-18T01:47:52,110.16,45.47
2026-08-18T01:47:53,110.19,45.5
2026-08-18T01:47:54,110.54,45.85
2026-08-18T01:47:55,110.44,45.75
2026-08-18T01:47:56,111.19,46.48
2026-08-18T01:47:57,111.98,47.26
2026-08-18T01:47:58,110.87,46.17
2026-08-18T01:47:59,110.8,46.1
2026-08-18T01:48:00,110.5,45.8
2026-08-18T01:48:01,110.84,46.14
2026-08-18T01:48:02,110.97,46.27
2026-08-18T01:48:03,110.77,46.07
2026-08-18T01:48:04,110.75,46.05
2026-08-18T01:48:05,110.88,46.18
2026-08-18T01:48:06,110.8,46.1
2026-08-18T01:48:07,110.62,45.93
2026-08-18T01:48:08,110.7,46.0
2026-08-18T01:48:09,110.26,45.57
2026-08-18T01:48:10,110.08,45.4
2026-08-18T01:48:11,110.13,45.44
2026-08-18T01:48:12,110.18,45.49
2026-08-18T01:48:13,110.22,45.53
2026-08-18T01:48:14,110.42,45.73
2026-08-18T01:48:15,109.68,44.99
2026-08-18T01:48:16,109.95,45.27
2026-08-18T01:48:17,110.34,45.65
2026-08-18T01:48:18,110.05,45.37
2026-08-18T01:48:19,110.05,45.36
2026-08-18T01:48:20,110.43,45.74
2026-08-18T01:48:21,110.55,45.86
2026-08-18T01:48:22,110.22,45.53
2026-08-18T01:48:23,110.32,45.63
2026-08-18T01:48:24,110.17,45.48
2026-08-18T01:48:25,110.67,45.97
2026-08-18T01:48:26,110.39,45.7
2026-08-18T01:48:27,110.42,45.73
2026-08-18T01:48:28,110.16,45.47
2026-08-18T01:48:29,109.73,45.05
2026-08-18T01:48:30,109.85,45.16
2026-08-18T01:48:31,110.14,45.45
2026-08-18T01:48:32,110.93,46.23
2026-08-18T01:48:33,111.04,46.34
2026-08-18T01:48:34,110.85,46.15
2026-08-18T01:48:35,110.94,46.24
2026-08-18T01:48:36,110.67,45.98
2026-08-18T01:48:37,110.38,45.69
2026-08-18T01:48:38,110.45,45.75
2026-08-18T01:48:39,110.1,45.41
2026-08-18T01:48:40,109.61,44.93
2026-08-18T01:48:41,109.87,45.18
2026-08-18T01:48:42,109.51,44.83
2026-08-18T01:48:43,109.59,44.91
2026-08-18T01:48:44,109.42,44.74
2026-08-18T01:48:45,109.53,44.85
2026-08-18T01:48:46,109.14,44.46
2026-08-18T01:48:47,109.23,44.55
2026-08-18T01:48:48,109.55,44.87
2026-08-18T01:48:49,109.1,44.43
2026-08-18T01:48:50,109.72,45.03
2026-08-18T01:48:51,109.61,44.93
2026-08-18T01:48:52,109.21,44.54
2026-08-18T01:48:53,109.34,44.67
2026-08-18T01:48:54,109.59,44.91
2026-08-18T01:48:55,109.59,44.91
2026-08-18T01:48:56,109.18,44.5
2026-08-18T01:48:57,109.81,45.12
2026-08-18T01:48:58,109.44,44.76
2026-08-18T01:48:59,109.6,44.92
2026-08-18T01:49:00,108.99,44.32
2026-08-18T01:49:01,109.7,45.02
2026-08-18T01:49:02,110.0,45.31
2026-08-18T01:49:03,110.12,45.43
2026-08-18T01:49:04,110.03,45.35
2026-08-18T01:49:05,109.48,44.8
2026-08-18T01:49:06,110.89,46.19
2026-08-18T01:49:07,111.09,46.39
2026-08-18T01:49:08,111.2,46.5
2026-08-18T01:49:09,110.71,46.02
2026-08-18T01:49:10,110.34,45.65
2026-08-18T01:49:11,110.31,45.62
2026-08-18T01:49:12,110.06,45.37
2026-08-18T01:49:13,110.08,45.39
2026-08-18T01:49:14,110.34,45.65
2026-08-18T01:49:15,110.64,45.95
2026-08-18T01:49:16,110.22,45.53
2026-08-18T01:49:17,110.1,45.41
2026-08-18T01:49:18,111.03,46.32
2026-08-18T01:49:19,111.36,46.66
2026-08-18T01:49:20,110.12,45.43
2026-08-18T01:49:21,110.37,45.68
2026-08-18T01:49:22,110.57,45.88
2026-08-18T01:49:23,110.86,46.16
2026-08-18T01:49:24,110.93,46.23
2026-08-18T01:49:25,111.51,46.8
2026-08-18T01:49:26,111.0,46.3
2026-08-18T01:49:27,110.69,45.99
2026-08-18T01:49:28,110.25,45.56
2026-08-18T01:49:29,110.32,45.63
2026-08-18T01:49:30,109.9,45.22
2026-08-18T01:49:31,109.63,44.95
2026-08-18T01:49:32,110.0,45.32
2026-08-18T01:49:33,110.23,45.54
2026-08-18T01:49:34,110.42,45.72
2026-08-18T01:49:35,110.34,45.65
2026-08-18T01:49:36,110.14,45.45
2026-08-18T01:49:37,110.04,45.35
2026-08-18T01:49:38,110.26,45.57
2026-08-18T01:49:39,110.25,45.56
2026-08-18T01:49:40,109.89,45.2
2026-08-18T01:49:41,109.75,45.06
2026-08-18T01:49:42,110.08,45.39
2026-08-18T01:49:43,109.83,45.15
2026-08-18T01:49:44,109.56,44.88
2026-08-18T01:49:45,109.15,44.47
2026-08-18T01:49:46,109.33,44.65
2026-08-18T01:49:47,110.18,45.49
2026-08-18T01:49:48,110.12,45.43
2026-08-18T01:49:49,109.99,45.3
2026-08-18T01:49:50,109.79,45.11
2026-08-18T01:49:51,109.78,45.09
2026-08-18T01:49:52,110.29,45.6
2026-08-18T01:49:53,110.03,45.34
2026-08-18T01:49:54,109.69,45.01
2026-08-18T01:49:55,110.58,45.89
2026-08-18T01:49:56,110.42,45.73
2026-08-18T01:49:57,110.68,45.98
2026-08-18T01:49:58,110.67,45.97
2026-08-18T01:49:59,110.72,46.03
2026-08-18T01:50:00,111.04,46.34
2026-08-18T01:50:01,110.93,46.23
2026-08-18T01:50:02,111.74,47.03
2026-08-18T01:50:03,110.61,45.91
2026-08-18T01:50:04,110.42,45.72
2026-08-18T01:50:05,110.68,45.99
2026-08-18T01:50:06,112.03,47.31
2026-08-18T01:50:07,111.37,46.66
2026-08-18T01:50:08,110.2,45.51
2026-08-18T01:50:09,110.48,45.78
2026-08-18T01:50:10,110.94,46.24
2026-08-18T01:50:11,110.79,46.1
2026-08-18T01:50:12,109.94,45.25
2026-08-18T01:50:13,109.67,44.99
2026-08-18T01:50:14,109.73,45.05
2026-08-18T01:50:15,109.48,44.8
2026-08-18T01:50:16,109.38,44.71
2026-08-18T01:50:17,109.57,44.89
2026-08-18T01:50:18,109.59,44.91
2026-08-18T01:50:19,109.71,45.03
2026-08-18T01:50:20,109.46,44.78
2026-08-18T01:50:21,109.87,45.19
2026-08-18T01:50:22,109.7,45.02
2026-08-18T01:50:23,109.58,44.9
2026-08-18T01:50:24,109.61,44.93
2026-08-18T01:50:25,109.74,45.06
2026-08-18T01:50:26,109.24,44.57
2026-08-18T01:50:27,109.7,45.01
2026-08-18T01:50:28,109.88,45.19
2026-08-18T01:50:29,110.06,45.37
2026-08-18T01:50:30,109.51,44.83
2026-08-18T01:50:31,109.61,44.93
2026-08-18T01:50:32,109.5,44.82
2026-08-18T01:50:33,110.07,45.38
2026-08-18T01:50:34,109.45,44.77
2026-08-18T01:50:35,110.45,45.76
2026-08-18T01:50:36,110.23,45.54
2026-08-18T01:50:37,110.21,45.52
2026-08-18T01:50:38,109.91,45.22
2026-08-18T01:50:39,110.06,45.38
2026-08-18T01:50:40,110.44,45.75
2026-08-18T01:50:41,109.89,45.21
2026-08-18T01:50:42,110.41,45.72
2026-08-18T01:50:43,110.67,45.97
2026-08-18T01:50:44,110.08,45.39
2026-08-18T01:50:45,110.34,45.65
2026-08-18T01:50:46,109.93,45.24
2026-08-18T01:50:47,110.43,45.74
2026-08-18T01:50:48,110.43,45.74
2026-08-18T01:50:49,110.76,46.06
2026-08-18T01:50:50,110.5,45.81
2026-08-18T01:50:51,110.79,46.09
2026-08-18T01:50:52,110.27,45.58
2026-08-18T01:50:53,110.39,45.7
2026-08-18T01:50:54,110.8,46.1
2026-08-18T01:50:55,110.04,45.35
2026-08-18T01:50:56,110.44,45.75
2026-08-18T01:50:57,110.3,45.61
2026-08-18T01:50:58,110.44,45.75
2026-08-18T01:50:59,110.68,45.99
2026-08-18T01:51:00,110.92,46.22
2026-08-18T01:51:01,110.68,45.98
2026-08-18T01:51:02,110.35,45.66
2026-08-18T01:51:03,110.29,45.6
2026-08-18T01:51:04,110.5,45.8
2026-08-18T01:51:05,111.08,46.38
2026-08-18T01:51:06,110.79,46.09
2026-08-18T01:51:07,110.75,46.06
2026-08-18T01:51:08,111.06,46.35
2026-08-18T01:51:09,110.68,45.98
2026-08-18T01:51:10,111.08,46.38
2026-08-18T01:51:11,111.06,46.36
2026-08-18T01:51:12,110.87,46.17
2026-08-18T01:51:13,110.82,46.12
2026-08-18T01:51:14,110.63,45.94
2026-08-18T01:51:15,110.69,45.99
2026-08-18T01:51:16,110.41,45.72
2026-08-18T01:51:17,110.52,45.83
2026-08-18T01:51:18,110.69,45.99
2026-08-18T01:51:19,111.0,46.29
2026-08-18T01:51:20,110.46,45.77
2026-08-18T01:51:21,110.72,46.03
2026-08-18T01:51:22,110.93,46.23
2026-08-18T01:51:23,110.7,46.01
2026-08-18T01:51:24,111.16,46.46
2026-08-18T01:51:25,111.16,46.45
2026-08-18T01:51:26,110.72,46.02
2026-08-18T01:51:27,111.33,46.62
2026-08-18T01:51:28,111.28,46.58
2026-08-18T01:51:29,110.78,46.08
2026-08-18T01:51:30,111.03,46.33
2026-08-18T01:51:31,110.94,46.24
2026-08-18T01:51:32,111.34,46.63
2026-08-18T01:51:33,111.34,46.63
2026-08-18T01:51:34,110.5,45.81
2026-08-18T01:51:35,110.79,46.09
2026-08-18T01:51:36,111.01,46.3
2026-08-18T01:51:37,110.64,45.94
2026-08-18T01:51:38,110.75,46.05
2026-08-18T01:51:39,110.6,45.9
2026-08-18T01:51:40,110.61,45.91
2026-08-18T01:51:41,110.38,45.69
2026-08-18T01:51:42,110.66,45.96
2026-08-18T01:51:43,111.39,46.68
2026-08-18T01:51:44,111.01,46.31
2026-08-18T01:51:45,110.86,46.16
2026-08-18T01:51:46,110.87,46.17
2026-08-18T01:51:47,110.87,46.17
2026-08-18T01:51:48,111.01,46.31
2026-08-18T01:51:49,110.44,45.75
2026-08-18T01:51:50,110.63,45.94
2026-08-18T01:51:51,110.59,45.9
2026-08-18T01:51:52,110.45,45.76
2026-08-18T01:51:53,110.47,45.78
2026-08-18T01:51:54,110.95,46.25
2026-08-18T01:51:55,110.94,46.24
2026-08-18T01:51:56,110.82,46.12
2026-08-18T01:51:57,110.77,46.07
2026-08-18T01:51:58,110.95,46.25
2026-08-18T01:51:59,111.17,46.47
2026-08-18T01:52:00,110.83,46.13
2026-08-18T01:52:01,111.22,46.51
2026-08-18T01:52:02,111.81,47.1
2026-08-18T01:52:03,110.83,46.13
2026-08-18T01:52:04,112.95,48.22
2026-08-18T01:52:05,113.33,48.59
2026-08-18T01:52:06,113.1,48.37
2026-08-18T01:52:07,111.11,46.41
2026-08-18T01:52:08,110.77,46.08
2026-08-18T01:52:09,110.74,46.04
2026-08-18T01:52:10,110.45,45.76
2026-08-18T01:52:11,110.81,46.11
2026-08-18T01:52:12,110.31,45.62
2026-08-18T01:52:13,110.15,45.46
2026-08-18T01:52:14,110.03,45.34
2026-08-18T01:52:15,110.1,45.41
2026-08-18T01:52:16,110.44,45.75
2026-08-18T01:52:17,110.26,45.57
2026-08-18T01:52:18,110.12,45.43
2026-08-18T01:52:19,110.19,45.5
2026-08-18T01:52:20,110.57,45.88
2026-08-18T01:52:21,110.56,45.87
2026-08-18T01:52:22,110.37,45.68
2026-08-18T01:52:23,110.24,45.55
2026-08-18T01:52:24,110.61,45.92
2026-08-18T01:52:25,110.61,45.91
2026-08-18T01:52:26,110.06,45.38
2026-08-18T01:52:27,110.2,45.51
2026-08-18T01:52:28,110.27,45.58
2026-08-18T01:52:29,109.98,45.29
2026-08-18T01:52:30,110.39,45.7
2026-08-18T01:52:31,110.43,45.74
2026-08-18T01:52:32,111.0,46.3
2026-08-18T01:52:33,110.79,46.09
2026-08-18T01:52:34,110.23,45.54
2026-08-18T01:52:35,110.55,45.86
2026-08-18T01:52:36,111.23,46.53
2026-08-18T01:52:37,111.19,46.49
2026-08-18T01:52:38,111.62,46.91
2026-08-18T01:52:39,112.26,47.54
2026-08-18T01:52:40,112.74,48.02
2026-08-18T01:52:41,113.83,49.09
2026-08-18T01:52:42,114.68,49.93
2026-08-18T01:52:43,118.14,53.34
2026-08-18T01:52:44,120.92,56.08
2026-08-18T01:52:45,122.62,57.75
2026-08-18T01:52:46,122.52,57.66
2026-08-18T01:52:47,123.62,58.74
2026-08-18T01:52:48,123.46,58.59
2026-08-18T01:52:49,121.65,56.79
2026-08-18T01:52:50,118.46,53.66
2026-08-18T01:52:51,116.91,52.13
2026-08-18T01:52:52,115.49,50.72
2026-08-18T01:52:53,114.09,49.34
2026-08-18T01:52:54,113.37,48.64
2026-08-18T01:52:55,112.45,47.73
2026-08-18T01:52:56,112.21,47.49
2026-08-18T01:52:57,111.73,47.02
2026-08-18T01:52:58,111.11,46.41
2026-08-18T01:52:59,111.11,46.41
2026-08-18T01:53:00,110.89,46.19
2026-08-18T01:53:01,111.22,46.51
2026-08-18T01:53:02,111.51,46.8
2026-08-18T01:53:03,111.33,46.62
2026-08-18T01:53:04,111.33,46.62
2026-08-18T01:53:05,111.2,46.5
2026-08-18T01:53:06,111.1,46.4
2026-08-18T01:53:07,110.84,46.15
2026-08-18T01:53:08,110.75,46.06
2026-08-18T01:53:09,111.09,46.39
2026-08-18T01:53:10,111.2,46.49
2026-08-18T01:53:11,110.38,45.68
2026-08-18T01:53:12,110.57,45.87
2026-08-18T01:53:13,110.56,45.87
2026-08-18T01:53:14,110.13,45.44
2026-08-18T01:53:15,110.38,45.69
2026-08-18T01:53:16,111.12,46.41
2026-08-18T01:53:17,110.48,45.79
2026-08-18T01:53:18,110.62,45.93
2026-08-18T01:53:19,110.69,45.99
2026-08-18T01:53:20,110.81,46.11
2026-08-18T01:53:21,110.46,45.77
2026-08-18T01:53:22,110.56,45.87
2026-08-18T01:53:23,111.08,46.38
2026-08-18T01:53:24,110.83,46.13
2026-08-18T01:53:25,110.79,46.09
2026-08-18T01:53:26,110.98,46.28
2026-08-18T01:53:27,111.15,46.45
2026-08-18T01:53:28,111.29,46.59
2026-08-18T01:53:29,110.81,46.11
2026-08-18T01:53:30,111.26,46.56
2026-08-18T01:53:31,111.46,46.76
2026-08-18T01:53:32,111.64,46.93
2026-08-18T01:53:33,112.38,47.66
2026-08-18T01:53:34,113.24,48.51
2026-08-18T01:53:35,114.9,50.14
2026-08-18T01:53:36,115.02,50.26
2026-08-18T01:53:37,116.72,51.94
2026-08-18T01:53:38,119.31,54.49
2026-08-18T01:53:39,123.42,58.54
2026-08-18T01:53:40,125.25,60.35
2026-08-18T01:53:41,125.56,60.65
2026-08-18T01:53:42,125.87,60.96
2026-08-18T01:53:43,126.62,61.7
2026-08-18T01:53:44,124.64,59.75
2026-08-18T01:53:45,121.73,56.88
2026-08-18T01:53:46,119.47,54.64
2026-08-18T01:53:47,118.52,53.71
2026-08-18T01:53:48,117.3,52.51
2026-08-18T01:53:49,116.28,51.51
2026-08-18T01:53:50,114.78,50.02
2026-08-18T01:53:51,113.8,49.06
2026-08-18T01:53:52,113.71,48.97
2026-08-18T01:53:53,112.88,48.15
2026-08-18T01:53:54,113.01,48.28
2026-08-18T01:53:55,112.59,47.86
2026-08-18T01:53:56,112.47,47.75
2026-08-18T01:53:57,111.88,47.17
2026-08-18T01:53:58,111.89,47.18
2026-08-18T01:53:59,111.28,46.57
2026-08-18T01:54:00,111.66,46.95
2026-08-18T01:54:01,111.47,46.77
2026-08-18T01:54:02,112.32,47.6
2026-08-18T01:54:03,112.36,47.64
2026-08-18T01:54:04,112.55,47.83
2026-08-18T01:54:05,111.96,47.24
2026-08-18T01:54:06,112.06,47.34
2026-08-18T01:54:07,111.62,46.91
2026-08-18T01:54:08,111.29,46.59
2026-08-18T01:54:09,111.27,46.56
2026-08-18T01:54:10,110.98,46.28
2026-08-18T01:54:11,111.05,46.35
2026-08-18T01:54:12,111.23,46.53
2026-08-18T01:54:13,111.45,46.74
2026-08-18T01:54:14,111.13,46.43
2026-08-18T01:54:15,111.27,46.56
2026-08-18T01:54:16,111.18,46.48
2026-08-18T01:54:17,111.06,46.36
2026-08-18T01:54:18,110.58,45.89
2026-08-18T01:54:19,110.34,45.65
2026-08-18T01:54:20,110.03,45.35
2026-08-18T01:54:21,110.62,45.93
2026-08-18T01:54:22,110.44,45.75
2026-08-18T01:54:23,110.57,45.88
2026-08-18T01:54:24,110.6,45.9
2026-08-18T01:54:25,110.45,45.76
2026-08-18T01:54:26,111.24,46.53
2026-08-18T01:54:27,111.16,46.46
2026-08-18T01:54:28,111.91,47.2
2026-08-18T01:54:29,111.87,47.16
2026-08-18T01:54:30,111.65,46.94
2026-08-18T01:54:31,111.22,46.52
2026-08-18T01:54:32,110.96,46.26
2026-08-18T01:54:33,110.86,46.16
2026-08-18T01:54:34,110.64,45.94
2026-08-18T01:54:35,111.53,46.82
2026-08-18T01:54:36,110.84,46.14
2026-08-18T01:54:37,110.32,45.63
2026-08-18T01:54:38,110.88,46.18
2026-08-18T01:54:39,111.94,47.23
2026-08-18T01:54:40,111.06,46.36
2026-08-18T01:54:41,111.27,46.56
2026-08-18T01:54:42,110.79,46.09
2026-08-18T01:54:43,111.4,46.69
2026-08-18T01:54:44,111.52,46.81
2026-08-18T01:54:45,111.83,47.12
2026-08-18T01:54:46,111.75,47.04
2026-08-18T01:54:47,111.8,47.09
2026-08-18T01:54:48,111.58,46.87
2026-08-18T01:54:49,111.43,46.72
2026-08-18T01:54:50,110.98,46.28
2026-08-18T01:54:51,110.86,46.16
2026-08-18T01:54:52,111.58,46.87
2026-08-18T01:54:53,111.83,47.12
2026-08-18T01:54:54,112.82,48.09
2026-08-18T01:54:55,113.25,48.52
2026-08-18T01:54:56,112.88,48.15
2026-08-18T01:54:57,112.05,47.33
2026-08-18T01:54:58,112.69,47.97
2026-08-18T01:54:59,112.22,47.5
2026-08-18T01:55:00,111.43,46.72
2026-08-18T01:55:01,111.56,46.85
2026-08-18T01:55:02,111.21,46.5
2026-08-18T01:55:03,111.38,46.67
2026-08-18T01:55:04,111.3,46.59
2026-08-18T01:55:05,111.61,46.9
2026-08-18T01:55:06,111.85,47.14
2026-08-18T01:55:07,111.86,47.15
2026-08-18T01:55:08,111.42,46.72
2026-08-18T01:55:09,110.85,46.15
2026-08-18T01:55:10,111.96,47.24
2026-08-18T01:55:11,111.71,47.0
2026-08-18T01:55:12,111.24,46.54
2026-08-18T01:55:13,111.65,46.94
2026-08-18T01:55:14,111.43,46.73
2026-08-18T01:55:15,110.9,46.2
2026-08-18T01:55:16,111.65,46.94
2026-08-18T01:55:17,111.2,46.49
2026-08-18T01:55:18,111.39,46.68
2026-08-18T01:55:19,110.83,46.13
2026-08-18T01:55:20,110.32,45.63
2026-08-18T01:55:21,110.74,46.05
2026-08-18T01:55:22,110.44,45.75
2026-08-18T01:55:23,111.17,46.47
2026-08-18T01:55:24,111.37,46.66
2026-08-18T01:55:25,110.82,46.12
2026-08-18T01:55:26,111.12,46.42
2026-08-18T01:55:27,110.88,46.18
2026-08-18T01:55:28,110.82,46.12
2026-08-18T01:55:29,110.84,46.14
2026-08-18T01:55:30,112.43,47.71
2026-08-18T01:55:31,113.17,48.44
2026-08-18T01:55:32,112.24,47.52
2026-08-18T01:55:33,111.72,47.01
2026-08-18T01:55:34,111.67,46.96
2026-08-18T01:55:35,111.61,46.9
2026-08-18T01:55:36,111.55,46.84
2026-08-18T01:55:37,111.67,46.96
2026-08-18T01:55:38,111.26,46.56
2026-08-18T01:55:39,110.76,46.07
2026-08-18T01:55:40,110.89,46.19
2026-08-18T01:55:41,111.99,47.28
2026-08-18T01:55:42,112.23,47.51
2026-08-18T01:55:43,112.01,47.29
2026-08-18T01:55:44,110.39,45.7
2026-08-18T01:55:45,110.75,46.06
2026-08-18T01:55:46,111.31,46.61
2026-08-18T01:55:47,111.71,47.0
2026-08-18T01:55:48,111.33,46.63
2026-08-18T01:55:49,110.82,46.12
2026-08-18T01:55:50,110.81,46.11
2026-08-18T01:55:51,110.6,45.9
2026-08-18T01:55:52,111.75,47.04
2026-08-18T01:55:53,112.98,48.25
2026-08-18T01:55:54,111.36,46.65
2026-08-18T01:55:55,112.66,47.93
2026-08-18T01:55:56,112.37,47.65
2026-08-18T01:55:57,112.95,48.22
2026-08-18T01:55:58,112.59,47.87
2026-08-18T01:55:59,112.18,47.46
2026-08-18T01:56:00,111.39,46.68
2026-08-18T01:56:01,110.39,45.7
2026-08-18T01:56:02,111.43,46.72
2026-08-18T01:56:03,111.13,46.43
2026-08-18T01:56:04,111.04,46.34
2026-08-18T01:56:05,111.44,46.73
2026-08-18T01:56:06,111.93,47.22
2026-08-18T01:56:07,113.15,48.42
2026-08-18T01:56:08,113.93,49.18
2026-08-18T01:56:09,112.67,47.95
2026-08-18T01:56:10,112.09,47.37
2026-08-18T01:56:11,111.55,46.84
2026-08-18T01:56:12,112.74,48.01
2026-08-18T01:56:13,111.86,47.15
2026-08-18T01:56:14,112.4,47.68
2026-08-18T01:56:15,112.07,47.35
2026-08-18T01:56:16,112.01,47.3
2026-08-18T01:56:17,111.58,46.87
2026-08-18T01:56:18,111.04,46.33
2026-08-18T01:56:19,110.72,46.02
2026-08-18T01:56:20,111.35,46.64
2026-08-18T01:56:21,111.21,46.51
2026-08-18T01:56:22,111.43,46.72
2026-08-18T01:56:23,111.71,47.0
2026-08-18T01:56:24,112.46,47.74
2026-08-18T01:56:25,113.4,48.66
2026-08-18T01:56:26,112.01,47.29
2026-08-18T01:56:27,111.94,47.23
2026-08-18T01:56:28,111.12,46.42
2026-08-18T01:56:29,111.22,46.52
2026-08-18T01:56:30,111.71,47.0
2026-08-18T01:56:31,112.39,47.67
2026-08-18T01:56:32,112.41,47.69
2026-08-18T01:56:33,112.19,47.47
2026-08-18T01:56:34,112.35,47.63
2026-08-18T01:56:35,113.26,48.53
2026-08-18T01:56:36,113.96,49.22
2026-08-18T01:56:37,115.29,50.53
2026-08-18T01:56:38,115.56,50.79
2026-08-18T01:56:39,116.95,52.17
2026-08-18T01:56:40,120.64,55.8
2026-08-18T01:56:41,124.68,59.78
2026-08-18T01:56:42,127.9,62.95
2026-08-18T01:56:43,129.03,64.07
2026-08-18T01:56:44,128.96,64.0
2026-08-18T01:56:45,126.64,61.72
2026-08-18T01:56:46,122.23,57.37
2026-08-18T01:56:47,120.43,55.59
2026-08-18T01:56:48,119.06,54.24
2026-08-18T01:56:49,118.31,53.5
2026-08-18T01:56:50,116.95,52.16
2026-08-18T01:56:51,116.36,51.59
2026-08-18T01:56:52,114.78,50.03
2026-08-18T01:56:53,114.35,49.6
2026-08-18T01:56:54,113.44,48.71
2026-08-18T01:56:55,113.13,48.4
2026-08-18T01:56:56,112.41,47.69
2026-08-18T01:56:57,111.58,46.87
2026-08-18T01:56:58,111.93,47.22
2026-08-18T01:56:59,111.48,46.77
2026-08-18T01:57:00,111.19,46.48
2026-08-18T01:57:01,111.11,46.41
2026-08-18T01:57:02,111.13,46.43
2026-08-18T01:57:03,111.8,47.09
2026-08-18T01:57:04,111.43,46.72
2026-08-18T01:57:05,111.68,46.97
2026-08-18T01:57:06,112.01,47.29
2026-08-18T01:57:07,112.27,47.56
2026-08-18T01:57:08,111.53,46.82
2026-08-18T01:57:09,111.61,46.9
2026-08-18T01:57:10,112.08,47.36
2026-08-18T01:57:11,111.26,46.56
2026-08-18T01:57:12,111.06,46.36
2026-08-18T01:57:13,110.96,46.26
2026-08-18T01:57:14,110.9,46.2
2026-08-18T01:57:15,110.54,45.85
2026-08-18T01:57:16,110.51,45.81
2026-08-18T01:57:17,110.65,45.95
2026-08-18T01:57:18,111.53,46.82
2026-08-18T01:57:19,111.15,46.45
2026-08-18T01:57:20,110.97,46.27
2026-08-18T01:57:21,110.87,46.18
2026-08-18T01:57:22,110.56,45.87
2026-08-18T01:57:23,111.31,46.6
2026-08-18T01:57:24,111.4,46.7
2026-08-18T01:57:25,110.89,46.19
2026-08-18T01:57:26,110.93,46.23
2026-08-18T01:57:27,110.55,45.85
2026-08-18T01:57:28,110.7,46.0
2026-08-18T01:57:29,110.42,45.72
2026-08-18T01:57:30,110.59,45.9
2026-08-18T01:57:31,110.84,46.14
2026-08-18T01:57:32,110.87,46.17
2026-08-18T01:57:33,111.06,46.36
2026-08-18T01:57:34,111.15,46.44
2026-08-18T01:57:35,110.69,45.99
2026-08-18T01:57:36,110.66,45.97
2026-08-18T01:57:37,110.93,46.23
2026-08-18T01:57:38,110.43,45.74
2026-08-18T01:57:39,110.84,46.14
2026-08-18T01:57:40,110.9,46.2
2026-08-18T01:57:41,111.8,47.08
2026-08-18T01:57:42,111.34,46.63
2026-08-18T01:57:43,110.92,46.22
2026-08-18T01:57:44,112.29,47.57
2026-08-18T01:57:45,111.15,46.45
2026-08-18T01:57:46,111.61,46.9
2026-08-18T01:57:47,111.92,47.2
2026-08-18T01:57:48,111.81,47.1
2026-08-18T01:57:49,112.14,47.43
2026-08-18T01:57:50,112.28,47.56
2026-08-18T01:57:51,112.9,48.17
2026-08-18T01:57:52,113.3,48.57
2026-08-18T01:57:53,111.29,46.59
2026-08-18T01:57:54,110.86,46.16
2026-08-18T01:57:55,110.89,46.19
2026-08-18T01:57:56,111.27,46.56
2026-08-18T01:57:57,110.79,46.09
2026-08-18T01:57:58,110.68,45.98
2026-08-18T01:57:59,110.36,45.67
2026-08-18T01:58:00,110.43,45.74
2026-08-18T01:58:01,110.61,45.92
2026-08-18T01:58:02,110.35,45.66
2026-08-18T01:58:03,110.02,45.34
2026-08-18T01:58:04,110.88,46.18
2026-08-18T01:58:05,110.77,46.07
2026-08-18T01:58:06,110.63,45.94
2026-08-18T01:58:07,110.88,46.18
2026-08-18T01:58:08,110.59,45.89
2026-08-18T01:58:09,110.86,46.16
2026-08-18T01:58:10,110.97,46.27
2026-08-18T01:58:11,111.38,46.67
2026-08-18T01:58:12,111.54,46.83
2026-08-18T01:58:13,111.34,46.63
2026-08-18T01:58:14,111.3,46.59
2026-08-18T01:58:15,111.49,46.79
2026-08-18T01:58:16,111.37,46.66
2026-08-18T01:58:17,111.01,46.31
2026-08-18T01:58:18,111.15,46.45
2026-08-18T01:58:19,111.34,46.63
2026-08-18T01:58:20,110.92,46.22
2026-08-18T01:58:21,111.0,46.3
2026-08-18T01:58:22,110.71,46.01
2026-08-18T01:58:23,110.76,46.06
2026-08-18T01:58:24,110.33,45.64
2026-08-18T01:58:25,110.33,45.64
2026-08-18T01:58:26,110.7,46.0
2026-08-18T01:58:27,110.54,45.85
2026-08-18T01:58:28,110.37,45.68
2026-08-18T01:58:29,110.98,46.27
2026-08-18T01:58:30,111.02,46.32
2026-08-18T01:58:31,110.69,45.99
2026-08-18T01:58:32,111.15,46.45
2026-08-18T01:58:33,110.58,45.88
2026-08-18T01:58:34,110.58,45.88
2026-08-18T01:58:35,110.73,46.03
2026-08-18T01:58:36,110.76,46.06
2026-08-18T01:58:37,110.27,45.58
2026-08-18T01:58:38,110.19,45.5
2026-08-18T01:58:39,110.38,45.69
2026-08-18T01:58:40,110.38,45.69
2026-08-18T01:58:41,110.79,46.09
2026-08-18T01:58:42,111.1,46.39
2026-08-18T01:58:43,111.7,46.99
2026-08-18T01:58:44,111.81,47.09
2026-08-18T01:58:45,111.92,47.21
2026-08-18T01:58:46,111.6,46.89
2026-08-18T01:58:47,110.23,45.54
2026-08-18T01:58:48,111.5,46.79
2026-08-18T01:58:49,111.11,46.4
2026-08-18T01:58:50,111.54,46.83
2026-08-18T01:58:51,110.85,46.15
2026-08-18T01:58:52,110.57,45.88
2026-08-18T01:58:53,110.41,45.72
2026-08-18T01:58:54,110.71,46.01
2026-08-18T01:58:55,110.18,45.49
2026-08-18T01:58:56,110.49,45.8
2026-08-18T01:58:57,110.28,45.59
2026-08-18T01:58:58,110.26,45.57
2026-08-18T01:58:59,110.9,46.2
2026-08-18T01:59:00,110.29,45.6
2026-08-18T01:59:01,110.23,45.54
2026-08-18T01:59:02,110.93,46.23
2026-08-18T01:59:03,110.46,45.77
2026-08-18T01:59:04,109.99,45.3
2026-08-18T01:59:05,110.37,45.68
2026-08-18T01:59:06,110.0,45.31
2026-08-18T01:59:07,110.44,45.74
2026-08-18T01:59:08,110.04,45.36
2026-08-18T01:59:09,110.27,45.58
2026-08-18T01:59:10,109.68,44.99
2026-08-18T01:59:11,110.12,45.43
2026-08-18T01:59:12,109.98,45.3
2026-08-18T01:59:13,109.3,44.62
2026-08-18T01:59:14,109.81,45.12
2026-08-18T01:59:15,109.54,44.86
2026-08-18T01:59:16,110.0,45.31
2026-08-18T01:59:17,109.73,45.05
2026-08-18T01:59:18,110.05,45.36
2026-08-18T01:59:19,109.38,44.7
2026-08-18T01:59:20,109.66,44.98
2026-08-18T01:59:21,109.96,45.27
2026-08-18T01:59:22,109.54,44.86
2026-08-18T01:59:23,109.28,44.6
2026-08-18T01:59:24,109.37,44.69
2026-08-18T01:59:25,109.69,45.01
2026-08-18T01:59:26,110.33,45.64
2026-08-18T01:59:27,110.14,45.45
2026-08-18T01:59:28,110.58,45.89
2026-08-18T01:59:29,110.41,45.72
2026-08-18T01:59:30,110.77,46.07
2026-08-18T01:59:31,110.64,45.95
2026-08-18T01:59:32,110.11,45.42
2026-08-18T01:59:33,110.13,45.44
2026-08-18T01:59:34,109.91,45.23
2026-08-18T01:59:35,109.8,45.12
2026-08-18T01:59:36,110.07,45.38
2026-08-18T01:59:37,109.67,44.99
2026-08-18T01:59:38,109.72,45.04
2026-08-18T01:59:39,110.17,45.48
2026-08-18T01:59:40,110.11,45.42
2026-08-18T01:59:41,110.0,45.32
2026-08-18T01:59:42,110.48,45.78
2026-08-18T01:59:43,110.17,45.49
2026-08-18T01:59:44,110.0,45.32
2026-08-18T01:59:45,109.67,44.99
2026-08-18T01:59:46,109.46,44.78
2026-08-18T01:59:47,109.8,45.12
2026-08-18T01:59:48,109.75,45.06
2026-08-18T01:59:49,109.57,44.89
2026-08-18T01:59:50,109.9,45.22
2026-08-18T01:59:51,109.85,45.16
2026-08-18T01:59:52,110.18,45.5
2026-08-18T01:59:53,110.08,45.39
2026-08-18T01:59:54,110.47,45.77
2026-08-18T01:59:55,110.26,45.57
2026-08-18T01:59:56,110.19,45.5
2026-08-18T01:59:57,109.91,45.23
2026-08-18T01:59:58,110.2,45.51
2026-08-18T01:59:59,109.88,45.19
2026-08-18T02:00:00,110.34,45.64
2026-08-18T02:00:01,111.17,46.47
2026-08-18T02:00:02,110.57,45.87
2026-08-18T02:00:03,110.1,45.41
2026-08-18T02:00:04,110.08,45.39
2026-08-18T02:00:05,110.85,46.15
2026-08-18T02:00:06,110.92,46.22
2026-08-18T02:00:07,111.14,46.44
2026-08-18T02:00:08,111.56,46.86
2026-08-18T02:00:09,112.0,47.28
2026-08-18T02:00:10,111.59,46.88
2026-08-18T02:00:11,110.73,46.03
2026-08-18T02:00:12,110.79,46.09
2026-08-18T02:00:13,110.37,45.68
2026-08-18T02:00:14,110.37,45.68
2026-08-18T02:00:15,110.51,45.81
2026-08-18T02:00:16,109.75,45.06
2026-08-18T02:00:17,109.43,44.75
2026-08-18T02:00:18,109.64,44.96
2026-08-18T02:00:19,110.13,45.44
2026-08-18T02:00:20,109.7,45.02
2026-08-18T02:00:21,109.59,44.91
2026-08-18T02:00:22,109.82,45.14
2026-08-18T02:00:23,110.03,45.34
2026-08-18T02:00:24,109.93,45.24
2026-08-18T02:00:25,109.7,45.02
2026-08-18T02:00:26,109.65,44.97
2026-08-18T02:00:27,110.17,45.48
2026-08-18T02:00:28,110.32,45.63
2026-08-18T02:00:29,110.89,46.19
2026-08-18T02:00:30,110.62,45.92
2026-08-18T02:00:31,111.52,46.81
2026-08-18T02:00:32,112.08,47.36
2026-08-18T02:00:33,112.06,47.34
2026-08-18T02:00:34,112.17,47.46
2026-08-18T02:00:35,111.79,47.08
2026-08-18T02:00:36,111.12,46.41
2026-08-18T02:00:37,110.65,45.96
2026-08-18T02:00:38,110.0,45.32
2026-08-18T02:00:39,110.37,45.68
2026-08-18T02:00:40,109.94,45.25
2026-08-18T02:00:41,109.91,45.23
2026-08-18T02:00:42,109.98,45.3
2026-08-18T02:00:43,109.65,44.97
2026-08-18T02:00:44,109.82,45.13
2026-08-18T02:00:45,109.89,45.21
2026-08-18T02:00:46,110.01,45.33
2026-08-18T02:00:47,109.48,44.81
2026-08-18T02:00:48,109.92,45.23
2026-08-18T02:00:49,109.68,44.99
2026-08-18T02:00:50,109.8,45.12
2026-08-18T02:00:51,110.17,45.48
2026-08-18T02:00:52,110.46,45.77
2026-08-18T02:00:53,110.06,45.38
2026-08-18T02:00:54,109.74,45.06
2026-08-18T02:00:55,110.19,45.5
2026-08-18T02:00:56,110.31,45.61
2026-08-18T02:00:57,110.18,45.49
2026-08-18T02:00:58,110.16,45.47
2026-08-18T02:00:59,109.86,45.18
2026-08-18T02:01:00,110.62,45.92
2026-08-18T02:01:01,110.83,46.13
2026-08-18T02:01:02,110.59,45.9
2026-08-18T02:01:03,110.92,46.22
2026-08-18T02:01:04,111.21,46.5
2026-08-18T02:01:05,111.08,46.37
2026-08-18T02:01:06,111.09,46.38
2026-08-18T02:01:07,110.71,46.02
2026-08-18T02:01:08,110.21,45.52
2026-08-18T02:01:09,109.92,45.24
2026-08-18T02:01:10,110.17,45.48
2026-08-18T02:01:11,110.31,45.62
2026-08-18T02:01:12,110.15,45.46
2026-08-18T02:01:13,110.63,45.94
2026-08-18T02:01:14,110.0,45.31
2026-08-18T02:01:15,110.33,45.64
2026-08-18T02:01:16,110.21,45.52
2026-08-18T02:01:17,110.62,45.92
2026-08-18T02:01:18,110.5,45.8
2026-08-18T02:01:19,110.27,45.58
2026-08-18T02:01:20,110.87,46.17
2026-08-18T02:01:21,110.28,45.59
2026-08-18T02:01:22,110.25,45.56
2026-08-18T02:01:23,110.26,45.57
2026-08-18T02:01:24,110.13,45.45
2026-08-18T02:01:25,109.86,45.17
2026-08-18T02:01:26,110.38,45.69
2026-08-18T02:01:27,110.41,45.71
2026-08-18T02:01:28,111.32,46.61
2026-08-18T02:01:29,110.73,46.03
2026-08-18T02:01:30,110.55,45.85
2026-08-18T02:01:31,110.47,45.77
2026-08-18T02:01:32,111.04,46.33
2026-08-18T02:01:33,111.09,46.39
2026-08-18T02:01:34,111.01,46.31
2026-08-18T02:01:35,110.5,45.8
2026-08-18T02:01:36,111.08,46.38
2026-08-18T02:01:37,112.23,47.52
2026-08-18T02:01:38,111.44,46.74
2026-08-18T02:01:39,109.96,45.27
2026-08-18T02:01:40,110.11,45.43
2026-08-18T02:01:41,113.05,48.32
2026-08-18T02:01:42,110.34,45.65
2026-08-18T02:01:43,110.72,46.03
2026-08-18T02:01:44,110.0,45.31
2026-08-18T02:01:45,109.79,45.11
2026-08-18T02:01:46,109.9,45.21
2026-08-18T02:01:47,109.51,44.83
2026-08-18T02:01:48,109.71,45.03
2026-08-18T02:01:49,109.61,44.92
2026-08-18T02:01:50,109.61,44.93
2026-08-18T02:01:51,109.55,44.87
2026-08-18T02:01:52,109.72,45.03
2026-08-18T02:01:53,109.86,45.17
2026-08-18T02:01:54,109.93,45.24
2026-08-18T02:01:55,109.69,45.01
2026-08-18T02:01:56,109.72,45.03
2026-08-18T02:01:57,109.9,45.22
2026-08-18T02:01:58,109.91,45.22
2026-08-18T02:01:59,110.26,45.57
2026-08-18T02:02:00,110.24,45.55
2026-08-18T02:02:01,110.4,45.71
2026-08-18T02:02:02,109.89,45.2
2026-08-18T02:02:03,110.0,45.31
2026-08-18T02:02:04,110.51,45.81
2026-08-18T02:02:05,110.34,45.65
2026-08-18T02:02:06,110.53,45.83
2026-08-18T02:02:07,109.97,45.28
2026-08-18T02:02:08,110.79,46.09
2026-08-18T02:02:09,110.37,45.68
2026-08-18T02:02:10,110.61,45.91
2026-08-18T02:02:11,110.46,45.76
2026-08-18T02:02:12,110.82,46.12
2026-08-18T02:02:13,111.01,46.3
2026-08-18T02:02:14,111.31,46.6
2026-08-18T02:02:15,111.64,46.93
2026-08-18T02:02:16,111.56,46.86
2026-08-18T02:02:17,110.68,45.98
2026-08-18T02:02:18,110.86,46.16
2026-08-18T02:02:19,110.92,46.22
2026-08-18T02:02:20,110.54,45.85
2026-08-18T02:02:21,110.33,45.64
2026-08-18T02:02:22,110.29,45.6
2026-08-18T02:02:23,110.72,46.02
2026-08-18T02:02:24,110.39,45.7
2026-08-18T02:02:25,110.87,46.17
2026-08-18T02:02:26,110.6,45.91
2026-08-18T02:02:27,110.53,45.84
2026-08-18T02:02:28,109.9,45.21
2026-08-18T02:02:29,110.13,45.44
2026-08-18T02:02:30,109.64,44.95
2026-08-18T02:02:31,109.8,45.11
2026-08-18T02:02:32,110.05,45.36
2026-08-18T02:02:33,110.54,45.85
2026-08-18T02:02:34,109.98,45.3
2026-08-18T02:02:35,110.71,46.01
2026-08-18T02:02:36,110.83,46.13
2026-08-18T02:02:37,111.0,46.3
2026-08-18T02:02:38,109.79,45.11
2026-08-18T02:02:39,111.38,46.67
2026-08-18T02:02:40,111.36,46.65
2026-08-18T02:02:41,111.95,47.24
2026-08-18T02:02:42,111.35,46.65
2026-08-18T02:02:43,110.49,45.79
2026-08-18T02:02:44,110.9,46.2
2026-08-18T02:02:45,111.64,46.93
2026-08-18T02:02:46,112.01,47.29
2026-08-18T02:02:47,112.3,47.58
2026-08-18T02:02:48,112.12,47.4
2026-08-18T02:02:49,113.0,48.27
2026-08-18T02:02:50,112.86,48.13
2026-08-18T02:02:51,113.17,48.44
2026-08-18T02:02:52,112.94,48.21
2026-08-18T02:02:53,112.62,47.89
2026-08-18T02:02:54,111.77,47.06
2026-08-18T02:02:55,111.67,46.96
2026-08-18T02:02:56,112.47,47.75
2026-08-18T02:02:57,113.14,48.41
2026-08-18T02:02:58,113.55,48.82
2026-08-18T02:02:59,114.53,49.78
2026-08-18T02:03:00,114.62,49.87
2026-08-18T02:03:01,113.01,48.28
2026-08-18T02:03:02,111.78,47.07
2026-08-18T02:03:03,111.85,47.14
2026-08-18T02:03:04,112.16,47.44
2026-08-18T02:03:05,112.66,47.94
2026-08-18T02:03:06,113.02,48.29
2026-08-18T02:03:07,113.16,48.43
2026-08-18T02:03:08,112.74,48.01
2026-08-18T02:03:09,112.54,47.82
2026-08-18T02:03:10,112.76,48.04
2026-08-18T02:03:11,112.44,47.72
2026-08-18T02:03:12,112.21,47.49
2026-08-18T02:03:13,112.58,47.86
2026-08-18T02:03:14,112.97,48.25
2026-08-18T02:03:15,113.93,49.19
2026-08-18T02:03:16,114.48,49.73
2026-08-18T02:03:17,116.26,51.48
2026-08-18T02:03:18,118.07,53.26
2026-08-18T02:03:19,121.16,56.31
2026-08-18T02:03:20,123.74,58.86
2026-08-18T02:03:21,126.87,61.94
2026-08-18T02:03:22,128.03,63.08
2026-08-18T02:03:23,128.12,63.18
2026-08-18T02:03:24,122.47,57.61
2026-08-18T02:03:25,119.03,54.22
2026-08-18T02:03:26,116.07,51.3
2026-08-18T02:03:27,113.82,49.08
2026-08-18T02:03:28,113.08,48.35
2026-08-18T02:03:29,113.36,48.62
2026-08-18T02:03:30,113.24,48.51
2026-08-18T02:03:31,111.24,46.54
2026-08-18T02:03:32,110.93,46.23
2026-08-18T02:03:33,110.9,46.2
2026-08-18T02:03:34,110.63,45.93
2026-08-18T02:03:35,110.43,45.74
2026-08-18T02:03:36,110.44,45.75
2026-08-18T02:03:37,110.27,45.58
2026-08-18T02:03:38,110.39,45.69
2026-08-18T02:03:39,110.42,45.73
2026-08-18T02:03:40,110.32,45.62
2026-08-18T02:03:41,110.3,45.6
2026-08-18T02:03:42,110.69,45.99
2026-08-18T02:03:43,110.81,46.12
2026-08-18T02:03:44,110.78,46.08
2026-08-18T02:03:45,110.82,46.12
2026-08-18T02:03:46,110.65,45.95
2026-08-18T02:03:47,110.65,45.96
2026-08-18T02:03:48,110.62,45.93
2026-08-18T02:03:49,110.63,45.94
2026-08-18T02:03:50,110.34,45.65
2026-08-18T02:03:51,110.36,45.66
2026-08-18T02:03:52,110.24,45.55
2026-08-18T02:03:53,109.99,45.3
2026-08-18T02:03:54,110.46,45.77
2026-08-18T02:03:55,110.43,45.74
2026-08-18T02:03:56,110.29,45.6
2026-08-18T02:03:57,110.01,45.32
2026-08-18T02:03:58,110.09,45.4
2026-08-18T02:03:59,110.75,46.06
2026-08-18T02:04:00,110.47,45.77
2026-08-18T02:04:01,110.47,45.78
2026-08-18T02:04:02,110.24,45.55
2026-08-18T02:04:03,110.27,45.58
2026-08-18T02:04:04,110.11,45.42
2026-08-18T02:04:05,109.95,45.26
2026-08-18T02:04:06,110.18,45.49
2026-08-18T02:04:07,110.61,45.92
2026-08-18T02:04:08,110.67,45.97
2026-08-18T02:04:09,110.55,45.86
2026-08-18T02:04:10,110.67,45.97
2026-08-18T02:04:11,110.34,45.65
2026-08-18T02:04:12,111.25,46.54
2026-08-18T02:04:13,111.07,46.37
2026-08-18T02:04:14,112.24,47.52
2026-08-18T02:04:15,111.42,46.72
2026-08-18T02:04:16,111.42,46.71
2026-08-18T02:04:17,110.39,45.69
2026-08-18T02:04:18,110.64,45.94
2026-08-18T02:04:19,110.5,45.81
2026-08-18T02:04:20,110.83,46.13
2026-08-18T02:04:21,110.21,45.52
2026-08-18T02:04:22,109.9,45.21
2026-08-18T02:04:23,110.64,45.94
2026-08-18T02:04:24,110.51,45.82
2026-08-18T02:04:25,110.38,45.69
2026-08-18T02:04:26,109.89,45.2
2026-08-18T02:04:27,109.9,45.22
2026-08-18T02:04:28,110.63,45.94
2026-08-18T02:04:29,110.07,45.38
2026-08-18T02:04:30,110.03,45.34
2026-08-18T02:04:31,110.11,45.42
2026-08-18T02:04:32,110.26,45.57
2026-08-18T02:04:33,110.31,45.62
2026-08-18T02:04:34,110.28,45.59
2026-08-18T02:04:35,110.29,45.6
2026-08-18T02:04:36,110.24,45.55
2026-08-18T02:04:37,109.95,45.27
2026-08-18T02:04:38,109.85,45.17
2026-08-18T02:04:39,110.26,45.56
2026-08-18T02:04:40,116.61,51.83
2026-08-18T02:04:41,113.3,48.57
2026-08-18T02:04:42,114.77,50.02
2026-08-18T02:04:43,111.93,47.21
2026-08-18T02:04:44,111.54,46.84
2026-08-18T02:04:45,110.89,46.19
2026-08-18T02:04:46,110.23,45.54
2026-08-18T02:04:47,110.6,45.91
2026-08-18T02:04:48,110.09,45.41
2026-08-18T02:04:49,110.05,45.36
2026-08-18T02:04:50,110.0,45.32
2026-08-18T02:04:51,109.84,45.15
2026-08-18T02:04:52,110.14,45.45
2026-08-18T02:04:53,109.5,44.82
2026-08-18T02:04:54,110.14,45.45
2026-08-18T02:04:55,110.17,45.48
2026-08-18T02:04:56,110.29,45.6
2026-08-18T02:04:57,109.9,45.22
2026-08-18T02:04:58,110.61,45.92
2026-08-18T02:04:59,110.27,45.58
2026-08-18T02:05:00,110.02,45.33
2026-08-18T02:05:01,110.64,45.94
2026-08-18T02:05:02,109.73,45.05
2026-08-18T02:05:03,109.86,45.17
2026-08-18T02:05:04,110.04,45.35
2026-08-18T02:05:05,110.12,45.43
2026-08-18T02:05:06,112.76,48.04
2026-08-18T02:05:07,114.91,50.15
2026-08-18T02:05:08,118.96,54.15
2026-08-18T02:05:09,110.77,46.08
2026-08-18T02:05:10,111.18,46.48
2026-08-18T02:05:11,110.84,46.14
2026-08-18T02:05:12,110.39,45.7
2026-08-18T02:05:13,110.27,45.58
2026-08-18T02:05:14,110.6,45.9
2026-08-18T02:05:15,111.1,46.4
2026-08-18T02:05:16,110.32,45.63
2026-08-18T02:05:17,110.23,45.54
2026-08-18T02:05:18,110.48,45.79
2026-08-18T02:05:19,110.39,45.7
2026-08-18T02:05:20,110.58,45.88
2026-08-18T02:05:21,110.5,45.8
2026-08-18T02:05:22,110.85,46.15
2026-08-18T02:05:23,110.25,45.56
2026-08-18T02:05:24,110.29,45.6
2026-08-18T02:05:25,110.68,45.98
2026-08-18T02:05:26,110.18,45.49
2026-08-18T02:05:27,110.27,45.58
2026-08-18T02:05:28,110.03,45.34
2026-08-18T02:05:29,109.67,44.99
2026-08-18T02:05:30,109.79,45.11
2026-08-18T02:05:31,110.19,45.5
2026-08-18T02:05:32,109.97,45.28
2026-08-18T02:05:33,109.91,45.22
2026-08-18T02:05:34,110.22,45.53
2026-08-18T02:05:35,110.1,45.41
2026-08-18T02:05:36,109.99,45.3
2026-08-18T02:05:37,110.18,45.49
2026-08-18T02:05:38,110.66,45.97
2026-08-18T02:05:39,110.56,45.86
2026-08-18T02:05:40,110.45,45.75
2026-08-18T02:05:41,110.71,46.01
2026-08-18T02:05:42,110.94,46.24
2026-08-18T02:05:43,111.31,46.61
2026-08-18T02:05:44,111.59,46.88
2026-08-18T02:05:45,110.98,46.28
2026-08-18T02:05:46,110.5,45.8
2026-08-18T02:05:47,110.86,46.16
2026-08-18T02:05:48,111.02,46.32
2026-08-18T02:05:49,111.64,46.93
2026-08-18T02:05:50,111.92,47.21
2026-08-18T02:05:51,110.87,46.17
2026-08-18T02:05:52,111.23,46.53
2026-08-18T02:05:53,111.33,46.62
2026-08-18T02:05:54,111.31,46.6
2026-08-18T02:05:55,111.53,46.82
2026-08-18T02:05:56,111.65,46.94
2026-08-18T02:05:57,112.29,47.58
2026-08-18T02:05:58,112.21,47.49
2026-08-18T02:05:59,112.18,47.46
2026-08-18T02:06:00,111.64,46.93
2026-08-18T02:06:01,111.7,46.99
2026-08-18T02:06:02,111.68,46.97
2026-08-18T02:06:03,111.61,46.9
2026-08-18T02:06:04,110.87,46.17
2026-08-18T02:06:05,111.59,46.89
2026-08-18T02:06:06,111.95,47.23
2026-08-18T02:06:07,112.02,47.31
2026-08-18T02:06:08,111.88,47.16
2026-08-18T02:06:09,112.01,47.29
2026-08-18T02:06:10,111.2,46.49
2026-08-18T02:06:11,110.99,46.29
2026-08-18T02:06:12,110.93,46.23
2026-08-18T02:06:13,111.02,46.32
2026-08-18T02:06:14,111.37,46.67
2026-08-18T02:06:15,111.09,46.39
2026-08-18T02:06:16,111.01,46.31
2026-08-18T02:06:17,110.72,46.02
2026-08-18T02:06:18,111.3,46.6
2026-08-18T02:06:19,111.2,46.49
2026-08-18T02:06:20,111.27,46.56
2026-08-18T02:06:21,111.29,46.58
2026-08-18T02:06:22,110.81,46.11
2026-08-18T02:06:23,110.76,46.07
2026-08-18T02:06:24,111.17,46.47
2026-08-18T02:06:25,110.76,46.06
2026-08-18T02:06:26,111.5,46.8
2026-08-18T02:06:27,111.02,46.32
2026-08-18T02:06:28,111.01,46.31
2026-08-18T02:06:29,110.5,45.81
2026-08-18T02:06:30,110.66,45.97
2026-08-18T02:06:31,110.83,46.13
2026-08-18T02:06:32,111.05,46.35
2026-08-18T02:06:33,110.99,46.29
2026-08-18T02:06:34,110.56,45.87
2026-08-18T02:06:35,110.79,46.09
2026-08-18T02:06:36,110.98,46.28
2026-08-18T02:06:37,110.27,45.58
2026-08-18T02:06:38,110.58,45.89
2026-08-18T02:06:39,110.39,45.7
2026-08-18T02:06:40,111.0,46.3
2026-08-18T02:06:41,110.92,46.22
2026-08-18T02:06:42,110.73,46.03
2026-08-18T02:06:43,110.86,46.17
2026-08-18T02:06:44,110.73,46.03
2026-08-18T02:06:45,110.63,45.94
2026-08-18T02:06:46,110.65,45.95
2026-08-18T02:06:47,110.49,45.79
2026-08-18T02:06:48,110.49,45.79
2026-08-18T02:06:49,110.09,45.4
2026-08-18T02:06:50,109.98,45.3
2026-08-18T02:06:51,110.18,45.49
2026-08-18T02:06:52,110.21,45.52
2026-08-18T02:06:53,110.53,45.84
2026-08-18T02:06:54,109.71,45.03
2026-08-18T02:06:55,109.65,44.97
2026-08-18T02:06:56,110.49,45.8
2026-08-18T02:06:57,110.02,45.33
2026-08-18T02:06:58,110.15,45.46
2026-08-18T02:06:59,109.96,45.28
2026-08-18T02:07:00,109.53,44.85
2026-08-18T02:07:01,109.88,45.19
2026-08-18T02:07:02,110.02,45.33
2026-08-18T02:07:03,109.57,44.89
2026-08-18T02:07:04,109.64,44.96
2026-08-18T02:07:05,109.4,44.72
2026-08-18T02:07:06,109.83,45.15
2026-08-18T02:07:07,109.99,45.3
2026-08-18T02:07:08,109.99,45.3
2026-08-18T02:07:09,109.34,44.66
2026-08-18T02:07:10,109.81,45.13
2026-08-18T02:07:11,109.91,45.23
2026-08-18T02:07:12,110.01,45.32
2026-08-18T02:07:13,109.81,45.13
2026-08-18T02:07:14,110.18,45.5
2026-08-18T02:07:15,109.47,44.79
2026-08-18T02:07:16,109.9,45.21
2026-08-18T02:07:17,109.5,44.82
2026-08-18T02:07:18,109.79,45.11
2026-08-18T02:07:19,109.91,45.22
2026-08-18T02:07:20,109.98,45.3
2026-08-18T02:07:21,110.36,45.66
2026-08-18T02:07:22,110.27,45.58
2026-08-18T02:07:23,109.66,44.98
2026-08-18T02:07:24,109.97,45.28
2026-08-18T02:07:25,110.23,45.54
2026-08-18T02:07:26,110.32,45.63
2026-08-18T02:07:27,110.24,45.55
2026-08-18T02:07:28,110.53,45.84
2026-08-18T02:07:29,109.97,45.29
2026-08-18T02:07:30,109.82,45.13
2026-08-18T02:07:31,110.07,45.38
2026-08-18T02:07:32,110.28,45.59
2026-08-18T02:07:33,110.05,45.36
2026-08-18T02:07:34,110.16,45.48
2026-08-18T02:07:35,109.73,45.04
2026-08-18T02:07:36,109.85,45.16
2026-08-18T02:07:37,110.16,45.47
2026-08-18T02:07:38,109.74,45.06
2026-08-18T02:07:39,110.02,45.33
2026-08-18T02:07:40,109.91,45.23
2026-08-18T02:07:41,109.55,44.86
2026-08-18T02:07:42,109.89,45.2
2026-08-18T02:07:43,110.27,45.58
2026-08-18T02:07:44,109.64,44.96
2026-08-18T02:07:45,109.91,45.22
2026-08-18T02:07:46,110.14,45.45
2026-08-18T02:07:47,109.76,45.08
2026-08-18T02:07:48,110.22,45.53
2026-08-18T02:07:49,110.13,45.44
2026-08-18T02:07:50,109.97,45.28
2026-08-18T02:07:51,110.17,45.48
2026-08-18T02:07:52,109.82,45.13
2026-08-18T02:07:53,110.64,45.95
2026-08-18T02:07:54,110.35,45.65
2026-08-18T02:07:55,109.89,45.21
2026-08-18T02:07:56,109.98,45.29
2026-08-18T02:07:57,110.66,45.96
2026-08-18T02:07:58,110.36,45.67
2026-08-18T02:07:59,109.35,44.67
2026-08-18T02:08:00,109.64,44.96
2026-08-18T02:08:01,110.06,45.38
2026-08-18T02:08:02,109.59,44.9
2026-08-18T02:08:03,109.75,45.07
2026-08-18T02:08:04,110.11,45.43
2026-08-18T02:08:05,109.8,45.12
2026-08-18T02:08:06,109.6,44.92
2026-08-18T02:08:07,109.55,44.87
2026-08-18T02:08:08,109.58,44.9
2026-08-18T02:08:09,109.86,45.18
2026-08-18T02:08:10,109.84,45.16
2026-08-18T02:08:11,109.88,45.19
2026-08-18T02:08:12,109.62,44.94
2026-08-18T02:08:13,110.03,45.35
2026-08-18T02:08:14,110.02,45.33
2026-08-18T02:08:15,109.6,44.92
2026-08-18T02:08:16,109.85,45.17
2026-08-18T02:08:17,109.83,45.15
2026-08-18T02:08:18,110.05,45.37
2026-08-18T02:08:19,109.31,44.63
2026-08-18T02:08:20,109.44,44.76
2026-08-18T02:08:21,110.26,45.57
2026-08-18T02:08:22,110.06,45.38
2026-08-18T02:08:23,109.66,44.98
2026-08-18T02:08:24,109.55,44.87
2026-08-18T02:08:25,109.58,44.9
2026-08-18T02:08:26,110.0,45.32
2026-08-18T02:08:27,109.51,44.83
2026-08-18T02:08:28,110.27,45.58
2026-08-18T02:08:29,109.41,44.73
2026-08-18T02:08:30,109.72,45.04
2026-08-18T02:08:31,109.93,45.25
2026-08-18T02:08:32,109.75,45.07
2026-08-18T02:08:33,110.0,45.31
2026-08-18T02:08:34,109.97,45.29
2026-08-18T02:08:35,110.3,45.61
2026-08-18T02:08:36,110.05,45.36
2026-08-18T02:08:37,110.35,45.66
2026-08-18T02:08:38,110.22,45.53
2026-08-18T02:08:39,110.49,45.8
2026-08-18T02:08:40,110.0,45.32
2026-08-18T02:08:41,109.7,45.01
2026-08-18T02:08:42,109.84,45.15
2026-08-18T02:08:43,109.83,45.14
2026-08-18T02:08:44,110.69,46.0
2026-08-18T02:08:45,109.95,45.26
2026-08-18T02:08:46,110.05,45.36
2026-08-18T02:08:47,109.68,45.0
2026-08-18T02:08:48,109.99,45.3
2026-08-18T02:08:49,110.05,45.36
2026-08-18T02:08:50,110.2,45.51
2026-08-18T02:08:51,109.54,44.86
2026-08-18T02:08:52,109.85,45.16
2026-08-18T02:08:53,110.13,45.44
2026-08-18T02:08:54,109.96,45.27
2026-08-18T02:08:55,109.72,45.04
2026-08-18T02:08:56,110.19,45.5
2026-08-18T02:08:57,110.08,45.4
2026-08-18T02:08:58,109.82,45.13
2026-08-18T02:08:59,109.93,45.25
2026-08-18T02:09:00,109.15,44.48
2026-08-18T02:09:01,109.8,45.12
2026-08-18T02:09:02,110.08,45.39
2026-08-18T02:09:03,110.03,45.34
2026-08-18T02:09:04,109.43,44.75
2026-08-18T02:09:05,109.61,44.93
2026-08-18T02:09:06,109.51,44.83
2026-08-18T02:09:07,109.49,44.82
2026-08-18T02:09:08,109.4,44.72
2026-08-18T02:09:09,109.94,45.26
2026-08-18T02:09:10,109.53,44.85
2026-08-18T02:09:11,109.78,45.09
2026-08-18T02:09:12,110.21,45.52
2026-08-18T02:09:13,110.0,45.31
2026-08-18T02:09:14,109.53,44.85
2026-08-18T02:09:15,109.88,45.2
2026-08-18T02:09:16,109.54,44.86
2026-08-18T02:09:17,109.7,45.02
2026-08-18T02:09:18,109.6,44.92
2026-08-18T02:09:19,110.18,45.49
2026-08-18T02:09:20,109.75,45.06
2026-08-18T02:09:21,109.76,45.07
2026-08-18T02:09:22,110.32,45.63
2026-08-18T02:09:23,109.99,45.31
2026-08-18T02:09:24,110.09,45.4
2026-08-18T02:09:25,109.57,44.89
2026-08-18T02:09:26,109.54,44.86
2026-08-18T02:09:27,109.92,45.23
2026-08-18T02:09:28,109.89,45.21
2026-08-18T02:09:29,110.09,45.4
2026-08-18T02:09:30,110.22,45.53
2026-08-18T02:09:31,110.53,45.83
2026-08-18T02:09:32,110.41,45.71
2026-08-18T02:09:33,109.8,45.12
2026-08-18T02:09:34,109.65,44.97
2026-08-18T02:09:35,109.52,44.84
2026-08-18T02:09:36,109.99,45.3
2026-08-18T02:09:37,110.09,45.41
2026-08-18T02:09:38,110.32,45.63
2026-08-18T02:09:39,109.97,45.29
2026-08-18T02:09:40,109.52,44.84
2026-08-18T02:09:41,110.24,45.55
2026-08-18T02:09:42,109.95,45.26
2026-08-18T02:09:43,109.64,44.95
2026-08-18T02:09:44,109.97,45.28
2026-08-18T02:09:45,109.71,45.03
2026-08-18T02:09:46,109.92,45.24
2026-08-18T02:09:47,109.59,44.91
2026-08-18T02:09:48,109.58,44.89
2026-08-18T02:09:49,109.93,45.25
2026-08-18T02:09:50,109.53,44.85
2026-08-18T02:09:51,110.11,45.42
2026-08-18T02:09:52,109.63,44.94
2026-08-18T02:09:53,109.4,44.72
2026-08-18T02:09:54,110.17,45.49
2026-08-18T02:09:55,109.5,44.82
2026-08-18T02:09:56,109.54,44.86
2026-08-18T02:09:57,109.71,45.03
2026-08-18T02:09:58,110.18,45.5
2026-08-18T02:09:59,110.03,45.34
2026-08-18T02:10:00,109.32,44.64
2026-08-18T02:10:01,109.54,44.86
2026-08-18T02:10:02,109.57,44.89
2026-08-18T02:10:03,109.88,45.2
2026-08-18T02:10:04,109.77,45.08
2026-08-18T02:10:05,109.73,45.05
2026-08-18T02:10:06,109.56,44.88
2026-08-18T02:10:07,109.47,44.79
2026-08-18T02:10:08,109.65,44.97
2026-08-18T02:10:09,110.25,45.56
2026-08-18T02:10:10,109.86,45.18
2026-08-18T02:10:11,110.06,45.37
2026-08-18T02:10:12,109.91,45.23
2026-08-18T02:10:13,109.84,45.16
2026-08-18T02:10:14,109.84,45.15
2026-08-18T02:10:15,109.91,45.22
2026-08-18T02:10:16,110.2,45.51
2026-08-18T02:10:17,110.77,46.07
2026-08-18T02:10:18,111.16,46.46
2026-08-18T02:10:19,111.09,46.39
2026-08-18T02:10:20,111.61,46.9
2026-08-18T02:10:21,112.89,48.16
2026-08-18T02:10:22,113.88,49.14
2026-08-18T02:10:23,114.77,50.02
2026-08-18T02:10:24,116.02,51.25
2026-08-18T02:10:25,117.69,52.89
2026-08-18T02:10:26,122.01,57.15
2026-08-18T02:10:27,124.8,59.91
2026-08-18T02:10:28,126.61,61.68
2026-08-18T02:10:29,126.98,62.06
2026-08-18T02:10:30,126.59,61.67
2026-08-18T02:10:31,126.0,61.09
2026-08-18T02:10:32,123.72,58.84
2026-08-18T02:10:33,119.82,55.0
2026-08-18T02:10:34,118.44,53.63
2026-08-18T02:10:35,117.38,52.59
2026-08-18T02:10:36,116.28,51.5
2026-08-18T02:10:37,114.99,50.23
2026-08-18T02:10:38,114.51,49.76
2026-08-18T02:10:39,114.53,49.78
2026-08-18T02:10:40,113.39,48.66
2026-08-18T02:10:41,113.4,48.67
2026-08-18T02:10:42,112.0,47.28
2026-08-18T02:10:43,112.03,47.31
2026-08-18T02:10:44,112.49,47.77
2026-08-18T02:10:45,111.42,46.71
2026-08-18T02:10:46,111.78,47.07
2026-08-18T02:10:47,111.52,46.81
2026-08-18T02:10:48,111.51,46.8
2026-08-18T02:10:49,110.52,45.82
2026-08-18T02:10:50,110.17,45.48
2026-08-18T02:10:51,110.88,46.18
2026-08-18T02:10:52,110.7,46.01
2026-08-18T02:10:53,110.88,46.18
2026-08-18T02:10:54,111.37,46.66
2026-08-18T02:10:55,110.89,46.19
2026-08-18T02:10:56,110.59,45.9
2026-08-18T02:10:57,110.87,46.17
2026-08-18T02:10:58,111.53,46.83
2026-08-18T02:10:59,111.96,47.25
2026-08-18T02:11:00,111.73,47.02
2026-08-18T02:11:01,111.67,46.96
2026-08-18T02:11:02,111.31,46.6
2026-08-18T02:11:03,112.31,47.59
2026-08-18T02:11:04,111.56,46.85
2026-08-18T02:11:05,111.38,46.68
2026-08-18T02:11:06,112.26,47.54
2026-08-18T02:11:07,112.16,47.44
2026-08-18T02:11:08,112.62,47.9
2026-08-18T02:11:09,112.85,48.12
2026-08-18T02:11:10,112.72,47.99
2026-08-18T02:11:11,112.24,47.53
2026-08-18T02:11:12,111.81,47.09
2026-08-18T02:11:13,112.18,47.46
2026-08-18T02:11:14,111.72,47.01
2026-08-18T02:11:15,111.47,46.76
2026-08-18T02:11:16,111.08,46.37
2026-08-18T02:11:17,110.51,45.82
2026-08-18T02:11:18,111.2,46.5
2026-08-18T02:11:19,111.26,46.56
2026-08-18T02:11:20,110.65,45.95
2026-08-18T02:11:21,111.19,46.49
2026-08-18T02:11:22,111.58,46.87
2026-08-18T02:11:23,111.36,46.66
2026-08-18T02:11:24,111.76,47.05
2026-08-18T02:11:25,111.52,46.81
2026-08-18T02:11:26,111.03,46.33
2026-08-18T02:11:27,110.67,45.97
2026-08-18T02:11:28,110.73,46.03
2026-08-18T02:11:29,110.65,45.96
2026-08-18T02:11:30,111.68,46.97
2026-08-18T02:11:31,111.27,46.56
2026-08-18T02:11:32,111.46,46.75
2026-08-18T02:11:33,110.8,46.11
2026-08-18T02:11:34,111.77,47.05
2026-08-18T02:11:35,111.84,47.12
2026-08-18T02:11:36,111.89,47.17
2026-08-18T02:11:37,110.3,45.61
2026-08-18T02:11:38,110.48,45.79
2026-08-18T02:11:39,111.15,46.44
2026-08-18T02:11:40,111.4,46.69
2026-08-18T02:11:41,110.68,45.98
2026-08-18T02:11:42,110.69,46.0
2026-08-18T02:11:43,110.86,46.16
2026-08-18T02:11:44,110.67,45.97
2026-08-18T02:11:45,111.01,46.31
2026-08-18T02:11:46,110.6,45.9
2026-08-18T02:11:47,110.35,45.66
2026-08-18T02:11:48,110.41,45.72
2026-08-18T02:11:49,110.0,45.31
2026-08-18T02:11:50,110.32,45.63
2026-08-18T02:11:51,109.72,45.04
2026-08-18T02:11:52,109.63,44.95
2026-08-18T02:11:53,110.37,45.68
2026-08-18T02:11:54,110.41,45.72
2026-08-18T02:11:55,110.19,45.5
2026-08-18T02:11:56,109.83,45.14
2026-08-18T02:11:57,109.94,45.25
2026-08-18T02:11:58,109.96,45.28
2026-08-18T02:11:59,110.3,45.61
2026-08-18T02:12:00,109.45,44.78
2026-08-18T02:12:01,109.79,45.11
2026-08-18T02:12:02,110.04,45.35
2026-08-18T02:12:03,110.06,45.38
2026-08-18T02:12:04,110.2,45.51
2026-08-18T02:12:05,110.11,45.42
2026-08-18T02:12:06,110.42,45.73
2026-08-18T02:12:07,109.77,45.08
2026-08-18T02:12:08,109.79,45.11
2026-08-18T02:12:09,110.29,45.6
2026-08-18T02:12:10,110.09,45.4
2026-08-18T02:12:11,109.82,45.14
2026-08-18T02:12:12,109.72,45.03
2026-08-18T02:12:13,109.95,45.27
2026-08-18T02:12:14,109.98,45.29
2026-08-18T02:12:15,109.07,44.4
2026-08-18T02:12:16,109.8,45.12
2026-08-18T02:12:17,109.77,45.09
2026-08-18T02:12:18,110.07,45.38
2026-08-18T02:12:19,109.79,45.11
2026-08-18T02:12:20,109.8,45.11
2026-08-18T02:12:21,109.83,45.15
2026-08-18T02:12:22,109.66,44.98
2026-08-18T02:12:23,109.67,44.99
2026-08-18T02:12:24,109.93,45.24
2026-08-18T02:12:25,110.39,45.7
2026-08-18T02:12:26,110.24,45.55
2026-08-18T02:12:27,109.88,45.19
2026-08-18T02:12:28,109.68,45.0
2026-08-18T02:12:29,110.09,45.41
2026-08-18T02:12:30,110.62,45.93
2026-08-18T02:12:31,110.34,45.65
2026-08-18T02:12:32,110.41,45.72
2026-08-18T02:12:33,110.18,45.49
2026-08-18T02:12:34,110.64,45.94
2026-08-18T02:12:35,109.53,44.85
2026-08-18T02:12:36,109.83,45.15
2026-08-18T02:12:37,109.99,45.3
2026-08-18T02:12:38,110.28,45.59
2026-08-18T02:12:39,110.52,45.83
2026-08-18T02:12:40,110.15,45.46
2026-08-18T02:12:41,110.19,45.5
2026-08-18T02:12:42,110.33,45.64
2026-08-18T02:12:43,110.45,45.75
2026-08-18T02:12:44,110.4,45.71
2026-08-18T02:12:45,110.38,45.69
2026-08-18T02:12:46,110.32,45.63
2026-08-18T02:12:47,109.94,45.26
2026-08-18T02:12:48,109.52,44.84
2026-08-18T02:12:49,109.77,45.08
2026-08-18T02:12:50,110.04,45.35
2026-08-18T02:12:51,109.91,45.22
2026-08-18T02:12:52,110.5,45.81
2026-08-18T02:12:53,109.94,45.25
2026-08-18T02:12:54,109.69,45.01
2026-08-18T02:12:55,110.16,45.47
2026-08-18T02:12:56,110.21,45.52
2026-08-18T02:12:57,110.08,45.39
2026-08-18T02:12:58,109.84,45.15
2026-08-18T02:12:59,109.89,45.2
2026-08-18T02:13:00,110.05,45.36
2026-08-18T02:13:01,109.84,45.15
2026-08-18T02:13:02,110.06,45.37
2026-08-18T02:13:03,110.2,45.51
2026-08-18T02:13:04,110.51,45.82
2026-08-18T02:13:05,110.01,45.32
2026-08-18T02:13:06,110.19,45.5
2026-08-18T02:13:07,110.74,46.04
2026-08-18T02:13:08,110.84,46.14
2026-08-18T02:13:09,110.71,46.01
2026-08-18T02:13:10,110.18,45.5
2026-08-18T02:13:11,109.88,45.2
2026-08-18T02:13:12,109.95,45.27
2026-08-18T02:13:13,109.71,45.03
2026-08-18T02:13:14,110.39,45.7
2026-08-18T02:13:15,110.52,45.83
2026-08-18T02:13:16,110.42,45.73
2026-08-18T02:13:17,110.84,46.14
2026-08-18T02:13:18,110.76,46.07
2026-08-18T02:13:19,110.43,45.73
2026-08-18T02:13:20,110.26,45.57
2026-08-18T02:13:21,109.99,45.3
2026-08-18T02:13:22,109.78,45.1
2026-08-18T02:13:23,109.85,45.16
2026-08-18T02:13:24,110.19,45.5
2026-08-18T02:13:25,109.97,45.29
2026-08-18T02:13:26,110.3,45.61
2026-08-18T02:13:27,110.02,45.33
2026-08-18T02:13:28,110.53,45.83
2026-08-18T02:13:29,110.26,45.57
2026-08-18T02:13:30,110.4,45.71
2026-08-18T02:13:31,110.36,45.67
2026-08-18T02:13:32,110.2,45.51
2026-08-18T02:13:33,110.72,46.02
2026-08-18T02:13:34,110.0,45.31
2026-08-18T02:13:35,109.81,45.13
2026-08-18T02:13:36,110.05,45.36
2026-08-18T02:13:37,109.9,45.21
2026-08-18T02:13:38,109.94,45.25
2026-08-18T02:13:39,109.54,44.86
2026-08-18T02:13:40,109.63,44.95
2026-08-18T02:13:41,110.04,45.35
2026-08-18T02:13:42,109.95,45.26
2026-08-18T02:13:43,110.27,45.58
2026-08-18T02:13:44,111.77,47.06
2026-08-18T02:13:45,112.51,47.78
2026-08-18T02:13:46,112.2,47.48
2026-08-18T02:13:47,110.89,46.19
2026-08-18T02:13:48,110.57,45.88
2026-08-18T02:13:49,110.15,45.46
2026-08-18T02:13:50,110.01,45.32
2026-08-18T02:13:51,110.51,45.82
2026-08-18T02:13:52,110.26,45.57
2026-08-18T02:13:53,110.02,45.34
2026-08-18T02:13:54,110.29,45.6
2026-08-18T02:13:55,110.15,45.46
2026-08-18T02:13:56,110.1,45.41
2026-08-18T02:13:57,110.26,45.57
2026-08-18T02:13:58,109.88,45.2
2026-08-18T02:13:59,110.39,45.7
2026-08-18T02:14:00,109.96,45.27
2026-08-18T02:14:01,110.22,45.53
2026-08-18T02:14:02,110.34,45.65
2026-08-18T02:14:03,110.24,45.55
2026-08-18T02:14:04,110.91,46.21
2026-08-18T02:14:05,110.45,45.76
2026-08-18T02:14:06,109.57,44.89
2026-08-18T02:14:07,109.64,44.95
2026-08-18T02:14:08,109.59,44.9
2026-08-18T02:14:09,109.72,45.04
2026-08-18T02:14:10,109.84,45.15
2026-08-18T02:14:11,109.5,44.82
2026-08-18T02:14:12,109.64,44.96
2026-08-18T02:14:13,110.09,45.4
2026-08-18T02:14:14,110.1,45.41
2026-08-18T02:14:15,109.79,45.11
2026-08-18T02:14:16,109.55,44.87
2026-08-18T02:14:17,109.8,45.12
2026-08-18T02:14:18,109.72,45.04
2026-08-18T02:14:19,109.64,44.96
2026-08-18T02:14:20,109.52,44.84
2026-08-18T02:14:21,109.58,44.9
2026-08-18T02:14:22,109.86,45.18
2026-08-18T02:14:23,109.91,45.23
2026-08-18T02:14:24,109.73,45.04
2026-08-18T02:14:25,109.61,44.93
2026-08-18T02:14:26,110.06,45.37
2026-08-18T02:14:27,109.53,44.85
2026-08-18T02:14:28,109.65,44.96
2026-08-18T02:14:29,109.47,44.8
2026-08-18T02:14:30,109.95,45.27
2026-08-18T02:14:31,109.72,45.04
2026-08-18T02:14:32,109.5,44.82
2026-08-18T02:14:33,109.98,45.3
2026-08-18T02:14:34,110.54,45.85
2026-08-18T02:14:35,110.87,46.17
2026-08-18T02:14:36,111.48,46.77
2026-08-18T02:14:37,110.41,45.71
2026-08-18T02:14:38,112.03,47.32
2026-08-18T02:14:39,111.8,47.08
2026-08-18T02:14:40,111.26,46.56
2026-08-18T02:14:41,111.48,46.78
2026-08-18T02:14:42,110.79,46.1
2026-08-18T02:14:43,110.35,45.66
2026-08-18T02:14:44,110.45,45.75
2026-08-18T02:14:45,111.51,46.8
2026-08-18T02:14:46,109.71,45.03
2026-08-18T02:14:47,109.5,44.82
2026-08-18T02:14:48,109.98,45.29
2026-08-18T02:14:49,110.18,45.49
2026-08-18T02:14:50,109.86,45.17
2026-08-18T02:14:51,109.65,44.97
2026-08-18T02:14:52,109.85,45.17
2026-08-18T02:14:53,109.94,45.25
2026-08-18T02:14:54,109.7,45.02
2026-08-18T02:14:55,110.2,45.51
2026-08-18T02:14:56,109.97,45.28
2026-08-18T02:14:57,110.11,45.42
2026-08-18T02:14:58,110.16,45.47
2026-08-18T02:14:59,110.68,45.98
2026-08-18T02:15:00,112.86,48.13
2026-08-18T02:15:01,112.5,47.78
2026-08-18T02:15:02,110.84,46.14
2026-08-18T02:15:03,110.63,45.94
2026-08-18T02:15:04,111.21,46.51
2026-08-18T02:15:05,110.8,46.1
2026-08-18T02:15:06,110.01,45.32
2026-08-18T02:15:07,110.45,45.76
2026-08-18T02:15:08,110.93,46.23
2026-08-18T02:15:09,111.16,46.45
2026-08-18T02:15:10,111.18,46.47
2026-08-18T02:15:11,110.64,45.94
2026-08-18T02:15:12,111.28,46.58
2026-08-18T02:15:13,111.07,46.36
2026-08-18T02:15:14,111.4,46.69
2026-08-18T02:15:15,111.55,46.84
2026-08-18T02:15:16,111.2,46.5
2026-08-18T02:15:17,110.75,46.05
2026-08-18T02:15:18,110.33,45.64
2026-08-18T02:15:19,110.75,46.06
2026-08-18T02:15:20,110.82,46.12
2026-08-18T02:15:21,110.47,45.78
2026-08-18T02:15:22,110.8,46.11
2026-08-18T02:15:23,110.5,45.81
2026-08-18T02:15:24,110.89,46.19
2026-08-18T02:15:25,110.63,45.94
2026-08-18T02:15:26,110.57,45.88
2026-08-18T02:15:27,110.35,45.66
2026-08-18T02:15:28,110.06,45.37
2026-08-18T02:15:29,109.79,45.1
2026-08-18T02:15:30,110.02,45.33
2026-08-18T02:15:31,110.43,45.74
2026-08-18T02:15:32,110.98,46.28
2026-08-18T02:15:33,110.59,45.89
2026-08-18T02:15:34,110.81,46.11
2026-08-18T02:15:35,110.34,45.65
2026-08-18T02:15:36,110.64,45.94
2026-08-18T02:15:37,110.95,46.25
2026-08-18T02:15:38,111.49,46.78
2026-08-18T02:15:39,110.92,46.22
2026-08-18T02:15:40,111.06,46.36
2026-08-18T02:15:41,110.95,46.25
2026-08-18T02:15:42,110.76,46.06
2026-08-18T02:15:43,111.0,46.3
2026-08-18T02:15:44,110.76,46.06
2026-08-18T02:15:45,110.36,45.67
2026-08-18T02:15:46,110.67,45.97
2026-08-18T02:15:47,112.75,48.02
2026-08-18T02:15:48,113.68,48.94
2026-08-18T02:15:49,116.71,51.92
2026-08-18T02:15:50,117.36,52.56
2026-08-18T02:15:51,118.51,53.71
2026-08-18T02:15:52,122.13,57.27
2026-08-18T02:15:53,123.31,58.43
2026-08-18T02:15:54,123.23,58.36
2026-08-18T02:15:55,123.57,58.69
2026-08-18T02:15:56,119.09,54.27
2026-08-18T02:15:57,117.01,52.22
2026-08-18T02:15:58,114.71,49.96
2026-08-18T02:15:59,112.89,48.16
2026-08-18T02:16:00,112.81,48.08
2026-08-18T02:16:01,111.91,47.2
2026-08-18T02:16:02,111.52,46.81
2026-08-18T02:16:03,111.37,46.67
2026-08-18T02:16:04,111.05,46.35
2026-08-18T02:16:05,111.06,46.36
2026-08-18T02:16:06,110.98,46.28
2026-08-18T02:16:07,111.32,46.61
2026-08-18T02:16:08,111.66,46.95
2026-08-18T02:16:09,111.4,46.7
2026-08-18T02:16:10,111.41,46.7
2026-08-18T02:16:11,110.66,45.96
2026-08-18T02:16:12,110.65,45.95
2026-08-18T02:16:13,110.57,45.87
2026-08-18T02:16:14,110.93,46.23
2026-08-18T02:16:15,110.63,45.93
2026-08-18T02:16:16,110.39,45.69
2026-08-18T02:16:17,110.94,46.24
2026-08-18T02:16:18,111.21,46.51
2026-08-18T02:16:19,110.58,45.88
2026-08-18T02:16:20,110.85,46.15
2026-08-18T02:16:21,111.03,46.33
2026-08-18T02:16:22,110.85,46.15
2026-08-18T02:16:23,110.94,46.24
2026-08-18T02:16:24,110.98,46.28
2026-08-18T02:16:25,111.85,47.14
2026-08-18T02:16:26,112.42,47.7
2026-08-18T02:16:27,113.44,48.7
2026-08-18T02:16:28,114.95,50.2
2026-08-18T02:16:29,116.13,51.36
2026-08-18T02:16:30,118.28,53.48
2026-08-18T02:16:31,120.19,55.36
2026-08-18T02:16:32,122.17,57.31
2026-08-18T02:16:33,125.98,61.06
2026-08-18T02:16:34,127.41,62.47
2026-08-18T02:16:35,128.0,63.06
2026-08-18T02:16:36,121.28,56.43
2026-08-18T02:16:37,117.8,53.0
2026-08-18T02:16:38,115.13,50.37
2026-08-18T02:16:39,113.23,48.5
2026-08-18T02:16:40,112.23,47.51
2026-08-18T02:16:41,112.22,47.5
2026-08-18T02:16:42,112.05,47.33
2026-08-18T02:16:43,111.27,46.56
2026-08-18T02:16:44,110.66,45.97
2026-08-18T02:16:45,110.69,45.99
2026-08-18T02:16:46,110.14,45.45
2026-08-18T02:16:47,110.1,45.41
2026-08-18T02:16:48,110.31,45.62
2026-08-18T02:16:49,110.21,45.52
2026-08-18T02:16:50,110.15,45.46
2026-08-18T02:16:51,110.05,45.36
2026-08-18T02:16:52,110.06,45.37
2026-08-18T02:16:53,110.41,45.72
2026-08-18T02:16:54,110.01,45.33
2026-08-18T02:16:55,110.09,45.4
2026-08-18T02:16:56,110.15,45.46
2026-08-18T02:16:57,110.35,45.66
2026-08-18T02:16:58,110.07,45.38
2026-08-18T02:16:59,109.96,45.28
2026-08-18T02:17:00,109.95,45.26
2026-08-18T02:17:01,110.07,45.39
2026-08-18T02:17:02,109.96,45.28
2026-08-18T02:17:03,109.88,45.2
2026-08-18T02:17:04,110.5,45.8
2026-08-18T02:17:05,111.26,46.55
2026-08-18T02:17:06,112.8,48.07
2026-08-18T02:17:07,113.6,48.86
2026-08-18T02:17:08,111.19,46.48
2026-08-18T02:17:09,110.2,45.51
2026-08-18T02:17:10,109.93,45.24
2026-08-18T02:17:11,111.83,47.12
2026-08-18T02:17:12,112.73,48.0
2026-08-18T02:17:13,110.85,46.15
2026-08-18T02:17:14,110.99,46.29
2026-08-18T02:17:15,111.52,46.81
2026-08-18T02:17:16,112.12,47.4
2026-08-18T02:17:17,111.57,46.86
2026-08-18T02:17:18,112.03,47.31
2026-08-18T02:17:19,111.82,47.11
2026-08-18T02:17:20,112.24,47.52
2026-08-18T02:17:21,111.51,46.8
2026-08-18T02:17:22,111.05,46.35
2026-08-18T02:17:23,111.03,46.33
2026-08-18T02:17:24,110.69,45.99
2026-08-18T02:17:25,111.01,46.31
2026-08-18T02:17:26,110.97,46.27
2026-08-18T02:17:27,111.0,46.3
2026-08-18T02:17:28,111.04,46.33
2026-08-18T02:17:29,111.98,47.26
2026-08-18T02:17:30,112.78,48.05
2026-08-18T02:17:31,112.14,47.43
2026-08-18T02:17:32,111.67,46.96
2026-08-18T02:17:33,112.03,47.32
2026-08-18T02:17:34,111.2,46.49
2026-08-18T02:17:35,111.43,46.72
2026-08-18T02:17:36,111.12,46.42
2026-08-18T02:17:37,111.0,46.3
2026-08-18T02:17:38,110.83,46.13
2026-08-18T02:17:39,110.64,45.95
2026-08-18T02:17:40,110.85,46.15
2026-08-18T02:17:41,111.08,46.38
2026-08-18T02:17:42,110.6,45.9
2026-08-18T02:17:43,110.62,45.92
2026-08-18T02:17:44,110.55,45.86
2026-08-18T02:17:45,110.89,46.19
2026-08-18T02:17:46,110.72,46.03
2026-08-18T02:17:47,110.62,45.93
2026-08-18T02:17:48,110.62,45.92
2026-08-18T02:17:49,110.43,45.74
2026-08-18T02:17:50,110.69,46.0
2026-08-18T02:17:51,110.31,45.62
2026-08-18T02:17:52,110.7,46.0
2026-08-18T02:17:53,110.19,45.5
2026-08-18T02:17:54,110.17,45.49
2026-08-18T02:17:55,110.55,45.85
2026-08-18T02:17:56,110.62,45.93
2026-08-18T02:17:57,110.41,45.72
2026-08-18T02:17:58,110.33,45.64
2026-08-18T02:17:59,110.47,45.77
2026-08-18T02:18:00,110.61,45.91
2026-08-18T02:18:01,110.32,45.63
2026-08-18T02:18:02,110.71,46.01
2026-08-18T02:18:03,110.28,45.59
2026-08-18T02:18:04,110.72,46.02
2026-08-18T02:18:05,111.02,46.32
2026-08-18T02:18:06,110.93,46.23
2026-08-18T02:18:07,110.27,45.58
2026-08-18T02:18:08,110.51,45.81
2026-08-18T02:18:09,110.42,45.72
2026-08-18T02:18:10,110.44,45.75
2026-08-18T02:18:11,110.42,45.73
2026-08-18T02:18:12,110.76,46.06
2026-08-18T02:18:13,110.59,45.9
2026-08-18T02:18:14,110.61,45.92
2026-08-18T02:18:15,110.49,45.8
2026-08-18T02:18:16,110.35,45.65
2026-08-18T02:18:17,110.93,46.23
2026-08-18T02:18:18,110.37,45.68
2026-08-18T02:18:19,110.48,45.79
2026-08-18T02:18:20,110.61,45.91
2026-08-18T02:18:21,110.53,45.84
2026-08-18T02:18:22,110.6,45.9
2026-08-18T02:18:23,110.71,46.01
2026-08-18T02:18:24,110.4,45.71
2026-08-18T02:18:25,110.27,45.58
2026-08-18T02:18:26,110.51,45.82
2026-08-18T02:18:27,110.44,45.74
2026-08-18T02:18:28,110.56,45.87
2026-08-18T02:18:29,110.69,46.0
2026-08-18T02:18:30,110.47,45.78
2026-08-18T02:18:31,110.44,45.75
2026-08-18T02:18:32,110.12,45.44
2026-08-18T02:18:33,110.7,46.0
2026-08-18T02:18:34,110.2,45.51
2026-08-18T02:18:35,109.97,45.28
2026-08-18T02:18:36,110.6,45.9
2026-08-18T02:18:37,110.53,45.84
2026-08-18T02:18:38,110.39,45.69
2026-08-18T02:18:39,110.53,45.84
2026-08-18T02:18:40,110.51,45.81
2026-08-18T02:18:41,110.28,45.58
2026-08-18T02:18:42,110.75,46.06
2026-08-18T02:18:43,110.72,46.02
2026-08-18T02:18:44,110.79,46.1
2026-08-18T02:18:45,110.53,45.83
2026-08-18T02:18:46,110.8,46.1
2026-08-18T02:18:47,110.96,46.26
2026-08-18T02:18:48,110.6,45.9
2026-08-18T02:18:49,110.5,45.81
2026-08-18T02:18:50,110.11,45.42
2026-08-18T02:18:51,110.92,46.22
2026-08-18T02:18:52,111.01,46.31
2026-08-18T02:18:53,110.94,46.24
2026-08-18T02:18:54,111.15,46.45
2026-08-18T02:18:55,110.47,45.78
2026-08-18T02:18:56,110.59,45.89
2026-08-18T02:18:57,110.99,46.29
2026-08-18T02:18:58,110.71,46.01
2026-08-18T02:18:59,110.62,45.93
2026-08-18T02:19:00,110.67,45.98
2026-08-18T02:19:01,110.03,45.34
2026-08-18T02:19:02,110.22,45.53
2026-08-18T02:19:03,110.79,46.09
2026-08-18T02:19:04,110.83,46.13
2026-08-18T02:19:05,110.58,45.88
2026-08-18T02:19:06,110.65,45.95
2026-08-18T02:19:07,110.28,45.59
2026-08-18T02:19:08,110.58,45.88
2026-08-18T02:19:09,110.26,45.57
2026-08-18T02:19:10,110.65,45.96
2026-08-18T02:19:11,110.36,45.67
2026-08-18T02:19:12,110.73,46.03
2026-08-18T02:19:13,110.78,46.09
2026-08-18T02:19:14,111.31,46.61
2026-08-18T02:19:15,110.87,46.17
2026-08-18T02:19:16,110.8,46.11
2026-08-18T02:19:17,110.73,46.03
2026-08-18T02:19:18,111.1,46.4
2026-08-18T02:19:19,110.61,45.91
2026-08-18T02:19:20,110.85,46.15
2026-08-18T02:19:21,111.09,46.39
2026-08-18T02:19:22,110.62,45.92
2026-08-18T02:19:23,110.8,46.1
2026-08-18T02:19:24,110.59,45.9
2026-08-18T02:19:25,110.51,45.82
2026-08-18T02:19:26,110.71,46.01
2026-08-18T02:19:27,110.28,45.59
2026-08-18T02:19:28,110.74,46.04
2026-08-18T02:19:29,111.12,46.42
2026-08-18T02:19:30,110.7,46.01
2026-08-18T02:19:31,110.44,45.75
2026-08-18T02:19:32,110.37,45.68
2026-08-18T02:19:33,110.37,45.67
2026-08-18T02:19:34,110.39,45.7
2026-08-18T02:19:35,110.78,46.08
2026-08-18T02:19:36,111.05,46.35
2026-08-18T02:19:37,110.76,46.07
2026-08-18T02:19:38,111.09,46.39
2026-08-18T02:19:39,111.23,46.53
2026-08-18T02:19:40,110.9,46.2
2026-08-18T02:19:41,110.75,46.05
2026-08-18T02:19:42,111.05,46.35
2026-08-18T02:19:43,111.42,46.71
2026-08-18T02:19:44,110.83,46.13
2026-08-18T02:19:45,111.14,46.44
2026-08-18T02:19:46,110.93,46.23
2026-08-18T02:19:47,111.01,46.31
2026-08-18T02:19:48,111.01,46.31
2026-08-18T02:19:49,110.87,46.17
2026-08-18T02:19:50,111.57,46.86
2026-08-18T02:19:51,110.83,46.13
2026-08-18T02:19:52,110.99,46.29
2026-08-18T02:19:53,111.02,46.31
2026-08-18T02:19:54,111.19,46.49
2026-08-18T02:19:55,110.85,46.15
2026-08-18T02:19:56,110.89,46.19
2026-08-18T02:19:57,110.61,45.91
2026-08-18T02:19:58,110.27,45.58
2026-08-18T02:19:59,110.42,45.73
2026-08-18T02:20:00,110.75,46.05
2026-08-18T02:20:01,110.86,46.16
2026-08-18T02:20:02,110.98,46.28
2026-08-18T02:20:03,110.93,46.23
2026-08-18T02:20:04,110.86,46.16
2026-08-18T02:20:05,110.54,45.85
2026-08-18T02:20:06,110.28,45.59
2026-08-18T02:20:07,110.98,46.28
2026-08-18T02:20:08,110.72,46.02
2026-08-18T02:20:09,111.06,46.36
2026-08-18T02:20:10,110.63,45.94
2026-08-18T02:20:11,110.26,45.57
2026-08-18T02:20:12,110.45,45.75
2026-08-18T02:20:13,110.23,45.54
2026-08-18T02:20:14,110.47,45.77
2026-08-18T02:20:15,110.82,46.12
2026-08-18T02:20:16,110.52,45.83
2026-08-18T02:20:17,110.4,45.71
2026-08-18T02:20:18,110.71,46.01
2026-08-18T02:20:19,110.51,45.82
2026-08-18T02:20:20,110.31,45.62
2026-08-18T02:20:21,110.57,45.87
2026-08-18T02:20:22,110.44,45.75
2026-08-18T02:20:23,110.32,45.63
2026-08-18T02:20:24,110.67,45.97
2026-08-18T02:20:25,110.77,46.07
2026-08-18T02:20:26,110.37,45.68
2026-08-18T02:20:27,110.26,45.57
2026-08-18T02:20:28,110.33,45.64
2026-08-18T02:20:29,110.48,45.79
2026-08-18T02:20:30,110.19,45.5
2026-08-18T02:20:31,110.39,45.7
2026-08-18T02:20:32,110.6,45.9
2026-08-18T02:20:33,110.22,45.53
2026-08-18T02:20:34,110.36,45.67
2026-08-18T02:20:35,110.34,45.65
2026-08-18T02:20:36,110.68,45.99
2026-08-18T02:20:37,110.36,45.67
2026-08-18T02:20:38,109.95,45.26
2026-08-18T02:20:39,110.14,45.45
2026-08-18T02:20:40,110.1,45.41
2026-08-18T02:20:41,109.99,45.3
2026-08-18T02:20:42,110.24,45.55
2026-08-18T02:20:43,110.08,45.39
2026-08-18T02:20:44,110.56,45.86
2026-08-18T02:20:45,110.31,45.62
2026-08-18T02:20:46,110.49,45.79
2026-08-18T02:20:47,110.54,45.84
2026-08-18T02:20:48,110.25,45.56
2026-08-18T02:20:49,110.45,45.76
2026-08-18T02:20:50,110.55,45.86
2026-08-18T02:20:51,110.54,45.85
2026-08-18T02:20:52,109.96,45.27
2026-08-18T02:20:53,110.33,45.63
2026-08-18T02:20:54,109.85,45.16
2026-08-18T02:20:55,109.95,45.26
2026-08-18T02:20:56,110.15,45.46
2026-08-18T02:20:57,110.44,45.75
2026-08-18T02:20:58,110.23,45.54
2026-08-18T02:20:59,110.03,45.34
2026-08-18T02:21:00,110.61,45.92
2026-08-18T02:21:01,110.29,45.6
2026-08-18T02:21:02,110.59,45.89
2026-08-18T02:21:03,110.56,45.86
2026-08-18T02:21:04,110.36,45.67
2026-08-18T02:21:05,110.33,45.64
2026-08-18T02:21:06,110.5,45.81
2026-08-18T02:21:07,110.04,45.36
2026-08-18T02:21:08,110.4,45.7
2026-08-18T02:21:09,110.7,46.0
2026-08-18T02:21:10,110.52,45.83
2026-08-18T02:21:11,110.56,45.86
2026-08-18T02:21:12,109.79,45.11
2026-08-18T02:21:13,110.14,45.45
2026-08-18T02:21:14,110.3,45.61
2026-08-18T02:21:15,110.32,45.63
2026-08-18T02:21:16,110.47,45.77
2026-08-18T02:21:17,110.33,45.64
2026-08-18T02:21:18,110.78,46.08
2026-08-18T02:21:19,110.15,45.46
2026-08-18T02:21:20,110.77,46.07
2026-08-18T02:21:21,110.54,45.85
2026-08-18T02:21:22,110.41,45.71
2026-08-18T02:21:23,110.64,45.94
2026-08-18T02:21:24,110.13,45.44
2026-08-18T02:21:25,110.06,45.37
2026-08-18T02:21:26,110.42,45.73
2026-08-18T02:21:27,110.63,45.93
2026-08-18T02:21:28,110.57,45.87
2026-08-18T02:21:29,110.45,45.76
2026-08-18T02:21:30,110.62,45.92
2026-08-18T02:21:31,110.65,45.95
2026-08-18T02:21:32,110.86,46.16
2026-08-18T02:21:33,110.42,45.73
2026-08-18T02:21:34,110.58,45.88
2026-08-18T02:21:35,110.49,45.8
2026-08-18T02:21:36,111.18,46.47
2026-08-18T02:21:37,111.15,46.45
2026-08-18T02:21:38,110.68,45.98
2026-08-18T02:21:39,111.02,46.32
2026-08-18T02:21:40,110.89,46.19
2026-08-18T02:21:41,110.71,46.01
2026-08-18T02:21:42,110.87,46.17
2026-08-18T02:21:43,111.12,46.41
2026-08-18T02:21:44,110.88,46.18
2026-08-18T02:21:45,111.01,46.31
2026-08-18T02:21:46,111.37,46.66
2026-08-18T02:21:47,111.44,46.73
2026-08-18T02:21:48,110.76,46.06
2026-08-18T02:21:49,110.92,46.22
2026-08-18T02:21:50,110.96,46.26
2026-08-18T02:21:51,110.86,46.16
2026-08-18T02:21:52,110.92,46.22
2026-08-18T02:21:53,111.3,46.59
2026-08-18T02:21:54,110.73,46.03
2026-08-18T02:21:55,110.59,45.89
2026-08-18T02:21:56,110.76,46.06
2026-08-18T02:21:57,110.93,46.23
2026-08-18T02:21:58,111.01,46.31
2026-08-18T02:21:59,110.68,45.98
2026-08-18T02:22:00,111.0,46.3
2026-08-18T02:22:01,111.28,46.57
2026-08-18T02:22:02,110.83,46.13
2026-08-18T02:22:03,110.8,46.11
2026-08-18T02:22:04,110.8,46.1
2026-08-18T02:22:05,110.59,45.89
2026-08-18T02:22:06,110.46,45.77
2026-08-18T02:22:07,110.67,45.97
2026-08-18T02:22:08,110.87,46.17
2026-08-18T02:22:09,110.49,45.8
2026-08-18T02:22:10,110.49,45.8
2026-08-18T02:22:11,110.89,46.19
2026-08-18T02:22:12,109.74,45.05
2026-08-18T02:22:13,109.6,44.92
2026-08-18T02:22:14,109.59,44.91
2026-08-18T02:22:15,109.65,44.97
2026-08-18T02:22:16,109.91,45.22
2026-08-18T02:22:17,110.08,45.4
2026-08-18T02:22:18,109.77,45.09
2026-08-18T02:22:19,109.71,45.03
2026-08-18T02:22:20,109.85,45.17
2026-08-18T02:22:21,109.65,44.97
2026-08-18T02:22:22,109.39,44.71
2026-08-18T02:22:23,109.78,45.1
2026-08-18T02:22:24,109.35,44.68
2026-08-18T02:22:25,109.55,44.87
2026-08-18T02:22:26,109.47,44.79
2026-08-18T02:22:27,109.43,44.75
2026-08-18T02:22:28,109.54,44.86
2026-08-18T02:22:29,109.77,45.08
2026-08-18T02:22:30,109.73,45.05
2026-08-18T02:22:31,110.09,45.41
2026-08-18T02:22:32,109.53,44.85
2026-08-18T02:22:33,109.35,44.68
2026-08-18T02:22:34,109.67,44.99
2026-08-18T02:22:35,109.58,44.9
2026-08-18T02:22:36,109.22,44.54
2026-08-18T02:22:37,109.2,44.53
2026-08-18T02:22:38,109.9,45.22
2026-08-18T02:22:39,109.65,44.97
2026-08-18T02:22:40,109.6,44.92
2026-08-18T02:22:41,109.63,44.95
2026-08-18T02:22:42,109.83,45.14
2026-08-18T02:22:43,109.28,44.6
2026-08-18T02:22:44,109.98,45.29
2026-08-18T02:22:45,109.31,44.63
2026-08-18T02:22:46,109.36,44.68
2026-08-18T02:22:47,109.72,45.04
2026-08-18T02:22:48,109.39,44.71
2026-08-18T02:22:49,109.6,44.92
2026-08-18T02:22:50,109.41,44.73
2026-08-18T02:22:51,109.47,44.79
2026-08-18T02:22:52,109.8,45.12
2026-08-18T02:22:53,109.5,44.82
2026-08-18T02:22:54,109.68,45.0
2026-08-18T02:22:55,109.48,44.8
2026-08-18T02:22:56,110.05,45.36
2026-08-18T02:22:57,109.9,45.21
2026-08-18T02:22:58,109.87,45.19
2026-08-18T02:22:59,110.15,45.46
2026-08-18T02:23:00,109.73,45.04
2026-08-18T02:23:01,109.79,45.11
2026-08-18T02:23:02,110.26,45.57
2026-08-18T02:23:03,110.21,45.52
2026-08-18T02:23:04,109.96,45.28
2026-08-18T02:23:05,110.03,45.35
2026-08-18T02:23:06,110.47,45.77
2026-08-18T02:23:07,110.14,45.45
2026-08-18T02:23:08,109.77,45.08
2026-08-18T02:23:09,110.01,45.32
2026-08-18T02:23:10,110.54,45.85
2026-08-18T02:23:11,109.73,45.05
2026-08-18T02:23:12,110.05,45.36
2026-08-18T02:23:13,110.34,45.65
2026-08-18T02:23:14,109.92,45.23
2026-08-18T02:23:15,109.78,45.1
2026-08-18T02:23:16,110.04,45.35
2026-08-18T02:23:17,109.96,45.27
2026-08-18T02:23:18,110.26,45.57
2026-08-18T02:23:19,110.03,45.34
2026-08-18T02:23:20,110.38,45.69
2026-08-18T02:23:21,109.95,45.26
2026-08-18T02:23:22,109.81,45.13
2026-08-18T02:23:23,110.11,45.42
2026-08-18T02:23:24,110.24,45.55
2026-08-18T02:23:25,109.78,45.09
2026-08-18T02:23:26,109.74,45.06
2026-08-18T02:23:27,109.85,45.17
2026-08-18T02:23:28,109.78,45.1
2026-08-18T02:23:29,110.17,45.48
2026-08-18T02:23:30,110.12,45.43
2026-08-18T02:23:31,109.77,45.08
2026-08-18T02:23:32,110.23,45.54
2026-08-18T02:23:33,109.33,44.65
2026-08-18T02:23:34,109.4,44.72
2026-08-18T02:23:35,109.54,44.86
2026-08-18T02:23:36,109.76,45.08
2026-08-18T02:23:37,109.47,44.79
2026-08-18T02:23:38,109.59,44.91
2026-08-18T02:23:39,109.56,44.88
2026-08-18T02:23:40,109.21,44.54
2026-08-18T02:23:41,109.96,45.27
2026-08-18T02:23:42,109.66,44.98
2026-08-18T02:23:43,109.89,45.2
2026-08-18T02:23:44,110.17,45.48
2026-08-18T02:23:45,110.46,45.77
2026-08-18T02:23:46,110.16,45.47
2026-08-18T02:23:47,109.85,45.17
2026-08-18T02:23:48,109.43,44.75
2026-08-18T02:23:49,109.88,45.19
2026-08-18T02:23:50,109.54,44.86
2026-08-18T02:23:51,109.9,45.21
2026-08-18T02:23:52,109.78,45.1
2026-08-18T02:23:53,110.07,45.38
2026-08-18T02:23:54,109.34,44.66
2026-08-18T02:23:55,109.66,44.98
2026-08-18T02:23:56,109.58,44.9
2026-08-18T02:23:57,110.41,45.71
2026-08-18T02:23:58,110.47,45.78
2026-08-18T02:23:59,110.09,45.4
2026-08-18T02:24:00,109.74,45.06
2026-08-18T02:24:01,110.29,45.6
2026-08-18T02:24:02,109.68,45.0
2026-08-18T02:24:03,109.92,45.23
2026-08-18T02:24:04,109.5,44.82
2026-08-18T02:24:05,109.6,44.91
2026-08-18T02:24:06,109.78,45.09
2026-08-18T02:24:07,109.81,45.13
2026-08-18T02:24:08,109.56,44.88
2026-08-18T02:24:09,109.88,45.2
2026-08-18T02:24:10,110.26,45.57
2026-08-18T02:24:11,109.87,45.19
2026-08-18T02:24:12,109.77,45.08
2026-08-18T02:24:13,109.89,45.2
2026-08-18T02:24:14,109.82,45.14
2026-08-18T02:24:15,110.16,45.47
2026-08-18T02:24:16,110.01,45.33
2026-08-18T02:24:17,110.24,45.55
2026-08-18T02:24:18,110.44,45.75
2026-08-18T02:24:19,109.78,45.09
2026-08-18T02:24:20,109.84,45.15
2026-08-18T02:24:21,109.75,45.07
2026-08-18T02:24:22,110.0,45.31
2026-08-18T02:24:23,110.15,45.46
2026-08-18T02:24:24,110.27,45.58
2026-08-18T02:24:25,110.66,45.96
2026-08-18T02:24:26,110.74,46.04
2026-08-18T02:24:27,110.19,45.5
2026-08-18T02:24:28,110.16,45.47
2026-08-18T02:24:29,110.65,45.96
2026-08-18T02:24:30,110.49,45.79
2026-08-18T02:24:31,110.3,45.61
2026-08-18T02:24:32,110.3,45.61
2026-08-18T02:24:33,109.96,45.28
2026-08-18T02:24:34,110.41,45.71
2026-08-18T02:24:35,110.01,45.33
2026-08-18T02:24:36,110.11,45.42
2026-08-18T02:24:37,110.16,45.47
2026-08-18T02:24:38,110.45,45.76
2026-08-18T02:24:39,110.09,45.4
2026-08-18T02:24:40,110.32,45.63
2026-08-18T02:24:41,109.86,45.18
2026-08-18T02:24:42,110.41,45.72
2026-08-18T02:24:43,109.93,45.24
2026-08-18T02:24:44,109.86,45.18
2026-08-18T02:24:45,110.06,45.37
2026-08-18T02:24:46,110.17,45.48
2026-08-18T02:24:47,109.97,45.28
2026-08-18T02:24:48,110.38,45.69
2026-08-18T02:24:49,110.14,45.45
2026-08-18T02:24:50,110.05,45.36
2026-08-18T02:24:51,109.7,45.01
2026-08-18T02:24:52,109.83,45.14
2026-08-18T02:24:53,110.31,45.62
2026-08-18T02:24:54,110.01,45.32
2026-08-18T02:24:55,109.97,45.28
2026-08-18T02:24:56,110.57,45.87
2026-08-18T02:24:57,110.27,45.58
2026-08-18T02:24:58,110.32,45.63
2026-08-18T02:24:59,110.31,45.61
2026-08-18T02:25:00,110.27,45.58
2026-08-18T02:25:01,110.52,45.83
2026-08-18T02:25:02,110.67,45.98
2026-08-18T02:25:03,110.14,45.45
2026-08-18T02:25:04,110.14,45.45
2026-08-18T02:25:05,110.04,45.35
2026-08-18T02:25:06,110.52,45.82
2026-08-18T02:25:07,110.59,45.89
2026-08-18T02:25:08,110.09,45.4
2026-08-18T02:25:09,110.27,45.58
2026-08-18T02:25:10,110.24,45.55
2026-08-18T02:25:11,110.89,46.19
2026-08-18T02:25:12,110.95,46.25
2026-08-18T02:25:13,110.86,46.16
2026-08-18T02:25:14,110.94,46.24
2026-08-18T02:25:15,110.47,45.78
2026-08-18T02:25:16,111.33,46.63
2026-08-18T02:25:17,110.91,46.21
2026-08-18T02:25:18,110.88,46.18
2026-08-18T02:25:19,110.27,45.58
2026-08-18T02:25:20,111.46,46.75
2026-08-18T02:25:21,111.36,46.65
2026-08-18T02:25:22,110.22,45.53
2026-08-18T02:25:23,109.77,45.09
2026-08-18T02:25:24,109.41,44.73
2026-08-18T02:25:25,110.45,45.76
2026-08-18T02:25:26,110.39,45.69
2026-08-18T02:25:27,110.63,45.94
2026-08-18T02:25:28,110.65,45.96
2026-08-18T02:25:29,111.46,46.76
2026-08-18T02:25:30,111.4,46.69
2026-08-18T02:25:31,111.51,46.81
2026-08-18T02:25:32,111.13,46.43
2026-08-18T02:25:33,110.7,46.0
2026-08-18T02:25:34,111.34,46.64
2026-08-18T02:25:35,111.45,46.75
2026-08-18T02:25:36,111.5,46.8
2026-08-18T02:25:37,111.42,46.71
2026-08-18T02:25:38,110.84,46.15
2026-08-18T02:25:39,111.07,46.37
2026-08-18T02:25:40,111.01,46.31
2026-08-18T02:25:41,111.37,46.66
2026-08-18T02:25:42,111.96,47.25
2026-08-18T02:25:43,112.25,47.53
2026-08-18T02:25:44,112.36,47.64
2026-08-18T02:25:45,113.55,48.81
2026-08-18T02:25:46,113.96,49.22
2026-08-18T02:25:47,115.41,50.64
2026-08-18T02:25:48,118.32,53.51
2026-08-18T02:25:49,120.09,55.26
2026-08-18T02:25:50,121.6,56.75
2026-08-18T02:25:51,121.97,57.12
2026-08-18T02:25:52,122.68,57.82
2026-08-18T02:25:53,122.67,57.8
2026-08-18T02:25:54,123.05,58.18
2026-08-18T02:25:55,122.48,57.61
2026-08-18T02:25:56,119.81,54.98
2026-08-18T02:25:57,117.42,52.62
2026-08-18T02:25:58,115.42,50.66
2026-08-18T02:25:59,114.17,49.43
2026-08-18T02:26:00,113.36,48.62
2026-08-18T02:26:01,113.24,48.5
2026-08-18T02:26:02,112.67,47.95
2026-08-18T02:26:03,112.5,47.77
2026-08-18T02:26:04,111.78,47.06
2026-08-18T02:26:05,111.65,46.94
2026-08-18T02:26:06,111.44,46.74
2026-08-18T02:26:07,111.62,46.91
2026-08-18T02:26:08,111.59,46.88
2026-08-18T02:26:09,111.3,46.6
2026-08-18T02:26:10,112.21,47.49
2026-08-18T02:26:11,111.92,47.21
2026-08-18T02:26:12,112.09,47.38
2026-08-18T02:26:13,112.02,47.31
2026-08-18T02:26:14,112.04,47.33
2026-08-18T02:26:15,111.85,47.13
2026-08-18T02:26:16,112.32,47.6
2026-08-18T02:26:17,111.7,46.99
2026-08-18T02:26:18,111.81,47.1
2026-08-18T02:26:19,111.83,47.12
2026-08-18T02:26:20,113.47,48.73
2026-08-18T02:26:21,112.31,47.59
2026-08-18T02:26:22,112.3,47.58
2026-08-18T02:26:23,112.6,47.87
2026-08-18T02:26:24,113.01,48.28
2026-08-18T02:26:25,114.37,49.62
2026-08-18T02:26:26,112.9,48.18
2026-08-18T02:26:27,112.19,47.47
2026-08-18T02:26:28,112.76,48.03
2026-08-18T02:26:29,113.07,48.34
2026-08-18T02:26:30,113.26,48.53
2026-08-18T02:26:31,113.05,48.32
2026-08-18T02:26:32,112.33,47.61
2026-08-18T02:26:33,112.95,48.22
2026-08-18T02:26:34,113.95,49.21
2026-08-18T02:26:35,112.73,48.0
2026-08-18T02:26:36,111.99,47.27
2026-08-18T02:26:37,111.36,46.66
2026-08-18T02:26:38,112.33,47.61
2026-08-18T02:26:39,113.04,48.31
2026-08-18T02:26:40,113.09,48.36
2026-08-18T02:26:41,113.46,48.73
2026-08-18T02:26:42,112.82,48.09
2026-08-18T02:26:43,112.07,47.35
2026-08-18T02:26:44,112.18,47.46
2026-08-18T02:26:45,112.17,47.45
2026-08-18T02:26:46,112.23,47.51
2026-08-18T02:26:47,112.18,47.46
2026-08-18T02:26:48,112.13,47.42
2026-08-18T02:26:49,112.25,47.53
2026-08-18T02:26:50,111.96,47.24
2026-08-18T02:26:51,111.88,47.16
2026-08-18T02:26:52,111.71,47.0
2026-08-18T02:26:53,111.77,47.06
2026-08-18T02:26:54,111.64,46.93
2026-08-18T02:26:55,111.54,46.83
2026-08-18T02:26:56,111.63,46.92
2026-08-18T02:26:57,111.9,47.18
2026-08-18T02:26:58,112.02,47.3
2026-08-18T02:26:59,111.82,47.11
2026-08-18T02:27:00,112.12,47.4
2026-08-18T02:27:01,111.86,47.14
2026-08-18T02:27:02,111.26,46.55
2026-08-18T02:27:03,111.08,46.38
2026-08-18T02:27:04,111.77,47.06
2026-08-18T02:27:05,111.39,46.68
2026-08-18T02:27:06,111.17,46.46
2026-08-18T02:27:07,111.25,46.54
2026-08-18T02:27:08,111.37,46.66
2026-08-18T02:27:09,111.38,46.67
2026-08-18T02:27:10,111.52,46.81
2026-08-18T02:27:11,110.93,46.23
2026-08-18T02:27:12,111.5,46.8
2026-08-18T02:27:13,111.37,46.66
2026-08-18T02:27:14,111.33,46.63
2026-08-18T02:27:15,110.98,46.28
2026-08-18T02:27:16,111.3,46.6
2026-08-18T02:27:17,111.38,46.67
2026-08-18T02:27:18,111.22,46.52
2026-08-18T02:27:19,111.61,46.9
2026-08-18T02:27:20,111.63,46.92
2026-08-18T02:27:21,111.77,47.05
2026-08-18T02:27:22,111.69,46.98
2026-08-18T02:27:23,111.98,47.27
2026-08-18T02:27:24,112.31,47.59
2026-08-18T02:27:25,112.35,47.63
2026-08-18T02:27:26,112.56,47.83
2026-08-18T02:27:27,112.87,48.14
2026-08-18T02:27:28,112.58,47.86
2026-08-18T02:27:29,112.78,48.05
2026-08-18T02:27:30,112.69,47.97
2026-08-18T02:27:31,112.42,47.7
2026-08-18T02:27:32,112.42,47.7
2026-08-18T02:27:33,112.58,47.86
2026-08-18T02:27:34,112.14,47.43
2026-08-18T02:27:35,112.24,47.52
2026-08-18T02:27:36,112.53,47.8
2026-08-18T02:27:37,112.69,47.96
2026-08-18T02:27:38,112.41,47.69
2026-08-18T02:27:39,111.46,46.75
2026-08-18T02:27:40,112.05,47.33
2026-08-18T02:27:41,111.13,46.42
2026-08-18T02:27:42,111.77,47.05
2026-08-18T02:27:43,111.44,46.73
2026-08-18T02:27:44,110.97,46.27
2026-08-18T02:27:45,111.31,46.6
2026-08-18T02:27:46,111.2,46.5
2026-08-18T02:27:47,111.42,46.71
2026-08-18T02:27:48,111.06,46.36
2026-08-18T02:27:49,111.21,46.5
2026-08-18T02:27:50,111.42,46.71
2026-08-18T02:27:51,111.27,46.56
2026-08-18T02:27:52,110.93,46.23
2026-08-18T02:27:53,111.71,47.0
2026-08-18T02:27:54,111.61,46.9
2026-08-18T02:27:55,111.03,46.32
2026-08-18T02:27:56,111.16,46.45
2026-08-18T02:27:57,111.37,46.67
2026-08-18T02:27:58,111.14,46.43
2026-08-18T02:27:59,111.2,46.49
2026-08-18T02:28:00,111.39,46.69
2026-08-18T02:28:01,111.14,46.43
2026-08-18T02:28:02,111.09,46.39
2026-08-18T02:28:03,110.68,45.99
2026-08-18T02:28:04,110.83,46.13
2026-08-18T02:28:05,111.08,46.37
2026-08-18T02:28:06,110.94,46.24
2026-08-18T02:28:07,111.21,46.51
2026-08-18T02:28:08,111.28,46.57
2026-08-18T02:28:09,111.12,46.42
2026-08-18T02:28:10,111.37,46.66
2026-08-18T02:28:11,111.44,46.73
2026-08-18T02:28:12,111.87,47.16
2026-08-18T02:28:13,112.1,47.39
2026-08-18T02:28:14,112.14,47.42
2026-08-18T02:28:15,111.75,47.04
2026-08-18T02:28:16,112.03,47.32
2026-08-18T02:28:17,112.08,47.37
2026-08-18T02:28:18,111.97,47.26
2026-08-18T02:28:19,112.22,47.5
2026-08-18T02:28:20,112.47,47.75
2026-08-18T02:28:21,112.66,47.94
2026-08-18T02:28:22,112.28,47.57
2026-08-18T02:28:23,112.45,47.72
2026-08-18T02:28:24,112.13,47.41
2026-08-18T02:28:25,112.28,47.56
2026-08-18T02:28:26,112.23,47.51
2026-08-18T02:28:27,111.84,47.12
2026-08-18T02:28:28,111.72,47.01
2026-08-18T02:28:29,111.75,47.04
2026-08-18T02:28:30,111.93,47.22
2026-08-18T02:28:31,111.73,47.02
2026-08-18T02:28:32,111.56,46.86
2026-08-18T02:28:33,111.09,46.38
2026-08-18T02:28:34,111.12,46.42
2026-08-18T02:28:35,111.35,46.64
2026-08-18T02:28:36,111.06,46.36
2026-08-18T02:28:37,110.77,46.07
2026-08-18T02:28:38,110.71,46.02
2026-08-18T02:28:39,111.1,46.4
2026-08-18T02:28:40,110.74,46.04
2026-08-18T02:28:41,110.7,46.0
2026-08-18T02:28:42,110.76,46.06
2026-08-18T02:28:43,110.33,45.64
2026-08-18T02:28:44,110.39,45.7
2026-08-18T02:28:45,110.64,45.94
2026-08-18T02:28:46,111.15,46.44
2026-08-18T02:28:47,110.75,46.05
2026-08-18T02:28:48,110.96,46.26
2026-08-18T02:28:49,111.25,46.55
2026-08-18T02:28:50,111.12,46.42
2026-08-18T02:28:51,110.84,46.14
2026-08-18T02:28:52,111.12,46.42
2026-08-18T02:28:53,111.2,46.5
2026-08-18T02:28:54,110.77,46.07
2026-08-18T02:28:55,111.05,46.35
2026-08-18T02:28:56,111.09,46.39
2026-08-18T02:28:57,111.15,46.44
2026-08-18T02:28:58,111.41,46.71
2026-08-18T02:28:59,111.37,46.67
2026-08-18T02:29:00,111.29,46.58
2026-08-18T02:29:01,111.44,46.73
2026-08-18T02:29:02,112.14,47.42
2026-08-18T02:29:03,111.36,46.66
2026-08-18T02:29:04,111.41,46.7
2026-08-18T02:29:05,111.78,47.07
2026-08-18T02:29:06,111.63,46.92
2026-08-18T02:29:07,111.79,47.08
2026-08-18T02:29:08,111.86,47.15
2026-08-18T02:29:09,111.38,46.67
2026-08-18T02:29:10,111.35,46.64
2026-08-18T02:29:11,111.49,46.79
2026-08-18T02:29:12,111.49,46.78
2026-08-18T02:29:13,111.54,46.83
2026-08-18T02:29:14,111.4,46.69
2026-08-18T02:29:15,111.11,46.41
2026-08-18T02:29:16,111.42,46.71
2026-08-18T02:29:17,111.33,46.62
2026-08-18T02:29:18,111.52,46.81
2026-08-18T02:29:19,111.66,46.95
2026-08-18T02:29:20,111.35,46.64
2026-08-18T02:29:21,111.72,47.01
2026-08-18T02:29:22,111.2,46.49
2026-08-18T02:29:23,111.18,46.48
2026-08-18T02:29:24,111.18,46.48
2026-08-18T02:29:25,111.17,46.47
2026-08-18T02:29:26,111.16,46.46
2026-08-18T02:29:27,111.53,46.82
2026-08-18T02:29:28,111.57,46.86
2026-08-18T02:29:29,111.54,46.83
2026-08-18T02:29:30,111.1,46.4
2026-08-18T02:29:31,111.06,46.36
2026-08-18T02:29:32,111.14,46.44
2026-08-18T02:29:33,111.12,46.42
2026-08-18T02:29:34,110.79,46.09
2026-08-18T02:29:35,110.15,45.46
2026-08-18T02:29:36,110.62,45.92
2026-08-18T02:29:37,110.5,45.81
2026-08-18T02:29:38,110.64,45.94
2026-08-18T02:29:39,110.52,45.83
2026-08-18T02:29:40,110.54,45.85
2026-08-18T02:29:41,110.7,46.0
2026-08-18T02:29:42,110.6,45.9
2026-08-18T02:29:43,111.07,46.37
2026-08-18T02:29:44,110.8,46.1
2026-08-18T02:29:45,110.75,46.05
2026-08-18T02:29:46,110.3,45.61
2026-08-18T02:29:47,110.52,45.83
2026-08-18T02:29:48,111.23,46.53
2026-08-18T02:29:49,110.63,45.94
2026-08-18T02:29:50,110.77,46.07
2026-08-18T02:29:51,110.83,46.13
2026-08-18T02:29:52,110.34,45.65
2026-08-18T02:29:53,110.53,45.83
2026-08-18T02:29:54,110.42,45.73
2026-08-18T02:29:55,110.27,45.58
2026-08-18T02:29:56,110.36,45.67
2026-08-18T02:29:57,110.84,46.14
2026-08-18T02:29:58,110.71,46.01
2026-08-18T02:29:59,111.21,46.5
2026-08-18T02:30:00,110.76,46.06
2026-08-18T02:30:01,110.64,45.95
2026-08-18T02:30:02,110.77,46.07
2026-08-18T02:30:03,110.54,45.84
2026-08-18T02:30:04,110.93,46.23
2026-08-18T02:30:05,110.57,45.87
2026-08-18T02:30:06,111.02,46.32
2026-08-18T02:30:07,111.02,46.32
2026-08-18T02:30:08,110.82,46.12
2026-08-18T02:30:09,110.5,45.8
2026-08-18T02:30:10,110.32,45.63
2026-08-18T02:30:11,111.11,46.41
2026-08-18T02:30:12,110.84,46.14
2026-08-18T02:30:13,111.19,46.49
2026-08-18T02:30:14,111.02,46.32
2026-08-18T02:30:15,110.7,46.01
2026-08-18T02:30:16,110.9,46.2
2026-08-18T02:30:17,111.11,46.41
2026-08-18T02:30:18,111.08,46.38
2026-08-18T02:30:19,110.87,46.17
2026-08-18T02:30:20,110.87,46.17
2026-08-18T02:30:21,111.0,46.3
2026-08-18T02:30:22,111.29,46.58
2026-08-18T02:30:23,111.1,46.39
2026-08-18T02:30:24,110.63,45.93
2026-08-18T02:30:25,110.31,45.62
2026-08-18T02:30:26,110.31,45.62
2026-08-18T02:30:27,110.82,46.13
2026-08-18T02:30:28,110.75,46.05
2026-08-18T02:30:29,111.09,46.39
2026-08-18T02:30:30,111.17,46.47
2026-08-18T02:30:31,110.79,46.09
2026-08-18T02:30:32,110.55,45.86
2026-08-18T02:30:33,111.12,46.41
2026-08-18T02:30:34,110.93,46.23
2026-08-18T02:30:35,110.71,46.01
2026-08-18T02:30:36,110.54,45.85
2026-08-18T02:30:37,110.77,46.07
2026-08-18T02:30:38,110.87,46.17
2026-08-18T02:30:39,110.99,46.29
2026-08-18T02:30:40,110.67,45.97
2026-08-18T02:30:41,110.73,46.03
2026-08-18T02:30:42,110.8,46.1
2026-08-18T02:30:43,110.41,45.71
2026-08-18T02:30:44,110.46,45.77
2026-08-18T02:30:45,110.81,46.12
2026-08-18T02:30:46,110.57,45.88
2026-08-18T02:30:47,110.72,46.02
2026-08-18T02:30:48,110.71,46.01
2026-08-18T02:30:49,110.97,46.27
2026-08-18T02:30:50,110.9,46.2
2026-08-18T02:30:51,110.98,46.28
2026-08-18T02:30:52,111.53,46.82
2026-08-18T02:30:53,111.19,46.48
2026-08-18T02:30:54,111.43,46.72
2026-08-18T02:30:55,112.27,47.56
2026-08-18T02:30:56,114.23,49.49
2026-08-18T02:30:57,113.39,48.65
2026-08-18T02:30:58,111.8,47.08
2026-08-18T02:30:59,111.55,46.84
2026-08-18T02:31:00,111.05,46.35
2026-08-18T02:31:01,110.5,45.81
2026-08-18T02:31:02,111.06,46.36
2026-08-18T02:31:03,111.13,46.43
2026-08-18T02:31:04,110.95,46.25
2026-08-18T02:31:05,113.2,48.47
2026-08-18T02:31:06,112.78,48.05
2026-08-18T02:31:07,111.72,47.01
2026-08-18T02:31:08,111.61,46.9
2026-08-18T02:31:09,110.89,46.19
2026-08-18T02:31:10,111.24,46.54
2026-08-18T02:31:11,111.56,46.85
2026-08-18T02:31:12,111.53,46.82
2026-08-18T02:31:13,111.16,46.45
2026-08-18T02:31:14,111.48,46.77
2026-08-18T02:31:15,111.5,46.79
2026-08-18T02:31:16,111.05,46.35
2026-08-18T02:31:17,110.81,46.11
2026-08-18T02:31:18,110.79,46.09
2026-08-18T02:31:19,110.57,45.87
2026-08-18T02:31:20,110.3,45.61
2026-08-18T02:31:21,110.89,46.19
2026-08-18T02:31:22,110.92,46.22
2026-08-18T02:31:23,111.11,46.41
2026-08-18T02:31:24,110.79,46.09
2026-08-18T02:31:25,110.67,45.97
2026-08-18T02:31:26,110.78,46.08
2026-08-18T02:31:27,110.74,46.04
2026-08-18T02:31:28,111.62,46.91
2026-08-18T02:31:29,111.8,47.08
2026-08-18T02:31:30,112.46,47.74
2026-08-18T02:31:31,112.24,47.52
2026-08-18T02:31:32,111.51,46.8
2026-08-18T02:31:33,111.37,46.67
2026-08-18T02:31:34,111.82,47.1
2026-08-18T02:31:35,111.26,46.55
2026-08-18T02:31:36,111.08,46.37
2026-08-18T02:31:37,111.2,46.49
2026-08-18T02:31:38,110.78,46.08
2026-08-18T02:31:39,110.81,46.11
2026-08-18T02:31:40,110.62,45.93
2026-08-18T02:31:41,111.31,46.61
2026-08-18T02:31:42,111.38,46.68
2026-08-18T02:31:43,110.95,46.25
2026-08-18T02:31:44,111.07,46.37
2026-08-18T02:31:45,110.74,46.04
2026-08-18T02:31:46,111.14,46.43
2026-08-18T02:31:47,110.76,46.06
2026-08-18T02:31:48,110.75,46.06
2026-08-18T02:31:49,110.41,45.72
2026-08-18T02:31:50,110.61,45.91
2026-08-18T02:31:51,110.41,45.71
2026-08-18T02:31:52,110.79,46.1
2026-08-18T02:31:53,110.88,46.18
2026-08-18T02:31:54,110.65,45.95
2026-08-18T02:31:55,111.12,46.42
2026-08-18T02:31:56,110.65,45.95
2026-08-18T02:31:57,111.48,46.77
2026-08-18T02:31:58,111.02,46.32
2026-08-18T02:31:59,110.46,45.77
2026-08-18T02:32:00,110.73,46.03
2026-08-18T02:32:01,110.61,45.91
2026-08-18T02:32:02,110.37,45.68
2026-08-18T02:32:03,110.76,46.06
2026-08-18T02:32:04,110.92,46.22
2026-08-18T02:32:05,110.67,45.97
2026-08-18T02:32:06,110.54,45.84
2026-08-18T02:32:07,110.92,46.22
2026-08-18T02:32:08,110.09,45.4
2026-08-18T02:32:09,110.63,45.94
2026-08-18T02:32:10,110.95,46.25
2026-08-18T02:32:11,110.86,46.16
2026-08-18T02:32:12,111.0,46.3
2026-08-18T02:32:13,110.88,46.18
2026-08-18T02:32:14,110.86,46.16
2026-08-18T02:32:15,110.99,46.29
2026-08-18T02:32:16,111.43,46.72
2026-08-18T02:32:17,111.14,46.44
2026-08-18T02:32:18,111.04,46.34
2026-08-18T02:32:19,111.19,46.48
2026-08-18T02:32:20,111.56,46.86
2026-08-18T02:32:21,111.34,46.63
2026-08-18T02:32:22,110.94,46.24
2026-08-18T02:32:23,111.27,46.56
2026-08-18T02:32:24,111.29,46.58
2026-08-18T02:32:25,110.95,46.25
2026-08-18T02:32:26,111.27,46.57
2026-08-18T02:32:27,111.58,46.87
2026-08-18T02:32:28,111.21,46.51
2026-08-18T02:32:29,111.16,46.46
2026-08-18T02:32:30,111.69,46.98
2026-08-18T02:32:31,111.43,46.72
2026-08-18T02:32:32,110.8,46.1
2026-08-18T02:32:33,111.06,46.36
2026-08-18T02:32:34,111.3,46.59
2026-08-18T02:32:35,111.48,46.77
2026-08-18T02:32:36,111.13,46.43
2026-08-18T02:32:37,111.41,46.7
2026-08-18T02:32:38,111.01,46.31
2026-08-18T02:32:39,111.29,46.58
2026-08-18T02:32:40,111.41,46.7
2026-08-18T02:32:41,111.31,46.61
2026-08-18T02:32:42,111.5,46.79
2026-08-18T02:32:43,111.74,47.03
2026-08-18T02:32:44,111.79,47.08
2026-08-18T02:32:45,111.73,47.01
2026-08-18T02:32:46,112.64,47.92
2026-08-18T02:32:47,112.27,47.56
2026-08-18T02:32:48,111.77,47.06
2026-08-18T02:32:49,111.35,46.64
2026-08-18T02:32:50,111.57,46.86
2026-08-18T02:32:51,111.55,46.84
2026-08-18T02:32:52,110.84,46.14
2026-08-18T02:32:53,110.98,46.28
2026-08-18T02:32:54,110.83,46.13
2026-08-18T02:32:55,110.86,46.16
2026-08-18T02:32:56,110.8,46.1
2026-08-18T02:32:57,110.6,45.9
2026-08-18T02:32:58,110.84,46.14
2026-08-18T02:32:59,111.24,46.53
2026-08-18T02:33:00,111.32,46.61
2026-08-18T02:33:01,111.0,46.3
2026-08-18T02:33:02,110.93,46.23
2026-08-18T02:33:03,112.09,47.38
2026-08-18T02:33:04,111.93,47.22
2026-08-18T02:33:05,111.71,47.0
2026-08-18T02:33:06,111.93,47.22
2026-08-18T02:33:07,111.52,46.82
2026-08-18T02:33:08,111.52,46.81
2026-08-18T02:33:09,110.82,46.13
2026-08-18T02:33:10,110.57,45.88
2026-08-18T02:33:11,110.72,46.02
2026-08-18T02:33:12,110.17,45.48
2026-08-18T02:33:13,110.46,45.76
2026-08-18T02:33:14,110.47,45.78
2026-08-18T02:33:15,110.75,46.06
2026-08-18T02:33:16,110.31,45.62
2026-08-18T02:33:17,110.48,45.79
2026-08-18T02:33:18,110.73,46.03
2026-08-18T02:33:19,110.64,45.95
2026-08-18T02:33:20,110.89,46.19
2026-08-18T02:33:21,110.64,45.95
2026-08-18T02:33:22,110.44,45.75
2026-08-18T02:33:23,110.12,45.43
2026-08-18T02:33:24,110.18,45.49
2026-08-18T02:33:25,110.63,45.93
2026-08-18T02:33:26,111.09,46.39
2026-08-18T02:33:27,110.61,45.92
2026-08-18T02:33:28,110.0,45.31
2026-08-18T02:33:29,110.28,45.59
2026-08-18T02:33:30,110.31,45.62
2026-08-18T02:33:31,110.5,45.81
2026-08-18T02:33:32,110.06,45.37
2026-08-18T02:33:33,110.34,45.65
2026-08-18T02:33:34,110.37,45.67
2026-08-18T02:33:35,110.69,45.99
2026-08-18T02:33:36,110.59,45.9
2026-08-18T02:33:37,110.71,46.02
2026-08-18T02:33:38,110.67,45.98
2026-08-18T02:33:39,110.81,46.11
2026-08-18T02:33:40,110.07,45.38
2026-08-18T02:33:41,110.06,45.37
2026-08-18T02:33:42,110.53,45.83
2026-08-18T02:33:43,110.95,46.25
2026-08-18T02:33:44,111.16,46.46
2026-08-18T02:33:45,110.85,46.15
2026-08-18T02:33:46,110.01,45.32
2026-08-18T02:33:47,110.13,45.44
2026-08-18T02:33:48,110.02,45.33
2026-08-18T02:33:49,110.28,45.59
2026-08-18T02:33:50,110.34,45.65
2026-08-18T02:33:51,110.72,46.02
2026-08-18T02:33:52,110.19,45.5
2026-08-18T02:33:53,110.12,45.43
2026-08-18T02:33:54,110.69,46.0
2026-08-18T02:33:55,110.29,45.6
2026-08-18T02:33:56,110.17,45.48
2026-08-18T02:33:57,110.25,45.56
2026-08-18T02:33:58,110.74,46.05
2026-08-18T02:33:59,109.92,45.23
2026-08-18T02:34:00,110.41,45.71
2026-08-18T02:34:01,110.45,45.76
2026-08-18T02:34:02,109.9,45.22
2026-08-18T02:34:03,110.05,45.36
2026-08-18T02:34:04,110.0,45.31
2026-08-18T02:34:05,110.72,46.03
2026-08-18T02:34:06,110.23,45.54
2026-08-18T02:34:07,110.58,45.88
2026-08-18T02:34:08,110.89,46.19
2026-08-18T02:34:09,110.85,46.15
2026-08-18T02:34:10,111.0,46.29
2026-08-18T02:34:11,110.97,46.27
2026-08-18T02:34:12,110.55,45.85
2026-08-18T02:34:13,110.6,45.9
2026-08-18T02:34:14,110.94,46.24
2026-08-18T02:34:15,111.05,46.35
2026-08-18T02:34:16,110.8,46.1
2026-08-18T02:34:17,110.89,46.19
2026-08-18T02:34:18,110.41,45.72
2026-08-18T02:34:19,110.77,46.07
2026-08-18T02:34:20,111.29,46.58
2026-08-18T02:34:21,110.69,45.99
2026-08-18T02:34:22,110.69,45.99
2026-08-18T02:34:23,110.87,46.17
2026-08-18T02:34:24,111.02,46.32
2026-08-18T02:34:25,110.63,45.94
2026-08-18T02:34:26,110.47,45.77
2026-08-18T02:34:27,110.69,45.99
2026-08-18T02:34:28,110.21,45.52
2026-08-18T02:34:29,110.55,45.86
2026-08-18T02:34:30,110.61,45.92
2026-08-18T02:34:31,110.08,45.4
2026-08-18T02:34:32,110.11,45.42
2026-08-18T02:34:33,110.0,45.32
2026-08-18T02:34:34,110.55,45.86
2026-08-18T02:34:35,110.59,45.89
2026-08-18T02:34:36,110.56,45.87
2026-08-18T02:34:37,110.51,45.81
2026-08-18T02:34:38,110.16,45.47
2026-08-18T02:34:39,110.53,45.83
2026-08-18T02:34:40,110.43,45.74
2026-08-18T02:34:41,110.42,45.73
2026-08-18T02:34:42,110.59,45.89
2026-08-18T02:34:43,110.4,45.71
2026-08-18T02:34:44,110.58,45.89
2026-08-18T02:34:45,110.45,45.76
2026-08-18T02:34:46,110.76,46.06
2026-08-18T02:34:47,110.23,45.54
2026-08-18T02:34:48,110.59,45.9
2026-08-18T02:34:49,110.48,45.78
2026-08-18T02:34:50,110.35,45.66
2026-08-18T02:34:51,110.35,45.66
2026-08-18T02:34:52,110.94,46.24
2026-08-18T02:34:53,110.77,46.08
2026-08-18T02:34:54,111.51,46.8
2026-08-18T02:34:55,111.51,46.8
2026-08-18T02:34:56,111.35,46.64
2026-08-18T02:34:57,110.87,46.17
2026-08-18T02:34:58,110.65,45.95
2026-08-18T02:34:59,110.0,45.31
2026-08-18T02:35:00,110.57,45.87
2026-08-18T02:35:01,110.27,45.58
2026-08-18T02:35:02,110.71,46.01
2026-08-18T02:35:03,110.81,46.12
2026-08-18T02:35:04,110.91,46.21
2026-08-18T02:35:05,110.62,45.92
2026-08-18T02:35:06,110.59,45.89
2026-08-18T02:35:07,110.89,46.19
2026-08-18T02:35:08,110.89,46.19
2026-08-18T02:35:09,110.91,46.21
2026-08-18T02:35:10,111.88,47.17
2026-08-18T02:35:11,111.3,46.6
2026-08-18T02:35:12,111.43,46.73
2026-08-18T02:35:13,111.29,46.58
2026-08-18T02:35:14,110.74,46.04
2026-08-18T02:35:15,111.72,47.0
2026-08-18T02:35:16,111.46,46.75
2026-08-18T02:35:17,110.79,46.09
2026-08-18T02:35:18,110.73,46.03
2026-08-18T02:35:19,110.59,45.9
2026-08-18T02:35:20,111.05,46.35
2026-08-18T02:35:21,110.82,46.12
2026-08-18T02:35:22,110.72,46.02
2026-08-18T02:35:23,111.27,46.57
2026-08-18T02:35:24,110.93,46.23
2026-08-18T02:35:25,110.88,46.18
2026-08-18T02:35:26,110.5,45.81
2026-08-18T02:35:27,110.42,45.72
2026-08-18T02:35:28,110.6,45.9
2026-08-18T02:35:29,109.97,45.28
2026-08-18T02:35:30,110.42,45.73
2026-08-18T02:35:31,110.27,45.58
2026-08-18T02:35:32,110.07,45.38
2026-08-18T02:35:33,110.67,45.98
2026-08-18T02:35:34,110.47,45.77
2026-08-18T02:35:35,110.85,46.15
2026-08-18T02:35:36,110.59,45.89
2026-08-18T02:35:37,110.99,46.29
2026-08-18T02:35:38,110.51,45.81
2026-08-18T02:35:39,110.64,45.95
2026-08-18T02:35:40,110.9,46.2
2026-08-18T02:35:41,110.94,46.24
2026-08-18T02:35:42,110.44,45.74
2026-08-18T02:35:43,111.03,46.33
2026-08-18T02:35:44,111.13,46.43
2026-08-18T02:35:45,111.62,46.91
2026-08-18T02:35:46,111.14,46.44
2026-08-18T02:35:47,111.48,46.78
2026-08-18T02:35:48,111.8,47.09
2026-08-18T02:35:49,111.61,46.9
2026-08-18T02:35:50,111.16,46.46
2026-08-18T02:35:51,111.01,46.31
2026-08-18T02:35:52,111.12,46.42
2026-08-18T02:35:53,111.16,46.46
2026-08-18T02:35:54,110.76,46.07
2026-08-18T02:35:55,110.84,46.14
2026-08-18T02:35:56,110.96,46.26
2026-08-18T02:35:57,110.98,46.28
2026-08-18T02:35:58,111.27,46.56
2026-08-18T02:35:59,111.67,46.96
2026-08-18T02:36:00,110.94,46.24
2026-08-18T02:36:01,110.87,46.17
2026-08-18T02:36:02,110.78,46.08
2026-08-18T02:36:03,111.12,46.42
2026-08-18T02:36:04,111.14,46.44
2026-08-18T02:36:05,110.44,45.75
2026-08-18T02:36:06,110.68,45.98
2026-08-18T02:36:07,110.55,45.86
2026-08-18T02:36:08,111.89,47.17
2026-08-18T02:36:09,112.11,47.4
2026-08-18T02:36:10,111.52,46.81
2026-08-18T02:36:11,111.17,46.47
2026-08-18T02:36:12,111.34,46.63
2026-08-18T02:36:13,111.42,46.71
2026-08-18T02:36:14,111.15,46.44
2026-08-18T02:36:15,111.54,46.84
2026-08-18T02:36:16,111.78,47.07
2026-08-18T02:36:17,111.65,46.94
2026-08-18T02:36:18,111.32,46.61
2026-08-18T02:36:19,111.55,46.84
2026-08-18T02:36:20,111.47,46.76
2026-08-18T02:36:21,111.89,47.17
2026-08-18T02:36:22,112.1,47.38
2026-08-18T02:36:23,111.88,47.17
2026-08-18T02:36:24,111.64,46.93
2026-08-18T02:36:25,111.43,46.72
2026-08-18T02:36:26,110.74,46.05
2026-08-18T02:36:27,110.95,46.25
2026-08-18T02:36:28,110.71,46.02
2026-08-18T02:36:29,110.89,46.19
2026-08-18T02:36:30,110.71,46.01
2026-08-18T02:36:31,110.89,46.19
2026-08-18T02:36:32,110.94,46.24
2026-08-18T02:36:33,110.68,45.98
2026-08-18T02:36:34,111.18,46.48
2026-08-18T02:36:35,111.2,46.5
2026-08-18T02:36:36,111.17,46.46
2026-08-18T02:36:37,110.77,46.07
2026-08-18T02:36:38,110.68,45.98
2026-08-18T02:36:39,110.91,46.21
2026-08-18T02:36:40,111.1,46.4
2026-08-18T02:36:41,111.07,46.37
2026-08-18T02:36:42,110.72,46.02
2026-08-18T02:36:43,111.0,46.29
2026-08-18T02:36:44,110.86,46.16
2026-08-18T02:36:45,111.04,46.34
2026-08-18T02:36:46,110.76,46.06
2026-08-18T02:36:47,111.01,46.31
2026-08-18T02:36:48,110.74,46.04
2026-08-18T02:36:49,110.58,45.89
2026-08-18T02:36:50,110.42,45.73
2026-08-18T02:36:51,110.54,45.84
2026-08-18T02:36:52,110.69,45.99
2026-08-18T02:36:53,110.61,45.92
2026-08-18T02:36:54,110.95,46.25
2026-08-18T02:36:55,110.82,46.12
2026-08-18T02:36:56,110.45,45.76
2026-08-18T02:36:57,111.01,46.31
2026-08-18T02:36:58,110.51,45.81
2026-08-18T02:36:59,110.38,45.68
2026-08-18T02:37:00,110.73,46.03
2026-08-18T02:37:01,110.56,45.86
2026-08-18T02:37:02,110.85,46.15
2026-08-18T02:37:03,110.46,45.76
2026-08-18T02:37:04,110.41,45.71
2026-08-18T02:37:05,110.64,45.95
2026-08-18T02:37:06,110.25,45.56
2026-08-18T02:37:07,110.6,45.9
2026-08-18T02:37:08,110.77,46.07
2026-08-18T02:37:09,110.62,45.92
2026-08-18T02:37:10,110.73,46.03
2026-08-18T02:37:11,110.72,46.02
2026-08-18T02:37:12,110.87,46.17
2026-08-18T02:37:13,111.07,46.37
2026-08-18T02:37:14,110.28,45.59
2026-08-18T02:37:15,111.09,46.39
2026-08-18T02:37:16,111.08,46.38
2026-08-18T02:37:17,110.59,45.89
2026-08-18T02:37:18,110.76,46.06
2026-08-18T02:37:19,110.76,46.07
2026-08-18T02:37:20,111.19,46.48
2026-08-18T02:37:21,110.72,46.03
2026-08-18T02:37:22,111.14,46.44
2026-08-18T02:37:23,110.8,46.11
2026-08-18T02:37:24,111.17,46.46
2026-08-18T02:37:25,110.86,46.16
2026-08-18T02:37:26,110.97,46.27
2026-08-18T02:37:27,110.76,46.06
2026-08-18T02:37:28,111.04,46.34
2026-08-18T02:37:29,110.8,46.1
2026-08-18T02:37:30,110.79,46.09
2026-08-18T02:37:31,110.28,45.59
2026-08-18T02:37:32,110.05,45.36
2026-08-18T02:37:33,110.73,46.03
2026-08-18T02:37:34,110.42,45.73
2026-08-18T02:37:35,110.6,45.91
2026-08-18T02:37:36,110.91,46.21
2026-08-18T02:37:37,110.7,46.0
2026-08-18T02:37:38,111.19,46.49
2026-08-18T02:37:39,110.87,46.17
2026-08-18T02:37:40,111.25,46.55
2026-08-18T02:37:41,110.2,45.51
2026-08-18T02:37:42,110.38,45.69
2026-08-18T02:37:43,110.54,45.85
2026-08-18T02:37:44,110.63,45.93
2026-08-18T02:37:45,110.7,46.01
2026-08-18T02:37:46,111.05,46.35
2026-08-18T02:37:47,110.71,46.01
2026-08-18T02:37:48,110.96,46.26
2026-08-18T02:37:49,111.14,46.44
2026-08-18T02:37:50,111.31,46.61
2026-08-18T02:37:51,111.5,46.79
2026-08-18T02:37:52,111.61,46.9
2026-08-18T02:37:53,112.02,47.3
2026-08-18T02:37:54,112.41,47.69
2026-08-18T02:37:55,113.03,48.3
2026-08-18T02:37:56,113.92,49.17
2026-08-18T02:37:57,114.65,49.9
2026-08-18T02:37:58,116.03,51.26
2026-08-18T02:37:59,119.26,54.44
2026-08-18T02:38:00,120.84,56.0
2026-08-18T02:38:01,123.85,58.97
2026-08-18T02:38:02,126.18,61.27
2026-08-18T02:38:03,126.3,61.39
2026-08-18T02:38:04,122.96,58.09
2026-08-18T02:38:05,119.06,54.24
2026-08-18T02:38:06,116.35,51.57
2026-08-18T02:38:07,114.54,49.79
2026-08-18T02:38:08,112.92,48.2
2026-08-18T02:38:09,112.84,48.11
2026-08-18T02:38:10,111.54,46.83
2026-08-18T02:38:11,112.11,47.39
2026-08-18T02:38:12,112.53,47.81
2026-08-18T02:38:13,112.67,47.95
2026-08-18T02:38:14,112.12,47.4
2026-08-18T02:38:15,111.94,47.23
2026-08-18T02:38:16,112.01,47.3
2026-08-18T02:38:17,111.35,46.64
2026-08-18T02:38:18,111.14,46.44
2026-08-18T02:38:19,111.75,47.04
2026-08-18T02:38:20,112.21,47.49
2026-08-18T02:38:21,112.21,47.49
2026-08-18T02:38:22,111.9,47.19
2026-08-18T02:38:23,111.45,46.74
2026-08-18T02:38:24,112.04,47.33
2026-08-18T02:38:25,112.25,47.53
2026-08-18T02:38:26,112.81,48.09
2026-08-18T02:38:27,111.48,46.77
2026-08-18T02:38:28,111.7,46.99
2026-08-18T02:38:29,112.29,47.57
2026-08-18T02:38:30,111.85,47.14
2026-08-18T02:38:31,111.53,46.82
2026-08-18T02:38:32,111.15,46.44
2026-08-18T02:38:33,111.0,46.3
2026-08-18T02:38:34,112.11,47.4
2026-08-18T02:38:35,112.8,48.07
2026-08-18T02:38:36,114.12,49.38
2026-08-18T02:38:37,114.97,50.21
2026-08-18T02:38:38,115.48,50.71
2026-08-18T02:38:39,115.86,51.09
2026-08-18T02:38:40,111.76,47.05
2026-08-18T02:38:41,111.58,46.87
2026-08-18T02:38:42,111.48,46.78
2026-08-18T02:38:43,111.55,46.84
2026-08-18T02:38:44,111.92,47.21
2026-08-18T02:38:45,111.85,47.14
2026-08-18T02:38:46,112.22,47.5
2026-08-18T02:38:47,112.7,47.98
2026-08-18T02:38:48,112.81,48.09
2026-08-18T02:38:49,112.72,47.99
2026-08-18T02:38:50,111.83,47.11
2026-08-18T02:38:51,112.31,47.59
2026-08-18T02:38:52,111.89,47.17
2026-08-18T02:38:53,112.48,47.75
2026-08-18T02:38:54,111.9,47.19
2026-08-18T02:38:55,112.49,47.77
2026-08-18T02:38:56,114.64,49.89
2026-08-18T02:38:57,112.81,48.09
2026-08-18T02:38:58,111.74,47.03
2026-08-18T02:38:59,111.93,47.22
2026-08-18T02:39:00,111.37,46.66
2026-08-18T02:39:01,110.64,45.94
2026-08-18T02:39:02,111.12,46.42
2026-08-18T02:39:03,111.57,46.86
2026-08-18T02:39:04,111.05,46.35
2026-08-18T02:39:05,111.61,46.91
2026-08-18T02:39:06,112.09,47.37
2026-08-18T02:39:07,112.86,48.13
2026-08-18T02:39:08,113.53,48.79
2026-08-18T02:39:09,113.88,49.14
2026-08-18T02:39:10,116.05,51.27
2026-08-18T02:39:11,118.5,53.7
2026-08-18T02:39:12,120.79,55.95
2026-08-18T02:39:13,123.26,58.39
2026-08-18T02:39:14,126.38,61.46
2026-08-18T02:39:15,126.5,61.58
2026-08-18T02:39:16,123.25,58.37
2026-08-18T02:39:17,119.04,54.23
2026-08-18T02:39:18,116.1,51.32
2026-08-18T02:39:19,114.13,49.38
2026-08-18T02:39:20,112.99,48.26
2026-08-18T02:39:21,113.26,48.53
2026-08-18T02:39:22,113.23,48.5
2026-08-18T02:39:23,112.13,47.42
2026-08-18T02:39:24,112.02,47.31
2026-08-18T02:39:25,111.5,46.79
2026-08-18T02:39:26,111.63,46.92
2026-08-18T02:39:27,111.41,46.7
2026-08-18T02:39:28,111.76,47.05
2026-08-18T02:39:29,110.67,45.98
2026-08-18T02:39:30,111.04,46.33
2026-08-18T02:39:31,111.43,46.72
2026-08-18T02:39:32,111.46,46.75
2026-08-18T02:39:33,110.88,46.19
2026-08-18T02:39:34,110.96,46.26
2026-08-18T02:39:35,110.9,46.2
2026-08-18T02:39:36,111.09,46.39
2026-08-18T02:39:37,111.29,46.58
2026-08-18T02:39:38,111.14,46.44
2026-08-18T02:39:39,111.17,46.46
2026-08-18T02:39:40,110.7,46.0
2026-08-18T02:39:41,111.06,46.36
2026-08-18T02:39:42,111.12,46.41
2026-08-18T02:39:43,111.16,46.45
2026-08-18T02:39:44,110.93,46.23
2026-08-18T02:39:45,111.51,46.8
2026-08-18T02:39:46,111.57,46.86
2026-08-18T02:39:47,111.31,46.61
2026-08-18T02:39:48,111.06,46.36
2026-08-18T02:39:49,110.83,46.13
2026-08-18T02:39:50,110.88,46.18
2026-08-18T02:39:51,110.35,45.66
2026-08-18T02:39:52,110.71,46.02
2026-08-18T02:39:53,111.1,46.4
2026-08-18T02:39:54,111.08,46.38
2026-08-18T02:39:55,110.83,46.13
2026-08-18T02:39:56,110.97,46.27
2026-08-18T02:39:57,110.93,46.23
2026-08-18T02:39:58,110.32,45.63
2026-08-18T02:39:59,110.41,45.72
2026-08-18T02:40:00,110.96,46.26
2026-08-18T02:40:01,110.84,46.14
2026-08-18T02:40:02,110.52,45.82
2026-08-18T02:40:03,110.04,45.35
2026-08-18T02:40:04,110.41,45.72
2026-08-18T02:40:05,110.14,45.45
2026-08-18T02:40:06,110.23,45.54
2026-08-18T02:40:07,110.13,45.44
2026-08-18T02:40:08,110.45,45.75
2026-08-18T02:40:09,110.41,45.71
2026-08-18T02:40:10,110.26,45.57
2026-08-18T02:40:11,109.95,45.26
2026-08-18T02:40:12,110.05,45.36
2026-08-18T02:40:13,110.52,45.83
2026-08-18T02:40:14,110.51,45.82
2026-08-18T02:40:15,109.85,45.16
2026-08-18T02:40:16,110.52,45.83
2026-08-18T02:40:17,109.96,45.28
2026-08-18T02:40:18,110.4,45.71
2026-08-18T02:40:19,110.37,45.68
2026-08-18T02:40:20,110.64,45.95
2026-08-18T02:40:21,110.63,45.93
2026-08-18T02:40:22,110.05,45.37
2026-08-18T02:40:23,110.27,45.58
2026-08-18T02:40:24,110.48,45.79
2026-08-18T02:40:25,110.67,45.97
2026-08-18T02:40:26,111.04,46.34
2026-08-18T02:40:27,110.52,45.83
2026-08-18T02:40:28,110.64,45.94
2026-08-18T02:40:29,110.41,45.72
2026-08-18T02:40:30,110.64,45.94
2026-08-18T02:40:31,110.54,45.84
2026-08-18T02:40:32,110.58,45.88
2026-08-18T02:40:33,111.16,46.45
2026-08-18T02:40:34,110.84,46.14
2026-08-18T02:40:35,111.09,46.39
2026-08-18T02:40:36,111.18,46.47
2026-08-18T02:40:37,111.39,46.69
2026-08-18T02:40:38,112.07,47.35
2026-08-18T02:40:39,110.46,45.76
2026-08-18T02:40:40,110.3,45.61
2026-08-18T02:40:41,110.37,45.68
2026-08-18T02:40:42,110.56,45.86
2026-08-18T02:40:43,110.51,45.82
2026-08-18T02:40:44,110.38,45.69
2026-08-18T02:40:45,110.36,45.67
2026-08-18T02:40:46,110.43,45.73
2026-08-18T02:40:47,110.95,46.25
2026-08-18T02:40:48,110.63,45.94
2026-08-18T02:40:49,110.03,45.35
2026-08-18T02:40:50,110.63,45.93
2026-08-18T02:40:51,110.9,46.2
2026-08-18T02:40:52,110.52,45.82
2026-08-18T02:40:53,110.89,46.19
2026-08-18T02:40:54,111.01,46.31
2026-08-18T02:40:55,110.68,45.99
2026-08-18T02:40:56,110.92,46.22
2026-08-18T02:40:57,110.99,46.29
2026-08-18T02:40:58,110.81,46.11
2026-08-18T02:40:59,110.47,45.78
2026-08-18T02:41:00,110.33,45.64
2026-08-18T02:41:01,110.53,45.83
2026-08-18T02:41:02,110.17,45.48
2026-08-18T02:41:03,110.61,45.92
2026-08-18T02:41:04,110.85,46.15
2026-08-18T02:41:05,110.64,45.95
2026-08-18T02:41:06,110.74,46.05
2026-08-18T02:41:07,110.54,45.85
2026-08-18T02:41:08,110.61,45.92
2026-08-18T02:41:09,110.39,45.69
2026-08-18T02:41:10,110.97,46.27
2026-08-18T02:41:11,110.33,45.64
2026-08-18T02:41:12,110.18,45.49
2026-08-18T02:41:13,110.91,46.21
2026-08-18T02:41:14,110.47,45.77
2026-08-18T02:41:15,110.76,46.06
2026-08-18T02:41:16,110.99,46.29
2026-08-18T02:41:17,111.39,46.68
2026-08-18T02:41:18,110.48,45.79
2026-08-18T02:41:19,110.42,45.73
2026-08-18T02:41:20,110.67,45.97
2026-08-18T02:41:21,110.31,45.62
2026-08-18T02:41:22,110.81,46.11
2026-08-18T02:41:23,110.63,45.93
2026-08-18T02:41:24,110.57,45.88
2026-08-18T02:41:25,110.48,45.79
2026-08-18T02:41:26,110.89,46.19
2026-08-18T02:41:27,110.71,46.01
2026-08-18T02:41:28,111.29,46.59
2026-08-18T02:41:29,111.3,46.59
2026-08-18T02:41:30,111.05,46.34
2026-08-18T02:41:31,112.19,47.47
2026-08-18T02:41:32,112.91,48.18
2026-08-18T02:41:33,113.59,48.85
2026-08-18T02:41:34,113.89,49.15
2026-08-18T02:41:35,114.28,49.53
2026-08-18T02:41:36,116.6,51.82
2026-08-18T02:41:37,120.64,55.8
2026-08-18T02:41:38,123.94,59.06
2026-08-18T02:41:39,125.68,60.77
2026-08-18T02:41:40,126.36,61.45
2026-08-18T02:41:41,126.15,61.23
2026-08-18T02:41:42,125.98,61.06
2026-08-18T02:41:43,124.82,59.92
2026-08-18T02:41:44,121.87,57.01
2026-08-18T02:41:45,118.38,53.58
2026-08-18T02:41:46,117.54,52.74
2026-08-18T02:41:47,116.84,52.06
2026-08-18T02:41:48,116.06,51.29
2026-08-18T02:41:49,115.09,50.33
2026-08-18T02:41:50,114.39,49.64
2026-08-18T02:41:51,113.65,48.92
2026-08-18T02:41:52,113.27,48.54
2026-08-18T02:41:53,112.6,47.87
2026-08-18T02:41:54,112.41,47.68
2026-08-18T02:41:55,112.07,47.35
2026-08-18T02:41:56,111.71,47.0
2026-08-18T02:41:57,112.24,47.53
2026-08-18T02:41:58,111.93,47.21
2026-08-18T02:41:59,111.39,46.69
2026-08-18T02:42:00,111.91,47.2
2026-08-18T02:42:01,111.09,46.38
2026-08-18T02:42:02,111.37,46.66
2026-08-18T02:42:03,111.19,46.49
2026-08-18T02:42:04,111.27,46.57
2026-08-18T02:42:05,111.09,46.39
2026-08-18T02:42:06,111.01,46.3
2026-08-18T02:42:07,111.33,46.63
2026-08-18T02:42:08,111.7,46.99
2026-08-18T02:42:09,111.41,46.71
2026-08-18T02:42:10,111.48,46.77
2026-08-18T02:42:11,111.54,46.83
2026-08-18T02:42:12,111.07,46.37
2026-08-18T02:42:13,111.47,46.77
2026-08-18T02:42:14,111.19,46.49
2026-08-18T02:42:15,110.91,46.21
2026-08-18T02:42:16,110.86,46.16
2026-08-18T02:42:17,110.98,46.28
2026-08-18T02:42:18,111.02,46.32
2026-08-18T02:42:19,111.36,46.66
2026-08-18T02:42:20,111.19,46.48
2026-08-18T02:42:21,111.65,46.94
2026-08-18T02:42:22,111.24,46.53
2026-08-18T02:42:23,111.1,46.4
2026-08-18T02:42:24,110.77,46.07
2026-08-18T02:42:25,111.23,46.53
2026-08-18T02:42:26,110.89,46.19
2026-08-18T02:42:27,110.63,45.93
2026-08-18T02:42:28,110.85,46.15
2026-08-18T02:42:29,111.08,46.38
2026-08-18T02:42:30,111.64,46.93
2026-08-18T02:42:31,111.84,47.13
2026-08-18T02:42:32,111.33,46.62
2026-08-18T02:42:33,110.88,46.18
2026-08-18T02:42:34,111.36,46.66
2026-08-18T02:42:35,111.44,46.73
2026-08-18T02:42:36,110.84,46.14
2026-08-18T02:42:37,111.11,46.41
2026-08-18T02:42:38,110.95,46.25
2026-08-18T02:42:39,111.03,46.33
2026-08-18T02:42:40,110.82,46.12
2026-08-18T02:42:41,110.82,46.12
2026-08-18T02:42:42,111.11,46.41
2026-08-18T02:42:43,110.95,46.24
2026-08-18T02:42:44,111.65,46.94
2026-08-18T02:42:45,111.4,46.69
2026-08-18T02:42:46,111.62,46.91
2026-08-18T02:42:47,110.96,46.26
2026-08-18T02:42:48,111.21,46.51
2026-08-18T02:42:49,112.02,47.31
2026-08-18T02:42:50,112.0,47.29
2026-08-18T02:42:51,112.29,47.57
2026-08-18T02:42:52,111.88,47.17
2026-08-18T02:42:53,112.86,48.13
2026-08-18T02:42:54,113.58,48.84
2026-08-18T02:42:55,114.18,49.43
2026-08-18T02:42:56,114.08,49.33
2026-08-18T02:42:57,114.27,49.52
2026-08-18T02:42:58,115.36,50.59
2026-08-18T02:42:59,117.88,53.08
2026-08-18T02:43:00,120.81,55.97
2026-08-18T02:43:01,122.4,57.53
2026-08-18T02:43:02,123.04,58.17
2026-08-18T02:43:03,123.66,58.78
2026-08-18T02:43:04,124.52,59.62
2026-08-18T02:43:05,123.92,59.03
2026-08-18T02:43:06,120.98,56.14
2026-08-18T02:43:07,118.39,53.58
2026-08-18T02:43:08,117.05,52.26
2026-08-18T02:43:09,115.64,50.87
2026-08-18T02:43:10,114.46,49.71
2026-08-18T02:43:11,113.65,48.91
2026-08-18T02:43:12,112.56,47.84
2026-08-18T02:43:13,112.49,47.77
2026-08-18T02:43:14,111.96,47.24
2026-08-18T02:43:15,111.77,47.06
2026-08-18T02:43:16,111.68,46.97
2026-08-18T02:43:17,111.47,46.77
2026-08-18T02:43:18,110.96,46.26
2026-08-18T02:43:19,111.3,46.59
2026-08-18T02:43:20,111.18,46.48
2026-08-18T02:43:21,111.11,46.41
2026-08-18T02:43:22,111.0,46.3
2026-08-18T02:43:23,111.08,46.38
2026-08-18T02:43:24,110.89,46.19
2026-08-18T02:43:25,111.08,46.38
2026-08-18T02:43:26,111.41,46.71
2026-08-18T02:43:27,111.15,46.45
2026-08-18T02:43:28,111.5,46.8
2026-08-18T02:43:29,111.16,46.45
2026-08-18T02:43:30,110.74,46.04
2026-08-18T02:43:31,110.65,45.95
2026-08-18T02:43:32,110.87,46.17
2026-08-18T02:43:33,111.21,46.5
2026-08-18T02:43:34,111.26,46.56
2026-08-18T02:43:35,111.08,46.38
2026-08-18T02:43:36,111.28,46.58
2026-08-18T02:43:37,111.2,46.5
2026-08-18T02:43:38,110.86,46.16
2026-08-18T02:43:39,110.99,46.28
2026-08-18T02:43:40,110.84,46.14
2026-08-18T02:43:41,111.03,46.33
2026-08-18T02:43:42,111.09,46.39
2026-08-18T02:43:43,110.91,46.22
2026-08-18T02:43:44,110.85,46.15
2026-08-18T02:43:45,110.99,46.29
2026-08-18T02:43:46,110.96,46.26
2026-08-18T02:43:47,111.01,46.31
2026-08-18T02:43:48,111.09,46.39
2026-08-18T02:43:49,110.72,46.02
2026-08-18T02:43:50,110.73,46.03
2026-08-18T02:43:51,111.06,46.36
2026-08-18T02:43:52,110.54,45.85
2026-08-18T02:43:53,110.98,46.27
2026-08-18T02:43:54,111.32,46.61
2026-08-18T02:43:55,110.83,46.13
2026-08-18T02:43:56,111.42,46.71
2026-08-18T02:43:57,111.39,46.69
2026-08-18T02:43:58,111.57,46.86
2026-08-18T02:43:59,112.01,47.29
2026-08-18T02:44:00,112.16,47.45
2026-08-18T02:44:01,111.3,46.59
2026-08-18T02:44:02,112.3,47.58
2026-08-18T02:44:03,112.89,48.16
2026-08-18T02:44:04,112.79,48.06
2026-08-18T02:44:05,112.66,47.93
2026-08-18T02:44:06,111.94,47.23
2026-08-18T02:44:07,110.95,46.25
2026-08-18T02:44:08,111.43,46.72
2026-08-18T02:44:09,110.69,45.99
2026-08-18T02:44:10,111.14,46.44
2026-08-18T02:44:11,110.93,46.23
2026-08-18T02:44:12,111.31,46.61
2026-08-18T02:44:13,110.94,46.24
2026-08-18T02:44:14,111.26,46.56
2026-08-18T02:44:15,110.72,46.02
2026-08-18T02:44:16,110.86,46.16
2026-08-18T02:44:17,111.11,46.41
2026-08-18T02:44:18,111.16,46.46
2026-08-18T02:44:19,111.13,46.43
2026-08-18T02:44:20,111.22,46.52
2026-08-18T02:44:21,110.98,46.28
2026-08-18T02:44:22,111.02,46.32
2026-08-18T02:44:23,111.34,46.63
2026-08-18T02:44:24,111.38,46.67
2026-08-18T02:44:25,111.38,46.67
2026-08-18T02:44:26,111.48,46.77
2026-08-18T02:44:27,111.0,46.3
2026-08-18T02:44:28,111.02,46.32
2026-08-18T02:44:29,110.41,45.72
2026-08-18T02:44:30,111.12,46.42
2026-08-18T02:44:31,110.65,45.95
2026-08-18T02:44:32,110.23,45.54
2026-08-18T02:44:33,110.2,45.51
2026-08-18T02:44:34,110.46,45.76
2026-08-18T02:44:35,110.35,45.66
2026-08-18T02:44:36,110.67,45.98
2026-08-18T02:44:37,110.37,45.68
2026-08-18T02:44:38,110.48,45.78
2026-08-18T02:44:39,110.6,45.91
2026-08-18T02:44:40,110.37,45.68
2026-08-18T02:44:41,110.75,46.05
2026-08-18T02:44:42,110.83,46.13
2026-08-18T02:44:43,111.38,46.67
2026-08-18T02:44:44,111.42,46.71
2026-08-18T02:44:45,110.97,46.27
2026-08-18T02:44:46,111.66,46.95
2026-08-18T02:44:47,111.72,47.01
2026-08-18T02:44:48,111.49,46.78
2026-08-18T02:44:49,111.38,46.67
2026-08-18T02:44:50,111.73,47.02
2026-08-18T02:44:51,111.29,46.58
2026-08-18T02:44:52,111.11,46.4
2026-08-18T02:44:53,110.94,46.24
2026-08-18T02:44:54,111.81,47.1
2026-08-18T02:44:55,111.15,46.45
2026-08-18T02:44:56,110.74,46.04
2026-08-18T02:44:57,111.22,46.51
2026-08-18T02:44:58,111.05,46.34
2026-08-18T02:44:59,111.11,46.41
2026-08-18T02:45:00,110.61,45.91
2026-08-18T02:45:01,110.68,45.98
2026-08-18T02:45:02,110.67,45.97
2026-08-18T02:45:03,111.01,46.31
2026-08-18T02:45:04,110.74,46.05
2026-08-18T02:45:05,110.47,45.78
2026-08-18T02:45:06,110.59,45.89
2026-08-18T02:45:07,110.38,45.69
2026-08-18T02:45:08,110.22,45.53
2026-08-18T02:45:09,110.3,45.61
2026-08-18T02:45:10,110.8,46.11
2026-08-18T02:45:11,110.48,45.78
2026-08-18T02:45:12,110.96,46.26
2026-08-18T02:45:13,110.26,45.57
2026-08-18T02:45:14,110.31,45.62
2026-08-18T02:45:15,110.48,45.78
2026-08-18T02:45:16,110.52,45.83
2026-08-18T02:45:17,111.05,46.35
2026-08-18T02:45:18,110.73,46.03
2026-08-18T02:45:19,110.63,45.94
2026-08-18T02:45:20,110.74,46.04
2026-08-18T02:45:21,110.52,45.83
2026-08-18T02:45:22,111.08,46.37
2026-08-18T02:45:23,110.78,46.08
2026-08-18T02:45:24,110.64,45.94
2026-08-18T02:45:25,110.76,46.06
2026-08-18T02:45:26,110.98,46.28
2026-08-18T02:45:27,110.79,46.1
2026-08-18T02:45:28,110.93,46.23
2026-08-18T02:45:29,110.62,45.93
2026-08-18T02:45:30,110.94,46.24
2026-08-18T02:45:31,110.38,45.69
2026-08-18T02:45:32,110.3,45.61
2026-08-18T02:45:33,110.69,45.99
2026-08-18T02:45:34,110.78,46.08
2026-08-18T02:45:35,110.95,46.25
2026-08-18T02:45:36,110.7,46.0
2026-08-18T02:45:37,110.65,45.96
2026-08-18T02:45:38,110.72,46.03
2026-08-18T02:45:39,111.03,46.33
2026-08-18T02:45:40,110.89,46.19
2026-08-18T02:45:41,111.3,46.6
2026-08-18T02:45:42,111.08,46.37
2026-08-18T02:45:43,111.43,46.72
2026-08-18T02:45:44,112.13,47.41
2026-08-18T02:45:45,111.97,47.25
2026-08-18T02:45:46,111.78,47.07
2026-08-18T02:45:47,111.67,46.96
2026-08-18T02:45:48,111.67,46.96
2026-08-18T02:45:49,111.66,46.95
2026-08-18T02:45:50,112.11,47.39
2026-08-18T02:45:51,112.19,47.47
2026-08-18T02:45:52,112.37,47.65
2026-08-18T02:45:53,112.43,47.71
2026-08-18T02:45:54,112.48,47.76
2026-08-18T02:45:55,112.29,47.57
2026-08-18T02:45:56,112.49,47.77
2026-08-18T02:45:57,112.67,47.94
2026-08-18T02:45:58,114.65,49.89
2026-08-18T02:45:59,113.51,48.77
2026-08-18T02:46:00,113.49,48.75
2026-08-18T02:46:01,113.77,49.03
2026-08-18T02:46:02,111.25,46.55
2026-08-18T02:46:03,111.55,46.84
2026-08-18T02:46:04,111.26,46.56
2026-08-18T02:46:05,111.02,46.32
2026-08-18T02:46:06,111.07,46.36
2026-08-18T02:46:07,110.72,46.02
2026-08-18T02:46:08,110.9,46.2
2026-08-18T02:46:09,110.64,45.94
2026-08-18T02:46:10,110.98,46.28
2026-08-18T02:46:11,111.39,46.68
2026-08-18T02:46:12,111.05,46.35
2026-08-18T02:46:13,111.15,46.44
2026-08-18T02:46:14,111.24,46.54
2026-08-18T02:46:15,111.56,46.85
2026-08-18T02:46:16,111.53,46.82
2026-08-18T02:46:17,111.2,46.5
2026-08-18T02:46:18,111.21,46.51
2026-08-18T02:46:19,111.48,46.77
2026-08-18T02:46:20,111.53,46.82
2026-08-18T02:46:21,111.48,46.77
2026-08-18T02:46:22,111.61,46.9
2026-08-18T02:46:23,111.52,46.81
2026-08-18T02:46:24,111.47,46.76
2026-08-18T02:46:25,111.75,47.04
2026-08-18T02:46:26,112.15,47.43
2026-08-18T02:46:27,112.11,47.4
2026-08-18T02:46:28,111.98,47.27
2026-08-18T02:46:29,111.71,47.0
2026-08-18T02:46:30,112.28,47.56
2026-08-18T02:46:31,112.27,47.55
2026-08-18T02:46:32,112.3,47.58
2026-08-18T02:46:33,111.77,47.05
2026-08-18T02:46:34,112.19,47.48
2026-08-18T02:46:35,111.94,47.23
2026-08-18T02:46:36,112.56,47.84
2026-08-18T02:46:37,112.59,47.87
2026-08-18T02:46:38,112.86,48.13
2026-08-18T02:46:39,113.0,48.27
2026-08-18T02:46:40,112.87,48.14
2026-08-18T02:46:41,112.56,47.83
2026-08-18T02:46:42,112.3,47.58
2026-08-18T02:46:43,111.87,47.16
2026-08-18T02:46:44,113.68,48.94
2026-08-18T02:46:45,112.92,48.19
2026-08-18T02:46:46,112.89,48.16
2026-08-18T02:46:47,112.12,47.41
2026-08-18T02:46:48,111.6,46.89
2026-08-18T02:46:49,111.43,46.73
2026-08-18T02:46:50,111.58,46.87
2026-08-18T02:46:51,111.4,46.69
2026-08-18T02:46:52,111.9,47.19
2026-08-18T02:46:53,112.87,48.14
2026-08-18T02:46:54,112.33,47.61
2026-08-18T02:46:55,113.21,48.47
2026-08-18T02:46:56,111.83,47.12
2026-08-18T02:46:57,111.73,47.02
2026-08-18T02:46:58,112.26,47.54
2026-08-18T02:46:59,112.79,48.06
2026-08-18T02:47:00,111.37,46.66
2026-08-18T02:47:01,111.3,46.6
2026-08-18T02:47:02,110.77,46.07
2026-08-18T02:47:03,110.86,46.16
2026-08-18T02:47:04,111.22,46.52
2026-08-18T02:47:05,111.66,46.95
2026-08-18T02:47:06,111.53,46.83
2026-08-18T02:47:07,111.46,46.75
2026-08-18T02:47:08,111.3,46.6
2026-08-18T02:47:09,111.48,46.77
2026-08-18T02:47:10,111.35,46.64
2026-08-18T02:47:11,111.2,46.5
2026-08-18T02:47:12,111.28,46.58
2026-08-18T02:47:13,110.97,46.27
2026-08-18T02:47:14,111.2,46.5
2026-08-18T02:47:15,111.51,46.8
2026-08-18T02:47:16,111.47,46.76
2026-08-18T02:47:17,111.68,46.97
2026-08-18T02:47:18,111.7,46.98
2026-08-18T02:47:19,111.31,46.6
2026-08-18T02:47:20,111.11,46.41
2026-08-18T02:47:21,110.82,46.12
2026-08-18T02:47:22,111.05,46.35
2026-08-18T02:47:23,112.12,47.4
2026-08-18T02:47:24,111.69,46.98
2026-08-18T02:47:25,111.72,47.0
2026-08-18T02:47:26,111.77,47.06
2026-08-18T02:47:27,111.79,47.08
2026-08-18T02:47:28,111.77,47.06
2026-08-18T02:47:29,111.46,46.76
2026-08-18T02:47:30,111.45,46.74
2026-08-18T02:47:31,111.71,47.0
2026-08-18T02:47:32,112.54,47.82
2026-08-18T02:47:33,112.55,47.83
2026-08-18T02:47:34,113.06,48.33
2026-08-18T02:47:35,114.16,49.41
2026-08-18T02:47:36,115.07,50.31
2026-08-18T02:47:37,117.41,52.62
2026-08-18T02:47:38,119.84,55.01
2026-08-18T02:47:39,120.59,55.75
2026-08-18T02:47:40,122.19,57.33
2026-08-18T02:47:41,123.85,58.97
2026-08-18T02:47:42,124.38,59.49
2026-08-18T02:47:43,123.42,58.55
2026-08-18T02:47:44,121.76,56.91
2026-08-18T02:47:45,120.31,55.47
2026-08-18T02:47:46,118.0,53.2
2026-08-18T02:47:47,116.76,51.97
2026-08-18T02:47:48,115.91,51.13
2026-08-18T02:47:49,114.37,49.62
2026-08-18T02:47:50,113.97,49.23
2026-08-18T02:47:51,113.38,48.65
2026-08-18T02:47:52,112.96,48.23
2026-08-18T02:47:53,113.63,48.89
2026-08-18T02:47:54,112.01,47.29
2026-08-18T02:47:55,111.14,46.44
2026-08-18T02:47:56,111.3,46.6
2026-08-18T02:47:57,111.61,46.9
2026-08-18T02:47:58,111.83,47.12
2026-08-18T02:47:59,111.8,47.09
2026-08-18T02:48:00,111.43,46.72
2026-08-18T02:48:01,111.67,46.96
2026-08-18T02:48:02,111.55,46.84
2026-08-18T02:48:03,111.86,47.15
2026-08-18T02:48:04,111.27,46.56
2026-08-18T02:48:05,110.84,46.14
2026-08-18T02:48:06,110.64,45.94
2026-08-18T02:48:07,111.14,46.44
2026-08-18T02:48:08,111.16,46.45
2026-08-18T02:48:09,110.75,46.05
2026-08-18T02:48:10,110.6,45.9
2026-08-18T02:48:11,110.52,45.83
2026-08-18T02:48:12,110.32,45.63
2026-08-18T02:48:13,110.34,45.65
2026-08-18T02:48:14,110.56,45.87
2026-08-18T02:48:15,110.61,45.91
2026-08-18T02:48:16,110.69,45.99
2026-08-18T02:48:17,110.27,45.58
2026-08-18T02:48:18,110.61,45.91
2026-08-18T02:48:19,110.71,46.01
2026-08-18T02:48:20,110.62,45.93
2026-08-18T02:48:21,110.64,45.94
2026-08-18T02:48:22,111.27,46.57
2026-08-18T02:48:23,111.2,46.49
2026-08-18T02:48:24,111.0,46.3
2026-08-18T02:48:25,110.72,46.03
2026-08-18T02:48:26,110.21,45.52
2026-08-18T02:48:27,109.84,45.16
2026-08-18T02:48:28,110.24,45.55
2026-08-18T02:48:29,110.66,45.96
2026-08-18T02:48:30,110.5,45.81
2026-08-18T02:48:31,110.62,45.92
2026-08-18T02:48:32,110.54,45.85
2026-08-18T02:48:33,110.3,45.61
2026-08-18T02:48:34,110.36,45.67
2026-08-18T02:48:35,110.34,45.64
2026-08-18T02:48:36,110.05,45.36
2026-08-18T02:48:37,110.14,45.45
2026-08-18T02:48:38,109.98,45.3
2026-08-18T02:48:39,110.43,45.73
2026-08-18T02:48:40,110.12,45.44
2026-08-18T02:48:41,110.27,45.58
2026-08-18T02:48:42,110.42,45.73
2026-08-18T02:48:43,110.73,46.03
2026-08-18T02:48:44,110.46,45.77
2026-08-18T02:48:45,110.25,45.56
2026-08-18T02:48:46,110.06,45.37
2026-08-18T02:48:47,110.31,45.62
2026-08-18T02:48:48,110.2,45.51
2026-08-18T02:48:49,110.25,45.56
2026-08-18T02:48:50,110.3,45.61
2026-08-18T02:48:51,110.3,45.61
2026-08-18T02:48:52,110.44,45.75
2026-08-18T02:48:53,110.46,45.77
2026-08-18T02:48:54,110.55,45.85
2026-08-18T02:48:55,110.87,46.17
2026-08-18T02:48:56,110.57,45.88
2026-08-18T02:48:57,110.43,45.73
2026-08-18T02:48:58,110.68,45.99
2026-08-18T02:48:59,110.76,46.07
2026-08-18T02:49:00,110.49,45.79
2026-08-18T02:49:01,110.47,45.77
2026-08-18T02:49:02,110.64,45.94
2026-08-18T02:49:03,110.32,45.63
2026-08-18T02:49:04,110.32,45.62
2026-08-18T02:49:05,109.97,45.28
2026-08-18T02:49:06,110.31,45.62
2026-08-18T02:49:07,110.35,45.66
2026-08-18T02:49:08,110.46,45.76
2026-08-18T02:49:09,110.41,45.72
2026-08-18T02:49:10,110.68,45.99
2026-08-18T02:49:11,111.37,46.67
2026-08-18T02:49:12,110.89,46.19
2026-08-18T02:49:13,110.81,46.12
2026-08-18T02:49:14,110.98,46.27
2026-08-18T02:49:15,110.87,46.18
2026-08-18T02:49:16,110.65,45.95
2026-08-18T02:49:17,110.99,46.29
2026-08-18T02:49:18,111.2,46.5
2026-08-18T02:49:19,111.47,46.76
2026-08-18T02:49:20,110.71,46.01
2026-08-18T02:49:21,110.99,46.29
2026-08-18T02:49:22,111.1,46.39
2026-08-18T02:49:23,111.27,46.57
2026-08-18T02:49:24,110.83,46.14
2026-08-18T02:49:25,110.84,46.14
2026-08-18T02:49:26,110.78,46.08
2026-08-18T02:49:27,110.74,46.04
2026-08-18T02:49:28,110.21,45.52
2026-08-18T02:49:29,110.14,45.45
2026-08-18T02:49:30,110.23,45.54
2026-08-18T02:49:31,110.58,45.89
2026-08-18T02:49:32,110.23,45.54
2026-08-18T02:49:33,110.07,45.39
2026-08-18T02:49:34,110.38,45.69
2026-08-18T02:49:35,110.26,45.57
2026-08-18T02:49:36,110.59,45.89
2026-08-18T02:49:37,110.19,45.5
2026-08-18T02:49:38,110.13,45.45
2026-08-18T02:49:39,110.65,45.96
2026-08-18T02:49:40,110.24,45.55
2026-08-18T02:49:41,110.76,46.07
2026-08-18T02:49:42,110.87,46.17
2026-08-18T02:49:43,110.92,46.22
2026-08-18T02:49:44,111.02,46.31
2026-08-18T02:49:45,111.35,46.64
2026-08-18T02:49:46,111.25,46.55
2026-08-18T02:49:47,111.84,47.12
2026-08-18T02:49:48,111.41,46.71
2026-08-18T02:49:49,111.04,46.34
2026-08-18T02:49:50,111.05,46.34
2026-08-18T02:49:51,110.94,46.24
2026-08-18T02:49:52,110.78,46.09
2026-08-18T02:49:53,110.8,46.1
2026-08-18T02:49:54,111.54,46.84
2026-08-18T02:49:55,111.68,46.97
2026-08-18T02:49:56,111.68,46.97
2026-08-18T02:49:57,111.62,46.91
2026-08-18T02:49:58,110.95,46.25
2026-08-18T02:49:59,111.16,46.46
2026-08-18T02:50:00,111.51,46.8
2026-08-18T02:50:01,111.63,46.92
2026-08-18T02:50:02,111.43,46.73
2026-08-18T02:50:03,111.36,46.65
2026-08-18T02:50:04,111.56,46.85
2026-08-18T02:50:05,110.96,46.26
2026-08-18T02:50:06,111.12,46.42
2026-08-18T02:50:07,111.34,46.64
2026-08-18T02:50:08,111.31,46.61
2026-08-18T02:50:09,111.44,46.73
2026-08-18T02:50:10,111.56,46.85
2026-08-18T02:50:11,111.89,47.18
2026-08-18T02:50:12,111.58,46.87
2026-08-18T02:50:13,111.86,47.14
2026-08-18T02:50:14,111.37,46.66
2026-08-18T02:50:15,111.74,47.03
2026-08-18T02:50:16,111.59,46.88
2026-08-18T02:50:17,111.74,47.03
2026-08-18T02:50:18,111.48,46.77
2026-08-18T02:50:19,111.02,46.32
2026-08-18T02:50:20,111.09,46.38
2026-08-18T02:50:21,111.18,46.48
2026-08-18T02:50:22,111.29,46.58
2026-08-18T02:50:23,111.4,46.69
2026-08-18T02:50:24,111.06,46.36
2026-08-18T02:50:25,110.84,46.14
2026-08-18T02:50:26,110.79,46.09
2026-08-18T02:50:27,111.05,46.35
2026-08-18T02:50:28,110.81,46.12
2026-08-18T02:50:29,110.51,45.82
2026-08-18T02:50:30,110.83,46.13
2026-08-18T02:50:31,110.7,46.0
2026-08-18T02:50:32,110.82,46.12
2026-08-18T02:50:33,110.75,46.05
2026-08-18T02:50:34,110.73,46.03
2026-08-18T02:50:35,110.4,45.7
2026-08-18T02:50:36,110.64,45.95
2026-08-18T02:50:37,111.25,46.55
2026-08-18T02:50:38,110.9,46.2
2026-08-18T02:50:39,110.6,45.9
2026-08-18T02:50:40,110.89,46.19
2026-08-18T02:50:41,110.94,46.24
2026-08-18T02:50:42,110.84,46.14
2026-08-18T02:50:43,111.33,46.63
2026-08-18T02:50:44,111.25,46.55
2026-08-18T02:50:45,111.0,46.3
2026-08-18T02:50:46,110.95,46.25
2026-08-18T02:50:47,110.84,46.14
2026-08-18T02:50:48,111.1,46.4
2026-08-18T02:50:49,110.58,45.89
2026-08-18T02:50:50,111.14,46.43
2026-08-18T02:50:51,111.24,46.53
2026-08-18T02:50:52,111.08,46.38
2026-08-18T02:50:53,110.56,45.86
2026-08-18T02:50:54,110.8,46.1
2026-08-18T02:50:55,110.84,46.14
2026-08-18T02:50:56,110.51,45.82
2026-08-18T02:50:57,110.45,45.76
2026-08-18T02:50:58,110.01,45.32
2026-08-18T02:50:59,110.46,45.77
2026-08-18T02:51:00,112.11,47.4
2026-08-18T02:51:01,115.21,50.45
2026-08-18T02:51:02,116.47,51.69
2026-08-18T02:51:03,115.84,51.07
2026-08-18T02:51:04,112.4,47.68
2026-08-18T02:51:05,110.44,45.74
2026-08-18T02:51:06,110.38,45.69
2026-08-18T02:51:07,110.68,45.99
2026-08-18T02:51:08,110.42,45.73
2026-08-18T02:51:09,110.34,45.65
2026-08-18T02:51:10,110.17,45.48
2026-08-18T02:51:11,110.15,45.46
2026-08-18T02:51:12,110.52,45.83
2026-08-18T02:51:13,110.29,45.6
2026-08-18T02:51:14,110.24,45.55
2026-08-18T02:51:15,110.1,45.41
2026-08-18T02:51:16,110.15,45.46
2026-08-18T02:51:17,110.01,45.33
2026-08-18T02:51:18,110.25,45.56
2026-08-18T02:51:19,110.32,45.63
2026-08-18T02:51:20,110.15,45.46
2026-08-18T02:51:21,110.79,46.09
2026-08-18T02:51:22,110.8,46.1
2026-08-18T02:51:23,110.6,45.91
2026-08-18T02:51:24,110.91,46.21
2026-08-18T02:51:25,110.73,46.04
2026-08-18T02:51:26,110.44,45.75
2026-08-18T02:51:27,110.76,46.06
2026-08-18T02:51:28,110.81,46.11
2026-08-18T02:51:29,110.3,45.61
2026-08-18T02:51:30,110.62,45.92
2026-08-18T02:51:31,110.53,45.83
2026-08-18T02:51:32,110.83,46.13
2026-08-18T02:51:33,111.62,46.91
2026-08-18T02:51:34,111.14,46.44
2026-08-18T02:51:35,110.36,45.67
2026-08-18T02:51:36,110.37,45.68
2026-08-18T02:51:37,110.65,45.95
2026-08-18T02:51:38,110.55,45.85
2026-08-18T02:51:39,110.48,45.78
2026-08-18T02:51:40,110.61,45.91
2026-08-18T02:51:41,110.44,45.74
2026-08-18T02:51:42,110.56,45.87
2026-08-18T02:51:43,110.63,45.93
2026-08-18T02:51:44,110.64,45.94
2026-08-18T02:51:45,110.29,45.6
2026-08-18T02:51:46,110.31,45.62
2026-08-18T02:51:47,110.12,45.43
2026-08-18T02:51:48,110.81,46.11
2026-08-18T02:51:49,110.4,45.7
2026-08-18T02:51:50,110.47,45.77
2026-08-18T02:51:51,110.03,45.34
2026-08-18T02:51:52,110.32,45.63
2026-08-18T02:51:53,110.67,45.97
2026-08-18T02:51:54,110.54,45.84
2026-08-18T02:51:55,110.3,45.61
2026-08-18T02:51:56,110.34,45.64
2026-08-18T02:51:57,110.35,45.66
2026-08-18T02:51:58,110.78,46.08
2026-08-18T02:51:59,110.89,46.19
2026-08-18T02:52:00,110.67,45.97
2026-08-18T02:52:01,110.23,45.54
2026-08-18T02:52:02,110.76,46.06
2026-08-18T02:52:03,110.48,45.79
2026-08-18T02:52:04,110.18,45.49
2026-08-18T02:52:05,110.51,45.82
2026-08-18T02:52:06,110.48,45.78
2026-08-18T02:52:07,110.57,45.87
2026-08-18T02:52:08,110.94,46.24
2026-08-18T02:52:09,110.66,45.96
2026-08-18T02:52:10,110.62,45.93
2026-08-18T02:52:11,110.94,46.24
2026-08-18T02:52:12,110.56,45.87
2026-08-18T02:52:13,110.98,46.28
2026-08-18T02:52:14,110.39,45.7
2026-08-18T02:52:15,110.67,45.97
2026-08-18T02:52:16,110.61,45.91
2026-08-18T02:52:17,110.31,45.62
2026-08-18T02:52:18,110.91,46.21
2026-08-18T02:52:19,110.17,45.48
2026-08-18T02:52:20,109.9,45.22
2026-08-18T02:52:21,110.05,45.37
2026-08-18T02:52:22,110.51,45.82
2026-08-18T02:52:23,110.58,45.89
2026-08-18T02:52:24,110.14,45.45
2026-08-18T02:52:25,110.16,45.47
2026-08-18T02:52:26,109.9,45.21
2026-08-18T02:52:27,110.08,45.39
2026-08-18T02:52:28,110.16,45.47
2026-08-18T02:52:29,110.26,45.57
2026-08-18T02:52:30,109.98,45.3
2026-08-18T02:52:31,110.07,45.39
2026-08-18T02:52:32,110.14,45.45
2026-08-18T02:52:33,110.34,45.65
2026-08-18T02:52:34,109.77,45.09
2026-08-18T02:52:35,110.08,45.39
2026-08-18T02:52:36,109.93,45.25
2026-08-18T02:52:37,110.15,45.46
2026-08-18T02:52:38,110.22,45.53
2026-08-18T02:52:39,110.17,45.48
2026-08-18T02:52:40,109.96,45.27
2026-08-18T02:52:41,110.18,45.49
2026-08-18T02:52:42,110.18,45.49
2026-08-18T02:52:43,110.07,45.38
2026-08-18T02:52:44,109.85,45.17
2026-08-18T02:52:45,110.47,45.78
2026-08-18T02:52:46,110.98,46.28
2026-08-18T02:52:47,110.88,46.18
2026-08-18T02:52:48,111.45,46.74
2026-08-18T02:52:49,110.82,46.12
2026-08-18T02:52:50,110.63,45.93
2026-08-18T02:52:51,110.69,46.0
2026-08-18T02:52:52,111.25,46.54
2026-08-18T02:52:53,111.0,46.3
2026-08-18T02:52:54,110.75,46.05
2026-08-18T02:52:55,111.27,46.57
2026-08-18T02:52:56,111.21,46.5
2026-08-18T02:52:57,110.81,46.11
2026-08-18T02:52:58,110.29,45.6
2026-08-18T02:52:59,110.54,45.84
2026-08-18T02:53:00,110.42,45.73
2026-08-18T02:53:01,110.77,46.07
2026-08-18T02:53:02,111.06,46.36
2026-08-18T02:53:03,110.54,45.84
2026-08-18T02:53:04,110.47,45.78
2026-08-18T02:53:05,110.58,45.89
2026-08-18T02:53:06,110.64,45.94
2026-08-18T02:53:07,110.37,45.68
2026-08-18T02:53:08,110.66,45.97
2026-08-18T02:53:09,110.54,45.84
2026-08-18T02:53:10,110.6,45.9
2026-08-18T02:53:11,111.13,46.43
2026-08-18T02:53:12,111.14,46.44
2026-08-18T02:53:13,110.79,46.1
2026-08-18T02:53:14,110.59,45.89
2026-08-18T02:53:15,110.35,45.66
2026-08-18T02:53:16,110.43,45.73
2026-08-18T02:53:17,110.63,45.93
2026-08-18T02:53:18,110.92,46.22
2026-08-18T02:53:19,110.63,45.93
2026-08-18T02:53:20,111.12,46.41
2026-08-18T02:53:21,110.5,45.8
2026-08-18T02:53:22,110.69,46.0
2026-08-18T02:53:23,110.54,45.85
2026-08-18T02:53:24,110.73,46.03
2026-08-18T02:53:25,110.62,45.92
2026-08-18T02:53:26,110.29,45.6
2026-08-18T02:53:27,110.62,45.92
2026-08-18T02:53:28,110.88,46.18
2026-08-18T02:53:29,110.91,46.21
2026-08-18T02:53:30,110.96,46.26
2026-08-18T02:53:31,110.93,46.23
2026-08-18T02:53:32,110.64,45.94
2026-08-18T02:53:33,110.59,45.9
2026-08-18T02:53:34,110.88,46.18
2026-08-18T02:53:35,110.24,45.55
2026-08-18T02:53:36,110.33,45.64
2026-08-18T02:53:37,110.55,45.85
2026-08-18T02:53:38,110.31,45.62
2026-08-18T02:53:39,110.1,45.41
2026-08-18T02:53:40,110.79,46.09
2026-08-18T02:53:41,110.38,45.69
2026-08-18T02:53:42,110.7,46.01
2026-08-18T02:53:43,110.59,45.89
2026-08-18T02:53:44,110.78,46.08
2026-08-18T02:53:45,110.8,46.1
2026-08-18T02:53:46,111.58,46.87
2026-08-18T02:53:47,110.77,46.08
2026-08-18T02:53:48,111.1,46.4
2026-08-18T02:53:49,111.09,46.39
2026-08-18T02:53:50,110.3,45.61
2026-08-18T02:53:51,110.22,45.53
2026-08-18T02:53:52,110.35,45.66
2026-08-18T02:53:53,110.81,46.11
2026-08-18T02:53:54,111.27,46.57
2026-08-18T02:53:55,110.3,45.61
2026-08-18T02:53:56,110.13,45.44
2026-08-18T02:53:57,110.09,45.41
2026-08-18T02:53:58,110.4,45.71
2026-08-18T02:53:59,110.24,45.55
2026-08-18T02:54:00,110.17,45.48
2026-08-18T02:54:01,110.43,45.73
2026-08-18T02:54:02,110.11,45.43
2026-08-18T02:54:03,109.86,45.17
2026-08-18T02:54:04,110.23,45.54
2026-08-18T02:54:05,109.67,44.99
2026-08-18T02:54:06,110.15,45.46
2026-08-18T02:54:07,110.04,45.35
2026-08-18T02:54:08,110.18,45.49
2026-08-18T02:54:09,110.23,45.54
2026-08-18T02:54:10,110.38,45.68
2026-08-18T02:54:11,109.85,45.17
2026-08-18T02:54:12,110.25,45.56
2026-08-18T02:54:13,110.38,45.69
2026-08-18T02:54:14,110.71,46.01
2026-08-18T02:54:15,110.15,45.46
2026-08-18T02:54:16,110.22,45.53
2026-08-18T02:54:17,110.36,45.67
2026-08-18T02:54:18,111.21,46.51
2026-08-18T02:54:19,110.41,45.71
2026-08-18T02:54:20,110.22,45.53
2026-08-18T02:54:21,110.46,45.76
2026-08-18T02:54:22,110.78,46.08
2026-08-18T02:54:23,110.28,45.58
2026-08-18T02:54:24,110.53,45.84
2026-08-18T02:54:25,110.4,45.71
2026-08-18T02:54:26,110.21,45.52
2026-08-18T02:54:27,110.57,45.87
2026-08-18T02:54:28,110.6,45.91
2026-08-18T02:54:29,110.97,46.27
2026-08-18T02:54:30,110.85,46.15
2026-08-18T02:54:31,110.66,45.96
2026-08-18T02:54:32,110.46,45.77
2026-08-18T02:54:33,110.36,45.66
2026-08-18T02:54:34,110.67,45.98
2026-08-18T02:54:35,110.63,45.94
2026-08-18T02:54:36,110.3,45.61
2026-08-18T02:54:37,110.23,45.54
2026-08-18T02:54:38,110.36,45.67
2026-08-18T02:54:39,110.6,45.91
2026-08-18T02:54:40,110.59,45.9
2026-08-18T02:54:41,110.55,45.86
2026-08-18T02:54:42,110.6,45.9
2026-08-18T02:54:43,110.9,46.2
2026-08-18T02:54:44,110.46,45.76
2026-08-18T02:54:45,110.95,46.25
2026-08-18T02:54:46,111.0,46.29
2026-08-18T02:54:47,111.36,46.65
2026-08-18T02:54:48,110.62,45.93
2026-08-18T02:54:49,111.04,46.34
2026-08-18T02:54:50,110.61,45.91
2026-08-18T02:54:51,110.64,45.94
2026-08-18T02:54:52,110.5,45.81
2026-08-18T02:54:53,110.29,45.6
2026-08-18T02:54:54,110.31,45.62
2026-08-18T02:54:55,110.68,45.99
2026-08-18T02:54:56,110.55,45.86
2026-08-18T02:54:57,110.37,45.68
2026-08-18T02:54:58,110.67,45.98
2026-08-18T02:54:59,110.32,45.63
2026-08-18T02:55:00,110.1,45.41
2026-08-18T02:55:01,110.32,45.63
2026-08-18T02:55:02,110.62,45.92
2026-08-18T02:55:03,110.15,45.47
2026-08-18T02:55:04,110.18,45.49
2026-08-18T02:55:05,110.56,45.87
2026-08-18T02:55:06,110.24,45.55
2026-08-18T02:55:07,110.23,45.54
2026-08-18T02:55:08,110.54,45.84
2026-08-18T02:55:09,110.68,45.99
2026-08-18T02:55:10,110.8,46.1
2026-08-18T02:55:11,110.64,45.95
2026-08-18T02:55:12,110.38,45.69
2026-08-18T02:55:13,110.78,46.08
2026-08-18T02:55:14,110.54,45.84
2026-08-18T02:55:15,110.54,45.85
2026-08-18T02:55:16,110.43,45.74
2026-08-18T02:55:17,111.81,47.1
2026-08-18T02:55:18,111.47,46.76
2026-08-18T02:55:19,111.39,46.68
2026-08-18T02:55:20,111.18,46.48
2026-08-18T02:55:21,111.45,46.74
2026-08-18T02:55:22,111.2,46.49
2026-08-18T02:55:23,111.42,46.71
2026-08-18T02:55:24,111.08,46.38
2026-08-18T02:55:25,110.85,46.15
2026-08-18T02:55:26,111.04,46.34
2026-08-18T02:55:27,112.26,47.54
2026-08-18T02:55:28,112.81,48.08
2026-08-18T02:55:29,114.12,49.37
2026-08-18T02:55:30,116.0,51.23
2026-08-18T02:55:31,116.07,51.29
2026-08-18T02:55:32,116.72,51.93
2026-08-18T02:55:33,114.62,49.87
2026-08-18T02:55:34,117.46,52.67
2026-08-18T02:55:35,117.25,52.46
2026-08-18T02:55:36,115.27,50.51
2026-08-18T02:55:37,113.88,49.14
2026-08-18T02:55:38,112.23,47.51
2026-08-18T02:55:39,111.45,46.75
2026-08-18T02:55:40,112.1,47.38
2026-08-18T02:55:41,111.95,47.24
2026-08-18T02:55:42,112.18,47.46
2026-08-18T02:55:43,112.03,47.31
2026-08-18T02:55:44,111.81,47.1
2026-08-18T02:55:45,111.92,47.21
2026-08-18T02:55:46,112.01,47.29
2026-08-18T02:55:47,111.35,46.65
2026-08-18T02:55:48,111.76,47.04
2026-08-18T02:55:49,112.04,47.32
2026-08-18T02:55:50,112.29,47.57
2026-08-18T02:55:51,112.37,47.65
2026-08-18T02:55:52,112.66,47.94
2026-08-18T02:55:53,112.6,47.88
2026-08-18T02:55:54,112.3,47.58
2026-08-18T02:55:55,112.27,47.55
2026-08-18T02:55:56,111.95,47.24
2026-08-18T02:55:57,111.39,46.69
2026-08-18T02:55:58,111.1,46.4
2026-08-18T02:55:59,111.0,46.3
2026-08-18T02:56:00,111.24,46.54
2026-08-18T02:56:01,110.86,46.16
2026-08-18T02:56:02,110.82,46.12
2026-08-18T02:56:03,110.81,46.12
2026-08-18T02:56:04,110.77,46.07
2026-08-18T02:56:05,110.52,45.82
2026-08-18T02:56:06,111.14,46.43
2026-08-18T02:56:07,112.2,47.48
2026-08-18T02:56:08,112.45,47.73
2026-08-18T02:56:09,112.32,47.6
2026-08-18T02:56:10,112.06,47.34
2026-08-18T02:56:11,111.76,47.04
2026-08-18T02:56:12,111.07,46.37
2026-08-18T02:56:13,111.31,46.6
2026-08-18T02:56:14,111.21,46.5
2026-08-18T02:56:15,111.7,46.99
2026-08-18T02:56:16,111.7,46.99
2026-08-18T02:56:17,111.97,47.25
2026-08-18T02:56:18,110.98,46.28
2026-08-18T02:56:19,110.94,46.24
2026-08-18T02:56:20,110.73,46.03
2026-08-18T02:56:21,111.08,46.38
2026-08-18T02:56:22,111.07,46.37
2026-08-18T02:56:23,114.0,49.25
2026-08-18T02:56:24,116.54,51.76
2026-08-18T02:56:25,116.07,51.29
2026-08-18T02:56:26,113.22,48.48
2026-08-18T02:56:27,112.21,47.49
2026-08-18T02:56:28,113.4,48.67
2026-08-18T02:56:29,115.05,50.29
2026-08-18T02:56:30,116.57,51.79
2026-08-18T02:56:31,117.31,52.51
2026-08-18T02:56:32,120.33,55.5
2026-08-18T02:56:33,123.68,58.8
2026-08-18T02:56:34,124.87,59.98
2026-08-18T02:56:35,122.36,57.49
2026-08-18T02:56:36,120.11,55.28
2026-08-18T02:56:37,119.31,54.49
2026-08-18T02:56:38,119.16,54.34
2026-08-18T02:56:39,118.21,53.4
2026-08-18T02:56:40,117.99,53.19
2026-08-18T02:56:41,117.72,52.92
2026-08-18T02:56:42,117.22,52.43
2026-08-18T02:56:43,114.85,50.1
2026-08-18T02:56:44,112.93,48.2
2026-08-18T02:56:45,111.94,47.23
2026-08-18T02:56:46,111.66,46.95
2026-08-18T02:56:47,111.0,46.3
2026-08-18T02:56:48,110.96,46.26
2026-08-18T02:56:49,111.03,46.33
2026-08-18T02:56:50,110.84,46.15
2026-08-18T02:56:51,110.75,46.05
2026-08-18T02:56:52,110.42,45.73
2026-08-18T02:56:53,110.81,46.11
2026-08-18T02:56:54,111.14,46.44
2026-08-18T02:56:55,110.62,45.93
2026-08-18T02:56:56,110.38,45.69
2026-08-18T02:56:57,110.41,45.71
2026-08-18T02:56:58,110.83,46.13
2026-08-18T02:56:59,110.84,46.14
2026-08-18T02:57:00,110.73,46.04
2026-08-18T02:57:01,111.11,46.41
2026-08-18T02:57:02,110.38,45.69
2026-08-18T02:57:03,110.66,45.97
2026-08-18T02:57:04,110.47,45.78
2026-08-18T02:57:05,110.52,45.83
2026-08-18T02:57:06,110.64,45.95
2026-08-18T02:57:07,110.38,45.69
2026-08-18T02:57:08,110.71,46.02
2026-08-18T02:57:09,110.07,45.38
2026-08-18T02:57:10,110.4,45.71
2026-08-18T02:57:11,109.86,45.18
2026-08-18T02:57:12,110.26,45.57
2026-08-18T02:57:13,109.88,45.19
2026-08-18T02:57:14,109.86,45.18
2026-08-18T02:57:15,110.46,45.77
2026-08-18T02:57:16,110.07,45.38
2026-08-18T02:57:17,110.2,45.51
2026-08-18T02:57:18,110.05,45.36
2026-08-18T02:57:19,109.69,45.0
2026-08-18T02:57:20,110.64,45.95
2026-08-18T02:57:21,110.11,45.42
2026-08-18T02:57:22,110.7,46.01
2026-08-18T02:57:23,109.97,45.29
2026-08-18T02:57:24,110.79,46.09
2026-08-18T02:57:25,110.99,46.29
2026-08-18T02:57:26,110.82,46.12
2026-08-18T02:57:27,110.55,45.86
2026-08-18T02:57:28,110.79,46.09
2026-08-18T02:57:29,110.62,45.93
2026-08-18T02:57:30,110.88,46.18
2026-08-18T02:57:31,110.71,46.01
2026-08-18T02:57:32,110.66,45.96
2026-08-18T02:57:33,110.44,45.75
2026-08-18T02:57:34,110.7,46.01
2026-08-18T02:57:35,110.71,46.01
2026-08-18T02:57:36,110.98,46.28
2026-08-18T02:57:37,110.93,46.23
2026-08-18T02:57:38,111.04,46.34
2026-08-18T02:57:39,111.35,46.64
2026-08-18T02:57:40,111.62,46.91
2026-08-18T02:57:41,111.5,46.79
2026-08-18T02:57:42,111.49,46.78
2026-08-18T02:57:43,111.73,47.02
2026-08-18T02:57:44,112.33,47.61
2026-08-18T02:57:45,112.45,47.73
2026-08-18T02:57:46,112.4,47.68
2026-08-18T02:57:47,112.07,47.35
2026-08-18T02:57:48,112.11,47.39
2026-08-18T02:57:49,111.46,46.75
2026-08-18T02:57:50,111.52,46.81
2026-08-18T02:57:51,110.36,45.67
2026-08-18T02:57:52,110.15,45.46
2026-08-18T02:57:53,110.65,45.96
2026-08-18T02:57:54,110.45,45.76
2026-08-18T02:57:55,110.33,45.64
2026-08-18T02:57:56,110.42,45.73
2026-08-18T02:57:57,110.34,45.65
2026-08-18T02:57:58,110.22,45.53
2026-08-18T02:57:59,109.95,45.26
2026-08-18T02:58:00,110.22,45.53
2026-08-18T02:58:01,109.84,45.15
2026-08-18T02:58:02,109.8,45.11
2026-08-18T02:58:03,109.92,45.24
2026-08-18T02:58:04,109.59,44.91
2026-08-18T02:58:05,109.98,45.3
2026-08-18T02:58:06,109.88,45.2
2026-08-18T02:58:07,110.23,45.54
2026-08-18T02:58:08,110.24,45.55
2026-08-18T02:58:09,109.91,45.22
2026-08-18T02:58:10,109.78,45.09
2026-08-18T02:58:11,110.15,45.46
2026-08-18T02:58:12,110.39,45.7
2026-08-18T02:58:13,110.42,45.72
2026-08-18T02:58:14,110.14,45.45
2026-08-18T02:58:15,109.68,44.99
2026-08-18T02:58:16,109.94,45.25
2026-08-18T02:58:17,109.82,45.14
2026-08-18T02:58:18,109.82,45.14
2026-08-18T02:58:19,109.52,44.84
2026-08-18T02:58:20,109.63,44.94
2026-08-18T02:58:21,110.08,45.4
2026-08-18T02:58:22,109.73,45.05
2026-08-18T02:58:23,109.53,44.85
2026-08-18T02:58:24,109.82,45.13
2026-08-18T02:58:25,110.04,45.35
2026-08-18T02:58:26,109.69,45.0
2026-08-18T02:58:27,110.01,45.32
2026-08-18T02:58:28,109.93,45.25
2026-08-18T02:58:29,110.26,45.57
2026-08-18T02:58:30,110.05,45.36
2026-08-18T02:58:31,110.32,45.62
2026-08-18T02:58:32,110.03,45.35
2026-08-18T02:58:33,110.07,45.38
2026-08-18T02:58:34,110.6,45.91
2026-08-18T02:58:35,110.84,46.14
2026-08-18T02:58:36,111.84,47.13
2026-08-18T02:58:37,110.72,46.02
2026-08-18T02:58:38,109.8,45.12
2026-08-18T02:58:39,110.28,45.59
2026-08-18T02:58:40,110.87,46.17
2026-08-18T02:58:41,110.69,45.99
2026-08-18T02:58:42,110.84,46.14
2026-08-18T02:58:43,110.68,45.99
2026-08-18T02:58:44,110.61,45.92
2026-08-18T02:58:45,110.91,46.21
2026-08-18T02:58:46,110.35,45.65
2026-08-18T02:58:47,110.17,45.48
2026-08-18T02:58:48,110.56,45.86
2026-08-18T02:58:49,110.37,45.67
2026-08-18T02:58:50,110.48,45.78
2026-08-18T02:58:51,110.21,45.52
2026-08-18T02:58:52,110.25,45.56
2026-08-18T02:58:53,110.97,46.27
2026-08-18T02:58:54,111.52,46.81
2026-08-18T02:58:55,111.08,46.38
2026-08-18T02:58:56,110.99,46.29
2026-08-18T02:58:57,110.73,46.04
2026-08-18T02:58:58,110.96,46.26
2026-08-18T02:58:59,111.0,46.3
2026-08-18T02:59:00,110.55,45.85
2026-08-18T02:59:01,110.66,45.96
2026-08-18T02:59:02,110.73,46.03
2026-08-18T02:59:03,110.71,46.01
2026-08-18T02:59:04,110.73,46.04
2026-08-18T02:59:05,110.12,45.43
2026-08-18T02:59:06,110.32,45.62
2026-08-18T02:59:07,110.95,46.25
2026-08-18T02:59:08,110.83,46.13
2026-08-18T02:59:09,110.5,45.8
2026-08-18T02:59:10,110.95,46.25
2026-08-18T02:59:11,110.87,46.17
2026-08-18T02:59:12,110.35,45.66
2026-08-18T02:59:13,110.73,46.03
2026-08-18T02:59:14,110.79,46.09
2026-08-18T02:59:15,110.04,45.35
2026-08-18T02:59:16,110.31,45.62
2026-08-18T02:59:17,110.28,45.59
2026-08-18T02:59:18,110.29,45.6
2026-08-18T02:59:19,110.18,45.49
2026-08-18T02:59:20,110.1,45.42
2026-08-18T02:59:21,110.49,45.8
2026-08-18T02:59:22,110.4,45.71
2026-08-18T02:59:23,110.48,45.78
2026-08-18T02:59:24,110.37,45.68
2026-08-18T02:59:25,110.6,45.91
2026-08-18T02:59:26,110.31,45.62
2026-08-18T02:59:27,110.44,45.75
2026-08-18T02:59:28,110.28,45.59
2026-08-18T02:59:29,110.67,45.97
2026-08-18T02:59:30,110.26,45.57
2026-08-18T02:59:31,110.33,45.64
2026-08-18T02:59:32,110.41,45.72
2026-08-18T02:59:33,110.27,45.58
2026-08-18T02:59:34,110.48,45.78
2026-08-18T02:59:35,111.03,46.33
2026-08-18T02:59:36,111.28,46.58
2026-08-18T02:59:37,110.72,46.02
2026-08-18T02:59:38,110.23,45.54
2026-08-18T02:59:39,110.78,46.08
2026-08-18T02:59:40,110.98,46.28
2026-08-18T02:59:41,110.56,45.87
2026-08-18T02:59:42,110.94,46.24
2026-08-18T02:59:43,110.75,46.05
2026-08-18T02:59:44,110.49,45.8
2026-08-18T02:59:45,110.56,45.87
2026-08-18T02:59:46,110.33,45.64
2026-08-18T02:59:47,110.39,45.69
2026-08-18T02:59:48,110.73,46.04
2026-08-18T02:59:49,110.53,45.83
2026-08-18T02:59:50,110.61,45.92
2026-08-18T02:59:51,111.14,46.43
2026-08-18T02:59:52,109.96,45.27
2026-08-18T02:59:53,109.68,45.0
2026-08-18T02:59:54,110.03,45.34
2026-08-18T02:59:55,109.87,45.18
2026-08-18T02:59:56,109.94,45.25
2026-08-18T02:59:57,110.33,45.64
2026-08-18T02:59:58,109.89,45.2
2026-08-18T02:59:59,110.09,45.41
2026-08-18T03:00:00,110.28,45.59
2026-08-18T03:00:01,109.83,45.14
2026-08-18T03:00:02,110.11,45.42
2026-08-18T03:00:03,109.98,45.3
2026-08-18T03:00:04,109.54,44.86
2026-08-18T03:00:05,109.97,45.28
2026-08-18T03:00:06,109.99,45.31
2026-08-18T03:00:07,109.87,45.19
2026-08-18T03:00:08,110.1,45.41
2026-08-18T03:00:09,109.6,44.92
2026-08-18T03:00:10,109.82,45.14
2026-08-18T03:00:11,109.86,45.18
2026-08-18T03:00:12,109.47,44.79
2026-08-18T03:00:13,109.65,44.96
2026-08-18T03:00:14,109.71,45.03
2026-08-18T03:00:15,110.37,45.67
2026-08-18T03:00:16,109.63,44.95
2026-08-18T03:00:17,109.53,44.85
2026-08-18T03:00:18,109.99,45.3
2026-08-18T03:00:19,109.96,45.28
2026-08-18T03:00:20,110.01,45.33
2026-08-18T03:00:21,109.7,45.02
2026-08-18T03:00:22,109.82,45.14
2026-08-18T03:00:23,109.97,45.28
2026-08-18T03:00:24,109.42,44.74
2026-08-18T03:00:25,109.29,44.61
2026-08-18T03:00:26,109.4,44.73
2026-08-18T03:00:27,109.51,44.83
2026-08-18T03:00:28,109.41,44.73
2026-08-18T03:00:29,109.16,44.49
2026-08-18T03:00:30,109.04,44.37
2026-08-18T03:00:31,109.3,44.62
2026-08-18T03:00:32,109.36,44.68
2026-08-18T03:00:33,109.44,44.76
2026-08-18T03:00:34,109.92,45.23
2026-08-18T03:00:35,110.02,45.33
2026-08-18T03:00:36,109.54,44.86
2026-08-18T03:00:37,109.88,45.19
2026-08-18T03:00:38,109.64,44.96
2026-08-18T03:00:39,109.74,45.05
2026-08-18T03:00:40,109.76,45.07
2026-08-18T03:00:41,109.56,44.87
2026-08-18T03:00:42,109.9,45.22
2026-08-18T03:00:43,109.87,45.18
2026-08-18T03:00:44,109.51,44.83
2026-08-18T03:00:45,109.36,44.68
2026-08-18T03:00:46,109.47,44.79
2026-08-18T03:00:47,109.61,44.93
2026-08-18T03:00:48,109.79,45.1
2026-08-18T03:00:49,109.37,44.69
2026-08-18T03:00:50,109.59,44.91
2026-08-18T03:00:51,109.47,44.79
2026-08-18T03:00:52,109.45,44.77
2026-08-18T03:00:53,109.17,44.49
2026-08-18T03:00:54,109.23,44.56
2026-08-18T03:00:55,109.5,44.82
2026-08-18T03:00:56,109.4,44.72
2026-08-18T03:00:57,109.39,44.71
2026-08-18T03:00:58,109.82,45.13
2026-08-18T03:00:59,109.47,44.79
2026-08-18T03:01:00,109.31,44.64
2026-08-18T03:01:01,109.19,44.52
2026-08-18T03:01:02,109.07,44.39
2026-08-18T03:01:03,109.05,44.38
2026-08-18T03:01:04,109.51,44.83
2026-08-18T03:01:05,109.37,44.69
2026-08-18T03:01:06,109.55,44.87
2026-08-18T03:01:07,109.79,45.1
2026-08-18T03:01:08,109.38,44.7
2026-08-18T03:01:09,109.48,44.8
2026-08-18T03:01:10,109.8,45.11
2026-08-18T03:01:11,109.58,44.9
2026-08-18T03:01:12,109.54,44.86
2026-08-18T03:01:13,109.75,45.07
2026-08-18T03:01:14,109.73,45.05
2026-08-18T03:01:15,109.43,44.75
2026-08-18T03:01:16,109.88,45.2
2026-08-18T03:01:17,109.41,44.73
2026-08-18T03:01:18,109.51,44.83
2026-08-18T03:01:19,110.11,45.42
2026-08-18T03:01:20,109.87,45.18
2026-08-18T03:01:21,109.43,44.75
2026-08-18T03:01:22,110.13,45.45
2026-08-18T03:01:23,109.45,44.77
2026-08-18T03:01:24,110.08,45.39
2026-08-18T03:01:25,110.03,45.35
2026-08-18T03:01:26,110.04,45.35
2026-08-18T03:01:27,110.13,45.44
2026-08-18T03:01:28,110.19,45.5
2026-08-18T03:01:29,110.32,45.63
2026-08-18T03:01:30,110.62,45.93
2026-08-18T03:01:31,110.26,45.57
2026-08-18T03:01:32,110.14,45.45
2026-08-18T03:01:33,110.74,46.04
2026-08-18T03:01:34,110.43,45.74
2026-08-18T03:01:35,110.57,45.87
2026-08-18T03:01:36,110.04,45.35
2026-08-18T03:01:37,110.53,45.84
2026-08-18T03:01:38,110.53,45.84
2026-08-18T03:01:39,110.12,45.43
2026-08-18T03:01:40,110.48,45.79
2026-08-18T03:01:41,110.37,45.68
2026-08-18T03:01:42,110.28,45.59
2026-08-18T03:01:43,110.31,45.62
2026-08-18T03:01:44,110.62,45.92
2026-08-18T03:01:45,110.42,45.73
2026-08-18T03:01:46,110.45,45.76
2026-08-18T03:01:47,111.01,46.31
2026-08-18T03:01:48,110.64,45.95
2026-08-18T03:01:49,110.15,45.47
2026-08-18T03:01:50,110.09,45.4
2026-08-18T03:01:51,110.68,45.98
2026-08-18T03:01:52,110.56,45.86
2026-08-18T03:01:53,109.53,44.85
2026-08-18T03:01:54,109.73,45.05
2026-08-18T03:01:55,109.25,44.58
2026-08-18T03:01:56,109.86,45.17
2026-08-18T03:01:57,109.82,45.13
2026-08-18T03:01:58,110.16,45.47
2026-08-18T03:01:59,109.76,45.07
2026-08-18T03:02:00,109.77,45.09
2026-08-18T03:02:01,109.75,45.06
2026-08-18T03:02:02,109.94,45.26
2026-08-18T03:02:03,110.17,45.48
2026-08-18T03:02:04,109.76,45.08
2026-08-18T03:02:05,109.82,45.14
2026-08-18T03:02:06,109.71,45.03
2026-08-18T03:02:07,109.65,44.97
2026-08-18T03:02:08,109.76,45.07
2026-08-18T03:02:09,109.77,45.08
2026-08-18T03:02:10,109.78,45.1
2026-08-18T03:02:11,109.52,44.84
2026-08-18T03:02:12,109.35,44.67
2026-08-18T03:02:13,109.63,44.95
2026-08-18T03:02:14,109.8,45.11
2026-08-18T03:02:15,109.69,45.01
2026-08-18T03:02:16,109.75,45.07
2026-08-18T03:02:17,109.62,44.94
2026-08-18T03:02:18,109.58,44.9
2026-08-18T03:02:19,109.87,45.19
2026-08-18T03:02:20,109.92,45.23
2026-08-18T03:02:21,110.07,45.38
2026-08-18T03:02:22,109.87,45.19
2026-08-18T03:02:23,109.68,45.0
2026-08-18T03:02:24,110.05,45.36
2026-08-18T03:02:25,109.4,44.72
2026-08-18T03:02:26,109.65,44.97
2026-08-18T03:02:27,109.6,44.92
2026-08-18T03:02:28,108.94,44.27
2026-08-18T03:02:29,109.57,44.89
2026-08-18T03:02:30,109.45,44.77
2026-08-18T03:02:31,110.01,45.32
2026-08-18T03:02:32,109.14,44.47
2026-08-18T03:02:33,109.62,44.94
2026-08-18T03:02:34,109.13,44.46
2026-08-18T03:02:35,109.63,44.95
2026-08-18T03:02:36,110.0,45.31
2026-08-18T03:02:37,109.77,45.08
2026-08-18T03:02:38,109.35,44.67
2026-08-18T03:02:39,109.91,45.22
2026-08-18T03:02:40,109.85,45.16
2026-08-18T03:02:41,109.73,45.04
2026-08-18T03:02:42,110.08,45.39
2026-08-18T03:02:43,109.61,44.93
2026-08-18T03:02:44,109.63,44.95
2026-08-18T03:02:45,109.38,44.71
2026-08-18T03:02:46,110.03,45.34
2026-08-18T03:02:47,109.74,45.05
2026-08-18T03:02:48,110.15,45.46
2026-08-18T03:02:49,110.23,45.54
2026-08-18T03:02:50,109.95,45.26
2026-08-18T03:02:51,110.06,45.37
2026-08-18T03:02:52,110.48,45.78
2026-08-18T03:02:53,109.96,45.27
2026-08-18T03:02:54,110.16,45.47
2026-08-18T03:02:55,110.06,45.37
2026-08-18T03:02:56,110.53,45.84
2026-08-18T03:02:57,110.62,45.92
2026-08-18T03:02:58,109.96,45.27
2026-08-18T03:02:59,110.35,45.65
2026-08-18T03:03:00,109.86,45.17
2026-08-18T03:03:01,110.1,45.41
2026-08-18T03:03:02,109.79,45.11
2026-08-18T03:03:03,110.26,45.57
2026-08-18T03:03:04,110.73,46.03
2026-08-18T03:03:05,110.66,45.97
2026-08-18T03:03:06,110.68,45.99
2026-08-18T03:03:07,110.86,46.16
2026-08-18T03:03:08,110.81,46.11
2026-08-18T03:03:09,110.8,46.1
2026-08-18T03:03:10,110.51,45.82
2026-08-18T03:03:11,110.35,45.66
2026-08-18T03:03:12,110.69,45.99
2026-08-18T03:03:13,109.93,45.25
2026-08-18T03:03:14,110.35,45.66
2026-08-18T03:03:15,110.18,45.49
2026-08-18T03:03:16,110.15,45.46
2026-08-18T03:03:17,109.74,45.05
2026-08-18T03:03:18,110.47,45.78
2026-08-18T03:03:19,110.7,46.0
2026-08-18T03:03:20,110.65,45.95
2026-08-18T03:03:21,110.58,45.89
2026-08-18T03:03:22,111.65,46.94
2026-08-18T03:03:23,111.29,46.59
2026-08-18T03:03:24,110.78,46.08
2026-08-18T03:03:25,111.24,46.53
2026-08-18T03:03:26,110.64,45.94
2026-08-18T03:03:27,111.33,46.62
2026-08-18T03:03:28,110.25,45.56
2026-08-18T03:03:29,110.18,45.49
2026-08-18T03:03:30,110.6,45.91
2026-08-18T03:03:31,110.06,45.37
2026-08-18T03:03:32,109.95,45.26
2026-08-18T03:03:33,109.95,45.26
2026-08-18T03:03:34,109.88,45.2
2026-08-18T03:03:35,110.14,45.45
2026-08-18T03:03:36,110.48,45.78
2026-08-18T03:03:37,110.12,45.43
2026-08-18T03:03:38,110.02,45.34
2026-08-18T03:03:39,110.5,45.8
2026-08-18T03:03:40,110.04,45.36
2026-08-18T03:03:41,110.49,45.8
2026-08-18T03:03:42,109.53,44.85
2026-08-18T03:03:43,110.24,45.55
2026-08-18T03:03:44,109.85,45.16
2026-08-18T03:03:45,110.4,45.71
2026-08-18T03:03:46,110.29,45.6
2026-08-18T03:03:47,110.46,45.77
2026-08-18T03:03:48,111.27,46.57
2026-08-18T03:03:49,111.4,46.7
2026-08-18T03:03:50,110.52,45.83
2026-08-18T03:03:51,110.14,45.45
2026-08-18T03:03:52,111.29,46.59
2026-08-18T03:03:53,111.44,46.73
2026-08-18T03:03:54,110.49,45.79
2026-08-18T03:03:55,111.45,46.75
2026-08-18T03:03:56,111.32,46.61
2026-08-18T03:03:57,110.66,45.96
2026-08-18T03:03:58,110.49,45.8
2026-08-18T03:03:59,109.84,45.15
2026-08-18T03:04:00,110.23,45.54
2026-08-18T03:04:01,111.76,47.05
2026-08-18T03:04:02,111.29,46.59
2026-08-18T03:04:03,111.42,46.71
2026-08-18T03:04:04,112.86,48.13
2026-08-18T03:04:05,114.89,50.14
2026-08-18T03:04:06,113.93,49.19
2026-08-18T03:04:07,114.21,49.47
2026-08-18T03:04:08,116.19,51.42
2026-08-18T03:04:09,114.65,49.9
2026-08-18T03:04:10,113.64,48.9
2026-08-18T03:04:11,112.75,48.03
2026-08-18T03:04:12,113.8,49.06
2026-08-18T03:04:13,113.76,49.02
2026-08-18T03:04:14,111.73,47.02
2026-08-18T03:04:15,111.88,47.17
2026-08-18T03:04:16,112.05,47.33
2026-08-18T03:04:17,112.61,47.89
2026-08-18T03:04:18,113.15,48.41
2026-08-18T03:04:19,114.12,49.38
2026-08-18T03:04:20,114.01,49.26
2026-08-18T03:04:21,113.49,48.76
2026-08-18T03:04:22,111.34,46.63
2026-08-18T03:04:23,110.97,46.27
2026-08-18T03:04:24,111.72,47.01
2026-08-18T03:04:25,112.89,48.17
2026-08-18T03:04:26,113.12,48.39
2026-08-18T03:04:27,112.92,48.19
2026-08-18T03:04:28,112.02,47.31
2026-08-18T03:04:29,113.29,48.56
2026-08-18T03:04:30,111.95,47.24
2026-08-18T03:04:31,110.38,45.69
2026-08-18T03:04:32,110.86,46.17
2026-08-18T03:04:33,111.95,47.24
2026-08-18T03:04:34,113.46,48.72
2026-08-18T03:04:35,113.33,48.59
2026-08-18T03:04:36,110.96,46.26
2026-08-18T03:04:37,110.74,46.05
2026-08-18T03:04:38,111.69,46.98
2026-08-18T03:04:39,112.16,47.45
2026-08-18T03:04:40,112.78,48.06
2026-08-18T03:04:41,112.48,47.76
2026-08-18T03:04:42,112.39,47.67
2026-08-18T03:04:43,114.99,50.23
2026-08-18T03:04:44,114.83,50.07
2026-08-18T03:04:45,115.28,50.52
2026-08-18T03:04:46,116.84,52.06
2026-08-18T03:04:47,115.13,50.37
2026-08-18T03:04:48,113.76,49.02
2026-08-18T03:04:49,112.78,48.05
2026-08-18T03:04:50,112.78,48.05
2026-08-18T03:04:51,112.21,47.5
2026-08-18T03:04:52,112.26,47.54
2026-08-18T03:04:53,112.49,47.76
2026-08-18T03:04:54,112.65,47.93
2026-08-18T03:04:55,112.65,47.92
2026-08-18T03:04:56,112.03,47.32
2026-08-18T03:04:57,111.61,46.9
2026-08-18T03:04:58,111.72,47.01
2026-08-18T03:04:59,111.83,47.12
2026-08-18T03:05:00,111.82,47.11
2026-08-18T03:05:01,111.66,46.95
2026-08-18T03:05:02,111.67,46.96
2026-08-18T03:05:03,111.47,46.77
2026-08-18T03:05:04,111.15,46.45
2026-08-18T03:05:05,110.94,46.24
2026-08-18T03:05:06,110.83,46.13
2026-08-18T03:05:07,110.99,46.29
2026-08-18T03:05:08,111.23,46.53
2026-08-18T03:05:09,111.04,46.34
2026-08-18T03:05:10,110.74,46.04
2026-08-18T03:05:11,110.66,45.96
2026-08-18T03:05:12,110.51,45.82
2026-08-18T03:05:13,110.34,45.65
2026-08-18T03:05:14,110.23,45.54
2026-08-18T03:05:15,110.63,45.93
2026-08-18T03:05:16,110.41,45.71
2026-08-18T03:05:17,110.81,46.11
2026-08-18T03:05:18,110.91,46.21
2026-08-18T03:05:19,110.88,46.18
2026-08-18T03:05:20,111.17,46.47
2026-08-18T03:05:21,111.41,46.7
2026-08-18T03:05:22,111.27,46.56
2026-08-18T03:05:23,111.48,46.78
2026-08-18T03:05:24,112.34,47.62
2026-08-18T03:05:25,111.58,46.87
2026-08-18T03:05:26,110.84,46.14
2026-08-18T03:05:27,110.95,46.25
2026-08-18T03:05:28,111.5,46.79
2026-08-18T03:05:29,111.57,46.86
2026-08-18T03:05:30,112.38,47.66
2026-08-18T03:05:31,112.64,47.92
2026-08-18T03:05:32,112.37,47.65
2026-08-18T03:05:33,112.9,48.17
2026-08-18T03:05:34,113.53,48.79
2026-08-18T03:05:35,113.75,49.01
2026-08-18T03:05:36,113.53,48.8
2026-08-18T03:05:37,111.56,46.85
2026-08-18T03:05:38,113.5,48.76
2026-08-18T03:05:39,113.62,48.88
2026-08-18T03:05:40,113.79,49.05
2026-08-18T03:05:41,113.76,49.02
2026-08-18T03:05:42,113.58,48.84
2026-08-18T03:05:43,112.83,48.1
2026-08-18T03:05:44,113.26,48.52
2026-08-18T03:05:45,113.84,49.1
2026-08-18T03:05:46,112.94,48.21
2026-08-18T03:05:47,113.87,49.13
2026-08-18T03:05:48,115.1,50.34
2026-08-18T03:05:49,111.89,47.18
2026-08-18T03:05:50,111.15,46.45
2026-08-18T03:05:51,111.02,46.32
2026-08-18T03:05:52,111.02,46.32
2026-08-18T03:05:53,110.91,46.21
2026-08-18T03:05:54,110.77,46.08
2026-08-18T03:05:55,111.51,46.8
2026-08-18T03:05:56,111.19,46.49
2026-08-18T03:05:57,111.14,46.44
2026-08-18T03:05:58,111.35,46.65
2026-08-18T03:05:59,112.16,47.45
2026-08-18T03:06:00,112.04,47.32
2026-08-18T03:06:01,111.76,47.05
2026-08-18T03:06:02,111.25,46.54
2026-08-18T03:06:03,111.22,46.51
2026-08-18T03:06:04,110.94,46.24
2026-08-18T03:06:05,111.49,46.78
2026-08-18T03:06:06,111.77,47.06
2026-08-18T03:06:07,111.28,46.58
2026-08-18T03:06:08,111.11,46.41
2026-08-18T03:06:09,111.38,46.67
2026-08-18T03:06:10,111.28,46.58
2026-08-18T03:06:11,111.45,46.75
2026-08-18T03:06:12,111.35,46.65
2026-08-18T03:06:13,110.96,46.26
2026-08-18T03:06:14,111.4,46.69
2026-08-18T03:06:15,110.63,45.94
2026-08-18T03:06:16,111.45,46.74
2026-08-18T03:06:17,111.38,46.67
2026-08-18T03:06:18,110.87,46.18
2026-08-18T03:06:19,111.37,46.66
2026-08-18T03:06:20,111.05,46.35
2026-08-18T03:06:21,111.59,46.88
2026-08-18T03:06:22,111.79,47.07
2026-08-18T03:06:23,112.06,47.34
2026-08-18T03:06:24,112.38,47.66
2026-08-18T03:06:25,111.67,46.96
2026-08-18T03:06:26,111.98,47.27
2026-08-18T03:06:27,111.99,47.27
2026-08-18T03:06:28,111.48,46.78
2026-08-18T03:06:29,111.23,46.53
2026-08-18T03:06:30,111.26,46.55
2026-08-18T03:06:31,111.42,46.72
2026-08-18T03:06:32,112.15,47.43
2026-08-18T03:06:33,111.48,46.77
2026-08-18T03:06:34,111.18,46.48
2026-08-18T03:06:35,111.3,46.59
2026-08-18T03:06:36,111.22,46.51
2026-08-18T03:06:37,111.35,46.65
2026-08-18T03:06:38,111.33,46.62
2026-08-18T03:06:39,111.08,46.37
2026-08-18T03:06:40,110.79,46.09
2026-08-18T03:06:41,110.95,46.25
2026-08-18T03:06:42,111.05,46.35
2026-08-18T03:06:43,110.75,46.06
2026-08-18T03:06:44,111.07,46.37
2026-08-18T03:06:45,110.89,46.19
2026-08-18T03:06:46,111.35,46.64
2026-08-18T03:06:47,111.89,47.17
2026-08-18T03:06:48,111.92,47.21
2026-08-18T03:06:49,111.27,46.57
2026-08-18T03:06:50,110.86,46.16
2026-08-18T03:06:51,110.62,45.92
2026-08-18T03:06:52,110.56,45.86
2026-08-18T03:06:53,110.3,45.61
2026-08-18T03:06:54,110.64,45.94
2026-08-18T03:06:55,110.25,45.56
2026-08-18T03:06:56,110.54,45.84
2026-08-18T03:06:57,110.89,46.19
2026-08-18T03:06:58,110.44,45.75
2026-08-18T03:06:59,110.47,45.78
2026-08-18T03:07:00,110.67,45.97
2026-08-18T03:07:01,110.21,45.52
2026-08-18T03:07:02,110.41,45.72
2026-08-18T03:07:03,110.93,46.23
2026-08-18T03:07:04,110.64,45.94
2026-08-18T03:07:05,110.61,45.91
2026-08-18T03:07:06,110.86,46.16
2026-08-18T03:07:07,110.97,46.27
2026-08-18T03:07:08,111.51,46.8
2026-08-18T03:07:09,111.22,46.52
2026-08-18T03:07:10,110.75,46.05
2026-08-18T03:07:11,110.85,46.15
2026-08-18T03:07:12,110.79,46.09
2026-08-18T03:07:13,111.1,46.4
2026-08-18T03:07:14,110.78,46.08
2026-08-18T03:07:15,111.0,46.3
2026-08-18T03:07:16,111.1,46.4
2026-08-18T03:07:17,110.83,46.13
2026-08-18T03:07:18,111.02,46.32
2026-08-18T03:07:19,110.87,46.17
2026-08-18T03:07:20,111.06,46.36
2026-08-18T03:07:21,111.0,46.3
2026-08-18T03:07:22,111.31,46.61
2026-08-18T03:07:23,111.55,46.84
2026-08-18T03:07:24,111.53,46.82
2026-08-18T03:07:25,110.91,46.21
2026-08-18T03:07:26,111.21,46.5
2026-08-18T03:07:27,111.23,46.53
2026-08-18T03:07:28,110.78,46.08
2026-08-18T03:07:29,111.05,46.35
2026-08-18T03:07:30,111.16,46.45
2026-08-18T03:07:31,111.25,46.54
2026-08-18T03:07:32,110.73,46.03
2026-08-18T03:07:33,110.84,46.14
2026-08-18T03:07:34,111.24,46.53
2026-08-18T03:07:35,111.18,46.48
2026-08-18T03:07:36,110.61,45.92
2026-08-18T03:07:37,111.07,46.36
2026-08-18T03:07:38,111.24,46.54
2026-08-18T03:07:39,111.41,46.71
2026-08-18T03:07:40,111.18,46.47
2026-08-18T03:07:41,111.09,46.39
2026-08-18T03:07:42,111.25,46.55
2026-08-18T03:07:43,110.86,46.16
2026-08-18T03:07:44,111.13,46.43
2026-08-18T03:07:45,111.39,46.69
2026-08-18T03:07:46,111.55,46.84
2026-08-18T03:07:47,110.94,46.24
2026-08-18T03:07:48,111.2,46.49
2026-08-18T03:07:49,112.1,47.38
2026-08-18T03:07:50,111.7,46.99
2026-08-18T03:07:51,111.71,47.0
2026-08-18T03:07:52,111.19,46.48
2026-08-18T03:07:53,112.25,47.53
2026-08-18T03:07:54,112.05,47.33
2026-08-18T03:07:55,112.37,47.65
2026-08-18T03:07:56,112.29,47.57
2026-08-18T03:07:57,112.39,47.67
2026-08-18T03:07:58,112.65,47.92
2026-08-18T03:07:59,112.48,47.76
2026-08-18T03:08:00,112.88,48.15
2026-08-18T03:08:01,112.68,47.96
2026-08-18T03:08:02,112.02,47.3
2026-08-18T03:08:03,112.24,47.52
2026-08-18T03:08:04,111.99,47.28
2026-08-18T03:08:05,111.97,47.26
2026-08-18T03:08:06,111.53,46.82
2026-08-18T03:08:07,112.2,47.48
2026-08-18T03:08:08,111.97,47.26
2026-08-18T03:08:09,112.66,47.93
2026-08-18T03:08:10,111.75,47.04
2026-08-18T03:08:11,111.81,47.1
2026-08-18T03:08:12,111.64,46.93
2026-08-18T03:08:13,111.61,46.9
2026-08-18T03:08:14,112.17,47.45
2026-08-18T03:08:15,111.69,46.98
2026-08-18T03:08:16,112.07,47.35
2026-08-18T03:08:17,112.33,47.61
2026-08-18T03:08:18,112.2,47.48
2026-08-18T03:08:19,111.73,47.02
2026-08-18T03:08:20,111.33,46.62
2026-08-18T03:08:21,110.97,46.27
2026-08-18T03:08:22,112.33,47.61
2026-08-18T03:08:23,112.41,47.69
2026-08-18T03:08:24,112.85,48.12
2026-08-18T03:08:25,112.65,47.93
2026-08-18T03:08:26,111.86,47.15
2026-08-18T03:08:27,111.17,46.47
2026-08-18T03:08:28,110.73,46.04
2026-08-18T03:08:29,110.96,46.26
2026-08-18T03:08:30,111.06,46.36
2026-08-18T03:08:31,110.83,46.13
2026-08-18T03:08:32,110.26,45.57
2026-08-18T03:08:33,110.5,45.8
2026-08-18T03:08:34,110.56,45.87
2026-08-18T03:08:35,110.31,45.62
2026-08-18T03:08:36,111.01,46.31
2026-08-18T03:08:37,110.19,45.5
2026-08-18T03:08:38,110.46,45.76
2026-08-18T03:08:39,110.59,45.89
2026-08-18T03:08:40,110.52,45.83
2026-08-18T03:08:41,110.17,45.48
2026-08-18T03:08:42,110.43,45.73
2026-08-18T03:08:43,110.44,45.74
2026-08-18T03:08:44,110.64,45.95
2026-08-18T03:08:45,110.97,46.27
2026-08-18T03:08:46,111.48,46.78
2026-08-18T03:08:47,110.98,46.28
2026-08-18T03:08:48,111.05,46.35
2026-08-18T03:08:49,111.38,46.67
2026-08-18T03:08:50,112.13,47.41
2026-08-18T03:08:51,112.43,47.7
2026-08-18T03:08:52,112.14,47.42
2026-08-18T03:08:53,112.62,47.89
2026-08-18T03:08:54,113.36,48.63
2026-08-18T03:08:55,113.81,49.07
2026-08-18T03:08:56,112.77,48.04
2026-08-18T03:08:57,112.1,47.38
2026-08-18T03:08:58,111.9,47.19
2026-08-18T03:08:59,111.92,47.2
2026-08-18T03:09:00,111.94,47.22
2026-08-18T03:09:01,112.9,48.17
2026-08-18T03:09:02,113.52,48.78
2026-08-18T03:09:03,113.88,49.14
2026-08-18T03:09:04,115.4,50.64
2026-08-18T03:09:05,116.48,51.7
2026-08-18T03:09:06,119.63,54.81
2026-08-18T03:09:07,122.9,58.03
2026-08-18T03:09:08,125.45,60.54
2026-08-18T03:09:09,126.38,61.46
2026-08-18T03:09:10,127.09,62.16
2026-08-18T03:09:11,125.7,60.79
2026-08-18T03:09:12,123.01,58.14
2026-08-18T03:09:13,119.55,54.72
2026-08-18T03:09:14,118.03,53.23
2026-08-18T03:09:15,116.48,51.7
2026-08-18T03:09:16,115.69,50.92
2026-08-18T03:09:17,114.65,49.9
2026-08-18T03:09:18,115.45,50.69
2026-08-18T03:09:19,116.23,51.46
2026-08-18T03:09:20,115.55,50.78
2026-08-18T03:09:21,114.42,49.67
2026-08-18T03:09:22,112.9,48.17
2026-08-18T03:09:23,113.63,48.89
2026-08-18T03:09:24,116.3,51.53
2026-08-18T03:09:25,114.55,49.8
2026-08-18T03:09:26,113.67,48.93
2026-08-18T03:09:27,112.8,48.07
2026-08-18T03:09:28,112.74,48.02
2026-08-18T03:09:29,112.77,48.04
2026-08-18T03:09:30,111.43,46.72
2026-08-18T03:09:31,114.0,49.26
2026-08-18T03:09:32,114.03,49.29
2026-08-18T03:09:33,114.85,50.1
2026-08-18T03:09:34,112.48,47.76
2026-08-18T03:09:35,111.17,46.47
2026-08-18T03:09:36,111.15,46.45
2026-08-18T03:09:37,110.85,46.15
2026-08-18T03:09:38,110.67,45.98
2026-08-18T03:09:39,110.6,45.91
2026-08-18T03:09:40,110.66,45.96
2026-08-18T03:09:41,111.16,46.46
2026-08-18T03:09:42,112.74,48.01
2026-08-18T03:09:43,113.12,48.39
2026-08-18T03:09:44,112.4,47.68
2026-08-18T03:09:45,112.74,48.01
2026-08-18T03:09:46,113.06,48.33
2026-08-18T03:09:47,112.37,47.65
2026-08-18T03:09:48,111.41,46.71
2026-08-18T03:09:49,112.76,48.03
2026-08-18T03:09:50,112.48,47.76
2026-08-18T03:09:51,111.56,46.85
2026-08-18T03:09:52,112.09,47.38
2026-08-18T03:09:53,112.33,47.61
2026-08-18T03:09:54,114.06,49.32
2026-08-18T03:09:55,112.03,47.32
2026-08-18T03:09:56,112.63,47.91
2026-08-18T03:09:57,112.7,47.97
2026-08-18T03:09:58,112.72,47.99
2026-08-18T03:09:59,112.24,47.53
2026-08-18T03:10:00,112.45,47.73
2026-08-18T03:10:01,112.73,48.0
2026-08-18T03:10:02,111.77,47.05
2026-08-18T03:10:03,111.91,47.2
2026-08-18T03:10:04,113.05,48.32
2026-08-18T03:10:05,111.93,47.22
2026-08-18T03:10:06,112.37,47.65
2026-08-18T03:10:07,112.21,47.5
2026-08-18T03:10:08,111.41,46.71
2026-08-18T03:10:09,111.16,46.45
2026-08-18T03:10:10,111.0,46.3
2026-08-18T03:10:11,111.39,46.68
2026-08-18T03:10:12,112.32,47.6
2026-08-18T03:10:13,112.58,47.85
2026-08-18T03:10:14,112.98,48.25
2026-08-18T03:10:15,113.15,48.42
2026-08-18T03:10:16,113.43,48.7
2026-08-18T03:10:17,113.33,48.6
2026-08-18T03:10:18,112.64,47.91
2026-08-18T03:10:19,112.95,48.22
2026-08-18T03:10:20,112.55,47.83
2026-08-18T03:10:21,111.55,46.84
2026-08-18T03:10:22,111.27,46.56
2026-08-18T03:10:23,111.55,46.84
2026-08-18T03:10:24,111.13,46.43
2026-08-18T03:10:25,110.85,46.15
2026-08-18T03:10:26,110.75,46.05
2026-08-18T03:10:27,110.37,45.68
2026-08-18T03:10:28,110.29,45.6
2026-08-18T03:10:29,110.96,46.26
2026-08-18T03:10:30,111.72,47.01
2026-08-18T03:10:31,112.16,47.44
2026-08-18T03:10:32,112.73,48.01
2026-08-18T03:10:33,111.94,47.23
2026-08-18T03:10:34,112.56,47.84
2026-08-18T03:10:35,112.46,47.74
2026-08-18T03:10:36,112.55,47.83
2026-08-18T03:10:37,113.13,48.39
2026-08-18T03:10:38,113.04,48.31
2026-08-18T03:10:39,112.49,47.77
2026-08-18T03:10:40,112.91,48.18
2026-08-18T03:10:41,112.6,47.87
2026-08-18T03:10:42,112.33,47.61
2026-08-18T03:10:43,113.02,48.29
2026-08-18T03:10:44,114.14,49.4
2026-08-18T03:10:45,113.1,48.37
2026-08-18T03:10:46,113.01,48.28
2026-08-18T03:10:47,112.96,48.23
2026-08-18T03:10:48,112.96,48.23
2026-08-18T03:10:49,113.64,48.9
2026-08-18T03:10:50,113.81,49.07
2026-08-18T03:10:51,113.95,49.21
2026-08-18T03:10:52,114.68,49.93
2026-08-18T03:10:53,115.08,50.32
2026-08-18T03:10:54,114.78,50.02
2026-08-18T03:10:55,114.83,50.07
2026-08-18T03:10:56,114.28,49.54
2026-08-18T03:10:57,114.37,49.62
2026-08-18T03:10:58,114.74,49.99
2026-08-18T03:10:59,114.32,49.58
2026-08-18T03:11:00,112.75,48.02
2026-08-18T03:11:01,112.8,48.08
2026-08-18T03:11:02,111.69,46.97
2026-08-18T03:11:03,110.81,46.11
2026-08-18T03:11:04,111.08,46.38
2026-08-18T03:11:05,111.49,46.79
2026-08-18T03:11:06,111.81,47.1
2026-08-18T03:11:07,111.59,46.88
2026-08-18T03:11:08,111.85,47.13
2026-08-18T03:11:09,111.92,47.21
2026-08-18T03:11:10,111.99,47.28
2026-08-18T03:11:11,111.53,46.82
2026-08-18T03:11:12,112.08,47.36
2026-08-18T03:11:13,112.13,47.41
2026-08-18T03:11:14,111.72,47.01
2026-08-18T03:11:15,112.25,47.53
2026-08-18T03:11:16,111.71,47.0
2026-08-18T03:11:17,111.19,46.49
2026-08-18T03:11:18,110.72,46.02
2026-08-18T03:11:19,110.77,46.07
2026-08-18T03:11:20,110.57,45.88
2026-08-18T03:11:21,110.98,46.28
2026-08-18T03:11:22,111.68,46.97
2026-08-18T03:11:23,111.65,46.94
2026-08-18T03:11:24,111.39,46.68
2026-08-18T03:11:25,111.94,47.22
2026-08-18T03:11:26,111.95,47.24
2026-08-18T03:11:27,112.78,48.05
2026-08-18T03:11:28,112.52,47.8
2026-08-18T03:11:29,113.37,48.63
2026-08-18T03:11:30,112.22,47.5
2026-08-18T03:11:31,111.39,46.68
2026-08-18T03:11:32,111.97,47.26
2026-08-18T03:11:33,111.29,46.59
2026-08-18T03:11:34,111.5,46.79
2026-08-18T03:11:35,111.62,46.91
2026-08-18T03:11:36,111.35,46.64
2026-08-18T03:11:37,110.98,46.28
2026-08-18T03:11:38,110.53,45.84
2026-08-18T03:11:39,110.69,45.99
2026-08-18T03:11:40,110.22,45.53
2026-08-18T03:11:41,110.75,46.05
2026-08-18T03:11:42,111.64,46.93
2026-08-18T03:11:43,112.3,47.58
2026-08-18T03:11:44,111.91,47.2
2026-08-18T03:11:45,112.07,47.35
2026-08-18T03:11:46,112.75,48.02
2026-08-18T03:11:47,113.36,48.63
2026-08-18T03:11:48,113.27,48.54
2026-08-18T03:11:49,112.94,48.22
2026-08-18T03:11:50,112.73,48.01
2026-08-18T03:11:51,113.25,48.52
2026-08-18T03:11:52,113.11,48.38
2026-08-18T03:11:53,113.51,48.77
2026-08-18T03:11:54,113.99,49.25
2026-08-18T03:11:55,115.11,50.35
2026-08-18T03:11:56,117.24,52.46
2026-08-18T03:11:57,119.85,55.03
2026-08-18T03:11:58,123.55,58.67
2026-08-18T03:11:59,125.61,60.7
2026-08-18T03:12:00,125.85,60.94
2026-08-18T03:12:01,125.98,61.06
2026-08-18T03:12:02,125.85,60.94
2026-08-18T03:12:03,123.56,58.68
2026-08-18T03:12:04,119.54,54.71
2026-08-18T03:12:05,117.8,53.0
2026-08-18T03:12:06,116.31,51.54
2026-08-18T03:12:07,115.25,50.49
2026-08-18T03:12:08,114.61,49.86
2026-08-18T03:12:09,113.81,49.07
2026-08-18T03:12:10,113.1,48.37
2026-08-18T03:12:11,112.42,47.7
2026-08-18T03:12:12,112.23,47.51
2026-08-18T03:12:13,111.95,47.23
2026-08-18T03:12:14,112.28,47.56
2026-08-18T03:12:15,112.58,47.85
2026-08-18T03:12:16,112.45,47.73
2026-08-18T03:12:17,112.33,47.61
2026-08-18T03:12:18,111.96,47.25
2026-08-18T03:12:19,111.92,47.2
2026-08-18T03:12:20,111.52,46.81
2026-08-18T03:12:21,111.1,46.4
2026-08-18T03:12:22,110.26,45.57
2026-08-18T03:12:23,110.52,45.82
2026-08-18T03:12:24,110.83,46.13
2026-08-18T03:12:25,111.13,46.42
2026-08-18T03:12:26,111.03,46.33
2026-08-18T03:12:27,111.11,46.4
2026-08-18T03:12:28,111.69,46.98
2026-08-18T03:12:29,111.83,47.12
2026-08-18T03:12:30,111.68,46.97
2026-08-18T03:12:31,111.93,47.21
2026-08-18T03:12:32,112.42,47.7
2026-08-18T03:12:33,111.86,47.15
2026-08-18T03:12:34,111.43,46.72
2026-08-18T03:12:35,111.4,46.7
2026-08-18T03:12:36,111.69,46.98
2026-08-18T03:12:37,111.59,46.88
2026-08-18T03:12:38,111.8,47.08
2026-08-18T03:12:39,111.24,46.54
2026-08-18T03:12:40,111.43,46.73
2026-08-18T03:12:41,112.24,47.52
2026-08-18T03:12:42,112.47,47.75
2026-08-18T03:12:43,112.08,47.36
2026-08-18T03:12:44,112.12,47.4
2026-08-18T03:12:45,111.53,46.82
2026-08-18T03:12:46,111.56,46.85
2026-08-18T03:12:47,111.32,46.62
2026-08-18T03:12:48,111.86,47.15
2026-08-18T03:12:49,111.4,46.69
2026-08-18T03:12:50,111.09,46.39
2026-08-18T03:12:51,111.69,46.97
2026-08-18T03:12:52,111.08,46.38
2026-08-18T03:12:53,112.14,47.43
2026-08-18T03:12:54,112.05,47.33
2026-08-18T03:12:55,112.7,47.97
2026-08-18T03:12:56,113.07,48.34
2026-08-18T03:12:57,112.8,48.07
2026-08-18T03:12:58,112.72,47.99
2026-08-18T03:12:59,112.85,48.12
2026-08-18T03:13:00,112.5,47.78
2026-08-18T03:13:01,112.77,48.04
2026-08-18T03:13:02,113.48,48.75
2026-08-18T03:13:03,114.02,49.28
2026-08-18T03:13:04,113.21,48.48
2026-08-18T03:13:05,113.88,49.14
2026-08-18T03:13:06,113.12,48.39
2026-08-18T03:13:07,112.59,47.87
2026-08-18T03:13:08,112.15,47.43
2026-08-18T03:13:09,111.74,47.03
2026-08-18T03:13:10,111.37,46.66
2026-08-18T03:13:11,111.29,46.58
2026-08-18T03:13:12,111.22,46.52
2026-08-18T03:13:13,111.29,46.58
2026-08-18T03:13:14,111.72,47.01
2026-08-18T03:13:15,111.29,46.58
2026-08-18T03:13:16,111.45,46.74
2026-08-18T03:13:17,111.2,46.49
2026-08-18T03:13:18,111.09,46.39
2026-08-18T03:13:19,110.54,45.85
2026-08-18T03:13:20,110.59,45.9
2026-08-18T03:13:21,110.27,45.58
2026-08-18T03:13:22,111.05,46.35
2026-08-18T03:13:23,110.92,46.22
2026-08-18T03:13:24,111.58,46.87
2026-08-18T03:13:25,111.35,46.65
2026-08-18T03:13:26,111.29,46.58
2026-08-18T03:13:27,110.98,46.28
2026-08-18T03:13:28,110.7,46.01
2026-08-18T03:13:29,110.33,45.64
2026-08-18T03:13:30,111.41,46.7
2026-08-18T03:13:31,111.07,46.37
2026-08-18T03:13:32,110.57,45.88
2026-08-18T03:13:33,110.82,46.12
2026-08-18T03:13:34,110.52,45.83
2026-08-18T03:13:35,111.08,46.38
2026-08-18T03:13:36,111.03,46.33
2026-08-18T03:13:37,111.3,46.6
2026-08-18T03:13:38,111.22,46.52
2026-08-18T03:13:39,110.81,46.11
2026-08-18T03:13:40,110.43,45.73
2026-08-18T03:13:41,110.39,45.7
2026-08-18T03:13:42,110.03,45.34
2026-08-18T03:13:43,110.69,45.99
2026-08-18T03:13:44,110.36,45.67
2026-08-18T03:13:45,110.99,46.29
2026-08-18T03:13:46,110.53,45.84
2026-08-18T03:13:47,110.25,45.56
2026-08-18T03:13:48,110.39,45.7
2026-08-18T03:13:49,110.47,45.78
2026-08-18T03:13:50,110.34,45.65
2026-08-18T03:13:51,110.2,45.51
2026-08-18T03:13:52,110.24,45.55
2026-08-18T03:13:53,110.34,45.65
2026-08-18T03:13:54,110.43,45.74
2026-08-18T03:13:55,110.65,45.95
2026-08-18T03:13:56,110.47,45.78
2026-08-18T03:13:57,110.34,45.65
2026-08-18T03:13:58,110.22,45.53
2026-08-18T03:13:59,110.55,45.86
2026-08-18T03:14:00,110.62,45.93
2026-08-18T03:14:01,110.19,45.5
2026-08-18T03:14:02,110.05,45.36
2026-08-18T03:14:03,109.94,45.25
2026-08-18T03:14:04,109.86,45.17
2026-08-18T03:14:05,109.98,45.3
2026-08-18T03:14:06,109.8,45.12
2026-08-18T03:14:07,110.23,45.54
2026-08-18T03:14:08,110.0,45.31
2026-08-18T03:14:09,110.14,45.45
2026-08-18T03:14:10,110.34,45.64
2026-08-18T03:14:11,110.45,45.76
2026-08-18T03:14:12,110.92,46.22
2026-08-18T03:14:13,110.29,45.6
2026-08-18T03:14:14,110.4,45.7
2026-08-18T03:14:15,110.64,45.95
2026-08-18T03:14:16,110.65,45.96
2026-08-18T03:14:17,110.56,45.86
2026-08-18T03:14:18,110.68,45.98
2026-08-18T03:14:19,110.27,45.57
2026-08-18T03:14:20,110.57,45.88
2026-08-18T03:14:21,110.54,45.84
2026-08-18T03:14:22,110.07,45.39
2026-08-18T03:14:23,110.51,45.82
2026-08-18T03:14:24,110.72,46.03
2026-08-18T03:14:25,110.45,45.76
2026-08-18T03:14:26,110.24,45.55
2026-08-18T03:14:27,110.63,45.93
2026-08-18T03:14:28,110.29,45.6
2026-08-18T03:14:29,110.83,46.13
2026-08-18T03:14:30,110.8,46.1
2026-08-18T03:14:31,110.76,46.07
2026-08-18T03:14:32,110.6,45.91
2026-08-18T03:14:33,110.5,45.8
2026-08-18T03:14:34,110.22,45.53
2026-08-18T03:14:35,110.68,45.98
2026-08-18T03:14:36,110.61,45.92
2026-08-18T03:14:37,110.11,45.42
2026-08-18T03:14:38,110.72,46.03
2026-08-18T03:14:39,110.27,45.58
2026-08-18T03:14:40,110.65,45.95
2026-08-18T03:14:41,110.66,45.97
2026-08-18T03:14:42,111.03,46.33
2026-08-18T03:14:43,111.09,46.39
2026-08-18T03:14:44,110.9,46.2
2026-08-18T03:14:45,111.42,46.71
2026-08-18T03:14:46,111.0,46.3
2026-08-18T03:14:47,111.41,46.71
2026-08-18T03:14:48,111.39,46.68
2026-08-18T03:14:49,111.41,46.7
2026-08-18T03:14:50,111.78,47.06
2026-08-18T03:14:51,112.14,47.42
2026-08-18T03:14:52,112.82,48.1
2026-08-18T03:14:53,113.54,48.81
2026-08-18T03:14:54,114.43,49.68
2026-08-18T03:14:55,115.88,51.11
2026-08-18T03:14:56,116.41,51.64
2026-08-18T03:14:57,117.52,52.73
2026-08-18T03:14:58,119.82,55.0
2026-08-18T03:14:59,123.73,58.85
2026-08-18T03:15:00,125.17,60.27
2026-08-18T03:15:01,127.1,62.17
2026-08-18T03:15:02,127.23,62.29
2026-08-18T03:15:03,127.05,62.12
2026-08-18T03:15:04,126.46,61.54
2026-08-18T03:15:05,122.78,57.91
2026-08-18T03:15:06,120.33,55.5
2026-08-18T03:15:07,117.98,53.18
2026-08-18T03:15:08,116.73,51.95
2026-08-18T03:15:09,115.41,50.65
2026-08-18T03:15:10,114.77,50.01
2026-08-18T03:15:11,114.55,49.8
2026-08-18T03:15:12,113.37,48.63
2026-08-18T03:15:13,112.2,47.48
2026-08-18T03:15:14,112.05,47.33
2026-08-18T03:15:15,112.21,47.5
2026-08-18T03:15:16,111.91,47.19
2026-08-18T03:15:17,111.52,46.81
2026-08-18T03:15:18,111.86,47.14
2026-08-18T03:15:19,111.53,46.83
2026-08-18T03:15:20,111.38,46.67
2026-08-18T03:15:21,110.89,46.19
2026-08-18T03:15:22,110.67,45.97
2026-08-18T03:15:23,110.51,45.82
2026-08-18T03:15:24,110.88,46.18
2026-08-18T03:15:25,114.12,49.37
2026-08-18T03:15:26,113.54,48.8
2026-08-18T03:15:27,115.18,50.42
2026-08-18T03:15:28,113.91,49.17
2026-08-18T03:15:29,115.65,50.88
2026-08-18T03:15:30,115.09,50.33
2026-08-18T03:15:31,113.56,48.82
2026-08-18T03:15:32,111.53,46.82
2026-08-18T03:15:33,111.04,46.34
2026-08-18T03:15:34,110.78,46.08
2026-08-18T03:15:35,110.84,46.14
2026-08-18T03:15:36,110.19,45.5
2026-08-18T03:15:37,110.76,46.07
2026-08-18T03:15:38,111.02,46.32
2026-08-18T03:15:39,110.67,45.98
2026-08-18T03:15:40,110.21,45.52
2026-08-18T03:15:41,110.44,45.75
2026-08-18T03:15:42,110.94,46.24
2026-08-18T03:15:43,110.52,45.82
2026-08-18T03:15:44,110.6,45.91
2026-08-18T03:15:45,110.68,45.99
2026-08-18T03:15:46,110.48,45.79
2026-08-18T03:15:47,110.5,45.81
2026-08-18T03:15:48,110.74,46.04
2026-08-18T03:15:49,110.43,45.73
2026-08-18T03:15:50,110.99,46.29
2026-08-18T03:15:51,111.02,46.32
2026-08-18T03:15:52,110.77,46.07
2026-08-18T03:15:53,111.02,46.32
2026-08-18T03:15:54,110.8,46.1
2026-08-18T03:15:55,110.65,45.95
2026-08-18T03:15:56,110.75,46.05
2026-08-18T03:15:57,110.83,46.13
2026-08-18T03:15:58,111.31,46.61
2026-08-18T03:15:59,111.04,46.33
2026-08-18T03:16:00,110.96,46.26
2026-08-18T03:16:01,110.54,45.84
2026-08-18T03:16:02,110.82,46.12
2026-08-18T03:16:03,110.73,46.03
2026-08-18T03:16:04,110.66,45.97
2026-08-18T03:16:05,110.66,45.97
2026-08-18T03:16:06,110.72,46.02
2026-08-18T03:16:07,110.92,46.22
2026-08-18T03:16:08,111.38,46.68
2026-08-18T03:16:09,110.63,45.94
2026-08-18T03:16:10,110.69,45.99
2026-08-18T03:16:11,110.96,46.26
2026-08-18T03:16:12,110.66,45.96
2026-08-18T03:16:13,110.57,45.87
2026-08-18T03:16:14,110.27,45.58
2026-08-18T03:16:15,110.92,46.22
2026-08-18T03:16:16,110.94,46.24
2026-08-18T03:16:17,110.78,46.08
2026-08-18T03:16:18,111.21,46.5
2026-08-18T03:16:19,111.29,46.59
2026-08-18T03:16:20,111.39,46.69
2026-08-18T03:16:21,111.35,46.64
2026-08-18T03:16:22,111.47,46.76
2026-08-18T03:16:23,111.51,46.8
2026-08-18T03:16:24,110.65,45.95
2026-08-18T03:16:25,110.74,46.04
2026-08-18T03:16:26,111.25,46.55
2026-08-18T03:16:27,110.68,45.98
2026-08-18T03:16:28,111.01,46.31
2026-08-18T03:16:29,110.92,46.22
2026-08-18T03:16:30,111.32,46.62
2026-08-18T03:16:31,110.92,46.22
2026-08-18T03:16:32,110.84,46.14
2026-08-18T03:16:33,111.01,46.31
2026-08-18T03:16:34,111.02,46.31
2026-08-18T03:16:35,110.87,46.17
2026-08-18T03:16:36,111.19,46.49
2026-08-18T03:16:37,110.78,46.09
2026-08-18T03:16:38,111.42,46.71
2026-08-18T03:16:39,111.36,46.65
2026-08-18T03:16:40,111.42,46.71
2026-08-18T03:16:41,110.85,46.15
2026-08-18T03:16:42,111.15,46.44
2026-08-18T03:16:43,111.06,46.36
2026-08-18T03:16:44,111.34,46.64
2026-08-18T03:16:45,111.33,46.63
2026-08-18T03:16:46,111.47,46.77
2026-08-18T03:16:47,111.21,46.51
2026-08-18T03:16:48,110.74,46.04
2026-08-18T03:16:49,111.07,46.37
2026-08-18T03:16:50,110.61,45.91
2026-08-18T03:16:51,110.73,46.04
2026-08-18T03:16:52,110.73,46.04
2026-08-18T03:16:53,110.58,45.88
2026-08-18T03:16:54,110.33,45.64
2026-08-18T03:16:55,110.4,45.71
2026-08-18T03:16:56,110.37,45.68
2026-08-18T03:16:57,109.76,45.07
2026-08-18T03:16:58,110.02,45.33
2026-08-18T03:16:59,110.63,45.93
2026-08-18T03:17:00,110.53,45.83
2026-08-18T03:17:01,110.27,45.58
2026-08-18T03:17:02,110.34,45.65
2026-08-18T03:17:03,110.36,45.66
2026-08-18T03:17:04,110.45,45.75
2026-08-18T03:17:05,110.76,46.07
2026-08-18T03:17:06,110.64,45.94
2026-08-18T03:17:07,110.21,45.52
2026-08-18T03:17:08,110.39,45.7
2026-08-18T03:17:09,110.48,45.79
2026-08-18T03:17:10,110.41,45.72
2026-08-18T03:17:11,110.77,46.07
2026-08-18T03:17:12,110.42,45.73
2026-08-18T03:17:13,110.47,45.78
2026-08-18T03:17:14,110.82,46.12
2026-08-18T03:17:15,110.96,46.26
2026-08-18T03:17:16,110.99,46.29
2026-08-18T03:17:17,110.55,45.85
2026-08-18T03:17:18,110.93,46.23
2026-08-18T03:17:19,111.1,46.4
2026-08-18T03:17:20,111.31,46.6
2026-08-18T03:17:21,110.98,46.28
2026-08-18T03:17:22,111.16,46.46
2026-08-18T03:17:23,111.87,47.16
2026-08-18T03:17:24,111.59,46.88
2026-08-18T03:17:25,111.47,46.76
2026-08-18T03:17:26,112.29,47.57
2026-08-18T03:17:27,113.9,49.16
2026-08-18T03:17:28,113.82,49.08
2026-08-18T03:17:29,116.21,51.44
2026-08-18T03:17:30,113.35,48.61
2026-08-18T03:17:31,111.54,46.83
2026-08-18T03:17:32,111.5,46.79
2026-08-18T03:17:33,111.24,46.54
2026-08-18T03:17:34,110.94,46.24
2026-08-18T03:17:35,110.89,46.19
2026-08-18T03:17:36,110.85,46.15
2026-08-18T03:17:37,110.71,46.02
2026-08-18T03:17:38,110.89,46.19
2026-08-18T03:17:39,111.06,46.36
2026-08-18T03:17:40,110.47,45.78
2026-08-18T03:17:41,110.41,45.72
2026-08-18T03:17:42,110.39,45.7
2026-08-18T03:17:43,110.38,45.69
2026-08-18T03:17:44,109.63,44.95
2026-08-18T03:17:45,109.73,45.05
2026-08-18T03:17:46,109.81,45.13
2026-08-18T03:17:47,110.21,45.52
2026-08-18T03:17:48,110.14,45.45
2026-08-18T03:17:49,109.92,45.23
2026-08-18T03:17:50,109.47,44.79
2026-08-18T03:17:51,110.28,45.59
2026-08-18T03:17:52,110.62,45.92
2026-08-18T03:17:53,109.65,44.97
2026-08-18T03:17:54,110.55,45.85
2026-08-18T03:17:55,110.25,45.56
2026-08-18T03:17:56,110.06,45.38
2026-08-18T03:17:57,110.28,45.59
2026-08-18T03:17:58,110.35,45.66
2026-08-18T03:17:59,110.19,45.5
2026-08-18T03:18:00,110.48,45.78
2026-08-18T03:18:01,110.01,45.32
2026-08-18T03:18:02,109.95,45.27
2026-08-18T03:18:03,110.06,45.37
2026-08-18T03:18:04,109.83,45.14
2026-08-18T03:18:05,110.14,45.45
2026-08-18T03:18:06,110.0,45.31
2026-08-18T03:18:07,109.91,45.23
2026-08-18T03:18:08,109.27,44.59
2026-08-18T03:18:09,109.84,45.16
2026-08-18T03:18:10,110.27,45.58
2026-08-18T03:18:11,109.96,45.27
2026-08-18T03:18:12,109.96,45.28
2026-08-18T03:18:13,109.97,45.29
2026-08-18T03:18:14,109.85,45.17
2026-08-18T03:18:15,109.86,45.17
2026-08-18T03:18:16,110.11,45.42
2026-08-18T03:18:17,110.26,45.57
2026-08-18T03:18:18,110.09,45.41
2026-08-18T03:18:19,110.22,45.53
2026-08-18T03:18:20,110.08,45.39
2026-08-18T03:18:21,109.76,45.08
2026-08-18T03:18:22,109.62,44.94
2026-08-18T03:18:23,109.89,45.21
2026-08-18T03:18:24,109.97,45.28
2026-08-18T03:18:25,110.13,45.44
2026-08-18T03:18:26,109.78,45.1
2026-08-18T03:18:27,110.44,45.75
2026-08-18T03:18:28,110.1,45.41
2026-08-18T03:18:29,109.94,45.26
2026-08-18T03:18:30,109.98,45.3
2026-08-18T03:18:31,110.17,45.48
2026-08-18T03:18:32,109.89,45.2
2026-08-18T03:18:33,110.36,45.67
2026-08-18T03:18:34,110.37,45.68
2026-08-18T03:18:35,110.45,45.76
2026-08-18T03:18:36,110.15,45.46
2026-08-18T03:18:37,110.18,45.49
2026-08-18T03:18:38,110.06,45.38
2026-08-18T03:18:39,109.7,45.02
2026-08-18T03:18:40,110.23,45.54
2026-08-18T03:18:41,109.89,45.21
2026-08-18T03:18:42,110.32,45.62
2026-08-18T03:18:43,110.07,45.38
2026-08-18T03:18:44,109.84,45.16
2026-08-18T03:18:45,109.94,45.25
2026-08-18T03:18:46,109.57,44.89
2026-08-18T03:18:47,109.58,44.9
2026-08-18T03:18:48,109.96,45.28
2026-08-18T03:18:49,109.67,44.98
2026-08-18T03:18:50,110.01,45.32
2026-08-18T03:18:51,109.98,45.3
2026-08-18T03:18:52,110.37,45.68
2026-08-18T03:18:53,109.99,45.31
2026-08-18T03:18:54,110.12,45.44
2026-08-18T03:18:55,110.05,45.36
2026-08-18T03:18:56,110.25,45.56
2026-08-18T03:18:57,110.08,45.4
2026-08-18T03:18:58,110.08,45.39
2026-08-18T03:18:59,110.23,45.54
2026-08-18T03:19:00,110.01,45.32
2026-08-18T03:19:01,110.12,45.43
2026-08-18T03:19:02,109.97,45.28
2026-08-18T03:19:03,110.02,45.33
2026-08-18T03:19:04,109.9,45.22
2026-08-18T03:19:05,110.3,45.61
2026-08-18T03:19:06,110.56,45.87
2026-08-18T03:19:07,111.05,46.34
2026-08-18T03:19:08,110.57,45.88
2026-08-18T03:19:09,110.86,46.17
2026-08-18T03:19:10,110.5,45.81
2026-08-18T03:19:11,110.95,46.25
2026-08-18T03:19:12,111.74,47.03
2026-08-18T03:19:13,111.11,46.41
2026-08-18T03:19:14,111.46,46.75
2026-08-18T03:19:15,111.19,46.48
2026-08-18T03:19:16,111.52,46.81
2026-08-18T03:19:17,111.84,47.13
2026-08-18T03:19:18,111.01,46.31
2026-08-18T03:19:19,110.51,45.82
2026-08-18T03:19:20,110.3,45.61
2026-08-18T03:19:21,109.93,45.25
2026-08-18T03:19:22,110.5,45.81
2026-08-18T03:19:23,109.96,45.27
2026-08-18T03:19:24,110.21,45.52
2026-08-18T03:19:25,110.19,45.5
2026-08-18T03:19:26,110.64,45.94
2026-08-18T03:19:27,110.46,45.77
2026-08-18T03:19:28,111.1,46.4
2026-08-18T03:19:29,111.09,46.38
2026-08-18T03:19:30,110.93,46.23
2026-08-18T03:19:31,110.81,46.12
2026-08-18T03:19:32,111.05,46.35
2026-08-18T03:19:33,111.4,46.69
2026-08-18T03:19:34,111.45,46.74
2026-08-18T03:19:35,111.87,47.16
2026-08-18T03:19:36,112.24,47.52
2026-08-18T03:19:37,110.43,45.74
2026-08-18T03:19:38,110.44,45.75
2026-08-18T03:19:39,110.26,45.57
2026-08-18T03:19:40,109.78,45.1
2026-08-18T03:19:41,109.97,45.28
2026-08-18T03:19:42,110.07,45.38
2026-08-18T03:19:43,109.95,45.27
2026-08-18T03:19:44,110.28,45.59
2026-08-18T03:19:45,109.97,45.29
2026-08-18T03:19:46,110.46,45.76
2026-08-18T03:19:47,110.38,45.69
2026-08-18T03:19:48,110.44,45.75
2026-08-18T03:19:49,110.76,46.07
2026-08-18T03:19:50,109.85,45.16
2026-08-18T03:19:51,110.18,45.49
2026-08-18T03:19:52,110.58,45.88
2026-08-18T03:19:53,110.11,45.43
2026-08-18T03:19:54,110.04,45.36
2026-08-18T03:19:55,110.44,45.75
2026-08-18T03:19:56,110.17,45.49
2026-08-18T03:19:57,110.48,45.78
2026-08-18T03:19:58,111.09,46.38
2026-08-18T03:19:59,110.73,46.03
2026-08-18T03:20:00,111.1,46.4
2026-08-18T03:20:01,110.68,45.99
2026-08-18T03:20:02,110.5,45.81
2026-08-18T03:20:03,110.25,45.56
2026-08-18T03:20:04,111.19,46.49
2026-08-18T03:20:05,111.16,46.45
2026-08-18T03:20:06,110.8,46.1
2026-08-18T03:20:07,110.68,45.98
2026-08-18T03:20:08,111.16,46.46
2026-08-18T03:20:09,110.55,45.86
2026-08-18T03:20:10,110.07,45.39
2026-08-18T03:20:11,110.0,45.31
2026-08-18T03:20:12,110.04,45.35
2026-08-18T03:20:13,109.8,45.12
2026-08-18T03:20:14,109.8,45.11
2026-08-18T03:20:15,110.0,45.31
2026-08-18T03:20:16,109.65,44.96
2026-08-18T03:20:17,110.12,45.44
2026-08-18T03:20:18,110.07,45.38
2026-08-18T03:20:19,110.16,45.47
2026-08-18T03:20:20,110.14,45.45
2026-08-18T03:20:21,110.31,45.62
2026-08-18T03:20:22,110.15,45.46
2026-08-18T03:20:23,110.1,45.41
2026-08-18T03:20:24,110.08,45.39
2026-08-18T03:20:25,110.16,45.47
2026-08-18T03:20:26,110.62,45.92
2026-08-18T03:20:27,110.68,45.98
2026-08-18T03:20:28,110.65,45.95
2026-08-18T03:20:29,111.8,47.09
2026-08-18T03:20:30,112.62,47.9
2026-08-18T03:20:31,113.04,48.31
2026-08-18T03:20:32,110.35,45.65
2026-08-18T03:20:33,111.88,47.16
2026-08-18T03:20:34,111.46,46.75
2026-08-18T03:20:35,111.24,46.54
2026-08-18T03:20:36,111.38,46.67
2026-08-18T03:20:37,112.0,47.28
2026-08-18T03:20:38,112.62,47.9
2026-08-18T03:20:39,113.74,49.0
2026-08-18T03:20:40,115.43,50.67
2026-08-18T03:20:41,116.66,51.88
2026-08-18T03:20:42,119.68,54.86
2026-08-18T03:20:43,122.46,57.59
2026-08-18T03:20:44,125.06,60.16
2026-08-18T03:20:45,129.02,64.06
2026-08-18T03:20:46,131.54,66.55
2026-08-18T03:20:47,127.32,62.39
2026-08-18T03:20:48,121.97,57.11
2026-08-18T03:20:49,117.83,53.03
2026-08-18T03:20:50,114.94,50.18
2026-08-18T03:20:51,113.33,48.59
2026-08-18T03:20:52,114.11,49.36
2026-08-18T03:20:53,112.56,47.84
2026-08-18T03:20:54,110.95,46.25
2026-08-18T03:20:55,110.9,46.2
2026-08-18T03:20:56,110.73,46.03
2026-08-18T03:20:57,110.35,45.66
2026-08-18T03:20:58,110.05,45.36
2026-08-18T03:20:59,110.59,45.9
2026-08-18T03:21:00,110.42,45.73
2026-08-18T03:21:01,110.24,45.55
2026-08-18T03:21:02,110.02,45.33
2026-08-18T03:21:03,110.48,45.79
2026-08-18T03:21:04,110.32,45.63
2026-08-18T03:21:05,110.42,45.72
2026-08-18T03:21:06,110.57,45.87
2026-08-18T03:21:07,110.16,45.47
2026-08-18T03:21:08,110.24,45.55
2026-08-18T03:21:09,110.39,45.7
2026-08-18T03:21:10,110.12,45.43
2026-08-18T03:21:11,109.91,45.22
2026-08-18T03:21:12,110.1,45.41
2026-08-18T03:21:13,109.85,45.17
2026-08-18T03:21:14,109.95,45.27
2026-08-18T03:21:15,110.13,45.44
2026-08-18T03:21:16,109.79,45.1
2026-08-18T03:21:17,110.05,45.36
2026-08-18T03:21:18,109.9,45.21
2026-08-18T03:21:19,110.21,45.52
2026-08-18T03:21:20,110.25,45.56
2026-08-18T03:21:21,110.8,46.1
2026-08-18T03:21:22,110.08,45.39
2026-08-18T03:21:23,110.33,45.64
2026-08-18T03:21:24,110.35,45.66
2026-08-18T03:21:25,110.42,45.73
2026-08-18T03:21:26,109.75,45.07
2026-08-18T03:21:27,110.46,45.77
2026-08-18T03:21:28,110.52,45.83
2026-08-18T03:21:29,110.08,45.39
2026-08-18T03:21:30,109.92,45.24
2026-08-18T03:21:31,110.18,45.49
2026-08-18T03:21:32,109.9,45.21
2026-08-18T03:21:33,109.99,45.3
2026-08-18T03:21:34,110.1,45.42
2026-08-18T03:21:35,109.97,45.28
2026-08-18T03:21:36,110.02,45.33
2026-08-18T03:21:37,109.84,45.15
2026-08-18T03:21:38,110.28,45.59
2026-08-18T03:21:39,110.37,45.68
2026-08-18T03:21:40,110.33,45.64
2026-08-18T03:21:41,110.48,45.79
2026-08-18T03:21:42,110.17,45.48
2026-08-18T03:21:43,110.08,45.39
2026-08-18T03:21:44,110.54,45.84
2026-08-18T03:21:45,110.68,45.99
2026-08-18T03:21:46,110.74,46.05
2026-08-18T03:21:47,111.11,46.41
2026-08-18T03:21:48,111.41,46.7
2026-08-18T03:21:49,111.37,46.67
2026-08-18T03:21:50,111.05,46.35
2026-08-18T03:21:51,110.96,46.26
2026-08-18T03:21:52,110.49,45.8
2026-08-18T03:21:53,110.75,46.06
2026-08-18T03:21:54,109.81,45.12
2026-08-18T03:21:55,109.72,45.04
2026-08-18T03:21:56,110.27,45.58
2026-08-18T03:21:57,110.51,45.82
2026-08-18T03:21:58,110.75,46.05
2026-08-18T03:21:59,111.09,46.39
2026-08-18T03:22:00,110.47,45.77
2026-08-18T03:22:01,111.26,46.55
2026-08-18T03:22:02,111.44,46.73
2026-08-18T03:22:03,112.86,48.13
2026-08-18T03:22:04,112.21,47.49
2026-08-18T03:22:05,111.58,46.87
2026-08-18T03:22:06,111.74,47.03
2026-08-18T03:22:07,111.5,46.8
2026-08-18T03:22:08,111.64,46.93
2026-08-18T03:22:09,111.65,46.94
2026-08-18T03:22:10,110.98,46.28
2026-08-18T03:22:11,110.34,45.65
2026-08-18T03:22:12,110.72,46.03
2026-08-18T03:22:13,110.91,46.21
2026-08-18T03:22:14,111.69,46.97
2026-08-18T03:22:15,110.86,46.16
2026-08-18T03:22:16,110.71,46.01
2026-08-18T03:22:17,111.56,46.85
2026-08-18T03:22:18,110.29,45.6
2026-08-18T03:22:19,110.06,45.37
2026-08-18T03:22:20,110.25,45.56
2026-08-18T03:22:21,109.8,45.11
2026-08-18T03:22:22,110.75,46.05
2026-08-18T03:22:23,110.03,45.34
2026-08-18T03:22:24,109.63,44.95
2026-08-18T03:22:25,110.1,45.41
2026-08-18T03:22:26,110.2,45.51
2026-08-18T03:22:27,110.24,45.55
2026-08-18T03:22:28,110.15,45.46
2026-08-18T03:22:29,109.87,45.18
2026-08-18T03:22:30,109.86,45.18
2026-08-18T03:22:31,110.68,45.98
2026-08-18T03:22:32,110.08,45.39
2026-08-18T03:22:33,110.11,45.42
2026-08-18T03:22:34,109.89,45.2
2026-08-18T03:22:35,110.42,45.73
2026-08-18T03:22:36,110.44,45.75
2026-08-18T03:22:37,110.66,45.96
2026-08-18T03:22:38,110.34,45.64
2026-08-18T03:22:39,110.4,45.71
2026-08-18T03:22:40,110.51,45.81
2026-08-18T03:22:41,110.22,45.53
2026-08-18T03:22:42,110.37,45.68
2026-08-18T03:22:43,110.2,45.51
2026-08-18T03:22:44,110.72,46.02
2026-08-18T03:22:45,110.27,45.58
2026-08-18T03:22:46,110.58,45.88
2026-08-18T03:22:47,110.35,45.65
2026-08-18T03:22:48,110.16,45.47
2026-08-18T03:22:49,110.51,45.82
2026-08-18T03:22:50,110.4,45.7
2026-08-18T03:22:51,110.27,45.58
2026-08-18T03:22:52,110.14,45.45
2026-08-18T03:22:53,110.13,45.44
2026-08-18T03:22:54,110.44,45.75
2026-08-18T03:22:55,110.52,45.83
2026-08-18T03:22:56,110.54,45.84
2026-08-18T03:22:57,110.38,45.69
2026-08-18T03:22:58,110.53,45.83
2026-08-18T03:22:59,110.23,45.54
2026-08-18T03:23:00,110.29,45.6
2026-08-18T03:23:01,110.36,45.66
2026-08-18T03:23:02,110.25,45.56
2026-08-18T03:23:03,109.74,45.05
2026-08-18T03:23:04,110.32,45.63
2026-08-18T03:23:05,110.52,45.82
2026-08-18T03:23:06,110.06,45.37
2026-08-18T03:23:07,110.05,45.36
2026-08-18T03:23:08,110.38,45.69
2026-08-18T03:23:09,110.32,45.63
2026-08-18T03:23:10,110.35,45.66
2026-08-18T03:23:11,109.54,44.86
2026-08-18T03:23:12,109.93,45.24
2026-08-18T03:23:13,109.85,45.17
2026-08-18T03:23:14,109.9,45.22
2026-08-18T03:23:15,109.8,45.12
2026-08-18T03:23:16,109.93,45.24
2026-08-18T03:23:17,109.87,45.18
2026-08-18T03:23:18,110.45,45.76
2026-08-18T03:23:19,109.98,45.29
2026-08-18T03:23:20,110.16,45.47
2026-08-18T03:23:21,110.02,45.33
2026-08-18T03:23:22,109.72,45.04
2026-08-18T03:23:23,109.92,45.24
2026-08-18T03:23:24,109.78,45.09
2026-08-18T03:23:25,110.05,45.36
2026-08-18T03:23:26,109.86,45.18
2026-08-18T03:23:27,110.06,45.37
2026-08-18T03:23:28,109.8,45.12
2026-08-18T03:23:29,109.85,45.16
2026-08-18T03:23:30,109.58,44.9
2026-08-18T03:23:31,109.21,44.53
2026-08-18T03:23:32,109.74,45.06
2026-08-18T03:23:33,109.75,45.07
2026-08-18T03:23:34,109.84,45.16
2026-08-18T03:23:35,110.16,45.47
2026-08-18T03:23:36,109.88,45.2
2026-08-18T03:23:37,110.19,45.5
2026-08-18T03:23:38,110.07,45.38
2026-08-18T03:23:39,109.97,45.28
2026-08-18T03:23:40,109.81,45.12
2026-08-18T03:23:41,109.71,45.03
2026-08-18T03:23:42,110.17,45.48
2026-08-18T03:23:43,110.68,45.99
2026-08-18T03:23:44,110.32,45.63
2026-08-18T03:23:45,110.87,46.17
2026-08-18T03:23:46,110.09,45.4
2026-08-18T03:23:47,110.8,46.11
2026-08-18T03:23:48,110.4,45.71
2026-08-18T03:23:49,110.54,45.84
2026-08-18T03:23:50,109.9,45.22
2026-08-18T03:23:51,109.98,45.29
2026-08-18T03:23:52,109.77,45.08
2026-08-18T03:23:53,109.57,44.89
2026-08-18T03:23:54,109.68,45.0
2026-08-18T03:23:55,109.92,45.24
2026-08-18T03:23:56,109.91,45.22
2026-08-18T03:23:57,110.13,45.44
2026-08-18T03:23:58,109.94,45.25
2026-08-18T03:23:59,110.11,45.42
2026-08-18T03:24:00,110.23,45.54
2026-08-18T03:24:01,110.02,45.33
2026-08-18T03:24:02,110.33,45.64
2026-08-18T03:24:03,110.42,45.73
2026-08-18T03:24:04,110.3,45.61
2026-08-18T03:24:05,110.4,45.71
2026-08-18T03:24:06,110.65,45.95
2026-08-18T03:24:07,109.68,45.0
2026-08-18T03:24:08,110.82,46.12
2026-08-18T03:24:09,110.58,45.89
2026-08-18T03:24:10,110.84,46.14
2026-08-18T03:24:11,110.2,45.51
2026-08-18T03:24:12,110.51,45.81
2026-08-18T03:24:13,110.54,45.84
2026-08-18T03:24:14,109.93,45.24
2026-08-18T03:24:15,110.15,45.46
2026-08-18T03:24:16,110.53,45.84
2026-08-18T03:24:17,110.75,46.05
2026-08-18T03:24:18,110.93,46.23
2026-08-18T03:24:19,110.59,45.89
2026-08-18T03:24:20,110.55,45.86
2026-08-18T03:24:21,110.51,45.82
2026-08-18T03:24:22,110.44,45.75
2026-08-18T03:24:23,110.24,45.55
2026-08-18T03:24:24,110.69,45.99
2026-08-18T03:24:25,110.51,45.81
2026-08-18T03:24:26,110.52,45.83
2026-08-18T03:24:27,110.45,45.76
2026-08-18T03:24:28,109.75,45.07
2026-08-18T03:24:29,110.43,45.74
2026-08-18T03:24:30,110.4,45.71
2026-08-18T03:24:31,110.37,45.68
2026-08-18T03:24:32,110.05,45.36
2026-08-18T03:24:33,109.66,44.98
2026-08-18T03:24:34,109.99,45.3
2026-08-18T03:24:35,109.97,45.29
2026-08-18T03:24:36,110.05,45.36
2026-08-18T03:24:37,109.84,45.16
2026-08-18T03:24:38,110.03,45.34
2026-08-18T03:24:39,110.7,46.0
2026-08-18T03:24:40,110.4,45.71
2026-08-18T03:24:41,110.12,45.43
2026-08-18T03:24:42,110.02,45.33
2026-08-18T03:24:43,109.69,45.01
2026-08-18T03:24:44,109.83,45.14
2026-08-18T03:24:45,109.63,44.95
2026-08-18T03:24:46,109.83,45.14
2026-08-18T03:24:47,109.89,45.2
2026-08-18T03:24:48,109.9,45.21
2026-08-18T03:24:49,109.85,45.16
2026-08-18T03:24:50,109.92,45.24
2026-08-18T03:24:51,110.06,45.37
2026-08-18T03:24:52,109.95,45.26
2026-08-18T03:24:53,110.14,45.45
2026-08-18T03:24:54,110.71,46.01
2026-08-18T03:24:55,112.18,47.46
2026-08-18T03:24:56,112.97,48.24
2026-08-18T03:24:57,112.09,47.37
2026-08-18T03:24:58,110.48,45.79
2026-08-18T03:24:59,109.93,45.25
2026-08-18T03:25:00,109.82,45.13
2026-08-18T03:25:01,110.21,45.52
2026-08-18T03:25:02,110.02,45.33
2026-08-18T03:25:03,109.9,45.21
2026-08-18T03:25:04,109.97,45.28
2026-08-18T03:25:05,110.24,45.55
2026-08-18T03:25:06,110.28,45.59
2026-08-18T03:25:07,110.07,45.39
2026-08-18T03:25:08,110.1,45.41
2026-08-18T03:25:09,110.37,45.67
2026-08-18T03:25:10,110.22,45.53
2026-08-18T03:25:11,110.07,45.38
2026-08-18T03:25:12,110.09,45.4
2026-08-18T03:25:13,110.28,45.59
2026-08-18T03:25:14,109.84,45.16
2026-08-18T03:25:15,109.8,45.11
2026-08-18T03:25:16,109.63,44.95
2026-08-18T03:25:17,110.02,45.33
2026-08-18T03:25:18,110.24,45.55
2026-08-18T03:25:19,109.83,45.14
2026-08-18T03:25:20,109.86,45.17
2026-08-18T03:25:21,110.34,45.65
2026-08-18T03:25:22,110.04,45.36
2026-08-18T03:25:23,110.27,45.58
2026-08-18T03:25:24,110.59,45.89
2026-08-18T03:25:25,110.16,45.47
2026-08-18T03:25:26,110.27,45.58
2026-08-18T03:25:27,110.29,45.6
2026-08-18T03:25:28,109.97,45.28
2026-08-18T03:25:29,110.13,45.44
2026-08-18T03:25:30,110.22,45.53
2026-08-18T03:25:31,110.56,45.86
2026-08-18T03:25:32,110.57,45.87
2026-08-18T03:25:33,110.73,46.03
2026-08-18T03:25:34,111.04,46.33
2026-08-18T03:25:35,110.48,45.79
2026-08-18T03:25:36,110.39,45.7
2026-08-18T03:25:37,110.34,45.65
2026-08-18T03:25:38,110.46,45.77
2026-08-18T03:25:39,110.78,46.09
2026-08-18T03:25:40,110.38,45.69
2026-08-18T03:25:41,110.63,45.94
2026-08-18T03:25:42,110.34,45.65
2026-08-18T03:25:43,110.13,45.44
2026-08-18T03:25:44,110.3,45.61
2026-08-18T03:25:45,110.59,45.9
2026-08-18T03:25:46,110.99,46.29
2026-08-18T03:25:47,110.38,45.69
2026-08-18T03:25:48,111.11,46.41
2026-08-18T03:25:49,110.52,45.82
2026-08-18T03:25:50,110.81,46.11
2026-08-18T03:25:51,111.4,46.69
2026-08-18T03:25:52,110.97,46.27
2026-08-18T03:25:53,110.69,46.0
2026-08-18T03:25:54,111.33,46.62
2026-08-18T03:25:55,110.55,45.85
2026-08-18T03:25:56,109.82,45.13
2026-08-18T03:25:57,109.91,45.23
2026-08-18T03:25:58,110.05,45.36
2026-08-18T03:25:59,109.92,45.23
2026-08-18T03:26:00,109.98,45.29
2026-08-18T03:26:01,110.29,45.6
2026-08-18T03:26:02,110.16,45.47
2026-08-18T03:26:03,110.47,45.77
2026-08-18T03:26:04,110.55,45.86
2026-08-18T03:26:05,110.32,45.63
2026-08-18T03:26:06,110.39,45.7
2026-08-18T03:26:07,110.53,45.83
2026-08-18T03:26:08,110.44,45.74
2026-08-18T03:26:09,110.71,46.01
2026-08-18T03:26:10,109.85,45.16
2026-08-18T03:26:11,110.17,45.49
2026-08-18T03:26:12,109.85,45.16
2026-08-18T03:26:13,109.97,45.29
2026-08-18T03:26:14,110.01,45.32
2026-08-18T03:26:15,109.64,44.96
2026-08-18T03:26:16,110.43,45.74
2026-08-18T03:26:17,110.32,45.63
2026-08-18T03:26:18,109.71,45.03
2026-08-18T03:26:19,109.69,45.0
2026-08-18T03:26:20,109.68,45.0
2026-08-18T03:26:21,109.82,45.14
2026-08-18T03:26:22,110.33,45.64
2026-08-18T03:26:23,110.13,45.44
2026-08-18T03:26:24,109.85,45.17
2026-08-18T03:26:25,110.24,45.55
2026-08-18T03:26:26,110.51,45.82
2026-08-18T03:26:27,110.23,45.54
2026-08-18T03:26:28,110.51,45.81
2026-08-18T03:26:29,110.59,45.89
2026-08-18T03:26:30,110.36,45.67
2026-08-18T03:26:31,110.85,46.15
2026-08-18T03:26:32,110.6,45.9
2026-08-18T03:26:33,110.92,46.22
2026-08-18T03:26:34,110.94,46.24
2026-08-18T03:26:35,110.61,45.91
2026-08-18T03:26:36,110.31,45.62
2026-08-18T03:26:37,110.66,45.96
2026-08-18T03:26:38,110.84,46.14
2026-08-18T03:26:39,110.31,45.62
2026-08-18T03:26:40,111.09,46.39
2026-08-18T03:26:41,110.76,46.06
2026-08-18T03:26:42,110.53,45.84
2026-08-18T03:26:43,110.86,46.16
2026-08-18T03:26:44,110.39,45.7
2026-08-18T03:26:45,110.58,45.89
2026-08-18T03:26:46,111.32,46.62
2026-08-18T03:26:47,110.92,46.22
2026-08-18T03:26:48,110.68,45.99
2026-08-18T03:26:49,110.93,46.23
2026-08-18T03:26:50,110.64,45.95
2026-08-18T03:26:51,110.69,45.99
2026-08-18T03:26:52,110.65,45.96
2026-08-18T03:26:53,111.06,46.36
2026-08-18T03:26:54,110.6,45.91
2026-08-18T03:26:55,110.79,46.09
2026-08-18T03:26:56,110.89,46.19
2026-08-18T03:26:57,110.78,46.08
2026-08-18T03:26:58,111.0,46.3
2026-08-18T03:26:59,111.0,46.3
2026-08-18T03:27:00,110.73,46.03
2026-08-18T03:27:01,111.01,46.31
2026-08-18T03:27:02,110.65,45.95
2026-08-18T03:27:03,111.01,46.31
2026-08-18T03:27:04,111.0,46.3
2026-08-18T03:27:05,111.43,46.72
2026-08-18T03:27:06,111.04,46.34
2026-08-18T03:27:07,111.09,46.38
2026-08-18T03:27:08,111.38,46.67
2026-08-18T03:27:09,111.33,46.62
2026-08-18T03:27:10,111.92,47.2
2026-08-18T03:27:11,111.5,46.79
2026-08-18T03:27:12,111.46,46.75
2026-08-18T03:27:13,111.6,46.89
2026-08-18T03:27:14,112.0,47.29
2026-08-18T03:27:15,111.47,46.76
2026-08-18T03:27:16,111.52,46.81
2026-08-18T03:27:17,111.69,46.98
2026-08-18T03:27:18,111.74,47.03
2026-08-18T03:27:19,112.24,47.52
2026-08-18T03:27:20,111.71,47.0
2026-08-18T03:27:21,111.54,46.83
2026-08-18T03:27:22,112.09,47.38
2026-08-18T03:27:23,112.46,47.74
2026-08-18T03:27:24,111.27,46.57
2026-08-18T03:27:25,112.04,47.32
2026-08-18T03:27:26,111.44,46.73
2026-08-18T03:27:27,111.01,46.31
2026-08-18T03:27:28,111.67,46.96
2026-08-18T03:27:29,111.72,47.01
2026-08-18T03:27:30,110.99,46.29
2026-08-18T03:27:31,111.41,46.71
2026-08-18T03:27:32,111.51,46.8
2026-08-18T03:27:33,111.61,46.9
2026-08-18T03:27:34,111.51,46.8
2026-08-18T03:27:35,111.45,46.74
2026-08-18T03:27:36,111.15,46.45
2026-08-18T03:27:37,111.47,46.76
2026-08-18T03:27:38,112.02,47.31
2026-08-18T03:27:39,112.14,47.42
2026-08-18T03:27:40,112.0,47.29
2026-08-18T03:27:41,113.37,48.64
2026-08-18T03:27:42,114.28,49.53
2026-08-18T03:27:43,111.66,46.95
2026-08-18T03:27:44,112.18,47.47
2026-08-18T03:27:45,111.45,46.74
2026-08-18T03:27:46,112.15,47.44
2026-08-18T03:27:47,111.34,46.64
2026-08-18T03:27:48,111.36,46.65
2026-08-18T03:27:49,111.56,46.85
2026-08-18T03:27:50,111.77,47.06
2026-08-18T03:27:51,111.09,46.39
2026-08-18T03:27:52,111.13,46.43
2026-08-18T03:27:53,111.25,46.55
2026-08-18T03:27:54,111.51,46.8
2026-08-18T03:27:55,111.11,46.41
2026-08-18T03:27:56,111.24,46.54
2026-08-18T03:27:57,111.24,46.54
2026-08-18T03:27:58,111.58,46.87
2026-08-18T03:27:59,110.83,46.13
2026-08-18T03:28:00,111.3,46.6
2026-08-18T03:28:01,111.08,46.38
2026-08-18T03:28:02,111.25,46.55
2026-08-18T03:28:03,111.58,46.87
2026-08-18T03:28:04,111.65,46.94
2026-08-18T03:28:05,111.65,46.94
2026-08-18T03:28:06,111.42,46.71
2026-08-18T03:28:07,110.96,46.26
2026-08-18T03:28:08,111.49,46.79
2026-08-18T03:28:09,111.24,46.54
2026-08-18T03:28:10,110.96,46.26
2026-08-18T03:28:11,111.03,46.33
2026-08-18T03:28:12,111.56,46.85
2026-08-18T03:28:13,111.45,46.75
2026-08-18T03:28:14,111.31,46.61
2026-08-18T03:28:15,111.07,46.37
2026-08-18T03:28:16,110.57,45.87
2026-08-18T03:28:17,111.0,46.3
2026-08-18T03:28:18,111.02,46.32
2026-08-18T03:28:19,111.14,46.44
2026-08-18T03:28:20,111.11,46.41
2026-08-18T03:28:21,111.58,46.87
2026-08-18T03:28:22,111.26,46.56
2026-08-18T03:28:23,111.29,46.58
2026-08-18T03:28:24,111.17,46.47
2026-08-18T03:28:25,111.82,47.11
2026-08-18T03:28:26,111.95,47.24
2026-08-18T03:28:27,111.93,47.22
2026-08-18T03:28:28,112.2,47.48
2026-08-18T03:28:29,113.7,48.96
2026-08-18T03:28:30,112.77,48.04
2026-08-18T03:28:31,112.82,48.09
2026-08-18T03:28:32,112.9,48.17
2026-08-18T03:28:33,112.48,47.76
2026-08-18T03:28:34,113.07,48.34
2026-08-18T03:28:35,113.21,48.48
2026-08-18T03:28:36,113.5,48.76
2026-08-18T03:28:37,112.74,48.02
2026-08-18T03:28:38,111.96,47.25
2026-08-18T03:28:39,112.29,47.57
2026-08-18T03:28:40,112.11,47.4
2026-08-18T03:28:41,112.24,47.52
2026-08-18T03:28:42,112.15,47.43
2026-08-18T03:28:43,111.89,47.17
2026-08-18T03:28:44,112.36,47.64
2026-08-18T03:28:45,112.7,47.97
2026-08-18T03:28:46,113.14,48.41
2026-08-18T03:28:47,113.11,48.38
2026-08-18T03:28:48,112.15,47.44
2026-08-18T03:28:49,111.84,47.12
2026-08-18T03:28:50,111.1,46.4
2026-08-18T03:28:51,111.53,46.82
2026-08-18T03:28:52,111.47,46.77
2026-08-18T03:28:53,111.57,46.86
2026-08-18T03:28:54,111.3,46.6
2026-08-18T03:28:55,111.42,46.71
2026-08-18T03:28:56,111.17,46.47
2026-08-18T03:28:57,111.09,46.38
2026-08-18T03:28:58,110.69,46.0
2026-08-18T03:28:59,111.33,46.62
2026-08-18T03:29:00,111.16,46.46
2026-08-18T03:29:01,110.9,46.2
2026-08-18T03:29:02,111.32,46.62
2026-08-18T03:29:03,111.18,46.48
2026-08-18T03:29:04,111.41,46.71
2026-08-18T03:29:05,111.42,46.71
2026-08-18T03:29:06,112.09,47.37
2026-08-18T03:29:07,111.64,46.93
2026-08-18T03:29:08,111.51,46.81
2026-08-18T03:29:09,111.55,46.84
2026-08-18T03:29:10,111.25,46.55
2026-08-18T03:29:11,111.16,46.46
2026-08-18T03:29:12,111.26,46.56
2026-08-18T03:29:13,110.82,46.12
2026-08-18T03:29:14,111.27,46.56
2026-08-18T03:29:15,111.55,46.84
2026-08-18T03:29:16,111.83,47.12
2026-08-18T03:29:17,111.59,46.88
2026-08-18T03:29:18,111.39,46.69
2026-08-18T03:29:19,111.02,46.31
2026-08-18T03:29:20,111.54,46.83
2026-08-18T03:29:21,110.92,46.22
2026-08-18T03:29:22,110.92,46.22
2026-08-18T03:29:23,111.1,46.4
2026-08-18T03:29:24,110.88,46.18
2026-08-18T03:29:25,111.02,46.32
2026-08-18T03:29:26,111.01,46.31
2026-08-18T03:29:27,111.07,46.37
2026-08-18T03:29:28,110.91,46.21
2026-08-18T03:29:29,111.23,46.52
2026-08-18T03:29:30,111.29,46.59
2026-08-18T03:29:31,110.94,46.24
2026-08-18T03:29:32,111.33,46.63
2026-08-18T03:29:33,111.12,46.42
2026-08-18T03:29:34,111.2,46.5
2026-08-18T03:29:35,111.25,46.55
2026-08-18T03:29:36,111.32,46.61
2026-08-18T03:29:37,110.98,46.28
2026-08-18T03:29:38,111.12,46.42
2026-08-18T03:29:39,111.34,46.64
2026-08-18T03:29:40,111.3,46.59
2026-08-18T03:29:41,111.49,46.78
2026-08-18T03:29:42,111.56,46.85
2026-08-18T03:29:43,111.3,46.59
2026-08-18T03:29:44,111.72,47.01
2026-08-18T03:29:45,111.82,47.11
2026-08-18T03:29:46,111.39,46.68
2026-08-18T03:29:47,112.39,47.66
2026-08-18T03:29:48,111.68,46.97
2026-08-18T03:29:49,111.13,46.43
2026-08-18T03:29:50,111.11,46.41
2026-08-18T03:29:51,110.93,46.23
2026-08-18T03:29:52,111.27,46.56
2026-08-18T03:29:53,111.12,46.42
2026-08-18T03:29:54,111.32,46.61
2026-08-18T03:29:55,111.17,46.47
2026-08-18T03:29:56,111.01,46.31
2026-08-18T03:29:57,110.87,46.17
2026-08-18T03:29:58,110.69,46.0
2026-08-18T03:29:59,110.85,46.15
2026-08-18T03:30:00,110.71,46.01
2026-08-18T03:30:01,111.01,46.31
2026-08-18T03:30:02,110.8,46.1
2026-08-18T03:30:03,110.9,46.2
2026-08-18T03:30:04,110.39,45.69
2026-08-18T03:30:05,111.0,46.3
2026-08-18T03:30:06,111.15,46.44
2026-08-18T03:30:07,111.05,46.35
2026-08-18T03:30:08,110.82,46.13
2026-08-18T03:30:09,111.01,46.31
2026-08-18T03:30:10,110.89,46.19
2026-08-18T03:30:11,110.94,46.24
2026-08-18T03:30:12,111.13,46.42
2026-08-18T03:30:13,111.11,46.41
2026-08-18T03:30:14,111.22,46.52
2026-08-18T03:30:15,111.14,46.43
2026-08-18T03:30:16,111.14,46.44
2026-08-18T03:30:17,111.05,46.34
2026-08-18T03:30:18,111.53,46.82
2026-08-18T03:30:19,111.5,46.8
2026-08-18T03:30:20,111.01,46.31
2026-08-18T03:30:21,111.12,46.41
2026-08-18T03:30:22,111.05,46.35
2026-08-18T03:30:23,111.08,46.38
2026-08-18T03:30:24,111.16,46.46
2026-08-18T03:30:25,110.97,46.27
2026-08-18T03:30:26,110.55,45.85
2026-08-18T03:30:27,110.89,46.19
2026-08-18T03:30:28,111.04,46.34
2026-08-18T03:30:29,110.93,46.23
2026-08-18T03:30:30,110.84,46.14
2026-08-18T03:30:31,110.8,46.1
2026-08-18T03:30:32,110.78,46.08
2026-08-18T03:30:33,111.06,46.36
2026-08-18T03:30:34,110.67,45.97
2026-08-18T03:30:35,110.74,46.04
2026-08-18T03:30:36,110.54,45.85
2026-08-18T03:30:37,110.71,46.02
2026-08-18T03:30:38,110.94,46.24
2026-08-18T03:30:39,110.28,45.59
2026-08-18T03:30:40,110.77,46.07
2026-08-18T03:30:41,111.6,46.89
2026-08-18T03:30:42,113.5,48.76
2026-08-18T03:30:43,114.36,49.61
2026-08-18T03:30:44,121.45,56.6
2026-08-18T03:30:45,112.58,47.85
2026-08-18T03:30:46,111.09,46.39
2026-08-18T03:30:47,110.88,46.18
2026-08-18T03:30:48,110.89,46.19
2026-08-18T03:30:49,110.87,46.17
2026-08-18T03:30:50,110.69,45.99
2026-08-18T03:30:51,110.26,45.57
2026-08-18T03:30:52,110.77,46.08
2026-08-18T03:30:53,110.8,46.1
2026-08-18T03:30:54,110.82,46.12
2026-08-18T03:30:55,110.73,46.03
2026-08-18T03:30:56,110.49,45.79
2026-08-18T03:30:57,110.74,46.04
2026-08-18T03:30:58,110.73,46.03
2026-08-18T03:30:59,110.84,46.14
2026-08-18T03:31:00,110.59,45.9
2026-08-18T03:31:01,110.68,45.98
2026-08-18T03:31:02,110.67,45.97
2026-08-18T03:31:03,111.25,46.55
2026-08-18T03:31:04,110.81,46.11
2026-08-18T03:31:05,110.89,46.19
2026-08-18T03:31:06,110.94,46.24
2026-08-18T03:31:07,110.96,46.26
2026-08-18T03:31:08,111.37,46.66
2026-08-18T03:31:09,110.86,46.16
2026-08-18T03:31:10,111.21,46.5
2026-08-18T03:31:11,111.29,46.59
2026-08-18T03:31:12,111.09,46.39
2026-08-18T03:31:13,111.0,46.3
2026-08-18T03:31:14,111.03,46.33
2026-08-18T03:31:15,111.41,46.7
2026-08-18T03:31:16,111.25,46.54
2026-08-18T03:31:17,110.71,46.01
2026-08-18T03:31:18,111.34,46.63
2026-08-18T03:31:19,111.54,46.83
2026-08-18T03:31:20,111.63,46.92
2026-08-18T03:31:21,111.7,46.99
2026-08-18T03:31:22,111.5,46.79
2026-08-18T03:31:23,112.06,47.34
2026-08-18T03:31:24,111.23,46.52
2026-08-18T03:31:25,111.71,47.0
2026-08-18T03:31:26,111.79,47.08
2026-08-18T03:31:27,111.66,46.95
2026-08-18T03:31:28,111.7,46.99
2026-08-18T03:31:29,112.55,47.83
2026-08-18T03:31:30,113.3,48.57
2026-08-18T03:31:31,112.95,48.22
2026-08-18T03:31:32,111.27,46.57
2026-08-18T03:31:33,111.33,46.62
2026-08-18T03:31:34,112.21,47.49
2026-08-18T03:31:35,111.51,46.8
2026-08-18T03:31:36,110.48,45.79
2026-08-18T03:31:37,110.63,45.93
2026-08-18T03:31:38,110.64,45.95
2026-08-18T03:31:39,110.66,45.96
2026-08-18T03:31:40,111.19,46.49
2026-08-18T03:31:41,111.0,46.3
2026-08-18T03:31:42,111.26,46.55
2026-08-18T03:31:43,110.93,46.23
2026-08-18T03:31:44,111.17,46.46
2026-08-18T03:31:45,110.97,46.27
2026-08-18T03:31:46,111.02,46.32
2026-08-18T03:31:47,111.09,46.39
2026-08-18T03:31:48,111.04,46.34
2026-08-18T03:31:49,110.65,45.96
2026-08-18T03:31:50,110.86,46.16
2026-08-18T03:31:51,111.06,46.36
2026-08-18T03:31:52,111.63,46.92
2026-08-18T03:31:53,111.85,47.14
2026-08-18T03:31:54,111.67,46.96
2026-08-18T03:31:55,111.52,46.81
2026-08-18T03:31:56,111.86,47.15
2026-08-18T03:31:57,112.08,47.37
2026-08-18T03:31:58,112.22,47.5
2026-08-18T03:31:59,112.17,47.45
2026-08-18T03:32:00,112.45,47.73
2026-08-18T03:32:01,112.31,47.59
2026-08-18T03:32:02,112.15,47.44
2026-08-18T03:32:03,112.99,48.26
2026-08-18T03:32:04,113.07,48.34
2026-08-18T03:32:05,112.69,47.97
2026-08-18T03:32:06,112.7,47.97
2026-08-18T03:32:07,112.32,47.6
2026-08-18T03:32:08,111.96,47.25
2026-08-18T03:32:09,112.39,47.67
2026-08-18T03:32:10,112.34,47.62
2026-08-18T03:32:11,112.51,47.78
2026-08-18T03:32:12,112.18,47.46
2026-08-18T03:32:13,111.61,46.9
2026-08-18T03:32:14,111.98,47.27
2026-08-18T03:32:15,112.15,47.43
2026-08-18T03:32:16,112.1,47.38
2026-08-18T03:32:17,111.84,47.12
2026-08-18T03:32:18,112.37,47.65
2026-08-18T03:32:19,112.3,47.58
2026-08-18T03:32:20,112.13,47.41
2026-08-18T03:32:21,112.14,47.42
2026-08-18T03:32:22,111.53,46.83
2026-08-18T03:32:23,111.47,46.76
2026-08-18T03:32:24,112.03,47.31
2026-08-18T03:32:25,111.96,47.25
2026-08-18T03:32:26,112.01,47.29
2026-08-18T03:32:27,111.97,47.26
2026-08-18T03:32:28,112.04,47.32
2026-08-18T03:32:29,111.78,47.07
2026-08-18T03:32:30,111.69,46.98
2026-08-18T03:32:31,112.14,47.42
2026-08-18T03:32:32,112.27,47.55
2026-08-18T03:32:33,112.35,47.63
2026-08-18T03:32:34,112.38,47.66
2026-08-18T03:32:35,112.58,47.86
2026-08-18T03:32:36,112.52,47.79
2026-08-18T03:32:37,112.06,47.34
2026-08-18T03:32:38,112.29,47.57
2026-08-18T03:32:39,112.75,48.02
2026-08-18T03:32:40,112.84,48.11
2026-08-18T03:32:41,112.85,48.12
2026-08-18T03:32:42,114.22,49.48
2026-08-18T03:32:43,114.77,50.02
2026-08-18T03:32:44,114.36,49.61
2026-08-18T03:32:45,115.03,50.27
2026-08-18T03:32:46,116.09,51.32
2026-08-18T03:32:47,117.21,52.42
2026-08-18T03:32:48,118.6,53.79
2026-08-18T03:32:49,119.89,55.06
2026-08-18T03:32:50,120.58,55.74
2026-08-18T03:32:51,123.49,58.61
2026-08-18T03:32:52,125.75,60.84
2026-08-18T03:32:53,127.64,62.7
2026-08-18T03:32:54,125.31,60.41
2026-08-18T03:32:55,121.21,56.37
2026-08-18T03:32:56,118.32,53.52
2026-08-18T03:32:57,116.29,51.52
2026-08-18T03:32:58,114.74,49.99
2026-08-18T03:32:59,114.43,49.68
2026-08-18T03:33:00,114.25,49.5
2026-08-18T03:33:01,114.5,49.75
2026-08-18T03:33:02,113.76,49.02
2026-08-18T03:33:03,113.61,48.87
2026-08-18T03:33:04,113.79,49.05
2026-08-18T03:33:05,113.19,48.46
2026-08-18T03:33:06,112.88,48.16
2026-08-18T03:33:07,112.68,47.96
2026-08-18T03:33:08,113.08,48.35
2026-08-18T03:33:09,113.3,48.57
2026-08-18T03:33:10,114.2,49.45
2026-08-18T03:33:11,114.8,50.04
2026-08-18T03:33:12,114.52,49.77
2026-08-18T03:33:13,114.9,50.14
2026-08-18T03:33:14,114.83,50.08
2026-08-18T03:33:15,114.15,49.4
2026-08-18T03:33:16,113.84,49.1
2026-08-18T03:33:17,113.45,48.72
2026-08-18T03:33:18,113.51,48.78
2026-08-18T03:33:19,113.43,48.69
2026-08-18T03:33:20,113.3,48.56
2026-08-18T03:33:21,112.91,48.19
2026-08-18T03:33:22,112.66,47.94
2026-08-18T03:33:23,113.09,48.36
2026-08-18T03:33:24,112.97,48.24
2026-08-18T03:33:25,112.72,48.0
2026-08-18T03:33:26,112.29,47.57
2026-08-18T03:33:27,112.02,47.31
2026-08-18T03:33:28,111.49,46.78
2026-08-18T03:33:29,111.85,47.14
2026-08-18T03:33:30,112.54,47.82
2026-08-18T03:33:31,111.84,47.13
2026-08-18T03:33:32,111.44,46.74
2026-08-18T03:33:33,111.53,46.82
2026-08-18T03:33:34,111.54,46.83
2026-08-18T03:33:35,111.57,46.86
2026-08-18T03:33:36,111.64,46.93
2026-08-18T03:33:37,111.59,46.88
2026-08-18T03:33:38,111.99,47.27
2026-08-18T03:33:39,112.06,47.34
2026-08-18T03:33:40,112.11,47.39
2026-08-18T03:33:41,111.48,46.77
2026-08-18T03:33:42,111.55,46.84
2026-08-18T03:33:43,111.65,46.94
2026-08-18T03:33:44,112.34,47.62
2026-08-18T03:33:45,112.65,47.93
2026-08-18T03:33:46,112.76,48.03
2026-08-18T03:33:47,112.87,48.14
2026-08-18T03:33:48,112.58,47.85
2026-08-18T03:33:49,113.86,49.12
2026-08-18T03:33:50,113.59,48.85
2026-08-18T03:33:51,113.02,48.29
2026-08-18T03:33:52,112.62,47.89
2026-08-18T03:33:53,112.63,47.91
2026-08-18T03:33:54,112.42,47.7
2026-08-18T03:33:55,112.54,47.82
2026-08-18T03:33:56,112.85,48.13
2026-08-18T03:33:57,112.65,47.92
2026-08-18T03:33:58,112.23,47.51
2026-08-18T03:33:59,112.87,48.14
2026-08-18T03:34:00,111.93,47.22
2026-08-18T03:34:01,111.97,47.25
2026-08-18T03:34:02,111.84,47.13
2026-08-18T03:34:03,111.62,46.91
2026-08-18T03:34:04,111.69,46.98
2026-08-18T03:34:05,111.37,46.67
2026-08-18T03:34:06,111.3,46.59
2026-08-18T03:34:07,111.86,47.14
2026-08-18T03:34:08,111.61,46.9
2026-08-18T03:34:09,111.14,46.43
2026-08-18T03:34:10,111.34,46.64
2026-08-18T03:34:11,111.8,47.09
2026-08-18T03:34:12,112.39,47.67
2026-08-18T03:34:13,113.31,48.58
2026-08-18T03:34:14,112.78,48.06
2026-08-18T03:34:15,112.68,47.96
2026-08-18T03:34:16,112.9,48.17
2026-08-18T03:34:17,112.58,47.85
2026-08-18T03:34:18,112.15,47.43
2026-08-18T03:34:19,112.29,47.57
2026-08-18T03:34:20,112.78,48.05
2026-08-18T03:34:21,112.06,47.34
2026-08-18T03:34:22,111.71,47.0
2026-08-18T03:34:23,112.18,47.46
2026-08-18T03:34:24,111.71,47.0
2026-08-18T03:34:25,111.74,47.02
2026-08-18T03:34:26,112.14,47.43
2026-08-18T03:34:27,112.19,47.47
2026-08-18T03:34:28,112.24,47.52
2026-08-18T03:34:29,111.49,46.78
2026-08-18T03:34:30,111.14,46.44
2026-08-18T03:34:31,111.44,46.74
2026-08-18T03:34:32,111.33,46.62
2026-08-18T03:34:33,110.82,46.12
2026-08-18T03:34:34,111.06,46.36
2026-08-18T03:34:35,111.02,46.32
2026-08-18T03:34:36,110.65,45.95
2026-08-18T03:34:37,111.17,46.47
2026-08-18T03:34:38,111.37,46.67
2026-08-18T03:34:39,111.22,46.51
2026-08-18T03:34:40,111.31,46.61
2026-08-18T03:34:41,111.58,46.87
2026-08-18T03:34:42,111.14,46.44
2026-08-18T03:34:43,111.48,46.77
2026-08-18T03:34:44,111.72,47.01
2026-08-18T03:34:45,112.28,47.56
2026-08-18T03:34:46,111.46,46.75
2026-08-18T03:34:47,111.08,46.38
2026-08-18T03:34:48,111.46,46.76
2026-08-18T03:34:49,111.12,46.42
2026-08-18T03:34:50,111.0,46.3
2026-08-18T03:34:51,111.34,46.63
2026-08-18T03:34:52,111.01,46.31
2026-08-18T03:34:53,111.41,46.7
2026-08-18T03:34:54,110.73,46.04
2026-08-18T03:34:55,110.71,46.01
2026-08-18T03:34:56,111.07,46.37
2026-08-18T03:34:57,110.85,46.16
2026-08-18T03:34:58,110.65,45.95
2026-08-18T03:34:59,110.73,46.03
2026-08-18T03:35:00,111.2,46.5
2026-08-18T03:35:01,111.11,46.4
2026-08-18T03:35:02,111.14,46.44
2026-08-18T03:35:03,111.39,46.69
2026-08-18T03:35:04,111.35,46.64
2026-08-18T03:35:05,110.93,46.23
2026-08-18T03:35:06,111.71,47.0
2026-08-18T03:35:07,112.36,47.64
2026-08-18T03:35:08,111.65,46.94
2026-08-18T03:35:09,111.49,46.78
2026-08-18T03:35:10,111.67,46.96
2026-08-18T03:35:11,111.21,46.5
2026-08-18T03:35:12,110.91,46.21
2026-08-18T03:35:13,111.37,46.66
2026-08-18T03:35:14,111.09,46.38
2026-08-18T03:35:15,111.31,46.6
2026-08-18T03:35:16,110.62,45.92
2026-08-18T03:35:17,111.22,46.52
2026-08-18T03:35:18,111.17,46.47
2026-08-18T03:35:19,111.73,47.02
2026-08-18T03:35:20,111.23,46.53
2026-08-18T03:35:21,111.59,46.88
2026-08-18T03:35:22,111.16,46.46
2026-08-18T03:35:23,111.53,46.82
2026-08-18T03:35:24,111.79,47.08
2026-08-18T03:35:25,111.68,46.97
2026-08-18T03:35:26,111.84,47.12
2026-08-18T03:35:27,111.51,46.8
2026-08-18T03:35:28,111.33,46.62
2026-08-18T03:35:29,112.04,47.32
2026-08-18T03:35:30,112.41,47.69
2026-08-18T03:35:31,111.89,47.18
2026-08-18T03:35:32,111.61,46.9
2026-08-18T03:35:33,111.44,46.73
2026-08-18T03:35:34,111.54,46.84
2026-08-18T03:35:35,111.83,47.12
2026-08-18T03:35:36,112.47,47.75
2026-08-18T03:35:37,111.76,47.04
2026-08-18T03:35:38,111.86,47.15
2026-08-18T03:35:39,112.0,47.28
2026-08-18T03:35:40,111.76,47.04
2026-08-18T03:35:41,111.45,46.74
2026-08-18T03:35:42,111.62,46.91
2026-08-18T03:35:43,111.82,47.11
2026-08-18T03:35:44,111.93,47.21
2026-08-18T03:35:45,111.75,47.04
2026-08-18T03:35:46,111.56,46.85
2026-08-18T03:35:47,111.03,46.32
2026-08-18T03:35:48,111.27,46.56
2026-08-18T03:35:49,111.22,46.52
2026-08-18T03:35:50,111.55,46.84
2026-08-18T03:35:51,111.18,46.48
2026-08-18T03:35:52,111.56,46.85
2026-08-18T03:35:53,111.84,47.12
2026-08-18T03:35:54,112.07,47.35
2026-08-18T03:35:55,112.62,47.9
2026-08-18T03:35:56,112.44,47.71
2026-08-18T03:35:57,112.19,47.48
2026-08-18T03:35:58,112.25,47.53
2026-08-18T03:35:59,112.65,47.93
2026-08-18T03:36:00,112.58,47.85
2026-08-18T03:36:01,112.86,48.13
2026-08-18T03:36:02,112.9,48.17
2026-08-18T03:36:03,113.73,48.99
2026-08-18T03:36:04,113.64,48.9
2026-08-18T03:36:05,113.34,48.61
2026-08-18T03:36:06,113.68,48.94
2026-08-18T03:36:07,112.68,47.95
2026-08-18T03:36:08,113.23,48.5
2026-08-18T03:36:09,113.03,48.3
2026-08-18T03:36:10,113.33,48.59
2026-08-18T03:36:11,114.22,49.48
2026-08-18T03:36:12,113.76,49.02
2026-08-18T03:36:13,114.29,49.54
2026-08-18T03:36:14,114.39,49.64
2026-08-18T03:36:15,113.52,48.78
2026-08-18T03:36:16,112.06,47.34
2026-08-18T03:36:17,112.63,47.9
2026-08-18T03:36:18,112.69,47.97
2026-08-18T03:36:19,112.63,47.91
2026-08-18T03:36:20,112.9,48.17
2026-08-18T03:36:21,112.92,48.19
2026-08-18T03:36:22,113.23,48.5
2026-08-18T03:36:23,113.41,48.68
2026-08-18T03:36:24,113.46,48.72
2026-08-18T03:36:25,113.91,49.16
2026-08-18T03:36:26,112.92,48.19
2026-08-18T03:36:27,112.08,47.37
2026-08-18T03:36:28,112.01,47.3
2026-08-18T03:36:29,112.21,47.49
2026-08-18T03:36:30,112.42,47.7
2026-08-18T03:36:31,112.17,47.45
2026-08-18T03:36:32,112.27,47.55
2026-08-18T03:36:33,112.07,47.35
2026-08-18T03:36:34,112.13,47.42
2026-08-18T03:36:35,111.94,47.23
2026-08-18T03:36:36,112.22,47.5
2026-08-18T03:36:37,112.21,47.49
2026-08-18T03:36:38,112.21,47.49
2026-08-18T03:36:39,112.29,47.57
2026-08-18T03:36:40,112.34,47.62
2026-08-18T03:36:41,112.62,47.9
2026-08-18T03:36:42,112.65,47.93
2026-08-18T03:36:43,112.44,47.72
2026-08-18T03:36:44,112.2,47.48
2026-08-18T03:36:45,112.55,47.82
2026-08-18T03:36:46,112.79,48.07
2026-08-18T03:36:47,112.83,48.11
2026-08-18T03:36:48,112.68,47.96
2026-08-18T03:36:49,113.56,48.82
2026-08-18T03:36:50,114.0,49.26
2026-08-18T03:36:51,113.09,48.36
2026-08-18T03:36:52,113.41,48.68
2026-08-18T03:36:53,113.75,49.01
2026-08-18T03:36:54,114.18,49.44
2026-08-18T03:36:55,113.65,48.91
2026-08-18T03:36:56,113.78,49.04
2026-08-18T03:36:57,113.09,48.36
2026-08-18T03:36:58,112.78,48.05
2026-08-18T03:36:59,112.13,47.41
2026-08-18T03:37:00,112.59,47.86
2026-08-18T03:37:01,112.71,47.98
2026-08-18T03:37:02,112.96,48.23
2026-08-18T03:37:03,112.93,48.2
2026-08-18T03:37:04,112.91,48.18
2026-08-18T03:37:05,113.38,48.65
2026-08-18T03:37:06,115.17,50.41
2026-08-18T03:37:07,116.92,52.13
2026-08-18T03:37:08,117.67,52.88
2026-08-18T03:37:09,119.24,54.42
2026-08-18T03:37:10,123.78,58.9
2026-08-18T03:37:11,127.79,62.85
2026-08-18T03:37:12,129.44,64.48
2026-08-18T03:37:13,129.62,64.66
2026-08-18T03:37:14,129.68,64.72
2026-08-18T03:37:15,127.35,62.41
2026-08-18T03:37:16,123.04,58.17
2026-08-18T03:37:17,120.73,55.89
2026-08-18T03:37:18,119.14,54.32
2026-08-18T03:37:19,117.61,52.81
2026-08-18T03:37:20,119.38,54.56
2026-08-18T03:37:21,116.46,51.68
2026-08-18T03:37:22,115.56,50.8
2026-08-18T03:37:23,115.23,50.47
2026-08-18T03:37:24,115.06,50.3
2026-08-18T03:37:25,114.69,49.94
2026-08-18T03:37:26,114.07,49.33
2026-08-18T03:37:27,113.99,49.25
2026-08-18T03:37:28,113.59,48.85
2026-08-18T03:37:29,113.53,48.79
2026-08-18T03:37:30,112.89,48.16
2026-08-18T03:37:31,112.78,48.05
2026-08-18T03:37:32,113.19,48.45
2026-08-18T03:37:33,112.82,48.09
2026-08-18T03:37:34,112.97,48.24
2026-08-18T03:37:35,113.06,48.33
2026-08-18T03:37:36,112.58,47.85
2026-08-18T03:37:37,112.73,48.0
2026-08-18T03:37:38,112.97,48.24
2026-08-18T03:37:39,112.64,47.91
2026-08-18T03:37:40,112.57,47.84
2026-08-18T03:37:41,112.28,47.56
2026-08-18T03:37:42,112.34,47.62
2026-08-18T03:37:43,112.37,47.65
2026-08-18T03:37:44,112.01,47.29
2026-08-18T03:37:45,112.97,48.24
2026-08-18T03:37:46,115.59,50.82
2026-08-18T03:37:47,114.95,50.19
2026-08-18T03:37:48,117.34,52.55
2026-08-18T03:37:49,116.24,51.47
2026-08-18T03:37:50,112.84,48.11
2026-08-18T03:37:51,112.84,48.11
2026-08-18T03:37:52,113.09,48.36
2026-08-18T03:37:53,113.19,48.45
2026-08-18T03:37:54,113.18,48.45
2026-08-18T03:37:55,112.92,48.19
2026-08-18T03:37:56,112.8,48.07
2026-08-18T03:37:57,113.46,48.73
2026-08-18T03:37:58,113.01,48.28
2026-08-18T03:37:59,112.71,47.99
2026-08-18T03:38:00,112.4,47.68
2026-08-18T03:38:01,113.1,48.37
2026-08-18T03:38:02,113.09,48.36
2026-08-18T03:38:03,114.06,49.31
2026-08-18T03:38:04,115.12,50.36
2026-08-18T03:38:05,119.39,54.57
2026-08-18T03:38:06,118.41,53.6
2026-08-18T03:38:07,115.69,50.92
2026-08-18T03:38:08,114.11,49.36
2026-08-18T03:38:09,113.84,49.09
2026-08-18T03:38:10,115.06,50.3
2026-08-18T03:38:11,113.71,48.97
2026-08-18T03:38:12,115.23,50.47
2026-08-18T03:38:13,114.67,49.92
2026-08-18T03:38:14,116.97,52.19
2026-08-18T03:38:15,118.04,53.24
2026-08-18T03:38:16,113.26,48.53
2026-08-18T03:38:17,112.95,48.22
2026-08-18T03:38:18,112.67,47.94
2026-08-18T03:38:19,113.0,48.27
2026-08-18T03:38:20,113.31,48.57
2026-08-18T03:38:21,113.07,48.34
2026-08-18T03:38:22,112.94,48.21
2026-08-18T03:38:23,113.16,48.42
2026-08-18T03:38:24,113.09,48.35
2026-08-18T03:38:25,112.32,47.6
2026-08-18T03:38:26,112.7,47.97
2026-08-18T03:38:27,112.62,47.9
2026-08-18T03:38:28,112.11,47.39
2026-08-18T03:38:29,112.24,47.52
2026-08-18T03:38:30,112.44,47.72
2026-08-18T03:38:31,112.18,47.46
2026-08-18T03:38:32,112.63,47.9
2026-08-18T03:38:33,112.5,47.78
2026-08-18T03:38:34,112.44,47.71
2026-08-18T03:38:35,112.62,47.89
2026-08-18T03:38:36,112.52,47.79
2026-08-18T03:38:37,112.52,47.8
2026-08-18T03:38:38,112.57,47.85
2026-08-18T03:38:39,113.03,48.3
2026-08-18T03:38:40,112.82,48.09
2026-08-18T03:38:41,112.45,47.72
2026-08-18T03:38:42,112.37,47.65
2026-08-18T03:38:43,112.39,47.67
2026-08-18T03:38:44,112.51,47.79
2026-08-18T03:38:45,112.04,47.33
2026-08-18T03:38:46,111.88,47.16
2026-08-18T03:38:47,112.49,47.77
2026-08-18T03:38:48,112.24,47.52
2026-08-18T03:38:49,111.92,47.21
2026-08-18T03:38:50,111.99,47.27
2026-08-18T03:38:51,112.22,47.5
2026-08-18T03:38:52,112.4,47.68
2026-08-18T03:38:53,112.21,47.49
2026-08-18T03:38:54,112.14,47.42
2026-08-18T03:38:55,112.39,47.67
2026-08-18T03:38:56,112.1,47.38
2026-08-18T03:38:57,112.19,47.48
2026-08-18T03:38:58,112.63,47.9
2026-08-18T03:38:59,112.64,47.92
2026-08-18T03:39:00,112.35,47.63
2026-08-18T03:39:01,112.2,47.48
2026-08-18T03:39:02,112.54,47.82
2026-08-18T03:39:03,112.56,47.84
2026-08-18T03:39:04,112.99,48.26
2026-08-18T03:39:05,113.01,48.28
2026-08-18T03:39:06,113.7,48.96
2026-08-18T03:39:07,113.99,49.25
2026-08-18T03:39:08,115.02,50.26
2026-08-18T03:39:09,116.56,51.78
2026-08-18T03:39:10,117.84,53.05
2026-08-18T03:39:11,121.32,56.47
2026-08-18T03:39:12,124.76,59.86
2026-08-18T03:39:13,128.06,63.12
2026-08-18T03:39:14,128.82,63.86
2026-08-18T03:39:15,128.99,64.04
2026-08-18T03:39:16,128.06,63.12
2026-08-18T03:39:17,126.87,61.94
2026-08-18T03:39:18,124.11,59.22
2026-08-18T03:39:19,122.95,58.08
2026-08-18T03:39:20,121.69,56.84
2026-08-18T03:39:21,120.14,55.31
2026-08-18T03:39:22,118.91,54.1
2026-08-18T03:39:23,118.53,53.72
2026-08-18T03:39:24,116.93,52.14
2026-08-18T03:39:25,115.83,51.06
2026-08-18T03:39:26,115.59,50.82
2026-08-18T03:39:27,115.12,50.36
2026-08-18T03:39:28,114.51,49.76
2026-08-18T03:39:29,114.17,49.43
2026-08-18T03:39:30,113.49,48.75
2026-08-18T03:39:31,113.61,48.87
2026-08-18T03:39:32,113.44,48.7
2026-08-18T03:39:33,113.86,49.12
2026-08-18T03:39:34,113.45,48.71
2026-08-18T03:39:35,113.39,48.66
2026-08-18T03:39:36,113.58,48.84
2026-08-18T03:39:37,113.47,48.73
2026-08-18T03:39:38,114.12,49.37
2026-08-18T03:39:39,114.13,49.39
2026-08-18T03:39:40,113.6,48.86
2026-08-18T03:39:41,114.3,49.56
2026-08-18T03:39:42,113.3,48.57
2026-08-18T03:39:43,113.45,48.71
2026-08-18T03:39:44,112.67,47.94
2026-08-18T03:39:45,112.67,47.94
2026-08-18T03:39:46,113.11,48.38
2026-08-18T03:39:47,112.87,48.14
2026-08-18T03:39:48,113.35,48.62
2026-08-18T03:39:49,113.16,48.42
2026-08-18T03:39:50,112.8,48.07
2026-08-18T03:39:51,112.36,47.64
2026-08-18T03:39:52,112.68,47.96
2026-08-18T03:39:53,113.25,48.52
2026-08-18T03:39:54,112.63,47.9
2026-08-18T03:39:55,112.75,48.02
2026-08-18T03:39:56,112.67,47.95
2026-08-18T03:39:57,113.58,48.84
2026-08-18T03:39:58,113.5,48.76
2026-08-18T03:39:59,113.26,48.53
2026-08-18T03:40:00,113.06,48.33
2026-08-18T03:40:01,113.02,48.29
2026-08-18T03:40:02,112.81,48.08
2026-08-18T03:40:03,112.8,48.07
2026-08-18T03:40:04,113.24,48.51
2026-08-18T03:40:05,112.97,48.24
2026-08-18T03:40:06,112.6,47.87
2026-08-18T03:40:07,113.02,48.29
2026-08-18T03:40:08,112.86,48.14
2026-08-18T03:40:09,112.73,48.0
2026-08-18T03:40:10,112.62,47.89
2026-08-18T03:40:11,112.54,47.81
2026-08-18T03:40:12,112.62,47.89
2026-08-18T03:40:13,112.49,47.77
2026-08-18T03:40:14,112.47,47.75
2026-08-18T03:40:15,112.4,47.68
2026-08-18T03:40:16,112.5,47.78
2026-08-18T03:40:17,112.49,47.77
2026-08-18T03:40:18,112.66,47.93
2026-08-18T03:40:19,112.56,47.84
2026-08-18T03:40:20,112.97,48.24
2026-08-18T03:40:21,112.76,48.03
2026-08-18T03:40:22,112.82,48.09
2026-08-18T03:40:23,112.74,48.02
2026-08-18T03:40:24,112.58,47.86
2026-08-18T03:40:25,112.43,47.71
2026-08-18T03:40:26,112.66,47.93
2026-08-18T03:40:27,112.84,48.12
2026-08-18T03:40:28,112.72,47.99
2026-08-18T03:40:29,112.9,48.17
2026-08-18T03:40:30,112.86,48.14
2026-08-18T03:40:31,113.29,48.55
2026-08-18T03:40:32,112.92,48.2
2026-08-18T03:40:33,113.21,48.48
2026-08-18T03:40:34,112.99,48.26
2026-08-18T03:40:35,112.8,48.07
2026-08-18T03:40:36,112.6,47.87
2026-08-18T03:40:37,112.45,47.73
2026-08-18T03:40:38,112.53,47.8
2026-08-18T03:40:39,112.68,47.95
2026-08-18T03:40:40,112.52,47.8
2026-08-18T03:40:41,112.88,48.16
2026-08-18T03:40:42,112.95,48.22
2026-08-18T03:40:43,113.04,48.31
2026-08-18T03:40:44,113.19,48.46
2026-08-18T03:40:45,113.31,48.58
2026-08-18T03:40:46,113.06,48.33
2026-08-18T03:40:47,113.38,48.64
2026-08-18T03:40:48,113.99,49.25
2026-08-18T03:40:49,113.81,49.07
2026-08-18T03:40:50,113.51,48.77
2026-08-18T03:40:51,113.22,48.49
2026-08-18T03:40:52,112.8,48.07
2026-08-18T03:40:53,113.56,48.82
2026-08-18T03:40:54,113.8,49.06
2026-08-18T03:40:55,114.54,49.78
2026-08-18T03:40:56,114.9,50.15
2026-08-18T03:40:57,114.56,49.81
2026-08-18T03:40:58,115.19,50.43
2026-08-18T03:40:59,114.38,49.63
2026-08-18T03:41:00,113.97,49.23
2026-08-18T03:41:01,113.13,48.4
2026-08-18T03:41:02,113.94,49.19
2026-08-18T03:41:03,113.17,48.44
2026-08-18T03:41:04,112.89,48.16
2026-08-18T03:41:05,112.99,48.26
2026-08-18T03:41:06,112.93,48.2
2026-08-18T03:41:07,112.81,48.09
2026-08-18T03:41:08,112.58,47.86
2026-08-18T03:41:09,112.29,47.57
2026-08-18T03:41:10,112.39,47.67
2026-08-18T03:41:11,112.83,48.1
2026-08-18T03:41:12,112.88,48.16
2026-08-18T03:41:13,112.63,47.91
2026-08-18T03:41:14,112.76,48.03
2026-08-18T03:41:15,112.86,48.13
2026-08-18T03:41:16,112.8,48.08
2026-08-18T03:41:17,113.1,48.37
2026-08-18T03:41:18,112.49,47.77
2026-08-18T03:41:19,112.34,47.62
2026-08-18T03:41:20,112.76,48.03
2026-08-18T03:41:21,112.77,48.05
2026-08-18T03:41:22,112.53,47.8
2026-08-18T03:41:23,112.7,47.97
2026-08-18T03:41:24,112.31,47.59
2026-08-18T03:41:25,112.5,47.77
2026-08-18T03:41:26,112.64,47.92
2026-08-18T03:41:27,112.68,47.96
2026-08-18T03:41:28,112.55,47.83
2026-08-18T03:41:29,112.6,47.88
2026-08-18T03:41:30,112.53,47.81
2026-08-18T03:41:31,112.7,47.98
2026-08-18T03:41:32,112.66,47.94
2026-08-18T03:41:33,112.5,47.78
2026-08-18T03:41:34,112.47,47.75
2026-08-18T03:41:35,112.51,47.79
2026-08-18T03:41:36,112.65,47.93
2026-08-18T03:41:37,112.36,47.64
2026-08-18T03:41:38,112.33,47.61
2026-08-18T03:41:39,112.33,47.61
2026-08-18T03:41:40,112.61,47.88
2026-08-18T03:41:41,112.41,47.68
2026-08-18T03:41:42,112.45,47.73
2026-08-18T03:41:43,112.53,47.81
2026-08-18T03:41:44,112.41,47.69
2026-08-18T03:41:45,112.62,47.89
2026-08-18T03:41:46,112.96,48.24
2026-08-18T03:41:47,113.44,48.7
2026-08-18T03:41:48,113.76,49.02
2026-08-18T03:41:49,112.54,47.82
2026-08-18T03:41:50,112.87,48.14
2026-08-18T03:41:51,112.68,47.96
2026-08-18T03:41:52,112.77,48.04
2026-08-18T03:41:53,112.61,47.88
2026-08-18T03:41:54,112.98,48.25
2026-08-18T03:41:55,113.01,48.28
2026-08-18T03:41:56,113.26,48.53
2026-08-18T03:41:57,113.48,48.75
2026-08-18T03:41:58,114.13,49.39
2026-08-18T03:41:59,115.72,50.95
2026-08-18T03:42:00,116.71,51.92
2026-08-18T03:42:01,117.79,52.99
2026-08-18T03:42:02,120.14,55.31
2026-08-18T03:42:03,122.03,57.17
2026-08-18T03:42:04,124.53,59.63
2026-08-18T03:42:05,128.26,63.31
2026-08-18T03:42:06,133.74,68.71
2026-08-18T03:42:07,136.22,71.16
2026-08-18T03:42:08,138.17,73.08
2026-08-18T03:42:09,138.56,73.47
2026-08-18T03:42:10,138.65,73.55
2026-08-18T03:42:11,136.1,71.04
2026-08-18T03:42:12,133.62,68.6
2026-08-18T03:42:13,131.12,66.14
2026-08-18T03:42:14,128.96,64.0
2026-08-18T03:42:15,126.59,61.67
2026-08-18T03:42:16,122.69,57.83
2026-08-18T03:42:17,120.06,55.23
2026-08-18T03:42:18,118.42,53.62
2026-08-18T03:42:19,117.69,52.89
2026-08-18T03:42:20,117.34,52.55
2026-08-18T03:42:21,118.37,53.56
2026-08-18T03:42:22,115.93,51.16
2026-08-18T03:42:23,115.1,50.34
2026-08-18T03:42:24,114.66,49.91
2026-08-18T03:42:25,113.91,49.16
2026-08-18T03:42:26,114.01,49.26
2026-08-18T03:42:27,114.01,49.27
2026-08-18T03:42:28,113.29,48.56
2026-08-18T03:42:29,113.5,48.76
2026-08-18T03:42:30,113.08,48.35
2026-08-18T03:42:31,113.12,48.39
2026-08-18T03:42:32,113.05,48.32
2026-08-18T03:42:33,113.65,48.91
2026-08-18T03:42:34,113.7,48.96
2026-08-18T03:42:35,113.37,48.64
2026-08-18T03:42:36,113.31,48.57
2026-08-18T03:42:37,113.58,48.84
2026-08-18T03:42:38,113.3,48.57
2026-08-18T03:42:39,113.06,48.33
2026-08-18T03:42:40,113.17,48.43
2026-08-18T03:42:41,113.13,48.4
2026-08-18T03:42:42,112.98,48.25
2026-08-18T03:42:43,112.84,48.11
2026-08-18T03:42:44,112.83,48.1
2026-08-18T03:42:45,112.88,48.16
2026-08-18T03:42:46,112.9,48.17
2026-08-18T03:42:47,112.87,48.15
2026-08-18T03:42:48,112.87,48.14
2026-08-18T03:42:49,112.61,47.88
2026-08-18T03:42:50,112.69,47.96
2026-08-18T03:42:51,112.26,47.54
2026-08-18T03:42:52,112.24,47.52
2026-08-18T03:42:53,112.06,47.34
2026-08-18T03:42:54,112.28,47.57
2026-08-18T03:42:55,112.56,47.83
2026-08-18T03:42:56,112.57,47.84
2026-08-18T03:42:57,112.4,47.68
2026-08-18T03:42:58,111.99,47.27
2026-08-18T03:42:59,112.19,47.47
2026-08-18T03:43:00,112.5,47.78
2026-08-18T03:43:01,112.2,47.48
2026-08-18T03:43:02,112.12,47.41
2026-08-18T03:43:03,111.9,47.19
2026-08-18T03:43:04,112.05,47.34
2026-08-18T03:43:05,112.22,47.5
2026-08-18T03:43:06,111.82,47.1
2026-08-18T03:43:07,111.69,46.98
2026-08-18T03:43:08,111.51,46.81
2026-08-18T03:43:09,111.79,47.08
2026-08-18T03:43:10,111.55,46.84
2026-08-18T03:43:11,111.51,46.8
2026-08-18T03:43:12,110.42,45.72
2026-08-18T03:43:13,110.68,45.99
2026-08-18T03:43:14,110.64,45.94
2026-08-18T03:43:15,110.74,46.04
2026-08-18T03:43:16,110.85,46.15
2026-08-18T03:43:17,110.72,46.02
2026-08-18T03:43:18,110.49,45.8
2026-08-18T03:43:19,110.92,46.22
2026-08-18T03:43:20,111.18,46.47
2026-08-18T03:43:21,110.65,45.95
2026-08-18T03:43:22,110.16,45.48
2026-08-18T03:43:23,110.99,46.29
2026-08-18T03:43:24,110.79,46.09
2026-08-18T03:43:25,111.12,46.41
2026-08-18T03:43:26,110.84,46.14
2026-08-18T03:43:27,110.83,46.13
2026-08-18T03:43:28,110.62,45.93
2026-08-18T03:43:29,110.84,46.14
2026-08-18T03:43:30,110.89,46.2
2026-08-18T03:43:31,111.1,46.4
2026-08-18T03:43:32,110.76,46.06
2026-08-18T03:43:33,110.59,45.9
2026-08-18T03:43:34,110.72,46.03
2026-08-18T03:43:35,110.9,46.2
2026-08-18T03:43:36,110.91,46.21
2026-08-18T03:43:37,110.78,46.08
2026-08-18T03:43:38,110.32,45.63
2026-08-18T03:43:39,110.72,46.03
2026-08-18T03:43:40,110.85,46.15
2026-08-18T03:43:41,110.6,45.9
2026-08-18T03:43:42,110.49,45.8
2026-08-18T03:43:43,110.95,46.25
2026-08-18T03:43:44,110.68,45.98
2026-08-18T03:43:45,110.97,46.26
2026-08-18T03:43:46,110.51,45.82
2026-08-18T03:43:47,110.74,46.04
2026-08-18T03:43:48,110.93,46.23
2026-08-18T03:43:49,111.01,46.31
2026-08-18T03:43:50,110.84,46.15
2026-08-18T03:43:51,110.96,46.26
2026-08-18T03:43:52,110.88,46.18
2026-08-18T03:43:53,111.03,46.32
2026-08-18T03:43:54,110.83,46.13
2026-08-18T03:43:55,110.84,46.14
2026-08-18T03:43:56,111.62,46.91
2026-08-18T03:43:57,111.82,47.11
2026-08-18T03:43:58,112.51,47.79
2026-08-18T03:43:59,112.42,47.7
2026-08-18T03:44:00,111.12,46.42
2026-08-18T03:44:01,111.21,46.5
2026-08-18T03:44:02,111.14,46.44
2026-08-18T03:44:03,111.27,46.56
2026-08-18T03:44:04,111.37,46.67
2026-08-18T03:44:05,111.2,46.5
2026-08-18T03:44:06,111.19,46.48
2026-08-18T03:44:07,111.26,46.56
2026-08-18T03:44:08,111.52,46.82
2026-08-18T03:44:09,111.86,47.15
2026-08-18T03:44:10,111.7,46.99
2026-08-18T03:44:11,112.05,47.33
2026-08-18T03:44:12,112.09,47.38
2026-08-18T03:44:13,111.2,46.49
2026-08-18T03:44:14,111.54,46.83
2026-08-18T03:44:15,111.73,47.02
2026-08-18T03:44:16,111.57,46.86
2026-08-18T03:44:17,111.98,47.27
2026-08-18T03:44:18,111.62,46.91
2026-08-18T03:44:19,111.65,46.94
2026-08-18T03:44:20,111.32,46.61
2026-08-18T03:44:21,111.72,47.01
2026-08-18T03:44:22,111.71,46.99
2026-08-18T03:44:23,111.65,46.94
2026-08-18T03:44:24,111.85,47.14
2026-08-18T03:44:25,111.49,46.78
2026-08-18T03:44:26,111.63,46.92
2026-08-18T03:44:27,111.96,47.25
2026-08-18T03:44:28,113.03,48.3
2026-08-18T03:44:29,113.95,49.2
2026-08-18T03:44:30,115.04,50.28
2026-08-18T03:44:31,116.28,51.51
2026-08-18T03:44:32,117.14,52.35
2026-08-18T03:44:33,118.51,53.71
2026-08-18T03:44:34,122.96,58.09
2026-08-18T03:44:35,126.09,61.18
2026-08-18T03:44:36,128.4,63.45
2026-08-18T03:44:37,128.11,63.17
2026-08-18T03:44:38,128.37,63.43
2026-08-18T03:44:39,127.42,62.49
2026-08-18T03:44:40,123.38,58.5
2026-08-18T03:44:41,119.92,55.09
2026-08-18T03:44:42,117.74,52.95
2026-08-18T03:44:43,116.72,51.94
2026-08-18T03:44:44,115.72,50.95
2026-08-18T03:44:45,118.64,53.83
2026-08-18T03:44:46,114.44,49.69
2026-08-18T03:44:47,113.46,48.72
2026-08-18T03:44:48,112.27,47.56
2026-08-18T03:44:49,111.7,46.99
2026-08-18T03:44:50,111.79,47.07
2026-08-18T03:44:51,111.63,46.92
2026-08-18T03:44:52,111.76,47.04
2026-08-18T03:44:53,111.37,46.66
2026-08-18T03:44:54,111.13,46.43
2026-08-18T03:44:55,111.11,46.4
2026-08-18T03:44:56,110.87,46.17
2026-08-18T03:44:57,111.02,46.32
2026-08-18T03:44:58,110.58,45.89
2026-08-18T03:44:59,110.75,46.05
2026-08-18T03:45:00,110.97,46.27
2026-08-18T03:45:01,110.87,46.17
2026-08-18T03:45:02,110.68,45.99
2026-08-18T03:45:03,110.22,45.53
2026-08-18T03:45:04,110.68,45.98
2026-08-18T03:45:05,110.62,45.92
2026-08-18T03:45:06,110.31,45.62
2026-08-18T03:45:07,110.74,46.04
2026-08-18T03:45:08,110.61,45.91
2026-08-18T03:45:09,110.37,45.68
2026-08-18T03:45:10,111.05,46.35
2026-08-18T03:45:11,110.94,46.24
2026-08-18T03:45:12,110.66,45.96
2026-08-18T03:45:13,110.75,46.05
2026-08-18T03:45:14,110.68,45.99
2026-08-18T03:45:15,110.71,46.01
2026-08-18T03:45:16,110.66,45.96
2026-08-18T03:45:17,110.68,45.98
2026-08-18T03:45:18,110.85,46.15
2026-08-18T03:45:19,110.62,45.93
2026-08-18T03:45:20,110.99,46.29
2026-08-18T03:45:21,111.28,46.57
2026-08-18T03:45:22,111.27,46.56
2026-08-18T03:45:23,110.62,45.93
2026-08-18T03:45:24,110.8,46.1
2026-08-18T03:45:25,110.85,46.15
2026-08-18T03:45:26,111.42,46.71
2026-08-18T03:45:27,111.21,46.51
2026-08-18T03:45:28,111.25,46.54
2026-08-18T03:45:29,110.96,46.26
2026-08-18T03:45:30,110.88,46.18
2026-08-18T03:45:31,110.72,46.02
2026-08-18T03:45:32,111.12,46.42
2026-08-18T03:45:33,110.83,46.13
2026-08-18T03:45:34,110.46,45.76
2026-08-18T03:45:35,110.64,45.95
2026-08-18T03:45:36,110.78,46.08
2026-08-18T03:45:37,110.55,45.85
2026-08-18T03:45:38,110.54,45.84
2026-08-18T03:45:39,110.02,45.33
2026-08-18T03:45:40,110.92,46.22
2026-08-18T03:45:41,110.47,45.78
2026-08-18T03:45:42,110.58,45.89
2026-08-18T03:45:43,110.4,45.71
2026-08-18T03:45:44,110.55,45.86
2026-08-18T03:45:45,110.42,45.73
2026-08-18T03:45:46,110.82,46.12
2026-08-18T03:45:47,111.07,46.36
2026-08-18T03:45:48,111.48,46.77
2026-08-18T03:45:49,111.05,46.35
2026-08-18T03:45:50,110.91,46.21
2026-08-18T03:45:51,110.46,45.77
2026-08-18T03:45:52,110.73,46.03
2026-08-18T03:45:53,110.82,46.12
2026-08-18T03:45:54,111.16,46.45
2026-08-18T03:45:55,111.21,46.51
2026-08-18T03:45:56,110.96,46.26
2026-08-18T03:45:57,110.68,45.98
2026-08-18T03:45:58,110.56,45.86
2026-08-18T03:45:59,110.46,45.77
2026-08-18T03:46:00,110.56,45.87
2026-08-18T03:46:01,110.71,46.02
2026-08-18T03:46:02,110.51,45.82
2026-08-18T03:46:03,110.61,45.91
2026-08-18T03:46:04,110.8,46.1
2026-08-18T03:46:05,110.32,45.63
2026-08-18T03:46:06,110.59,45.9
2026-08-18T03:46:07,110.43,45.73
2026-08-18T03:46:08,110.52,45.83
2026-08-18T03:46:09,110.49,45.79
2026-08-18T03:46:10,110.99,46.29
2026-08-18T03:46:11,111.26,46.56
2026-08-18T03:46:12,111.22,46.51
2026-08-18T03:46:13,111.42,46.72
2026-08-18T03:46:14,111.59,46.89
2026-08-18T03:46:15,112.64,47.92
2026-08-18T03:46:16,111.21,46.5
2026-08-18T03:46:17,112.51,47.79
2026-08-18T03:46:18,111.89,47.18
2026-08-18T03:46:19,111.83,47.11
2026-08-18T03:46:20,111.3,46.59
2026-08-18T03:46:21,111.44,46.74
2026-08-18T03:46:22,111.16,46.45
2026-08-18T03:46:23,111.39,46.68
2026-08-18T03:46:24,111.78,47.06
2026-08-18T03:46:25,111.3,46.6
2026-08-18T03:46:26,111.06,46.36
2026-08-18T03:46:27,110.91,46.21
2026-08-18T03:46:28,110.97,46.27
2026-08-18T03:46:29,110.91,46.21
2026-08-18T03:46:30,110.82,46.12
2026-08-18T03:46:31,110.88,46.18
2026-08-18T03:46:32,110.51,45.82
2026-08-18T03:46:33,110.94,46.24
2026-08-18T03:46:34,110.86,46.16
2026-08-18T03:46:35,110.8,46.11
2026-08-18T03:46:36,110.99,46.29
2026-08-18T03:46:37,110.75,46.05
2026-08-18T03:46:38,110.94,46.24
2026-08-18T03:46:39,111.31,46.6
2026-08-18T03:46:40,111.49,46.79
2026-08-18T03:46:41,111.8,47.08
2026-08-18T03:46:42,111.39,46.69
2026-08-18T03:46:43,110.88,46.18
2026-08-18T03:46:44,110.88,46.18
2026-08-18T03:46:45,111.34,46.63
2026-08-18T03:46:46,111.11,46.41
2026-08-18T03:46:47,111.07,46.37
2026-08-18T03:46:48,110.99,46.29
2026-08-18T03:46:49,110.79,46.09
2026-08-18T03:46:50,111.05,46.34
2026-08-18T03:46:51,110.86,46.16
2026-08-18T03:46:52,111.1,46.4
2026-08-18T03:46:53,110.95,46.25
2026-08-18T03:46:54,111.16,46.45
2026-08-18T03:46:55,111.06,46.36
2026-08-18T03:46:56,110.98,46.28
2026-08-18T03:46:57,111.19,46.48
2026-08-18T03:46:58,110.93,46.23
2026-08-18T03:46:59,110.91,46.21
2026-08-18T03:47:00,110.66,45.96
2026-08-18T03:47:01,110.84,46.15
2026-08-18T03:47:02,110.55,45.86
2026-08-18T03:47:03,110.7,46.01
2026-08-18T03:47:04,110.7,46.0
2026-08-18T03:47:05,110.8,46.11
2026-08-18T03:47:06,110.48,45.79
2026-08-18T03:47:07,110.73,46.03
2026-08-18T03:47:08,110.45,45.76
2026-08-18T03:47:09,110.96,46.26
2026-08-18T03:47:10,110.54,45.85
2026-08-18T03:47:11,110.57,45.87
2026-08-18T03:47:12,110.87,46.17
2026-08-18T03:47:13,110.56,45.87
2026-08-18T03:47:14,110.96,46.26
2026-08-18T03:47:15,111.2,46.5
2026-08-18T03:47:16,111.07,46.37
2026-08-18T03:47:17,111.81,47.1
2026-08-18T03:47:18,111.92,47.2
2026-08-18T03:47:19,111.79,47.08
2026-08-18T03:47:20,111.66,46.94
2026-08-18T03:47:21,111.62,46.91
2026-08-18T03:47:22,111.58,46.87
2026-08-18T03:47:23,111.52,46.81
2026-08-18T03:47:24,111.34,46.63
2026-08-18T03:47:25,111.3,46.6
2026-08-18T03:47:26,111.3,46.6
2026-08-18T03:47:27,111.88,47.17
2026-08-18T03:47:28,111.29,46.58
2026-08-18T03:47:29,111.03,46.33
2026-08-18T03:47:30,111.31,46.6
2026-08-18T03:47:31,111.43,46.72
2026-08-18T03:47:32,111.64,46.93
2026-08-18T03:47:33,111.3,46.6
2026-08-18T03:47:34,111.2,46.5
2026-08-18T03:47:35,111.18,46.47
2026-08-18T03:47:36,111.95,47.24
2026-08-18T03:47:37,111.61,46.9
2026-08-18T03:47:38,111.49,46.78
2026-08-18T03:47:39,111.39,46.69
2026-08-18T03:47:40,110.79,46.09
2026-08-18T03:47:41,111.52,46.81
2026-08-18T03:47:42,111.82,47.11
2026-08-18T03:47:43,111.88,47.17
2026-08-18T03:47:44,111.88,47.17
2026-08-18T03:47:45,111.66,46.95
2026-08-18T03:47:46,113.05,48.32
2026-08-18T03:47:47,113.21,48.47
2026-08-18T03:47:48,113.61,48.87
2026-08-18T03:47:49,112.62,47.89
2026-08-18T03:47:50,111.7,46.99
2026-08-18T03:47:51,111.57,46.86
2026-08-18T03:47:52,111.97,47.26
2026-08-18T03:47:53,112.18,47.47
2026-08-18T03:47:54,112.46,47.73
2026-08-18T03:47:55,113.52,48.78
2026-08-18T03:47:56,112.65,47.93
2026-08-18T03:47:57,112.01,47.3
2026-08-18T03:47:58,111.39,46.68
2026-08-18T03:47:59,111.55,46.84
2026-08-18T03:48:00,111.88,47.17
2026-08-18T03:48:01,112.01,47.29
2026-08-18T03:48:02,111.98,47.26
2026-08-18T03:48:03,111.71,47.0
2026-08-18T03:48:04,111.97,47.26
2026-08-18T03:48:05,112.69,47.96
2026-08-18T03:48:06,111.98,47.27
2026-08-18T03:48:07,112.31,47.59
2026-08-18T03:48:08,112.02,47.3
2026-08-18T03:48:09,111.35,46.65
2026-08-18T03:48:10,112.66,47.93
2026-08-18T03:48:11,112.04,47.33
2026-08-18T03:48:12,112.77,48.05
2026-08-18T03:48:13,112.69,47.96
2026-08-18T03:48:14,113.0,48.27
2026-08-18T03:48:15,112.96,48.24
2026-08-18T03:48:16,113.54,48.8
2026-08-18T03:48:17,112.7,47.97
2026-08-18T03:48:18,112.73,48.0
2026-08-18T03:48:19,112.72,48.0
2026-08-18T03:48:20,112.84,48.11
2026-08-18T03:48:21,112.26,47.54
2026-08-18T03:48:22,112.27,47.56
2026-08-18T03:48:23,112.77,48.05
2026-08-18T03:48:24,112.46,47.74
2026-08-18T03:48:25,111.91,47.19
2026-08-18T03:48:26,113.01,48.28
2026-08-18T03:48:27,112.97,48.24
2026-08-18T03:48:28,112.16,47.44
2026-08-18T03:48:29,111.21,46.5
2026-08-18T03:48:30,111.52,46.82
2026-08-18T03:48:31,111.63,46.92
2026-08-18T03:48:32,111.45,46.75
2026-08-18T03:48:33,111.59,46.88
2026-08-18T03:48:34,112.13,47.41
2026-08-18T03:48:35,111.73,47.02
2026-08-18T03:48:36,111.98,47.27
2026-08-18T03:48:37,111.37,46.67
2026-08-18T03:48:38,112.36,47.64
2026-08-18T03:48:39,111.62,46.91
2026-08-18T03:48:40,111.66,46.95
2026-08-18T03:48:41,112.05,47.33
2026-08-18T03:48:42,112.37,47.65
2026-08-18T03:48:43,111.97,47.25
2026-08-18T03:48:44,111.78,47.07
2026-08-18T03:48:45,112.26,47.54
2026-08-18T03:48:46,112.34,47.62
2026-08-18T03:48:47,112.74,48.02
2026-08-18T03:48:48,112.93,48.2
2026-08-18T03:48:49,112.83,48.1
2026-08-18T03:48:50,112.18,47.46
2026-08-18T03:48:51,111.36,46.66
2026-08-18T03:48:52,111.45,46.74
2026-08-18T03:48:53,111.92,47.2
2026-08-18T03:48:54,111.62,46.91
2026-08-18T03:48:55,111.42,46.71
2026-08-18T03:48:56,111.76,47.04
2026-08-18T03:48:57,111.45,46.74
2026-08-18T03:48:58,111.6,46.89
2026-08-18T03:48:59,111.68,46.97
2026-08-18T03:49:00,112.12,47.41
2026-08-18T03:49:01,111.91,47.19
2026-08-18T03:49:02,111.92,47.21
2026-08-18T03:49:03,112.69,47.97
2026-08-18T03:49:04,112.9,48.17
2026-08-18T03:49:05,112.6,47.88
2026-08-18T03:49:06,111.97,47.25
2026-08-18T03:49:07,112.6,47.88
2026-08-18T03:49:08,112.34,47.62
2026-08-18T03:49:09,111.96,47.24
2026-08-18T03:49:10,111.86,47.14
2026-08-18T03:49:11,111.46,46.76
2026-08-18T03:49:12,111.52,46.81
2026-08-18T03:49:13,111.69,46.97
2026-08-18T03:49:14,111.39,46.69
2026-08-18T03:49:15,111.95,47.23
2026-08-18T03:49:16,111.48,46.77
2026-08-18T03:49:17,112.12,47.4
2026-08-18T03:49:18,112.0,47.29
2026-08-18T03:49:19,111.52,46.82
2026-08-18T03:49:20,111.3,46.6
2026-08-18T03:49:21,111.64,46.93
2026-08-18T03:49:22,111.43,46.73
2026-08-18T03:49:23,111.38,46.67
2026-08-18T03:49:24,111.52,46.81
2026-08-18T03:49:25,111.63,46.92
2026-08-18T03:49:26,111.64,46.93
2026-08-18T03:49:27,111.38,46.67
2026-08-18T03:49:28,111.1,46.4
2026-08-18T03:49:29,111.24,46.54
2026-08-18T03:49:30,111.35,46.64
2026-08-18T03:49:31,111.3,46.59
2026-08-18T03:49:32,111.19,46.48
2026-08-18T03:49:33,111.44,46.73
2026-08-18T03:49:34,111.17,46.46
2026-08-18T03:49:35,111.23,46.53
2026-08-18T03:49:36,111.09,46.38
2026-08-18T03:49:37,111.17,46.46
2026-08-18T03:49:38,111.28,46.58
2026-08-18T03:49:39,111.16,46.46
2026-08-18T03:49:40,110.87,46.17
2026-08-18T03:49:41,110.42,45.73
2026-08-18T03:49:42,110.94,46.24
2026-08-18T03:49:43,110.86,46.16
2026-08-18T03:49:44,110.77,46.07
2026-08-18T03:49:45,110.67,45.97
2026-08-18T03:49:46,110.86,46.16
2026-08-18T03:49:47,110.56,45.86
2026-08-18T03:49:48,110.95,46.25
2026-08-18T03:49:49,110.93,46.23
2026-08-18T03:49:50,110.89,46.19
2026-08-18T03:49:51,110.57,45.88
2026-08-18T03:49:52,110.61,45.92
2026-08-18T03:49:53,110.3,45.61
2026-08-18T03:49:54,110.35,45.66
2026-08-18T03:49:55,110.46,45.77
2026-08-18T03:49:56,111.0,46.3
2026-08-18T03:49:57,110.71,46.02
2026-08-18T03:49:58,110.25,45.56
2026-08-18T03:49:59,110.25,45.56
2026-08-18T03:50:00,110.03,45.34
2026-08-18T03:50:01,110.4,45.71
2026-08-18T03:50:02,110.41,45.72
2026-08-18T03:50:03,110.77,46.07
2026-08-18T03:50:04,110.56,45.86
2026-08-18T03:50:05,110.71,46.01
2026-08-18T03:50:06,110.98,46.28
2026-08-18T03:50:07,111.13,46.42
2026-08-18T03:50:08,110.99,46.29
2026-08-18T03:50:09,110.82,46.12
2026-08-18T03:50:10,110.9,46.2
2026-08-18T03:50:11,110.55,45.85
2026-08-18T03:50:12,110.36,45.66
2026-08-18T03:50:13,110.49,45.8
2026-08-18T03:50:14,110.46,45.76
2026-08-18T03:50:15,110.68,45.98
2026-08-18T03:50:16,110.71,46.01
2026-08-18T03:50:17,110.19,45.5
2026-08-18T03:50:18,110.56,45.86
2026-08-18T03:50:19,110.99,46.29
2026-08-18T03:50:20,110.78,46.08
2026-08-18T03:50:21,110.64,45.94
2026-08-18T03:50:22,110.54,45.84
2026-08-18T03:50:23,110.62,45.93
2026-08-18T03:50:24,110.51,45.81
2026-08-18T03:50:25,110.73,46.03
2026-08-18T03:50:26,110.86,46.16
2026-08-18T03:50:27,110.96,46.26
2026-08-18T03:50:28,110.93,46.23
2026-08-18T03:50:29,110.65,45.95
2026-08-18T03:50:30,110.75,46.05
2026-08-18T03:50:31,110.77,46.08
2026-08-18T03:50:32,110.68,45.98
2026-08-18T03:50:33,111.31,46.61
2026-08-18T03:50:34,110.48,45.78
2026-08-18T03:50:35,110.92,46.22
2026-08-18T03:50:36,110.62,45.93
2026-08-18T03:50:37,110.81,46.11
2026-08-18T03:50:38,110.85,46.16
2026-08-18T03:50:39,110.7,46.0
2026-08-18T03:50:40,114.73,49.98
2026-08-18T03:50:41,111.14,46.43
2026-08-18T03:50:42,111.1,46.4
2026-08-18T03:50:43,110.76,46.06
2026-08-18T03:50:44,110.88,46.18
2026-08-18T03:50:45,110.83,46.13
2026-08-18T03:50:46,110.73,46.03
2026-08-18T03:50:47,110.95,46.25
2026-08-18T03:50:48,111.25,46.54
2026-08-18T03:50:49,110.71,46.01
2026-08-18T03:50:50,111.44,46.73
2026-08-18T03:50:51,111.51,46.8
2026-08-18T03:50:52,112.25,47.53
2026-08-18T03:50:53,112.45,47.73
2026-08-18T03:50:54,111.83,47.12
2026-08-18T03:50:55,111.46,46.75
2026-08-18T03:50:56,112.31,47.59
2026-08-18T03:50:57,112.71,47.98
2026-08-18T03:50:58,112.41,47.69
2026-08-18T03:50:59,111.84,47.12
2026-08-18T03:51:00,114.49,49.74
2026-08-18T03:51:01,113.39,48.65
2026-08-18T03:51:02,113.09,48.36
2026-08-18T03:51:03,112.44,47.71
2026-08-18T03:51:04,112.15,47.43
2026-08-18T03:51:05,111.56,46.85
2026-08-18T03:51:06,111.09,46.39
2026-08-18T03:51:07,111.35,46.64
2026-08-18T03:51:08,112.26,47.54
2026-08-18T03:51:09,111.98,47.27
2026-08-18T03:51:10,111.79,47.08
2026-08-18T03:51:11,112.21,47.49
2026-08-18T03:51:12,111.23,46.53
2026-08-18T03:51:13,111.26,46.56
2026-08-18T03:51:14,111.44,46.73
2026-08-18T03:51:15,110.89,46.19
2026-08-18T03:51:16,111.19,46.49
2026-08-18T03:51:17,111.21,46.51
2026-08-18T03:51:18,111.79,47.08
2026-08-18T03:51:19,111.21,46.51
2026-08-18T03:51:20,111.69,46.98
2026-08-18T03:51:21,110.96,46.26
2026-08-18T03:51:22,111.05,46.35
2026-08-18T03:51:23,111.41,46.7
2026-08-18T03:51:24,111.05,46.34
2026-08-18T03:51:25,111.3,46.59
2026-08-18T03:51:26,111.41,46.7
2026-08-18T03:51:27,111.71,47.0
2026-08-18T03:51:28,111.97,47.26
2026-08-18T03:51:29,111.53,46.82
2026-08-18T03:51:30,111.15,46.45
2026-08-18T03:51:31,111.19,46.49
2026-08-18T03:51:32,111.22,46.52
2026-08-18T03:51:33,111.6,46.89
2026-08-18T03:51:34,111.11,46.41
2026-08-18T03:51:35,110.97,46.27
2026-08-18T03:51:36,111.99,47.27
2026-08-18T03:51:37,111.92,47.2
2026-08-18T03:51:38,111.72,47.01
2026-08-18T03:51:39,111.32,46.61
2026-08-18T03:51:40,111.34,46.64
2026-08-18T03:51:41,112.05,47.33
2026-08-18T03:51:42,111.85,47.14
2026-08-18T03:51:43,112.15,47.44
2026-08-18T03:51:44,112.07,47.35
2026-08-18T03:51:45,112.25,47.54
2026-08-18T03:51:46,112.07,47.35
2026-08-18T03:51:47,112.24,47.52
2026-08-18T03:51:48,111.9,47.18
2026-08-18T03:51:49,111.37,46.67
2026-08-18T03:51:50,111.63,46.92
2026-08-18T03:51:51,111.17,46.46
2026-08-18T03:51:52,111.31,46.61
2026-08-18T03:51:53,111.28,46.58
2026-08-18T03:51:54,111.42,46.71
2026-08-18T03:51:55,111.05,46.34
2026-08-18T03:51:56,111.08,46.38
2026-08-18T03:51:57,110.78,46.08
2026-08-18T03:51:58,110.92,46.22
2026-08-18T03:51:59,111.07,46.37
2026-08-18T03:52:00,110.99,46.28
2026-08-18T03:52:01,111.63,46.92
2026-08-18T03:52:02,111.95,47.24
2026-08-18T03:52:03,111.59,46.88
2026-08-18T03:52:04,111.47,46.77
2026-08-18T03:52:05,112.44,47.72
2026-08-18T03:52:06,111.78,47.07
2026-08-18T03:52:07,111.84,47.13
2026-08-18T03:52:08,111.43,46.72
2026-08-18T03:52:09,111.72,47.01
2026-08-18T03:52:10,111.92,47.2
2026-08-18T03:52:11,111.54,46.83
2026-08-18T03:52:12,111.73,47.01
2026-08-18T03:52:13,110.83,46.13
2026-08-18T03:52:14,110.82,46.12
2026-08-18T03:52:15,110.9,46.2
2026-08-18T03:52:16,110.91,46.21
2026-08-18T03:52:17,110.91,46.21
2026-08-18T03:52:18,110.76,46.06
2026-08-18T03:52:19,111.04,46.34
2026-08-18T03:52:20,111.21,46.51
2026-08-18T03:52:21,111.27,46.56
2026-08-18T03:52:22,111.13,46.43
2026-08-18T03:52:23,111.39,46.69
2026-08-18T03:52:24,111.07,46.37
2026-08-18T03:52:25,111.37,46.66
2026-08-18T03:52:26,110.92,46.22
2026-08-18T03:52:27,111.13,46.42
2026-08-18T03:52:28,111.41,46.7
2026-08-18T03:52:29,110.94,46.24
2026-08-18T03:52:30,110.95,46.25
2026-08-18T03:52:31,111.0,46.3
2026-08-18T03:52:32,111.04,46.34
2026-08-18T03:52:33,110.91,46.21
2026-08-18T03:52:34,110.91,46.21
2026-08-18T03:52:35,110.63,45.94
2026-08-18T03:52:36,110.92,46.22
2026-08-18T03:52:37,111.48,46.77
2026-08-18T03:52:38,111.05,46.35
2026-08-18T03:52:39,111.14,46.44
2026-08-18T03:52:40,111.07,46.37
2026-08-18T03:52:41,111.2,46.5
2026-08-18T03:52:42,111.36,46.66
2026-08-18T03:52:43,111.27,46.56
2026-08-18T03:52:44,111.2,46.5
2026-08-18T03:52:45,111.4,46.7
2026-08-18T03:52:46,111.65,46.94
2026-08-18T03:52:47,111.55,46.84
2026-08-18T03:52:48,111.88,47.17
2026-08-18T03:52:49,111.79,47.07
2026-08-18T03:52:50,112.15,47.43
2026-08-18T03:52:51,111.55,46.84
2026-08-18T03:52:52,111.26,46.56
2026-08-18T03:52:53,110.96,46.26
2026-08-18T03:52:54,111.31,46.6
2026-08-18T03:52:55,111.41,46.7
2026-08-18T03:52:56,110.96,46.26
2026-08-18T03:52:57,111.24,46.53
2026-08-18T03:52:58,111.56,46.86
2026-08-18T03:52:59,111.19,46.49
2026-08-18T03:53:00,111.82,47.11
2026-08-18T03:53:01,111.43,46.72
2026-08-18T03:53:02,111.59,46.88
2026-08-18T03:53:03,111.32,46.62
2026-08-18T03:53:04,111.52,46.82
2026-08-18T03:53:05,111.07,46.37
2026-08-18T03:53:06,111.26,46.56
2026-08-18T03:53:07,111.02,46.32
2026-08-18T03:53:08,111.69,46.98
2026-08-18T03:53:09,111.43,46.72
2026-08-18T03:53:10,111.31,46.6
2026-08-18T03:53:11,111.54,46.83
2026-08-18T03:53:12,111.43,46.72
2026-08-18T03:53:13,111.39,46.69
2026-08-18T03:53:14,111.07,46.36
2026-08-18T03:53:15,111.95,47.24
2026-08-18T03:53:16,111.5,46.8
2026-08-18T03:53:17,111.21,46.51
2026-08-18T03:53:18,111.74,47.03
2026-08-18T03:53:19,111.26,46.55
2026-08-18T03:53:20,111.6,46.89
2026-08-18T03:53:21,111.59,46.88
2026-08-18T03:53:22,111.77,47.06
2026-08-18T03:53:23,112.23,47.51
2026-08-18T03:53:24,112.39,47.67
2026-08-18T03:53:25,111.62,46.91
2026-08-18T03:53:26,111.35,46.64
2026-08-18T03:53:27,111.55,46.84
2026-08-18T03:53:28,111.77,47.05
2026-08-18T03:53:29,111.37,46.67
2026-08-18T03:53:30,111.18,46.47
2026-08-18T03:53:31,111.78,47.07
2026-08-18T03:53:32,111.67,46.96
2026-08-18T03:53:33,111.41,46.7
2026-08-18T03:53:34,111.05,46.35
2026-08-18T03:53:35,111.08,46.38
2026-08-18T03:53:36,111.32,46.62
2026-08-18T03:53:37,111.55,46.84
2026-08-18T03:53:38,111.76,47.05
2026-08-18T03:53:39,111.92,47.21
2026-08-18T03:53:40,111.99,47.27
2026-08-18T03:53:41,111.86,47.14
2026-08-18T03:53:42,112.08,47.37
2026-08-18T03:53:43,112.2,47.48
2026-08-18T03:53:44,112.32,47.6
2026-08-18T03:53:45,112.78,48.05
2026-08-18T03:53:46,113.16,48.43
2026-08-18T03:53:47,112.52,47.8
2026-08-18T03:53:48,112.63,47.91
2026-08-18T03:53:49,112.1,47.39
2026-08-18T03:53:50,112.23,47.51
2026-08-18T03:53:51,112.3,47.58
2026-08-18T03:53:52,112.14,47.43
2026-08-18T03:53:53,112.06,47.35
2026-08-18T03:53:54,112.49,47.77
2026-08-18T03:53:55,112.5,47.78
2026-08-18T03:53:56,112.0,47.29
2026-08-18T03:53:57,111.88,47.17
2026-08-18T03:53:58,111.9,47.18
2026-08-18T03:53:59,112.47,47.74
2026-08-18T03:54:00,112.15,47.44
2026-08-18T03:54:01,111.72,47.01
2026-08-18T03:54:02,112.91,48.18
2026-08-18T03:54:03,113.16,48.43
2026-08-18T03:54:04,112.17,47.45
2026-08-18T03:54:05,112.33,47.61
2026-08-18T03:54:06,112.45,47.73
2026-08-18T03:54:07,112.74,48.01
2026-08-18T03:54:08,112.89,48.16
2026-08-18T03:54:09,112.39,47.67
2026-08-18T03:54:10,112.73,48.01
2026-08-18T03:54:11,112.17,47.45
2026-08-18T03:54:12,112.87,48.14
2026-08-18T03:54:13,113.05,48.32
2026-08-18T03:54:14,113.46,48.73
2026-08-18T03:54:15,113.13,48.4
2026-08-18T03:54:16,113.55,48.81
2026-08-18T03:54:17,113.52,48.78
2026-08-18T03:54:18,113.26,48.53
2026-08-18T03:54:19,113.48,48.75
2026-08-18T03:54:20,114.05,49.31
2026-08-18T03:54:21,113.63,48.9
2026-08-18T03:54:22,112.79,48.06
2026-08-18T03:54:23,112.27,47.55
2026-08-18T03:54:24,112.43,47.71
2026-08-18T03:54:25,112.88,48.15
2026-08-18T03:54:26,112.62,47.9
2026-08-18T03:54:27,113.08,48.35
2026-08-18T03:54:28,112.95,48.22
2026-08-18T03:54:29,113.29,48.56
2026-08-18T03:54:30,113.04,48.31
2026-08-18T03:54:31,112.98,48.25
2026-08-18T03:54:32,113.29,48.56
2026-08-18T03:54:33,113.24,48.51
2026-08-18T03:54:34,113.37,48.63
2026-08-18T03:54:35,112.45,47.72
2026-08-18T03:54:36,113.55,48.81
2026-08-18T03:54:37,113.79,49.05
2026-08-18T03:54:38,113.45,48.71
2026-08-18T03:54:39,112.4,47.68
2026-08-18T03:54:40,112.77,48.04
2026-08-18T03:54:41,113.11,48.38
2026-08-18T03:54:42,112.95,48.22
2026-08-18T03:54:43,111.89,47.17
2026-08-18T03:54:44,112.57,47.85
2026-08-18T03:54:45,112.07,47.35
2026-08-18T03:54:46,112.0,47.29
2026-08-18T03:54:47,112.3,47.58
2026-08-18T03:54:48,111.92,47.2
2026-08-18T03:54:49,112.03,47.32
2026-08-18T03:54:50,112.2,47.48
2026-08-18T03:54:51,112.04,47.33
2026-08-18T03:54:52,111.67,46.96
2026-08-18T03:54:53,111.98,47.26
2026-08-18T03:54:54,111.98,47.26
2026-08-18T03:54:55,112.46,47.74
2026-08-18T03:54:56,112.1,47.39
2026-08-18T03:54:57,112.36,47.64
2026-08-18T03:54:58,112.47,47.75
2026-08-18T03:54:59,112.48,47.76
2026-08-18T03:55:00,112.79,48.07
2026-08-18T03:55:01,112.56,47.84
2026-08-18T03:55:02,112.97,48.24
2026-08-18T03:55:03,113.31,48.58
2026-08-18T03:55:04,112.88,48.16
2026-08-18T03:55:05,112.69,47.97
2026-08-18T03:55:06,112.41,47.69
2026-08-18T03:55:07,112.67,47.95
2026-08-18T03:55:08,113.05,48.32
2026-08-18T03:55:09,113.05,48.32
2026-08-18T03:55:10,112.94,48.21
2026-08-18T03:55:11,113.14,48.41
2026-08-18T03:55:12,112.1,47.38
2026-08-18T03:55:13,111.96,47.25
2026-08-18T03:55:14,112.0,47.29
2026-08-18T03:55:15,112.06,47.34
2026-08-18T03:55:16,112.02,47.31
2026-08-18T03:55:17,111.95,47.24
2026-08-18T03:55:18,111.52,46.81
2026-08-18T03:55:19,111.68,46.97
2026-08-18T03:55:20,111.71,47.0
2026-08-18T03:55:21,111.8,47.08
2026-08-18T03:55:22,111.6,46.89
2026-08-18T03:55:23,111.73,47.02
2026-08-18T03:55:24,111.27,46.56
2026-08-18T03:55:25,111.89,47.17
2026-08-18T03:55:26,111.78,47.07
2026-08-18T03:55:27,111.96,47.24
2026-08-18T03:55:28,111.89,47.18
2026-08-18T03:55:29,111.92,47.21
2026-08-18T03:55:30,111.92,47.2
2026-08-18T03:55:31,111.73,47.02
2026-08-18T03:55:32,111.91,47.19
2026-08-18T03:55:33,112.19,47.47
2026-08-18T03:55:34,112.29,47.57
2026-08-18T03:55:35,112.42,47.7
2026-08-18T03:55:36,112.09,47.37
2026-08-18T03:55:37,112.24,47.52
2026-08-18T03:55:38,112.09,47.38
2026-08-18T03:55:39,112.33,47.61
2026-08-18T03:55:40,112.09,47.38
2026-08-18T03:55:41,112.37,47.65
2026-08-18T03:55:42,111.91,47.19
2026-08-18T03:55:43,115.54,50.78
2026-08-18T03:55:44,117.6,52.8
2026-08-18T03:55:45,118.04,53.24
2026-08-18T03:55:46,116.81,52.02
2026-08-18T03:55:47,115.3,50.53
2026-08-18T03:55:48,113.63,48.89
2026-08-18T03:55:49,112.84,48.12
2026-08-18T03:55:50,113.02,48.29
2026-08-18T03:55:51,112.98,48.25
2026-08-18T03:55:52,113.5,48.77
2026-08-18T03:55:53,113.63,48.89
2026-08-18T03:55:54,113.77,49.03
2026-08-18T03:55:55,113.66,48.92
2026-08-18T03:55:56,112.49,47.77
2026-08-18T03:55:57,111.94,47.22
2026-08-18T03:55:58,112.72,47.99
2026-08-18T03:55:59,112.88,48.15
2026-08-18T03:56:00,113.41,48.67
2026-08-18T03:56:01,112.31,47.59
2026-08-18T03:56:02,112.02,47.3
2026-08-18T03:56:03,111.75,47.03
2026-08-18T03:56:04,111.84,47.12
2026-08-18T03:56:05,112.16,47.45
2026-08-18T03:56:06,112.82,48.09
2026-08-18T03:56:07,113.62,48.88
2026-08-18T03:56:08,114.14,49.39
2026-08-18T03:56:09,114.36,49.61
2026-08-18T03:56:10,113.68,48.94
2026-08-18T03:56:11,113.35,48.62
2026-08-18T03:56:12,112.35,47.63
2026-08-18T03:56:13,112.08,47.36
2026-08-18T03:56:14,112.07,47.35
2026-08-18T03:56:15,111.66,46.95
2026-08-18T03:56:16,112.49,47.77
2026-08-18T03:56:17,111.96,47.25
2026-08-18T03:56:18,111.79,47.08
2026-08-18T03:56:19,112.08,47.37
2026-08-18T03:56:20,111.66,46.95
2026-08-18T03:56:21,111.4,46.69
2026-08-18T03:56:22,111.62,46.91
2026-08-18T03:56:23,112.02,47.31
2026-08-18T03:56:24,112.01,47.3
2026-08-18T03:56:25,111.85,47.14
2026-08-18T03:56:26,111.21,46.51
2026-08-18T03:56:27,111.67,46.96
2026-08-18T03:56:28,111.38,46.67
2026-08-18T03:56:29,111.71,47.0
2026-08-18T03:56:30,112.0,47.29
2026-08-18T03:56:31,112.59,47.86
2026-08-18T03:56:32,112.37,47.65
2026-08-18T03:56:33,112.06,47.34
2026-08-18T03:56:34,111.41,46.7
2026-08-18T03:56:35,111.38,46.67
2026-08-18T03:56:36,111.86,47.15
2026-08-18T03:56:37,112.06,47.35
2026-08-18T03:56:38,111.57,46.86
2026-08-18T03:56:39,111.93,47.22
2026-08-18T03:56:40,111.94,47.23
2026-08-18T03:56:41,112.32,47.6
2026-08-18T03:56:42,112.54,47.82
2026-08-18T03:56:43,111.23,46.52
2026-08-18T03:56:44,111.83,47.12
2026-08-18T03:56:45,111.91,47.2
2026-08-18T03:56:46,112.05,47.34
2026-08-18T03:56:47,111.23,46.53
2026-08-18T03:56:48,111.38,46.67
2026-08-18T03:56:49,111.43,46.72
2026-08-18T03:56:50,111.96,47.24
2026-08-18T03:56:51,112.0,47.28
2026-08-18T03:56:52,111.5,46.79
2026-08-18T03:56:53,111.14,46.44
2026-08-18T03:56:54,111.13,46.43
2026-08-18T03:56:55,111.2,46.49
2026-08-18T03:56:56,111.59,46.88
2026-08-18T03:56:57,111.44,46.73
2026-08-18T03:56:58,111.47,46.76
2026-08-18T03:56:59,111.27,46.57
2026-08-18T03:57:00,111.08,46.38
2026-08-18T03:57:01,111.24,46.54
2026-08-18T03:57:02,111.16,46.46
2026-08-18T03:57:03,111.36,46.66
2026-08-18T03:57:04,111.26,46.56
2026-08-18T03:57:05,111.08,46.38
2026-08-18T03:57:06,111.4,46.69
2026-08-18T03:57:07,111.49,46.78
2026-08-18T03:57:08,111.59,46.88
2026-08-18T03:57:09,111.63,46.92
2026-08-18T03:57:10,111.3,46.6
2026-08-18T03:57:11,111.22,46.52
2026-08-18T03:57:12,111.68,46.97
2026-08-18T03:57:13,111.52,46.82
2026-08-18T03:57:14,111.41,46.7
2026-08-18T03:57:15,112.27,47.55
2026-08-18T03:57:16,111.9,47.19
2026-08-18T03:57:17,111.8,47.09
2026-08-18T03:57:18,111.46,46.75
2026-08-18T03:57:19,111.81,47.1
2026-08-18T03:57:20,111.92,47.21
2026-08-18T03:57:21,111.95,47.24
2026-08-18T03:57:22,111.61,46.9
2026-08-18T03:57:23,111.7,46.99
2026-08-18T03:57:24,112.06,47.34
2026-08-18T03:57:25,112.41,47.69
2026-08-18T03:57:26,111.67,46.96
2026-08-18T03:57:27,111.6,46.89
2026-08-18T03:57:28,111.59,46.88
2026-08-18T03:57:29,111.28,46.57
2026-08-18T03:57:30,112.14,47.42
2026-08-18T03:57:31,112.24,47.52
2026-08-18T03:57:32,111.42,46.71
2026-08-18T03:57:33,111.28,46.57
2026-08-18T03:57:34,111.27,46.56
2026-08-18T03:57:35,111.67,46.96
2026-08-18T03:57:36,111.44,46.73
2026-08-18T03:57:37,111.76,47.05
2026-08-18T03:57:38,111.38,46.67
2026-08-18T03:57:39,111.67,46.96
2026-08-18T03:57:40,111.43,46.73
2026-08-18T03:57:41,111.77,47.06
2026-08-18T03:57:42,111.94,47.22
2026-08-18T03:57:43,111.48,46.77
2026-08-18T03:57:44,111.63,46.92
2026-08-18T03:57:45,112.53,47.8
2026-08-18T03:57:46,112.54,47.82
2026-08-18T03:57:47,112.98,48.25
2026-08-18T03:57:48,114.3,49.55
2026-08-18T03:57:49,115.58,50.82
2026-08-18T03:57:50,116.28,51.51
2026-08-18T03:57:51,118.53,53.72
2026-08-18T03:57:52,123.72,58.83
2026-08-18T03:57:53,126.57,61.65
2026-08-18T03:57:54,127.41,62.47
2026-08-18T03:57:55,127.69,62.75
2026-08-18T03:57:56,127.38,62.44
2026-08-18T03:57:57,124.14,59.25
2026-08-18T03:57:58,119.53,54.7
2026-08-18T03:57:59,118.45,53.64
2026-08-18T03:58:00,120.26,55.43
2026-08-18T03:58:01,123.86,58.98
2026-08-18T03:58:02,125.75,60.84
2026-08-18T03:58:03,127.28,62.35
2026-08-18T03:58:04,128.21,63.26
2026-08-18T03:58:05,127.59,62.65
2026-08-18T03:58:06,123.62,58.74
2026-08-18T03:58:07,120.55,55.71
2026-08-18T03:58:08,118.92,54.1
2026-08-18T03:58:09,117.95,53.15
2026-08-18T03:58:10,118.17,53.37
2026-08-18T03:58:11,119.78,54.95
2026-08-18T03:58:12,123.28,58.41
2026-08-18T03:58:13,125.74,60.83
2026-08-18T03:58:14,126.23,61.31
2026-08-18T03:58:15,126.7,61.78
2026-08-18T03:58:16,126.2,61.29
2026-08-18T03:58:17,123.69,58.81
2026-08-18T03:58:18,120.26,55.42
2026-08-18T03:58:19,118.72,53.91
2026-08-18T03:58:20,116.96,52.18
2026-08-18T03:58:21,116.22,51.45
2026-08-18T03:58:22,115.33,50.57
2026-08-18T03:58:23,114.12,49.37
2026-08-18T03:58:24,113.46,48.73
2026-08-18T03:58:25,113.11,48.38
2026-08-18T03:58:26,112.7,47.97
2026-08-18T03:58:27,112.61,47.89
2026-08-18T03:58:28,112.26,47.55
2026-08-18T03:58:29,112.41,47.69
2026-08-18T03:58:30,112.2,47.48
2026-08-18T03:58:31,112.39,47.67
2026-08-18T03:58:32,111.88,47.17
2026-08-18T03:58:33,111.94,47.23
2026-08-18T03:58:34,112.09,47.38
2026-08-18T03:58:35,111.95,47.24
2026-08-18T03:58:36,111.35,46.65
2026-08-18T03:58:37,111.39,46.68
2026-08-18T03:58:38,111.38,46.68
2026-08-18T03:58:39,111.46,46.75
2026-08-18T03:58:40,111.32,46.62
2026-08-18T03:58:41,111.78,47.07
2026-08-18T03:58:42,111.81,47.1
2026-08-18T03:58:43,111.57,46.86
2026-08-18T03:58:44,112.25,47.53
2026-08-18T03:58:45,112.29,47.57
2026-08-18T03:58:46,112.63,47.91
2026-08-18T03:58:47,112.62,47.9
2026-08-18T03:58:48,112.89,48.16
2026-08-18T03:58:49,112.55,47.82
2026-08-18T03:58:50,113.11,48.38
2026-08-18T03:58:51,113.78,49.04
2026-08-18T03:58:52,112.43,47.71
2026-08-18T03:58:53,112.55,47.82
2026-08-18T03:58:54,111.53,46.82
2026-08-18T03:58:55,111.89,47.17
2026-08-18T03:58:56,112.17,47.46
2026-08-18T03:58:57,111.89,47.18
2026-08-18T03:58:58,111.74,47.03
2026-08-18T03:58:59,112.6,47.87
2026-08-18T03:59:00,113.53,48.79
2026-08-18T03:59:01,114.65,49.9
2026-08-18T03:59:02,115.94,51.17
2026-08-18T03:59:03,117.83,53.03
2026-08-18T03:59:04,118.35,53.55
2026-08-18T03:59:05,120.32,55.49
2026-08-18T03:59:06,124.33,59.44
2026-08-18T03:59:07,127.54,62.6
2026-08-18T03:59:08,127.88,62.94
2026-08-18T03:59:09,129.57,64.6
2026-08-18T03:59:10,130.2,65.23
2026-08-18T03:59:11,128.37,63.43
2026-08-18T03:59:12,123.31,58.44
2026-08-18T03:59:13,121.11,56.26
2026-08-18T03:59:14,119.62,54.79
2026-08-18T03:59:15,118.19,53.38
2026-08-18T03:59:16,118.99,54.17
2026-08-18T03:59:17,115.4,50.64
2026-08-18T03:59:18,113.88,49.14
2026-08-18T03:59:19,113.06,48.33
2026-08-18T03:59:20,112.93,48.2
2026-08-18T03:59:21,113.03,48.3
2026-08-18T03:59:22,112.76,48.04
2026-08-18T03:59:23,111.71,47.0
2026-08-18T03:59:24,111.65,46.94
2026-08-18T03:59:25,111.86,47.14
2026-08-18T03:59:26,111.34,46.64
2026-08-18T03:59:27,111.52,46.82
2026-08-18T03:59:28,111.5,46.79
2026-08-18T03:59:29,111.33,46.63
2026-08-18T03:59:30,111.62,46.91
2026-08-18T03:59:31,111.24,46.53
2026-08-18T03:59:32,111.29,46.59
2026-08-18T03:59:33,111.99,47.27
2026-08-18T03:59:34,111.84,47.13
2026-08-18T03:59:35,111.64,46.93
2026-08-18T03:59:36,110.78,46.08
2026-08-18T03:59:37,111.48,46.77
2026-08-18T03:59:38,111.78,47.07
2026-08-18T03:59:39,111.39,46.68
2026-08-18T03:59:40,111.54,46.83
2026-08-18T03:59:41,111.69,46.97
2026-08-18T03:59:42,111.91,47.2
2026-08-18T03:59:43,112.63,47.91
2026-08-18T03:59:44,111.91,47.2
2026-08-18T03:59:45,111.96,47.24
2026-08-18T03:59:46,112.03,47.32
2026-08-18T03:59:47,111.81,47.1
2026-08-18T03:59:48,111.87,47.16
2026-08-18T03:59:49,111.62,46.91
2026-08-18T03:59:50,111.64,46.93
2026-08-18T03:59:51,111.7,46.99
2026-08-18T03:59:52,111.9,47.19
2026-08-18T03:59:53,111.88,47.17
2026-08-18T03:59:54,111.88,47.17
2026-08-18T03:59:55,112.08,47.37
2026-08-18T03:59:56,111.84,47.13
2026-08-18T03:59:57,112.34,47.62
2026-08-18T03:59:58,111.66,46.95
2026-08-18T03:59:59,112.34,47.62
2026-08-18T04:00:00,111.77,47.06
2026-08-18T04:00:01,112.42,47.69
2026-08-18T04:00:02,112.53,47.81
2026-08-18T04:00:03,112.63,47.91
2026-08-18T04:00:04,112.33,47.61
2026-08-18T04:00:05,112.63,47.91
2026-08-18T04:00:06,112.56,47.84
2026-08-18T04:00:07,112.2,47.48
2026-08-18T04:00:08,112.19,47.47
2026-08-18T04:00:09,112.14,47.43
2026-08-18T04:00:10,112.06,47.34
2026-08-18T04:00:11,112.27,47.55
2026-08-18T04:00:12,112.09,47.38
2026-08-18T04:00:13,112.07,47.35
2026-08-18T04:00:14,111.76,47.05
2026-08-18T04:00:15,111.55,46.84
2026-08-18T04:00:16,111.83,47.12
2026-08-18T04:00:17,111.81,47.1
2026-08-18T04:00:18,112.39,47.67
2026-08-18T04:00:19,113.21,48.48
2026-08-18T04:00:20,113.77,49.03
2026-08-18T04:00:21,114.25,49.51
2026-08-18T04:00:22,112.72,47.99
2026-08-18T04:00:23,113.16,48.43
2026-08-18T04:00:24,113.23,48.49
2026-08-18T04:00:25,113.68,48.94
2026-08-18T04:00:26,113.32,48.59
2026-08-18T04:00:27,112.81,48.08
2026-08-18T04:00:28,113.16,48.42
2026-08-18T04:00:29,112.24,47.52
2026-08-18T04:00:30,113.75,49.01
2026-08-18T04:00:31,114.98,50.22
2026-08-18T04:00:32,114.26,49.51
2026-08-18T04:00:33,113.54,48.81
2026-08-18T04:00:34,113.04,48.31
2026-08-18T04:00:35,112.4,47.68
2026-08-18T04:00:36,112.41,47.69
2026-08-18T04:00:37,112.31,47.59
2026-08-18T04:00:38,112.72,48.0
2026-08-18T04:00:39,112.65,47.93
2026-08-18T04:00:40,112.1,47.38
2026-08-18T04:00:41,112.51,47.79
2026-08-18T04:00:42,111.91,47.19
2026-08-18T04:00:43,112.04,47.32
2026-08-18T04:00:44,112.18,47.46
2026-08-18T04:00:45,112.17,47.46
2026-08-18T04:00:46,111.98,47.27
2026-08-18T04:00:47,111.82,47.11
2026-08-18T04:00:48,111.96,47.25
2026-08-18T04:00:49,112.26,47.54
2026-08-18T04:00:50,111.85,47.13
2026-08-18T04:00:51,111.91,47.2
2026-08-18T04:00:52,111.88,47.17
2026-08-18T04:00:53,111.76,47.04
2026-08-18T04:00:54,111.99,47.28
2026-08-18T04:00:55,111.74,47.03
2026-08-18T04:00:56,112.09,47.37
2026-08-18T04:00:57,112.69,47.96
2026-08-18T04:00:58,113.07,48.34
2026-08-18T04:00:59,112.72,47.99
2026-08-18T04:01:00,112.16,47.44
2026-08-18T04:01:01,112.39,47.67
2026-08-18T04:01:02,111.94,47.22
2026-08-18T04:01:03,112.39,47.66
2026-08-18T04:01:04,112.27,47.55
2026-08-18T04:01:05,112.27,47.55
2026-08-18T04:01:06,112.27,47.55
2026-08-18T04:01:07,112.16,47.44
2026-08-18T04:01:08,112.42,47.7
2026-08-18T04:01:09,112.18,47.46
2026-08-18T04:01:10,111.83,47.12
2026-08-18T04:01:11,112.15,47.43
2026-08-18T04:01:12,112.26,47.54
2026-08-18T04:01:13,111.6,46.89
2026-08-18T04:01:14,111.35,46.64
2026-08-18T04:01:15,111.21,46.51
2026-08-18T04:01:16,111.22,46.51
2026-08-18T04:01:17,111.5,46.8
2026-08-18T04:01:18,111.65,46.94
2026-08-18T04:01:19,112.22,47.5
2026-08-18T04:01:20,112.28,47.56
2026-08-18T04:01:21,112.45,47.73
2026-08-18T04:01:22,112.09,47.37
2026-08-18T04:01:23,112.15,47.43
2026-08-18T04:01:24,113.09,48.36
2026-08-18T04:01:25,113.5,48.76
2026-08-18T04:01:26,112.44,47.72
2026-08-18T04:01:27,112.51,47.79
2026-08-18T04:01:28,112.5,47.78
2026-08-18T04:01:29,112.13,47.41
2026-08-18T04:01:30,112.19,47.47
2026-08-18T04:01:31,112.14,47.42
2026-08-18T04:01:32,112.28,47.56
2026-08-18T04:01:33,111.62,46.91
2026-08-18T04:01:34,111.72,47.01
2026-08-18T04:01:35,111.52,46.81
2026-08-18T04:01:36,111.53,46.82
2026-08-18T04:01:37,111.41,46.7
2026-08-18T04:01:38,111.24,46.53
2026-08-18T04:01:39,111.65,46.94
2026-08-18T04:01:40,111.34,46.63
2026-08-18T04:01:41,111.55,46.84
2026-08-18T04:01:42,111.68,46.97
2026-08-18T04:01:43,111.81,47.1
2026-08-18T04:01:44,111.6,46.9
2026-08-18T04:01:45,111.57,46.86
2026-08-18T04:01:46,112.26,47.54
2026-08-18T04:01:47,112.73,48.01
2026-08-18T04:01:48,111.62,46.91
2026-08-18T04:01:49,111.91,47.2
2026-08-18T04:01:50,111.85,47.14
2026-08-18T04:01:51,111.77,47.06
2026-08-18T04:01:52,111.6,46.89
2026-08-18T04:01:53,111.4,46.69
2026-08-18T04:01:54,111.86,47.15
2026-08-18T04:01:55,111.97,47.25
2026-08-18T04:01:56,111.66,46.95
2026-08-18T04:01:57,112.44,47.72
2026-08-18T04:01:58,112.6,47.87
2026-08-18T04:01:59,113.98,49.24
2026-08-18T04:02:00,115.22,50.46
2026-08-18T04:02:01,114.7,49.94
2026-08-18T04:02:02,112.64,47.91
2026-08-18T04:02:03,116.0,51.22
2026-08-18T04:02:04,112.48,47.76
2026-08-18T04:02:05,112.24,47.52
2026-08-18T04:02:06,112.16,47.44
2026-08-18T04:02:07,111.79,47.08
2026-08-18T04:02:08,111.64,46.93
2026-08-18T04:02:09,111.86,47.15
2026-08-18T04:02:10,113.98,49.23
2026-08-18T04:02:11,112.43,47.71
2026-08-18T04:02:12,111.78,47.07
2026-08-18T04:02:13,112.12,47.4
2026-08-18T04:02:14,111.82,47.1
2026-08-18T04:02:15,111.64,46.93
2026-08-18T04:02:16,111.6,46.89
2026-08-18T04:02:17,111.71,47.0
2026-08-18T04:02:18,111.65,46.94
2026-08-18T04:02:19,111.43,46.72
2026-08-18T04:02:20,111.37,46.66
2026-08-18T04:02:21,111.43,46.72
2026-08-18T04:02:22,111.58,46.87
2026-08-18T04:02:23,111.69,46.98
2026-08-18T04:02:24,111.93,47.21
2026-08-18T04:02:25,111.66,46.95
2026-08-18T04:02:26,111.82,47.1
2026-08-18T04:02:27,112.37,47.65
2026-08-18T04:02:28,111.73,47.02
2026-08-18T04:02:29,111.75,47.04
2026-08-18T04:02:30,111.17,46.46
2026-08-18T04:02:31,111.54,46.84
2026-08-18T04:02:32,111.51,46.8
2026-08-18T04:02:33,111.37,46.67
2026-08-18T04:02:34,112.34,47.62
2026-08-18T04:02:35,112.4,47.68
2026-08-18T04:02:36,111.39,46.69
2026-08-18T04:02:37,112.06,47.35
2026-08-18T04:02:38,112.1,47.38
2026-08-18T04:02:39,112.29,47.57
2026-08-18T04:02:40,112.33,47.61
2026-08-18T04:02:41,113.13,48.4
2026-08-18T04:02:42,114.04,49.29
2026-08-18T04:02:43,113.72,48.99
2026-08-18T04:02:44,114.18,49.43
2026-08-18T04:02:45,114.6,49.85
2026-08-18T04:02:46,114.52,49.77
2026-08-18T04:02:47,117.47,52.68
2026-08-18T04:02:48,118.32,53.51
2026-08-18T04:02:49,116.99,52.2
2026-08-18T04:02:50,116.76,51.97
2026-08-18T04:02:51,115.2,50.44
2026-08-18T04:02:52,115.09,50.33
2026-08-18T04:02:53,116.03,51.26
2026-08-18T04:02:54,114.48,49.73
2026-08-18T04:02:55,114.48,49.73
2026-08-18T04:02:56,114.52,49.77
2026-08-18T04:02:57,114.55,49.8
2026-08-18T04:02:58,119.78,54.96
2026-08-18T04:02:59,120.77,55.93
2026-08-18T04:03:00,120.43,55.6
2026-08-18T04:03:01,119.76,54.94
2026-08-18T04:03:02,117.35,52.56
2026-08-18T04:03:03,114.98,50.22
2026-08-18T04:03:04,113.48,48.74
2026-08-18T04:03:05,112.42,47.7
2026-08-18T04:03:06,112.78,48.05
2026-08-18T04:03:07,112.3,47.58
2026-08-18T04:03:08,112.56,47.83
2026-08-18T04:03:09,114.39,49.64
2026-08-18T04:03:10,114.53,49.78
2026-08-18T04:03:11,114.8,50.04
2026-08-18T04:03:12,114.4,49.65
2026-08-18T04:03:13,113.86,49.12
2026-08-18T04:03:14,113.26,48.53
2026-08-18T04:03:15,112.77,48.04
2026-08-18T04:03:16,112.4,47.67
2026-08-18T04:03:17,111.5,46.79
2026-08-18T04:03:18,111.58,46.87
2026-08-18T04:03:19,111.52,46.82
2026-08-18T04:03:20,111.56,46.85
2026-08-18T04:03:21,111.32,46.61
2026-08-18T04:03:22,111.66,46.95
2026-08-18T04:03:23,112.02,47.31
2026-08-18T04:03:24,111.86,47.15
2026-08-18T04:03:25,112.27,47.55
2026-08-18T04:03:26,112.2,47.48
2026-08-18T04:03:27,111.5,46.79
2026-08-18T04:03:28,112.57,47.84
2026-08-18T04:03:29,112.31,47.59
2026-08-18T04:03:30,112.19,47.47
2026-08-18T04:03:31,112.08,47.36
2026-08-18T04:03:32,112.3,47.58
2026-08-18T04:03:33,112.51,47.79
2026-08-18T04:03:34,112.62,47.9
2026-08-18T04:03:35,112.23,47.51
2026-08-18T04:03:36,112.6,47.88
2026-08-18T04:03:37,112.6,47.88
2026-08-18T04:03:38,112.84,48.11
2026-08-18T04:03:39,113.14,48.41
2026-08-18T04:03:40,113.79,49.05
2026-08-18T04:03:41,114.37,49.62
2026-08-18T04:03:42,115.27,50.51
2026-08-18T04:03:43,116.44,51.66
2026-08-18T04:03:44,116.8,52.02
2026-08-18T04:03:45,115.69,50.92
2026-08-18T04:03:46,113.82,49.08
2026-08-18T04:03:47,113.57,48.84
2026-08-18T04:03:48,113.46,48.72
2026-08-18T04:03:49,114.08,49.34
2026-08-18T04:03:50,114.47,49.72
2026-08-18T04:03:51,113.82,49.08
2026-08-18T04:03:52,114.06,49.32
2026-08-18T04:03:53,113.7,48.96
2026-08-18T04:03:54,113.07,48.34
2026-08-18T04:03:55,113.03,48.3
2026-08-18T04:03:56,112.81,48.08
2026-08-18T04:03:57,112.97,48.24
2026-08-18T04:03:58,113.0,48.27
2026-08-18T04:03:59,112.38,47.66
2026-08-18T04:04:00,112.67,47.95
2026-08-18T04:04:01,113.16,48.43
2026-08-18T04:04:02,113.09,48.36
2026-08-18T04:04:03,112.64,47.92
2026-08-18T04:04:04,112.24,47.52
2026-08-18T04:04:05,111.84,47.13
2026-08-18T04:04:06,111.98,47.26
2026-08-18T04:04:07,111.69,46.98
2026-08-18T04:04:08,111.39,46.69
2026-08-18T04:04:09,111.33,46.62
2026-08-18T04:04:10,111.45,46.74
2026-08-18T04:04:11,111.43,46.73
2026-08-18T04:04:12,111.66,46.95
2026-08-18T04:04:13,112.36,47.64
2026-08-18T04:04:14,112.78,48.05
2026-08-18T04:04:15,112.0,47.28
2026-08-18T04:04:16,111.92,47.21
2026-08-18T04:04:17,112.3,47.58
2026-08-18T04:04:18,112.27,47.56
2026-08-18T04:04:19,112.58,47.86
2026-08-18T04:04:20,112.01,47.3
2026-08-18T04:04:21,112.81,48.08
2026-08-18T04:04:22,113.94,49.2
2026-08-18T04:04:23,113.85,49.11
2026-08-18T04:04:24,113.11,48.38
2026-08-18T04:04:25,113.3,48.56
2026-08-18T04:04:26,113.1,48.37
2026-08-18T04:04:27,112.56,47.84
2026-08-18T04:04:28,113.1,48.37
2026-08-18T04:04:29,112.4,47.68
2026-08-18T04:04:30,112.49,47.77
2026-08-18T04:04:31,112.35,47.63
2026-08-18T04:04:32,112.7,47.97
2026-08-18T04:04:33,112.68,47.95
2026-08-18T04:04:34,112.75,48.02
2026-08-18T04:04:35,112.95,48.22
2026-08-18T04:04:36,113.27,48.54
2026-08-18T04:04:37,112.48,47.76
2026-08-18T04:04:38,112.58,47.86
2026-08-18T04:04:39,112.87,48.15
2026-08-18T04:04:40,112.96,48.23
2026-08-18T04:04:41,112.73,48.01
2026-08-18T04:04:42,112.67,47.94
2026-08-18T04:04:43,112.48,47.76
2026-08-18T04:04:44,112.6,47.88
2026-08-18T04:04:45,112.73,48.0
2026-08-18T04:04:46,112.6,47.88
2026-08-18T04:04:47,113.09,48.36
2026-08-18T04:04:48,112.43,47.71
2026-08-18T04:04:49,112.74,48.01
2026-08-18T04:04:50,112.83,48.1
2026-08-18T04:04:51,113.63,48.89
2026-08-18T04:04:52,114.1,49.36
2026-08-18T04:04:53,114.38,49.63
2026-08-18T04:04:54,115.78,51.01
2026-08-18T04:04:55,116.88,52.09
2026-08-18T04:04:56,118.28,53.47
2026-08-18T04:04:57,119.71,54.89
2026-08-18T04:04:58,123.29,58.42
2026-08-18T04:04:59,125.33,60.43
2026-08-18T04:05:00,127.26,62.32
2026-08-18T04:05:01,127.81,62.87
2026-08-18T04:05:02,127.28,62.35
2026-08-18T04:05:03,125.65,60.74
2026-08-18T04:05:04,122.24,57.38
2026-08-18T04:05:05,119.03,54.21
2026-08-18T04:05:06,117.43,52.64
2026-08-18T04:05:07,116.31,51.53
2026-08-18T04:05:08,115.89,51.12
2026-08-18T04:05:09,115.67,50.9
2026-08-18T04:05:10,116.94,52.16
2026-08-18T04:05:11,114.33,49.58
2026-08-18T04:05:12,113.43,48.69
2026-08-18T04:05:13,113.48,48.75
2026-08-18T04:05:14,113.78,49.04
2026-08-18T04:05:15,113.56,48.82
2026-08-18T04:05:16,113.17,48.44
2026-08-18T04:05:17,113.22,48.48
2026-08-18T04:05:18,113.94,49.19
2026-08-18T04:05:19,114.09,49.34
2026-08-18T04:05:20,113.48,48.75
2026-08-18T04:05:21,113.93,49.19
2026-08-18T04:05:22,113.12,48.39
2026-08-18T04:05:23,113.19,48.46
2026-08-18T04:05:24,112.59,47.87
2026-08-18T04:05:25,112.32,47.6
2026-08-18T04:05:26,112.52,47.79
2026-08-18T04:05:27,112.57,47.85
2026-08-18T04:05:28,112.61,47.88
2026-08-18T04:05:29,112.27,47.55
2026-08-18T04:05:30,111.94,47.22
2026-08-18T04:05:31,111.96,47.24
2026-08-18T04:05:32,112.25,47.53
2026-08-18T04:05:33,111.82,47.11
2026-08-18T04:05:34,111.99,47.27
2026-08-18T04:05:35,112.06,47.35
2026-08-18T04:05:36,112.21,47.49
2026-08-18T04:05:37,112.21,47.49
2026-08-18T04:05:38,112.76,48.03
2026-08-18T04:05:39,112.49,47.77
2026-08-18T04:05:40,111.85,47.14
2026-08-18T04:05:41,111.88,47.17
2026-08-18T04:05:42,111.46,46.75
2026-08-18T04:05:43,111.61,46.9
2026-08-18T04:05:44,111.8,47.09
2026-08-18T04:05:45,111.86,47.14
2026-08-18T04:05:46,112.09,47.38
2026-08-18T04:05:47,111.97,47.26
2026-08-18T04:05:48,111.84,47.12
2026-08-18T04:05:49,111.71,47.0
2026-08-18T04:05:50,111.89,47.18
2026-08-18T04:05:51,111.38,46.67
2026-08-18T04:05:52,111.71,47.0
2026-08-18T04:05:53,111.94,47.22
2026-08-18T04:05:54,111.75,47.04
2026-08-18T04:05:55,111.51,46.8
2026-08-18T04:05:56,111.66,46.95
2026-08-18T04:05:57,111.68,46.97
2026-08-18T04:05:58,111.62,46.91
2026-08-18T04:05:59,111.36,46.65
2026-08-18T04:06:00,111.52,46.81
2026-08-18T04:06:01,111.65,46.94
2026-08-18T04:06:02,111.62,46.91
2026-08-18T04:06:03,112.2,47.48
2026-08-18T04:06:04,111.72,47.01
2026-08-18T04:06:05,111.73,47.02
2026-08-18T04:06:06,111.99,47.27
2026-08-18T04:06:07,111.61,46.9
2026-08-18T04:06:08,111.57,46.86
2026-08-18T04:06:09,111.95,47.23
2026-08-18T04:06:10,111.34,46.64
2026-08-18T04:06:11,111.56,46.85
2026-08-18T04:06:12,111.46,46.75
2026-08-18T04:06:13,111.71,46.99
2026-08-18T04:06:14,111.91,47.19
2026-08-18T04:06:15,111.75,47.04
2026-08-18T04:06:16,112.01,47.3
2026-08-18T04:06:17,111.9,47.19
2026-08-18T04:06:18,111.77,47.06
2026-08-18T04:06:19,112.03,47.32
2026-08-18T04:06:20,111.9,47.19
2026-08-18T04:06:21,112.04,47.33
2026-08-18T04:06:22,111.8,47.09
2026-08-18T04:06:23,111.85,47.14
2026-08-18T04:06:24,112.01,47.3
2026-08-18T04:06:25,112.64,47.92
2026-08-18T04:06:26,112.96,48.23
2026-08-18T04:06:27,112.08,47.36
2026-08-18T04:06:28,112.56,47.84
2026-08-18T04:06:29,112.05,47.33
2026-08-18T04:06:30,112.08,47.37
2026-08-18T04:06:31,111.78,47.07
2026-08-18T04:06:32,111.48,46.77
2026-08-18T04:06:33,111.99,47.27
2026-08-18T04:06:34,112.0,47.29
2026-08-18T04:06:35,111.81,47.1
2026-08-18T04:06:36,111.93,47.22
2026-08-18T04:06:37,112.29,47.57
2026-08-18T04:06:38,111.86,47.15
2026-08-18T04:06:39,111.92,47.21
2026-08-18T04:06:40,111.73,47.02
2026-08-18T04:06:41,111.47,46.76
2026-08-18T04:06:42,112.13,47.42
2026-08-18T04:06:43,111.77,47.06
2026-08-18T04:06:44,112.02,47.3
2026-08-18T04:06:45,112.23,47.51
2026-08-18T04:06:46,112.42,47.7
2026-08-18T04:06:47,112.36,47.64
2026-08-18T04:06:48,112.67,47.94
2026-08-18T04:06:49,112.78,48.06
2026-08-18T04:06:50,113.18,48.45
2026-08-18T04:06:51,112.69,47.96
2026-08-18T04:06:52,112.86,48.13
2026-08-18T04:06:53,112.9,48.18
2026-08-18T04:06:54,112.16,47.44
2026-08-18T04:06:55,112.6,47.88
2026-08-18T04:06:56,112.6,47.87
2026-08-18T04:06:57,112.2,47.48
2026-08-18T04:06:58,112.49,47.77
2026-08-18T04:06:59,113.26,48.52
2026-08-18T04:07:00,113.08,48.35
2026-08-18T04:07:01,113.41,48.68
2026-08-18T04:07:02,113.31,48.58
2026-08-18T04:07:03,112.99,48.26
2026-08-18T04:07:04,113.59,48.85
2026-08-18T04:07:05,114.27,49.53
2026-08-18T04:07:06,113.4,48.67
2026-08-18T04:07:07,114.17,49.42
2026-08-18T04:07:08,114.51,49.76
2026-08-18T04:07:09,115.03,50.27
2026-08-18T04:07:10,115.76,50.99
2026-08-18T04:07:11,116.21,51.44
2026-08-18T04:07:12,115.24,50.48
2026-08-18T04:07:13,115.8,51.03
2026-08-18T04:07:14,115.94,51.17
2026-08-18T04:07:15,114.52,49.77
2026-08-18T04:07:16,114.51,49.76
2026-08-18T04:07:17,114.68,49.93
2026-08-18T04:07:18,116.17,51.39
2026-08-18T04:07:19,115.69,50.92
2026-08-18T04:07:20,114.7,49.94
2026-08-18T04:07:21,115.21,50.45
2026-08-18T04:07:22,115.87,51.1
2026-08-18T04:07:23,116.28,51.5
2026-08-18T04:07:24,117.04,52.25
2026-08-18T04:07:25,117.85,53.05
2026-08-18T04:07:26,118.94,54.12
2026-08-18T04:07:27,123.78,58.9
2026-08-18T04:07:28,128.45,63.5
2026-08-18T04:07:29,130.51,65.53
2026-08-18T04:07:30,130.44,65.47
2026-08-18T04:07:31,129.32,64.36
2026-08-18T04:07:32,125.61,60.7
2026-08-18T04:07:33,121.4,56.55
2026-08-18T04:07:34,119.01,54.2
2026-08-18T04:07:35,117.62,52.83
2026-08-18T04:07:36,116.27,51.49
2026-08-18T04:07:37,116.46,51.68
2026-08-18T04:07:38,115.39,50.63
2026-08-18T04:07:39,114.89,50.13
2026-08-18T04:07:40,115.16,50.4
2026-08-18T04:07:41,114.35,49.6
2026-08-18T04:07:42,113.68,48.94
2026-08-18T04:07:43,113.33,48.6
2026-08-18T04:07:44,113.34,48.61
2026-08-18T04:07:45,112.43,47.71
2026-08-18T04:07:46,111.9,47.18
2026-08-18T04:07:47,112.04,47.33
2026-08-18T04:07:48,111.64,46.93
2026-08-18T04:07:49,111.73,47.02
2026-08-18T04:07:50,112.02,47.31
2026-08-18T04:07:51,111.83,47.12
2026-08-18T04:07:52,111.55,46.84
2026-08-18T04:07:53,111.74,47.03
2026-08-18T04:07:54,111.64,46.93
2026-08-18T04:07:55,111.57,46.86
2026-08-18T04:07:56,111.38,46.68
2026-08-18T04:07:57,112.17,47.46
2026-08-18T04:07:58,111.63,46.92
2026-08-18T04:07:59,112.32,47.6
2026-08-18T04:08:00,111.81,47.1
2026-08-18T04:08:01,111.64,46.93
2026-08-18T04:08:02,111.53,46.82
2026-08-18T04:08:03,111.7,46.99
2026-08-18T04:08:04,111.76,47.05
2026-08-18T04:08:05,111.44,46.73
2026-08-18T04:08:06,111.86,47.15
2026-08-18T04:08:07,111.78,47.07
2026-08-18T04:08:08,111.21,46.5
2026-08-18T04:08:09,111.38,46.68
2026-08-18T04:08:10,111.15,46.44
2026-08-18T04:08:11,111.25,46.55
2026-08-18T04:08:12,111.11,46.41
2026-08-18T04:08:13,111.23,46.53
2026-08-18T04:08:14,111.68,46.97
2026-08-18T04:08:15,111.57,46.86
2026-08-18T04:08:16,111.3,46.6
2026-08-18T04:08:17,111.41,46.7
2026-08-18T04:08:18,111.81,47.1
2026-08-18T04:08:19,111.49,46.78
2026-08-18T04:08:20,111.76,47.05
2026-08-18T04:08:21,111.25,46.55
2026-08-18T04:08:22,111.33,46.63
2026-08-18T04:08:23,111.28,46.57
2026-08-18T04:08:24,111.08,46.37
2026-08-18T04:08:25,112.03,47.32
2026-08-18T04:08:26,111.93,47.22
2026-08-18T04:08:27,111.7,46.99
2026-08-18T04:08:28,111.6,46.89
2026-08-18T04:08:29,111.43,46.72
2026-08-18T04:08:30,111.01,46.31
2026-08-18T04:08:31,111.29,46.58
2026-08-18T04:08:32,111.41,46.7
2026-08-18T04:08:33,111.47,46.76
2026-08-18T04:08:34,111.5,46.79
2026-08-18T04:08:35,111.81,47.09
2026-08-18T04:08:36,111.08,46.38
2026-08-18T04:08:37,111.61,46.9
2026-08-18T04:08:38,111.46,46.75
2026-08-18T04:08:39,111.24,46.53
2026-08-18T04:08:40,111.42,46.71
2026-08-18T04:08:41,111.61,46.9
2026-08-18T04:08:42,111.49,46.79
2026-08-18T04:08:43,111.64,46.93
2026-08-18T04:08:44,111.7,46.98
2026-08-18T04:08:45,111.92,47.2
2026-08-18T04:08:46,111.83,47.12
2026-08-18T04:08:47,112.33,47.61
2026-08-18T04:08:48,112.1,47.38
2026-08-18T04:08:49,112.12,47.41
2026-08-18T04:08:50,112.25,47.53
2026-08-18T04:08:51,112.08,47.36
2026-08-18T04:08:52,112.55,47.83
2026-08-18T04:08:53,112.27,47.55
2026-08-18T04:08:54,112.22,47.5
2026-08-18T04:08:55,111.98,47.27
2026-08-18T04:08:56,111.54,46.83
2026-08-18T04:08:57,111.47,46.77
2026-08-18T04:08:58,112.0,47.29
2026-08-18T04:08:59,112.41,47.69
2026-08-18T04:09:00,112.38,47.66
2026-08-18T04:09:01,112.23,47.51
2026-08-18T04:09:02,112.73,48.0
2026-08-18T04:09:03,112.92,48.19
2026-08-18T04:09:04,112.55,47.82
2026-08-18T04:09:05,112.2,47.48
2026-08-18T04:09:06,112.31,47.59
2026-08-18T04:09:07,112.39,47.67
2026-08-18T04:09:08,111.77,47.05
2026-08-18T04:09:09,112.17,47.45
2026-08-18T04:09:10,111.96,47.24
2026-08-18T04:09:11,112.26,47.54
2026-08-18T04:09:12,112.05,47.33
2026-08-18T04:09:13,111.92,47.2
2026-08-18T04:09:14,112.18,47.46
2026-08-18T04:09:15,111.98,47.27
2026-08-18T04:09:16,111.97,47.26
2026-08-18T04:09:17,111.87,47.15
2026-08-18T04:09:18,111.58,46.87
2026-08-18T04:09:19,111.86,47.14
2026-08-18T04:09:20,111.98,47.26
2026-08-18T04:09:21,111.98,47.27
2026-08-18T04:09:22,112.19,47.48
2026-08-18T04:09:23,111.86,47.14
2026-08-18T04:09:24,111.85,47.14
2026-08-18T04:09:25,112.26,47.54
2026-08-18T04:09:26,112.03,47.31
2026-08-18T04:09:27,111.7,46.99
2026-08-18T04:09:28,111.65,46.94
2026-08-18T04:09:29,111.78,47.07
2026-08-18T04:09:30,111.98,47.27
2026-08-18T04:09:31,111.8,47.09
2026-08-18T04:09:32,111.73,47.02
2026-08-18T04:09:33,111.95,47.23
2026-08-18T04:09:34,112.11,47.39
2026-08-18T04:09:35,111.8,47.09
2026-08-18T04:09:36,111.81,47.1
2026-08-18T04:09:37,112.76,48.04
2026-08-18T04:09:38,112.27,47.55
2026-08-18T04:09:39,112.59,47.86
2026-08-18T04:09:40,112.57,47.85
2026-08-18T04:09:41,112.54,47.82
2026-08-18T04:09:42,112.04,47.33
2026-08-18T04:09:43,112.31,47.59
2026-08-18T04:09:44,112.23,47.51
2026-08-18T04:09:45,112.04,47.33
2026-08-18T04:09:46,112.15,47.43
2026-08-18T04:09:47,111.86,47.15
2026-08-18T04:09:48,111.59,46.88
2026-08-18T04:09:49,112.22,47.5
2026-08-18T04:09:50,112.3,47.58
2026-08-18T04:09:51,112.54,47.81
2026-08-18T04:09:52,111.84,47.13
2026-08-18T04:09:53,112.81,48.09
2026-08-18T04:09:54,112.79,48.07
2026-08-18T04:09:55,112.13,47.42
2026-08-18T04:09:56,112.15,47.43
2026-08-18T04:09:57,111.86,47.15
2026-08-18T04:09:58,112.14,47.43
2026-08-18T04:09:59,112.45,47.72
2026-08-18T04:10:00,111.95,47.24
2026-08-18T04:10:01,112.1,47.38
2026-08-18T04:10:02,112.26,47.54
2026-08-18T04:10:03,112.02,47.3
2026-08-18T04:10:04,112.1,47.38
2026-08-18T04:10:05,112.09,47.37
2026-08-18T04:10:06,111.84,47.13
2026-08-18T04:10:07,112.21,47.49
2026-08-18T04:10:08,112.5,47.78
2026-08-18T04:10:09,112.46,47.74
2026-08-18T04:10:10,112.39,47.67
2026-08-18T04:10:11,112.25,47.53
2026-08-18T04:10:12,112.25,47.53
2026-08-18T04:10:13,112.29,47.57
2026-08-18T04:10:14,112.36,47.64
2026-08-18T04:10:15,112.03,47.31
2026-08-18T04:10:16,112.14,47.43
2026-08-18T04:10:17,112.44,47.72
2026-08-18T04:10:18,112.06,47.35
2026-08-18T04:10:19,112.22,47.5
2026-08-18T04:10:20,111.72,47.01
2026-08-18T04:10:21,112.08,47.37
2026-08-18T04:10:22,112.0,47.28
2026-08-18T04:10:23,112.01,47.29
2026-08-18T04:10:24,112.32,47.6
2026-08-18T04:10:25,112.54,47.82
2026-08-18T04:10:26,112.8,48.08
2026-08-18T04:10:27,112.17,47.45
2026-08-18T04:10:28,112.64,47.91
2026-08-18T04:10:29,112.51,47.78
2026-08-18T04:10:30,112.43,47.71
2026-08-18T04:10:31,112.38,47.66
2026-08-18T04:10:32,112.42,47.7
2026-08-18T04:10:33,112.27,47.55
2026-08-18T04:10:34,112.12,47.41
2026-08-18T04:10:35,112.36,47.64
2026-08-18T04:10:36,112.4,47.68
2026-08-18T04:10:37,111.95,47.23
2026-08-18T04:10:38,111.99,47.27
2026-08-18T04:10:39,112.56,47.84
2026-08-18T04:10:40,112.27,47.56
2026-08-18T04:10:41,112.13,47.41
2026-08-18T04:10:42,111.77,47.06
2026-08-18T04:10:43,111.95,47.24
2026-08-18T04:10:44,112.08,47.37
2026-08-18T04:10:45,112.48,47.76
2026-08-18T04:10:46,112.47,47.74
2026-08-18T04:10:47,112.54,47.82
2026-08-18T04:10:48,113.09,48.36
2026-08-18T04:10:49,112.66,47.93
2026-08-18T04:10:50,112.06,47.35
2026-08-18T04:10:51,112.36,47.64
2026-08-18T04:10:52,111.89,47.18
2026-08-18T04:10:53,112.14,47.42
2026-08-18T04:10:54,112.3,47.58
2026-08-18T04:10:55,112.35,47.63
2026-08-18T04:10:56,111.99,47.28
2026-08-18T04:10:57,112.19,47.47
2026-08-18T04:10:58,112.54,47.82
2026-08-18T04:10:59,112.37,47.65
2026-08-18T04:11:00,111.92,47.21
2026-08-18T04:11:01,111.9,47.19
2026-08-18T04:11:02,111.9,47.19
2026-08-18T04:11:03,112.07,47.35
2026-08-18T04:11:04,112.38,47.66
2026-08-18T04:11:05,112.61,47.89
2026-08-18T04:11:06,111.59,46.88
2026-08-18T04:11:07,111.89,47.18
2026-08-18T04:11:08,112.1,47.38
2026-08-18T04:11:09,111.45,46.75
2026-08-18T04:11:10,111.52,46.81
2026-08-18T04:11:11,111.69,46.98
2026-08-18T04:11:12,111.97,47.25
2026-08-18T04:11:13,111.96,47.25
2026-08-18T04:11:14,112.39,47.67
2026-08-18T04:11:15,111.86,47.14
2026-08-18T04:11:16,112.02,47.3
2026-08-18T04:11:17,112.27,47.55
2026-08-18T04:11:18,112.2,47.48
2026-08-18T04:11:19,112.4,47.68
2026-08-18T04:11:20,112.4,47.68
2026-08-18T04:11:21,112.21,47.49
2026-08-18T04:11:22,112.12,47.41
2026-08-18T04:11:23,112.47,47.75
2026-08-18T04:11:24,112.31,47.59
2026-08-18T04:11:25,112.3,47.58
2026-08-18T04:11:26,112.35,47.63
2026-08-18T04:11:27,112.15,47.43
2026-08-18T04:11:28,111.82,47.11
2026-08-18T04:11:29,112.05,47.33
2026-08-18T04:11:30,112.46,47.74
2026-08-18T04:11:31,112.11,47.39
2026-08-18T04:11:32,112.56,47.84
2026-08-18T04:11:33,112.13,47.41
2026-08-18T04:11:34,112.0,47.29
2026-08-18T04:11:35,112.1,47.38
2026-08-18T04:11:36,112.06,47.35
2026-08-18T04:11:37,111.83,47.12
2026-08-18T04:11:38,112.08,47.36
2026-08-18T04:11:39,112.04,47.32
2026-08-18T04:11:40,111.88,47.16
2026-08-18T04:11:41,111.93,47.22
2026-08-18T04:11:42,112.22,47.51
2026-08-18T04:11:43,111.88,47.17
2026-08-18T04:11:44,112.04,47.32
2026-08-18T04:11:45,111.93,47.22
2026-08-18T04:11:46,112.24,47.53
2026-08-18T04:11:47,112.33,47.61
2026-08-18T04:11:48,112.3,47.58
2026-08-18T04:11:49,111.71,47.0
2026-08-18T04:11:50,112.24,47.52
2026-08-18T04:11:51,112.51,47.79
2026-08-18T04:11:52,113.17,48.44
2026-08-18T04:11:53,113.2,48.47
2026-08-18T04:11:54,113.69,48.95
2026-08-18T04:11:55,114.9,50.14
2026-08-18T04:11:56,117.82,53.02
2026-08-18T04:11:57,123.1,58.23
2026-08-18T04:11:58,125.31,60.4
2026-08-18T04:11:59,127.36,62.43
2026-08-18T04:12:00,127.58,62.65
2026-08-18T04:12:01,128.13,63.18
2026-08-18T04:12:02,127.51,62.58
2026-08-18T04:12:03,123.86,58.98
2026-08-18T04:12:04,121.09,56.25
2026-08-18T04:12:05,120.31,55.47
2026-08-18T04:12:06,120.11,55.28
2026-08-18T04:12:07,118.85,54.04
2026-08-18T04:12:08,117.87,53.07
2026-08-18T04:12:09,116.38,51.6
2026-08-18T04:12:10,115.64,50.88
2026-08-18T04:12:11,114.75,50.0
2026-08-18T04:12:12,114.14,49.39
2026-08-18T04:12:13,113.3,48.57
2026-08-18T04:12:14,113.0,48.27
2026-08-18T04:12:15,112.72,47.99
2026-08-18T04:12:16,112.96,48.23
2026-08-18T04:12:17,113.2,48.47
2026-08-18T04:12:18,113.16,48.43
2026-08-18T04:12:19,113.33,48.59
2026-08-18T04:12:20,113.22,48.48
2026-08-18T04:12:21,113.22,48.49
2026-08-18T04:12:22,113.61,48.87
2026-08-18T04:12:23,113.86,49.12
2026-08-18T04:12:24,113.81,49.07
2026-08-18T04:12:25,113.5,48.76
2026-08-18T04:12:26,113.23,48.5
2026-08-18T04:12:27,113.31,48.57
2026-08-18T04:12:28,113.45,48.71
2026-08-18T04:12:29,113.1,48.37
2026-08-18T04:12:30,113.69,48.95
2026-08-18T04:12:31,113.64,48.9
2026-08-18T04:12:32,113.97,49.23
2026-08-18T04:12:33,113.93,49.19
2026-08-18T04:12:34,114.04,49.3
2026-08-18T04:12:35,114.45,49.7
2026-08-18T04:12:36,115.14,50.38
2026-08-18T04:12:37,115.3,50.54
2026-08-18T04:12:38,116.07,51.3
2026-08-18T04:12:39,117.2,52.41
2026-08-18T04:12:40,121.88,57.03
2026-08-18T04:12:41,124.26,59.37
2026-08-18T04:12:42,126.08,61.17
2026-08-18T04:12:43,126.69,61.76
2026-08-18T04:12:44,126.16,61.25
2026-08-18T04:12:45,124.07,59.18
2026-08-18T04:12:46,119.66,54.84
2026-08-18T04:12:47,117.36,52.56
2026-08-18T04:12:48,116.48,51.7
2026-08-18T04:12:49,115.99,51.22
2026-08-18T04:12:50,115.4,50.63
2026-08-18T04:12:51,116.09,51.32
2026-08-18T04:12:52,115.3,50.54
2026-08-18T04:12:53,114.64,49.88
2026-08-18T04:12:54,113.83,49.09
2026-08-18T04:12:55,114.06,49.31
2026-08-18T04:12:56,114.11,49.37
2026-08-18T04:12:57,113.74,49.0
2026-08-18T04:12:58,113.35,48.62
2026-08-18T04:12:59,113.25,48.52
2026-08-18T04:13:00,113.46,48.72
2026-08-18T04:13:01,113.33,48.59
2026-08-18T04:13:02,113.76,49.02
2026-08-18T04:13:03,114.0,49.25
2026-08-18T04:13:04,114.32,49.57
2026-08-18T04:13:05,114.44,49.69
2026-08-18T04:13:06,115.43,50.66
2026-08-18T04:13:07,115.37,50.61
2026-08-18T04:13:08,115.01,50.25
2026-08-18T04:13:09,114.4,49.65
2026-08-18T04:13:10,114.09,49.35
2026-08-18T04:13:11,113.76,49.02
2026-08-18T04:13:12,116.19,51.41
2026-08-18T04:13:13,113.81,49.07
2026-08-18T04:13:14,113.82,49.08
2026-08-18T04:13:15,113.57,48.83
2026-08-18T04:13:16,113.32,48.58
2026-08-18T04:13:17,113.15,48.41
2026-08-18T04:13:18,113.23,48.5
2026-08-18T04:13:19,113.43,48.69
2026-08-18T04:13:20,113.31,48.57
2026-08-18T04:13:21,113.84,49.1
2026-08-18T04:13:22,114.03,49.29
2026-08-18T04:13:23,113.59,48.85
2026-08-18T04:13:24,113.93,49.19
2026-08-18T04:13:25,113.25,48.51
2026-08-18T04:13:26,113.15,48.42
2026-08-18T04:13:27,113.12,48.39
2026-08-18T04:13:28,112.92,48.19
2026-08-18T04:13:29,112.99,48.26
2026-08-18T04:13:30,113.42,48.69
2026-08-18T04:13:31,112.72,48.0
2026-08-18T04:13:32,113.07,48.34
2026-08-18T04:13:33,112.79,48.07
2026-08-18T04:13:34,112.85,48.13
2026-08-18T04:13:35,112.66,47.93
2026-08-18T04:13:36,113.02,48.29
2026-08-18T04:13:37,112.83,48.1
2026-08-18T04:13:38,112.68,47.95
2026-08-18T04:13:39,113.2,48.47
2026-08-18T04:13:40,113.01,48.28
2026-08-18T04:13:41,113.54,48.81
2026-08-18T04:13:42,112.92,48.19
2026-08-18T04:13:43,112.85,48.12
2026-08-18T04:13:44,112.4,47.68
2026-08-18T04:13:45,113.22,48.49
2026-08-18T04:13:46,113.25,48.51
2026-08-18T04:13:47,113.33,48.59
2026-08-18T04:13:48,113.65,48.91
2026-08-18T04:13:49,113.34,48.61
2026-08-18T04:13:50,113.11,48.38
2026-08-18T04:13:51,113.15,48.42
2026-08-18T04:13:52,113.1,48.36
2026-08-18T04:13:53,113.0,48.27
2026-08-18T04:13:54,113.01,48.28
2026-08-18T04:13:55,112.55,47.83
2026-08-18T04:13:56,112.68,47.96
2026-08-18T04:13:57,113.41,48.67
2026-08-18T04:13:58,113.38,48.64
2026-08-18T04:13:59,113.6,48.86
2026-08-18T04:14:00,113.41,48.67
2026-08-18T04:14:01,113.66,48.92
2026-08-18T04:14:02,113.34,48.61
2026-08-18T04:14:03,113.59,48.85
2026-08-18T04:14:04,113.14,48.41
2026-08-18T04:14:05,112.8,48.07
2026-08-18T04:14:06,113.25,48.52
2026-08-18T04:14:07,113.02,48.29
2026-08-18T04:14:08,113.3,48.56
2026-08-18T04:14:09,113.08,48.35
2026-08-18T04:14:10,113.09,48.36
2026-08-18T04:14:11,112.61,47.88
2026-08-18T04:14:12,112.99,48.26
2026-08-18T04:14:13,112.79,48.06
2026-08-18T04:14:14,112.85,48.13
2026-08-18T04:14:15,113.07,48.34
2026-08-18T04:14:16,112.75,48.03
2026-08-18T04:14:17,113.16,48.43
2026-08-18T04:14:18,113.04,48.31
2026-08-18T04:14:19,113.0,48.27
2026-08-18T04:14:20,113.16,48.43
2026-08-18T04:14:21,112.71,47.99
2026-08-18T04:14:22,112.69,47.96
2026-08-18T04:14:23,112.29,47.57
2026-08-18T04:14:24,112.44,47.72
2026-08-18T04:14:25,112.72,48.0
2026-08-18T04:14:26,112.51,47.79
2026-08-18T04:14:27,112.82,48.09
2026-08-18T04:14:28,112.53,47.81
2026-08-18T04:14:29,112.69,47.97
2026-08-18T04:14:30,112.54,47.82
2026-08-18T04:14:31,112.23,47.51
2026-08-18T04:14:32,112.67,47.95
2026-08-18T04:14:33,112.82,48.09
2026-08-18T04:14:34,112.91,48.18
2026-08-18T04:14:35,112.7,47.97
2026-08-18T04:14:36,112.95,48.22
2026-08-18T04:14:37,113.27,48.54
2026-08-18T04:14:38,113.1,48.37
2026-08-18T04:14:39,113.03,48.3
2026-08-18T04:14:40,113.1,48.37
2026-08-18T04:14:41,113.24,48.51
2026-08-18T04:14:42,112.95,48.22
2026-08-18T04:14:43,113.2,48.46
2026-08-18T04:14:44,113.36,48.62
2026-08-18T04:14:45,113.01,48.28
2026-08-18T04:14:46,113.1,48.37
2026-08-18T04:14:47,113.21,48.48
2026-08-18T04:14:48,113.06,48.33
2026-08-18T04:14:49,113.05,48.32
2026-08-18T04:14:50,112.83,48.11
2026-08-18T04:14:51,112.92,48.19
2026-08-18T04:14:52,112.95,48.22
2026-08-18T04:14:53,113.45,48.71
2026-08-18T04:14:54,112.85,48.12
2026-08-18T04:14:55,113.06,48.33
2026-08-18T04:14:56,112.93,48.2
2026-08-18T04:14:57,112.85,48.12
2026-08-18T04:14:58,113.22,48.49
2026-08-18T04:14:59,113.44,48.71
2026-08-18T04:15:00,113.9,49.16
2026-08-18T04:15:01,113.16,48.43
2026-08-18T04:15:02,113.39,48.66
2026-08-18T04:15:03,113.42,48.69
2026-08-18T04:15:04,112.57,47.85
2026-08-18T04:15:05,113.08,48.35
2026-08-18T04:15:06,113.37,48.63
2026-08-18T04:15:07,113.05,48.32
2026-08-18T04:15:08,113.5,48.76
2026-08-18T04:15:09,112.99,48.26
2026-08-18T04:15:10,113.03,48.3
2026-08-18T04:15:11,112.85,48.12
2026-08-18T04:15:12,113.02,48.29
2026-08-18T04:15:13,112.99,48.26
2026-08-18T04:15:14,113.34,48.6
2026-08-18T04:15:15,113.33,48.6
2026-08-18T04:15:16,113.88,49.13
2026-08-18T04:15:17,113.97,49.23
2026-08-18T04:15:18,113.14,48.41
2026-08-18T04:15:19,113.16,48.43
2026-08-18T04:15:20,113.28,48.55
2026-08-18T04:15:21,113.57,48.83
2026-08-18T04:15:22,113.23,48.49
2026-08-18T04:15:23,114.03,49.29
2026-08-18T04:15:24,113.88,49.14
2026-08-18T04:15:25,113.41,48.68
2026-08-18T04:15:26,113.37,48.64
2026-08-18T04:15:27,113.26,48.53
2026-08-18T04:15:28,113.19,48.46
2026-08-18T04:15:29,113.35,48.61
2026-08-18T04:15:30,113.66,48.93
2026-08-18T04:15:31,113.54,48.8
2026-08-18T04:15:32,113.06,48.33
2026-08-18T04:15:33,112.73,48.0
2026-08-18T04:15:34,113.02,48.29
2026-08-18T04:15:35,113.12,48.39
2026-08-18T04:15:36,112.91,48.18
2026-08-18T04:15:37,112.54,47.81
2026-08-18T04:15:38,112.79,48.06
2026-08-18T04:15:39,113.01,48.28
2026-08-18T04:15:40,112.55,47.83
2026-08-18T04:15:41,112.77,48.04
2026-08-18T04:15:42,112.88,48.16
2026-08-18T04:15:43,112.91,48.18
2026-08-18T04:15:44,112.63,47.9
2026-08-18T04:15:45,112.6,47.88
2026-08-18T04:15:46,112.98,48.25
2026-08-18T04:15:47,112.31,47.59
2026-08-18T04:15:48,112.84,48.11
2026-08-18T04:15:49,112.57,47.84
2026-08-18T04:15:50,112.6,47.88
2026-08-18T04:15:51,112.88,48.15
2026-08-18T04:15:52,113.0,48.27
2026-08-18T04:15:53,112.84,48.11
2026-08-18T04:15:54,112.96,48.23
2026-08-18T04:15:55,112.97,48.25
2026-08-18T04:15:56,113.04,48.31
2026-08-18T04:15:57,113.18,48.45
2026-08-18T04:15:58,113.32,48.58
2026-08-18T04:15:59,113.36,48.62
2026-08-18T04:16:00,113.19,48.45
2026-08-18T04:16:01,113.11,48.38
2026-08-18T04:16:02,112.74,48.01
2026-08-18T04:16:03,112.71,47.98
2026-08-18T04:16:04,112.75,48.03
2026-08-18T04:16:05,112.59,47.87
2026-08-18T04:16:06,112.46,47.74
2026-08-18T04:16:07,112.86,48.14
2026-08-18T04:16:08,112.86,48.13
2026-08-18T04:16:09,112.6,47.88
2026-08-18T04:16:10,112.92,48.2
2026-08-18T04:16:11,112.86,48.14
2026-08-18T04:16:12,112.6,47.88
2026-08-18T04:16:13,112.73,48.01
2026-08-18T04:16:14,112.62,47.9
2026-08-18T04:16:15,112.61,47.89
2026-08-18T04:16:16,112.65,47.93
2026-08-18T04:16:17,112.95,48.22
2026-08-18T04:16:18,112.61,47.89
2026-08-18T04:16:19,113.11,48.38
2026-08-18T04:16:20,113.34,48.61
2026-08-18T04:16:21,112.99,48.26
2026-08-18T04:16:22,113.45,48.72
2026-08-18T04:16:23,113.47,48.73
2026-08-18T04:16:24,113.07,48.34
2026-08-18T04:16:25,113.34,48.6
2026-08-18T04:16:26,113.98,49.24
2026-08-18T04:16:27,113.3,48.56
2026-08-18T04:16:28,113.08,48.35
2026-08-18T04:16:29,112.94,48.21
2026-08-18T04:16:30,113.35,48.62
2026-08-18T04:16:31,112.92,48.19
2026-08-18T04:16:32,112.8,48.07
2026-08-18T04:16:33,112.91,48.18
2026-08-18T04:16:34,113.18,48.45
2026-08-18T04:16:35,113.25,48.52
2026-08-18T04:16:36,113.26,48.53
2026-08-18T04:16:37,113.46,48.72
2026-08-18T04:16:38,114.08,49.34
2026-08-18T04:16:39,114.28,49.53
2026-08-18T04:16:40,115.66,50.89
2026-08-18T04:16:41,116.11,51.34
2026-08-18T04:16:42,117.14,52.36
2026-08-18T04:16:43,118.73,53.92
2026-08-18T04:16:44,122.28,57.41
2026-08-18T04:16:45,123.36,58.48
2026-08-18T04:16:46,124.26,59.37
2026-08-18T04:16:47,124.81,59.92
2026-08-18T04:16:48,125.3,60.4
2026-08-18T04:16:49,124.0,59.11
2026-08-18T04:16:50,120.74,55.91
2026-08-18T04:16:51,118.92,54.11
2026-08-18T04:16:52,116.94,52.16
2026-08-18T04:16:53,116.26,51.49
2026-08-18T04:16:54,115.19,50.43
2026-08-18T04:16:55,115.06,50.3
2026-08-18T04:16:56,115.25,50.48
2026-08-18T04:16:57,114.47,49.72
2026-08-18T04:16:58,114.38,49.64
2026-08-18T04:16:59,114.27,49.53
2026-08-18T04:17:00,114.34,49.59
2026-08-18T04:17:01,113.93,49.18
2026-08-18T04:17:02,113.77,49.03
2026-08-18T04:17:03,113.37,48.63
2026-08-18T04:17:04,113.18,48.45
2026-08-18T04:17:05,113.83,49.09
2026-08-18T04:17:06,113.6,48.86
2026-08-18T04:17:07,113.07,48.34
2026-08-18T04:17:08,112.58,47.86
2026-08-18T04:17:09,112.9,48.17
2026-08-18T04:17:10,112.99,48.26
2026-08-18T04:17:11,112.84,48.11
2026-08-18T04:17:12,113.4,48.67
2026-08-18T04:17:13,113.25,48.51
2026-08-18T04:17:14,113.06,48.33
2026-08-18T04:17:15,112.77,48.05
2026-08-18T04:17:16,112.53,47.81
2026-08-18T04:17:17,112.73,48.0
2026-08-18T04:17:18,112.81,48.09
2026-08-18T04:17:19,112.83,48.1
2026-08-18T04:17:20,113.06,48.33
2026-08-18T04:17:21,113.23,48.5
2026-08-18T04:17:22,113.14,48.41
2026-08-18T04:17:23,113.65,48.91
2026-08-18T04:17:24,113.51,48.77
2026-08-18T04:17:25,113.62,48.88
2026-08-18T04:17:26,113.39,48.65
2026-08-18T04:17:27,113.38,48.65
2026-08-18T04:17:28,113.1,48.37
2026-08-18T04:17:29,112.81,48.08
2026-08-18T04:17:30,113.28,48.54
2026-08-18T04:17:31,113.13,48.4
2026-08-18T04:17:32,113.19,48.46
2026-08-18T04:17:33,113.54,48.8
2026-08-18T04:17:34,113.31,48.58
2026-08-18T04:17:35,113.12,48.39
2026-08-18T04:17:36,113.09,48.35
2026-08-18T04:17:37,113.24,48.5
2026-08-18T04:17:38,114.25,49.5
2026-08-18T04:17:39,113.75,49.01
2026-08-18T04:17:40,113.87,49.13
2026-08-18T04:17:41,113.56,48.82
2026-08-18T04:17:42,113.45,48.72
2026-08-18T04:17:43,113.49,48.75
2026-08-18T04:17:44,113.84,49.1
2026-08-18T04:17:45,113.98,49.24
2026-08-18T04:17:46,113.72,48.98
2026-08-18T04:17:47,113.45,48.71
2026-08-18T04:17:48,113.12,48.39
2026-08-18T04:17:49,113.47,48.74
2026-08-18T04:17:50,113.25,48.51
2026-08-18T04:17:51,113.32,48.59
2026-08-18T04:17:52,113.42,48.69
2026-08-18T04:17:53,113.78,49.04
2026-08-18T04:17:54,112.89,48.16
2026-08-18T04:17:55,112.93,48.2
2026-08-18T04:17:56,113.04,48.31
2026-08-18T04:17:57,113.83,49.09
2026-08-18T04:17:58,113.72,48.98
2026-08-18T04:17:59,113.59,48.86
2026-08-18T04:18:00,113.56,48.82
2026-08-18T04:18:01,113.6,48.86
2026-08-18T04:18:02,113.49,48.75
2026-08-18T04:18:03,114.09,49.35
2026-08-18T04:18:04,114.41,49.66
2026-08-18T04:18:05,115.53,50.77
2026-08-18T04:18:06,115.78,51.01
2026-08-18T04:18:07,115.96,51.19
2026-08-18T04:18:08,115.48,50.71
2026-08-18T04:18:09,114.13,49.39
2026-08-18T04:18:10,114.23,49.48
2026-08-18T04:18:11,114.55,49.8
2026-08-18T04:18:12,114.29,49.54
2026-08-18T04:18:13,114.13,49.38
2026-08-18T04:18:14,114.45,49.7
2026-08-18T04:18:15,114.99,50.23
2026-08-18T04:18:16,114.36,49.61
2026-08-18T04:18:17,114.52,49.77
2026-08-18T04:18:18,114.07,49.33
2026-08-18T04:18:19,114.02,49.28
2026-08-18T04:18:20,114.07,49.33
2026-08-18T04:18:21,115.27,50.5
2026-08-18T04:18:22,114.76,50.01
2026-08-18T04:18:23,115.24,50.48
2026-08-18T04:18:24,114.47,49.72
2026-08-18T04:18:25,115.15,50.39
2026-08-18T04:18:26,115.16,50.4
2026-08-18T04:18:27,113.63,48.89
2026-08-18T04:18:28,113.98,49.24
2026-08-18T04:18:29,114.41,49.66
2026-08-18T04:18:30,115.05,50.29
2026-08-18T04:18:31,114.89,50.13
2026-08-18T04:18:32,115.58,50.81
2026-08-18T04:18:33,115.18,50.42
2026-08-18T04:18:34,114.78,50.03
2026-08-18T04:18:35,114.97,50.21
2026-08-18T04:18:36,114.46,49.71
2026-08-18T04:18:37,114.23,49.48
2026-08-18T04:18:38,114.32,49.57
2026-08-18T04:18:39,115.45,50.69
2026-08-18T04:18:40,115.59,50.83
2026-08-18T04:18:41,115.95,51.18
2026-08-18T04:18:42,114.7,49.95
2026-08-18T04:18:43,114.91,50.15
2026-08-18T04:18:44,115.03,50.27
2026-08-18T04:18:45,114.95,50.19
2026-08-18T04:18:46,115.73,50.96
2026-08-18T04:18:47,115.87,51.1
2026-08-18T04:18:48,115.09,50.33
2026-08-18T04:18:49,114.94,50.19
2026-08-18T04:18:50,115.72,50.95
2026-08-18T04:18:51,115.21,50.45
2026-08-18T04:18:52,115.34,50.58
2026-08-18T04:18:53,115.41,50.65
2026-08-18T04:18:54,115.05,50.29
2026-08-18T04:18:55,114.81,50.05
2026-08-18T04:18:56,114.23,49.48
2026-08-18T04:18:57,114.09,49.35
2026-08-18T04:18:58,114.59,49.84
2026-08-18T04:18:59,114.7,49.95
2026-08-18T04:19:00,114.76,50.01
2026-08-18T04:19:01,115.08,50.32
2026-08-18T04:19:02,114.47,49.72
2026-08-18T04:19:03,114.0,49.26
2026-08-18T04:19:04,114.29,49.54
2026-08-18T04:19:05,114.48,49.73
2026-08-18T04:19:06,113.93,49.18
2026-08-18T04:19:07,114.89,50.14
2026-08-18T04:19:08,115.01,50.25
2026-08-18T04:19:09,115.71,50.94
2026-08-18T04:19:10,116.03,51.26
2026-08-18T04:19:11,117.14,52.35
2026-08-18T04:19:12,117.86,53.06
2026-08-18T04:19:13,119.01,54.2
2026-08-18T04:19:14,122.49,57.63
2026-08-18T04:19:15,124.94,60.04
2026-08-18T04:19:16,126.5,61.58
2026-08-18T04:19:17,127.79,62.85
2026-08-18T04:19:18,128.8,63.84
2026-08-18T04:19:19,128.63,63.68
2026-08-18T04:19:20,126.39,61.47
2026-08-18T04:19:21,126.46,61.54
2026-08-18T04:19:22,127.24,62.31
2026-08-18T04:19:23,126.0,61.09
2026-08-18T04:19:24,123.68,58.8
2026-08-18T04:19:25,123.08,58.2
2026-08-18T04:19:26,123.19,58.31
2026-08-18T04:19:27,125.3,60.4
2026-08-18T04:19:28,126.55,61.62
2026-08-18T04:19:29,126.95,62.02
2026-08-18T04:19:30,126.53,61.6
2026-08-18T04:19:31,124.86,59.96
2026-08-18T04:19:32,121.41,56.56
2026-08-18T04:19:33,119.63,54.8
2026-08-18T04:19:34,118.58,53.77
2026-08-18T04:19:35,117.18,52.39
2026-08-18T04:19:36,116.85,52.06
2026-08-18T04:19:37,116.43,51.66
2026-08-18T04:19:38,116.19,51.42
2026-08-18T04:19:39,115.99,51.21
2026-08-18T04:19:40,116.0,51.23
2026-08-18T04:19:41,116.55,51.77
2026-08-18T04:19:42,115.72,50.95
2026-08-18T04:19:43,115.73,50.96
2026-08-18T04:19:44,115.81,51.04
2026-08-18T04:19:45,115.67,50.9
2026-08-18T04:19:46,115.48,50.72
2026-08-18T04:19:47,115.45,50.68
2026-08-18T04:19:48,115.21,50.45
2026-08-18T04:19:49,115.61,50.84
2026-08-18T04:19:50,115.22,50.46
2026-08-18T04:19:51,115.62,50.85
2026-08-18T04:19:52,115.41,50.65
2026-08-18T04:19:53,115.56,50.79
2026-08-18T04:19:54,115.14,50.38
2026-08-18T04:19:55,115.84,51.07
2026-08-18T04:19:56,115.8,51.03
2026-08-18T04:19:57,116.55,51.77
2026-08-18T04:19:58,117.11,52.33
2026-08-18T04:19:59,117.35,52.56
2026-08-18T04:20:00,118.4,53.59
2026-08-18T04:20:01,120.03,55.21
2026-08-18T04:20:02,121.68,56.83
2026-08-18T04:20:03,123.36,58.48
2026-08-18T04:20:04,125.93,61.02
2026-08-18T04:20:05,127.77,62.83
2026-08-18T04:20:06,127.07,62.14
2026-08-18T04:20:07,122.88,58.01
2026-08-18T04:20:08,120.07,55.25
2026-08-18T04:20:09,118.22,53.41
2026-08-18T04:20:10,117.29,52.5
2026-08-18T04:20:11,117.52,52.73
2026-08-18T04:20:12,117.98,53.18
2026-08-18T04:20:13,117.41,52.62
2026-08-18T04:20:14,116.98,52.2
2026-08-18T04:20:15,116.76,51.98
2026-08-18T04:20:16,115.84,51.07
2026-08-18T04:20:17,115.94,51.17
2026-08-18T04:20:18,116.1,51.33
2026-08-18T04:20:19,115.42,50.65
2026-08-18T04:20:20,115.23,50.47
2026-08-18T04:20:21,115.2,50.44
2026-08-18T04:20:22,115.42,50.65
2026-08-18T04:20:23,115.24,50.48
2026-08-18T04:20:24,115.47,50.71
2026-08-18T04:20:25,114.98,50.22
2026-08-18T04:20:26,115.77,51.01
2026-08-18T04:20:27,115.82,51.05
2026-08-18T04:20:28,115.3,50.54
2026-08-18T04:20:29,115.74,50.97
2026-08-18T04:20:30,115.03,50.27
2026-08-18T04:20:31,115.59,50.82
2026-08-18T04:20:32,116.16,51.38
2026-08-18T04:20:33,115.21,50.45
2026-08-18T04:20:34,114.51,49.76
2026-08-18T04:20:35,114.33,49.59
2026-08-18T04:20:36,114.7,49.95
2026-08-18T04:20:37,114.37,49.63
2026-08-18T04:20:38,114.96,50.21
2026-08-18T04:20:39,114.77,50.02
2026-08-18T04:20:40,115.06,50.3
2026-08-18T04:20:41,114.26,49.51
2026-08-18T04:20:42,114.89,50.13
2026-08-18T04:20:43,114.92,50.16
2026-08-18T04:20:44,114.9,50.15
2026-08-18T04:20:45,115.55,50.78
2026-08-18T04:20:46,115.03,50.27
2026-08-18T04:20:47,115.06,50.3
2026-08-18T04:20:48,114.35,49.61
2026-08-18T04:20:49,114.91,50.15
2026-08-18T04:20:50,114.58,49.83
2026-08-18T04:20:51,114.46,49.71
2026-08-18T04:20:52,114.64,49.89
2026-08-18T04:20:53,114.29,49.55
2026-08-18T04:20:54,114.11,49.36
2026-08-18T04:20:55,114.14,49.4
2026-08-18T04:20:56,114.01,49.27
2026-08-18T04:20:57,114.01,49.27
2026-08-18T04:20:58,113.61,48.87
2026-08-18T04:20:59,114.07,49.33
2026-08-18T04:21:00,114.32,49.57
2026-08-18T04:21:01,114.87,50.11
2026-08-18T04:21:02,114.43,49.68
2026-08-18T04:21:03,114.49,49.74
2026-08-18T04:21:04,114.75,49.99
2026-08-18T04:21:05,114.6,49.84
2026-08-18T04:21:06,114.58,49.83
2026-08-18T04:21:07,114.14,49.39
2026-08-18T04:21:08,113.91,49.16
2026-08-18T04:21:09,114.15,49.4
2026-08-18T04:21:10,114.05,49.31
2026-08-18T04:21:11,113.59,48.86
2026-08-18T04:21:12,113.86,49.12
2026-08-18T04:21:13,114.18,49.43
2026-08-18T04:21:14,113.81,49.07
2026-08-18T04:21:15,113.49,48.75
2026-08-18T04:21:16,113.9,49.16
2026-08-18T04:21:17,114.0,49.25
2026-08-18T04:21:18,113.84,49.1
2026-08-18T04:21:19,113.65,48.92
2026-08-18T04:21:20,113.86,49.12
2026-08-18T04:21:21,113.54,48.8
2026-08-18T04:21:22,113.3,48.57
2026-08-18T04:21:23,113.14,48.41
2026-08-18T04:21:24,113.24,48.51
2026-08-18T04:21:25,113.03,48.3
2026-08-18T04:21:26,113.11,48.37
2026-08-18T04:21:27,112.97,48.24
2026-08-18T04:21:28,113.38,48.65
2026-08-18T04:21:29,113.01,48.28
2026-08-18T04:21:30,113.58,48.85
2026-08-18T04:21:31,113.45,48.72
2026-08-18T04:21:32,113.57,48.83
2026-08-18T04:21:33,113.28,48.55
2026-08-18T04:21:34,113.82,49.08
2026-08-18T04:21:35,113.72,48.98
2026-08-18T04:21:36,113.4,48.66
2026-08-18T04:21:37,113.42,48.68
2026-08-18T04:21:38,113.96,49.21
2026-08-18T04:21:39,113.39,48.65
2026-08-18T04:21:40,112.86,48.13
2026-08-18T04:21:41,113.59,48.85
2026-08-18T04:21:42,113.54,48.81
2026-08-18T04:21:43,113.11,48.38
2026-08-18T04:21:44,113.71,48.97
2026-08-18T04:21:45,113.18,48.44
2026-08-18T04:21:46,113.45,48.72
2026-08-18T04:21:47,113.82,49.08
2026-08-18T04:21:48,114.14,49.39
2026-08-18T04:21:49,113.99,49.24
2026-08-18T04:21:50,113.61,48.87
2026-08-18T04:21:51,113.59,48.85
2026-08-18T04:21:52,114.24,49.49
2026-08-18T04:21:53,113.69,48.95
2026-08-18T04:21:54,113.31,48.58
2026-08-18T04:21:55,114.13,49.39
2026-08-18T04:21:56,114.33,49.58
2026-08-18T04:21:57,114.37,49.62
2026-08-18T04:21:58,114.23,49.48
2026-08-18T04:21:59,114.64,49.88
2026-08-18T04:22:00,114.46,49.71
2026-08-18T04:22:01,114.32,49.57
2026-08-18T04:22:02,114.37,49.62
2026-08-18T04:22:03,114.42,49.67
2026-08-18T04:22:04,114.01,49.26
2026-08-18T04:22:05,113.96,49.22
2026-08-18T04:22:06,113.96,49.22
2026-08-18T04:22:07,114.47,49.72
2026-08-18T04:22:08,114.36,49.61
2026-08-18T04:22:09,114.11,49.36
2026-08-18T04:22:10,114.14,49.39
2026-08-18T04:22:11,114.37,49.62
2026-08-18T04:22:12,114.48,49.73
2026-08-18T04:22:13,114.37,49.62
2026-08-18T04:22:14,114.65,49.9
2026-08-18T04:22:15,114.86,50.1
2026-08-18T04:22:16,115.47,50.7
2026-08-18T04:22:17,114.46,49.71
2026-08-18T04:22:18,114.76,50.0
2026-08-18T04:22:19,114.63,49.88
2026-08-18T04:22:20,114.03,49.29
2026-08-18T04:22:21,113.88,49.14
2026-08-18T04:22:22,113.94,49.2
2026-08-18T04:22:23,113.86,49.12
2026-08-18T04:22:24,113.95,49.21
2026-08-18T04:22:25,114.25,49.5
2026-08-18T04:22:26,114.44,49.69
2026-08-18T04:22:27,115.11,50.35
2026-08-18T04:22:28,114.96,50.2
2026-08-18T04:22:29,115.13,50.37
2026-08-18T04:22:30,115.04,50.28
2026-08-18T04:22:31,115.83,51.06
2026-08-18T04:22:32,114.73,49.97
2026-08-18T04:22:33,114.59,49.84
2026-08-18T04:22:34,114.06,49.32
2026-08-18T04:22:35,114.21,49.46
2026-08-18T04:22:36,114.98,50.23
2026-08-18T04:22:37,114.06,49.32
2026-08-18T04:22:38,113.9,49.15
2026-08-18T04:22:39,113.93,49.19
2026-08-18T04:22:40,113.65,48.91
2026-08-18T04:22:41,113.75,49.01
2026-08-18T04:22:42,113.94,49.19
2026-08-18T04:22:43,114.32,49.58
2026-08-18T04:22:44,114.57,49.81
2026-08-18T04:22:45,114.6,49.85
2026-08-18T04:22:46,114.26,49.51
2026-08-18T04:22:47,114.13,49.38
2026-08-18T04:22:48,114.47,49.72
2026-08-18T04:22:49,114.49,49.74
2026-08-18T04:22:50,114.64,49.89
2026-08-18T04:22:51,114.78,50.03
2026-08-18T04:22:52,114.1,49.36
2026-08-18T04:22:53,114.41,49.66
2026-08-18T04:22:54,113.57,48.83
2026-08-18T04:22:55,114.09,49.35
2026-08-18T04:22:56,113.77,49.03
2026-08-18T04:22:57,113.68,48.94
2026-08-18T04:22:58,113.97,49.23
2026-08-18T04:22:59,113.54,48.81
2026-08-18T04:23:00,113.98,49.23
2026-08-18T04:23:01,114.06,49.31
2026-08-18T04:23:02,114.41,49.66
2026-08-18T04:23:03,113.82,49.08
2026-08-18T04:23:04,114.02,49.27
2026-08-18T04:23:05,114.02,49.28
2026-08-18T04:23:06,113.84,49.1
2026-08-18T04:23:07,114.11,49.36
2026-08-18T04:23:08,114.3,49.55
2026-08-18T04:23:09,113.95,49.21
2026-08-18T04:23:10,114.14,49.39
2026-08-18T04:23:11,114.05,49.31
2026-08-18T04:23:12,114.4,49.65
2026-08-18T04:23:13,114.63,49.88
2026-08-18T04:23:14,114.44,49.69
2026-08-18T04:23:15,114.14,49.4
2026-08-18T04:23:16,114.54,49.79
2026-08-18T04:23:17,114.44,49.69
2026-08-18T04:23:18,114.2,49.46
2026-08-18T04:23:19,114.42,49.67
2026-08-18T04:23:20,114.04,49.29
2026-08-18T04:23:21,114.01,49.27
2026-08-18T04:23:22,113.6,48.86
2026-08-18T04:23:23,114.42,49.67
2026-08-18T04:23:24,114.58,49.83
2026-08-18T04:23:25,114.72,49.97
2026-08-18T04:23:26,114.62,49.86
2026-08-18T04:23:27,114.95,50.19
2026-08-18T04:23:28,114.18,49.43
2026-08-18T04:23:29,114.63,49.88
2026-08-18T04:23:30,114.34,49.59
2026-08-18T04:23:31,114.34,49.59
2026-08-18T04:23:32,114.56,49.8
2026-08-18T04:23:33,114.98,50.22
2026-08-18T04:23:34,114.87,50.12
2026-08-18T04:23:35,114.64,49.89
2026-08-18T04:23:36,114.65,49.9
2026-08-18T04:23:37,114.91,50.15
2026-08-18T04:23:38,114.98,50.22
2026-08-18T04:23:39,115.21,50.45
2026-08-18T04:23:40,114.74,49.99
2026-08-18T04:23:41,115.34,50.58
2026-08-18T04:23:42,115.54,50.77
2026-08-18T04:23:43,115.02,50.27
2026-08-18T04:23:44,115.01,50.25
2026-08-18T04:23:45,114.98,50.22
2026-08-18T04:23:46,114.62,49.87
2026-08-18T04:23:47,115.1,50.34
2026-08-18T04:23:48,115.29,50.53
2026-08-18T04:23:49,114.72,49.97
2026-08-18T04:23:50,114.71,49.95
2026-08-18T04:23:51,114.87,50.11
2026-08-18T04:23:52,114.88,50.12
2026-08-18T04:23:53,115.49,50.72
2026-08-18T04:23:54,115.89,51.12
2026-08-18T04:23:55,115.63,50.87
2026-08-18T04:23:56,115.63,50.86
2026-08-18T04:23:57,115.75,50.98
2026-08-18T04:23:58,115.9,51.13
2026-08-18T04:23:59,115.97,51.19
2026-08-18T04:24:00,115.52,50.75
2026-08-18T04:24:01,115.15,50.39
2026-08-18T04:24:02,115.98,51.21
2026-08-18T04:24:03,115.08,50.32
2026-08-18T04:24:04,115.78,51.01
2026-08-18T04:24:05,115.36,50.6
2026-08-18T04:24:06,115.8,51.03
2026-08-18T04:24:07,115.44,50.67
2026-08-18T04:24:08,116.07,51.3
2026-08-18T04:24:09,116.54,51.76
2026-08-18T04:24:10,117.19,52.4
2026-08-18T04:24:11,116.99,52.21
2026-08-18T04:24:12,117.56,52.76
2026-08-18T04:24:13,118.44,53.64
2026-08-18T04:24:14,117.97,53.17
2026-08-18T04:24:15,117.74,52.95
2026-08-18T04:24:16,116.98,52.2
2026-08-18T04:24:17,115.33,50.57
2026-08-18T04:24:18,115.12,50.36
2026-08-18T04:24:19,115.19,50.43
2026-08-18T04:24:20,115.47,50.71
2026-08-18T04:24:21,115.06,50.3
2026-08-18T04:24:22,115.51,50.75
2026-08-18T04:24:23,115.6,50.83
2026-08-18T04:24:24,115.94,51.17
2026-08-18T04:24:25,115.67,50.9
2026-08-18T04:24:26,115.37,50.6
2026-08-18T04:24:27,115.91,51.14
2026-08-18T04:24:28,115.31,50.55
2026-08-18T04:24:29,115.19,50.43
2026-08-18T04:24:30,115.3,50.54
2026-08-18T04:24:31,115.28,50.51
2026-08-18T04:24:32,115.36,50.6
2026-08-18T04:24:33,115.47,50.7
2026-08-18T04:24:34,115.51,50.74
2026-08-18T04:24:35,116.22,51.44
2026-08-18T04:24:36,117.02,52.23
2026-08-18T04:24:37,117.52,52.73
2026-08-18T04:24:38,118.73,53.92
2026-08-18T04:24:39,119.28,54.47
2026-08-18T04:24:40,121.8,56.94
2026-08-18T04:24:41,125.81,60.9
2026-08-18T04:24:42,128.45,63.5
2026-08-18T04:24:43,130.34,65.36
2026-08-18T04:24:44,130.45,65.47
2026-08-18T04:24:45,126.63,61.7
2026-08-18T04:24:46,121.98,57.12
2026-08-18T04:24:47,119.93,55.1
2026-08-18T04:24:48,118.63,53.83
2026-08-18T04:24:49,117.95,53.15
2026-08-18T04:24:50,118.89,54.08
2026-08-18T04:24:51,116.96,52.18
2026-08-18T04:24:52,116.58,51.8
2026-08-18T04:24:53,116.64,51.86
2026-08-18T04:24:54,116.49,51.71
2026-08-18T04:24:55,116.01,51.24
2026-08-18T04:24:56,116.14,51.36
2026-08-18T04:24:57,116.21,51.44
2026-08-18T04:24:58,115.74,50.97
2026-08-18T04:24:59,116.08,51.3
2026-08-18T04:25:00,115.74,50.97
2026-08-18T04:25:01,115.99,51.21
2026-08-18T04:25:02,116.67,51.89
2026-08-18T04:25:03,116.49,51.71
2026-08-18T04:25:04,116.46,51.68
2026-08-18T04:25:05,116.35,51.57
2026-08-18T04:25:06,115.9,51.13
2026-08-18T04:25:07,116.01,51.24
2026-08-18T04:25:08,115.67,50.9
2026-08-18T04:25:09,116.16,51.39
2026-08-18T04:25:10,116.47,51.69
2026-08-18T04:25:11,116.57,51.79
2026-08-18T04:25:12,116.72,51.94
2026-08-18T04:25:13,117.11,52.32
2026-08-18T04:25:14,116.96,52.18
2026-08-18T04:25:15,117.04,52.25
2026-08-18T04:25:16,116.65,51.87
2026-08-18T04:25:17,116.06,51.29
2026-08-18T04:25:18,116.07,51.3
2026-08-18T04:25:19,116.44,51.66
2026-08-18T04:25:20,116.61,51.83
2026-08-18T04:25:21,116.97,52.19
2026-08-18T04:25:22,117.75,52.95
2026-08-18T04:25:23,118.14,53.34
2026-08-18T04:25:24,120.04,55.21
2026-08-18T04:25:25,122.43,57.56
2026-08-18T04:25:26,124.75,59.85
2026-08-18T04:25:27,126.63,61.71
2026-08-18T04:25:28,126.2,61.28
2026-08-18T04:25:29,125.78,60.87
2026-08-18T04:25:30,123.99,59.11
2026-08-18T04:25:31,120.84,56.0
2026-08-18T04:25:32,119.33,54.51
2026-08-18T04:25:33,118.55,53.74
2026-08-18T04:25:34,117.59,52.79
2026-08-18T04:25:35,117.54,52.75
2026-08-18T04:25:36,118.02,53.22
2026-08-18T04:25:37,117.44,52.65
2026-08-18T04:25:38,116.73,51.94
2026-08-18T04:25:39,116.37,51.6
2026-08-18T04:25:40,116.24,51.46
2026-08-18T04:25:41,116.24,51.46
2026-08-18T04:25:42,115.93,51.16
2026-08-18T04:25:43,115.78,51.01
2026-08-18T04:25:44,115.17,50.41
2026-08-18T04:25:45,115.34,50.58
2026-08-18T04:25:46,114.87,50.11
2026-08-18T04:25:47,115.01,50.25
2026-08-18T04:25:48,116.06,51.29
2026-08-18T04:25:49,116.54,51.76
2026-08-18T04:25:50,116.87,52.08
2026-08-18T04:25:51,117.47,52.68
2026-08-18T04:25:52,118.15,53.35
2026-08-18T04:25:53,121.17,56.32
2026-08-18T04:25:54,124.42,59.53
2026-08-18T04:25:55,126.33,61.42
2026-08-18T04:25:56,126.92,62.0
2026-08-18T04:25:57,127.42,62.48
2026-08-18T04:25:58,127.52,62.58
2026-08-18T04:25:59,126.73,61.81
2026-08-18T04:26:00,127.31,62.38
2026-08-18T04:26:01,127.84,62.9
2026-08-18T04:26:02,127.92,62.98
2026-08-18T04:26:03,126.3,61.38
2026-08-18T04:26:04,123.67,58.79
2026-08-18T04:26:05,121.81,56.96
2026-08-18T04:26:06,120.25,55.42
2026-08-18T04:26:07,119.41,54.59
2026-08-18T04:26:08,118.58,53.78
2026-08-18T04:26:09,117.8,53.0
2026-08-18T04:26:10,117.13,52.34
2026-08-18T04:26:11,116.84,52.06
2026-08-18T04:26:12,115.93,51.16
2026-08-18T04:26:13,116.25,51.48
2026-08-18T04:26:14,116.2,51.43
2026-08-18T04:26:15,115.7,50.93
2026-08-18T04:26:16,115.14,50.38
2026-08-18T04:26:17,115.22,50.46
2026-08-18T04:26:18,115.04,50.28
2026-08-18T04:26:19,114.97,50.21
2026-08-18T04:26:20,115.13,50.37
2026-08-18T04:26:21,115.22,50.46
2026-08-18T04:26:22,114.95,50.19
2026-08-18T04:26:23,115.09,50.33
2026-08-18T04:26:24,115.01,50.25
2026-08-18T04:26:25,114.85,50.09
2026-08-18T04:26:26,114.87,50.12
2026-08-18T04:26:27,115.42,50.65
2026-08-18T04:26:28,115.56,50.79
2026-08-18T04:26:29,115.2,50.44
2026-08-18T04:26:30,115.14,50.38
2026-08-18T04:26:31,115.25,50.49
2026-08-18T04:26:32,115.21,50.44
2026-08-18T04:26:33,115.75,50.98
2026-08-18T04:26:34,115.03,50.27
2026-08-18T04:26:35,114.67,49.92
2026-08-18T04:26:36,115.05,50.3
2026-08-18T04:26:37,114.87,50.11
2026-08-18T04:26:38,114.52,49.77
2026-08-18T04:26:39,114.7,49.94
2026-08-18T04:26:40,114.6,49.85
2026-08-18T04:26:41,114.67,49.91
2026-08-18T04:26:42,114.19,49.45
2026-08-18T04:26:43,114.71,49.96
2026-08-18T04:26:44,114.32,49.57
2026-08-18T04:26:45,114.37,49.63
2026-08-18T04:26:46,114.32,49.57
2026-08-18T04:26:47,114.49,49.74
2026-08-18T04:26:48,114.82,50.06
2026-08-18T04:26:49,114.47,49.72
2026-08-18T04:26:50,114.67,49.92
2026-08-18T04:26:51,114.22,49.47
2026-08-18T04:26:52,114.88,50.12
2026-08-18T04:26:53,114.81,50.05
2026-08-18T04:26:54,115.27,50.51
2026-08-18T04:26:55,115.38,50.62
2026-08-18T04:26:56,116.01,51.24
2026-08-18T04:26:57,115.59,50.82
2026-08-18T04:26:58,115.64,50.87
2026-08-18T04:26:59,115.49,50.73
2026-08-18T04:27:00,115.48,50.72
2026-08-18T04:27:01,115.6,50.84
2026-08-18T04:27:02,115.61,50.84
2026-08-18T04:27:03,115.59,50.82
2026-08-18T04:27:04,116.15,51.38
2026-08-18T04:27:05,116.3,51.53
2026-08-18T04:27:06,116.28,51.51
2026-08-18T04:27:07,116.04,51.26
2026-08-18T04:27:08,115.8,51.03
2026-08-18T04:27:09,116.06,51.29
2026-08-18T04:27:10,115.83,51.06
2026-08-18T04:27:11,116.02,51.25
2026-08-18T04:27:12,116.31,51.53
2026-08-18T04:27:13,116.34,51.57
2026-08-18T04:27:14,117.16,52.37
2026-08-18T04:27:15,116.76,51.97
2026-08-18T04:27:16,116.57,51.79
2026-08-18T04:27:17,116.81,52.02
2026-08-18T04:27:18,116.72,51.94
2026-08-18T04:27:19,116.85,52.07
2026-08-18T04:27:20,117.03,52.25
2026-08-18T04:27:21,118.18,53.38
2026-08-18T04:27:22,118.3,53.49
2026-08-18T04:27:23,118.24,53.44
2026-08-18T04:27:24,117.89,53.09
2026-08-18T04:27:25,117.49,52.69
2026-08-18T04:27:26,118.02,53.22
2026-08-18T04:27:27,118.29,53.48
2026-08-18T04:27:28,118.27,53.47
2026-08-18T04:27:29,118.66,53.85
2026-08-18T04:27:30,119.86,55.03
2026-08-18T04:27:31,118.8,53.99
2026-08-18T04:27:32,119.84,55.01
2026-08-18T04:27:33,119.39,54.57
2026-08-18T04:27:34,119.74,54.91
2026-08-18T04:27:35,120.23,55.39
2026-08-18T04:27:36,119.44,54.62
2026-08-18T04:27:37,119.29,54.47
2026-08-18T04:27:38,120.28,55.45
2026-08-18T04:27:39,120.58,55.74
2026-08-18T04:27:40,121.11,56.27
2026-08-18T04:27:41,121.66,56.8
2026-08-18T04:27:42,122.35,57.49
2026-08-18T04:27:43,123.3,58.42
2026-08-18T04:27:44,121.67,56.81
2026-08-18T04:27:45,122.49,57.63
2026-08-18T04:27:46,121.39,56.54
2026-08-18T04:27:47,120.35,55.51
2026-08-18T04:27:48,118.87,54.05
2026-08-18T04:27:49,118.11,53.31
2026-08-18T04:27:50,118.15,53.35
2026-08-18T04:27:51,118.16,53.36
2026-08-18T04:27:52,118.52,53.71
2026-08-18T04:27:53,118.76,53.95
2026-08-18T04:27:54,119.14,54.32
2026-08-18T04:27:55,119.94,55.11
2026-08-18T04:27:56,121.35,56.5
2026-08-18T04:27:57,125.24,60.34
2026-08-18T04:27:58,126.9,61.97
2026-08-18T04:27:59,128.77,63.82
2026-08-18T04:28:00,130.69,65.71
2026-08-18T04:28:01,130.47,65.49
2026-08-18T04:28:02,128.9,63.95
2026-08-18T04:28:03,125.84,60.93
2026-08-18T04:28:04,124.42,59.53
2026-08-18T04:28:05,122.58,57.71
2026-08-18T04:28:06,121.4,56.55
2026-08-18T04:28:07,119.79,54.97
2026-08-18T04:28:08,119.46,54.64
2026-08-18T04:28:09,117.99,53.19
2026-08-18T04:28:10,117.4,52.61
2026-08-18T04:28:11,116.77,51.99
2026-08-18T04:28:12,116.1,51.33
2026-08-18T04:28:13,115.87,51.1
2026-08-18T04:28:14,115.45,50.69
2026-08-18T04:28:15,115.7,50.93
2026-08-18T04:28:16,115.33,50.57
2026-08-18T04:28:17,115.1,50.34
2026-08-18T04:28:18,114.99,50.23
2026-08-18T04:28:19,115.12,50.36
2026-08-18T04:28:20,115.21,50.45
2026-08-18T04:28:21,115.49,50.73
2026-08-18T04:28:22,115.12,50.36
2026-08-18T04:28:23,115.03,50.28
2026-08-18T04:28:24,114.98,50.23
2026-08-18T04:28:25,114.76,50.01
2026-08-18T04:28:26,114.35,49.6
2026-08-18T04:28:27,114.67,49.92
2026-08-18T04:28:28,114.33,49.59
2026-08-18T04:28:29,113.96,49.22
2026-08-18T04:28:30,114.14,49.39
2026-08-18T04:28:31,114.09,49.34
2026-08-18T04:28:32,114.53,49.78
2026-08-18T04:28:33,114.36,49.61
2026-08-18T04:28:34,114.32,49.57
2026-08-18T04:28:35,114.62,49.87
2026-08-18T04:28:36,114.48,49.73
2026-08-18T04:28:37,114.4,49.65
2026-08-18T04:28:38,114.43,49.68
2026-08-18T04:28:39,114.34,49.59
2026-08-18T04:28:40,114.93,50.17
2026-08-18T04:28:41,114.69,49.94
2026-08-18T04:28:42,115.1,50.34
2026-08-18T04:28:43,116.44,51.66
2026-08-18T04:28:44,118.01,53.21
2026-08-18T04:28:45,118.57,53.77
2026-08-18T04:28:46,120.09,55.26
2026-08-18T04:28:47,123.96,59.07
2026-08-18T04:28:48,127.42,62.49
2026-08-18T04:28:49,128.9,63.95
2026-08-18T04:28:50,129.64,64.67
2026-08-18T04:28:51,129.41,64.45
2026-08-18T04:28:52,127.87,62.92
2026-08-18T04:28:53,123.55,58.67
2026-08-18T04:28:54,122.07,57.21
2026-08-18T04:28:55,120.51,55.67
2026-08-18T04:28:56,119.46,54.64
2026-08-18T04:28:57,119.7,54.87
2026-08-18T04:28:58,117.92,53.12
2026-08-18T04:28:59,117.4,52.61
2026-08-18T04:29:00,116.94,52.15
2026-08-18T04:29:01,116.58,51.8
2026-08-18T04:29:02,116.81,52.02
2026-08-18T04:29:03,116.09,51.32
2026-08-18T04:29:04,115.95,51.17
2026-08-18T04:29:05,115.05,50.29
2026-08-18T04:29:06,115.27,50.51
2026-08-18T04:29:07,115.4,50.63
2026-08-18T04:29:08,115.27,50.51
2026-08-18T04:29:09,115.46,50.7
2026-08-18T04:29:10,115.81,51.04
2026-08-18T04:29:11,115.87,51.1
2026-08-18T04:29:12,115.36,50.6
2026-08-18T04:29:13,115.61,50.85
2026-08-18T04:29:14,115.34,50.58
2026-08-18T04:29:15,115.26,50.5
2026-08-18T04:29:16,115.17,50.41
2026-08-18T04:29:17,115.57,50.8
2026-08-18T04:29:18,115.46,50.69
2026-08-18T04:29:19,115.48,50.72
2026-08-18T04:29:20,115.72,50.95
2026-08-18T04:29:21,115.81,51.04
2026-08-18T04:29:22,115.34,50.58
2026-08-18T04:29:23,115.3,50.53
2026-08-18T04:29:24,115.49,50.73
2026-08-18T04:29:25,115.49,50.73
2026-08-18T04:29:26,115.91,51.14
2026-08-18T04:29:27,116.07,51.3
2026-08-18T04:29:28,117.27,52.48
2026-08-18T04:29:29,118.09,53.29
2026-08-18T04:29:30,119.84,55.01
2026-08-18T04:29:31,122.15,57.29
2026-08-18T04:29:32,124.58,59.68
2026-08-18T04:29:33,127.58,62.64
2026-08-18T04:29:34,129.56,64.6
2026-08-18T04:29:35,130.18,65.21
2026-08-18T04:29:36,127.78,62.84
2026-08-18T04:29:37,122.76,57.89
2026-08-18T04:29:38,119.83,55.0
2026-08-18T04:29:39,118.01,53.21
2026-08-18T04:29:40,117.08,52.29
2026-08-18T04:29:41,116.91,52.12
2026-08-18T04:29:42,116.16,51.38
2026-08-18T04:29:43,115.8,51.03
2026-08-18T04:29:44,115.77,51.0
2026-08-18T04:29:45,115.47,50.71
2026-08-18T04:29:46,115.33,50.56
2026-08-18T04:29:47,115.41,50.64
2026-08-18T04:29:48,115.39,50.63
2026-08-18T04:29:49,114.81,50.05
2026-08-18T04:29:50,114.89,50.13
2026-08-18T04:29:51,115.27,50.51
2026-08-18T04:29:52,114.79,50.04
2026-08-18T04:29:53,114.63,49.87
2026-08-18T04:29:54,114.87,50.12
2026-08-18T04:29:55,115.18,50.42
2026-08-18T04:29:56,114.65,49.9
2026-08-18T04:29:57,114.53,49.78
2026-08-18T04:29:58,114.46,49.71
2026-08-18T04:29:59,114.32,49.57
2026-08-18T04:30:00,114.91,50.15
2026-08-18T04:30:01,115.35,50.58
2026-08-18T04:30:02,115.71,50.94
2026-08-18T04:30:03,116.31,51.54
2026-08-18T04:30:04,118.12,53.32
2026-08-18T04:30:05,121.98,57.13
2026-08-18T04:30:06,123.94,59.06
2026-08-18T04:30:07,124.6,59.71
2026-08-18T04:30:08,125.23,60.33
2026-08-18T04:30:09,124.44,59.55
2026-08-18T04:30:10,121.2,56.36
2026-08-18T04:30:11,118.76,53.95
2026-08-18T04:30:12,117.85,53.05
2026-08-18T04:30:13,116.73,51.95
2026-08-18T04:30:14,116.03,51.25
2026-08-18T04:30:15,116.52,51.74
2026-08-18T04:30:16,115.44,50.68
2026-08-18T04:30:17,114.83,50.08
2026-08-18T04:30:18,114.41,49.66
2026-08-18T04:30:19,114.69,49.93
2026-08-18T04:30:20,114.88,50.12
2026-08-18T04:30:21,114.99,50.23
2026-08-18T04:30:22,115.11,50.35
2026-08-18T04:30:23,114.83,50.08
2026-08-18T04:30:24,114.89,50.13
2026-08-18T04:30:25,114.75,50.0
2026-08-18T04:30:26,114.62,49.87
2026-08-18T04:30:27,115.12,50.36
2026-08-18T04:30:28,114.65,49.9
2026-08-18T04:30:29,114.51,49.76
2026-08-18T04:30:30,114.29,49.55
2026-08-18T04:30:31,114.51,49.76
2026-08-18T04:30:32,114.12,49.37
2026-08-18T04:30:33,114.6,49.85
2026-08-18T04:30:34,113.98,49.23
2026-08-18T04:30:35,113.76,49.02
2026-08-18T04:30:36,113.98,49.23
2026-08-18T04:30:37,114.28,49.53
2026-08-18T04:30:38,114.45,49.7
2026-08-18T04:30:39,114.56,49.8
2026-08-18T04:30:40,114.72,49.96
2026-08-18T04:30:41,114.62,49.87
2026-08-18T04:30:42,114.25,49.5
2026-08-18T04:30:43,114.33,49.58
2026-08-18T04:30:44,114.17,49.43
2026-08-18T04:30:45,114.22,49.48
2026-08-18T04:30:46,113.89,49.15
2026-08-18T04:30:47,113.9,49.15
2026-08-18T04:30:48,113.69,48.95
2026-08-18T04:30:49,113.7,48.96
2026-08-18T04:30:50,113.88,49.14
2026-08-18T04:30:51,113.67,48.93
2026-08-18T04:30:52,113.84,49.1
2026-08-18T04:30:53,114.09,49.35
2026-08-18T04:30:54,113.81,49.07
2026-08-18T04:30:55,113.61,48.87
2026-08-18T04:30:56,113.6,48.87
2026-08-18T04:30:57,113.59,48.85
2026-08-18T04:30:58,113.7,48.96
2026-08-18T04:30:59,113.64,48.91
2026-08-18T04:31:00,113.87,49.13
2026-08-18T04:31:01,113.92,49.18
2026-08-18T04:31:02,114.16,49.42
2026-08-18T04:31:03,114.09,49.35
2026-08-18T04:31:04,113.92,49.18
2026-08-18T04:31:05,114.06,49.32
2026-08-18T04:31:06,114.21,49.46
2026-08-18T04:31:07,114.08,49.34
2026-08-18T04:31:08,114.03,49.28
2026-08-18T04:31:09,114.32,49.57
2026-08-18T04:31:10,114.3,49.55
2026-08-18T04:31:11,114.2,49.45
2026-08-18T04:31:12,114.16,49.42
2026-08-18T04:31:13,114.35,49.6
2026-08-18T04:31:14,114.35,49.6
2026-08-18T04:31:15,114.39,49.64
2026-08-18T04:31:16,114.15,49.41
2026-08-18T04:31:17,114.55,49.8
2026-08-18T04:31:18,114.59,49.84
2026-08-18T04:31:19,114.83,50.08
2026-08-18T04:31:20,114.23,49.49
2026-08-18T04:31:21,114.38,49.63
2026-08-18T04:31:22,114.6,49.84
2026-08-18T04:31:23,114.34,49.59
2026-08-18T04:31:24,114.48,49.73
2026-08-18T04:31:25,114.7,49.95
2026-08-18T04:31:26,115.03,50.28
2026-08-18T04:31:27,114.93,50.18
2026-08-18T04:31:28,115.12,50.36
2026-08-18T04:31:29,114.89,50.13
2026-08-18T04:31:30,115.11,50.35
2026-08-18T04:31:31,115.26,50.5
2026-08-18T04:31:32,114.42,49.67
2026-08-18T04:31:33,114.84,50.09
2026-08-18T04:31:34,115.02,50.26
2026-08-18T04:31:35,114.28,49.53
2026-08-18T04:31:36,114.61,49.86
2026-08-18T04:31:37,114.71,49.95
2026-08-18T04:31:38,114.89,50.13
2026-08-18T04:31:39,114.72,49.97
2026-08-18T04:31:40,114.78,50.02
2026-08-18T04:31:41,114.81,50.06
2026-08-18T04:31:42,114.99,50.23
2026-08-18T04:31:43,114.74,49.98
2026-08-18T04:31:44,114.68,49.92
2026-08-18T04:31:45,114.8,50.05
2026-08-18T04:31:46,115.94,51.16
2026-08-18T04:31:47,115.68,50.91
2026-08-18T04:31:48,115.63,50.86
2026-08-18T04:31:49,115.4,50.64
2026-08-18T04:31:50,114.75,50.0
2026-08-18T04:31:51,114.73,49.97
2026-08-18T04:31:52,114.75,50.0
2026-08-18T04:31:53,114.57,49.82
2026-08-18T04:31:54,114.72,49.96
2026-08-18T04:31:55,114.55,49.79
2026-08-18T04:31:56,114.58,49.82
2026-08-18T04:31:57,113.75,49.01
2026-08-18T04:31:58,113.55,48.81
2026-08-18T04:31:59,113.99,49.24
2026-08-18T04:32:00,114.46,49.71
2026-08-18T04:32:01,113.96,49.22
2026-08-18T04:32:02,114.1,49.35
2026-08-18T04:32:03,114.03,49.29
2026-08-18T04:32:04,114.26,49.52
2026-08-18T04:32:05,114.24,49.5
2026-08-18T04:32:06,115.34,50.58
2026-08-18T04:32:07,115.19,50.43
2026-08-18T04:32:08,115.06,50.3
2026-08-18T04:32:09,114.94,50.18
2026-08-18T04:32:10,115.38,50.62
2026-08-18T04:32:11,115.51,50.75
2026-08-18T04:32:12,115.4,50.64
2026-08-18T04:32:13,115.52,50.76
2026-08-18T04:32:14,115.91,51.14
2026-08-18T04:32:15,115.62,50.85
2026-08-18T04:32:16,116.12,51.35
2026-08-18T04:32:17,116.2,51.42
2026-08-18T04:32:18,117.09,52.3
2026-08-18T04:32:19,116.4,51.63
2026-08-18T04:32:20,117.71,52.92
2026-08-18T04:32:21,117.23,52.44
2026-08-18T04:32:22,116.51,51.73
2026-08-18T04:32:23,116.92,52.13
2026-08-18T04:32:24,118.06,53.26
2026-08-18T04:32:25,117.81,53.02
2026-08-18T04:32:26,117.64,52.84
2026-08-18T04:32:27,116.99,52.2
2026-08-18T04:32:28,115.63,50.86
2026-08-18T04:32:29,115.07,50.31
2026-08-18T04:32:30,115.07,50.31
2026-08-18T04:32:31,115.48,50.71
2026-08-18T04:32:32,115.26,50.49
2026-08-18T04:32:33,115.81,51.04
2026-08-18T04:32:34,116.05,51.28
2026-08-18T04:32:35,117.21,52.43
2026-08-18T04:32:36,115.83,51.06
2026-08-18T04:32:37,116.13,51.36
2026-08-18T04:32:38,116.61,51.83
2026-08-18T04:32:39,116.84,52.05
2026-08-18T04:32:40,116.87,52.08
2026-08-18T04:32:41,115.42,50.66
2026-08-18T04:32:42,115.61,50.84
2026-08-18T04:32:43,116.34,51.56
2026-08-18T04:32:44,115.98,51.21
2026-08-18T04:32:45,115.59,50.82
2026-08-18T04:32:46,115.51,50.74
2026-08-18T04:32:47,115.41,50.65
2026-08-18T04:32:48,115.44,50.68
2026-08-18T04:32:49,115.4,50.63
2026-08-18T04:32:50,115.09,50.33
2026-08-18T04:32:51,115.11,50.35
2026-08-18T04:32:52,115.88,51.11
2026-08-18T04:32:53,115.69,50.92
2026-08-18T04:32:54,116.0,51.22
2026-08-18T04:32:55,115.87,51.1
2026-08-18T04:32:56,116.75,51.96
2026-08-18T04:32:57,116.82,52.03
2026-08-18T04:32:58,116.93,52.14
2026-08-18T04:32:59,116.73,51.95
2026-08-18T04:33:00,117.06,52.27
2026-08-18T04:33:01,117.7,52.91
2026-08-18T04:33:02,117.71,52.91
2026-08-18T04:33:03,117.81,53.01
2026-08-18T04:33:04,119.41,54.59
2026-08-18T04:33:05,121.47,56.62
2026-08-18T04:33:06,124.3,59.41
2026-08-18T04:33:07,126.75,61.83
2026-08-18T04:33:08,128.4,63.45
2026-08-18T04:33:09,129.6,64.64
2026-08-18T04:33:10,127.87,62.93
2026-08-18T04:33:11,128.04,63.09
2026-08-18T04:33:12,125.99,61.08
2026-08-18T04:33:13,123.12,58.25
2026-08-18T04:33:14,121.95,57.09
2026-08-18T04:33:15,120.58,55.74
2026-08-18T04:33:16,119.65,54.82
2026-08-18T04:33:17,119.55,54.73
2026-08-18T04:33:18,119.01,54.2
2026-08-18T04:33:19,118.29,53.49
2026-08-18T04:33:20,118.41,53.61
2026-08-18T04:33:21,117.91,53.11
2026-08-18T04:33:22,117.84,53.04
2026-08-18T04:33:23,118.3,53.5
2026-08-18T04:33:24,118.32,53.51
2026-08-18T04:33:25,118.24,53.43
2026-08-18T04:33:26,118.36,53.55
2026-08-18T04:33:27,118.0,53.2
2026-08-18T04:33:28,118.21,53.4
2026-08-18T04:33:29,118.16,53.36
2026-08-18T04:33:30,117.97,53.17
2026-08-18T04:33:31,118.01,53.21
2026-08-18T04:33:32,118.12,53.32
2026-08-18T04:33:33,118.24,53.44
2026-08-18T04:33:34,118.28,53.47
2026-08-18T04:33:35,119.35,54.53
2026-08-18T04:33:36,119.94,55.11
2026-08-18T04:33:37,120.39,55.56
2026-08-18T04:33:38,120.16,55.33
2026-08-18T04:33:39,119.9,55.07
2026-08-18T04:33:40,119.76,54.93
2026-08-18T04:33:41,119.57,54.75
2026-08-18T04:33:42,119.25,54.43
2026-08-18T04:33:43,118.33,53.53
2026-08-18T04:33:44,118.34,53.54
2026-08-18T04:33:45,118.56,53.75
2026-08-18T04:33:46,118.35,53.54
2026-08-18T04:33:47,117.46,52.66
2026-08-18T04:33:48,118.02,53.22
2026-08-18T04:33:49,117.53,52.73
2026-08-18T04:33:50,117.68,52.89
2026-08-18T04:33:51,117.26,52.47
2026-08-18T04:33:52,116.72,51.94
2026-08-18T04:33:53,116.77,51.99
2026-08-18T04:33:54,117.14,52.35
2026-08-18T04:33:55,116.92,52.14
2026-08-18T04:33:56,116.54,51.76
2026-08-18T04:33:57,116.3,51.53
2026-08-18T04:33:58,115.95,51.18
2026-08-18T04:33:59,116.07,51.3
2026-08-18T04:34:00,115.75,50.98
2026-08-18T04:34:01,116.01,51.24
2026-08-18T04:34:02,115.53,50.77
2026-08-18T04:34:03,115.63,50.87
2026-08-18T04:34:04,115.51,50.74
2026-08-18T04:34:05,115.52,50.76
2026-08-18T04:34:06,115.57,50.8
2026-08-18T04:34:07,115.77,51.0
2026-08-18T04:34:08,115.53,50.77
2026-08-18T04:34:09,115.2,50.44
2026-08-18T04:34:10,115.72,50.95
2026-08-18T04:34:11,115.17,50.41
2026-08-18T04:34:12,115.2,50.44
2026-08-18T04:34:13,114.64,49.88
2026-08-18T04:34:14,114.99,50.23
2026-08-18T04:34:15,115.18,50.42
2026-08-18T04:34:16,115.41,50.64
2026-08-18T04:34:17,115.99,51.22
2026-08-18T04:34:18,116.37,51.59
2026-08-18T04:34:19,116.7,51.92
2026-08-18T04:34:20,116.26,51.48
2026-08-18T04:34:21,116.41,51.63
2026-08-18T04:34:22,116.57,51.79
2026-08-18T04:34:23,115.67,50.9
2026-08-18T04:34:24,115.93,51.16
2026-08-18T04:34:25,115.87,51.1
2026-08-18T04:34:26,115.86,51.09
2026-08-18T04:34:27,116.1,51.33
2026-08-18T04:34:28,116.19,51.42
2026-08-18T04:34:29,116.37,51.59
2026-08-18T04:34:30,116.04,51.27
2026-08-18T04:34:31,115.47,50.7
2026-08-18T04:34:32,115.56,50.79
2026-08-18T04:34:33,115.85,51.08
2026-08-18T04:34:34,116.53,51.75
2026-08-18T04:34:35,116.62,51.84
2026-08-18T04:34:36,117.14,52.35
2026-08-18T04:34:37,117.86,53.06
2026-08-18T04:34:38,118.18,53.38
2026-08-18T04:34:39,119.63,54.8
2026-08-18T04:34:40,122.69,57.82
2026-08-18T04:34:41,124.46,59.57
2026-08-18T04:34:42,125.08,60.18
2026-08-18T04:34:43,125.72,60.81
2026-08-18T04:34:44,125.52,60.61
2026-08-18T04:34:45,124.71,59.82
2026-08-18T04:34:46,122.75,57.88
2026-08-18T04:34:47,120.51,55.67
2026-08-18T04:34:48,119.46,54.64
2026-08-18T04:34:49,118.42,53.61
2026-08-18T04:34:50,118.38,53.58
2026-08-18T04:34:51,117.63,52.84
2026-08-18T04:34:52,117.68,52.88
2026-08-18T04:34:53,116.57,51.79
2026-08-18T04:34:54,116.59,51.81
2026-08-18T04:34:55,116.23,51.45
2026-08-18T04:34:56,116.56,51.78
2026-08-18T04:34:57,116.24,51.47
2026-08-18T04:34:58,116.45,51.68
2026-08-18T04:34:59,116.64,51.86
2026-08-18T04:35:00,116.42,51.64
2026-08-18T04:35:01,116.4,51.62
2026-08-18T04:35:02,116.49,51.71
2026-08-18T04:35:03,116.0,51.23
2026-08-18T04:35:04,116.27,51.5
2026-08-18T04:35:05,116.16,51.38
2026-08-18T04:35:06,116.23,51.46
2026-08-18T04:35:07,116.34,51.56
2026-08-18T04:35:08,115.99,51.22
2026-08-18T04:35:09,116.55,51.77
2026-08-18T04:35:10,116.47,51.69
2026-08-18T04:35:11,115.58,50.81
2026-08-18T04:35:12,115.75,50.98
2026-08-18T04:35:13,115.85,51.08
2026-08-18T04:35:14,115.98,51.21
2026-08-18T04:35:15,115.56,50.8
2026-08-18T04:35:16,115.8,51.03
2026-08-18T04:35:17,116.14,51.37
2026-08-18T04:35:18,116.0,51.23
2026-08-18T04:35:19,115.85,51.08
2026-08-18T04:35:20,115.51,50.74
2026-08-18T04:35:21,115.85,51.08
2026-08-18T04:35:22,115.8,51.03
2026-08-18T04:35:23,115.57,50.8
2026-08-18T04:35:24,115.64,50.87
2026-08-18T04:35:25,116.39,51.61
2026-08-18T04:35:26,115.95,51.18
2026-08-18T04:35:27,115.72,50.95
2026-08-18T04:35:28,115.73,50.96
2026-08-18T04:35:29,115.63,50.86
2026-08-18T04:35:30,115.74,50.97
2026-08-18T04:35:31,115.76,50.99
2026-08-18T04:35:32,115.98,51.2
2026-08-18T04:35:33,115.68,50.91
2026-08-18T04:35:34,115.99,51.22
2026-08-18T04:35:35,115.51,50.75
2026-08-18T04:35:36,115.07,50.31
2026-08-18T04:35:37,115.75,50.98
2026-08-18T04:35:38,114.99,50.23
2026-08-18T04:35:39,116.02,51.24
2026-08-18T04:35:40,115.25,50.49
2026-08-18T04:35:41,115.16,50.4
2026-08-18T04:35:42,115.43,50.67
2026-08-18T04:35:43,116.14,51.36
2026-08-18T04:35:44,116.78,52.0
2026-08-18T04:35:45,115.84,51.07
2026-08-18T04:35:46,115.78,51.01
2026-08-18T04:35:47,114.82,50.06
2026-08-18T04:35:48,115.73,50.96
2026-08-18T04:35:49,115.0,50.24
2026-08-18T04:35:50,114.69,49.93
2026-08-18T04:35:51,114.58,49.83
2026-08-18T04:35:52,115.13,50.37
2026-08-18T04:35:53,114.33,49.59
2026-08-18T04:35:54,114.17,49.43
2026-08-18T04:35:55,114.22,49.47
2026-08-18T04:35:56,114.05,49.3
2026-08-18T04:35:57,114.31,49.56
2026-08-18T04:35:58,114.64,49.89
2026-08-18T04:35:59,113.87,49.13
2026-08-18T04:36:00,113.86,49.12
2026-08-18T04:36:01,113.96,49.21
2026-08-18T04:36:02,114.8,50.04
2026-08-18T04:36:03,114.04,49.3
2026-08-18T04:36:04,114.05,49.3
2026-08-18T04:36:05,113.91,49.17
2026-08-18T04:36:06,113.95,49.21
2026-08-18T04:36:07,113.51,48.77
2026-08-18T04:36:08,114.64,49.88
2026-08-18T04:36:09,114.04,49.3
2026-08-18T04:36:10,115.65,50.88
2026-08-18T04:36:11,115.03,50.28
2026-08-18T04:36:12,114.87,50.12
2026-08-18T04:36:13,113.96,49.22
2026-08-18T04:36:14,114.25,49.5
2026-08-18T04:36:15,113.62,48.88
2026-08-18T04:36:16,114.42,49.67
2026-08-18T04:36:17,114.31,49.56
2026-08-18T04:36:18,114.35,49.6
2026-08-18T04:36:19,114.18,49.43
2026-08-18T04:36:20,115.33,50.57
2026-08-18T04:36:21,116.33,51.56
2026-08-18T04:36:22,116.4,51.62
2026-08-18T04:36:23,115.38,50.62
2026-08-18T04:36:24,115.91,51.13
2026-08-18T04:36:25,116.05,51.28
2026-08-18T04:36:26,115.7,50.93
2026-08-18T04:36:27,116.46,51.68
2026-08-18T04:36:28,116.64,51.86
2026-08-18T04:36:29,116.66,51.88
2026-08-18T04:36:30,116.59,51.81
2026-08-18T04:36:31,116.57,51.79
2026-08-18T04:36:32,116.37,51.6
2026-08-18T04:36:33,117.64,52.84
2026-08-18T04:36:34,116.18,51.4
2026-08-18T04:36:35,116.8,52.02
2026-08-18T04:36:36,116.48,51.71
2026-08-18T04:36:37,117.31,52.52
2026-08-18T04:36:38,115.78,51.01
2026-08-18T04:36:39,119.31,54.49
2026-08-18T04:36:40,119.52,54.7
2026-08-18T04:36:41,117.23,52.44
2026-08-18T04:36:42,116.0,51.23
2026-08-18T04:36:43,116.4,51.62
2026-08-18T04:36:44,116.5,51.72
2026-08-18T04:36:45,117.74,52.94
2026-08-18T04:36:46,117.96,53.16
2026-08-18T04:36:47,117.29,52.5
2026-08-18T04:36:48,117.06,52.27
2026-08-18T04:36:49,117.95,53.15
2026-08-18T04:36:50,117.24,52.45
2026-08-18T04:36:51,117.27,52.48
2026-08-18T04:36:52,117.01,52.23
2026-08-18T04:36:53,116.33,51.56
2026-08-18T04:36:54,115.6,50.83
2026-08-18T04:36:55,115.17,50.41
2026-08-18T04:36:56,114.66,49.91
2026-08-18T04:36:57,114.64,49.89
2026-08-18T04:36:58,114.54,49.79
2026-08-18T04:36:59,114.58,49.82
2026-08-18T04:37:00,114.5,49.75
2026-08-18T04:37:01,114.85,50.09
2026-08-18T04:37:02,114.36,49.61
2026-08-18T04:37:03,114.64,49.89
2026-08-18T04:37:04,114.94,50.18
2026-08-18T04:37:05,115.85,51.08
2026-08-18T04:37:06,116.17,51.39
2026-08-18T04:37:07,115.44,50.68
2026-08-18T04:37:08,115.68,50.92
2026-08-18T04:37:09,115.67,50.91
2026-08-18T04:37:10,115.43,50.67
2026-08-18T04:37:11,115.66,50.89
2026-08-18T04:37:12,116.32,51.55
2026-08-18T04:37:13,116.38,51.6
2026-08-18T04:37:14,116.04,51.27
2026-08-18T04:37:15,114.98,50.22
2026-08-18T04:37:16,114.78,50.03
2026-08-18T04:37:17,114.76,50.0
2026-08-18T04:37:18,114.93,50.18
2026-08-18T04:37:19,115.01,50.25
2026-08-18T04:37:20,115.41,50.65
2026-08-18T04:37:21,115.11,50.35
2026-08-18T04:37:22,116.23,51.45
2026-08-18T04:37:23,116.05,51.28
2026-08-18T04:37:24,116.23,51.46
2026-08-18T04:37:25,116.68,51.9
2026-08-18T04:37:26,117.69,52.9
2026-08-18T04:37:27,116.82,52.03
2026-08-18T04:37:28,116.81,52.03
2026-08-18T04:37:29,116.93,52.15
2026-08-18T04:37:30,116.76,51.98
2026-08-18T04:37:31,116.7,51.92
2026-08-18T04:37:32,115.85,51.08
2026-08-18T04:37:33,115.64,50.88
2026-08-18T04:37:34,116.24,51.46
2026-08-18T04:37:35,116.16,51.39
2026-08-18T04:37:36,117.28,52.49
2026-08-18T04:37:37,116.72,51.94
2026-08-18T04:37:38,115.81,51.04
2026-08-18T04:37:39,115.33,50.57
2026-08-18T04:37:40,115.59,50.82
2026-08-18T04:37:41,116.3,51.53
2026-08-18T04:37:42,115.37,50.6
2026-08-18T04:37:43,115.8,51.03
2026-08-18T04:37:44,116.06,51.29
2026-08-18T04:37:45,115.42,50.66
2026-08-18T04:37:46,116.27,51.49
2026-08-18T04:37:47,118.1,53.3
2026-08-18T04:37:48,119.21,54.39
2026-08-18T04:37:49,120.52,55.68
2026-08-18T04:37:50,123.26,58.39
2026-08-18T04:37:51,127.77,62.83
2026-08-18T04:37:52,129.92,64.95
2026-08-18T04:37:53,129.87,64.9
2026-08-18T04:37:54,129.84,64.87
2026-08-18T04:37:55,126.91,61.99
2026-08-18T04:37:56,123.3,58.42
2026-08-18T04:37:57,120.93,56.08
2026-08-18T04:37:58,119.88,55.05
2026-08-18T04:37:59,119.6,54.78
2026-08-18T04:38:00,120.88,56.04
2026-08-18T04:38:01,117.17,52.38
2026-08-18T04:38:02,117.61,52.81
2026-08-18T04:38:03,117.22,52.43
2026-08-18T04:38:04,116.56,51.78
2026-08-18T04:38:05,115.98,51.21
2026-08-18T04:38:06,115.19,50.43
2026-08-18T04:38:07,115.31,50.55
2026-08-18T04:38:08,115.13,50.37
2026-08-18T04:38:09,115.12,50.36
2026-08-18T04:38:10,115.19,50.43
2026-08-18T04:38:11,114.72,49.97
2026-08-18T04:38:12,114.98,50.23
2026-08-18T04:38:13,115.48,50.72
2026-08-18T04:38:14,115.16,50.4
2026-08-18T04:38:15,114.87,50.11
2026-08-18T04:38:16,114.19,49.44
2026-08-18T04:38:17,114.3,49.55
2026-08-18T04:38:18,114.29,49.54
2026-08-18T04:38:19,114.45,49.7
2026-08-18T04:38:20,114.39,49.64
2026-08-18T04:38:21,114.1,49.35
2026-08-18T04:38:22,114.36,49.61
2026-08-18T04:38:23,114.92,50.16
2026-08-18T04:38:24,114.82,50.06
2026-08-18T04:38:25,114.88,50.12
2026-08-18T04:38:26,114.75,50.0
2026-08-18T04:38:27,115.15,50.39
2026-08-18T04:38:28,114.51,49.76
2026-08-18T04:38:29,114.47,49.72
2026-08-18T04:38:30,114.32,49.57
2026-08-18T04:38:31,114.87,50.11
2026-08-18T04:38:32,114.22,49.48
2026-08-18T04:38:33,114.36,49.61
2026-08-18T04:38:34,114.56,49.81
2026-08-18T04:38:35,114.37,49.62
2026-08-18T04:38:36,114.39,49.65
2026-08-18T04:38:37,114.66,49.91
2026-08-18T04:38:38,114.86,50.11
2026-08-18T04:38:39,115.69,50.92
2026-08-18T04:38:40,115.53,50.76
2026-08-18T04:38:41,114.91,50.15
2026-08-18T04:38:42,114.9,50.15
2026-08-18T04:38:43,114.54,49.79
2026-08-18T04:38:44,114.5,49.75
2026-08-18T04:38:45,114.46,49.71
2026-08-18T04:38:46,115.51,50.74
2026-08-18T04:38:47,115.3,50.54
2026-08-18T04:38:48,115.14,50.38
2026-08-18T04:38:49,115.38,50.62
2026-08-18T04:38:50,115.07,50.31
2026-08-18T04:38:51,114.8,50.05
2026-08-18T04:38:52,114.66,49.91
2026-08-18T04:38:53,114.86,50.11
2026-08-18T04:38:54,114.69,49.94
2026-08-18T04:38:55,114.31,49.56
2026-08-18T04:38:56,114.01,49.27
2026-08-18T04:38:57,114.08,49.34
2026-08-18T04:38:58,113.84,49.1
2026-08-18T04:38:59,114.08,49.34
2026-08-18T04:39:00,114.1,49.35
2026-08-18T04:39:01,114.13,49.38
2026-08-18T04:39:02,114.22,49.47
2026-08-18T04:39:03,114.35,49.6
2026-08-18T04:39:04,114.54,49.79
2026-08-18T04:39:05,114.25,49.5
2026-08-18T04:39:06,114.26,49.51
2026-08-18T04:39:07,114.61,49.86
2026-08-18T04:39:08,114.9,50.14
2026-08-18T04:39:09,114.77,50.02
2026-08-18T04:39:10,114.74,49.98
2026-08-18T04:39:11,114.66,49.9
2026-08-18T04:39:12,114.45,49.7
2026-08-18T04:39:13,114.16,49.42
2026-08-18T04:39:14,114.31,49.56
2026-08-18T04:39:15,114.5,49.75
2026-08-18T04:39:16,114.47,49.72
2026-08-18T04:39:17,114.44,49.69
2026-08-18T04:39:18,114.41,49.66
2026-08-18T04:39:19,114.91,50.15
2026-08-18T04:39:20,114.6,49.84
2026-08-18T04:39:21,114.56,49.81
2026-08-18T04:39:22,114.31,49.56
2026-08-18T04:39:23,114.56,49.81
2026-08-18T04:39:24,114.44,49.69
2026-08-18T04:39:25,114.68,49.93
2026-08-18T04:39:26,114.72,49.96
2026-08-18T04:39:27,114.09,49.34
2026-08-18T04:39:28,115.06,50.3
2026-08-18T04:39:29,114.86,50.1
2026-08-18T04:39:30,114.74,49.99
2026-08-18T04:39:31,114.06,49.31
2026-08-18T04:39:32,114.73,49.98
2026-08-18T04:39:33,115.05,50.29
2026-08-18T04:39:34,114.87,50.12
2026-08-18T04:39:35,115.81,51.04
2026-08-18T04:39:36,116.49,51.71
2026-08-18T04:39:37,117.73,52.93
2026-08-18T04:39:38,119.91,55.09
2026-08-18T04:39:39,121.2,56.36
2026-08-18T04:39:40,121.29,56.44
2026-08-18T04:39:41,120.26,55.43
2026-08-18T04:39:42,120.27,55.44
2026-08-18T04:39:43,119.76,54.93
2026-08-18T04:39:44,119.2,54.38
2026-08-18T04:39:45,119.86,55.04
2026-08-18T04:39:46,120.57,55.73
2026-08-18T04:39:47,122.66,57.79
2026-08-18T04:39:48,123.32,58.45
2026-08-18T04:39:49,123.32,58.44
2026-08-18T04:39:50,123.83,58.95
2026-08-18T04:39:51,123.99,59.11
2026-08-18T04:39:52,123.77,58.89
2026-08-18T04:39:53,123.53,58.65
2026-08-18T04:39:54,120.14,55.31
2026-08-18T04:39:55,120.59,55.75
2026-08-18T04:39:56,120.78,55.94
2026-08-18T04:39:57,121.22,56.38
2026-08-18T04:39:58,121.49,56.64
2026-08-18T04:39:59,119.08,54.27
2026-08-18T04:40:00,119.34,54.52
2026-08-18T04:40:01,121.2,56.36
2026-08-18T04:40:02,122.57,57.71
2026-08-18T04:40:03,124.02,59.13
2026-08-18T04:40:04,126.11,61.19
2026-08-18T04:40:05,128.0,63.06
2026-08-18T04:40:06,129.34,64.38
2026-08-18T04:40:07,126.76,61.84
2026-08-18T04:40:08,122.67,57.8
2026-08-18T04:40:09,120.87,56.03
2026-08-18T04:40:10,120.3,55.47
2026-08-18T04:40:11,123.34,58.47
2026-08-18T04:40:12,125.05,60.15
2026-08-18T04:40:13,126.03,61.12
2026-08-18T04:40:14,126.58,61.65
2026-08-18T04:40:15,126.55,61.62
2026-08-18T04:40:16,125.13,60.22
2026-08-18T04:40:17,122.17,57.31
2026-08-18T04:40:18,120.0,55.18
2026-08-18T04:40:19,118.97,54.15
2026-08-18T04:40:20,118.44,53.63
2026-08-18T04:40:21,117.56,52.77
2026-08-18T04:40:22,116.58,51.8
2026-08-18T04:40:23,116.19,51.42
2026-08-18T04:40:24,116.25,51.48
2026-08-18T04:40:25,115.94,51.17
2026-08-18T04:40:26,115.72,50.95
2026-08-18T04:40:27,116.07,51.3
2026-08-18T04:40:28,116.11,51.33
2026-08-18T04:40:29,115.85,51.08
2026-08-18T04:40:30,115.52,50.75
2026-08-18T04:40:31,115.25,50.49
2026-08-18T04:40:32,114.66,49.91
2026-08-18T04:40:33,115.05,50.29
2026-08-18T04:40:34,114.85,50.1
2026-08-18T04:40:35,114.77,50.02
2026-08-18T04:40:36,114.93,50.18
2026-08-18T04:40:37,114.99,50.23
2026-08-18T04:40:38,114.77,50.01
2026-08-18T04:40:39,115.22,50.46
2026-08-18T04:40:40,115.45,50.69
2026-08-18T04:40:41,115.09,50.33
2026-08-18T04:40:42,115.0,50.24
2026-08-18T04:40:43,114.47,49.72
2026-08-18T04:40:44,114.72,49.97
2026-08-18T04:40:45,115.42,50.66
2026-08-18T04:40:46,115.37,50.6
2026-08-18T04:40:47,115.31,50.54
2026-08-18T04:40:48,115.75,50.98
2026-08-18T04:40:49,115.64,50.88
2026-08-18T04:40:50,115.56,50.79
2026-08-18T04:40:51,115.4,50.64
2026-08-18T04:40:52,115.94,51.17
2026-08-18T04:40:53,115.52,50.76
2026-08-18T04:40:54,116.27,51.49
2026-08-18T04:40:55,116.83,52.04
2026-08-18T04:40:56,116.33,51.55
2026-08-18T04:40:57,116.25,51.47
2026-08-18T04:40:58,116.92,52.13
2026-08-18T04:40:59,116.91,52.13
2026-08-18T04:41:00,116.98,52.2
2026-08-18T04:41:01,116.92,52.14
2026-08-18T04:41:02,117.4,52.61
2026-08-18T04:41:03,117.23,52.44
2026-08-18T04:41:04,117.15,52.37
2026-08-18T04:41:05,117.33,52.54
2026-08-18T04:41:06,117.83,53.04
2026-08-18T04:41:07,118.37,53.56
2026-08-18T04:41:08,118.75,53.94
2026-08-18T04:41:09,118.6,53.79
2026-08-18T04:41:10,117.76,52.97
2026-08-18T04:41:11,118.22,53.41
2026-08-18T04:41:12,117.94,53.14
2026-08-18T04:41:13,117.64,52.84
2026-08-18T04:41:14,117.97,53.17
2026-08-18T04:41:15,117.42,52.63
2026-08-18T04:41:16,117.0,52.22
2026-08-18T04:41:17,116.92,52.13
2026-08-18T04:41:18,116.68,51.9
2026-08-18T04:41:19,116.55,51.77
2026-08-18T04:41:20,116.56,51.78
2026-08-18T04:41:21,116.57,51.79
2026-08-18T04:41:22,116.94,52.16
2026-08-18T04:41:23,117.84,53.04
2026-08-18T04:41:24,117.58,52.78
2026-08-18T04:41:25,117.41,52.62
2026-08-18T04:41:26,117.17,52.39
2026-08-18T04:41:27,117.89,53.09
2026-08-18T04:41:28,117.87,53.08
2026-08-18T04:41:29,117.06,52.27
2026-08-18T04:41:30,116.82,52.03
2026-08-18T04:41:31,116.96,52.17
2026-08-18T04:41:32,117.06,52.27
2026-08-18T04:41:33,116.49,51.71
2026-08-18T04:41:34,116.45,51.67
2026-08-18T04:41:35,116.65,51.86
2026-08-18T04:41:36,116.79,52.01
2026-08-18T04:41:37,117.04,52.25
2026-08-18T04:41:38,116.58,51.8
2026-08-18T04:41:39,116.19,51.41
2026-08-18T04:41:40,116.14,51.37
2026-08-18T04:41:41,115.58,50.81
2026-08-18T04:41:42,115.28,50.51
2026-08-18T04:41:43,115.56,50.79
2026-08-18T04:41:44,115.67,50.9
2026-08-18T04:41:45,116.0,51.23
2026-08-18T04:41:46,116.69,51.91
2026-08-18T04:41:47,115.56,50.79
2026-08-18T04:41:48,115.1,50.34
2026-08-18T04:41:49,115.07,50.31
2026-08-18T04:41:50,115.0,50.24
2026-08-18T04:41:51,114.86,50.1
2026-08-18T04:41:52,115.28,50.52
2026-08-18T04:41:53,115.06,50.3
2026-08-18T04:41:54,115.19,50.42
2026-08-18T04:41:55,115.04,50.29
2026-08-18T04:41:56,114.49,49.74
2026-08-18T04:41:57,114.35,49.6
2026-08-18T04:41:58,114.7,49.95
2026-08-18T04:41:59,114.65,49.89
2026-08-18T04:42:00,114.92,50.16
2026-08-18T04:42:01,114.78,50.03
2026-08-18T04:42:02,114.75,49.99
2026-08-18T04:42:03,115.73,50.96
2026-08-18T04:42:04,115.67,50.9
2026-08-18T04:42:05,116.29,51.51
2026-08-18T04:42:06,117.25,52.46
2026-08-18T04:42:07,118.26,53.45
2026-08-18T04:42:08,121.21,56.37
2026-08-18T04:42:09,123.43,58.55
2026-08-18T04:42:10,125.4,60.5
2026-08-18T04:42:11,124.72,59.82
2026-08-18T04:42:12,125.35,60.45
2026-08-18T04:42:13,125.54,60.64
2026-08-18T04:42:14,123.84,58.96
2026-08-18T04:42:15,120.83,55.99
2026-08-18T04:42:16,119.25,54.44
2026-08-18T04:42:17,117.93,53.13
2026-08-18T04:42:18,117.97,53.17
2026-08-18T04:42:19,117.07,52.28
2026-08-18T04:42:20,116.99,52.2
2026-08-18T04:42:21,118.34,53.54
2026-08-18T04:42:22,116.34,51.57
2026-08-18T04:42:23,116.18,51.4
2026-08-18T04:42:24,116.37,51.6
2026-08-18T04:42:25,116.5,51.72
2026-08-18T04:42:26,116.48,51.7
2026-08-18T04:42:27,117.88,53.08
2026-08-18T04:42:28,120.72,55.88
2026-08-18T04:42:29,123.0,58.13
2026-08-18T04:42:30,124.59,59.69
2026-08-18T04:42:31,126.15,61.23
2026-08-18T04:42:32,128.5,63.55
2026-08-18T04:42:33,128.09,63.14
2026-08-18T04:42:34,124.92,60.02
2026-08-18T04:42:35,121.26,56.41
2026-08-18T04:42:36,119.49,54.66
2026-08-18T04:42:37,119.15,54.33
2026-08-18T04:42:38,118.4,53.59
2026-08-18T04:42:39,117.67,52.88
2026-08-18T04:42:40,118.54,53.74
2026-08-18T04:42:41,116.5,51.72
2026-08-18T04:42:42,115.69,50.93
2026-08-18T04:42:43,115.18,50.42
2026-08-18T04:42:44,114.86,50.1
2026-08-18T04:42:45,115.25,50.49
2026-08-18T04:42:46,115.12,50.36
2026-08-18T04:42:47,115.06,50.3
2026-08-18T04:42:48,115.85,51.08
2026-08-18T04:42:49,115.55,50.79
2026-08-18T04:42:50,115.48,50.72
2026-08-18T04:42:51,115.9,51.12
2026-08-18T04:42:52,116.22,51.45
2026-08-18T04:42:53,116.37,51.59
2026-08-18T04:42:54,115.84,51.07
2026-08-18T04:42:55,115.32,50.56
2026-08-18T04:42:56,115.66,50.89
2026-08-18T04:42:57,115.54,50.78
2026-08-18T04:42:58,115.54,50.77
2026-08-18T04:42:59,115.84,51.07
2026-08-18T04:43:00,115.9,51.13
2026-08-18T04:43:01,116.18,51.41
2026-08-18T04:43:02,115.84,51.07
2026-08-18T04:43:03,116.23,51.46
2026-08-18T04:43:04,116.31,51.54
2026-08-18T04:43:05,116.12,51.34
2026-08-18T04:43:06,116.27,51.49
2026-08-18T04:43:07,116.04,51.27
2026-08-18T04:43:08,116.28,51.51
2026-08-18T04:43:09,116.03,51.26
2026-08-18T04:43:10,115.79,51.02
2026-08-18T04:43:11,115.82,51.05
2026-08-18T04:43:12,115.62,50.85
2026-08-18T04:43:13,115.54,50.78
2026-08-18T04:43:14,115.79,51.02
2026-08-18T04:43:15,115.94,51.16
2026-08-18T04:43:16,115.84,51.07
2026-08-18T04:43:17,116.05,51.28
2026-08-18T04:43:18,116.06,51.28
2026-08-18T04:43:19,115.93,51.15
2026-08-18T04:43:20,115.92,51.15
2026-08-18T04:43:21,115.85,51.08
2026-08-18T04:43:22,115.85,51.08
2026-08-18T04:43:23,115.91,51.14
2026-08-18T04:43:24,116.52,51.74
2026-08-18T04:43:25,116.87,52.09
2026-08-18T04:43:26,116.88,52.09
2026-08-18T04:43:27,117.48,52.69
2026-08-18T04:43:28,119.34,54.52
2026-08-18T04:43:29,119.3,54.49
2026-08-18T04:43:30,119.14,54.32
2026-08-18T04:43:31,120.19,55.36
2026-08-18T04:43:32,122.04,57.18
2026-08-18T04:43:33,125.96,61.05
2026-08-18T04:43:34,127.96,63.01
2026-08-18T04:43:35,128.32,63.38
2026-08-18T04:43:36,128.72,63.76
2026-08-18T04:43:37,128.14,63.2
2026-08-18T04:43:38,124.95,60.06
2026-08-18T04:43:39,122.23,57.37
2026-08-18T04:43:40,120.6,55.77
2026-08-18T04:43:41,119.29,54.48
2026-08-18T04:43:42,118.11,53.31
2026-08-18T04:43:43,117.36,52.57
2026-08-18T04:43:44,116.28,51.51
2026-08-18T04:43:45,115.76,50.99
2026-08-18T04:43:46,115.71,50.94
2026-08-18T04:43:47,115.75,50.98
2026-08-18T04:43:48,115.4,50.64
2026-08-18T04:43:49,115.42,50.66
2026-08-18T04:43:50,115.54,50.77
2026-08-18T04:43:51,116.17,51.4
2026-08-18T04:43:52,116.51,51.73
2026-08-18T04:43:53,118.04,53.23
2026-08-18T04:43:54,120.49,55.65
2026-08-18T04:43:55,121.47,56.62
2026-08-18T04:43:56,123.21,58.33
2026-08-18T04:43:57,124.84,59.94
2026-08-18T04:43:58,125.64,60.73
2026-08-18T04:43:59,124.23,59.34
2026-08-18T04:44:00,121.52,56.67
2026-08-18T04:44:01,118.42,53.62
2026-08-18T04:44:02,117.17,52.38
2026-08-18T04:44:03,116.78,52.0
2026-08-18T04:44:04,116.73,51.95
2026-08-18T04:44:05,117.04,52.25
2026-08-18T04:44:06,117.24,52.45
2026-08-18T04:44:07,116.61,51.83
2026-08-18T04:44:08,116.72,51.94
2026-08-18T04:44:09,116.87,52.09
2026-08-18T04:44:10,118.37,53.56
2026-08-18T04:44:11,121.92,57.07
2026-08-18T04:44:12,122.6,57.73
2026-08-18T04:44:13,123.67,58.79
2026-08-18T04:44:14,124.55,59.66
2026-08-18T04:44:15,124.48,59.59
2026-08-18T04:44:16,123.77,58.89
2026-08-18T04:44:17,122.43,57.56
2026-08-18T04:44:18,120.3,55.46
2026-08-18T04:44:19,119.1,54.29
2026-08-18T04:44:20,117.76,52.96
2026-08-18T04:44:21,117.63,52.84
2026-08-18T04:44:22,117.05,52.26
2026-08-18T04:44:23,116.55,51.77
2026-08-18T04:44:24,116.03,51.26
2026-08-18T04:44:25,116.11,51.34
2026-08-18T04:44:26,115.11,50.35
2026-08-18T04:44:27,115.23,50.47
2026-08-18T04:44:28,114.66,49.91
2026-08-18T04:44:29,114.92,50.16
2026-08-18T04:44:30,115.95,51.18
2026-08-18T04:44:31,117.42,52.63
2026-08-18T04:44:32,117.58,52.78
2026-08-18T04:44:33,117.43,52.64
2026-08-18T04:44:34,119.35,54.53
2026-08-18T04:44:35,119.75,54.92
2026-08-18T04:44:36,118.41,53.61
2026-08-18T04:44:37,119.26,54.44
2026-08-18T04:44:38,119.32,54.5
2026-08-18T04:44:39,118.9,54.08
2026-08-18T04:44:40,118.78,53.97
2026-08-18T04:44:41,119.56,54.74
2026-08-18T04:44:42,120.21,55.37
2026-08-18T04:44:43,119.28,54.47
2026-08-18T04:44:44,118.26,53.46
2026-08-18T04:44:45,117.92,53.12
2026-08-18T04:44:46,118.27,53.47
2026-08-18T04:44:47,118.58,53.77
2026-08-18T04:44:48,118.95,54.14
2026-08-18T04:44:49,117.97,53.17
2026-08-18T04:44:50,118.26,53.45
2026-08-18T04:44:51,118.16,53.36
2026-08-18T04:44:52,117.81,53.01
2026-08-18T04:44:53,117.35,52.55
2026-08-18T04:44:54,117.66,52.86
2026-08-18T04:44:55,116.5,51.72
2026-08-18T04:44:56,116.31,51.53
2026-08-18T04:44:57,116.27,51.49
2026-08-18T04:44:58,115.86,51.09
2026-08-18T04:44:59,115.94,51.17
2026-08-18T04:45:00,115.57,50.8
2026-08-18T04:45:01,115.99,51.22
2026-08-18T04:45:02,115.87,51.1
2026-08-18T04:45:03,116.61,51.83
2026-08-18T04:45:04,115.82,51.05
2026-08-18T04:45:05,116.15,51.38
2026-08-18T04:45:06,115.89,51.12
2026-08-18T04:45:07,115.41,50.65
2026-08-18T04:45:08,115.55,50.79
2026-08-18T04:45:09,115.73,50.96
2026-08-18T04:45:10,115.59,50.83
2026-08-18T04:45:11,115.7,50.93
2026-08-18T04:45:12,115.89,51.12
2026-08-18T04:45:13,116.32,51.55
2026-08-18T04:45:14,116.53,51.75
2026-08-18T04:45:15,115.88,51.11
2026-08-18T04:45:16,116.35,51.57
2026-08-18T04:45:17,118.3,53.49
2026-08-18T04:45:18,118.44,53.63
2026-08-18T04:45:19,118.09,53.28
2026-08-18T04:45:20,118.39,53.58
2026-08-18T04:45:21,117.65,52.85
2026-08-18T04:45:22,117.97,53.17
2026-08-18T04:45:23,116.83,52.05
2026-08-18T04:45:24,116.09,51.31
2026-08-18T04:45:25,114.93,50.18
2026-08-18T04:45:26,115.04,50.29
2026-08-18T04:45:27,115.11,50.35
2026-08-18T04:45:28,114.89,50.14
2026-08-18T04:45:29,114.73,49.98
2026-08-18T04:45:30,114.86,50.1
2026-08-18T04:45:31,115.44,50.68
2026-08-18T04:45:32,115.32,50.56
2026-08-18T04:45:33,115.4,50.64
2026-08-18T04:45:34,115.22,50.46
2026-08-18T04:45:35,115.14,50.38
2026-08-18T04:45:36,115.09,50.33
2026-08-18T04:45:37,114.97,50.21
2026-08-18T04:45:38,115.47,50.71
2026-08-18T04:45:39,114.69,49.94
2026-08-18T04:45:40,115.6,50.84
2026-08-18T04:45:41,115.75,50.99
2026-08-18T04:45:42,116.2,51.43
2026-08-18T04:45:43,116.27,51.5
2026-08-18T04:45:44,115.93,51.16
2026-08-18T04:45:45,115.85,51.08
2026-08-18T04:45:46,115.51,50.75
2026-08-18T04:45:47,115.98,51.21
2026-08-18T04:45:48,115.63,50.86
2026-08-18T04:45:49,115.72,50.95
2026-08-18T04:45:50,115.97,51.19
2026-08-18T04:45:51,115.61,50.84
2026-08-18T04:45:52,116.07,51.3
2026-08-18T04:45:53,116.08,51.3
2026-08-18T04:45:54,116.1,51.33
2026-08-18T04:45:55,116.41,51.63
2026-08-18T04:45:56,116.65,51.87
2026-08-18T04:45:57,116.38,51.6
2026-08-18T04:45:58,116.94,52.16
2026-08-18T04:45:59,116.81,52.02
2026-08-18T04:46:00,117.21,52.42
2026-08-18T04:46:01,117.17,52.38
2026-08-18T04:46:02,117.12,52.33
2026-08-18T04:46:03,116.63,51.85
2026-08-18T04:46:04,117.37,52.58
2026-08-18T04:46:05,117.75,52.95
2026-08-18T04:46:06,117.75,52.95
2026-08-18T04:46:07,117.26,52.47
2026-08-18T04:46:08,117.53,52.74
2026-08-18T04:46:09,119.24,54.42
2026-08-18T04:46:10,121.39,56.54
2026-08-18T04:46:11,122.51,57.65
2026-08-18T04:46:12,123.26,58.39
2026-08-18T04:46:13,123.78,58.9
2026-08-18T04:46:14,124.45,59.56
2026-08-18T04:46:15,123.38,58.51
2026-08-18T04:46:16,121.79,56.93
2026-08-18T04:46:17,119.97,55.14
2026-08-18T04:46:18,119.21,54.39
2026-08-18T04:46:19,118.0,53.2
2026-08-18T04:46:20,117.49,52.7
2026-08-18T04:46:21,116.29,51.52
2026-08-18T04:46:22,116.74,51.96
2026-08-18T04:46:23,116.82,52.03
2026-08-18T04:46:24,117.0,52.22
2026-08-18T04:46:25,116.99,52.2
2026-08-18T04:46:26,117.44,52.64
2026-08-18T04:46:27,117.47,52.67
2026-08-18T04:46:28,118.89,54.07
2026-08-18T04:46:29,119.58,54.76
2026-08-18T04:46:30,120.97,56.13
2026-08-18T04:46:31,122.27,57.41
2026-08-18T04:46:32,125.92,61.01
2026-08-18T04:46:33,128.11,63.17
2026-08-18T04:46:34,129.83,64.86
2026-08-18T04:46:35,131.4,66.41
2026-08-18T04:46:36,130.67,65.69
2026-08-18T04:46:37,126.42,61.5
2026-08-18T04:46:38,124.12,59.23
2026-08-18T04:46:39,122.35,57.49
2026-08-18T04:46:40,121.02,56.17
2026-08-18T04:46:41,119.54,54.72
2026-08-18T04:46:42,118.94,54.13
2026-08-18T04:46:43,119.99,55.16
2026-08-18T04:46:44,117.62,52.83
2026-08-18T04:46:45,117.51,52.72
2026-08-18T04:46:46,117.83,53.03
2026-08-18T04:46:47,118.61,53.8
2026-08-18T04:46:48,118.75,53.94
2026-08-18T04:46:49,119.81,54.98
2026-08-18T04:46:50,122.79,57.92
2026-08-18T04:46:51,126.17,61.26
2026-08-18T04:46:52,128.02,63.08
2026-08-18T04:46:53,129.19,64.23
2026-08-18T04:46:54,132.43,67.43
2026-08-18T04:46:55,129.44,64.47
2026-08-18T04:46:56,127.05,62.12
2026-08-18T04:46:57,123.7,58.82
2026-08-18T04:46:58,121.31,56.46
2026-08-18T04:46:59,120.27,55.44
2026-08-18T04:47:00,120.14,55.31
2026-08-18T04:47:01,119.86,55.04
2026-08-18T04:47:02,117.89,53.1
2026-08-18T04:47:03,117.09,52.3
2026-08-18T04:47:04,116.99,52.2
2026-08-18T04:47:05,116.5,51.72
2026-08-18T04:47:06,116.34,51.56
2026-08-18T04:47:07,115.92,51.15
2026-08-18T04:47:08,116.01,51.24
2026-08-18T04:47:09,115.85,51.08
2026-08-18T04:47:10,115.69,50.93
2026-08-18T04:47:11,116.1,51.33
2026-08-18T04:47:12,115.75,50.99
2026-08-18T04:47:13,115.7,50.94
2026-08-18T04:47:14,115.92,51.15
2026-08-18T04:47:15,115.77,51.0
2026-08-18T04:47:16,116.37,51.59
2026-08-18T04:47:17,116.03,51.26
2026-08-18T04:47:18,116.21,51.44
2026-08-18T04:47:19,116.61,51.83
2026-08-18T04:47:20,115.71,50.94
2026-08-18T04:47:21,115.53,50.77
2026-08-18T04:47:22,115.65,50.88
2026-08-18T04:47:23,116.01,51.23
2026-08-18T04:47:24,115.76,51.0
2026-08-18T04:47:25,115.67,50.9
2026-08-18T04:47:26,115.94,51.17
2026-08-18T04:47:27,116.07,51.29
2026-08-18T04:47:28,115.85,51.08
2026-08-18T04:47:29,115.7,50.93
2026-08-18T04:47:30,115.68,50.91
2026-08-18T04:47:31,116.11,51.34
2026-08-18T04:47:32,115.56,50.79
2026-08-18T04:47:33,115.07,50.31
2026-08-18T04:47:34,115.07,50.32
2026-08-18T04:47:35,114.84,50.09
2026-08-18T04:47:36,114.54,49.79
2026-08-18T04:47:37,114.87,50.11
2026-08-18T04:47:38,114.7,49.95
2026-08-18T04:47:39,114.93,50.18
2026-08-18T04:47:40,114.45,49.7
2026-08-18T04:47:41,114.54,49.78
2026-08-18T04:47:42,114.46,49.71
2026-08-18T04:47:43,114.92,50.17
2026-08-18T04:47:44,115.36,50.6
2026-08-18T04:47:45,114.61,49.86
2026-08-18T04:47:46,114.63,49.88
2026-08-18T04:47:47,114.65,49.89
2026-08-18T04:47:48,114.46,49.71
2026-08-18T04:47:49,114.37,49.62
2026-08-18T04:47:50,114.66,49.91
2026-08-18T04:47:51,114.29,49.54
2026-08-18T04:47:52,114.37,49.62
2026-08-18T04:47:53,114.35,49.61
2026-08-18T04:47:54,114.38,49.64
2026-08-18T04:47:55,114.54,49.79
2026-08-18T04:47:56,114.2,49.45
2026-08-18T04:47:57,114.45,49.7
2026-08-18T04:47:58,115.5,50.74
2026-08-18T04:47:59,115.19,50.43
2026-08-18T04:48:00,115.9,51.13
2026-08-18T04:48:01,115.4,50.64
2026-08-18T04:48:02,115.52,50.75
2026-08-18T04:48:03,115.84,51.07
2026-08-18T04:48:04,115.67,50.91
2026-08-18T04:48:05,116.01,51.24
2026-08-18T04:48:06,116.26,51.49
2026-08-18T04:48:07,115.42,50.66
2026-08-18T04:48:08,115.61,50.84
2026-08-18T04:48:09,115.46,50.7
2026-08-18T04:48:10,116.19,51.42
2026-08-18T04:48:11,114.67,49.92
2026-08-18T04:48:12,114.71,49.96
2026-08-18T04:48:13,114.35,49.6
2026-08-18T04:48:14,114.82,50.07
2026-08-18T04:48:15,114.69,49.93
2026-08-18T04:48:16,115.26,50.5
2026-08-18T04:48:17,115.18,50.42
2026-08-18T04:48:18,115.15,50.39
2026-08-18T04:48:19,114.91,50.15
2026-08-18T04:48:20,115.3,50.54
2026-08-18T04:48:21,115.58,50.81
2026-08-18T04:48:22,116.02,51.25
2026-08-18T04:48:23,116.03,51.25
2026-08-18T04:48:24,115.71,50.94
2026-08-18T04:48:25,115.99,51.22
2026-08-18T04:48:26,116.18,51.41
2026-08-18T04:48:27,116.98,52.19
2026-08-18T04:48:28,116.65,51.87
2026-08-18T04:48:29,116.64,51.86
2026-08-18T04:48:30,116.56,51.78
2026-08-18T04:48:31,117.0,52.22
2026-08-18T04:48:32,116.46,51.68
2026-08-18T04:48:33,116.46,51.68
2026-08-18T04:48:34,115.8,51.03
2026-08-18T04:48:35,115.77,51.01
2026-08-18T04:48:36,116.38,51.6
2026-08-18T04:48:37,116.2,51.43
2026-08-18T04:48:38,116.82,52.03
2026-08-18T04:48:39,116.43,51.65
2026-08-18T04:48:40,116.25,51.47
2026-08-18T04:48:41,116.25,51.48
2026-08-18T04:48:42,116.0,51.23
2026-08-18T04:48:43,115.89,51.12
2026-08-18T04:48:44,115.73,50.97
2026-08-18T04:48:45,115.65,50.88
2026-08-18T04:48:46,115.61,50.84
2026-08-18T04:48:47,115.59,50.83
2026-08-18T04:48:48,115.52,50.76
2026-08-18T04:48:49,116.11,51.33
2026-08-18T04:48:50,115.88,51.11
2026-08-18T04:48:51,116.35,51.57
2026-08-18T04:48:52,116.5,51.72
2026-08-18T04:48:53,116.78,52.0
2026-08-18T04:48:54,117.2,52.41
2026-08-18T04:48:55,117.71,52.92
2026-08-18T04:48:56,118.46,53.65
2026-08-18T04:48:57,121.32,56.47
2026-08-18T04:48:58,123.99,59.11
2026-08-18T04:48:59,125.45,60.54
2026-08-18T04:49:00,127.17,62.24
2026-08-18T04:49:01,128.44,63.49
2026-08-18T04:49:02,127.4,62.46
2026-08-18T04:49:03,124.59,59.7
2026-08-18T04:49:04,122.05,57.2
2026-08-18T04:49:05,120.47,55.64
2026-08-18T04:49:06,119.41,54.59
2026-08-18T04:49:07,118.22,53.41
2026-08-18T04:49:08,118.39,53.58
2026-08-18T04:49:09,117.25,52.46
2026-08-18T04:49:10,116.89,52.1
2026-08-18T04:49:11,116.52,51.74
2026-08-18T04:49:12,116.67,51.89
2026-08-18T04:49:13,116.37,51.6
2026-08-18T04:49:14,115.72,50.95
2026-08-18T04:49:15,116.33,51.55
2026-08-18T04:49:16,116.31,51.53
2026-08-18T04:49:17,116.99,52.2
2026-08-18T04:49:18,117.72,52.92
2026-08-18T04:49:19,118.12,53.32
2026-08-18T04:49:20,119.5,54.67
2026-08-18T04:49:21,121.14,56.3
2026-08-18T04:49:22,125.92,61.01
2026-08-18T04:49:23,128.75,63.8
2026-08-18T04:49:24,129.35,64.39
2026-08-18T04:49:25,129.92,64.95
2026-08-18T04:49:26,129.7,64.74
2026-08-18T04:49:27,127.58,62.64
2026-08-18T04:49:28,127.07,62.14
2026-08-18T04:49:29,126.88,61.96
2026-08-18T04:49:30,127.21,62.28
2026-08-18T04:49:31,126.83,61.91
2026-08-18T04:49:32,124.27,59.38
2026-08-18T04:49:33,121.61,56.76
2026-08-18T04:49:34,120.33,55.5
2026-08-18T04:49:35,119.07,54.25
2026-08-18T04:49:36,118.13,53.33
2026-08-18T04:49:37,117.43,52.64
2026-08-18T04:49:38,116.82,52.03
2026-08-18T04:49:39,116.09,51.32
2026-08-18T04:49:40,115.55,50.79
2026-08-18T04:49:41,115.86,51.09
2026-08-18T04:49:42,115.67,50.9
2026-08-18T04:49:43,115.45,50.68
2026-08-18T04:49:44,115.17,50.41
2026-08-18T04:49:45,115.4,50.64
2026-08-18T04:49:46,115.24,50.48
2026-08-18T04:49:47,115.35,50.58
2026-08-18T04:49:48,115.4,50.64
2026-08-18T04:49:49,115.94,51.17
2026-08-18T04:49:50,115.45,50.68
2026-08-18T04:49:51,115.91,51.14
2026-08-18T04:49:52,115.63,50.87
2026-08-18T04:49:53,115.68,50.91
2026-08-18T04:49:54,115.43,50.67
2026-08-18T04:49:55,115.49,50.73
2026-08-18T04:49:56,115.83,51.06
2026-08-18T04:49:57,116.23,51.46
2026-08-18T04:49:58,116.33,51.55
2026-08-18T04:49:59,115.49,50.73
2026-08-18T04:50:00,115.47,50.71
2026-08-18T04:50:01,115.4,50.63
2026-08-18T04:50:02,115.55,50.78
2026-08-18T04:50:03,115.4,50.64
2026-08-18T04:50:04,115.74,50.97
2026-08-18T04:50:05,115.34,50.58
2026-08-18T04:50:06,115.47,50.71
2026-08-18T04:50:07,115.16,50.4
2026-08-18T04:50:08,115.07,50.31
2026-08-18T04:50:09,115.58,50.82
2026-08-18T04:50:10,116.11,51.34
2026-08-18T04:50:11,116.13,51.35
2026-08-18T04:50:12,115.95,51.18
2026-08-18T04:50:13,116.19,51.42
2026-08-18T04:50:14,117.13,52.34
2026-08-18T04:50:15,117.39,52.6
2026-08-18T04:50:16,117.52,52.73
2026-08-18T04:50:17,118.16,53.35
2026-08-18T04:50:18,117.97,53.17
2026-08-18T04:50:19,118.24,53.43
2026-08-18T04:50:20,120.17,55.34
2026-08-18T04:50:21,122.2,57.34
2026-08-18T04:50:22,123.94,59.06
2026-08-18T04:50:23,126.92,61.99
2026-08-18T04:50:24,128.5,63.55
2026-08-18T04:50:25,128.34,63.39
2026-08-18T04:50:26,123.27,58.4
2026-08-18T04:50:27,120.05,55.22
2026-08-18T04:50:28,118.06,53.26
2026-08-18T04:50:29,117.11,52.32
2026-08-18T04:50:30,117.19,52.4
2026-08-18T04:50:31,117.29,52.5
2026-08-18T04:50:32,116.33,51.56
2026-08-18T04:50:33,117.74,52.94
2026-08-18T04:50:34,117.67,52.87
2026-08-18T04:50:35,116.75,51.97
2026-08-18T04:50:36,116.86,52.08
2026-08-18T04:50:37,116.91,52.12
2026-08-18T04:50:38,117.06,52.27
2026-08-18T04:50:39,116.36,51.58
2026-08-18T04:50:40,116.28,51.5
2026-08-18T04:50:41,116.82,52.03
2026-08-18T04:50:42,116.8,52.01
2026-08-18T04:50:43,117.0,52.21
2026-08-18T04:50:44,116.58,51.8
2026-08-18T04:50:45,116.77,51.98
2026-08-18T04:50:46,116.93,52.14
2026-08-18T04:50:47,116.15,51.37
2026-08-18T04:50:48,116.4,51.62
2026-08-18T04:50:49,117.59,52.8
2026-08-18T04:50:50,117.77,52.97
2026-08-18T04:50:51,117.8,53.0
2026-08-18T04:50:52,117.04,52.26
2026-08-18T04:50:53,117.58,52.78
2026-08-18T04:50:54,117.61,52.81
2026-08-18T04:50:55,117.34,52.55
2026-08-18T04:50:56,117.12,52.33
2026-08-18T04:50:57,117.13,52.34
2026-08-18T04:50:58,116.85,52.07
2026-08-18T04:50:59,116.78,52.0
2026-08-18T04:51:00,115.9,51.13
2026-08-18T04:51:01,116.25,51.48
2026-08-18T04:51:02,116.02,51.24
2026-08-18T04:51:03,115.51,50.75
2026-08-18T04:51:04,115.77,51.0
2026-08-18T04:51:05,115.84,51.07
2026-08-18T04:51:06,115.74,50.97
2026-08-18T04:51:07,115.58,50.81
2026-08-18T04:51:08,115.63,50.86
2026-08-18T04:51:09,116.41,51.63
2026-08-18T04:51:10,116.02,51.25
2026-08-18T04:51:11,115.89,51.12
2026-08-18T04:51:12,115.88,51.11
2026-08-18T04:51:13,115.61,50.84
2026-08-18T04:51:14,116.01,51.24
2026-08-18T04:51:15,116.52,51.74
2026-08-18T04:51:16,116.74,51.95
2026-08-18T04:51:17,116.48,51.7
2026-08-18T04:51:18,116.26,51.48
2026-08-18T04:51:19,116.05,51.27
2026-08-18T04:51:20,116.06,51.29
2026-08-18T04:51:21,116.49,51.71
2026-08-18T04:51:22,115.97,51.2
2026-08-18T04:51:23,115.69,50.92
2026-08-18T04:51:24,115.55,50.78
2026-08-18T04:51:25,115.46,50.7
2026-08-18T04:51:26,114.86,50.11
2026-08-18T04:51:27,115.39,50.63
2026-08-18T04:51:28,114.57,49.82
2026-08-18T04:51:29,114.44,49.69
2026-08-18T04:51:30,115.04,50.28
2026-08-18T04:51:31,115.38,50.62
2026-08-18T04:51:32,114.85,50.09
2026-08-18T04:51:33,114.17,49.43
2026-08-18T04:51:34,114.61,49.86
2026-08-18T04:51:35,114.56,49.81
2026-08-18T04:51:36,114.41,49.66
2026-08-18T04:51:37,114.61,49.86
2026-08-18T04:51:38,114.39,49.64
2026-08-18T04:51:39,114.58,49.82
2026-08-18T04:51:40,114.41,49.66
2026-08-18T04:51:41,114.3,49.55
2026-08-18T04:51:42,114.27,49.52
2026-08-18T04:51:43,114.93,50.17
2026-08-18T04:51:44,115.17,50.41
2026-08-18T04:51:45,115.8,51.03
2026-08-18T04:51:46,115.43,50.67
2026-08-18T04:51:47,115.15,50.39
2026-08-18T04:51:48,115.36,50.6
2026-08-18T04:51:49,115.13,50.37
2026-08-18T04:51:50,114.63,49.88
2026-08-18T04:51:51,114.55,49.8
2026-08-18T04:51:52,114.94,50.18
2026-08-18T04:51:53,114.66,49.91
2026-08-18T04:51:54,115.16,50.4
2026-08-18T04:51:55,114.91,50.16
2026-08-18T04:51:56,115.25,50.49
2026-08-18T04:51:57,114.78,50.03
2026-08-18T04:51:58,114.42,49.67
2026-08-18T04:51:59,114.44,49.69
2026-08-18T04:52:00,114.71,49.96
2026-08-18T04:52:01,114.69,49.93
2026-08-18T04:52:02,115.63,50.86
2026-08-18T04:52:03,116.16,51.39
2026-08-18T04:52:04,116.45,51.67
2026-08-18T04:52:05,117.08,52.3
2026-08-18T04:52:06,118.42,53.61
2026-08-18T04:52:07,120.1,55.27
2026-08-18T04:52:08,123.54,58.66
2026-08-18T04:52:09,126.68,61.76
2026-08-18T04:52:10,128.36,63.42
2026-08-18T04:52:11,128.67,63.72
2026-08-18T04:52:12,129.07,64.12
2026-08-18T04:52:13,127.49,62.56
2026-08-18T04:52:14,123.22,58.35
2026-08-18T04:52:15,120.76,55.92
2026-08-18T04:52:16,118.99,54.18
2026-08-18T04:52:17,118.36,53.55
2026-08-18T04:52:18,119.99,55.16
2026-08-18T04:52:19,121.27,56.42
2026-08-18T04:52:20,123.09,58.22
2026-08-18T04:52:21,124.53,59.63
2026-08-18T04:52:22,127.14,62.21
2026-08-18T04:52:23,127.4,62.47
2026-08-18T04:52:24,131.65,66.65
2026-08-18T04:52:25,132.89,67.88
2026-08-18T04:52:26,136.69,71.62
2026-08-18T04:52:27,138.9,73.8
2026-08-18T04:52:28,139.17,74.07
2026-08-18T04:52:29,142.87,77.71
2026-08-18T04:52:30,143.3,78.14
2026-08-18T04:52:31,143.45,78.29
2026-08-18T04:52:32,141.0,75.87
2026-08-18T04:52:33,137.7,72.62
2026-08-18T04:52:34,132.97,67.96
2026-08-18T04:52:35,133.25,68.23
2026-08-18T04:52:36,130.43,65.45
2026-08-18T04:52:37,128.33,63.39
2026-08-18T04:52:38,126.8,61.87
2026-08-18T04:52:39,124.88,59.98
2026-08-18T04:52:40,122.81,57.94
2026-08-18T04:52:41,120.35,55.52
2026-08-18T04:52:42,118.55,53.74
2026-08-18T04:52:43,117.23,52.44
2026-08-18T04:52:44,119.54,54.72
2026-08-18T04:52:45,119.57,54.74
2026-08-18T04:52:46,117.81,53.01
2026-08-18T04:52:47,117.34,52.55
2026-08-18T04:52:48,116.87,52.09
2026-08-18T04:52:49,117.21,52.42
2026-08-18T04:52:50,116.83,52.05
2026-08-18T04:52:51,116.01,51.24
2026-08-18T04:52:52,115.71,50.94
2026-08-18T04:52:53,115.86,51.09
2026-08-18T04:52:54,114.98,50.22
2026-08-18T04:52:55,114.81,50.05
2026-08-18T04:52:56,115.05,50.29
2026-08-18T04:52:57,114.55,49.8
2026-08-18T04:52:58,114.35,49.6
2026-08-18T04:52:59,114.62,49.87
2026-08-18T04:53:00,114.53,49.78
2026-08-18T04:53:01,114.2,49.46
2026-08-18T04:53:02,114.33,49.58
2026-08-18T04:53:03,114.51,49.76
2026-08-18T04:53:04,114.26,49.52
2026-08-18T04:53:05,114.59,49.84
2026-08-18T04:53:06,114.29,49.54
2026-08-18T04:53:07,114.59,49.84
2026-08-18T04:53:08,114.47,49.72
2026-08-18T04:53:09,114.49,49.74
2026-08-18T04:53:10,114.52,49.77
2026-08-18T04:53:11,114.85,50.1
2026-08-18T04:53:12,114.51,49.76
2026-08-18T04:53:13,113.78,49.04
2026-08-18T04:53:14,113.96,49.22
2026-08-18T04:53:15,114.13,49.38
2026-08-18T04:53:16,114.17,49.42
2026-08-18T04:53:17,114.28,49.54
2026-08-18T04:53:18,115.24,50.48
2026-08-18T04:53:19,115.32,50.56
2026-08-18T04:53:20,115.18,50.42
2026-08-18T04:53:21,115.67,50.9
2026-08-18T04:53:22,115.79,51.02
2026-08-18T04:53:23,115.0,50.24
2026-08-18T04:53:24,114.85,50.09
2026-08-18T04:53:25,115.41,50.64
2026-08-18T04:53:26,115.33,50.57
2026-08-18T04:53:27,115.35,50.58
2026-08-18T04:53:28,114.59,49.84
2026-08-18T04:53:29,115.01,50.25
2026-08-18T04:53:30,114.79,50.03
2026-08-18T04:53:31,114.67,49.92
2026-08-18T04:53:32,115.03,50.27
2026-08-18T04:53:33,114.95,50.19
2026-08-18T04:53:34,115.24,50.47
2026-08-18T04:53:35,114.9,50.15
2026-08-18T04:53:36,114.37,49.62
2026-08-18T04:53:37,115.36,50.59
2026-08-18T04:53:38,115.8,51.03
2026-08-18T04:53:39,115.88,51.11
2026-08-18T04:53:40,115.87,51.1
2026-08-18T04:53:41,115.83,51.06
2026-08-18T04:53:42,116.02,51.25
2026-08-18T04:53:43,116.23,51.45
2026-08-18T04:53:44,116.0,51.23
2026-08-18T04:53:45,115.35,50.59
2026-08-18T04:53:46,115.4,50.64
2026-08-18T04:53:47,116.16,51.38
2026-08-18T04:53:48,117.29,52.5
2026-08-18T04:53:49,118.03,53.23
2026-08-18T04:53:50,118.43,53.62
2026-08-18T04:53:51,118.86,54.04
2026-08-18T04:53:52,122.68,57.81
2026-08-18T04:53:53,124.6,59.7
2026-08-18T04:53:54,125.26,60.36
2026-08-18T04:53:55,126.55,61.63
2026-08-18T04:53:56,126.74,61.82
2026-08-18T04:53:57,124.88,59.98
2026-08-18T04:53:58,122.07,57.21
2026-08-18T04:53:59,120.31,55.48
2026-08-18T04:54:00,119.32,54.5
2026-08-18T04:54:01,118.72,53.91
2026-08-18T04:54:02,118.01,53.21
2026-08-18T04:54:03,117.42,52.63
2026-08-18T04:54:04,116.95,52.17
2026-08-18T04:54:05,116.61,51.83
2026-08-18T04:54:06,116.15,51.38
2026-08-18T04:54:07,115.91,51.14
2026-08-18T04:54:08,115.92,51.15
2026-08-18T04:54:09,115.64,50.88
2026-08-18T04:54:10,115.54,50.77
2026-08-18T04:54:11,115.82,51.05
2026-08-18T04:54:12,115.73,50.97
2026-08-18T04:54:13,115.78,51.01
2026-08-18T04:54:14,116.03,51.25
2026-08-18T04:54:15,116.23,51.45
2026-08-18T04:54:16,116.67,51.89
2026-08-18T04:54:17,116.24,51.47
2026-08-18T04:54:18,115.15,50.39
2026-08-18T04:54:19,115.87,51.1
2026-08-18T04:54:20,116.42,51.64
2026-08-18T04:54:21,116.57,51.79
2026-08-18T04:54:22,117.13,52.34
2026-08-18T04:54:23,119.06,54.25
2026-08-18T04:54:24,118.52,53.72
2026-08-18T04:54:25,118.06,53.25
2026-08-18T04:54:26,118.71,53.9
2026-08-18T04:54:27,119.49,54.66
2026-08-18T04:54:28,121.37,56.52
2026-08-18T04:54:29,122.53,57.67
2026-08-18T04:54:30,125.95,61.04
2026-08-18T04:54:31,127.82,62.88
2026-08-18T04:54:32,129.39,64.43
2026-08-18T04:54:33,123.75,58.87
2026-08-18T04:54:34,121.16,56.32
2026-08-18T04:54:35,119.8,54.97
2026-08-18T04:54:36,118.84,54.03
2026-08-18T04:54:37,118.79,53.98
2026-08-18T04:54:38,119.64,54.82
2026-08-18T04:54:39,119.09,54.28
2026-08-18T04:54:40,117.91,53.11
2026-08-18T04:54:41,118.52,53.72
2026-08-18T04:54:42,118.63,53.82
2026-08-18T04:54:43,118.93,54.11
2026-08-18T04:54:44,119.88,55.05
2026-08-18T04:54:45,119.85,55.02
2026-08-18T04:54:46,118.58,53.77
2026-08-18T04:54:47,119.48,54.66
2026-08-18T04:54:48,123.38,58.5
2026-08-18T04:54:49,125.99,61.08
2026-08-18T04:54:50,127.97,63.02
2026-08-18T04:54:51,127.75,62.82
2026-08-18T04:54:52,127.68,62.75
2026-08-18T04:54:53,123.87,58.98
2026-08-18T04:54:54,119.77,54.95
2026-08-18T04:54:55,118.28,53.48
2026-08-18T04:54:56,117.97,53.17
2026-08-18T04:54:57,116.81,52.03
2026-08-18T04:54:58,118.15,53.35
2026-08-18T04:54:59,116.17,51.4
2026-08-18T04:55:00,115.44,50.67
2026-08-18T04:55:01,115.8,51.04
2026-08-18T04:55:02,116.14,51.37
2026-08-18T04:55:03,116.54,51.76
2026-08-18T04:55:04,117.01,52.23
2026-08-18T04:55:05,117.84,53.05
2026-08-18T04:55:06,116.92,52.14
2026-08-18T04:55:07,116.71,51.93
2026-08-18T04:55:08,117.27,52.48
2026-08-18T04:55:09,116.35,51.58
2026-08-18T04:55:10,116.31,51.53
2026-08-18T04:55:11,116.5,51.72
2026-08-18T04:55:12,116.04,51.27
2026-08-18T04:55:13,115.17,50.41
2026-08-18T04:55:14,115.82,51.05
2026-08-18T04:55:15,115.14,50.38
2026-08-18T04:55:16,114.98,50.23
2026-08-18T04:55:17,114.76,50.0
2026-08-18T04:55:18,115.06,50.3
2026-08-18T04:55:19,114.56,49.81
2026-08-18T04:55:20,114.2,49.46
2026-08-18T04:55:21,113.81,49.07
2026-08-18T04:55:22,114.12,49.38
2026-08-18T04:55:23,114.44,49.69
2026-08-18T04:55:24,114.08,49.34
2026-08-18T04:55:25,114.71,49.95
2026-08-18T04:55:26,114.29,49.54
2026-08-18T04:55:27,114.82,50.07
2026-08-18T04:55:28,115.02,50.26
2026-08-18T04:55:29,115.29,50.53
2026-08-18T04:55:30,115.84,51.07
2026-08-18T04:55:31,115.47,50.71
2026-08-18T04:55:32,115.11,50.35
2026-08-18T04:55:33,116.08,51.31
2026-08-18T04:55:34,116.82,52.04
2026-08-18T04:55:35,116.65,51.87
2026-08-18T04:55:36,117.57,52.77
2026-08-18T04:55:37,118.93,54.12
2026-08-18T04:55:38,122.06,57.2
2026-08-18T04:55:39,123.81,58.93
2026-08-18T04:55:40,125.18,60.28
2026-08-18T04:55:41,126.77,61.85
2026-08-18T04:55:42,127.48,62.54
2026-08-18T04:55:43,126.42,61.5
2026-08-18T04:55:44,123.99,59.11
2026-08-18T04:55:45,122.41,57.54
2026-08-18T04:55:46,123.7,58.82
2026-08-18T04:55:47,126.97,62.04
2026-08-18T04:55:48,128.2,63.25
2026-08-18T04:55:49,128.32,63.37
2026-08-18T04:55:50,127.61,62.67
2026-08-18T04:55:51,126.97,62.05
2026-08-18T04:55:52,123.25,58.38
2026-08-18T04:55:53,120.19,55.36
2026-08-18T04:55:54,119.69,54.87
2026-08-18T04:55:55,119.4,54.58
2026-08-18T04:55:56,118.92,54.11
2026-08-18T04:55:57,118.79,53.98
2026-08-18T04:55:58,118.89,54.08
2026-08-18T04:55:59,118.22,53.42
2026-08-18T04:56:00,117.57,52.77
2026-08-18T04:56:01,117.72,52.93
2026-08-18T04:56:02,118.34,53.53
2026-08-18T04:56:03,118.14,53.34
2026-08-18T04:56:04,117.18,52.39
2026-08-18T04:56:05,117.27,52.48
2026-08-18T04:56:06,116.54,51.76
2026-08-18T04:56:07,117.15,52.36
2026-08-18T04:56:08,117.4,52.61
2026-08-18T04:56:09,116.66,51.88
2026-08-18T04:56:10,116.68,51.9
2026-08-18T04:56:11,116.81,52.02
2026-08-18T04:56:12,116.93,52.15
2026-08-18T04:56:13,117.58,52.79
2026-08-18T04:56:14,117.44,52.65
2026-08-18T04:56:15,117.68,52.89
2026-08-18T04:56:16,117.54,52.75
2026-08-18T04:56:17,116.94,52.15
2026-08-18T04:56:18,116.79,52.01
2026-08-18T04:56:19,117.24,52.46
2026-08-18T04:56:20,117.23,52.44
2026-08-18T04:56:21,116.46,51.68
2026-08-18T04:56:22,115.76,50.99
2026-08-18T04:56:23,115.31,50.55
2026-08-18T04:56:24,115.66,50.89
2026-08-18T04:56:25,115.69,50.92
2026-08-18T04:56:26,115.75,50.98
2026-08-18T04:56:27,116.45,51.68
2026-08-18T04:56:28,115.81,51.04
2026-08-18T04:56:29,114.93,50.17
2026-08-18T04:56:30,114.89,50.13
2026-08-18T04:56:31,114.99,50.24
2026-08-18T04:56:32,114.87,50.12
2026-08-18T04:56:33,114.73,49.97
2026-08-18T04:56:34,114.68,49.93
2026-08-18T04:56:35,115.19,50.43
2026-08-18T04:56:36,114.65,49.9
2026-08-18T04:56:37,115.11,50.35
2026-08-18T04:56:38,115.15,50.39
2026-08-18T04:56:39,115.62,50.86
2026-08-18T04:56:40,116.3,51.52
2026-08-18T04:56:41,116.71,51.92
2026-08-18T04:56:42,117.1,52.31
2026-08-18T04:56:43,118.17,53.37
2026-08-18T04:56:44,120.17,55.34
2026-08-18T04:56:45,121.25,56.41
2026-08-18T04:56:46,122.58,57.71
2026-08-18T04:56:47,123.44,58.56
2026-08-18T04:56:48,123.58,58.7
2026-08-18T04:56:49,123.98,59.09
2026-08-18T04:56:50,123.29,58.41
2026-08-18T04:56:51,120.85,56.0
2026-08-18T04:56:52,118.8,53.99
2026-08-18T04:56:53,118.0,53.2
2026-08-18T04:56:54,116.91,52.12
2026-08-18T04:56:55,117.23,52.44
2026-08-18T04:56:56,116.32,51.54
2026-08-18T04:56:57,116.77,51.98
2026-08-18T04:56:58,117.61,52.81
2026-08-18T04:56:59,116.63,51.85
2026-08-18T04:57:00,116.98,52.2
2026-08-18T04:57:01,116.5,51.72
2026-08-18T04:57:02,116.49,51.71
2026-08-18T04:57:03,116.5,51.72
2026-08-18T04:57:04,115.88,51.11
2026-08-18T04:57:05,115.62,50.86
2026-08-18T04:57:06,116.23,51.46
2026-08-18T04:57:07,115.34,50.57
2026-08-18T04:57:08,114.62,49.87
2026-08-18T04:57:09,115.0,50.24
2026-08-18T04:57:10,114.88,50.13
2026-08-18T04:57:11,114.78,50.02
2026-08-18T04:57:12,115.61,50.84
2026-08-18T04:57:13,115.33,50.57
2026-08-18T04:57:14,115.71,50.94
2026-08-18T04:57:15,115.19,50.43
2026-08-18T04:57:16,116.04,51.27
2026-08-18T04:57:17,116.23,51.46
2026-08-18T04:57:18,115.92,51.15
2026-08-18T04:57:19,115.73,50.96
2026-08-18T04:57:20,115.92,51.15
2026-08-18T04:57:21,115.48,50.71
2026-08-18T04:57:22,114.63,49.88
2026-08-18T04:57:23,114.35,49.6
2026-08-18T04:57:24,114.43,49.68
2026-08-18T04:57:25,114.16,49.41
2026-08-18T04:57:26,114.43,49.68
2026-08-18T04:57:27,114.28,49.54
2026-08-18T04:57:28,114.6,49.85
2026-08-18T04:57:29,114.19,49.45
2026-08-18T04:57:30,113.91,49.17
2026-08-18T04:57:31,114.58,49.83
2026-08-18T04:57:32,114.56,49.81
2026-08-18T04:57:33,114.34,49.59
2026-08-18T04:57:34,114.07,49.32
2026-08-18T04:57:35,113.84,49.1
2026-08-18T04:57:36,114.12,49.38
2026-08-18T04:57:37,113.34,48.6
2026-08-18T04:57:38,114.26,49.51
2026-08-18T04:57:39,114.18,49.44
2026-08-18T04:57:40,113.68,48.95
2026-08-18T04:57:41,114.01,49.27
2026-08-18T04:57:42,113.58,48.84
2026-08-18T04:57:43,113.55,48.81
2026-08-18T04:57:44,113.37,48.64
2026-08-18T04:57:45,113.17,48.44
2026-08-18T04:57:46,113.76,49.02
2026-08-18T04:57:47,113.28,48.54
2026-08-18T04:57:48,114.23,49.48
2026-08-18T04:57:49,115.13,50.37
2026-08-18T04:57:50,114.64,49.89
2026-08-18T04:57:51,114.49,49.74
2026-08-18T04:57:52,114.55,49.8
2026-08-18T04:57:53,114.03,49.28
2026-08-18T04:57:54,114.26,49.51
2026-08-18T04:57:55,114.78,50.03
2026-08-18T04:57:56,115.15,50.39
2026-08-18T04:57:57,114.87,50.12
2026-08-18T04:57:58,114.36,49.61
2026-08-18T04:57:59,114.26,49.51
2026-08-18T04:58:00,113.65,48.91
2026-08-18T04:58:01,113.72,48.98
2026-08-18T04:58:02,113.97,49.22
2026-08-18T04:58:03,114.15,49.41
2026-08-18T04:58:04,114.04,49.3
2026-08-18T04:58:05,114.35,49.61
2026-08-18T04:58:06,114.5,49.75
2026-08-18T04:58:07,115.3,50.54
2026-08-18T04:58:08,114.89,50.13
2026-08-18T04:58:09,115.1,50.34
2026-08-18T04:58:10,115.74,50.97
2026-08-18T04:58:11,115.98,51.21
2026-08-18T04:58:12,115.47,50.71
2026-08-18T04:58:13,115.7,50.93
2026-08-18T04:58:14,114.94,50.19
2026-08-18T04:58:15,114.94,50.18
2026-08-18T04:58:16,114.5,49.75
2026-08-18T04:58:17,114.74,49.98
2026-08-18T04:58:18,114.78,50.02
2026-08-18T04:58:19,115.26,50.5
2026-08-18T04:58:20,115.02,50.26
2026-08-18T04:58:21,115.61,50.84
2026-08-18T04:58:22,115.54,50.78
2026-08-18T04:58:23,115.11,50.35
2026-08-18T04:58:24,114.53,49.78
2026-08-18T04:58:25,114.33,49.58
2026-08-18T04:58:26,113.82,49.08
2026-08-18T04:58:27,114.28,49.54
2026-08-18T04:58:28,114.72,49.97
2026-08-18T04:58:29,113.89,49.15
2026-08-18T04:58:30,113.84,49.1
2026-08-18T04:58:31,114.72,49.97
2026-08-18T04:58:32,114.5,49.75
2026-08-18T04:58:33,114.93,50.17
2026-08-18T04:58:34,114.86,50.11
2026-08-18T04:58:35,114.52,49.77
2026-08-18T04:58:36,114.07,49.32
2026-08-18T04:58:37,114.64,49.88
2026-08-18T04:58:38,113.98,49.23
2026-08-18T04:58:39,113.94,49.2
2026-08-18T04:58:40,115.05,50.29
2026-08-18T04:58:41,114.79,50.03
2026-08-18T04:58:42,114.88,50.13
2026-08-18T04:58:43,115.31,50.55
2026-08-18T04:58:44,115.28,50.52
2026-08-18T04:58:45,115.46,50.7
2026-08-18T04:58:46,115.39,50.63
2026-08-18T04:58:47,115.93,51.16
2026-08-18T04:58:48,117.07,52.28
2026-08-18T04:58:49,120.14,55.31
2026-08-18T04:58:50,118.01,53.21
2026-08-18T04:58:51,118.27,53.47
2026-08-18T04:58:52,117.57,52.78
2026-08-18T04:58:53,118.99,54.17
2026-08-18T04:58:54,118.02,53.22
2026-08-18T04:58:55,116.56,51.78
2026-08-18T04:58:56,116.75,51.96
2026-08-18T04:58:57,116.77,51.99
2026-08-18T04:58:58,116.65,51.87
2026-08-18T04:58:59,116.42,51.64
2026-08-18T04:59:00,115.86,51.09
2026-08-18T04:59:01,115.82,51.05
2026-08-18T04:59:02,115.7,50.93
2026-08-18T04:59:03,115.12,50.36
2026-08-18T04:59:04,115.4,50.64
2026-08-18T04:59:05,115.22,50.46
2026-08-18T04:59:06,114.64,49.88
2026-08-18T04:59:07,114.61,49.86
2026-08-18T04:59:08,114.89,50.13
2026-08-18T04:59:09,114.86,50.1
2026-08-18T04:59:10,114.59,49.84
2026-08-18T04:59:11,114.81,50.06
2026-08-18T04:59:12,114.38,49.64
2026-08-18T04:59:13,114.78,50.03
2026-08-18T04:59:14,113.77,49.03
2026-08-18T04:59:15,113.9,49.15
2026-08-18T04:59:16,113.86,49.12
2026-08-18T04:59:17,114.08,49.34
2026-08-18T04:59:18,114.32,49.57
2026-08-18T04:59:19,113.64,48.9
2026-08-18T04:59:20,113.87,49.13
2026-08-18T04:59:21,114.17,49.43
2026-08-18T04:59:22,114.14,49.4
2026-08-18T04:59:23,114.33,49.58
2026-08-18T04:59:24,113.74,49.0
2026-08-18T04:59:25,113.74,49.0
2026-08-18T04:59:26,114.02,49.28
2026-08-18T04:59:27,114.12,49.38
2026-08-18T04:59:28,113.73,48.99
2026-08-18T04:59:29,113.92,49.17
2026-08-18T04:59:30,113.24,48.51
2026-08-18T04:59:31,113.88,49.14
2026-08-18T04:59:32,113.94,49.19
2026-08-18T04:59:33,114.12,49.38
2026-08-18T04:59:34,113.84,49.09
2026-08-18T04:59:35,113.45,48.71
2026-08-18T04:59:36,113.5,48.77
2026-08-18T04:59:37,113.09,48.36
2026-08-18T04:59:38,112.74,48.02
2026-08-18T04:59:39,113.22,48.48
2026-08-18T04:59:40,113.23,48.5
2026-08-18T04:59:41,113.52,48.78
2026-08-18T04:59:42,113.25,48.51
2026-08-18T04:59:43,114.04,49.3
2026-08-18T04:59:44,113.84,49.1
2026-08-18T04:59:45,113.58,48.85
2026-08-18T04:59:46,113.87,49.12
2026-08-18T04:59:47,113.39,48.65
2026-08-18T04:59:48,113.82,49.08
2026-08-18T04:59:49,113.96,49.22
2026-08-18T04:59:50,113.4,48.67
2026-08-18T04:59:51,113.48,48.74
2026-08-18T04:59:52,113.42,48.68
2026-08-18T04:59:53,113.06,48.33
2026-08-18T04:59:54,113.34,48.6
2026-08-18T04:59:55,113.49,48.76
2026-08-18T04:59:56,113.42,48.69
2026-08-18T04:59:57,113.76,49.02
2026-08-18T04:59:58,113.53,48.8
2026-08-18T04:59:59,113.88,49.13
2026-08-18T05:00:00,113.43,48.7
2026-08-18T05:00:01,113.24,48.51
2026-08-18T05:00:02,113.38,48.65
2026-08-18T05:00:03,113.34,48.61
2026-08-18T05:00:04,114.06,49.32
2026-08-18T05:00:05,114.72,49.96
2026-08-18T05:00:06,114.65,49.9
2026-08-18T05:00:07,114.0,49.26
2026-08-18T05:00:08,114.17,49.43
2026-08-18T05:00:09,114.6,49.85
2026-08-18T05:00:10,114.85,50.09
2026-08-18T05:00:11,114.59,49.84
2026-08-18T05:00:12,114.39,49.65
2026-08-18T05:00:13,115.18,50.42
2026-08-18T05:00:14,115.31,50.55
2026-08-18T05:00:15,114.97,50.21
2026-08-18T05:00:16,115.03,50.27
2026-08-18T05:00:17,115.4,50.64
2026-08-18T05:00:18,115.21,50.45
2026-08-18T05:00:19,115.65,50.88
2026-08-18T05:00:20,115.05,50.29
2026-08-18T05:00:21,115.22,50.46
2026-08-18T05:00:22,115.16,50.4
2026-08-18T05:00:23,114.73,49.98
2026-08-18T05:00:24,114.76,50.0
2026-08-18T05:00:25,114.25,49.5
2026-08-18T05:00:26,114.09,49.35
2026-08-18T05:00:27,113.75,49.01
2026-08-18T05:00:28,113.4,48.67
2026-08-18T05:00:29,114.0,49.26
2026-08-18T05:00:30,114.34,49.59
2026-08-18T05:00:31,114.0,49.25
2026-08-18T05:00:32,114.05,49.31
2026-08-18T05:00:33,113.81,49.07
2026-08-18T05:00:34,113.84,49.1
2026-08-18T05:00:35,114.08,49.33
2026-08-18T05:00:36,114.26,49.51
2026-08-18T05:00:37,114.23,49.49
2026-08-18T05:00:38,114.7,49.95
2026-08-18T05:00:39,115.8,51.03
2026-08-18T05:00:40,114.02,49.28
2026-08-18T05:00:41,114.08,49.34
2026-08-18T05:00:42,114.26,49.51
2026-08-18T05:00:43,114.49,49.74
2026-08-18T05:00:44,114.83,50.08
2026-08-18T05:00:45,115.14,50.38
2026-08-18T05:00:46,115.69,50.93
2026-08-18T05:00:47,115.57,50.81
2026-08-18T05:00:48,115.29,50.53
2026-08-18T05:00:49,115.85,51.08
2026-08-18T05:00:50,115.73,50.96
2026-08-18T05:00:51,115.57,50.81
2026-08-18T05:00:52,115.41,50.65
2026-08-18T05:00:53,115.53,50.77
2026-08-18T05:00:54,115.39,50.63
2026-08-18T05:00:55,114.66,49.91
2026-08-18T05:00:56,115.63,50.87
2026-08-18T05:00:57,115.28,50.52
2026-08-18T05:00:58,115.22,50.46
2026-08-18T05:00:59,115.27,50.51
2026-08-18T05:01:00,115.82,51.05
2026-08-18T05:01:01,115.6,50.84
2026-08-18T05:01:02,115.49,50.72
2026-08-18T05:01:03,115.59,50.83
2026-08-18T05:01:04,114.82,50.07
2026-08-18T05:01:05,114.5,49.74
2026-08-18T05:01:06,113.82,49.08
2026-08-18T05:01:07,113.85,49.11
2026-08-18T05:01:08,113.68,48.94
2026-08-18T05:01:09,113.3,48.57
2026-08-18T05:01:10,113.27,48.54
2026-08-18T05:01:11,113.65,48.91
2026-08-18T05:01:12,113.63,48.89
2026-08-18T05:01:13,113.43,48.69
2026-08-18T05:01:14,113.3,48.57
2026-08-18T05:01:15,113.26,48.52
2026-08-18T05:01:16,113.82,49.08
2026-08-18T05:01:17,114.02,49.28
2026-08-18T05:01:18,113.83,49.09
2026-08-18T05:01:19,113.89,49.15
2026-08-18T05:01:20,113.65,48.91
2026-08-18T05:01:21,113.76,49.02
2026-08-18T05:01:22,113.9,49.15
2026-08-18T05:01:23,113.92,49.17
2026-08-18T05:01:24,114.17,49.43
2026-08-18T05:01:25,114.18,49.43
2026-08-18T05:01:26,113.85,49.11
2026-08-18T05:01:27,114.38,49.63
2026-08-18T05:01:28,114.32,49.58
2026-08-18T05:01:29,114.49,49.74
2026-08-18T05:01:30,114.07,49.32
2026-08-18T05:01:31,114.05,49.31
2026-08-18T05:01:32,114.18,49.44
2026-08-18T05:01:33,113.84,49.1
2026-08-18T05:01:34,113.77,49.03
2026-08-18T05:01:35,114.2,49.46
2026-08-18T05:01:36,113.74,49.0
2026-08-18T05:01:37,113.9,49.15
2026-08-18T05:01:38,113.74,49.0
2026-08-18T05:01:39,113.8,49.05
2026-08-18T05:01:40,114.13,49.38
2026-08-18T05:01:41,113.63,48.89
2026-08-18T05:01:42,113.87,49.13
2026-08-18T05:01:43,113.75,49.01
2026-08-18T05:01:44,113.88,49.13
2026-08-18T05:01:45,113.87,49.13
2026-08-18T05:01:46,113.93,49.18
2026-08-18T05:01:47,113.6,48.86
2026-08-18T05:01:48,113.26,48.52
2026-08-18T05:01:49,113.41,48.67
2026-08-18T05:01:50,113.46,48.73
2026-08-18T05:01:51,113.28,48.55
2026-08-18T05:01:52,113.93,49.19
2026-08-18T05:01:53,113.67,48.93
2026-08-18T05:01:54,113.4,48.66
2026-08-18T05:01:55,113.9,49.16
2026-08-18T05:01:56,113.57,48.83
2026-08-18T05:01:57,113.59,48.86
2026-08-18T05:01:58,112.95,48.22
2026-08-18T05:01:59,113.34,48.61
2026-08-18T05:02:00,113.32,48.59
2026-08-18T05:02:01,113.56,48.82
2026-08-18T05:02:02,113.31,48.58
2026-08-18T05:02:03,112.84,48.11
2026-08-18T05:02:04,112.97,48.24
2026-08-18T05:02:05,112.56,47.84
2026-08-18T05:02:06,112.77,48.04
2026-08-18T05:02:07,113.12,48.39
2026-08-18T05:02:08,113.07,48.34
2026-08-18T05:02:09,113.22,48.48
2026-08-18T05:02:10,112.74,48.01
2026-08-18T05:02:11,112.83,48.1
2026-08-18T05:02:12,112.93,48.2
2026-08-18T05:02:13,112.64,47.91
2026-08-18T05:02:14,113.18,48.45
2026-08-18T05:02:15,112.87,48.15
2026-08-18T05:02:16,113.01,48.28
2026-08-18T05:02:17,113.24,48.51
2026-08-18T05:02:18,113.11,48.38
2026-08-18T05:02:19,113.51,48.77
2026-08-18T05:02:20,114.19,49.44
2026-08-18T05:02:21,114.01,49.27
2026-08-18T05:02:22,114.14,49.39
2026-08-18T05:02:23,114.05,49.31
2026-08-18T05:02:24,114.19,49.44
2026-08-18T05:02:25,113.99,49.24
2026-08-18T05:02:26,115.03,50.27
2026-08-18T05:02:27,115.36,50.6
2026-08-18T05:02:28,115.73,50.96
2026-08-18T05:02:29,115.81,51.04
2026-08-18T05:02:30,115.82,51.05
2026-08-18T05:02:31,115.96,51.19
2026-08-18T05:02:32,114.0,49.26
2026-08-18T05:02:33,113.72,48.98
2026-08-18T05:02:34,113.59,48.85
2026-08-18T05:02:35,113.93,49.19
2026-08-18T05:02:36,114.65,49.9
2026-08-18T05:02:37,113.77,49.03
2026-08-18T05:02:38,114.87,50.12
2026-08-18T05:02:39,114.91,50.16
2026-08-18T05:02:40,114.98,50.22
2026-08-18T05:02:41,114.89,50.14
2026-08-18T05:02:42,115.89,51.12
2026-08-18T05:02:43,116.07,51.3
2026-08-18T05:02:44,118.26,53.45
2026-08-18T05:02:45,121.05,56.21
2026-08-18T05:02:46,121.48,56.63
2026-08-18T05:02:47,122.89,58.02
2026-08-18T05:02:48,124.03,59.15
2026-08-18T05:02:49,124.58,59.68
2026-08-18T05:02:50,124.1,59.22
2026-08-18T05:02:51,122.39,57.53
2026-08-18T05:02:52,119.03,54.22
2026-08-18T05:02:53,117.96,53.16
2026-08-18T05:02:54,116.57,51.79
2026-08-18T05:02:55,116.2,51.43
2026-08-18T05:02:56,115.41,50.64
2026-08-18T05:02:57,114.65,49.9
2026-08-18T05:02:58,115.27,50.51
2026-08-18T05:02:59,114.63,49.88
2026-08-18T05:03:00,113.81,49.07
2026-08-18T05:03:01,113.95,49.2
2026-08-18T05:03:02,113.87,49.13
2026-08-18T05:03:03,114.36,49.61
2026-08-18T05:03:04,113.79,49.05
2026-08-18T05:03:05,113.82,49.08
2026-08-18T05:03:06,114.86,50.11
2026-08-18T05:03:07,115.4,50.63
2026-08-18T05:03:08,114.02,49.28
2026-08-18T05:03:09,114.13,49.39
2026-08-18T05:03:10,115.87,51.1
2026-08-18T05:03:11,114.87,50.12
2026-08-18T05:03:12,114.26,49.52
2026-08-18T05:03:13,113.75,49.01
2026-08-18T05:03:14,114.14,49.39
2026-08-18T05:03:15,114.39,49.64
2026-08-18T05:03:16,114.25,49.5
2026-08-18T05:03:17,114.19,49.44
2026-08-18T05:03:18,114.12,49.37
2026-08-18T05:03:19,114.3,49.55
2026-08-18T05:03:20,114.02,49.27
2026-08-18T05:03:21,113.85,49.11
2026-08-18T05:03:22,113.93,49.19
2026-08-18T05:03:23,113.75,49.01
2026-08-18T05:03:24,113.29,48.56
2026-08-18T05:03:25,113.11,48.38
2026-08-18T05:03:26,113.49,48.76
2026-08-18T05:03:27,113.61,48.87
2026-08-18T05:03:28,113.6,48.86
2026-08-18T05:03:29,113.82,49.08
2026-08-18T05:03:30,113.98,49.24
2026-08-18T05:03:31,113.3,48.56
2026-08-18T05:03:32,113.3,48.56
2026-08-18T05:03:33,113.99,49.25
2026-08-18T05:03:34,113.35,48.62
2026-08-18T05:03:35,113.61,48.87
2026-08-18T05:03:36,113.75,49.01
2026-08-18T05:03:37,113.32,48.58
2026-08-18T05:03:38,113.53,48.79
2026-08-18T05:03:39,113.3,48.57
2026-08-18T05:03:40,113.46,48.73
2026-08-18T05:03:41,113.46,48.72
2026-08-18T05:03:42,113.59,48.85
2026-08-18T05:03:43,114.04,49.3
2026-08-18T05:03:44,114.66,49.91
2026-08-18T05:03:45,113.84,49.1
2026-08-18T05:03:46,114.08,49.34
2026-08-18T05:03:47,113.81,49.07
2026-08-18T05:03:48,113.56,48.82
2026-08-18T05:03:49,113.79,49.05
2026-08-18T05:03:50,113.94,49.2
2026-08-18T05:03:51,114.07,49.32
2026-08-18T05:03:52,115.7,50.93
2026-08-18T05:03:53,115.76,50.99
2026-08-18T05:03:54,115.89,51.12
2026-08-18T05:03:55,116.04,51.27
2026-08-18T05:03:56,115.36,50.6
2026-08-18T05:03:57,115.59,50.82
2026-08-18T05:03:58,115.99,51.22
2026-08-18T05:03:59,116.52,51.74
2026-08-18T05:04:00,116.36,51.58
2026-08-18T05:04:01,116.53,51.75
2026-08-18T05:04:02,116.5,51.72
2026-08-18T05:04:03,116.82,52.04
2026-08-18T05:04:04,116.58,51.8
2026-08-18T05:04:05,116.99,52.2
2026-08-18T05:04:06,118.0,53.2
2026-08-18T05:04:07,118.33,53.53
2026-08-18T05:04:08,118.27,53.46
2026-08-18T05:04:09,117.17,52.38
2026-08-18T05:04:10,116.56,51.78
2026-08-18T05:04:11,116.25,51.48
2026-08-18T05:04:12,116.23,51.45
2026-08-18T05:04:13,115.82,51.05
2026-08-18T05:04:14,116.16,51.39
2026-08-18T05:04:15,115.89,51.12
2026-08-18T05:04:16,115.5,50.74
2026-08-18T05:04:17,115.86,51.09
2026-08-18T05:04:18,116.95,52.16
2026-08-18T05:04:19,115.49,50.73
2026-08-18T05:04:20,115.34,50.58
2026-08-18T05:04:21,115.6,50.83
2026-08-18T05:04:22,114.72,49.97
2026-08-18T05:04:23,114.77,50.01
2026-08-18T05:04:24,114.44,49.69
2026-08-18T05:04:25,115.16,50.4
2026-08-18T05:04:26,115.49,50.72
2026-08-18T05:04:27,115.51,50.74
2026-08-18T05:04:28,115.25,50.48
2026-08-18T05:04:29,115.22,50.46
2026-08-18T05:04:30,114.72,49.96
2026-08-18T05:04:31,114.68,49.93
2026-08-18T05:04:32,114.79,50.03
2026-08-18T05:04:33,114.9,50.14
2026-08-18T05:04:34,114.14,49.4
2026-08-18T05:04:35,113.93,49.18
2026-08-18T05:04:36,114.1,49.35
2026-08-18T05:04:37,113.88,49.14
2026-08-18T05:04:38,115.63,50.87
2026-08-18T05:04:39,115.33,50.56
2026-08-18T05:04:40,115.28,50.52
2026-08-18T05:04:41,114.83,50.08
2026-08-18T05:04:42,116.36,51.58
2026-08-18T05:04:43,117.11,52.33
2026-08-18T05:04:44,116.16,51.38
2026-08-18T05:04:45,115.95,51.18
2026-08-18T05:04:46,115.85,51.08
2026-08-18T05:04:47,115.32,50.56
2026-08-18T05:04:48,114.68,49.93
2026-08-18T05:04:49,114.94,50.19
2026-08-18T05:04:50,115.47,50.7
2026-08-18T05:04:51,114.98,50.22
2026-08-18T05:04:52,115.25,50.49
2026-08-18T05:04:53,114.2,49.45
2026-08-18T05:04:54,114.04,49.3
2026-08-18T05:04:55,114.26,49.51
2026-08-18T05:04:56,114.37,49.62
2026-08-18T05:04:57,114.22,49.47
2026-08-18T05:04:58,113.94,49.2
2026-08-18T05:04:59,113.51,48.77
2026-08-18T05:05:00,113.79,49.05
2026-08-18T05:05:01,113.78,49.04
2026-08-18T05:05:02,113.51,48.78
2026-08-18T05:05:03,113.03,48.3
2026-08-18T05:05:04,113.75,49.01
2026-08-18T05:05:05,113.72,48.98
2026-08-18T05:05:06,113.64,48.9
2026-08-18T05:05:07,113.63,48.89
2026-08-18T05:05:08,113.17,48.44
2026-08-18T05:05:09,113.63,48.89
2026-08-18T05:05:10,113.53,48.79
2026-08-18T05:05:11,114.01,49.27
2026-08-18T05:05:12,113.33,48.6
2026-08-18T05:05:13,113.14,48.41
2026-08-18T05:05:14,113.15,48.42
2026-08-18T05:05:15,113.19,48.46
2026-08-18T05:05:16,113.64,48.9
2026-08-18T05:05:17,113.59,48.85
2026-08-18T05:05:18,113.19,48.46
2026-08-18T05:05:19,113.8,49.06
2026-08-18T05:05:20,113.31,48.58
2026-08-18T05:05:21,113.52,48.78
2026-08-18T05:05:22,113.8,49.06
2026-08-18T05:05:23,114.48,49.73
2026-08-18T05:05:24,115.52,50.75
2026-08-18T05:05:25,114.78,50.03
2026-08-18T05:05:26,114.88,50.13
2026-08-18T05:05:27,114.44,49.69
2026-08-18T05:05:28,113.91,49.17
2026-08-18T05:05:29,113.65,48.91
2026-08-18T05:05:30,113.51,48.78
2026-08-18T05:05:31,113.8,49.06
2026-08-18T05:05:32,113.98,49.24
2026-08-18T05:05:33,114.2,49.45
2026-08-18T05:05:34,113.45,48.71
2026-08-18T05:05:35,113.96,49.22
2026-08-18T05:05:36,114.22,49.47
2026-08-18T05:05:37,114.37,49.62
2026-08-18T05:05:38,114.21,49.46
2026-08-18T05:05:39,114.39,49.64
2026-08-18T05:05:40,114.34,49.59
2026-08-18T05:05:41,114.55,49.79
2026-08-18T05:05:42,114.92,50.16
2026-08-18T05:05:43,114.38,49.63
2026-08-18T05:05:44,114.83,50.07
2026-08-18T05:05:45,114.51,49.76
2026-08-18T05:05:46,114.81,50.05
2026-08-18T05:05:47,114.4,49.65
2026-08-18T05:05:48,114.94,50.19
2026-08-18T05:05:49,114.2,49.45
2026-08-18T05:05:50,114.26,49.52
2026-08-18T05:05:51,114.59,49.84
2026-08-18T05:05:52,115.22,50.46
2026-08-18T05:05:53,115.74,50.97
2026-08-18T05:05:54,115.67,50.9
2026-08-18T05:05:55,116.36,51.58
2026-08-18T05:05:56,116.41,51.63
2026-08-18T05:05:57,116.03,51.26
2026-08-18T05:05:58,115.66,50.89
2026-08-18T05:05:59,116.25,51.47
2026-08-18T05:06:00,116.36,51.59
2026-08-18T05:06:01,117.66,52.86
2026-08-18T05:06:02,117.38,52.59
2026-08-18T05:06:03,117.48,52.68
2026-08-18T05:06:04,118.31,53.5
2026-08-18T05:06:05,117.39,52.6
2026-08-18T05:06:06,115.93,51.16
2026-08-18T05:06:07,115.39,50.63
2026-08-18T05:06:08,115.35,50.59
2026-08-18T05:06:09,115.34,50.58
2026-08-18T05:06:10,115.23,50.47
2026-08-18T05:06:11,115.08,50.32
2026-08-18T05:06:12,115.31,50.55
2026-08-18T05:06:13,115.21,50.45
2026-08-18T05:06:14,114.89,50.14
2026-08-18T05:06:15,115.22,50.45
2026-08-18T05:06:16,115.5,50.73
2026-08-18T05:06:17,116.35,51.57
2026-08-18T05:06:18,116.13,51.36
2026-08-18T05:06:19,116.37,51.59
2026-08-18T05:06:20,116.71,51.92
2026-08-18T05:06:21,117.21,52.42
2026-08-18T05:06:22,117.81,53.01
2026-08-18T05:06:23,118.47,53.66
2026-08-18T05:06:24,119.76,54.94
2026-08-18T05:06:25,122.19,57.33
2026-08-18T05:06:26,125.23,60.33
2026-08-18T05:06:27,127.39,62.46
2026-08-18T05:06:28,127.96,63.02
2026-08-18T05:06:29,127.66,62.72
2026-08-18T05:06:30,126.97,62.04
2026-08-18T05:06:31,125.22,60.31
2026-08-18T05:06:32,121.03,56.18
2026-08-18T05:06:33,120.35,55.52
2026-08-18T05:06:34,119.21,54.39
2026-08-18T05:06:35,119.19,54.37
2026-08-18T05:06:36,117.84,53.04
2026-08-18T05:06:37,118.69,53.88
2026-08-18T05:06:38,117.43,52.63
2026-08-18T05:06:39,116.64,51.86
2026-08-18T05:06:40,116.64,51.86
2026-08-18T05:06:41,117.61,52.82
2026-08-18T05:06:42,118.77,53.96
2026-08-18T05:06:43,119.43,54.61
2026-08-18T05:06:44,119.0,54.18
2026-08-18T05:06:45,118.63,53.82
2026-08-18T05:06:46,118.96,54.15
2026-08-18T05:06:47,120.05,55.22
2026-08-18T05:06:48,120.49,55.66
2026-08-18T05:06:49,121.19,56.35
2026-08-18T05:06:50,124.03,59.14
2026-08-18T05:06:51,125.98,61.06
2026-08-18T05:06:52,127.68,62.75
2026-08-18T05:06:53,128.47,63.52
2026-08-18T05:06:54,130.45,65.47
2026-08-18T05:06:55,128.59,63.64
2026-08-18T05:06:56,126.93,62.0
2026-08-18T05:06:57,125.4,60.49
2026-08-18T05:06:58,121.8,56.95
2026-08-18T05:06:59,120.23,55.39
2026-08-18T05:07:00,119.75,54.92
2026-08-18T05:07:01,118.63,53.82
2026-08-18T05:07:02,118.19,53.38
2026-08-18T05:07:03,117.44,52.65
2026-08-18T05:07:04,117.01,52.22
2026-08-18T05:07:05,116.48,51.7
2026-08-18T05:07:06,116.09,51.31
2026-08-18T05:07:07,117.42,52.62
2026-08-18T05:07:08,119.52,54.7
2026-08-18T05:07:09,120.08,55.25
2026-08-18T05:07:10,119.67,54.85
2026-08-18T05:07:11,118.96,54.14
2026-08-18T05:07:12,115.48,50.72
2026-08-18T05:07:13,115.13,50.38
2026-08-18T05:07:14,115.12,50.36
2026-08-18T05:07:15,115.3,50.54
2026-08-18T05:07:16,115.56,50.8
2026-08-18T05:07:17,115.23,50.47
2026-08-18T05:07:18,115.23,50.47
2026-08-18T05:07:19,115.21,50.45
2026-08-18T05:07:20,114.77,50.02
2026-08-18T05:07:21,114.99,50.23
2026-08-18T05:07:22,115.23,50.47
2026-08-18T05:07:23,115.15,50.39
2026-08-18T05:07:24,115.74,50.97
2026-08-18T05:07:25,115.15,50.39
2026-08-18T05:07:26,114.79,50.03
2026-08-18T05:07:27,114.8,50.04
2026-08-18T05:07:28,114.66,49.91
2026-08-18T05:07:29,114.95,50.2
2026-08-18T05:07:30,115.07,50.31
2026-08-18T05:07:31,115.94,51.17
2026-08-18T05:07:32,117.05,52.27
2026-08-18T05:07:33,117.71,52.91
2026-08-18T05:07:34,118.07,53.27
2026-08-18T05:07:35,120.72,55.88
2026-08-18T05:07:36,124.26,59.37
2026-08-18T05:07:37,126.62,61.7
2026-08-18T05:07:38,127.95,63.01
2026-08-18T05:07:39,128.53,63.58
2026-08-18T05:07:40,126.77,61.85
2026-08-18T05:07:41,123.1,58.22
2026-08-18T05:07:42,121.41,56.57
2026-08-18T05:07:43,119.88,55.05
2026-08-18T05:07:44,118.88,54.06
2026-08-18T05:07:45,118.23,53.43
2026-08-18T05:07:46,117.65,52.85
2026-08-18T05:07:47,117.2,52.41
2026-08-18T05:07:48,116.3,51.52
2026-08-18T05:07:49,115.31,50.55
2026-08-18T05:07:50,115.22,50.45
2026-08-18T05:07:51,114.46,49.71
2026-08-18T05:07:52,114.38,49.63
2026-08-18T05:07:53,114.74,49.98
2026-08-18T05:07:54,115.18,50.42
2026-08-18T05:07:55,115.05,50.29
2026-08-18T05:07:56,114.58,49.82
2026-08-18T05:07:57,114.57,49.82
2026-08-18T05:07:58,114.7,49.94
2026-08-18T05:07:59,114.02,49.28
2026-08-18T05:08:00,114.79,50.04
2026-08-18T05:08:01,114.34,49.59
2026-08-18T05:08:02,113.64,48.91
2026-08-18T05:08:03,114.19,49.45
2026-08-18T05:08:04,114.78,50.02
2026-08-18T05:08:05,114.62,49.87
2026-08-18T05:08:06,114.98,50.23
2026-08-18T05:08:07,114.42,49.67
2026-08-18T05:08:08,115.46,50.7
2026-08-18T05:08:09,114.71,49.96
2026-08-18T05:08:10,114.6,49.84
2026-08-18T05:08:11,114.55,49.8
2026-08-18T05:08:12,114.37,49.62
2026-08-18T05:08:13,114.69,49.94
2026-08-18T05:08:14,114.86,50.1
2026-08-18T05:08:15,114.9,50.14
2026-08-18T05:08:16,115.1,50.34
2026-08-18T05:08:17,114.67,49.92
2026-08-18T05:08:18,114.42,49.67
2026-08-18T05:08:19,114.56,49.81
2026-08-18T05:08:20,114.31,49.56
2026-08-18T05:08:21,114.75,49.99
2026-08-18T05:08:22,114.9,50.14
2026-08-18T05:08:23,115.26,50.5
2026-08-18T05:08:24,114.94,50.18
2026-08-18T05:08:25,115.21,50.45
2026-08-18T05:08:26,115.16,50.4
2026-08-18T05:08:27,114.55,49.8
2026-08-18T05:08:28,115.31,50.55
2026-08-18T05:08:29,115.15,50.39
2026-08-18T05:08:30,116.11,51.34
2026-08-18T05:08:31,117.62,52.83
2026-08-18T05:08:32,117.95,53.15
2026-08-18T05:08:33,118.92,54.11
2026-08-18T05:08:34,119.76,54.93
2026-08-18T05:08:35,122.88,58.01
2026-08-18T05:08:36,124.27,59.38
2026-08-18T05:08:37,125.89,60.98
2026-08-18T05:08:38,126.86,61.93
2026-08-18T05:08:39,128.27,63.33
2026-08-18T05:08:40,126.51,61.59
2026-08-18T05:08:41,124.2,59.31
2026-08-18T05:08:42,120.93,56.08
2026-08-18T05:08:43,119.96,55.14
2026-08-18T05:08:44,118.7,53.89
2026-08-18T05:08:45,117.99,53.19
2026-08-18T05:08:46,117.42,52.63
2026-08-18T05:08:47,116.96,52.18
2026-08-18T05:08:48,116.7,51.92
2026-08-18T05:08:49,116.5,51.72
2026-08-18T05:08:50,115.68,50.91
2026-08-18T05:08:51,115.55,50.79
2026-08-18T05:08:52,115.24,50.48
2026-08-18T05:08:53,114.87,50.11
2026-08-18T05:08:54,115.52,50.76
2026-08-18T05:08:55,115.33,50.57
2026-08-18T05:08:56,115.11,50.35
2026-08-18T05:08:57,115.39,50.62
2026-08-18T05:08:58,115.19,50.43
2026-08-18T05:08:59,114.99,50.23
2026-08-18T05:09:00,114.99,50.23
2026-08-18T05:09:01,114.84,50.09
2026-08-18T05:09:02,114.77,50.01
2026-08-18T05:09:03,115.55,50.79
2026-08-18T05:09:04,115.63,50.86
2026-08-18T05:09:05,115.2,50.44
2026-08-18T05:09:06,115.69,50.93
2026-08-18T05:09:07,116.25,51.47
2026-08-18T05:09:08,116.88,52.1
2026-08-18T05:09:09,116.11,51.34
2026-08-18T05:09:10,117.28,52.49
2026-08-18T05:09:11,117.7,52.91
2026-08-18T05:09:12,117.95,53.15
2026-08-18T05:09:13,119.71,54.89
2026-08-18T05:09:14,119.42,54.6
2026-08-18T05:09:15,120.56,55.73
2026-08-18T05:09:16,120.84,56.0
2026-08-18T05:09:17,122.65,57.79
2026-08-18T05:09:18,124.76,59.87
2026-08-18T05:09:19,127.6,62.67
2026-08-18T05:09:20,129.56,64.6
2026-08-18T05:09:21,131.41,66.42
2026-08-18T05:09:22,135.93,70.87
2026-08-18T05:09:23,139.51,74.4
2026-08-18T05:09:24,144.03,78.86
2026-08-18T05:09:25,145.98,80.78
2026-08-18T05:09:26,144.15,78.98
2026-08-18T05:09:27,140.94,75.81
2026-08-18T05:09:28,139.03,73.93
2026-08-18T05:09:29,136.63,71.56
2026-08-18T05:09:30,133.67,68.65
2026-08-18T05:09:31,132.69,67.68
2026-08-18T05:09:32,129.7,64.74
2026-08-18T05:09:33,128.4,63.45
2026-08-18T05:09:34,126.3,61.38
2026-08-18T05:09:35,125.52,60.61
2026-08-18T05:09:36,124.26,59.37
2026-08-18T05:09:37,123.05,58.17
2026-08-18T05:09:38,123.44,58.57
2026-08-18T05:09:39,125.65,60.74
2026-08-18T05:09:40,127.37,62.43
2026-08-18T05:09:41,127.78,62.84
2026-08-18T05:09:42,128.47,63.52
2026-08-18T05:09:43,127.86,62.91
2026-08-18T05:09:44,126.34,61.42
2026-08-18T05:09:45,123.35,58.47
2026-08-18T05:09:46,122.11,57.25
2026-08-18T05:09:47,120.74,55.9
2026-08-18T05:09:48,120.18,55.35
2026-08-18T05:09:49,119.48,54.66
2026-08-18T05:09:50,118.84,54.02
2026-08-18T05:09:51,119.18,54.37
2026-08-18T05:09:52,118.39,53.58
2026-08-18T05:09:53,117.21,52.42
2026-08-18T05:09:54,117.12,52.33
2026-08-18T05:09:55,116.92,52.14
2026-08-18T05:09:56,116.45,51.67
2026-08-18T05:09:57,117.19,52.4
2026-08-18T05:09:58,116.43,51.65
2026-08-18T05:09:59,116.23,51.46
2026-08-18T05:10:00,116.7,51.91
2026-08-18T05:10:01,116.5,51.72
2026-08-18T05:10:02,116.45,51.67
2026-08-18T05:10:03,116.22,51.45
2026-08-18T05:10:04,115.5,50.74
2026-08-18T05:10:05,115.26,50.5
2026-08-18T05:10:06,116.08,51.31
2026-08-18T05:10:07,116.29,51.51
2026-08-18T05:10:08,116.02,51.25
2026-08-18T05:10:09,116.59,51.81
2026-08-18T05:10:10,116.59,51.81
2026-08-18T05:10:11,116.96,52.17
2026-08-18T05:10:12,117.39,52.6
2026-08-18T05:10:13,118.55,53.74
2026-08-18T05:10:14,120.03,55.2
2026-08-18T05:10:15,120.71,55.88
2026-08-18T05:10:16,119.64,54.81
2026-08-18T05:10:17,118.97,54.15
2026-08-18T05:10:18,120.25,55.42
2026-08-18T05:10:19,120.4,55.57
2026-08-18T05:10:20,120.27,55.44
2026-08-18T05:10:21,119.81,54.98
2026-08-18T05:10:22,119.11,54.3
2026-08-18T05:10:23,117.15,52.36
2026-08-18T05:10:24,117.8,53.0
2026-08-18T05:10:25,118.36,53.55
2026-08-18T05:10:26,118.06,53.26
2026-08-18T05:10:27,119.01,54.2
2026-08-18T05:10:28,119.43,54.61
2026-08-18T05:10:29,118.25,53.45
2026-08-18T05:10:30,118.26,53.45
2026-08-18T05:10:31,116.61,51.82
2026-08-18T05:10:32,115.76,50.99
2026-08-18T05:10:33,116.54,51.76
2026-08-18T05:10:34,115.56,50.79
2026-08-18T05:10:35,115.73,50.96
2026-08-18T05:10:36,115.48,50.71
2026-08-18T05:10:37,115.09,50.33
2026-08-18T05:10:38,115.31,50.55
2026-08-18T05:10:39,115.08,50.33
2026-08-18T05:10:40,115.15,50.39
2026-08-18T05:10:41,116.02,51.25
2026-08-18T05:10:42,116.38,51.6
2026-08-18T05:10:43,117.23,52.44
2026-08-18T05:10:44,117.11,52.32
2026-08-18T05:10:45,117.13,52.34
2026-08-18T05:10:46,116.98,52.2
2026-08-18T05:10:47,117.45,52.66
2026-08-18T05:10:48,117.85,53.05
2026-08-18T05:10:49,118.35,53.55
2026-08-18T05:10:50,118.41,53.61
2026-08-18T05:10:51,118.14,53.34
2026-08-18T05:10:52,117.06,52.28
2026-08-18T05:10:53,116.27,51.5
2026-08-18T05:10:54,116.23,51.45
2026-08-18T05:10:55,116.52,51.74
2026-08-18T05:10:56,115.79,51.02
2026-08-18T05:10:57,115.89,51.12
2026-08-18T05:10:58,116.06,51.29
2026-08-18T05:10:59,116.09,51.31
2026-08-18T05:11:00,117.08,52.29
2026-08-18T05:11:01,117.23,52.45
2026-08-18T05:11:02,118.05,53.25
2026-08-18T05:11:03,116.42,51.64
2026-08-18T05:11:04,116.24,51.46
2026-08-18T05:11:05,115.21,50.45
2026-08-18T05:11:06,116.69,51.91
2026-08-18T05:11:07,116.52,51.74
2026-08-18T05:11:08,116.9,52.12
2026-08-18T05:11:09,116.82,52.04
2026-08-18T05:11:10,115.87,51.1
2026-08-18T05:11:11,115.55,50.78
2026-08-18T05:11:12,115.66,50.89
2026-08-18T05:11:13,116.01,51.23
2026-08-18T05:11:14,116.18,51.4
2026-08-18T05:11:15,116.52,51.74
2026-08-18T05:11:16,116.35,51.57
2026-08-18T05:11:17,116.69,51.91
2026-08-18T05:11:18,116.14,51.37
2026-08-18T05:11:19,116.25,51.48
2026-08-18T05:11:20,115.88,51.11
2026-08-18T05:11:21,115.66,50.89
2026-08-18T05:11:22,115.31,50.54
2026-08-18T05:11:23,115.35,50.59
2026-08-18T05:11:24,115.76,50.99
2026-08-18T05:11:25,115.45,50.68
2026-08-18T05:11:26,115.4,50.64
2026-08-18T05:11:27,115.47,50.71
2026-08-18T05:11:28,114.86,50.11
2026-08-18T05:11:29,114.65,49.9
2026-08-18T05:11:30,115.47,50.71
2026-08-18T05:11:31,114.97,50.21
2026-08-18T05:11:32,115.08,50.32
2026-08-18T05:11:33,115.12,50.36
2026-08-18T05:11:34,115.74,50.97
2026-08-18T05:11:35,116.09,51.32
2026-08-18T05:11:36,116.06,51.28
2026-08-18T05:11:37,115.75,50.98
2026-08-18T05:11:38,115.93,51.16
2026-08-18T05:11:39,115.4,50.63
2026-08-18T05:11:40,115.15,50.39
2026-08-18T05:11:41,115.41,50.65
2026-08-18T05:11:42,115.15,50.39
2026-08-18T05:11:43,115.48,50.71
2026-08-18T05:11:44,115.75,50.98
2026-08-18T05:11:45,116.18,51.41
2026-08-18T05:11:46,116.65,51.87
2026-08-18T05:11:47,118.07,53.27
2026-08-18T05:11:48,118.36,53.56
2026-08-18T05:11:49,116.7,51.91
2026-08-18T05:11:50,115.72,50.95
2026-08-18T05:11:51,117.24,52.45
2026-08-18T05:11:52,116.02,51.25
2026-08-18T05:11:53,116.17,51.39
2026-08-18T05:11:54,115.52,50.76
2026-08-18T05:11:55,115.67,50.9
2026-08-18T05:11:56,115.72,50.96
2026-08-18T05:11:57,115.56,50.79
2026-08-18T05:11:58,115.67,50.91
2026-08-18T05:11:59,115.64,50.88
2026-08-18T05:12:00,116.21,51.44
2026-08-18T05:12:01,116.11,51.34
2026-08-18T05:12:02,117.08,52.29
2026-08-18T05:12:03,118.12,53.32
2026-08-18T05:12:04,121.47,56.62
2026-08-18T05:12:05,123.2,58.33
2026-08-18T05:12:06,125.02,60.12
2026-08-18T05:12:07,125.49,60.58
2026-08-18T05:12:08,125.25,60.34
2026-08-18T05:12:09,124.28,59.4
2026-08-18T05:12:10,122.01,57.15
2026-08-18T05:12:11,119.65,54.83
2026-08-18T05:12:12,118.58,53.77
2026-08-18T05:12:13,117.96,53.16
2026-08-18T05:12:14,117.25,52.46
2026-08-18T05:12:15,117.22,52.43
2026-08-18T05:12:16,116.92,52.13
2026-08-18T05:12:17,116.31,51.53
2026-08-18T05:12:18,116.45,51.67
2026-08-18T05:12:19,116.73,51.95
2026-08-18T05:12:20,115.47,50.7
2026-08-18T05:12:21,115.81,51.04
2026-08-18T05:12:22,116.16,51.38
2026-08-18T05:12:23,115.94,51.17
2026-08-18T05:12:24,115.48,50.72
2026-08-18T05:12:25,115.1,50.34
2026-08-18T05:12:26,115.98,51.21
2026-08-18T05:12:27,116.07,51.3
2026-08-18T05:12:28,116.34,51.57
2026-08-18T05:12:29,116.63,51.85
2026-08-18T05:12:30,116.4,51.62
2026-08-18T05:12:31,116.39,51.61
2026-08-18T05:12:32,116.32,51.54
2026-08-18T05:12:33,115.69,50.92
2026-08-18T05:12:34,116.0,51.22
2026-08-18T05:12:35,116.53,51.75
2026-08-18T05:12:36,116.18,51.4
2026-08-18T05:12:37,115.87,51.1
2026-08-18T05:12:38,116.07,51.3
2026-08-18T05:12:39,116.03,51.26
2026-08-18T05:12:40,115.97,51.2
2026-08-18T05:12:41,116.18,51.4
2026-08-18T05:12:42,115.99,51.22
2026-08-18T05:12:43,115.31,50.55
2026-08-18T05:12:44,114.99,50.24
2026-08-18T05:12:45,115.7,50.93
2026-08-18T05:12:46,115.44,50.68
2026-08-18T05:12:47,116.02,51.25
2026-08-18T05:12:48,116.43,51.65
2026-08-18T05:12:49,116.03,51.25
2026-08-18T05:12:50,116.29,51.52
2026-08-18T05:12:51,116.0,51.23
2026-08-18T05:12:52,116.22,51.44
2026-08-18T05:12:53,116.61,51.83
2026-08-18T05:12:54,116.55,51.77
2026-08-18T05:12:55,116.5,51.72
2026-08-18T05:12:56,116.71,51.93
2026-08-18T05:12:57,116.62,51.84
2026-08-18T05:12:58,117.48,52.69
2026-08-18T05:12:59,117.33,52.54
2026-08-18T05:13:00,116.63,51.85
2026-08-18T05:13:01,116.89,52.11
2026-08-18T05:13:02,116.25,51.48
2026-08-18T05:13:03,117.02,52.23
2026-08-18T05:13:04,117.05,52.26
2026-08-18T05:13:05,116.8,52.02
2026-08-18T05:13:06,117.19,52.4
2026-08-18T05:13:07,117.82,53.02
2026-08-18T05:13:08,117.2,52.41
2026-08-18T05:13:09,117.24,52.45
2026-08-18T05:13:10,117.61,52.82
2026-08-18T05:13:11,118.15,53.34
2026-08-18T05:13:12,117.95,53.15
2026-08-18T05:13:13,117.79,52.99
2026-08-18T05:13:14,118.06,53.25
2026-08-18T05:13:15,118.75,53.94
2026-08-18T05:13:16,119.61,54.79
2026-08-18T05:13:17,120.28,55.44
2026-08-18T05:13:18,123.37,58.5
2026-08-18T05:13:19,122.81,57.94
2026-08-18T05:13:20,121.7,56.85
2026-08-18T05:13:21,121.37,56.53
2026-08-18T05:13:22,120.5,55.67
2026-08-18T05:13:23,119.58,54.75
2026-08-18T05:13:24,119.14,54.32
2026-08-18T05:13:25,118.53,53.72
2026-08-18T05:13:26,118.11,53.31
2026-08-18T05:13:27,117.63,52.83
2026-08-18T05:13:28,117.23,52.44
2026-08-18T05:13:29,117.44,52.65
2026-08-18T05:13:30,117.08,52.29
2026-08-18T05:13:31,116.9,52.12
2026-08-18T05:13:32,117.17,52.38
2026-08-18T05:13:33,117.1,52.31
2026-08-18T05:13:34,116.79,52.0
2026-08-18T05:13:35,116.93,52.15
2026-08-18T05:13:36,117.04,52.25
2026-08-18T05:13:37,117.85,53.06
2026-08-18T05:13:38,118.36,53.56
2026-08-18T05:13:39,119.96,55.13
2026-08-18T05:13:40,122.45,57.59
2026-08-18T05:13:41,124.24,59.35
2026-08-18T05:13:42,124.92,60.02
2026-08-18T05:13:43,125.64,60.73
2026-08-18T05:13:44,125.76,60.85
2026-08-18T05:13:45,123.51,58.63
2026-08-18T05:13:46,121.73,56.88
2026-08-18T05:13:47,121.14,56.29
2026-08-18T05:13:48,122.72,57.86
2026-08-18T05:13:49,124.75,59.86
2026-08-18T05:13:50,125.81,60.9
2026-08-18T05:13:51,125.85,60.94
2026-08-18T05:13:52,126.14,61.23
2026-08-18T05:13:53,125.77,60.86
2026-08-18T05:13:54,124.01,59.13
2026-08-18T05:13:55,121.62,56.77
2026-08-18T05:13:56,120.63,55.8
2026-08-18T05:13:57,119.97,55.15
2026-08-18T05:13:58,119.37,54.55
2026-08-18T05:13:59,118.89,54.08
2026-08-18T05:14:00,118.13,53.33
2026-08-18T05:14:01,117.89,53.09
2026-08-18T05:14:02,117.79,52.99
2026-08-18T05:14:03,117.45,52.66
2026-08-18T05:14:04,116.75,51.97
2026-08-18T05:14:05,117.3,52.51
2026-08-18T05:14:06,117.49,52.7
2026-08-18T05:14:07,117.3,52.5
2026-08-18T05:14:08,117.27,52.48
2026-08-18T05:14:09,117.77,52.97
2026-08-18T05:14:10,117.41,52.62
2026-08-18T05:14:11,117.73,52.94
2026-08-18T05:14:12,117.86,53.06
2026-08-18T05:14:13,118.16,53.36
2026-08-18T05:14:14,117.54,52.75
2026-08-18T05:14:15,116.81,52.03
2026-08-18T05:14:16,116.82,52.04
2026-08-18T05:14:17,116.61,51.83
2026-08-18T05:14:18,116.26,51.49
2026-08-18T05:14:19,116.8,52.02
2026-08-18T05:14:20,117.17,52.38
2026-08-18T05:14:21,116.8,52.01
2026-08-18T05:14:22,116.61,51.83
2026-08-18T05:14:23,116.88,52.1
2026-08-18T05:14:24,116.6,51.82
2026-08-18T05:14:25,116.3,51.52
2026-08-18T05:14:26,115.97,51.2
2026-08-18T05:14:27,115.61,50.84
2026-08-18T05:14:28,115.58,50.81
2026-08-18T05:14:29,115.08,50.32
2026-08-18T05:14:30,115.21,50.45
2026-08-18T05:14:31,115.06,50.3
2026-08-18T05:14:32,114.94,50.18
2026-08-18T05:14:33,114.95,50.19
2026-08-18T05:14:34,115.19,50.43
2026-08-18T05:14:35,115.08,50.32
2026-08-18T05:14:36,114.96,50.21
2026-08-18T05:14:37,114.97,50.21
2026-08-18T05:14:38,115.16,50.4
2026-08-18T05:14:39,115.66,50.89
2026-08-18T05:14:40,115.64,50.88
2026-08-18T05:14:41,115.85,51.08
2026-08-18T05:14:42,116.53,51.75
2026-08-18T05:14:43,117.7,52.9
2026-08-18T05:14:44,118.76,53.95
2026-08-18T05:14:45,119.59,54.76
2026-08-18T05:14:46,120.18,55.34
2026-08-18T05:14:47,121.88,57.03
2026-08-18T05:14:48,125.38,60.47
2026-08-18T05:14:49,129.94,64.97
2026-08-18T05:14:50,132.09,67.09
2026-08-18T05:14:51,133.96,68.93
2026-08-18T05:14:52,135.36,70.32
2026-08-18T05:14:53,134.35,69.32
2026-08-18T05:14:54,129.88,64.91
2026-08-18T05:14:55,127.67,62.73
2026-08-18T05:14:56,125.72,60.81
2026-08-18T05:14:57,124.27,59.38
2026-08-18T05:14:58,123.03,58.16
2026-08-18T05:14:59,122.45,57.59
2026-08-18T05:15:00,121.88,57.02
2026-08-18T05:15:01,122.66,57.8
2026-08-18T05:15:02,125.4,60.5
2026-08-18T05:15:03,126.99,62.06
2026-08-18T05:15:04,127.45,62.51
2026-08-18T05:15:05,128.72,63.77
2026-08-18T05:15:06,127.51,62.58
2026-08-18T05:15:07,125.11,60.21
2026-08-18T05:15:08,122.04,57.19
2026-08-18T05:15:09,120.53,55.69
2026-08-18T05:15:10,119.18,54.36
2026-08-18T05:15:11,118.44,53.63
2026-08-18T05:15:12,118.87,54.06
2026-08-18T05:15:13,118.85,54.03
2026-08-18T05:15:14,118.18,53.38
2026-08-18T05:15:15,118.44,53.63
2026-08-18T05:15:16,118.08,53.28
2026-08-18T05:15:17,119.02,54.21
2026-08-18T05:15:18,119.9,55.07
2026-08-18T05:15:19,121.22,56.37
2026-08-18T05:15:20,121.52,56.67
2026-08-18T05:15:21,122.71,57.84
2026-08-18T05:15:22,122.82,57.96
2026-08-18T05:15:23,123.87,58.99
2026-08-18T05:15:24,124.53,59.64
2026-08-18T05:15:25,124.08,59.19
2026-08-18T05:15:26,122.95,58.08
2026-08-18T05:15:27,121.0,56.15
2026-08-18T05:15:28,119.22,54.4
2026-08-18T05:15:29,119.08,54.27
2026-08-18T05:15:30,120.96,56.12
2026-08-18T05:15:31,123.97,59.09
2026-08-18T05:15:32,124.55,59.66
2026-08-18T05:15:33,125.18,60.28
2026-08-18T05:15:34,124.78,59.88
2026-08-18T05:15:35,125.67,60.76
2026-08-18T05:15:36,126.37,61.45
2026-08-18T05:15:37,126.41,61.49
2026-08-18T05:15:38,126.82,61.89
2026-08-18T05:15:39,126.34,61.42
2026-08-18T05:15:40,123.7,58.82
2026-08-18T05:15:41,121.32,56.47
2026-08-18T05:15:42,120.56,55.72
2026-08-18T05:15:43,119.36,54.54
2026-08-18T05:15:44,119.15,54.33
2026-08-18T05:15:45,117.9,53.1
2026-08-18T05:15:46,117.38,52.59
2026-08-18T05:15:47,116.62,51.84
2026-08-18T05:15:48,116.1,51.33
2026-08-18T05:15:49,116.29,51.52
2026-08-18T05:15:50,116.17,51.39
2026-08-18T05:15:51,116.15,51.38
2026-08-18T05:15:52,116.03,51.26
2026-08-18T05:15:53,116.32,51.54
2026-08-18T05:15:54,116.41,51.63
2026-08-18T05:15:55,116.79,52.01
2026-08-18T05:15:56,116.56,51.78
2026-08-18T05:15:57,116.39,51.61
2026-08-18T05:15:58,116.65,51.87
2026-08-18T05:15:59,116.66,51.88
2026-08-18T05:16:00,116.43,51.65
2026-08-18T05:16:01,115.46,50.7
2026-08-18T05:16:02,116.49,51.71
2026-08-18T05:16:03,117.36,52.57
2026-08-18T05:16:04,118.98,54.17
2026-08-18T05:16:05,119.12,54.3
2026-08-18T05:16:06,120.89,56.05
2026-08-18T05:16:07,123.77,58.89
2026-08-18T05:16:08,127.39,62.46
2026-08-18T05:16:09,130.41,65.43
2026-08-18T05:16:10,131.92,66.92
2026-08-18T05:16:11,132.82,67.81
2026-08-18T05:16:12,132.27,67.27
2026-08-18T05:16:13,130.77,65.79
2026-08-18T05:16:14,127.42,62.48
2026-08-18T05:16:15,124.68,59.79
2026-08-18T05:16:16,122.66,57.79
2026-08-18T05:16:17,122.78,57.91
2026-08-18T05:16:18,120.77,55.93
2026-08-18T05:16:19,120.14,55.31
2026-08-18T05:16:20,118.25,53.44
2026-08-18T05:16:21,117.75,52.95
2026-08-18T05:16:22,116.92,52.13
2026-08-18T05:16:23,116.71,51.93
2026-08-18T05:16:24,116.18,51.4
2026-08-18T05:16:25,115.84,51.07
2026-08-18T05:16:26,116.34,51.56
2026-08-18T05:16:27,116.15,51.38
2026-08-18T05:16:28,116.2,51.43
2026-08-18T05:16:29,115.6,50.83
2026-08-18T05:16:30,115.34,50.58
2026-08-18T05:16:31,115.79,51.02
2026-08-18T05:16:32,116.03,51.26
2026-08-18T05:16:33,115.61,50.84
2026-08-18T05:16:34,115.41,50.65
2026-08-18T05:16:35,115.16,50.4
2026-08-18T05:16:36,115.43,50.66
2026-08-18T05:16:37,115.28,50.52
2026-08-18T05:16:38,115.22,50.46
2026-08-18T05:16:39,115.99,51.22
2026-08-18T05:16:40,115.43,50.66
2026-08-18T05:16:41,114.92,50.16
2026-08-18T05:16:42,115.56,50.8
2026-08-18T05:16:43,115.67,50.9
2026-08-18T05:16:44,115.46,50.69
2026-08-18T05:16:45,115.37,50.61
2026-08-18T05:16:46,115.43,50.66
2026-08-18T05:16:47,115.63,50.86
2026-08-18T05:16:48,115.59,50.82
2026-08-18T05:16:49,115.69,50.92
2026-08-18T05:16:50,115.84,51.07
2026-08-18T05:16:51,115.85,51.08
2026-08-18T05:16:52,116.04,51.27
2026-08-18T05:16:53,114.9,50.14
2026-08-18T05:16:54,114.74,49.98
2026-08-18T05:16:55,114.7,49.94
2026-08-18T05:16:56,115.04,50.28
2026-08-18T05:16:57,115.0,50.24
2026-08-18T05:16:58,115.21,50.45
2026-08-18T05:16:59,115.33,50.57
2026-08-18T05:17:00,114.59,49.84
2026-08-18T05:17:01,114.55,49.8
2026-08-18T05:17:02,114.65,49.89
2026-08-18T05:17:03,114.67,49.92
2026-08-18T05:17:04,114.75,50.0
2026-08-18T05:17:05,114.59,49.84
2026-08-18T05:17:06,114.19,49.44
2026-08-18T05:17:07,114.16,49.42
2026-08-18T05:17:08,114.79,50.04
2026-08-18T05:17:09,114.49,49.74
2026-08-18T05:17:10,114.65,49.9
2026-08-18T05:17:11,115.25,50.49
2026-08-18T05:17:12,116.63,51.85
2026-08-18T05:17:13,117.71,52.91
2026-08-18T05:17:14,118.56,53.75
2026-08-18T05:17:15,120.42,55.59
2026-08-18T05:17:16,125.67,60.77
2026-08-18T05:17:17,128.84,63.89
2026-08-18T05:17:18,130.32,65.34
2026-08-18T05:17:19,130.61,65.63
2026-08-18T05:17:20,128.49,63.54
2026-08-18T05:17:21,124.8,59.9
2026-08-18T05:17:22,122.96,58.09
2026-08-18T05:17:23,123.01,58.14
2026-08-18T05:17:24,124.44,59.55
2026-08-18T05:17:25,127.12,62.19
2026-08-18T05:17:26,128.0,63.06
2026-08-18T05:17:27,129.45,64.48
2026-08-18T05:17:28,127.79,62.85
2026-08-18T05:17:29,123.37,58.49
2026-08-18T05:17:30,120.76,55.92
2026-08-18T05:17:31,118.42,53.61
2026-08-18T05:17:32,117.22,52.43
2026-08-18T05:17:33,117.74,52.94
2026-08-18T05:17:34,117.39,52.6
2026-08-18T05:17:35,116.03,51.26
2026-08-18T05:17:36,115.85,51.08
2026-08-18T05:17:37,115.57,50.8
2026-08-18T05:17:38,115.32,50.56
2026-08-18T05:17:39,115.09,50.33
2026-08-18T05:17:40,115.09,50.33
2026-08-18T05:17:41,115.0,50.24
2026-08-18T05:17:42,115.46,50.7
2026-08-18T05:17:43,115.07,50.31
2026-08-18T05:17:44,115.23,50.47
2026-08-18T05:17:45,115.08,50.32
2026-08-18T05:17:46,114.87,50.11
2026-08-18T05:17:47,115.92,51.15
2026-08-18T05:17:48,114.87,50.12
2026-08-18T05:17:49,115.04,50.28
2026-08-18T05:17:50,115.26,50.5
2026-08-18T05:17:51,115.52,50.75
2026-08-18T05:17:52,115.55,50.79
2026-08-18T05:17:53,115.47,50.71
2026-08-18T05:17:54,115.79,51.03
2026-08-18T05:17:55,115.25,50.49
2026-08-18T05:17:56,115.46,50.7
2026-08-18T05:17:57,115.7,50.93
2026-08-18T05:17:58,115.79,51.02
2026-08-18T05:17:59,115.78,51.01
2026-08-18T05:18:00,115.07,50.31
2026-08-18T05:18:01,115.59,50.82
2026-08-18T05:18:02,117.11,52.33
2026-08-18T05:18:03,118.35,53.54
2026-08-18T05:18:04,120.68,55.84
2026-08-18T05:18:05,123.1,58.23
2026-08-18T05:18:06,126.41,61.49
2026-08-18T05:18:07,128.97,64.01
2026-08-18T05:18:08,132.6,67.59
2026-08-18T05:18:09,134.31,69.28
2026-08-18T05:18:10,136.98,71.91
2026-08-18T05:18:11,140.85,75.72
2026-08-18T05:18:12,140.86,75.73
2026-08-18T05:18:13,137.32,72.25
2026-08-18T05:18:14,132.82,67.81
2026-08-18T05:18:15,129.45,64.49
2026-08-18T05:18:16,126.19,61.28
2026-08-18T05:18:17,122.11,57.25
2026-08-18T05:18:18,121.79,56.93
2026-08-18T05:18:19,119.61,54.79
2026-08-18T05:18:20,120.36,55.52
2026-08-18T05:18:21,121.87,57.02
2026-08-18T05:18:22,119.74,54.92
2026-08-18T05:18:23,118.85,54.04
2026-08-18T05:18:24,117.95,53.15
2026-08-18T05:18:25,117.19,52.4
2026-08-18T05:18:26,116.9,52.12
2026-08-18T05:18:27,117.9,53.1
2026-08-18T05:18:28,118.53,53.72
2026-08-18T05:18:29,119.39,54.57
2026-08-18T05:18:30,121.95,57.1
2026-08-18T05:18:31,126.32,61.4
2026-08-18T05:18:32,127.89,62.95
2026-08-18T05:18:33,128.17,63.22
2026-08-18T05:18:34,128.01,63.07
2026-08-18T05:18:35,127.87,62.93
2026-08-18T05:18:36,125.52,60.61
2026-08-18T05:18:37,123.08,58.2
2026-08-18T05:18:38,121.36,56.51
2026-08-18T05:18:39,120.23,55.4
2026-08-18T05:18:40,119.21,54.39
2026-08-18T05:18:41,118.01,53.21
2026-08-18T05:18:42,117.65,52.85
2026-08-18T05:18:43,116.57,51.79
2026-08-18T05:18:44,116.09,51.32
2026-08-18T05:18:45,115.63,50.86
2026-08-18T05:18:46,116.17,51.4
2026-08-18T05:18:47,115.99,51.22
2026-08-18T05:18:48,115.28,50.52
2026-08-18T05:18:49,115.18,50.42
2026-08-18T05:18:50,115.11,50.35
2026-08-18T05:18:51,115.59,50.82
2026-08-18T05:18:52,115.74,50.97
2026-08-18T05:18:53,115.35,50.59
2026-08-18T05:18:54,115.33,50.57
2026-08-18T05:18:55,114.92,50.16
2026-08-18T05:18:56,115.13,50.37
2026-08-18T05:18:57,115.09,50.33
2026-08-18T05:18:58,115.4,50.64
2026-08-18T05:18:59,114.86,50.11
2026-08-18T05:19:00,115.08,50.32
2026-08-18T05:19:01,115.3,50.54
2026-08-18T05:19:02,115.36,50.59
2026-08-18T05:19:03,115.14,50.38
2026-08-18T05:19:04,115.63,50.87
2026-08-18T05:19:05,115.72,50.95
2026-08-18T05:19:06,116.74,51.96
2026-08-18T05:19:07,116.95,52.17
2026-08-18T05:19:08,116.39,51.62
2026-08-18T05:19:09,116.09,51.32
2026-08-18T05:19:10,115.73,50.96
2026-08-18T05:19:11,115.61,50.85
2026-08-18T05:19:12,115.2,50.44
2026-08-18T05:19:13,115.4,50.64
2026-08-18T05:19:14,115.98,51.2
2026-08-18T05:19:15,116.4,51.62
2026-08-18T05:19:16,116.96,52.17
2026-08-18T05:19:17,117.64,52.85
2026-08-18T05:19:18,120.17,55.33
2026-08-18T05:19:19,123.04,58.17
2026-08-18T05:19:20,124.64,59.75
2026-08-18T05:19:21,125.04,60.14
2026-08-18T05:19:22,125.77,60.86
2026-08-18T05:19:23,125.83,60.92
2026-08-18T05:19:24,123.84,58.96
2026-08-18T05:19:25,120.76,55.92
2026-08-18T05:19:26,118.85,54.04
2026-08-18T05:19:27,117.96,53.16
2026-08-18T05:19:28,117.93,53.14
2026-08-18T05:19:29,117.47,52.68
2026-08-18T05:19:30,116.62,51.84
2026-08-18T05:19:31,116.27,51.49
2026-08-18T05:19:32,115.82,51.05
2026-08-18T05:19:33,115.09,50.33
2026-08-18T05:19:34,115.08,50.32
2026-08-18T05:19:35,114.72,49.96
2026-08-18T05:19:36,114.52,49.77
2026-08-18T05:19:37,114.32,49.57
2026-08-18T05:19:38,114.64,49.88
2026-08-18T05:19:39,114.44,49.69
2026-08-18T05:19:40,114.13,49.38
2026-08-18T05:19:41,114.31,49.56
2026-08-18T05:19:42,114.17,49.43
2026-08-18T05:19:43,113.97,49.23
2026-08-18T05:19:44,114.15,49.4
2026-08-18T05:19:45,113.98,49.24
2026-08-18T05:19:46,114.05,49.31
2026-08-18T05:19:47,113.91,49.17
2026-08-18T05:19:48,114.17,49.42
2026-08-18T05:19:49,114.39,49.64
2026-08-18T05:19:50,114.61,49.86
2026-08-18T05:19:51,114.3,49.55
2026-08-18T05:19:52,114.4,49.65
2026-08-18T05:19:53,114.39,49.64
2026-08-18T05:19:54,113.95,49.21
2026-08-18T05:19:55,114.12,49.38
2026-08-18T05:19:56,115.03,50.27
2026-08-18T05:19:57,114.13,49.38
2026-08-18T05:19:58,114.58,49.83
2026-08-18T05:19:59,114.85,50.1
2026-08-18T05:20:00,114.97,50.21
2026-08-18T05:20:01,114.98,50.23
2026-08-18T05:20:02,114.23,49.49
2026-08-18T05:20:03,114.25,49.51
2026-08-18T05:20:04,114.59,49.84
2026-08-18T05:20:05,114.42,49.67
2026-08-18T05:20:06,115.0,50.24
2026-08-18T05:20:07,115.17,50.41
2026-08-18T05:20:08,114.5,49.75
2026-08-18T05:20:09,114.63,49.88
2026-08-18T05:20:10,115.08,50.33
2026-08-18T05:20:11,114.49,49.74
2026-08-18T05:20:12,114.8,50.05
2026-08-18T05:20:13,114.91,50.15
2026-08-18T05:20:14,115.62,50.86
2026-08-18T05:20:15,116.26,51.49
2026-08-18T05:20:16,116.89,52.11
2026-08-18T05:20:17,117.85,53.05
2026-08-18T05:20:18,118.96,54.14
2026-08-18T05:20:19,122.28,57.42
2026-08-18T05:20:20,124.89,59.99
2026-08-18T05:20:21,126.46,61.54
2026-08-18T05:20:22,127.13,62.2
2026-08-18T05:20:23,128.82,63.87
2026-08-18T05:20:24,128.24,63.29
2026-08-18T05:20:25,127.18,62.25
2026-08-18T05:20:26,125.92,61.01
2026-08-18T05:20:27,125.96,61.05
2026-08-18T05:20:28,125.92,61.01
2026-08-18T05:20:29,124.98,60.08
2026-08-18T05:20:30,124.49,59.59
2026-08-18T05:20:31,123.17,58.3
2026-08-18T05:20:32,120.89,56.05
2026-08-18T05:20:33,119.89,55.06
2026-08-18T05:20:34,119.12,54.3
2026-08-18T05:20:35,118.44,53.64
2026-08-18T05:20:36,117.37,52.58
2026-08-18T05:20:37,116.53,51.75
2026-08-18T05:20:38,117.76,52.96
2026-08-18T05:20:39,116.44,51.66
2026-08-18T05:20:40,116.78,52.0
2026-08-18T05:20:41,116.52,51.74
2026-08-18T05:20:42,116.44,51.66
2026-08-18T05:20:43,116.83,52.04
2026-08-18T05:20:44,116.32,51.54
2026-08-18T05:20:45,115.35,50.59
2026-08-18T05:20:46,115.24,50.48
2026-08-18T05:20:47,116.05,51.28
2026-08-18T05:20:48,115.82,51.05
2026-08-18T05:20:49,116.39,51.61
2026-08-18T05:20:50,116.49,51.71
2026-08-18T05:20:51,116.35,51.58
2026-08-18T05:20:52,116.21,51.43
2026-08-18T05:20:53,115.64,50.87
2026-08-18T05:20:54,115.35,50.59
2026-08-18T05:20:55,115.74,50.97
2026-08-18T05:20:56,115.94,51.17
2026-08-18T05:20:57,116.05,51.28
2026-08-18T05:20:58,115.71,50.94
2026-08-18T05:20:59,115.78,51.01
2026-08-18T05:21:00,115.18,50.42
2026-08-18T05:21:01,115.85,51.08
2026-08-18T05:21:02,115.94,51.17
2026-08-18T05:21:03,115.89,51.12
2026-08-18T05:21:04,115.51,50.75
2026-08-18T05:21:05,115.95,51.18
2026-08-18T05:21:06,115.91,51.14
2026-08-18T05:21:07,115.59,50.82
2026-08-18T05:21:08,115.24,50.48
2026-08-18T05:21:09,115.0,50.24
2026-08-18T05:21:10,116.74,51.96
2026-08-18T05:21:11,120.06,55.23
2026-08-18T05:21:12,122.16,57.3
2026-08-18T05:21:13,121.4,56.55
2026-08-18T05:21:14,119.09,54.28
2026-08-18T05:21:15,119.46,54.64
2026-08-18T05:21:16,117.82,53.02
2026-08-18T05:21:17,118.61,53.8
2026-08-18T05:21:18,116.74,51.96
2026-08-18T05:21:19,116.72,51.94
2026-08-18T05:21:20,117.13,52.34
2026-08-18T05:21:21,116.66,51.88
2026-08-18T05:21:22,116.57,51.79
2026-08-18T05:21:23,115.67,50.9
2026-08-18T05:21:24,115.53,50.77
2026-08-18T05:21:25,115.68,50.91
2026-08-18T05:21:26,115.32,50.56
2026-08-18T05:21:27,115.64,50.87
2026-08-18T05:21:28,115.58,50.81
2026-08-18T05:21:29,115.49,50.72
2026-08-18T05:21:30,115.55,50.78
2026-08-18T05:21:31,115.67,50.9
2026-08-18T05:21:32,116.54,51.76
2026-08-18T05:21:33,116.75,51.97
2026-08-18T05:21:34,116.85,52.07
2026-08-18T05:21:35,117.49,52.7
2026-08-18T05:21:36,119.26,54.44
2026-08-18T05:21:37,122.6,57.73
2026-08-18T05:21:38,123.83,58.95
2026-08-18T05:21:39,125.69,60.78
2026-08-18T05:21:40,127.46,62.53
2026-08-18T05:21:41,128.53,63.58
2026-08-18T05:21:42,129.67,64.7
2026-08-18T05:21:43,129.71,64.75
2026-08-18T05:21:44,127.57,62.63
2026-08-18T05:21:45,125.39,60.48
2026-08-18T05:21:46,122.65,57.78
2026-08-18T05:21:47,120.8,55.96
2026-08-18T05:21:48,119.67,54.85
2026-08-18T05:21:49,119.04,54.22
2026-08-18T05:21:50,118.13,53.33
2026-08-18T05:21:51,117.62,52.83
2026-08-18T05:21:52,116.66,51.88
2026-08-18T05:21:53,116.24,51.47
2026-08-18T05:21:54,115.81,51.05
2026-08-18T05:21:55,115.54,50.77
2026-08-18T05:21:56,115.73,50.96
2026-08-18T05:21:57,114.98,50.23
2026-08-18T05:21:58,115.08,50.32
2026-08-18T05:21:59,114.47,49.72
2026-08-18T05:22:00,114.71,49.95
2026-08-18T05:22:01,114.64,49.88
2026-08-18T05:22:02,114.65,49.89
2026-08-18T05:22:03,113.97,49.23
2026-08-18T05:22:04,114.42,49.67
2026-08-18T05:22:05,114.33,49.59
2026-08-18T05:22:06,114.32,49.57
2026-08-18T05:22:07,114.46,49.71
2026-08-18T05:22:08,114.64,49.89
2026-08-18T05:22:09,114.87,50.12
2026-08-18T05:22:10,114.15,49.41
2026-08-18T05:22:11,114.15,49.41
2026-08-18T05:22:12,114.27,49.52
2026-08-18T05:22:13,114.73,49.98
2026-08-18T05:22:14,114.56,49.81
2026-08-18T05:22:15,114.17,49.42
2026-08-18T05:22:16,114.46,49.71
2026-08-18T05:22:17,114.18,49.44
2026-08-18T05:22:18,114.35,49.6
2026-08-18T05:22:19,114.68,49.93
2026-08-18T05:22:20,114.88,50.13
2026-08-18T05:22:21,114.66,49.9
2026-08-18T05:22:22,114.37,49.62
2026-08-18T05:22:23,114.76,50.0
2026-08-18T05:22:24,114.88,50.12
2026-08-18T05:22:25,114.38,49.63
2026-08-18T05:22:26,113.87,49.13
2026-08-18T05:22:27,114.47,49.72
2026-08-18T05:22:28,114.69,49.93
2026-08-18T05:22:29,115.2,50.44
2026-08-18T05:22:30,114.71,49.96
2026-08-18T05:22:31,114.81,50.05
2026-08-18T05:22:32,114.7,49.94
2026-08-18T05:22:33,114.87,50.12
2026-08-18T05:22:34,114.89,50.13
2026-08-18T05:22:35,114.75,49.99
2026-08-18T05:22:36,115.98,51.21
2026-08-18T05:22:37,117.74,52.94
2026-08-18T05:22:38,117.29,52.5
2026-08-18T05:22:39,116.5,51.72
2026-08-18T05:22:40,115.69,50.93
2026-08-18T05:22:41,115.26,50.5
2026-08-18T05:22:42,116.52,51.75
2026-08-18T05:22:43,116.7,51.92
2026-08-18T05:22:44,115.31,50.54
2026-08-18T05:22:45,116.08,51.3
2026-08-18T05:22:46,116.56,51.78
2026-08-18T05:22:47,116.94,52.16
2026-08-18T05:22:48,117.19,52.4
2026-08-18T05:22:49,118.01,53.21
2026-08-18T05:22:50,119.16,54.34
2026-08-18T05:22:51,121.28,56.44
2026-08-18T05:22:52,124.6,59.71
2026-08-18T05:22:53,126.53,61.61
2026-08-18T05:22:54,128.67,63.72
2026-08-18T05:22:55,130.38,65.41
2026-08-18T05:22:56,129.45,64.48
2026-08-18T05:22:57,128.49,63.55
2026-08-18T05:22:58,127.13,62.2
2026-08-18T05:22:59,126.68,61.76
2026-08-18T05:23:00,126.86,61.94
2026-08-18T05:23:01,125.32,60.42
2026-08-18T05:23:02,122.84,57.97
2026-08-18T05:23:03,121.6,56.75
2026-08-18T05:23:04,121.03,56.19
2026-08-18T05:23:05,119.95,55.12
2026-08-18T05:23:06,119.12,54.3
2026-08-18T05:23:07,118.27,53.46
2026-08-18T05:23:08,117.91,53.11
2026-08-18T05:23:09,117.12,52.34
2026-08-18T05:23:10,116.94,52.15
2026-08-18T05:23:11,116.39,51.62
2026-08-18T05:23:12,115.54,50.77
2026-08-18T05:23:13,115.24,50.48
2026-08-18T05:23:14,115.75,50.98
2026-08-18T05:23:15,115.96,51.19
2026-08-18T05:23:16,115.71,50.94
2026-08-18T05:23:17,115.73,50.96
2026-08-18T05:23:18,115.83,51.06
2026-08-18T05:23:19,115.93,51.16
2026-08-18T05:23:20,116.3,51.52
2026-08-18T05:23:21,116.67,51.89
2026-08-18T05:23:22,117.28,52.49
2026-08-18T05:23:23,118.05,53.25
2026-08-18T05:23:24,119.23,54.41
2026-08-18T05:23:25,120.3,55.46
2026-08-18T05:23:26,123.97,59.09
2026-08-18T05:23:27,127.32,62.39
2026-08-18T05:23:28,128.68,63.72
2026-08-18T05:23:29,128.43,63.48
2026-08-18T05:23:30,128.38,63.43
2026-08-18T05:23:31,126.63,61.71
2026-08-18T05:23:32,123.84,58.95
2026-08-18T05:23:33,122.45,57.59
2026-08-18T05:23:34,120.49,55.66
2026-08-18T05:23:35,119.6,54.77
2026-08-18T05:23:36,118.38,53.57
2026-08-18T05:23:37,118.89,54.08
2026-08-18T05:23:38,118.06,53.25
2026-08-18T05:23:39,117.05,52.26
2026-08-18T05:23:40,117.62,52.83
2026-08-18T05:23:41,117.55,52.76
2026-08-18T05:23:42,117.74,52.94
2026-08-18T05:23:43,117.59,52.8
2026-08-18T05:23:44,116.81,52.02
2026-08-18T05:23:45,116.81,52.03
2026-08-18T05:23:46,116.67,51.88
2026-08-18T05:23:47,116.85,52.06
2026-08-18T05:23:48,117.47,52.68
2026-08-18T05:23:49,116.31,51.53
2026-08-18T05:23:50,116.07,51.3
2026-08-18T05:23:51,116.3,51.52
2026-08-18T05:23:52,116.43,51.65
2026-08-18T05:23:53,115.8,51.03
2026-08-18T05:23:54,116.4,51.63
2026-08-18T05:23:55,116.79,52.0
2026-08-18T05:23:56,116.77,51.99
2026-08-18T05:23:57,116.74,51.96
2026-08-18T05:23:58,116.56,51.78
2026-08-18T05:23:59,116.22,51.44
2026-08-18T05:24:00,116.45,51.67
2026-08-18T05:24:01,116.6,51.82
2026-08-18T05:24:02,115.89,51.12
2026-08-18T05:24:03,116.0,51.23
2026-08-18T05:24:04,115.57,50.81
2026-08-18T05:24:05,116.44,51.66
2026-08-18T05:24:06,116.15,51.38
2026-08-18T05:24:07,116.52,51.74
2026-08-18T05:24:08,116.25,51.47
2026-08-18T05:24:09,115.94,51.17
2026-08-18T05:24:10,115.88,51.11
2026-08-18T05:24:11,115.63,50.87
2026-08-18T05:24:12,115.64,50.87
2026-08-18T05:24:13,116.15,51.37
2026-08-18T05:24:14,116.04,51.26
2026-08-18T05:24:15,116.57,51.79
2026-08-18T05:24:16,116.47,51.69
2026-08-18T05:24:17,115.51,50.75
2026-08-18T05:24:18,115.89,51.12
2026-08-18T05:24:19,115.84,51.07
2026-08-18T05:24:20,115.68,50.91
2026-08-18T05:24:21,115.51,50.75
2026-08-18T05:24:22,116.36,51.58
2026-08-18T05:24:23,116.47,51.69
2026-08-18T05:24:24,116.75,51.97
2026-08-18T05:24:25,115.48,50.71
2026-08-18T05:24:26,115.68,50.91
2026-08-18T05:24:27,115.95,51.18
2026-08-18T05:24:28,117.62,52.83
2026-08-18T05:24:29,119.71,54.88
2026-08-18T05:24:30,120.93,56.09
2026-08-18T05:24:31,118.81,54.0
2026-08-18T05:24:32,118.6,53.79
2026-08-18T05:24:33,117.73,52.93
2026-08-18T05:24:34,117.9,53.1
2026-08-18T05:24:35,117.38,52.59
2026-08-18T05:24:36,118.22,53.41
2026-08-18T05:24:37,118.54,53.73
2026-08-18T05:24:38,118.08,53.27
2026-08-18T05:24:39,117.54,52.75
2026-08-18T05:24:40,119.32,54.5
2026-08-18T05:24:41,119.01,54.2
2026-08-18T05:24:42,118.1,53.3
2026-08-18T05:24:43,118.03,53.23
2026-08-18T05:24:44,117.99,53.19
2026-08-18T05:24:45,116.61,51.83
2026-08-18T05:24:46,116.18,51.41
2026-08-18T05:24:47,116.16,51.38
2026-08-18T05:24:48,115.79,51.03
2026-08-18T05:24:49,115.9,51.12
2026-08-18T05:24:50,115.96,51.19
2026-08-18T05:24:51,116.01,51.24
2026-08-18T05:24:52,115.92,51.15
2026-08-18T05:24:53,115.68,50.92
2026-08-18T05:24:54,115.8,51.03
2026-08-18T05:24:55,116.07,51.29
2026-08-18T05:24:56,116.1,51.32
2026-08-18T05:24:57,116.06,51.28
2026-08-18T05:24:58,116.26,51.48
2026-08-18T05:24:59,117.32,52.53
2026-08-18T05:25:00,117.04,52.26
2026-08-18T05:25:01,117.0,52.22
2026-08-18T05:25:02,116.8,52.02
2026-08-18T05:25:03,117.2,52.41
2026-08-18T05:25:04,117.7,52.91
2026-08-18T05:25:05,118.74,53.93
2026-08-18T05:25:06,119.42,54.6
2026-08-18T05:25:07,118.88,54.06
2026-08-18T05:25:08,118.84,54.03
2026-08-18T05:25:09,119.2,54.38
2026-08-18T05:25:10,120.94,56.1
2026-08-18T05:25:11,123.23,58.35
2026-08-18T05:25:12,124.91,60.01
2026-08-18T05:25:13,126.09,61.17
2026-08-18T05:25:14,127.32,62.38
2026-08-18T05:25:15,127.37,62.44
2026-08-18T05:25:16,126.21,61.29
2026-08-18T05:25:17,125.81,60.9
2026-08-18T05:25:18,129.23,64.27
2026-08-18T05:25:19,131.31,66.32
2026-08-18T05:25:20,132.4,67.4
2026-08-18T05:25:21,133.12,68.11
2026-08-18T05:25:22,131.49,66.5
2026-08-18T05:25:23,128.73,63.77
2026-08-18T05:25:24,127.07,62.14
2026-08-18T05:25:25,126.39,61.47
2026-08-18T05:25:26,126.1,61.18
2026-08-18T05:25:27,126.19,61.27
2026-08-18T05:25:28,124.41,59.52
2026-08-18T05:25:29,123.16,58.28
2026-08-18T05:25:30,123.81,58.92
2026-08-18T05:25:31,124.15,59.27
2026-08-18T05:25:32,125.51,60.6
2026-08-18T05:25:33,125.95,61.03
2026-08-18T05:25:34,126.64,61.72
2026-08-18T05:25:35,125.27,60.37
2026-08-18T05:25:36,124.63,59.73
2026-08-18T05:25:37,123.87,58.98
2026-08-18T05:25:38,124.19,59.3
2026-08-18T05:25:39,125.3,60.39
2026-08-18T05:25:40,125.47,60.57
2026-08-18T05:25:41,126.07,61.16
2026-08-18T05:25:42,124.49,59.59
2026-08-18T05:25:43,121.68,56.82
2026-08-18T05:25:44,119.87,55.04
2026-08-18T05:25:45,118.67,53.86
2026-08-18T05:25:46,117.99,53.19
2026-08-18T05:25:47,117.62,52.83
2026-08-18T05:25:48,116.54,51.76
2026-08-18T05:25:49,116.34,51.57
2026-08-18T05:25:50,115.78,51.01
2026-08-18T05:25:51,115.76,51.0
2026-08-18T05:25:52,115.94,51.17
2026-08-18T05:25:53,115.49,50.73
2026-08-18T05:25:54,115.33,50.57
2026-08-18T05:25:55,115.46,50.69
2026-08-18T05:25:56,115.03,50.27
2026-08-18T05:25:57,115.57,50.8
2026-08-18T05:25:58,115.24,50.48
2026-08-18T05:25:59,115.78,51.01
2026-08-18T05:26:00,115.31,50.54
2026-08-18T05:26:01,115.19,50.43
2026-08-18T05:26:02,115.42,50.66
2026-08-18T05:26:03,115.78,51.01
2026-08-18T05:26:04,115.91,51.13
2026-08-18T05:26:05,116.27,51.49
2026-08-18T05:26:06,115.89,51.12
2026-08-18T05:26:07,115.6,50.84
2026-08-18T05:26:08,115.83,51.06
2026-08-18T05:26:09,116.51,51.73
2026-08-18T05:26:10,117.06,52.27
2026-08-18T05:26:11,117.51,52.72
2026-08-18T05:26:12,118.86,54.05
2026-08-18T05:26:13,119.98,55.16
2026-08-18T05:26:14,123.07,58.2
2026-08-18T05:26:15,124.49,59.6
2026-08-18T05:26:16,125.68,60.77
2026-08-18T05:26:17,127.18,62.25
2026-08-18T05:26:18,128.5,63.55
2026-08-18T05:26:19,127.93,62.99
2026-08-18T05:26:20,127.29,62.35
2026-08-18T05:26:21,126.61,61.69
2026-08-18T05:26:22,126.65,61.73
2026-08-18T05:26:23,125.71,60.8
2026-08-18T05:26:24,124.03,59.14
2026-08-18T05:26:25,124.72,59.82
2026-08-18T05:26:26,125.74,60.83
2026-08-18T05:26:27,126.15,61.23
2026-08-18T05:26:28,126.5,61.58
2026-08-18T05:26:29,126.25,61.34
2026-08-18T05:26:30,124.9,60.0
2026-08-18T05:26:31,122.47,57.6
2026-08-18T05:26:32,120.38,55.55
2026-08-18T05:26:33,119.39,54.57
2026-08-18T05:26:34,118.59,53.79
2026-08-18T05:26:35,117.88,53.09
2026-08-18T05:26:36,117.35,52.56
2026-08-18T05:26:37,117.76,52.96
2026-08-18T05:26:38,116.18,51.4
2026-08-18T05:26:39,115.86,51.09
2026-08-18T05:26:40,115.78,51.01
2026-08-18T05:26:41,115.13,50.37
2026-08-18T05:26:42,114.84,50.08
2026-08-18T05:26:43,114.74,49.99
2026-08-18T05:26:44,115.02,50.26
2026-08-18T05:26:45,115.57,50.8
2026-08-18T05:26:46,115.45,50.69
2026-08-18T05:26:47,115.62,50.85
2026-08-18T05:26:48,115.67,50.9
2026-08-18T05:26:49,115.8,51.03
2026-08-18T05:26:50,115.49,50.73
2026-08-18T05:26:51,115.95,51.18
2026-08-18T05:26:52,117.92,53.12
2026-08-18T05:26:53,118.94,54.12
2026-08-18T05:26:54,118.26,53.45
2026-08-18T05:26:55,117.92,53.13
2026-08-18T05:26:56,117.49,52.69
2026-08-18T05:26:57,117.41,52.62
2026-08-18T05:26:58,118.41,53.6
2026-08-18T05:26:59,118.0,53.2
2026-08-18T05:27:00,118.26,53.45
2026-08-18T05:27:01,118.36,53.55
2026-08-18T05:27:02,117.06,52.28
2026-08-18T05:27:03,116.95,52.16
2026-08-18T05:27:04,117.25,52.46
2026-08-18T05:27:05,118.16,53.35
2026-08-18T05:27:06,119.23,54.41
2026-08-18T05:27:07,118.31,53.51
2026-08-18T05:27:08,117.78,52.98
2026-08-18T05:27:09,117.46,52.67
2026-08-18T05:27:10,116.23,51.46
2026-08-18T05:27:11,117.25,52.46
2026-08-18T05:27:12,117.34,52.55
2026-08-18T05:27:13,118.13,53.33
2026-08-18T05:27:14,117.84,53.04
2026-08-18T05:27:15,118.33,53.52
2026-08-18T05:27:16,117.12,52.33
2026-08-18T05:27:17,117.6,52.81
2026-08-18T05:27:18,117.32,52.53
2026-08-18T05:27:19,118.73,53.92
2026-08-18T05:27:20,119.23,54.41
2026-08-18T05:27:21,117.11,52.32
2026-08-18T05:27:22,117.11,52.32
2026-08-18T05:27:23,116.99,52.2
2026-08-18T05:27:24,117.18,52.39
2026-08-18T05:27:25,117.75,52.95
2026-08-18T05:27:26,118.8,53.99
2026-08-18T05:27:27,118.35,53.55
2026-08-18T05:27:28,119.41,54.59
2026-08-18T05:27:29,121.31,56.46
2026-08-18T05:27:30,124.35,59.45
2026-08-18T05:27:31,125.76,60.85
2026-08-18T05:27:32,128.19,63.24
2026-08-18T05:27:33,129.22,64.26
2026-08-18T05:27:34,129.37,64.41
2026-08-18T05:27:35,127.86,62.92
2026-08-18T05:27:36,125.19,60.28
2026-08-18T05:27:37,122.52,57.65
2026-08-18T05:27:38,121.25,56.4
2026-08-18T05:27:39,120.17,55.34
2026-08-18T05:27:40,119.68,54.86
2026-08-18T05:27:41,118.89,54.08
2026-08-18T05:27:42,118.46,53.65
2026-08-18T05:27:43,118.06,53.26
2026-08-18T05:27:44,118.45,53.64
2026-08-18T05:27:45,117.62,52.83
2026-08-18T05:27:46,117.18,52.39
2026-08-18T05:27:47,117.36,52.57
2026-08-18T05:27:48,116.95,52.17
2026-08-18T05:27:49,117.85,53.05
2026-08-18T05:27:50,117.11,52.32
2026-08-18T05:27:51,115.93,51.16
2026-08-18T05:27:52,116.31,51.54
2026-08-18T05:27:53,117.94,53.14
2026-08-18T05:27:54,116.86,52.08
2026-08-18T05:27:55,117.39,52.6
2026-08-18T05:27:56,117.27,52.48
2026-08-18T05:27:57,118.32,53.52
2026-08-18T05:27:58,119.79,54.96
2026-08-18T05:27:59,121.92,57.06
2026-08-18T05:28:00,124.92,60.02
2026-08-18T05:28:01,122.75,57.88
2026-08-18T05:28:02,120.89,56.05
2026-08-18T05:28:03,119.51,54.69
2026-08-18T05:28:04,118.86,54.05
2026-08-18T05:28:05,119.27,54.46
2026-08-18T05:28:06,119.68,54.86
2026-08-18T05:28:07,120.68,55.84
2026-08-18T05:28:08,123.76,58.87
2026-08-18T05:28:09,127.19,62.26
2026-08-18T05:28:10,129.13,64.18
2026-08-18T05:28:11,130.64,65.66
2026-08-18T05:28:12,131.16,66.17
2026-08-18T05:28:13,130.42,65.44
2026-08-18T05:28:14,128.26,63.32
2026-08-18T05:28:15,125.21,60.31
2026-08-18T05:28:16,123.5,58.62
2026-08-18T05:28:17,121.98,57.12
2026-08-18T05:28:18,120.89,56.04
2026-08-18T05:28:19,120.02,55.19
2026-08-18T05:28:20,119.59,54.76
2026-08-18T05:28:21,118.66,53.85
2026-08-18T05:28:22,117.97,53.17
2026-08-18T05:28:23,117.98,53.18
2026-08-18T05:28:24,118.72,53.9
2026-08-18T05:28:25,119.58,54.76
2026-08-18T05:28:26,119.43,54.61
2026-08-18T05:28:27,120.15,55.32
2026-08-18T05:28:28,122.03,57.17
2026-08-18T05:28:29,125.77,60.85
2026-08-18T05:28:30,128.03,63.08
2026-08-18T05:28:31,129.56,64.6
2026-08-18T05:28:32,131.38,66.39
2026-08-18T05:28:33,133.26,68.25
2026-08-18T05:28:34,135.94,70.88
2026-08-18T05:28:35,136.78,71.71
2026-08-18T05:28:36,134.11,69.08
2026-08-18T05:28:37,132.38,67.38
2026-08-18T05:28:38,131.62,66.62
2026-08-18T05:28:39,129.18,64.22
2026-08-18T05:28:40,128.32,63.37
2026-08-18T05:28:41,127.88,62.94
2026-08-18T05:28:42,128.62,63.66
2026-08-18T05:28:43,128.67,63.72
2026-08-18T05:28:44,128.22,63.27
2026-08-18T05:28:45,125.83,60.92
2026-08-18T05:28:46,122.7,57.84
2026-08-18T05:28:47,121.06,56.22
2026-08-18T05:28:48,119.88,55.06
2026-08-18T05:28:49,118.45,53.64
2026-08-18T05:28:50,119.05,54.24
2026-08-18T05:28:51,118.31,53.51
2026-08-18T05:28:52,118.67,53.86
2026-08-18T05:28:53,118.97,54.16
2026-08-18T05:28:54,120.62,55.79
2026-08-18T05:28:55,123.17,58.29
2026-08-18T05:28:56,124.28,59.39
2026-08-18T05:28:57,126.6,61.68
2026-08-18T05:28:58,127.88,62.94
2026-08-18T05:28:59,129.75,64.78
2026-08-18T05:29:00,129.84,64.87
2026-08-18T05:29:01,131.15,66.16
2026-08-18T05:29:02,131.24,66.25
2026-08-18T05:29:03,129.13,64.17
2026-08-18T05:29:04,126.24,61.33
2026-08-18T05:29:05,123.35,58.47
2026-08-18T05:29:06,122.2,57.34
2026-08-18T05:29:07,121.35,56.5
2026-08-18T05:29:08,119.69,54.86
2026-08-18T05:29:09,119.75,54.93
2026-08-18T05:29:10,119.58,54.76
2026-08-18T05:29:11,117.63,52.83
2026-08-18T05:29:12,116.93,52.15
2026-08-18T05:29:13,116.56,51.78
2026-08-18T05:29:14,116.38,51.6
2026-08-18T05:29:15,115.4,50.64
2026-08-18T05:29:16,116.21,51.43
2026-08-18T05:29:17,115.42,50.65
2026-08-18T05:29:18,115.65,50.88
2026-08-18T05:29:19,115.71,50.94
2026-08-18T05:29:20,116.28,51.5
2026-08-18T05:29:21,116.46,51.69
2026-08-18T05:29:22,115.44,50.68
2026-08-18T05:29:23,115.98,51.21
2026-08-18T05:29:24,115.29,50.53
2026-08-18T05:29:25,115.19,50.43
2026-08-18T05:29:26,115.65,50.88
2026-08-18T05:29:27,115.83,51.06
2026-08-18T05:29:28,115.45,50.69
2026-08-18T05:29:29,115.29,50.53
2026-08-18T05:29:30,115.23,50.47
2026-08-18T05:29:31,115.26,50.49
2026-08-18T05:29:32,115.24,50.48
2026-08-18T05:29:33,115.36,50.59
2026-08-18T05:29:34,115.17,50.41
2026-08-18T05:29:35,114.99,50.23
2026-08-18T05:29:36,115.56,50.79
2026-08-18T05:29:37,115.16,50.4
2026-08-18T05:29:38,115.12,50.36
2026-08-18T05:29:39,115.59,50.82
2026-08-18T05:29:40,115.5,50.73
2026-08-18T05:29:41,115.27,50.51
2026-08-18T05:29:42,115.09,50.34
2026-08-18T05:29:43,115.43,50.67
2026-08-18T05:29:44,115.19,50.43
2026-08-18T05:29:45,115.66,50.89
2026-08-18T05:29:46,115.4,50.64
2026-08-18T05:29:47,115.43,50.67
2026-08-18T05:29:48,115.6,50.83
2026-08-18T05:29:49,115.29,50.52
2026-08-18T05:29:50,115.52,50.75
2026-08-18T05:29:51,115.05,50.29
2026-08-18T05:29:52,114.83,50.08
2026-08-18T05:29:53,114.53,49.78
2026-08-18T05:29:54,116.48,51.7
2026-08-18T05:29:55,118.8,53.98
2026-08-18T05:29:56,121.54,56.69
2026-08-18T05:29:57,124.0,59.12
2026-08-18T05:29:58,131.15,66.16
2026-08-18T05:29:59,134.01,68.98
2026-08-18T05:30:00,133.75,68.72
2026-08-18T05:30:01,130.39,65.41
2026-08-18T05:30:02,125.4,60.5
2026-08-18T05:30:03,123.04,58.17
2026-08-18T05:30:04,121.26,56.42
2026-08-18T05:30:05,121.64,56.79
2026-08-18T05:30:06,118.75,53.94
2026-08-18T05:30:07,117.48,52.68
2026-08-18T05:30:08,117.9,53.1
2026-08-18T05:30:09,117.13,52.35
2026-08-18T05:30:10,117.44,52.64
2026-08-18T05:30:11,117.22,52.43
2026-08-18T05:30:12,116.96,52.17
2026-08-18T05:30:13,116.33,51.55
2026-08-18T05:30:14,117.09,52.3
2026-08-18T05:30:15,117.47,52.68
2026-08-18T05:30:16,116.82,52.03
2026-08-18T05:30:17,117.73,52.93
2026-08-18T05:30:18,118.39,53.58
2026-08-18T05:30:19,118.48,53.67
2026-08-18T05:30:20,119.75,54.93
2026-08-18T05:30:21,122.68,57.82
2026-08-18T05:30:22,124.7,59.8
2026-08-18T05:30:23,126.39,61.47
2026-08-18T05:30:24,126.73,61.8
2026-08-18T05:30:25,127.15,62.22
2026-08-18T05:30:26,127.7,62.76
2026-08-18T05:30:27,127.77,62.83
2026-08-18T05:30:28,127.88,62.94
2026-08-18T05:30:29,128.89,63.93
2026-08-18T05:30:30,129.37,64.41
2026-08-18T05:30:31,127.29,62.36
2026-08-18T05:30:32,127.33,62.39
2026-08-18T05:30:33,127.46,62.52
2026-08-18T05:30:34,126.47,61.55
2026-08-18T05:30:35,123.88,59.0
2026-08-18T05:30:36,121.72,56.86
2026-08-18T05:30:37,120.49,55.65
2026-08-18T05:30:38,119.58,54.75
2026-08-18T05:30:39,118.75,53.94
2026-08-18T05:30:40,118.38,53.57
2026-08-18T05:30:41,117.73,52.93
2026-08-18T05:30:42,117.13,52.34
2026-08-18T05:30:43,117.21,52.42
2026-08-18T05:30:44,116.98,52.19
2026-08-18T05:30:45,117.57,52.77
2026-08-18T05:30:46,116.42,51.64
2026-08-18T05:30:47,116.07,51.3
2026-08-18T05:30:48,115.9,51.13
2026-08-18T05:30:49,117.17,52.38
2026-08-18T05:30:50,116.91,52.13
2026-08-18T05:30:51,115.54,50.78
2026-08-18T05:30:52,115.42,50.66
2026-08-18T05:30:53,115.68,50.91
2026-08-18T05:30:54,115.56,50.8
2026-08-18T05:30:55,115.71,50.95
2026-08-18T05:30:56,115.8,51.03
2026-08-18T05:30:57,116.28,51.51
2026-08-18T05:30:58,115.78,51.01
2026-08-18T05:30:59,115.63,50.86
2026-08-18T05:31:00,115.51,50.75
2026-08-18T05:31:01,116.36,51.58
2026-08-18T05:31:02,116.5,51.72
2026-08-18T05:31:03,116.53,51.75
2026-08-18T05:31:04,116.25,51.48
2026-08-18T05:31:05,115.66,50.89
2026-08-18T05:31:06,116.24,51.46
2026-08-18T05:31:07,116.26,51.49
2026-08-18T05:31:08,116.71,51.93
2026-08-18T05:31:09,116.36,51.58
2026-08-18T05:31:10,115.1,50.34
2026-08-18T05:31:11,115.19,50.42
2026-08-18T05:31:12,115.19,50.43
2026-08-18T05:31:13,114.92,50.17
2026-08-18T05:31:14,115.69,50.92
2026-08-18T05:31:15,115.53,50.76
2026-08-18T05:31:16,115.79,51.02
2026-08-18T05:31:17,115.69,50.92
2026-08-18T05:31:18,116.02,51.25
2026-08-18T05:31:19,116.43,51.65
2026-08-18T05:31:20,117.9,53.1
2026-08-18T05:31:21,118.38,53.57
2026-08-18T05:31:22,120.2,55.37
2026-08-18T05:31:23,123.26,58.38
2026-08-18T05:31:24,127.39,62.46
2026-08-18T05:31:25,129.23,64.27
2026-08-18T05:31:26,129.43,64.47
2026-08-18T05:31:27,130.57,65.59
2026-08-18T05:31:28,130.39,65.41
2026-08-18T05:31:29,128.2,63.25
2026-08-18T05:31:30,127.28,62.35
2026-08-18T05:31:31,125.94,61.03
2026-08-18T05:31:32,123.02,58.15
2026-08-18T05:31:33,120.79,55.95
2026-08-18T05:31:34,120.93,56.08
2026-08-18T05:31:35,119.77,54.94
2026-08-18T05:31:36,121.47,56.62
2026-08-18T05:31:37,123.18,58.31
2026-08-18T05:31:38,125.29,60.39
2026-08-18T05:31:39,127.39,62.46
2026-08-18T05:31:40,127.43,62.49
2026-08-18T05:31:41,126.19,61.28
2026-08-18T05:31:42,123.09,58.22
2026-08-18T05:31:43,119.21,54.4
2026-08-18T05:31:44,118.14,53.34
2026-08-18T05:31:45,117.16,52.37
2026-08-18T05:31:46,116.63,51.85
2026-08-18T05:31:47,116.36,51.58
2026-08-18T05:31:48,115.71,50.94
2026-08-18T05:31:49,115.76,50.99
2026-08-18T05:31:50,115.89,51.12
2026-08-18T05:31:51,115.48,50.72
2026-08-18T05:31:52,115.24,50.48
2026-08-18T05:31:53,114.71,49.96
2026-08-18T05:31:54,114.9,50.14
2026-08-18T05:31:55,114.89,50.13
2026-08-18T05:31:56,114.78,50.02
2026-08-18T05:31:57,114.92,50.16
2026-08-18T05:31:58,114.98,50.22
2026-08-18T05:31:59,115.07,50.31
2026-08-18T05:32:00,115.42,50.66
2026-08-18T05:32:01,115.52,50.75
2026-08-18T05:32:02,115.57,50.8
2026-08-18T05:32:03,116.73,51.95
2026-08-18T05:32:04,118.44,53.64
2026-08-18T05:32:05,121.33,56.48
2026-08-18T05:32:06,123.82,58.94
2026-08-18T05:32:07,125.29,60.39
2026-08-18T05:32:08,127.01,62.08
2026-08-18T05:32:09,127.73,62.79
2026-08-18T05:32:10,125.59,60.69
2026-08-18T05:32:11,122.65,57.79
2026-08-18T05:32:12,120.48,55.65
2026-08-18T05:32:13,119.74,54.91
2026-08-18T05:32:14,118.3,53.5
2026-08-18T05:32:15,117.56,52.77
2026-08-18T05:32:16,116.34,51.57
2026-08-18T05:32:17,116.6,51.82
2026-08-18T05:32:18,117.85,53.05
2026-08-18T05:32:19,118.8,53.99
2026-08-18T05:32:20,119.17,54.36
2026-08-18T05:32:21,121.3,56.45
2026-08-18T05:32:22,125.81,60.9
2026-08-18T05:32:23,128.39,63.45
2026-08-18T05:32:24,130.08,65.11
2026-08-18T05:32:25,131.38,66.39
2026-08-18T05:32:26,129.44,64.48
2026-08-18T05:32:27,125.8,60.88
2026-08-18T05:32:28,122.69,57.82
2026-08-18T05:32:29,120.59,55.76
2026-08-18T05:32:30,119.78,54.95
2026-08-18T05:32:31,119.51,54.68
2026-08-18T05:32:32,119.31,54.49
2026-08-18T05:32:33,117.76,52.97
2026-08-18T05:32:34,117.42,52.63
2026-08-18T05:32:35,116.73,51.95
2026-08-18T05:32:36,116.77,51.99
2026-08-18T05:32:37,116.71,51.93
2026-08-18T05:32:38,116.97,52.19
2026-08-18T05:32:39,117.7,52.91
2026-08-18T05:32:40,119.64,54.82
2026-08-18T05:32:41,121.89,57.03
2026-08-18T05:32:42,123.33,58.45
2026-08-18T05:32:43,126.01,61.09
2026-08-18T05:32:44,128.67,63.72
2026-08-18T05:32:45,129.63,64.66
2026-08-18T05:32:46,125.09,60.19
2026-08-18T05:32:47,121.64,56.78
2026-08-18T05:32:48,119.8,54.97
2026-08-18T05:32:49,119.25,54.44
2026-08-18T05:32:50,119.9,55.07
2026-08-18T05:32:51,122.35,57.49
2026-08-18T05:32:52,124.25,59.37
2026-08-18T05:32:53,126.68,61.75
2026-08-18T05:32:54,127.89,62.94
2026-08-18T05:32:55,129.81,64.84
2026-08-18T05:32:56,129.37,64.41
2026-08-18T05:32:57,128.77,63.81
2026-08-18T05:32:58,126.99,62.06
2026-08-18T05:32:59,125.0,60.1
2026-08-18T05:33:00,123.81,58.93
2026-08-18T05:33:01,122.48,57.62
2026-08-18T05:33:02,120.11,55.28
2026-08-18T05:33:03,120.09,55.26
2026-08-18T05:33:04,120.65,55.81
2026-08-18T05:33:05,117.73,52.93
2026-08-18T05:33:06,117.21,52.42
2026-08-18T05:33:07,116.72,51.94
2026-08-18T05:33:08,116.3,51.53
2026-08-18T05:33:09,115.88,51.11
2026-08-18T05:33:10,115.81,51.04
2026-08-18T05:33:11,115.99,51.22
2026-08-18T05:33:12,116.5,51.72
2026-08-18T05:33:13,116.57,51.79
2026-08-18T05:33:14,116.94,52.15
2026-08-18T05:33:15,118.18,53.38
2026-08-18T05:33:16,120.51,55.68
2026-08-18T05:33:17,123.95,59.07
2026-08-18T05:33:18,126.62,61.7
2026-08-18T05:33:19,126.75,61.83
2026-08-18T05:33:20,126.99,62.07
2026-08-18T05:33:21,126.42,61.5
2026-08-18T05:33:22,123.41,58.54
2026-08-18T05:33:23,120.65,55.81
2026-08-18T05:33:24,119.27,54.46
2026-08-18T05:33:25,118.48,53.67
2026-08-18T05:33:26,117.79,52.99
2026-08-18T05:33:27,116.82,52.04
2026-08-18T05:33:28,117.07,52.28
2026-08-18T05:33:29,116.01,51.24
2026-08-18T05:33:30,115.26,50.49
2026-08-18T05:33:31,115.23,50.47
2026-08-18T05:33:32,115.07,50.31
2026-08-18T05:33:33,115.02,50.26
2026-08-18T05:33:34,115.09,50.33
2026-08-18T05:33:35,115.24,50.48
2026-08-18T05:33:36,115.22,50.46
2026-08-18T05:33:37,115.13,50.37
2026-08-18T05:33:38,115.08,50.32
2026-08-18T05:33:39,115.14,50.38
2026-08-18T05:33:40,115.11,50.35
2026-08-18T05:33:41,115.62,50.85
2026-08-18T05:33:42,115.16,50.4
2026-08-18T05:33:43,114.7,49.94
2026-08-18T05:33:44,114.99,50.24
2026-08-18T05:33:45,115.31,50.54
2026-08-18T05:33:46,114.83,50.07
2026-08-18T05:33:47,115.72,50.95
2026-08-18T05:33:48,115.03,50.27
2026-08-18T05:33:49,114.87,50.12
2026-08-18T05:33:50,115.18,50.41
2026-08-18T05:33:51,115.1,50.34
2026-08-18T05:33:52,114.63,49.88
2026-08-18T05:33:53,115.18,50.41
2026-08-18T05:33:54,115.77,51.0
2026-08-18T05:33:55,116.12,51.34
2026-08-18T05:33:56,116.7,51.91
2026-08-18T05:33:57,117.17,52.38
2026-08-18T05:33:58,118.53,53.72
2026-08-18T05:33:59,121.42,56.57
2026-08-18T05:34:00,124.91,60.01
2026-08-18T05:34:01,126.44,61.52
2026-08-18T05:34:02,127.74,62.8
2026-08-18T05:34:03,127.97,63.03
2026-08-18T05:34:04,126.88,61.95
2026-08-18T05:34:05,124.77,59.87
2026-08-18T05:34:06,122.51,57.65
2026-08-18T05:34:07,120.94,56.1
2026-08-18T05:34:08,119.49,54.66
2026-08-18T05:34:09,118.39,53.58
2026-08-18T05:34:10,117.1,52.32
2026-08-18T05:34:11,117.22,52.43
2026-08-18T05:34:12,116.78,52.0
2026-08-18T05:34:13,116.02,51.24
2026-08-18T05:34:14,116.38,51.6
2026-08-18T05:34:15,115.99,51.22
2026-08-18T05:34:16,116.2,51.42
2026-08-18T05:34:17,116.39,51.62
2026-08-18T05:34:18,115.99,51.22
2026-08-18T05:34:19,116.41,51.63
2026-08-18T05:34:20,116.51,51.73
2026-08-18T05:34:21,116.73,51.95
2026-08-18T05:34:22,117.07,52.28
2026-08-18T05:34:23,117.14,52.35
2026-08-18T05:34:24,116.79,52.01
2026-08-18T05:34:25,117.36,52.57
2026-08-18T05:34:26,117.54,52.75
2026-08-18T05:34:27,116.79,52.01
2026-08-18T05:34:28,116.73,51.95
2026-08-18T05:34:29,116.86,52.07
2026-08-18T05:34:30,116.52,51.74
2026-08-18T05:34:31,116.63,51.84
2026-08-18T05:34:32,116.12,51.34
2026-08-18T05:34:33,115.91,51.14
2026-08-18T05:34:34,116.4,51.62
2026-08-18T05:34:35,116.15,51.38
2026-08-18T05:34:36,116.06,51.29
2026-08-18T05:34:37,115.6,50.83
2026-08-18T05:34:38,117.02,52.23
2026-08-18T05:34:39,116.54,51.76
2026-08-18T05:34:40,116.54,51.76
2026-08-18T05:34:41,116.77,51.99
2026-08-18T05:34:42,117.89,53.09
2026-08-18T05:34:43,117.66,52.86
2026-08-18T05:34:44,117.66,52.87
2026-08-18T05:34:45,117.3,52.51
2026-08-18T05:34:46,116.36,51.58
2026-08-18T05:34:47,116.26,51.49
2026-08-18T05:34:48,116.81,52.03
2026-08-18T05:34:49,116.65,51.87
2026-08-18T05:34:50,116.34,51.56
2026-08-18T05:34:51,117.35,52.56
2026-08-18T05:34:52,117.37,52.58
2026-08-18T05:34:53,117.33,52.54
2026-08-18T05:34:54,117.53,52.73
2026-08-18T05:34:55,119.11,54.29
2026-08-18T05:34:56,121.66,56.81
2026-08-18T05:34:57,125.47,60.56
2026-08-18T05:34:58,127.82,62.88
2026-08-18T05:34:59,129.59,64.63
2026-08-18T05:35:00,131.07,66.08
2026-08-18T05:35:01,130.86,65.88
2026-08-18T05:35:02,129.07,64.11
2026-08-18T05:35:03,126.7,61.77
2026-08-18T05:35:04,123.71,58.83
2026-08-18T05:35:05,122.01,57.16
2026-08-18T05:35:06,120.61,55.78
2026-08-18T05:35:07,120.57,55.74
2026-08-18T05:35:08,121.12,56.28
2026-08-18T05:35:09,119.52,54.7
2026-08-18T05:35:10,118.42,53.61
2026-08-18T05:35:11,117.58,52.79
2026-08-18T05:35:12,116.96,52.17
2026-08-18T05:35:13,116.58,51.8
2026-08-18T05:35:14,117.03,52.24
2026-08-18T05:35:15,117.17,52.38
2026-08-18T05:35:16,116.9,52.11
2026-08-18T05:35:17,115.7,50.93
2026-08-18T05:35:18,116.03,51.26
2026-08-18T05:35:19,116.25,51.48
2026-08-18T05:35:20,116.26,51.49
2026-08-18T05:35:21,116.6,51.81
2026-08-18T05:35:22,116.23,51.45
2026-08-18T05:35:23,115.48,50.72
2026-08-18T05:35:24,115.56,50.79
2026-08-18T05:35:25,114.95,50.2
2026-08-18T05:35:26,115.52,50.76
2026-08-18T05:35:27,115.87,51.1
2026-08-18T05:35:28,115.68,50.91
2026-08-18T05:35:29,116.32,51.54
2026-08-18T05:35:30,115.99,51.22
2026-08-18T05:35:31,115.43,50.66
2026-08-18T05:35:32,115.48,50.71
2026-08-18T05:35:33,115.88,51.11
2026-08-18T05:35:34,116.15,51.38
2026-08-18T05:35:35,115.95,51.18
2026-08-18T05:35:36,115.9,51.13
2026-08-18T05:35:37,115.76,50.99
2026-08-18T05:35:38,115.34,50.57
2026-08-18T05:35:39,115.55,50.78
2026-08-18T05:35:40,115.75,50.98
2026-08-18T05:35:41,115.76,50.99
2026-08-18T05:35:42,115.31,50.55
2026-08-18T05:35:43,115.43,50.67
2026-08-18T05:35:44,115.14,50.38
2026-08-18T05:35:45,115.25,50.49
2026-08-18T05:35:46,115.4,50.64
2026-08-18T05:35:47,115.29,50.53
2026-08-18T05:35:48,114.96,50.2
2026-08-18T05:35:49,115.19,50.43
2026-08-18T05:35:50,114.89,50.13
2026-08-18T05:35:51,115.19,50.43
2026-08-18T05:35:52,115.03,50.27
2026-08-18T05:35:53,115.43,50.66
2026-08-18T05:35:54,115.9,51.13
2026-08-18T05:35:55,116.13,51.36
2026-08-18T05:35:56,116.43,51.65
2026-08-18T05:35:57,116.01,51.23
2026-08-18T05:35:58,115.49,50.73
2026-08-18T05:35:59,116.07,51.29
2026-08-18T05:36:00,116.28,51.51
2026-08-18T05:36:01,116.57,51.79
2026-08-18T05:36:02,115.96,51.19
2026-08-18T05:36:03,115.86,51.09
2026-08-18T05:36:04,115.62,50.86
2026-08-18T05:36:05,114.96,50.2
2026-08-18T05:36:06,115.34,50.58
2026-08-18T05:36:07,115.0,50.24
2026-08-18T05:36:08,115.1,50.34
2026-08-18T05:36:09,115.0,50.24
2026-08-18T05:36:10,115.46,50.7
2026-08-18T05:36:11,115.23,50.47
2026-08-18T05:36:12,114.85,50.1
2026-08-18T05:36:13,115.23,50.47
2026-08-18T05:36:14,115.44,50.67
2026-08-18T05:36:15,115.09,50.33
2026-08-18T05:36:16,115.57,50.81
2026-08-18T05:36:17,116.12,51.35
2026-08-18T05:36:18,115.48,50.71
2026-08-18T05:36:19,115.51,50.75
2026-08-18T05:36:20,115.2,50.44
2026-08-18T05:36:21,114.58,49.83
2026-08-18T05:36:22,115.51,50.74
2026-08-18T05:36:23,115.09,50.33
2026-08-18T05:36:24,115.7,50.93
2026-08-18T05:36:25,115.34,50.58
2026-08-18T05:36:26,115.87,51.1
2026-08-18T05:36:27,116.12,51.35
2026-08-18T05:36:28,117.44,52.65
2026-08-18T05:36:29,117.08,52.29
2026-08-18T05:36:30,115.5,50.74
2026-08-18T05:36:31,117.08,52.29
2026-08-18T05:36:32,116.58,51.8
2026-08-18T05:36:33,116.89,52.1
2026-08-18T05:36:34,117.86,53.06
2026-08-18T05:36:35,117.65,52.85
2026-08-18T05:36:36,116.69,51.91
2026-08-18T05:36:37,116.39,51.62
2026-08-18T05:36:38,116.27,51.49
2026-08-18T05:36:39,117.4,52.61
2026-08-18T05:36:40,116.79,52.01
2026-08-18T05:36:41,116.48,51.7
2026-08-18T05:36:42,115.73,50.96
2026-08-18T05:36:43,115.47,50.7
2026-08-18T05:36:44,116.65,51.87
2026-08-18T05:36:45,117.68,52.88
2026-08-18T05:36:46,116.71,51.93
2026-08-18T05:36:47,116.57,51.79
2026-08-18T05:36:48,116.63,51.85
2026-08-18T05:36:49,116.46,51.69
2026-08-18T05:36:50,116.31,51.53
2026-08-18T05:36:51,116.19,51.42
2026-08-18T05:36:52,116.24,51.46
2026-08-18T05:36:53,116.0,51.23
2026-08-18T05:36:54,116.16,51.39
2026-08-18T05:36:55,115.58,50.82
2026-08-18T05:36:56,115.66,50.89
2026-08-18T05:36:57,115.96,51.19
2026-08-18T05:36:58,115.89,51.12
2026-08-18T05:36:59,116.24,51.46
2026-08-18T05:37:00,116.84,52.06
2026-08-18T05:37:01,117.4,52.61
2026-08-18T05:37:02,117.75,52.95
2026-08-18T05:37:03,117.31,52.52
2026-08-18T05:37:04,117.8,53.0
2026-08-18T05:37:05,119.35,54.53
2026-08-18T05:37:06,123.84,58.96
2026-08-18T05:37:07,126.2,61.28
2026-08-18T05:37:08,127.89,62.95
2026-08-18T05:37:09,128.06,63.12
2026-08-18T05:37:10,128.0,63.06
2026-08-18T05:37:11,126.62,61.7
2026-08-18T05:37:12,123.55,58.67
2026-08-18T05:37:13,121.42,56.57
2026-08-18T05:37:14,120.14,55.31
2026-08-18T05:37:15,119.97,55.14
2026-08-18T05:37:16,119.62,54.79
2026-08-18T05:37:17,119.83,55.0
2026-08-18T05:37:18,120.61,55.77
2026-08-18T05:37:19,120.98,56.14
2026-08-18T05:37:20,121.61,56.76
2026-08-18T05:37:21,125.64,60.73
2026-08-18T05:37:22,127.99,63.04
2026-08-18T05:37:23,129.73,64.76
2026-08-18T05:37:24,133.59,68.57
2026-08-18T05:37:25,137.51,72.43
2026-08-18T05:37:26,141.36,76.22
2026-08-18T05:37:27,143.08,77.92
2026-08-18T05:37:28,142.96,77.8
2026-08-18T05:37:29,139.76,74.65
2026-08-18T05:37:30,136.61,71.54
2026-08-18T05:37:31,135.17,70.13
2026-08-18T05:37:32,134.27,69.24
2026-08-18T05:37:33,132.59,67.58
2026-08-18T05:37:34,130.39,65.41
2026-08-18T05:37:35,127.76,62.83
2026-08-18T05:37:36,126.19,61.28
2026-08-18T05:37:37,124.84,59.94
2026-08-18T05:37:38,123.92,59.04
2026-08-18T05:37:39,122.4,57.53
2026-08-18T05:37:40,121.2,56.36
2026-08-18T05:37:41,120.24,55.4
2026-08-18T05:37:42,119.49,54.66
2026-08-18T05:37:43,119.14,54.33
2026-08-18T05:37:44,119.57,54.75
2026-08-18T05:37:45,119.63,54.81
2026-08-18T05:37:46,119.83,55.01
2026-08-18T05:37:47,119.63,54.81
2026-08-18T05:37:48,119.07,54.25
2026-08-18T05:37:49,118.25,53.45
2026-08-18T05:37:50,118.06,53.25
2026-08-18T05:37:51,118.34,53.53
2026-08-18T05:37:52,117.81,53.01
2026-08-18T05:37:53,118.34,53.53
2026-08-18T05:37:54,117.52,52.72
2026-08-18T05:37:55,118.38,53.58
2026-08-18T05:37:56,118.69,53.88
2026-08-18T05:37:57,117.37,52.57
2026-08-18T05:37:58,117.35,52.56
2026-08-18T05:37:59,117.36,52.57
2026-08-18T05:38:00,117.47,52.67
2026-08-18T05:38:01,117.86,53.06
2026-08-18T05:38:02,117.47,52.68
2026-08-18T05:38:03,117.47,52.68
2026-08-18T05:38:04,117.59,52.8
2026-08-18T05:38:05,117.52,52.73
2026-08-18T05:38:06,117.08,52.3
2026-08-18T05:38:07,116.93,52.14
2026-08-18T05:38:08,116.74,51.95
2026-08-18T05:38:09,116.51,51.73
2026-08-18T05:38:10,116.63,51.85
2026-08-18T05:38:11,116.31,51.53
2026-08-18T05:38:12,116.58,51.8
2026-08-18T05:38:13,116.54,51.76
2026-08-18T05:38:14,115.93,51.15
2026-08-18T05:38:15,116.05,51.28
2026-08-18T05:38:16,116.2,51.43
2026-08-18T05:38:17,115.82,51.05
2026-08-18T05:38:18,115.73,50.96
2026-08-18T05:38:19,115.98,51.21
2026-08-18T05:38:20,116.2,51.42
2026-08-18T05:38:21,116.22,51.45
2026-08-18T05:38:22,115.9,51.13
2026-08-18T05:38:23,116.61,51.83
2026-08-18T05:38:24,116.54,51.76
2026-08-18T05:38:25,116.4,51.62
2026-08-18T05:38:26,116.07,51.29
2026-08-18T05:38:27,116.18,51.4
2026-08-18T05:38:28,115.54,50.78
2026-08-18T05:38:29,116.19,51.41
2026-08-18T05:38:30,116.36,51.58
2026-08-18T05:38:31,116.42,51.64
2026-08-18T05:38:32,116.73,51.95
2026-08-18T05:38:33,117.26,52.47
2026-08-18T05:38:34,117.12,52.34
2026-08-18T05:38:35,118.07,53.27
2026-08-18T05:38:36,118.3,53.5
2026-08-18T05:38:37,118.66,53.85
2026-08-18T05:38:38,118.59,53.79
2026-08-18T05:38:39,119.22,54.4
2026-08-18T05:38:40,122.07,57.22
2026-08-18T05:38:41,124.6,59.71
2026-08-18T05:38:42,126.13,61.21
2026-08-18T05:38:43,127.01,62.09
2026-08-18T05:38:44,127.6,62.67
2026-08-18T05:38:45,127.93,62.99
2026-08-18T05:38:46,125.88,60.97
2026-08-18T05:38:47,123.4,58.52
2026-08-18T05:38:48,121.75,56.89
2026-08-18T05:38:49,121.83,56.97
2026-08-18T05:38:50,122.89,58.02
2026-08-18T05:38:51,122.99,58.11
2026-08-18T05:38:52,123.76,58.88
2026-08-18T05:38:53,124.64,59.75
2026-08-18T05:38:54,124.73,59.83
2026-08-18T05:38:55,124.63,59.74
2026-08-18T05:38:56,122.83,57.96
2026-08-18T05:38:57,121.13,56.28
2026-08-18T05:38:58,121.05,56.21
2026-08-18T05:38:59,121.25,56.4
2026-08-18T05:39:00,123.85,58.96
2026-08-18T05:39:01,126.94,62.02
2026-08-18T05:39:02,128.31,63.36
2026-08-18T05:39:03,128.87,63.91
2026-08-18T05:39:04,128.96,64.01
2026-08-18T05:39:05,128.88,63.93
2026-08-18T05:39:06,126.23,61.31
2026-08-18T05:39:07,123.97,59.08
2026-08-18T05:39:08,123.08,58.21
2026-08-18T05:39:09,121.84,56.99
2026-08-18T05:39:10,121.4,56.55
2026-08-18T05:39:11,120.84,56.0
2026-08-18T05:39:12,119.81,54.98
2026-08-18T05:39:13,118.94,54.12
2026-08-18T05:39:14,118.04,53.24
2026-08-18T05:39:15,116.91,52.12
2026-08-18T05:39:16,116.71,51.93
2026-08-18T05:39:17,117.15,52.36
2026-08-18T05:39:18,116.82,52.04
2026-08-18T05:39:19,117.0,52.21
2026-08-18T05:39:20,117.42,52.62
2026-08-18T05:39:21,116.49,51.71
2026-08-18T05:39:22,115.81,51.04
2026-08-18T05:39:23,116.92,52.14
2026-08-18T05:39:24,116.39,51.61
2026-08-18T05:39:25,116.83,52.04
2026-08-18T05:39:26,115.95,51.18
2026-08-18T05:39:27,116.05,51.28
2026-08-18T05:39:28,116.1,51.33
2026-08-18T05:39:29,116.52,51.74
2026-08-18T05:39:30,116.25,51.48
2026-08-18T05:39:31,116.3,51.53
2026-08-18T05:39:32,115.98,51.2
2026-08-18T05:39:33,116.41,51.63
2026-08-18T05:39:34,115.97,51.2
2026-08-18T05:39:35,117.28,52.49
2026-08-18T05:39:36,116.39,51.61
2026-08-18T05:39:37,116.19,51.42
2026-08-18T05:39:38,116.06,51.28
2026-08-18T05:39:39,115.74,50.97
2026-08-18T05:39:40,115.27,50.51
2026-08-18T05:39:41,115.37,50.6
2026-08-18T05:39:42,115.0,50.24
2026-08-18T05:39:43,115.2,50.44
2026-08-18T05:39:44,115.81,51.04
2026-08-18T05:39:45,115.57,50.8
2026-08-18T05:39:46,115.67,50.91
2026-08-18T05:39:47,115.97,51.2
2026-08-18T05:39:48,116.95,52.17
2026-08-18T05:39:49,117.54,52.74
2026-08-18T05:39:50,118.09,53.29
2026-08-18T05:39:51,118.44,53.63
2026-08-18T05:39:52,119.59,54.76
2026-08-18T05:39:53,123.97,59.09
2026-08-18T05:39:54,127.46,62.52
2026-08-18T05:39:55,129.25,64.29
2026-08-18T05:39:56,129.94,64.97
2026-08-18T05:39:57,129.86,64.9
2026-08-18T05:39:58,128.15,63.21
2026-08-18T05:39:59,125.4,60.49
2026-08-18T05:40:00,126.09,61.18
2026-08-18T05:40:01,127.44,62.5
2026-08-18T05:40:02,129.08,64.12
2026-08-18T05:40:03,130.36,65.38
2026-08-18T05:40:04,131.43,66.44
2026-08-18T05:40:05,131.54,66.55
2026-08-18T05:40:06,130.24,65.27
2026-08-18T05:40:07,129.39,64.43
2026-08-18T05:40:08,128.16,63.21
2026-08-18T05:40:09,128.01,63.07
2026-08-18T05:40:10,127.06,62.13
2026-08-18T05:40:11,125.91,61.0
2026-08-18T05:40:12,124.78,59.88
2026-08-18T05:40:13,123.98,59.09
2026-08-18T05:40:14,121.64,56.78
2026-08-18T05:40:15,120.54,55.7
2026-08-18T05:40:16,118.67,53.86
2026-08-18T05:40:17,118.29,53.49
2026-08-18T05:40:18,117.41,52.62
2026-08-18T05:40:19,117.36,52.57
2026-08-18T05:40:20,117.13,52.35
2026-08-18T05:40:21,117.34,52.55
2026-08-18T05:40:22,118.58,53.78
2026-08-18T05:40:23,119.56,54.73
2026-08-18T05:40:24,120.78,55.94
2026-08-18T05:40:25,123.86,58.97
2026-08-18T05:40:26,128.02,63.07
2026-08-18T05:40:27,131.26,66.27
2026-08-18T05:40:28,134.33,69.3
2026-08-18T05:40:29,135.53,70.48
2026-08-18T05:40:30,134.13,69.1
2026-08-18T05:40:31,130.42,65.44
2026-08-18T05:40:32,127.21,62.28
2026-08-18T05:40:33,125.15,60.25
2026-08-18T05:40:34,123.97,59.08
2026-08-18T05:40:35,123.54,58.66
2026-08-18T05:40:36,122.05,57.19
2026-08-18T05:40:37,119.88,55.05
2026-08-18T05:40:38,118.58,53.77
2026-08-18T05:40:39,118.09,53.29
2026-08-18T05:40:40,117.47,52.68
2026-08-18T05:40:41,116.76,51.98
2026-08-18T05:40:42,116.35,51.58
2026-08-18T05:40:43,116.03,51.26
2026-08-18T05:40:44,116.21,51.44
2026-08-18T05:40:45,115.89,51.12
2026-08-18T05:40:46,115.5,50.73
2026-08-18T05:40:47,115.85,51.08
2026-08-18T05:40:48,115.82,51.05
2026-08-18T05:40:49,115.84,51.07
2026-08-18T05:40:50,115.38,50.62
2026-08-18T05:40:51,115.51,50.74
2026-08-18T05:40:52,115.64,50.87
2026-08-18T05:40:53,115.62,50.85
2026-08-18T05:40:54,115.51,50.75
2026-08-18T05:40:55,115.62,50.86
2026-08-18T05:40:56,115.57,50.8
2026-08-18T05:40:57,115.66,50.89
2026-08-18T05:40:58,115.62,50.85
2026-08-18T05:40:59,115.51,50.74
2026-08-18T05:41:00,115.65,50.89
2026-08-18T05:41:01,115.43,50.67
2026-08-18T05:41:02,115.67,50.91
2026-08-18T05:41:03,116.01,51.24
2026-08-18T05:41:04,116.96,52.17
2026-08-18T05:41:05,117.35,52.56
2026-08-18T05:41:06,118.78,53.97
2026-08-18T05:41:07,121.96,57.1
2026-08-18T05:41:08,126.02,61.11
2026-08-18T05:41:09,127.32,62.39
2026-08-18T05:41:10,127.93,62.99
2026-08-18T05:41:11,129.05,64.09
2026-08-18T05:41:12,128.63,63.67
2026-08-18T05:41:13,127.53,62.6
2026-08-18T05:41:14,127.31,62.38
2026-08-18T05:41:15,125.54,60.63
2026-08-18T05:41:16,122.28,57.41
2026-08-18T05:41:17,121.12,56.28
2026-08-18T05:41:18,119.61,54.79
2026-08-18T05:41:19,119.14,54.32
2026-08-18T05:41:20,119.91,55.08
2026-08-18T05:41:21,118.39,53.59
2026-08-18T05:41:22,119.33,54.51
2026-08-18T05:41:23,120.3,55.47
2026-08-18T05:41:24,122.84,57.97
2026-08-18T05:41:25,124.24,59.35
2026-08-18T05:41:26,125.85,60.94
2026-08-18T05:41:27,126.1,61.18
2026-08-18T05:41:28,126.4,61.48
2026-08-18T05:41:29,125.14,60.24
2026-08-18T05:41:30,122.82,57.95
2026-08-18T05:41:31,120.99,56.15
2026-08-18T05:41:32,119.8,54.98
2026-08-18T05:41:33,118.99,54.18
2026-08-18T05:41:34,118.3,53.5
2026-08-18T05:41:35,118.08,53.28
2026-08-18T05:41:36,118.27,53.47
2026-08-18T05:41:37,118.02,53.22
2026-08-18T05:41:38,117.92,53.12
2026-08-18T05:41:39,118.57,53.76
2026-08-18T05:41:40,120.33,55.5
2026-08-18T05:41:41,123.91,59.02
2026-08-18T05:41:42,125.32,60.42
2026-08-18T05:41:43,126.32,61.4
2026-08-18T05:41:44,126.33,61.41
2026-08-18T05:41:45,126.62,61.7
2026-08-18T05:41:46,125.16,60.26
2026-08-18T05:41:47,122.71,57.84
2026-08-18T05:41:48,122.61,57.75
2026-08-18T05:41:49,124.63,59.73
2026-08-18T05:41:50,126.21,61.29
2026-08-18T05:41:51,128.49,63.54
2026-08-18T05:41:52,129.86,64.89
2026-08-18T05:41:53,128.72,63.77
2026-08-18T05:41:54,128.13,63.18
2026-08-18T05:41:55,126.4,61.48
2026-08-18T05:41:56,124.13,59.24
2026-08-18T05:41:57,122.38,57.52
2026-08-18T05:41:58,120.84,56.0
2026-08-18T05:41:59,119.92,55.09
2026-08-18T05:42:00,119.24,54.42
2026-08-18T05:42:01,118.76,53.95
2026-08-18T05:42:02,118.62,53.81
2026-08-18T05:42:03,117.55,52.76
2026-08-18T05:42:04,117.18,52.39
2026-08-18T05:42:05,117.22,52.43
2026-08-18T05:42:06,117.06,52.28
2026-08-18T05:42:07,116.78,51.99
2026-08-18T05:42:08,116.78,52.0
2026-08-18T05:42:09,116.57,51.79
2026-08-18T05:42:10,116.39,51.61
2026-08-18T05:42:11,116.07,51.3
2026-08-18T05:42:12,115.95,51.18
2026-08-18T05:42:13,116.03,51.26
2026-08-18T05:42:14,116.18,51.4
2026-08-18T05:42:15,116.15,51.37
2026-08-18T05:42:16,116.07,51.3
2026-08-18T05:42:17,116.4,51.62
2026-08-18T05:42:18,117.04,52.26
2026-08-18T05:42:19,117.41,52.62
2026-08-18T05:42:20,117.8,53.0
2026-08-18T05:42:21,119.13,54.31
2026-08-18T05:42:22,122.23,57.37
2026-08-18T05:42:23,123.54,58.66
2026-08-18T05:42:24,125.6,60.69
2026-08-18T05:42:25,127.01,62.08
2026-08-18T05:42:26,126.88,61.96
2026-08-18T05:42:27,125.82,60.91
2026-08-18T05:42:28,123.34,58.47
2026-08-18T05:42:29,122.62,57.75
2026-08-18T05:42:30,121.34,56.49
2026-08-18T05:42:31,120.58,55.74
2026-08-18T05:42:32,119.5,54.68
2026-08-18T05:42:33,119.19,54.37
2026-08-18T05:42:34,118.27,53.47
2026-08-18T05:42:35,117.85,53.06
2026-08-18T05:42:36,118.16,53.36
2026-08-18T05:42:37,117.8,53.0
2026-08-18T05:42:38,117.72,52.93
2026-08-18T05:42:39,117.57,52.77
2026-08-18T05:42:40,117.89,53.09
2026-08-18T05:42:41,117.5,52.71
2026-08-18T05:42:42,116.92,52.14
2026-08-18T05:42:43,117.36,52.56
2026-08-18T05:42:44,117.58,52.79
2026-08-18T05:42:45,118.23,53.43
2026-08-18T05:42:46,118.55,53.75
2026-08-18T05:42:47,118.53,53.72
2026-08-18T05:42:48,120.66,55.82
2026-08-18T05:42:49,122.51,57.64
2026-08-18T05:42:50,124.75,59.85
2026-08-18T05:42:51,126.4,61.48
2026-08-18T05:42:52,126.91,61.98
2026-08-18T05:42:53,128.34,63.4
2026-08-18T05:42:54,128.49,63.54
2026-08-18T05:42:55,128.84,63.89
2026-08-18T05:42:56,128.67,63.72
2026-08-18T05:42:57,129.0,64.04
2026-08-18T05:42:58,129.75,64.79
2026-08-18T05:42:59,130.23,65.25
2026-08-18T05:43:00,130.08,65.1
2026-08-18T05:43:01,129.48,64.52
2026-08-18T05:43:02,128.37,63.42
2026-08-18T05:43:03,127.59,62.65
2026-08-18T05:43:04,127.43,62.5
2026-08-18T05:43:05,127.33,62.39
2026-08-18T05:43:06,127.35,62.41
2026-08-18T05:43:07,126.89,61.96
2026-08-18T05:43:08,125.8,60.89
2026-08-18T05:43:09,124.29,59.4
2026-08-18T05:43:10,122.4,57.54
2026-08-18T05:43:11,121.08,56.23
2026-08-18T05:43:12,120.01,55.19
2026-08-18T05:43:13,119.21,54.39
2026-08-18T05:43:14,118.87,54.06
2026-08-18T05:43:15,118.44,53.64
2026-08-18T05:43:16,117.9,53.1
2026-08-18T05:43:17,117.89,53.09
2026-08-18T05:43:18,118.06,53.26
2026-08-18T05:43:19,117.95,53.15
2026-08-18T05:43:20,118.81,54.0
2026-08-18T05:43:21,120.82,55.98
2026-08-18T05:43:22,123.56,58.68
2026-08-18T05:43:23,125.55,60.64
2026-08-18T05:43:24,129.7,64.73
2026-08-18T05:43:25,131.44,66.45
2026-08-18T05:43:26,128.47,63.52
2026-08-18T05:43:27,124.37,59.48
2026-08-18T05:43:28,121.98,57.12
2026-08-18T05:43:29,121.2,56.35
2026-08-18T05:43:30,121.89,57.03
2026-08-18T05:43:31,125.33,60.42
2026-08-18T05:43:32,126.74,61.82
2026-08-18T05:43:33,127.75,62.81
2026-08-18T05:43:34,120.78,55.94
2026-08-18T05:43:35,118.7,53.89
2026-08-18T05:43:36,117.5,52.71
2026-08-18T05:43:37,116.68,51.9
2026-08-18T05:43:38,116.49,51.71
2026-08-18T05:43:39,116.38,51.61
2026-08-18T05:43:40,116.54,51.76
2026-08-18T05:43:41,116.23,51.46
2026-08-18T05:43:42,116.51,51.73
2026-08-18T05:43:43,116.43,51.66
2026-08-18T05:43:44,116.07,51.3
2026-08-18T05:43:45,116.03,51.25
2026-08-18T05:43:46,115.85,51.08
2026-08-18T05:43:47,116.23,51.46
2026-08-18T05:43:48,115.93,51.16
2026-08-18T05:43:49,115.98,51.2
2026-08-18T05:43:50,116.37,51.59
2026-08-18T05:43:51,117.12,52.33
2026-08-18T05:43:52,116.94,52.16
2026-08-18T05:43:53,117.02,52.23
2026-08-18T05:43:54,118.35,53.55
2026-08-18T05:43:55,118.96,54.14
2026-08-18T05:43:56,122.06,57.2
2026-08-18T05:43:57,125.28,60.38
2026-08-18T05:43:58,127.36,62.43
2026-08-18T05:43:59,129.85,64.88
2026-08-18T05:44:00,130.83,65.85
2026-08-18T05:44:01,129.67,64.71
2026-08-18T05:44:02,128.21,63.26
2026-08-18T05:44:03,127.16,62.23
2026-08-18T05:44:04,125.16,60.26
2026-08-18T05:44:05,122.63,57.77
2026-08-18T05:44:06,121.15,56.31
2026-08-18T05:44:07,120.1,55.27
2026-08-18T05:44:08,119.32,54.5
2026-08-18T05:44:09,118.65,53.84
2026-08-18T05:44:10,117.75,52.95
2026-08-18T05:44:11,117.54,52.75
2026-08-18T05:44:12,117.13,52.34
2026-08-18T05:44:13,117.05,52.27
2026-08-18T05:44:14,116.71,51.93
2026-08-18T05:44:15,116.26,51.48
2026-08-18T05:44:16,115.9,51.13
2026-08-18T05:44:17,116.04,51.26
2026-08-18T05:44:18,115.86,51.09
2026-08-18T05:44:19,116.39,51.61
2026-08-18T05:44:20,116.21,51.44
2026-08-18T05:44:21,115.85,51.08
2026-08-18T05:44:22,116.03,51.25
2026-08-18T05:44:23,115.99,51.22
2026-08-18T05:44:24,116.31,51.54
2026-08-18T05:44:25,116.12,51.35
2026-08-18T05:44:26,116.34,51.56
2026-08-18T05:44:27,115.63,50.86
2026-08-18T05:44:28,116.13,51.35
2026-08-18T05:44:29,116.76,51.98
2026-08-18T05:44:30,116.12,51.35
2026-08-18T05:44:31,116.5,51.72
2026-08-18T05:44:32,116.87,52.09
2026-08-18T05:44:33,117.26,52.47
2026-08-18T05:44:34,119.6,54.78
2026-08-18T05:44:35,123.68,58.8
2026-08-18T05:44:36,124.33,59.44
2026-08-18T05:44:37,125.79,60.88
2026-08-18T05:44:38,126.93,62.0
2026-08-18T05:44:39,127.55,62.61
2026-08-18T05:44:40,126.71,61.79
2026-08-18T05:44:41,123.79,58.91
2026-08-18T05:44:42,120.8,55.96
2026-08-18T05:44:43,119.52,54.7
2026-08-18T05:44:44,118.52,53.71
2026-08-18T05:44:45,118.06,53.26
2026-08-18T05:44:46,118.65,53.84
2026-08-18T05:44:47,119.23,54.41
2026-08-18T05:44:48,120.32,55.48
2026-08-18T05:44:49,121.21,56.36
2026-08-18T05:44:50,125.09,60.19
2026-08-18T05:44:51,127.3,62.37
2026-08-18T05:44:52,130.04,65.07
2026-08-18T05:44:53,130.91,65.93
2026-08-18T05:44:54,130.68,65.7
2026-08-18T05:44:55,128.12,63.18
2026-08-18T05:44:56,124.53,59.64
2026-08-18T05:44:57,122.65,57.78
2026-08-18T05:44:58,121.48,56.63
2026-08-18T05:44:59,120.89,56.05
2026-08-18T05:45:00,120.63,55.79
2026-08-18T05:45:01,120.16,55.33
2026-08-18T05:45:02,118.89,54.08
2026-08-18T05:45:03,118.17,53.36
2026-08-18T05:45:04,117.04,52.25
2026-08-18T05:45:05,116.67,51.89
2026-08-18T05:45:06,116.89,52.1
2026-08-18T05:45:07,116.02,51.25
2026-08-18T05:45:08,115.94,51.17
2026-08-18T05:45:09,116.07,51.3
2026-08-18T05:45:10,116.23,51.45
2026-08-18T05:45:11,116.12,51.35
2026-08-18T05:45:12,116.12,51.34
2026-08-18T05:45:13,116.47,51.69
2026-08-18T05:45:14,116.24,51.46
2026-08-18T05:45:15,116.47,51.69
2026-08-18T05:45:16,116.03,51.25
2026-08-18T05:45:17,116.04,51.27
2026-08-18T05:45:18,116.31,51.53
2026-08-18T05:45:19,116.2,51.43
2026-08-18T05:45:20,116.35,51.57
2026-08-18T05:45:21,116.09,51.31
2026-08-18T05:45:22,116.2,51.43
2026-08-18T05:45:23,116.68,51.9
2026-08-18T05:45:24,116.92,52.13
2026-08-18T05:45:25,116.69,51.91
2026-08-18T05:45:26,116.93,52.14
2026-08-18T05:45:27,117.03,52.24
2026-08-18T05:45:28,117.69,52.89
2026-08-18T05:45:29,117.06,52.28
2026-08-18T05:45:30,117.49,52.7
2026-08-18T05:45:31,116.95,52.16
2026-08-18T05:45:32,117.54,52.75
2026-08-18T05:45:33,117.58,52.79
2026-08-18T05:45:34,117.59,52.79
2026-08-18T05:45:35,117.5,52.71
2026-08-18T05:45:36,117.03,52.24
2026-08-18T05:45:37,117.0,52.21
2026-08-18T05:45:38,117.43,52.63
2026-08-18T05:45:39,117.89,53.09
2026-08-18T05:45:40,117.44,52.65
2026-08-18T05:45:41,117.0,52.21
2026-08-18T05:45:42,117.64,52.85
2026-08-18T05:45:43,117.82,53.02
2026-08-18T05:45:44,118.18,53.37
2026-08-18T05:45:45,118.21,53.41
2026-08-18T05:45:46,118.25,53.45
2026-08-18T05:45:47,117.95,53.15
2026-08-18T05:45:48,118.01,53.21
2026-08-18T05:45:49,117.64,52.85
2026-08-18T05:45:50,117.58,52.78
2026-08-18T05:45:51,117.55,52.75
2026-08-18T05:45:52,117.34,52.55
2026-08-18T05:45:53,117.49,52.69
2026-08-18T05:45:54,118.1,53.29
2026-08-18T05:45:55,118.66,53.85
2026-08-18T05:45:56,118.31,53.51
2026-08-18T05:45:57,118.5,53.7
2026-08-18T05:45:58,118.54,53.73
2026-08-18T05:45:59,118.85,54.04
2026-08-18T05:46:00,119.06,54.25
2026-08-18T05:46:01,118.9,54.09
2026-08-18T05:46:02,119.46,54.64
2026-08-18T05:46:03,119.86,55.03
2026-08-18T05:46:04,122.17,57.31
2026-08-18T05:46:05,123.76,58.88
2026-08-18T05:46:06,125.73,60.82
2026-08-18T05:46:07,125.6,60.69
2026-08-18T05:46:08,125.46,60.55
2026-08-18T05:46:09,125.64,60.73
2026-08-18T05:46:10,124.04,59.15
2026-08-18T05:46:11,122.44,57.58
2026-08-18T05:46:12,122.73,57.87
2026-08-18T05:46:13,124.81,59.91
2026-08-18T05:46:14,127.35,62.41
2026-08-18T05:46:15,128.93,63.97
2026-08-18T05:46:16,130.21,65.23
2026-08-18T05:46:17,129.72,64.75
2026-08-18T05:46:18,127.19,62.26
2026-08-18T05:46:19,123.91,59.03
2026-08-18T05:46:20,122.33,57.47
2026-08-18T05:46:21,120.7,55.86
2026-08-18T05:46:22,119.83,55.01
2026-08-18T05:46:23,120.1,55.27
2026-08-18T05:46:24,119.05,54.24
2026-08-18T05:46:25,118.49,53.68
2026-08-18T05:46:26,118.79,53.98
2026-08-18T05:46:27,118.41,53.6
2026-08-18T05:46:28,117.6,52.8
2026-08-18T05:46:29,117.7,52.9
2026-08-18T05:46:30,117.74,52.94
2026-08-18T05:46:31,118.25,53.45
2026-08-18T05:46:32,118.64,53.84
2026-08-18T05:46:33,118.79,53.98
2026-08-18T05:46:34,119.71,54.89
2026-08-18T05:46:35,120.81,55.97
2026-08-18T05:46:36,120.32,55.48
2026-08-18T05:46:37,121.42,56.57
2026-08-18T05:46:38,121.33,56.48
2026-08-18T05:46:39,121.9,57.05
2026-08-18T05:46:40,123.28,58.4
2026-08-18T05:46:41,125.45,60.54
2026-08-18T05:46:42,126.19,61.28
2026-08-18T05:46:43,127.59,62.65
2026-08-18T05:46:44,127.08,62.15
2026-08-18T05:46:45,124.13,59.24
2026-08-18T05:46:46,123.2,58.33
2026-08-18T05:46:47,121.53,56.67
2026-08-18T05:46:48,120.8,55.96
2026-08-18T05:46:49,120.64,55.8
2026-08-18T05:46:50,120.07,55.24
2026-08-18T05:46:51,119.49,54.67
2026-08-18T05:46:52,118.85,54.03
2026-08-18T05:46:53,118.73,53.92
2026-08-18T05:46:54,118.45,53.64
2026-08-18T05:46:55,118.82,54.01
2026-08-18T05:46:56,118.62,53.81
2026-08-18T05:46:57,118.52,53.71
2026-08-18T05:46:58,118.77,53.96
2026-08-18T05:46:59,118.83,54.02
2026-08-18T05:47:00,119.17,54.35
2026-08-18T05:47:01,120.02,55.19
2026-08-18T05:47:02,120.34,55.51
2026-08-18T05:47:03,121.5,56.65
2026-08-18T05:47:04,122.84,57.97
2026-08-18T05:47:05,125.77,60.86
2026-08-18T05:47:06,126.3,61.38
2026-08-18T05:47:07,128.15,63.21
2026-08-18T05:47:08,122.36,57.5
2026-08-18T05:47:09,119.87,55.04
2026-08-18T05:47:10,118.2,53.4
2026-08-18T05:47:11,118.02,53.22
2026-08-18T05:47:12,117.94,53.14
2026-08-18T05:47:13,118.29,53.48
2026-08-18T05:47:14,118.02,53.22
2026-08-18T05:47:15,118.39,53.58
2026-08-18T05:47:16,118.4,53.59
2026-08-18T05:47:17,117.74,52.94
2026-08-18T05:47:18,117.27,52.48
2026-08-18T05:47:19,116.97,52.19
2026-08-18T05:47:20,117.16,52.37
2026-08-18T05:47:21,117.08,52.29
2026-08-18T05:47:22,117.19,52.4
2026-08-18T05:47:23,117.01,52.23
2026-08-18T05:47:24,117.12,52.34
2026-08-18T05:47:25,117.33,52.54
2026-08-18T05:47:26,117.83,53.03
2026-08-18T05:47:27,118.92,54.11
2026-08-18T05:47:28,120.12,55.29
2026-08-18T05:47:29,120.77,55.93
2026-08-18T05:47:30,121.92,57.06
2026-08-18T05:47:31,124.92,60.02
2026-08-18T05:47:32,127.5,62.56
2026-08-18T05:47:33,129.42,64.46
2026-08-18T05:47:34,129.75,64.79
2026-08-18T05:47:35,130.17,65.2
2026-08-18T05:47:36,130.28,65.31
2026-08-18T05:47:37,128.87,63.91
2026-08-18T05:47:38,127.47,62.53
2026-08-18T05:47:39,127.8,62.86
2026-08-18T05:47:40,128.05,63.1
2026-08-18T05:47:41,129.22,64.26
2026-08-18T05:47:42,127.85,62.91
2026-08-18T05:47:43,124.37,59.48
2026-08-18T05:47:44,123.12,58.25
2026-08-18T05:47:45,121.16,56.32
2026-08-18T05:47:46,120.66,55.82
2026-08-18T05:47:47,119.77,54.94
2026-08-18T05:47:48,119.54,54.72
2026-08-18T05:47:49,119.04,54.23
2026-08-18T05:47:50,118.42,53.61
2026-08-18T05:47:51,118.14,53.33
2026-08-18T05:47:52,117.84,53.04
2026-08-18T05:47:53,117.52,52.73
2026-08-18T05:47:54,118.09,53.29
2026-08-18T05:47:55,117.78,52.98
2026-08-18T05:47:56,117.68,52.88
2026-08-18T05:47:57,118.81,53.99
2026-08-18T05:47:58,118.3,53.49
2026-08-18T05:47:59,118.35,53.55
2026-08-18T05:48:00,118.8,53.99
2026-08-18T05:48:01,118.86,54.05
2026-08-18T05:48:02,118.31,53.5
2026-08-18T05:48:03,119.78,54.95
2026-08-18T05:48:04,119.48,54.66
2026-08-18T05:48:05,119.13,54.32
2026-08-18T05:48:06,118.97,54.16
2026-08-18T05:48:07,119.39,54.57
2026-08-18T05:48:08,119.15,54.33
2026-08-18T05:48:09,119.44,54.62
2026-08-18T05:48:10,120.12,55.29
2026-08-18T05:48:11,120.23,55.4
2026-08-18T05:48:12,121.11,56.27
2026-08-18T05:48:13,121.88,57.03
2026-08-18T05:48:14,123.44,58.56
2026-08-18T05:48:15,125.16,60.26
2026-08-18T05:48:16,126.33,61.42
2026-08-18T05:48:17,128.21,63.27
2026-08-18T05:48:18,132.42,67.42
2026-08-18T05:48:19,133.9,68.87
2026-08-18T05:48:20,134.92,69.88
2026-08-18T05:48:21,136.94,71.88
2026-08-18T05:48:22,139.39,74.29
2026-08-18T05:48:23,140.96,75.83
2026-08-18T05:48:24,133.68,68.66
2026-08-18T05:48:25,130.58,65.6
2026-08-18T05:48:26,128.3,63.35
2026-08-18T05:48:27,128.92,63.96
2026-08-18T05:48:28,126.1,61.19
2026-08-18T05:48:29,126.02,61.11
2026-08-18T05:48:30,124.86,59.96
2026-08-18T05:48:31,124.57,59.67
2026-08-18T05:48:32,125.65,60.74
2026-08-18T05:48:33,126.72,61.8
2026-08-18T05:48:34,126.41,61.49
2026-08-18T05:48:35,124.59,59.7
2026-08-18T05:48:36,122.07,57.21
2026-08-18T05:48:37,120.74,55.9
2026-08-18T05:48:38,119.83,55.0
2026-08-18T05:48:39,118.56,53.75
2026-08-18T05:48:40,118.45,53.64
2026-08-18T05:48:41,119.18,54.37
2026-08-18T05:48:42,118.65,53.84
2026-08-18T05:48:43,118.92,54.1
2026-08-18T05:48:44,117.71,52.91
2026-08-18T05:48:45,117.83,53.03
2026-08-18T05:48:46,118.09,53.29
2026-08-18T05:48:47,118.78,53.97
2026-08-18T05:48:48,119.99,55.16
2026-08-18T05:48:49,121.05,56.21
2026-08-18T05:48:50,122.94,58.07
2026-08-18T05:48:51,127.11,62.18
2026-08-18T05:48:52,130.18,65.21
2026-08-18T05:48:53,131.42,66.43
2026-08-18T05:48:54,131.27,66.29
2026-08-18T05:48:55,129.22,64.26
2026-08-18T05:48:56,124.4,59.51
2026-08-18T05:48:57,121.87,57.01
2026-08-18T05:48:58,120.98,56.14
2026-08-18T05:48:59,120.79,55.95
2026-08-18T05:49:00,121.36,56.51
2026-08-18T05:49:01,120.48,55.64
2026-08-18T05:49:02,119.88,55.06
2026-08-18T05:49:03,119.28,54.47
2026-08-18T05:49:04,119.79,54.97
2026-08-18T05:49:05,121.19,56.34
2026-08-18T05:49:06,121.32,56.47
2026-08-18T05:49:07,124.51,59.62
2026-08-18T05:49:08,127.21,62.28
2026-08-18T05:49:09,132.05,67.05
2026-08-18T05:49:10,135.12,70.08
2026-08-18T05:49:11,135.78,70.72
2026-08-18T05:49:12,133.36,68.34
2026-08-18T05:49:13,130.76,65.78
2026-08-18T05:49:14,129.32,64.36
2026-08-18T05:49:15,127.68,62.74
2026-08-18T05:49:16,125.96,61.05
2026-08-18T05:49:17,124.55,59.65
2026-08-18T05:49:18,123.06,58.19
2026-08-18T05:49:19,122.27,57.41
2026-08-18T05:49:20,121.76,56.9
2026-08-18T05:49:21,120.19,55.36
2026-08-18T05:49:22,120.24,55.41
2026-08-18T05:49:23,119.99,55.16
2026-08-18T05:49:24,119.45,54.63
2026-08-18T05:49:25,119.07,54.25
2026-08-18T05:49:26,118.69,53.88
2026-08-18T05:49:27,118.38,53.58
2026-08-18T05:49:28,118.19,53.39
2026-08-18T05:49:29,117.9,53.1
2026-08-18T05:49:30,117.21,52.42
2026-08-18T05:49:31,117.63,52.84
2026-08-18T05:49:32,117.47,52.67
2026-08-18T05:49:33,118.18,53.38
2026-08-18T05:49:34,118.53,53.73
2026-08-18T05:49:35,119.16,54.34
2026-08-18T05:49:36,118.17,53.37
2026-08-18T05:49:37,118.12,53.31
2026-08-18T05:49:38,118.08,53.28
2026-08-18T05:49:39,117.25,52.46
2026-08-18T05:49:40,117.14,52.36
2026-08-18T05:49:41,117.62,52.83
2026-08-18T05:49:42,117.49,52.69
2026-08-18T05:49:43,116.94,52.15
2026-08-18T05:49:44,117.34,52.55
2026-08-18T05:49:45,117.32,52.53
2026-08-18T05:49:46,117.5,52.7
2026-08-18T05:49:47,117.73,52.93
2026-08-18T05:49:48,117.61,52.81
2026-08-18T05:49:49,118.06,53.26
2026-08-18T05:49:50,117.96,53.16
2026-08-18T05:49:51,118.64,53.83
2026-08-18T05:49:52,119.37,54.55
2026-08-18T05:49:53,119.82,54.99
2026-08-18T05:49:54,121.89,57.04
2026-08-18T05:49:55,125.13,60.23
2026-08-18T05:49:56,128.45,63.5
2026-08-18T05:49:57,129.72,64.75
2026-08-18T05:49:58,130.26,65.28
2026-08-18T05:49:59,130.02,65.05
2026-08-18T05:50:00,127.55,62.61
2026-08-18T05:50:01,123.26,58.38
2026-08-18T05:50:02,122.78,57.91
2026-08-18T05:50:03,122.07,57.22
2026-08-18T05:50:04,121.21,56.37
2026-08-18T05:50:05,120.13,55.3
2026-08-18T05:50:06,120.45,55.61
2026-08-18T05:50:07,122.12,57.26
2026-08-18T05:50:08,123.14,58.27
2026-08-18T05:50:09,124.83,59.93
2026-08-18T05:50:10,126.17,61.26
2026-08-18T05:50:11,128.59,63.64
2026-08-18T05:50:12,130.3,65.33
2026-08-18T05:50:13,133.12,68.1
2026-08-18T05:50:14,132.85,67.84
2026-08-18T05:50:15,129.69,64.73
2026-08-18T05:50:16,127.14,62.21
2026-08-18T05:50:17,124.89,59.99
2026-08-18T05:50:18,124.72,59.82
2026-08-18T05:50:19,125.59,60.68
2026-08-18T05:50:20,125.73,60.82
2026-08-18T05:50:21,127.91,62.97
2026-08-18T05:50:22,130.24,65.27
2026-08-18T05:50:23,130.97,65.99
2026-08-18T05:50:24,130.93,65.94
2026-08-18T05:50:25,130.94,65.96
2026-08-18T05:50:26,130.86,65.88
2026-08-18T05:50:27,131.02,66.03
2026-08-18T05:50:28,131.68,66.69
2026-08-18T05:50:29,130.24,65.27
2026-08-18T05:50:30,128.5,63.55
2026-08-18T05:50:31,126.56,61.64
2026-08-18T05:50:32,125.7,60.79
2026-08-18T05:50:33,124.76,59.87
2026-08-18T05:50:34,126.23,61.31
2026-08-18T05:50:35,127.2,62.27
2026-08-18T05:50:36,128.53,63.58
2026-08-18T05:50:37,129.87,64.9
2026-08-18T05:50:38,130.62,65.64
2026-08-18T05:50:39,129.93,64.96
2026-08-18T05:50:40,129.16,64.2
2026-08-18T05:50:41,128.93,63.98
2026-08-18T05:50:42,126.88,61.95
2026-08-18T05:50:43,125.1,60.2
2026-08-18T05:50:44,124.88,59.98
2026-08-18T05:50:45,125.45,60.54
2026-08-18T05:50:46,127.63,62.69
2026-08-18T05:50:47,129.15,64.19
2026-08-18T05:50:48,130.99,66.0
2026-08-18T05:50:49,130.58,65.6
2026-08-18T05:50:50,124.92,60.02
2026-08-18T05:50:51,121.85,57.0
2026-08-18T05:50:52,120.09,55.26
2026-08-18T05:50:53,119.65,54.83
2026-08-18T05:50:54,120.65,55.81
2026-08-18T05:50:55,121.91,57.06
2026-08-18T05:50:56,123.01,58.13
2026-08-18T05:50:57,120.0,55.18
2026-08-18T05:50:58,120.1,55.27
2026-08-18T05:50:59,119.79,54.97
2026-08-18T05:51:00,120.28,55.44
2026-08-18T05:51:01,120.73,55.89
2026-08-18T05:51:02,119.54,54.71
2026-08-18T05:51:03,118.6,53.79
2026-08-18T05:51:04,118.13,53.33
2026-08-18T05:51:05,118.88,54.07
2026-08-18T05:51:06,119.35,54.53
2026-08-18T05:51:07,120.2,55.37
2026-08-18T05:51:08,122.32,57.46
2026-08-18T05:51:09,126.24,61.33
2026-08-18T05:51:10,126.42,61.5
2026-08-18T05:51:11,126.65,61.72
2026-08-18T05:51:12,126.26,61.35
2026-08-18T05:51:13,126.2,61.28
2026-08-18T05:51:14,124.29,59.4
2026-08-18T05:51:15,122.15,57.29
2026-08-18T05:51:16,120.53,55.69
2026-08-18T05:51:17,119.35,54.54
2026-08-18T05:51:18,118.09,53.29
2026-08-18T05:51:19,120.35,55.52
2026-08-18T05:51:20,118.61,53.8
2026-08-18T05:51:21,118.53,53.72
2026-08-18T05:51:22,118.52,53.71
2026-08-18T05:51:23,118.3,53.49
2026-08-18T05:51:24,117.85,53.05
2026-08-18T05:51:25,118.06,53.26
2026-08-18T05:51:26,118.01,53.21
2026-08-18T05:51:27,117.66,52.87
2026-08-18T05:51:28,118.26,53.46
2026-08-18T05:51:29,118.61,53.8
2026-08-18T05:51:30,118.55,53.74
2026-08-18T05:51:31,118.16,53.35
2026-08-18T05:51:32,119.0,54.19
2026-08-18T05:51:33,119.14,54.32
2026-08-18T05:51:34,118.4,53.59
2026-08-18T05:51:35,118.59,53.78
2026-08-18T05:51:36,118.5,53.69
2026-08-18T05:51:37,118.91,54.1
2026-08-18T05:51:38,120.23,55.4
2026-08-18T05:51:39,119.69,54.87
2026-08-18T05:51:40,120.7,55.86
2026-08-18T05:51:41,120.04,55.21
2026-08-18T05:51:42,120.19,55.36
2026-08-18T05:51:43,120.62,55.78
2026-08-18T05:51:44,120.36,55.53
2026-08-18T05:51:45,121.18,56.33
2026-08-18T05:51:46,121.29,56.44
2026-08-18T05:51:47,120.95,56.11
2026-08-18T05:51:48,120.68,55.84
2026-08-18T05:51:49,120.55,55.71
2026-08-18T05:51:50,119.5,54.68
2026-08-18T05:51:51,118.29,53.49
2026-08-18T05:51:52,118.13,53.32
2026-08-18T05:51:53,118.7,53.89
2026-08-18T05:51:54,118.06,53.26
2026-08-18T05:51:55,117.79,52.99
2026-08-18T05:51:56,117.59,52.79
2026-08-18T05:51:57,116.85,52.07
2026-08-18T05:51:58,116.92,52.13
2026-08-18T05:51:59,117.44,52.65
2026-08-18T05:52:00,117.22,52.43
2026-08-18T05:52:01,117.57,52.78
2026-08-18T05:52:02,117.1,52.31
2026-08-18T05:52:03,117.72,52.92
2026-08-18T05:52:04,118.03,53.23
2026-08-18T05:52:05,118.01,53.21
2026-08-18T05:52:06,117.82,53.02
2026-08-18T05:52:07,118.14,53.33
2026-08-18T05:52:08,118.15,53.35
2026-08-18T05:52:09,118.74,53.93
2026-08-18T05:52:10,118.39,53.58
2026-08-18T05:52:11,119.8,54.97
2026-08-18T05:52:12,121.26,56.42
2026-08-18T05:52:13,122.9,58.03
2026-08-18T05:52:14,126.16,61.24
2026-08-18T05:52:15,129.3,64.34
2026-08-18T05:52:16,131.51,66.52
2026-08-18T05:52:17,129.17,64.21
2026-08-18T05:52:18,128.71,63.76
2026-08-18T05:52:19,129.62,64.66
2026-08-18T05:52:20,124.23,59.34
2026-08-18T05:52:21,121.85,56.99
2026-08-18T05:52:22,119.95,55.12
2026-08-18T05:52:23,119.48,54.66
2026-08-18T05:52:24,118.57,53.76
2026-08-18T05:52:25,119.42,54.6
2026-08-18T05:52:26,119.51,54.69
2026-08-18T05:52:27,120.15,55.32
2026-08-18T05:52:28,119.64,54.81
2026-08-18T05:52:29,118.89,54.08
2026-08-18T05:52:30,118.39,53.59
2026-08-18T05:52:31,117.89,53.09
2026-08-18T05:52:32,117.29,52.5
2026-08-18T05:52:33,117.19,52.4
2026-08-18T05:52:34,117.29,52.49
2026-08-18T05:52:35,117.27,52.48
2026-08-18T05:52:36,117.31,52.52
2026-08-18T05:52:37,116.27,51.5
2026-08-18T05:52:38,116.63,51.85
2026-08-18T05:52:39,116.59,51.81
2026-08-18T05:52:40,116.95,52.17
2026-08-18T05:52:41,117.04,52.25
2026-08-18T05:52:42,116.84,52.06
2026-08-18T05:52:43,116.84,52.05
2026-08-18T05:52:44,116.7,51.92
2026-08-18T05:52:45,116.87,52.09
2026-08-18T05:52:46,118.17,53.37
2026-08-18T05:52:47,117.76,52.96
2026-08-18T05:52:48,117.25,52.46
2026-08-18T05:52:49,117.17,52.38
2026-08-18T05:52:50,116.88,52.09
2026-08-18T05:52:51,117.8,53.0
2026-08-18T05:52:52,118.77,53.96
2026-08-18T05:52:53,119.0,54.18
2026-08-18T05:52:54,119.04,54.22
2026-08-18T05:52:55,119.0,54.19
2026-08-18T05:52:56,117.63,52.83
2026-08-18T05:52:57,117.99,53.19
2026-08-18T05:52:58,119.45,54.63
2026-08-18T05:52:59,119.44,54.62
2026-08-18T05:53:00,118.01,53.21
2026-08-18T05:53:01,118.33,53.52
2026-08-18T05:53:02,118.3,53.5
2026-08-18T05:53:03,118.66,53.85
2026-08-18T05:53:04,117.83,53.03
2026-08-18T05:53:05,118.21,53.41
2026-08-18T05:53:06,118.56,53.75
2026-08-18T05:53:07,119.27,54.45
2026-08-18T05:53:08,120.39,55.56
2026-08-18T05:53:09,120.49,55.66
2026-08-18T05:53:10,120.27,55.44
2026-08-18T05:53:11,118.54,53.74
2026-08-18T05:53:12,119.11,54.29
2026-08-18T05:53:13,119.87,55.04
2026-08-18T05:53:14,118.73,53.92
2026-08-18T05:53:15,119.34,54.52
2026-08-18T05:53:16,119.78,54.95
2026-08-18T05:53:17,120.27,55.43
2026-08-18T05:53:18,120.03,55.21
2026-08-18T05:53:19,119.92,55.09
2026-08-18T05:53:20,118.91,54.1
2026-08-18T05:53:21,118.58,53.77
2026-08-18T05:53:22,118.6,53.79
2026-08-18T05:53:23,118.09,53.29
2026-08-18T05:53:24,117.98,53.18
2026-08-18T05:53:25,119.15,54.33
2026-08-18T05:53:26,119.9,55.07
2026-08-18T05:53:27,119.3,54.48
2026-08-18T05:53:28,120.69,55.85
2026-08-18T05:53:29,121.52,56.67
2026-08-18T05:53:30,124.61,59.72
2026-08-18T05:53:31,125.02,60.12
2026-08-18T05:53:32,125.46,60.55
2026-08-18T05:53:33,126.3,61.39
2026-08-18T05:53:34,127.26,62.33
2026-08-18T05:53:35,127.43,62.5
2026-08-18T05:53:36,128.49,63.54
2026-08-18T05:53:37,128.49,63.54
2026-08-18T05:53:38,126.83,61.9
2026-08-18T05:53:39,124.48,59.59
2026-08-18T05:53:40,123.77,58.88
2026-08-18T05:53:41,123.55,58.67
2026-08-18T05:53:42,120.99,56.15
2026-08-18T05:53:43,121.87,57.02
2026-08-18T05:53:44,121.81,56.95
2026-08-18T05:53:45,121.2,56.36
2026-08-18T05:53:46,120.42,55.58
2026-08-18T05:53:47,120.76,55.93
2026-08-18T05:53:48,122.1,57.25
2026-08-18T05:53:49,124.38,59.49
2026-08-18T05:53:50,126.53,61.61
2026-08-18T05:53:51,126.46,61.54
2026-08-18T05:53:52,126.52,61.6
2026-08-18T05:53:53,127.11,62.18
2026-08-18T05:53:54,129.26,64.3
2026-08-18T05:53:55,131.95,66.95
2026-08-18T05:53:56,131.66,66.67
2026-08-18T05:53:57,128.71,63.75
2026-08-18T05:53:58,127.28,62.35
2026-08-18T05:53:59,128.07,63.13
2026-08-18T05:54:00,127.1,62.17
2026-08-18T05:54:01,125.38,60.48
2026-08-18T05:54:02,123.09,58.22
2026-08-18T05:54:03,122.15,57.29
2026-08-18T05:54:04,120.56,55.72
2026-08-18T05:54:05,119.78,54.96
2026-08-18T05:54:06,119.06,54.25
2026-08-18T05:54:07,118.63,53.82
2026-08-18T05:54:08,118.51,53.7
2026-08-18T05:54:09,117.88,53.08
2026-08-18T05:54:10,117.83,53.03
2026-08-18T05:54:11,117.69,52.89
2026-08-18T05:54:12,117.69,52.9
2026-08-18T05:54:13,118.49,53.69
2026-08-18T05:54:14,118.49,53.68
2026-08-18T05:54:15,118.28,53.48
2026-08-18T05:54:16,117.78,52.98
2026-08-18T05:54:17,118.07,53.27
2026-08-18T05:54:18,118.54,53.73
2026-08-18T05:54:19,119.19,54.37
2026-08-18T05:54:20,118.47,53.66
2026-08-18T05:54:21,120.13,55.3
2026-08-18T05:54:22,122.34,57.47
2026-08-18T05:54:23,121.75,56.9
2026-08-18T05:54:24,124.21,59.32
2026-08-18T05:54:25,126.89,61.96
2026-08-18T05:54:26,127.56,62.62
2026-08-18T05:54:27,124.45,59.56
2026-08-18T05:54:28,121.63,56.78
2026-08-18T05:54:29,122.55,57.69
2026-08-18T05:54:30,122.19,57.33
2026-08-18T05:54:31,129.25,64.29
2026-08-18T05:54:32,128.09,63.15
2026-08-18T05:54:33,126.86,61.94
2026-08-18T05:54:34,132.33,67.33
2026-08-18T05:54:35,136.62,71.56
2026-08-18T05:54:36,138.45,73.36
2026-08-18T05:54:37,139.34,74.23
2026-08-18T05:54:38,146.49,81.29
2026-08-18T05:54:39,149.59,84.34
2026-08-18T05:54:40,153.17,87.87
2026-08-18T05:54:41,154.51,89.19
2026-08-18T05:54:42,152.03,86.74
2026-08-18T05:54:43,148.71,83.48
2026-08-18T05:54:44,150.12,84.87
2026-08-18T05:54:45,145.56,80.37
2026-08-18T05:54:46,143.87,78.7
2026-08-18T05:54:47,140.94,75.81
2026-08-18T05:54:48,137.98,72.9
2026-08-18T05:54:49,135.86,70.8
2026-08-18T05:54:50,132.63,67.62
2026-08-18T05:54:51,131.78,66.79
2026-08-18T05:54:52,130.78,65.8
2026-08-18T05:54:53,129.85,64.88
2026-08-18T05:54:54,130.0,65.03
2026-08-18T05:54:55,128.24,63.29
2026-08-18T05:54:56,127.94,63.0
2026-08-18T05:54:57,124.08,59.2
2026-08-18T05:54:58,124.02,59.13
2026-08-18T05:54:59,123.92,59.04
2026-08-18T05:55:00,123.95,59.07
2026-08-18T05:55:01,123.17,58.29
2026-08-18T05:55:02,122.49,57.62
2026-08-18T05:55:03,122.52,57.66
2026-08-18T05:55:04,122.73,57.86
2026-08-18T05:55:05,122.35,57.49
2026-08-18T05:55:06,123.2,58.33
2026-08-18T05:55:07,125.74,60.83
2026-08-18T05:55:08,126.84,61.91
2026-08-18T05:55:09,128.88,63.92
2026-08-18T05:55:10,131.09,66.11
2026-08-18T05:55:11,127.8,62.86
2026-08-18T05:55:12,127.57,62.63
2026-08-18T05:55:13,128.56,63.61
2026-08-18T05:55:14,129.44,64.48
2026-08-18T05:55:15,129.49,64.53
2026-08-18T05:55:16,129.05,64.09
2026-08-18T05:55:17,128.86,63.9
2026-08-18T05:55:18,127.77,62.83
2026-08-18T05:55:19,126.55,61.63
2026-08-18T05:55:20,124.53,59.64
2026-08-18T05:55:21,123.23,58.36
2026-08-18T05:55:22,122.52,57.66
2026-08-18T05:55:23,121.68,56.83
2026-08-18T05:55:24,121.4,56.55
2026-08-18T05:55:25,122.09,57.23
2026-08-18T05:55:26,124.61,59.72
2026-08-18T05:55:27,126.74,61.82
2026-08-18T05:55:28,129.03,64.07
2026-08-18T05:55:29,129.91,64.94
2026-08-18T05:55:30,129.81,64.85
2026-08-18T05:55:31,128.41,63.46
2026-08-18T05:55:32,126.62,61.7
2026-08-18T05:55:33,126.14,61.23
2026-08-18T05:55:34,126.98,62.05
2026-08-18T05:55:35,127.96,63.01
2026-08-18T05:55:36,128.42,63.47
2026-08-18T05:55:37,128.76,63.81
2026-08-18T05:55:38,128.72,63.77
2026-08-18T05:55:39,128.08,63.13
2026-08-18T05:55:40,127.36,62.42
2026-08-18T05:55:41,127.5,62.57
2026-08-18T05:55:42,127.92,62.98
2026-08-18T05:55:43,128.29,63.34
2026-08-18T05:55:44,128.33,63.38
2026-08-18T05:55:45,125.64,60.73
2026-08-18T05:55:46,124.27,59.38
2026-08-18T05:55:47,122.25,57.39
2026-08-18T05:55:48,120.8,55.96
2026-08-18T05:55:49,120.25,55.42
2026-08-18T05:55:50,119.37,54.55
2026-08-18T05:55:51,119.16,54.34
2026-08-18T05:55:52,118.74,53.93
2026-08-18T05:55:53,117.75,52.95
2026-08-18T05:55:54,117.7,52.91
2026-08-18T05:55:55,117.62,52.82
2026-08-18T05:55:56,117.39,52.6
2026-08-18T05:55:57,117.6,52.81
2026-08-18T05:55:58,117.71,52.91
2026-08-18T05:55:59,118.04,53.24
2026-08-18T05:56:00,117.67,52.87
2026-08-18T05:56:01,117.8,53.01
2026-08-18T05:56:02,117.7,52.9
2026-08-18T05:56:03,117.9,53.1
2026-08-18T05:56:04,117.61,52.82
2026-08-18T05:56:05,117.57,52.78
2026-08-18T05:56:06,117.33,52.54
2026-08-18T05:56:07,116.94,52.16
2026-08-18T05:56:08,116.89,52.11
2026-08-18T05:56:09,116.76,51.97
2026-08-18T05:56:10,116.58,51.8
2026-08-18T05:56:11,116.82,52.04
2026-08-18T05:56:12,116.99,52.21
2026-08-18T05:56:13,117.25,52.46
2026-08-18T05:56:14,117.04,52.25
2026-08-18T05:56:15,117.2,52.41
2026-08-18T05:56:16,117.58,52.78
2026-08-18T05:56:17,118.03,53.23
2026-08-18T05:56:18,117.53,52.74
2026-08-18T05:56:19,118.37,53.56
2026-08-18T05:56:20,118.38,53.57
2026-08-18T05:56:21,118.86,54.05
2026-08-18T05:56:22,120.48,55.65
2026-08-18T05:56:23,125.58,60.67
2026-08-18T05:56:24,127.95,63.01
2026-08-18T05:56:25,129.98,65.01
2026-08-18T05:56:26,129.79,64.82
2026-08-18T05:56:27,129.1,64.14
2026-08-18T05:56:28,127.07,62.15
2026-08-18T05:56:29,123.83,58.95
2026-08-18T05:56:30,122.23,57.37
2026-08-18T05:56:31,123.08,58.21
2026-08-18T05:56:32,125.65,60.74
2026-08-18T05:56:33,127.28,62.35
2026-08-18T05:56:34,127.34,62.41
2026-08-18T05:56:35,127.66,62.72
2026-08-18T05:56:36,127.68,62.74
2026-08-18T05:56:37,125.37,60.47
2026-08-18T05:56:38,122.27,57.41
2026-08-18T05:56:39,120.74,55.9
2026-08-18T05:56:40,120.41,55.58
2026-08-18T05:56:41,121.51,56.66
2026-08-18T05:56:42,120.65,55.82
2026-08-18T05:56:43,118.61,53.8
2026-08-18T05:56:44,117.88,53.08
2026-08-18T05:56:45,118.17,53.37
2026-08-18T05:56:46,117.99,53.19
2026-08-18T05:56:47,119.16,54.34
2026-08-18T05:56:48,118.88,54.06
2026-08-18T05:56:49,118.58,53.77
2026-08-18T05:56:50,118.99,54.18
2026-08-18T05:56:51,120.17,55.34
2026-08-18T05:56:52,118.72,53.91
2026-08-18T05:56:53,118.7,53.89
2026-08-18T05:56:54,117.44,52.65
2026-08-18T05:56:55,117.34,52.55
2026-08-18T05:56:56,117.36,52.57
2026-08-18T05:56:57,116.93,52.15
2026-08-18T05:56:58,116.9,52.11
2026-08-18T05:56:59,117.12,52.33
2026-08-18T05:57:00,117.04,52.26
2026-08-18T05:57:01,116.56,51.78
2026-08-18T05:57:02,117.94,53.14
2026-08-18T05:57:03,117.67,52.87
2026-08-18T05:57:04,117.48,52.69
2026-08-18T05:57:05,117.56,52.76
2026-08-18T05:57:06,117.18,52.4
2026-08-18T05:57:07,117.52,52.73
2026-08-18T05:57:08,117.63,52.83
2026-08-18T05:57:09,117.37,52.58
2026-08-18T05:57:10,117.46,52.67
2026-08-18T05:57:11,117.83,53.03
2026-08-18T05:57:12,118.25,53.45
2026-08-18T05:57:13,117.74,52.94
2026-08-18T05:57:14,117.74,52.94
2026-08-18T05:57:15,117.1,52.31
2026-08-18T05:57:16,116.84,52.06
2026-08-18T05:57:17,117.05,52.26
2026-08-18T05:57:18,116.83,52.04
2026-08-18T05:57:19,117.21,52.42
2026-08-18T05:57:20,118.26,53.46
2026-08-18T05:57:21,118.28,53.48
2026-08-18T05:57:22,118.34,53.53
2026-08-18T05:57:23,117.68,52.88
2026-08-18T05:57:24,117.56,52.77
2026-08-18T05:57:25,117.29,52.5
2026-08-18T05:57:26,117.18,52.39
2026-08-18T05:57:27,117.73,52.94
2026-08-18T05:57:28,117.63,52.83
2026-08-18T05:57:29,117.65,52.86
2026-08-18T05:57:30,117.55,52.76
2026-08-18T05:57:31,117.03,52.25
2026-08-18T05:57:32,117.7,52.9
2026-08-18T05:57:33,118.03,53.23
2026-08-18T05:57:34,117.92,53.12
2026-08-18T05:57:35,118.37,53.57
2026-08-18T05:57:36,119.39,54.57
2026-08-18T05:57:37,119.02,54.21
2026-08-18T05:57:38,119.13,54.32
2026-08-18T05:57:39,119.12,54.31
2026-08-18T05:57:40,119.52,54.7
2026-08-18T05:57:41,119.37,54.55
2026-08-18T05:57:42,120.22,55.39
2026-08-18T05:57:43,119.67,54.84
2026-08-18T05:57:44,119.1,54.28
2026-08-18T05:57:45,119.19,54.37
2026-08-18T05:57:46,119.53,54.71
2026-08-18T05:57:47,120.39,55.56
2026-08-18T05:57:48,121.24,56.39
2026-08-18T05:57:49,122.45,57.59
2026-08-18T05:57:50,123.7,58.82
2026-08-18T05:57:51,124.23,59.35
2026-08-18T05:57:52,127.67,62.73
2026-08-18T05:57:53,130.44,65.47
2026-08-18T05:57:54,132.55,67.55
2026-08-18T05:57:55,135.92,70.87
2026-08-18T05:57:56,139.18,74.08
2026-08-18T05:57:57,142.12,76.97
2026-08-18T05:57:58,142.69,77.54
2026-08-18T05:57:59,142.7,77.55
2026-08-18T05:58:00,140.08,74.96
2026-08-18T05:58:01,137.06,71.99
2026-08-18T05:58:02,133.34,68.32
2026-08-18T05:58:03,129.75,64.78
2026-08-18T05:58:04,128.16,63.21
2026-08-18T05:58:05,128.33,63.38
2026-08-18T05:58:06,126.48,61.56
2026-08-18T05:58:07,124.51,59.61
2026-08-18T05:58:08,123.74,58.85
2026-08-18T05:58:09,122.7,57.83
2026-08-18T05:58:10,122.15,57.29
2026-08-18T05:58:11,122.23,57.37
2026-08-18T05:58:12,124.67,59.77
2026-08-18T05:58:13,125.81,60.89
2026-08-18T05:58:14,126.49,61.57
2026-08-18T05:58:15,127.59,62.65
2026-08-18T05:58:16,128.41,63.46
2026-08-18T05:58:17,129.37,64.41
2026-08-18T05:58:18,129.94,64.97
2026-08-18T05:58:19,130.24,65.26
2026-08-18T05:58:20,130.23,65.26
2026-08-18T05:58:21,129.98,65.01
2026-08-18T05:58:22,129.25,64.29
2026-08-18T05:58:23,126.94,62.01
2026-08-18T05:58:24,124.42,59.53
2026-08-18T05:58:25,122.94,58.07
2026-08-18T05:58:26,121.82,56.96
2026-08-18T05:58:27,120.69,55.85
2026-08-18T05:58:28,120.69,55.85
2026-08-18T05:58:29,119.96,55.13
2026-08-18T05:58:30,119.44,54.62
2026-08-18T05:58:31,118.95,54.14
2026-08-18T05:58:32,117.83,53.04
2026-08-18T05:58:33,117.65,52.85
2026-08-18T05:58:34,117.73,52.94
2026-08-18T05:58:35,117.7,52.91
2026-08-18T05:58:36,117.76,52.96
2026-08-18T05:58:37,117.67,52.88
2026-08-18T05:58:38,117.87,53.08
2026-08-18T05:58:39,117.47,52.68
2026-08-18T05:58:40,117.74,52.94
2026-08-18T05:58:41,117.33,52.54
2026-08-18T05:58:42,117.34,52.55
2026-08-18T05:58:43,116.85,52.06
2026-08-18T05:58:44,117.32,52.53
2026-08-18T05:58:45,117.9,53.1
2026-08-18T05:58:46,117.8,53.0
2026-08-18T05:58:47,117.46,52.67
2026-08-18T05:58:48,117.59,52.79
2026-08-18T05:58:49,117.63,52.83
2026-08-18T05:58:50,117.47,52.68
2026-08-18T05:58:51,118.2,53.39
2026-08-18T05:58:52,118.08,53.28
2026-08-18T05:58:53,118.72,53.91
2026-08-18T05:58:54,118.01,53.21
2026-08-18T05:58:55,118.4,53.59
2026-08-18T05:58:56,118.93,54.11
2026-08-18T05:58:57,118.78,53.97
2026-08-18T05:58:58,118.64,53.83
2026-08-18T05:58:59,118.87,54.06
2026-08-18T05:59:00,118.83,54.01
2026-08-18T05:59:01,118.89,54.07
2026-08-18T05:59:02,119.63,54.81
2026-08-18T05:59:03,119.26,54.44
2026-08-18T05:59:04,120.34,55.5
2026-08-18T05:59:05,119.51,54.69
2026-08-18T05:59:06,119.29,54.48
2026-08-18T05:59:07,119.46,54.64
2026-08-18T05:59:08,119.19,54.38
2026-08-18T05:59:09,118.63,53.82
2026-08-18T05:59:10,119.15,54.33
2026-08-18T05:59:11,119.0,54.18
2026-08-18T05:59:12,118.62,53.81
2026-08-18T05:59:13,117.77,52.97
2026-08-18T05:59:14,117.91,53.11
2026-08-18T05:59:15,117.98,53.18
2026-08-18T05:59:16,118.32,53.51
2026-08-18T05:59:17,117.83,53.03
2026-08-18T05:59:18,118.2,53.39
2026-08-18T05:59:19,118.4,53.6
2026-08-18T05:59:20,117.92,53.12
2026-08-18T05:59:21,117.67,52.87
2026-08-18T05:59:22,117.89,53.09
2026-08-18T05:59:23,118.05,53.25
2026-08-18T05:59:24,117.21,52.42
2026-08-18T05:59:25,117.74,52.94
2026-08-18T05:59:26,118.0,53.2
2026-08-18T05:59:27,118.3,53.5
2026-08-18T05:59:28,118.05,53.25
2026-08-18T05:59:29,118.64,53.83
2026-08-18T05:59:30,118.38,53.57
2026-08-18T05:59:31,117.83,53.03
2026-08-18T05:59:32,117.84,53.04
2026-08-18T05:59:33,117.63,52.84
2026-08-18T05:59:34,117.85,53.05
2026-08-18T05:59:35,117.48,52.69
2026-08-18T05:59:36,117.23,52.44
2026-08-18T05:59:37,117.26,52.47
2026-08-18T05:59:38,117.15,52.37
2026-08-18T05:59:39,117.05,52.26
2026-08-18T05:59:40,117.69,52.89
2026-08-18T05:59:41,118.18,53.38
2026-08-18T05:59:42,118.03,53.22
2026-08-18T05:59:43,117.91,53.11
2026-08-18T05:59:44,117.52,52.73
2026-08-18T05:59:45,117.95,53.15
2026-08-18T05:59:46,117.43,52.64
2026-08-18T05:59:47,117.57,52.77
2026-08-18T05:59:48,117.75,52.95
2026-08-18T05:59:49,117.55,52.76
2026-08-18T05:59:50,117.68,52.88
2026-08-18T05:59:51,118.56,53.75
2026-08-18T05:59:52,119.37,54.55
2026-08-18T05:59:53,118.89,54.08
2026-08-18T05:59:54,119.54,54.72
2026-08-18T05:59:55,119.42,54.59
2026-08-18T05:59:56,119.24,54.42
2026-08-18T05:59:57,118.42,53.61
2026-08-18T05:59:58,117.49,52.69
2026-08-18T05:59:59,117.58,52.79
2026-08-18T06:00:00,117.84,53.04
2026-08-18T06:00:01,117.29,52.5
2026-08-18T06:00:02,117.94,53.14
2026-08-18T06:00:03,117.94,53.14
2026-08-18T06:00:04,118.6,53.79
2026-08-18T06:00:05,118.79,53.98
2026-08-18T06:00:06,118.54,53.73
2026-08-18T06:00:07,118.72,53.91
2026-08-18T06:00:08,118.3,53.5
2026-08-18T06:00:09,119.15,54.34
2026-08-18T06:00:10,119.13,54.32
2026-08-18T06:00:11,117.48,52.69
2026-08-18T06:00:12,117.46,52.67
2026-08-18T06:00:13,117.48,52.69
2026-08-18T06:00:14,118.34,53.53
2026-08-18T06:00:15,117.97,53.17
2026-08-18T06:00:16,119.02,54.21
2026-08-18T06:00:17,119.09,54.28
2026-08-18T06:00:18,117.93,53.13
2026-08-18T06:00:19,118.71,53.9
2026-08-18T06:00:20,119.21,54.39
2026-08-18T06:00:21,120.58,55.74
2026-08-18T06:00:22,122.23,57.37
2026-08-18T06:00:23,122.6,57.74
2026-08-18T06:00:24,125.15,60.24
2026-08-18T06:00:25,128.21,63.27
2026-08-18T06:00:26,130.4,65.42
2026-08-18T06:00:27,131.32,66.33
2026-08-18T06:00:28,131.99,66.99
2026-08-18T06:00:29,130.33,65.35
2026-08-18T06:00:30,126.58,61.66
2026-08-18T06:00:31,123.53,58.65
2026-08-18T06:00:32,122.33,57.46
2026-08-18T06:00:33,120.55,55.72
2026-08-18T06:00:34,121.35,56.5
2026-08-18T06:00:35,120.05,55.22
2026-08-18T06:00:36,119.53,54.71
2026-08-18T06:00:37,119.22,54.41
2026-08-18T06:00:38,119.16,54.35
2026-08-18T06:00:39,119.42,54.59
2026-08-18T06:00:40,118.64,53.83
2026-08-18T06:00:41,118.83,54.02
2026-08-18T06:00:42,118.24,53.44
2026-08-18T06:00:43,118.23,53.43
2026-08-18T06:00:44,118.39,53.59
2026-08-18T06:00:45,119.73,54.91
2026-08-18T06:00:46,118.65,53.84
2026-08-18T06:00:47,119.04,54.23
2026-08-18T06:00:48,118.78,53.97
2026-08-18T06:00:49,118.56,53.75
2026-08-18T06:00:50,119.36,54.54
2026-08-18T06:00:51,119.18,54.36
2026-08-18T06:00:52,119.34,54.52
2026-08-18T06:00:53,120.21,55.38
2026-08-18T06:00:54,119.96,55.13
2026-08-18T06:00:55,119.81,54.98
2026-08-18T06:00:56,119.52,54.7
2026-08-18T06:00:57,119.91,55.09
2026-08-18T06:00:58,119.96,55.13
2026-08-18T06:00:59,120.07,55.24
2026-08-18T06:01:00,119.86,55.03
2026-08-18T06:01:01,119.57,54.75
2026-08-18T06:01:02,119.23,54.41
2026-08-18T06:01:03,119.55,54.72
2026-08-18T06:01:04,119.01,54.2
2026-08-18T06:01:05,119.84,55.02
2026-08-18T06:01:06,119.34,54.52
2026-08-18T06:01:07,118.8,53.99
2026-08-18T06:01:08,118.79,53.98
2026-08-18T06:01:09,119.17,54.35
2026-08-18T06:01:10,119.85,55.02
2026-08-18T06:01:11,119.31,54.49
2026-08-18T06:01:12,119.02,54.2
2026-08-18T06:01:13,119.79,54.96
2026-08-18T06:01:14,119.96,55.13
2026-08-18T06:01:15,121.55,56.7
2026-08-18T06:01:16,124.44,59.55
2026-08-18T06:01:17,127.35,62.41
2026-08-18T06:01:18,130.63,65.65
2026-08-18T06:01:19,131.62,66.63
2026-08-18T06:01:20,130.31,65.34
2026-08-18T06:01:21,125.07,60.17
2026-08-18T06:01:22,122.13,57.27
2026-08-18T06:01:23,120.81,55.97
2026-08-18T06:01:24,120.52,55.68
2026-08-18T06:01:25,121.59,56.74
2026-08-18T06:01:26,124.37,59.48
2026-08-18T06:01:27,127.2,62.27
2026-08-18T06:01:28,128.53,63.58
2026-08-18T06:01:29,130.4,65.42
2026-08-18T06:01:30,131.75,66.75
2026-08-18T06:01:31,128.95,64.0
2026-08-18T06:01:32,126.88,61.95
2026-08-18T06:01:33,123.83,58.95
2026-08-18T06:01:34,122.83,57.96
2026-08-18T06:01:35,122.55,57.68
2026-08-18T06:01:36,122.67,57.8
2026-08-18T06:01:37,122.89,58.02
2026-08-18T06:01:38,123.89,59.01
2026-08-18T06:01:39,122.59,57.73
2026-08-18T06:01:40,121.35,56.5
2026-08-18T06:01:41,121.18,56.34
2026-08-18T06:01:42,120.69,55.85
2026-08-18T06:01:43,120.87,56.03
2026-08-18T06:01:44,122.94,58.07
2026-08-18T06:01:45,123.6,58.72
2026-08-18T06:01:46,124.69,59.79
2026-08-18T06:01:47,126.13,61.22
2026-08-18T06:01:48,127.52,62.58
2026-08-18T06:01:49,127.25,62.32
2026-08-18T06:01:50,125.32,60.41
2026-08-18T06:01:51,123.62,58.74
2026-08-18T06:01:52,122.93,58.06
2026-08-18T06:01:53,124.0,59.11
2026-08-18T06:01:54,126.19,61.27
2026-08-18T06:01:55,127.44,62.5
2026-08-18T06:01:56,128.58,63.63
2026-08-18T06:01:57,129.02,64.06
2026-08-18T06:01:58,128.03,63.09
2026-08-18T06:01:59,125.57,60.67
2026-08-18T06:02:00,123.13,58.26
2026-08-18T06:02:01,122.1,57.24
2026-08-18T06:02:02,122.11,57.25
2026-08-18T06:02:03,122.58,57.71
2026-08-18T06:02:04,121.38,56.54
2026-08-18T06:02:05,120.51,55.68
2026-08-18T06:02:06,119.76,54.93
2026-08-18T06:02:07,119.03,54.21
2026-08-18T06:02:08,118.65,53.84
2026-08-18T06:02:09,118.34,53.53
2026-08-18T06:02:10,118.75,53.94
2026-08-18T06:02:11,119.12,54.3
2026-08-18T06:02:12,119.27,54.45
2026-08-18T06:02:13,118.88,54.07
2026-08-18T06:02:14,119.1,54.29
2026-08-18T06:02:15,119.32,54.5
2026-08-18T06:02:16,118.93,54.11
2026-08-18T06:02:17,118.67,53.86
2026-08-18T06:02:18,118.39,53.58
2026-08-18T06:02:19,118.37,53.56
2026-08-18T06:02:20,119.73,54.91
2026-08-18T06:02:21,119.28,54.46
2026-08-18T06:02:22,118.63,53.82
2026-08-18T06:02:23,117.75,52.95
2026-08-18T06:02:24,117.82,53.02
2026-08-18T06:02:25,117.71,52.92
2026-08-18T06:02:26,118.47,53.67
2026-08-18T06:02:27,118.06,53.26
2026-08-18T06:02:28,118.04,53.24
2026-08-18T06:02:29,118.1,53.3
2026-08-18T06:02:30,118.02,53.22
2026-08-18T06:02:31,117.53,52.74
2026-08-18T06:02:32,117.64,52.85
2026-08-18T06:02:33,117.71,52.91
2026-08-18T06:02:34,118.14,53.34
2026-08-18T06:02:35,117.79,52.99
2026-08-18T06:02:36,118.2,53.4
2026-08-18T06:02:37,118.41,53.6
2026-08-18T06:02:38,118.06,53.26
2026-08-18T06:02:39,117.72,52.93
2026-08-18T06:02:40,117.47,52.68
2026-08-18T06:02:41,117.17,52.39
2026-08-18T06:02:42,117.37,52.58
2026-08-18T06:02:43,117.59,52.79
2026-08-18T06:02:44,117.76,52.97
2026-08-18T06:02:45,117.83,53.03
2026-08-18T06:02:46,117.78,52.98
2026-08-18T06:02:47,118.27,53.47
2026-08-18T06:02:48,118.63,53.82
2026-08-18T06:02:49,118.48,53.68
2026-08-18T06:02:50,118.86,54.04
2026-08-18T06:02:51,118.62,53.81
2026-08-18T06:02:52,118.19,53.39
2026-08-18T06:02:53,118.12,53.32
2026-08-18T06:02:54,118.23,53.42
2026-08-18T06:02:55,118.91,54.1
2026-08-18T06:02:56,118.6,53.79
2026-08-18T06:02:57,118.51,53.7
2026-08-18T06:02:58,118.01,53.21
2026-08-18T06:02:59,118.1,53.3
2026-08-18T06:03:00,118.04,53.24
2026-08-18T06:03:01,117.45,52.66
2026-08-18T06:03:02,118.01,53.2
2026-08-18T06:03:03,117.55,52.76
2026-08-18T06:03:04,117.57,52.78
2026-08-18T06:03:05,117.36,52.57
2026-08-18T06:03:06,116.77,51.99
2026-08-18T06:03:07,117.44,52.65
2026-08-18T06:03:08,117.51,52.71
2026-08-18T06:03:09,117.3,52.51
2026-08-18T06:03:10,116.87,52.08
2026-08-18T06:03:11,117.26,52.47
2026-08-18T06:03:12,117.53,52.73
2026-08-18T06:03:13,117.8,53.0
2026-08-18T06:03:14,116.91,52.13
2026-08-18T06:03:15,117.79,52.99
2026-08-18T06:03:16,117.6,52.8
2026-08-18T06:03:17,117.68,52.89
2026-08-18T06:03:18,118.39,53.58
2026-08-18T06:03:19,118.74,53.93
2026-08-18T06:03:20,118.59,53.78
2026-08-18T06:03:21,118.41,53.6
2026-08-18T06:03:22,118.59,53.78
2026-08-18T06:03:23,118.07,53.27
2026-08-18T06:03:24,118.53,53.72
2026-08-18T06:03:25,118.48,53.67
2026-08-18T06:03:26,118.13,53.33
2026-08-18T06:03:27,118.04,53.24
2026-08-18T06:03:28,118.91,54.09
2026-08-18T06:03:29,119.22,54.4
2026-08-18T06:03:30,119.69,54.86
2026-08-18T06:03:31,118.81,54.0
2026-08-18T06:03:32,118.59,53.78
2026-08-18T06:03:33,118.25,53.45
2026-08-18T06:03:34,118.55,53.74
2026-08-18T06:03:35,119.33,54.51
2026-08-18T06:03:36,119.89,55.06
2026-08-18T06:03:37,120.26,55.43
2026-08-18T06:03:38,120.18,55.35
2026-08-18T06:03:39,121.78,56.93
2026-08-18T06:03:40,123.95,59.07
2026-08-18T06:03:41,124.79,59.89
2026-08-18T06:03:42,126.74,61.82
2026-08-18T06:03:43,127.47,62.53
2026-08-18T06:03:44,128.61,63.66
2026-08-18T06:03:45,128.85,63.9
2026-08-18T06:03:46,127.83,62.89
2026-08-18T06:03:47,127.42,62.49
2026-08-18T06:03:48,126.9,61.97
2026-08-18T06:03:49,125.02,60.12
2026-08-18T06:03:50,123.29,58.41
2026-08-18T06:03:51,122.32,57.45
2026-08-18T06:03:52,121.79,56.93
2026-08-18T06:03:53,121.1,56.25
2026-08-18T06:03:54,121.02,56.18
2026-08-18T06:03:55,122.47,57.61
2026-08-18T06:03:56,122.46,57.59
2026-08-18T06:03:57,124.18,59.29
2026-08-18T06:03:58,125.73,60.82
2026-08-18T06:03:59,126.47,61.55
2026-08-18T06:04:00,127.81,62.87
2026-08-18T06:04:01,128.5,63.55
2026-08-18T06:04:02,127.74,62.8
2026-08-18T06:04:03,127.01,62.08
2026-08-18T06:04:04,127.33,62.4
2026-08-18T06:04:05,127.08,62.15
2026-08-18T06:04:06,126.64,61.72
2026-08-18T06:04:07,126.31,61.39
2026-08-18T06:04:08,126.0,61.08
2026-08-18T06:04:09,125.94,61.02
2026-08-18T06:04:10,124.62,59.72
2026-08-18T06:04:11,122.48,57.62
2026-08-18T06:04:12,120.88,56.04
2026-08-18T06:04:13,120.51,55.67
2026-08-18T06:04:14,119.74,54.92
2026-08-18T06:04:15,119.01,54.19
2026-08-18T06:04:16,118.85,54.03
2026-08-18T06:04:17,118.63,53.82
2026-08-18T06:04:18,118.47,53.66
2026-08-18T06:04:19,118.37,53.56
2026-08-18T06:04:20,118.72,53.91
2026-08-18T06:04:21,119.11,54.3
2026-08-18T06:04:22,118.13,53.33
2026-08-18T06:04:23,117.55,52.76
2026-08-18T06:04:24,117.86,53.06
2026-08-18T06:04:25,117.78,52.98
2026-08-18T06:04:26,117.49,52.69
2026-08-18T06:04:27,117.4,52.61
2026-08-18T06:04:28,117.91,53.11
2026-08-18T06:04:29,118.33,53.53
2026-08-18T06:04:30,118.52,53.71
2026-08-18T06:04:31,118.03,53.23
2026-08-18T06:04:32,117.72,52.92
2026-08-18T06:04:33,118.6,53.8
2026-08-18T06:04:34,118.31,53.51
2026-08-18T06:04:35,118.33,53.52
2026-08-18T06:04:36,118.42,53.62
2026-08-18T06:04:37,118.1,53.3
2026-08-18T06:04:38,117.44,52.64
2026-08-18T06:04:39,117.07,52.29
2026-08-18T06:04:40,117.17,52.38
2026-08-18T06:04:41,117.4,52.61
2026-08-18T06:04:42,118.28,53.48
2026-08-18T06:04:43,118.4,53.59
2026-08-18T06:04:44,118.12,53.32
2026-08-18T06:04:45,118.25,53.44
2026-08-18T06:04:46,118.96,54.15
2026-08-18T06:04:47,119.28,54.47
2026-08-18T06:04:48,119.67,54.85
2026-08-18T06:04:49,121.19,56.35
2026-08-18T06:04:50,126.43,61.51
2026-08-18T06:04:51,128.93,63.97
2026-08-18T06:04:52,129.17,64.21
2026-08-18T06:04:53,130.15,65.18
2026-08-18T06:04:54,128.27,63.33
2026-08-18T06:04:55,124.85,59.96
2026-08-18T06:04:56,122.9,58.03
2026-08-18T06:04:57,122.87,58.0
2026-08-18T06:04:58,124.09,59.2
2026-08-18T06:04:59,127.68,62.74
2026-08-18T06:05:00,130.54,65.56
2026-08-18T06:05:01,131.67,66.67
2026-08-18T06:05:02,130.29,65.31
2026-08-18T06:05:03,128.38,63.43
2026-08-18T06:05:04,125.4,60.49
2026-08-18T06:05:05,123.62,58.74
2026-08-18T06:05:06,123.39,58.52
2026-08-18T06:05:07,123.98,59.1
2026-08-18T06:05:08,123.42,58.54
2026-08-18T06:05:09,123.18,58.31
2026-08-18T06:05:10,124.53,59.63
2026-08-18T06:05:11,126.97,62.04
2026-08-18T06:05:12,128.89,63.94
2026-08-18T06:05:13,130.53,65.55
2026-08-18T06:05:14,131.4,66.41
2026-08-18T06:05:15,128.71,63.76
2026-08-18T06:05:16,126.33,61.41
2026-08-18T06:05:17,124.12,59.23
2026-08-18T06:05:18,122.44,57.58
2026-08-18T06:05:19,121.59,56.74
2026-08-18T06:05:20,121.16,56.32
2026-08-18T06:05:21,120.55,55.71
2026-08-18T06:05:22,120.23,55.4
2026-08-18T06:05:23,119.44,54.62
2026-08-18T06:05:24,118.74,53.92
2026-08-18T06:05:25,118.9,54.09
2026-08-18T06:05:26,118.74,53.93
2026-08-18T06:05:27,118.07,53.26
2026-08-18T06:05:28,118.61,53.8
2026-08-18T06:05:29,118.71,53.9
2026-08-18T06:05:30,118.06,53.26
2026-08-18T06:05:31,117.96,53.16
2026-08-18T06:05:32,118.34,53.53
2026-08-18T06:05:33,117.42,52.62
2026-08-18T06:05:34,117.59,52.8
2026-08-18T06:05:35,117.39,52.6
2026-08-18T06:05:36,117.66,52.87
2026-08-18T06:05:37,117.71,52.92
2026-08-18T06:05:38,117.35,52.56
2026-08-18T06:05:39,117.35,52.56
2026-08-18T06:05:40,117.22,52.43
2026-08-18T06:05:41,117.26,52.47
2026-08-18T06:05:42,117.47,52.68
2026-08-18T06:05:43,117.83,53.03
2026-08-18T06:05:44,117.71,52.91
2026-08-18T06:05:45,117.75,52.95
2026-08-18T06:05:46,117.67,52.87
2026-08-18T06:05:47,117.67,52.87
2026-08-18T06:05:48,117.43,52.64
2026-08-18T06:05:49,117.45,52.66
2026-08-18T06:05:50,117.25,52.46
2026-08-18T06:05:51,117.5,52.71
2026-08-18T06:05:52,116.98,52.19
2026-08-18T06:05:53,117.43,52.64
2026-08-18T06:05:54,117.48,52.68
2026-08-18T06:05:55,118.01,53.21
2026-08-18T06:05:56,118.02,53.22
2026-08-18T06:05:57,117.73,52.93
2026-08-18T06:05:58,117.79,52.99
2026-08-18T06:05:59,117.64,52.84
2026-08-18T06:06:00,118.18,53.37
2026-08-18T06:06:01,118.54,53.74
2026-08-18T06:06:02,118.6,53.79
2026-08-18T06:06:03,120.06,55.23
2026-08-18T06:06:04,121.12,56.28
2026-08-18T06:06:05,122.02,57.16
2026-08-18T06:06:06,124.0,59.11
2026-08-18T06:06:07,126.11,61.19
2026-08-18T06:06:08,126.06,61.15
2026-08-18T06:06:09,126.21,61.29
2026-08-18T06:06:10,127.24,62.31
2026-08-18T06:06:11,128.01,63.07
2026-08-18T06:06:12,128.89,63.93
2026-08-18T06:06:13,129.91,64.94
2026-08-18T06:06:14,131.03,66.05
2026-08-18T06:06:15,124.82,59.92
2026-08-18T06:06:16,124.26,59.37
2026-08-18T06:06:17,124.89,59.99
2026-08-18T06:06:18,125.51,60.6
2026-08-18T06:06:19,127.18,62.25
2026-08-18T06:06:20,127.22,62.29
2026-08-18T06:06:21,127.36,62.43
2026-08-18T06:06:22,127.57,62.63
2026-08-18T06:06:23,128.7,63.74
2026-08-18T06:06:24,129.14,64.18
2026-08-18T06:06:25,128.66,63.71
2026-08-18T06:06:26,129.13,64.17
2026-08-18T06:06:27,128.8,63.85
2026-08-18T06:06:28,127.71,62.77
2026-08-18T06:06:29,125.88,60.96
2026-08-18T06:06:30,124.55,59.65
2026-08-18T06:06:31,123.0,58.13
2026-08-18T06:06:32,122.14,57.28
2026-08-18T06:06:33,122.37,57.51
2026-08-18T06:06:34,122.65,57.78
2026-08-18T06:06:35,123.71,58.83
2026-08-18T06:06:36,125.4,60.5
2026-08-18T06:06:37,126.56,61.64
2026-08-18T06:06:38,127.16,62.23
2026-08-18T06:06:39,127.49,62.55
2026-08-18T06:06:40,128.01,63.07
2026-08-18T06:06:41,124.96,60.06
2026-08-18T06:06:42,123.17,58.3
2026-08-18T06:06:43,122.43,57.57
2026-08-18T06:06:44,120.73,55.89
2026-08-18T06:06:45,120.13,55.3
2026-08-18T06:06:46,119.93,55.1
2026-08-18T06:06:47,119.4,54.58
2026-08-18T06:06:48,119.12,54.3
2026-08-18T06:06:49,119.09,54.28
2026-08-18T06:06:50,118.49,53.68
2026-08-18T06:06:51,118.01,53.21
2026-08-18T06:06:52,117.65,52.86
2026-08-18T06:06:53,118.1,53.3
2026-08-18T06:06:54,119.43,54.6
2026-08-18T06:06:55,120.15,55.32
2026-08-18T06:06:56,119.54,54.71
2026-08-18T06:06:57,119.08,54.26
2026-08-18T06:06:58,119.17,54.35
2026-08-18T06:06:59,119.9,55.07
2026-08-18T06:07:00,119.69,54.86
2026-08-18T06:07:01,119.4,54.58
2026-08-18T06:07:02,119.81,54.99
2026-08-18T06:07:03,120.09,55.26
2026-08-18T06:07:04,122.15,57.29
2026-08-18T06:07:05,123.56,58.68
2026-08-18T06:07:06,125.34,60.44
2026-08-18T06:07:07,125.66,60.75
2026-08-18T06:07:08,126.41,61.49
2026-08-18T06:07:09,126.17,61.25
2026-08-18T06:07:10,124.49,59.59
2026-08-18T06:07:11,122.46,57.6
2026-08-18T06:07:12,121.38,56.54
2026-08-18T06:07:13,120.34,55.5
2026-08-18T06:07:14,120.11,55.28
2026-08-18T06:07:15,119.33,54.51
2026-08-18T06:07:16,119.62,54.8
2026-08-18T06:07:17,119.03,54.21
2026-08-18T06:07:18,118.87,54.06
2026-08-18T06:07:19,119.2,54.39
2026-08-18T06:07:20,119.47,54.65
2026-08-18T06:07:21,119.88,55.06
2026-08-18T06:07:22,121.47,56.62
2026-08-18T06:07:23,122.48,57.61
2026-08-18T06:07:24,126.08,61.17
2026-08-18T06:07:25,126.89,61.96
2026-08-18T06:07:26,128.69,63.73
2026-08-18T06:07:27,129.44,64.48
2026-08-18T06:07:28,130.13,65.15
2026-08-18T06:07:29,130.37,65.39
2026-08-18T06:07:30,130.26,65.29
2026-08-18T06:07:31,129.86,64.89
2026-08-18T06:07:32,129.16,64.2
2026-08-18T06:07:33,129.07,64.11
2026-08-18T06:07:34,127.76,62.82
2026-08-18T06:07:35,125.39,60.49
2026-08-18T06:07:36,123.74,58.86
2026-08-18T06:07:37,122.62,57.75
2026-08-18T06:07:38,122.15,57.29
2026-08-18T06:07:39,121.97,57.11
2026-08-18T06:07:40,123.15,58.27
2026-08-18T06:07:41,124.61,59.72
2026-08-18T06:07:42,125.21,60.3
2026-08-18T06:07:43,126.72,61.79
2026-08-18T06:07:44,128.44,63.49
2026-08-18T06:07:45,128.81,63.85
2026-08-18T06:07:46,127.78,62.84
2026-08-18T06:07:47,125.45,60.54
2026-08-18T06:07:48,123.56,58.68
2026-08-18T06:07:49,122.33,57.47
2026-08-18T06:07:50,121.91,57.06
2026-08-18T06:07:51,122.65,57.79
2026-08-18T06:07:52,125.06,60.16
2026-08-18T06:07:53,126.79,61.86
2026-08-18T06:07:54,127.15,62.22
2026-08-18T06:07:55,127.2,62.27
2026-08-18T06:07:56,126.98,62.06
2026-08-18T06:07:57,124.81,59.91
2026-08-18T06:07:58,122.54,57.67
2026-08-18T06:07:59,121.05,56.2
2026-08-18T06:08:00,119.19,54.37
2026-08-18T06:08:01,118.78,53.97
2026-08-18T06:08:02,119.27,54.45
2026-08-18T06:08:03,119.01,54.19
2026-08-18T06:08:04,117.93,53.13
2026-08-18T06:08:05,117.87,53.07
2026-08-18T06:08:06,118.21,53.4
2026-08-18T06:08:07,118.19,53.39
2026-08-18T06:08:08,118.68,53.87
2026-08-18T06:08:09,119.51,54.69
2026-08-18T06:08:10,119.49,54.66
2026-08-18T06:08:11,121.34,56.49
2026-08-18T06:08:12,122.36,57.5
2026-08-18T06:08:13,123.28,58.4
2026-08-18T06:08:14,124.19,59.31
2026-08-18T06:08:15,124.7,59.81
2026-08-18T06:08:16,124.38,59.49
2026-08-18T06:08:17,123.47,58.59
2026-08-18T06:08:18,122.24,57.38
2026-08-18T06:08:19,121.26,56.41
2026-08-18T06:08:20,119.61,54.78
2026-08-18T06:08:21,119.43,54.61
2026-08-18T06:08:22,118.66,53.85
2026-08-18T06:08:23,118.5,53.7
2026-08-18T06:08:24,118.6,53.79
2026-08-18T06:08:25,117.7,52.9
2026-08-18T06:08:26,117.59,52.8
2026-08-18T06:08:27,117.87,53.08
2026-08-18T06:08:28,117.82,53.02
2026-08-18T06:08:29,118.33,53.53
2026-08-18T06:08:30,120.46,55.62
2026-08-18T06:08:31,118.89,54.08
2026-08-18T06:08:32,118.34,53.54
2026-08-18T06:08:33,118.98,54.17
2026-08-18T06:08:34,117.69,52.89
2026-08-18T06:08:35,117.5,52.71
2026-08-18T06:08:36,118.14,53.34
2026-08-18T06:08:37,117.06,52.27
2026-08-18T06:08:38,117.67,52.88
2026-08-18T06:08:39,117.83,53.04
2026-08-18T06:08:40,117.3,52.51
2026-08-18T06:08:41,116.92,52.14
2026-08-18T06:08:42,116.57,51.79
2026-08-18T06:08:43,116.48,51.7
2026-08-18T06:08:44,116.97,52.18
2026-08-18T06:08:45,116.77,51.98
2026-08-18T06:08:46,116.85,52.07
2026-08-18T06:08:47,117.78,52.99
2026-08-18T06:08:48,118.0,53.2
2026-08-18T06:08:49,117.63,52.83
2026-08-18T06:08:50,117.69,52.89
2026-08-18T06:08:51,117.91,53.11
2026-08-18T06:08:52,117.56,52.76
2026-08-18T06:08:53,117.88,53.08
2026-08-18T06:08:54,117.12,52.33
2026-08-18T06:08:55,117.44,52.64
2026-08-18T06:08:56,117.38,52.59
2026-08-18T06:08:57,117.02,52.23
2026-08-18T06:08:58,118.15,53.35
2026-08-18T06:08:59,117.75,52.95
2026-08-18T06:09:00,117.45,52.65
2026-08-18T06:09:01,117.09,52.31
2026-08-18T06:09:02,117.01,52.22
2026-08-18T06:09:03,117.44,52.65
2026-08-18T06:09:04,117.15,52.37
2026-08-18T06:09:05,117.75,52.95
2026-08-18T06:09:06,117.86,53.07
2026-08-18T06:09:07,117.75,52.96
2026-08-18T06:09:08,117.75,52.96
2026-08-18T06:09:09,118.25,53.45
2026-08-18T06:09:10,118.73,53.92
2026-08-18T06:09:11,118.81,54.0
2026-08-18T06:09:12,119.47,54.65
2026-08-18T06:09:13,120.71,55.87
2026-08-18T06:09:14,123.41,58.53
2026-08-18T06:09:15,125.93,61.02
2026-08-18T06:09:16,127.46,62.52
2026-08-18T06:09:17,129.38,64.42
2026-08-18T06:09:18,130.08,65.11
2026-08-18T06:09:19,130.83,65.85
2026-08-18T06:09:20,130.35,65.37
2026-08-18T06:09:21,129.51,64.55
2026-08-18T06:09:22,128.59,63.64
2026-08-18T06:09:23,128.69,63.74
2026-08-18T06:09:24,126.35,61.43
2026-08-18T06:09:25,123.72,58.83
2026-08-18T06:09:26,122.13,57.27
2026-08-18T06:09:27,120.62,55.78
2026-08-18T06:09:28,120.62,55.78
2026-08-18T06:09:29,120.02,55.19
2026-08-18T06:09:30,119.45,54.63
2026-08-18T06:09:31,118.29,53.48
2026-08-18T06:09:32,117.72,52.93
2026-08-18T06:09:33,118.02,53.22
2026-08-18T06:09:34,117.43,52.64
2026-08-18T06:09:35,118.56,53.75
2026-08-18T06:09:36,117.7,52.9
2026-08-18T06:09:37,117.25,52.46
2026-08-18T06:09:38,117.63,52.83
2026-08-18T06:09:39,117.3,52.51
2026-08-18T06:09:40,117.51,52.71
2026-08-18T06:09:41,117.03,52.25
2026-08-18T06:09:42,116.8,52.02
2026-08-18T06:09:43,117.65,52.86
2026-08-18T06:09:44,117.23,52.44
2026-08-18T06:09:45,116.78,51.99
2026-08-18T06:09:46,117.02,52.23
2026-08-18T06:09:47,117.44,52.65
2026-08-18T06:09:48,117.28,52.49
2026-08-18T06:09:49,117.48,52.69
2026-08-18T06:09:50,117.57,52.78
2026-08-18T06:09:51,118.16,53.36
2026-08-18T06:09:52,118.54,53.73
2026-08-18T06:09:53,119.0,54.19
2026-08-18T06:09:54,119.75,54.92
2026-08-18T06:09:55,119.69,54.86
2026-08-18T06:09:56,120.45,55.61
2026-08-18T06:09:57,121.76,56.91
2026-08-18T06:09:58,124.36,59.47
2026-08-18T06:09:59,125.58,60.67
2026-08-18T06:10:00,124.73,59.84
2026-08-18T06:10:01,122.02,57.16
2026-08-18T06:10:02,119.72,54.89
2026-08-18T06:10:03,118.94,54.13
2026-08-18T06:10:04,118.67,53.86
2026-08-18T06:10:05,118.52,53.71
2026-08-18T06:10:06,118.77,53.96
2026-08-18T06:10:07,119.67,54.84
2026-08-18T06:10:08,120.78,55.94
2026-08-18T06:10:09,123.22,58.35
2026-08-18T06:10:10,125.21,60.31
2026-08-18T06:10:11,126.3,61.38
2026-08-18T06:10:12,126.48,61.56
2026-08-18T06:10:13,126.62,61.7
2026-08-18T06:10:14,126.09,61.17
2026-08-18T06:10:15,124.25,59.36
2026-08-18T06:10:16,122.04,57.18
2026-08-18T06:10:17,120.73,55.89
2026-08-18T06:10:18,120.46,55.63
2026-08-18T06:10:19,119.79,54.97
2026-08-18T06:10:20,119.42,54.6
2026-08-18T06:10:21,119.24,54.42
2026-08-18T06:10:22,118.96,54.15
2026-08-18T06:10:23,119.13,54.31
2026-08-18T06:10:24,118.72,53.91
2026-08-18T06:10:25,118.97,54.16
2026-08-18T06:10:26,118.48,53.68
2026-08-18T06:10:27,118.78,53.97
2026-08-18T06:10:28,118.36,53.56
2026-08-18T06:10:29,117.56,52.77
2026-08-18T06:10:30,118.16,53.36
2026-08-18T06:10:31,118.54,53.73
2026-08-18T06:10:32,117.9,53.1
2026-08-18T06:10:33,118.08,53.28
2026-08-18T06:10:34,118.32,53.51
2026-08-18T06:10:35,118.36,53.56
2026-08-18T06:10:36,117.85,53.05
2026-08-18T06:10:37,118.06,53.26
2026-08-18T06:10:38,118.15,53.35
2026-08-18T06:10:39,118.51,53.7
2026-08-18T06:10:40,118.99,54.17
2026-08-18T06:10:41,120.01,55.18
2026-08-18T06:10:42,121.83,56.98
2026-08-18T06:10:43,124.33,59.44
2026-08-18T06:10:44,125.95,61.04
2026-08-18T06:10:45,126.42,61.5
2026-08-18T06:10:46,126.66,61.74
2026-08-18T06:10:47,125.08,60.18
2026-08-18T06:10:48,121.85,56.99
2026-08-18T06:10:49,120.42,55.58
2026-08-18T06:10:50,120.26,55.43
2026-08-18T06:10:51,119.58,54.76
2026-08-18T06:10:52,118.89,54.08
2026-08-18T06:10:53,118.66,53.85
2026-08-18T06:10:54,118.39,53.59
2026-08-18T06:10:55,118.43,53.62
2026-08-18T06:10:56,118.39,53.58
2026-08-18T06:10:57,118.2,53.4
2026-08-18T06:10:58,118.32,53.51
2026-08-18T06:10:59,117.69,52.89
2026-08-18T06:11:00,118.01,53.21
2026-08-18T06:11:01,117.89,53.09
2026-08-18T06:11:02,117.36,52.57
2026-08-18T06:11:03,116.92,52.13
2026-08-18T06:11:04,117.67,52.87
2026-08-18T06:11:05,117.71,52.91
2026-08-18T06:11:06,117.98,53.18
2026-08-18T06:11:07,117.49,52.7
2026-08-18T06:11:08,117.51,52.71
2026-08-18T06:11:09,117.56,52.77
2026-08-18T06:11:10,117.38,52.59
2026-08-18T06:11:11,117.93,53.13
2026-08-18T06:11:12,118.29,53.49
2026-08-18T06:11:13,117.59,52.8
2026-08-18T06:11:14,116.94,52.15
2026-08-18T06:11:15,117.32,52.53
2026-08-18T06:11:16,117.71,52.91
2026-08-18T06:11:17,117.71,52.92
2026-08-18T06:11:18,118.29,53.48
2026-08-18T06:11:19,118.51,53.7
2026-08-18T06:11:20,119.2,54.38
2026-08-18T06:11:21,119.07,54.26
2026-08-18T06:11:22,120.22,55.39
2026-08-18T06:11:23,123.22,58.35
2026-08-18T06:11:24,125.21,60.31
2026-08-18T06:11:25,125.88,60.97
2026-08-18T06:11:26,126.68,61.75
2026-08-18T06:11:27,128.54,63.59
2026-08-18T06:11:28,129.04,64.08
2026-08-18T06:11:29,129.62,64.65
2026-08-18T06:11:30,129.88,64.91
2026-08-18T06:11:31,130.28,65.31
2026-08-18T06:11:32,129.7,64.74
2026-08-18T06:11:33,128.54,63.59
2026-08-18T06:11:34,128.15,63.2
2026-08-18T06:11:35,127.9,62.96
2026-08-18T06:11:36,127.75,62.81
2026-08-18T06:11:37,127.59,62.65
2026-08-18T06:11:38,127.04,62.12
2026-08-18T06:11:39,126.86,61.94
2026-08-18T06:11:40,127.3,62.37
2026-08-18T06:11:41,127.28,62.35
2026-08-18T06:11:42,127.49,62.55
2026-08-18T06:11:43,126.09,61.18
2026-08-18T06:11:44,124.25,59.37
2026-08-18T06:11:45,122.15,57.29
2026-08-18T06:11:46,120.79,55.95
2026-08-18T06:11:47,119.75,54.93
2026-08-18T06:11:48,119.68,54.86
2026-08-18T06:11:49,119.83,55.01
2026-08-18T06:11:50,120.22,55.39
2026-08-18T06:11:51,120.19,55.36
2026-08-18T06:11:52,118.9,54.08
2026-08-18T06:11:53,118.15,53.35
2026-08-18T06:11:54,117.83,53.03
2026-08-18T06:11:55,118.33,53.53
2026-08-18T06:11:56,118.51,53.7
2026-08-18T06:11:57,117.87,53.07
2026-08-18T06:11:58,117.8,53.0
2026-08-18T06:11:59,118.04,53.24
2026-08-18T06:12:00,117.56,52.76
2026-08-18T06:12:01,117.84,53.04
2026-08-18T06:12:02,117.21,52.42
2026-08-18T06:12:03,116.97,52.19
2026-08-18T06:12:04,117.25,52.47
2026-08-18T06:12:05,116.89,52.11
2026-08-18T06:12:06,117.16,52.37
2026-08-18T06:12:07,117.52,52.72
2026-08-18T06:12:08,117.27,52.48
2026-08-18T06:12:09,117.56,52.76
2026-08-18T06:12:10,117.77,52.98
2026-08-18T06:12:11,117.11,52.32
2026-08-18T06:12:12,116.8,52.02
2026-08-18T06:12:13,117.24,52.45
2026-08-18T06:12:14,117.65,52.86
2026-08-18T06:12:15,117.74,52.94
2026-08-18T06:12:16,117.57,52.78
2026-08-18T06:12:17,117.85,53.06
2026-08-18T06:12:18,117.53,52.73
2026-08-18T06:12:19,117.55,52.75
2026-08-18T06:12:20,117.13,52.35
2026-08-18T06:12:21,116.6,51.82
2026-08-18T06:12:22,117.16,52.37
2026-08-18T06:12:23,117.62,52.82
2026-08-18T06:12:24,118.56,53.75
2026-08-18T06:12:25,117.72,52.92
2026-08-18T06:12:26,117.76,52.97
2026-08-18T06:12:27,118.43,53.63
2026-08-18T06:12:28,119.14,54.32
2026-08-18T06:12:29,120.16,55.33
2026-08-18T06:12:30,122.97,58.1
2026-08-18T06:12:31,128.34,63.39
2026-08-18T06:12:32,126.29,61.37
2026-08-18T06:12:33,126.89,61.96
2026-08-18T06:12:34,126.32,61.4
2026-08-18T06:12:35,123.18,58.31
2026-08-18T06:12:36,121.76,56.91
2026-08-18T06:12:37,121.57,56.72
2026-08-18T06:12:38,124.6,59.71
2026-08-18T06:12:39,126.73,61.8
2026-08-18T06:12:40,128.14,63.2
2026-08-18T06:12:41,128.73,63.78
2026-08-18T06:12:42,129.39,64.43
2026-08-18T06:12:43,127.6,62.66
2026-08-18T06:12:44,124.5,59.61
2026-08-18T06:12:45,122.1,57.24
2026-08-18T06:12:46,120.43,55.6
2026-08-18T06:12:47,120.8,55.96
2026-08-18T06:12:48,120.78,55.94
2026-08-18T06:12:49,120.6,55.77
2026-08-18T06:12:50,120.18,55.35
2026-08-18T06:12:51,120.17,55.34
2026-08-18T06:12:52,120.09,55.26
2026-08-18T06:12:53,121.91,57.05
2026-08-18T06:12:54,123.88,59.0
2026-08-18T06:12:55,125.67,60.76
2026-08-18T06:12:56,126.3,61.38
2026-08-18T06:12:57,126.36,61.44
2026-08-18T06:12:58,126.29,61.37
2026-08-18T06:12:59,124.01,59.12
2026-08-18T06:13:00,121.68,56.82
2026-08-18T06:13:01,121.12,56.28
2026-08-18T06:13:02,120.31,55.47
2026-08-18T06:13:03,119.88,55.05
2026-08-18T06:13:04,119.57,54.75
2026-08-18T06:13:05,119.64,54.81
2026-08-18T06:13:06,118.91,54.1
2026-08-18T06:13:07,118.3,53.5
2026-08-18T06:13:08,118.6,53.79
2026-08-18T06:13:09,118.47,53.66
2026-08-18T06:13:10,119.19,54.37
2026-08-18T06:13:11,118.32,53.51
2026-08-18T06:13:12,118.83,54.02
2026-08-18T06:13:13,117.93,53.13
2026-08-18T06:13:14,118.28,53.47
2026-08-18T06:13:15,117.86,53.06
2026-08-18T06:13:16,117.91,53.11
2026-08-18T06:13:17,118.37,53.56
2026-08-18T06:13:18,119.16,54.34
2026-08-18T06:13:19,118.82,54.01
2026-08-18T06:13:20,118.23,53.42
2026-08-18T06:13:21,118.92,54.1
2026-08-18T06:13:22,119.3,54.48
2026-08-18T06:13:23,119.28,54.46
2026-08-18T06:13:24,120.0,55.17
2026-08-18T06:13:25,119.18,54.37
2026-08-18T06:13:26,119.2,54.38
2026-08-18T06:13:27,119.54,54.72
2026-08-18T06:13:28,119.08,54.26
2026-08-18T06:13:29,118.72,53.91
2026-08-18T06:13:30,119.0,54.19
2026-08-18T06:13:31,119.59,54.77
2026-08-18T06:13:32,119.99,55.16
2026-08-18T06:13:33,120.44,55.61
2026-08-18T06:13:34,121.69,56.84
2026-08-18T06:13:35,122.25,57.39
2026-08-18T06:13:36,123.87,58.98
2026-08-18T06:13:37,126.66,61.73
2026-08-18T06:13:38,129.76,64.8
2026-08-18T06:13:39,132.5,67.49
2026-08-18T06:13:40,135.22,70.18
2026-08-18T06:13:41,136.06,71.01
2026-08-18T06:13:42,139.65,74.55
2026-08-18T06:13:43,142.67,77.52
2026-08-18T06:13:44,138.94,73.84
2026-08-18T06:13:45,133.02,68.01
2026-08-18T06:13:46,129.85,64.88
2026-08-18T06:13:47,127.16,62.23
2026-08-18T06:13:48,125.09,60.19
2026-08-18T06:13:49,125.82,60.91
2026-08-18T06:13:50,124.68,59.79
2026-08-18T06:13:51,124.02,59.13
2026-08-18T06:13:52,123.13,58.26
2026-08-18T06:13:53,121.71,56.85
2026-08-18T06:13:54,120.89,56.05
2026-08-18T06:13:55,120.24,55.41
2026-08-18T06:13:56,120.55,55.71
2026-08-18T06:13:57,119.55,54.73
2026-08-18T06:13:58,119.2,54.38
2026-08-18T06:13:59,119.77,54.95
2026-08-18T06:14:00,120.38,55.54
2026-08-18T06:14:01,121.75,56.9
2026-08-18T06:14:02,123.99,59.1
2026-08-18T06:14:03,125.58,60.67
2026-08-18T06:14:04,127.57,62.63
2026-08-18T06:14:05,128.29,63.35
2026-08-18T06:14:06,128.36,63.41
2026-08-18T06:14:07,127.41,62.48
2026-08-18T06:14:08,126.69,61.76
2026-08-18T06:14:09,125.03,60.13
2026-08-18T06:14:10,123.01,58.14
2026-08-18T06:14:11,122.61,57.75
2026-08-18T06:14:12,123.27,58.39
2026-08-18T06:14:13,125.01,60.11
2026-08-18T06:14:14,126.41,61.49
2026-08-18T06:14:15,126.25,61.33
2026-08-18T06:14:16,126.64,61.72
2026-08-18T06:14:17,126.21,61.3
2026-08-18T06:14:18,125.19,60.29
2026-08-18T06:14:19,125.51,60.6
2026-08-18T06:14:20,126.44,61.52
2026-08-18T06:14:21,128.1,63.16
2026-08-18T06:14:22,129.67,64.7
2026-08-18T06:14:23,129.89,64.92
2026-08-18T06:14:24,130.48,65.5
2026-08-18T06:14:25,131.09,66.1
2026-08-18T06:14:26,131.58,66.58
2026-08-18T06:14:27,131.64,66.64
2026-08-18T06:14:28,131.37,66.38
2026-08-18T06:14:29,131.38,66.39
2026-08-18T06:14:30,131.87,66.87
2026-08-18T06:14:31,130.76,65.78
2026-08-18T06:14:32,129.61,64.65
2026-08-18T06:14:33,129.18,64.22
2026-08-18T06:14:34,129.95,64.98
2026-08-18T06:14:35,129.54,64.58
2026-08-18T06:14:36,128.95,63.99
2026-08-18T06:14:37,129.63,64.66
2026-08-18T06:14:38,129.19,64.23
2026-08-18T06:14:39,128.77,63.81
2026-08-18T06:14:40,126.91,61.99
2026-08-18T06:14:41,124.75,59.86
2026-08-18T06:14:42,125.09,60.19
2026-08-18T06:14:43,126.45,61.53
2026-08-18T06:14:44,127.39,62.46
2026-08-18T06:14:45,129.71,64.75
2026-08-18T06:14:46,131.19,66.2
2026-08-18T06:14:47,134.63,69.59
2026-08-18T06:14:48,135.33,70.28
2026-08-18T06:14:49,134.36,69.33
2026-08-18T06:14:50,131.61,66.62
2026-08-18T06:14:51,128.77,63.82
2026-08-18T06:14:52,124.84,59.95
2026-08-18T06:14:53,124.53,59.64
2026-08-18T06:14:54,125.65,60.74
2026-08-18T06:14:55,126.03,61.12
2026-08-18T06:14:56,125.44,60.54
2026-08-18T06:14:57,124.75,59.85
2026-08-18T06:14:58,122.35,57.49
2026-08-18T06:14:59,120.89,56.05
2026-08-18T06:15:00,119.81,54.98
2026-08-18T06:15:01,119.38,54.56
2026-08-18T06:15:02,118.79,53.97
2026-08-18T06:15:03,118.37,53.57
2026-08-18T06:15:04,119.2,54.39
2026-08-18T06:15:05,118.4,53.59
2026-08-18T06:15:06,118.35,53.55
2026-08-18T06:15:07,118.04,53.24
2026-08-18T06:15:08,118.46,53.65
2026-08-18T06:15:09,118.62,53.81
2026-08-18T06:15:10,118.29,53.48
2026-08-18T06:15:11,117.58,52.78
2026-08-18T06:15:12,117.68,52.88
2026-08-18T06:15:13,117.84,53.05
2026-08-18T06:15:14,118.59,53.78
2026-08-18T06:15:15,119.17,54.35
2026-08-18T06:15:16,119.44,54.62
2026-08-18T06:15:17,119.56,54.74
2026-08-18T06:15:18,121.14,56.29
2026-08-18T06:15:19,126.09,61.17
2026-08-18T06:15:20,129.46,64.5
2026-08-18T06:15:21,130.5,65.52
2026-08-18T06:15:22,130.12,65.15
2026-08-18T06:15:23,127.74,62.8
2026-08-18T06:15:24,123.42,58.54
2026-08-18T06:15:25,121.64,56.79
2026-08-18T06:15:26,120.88,56.04
2026-08-18T06:15:27,120.23,55.4
2026-08-18T06:15:28,119.54,54.72
2026-08-18T06:15:29,119.3,54.48
2026-08-18T06:15:30,118.64,53.83
2026-08-18T06:15:31,118.63,53.82
2026-08-18T06:15:32,118.04,53.24
2026-08-18T06:15:33,117.93,53.13
2026-08-18T06:15:34,117.48,52.68
2026-08-18T06:15:35,117.29,52.5
2026-08-18T06:15:36,117.29,52.5
2026-08-18T06:15:37,117.53,52.74
2026-08-18T06:15:38,117.86,53.06
2026-08-18T06:15:39,117.68,52.89
2026-08-18T06:15:40,117.83,53.03
2026-08-18T06:15:41,117.13,52.34
2026-08-18T06:15:42,117.91,53.11
2026-08-18T06:15:43,118.04,53.24
2026-08-18T06:15:44,117.59,52.79
2026-08-18T06:15:45,117.94,53.14
2026-08-18T06:15:46,117.73,52.93
2026-08-18T06:15:47,118.15,53.35
2026-08-18T06:15:48,118.32,53.52
2026-08-18T06:15:49,118.34,53.53
2026-08-18T06:15:50,118.98,54.16
2026-08-18T06:15:51,118.78,53.97
2026-08-18T06:15:52,119.39,54.57
2026-08-18T06:15:53,120.6,55.77
2026-08-18T06:15:54,120.16,55.33
2026-08-18T06:15:55,119.16,54.34
2026-08-18T06:15:56,119.34,54.53
2026-08-18T06:15:57,119.15,54.34
2026-08-18T06:15:58,120.17,55.34
2026-08-18T06:15:59,121.27,56.42
2026-08-18T06:16:00,121.12,56.28
2026-08-18T06:16:01,120.81,55.97
2026-08-18T06:16:02,120.34,55.51
2026-08-18T06:16:03,120.24,55.41
2026-08-18T06:16:04,119.87,55.05
2026-08-18T06:16:05,119.99,55.16
2026-08-18T06:16:06,119.99,55.16
2026-08-18T06:16:07,120.56,55.72
2026-08-18T06:16:08,121.9,57.05
2026-08-18T06:16:09,122.79,57.92
2026-08-18T06:16:10,123.79,58.91
2026-08-18T06:16:11,125.35,60.44
2026-08-18T06:16:12,127.87,62.93
2026-08-18T06:16:13,129.84,64.87
2026-08-18T06:16:14,133.43,68.41
2026-08-18T06:16:15,134.4,69.36
2026-08-18T06:16:16,137.91,72.83
2026-08-18T06:16:17,137.88,72.79
2026-08-18T06:16:18,137.48,72.41
2026-08-18T06:16:19,133.5,68.48
2026-08-18T06:16:20,131.11,66.13
2026-08-18T06:16:21,128.03,63.09
2026-08-18T06:16:22,126.84,61.92
2026-08-18T06:16:23,123.52,58.64
2026-08-18T06:16:24,122.95,58.08
2026-08-18T06:16:25,122.36,57.5
2026-08-18T06:16:26,120.67,55.83
2026-08-18T06:16:27,119.94,55.11
2026-08-18T06:16:28,118.8,53.98
2026-08-18T06:16:29,119.35,54.53
2026-08-18T06:16:30,118.75,53.94
2026-08-18T06:16:31,118.8,53.98
2026-08-18T06:16:32,119.13,54.31
2026-08-18T06:16:33,118.38,53.57
2026-08-18T06:16:34,118.23,53.43
2026-08-18T06:16:35,118.86,54.05
2026-08-18T06:16:36,119.25,54.43
2026-08-18T06:16:37,118.99,54.18
2026-08-18T06:16:38,118.55,53.74
2026-08-18T06:16:39,118.25,53.45
2026-08-18T06:16:40,118.48,53.67
2026-08-18T06:16:41,119.0,54.18
2026-08-18T06:16:42,119.14,54.32
2026-08-18T06:16:43,118.76,53.95
2026-08-18T06:16:44,118.5,53.69
2026-08-18T06:16:45,118.74,53.93
2026-08-18T06:16:46,118.9,54.09
2026-08-18T06:16:47,119.1,54.28
2026-08-18T06:16:48,119.38,54.56
2026-08-18T06:16:49,119.27,54.45
2026-08-18T06:16:50,118.7,53.89
2026-08-18T06:16:51,118.67,53.86
2026-08-18T06:16:52,118.97,54.16
2026-08-18T06:16:53,119.85,55.02
2026-08-18T06:16:54,119.92,55.1
2026-08-18T06:16:55,119.51,54.69
2026-08-18T06:16:56,118.79,53.98
2026-08-18T06:16:57,117.56,52.76
2026-08-18T06:16:58,118.36,53.56
2026-08-18T06:16:59,118.8,53.99
2026-08-18T06:17:00,119.12,54.31
2026-08-18T06:17:01,119.56,54.74
2026-08-18T06:17:02,119.39,54.57
2026-08-18T06:17:03,119.92,55.09
2026-08-18T06:17:04,122.66,57.8
2026-08-18T06:17:05,125.21,60.3
2026-08-18T06:17:06,126.41,61.49
2026-08-18T06:17:07,126.42,61.5
2026-08-18T06:17:08,126.68,61.76
2026-08-18T06:17:09,127.04,62.11
2026-08-18T06:17:10,126.28,61.36
2026-08-18T06:17:11,126.12,61.2
2026-08-18T06:17:12,126.29,61.37
2026-08-18T06:17:13,126.64,61.72
2026-08-18T06:17:14,127.28,62.34
2026-08-18T06:17:15,127.01,62.08
2026-08-18T06:17:16,128.31,63.36
2026-08-18T06:17:17,130.18,65.21
2026-08-18T06:17:18,131.66,66.66
2026-08-18T06:17:19,128.05,63.11
2026-08-18T06:17:20,127.58,62.64
2026-08-18T06:17:21,127.48,62.55
2026-08-18T06:17:22,127.25,62.32
2026-08-18T06:17:23,126.02,61.11
2026-08-18T06:17:24,126.89,61.96
2026-08-18T06:17:25,127.02,62.09
2026-08-18T06:17:26,127.97,63.03
2026-08-18T06:17:27,127.03,62.1
2026-08-18T06:17:28,126.47,61.55
2026-08-18T06:17:29,124.19,59.3
2026-08-18T06:17:30,122.31,57.45
2026-08-18T06:17:31,121.36,56.51
2026-08-18T06:17:32,121.05,56.2
2026-08-18T06:17:33,120.49,55.65
2026-08-18T06:17:34,120.39,55.56
2026-08-18T06:17:35,120.31,55.47
2026-08-18T06:17:36,120.06,55.23
2026-08-18T06:17:37,119.26,54.44
2026-08-18T06:17:38,119.8,54.97
2026-08-18T06:17:39,121.21,56.37
2026-08-18T06:17:40,122.88,58.01
2026-08-18T06:17:41,124.57,59.68
2026-08-18T06:17:42,127.06,62.13
2026-08-18T06:17:43,127.77,62.83
2026-08-18T06:17:44,125.59,60.68
2026-08-18T06:17:45,122.58,57.71
2026-08-18T06:17:46,120.86,56.02
2026-08-18T06:17:47,119.94,55.11
2026-08-18T06:17:48,119.56,54.74
2026-08-18T06:17:49,119.83,55.01
2026-08-18T06:17:50,120.73,55.89
2026-08-18T06:17:51,120.64,55.8
2026-08-18T06:17:52,121.54,56.69
2026-08-18T06:17:53,122.76,57.89
2026-08-18T06:17:54,125.24,60.33
2026-08-18T06:17:55,128.82,63.86
2026-08-18T06:17:56,131.46,66.46
2026-08-18T06:17:57,126.23,61.31
2026-08-18T06:17:58,123.28,58.4
2026-08-18T06:17:59,123.4,58.52
2026-08-18T06:18:00,124.08,59.19
2026-08-18T06:18:01,124.71,59.82
2026-08-18T06:18:02,124.48,59.59
2026-08-18T06:18:03,123.91,59.02
2026-08-18T06:18:04,122.05,57.2
2026-08-18T06:18:05,120.48,55.64
2026-08-18T06:18:06,120.57,55.74
2026-08-18T06:18:07,119.87,55.04
2026-08-18T06:18:08,119.41,54.59
2026-08-18T06:18:09,119.5,54.68
2026-08-18T06:18:10,120.6,55.77
2026-08-18T06:18:11,124.74,59.85
2026-08-18T06:18:12,122.09,57.23
2026-08-18T06:18:13,122.94,58.07
2026-08-18T06:18:14,122.77,57.9
2026-08-18T06:18:15,123.15,58.28
2026-08-18T06:18:16,124.06,59.17
2026-08-18T06:18:17,126.01,61.1
2026-08-18T06:18:18,125.31,60.4
2026-08-18T06:18:19,126.21,61.29
2026-08-18T06:18:20,125.83,60.92
2026-08-18T06:18:21,125.45,60.55
2026-08-18T06:18:22,124.94,60.04
2026-08-18T06:18:23,126.01,61.09
2026-08-18T06:18:24,127.1,62.17
2026-08-18T06:18:25,127.33,62.4
2026-08-18T06:18:26,126.51,61.59
2026-08-18T06:18:27,126.06,61.14
2026-08-18T06:18:28,127.04,62.11
2026-08-18T06:18:29,127.15,62.22
2026-08-18T06:18:30,128.11,63.16
2026-08-18T06:18:31,127.81,62.87
2026-08-18T06:18:32,127.14,62.21
2026-08-18T06:18:33,127.28,62.35
2026-08-18T06:18:34,126.95,62.02
2026-08-18T06:18:35,127.18,62.25
2026-08-18T06:18:36,128.63,63.67
2026-08-18T06:18:37,130.19,65.21
2026-08-18T06:18:38,128.33,63.39
2026-08-18T06:18:39,126.07,61.15
2026-08-18T06:18:40,125.08,60.18
2026-08-18T06:18:41,123.84,58.95
2026-08-18T06:18:42,124.52,59.63
2026-08-18T06:18:43,124.91,60.02
2026-08-18T06:18:44,123.38,58.5
2026-08-18T06:18:45,126.05,61.14
2026-08-18T06:18:46,127.06,62.13
2026-08-18T06:18:47,131.37,66.38
2026-08-18T06:18:48,130.24,65.26
2026-08-18T06:18:49,130.93,65.94
2026-08-18T06:18:50,130.76,65.78
2026-08-18T06:18:51,128.85,63.9
2026-08-18T06:18:52,128.19,63.25
2026-08-18T06:18:53,128.62,63.67
2026-08-18T06:18:54,128.7,63.75
2026-08-18T06:18:55,129.46,64.49
2026-08-18T06:18:56,128.33,63.38
2026-08-18T06:18:57,126.88,61.95
2026-08-18T06:18:58,126.32,61.4
2026-08-18T06:18:59,126.63,61.7
2026-08-18T06:19:00,126.74,61.81
2026-08-18T06:19:01,126.83,61.9
2026-08-18T06:19:02,126.57,61.65
2026-08-18T06:19:03,126.46,61.54
2026-08-18T06:19:04,127.4,62.46
2026-08-18T06:19:05,128.85,63.89
2026-08-18T06:19:06,129.96,64.99
2026-08-18T06:19:07,130.43,65.45
2026-08-18T06:19:08,131.8,66.8
2026-08-18T06:19:09,131.7,66.7
2026-08-18T06:19:10,130.78,65.8
2026-08-18T06:19:11,130.55,65.57
2026-08-18T06:19:12,129.7,64.73
2026-08-18T06:19:13,129.28,64.32
2026-08-18T06:19:14,129.15,64.19
2026-08-18T06:19:15,127.93,62.99
2026-08-18T06:19:16,127.55,62.61
2026-08-18T06:19:17,127.41,62.47
2026-08-18T06:19:18,128.54,63.59
2026-08-18T06:19:19,128.28,63.33
2026-08-18T06:19:20,127.71,62.77
2026-08-18T06:19:21,127.14,62.21
2026-08-18T06:19:22,127.14,62.21
2026-08-18T06:19:23,126.96,62.03
2026-08-18T06:19:24,127.28,62.35
2026-08-18T06:19:25,126.73,61.81
2026-08-18T06:19:26,124.81,59.92
2026-08-18T06:19:27,122.86,57.99
2026-08-18T06:19:28,122.89,58.02
2026-08-18T06:19:29,124.31,59.42
2026-08-18T06:19:30,125.36,60.45
2026-08-18T06:19:31,126.7,61.78
2026-08-18T06:19:32,128.0,63.05
2026-08-18T06:19:33,128.04,63.09
2026-08-18T06:19:34,126.11,61.19
2026-08-18T06:19:35,124.1,59.21
2026-08-18T06:19:36,122.55,57.69
2026-08-18T06:19:37,122.11,57.25
2026-08-18T06:19:38,121.09,56.24
2026-08-18T06:19:39,121.07,56.22
2026-08-18T06:19:40,121.21,56.36
2026-08-18T06:19:41,120.62,55.78
2026-08-18T06:19:42,121.73,56.88
2026-08-18T06:19:43,121.89,57.03
2026-08-18T06:19:44,123.51,58.63
2026-08-18T06:19:45,125.71,60.8
2026-08-18T06:19:46,125.39,60.48
2026-08-18T06:19:47,126.02,61.1
2026-08-18T06:19:48,128.47,63.52
2026-08-18T06:19:49,131.25,66.26
2026-08-18T06:19:50,132.94,67.93
2026-08-18T06:19:51,133.93,68.9
2026-08-18T06:19:52,134.89,69.85
2026-08-18T06:19:53,130.09,65.12
2026-08-18T06:19:54,127.55,62.62
2026-08-18T06:19:55,124.71,59.82
2026-08-18T06:19:56,123.96,59.08
2026-08-18T06:19:57,122.29,57.43
2026-08-18T06:19:58,120.99,56.15
2026-08-18T06:19:59,120.9,56.06
2026-08-18T06:20:00,120.1,55.27
2026-08-18T06:20:01,119.93,55.11
2026-08-18T06:20:02,120.41,55.58
2026-08-18T06:20:03,120.53,55.69
2026-08-18T06:20:04,120.86,56.02
2026-08-18T06:20:05,122.19,57.33
2026-08-18T06:20:06,124.48,59.59
2026-08-18T06:20:07,126.0,61.09
2026-08-18T06:20:08,127.89,62.95
2026-08-18T06:20:09,128.82,63.86
2026-08-18T06:20:10,130.48,65.5
2026-08-18T06:20:11,129.93,64.96
2026-08-18T06:20:12,128.81,63.85
2026-08-18T06:20:13,128.33,63.38
2026-08-18T06:20:14,126.39,61.48
2026-08-18T06:20:15,124.24,59.36
2026-08-18T06:20:16,123.29,58.41
2026-08-18T06:20:17,122.54,57.67
2026-08-18T06:20:18,122.86,57.99
2026-08-18T06:20:19,121.58,56.73
2026-08-18T06:20:20,121.33,56.48
2026-08-18T06:20:21,120.25,55.42
2026-08-18T06:20:22,119.59,54.77
2026-08-18T06:20:23,120.26,55.42
2026-08-18T06:20:24,120.27,55.44
2026-08-18T06:20:25,121.23,56.38
2026-08-18T06:20:26,122.2,57.34
2026-08-18T06:20:27,123.59,58.71
2026-08-18T06:20:28,126.74,61.82
2026-08-18T06:20:29,126.41,61.49
2026-08-18T06:20:30,124.46,59.57
2026-08-18T06:20:31,121.84,56.99
2026-08-18T06:20:32,120.79,55.95
2026-08-18T06:20:33,119.47,54.65
2026-08-18T06:20:34,119.1,54.28
2026-08-18T06:20:35,119.1,54.29
2026-08-18T06:20:36,119.76,54.93
2026-08-18T06:20:37,118.73,53.92
2026-08-18T06:20:38,118.78,53.97
2026-08-18T06:20:39,118.48,53.67
2026-08-18T06:20:40,119.57,54.75
2026-08-18T06:20:41,119.61,54.79
2026-08-18T06:20:42,119.04,54.22
2026-08-18T06:20:43,119.13,54.32
2026-08-18T06:20:44,118.76,53.95
2026-08-18T06:20:45,119.4,54.58
2026-08-18T06:20:46,118.65,53.84
2026-08-18T06:20:47,118.4,53.6
2026-08-18T06:20:48,118.49,53.69
2026-08-18T06:20:49,118.01,53.21
2026-08-18T06:20:50,118.17,53.36
2026-08-18T06:20:51,118.97,54.16
2026-08-18T06:20:52,119.02,54.21
2026-08-18T06:20:53,118.02,53.22
2026-08-18T06:20:54,118.37,53.57
2026-08-18T06:20:55,119.01,54.2
2026-08-18T06:20:56,118.41,53.6
2026-08-18T06:20:57,118.87,54.06
2026-08-18T06:20:58,119.05,54.23
2026-08-18T06:20:59,118.55,53.74
2026-08-18T06:21:00,118.44,53.64
2026-08-18T06:21:01,118.75,53.93
2026-08-18T06:21:02,118.6,53.79
2026-08-18T06:21:03,118.38,53.58
2026-08-18T06:21:04,118.86,54.05
2026-08-18T06:21:05,118.97,54.16
2026-08-18T06:21:06,118.21,53.41
2026-08-18T06:21:07,118.6,53.79
2026-08-18T06:21:08,118.78,53.97
2026-08-18T06:21:09,120.18,55.35
2026-08-18T06:21:10,121.67,56.82
2026-08-18T06:21:11,121.24,56.4
2026-08-18T06:21:12,120.02,55.19
2026-08-18T06:21:13,119.49,54.67
2026-08-18T06:21:14,119.83,55.0
2026-08-18T06:21:15,121.16,56.32
2026-08-18T06:21:16,121.02,56.18
2026-08-18T06:21:17,120.74,55.9
2026-08-18T06:21:18,122.13,57.27
2026-08-18T06:21:19,123.18,58.31
2026-08-18T06:21:20,124.34,59.45
2026-08-18T06:21:21,126.11,61.2
2026-08-18T06:21:22,129.95,64.98
2026-08-18T06:21:23,131.63,66.64
2026-08-18T06:21:24,133.17,68.16
2026-08-18T06:21:25,133.68,68.66
2026-08-18T06:21:26,136.05,70.99
2026-08-18T06:21:27,135.95,70.9
2026-08-18T06:21:28,137.02,71.95
2026-08-18T06:21:29,132.69,67.68
2026-08-18T06:21:30,128.43,63.48
2026-08-18T06:21:31,128.49,63.54
2026-08-18T06:21:32,129.63,64.66
2026-08-18T06:21:33,128.87,63.91
2026-08-18T06:21:34,128.52,63.57
2026-08-18T06:21:35,129.6,64.64
2026-08-18T06:21:36,129.45,64.49
2026-08-18T06:21:37,129.97,65.0
2026-08-18T06:21:38,131.17,66.18
2026-08-18T06:21:39,131.4,66.41
2026-08-18T06:21:40,130.71,65.73
2026-08-18T06:21:41,129.49,64.53
2026-08-18T06:21:42,127.1,62.17
2026-08-18T06:21:43,125.36,60.46
2026-08-18T06:21:44,126.04,61.12
2026-08-18T06:21:45,127.15,62.22
2026-08-18T06:21:46,130.04,65.07
2026-08-18T06:21:47,131.64,66.65
2026-08-18T06:21:48,130.19,65.22
2026-08-18T06:21:49,128.38,63.43
2026-08-18T06:21:50,128.86,63.91
2026-08-18T06:21:51,129.55,64.59
2026-08-18T06:21:52,130.53,65.55
2026-08-18T06:21:53,130.74,65.76
2026-08-18T06:21:54,130.13,65.16
2026-08-18T06:21:55,131.03,66.05
2026-08-18T06:21:56,131.27,66.28
2026-08-18T06:21:57,131.67,66.67
2026-08-18T06:21:58,131.76,66.77
2026-08-18T06:21:59,130.73,65.75
2026-08-18T06:22:00,129.46,64.49
2026-08-18T06:22:01,126.44,61.52
2026-08-18T06:22:02,125.56,60.65
2026-08-18T06:22:03,123.78,58.9
2026-08-18T06:22:04,123.12,58.25
2026-08-18T06:22:05,122.35,57.48
2026-08-18T06:22:06,121.61,56.76
2026-08-18T06:22:07,120.84,56.0
2026-08-18T06:22:08,120.53,55.69
2026-08-18T06:22:09,120.42,55.58
2026-08-18T06:22:10,119.28,54.46
2026-08-18T06:22:11,118.53,53.72
2026-08-18T06:22:12,118.75,53.94
2026-08-18T06:22:13,118.99,54.17
2026-08-18T06:22:14,118.88,54.07
2026-08-18T06:22:15,118.76,53.95
2026-08-18T06:22:16,118.82,54.01
2026-08-18T06:22:17,118.39,53.58
2026-08-18T06:22:18,118.59,53.78
2026-08-18T06:22:19,118.69,53.88
2026-08-18T06:22:20,118.94,54.12
2026-08-18T06:22:21,119.76,54.94
2026-08-18T06:22:22,120.96,56.12
2026-08-18T06:22:23,121.19,56.34
2026-08-18T06:22:24,123.21,58.34
2026-08-18T06:22:25,124.3,59.41
2026-08-18T06:22:26,124.84,59.94
2026-08-18T06:22:27,124.97,60.07
2026-08-18T06:22:28,124.57,59.68
2026-08-18T06:22:29,124.42,59.53
2026-08-18T06:22:30,122.6,57.73
2026-08-18T06:22:31,120.46,55.63
2026-08-18T06:22:32,120.31,55.48
2026-08-18T06:22:33,120.13,55.3
2026-08-18T06:22:34,119.59,54.77
2026-08-18T06:22:35,119.33,54.51
2026-08-18T06:22:36,120.16,55.33
2026-08-18T06:22:37,119.75,54.92
2026-08-18T06:22:38,120.08,55.25
2026-08-18T06:22:39,121.12,56.27
2026-08-18T06:22:40,120.89,56.05
2026-08-18T06:22:41,121.4,56.55
2026-08-18T06:22:42,121.94,57.09
2026-08-18T06:22:43,122.8,57.93
2026-08-18T06:22:44,123.98,59.1
2026-08-18T06:22:45,127.41,62.47
2026-08-18T06:22:46,129.67,64.7
2026-08-18T06:22:47,132.47,67.46
2026-08-18T06:22:48,131.14,66.15
2026-08-18T06:22:49,132.45,67.44
2026-08-18T06:22:50,135.38,70.33
2026-08-18T06:22:51,134.54,69.5
2026-08-18T06:22:52,130.27,65.3
2026-08-18T06:22:53,126.98,62.05
2026-08-18T06:22:54,126.88,61.96
2026-08-18T06:22:55,124.59,59.7
2026-08-18T06:22:56,124.05,59.17
2026-08-18T06:22:57,122.58,57.71
2026-08-18T06:22:58,120.76,55.92
2026-08-18T06:22:59,119.49,54.67
2026-08-18T06:23:00,119.29,54.47
2026-08-18T06:23:01,119.36,54.54
2026-08-18T06:23:02,118.97,54.15
2026-08-18T06:23:03,119.71,54.89
2026-08-18T06:23:04,119.84,55.01
2026-08-18T06:23:05,120.55,55.71
2026-08-18T06:23:06,120.78,55.94
2026-08-18T06:23:07,121.22,56.38
2026-08-18T06:23:08,121.65,56.8
2026-08-18T06:23:09,122.46,57.6
2026-08-18T06:23:10,124.97,60.07
2026-08-18T06:23:11,125.61,60.7
2026-08-18T06:23:12,126.7,61.78
2026-08-18T06:23:13,128.67,63.72
2026-08-18T06:23:14,129.51,64.55
2026-08-18T06:23:15,127.78,62.84
2026-08-18T06:23:16,125.65,60.74
2026-08-18T06:23:17,122.88,58.01
2026-08-18T06:23:18,121.85,56.99
2026-08-18T06:23:19,121.37,56.53
2026-08-18T06:23:20,121.19,56.34
2026-08-18T06:23:21,121.12,56.28
2026-08-18T06:23:22,120.82,55.98
2026-08-18T06:23:23,121.25,56.4
2026-08-18T06:23:24,121.72,56.87
2026-08-18T06:23:25,122.29,57.43
2026-08-18T06:23:26,123.72,58.84
2026-08-18T06:23:27,127.21,62.27
2026-08-18T06:23:28,129.85,64.88
2026-08-18T06:23:29,131.05,66.07
2026-08-18T06:23:30,132.29,67.28
2026-08-18T06:23:31,130.8,65.82
2026-08-18T06:23:32,130.03,65.05
2026-08-18T06:23:33,129.94,64.97
2026-08-18T06:23:34,129.6,64.64
2026-08-18T06:23:35,129.75,64.78
2026-08-18T06:23:36,130.25,65.27
2026-08-18T06:23:37,129.05,64.09
2026-08-18T06:23:38,127.96,63.02
2026-08-18T06:23:39,128.17,63.23
2026-08-18T06:23:40,127.33,62.4
2026-08-18T06:23:41,125.1,60.2
2026-08-18T06:23:42,125.52,60.61
2026-08-18T06:23:43,128.1,63.16
2026-08-18T06:23:44,131.6,66.61
2026-08-18T06:23:45,131.99,66.99
2026-08-18T06:23:46,131.89,66.89
2026-08-18T06:23:47,129.92,64.95
2026-08-18T06:23:48,128.2,63.25
2026-08-18T06:23:49,127.87,62.93
2026-08-18T06:23:50,127.85,62.91
2026-08-18T06:23:51,128.3,63.35
2026-08-18T06:23:52,129.27,64.31
2026-08-18T06:23:53,128.47,63.52
2026-08-18T06:23:54,127.55,62.61
2026-08-18T06:23:55,127.3,62.37
2026-08-18T06:23:56,127.48,62.55
2026-08-18T06:23:57,126.14,61.23
2026-08-18T06:23:58,124.16,59.28
2026-08-18T06:23:59,122.09,57.23
2026-08-18T06:24:00,121.26,56.41
2026-08-18T06:24:01,120.95,56.11
2026-08-18T06:24:02,120.63,55.79
2026-08-18T06:24:03,120.09,55.26
2026-08-18T06:24:04,121.21,56.36
2026-08-18T06:24:05,121.45,56.6
2026-08-18T06:24:06,123.64,58.76
2026-08-18T06:24:07,124.94,60.04
2026-08-18T06:24:08,126.13,61.21
2026-08-18T06:24:09,127.32,62.39
2026-08-18T06:24:10,126.95,62.03
2026-08-18T06:24:11,125.39,60.48
2026-08-18T06:24:12,123.23,58.36
2026-08-18T06:24:13,123.3,58.42
2026-08-18T06:24:14,126.54,61.62
2026-08-18T06:24:15,128.12,63.18
2026-08-18T06:24:16,131.11,66.12
2026-08-18T06:24:17,131.6,66.61
2026-08-18T06:24:18,132.26,67.26
2026-08-18T06:24:19,129.36,64.4
2026-08-18T06:24:20,127.3,62.37
2026-08-18T06:24:21,125.57,60.66
2026-08-18T06:24:22,124.73,59.83
2026-08-18T06:24:23,125.2,60.29
2026-08-18T06:24:24,126.37,61.45
2026-08-18T06:24:25,128.44,63.49
2026-08-18T06:24:26,131.22,66.23
2026-08-18T06:24:27,135.34,70.29
2026-08-18T06:24:28,137.83,72.75
2026-08-18T06:24:29,141.83,76.69
2026-08-18T06:24:30,143.56,78.39
2026-08-18T06:24:31,147.88,82.65
2026-08-18T06:24:32,150.34,85.08
2026-08-18T06:24:33,142.82,77.67
2026-08-18T06:24:34,136.77,71.7
2026-08-18T06:24:35,134.68,69.64
2026-08-18T06:24:36,134.34,69.31
2026-08-18T06:24:37,133.8,68.78
2026-08-18T06:24:38,130.77,65.79
2026-08-18T06:24:39,131.81,66.81
2026-08-18T06:24:40,130.69,65.71
2026-08-18T06:24:41,128.14,63.2
2026-08-18T06:24:42,126.26,61.34
2026-08-18T06:24:43,125.27,60.37
2026-08-18T06:24:44,124.84,59.95
2026-08-18T06:24:45,124.33,59.44
2026-08-18T06:24:46,124.29,59.4
2026-08-18T06:24:47,124.5,59.61
2026-08-18T06:24:48,123.98,59.1
2026-08-18T06:24:49,125.17,60.27
2026-08-18T06:24:50,127.26,62.33
2026-08-18T06:24:51,128.73,63.78
2026-08-18T06:24:52,130.38,65.4
2026-08-18T06:24:53,130.56,65.58
2026-08-18T06:24:54,128.85,63.89
2026-08-18T06:24:55,125.47,60.56
2026-08-18T06:24:56,123.33,58.45
2026-08-18T06:24:57,122.03,57.17
2026-08-18T06:24:58,120.72,55.88
2026-08-18T06:24:59,120.34,55.5
2026-08-18T06:25:00,120.98,56.14
2026-08-18T06:25:01,122.5,57.64
2026-08-18T06:25:02,123.61,58.73
2026-08-18T06:25:03,126.44,61.52
2026-08-18T06:25:04,128.57,63.62
2026-08-18T06:25:05,129.5,64.54
2026-08-18T06:25:06,124.41,59.52
2026-08-18T06:25:07,121.39,56.54
2026-08-18T06:25:08,119.52,54.7
2026-08-18T06:25:09,119.63,54.81
2026-08-18T06:25:10,119.17,54.35
2026-08-18T06:25:11,119.01,54.2
2026-08-18T06:25:12,120.0,55.17
2026-08-18T06:25:13,119.58,54.76
2026-08-18T06:25:14,119.4,54.58
2026-08-18T06:25:15,118.57,53.76
2026-08-18T06:25:16,118.3,53.5
2026-08-18T06:25:17,118.1,53.3
2026-08-18T06:25:18,118.27,53.47
2026-08-18T06:25:19,118.27,53.46
2026-08-18T06:25:20,118.81,54.0
2026-08-18T06:25:21,118.66,53.85
2026-08-18T06:25:22,118.57,53.76
2026-08-18T06:25:23,117.69,52.9
2026-08-18T06:25:24,118.75,53.93
2026-08-18T06:25:25,118.72,53.91
2026-08-18T06:25:26,119.51,54.69
2026-08-18T06:25:27,118.96,54.15
2026-08-18T06:25:28,119.64,54.81
2026-08-18T06:25:29,119.17,54.35
2026-08-18T06:25:30,118.71,53.9
2026-08-18T06:25:31,119.31,54.49
2026-08-18T06:25:32,119.03,54.21
2026-08-18T06:25:33,118.47,53.67
2026-08-18T06:25:34,117.76,52.97
2026-08-18T06:25:35,117.77,52.97
2026-08-18T06:25:36,118.22,53.41
2026-08-18T06:25:37,118.17,53.36
2026-08-18T06:25:38,117.6,52.8
2026-08-18T06:25:39,117.96,53.16
2026-08-18T06:25:40,119.21,54.39
2026-08-18T06:25:41,118.77,53.96
2026-08-18T06:25:42,119.28,54.46
2026-08-18T06:25:43,121.36,56.51
2026-08-18T06:25:44,123.26,58.39
2026-08-18T06:25:45,125.85,60.94
2026-08-18T06:25:46,126.36,61.45
2026-08-18T06:25:47,127.4,62.47
2026-08-18T06:25:48,127.59,62.66
2026-08-18T06:25:49,126.07,61.16
2026-08-18T06:25:50,124.59,59.69
2026-08-18T06:25:51,124.5,59.6
2026-08-18T06:25:52,125.8,60.88
2026-08-18T06:25:53,127.32,62.38
2026-08-18T06:25:54,128.28,63.33
2026-08-18T06:25:55,130.96,65.97
2026-08-18T06:25:56,132.62,67.61
2026-08-18T06:25:57,133.86,68.84
2026-08-18T06:25:58,135.46,70.41
2026-08-18T06:25:59,133.29,68.27
2026-08-18T06:26:00,130.15,65.18
2026-08-18T06:26:01,127.61,62.67
2026-08-18T06:26:02,125.92,61.01
2026-08-18T06:26:03,126.34,61.42
2026-08-18T06:26:04,127.21,62.28
2026-08-18T06:26:05,128.04,63.1
2026-08-18T06:26:06,129.27,64.31
2026-08-18T06:26:07,129.59,64.63
2026-08-18T06:26:08,129.63,64.67
2026-08-18T06:26:09,129.7,64.73
2026-08-18T06:26:10,129.42,64.46
2026-08-18T06:26:11,129.09,64.14
2026-08-18T06:26:12,129.83,64.86
2026-08-18T06:26:13,130.73,65.75
2026-08-18T06:26:14,131.53,66.54
2026-08-18T06:26:15,132.81,67.8
2026-08-18T06:26:16,133.21,68.2
2026-08-18T06:26:17,132.26,67.26
2026-08-18T06:26:18,131.1,66.11
2026-08-18T06:26:19,128.96,64.01
2026-08-18T06:26:20,127.04,62.11
2026-08-18T06:26:21,125.04,60.14
2026-08-18T06:26:22,124.17,59.29
2026-08-18T06:26:23,125.61,60.7
2026-08-18T06:26:24,126.73,61.8
2026-08-18T06:26:25,127.9,62.96
2026-08-18T06:26:26,129.01,64.05
2026-08-18T06:26:27,129.53,64.57
2026-08-18T06:26:28,127.62,62.68
2026-08-18T06:26:29,125.61,60.7
2026-08-18T06:26:30,123.18,58.31
2026-08-18T06:26:31,121.4,56.55
2026-08-18T06:26:32,120.45,55.61
2026-08-18T06:26:33,120.13,55.3
2026-08-18T06:26:34,119.33,54.52
2026-08-18T06:26:35,119.1,54.28
2026-08-18T06:26:36,119.14,54.33
2026-08-18T06:26:37,118.68,53.87
2026-08-18T06:26:38,119.94,55.11
2026-08-18T06:26:39,120.35,55.51
2026-08-18T06:26:40,121.75,56.9
2026-08-18T06:26:41,123.06,58.18
2026-08-18T06:26:42,124.54,59.64
2026-08-18T06:26:43,124.44,59.55
2026-08-18T06:26:44,124.47,59.58
2026-08-18T06:26:45,124.92,60.02
2026-08-18T06:26:46,123.86,58.98
2026-08-18T06:26:47,122.14,57.28
2026-08-18T06:26:48,122.29,57.43
2026-08-18T06:26:49,124.41,59.52
2026-08-18T06:26:50,126.26,61.35
2026-08-18T06:26:51,126.97,62.04
2026-08-18T06:26:52,128.42,63.47
2026-08-18T06:26:53,130.14,65.16
2026-08-18T06:26:54,130.79,65.8
2026-08-18T06:26:55,131.24,66.25
2026-08-18T06:26:56,129.93,64.96
2026-08-18T06:26:57,127.98,63.04
2026-08-18T06:26:58,126.21,61.29
2026-08-18T06:26:59,126.16,61.24
2026-08-18T06:27:00,126.28,61.37
2026-08-18T06:27:01,126.55,61.63
2026-08-18T06:27:02,126.54,61.62
2026-08-18T06:27:03,125.68,60.77
2026-08-18T06:27:04,124.59,59.7
2026-08-18T06:27:05,126.77,61.85
2026-08-18T06:27:06,128.81,63.85
2026-08-18T06:27:07,130.6,65.62
2026-08-18T06:27:08,129.59,64.63
2026-08-18T06:27:09,130.72,65.74
2026-08-18T06:27:10,133.21,68.19
2026-08-18T06:27:11,134.45,69.41
2026-08-18T06:27:12,132.8,67.79
2026-08-18T06:27:13,132.09,67.09
2026-08-18T06:27:14,129.93,64.96
2026-08-18T06:27:15,128.29,63.35
2026-08-18T06:27:16,127.48,62.54
2026-08-18T06:27:17,128.6,63.65
2026-08-18T06:27:18,128.55,63.6
2026-08-18T06:27:19,129.06,64.1
2026-08-18T06:27:20,130.19,65.21
2026-08-18T06:27:21,131.17,66.18
2026-08-18T06:27:22,133.05,68.03
2026-08-18T06:27:23,134.28,69.25
2026-08-18T06:27:24,134.23,69.2
2026-08-18T06:27:25,134.43,69.4
2026-08-18T06:27:26,133.55,68.53
2026-08-18T06:27:27,132.55,67.54
2026-08-18T06:27:28,131.05,66.06
2026-08-18T06:27:29,129.93,64.96
2026-08-18T06:27:30,129.59,64.63
2026-08-18T06:27:31,127.49,62.55
2026-08-18T06:27:32,125.8,60.89
2026-08-18T06:27:33,125.08,60.18
2026-08-18T06:27:34,124.25,59.36
2026-08-18T06:27:35,123.8,58.92
2026-08-18T06:27:36,125.06,60.16
2026-08-18T06:27:37,126.97,62.04
2026-08-18T06:27:38,127.91,62.97
2026-08-18T06:27:39,129.06,64.1
2026-08-18T06:27:40,129.38,64.42
2026-08-18T06:27:41,129.89,64.92
2026-08-18T06:27:42,129.5,64.54
2026-08-18T06:27:43,128.91,63.95
2026-08-18T06:27:44,128.04,63.1
2026-08-18T06:27:45,128.09,63.15
2026-08-18T06:27:46,126.53,61.61
2026-08-18T06:27:47,124.67,59.77
2026-08-18T06:27:48,123.18,58.31
2026-08-18T06:27:49,122.06,57.2
2026-08-18T06:27:50,121.68,56.82
2026-08-18T06:27:51,120.55,55.71
2026-08-18T06:27:52,120.38,55.55
2026-08-18T06:27:53,119.78,54.95
2026-08-18T06:27:54,119.66,54.83
2026-08-18T06:27:55,119.37,54.55
2026-08-18T06:27:56,119.8,54.98
2026-08-18T06:27:57,119.7,54.87
2026-08-18T06:27:58,118.71,53.9
2026-08-18T06:27:59,119.47,54.65
2026-08-18T06:28:00,120.11,55.27
2026-08-18T06:28:01,120.88,56.04
2026-08-18T06:28:02,123.17,58.3
2026-08-18T06:28:03,124.63,59.74
2026-08-18T06:28:04,124.47,59.58
2026-08-18T06:28:05,124.21,59.32
2026-08-18T06:28:06,124.44,59.55
2026-08-18T06:28:07,124.03,59.14
2026-08-18T06:28:08,121.89,57.04
2026-08-18T06:28:09,120.82,55.98
2026-08-18T06:28:10,120.29,55.46
2026-08-18T06:28:11,119.22,54.4
2026-08-18T06:28:12,119.46,54.64
2026-08-18T06:28:13,119.24,54.42
2026-08-18T06:28:14,119.16,54.35
2026-08-18T06:28:15,118.56,53.75
2026-08-18T06:28:16,119.33,54.51
2026-08-18T06:28:17,119.61,54.79
2026-08-18T06:28:18,117.76,52.96
2026-08-18T06:28:19,117.8,53.0
2026-08-18T06:28:20,117.97,53.17
2026-08-18T06:28:21,119.36,54.54
2026-08-18T06:28:22,120.5,55.67
2026-08-18T06:28:23,120.82,55.98
2026-08-18T06:28:24,122.53,57.66
2026-08-18T06:28:25,124.42,59.52
2026-08-18T06:28:26,124.17,59.28
2026-08-18T06:28:27,122.47,57.61
2026-08-18T06:28:28,122.01,57.16
2026-08-18T06:28:29,124.02,59.13
2026-08-18T06:28:30,123.92,59.04
2026-08-18T06:28:31,124.72,59.82
2026-08-18T06:28:32,123.14,58.27
2026-08-18T06:28:33,122.51,57.64
2026-08-18T06:28:34,122.55,57.69
2026-08-18T06:28:35,120.69,55.85
2026-08-18T06:28:36,120.3,55.47
2026-08-18T06:28:37,120.19,55.35
2026-08-18T06:28:38,120.3,55.47
2026-08-18T06:28:39,119.74,54.91
2026-08-18T06:28:40,119.4,54.58
2026-08-18T06:28:41,119.35,54.53
2026-08-18T06:28:42,120.2,55.37
2026-08-18T06:28:43,121.63,56.78
2026-08-18T06:28:44,121.96,57.1
2026-08-18T06:28:45,124.19,59.3
2026-08-18T06:28:46,126.63,61.71
2026-08-18T06:28:47,128.06,63.11
2026-08-18T06:28:48,123.8,58.92
2026-08-18T06:28:49,122.29,57.43
2026-08-18T06:28:50,121.15,56.3
2026-08-18T06:28:51,122.46,57.59
2026-08-18T06:28:52,125.3,60.4
2026-08-18T06:28:53,127.05,62.12
2026-08-18T06:28:54,129.25,64.29
2026-08-18T06:28:55,130.03,65.06
2026-08-18T06:28:56,131.69,66.69
2026-08-18T06:28:57,132.61,67.6
2026-08-18T06:28:58,132.85,67.84
2026-08-18T06:28:59,132.31,67.3
2026-08-18T06:29:00,131.87,66.87
2026-08-18T06:29:01,129.91,64.94
2026-08-18T06:29:02,128.4,63.46
2026-08-18T06:29:03,127.81,62.87
2026-08-18T06:29:04,126.98,62.06
2026-08-18T06:29:05,126.91,61.98
2026-08-18T06:29:06,125.73,60.82
2026-08-18T06:29:07,124.04,59.15
2026-08-18T06:29:08,122.97,58.1
2026-08-18T06:29:09,122.51,57.65
2026-08-18T06:29:10,121.7,56.84
2026-08-18T06:29:11,122.06,57.2
2026-08-18T06:29:12,123.48,58.6
2026-08-18T06:29:13,124.06,59.17
2026-08-18T06:29:14,124.8,59.91
2026-08-18T06:29:15,125.43,60.52
2026-08-18T06:29:16,125.34,60.43
2026-08-18T06:29:17,124.55,59.66
2026-08-18T06:29:18,123.15,58.28
2026-08-18T06:29:19,120.84,55.99
2026-08-18T06:29:20,119.95,55.12
2026-08-18T06:29:21,120.14,55.31
2026-08-18T06:29:22,120.05,55.22
2026-08-18T06:29:23,119.7,54.87
2026-08-18T06:29:24,119.42,54.6
2026-08-18T06:29:25,119.17,54.35
2026-08-18T06:29:26,119.3,54.48
2026-08-18T06:29:27,120.16,55.33
2026-08-18T06:29:28,119.94,55.12
2026-08-18T06:29:29,120.13,55.3
2026-08-18T06:29:30,120.78,55.94
2026-08-18T06:29:31,123.37,58.49
2026-08-18T06:29:32,124.89,59.99
2026-08-18T06:29:33,125.52,60.61
2026-08-18T06:29:34,126.49,61.57
2026-08-18T06:29:35,126.65,61.73
2026-08-18T06:29:36,125.28,60.38
2026-08-18T06:29:37,122.82,57.96
2026-08-18T06:29:38,121.48,56.63
2026-08-18T06:29:39,120.55,55.72
2026-08-18T06:29:40,120.48,55.65
2026-08-18T06:29:41,120.67,55.83
2026-08-18T06:29:42,121.22,56.37
2026-08-18T06:29:43,121.31,56.46
2026-08-18T06:29:44,123.11,58.23
2026-08-18T06:29:45,124.96,60.06
2026-08-18T06:29:46,125.8,60.89
2026-08-18T06:29:47,126.69,61.77
2026-08-18T06:29:48,126.9,61.97
2026-08-18T06:29:49,125.97,61.05
2026-08-18T06:29:50,124.96,60.06
2026-08-18T06:29:51,124.85,59.95
2026-08-18T06:29:52,125.05,60.15
2026-08-18T06:29:53,125.52,60.61
2026-08-18T06:29:54,127.4,62.47
2026-08-18T06:29:55,128.44,63.49
2026-08-18T06:29:56,129.75,64.78
2026-08-18T06:29:57,125.1,60.2
2026-08-18T06:29:58,122.2,57.34
2026-08-18T06:29:59,120.75,55.91
2026-08-18T06:30:00,119.31,54.49
2026-08-18T06:30:01,118.96,54.14
2026-08-18T06:30:02,118.76,53.95
